session_i,session_j,gap_days,channel,array_name,waveform_r,abs_delta_si,sign_match
20210401T124246,20210416T105525,14.9255,1,A1,-0.376037,0.088524,1
20210401T124246,20210416T105525,14.9255,2,A1,0.010277,0.354178,1
20210401T124246,20210416T105525,14.9255,3,A1,0.179186,0.338188,1
20210401T124246,20210416T105525,14.9255,4,A1,-0.417623,0.069287,1
20210401T124246,20210416T105525,14.9255,5,A1,0.112350,0.470594,0
20210401T124246,20210416T105525,14.9255,6,A1,0.285604,0.534676,1
20210401T124246,20210416T105525,14.9255,7,A1,-0.315648,0.284355,0
20210401T124246,20210416T105525,14.9255,8,A1,0.664984,0.258329,1
20210401T124246,20210416T105525,14.9255,9,A1,-0.421689,0.027152,1
20210401T124246,20210416T105525,14.9255,10,A1,0.042482,0.058659,1
20210401T124246,20210416T105525,14.9255,11,A1,0.095212,0.803181,1
20210401T124246,20210416T105525,14.9255,12,A1,0.381714,0.381139,1
20210401T124246,20210416T105525,14.9255,13,A1,0.051442,1.178311,0
20210401T124246,20210416T105525,14.9255,14,A1,-0.182018,0.039217,0
20210401T124246,20210416T105525,14.9255,15,A1,0.068369,1.633668,0
20210401T124246,20210416T105525,14.9255,16,A1,0.259858,0.101212,1
20210401T124246,20210416T105525,14.9255,17,A1,0.136496,0.582800,0
20210401T124246,20210416T105525,14.9255,18,A1,-0.011168,0.976122,0
20210401T124246,20210416T105525,14.9255,19,A1,-0.130197,1.144453,0
20210401T124246,20210416T105525,14.9255,20,A1,-0.291811,0.192050,1
20210401T124246,20210416T105525,14.9255,21,A1,-0.150753,0.618908,0
20210401T124246,20210416T105525,14.9255,22,A1,0.189677,0.570853,0
20210401T124246,20210416T105525,14.9255,23,A1,0.009012,0.082337,1
20210401T124246,20210416T105525,14.9255,24,A1,0.123437,0.275523,1
20210401T124246,20210416T105525,14.9255,25,A1,-0.043578,0.294313,0
20210401T124246,20210416T105525,14.9255,26,A1,0.707526,0.000000,1
20210401T124246,20210416T105525,14.9255,27,A1,-0.007821,0.105390,1
20210401T124246,20210416T105525,14.9255,28,A1,0.491702,0.139853,1
20210401T124246,20210416T105525,14.9255,29,A1,0.063172,0.751584,1
20210401T124246,20210416T105525,14.9255,30,A1,-0.048539,0.546078,1
20210401T124246,20210416T105525,14.9255,31,A1,0.151213,0.419538,0
20210401T124246,20210416T105525,14.9255,32,A1,0.456481,0.589313,1
20210401T124246,20210416T105525,14.9255,33,A2,-0.316657,0.206380,0
20210401T124246,20210416T105525,14.9255,34,A2,0.241105,0.484792,0
20210401T124246,20210416T105525,14.9255,35,A2,0.170015,0.552998,1
20210401T124246,20210416T105525,14.9255,36,A2,0.120553,0.005951,1
20210401T124246,20210416T105525,14.9255,37,A2,0.305704,0.088261,1
20210401T124246,20210416T105525,14.9255,38,A2,0.259133,0.144324,1
20210401T124246,20210416T105525,14.9255,39,A2,0.092992,0.181778,1
20210401T124246,20210416T105525,14.9255,40,A2,0.261093,0.496663,1
20210401T124246,20210416T105525,14.9255,41,A2,0.089907,0.420120,0
20210401T124246,20210416T105525,14.9255,42,A2,0.350555,0.408629,1
20210401T124246,20210416T105525,14.9255,43,A2,-0.237729,0.938077,1
20210401T124246,20210416T105525,14.9255,44,A2,0.073160,0.204802,0
20210401T124246,20210416T105525,14.9255,45,A2,0.068513,1.127379,0
20210401T124246,20210416T105525,14.9255,46,A2,-0.124722,0.160920,1
20210401T124246,20210416T105525,14.9255,47,A2,-0.115853,0.658165,0
20210401T124246,20210416T105525,14.9255,48,A2,0.075628,0.764371,1
20210401T124246,20210416T105525,14.9255,49,A2,0.059963,0.649932,1
20210401T124246,20210416T105525,14.9255,50,A2,0.105895,0.242062,1
20210401T124246,20210416T105525,14.9255,51,A2,0.261958,1.044731,0
20210401T124246,20210416T105525,14.9255,52,A2,0.033243,0.113330,1
20210401T124246,20210416T105525,14.9255,53,A2,0.028651,0.525607,0
20210401T124246,20210416T105525,14.9255,54,A2,0.615276,0.738681,1
20210401T124246,20210416T105525,14.9255,55,A2,0.094000,0.140575,1
20210401T124246,20210416T105525,14.9255,56,A2,-0.206045,0.637208,0
20210401T124246,20210416T105525,14.9255,57,A2,0.261416,0.138507,0
20210401T124246,20210416T105525,14.9255,58,A2,0.351355,1.603069,0
20210401T124246,20210416T105525,14.9255,59,A2,0.316085,1.067005,0
20210401T124246,20210416T105525,14.9255,60,A2,-0.106898,0.034912,1
20210401T124246,20210416T105525,14.9255,61,A2,0.190811,0.013838,1
20210401T124246,20210416T105525,14.9255,62,A2,0.030639,0.945627,1
20210401T124246,20210416T105525,14.9255,63,A2,0.030192,0.077469,1
20210401T124246,20210416T105525,14.9255,64,A2,0.054939,0.394079,0
20210401T124246,20210416T105525,14.9255,65,A3,-0.201186,0.054570,1
20210401T124246,20210416T105525,14.9255,66,A3,-0.137407,1.126617,0
20210401T124246,20210416T105525,14.9255,67,A3,-0.026849,0.006106,1
20210401T124246,20210416T105525,14.9255,68,A3,0.294841,0.218237,0
20210401T124246,20210416T105525,14.9255,69,A3,-0.225625,0.162532,0
20210401T124246,20210416T105525,14.9255,70,A3,0.345424,0.057664,1
20210401T124246,20210416T105525,14.9255,71,A3,0.176757,0.079910,0
20210401T124246,20210416T105525,14.9255,72,A3,0.467298,0.345216,0
20210401T124246,20210416T105525,14.9255,73,A3,0.336180,0.491650,0
20210401T124246,20210416T105525,14.9255,74,A3,0.398414,0.109382,0
20210401T124246,20210416T105525,14.9255,75,A3,-0.263067,1.143483,0
20210401T124246,20210416T105525,14.9255,76,A3,-0.157465,0.355108,0
20210401T124246,20210416T105525,14.9255,77,A3,0.212500,0.698257,1
20210401T124246,20210416T105525,14.9255,78,A3,0.021035,0.116293,0
20210401T124246,20210416T105525,14.9255,79,A3,-0.008177,0.303631,1
20210401T124246,20210416T105525,14.9255,80,A3,-0.294597,0.074778,1
20210401T124246,20210416T105525,14.9255,81,A3,0.251339,0.079056,1
20210401T124246,20210416T105525,14.9255,82,A3,0.203710,0.052096,1
20210401T124246,20210416T105525,14.9255,83,A3,0.133727,1.465965,0
20210401T124246,20210416T105525,14.9255,84,A3,-0.144072,0.143816,1
20210401T124246,20210416T105525,14.9255,85,A3,0.054474,0.377664,1
20210401T124246,20210416T105525,14.9255,86,A3,-0.022914,0.106918,1
20210401T124246,20210416T105525,14.9255,87,A3,-0.080415,0.244889,1
20210401T124246,20210416T105525,14.9255,88,A3,0.130735,0.257252,1
20210401T124246,20210416T105525,14.9255,89,A3,-0.050277,1.256925,0
20210401T124246,20210416T105525,14.9255,90,A3,0.045659,0.546251,0
20210401T124246,20210416T105525,14.9255,91,A3,0.039239,0.385172,0
20210401T124246,20210416T105525,14.9255,92,A3,0.256718,0.142661,1
20210401T124246,20210416T105525,14.9255,93,A3,-0.094181,0.156253,1
20210401T124246,20210416T105525,14.9255,94,A3,-0.040800,0.293832,1
20210401T124246,20210416T105525,14.9255,95,A3,0.363119,0.051892,0
20210401T124246,20210416T105525,14.9255,96,A3,0.212735,0.131038,1
20210401T124246,20210416T105525,14.9255,97,A4,0.662121,0.094344,1
20210401T124246,20210416T105525,14.9255,98,A4,0.289774,0.037333,1
20210401T124246,20210416T105525,14.9255,99,A4,0.939157,0.000000,1
20210401T124246,20210416T105525,14.9255,100,A4,0.501263,1.017651,0
20210401T124246,20210416T105525,14.9255,101,A4,0.612630,0.126142,1
20210401T124246,20210416T105525,14.9255,102,A4,0.508744,0.173592,0
20210401T124246,20210416T105525,14.9255,103,A4,0.019827,0.094034,0
20210401T124246,20210416T105525,14.9255,104,A4,0.616728,0.326704,0
20210401T124246,20210416T105525,14.9255,105,A4,0.093324,0.083923,1
20210401T124246,20210416T105525,14.9255,106,A4,0.122348,0.140045,0
20210401T124246,20210416T105525,14.9255,107,A4,0.015638,0.515177,0
20210401T124246,20210416T105525,14.9255,108,A4,0.013619,0.000000,1
20210401T124246,20210416T105525,14.9255,109,A4,0.218193,0.874823,1
20210401T124246,20210416T105525,14.9255,110,A4,-0.187287,1.276166,0
20210401T124246,20210416T105525,14.9255,111,A4,0.291279,0.187338,0
20210401T124246,20210416T105525,14.9255,112,A4,0.124185,0.028555,1
20210401T124246,20210416T105525,14.9255,113,A4,0.540506,0.014688,1
20210401T124246,20210416T105525,14.9255,114,A4,0.205212,0.089264,1
20210401T124246,20210416T105525,14.9255,115,A4,0.404126,0.412362,0
20210401T124246,20210416T105525,14.9255,116,A4,0.264001,0.192494,1
20210401T124246,20210416T105525,14.9255,117,A4,0.521940,0.145691,0
20210401T124246,20210416T105525,14.9255,118,A4,0.758113,0.353617,0
20210401T124246,20210416T105525,14.9255,119,A4,0.546762,0.120153,1
20210401T124246,20210416T105525,14.9255,120,A4,0.276170,0.521431,1
20210401T124246,20210416T105525,14.9255,121,A4,0.147107,0.005055,1
20210401T124246,20210416T105525,14.9255,122,A4,0.260099,0.108932,0
20210401T124246,20210416T105525,14.9255,123,A4,-0.076763,0.160483,0
20210401T124246,20210416T105525,14.9255,124,A4,0.449103,0.151446,1
20210401T124246,20210416T105525,14.9255,125,A4,0.587442,0.203966,1
20210401T124246,20210416T105525,14.9255,126,A4,0.184317,0.423865,0
20210401T124246,20210416T105525,14.9255,127,A4,-0.018934,0.140402,1
20210401T124246,20210416T105525,14.9255,128,A4,0.331064,0.168546,0
20210401T124246,20210423T105645,21.9264,1,A1,0.021038,1.359451,0
20210401T124246,20210423T105645,21.9264,2,A1,0.138999,0.446754,1
20210401T124246,20210423T105645,21.9264,3,A1,-0.163150,0.609103,1
20210401T124246,20210423T105645,21.9264,4,A1,-0.053172,0.435670,1
20210401T124246,20210423T105645,21.9264,5,A1,-0.221074,0.391172,1
20210401T124246,20210423T105645,21.9264,6,A1,0.138463,0.478321,0
20210401T124246,20210423T105645,21.9264,7,A1,-0.237158,0.573341,0
20210401T124246,20210423T105645,21.9264,8,A1,0.212566,0.419219,0
20210401T124246,20210423T105645,21.9264,9,A1,0.196578,0.620639,0
20210401T124246,20210423T105645,21.9264,10,A1,-0.052138,0.034867,1
20210401T124246,20210423T105645,21.9264,11,A1,-0.195043,0.515492,0
20210401T124246,20210423T105645,21.9264,12,A1,-0.029066,0.815761,0
20210401T124246,20210423T105645,21.9264,13,A1,0.034509,0.497128,1
20210401T124246,20210423T105645,21.9264,14,A1,0.149579,0.648070,0
20210401T124246,20210423T105645,21.9264,15,A1,-0.086769,0.964435,1
20210401T124246,20210423T105645,21.9264,16,A1,0.438911,0.916387,1
20210401T124246,20210423T105645,21.9264,17,A1,0.228809,0.049372,1
20210401T124246,20210423T105645,21.9264,18,A1,0.019095,0.404020,1
20210401T124246,20210423T105645,21.9264,19,A1,0.290431,0.000000,1
20210401T124246,20210423T105645,21.9264,20,A1,-0.306861,0.436660,0
20210401T124246,20210423T105645,21.9264,21,A1,0.240861,1.049734,0
20210401T124246,20210423T105645,21.9264,22,A1,0.479527,0.407799,1
20210401T124246,20210423T105645,21.9264,23,A1,-0.084795,0.427292,1
20210401T124246,20210423T105645,21.9264,24,A1,0.314469,0.059867,1
20210401T124246,20210423T105645,21.9264,25,A1,0.021340,0.042264,1
20210401T124246,20210423T105645,21.9264,26,A1,0.787618,0.000000,1
20210401T124246,20210423T105645,21.9264,27,A1,-0.147596,0.248969,1
20210401T124246,20210423T105645,21.9264,28,A1,0.676587,0.358364,1
20210401T124246,20210423T105645,21.9264,29,A1,0.518423,0.955029,1
20210401T124246,20210423T105645,21.9264,30,A1,-0.227840,0.582289,0
20210401T124246,20210423T105645,21.9264,31,A1,-0.227153,0.204787,1
20210401T124246,20210423T105645,21.9264,32,A1,0.473097,0.634484,1
20210401T124246,20210423T105645,21.9264,33,A2,-0.234094,1.089406,0
20210401T124246,20210423T105645,21.9264,34,A2,0.121286,0.486904,0
20210401T124246,20210423T105645,21.9264,35,A2,0.034657,0.174538,0
20210401T124246,20210423T105645,21.9264,36,A2,0.195879,0.225774,1
20210401T124246,20210423T105645,21.9264,37,A2,0.009356,0.514980,0
20210401T124246,20210423T105645,21.9264,38,A2,0.243231,0.764578,1
20210401T124246,20210423T105645,21.9264,39,A2,0.057025,0.031021,1
20210401T124246,20210423T105645,21.9264,40,A2,0.148987,0.294597,0
20210401T124246,20210423T105645,21.9264,41,A2,0.057679,0.399425,0
20210401T124246,20210423T105645,21.9264,42,A2,-0.144690,0.511136,1
20210401T124246,20210423T105645,21.9264,43,A2,-0.118005,0.072349,0
20210401T124246,20210423T105645,21.9264,44,A2,0.151709,0.026577,1
20210401T124246,20210423T105645,21.9264,45,A2,0.247074,0.791339,1
20210401T124246,20210423T105645,21.9264,46,A2,0.024418,0.079624,1
20210401T124246,20210423T105645,21.9264,47,A2,-0.197298,0.111332,0
20210401T124246,20210423T105645,21.9264,48,A2,-0.036393,1.344776,0
20210401T124246,20210423T105645,21.9264,49,A2,0.115665,0.441591,1
20210401T124246,20210423T105645,21.9264,50,A2,0.032367,0.003813,1
20210401T124246,20210423T105645,21.9264,51,A2,-0.100446,1.335346,0
20210401T124246,20210423T105645,21.9264,52,A2,-0.034515,0.113330,1
20210401T124246,20210423T105645,21.9264,53,A2,-0.009059,0.071539,0
20210401T124246,20210423T105645,21.9264,54,A2,0.709107,0.559939,1
20210401T124246,20210423T105645,21.9264,55,A2,0.377020,1.328425,0
20210401T124246,20210423T105645,21.9264,56,A2,-0.097396,0.043298,1
20210401T124246,20210423T105645,21.9264,57,A2,-0.311552,0.244755,1
20210401T124246,20210423T105645,21.9264,58,A2,0.031364,0.640483,1
20210401T124246,20210423T105645,21.9264,59,A2,0.156520,0.797115,1
20210401T124246,20210423T105645,21.9264,60,A2,-0.060320,0.670236,0
20210401T124246,20210423T105645,21.9264,61,A2,-0.024943,0.047266,1
20210401T124246,20210423T105645,21.9264,62,A2,-0.216833,1.005196,0
20210401T124246,20210423T105645,21.9264,63,A2,0.303875,0.385727,1
20210401T124246,20210423T105645,21.9264,64,A2,-0.082833,0.204087,1
20210401T124246,20210423T105645,21.9264,65,A3,0.125448,0.909423,0
20210401T124246,20210423T105645,21.9264,66,A3,-0.072317,0.895262,1
20210401T124246,20210423T105645,21.9264,67,A3,-0.087498,0.658780,0
20210401T124246,20210423T105645,21.9264,68,A3,0.012567,0.187773,0
20210401T124246,20210423T105645,21.9264,69,A3,-0.335953,0.012204,1
20210401T124246,20210423T105645,21.9264,70,A3,-0.472471,0.002412,1
20210401T124246,20210423T105645,21.9264,71,A3,-0.083883,0.009311,1
20210401T124246,20210423T105645,21.9264,72,A3,-0.114992,0.404019,0
20210401T124246,20210423T105645,21.9264,73,A3,0.382000,0.320548,0
20210401T124246,20210423T105645,21.9264,74,A3,0.026066,0.132879,1
20210401T124246,20210423T105645,21.9264,75,A3,0.055630,1.143483,0
20210401T124246,20210423T105645,21.9264,76,A3,0.086617,0.179820,1
20210401T124246,20210423T105645,21.9264,77,A3,-0.014298,0.309674,0
20210401T124246,20210423T105645,21.9264,78,A3,0.010740,0.033045,1
20210401T124246,20210423T105645,21.9264,79,A3,-0.025745,0.053234,1
20210401T124246,20210423T105645,21.9264,80,A3,-0.226654,0.158708,0
20210401T124246,20210423T105645,21.9264,81,A3,0.276179,0.823854,0
20210401T124246,20210423T105645,21.9264,82,A3,0.202524,0.348552,0
20210401T124246,20210423T105645,21.9264,83,A3,0.271966,0.950387,1
20210401T124246,20210423T105645,21.9264,84,A3,-0.189444,0.127461,0
20210401T124246,20210423T105645,21.9264,85,A3,-0.130468,0.355849,1
20210401T124246,20210423T105645,21.9264,86,A3,-0.060391,0.246050,0
20210401T124246,20210423T105645,21.9264,87,A3,-0.047334,0.166935,1
20210401T124246,20210423T105645,21.9264,88,A3,-0.347390,0.559847,0
20210401T124246,20210423T105645,21.9264,89,A3,-0.010212,1.007611,0
20210401T124246,20210423T105645,21.9264,90,A3,0.059939,0.139069,0
20210401T124246,20210423T105645,21.9264,91,A3,-0.091970,0.618853,1
20210401T124246,20210423T105645,21.9264,92,A3,-0.142187,0.118714,1
20210401T124246,20210423T105645,21.9264,93,A3,-0.153239,0.339525,1
20210401T124246,20210423T105645,21.9264,94,A3,-0.080371,0.246653,0
20210401T124246,20210423T105645,21.9264,95,A3,-0.151681,0.890902,0
20210401T124246,20210423T105645,21.9264,96,A3,0.171340,0.242484,0
20210401T124246,20210423T105645,21.9264,97,A4,0.525093,0.148505,1
20210401T124246,20210423T105645,21.9264,98,A4,0.390323,0.244091,1
20210401T124246,20210423T105645,21.9264,99,A4,0.863887,0.468568,1
20210401T124246,20210423T105645,21.9264,100,A4,0.351927,0.371134,0
20210401T124246,20210423T105645,21.9264,101,A4,0.639390,0.521737,1
20210401T124246,20210423T105645,21.9264,102,A4,0.639677,1.041249,0
20210401T124246,20210423T105645,21.9264,103,A4,0.488844,0.239046,1
20210401T124246,20210423T105645,21.9264,104,A4,0.628514,0.341818,0
20210401T124246,20210423T105645,21.9264,105,A4,0.271304,0.090032,1
20210401T124246,20210423T105645,21.9264,106,A4,-0.171442,0.122339,0
20210401T124246,20210423T105645,21.9264,107,A4,0.189327,0.677203,0
20210401T124246,20210423T105645,21.9264,108,A4,0.253408,0.988164,1
20210401T124246,20210423T105645,21.9264,109,A4,0.045471,0.952811,1
20210401T124246,20210423T105645,21.9264,110,A4,0.432495,1.677024,0
20210401T124246,20210423T105645,21.9264,111,A4,-0.053393,0.159719,0
20210401T124246,20210423T105645,21.9264,112,A4,-0.049999,0.266267,0
20210401T124246,20210423T105645,21.9264,113,A4,0.599801,0.065601,1
20210401T124246,20210423T105645,21.9264,114,A4,0.431553,0.086941,1
20210401T124246,20210423T105645,21.9264,115,A4,-0.057911,0.668108,0
20210401T124246,20210423T105645,21.9264,116,A4,0.328156,0.553204,1
20210401T124246,20210423T105645,21.9264,117,A4,0.486706,0.536160,1
20210401T124246,20210423T105645,21.9264,118,A4,0.876989,0.369800,0
20210401T124246,20210423T105645,21.9264,119,A4,0.545854,0.426230,1
20210401T124246,20210423T105645,21.9264,120,A4,0.562688,0.862996,1
20210401T124246,20210423T105645,21.9264,121,A4,0.372233,0.093480,0
20210401T124246,20210423T105645,21.9264,122,A4,0.540808,0.154010,0
20210401T124246,20210423T105645,21.9264,123,A4,-0.193392,0.096646,1
20210401T124246,20210423T105645,21.9264,124,A4,0.695975,0.059364,1
20210401T124246,20210423T105645,21.9264,125,A4,0.598421,0.273591,1
20210401T124246,20210423T105645,21.9264,126,A4,0.172753,0.426578,0
20210401T124246,20210423T105645,21.9264,127,A4,0.094222,0.227179,0
20210401T124246,20210423T105645,21.9264,128,A4,0.377843,0.172785,0
20210401T124246,20210423T105645,21.9264,129,A5,-0.179012,0.000000,1
20210401T124246,20210423T105645,21.9264,130,A5,0.170955,0.361835,1
20210401T124246,20210423T105645,21.9264,131,A5,0.115083,0.181955,0
20210401T124246,20210423T105645,21.9264,132,A5,-0.206351,0.721099,0
20210401T124246,20210423T105645,21.9264,133,A5,0.316930,0.281793,1
20210401T124246,20210423T105645,21.9264,134,A5,-0.009416,0.401295,0
20210401T124246,20210423T105645,21.9264,135,A5,-0.109368,0.987000,1
20210401T124246,20210423T105645,21.9264,136,A5,-0.012815,0.836950,1
20210401T124246,20210423T105645,21.9264,137,A5,0.061511,0.305214,1
20210401T124246,20210423T105645,21.9264,138,A5,0.198794,1.240336,0
20210401T124246,20210423T105645,21.9264,139,A5,-0.082890,0.241435,1
20210401T124246,20210423T105645,21.9264,140,A5,-0.024227,0.748237,1
20210401T124246,20210423T105645,21.9264,141,A5,0.051274,0.083060,0
20210401T124246,20210423T105645,21.9264,142,A5,0.023365,0.140105,0
20210401T124246,20210423T105645,21.9264,143,A5,-0.134027,0.104053,0
20210401T124246,20210423T105645,21.9264,144,A5,-0.049372,0.990969,1
20210401T124246,20210423T105645,21.9264,145,A5,-0.034389,0.160447,1
20210401T124246,20210423T105645,21.9264,146,A5,-0.001531,0.773591,1
20210401T124246,20210423T105645,21.9264,147,A5,0.025794,1.283428,0
20210401T124246,20210423T105645,21.9264,148,A5,-0.014517,0.218987,1
20210401T124246,20210423T105645,21.9264,149,A5,-0.114276,0.342708,0
20210401T124246,20210423T105645,21.9264,150,A5,0.089569,0.121532,1
20210401T124246,20210423T105645,21.9264,151,A5,0.026783,0.515577,0
20210401T124246,20210423T105645,21.9264,152,A5,-0.109670,0.367931,0
20210401T124246,20210423T105645,21.9264,153,A5,-0.049785,0.725274,1
20210401T124246,20210423T105645,21.9264,154,A5,0.288137,0.623998,1
20210401T124246,20210423T105645,21.9264,155,A5,-0.155499,1.006328,0
20210401T124246,20210423T105645,21.9264,156,A5,0.177340,0.063697,1
20210401T124246,20210423T105645,21.9264,157,A5,0.183022,1.009177,0
20210401T124246,20210423T105645,21.9264,158,A5,0.098155,0.002462,1
20210401T124246,20210423T105645,21.9264,159,A5,0.010047,0.846933,0
20210401T124246,20210423T105645,21.9264,160,A5,-0.075745,0.673800,1
20210401T124246,20210520T120659,48.9752,1,A1,-0.090710,0.522851,1
20210401T124246,20210520T120659,48.9752,2,A1,-0.118693,0.217724,0
20210401T124246,20210520T120659,48.9752,3,A1,-0.003123,0.467958,1
20210401T124246,20210520T120659,48.9752,4,A1,0.110077,1.121098,0
20210401T124246,20210520T120659,48.9752,5,A1,0.224686,1.219096,0
20210401T124246,20210520T120659,48.9752,6,A1,0.186845,1.325777,0
20210401T124246,20210520T120659,48.9752,7,A1,-0.287934,0.859285,0
20210401T124246,20210520T120659,48.9752,8,A1,0.532604,0.648844,1
20210401T124246,20210520T120659,48.9752,9,A1,-0.039515,1.269172,0
20210401T124246,20210520T120659,48.9752,10,A1,0.066628,0.272318,1
20210401T124246,20210520T120659,48.9752,11,A1,0.158065,0.803181,1
20210401T124246,20210520T120659,48.9752,12,A1,-0.064957,0.098539,1
20210401T124246,20210520T120659,48.9752,13,A1,-0.156600,1.178311,0
20210401T124246,20210520T120659,48.9752,14,A1,0.039522,0.383371,0
20210401T124246,20210520T120659,48.9752,15,A1,-0.007182,1.072455,0
20210401T124246,20210520T120659,48.9752,16,A1,-0.053250,0.230814,1
20210401T124246,20210520T120659,48.9752,17,A1,-0.085146,1.153927,0
20210401T124246,20210520T120659,48.9752,18,A1,0.110165,0.858393,0
20210401T124246,20210520T120659,48.9752,19,A1,0.213929,2.000000,0
20210401T124246,20210520T120659,48.9752,20,A1,0.131244,0.346679,1
20210401T124246,20210520T120659,48.9752,21,A1,-0.045246,1.528852,0
20210401T124246,20210520T120659,48.9752,22,A1,-0.125920,0.677508,0
20210401T124246,20210520T120659,48.9752,23,A1,-0.058816,0.377556,1
20210401T124246,20210520T120659,48.9752,24,A1,-0.438923,1.283684,0
20210401T124246,20210520T120659,48.9752,25,A1,0.065624,0.320685,0
20210401T124246,20210520T120659,48.9752,26,A1,0.880950,0.000000,1
20210401T124246,20210520T120659,48.9752,27,A1,0.039049,0.722317,1
20210401T124246,20210520T120659,48.9752,28,A1,0.610306,0.039694,1
20210401T124246,20210520T120659,48.9752,29,A1,0.091722,0.647848,1
20210401T124246,20210520T120659,48.9752,30,A1,-0.307129,0.259770,1
20210401T124246,20210520T120659,48.9752,31,A1,0.015841,0.932418,0
20210401T124246,20210520T120659,48.9752,32,A1,-0.019464,1.883719,0
20210401T124246,20210520T120659,48.9752,33,A2,-0.078432,0.645157,1
20210401T124246,20210520T120659,48.9752,34,A2,0.023423,0.184242,1
20210401T124246,20210520T120659,48.9752,35,A2,-0.002216,0.034230,1
20210401T124246,20210520T120659,48.9752,36,A2,0.312391,0.318871,1
20210401T124246,20210520T120659,48.9752,37,A2,-0.119540,1.235617,0
20210401T124246,20210520T120659,48.9752,38,A2,0.138969,1.022196,0
20210401T124246,20210520T120659,48.9752,39,A2,-0.191254,0.894310,0
20210401T124246,20210520T120659,48.9752,40,A2,0.298246,0.227584,1
20210401T124246,20210520T120659,48.9752,41,A2,0.332407,0.246287,1
20210401T124246,20210520T120659,48.9752,42,A2,0.408612,0.413113,1
20210401T124246,20210520T120659,48.9752,43,A2,-0.043150,0.189724,1
20210401T124246,20210520T120659,48.9752,44,A2,0.129868,0.261611,0
20210401T124246,20210520T120659,48.9752,45,A2,-0.091288,0.743943,1
20210401T124246,20210520T120659,48.9752,46,A2,-0.573405,0.516900,0
20210401T124246,20210520T120659,48.9752,47,A2,0.316679,0.984261,0
20210401T124246,20210520T120659,48.9752,48,A2,0.127638,0.984403,1
20210401T124246,20210520T120659,48.9752,49,A2,0.309834,0.298790,1
20210401T124246,20210520T120659,48.9752,50,A2,0.181747,0.594569,0
20210401T124246,20210520T120659,48.9752,51,A2,0.294861,0.413509,1
20210401T124246,20210520T120659,48.9752,52,A2,-0.018344,1.380120,0
20210401T124246,20210520T120659,48.9752,53,A2,0.052665,0.009883,1
20210401T124246,20210520T120659,48.9752,54,A2,0.456564,0.760558,1
20210401T124246,20210520T120659,48.9752,55,A2,0.259624,1.328425,0
20210401T124246,20210520T120659,48.9752,56,A2,0.232308,0.774139,1
20210401T124246,20210520T120659,48.9752,57,A2,0.071591,0.666408,1
20210401T124246,20210520T120659,48.9752,58,A2,0.085091,1.739950,0
20210401T124246,20210520T120659,48.9752,59,A2,0.021580,1.027048,0
20210401T124246,20210520T120659,48.9752,60,A2,0.107790,0.922534,1
20210401T124246,20210520T120659,48.9752,61,A2,0.231510,0.180750,0
20210401T124246,20210520T120659,48.9752,62,A2,0.103298,1.035258,0
20210401T124246,20210520T120659,48.9752,63,A2,0.183460,0.614165,1
20210401T124246,20210520T120659,48.9752,64,A2,0.144991,0.157869,1
20210401T124246,20210520T120659,48.9752,65,A3,0.363764,1.079980,0
20210401T124246,20210520T120659,48.9752,66,A3,0.082565,0.907675,1
20210401T124246,20210520T120659,48.9752,67,A3,0.090217,0.315687,1
20210401T124246,20210520T120659,48.9752,68,A3,-0.046046,0.008767,1
20210401T124246,20210520T120659,48.9752,69,A3,-0.024767,0.003089,1
20210401T124246,20210520T120659,48.9752,70,A3,-0.306064,0.166280,1
20210401T124246,20210520T120659,48.9752,71,A3,-0.098064,0.348932,1
20210401T124246,20210520T120659,48.9752,72,A3,-0.203953,0.268434,1
20210401T124246,20210520T120659,48.9752,73,A3,0.088610,0.004700,1
20210401T124246,20210520T120659,48.9752,74,A3,0.042246,0.178736,0
20210401T124246,20210520T120659,48.9752,75,A3,-0.092610,0.236439,0
20210401T124246,20210520T120659,48.9752,76,A3,-0.259495,0.262737,1
20210401T124246,20210520T120659,48.9752,77,A3,0.033137,0.426298,0
20210401T124246,20210520T120659,48.9752,78,A3,-0.014485,0.035096,1
20210401T124246,20210520T120659,48.9752,79,A3,-0.163361,0.181319,1
20210401T124246,20210520T120659,48.9752,80,A3,0.021474,0.320459,0
20210401T124246,20210520T120659,48.9752,81,A3,0.117204,0.316108,0
20210401T124246,20210520T120659,48.9752,82,A3,-0.011453,0.297581,0
20210401T124246,20210520T120659,48.9752,83,A3,-0.029808,1.036980,0
20210401T124246,20210520T120659,48.9752,84,A3,-0.194241,0.097831,0
20210401T124246,20210520T120659,48.9752,85,A3,-0.014497,0.629930,1
20210401T124246,20210520T120659,48.9752,86,A3,-0.043877,1.034823,0
20210401T124246,20210520T120659,48.9752,87,A3,-0.004648,0.126937,1
20210401T124246,20210520T120659,48.9752,88,A3,0.180855,0.161568,0
20210401T124246,20210520T120659,48.9752,89,A3,-0.182830,0.000000,1
20210401T124246,20210520T120659,48.9752,90,A3,-0.094118,0.288166,0
20210401T124246,20210520T120659,48.9752,91,A3,-0.086816,1.149961,0
20210401T124246,20210520T120659,48.9752,92,A3,0.010095,0.867814,0
20210401T124246,20210520T120659,48.9752,93,A3,0.100597,0.515987,1
20210401T124246,20210520T120659,48.9752,94,A3,0.022477,0.221013,0
20210401T124246,20210520T120659,48.9752,95,A3,-0.007020,0.785541,0
20210401T124246,20210520T120659,48.9752,96,A3,0.146043,0.578664,0
20210401T124246,20210520T120659,48.9752,97,A4,0.160639,0.312207,1
20210401T124246,20210520T120659,48.9752,98,A4,0.484701,0.325191,1
20210401T124246,20210520T120659,48.9752,99,A4,0.617321,0.676345,1
20210401T124246,20210520T120659,48.9752,100,A4,0.174212,0.248456,1
20210401T124246,20210520T120659,48.9752,101,A4,0.428000,0.128672,1
20210401T124246,20210520T120659,48.9752,102,A4,0.546713,0.007388,1
20210401T124246,20210520T120659,48.9752,103,A4,0.248064,0.382312,0
20210401T124246,20210520T120659,48.9752,104,A4,0.049570,0.939317,1
20210401T124246,20210520T120659,48.9752,105,A4,0.109796,0.401118,0
20210401T124246,20210520T120659,48.9752,106,A4,-0.068650,0.363970,1
20210401T124246,20210520T120659,48.9752,107,A4,0.065214,0.026333,1
20210401T124246,20210520T120659,48.9752,108,A4,0.003444,0.956853,1
20210401T124246,20210520T120659,48.9752,109,A4,0.244130,0.899933,1
20210401T124246,20210520T120659,48.9752,110,A4,-0.285722,0.509841,1
20210401T124246,20210520T120659,48.9752,111,A4,0.391814,0.068887,0
20210401T124246,20210520T120659,48.9752,112,A4,-0.054632,0.296340,0
20210401T124246,20210520T120659,48.9752,113,A4,0.620834,0.172032,1
20210401T124246,20210520T120659,48.9752,114,A4,0.130017,0.175607,0
20210401T124246,20210520T120659,48.9752,115,A4,0.660764,0.273132,1
20210401T124246,20210520T120659,48.9752,116,A4,0.192059,0.199539,0
20210401T124246,20210520T120659,48.9752,117,A4,0.156833,0.047966,1
20210401T124246,20210520T120659,48.9752,118,A4,0.807820,0.242542,1
20210401T124246,20210520T120659,48.9752,119,A4,0.518805,0.161088,1
20210401T124246,20210520T120659,48.9752,120,A4,0.578034,0.345094,0
20210401T124246,20210520T120659,48.9752,121,A4,0.021085,0.921058,0
20210401T124246,20210520T120659,48.9752,122,A4,0.318687,0.221660,0
20210401T124246,20210520T120659,48.9752,123,A4,0.505205,0.346296,1
20210401T124246,20210520T120659,48.9752,124,A4,0.013818,0.428991,0
20210401T124246,20210520T120659,48.9752,125,A4,0.517332,0.052438,1
20210401T124246,20210520T120659,48.9752,126,A4,0.320551,0.579991,1
20210401T124246,20210520T120659,48.9752,127,A4,-0.151447,0.208933,1
20210401T124246,20210520T120659,48.9752,128,A4,0.371679,0.881398,1
20210401T124246,20210520T120659,48.9752,129,A5,-0.130028,0.987114,1
20210401T124246,20210520T120659,48.9752,130,A5,-0.001530,0.405335,1
20210401T124246,20210520T120659,48.9752,131,A5,-0.306135,0.062314,1
20210401T124246,20210520T120659,48.9752,132,A5,0.086842,0.232190,1
20210401T124246,20210520T120659,48.9752,133,A5,0.306952,0.417013,1
20210401T124246,20210520T120659,48.9752,134,A5,-0.107479,0.998459,0
20210401T124246,20210520T120659,48.9752,135,A5,0.022561,0.971675,1
20210401T124246,20210520T120659,48.9752,136,A5,-0.275698,0.029633,1
20210401T124246,20210520T120659,48.9752,137,A5,0.009281,1.093775,0
20210401T124246,20210520T120659,48.9752,138,A5,-0.075904,2.000000,0
20210401T124246,20210520T120659,48.9752,139,A5,-0.160734,0.268566,1
20210401T124246,20210520T120659,48.9752,140,A5,0.141166,0.241538,1
20210401T124246,20210520T120659,48.9752,141,A5,0.034163,0.705930,0
20210401T124246,20210520T120659,48.9752,142,A5,0.048979,0.241744,0
20210401T124246,20210520T120659,48.9752,143,A5,-0.014385,0.119059,1
20210401T124246,20210520T120659,48.9752,144,A5,-0.062152,0.903660,1
20210401T124246,20210520T120659,48.9752,145,A5,0.444658,0.171472,1
20210401T124246,20210520T120659,48.9752,146,A5,-0.306800,1.374878,0
20210401T124246,20210520T120659,48.9752,147,A5,-0.017364,1.446159,0
20210401T124246,20210520T120659,48.9752,148,A5,0.045499,0.163983,1
20210401T124246,20210520T120659,48.9752,149,A5,0.347589,0.042543,1
20210401T124246,20210520T120659,48.9752,150,A5,0.092783,0.179522,0
20210401T124246,20210520T120659,48.9752,151,A5,-0.214343,0.622871,0
20210401T124246,20210520T120659,48.9752,152,A5,0.097134,0.247183,0
20210401T124246,20210520T120659,48.9752,153,A5,-0.147463,0.725274,1
20210401T124246,20210520T120659,48.9752,154,A5,0.392731,0.623998,1
20210401T124246,20210520T120659,48.9752,155,A5,-0.146657,1.835334,0
20210401T124246,20210520T120659,48.9752,156,A5,-0.294096,0.036980,1
20210401T124246,20210520T120659,48.9752,157,A5,-0.174029,1.143284,0
20210401T124246,20210520T120659,48.9752,158,A5,0.085071,0.187876,1
20210401T124246,20210520T120659,48.9752,159,A5,-0.087082,0.152116,0
20210401T124246,20210520T120659,48.9752,160,A5,-0.080606,0.714726,0
20210401T124246,20210604T143542,64.0784,1,A1,-0.410297,0.573991,0
20210401T124246,20210604T143542,64.0784,2,A1,-0.071827,0.876030,1
20210401T124246,20210604T143542,64.0784,3,A1,-0.023243,0.844946,0
20210401T124246,20210604T143542,64.0784,4,A1,-0.283788,0.804039,0
20210401T124246,20210604T143542,64.0784,5,A1,0.136509,0.898738,0
20210401T124246,20210604T143542,64.0784,6,A1,-0.347939,0.257873,1
20210401T124246,20210604T143542,64.0784,7,A1,-0.042839,0.261974,0
20210401T124246,20210604T143542,64.0784,8,A1,0.130299,0.085319,1
20210401T124246,20210604T143542,64.0784,9,A1,-0.101047,1.269172,0
20210401T124246,20210604T143542,64.0784,10,A1,-0.032703,0.703912,1
20210401T124246,20210604T143542,64.0784,11,A1,0.042407,0.285262,1
20210401T124246,20210604T143542,64.0784,12,A1,0.114252,0.289717,1
20210401T124246,20210604T143542,64.0784,13,A1,0.285803,0.105981,1
20210401T124246,20210604T143542,64.0784,14,A1,-0.280678,0.975470,1
20210401T124246,20210604T143542,64.0784,15,A1,-0.164228,0.553282,1
20210401T124246,20210604T143542,64.0784,16,A1,-0.267957,1.083613,0
20210401T124246,20210604T143542,64.0784,17,A1,0.112100,1.153927,0
20210401T124246,20210604T143542,64.0784,18,A1,-0.136790,0.396439,1
20210401T124246,20210604T143542,64.0784,19,A1,0.175325,1.524276,0
20210401T124246,20210604T143542,64.0784,20,A1,-0.380353,1.199382,0
20210401T124246,20210604T143542,64.0784,21,A1,-0.203617,1.070020,0
20210401T124246,20210604T143542,64.0784,22,A1,0.168967,0.459500,0
20210401T124246,20210604T143542,64.0784,23,A1,-0.412539,0.045960,1
20210401T124246,20210604T143542,64.0784,24,A1,-0.263876,1.466942,0
20210401T124246,20210604T143542,64.0784,25,A1,0.054066,0.782543,0
20210401T124246,20210604T143542,64.0784,26,A1,0.362682,0.686862,1
20210401T124246,20210604T143542,64.0784,27,A1,0.091590,0.441738,1
20210401T124246,20210604T143542,64.0784,28,A1,0.046371,0.009761,1
20210401T124246,20210604T143542,64.0784,29,A1,0.026434,1.284064,0
20210401T124246,20210604T143542,64.0784,30,A1,-0.025555,0.888579,0
20210401T124246,20210604T143542,64.0784,31,A1,-0.238276,0.017098,1
20210401T124246,20210604T143542,64.0784,32,A1,-0.196676,1.490407,0
20210401T124246,20210604T143542,64.0784,33,A2,-0.160229,0.910594,1
20210401T124246,20210604T143542,64.0784,34,A2,0.401388,0.516435,1
20210401T124246,20210604T143542,64.0784,35,A2,0.191039,0.294467,1
20210401T124246,20210604T143542,64.0784,36,A2,-0.109932,0.137614,1
20210401T124246,20210604T143542,64.0784,37,A2,-0.147314,0.590494,0
20210401T124246,20210604T143542,64.0784,38,A2,0.423098,1.429128,0
20210401T124246,20210604T143542,64.0784,39,A2,0.130038,0.084966,1
20210401T124246,20210604T143542,64.0784,40,A2,-0.425063,0.417615,0
20210401T124246,20210604T143542,64.0784,41,A2,0.402037,0.156820,1
20210401T124246,20210604T143542,64.0784,42,A2,0.434331,0.527110,0
20210401T124246,20210604T143542,64.0784,43,A2,-0.207787,0.117638,1
20210401T124246,20210604T143542,64.0784,44,A2,0.211161,0.146809,1
20210401T124246,20210604T143542,64.0784,45,A2,-0.275299,0.000000,1
20210401T124246,20210604T143542,64.0784,46,A2,-0.162427,0.983213,1
20210401T124246,20210604T143542,64.0784,47,A2,0.002574,1.062887,0
20210401T124246,20210604T143542,64.0784,48,A2,0.179511,0.919310,1
20210401T124246,20210604T143542,64.0784,49,A2,0.250536,0.521010,1
20210401T124246,20210604T143542,64.0784,50,A2,-0.229739,0.090378,1
20210401T124246,20210604T143542,64.0784,51,A2,-0.068797,1.620957,0
20210401T124246,20210604T143542,64.0784,52,A2,-0.088234,0.776965,1
20210401T124246,20210604T143542,64.0784,53,A2,0.054572,0.166717,0
20210401T124246,20210604T143542,64.0784,54,A2,0.712381,1.042475,0
20210401T124246,20210604T143542,64.0784,55,A2,-0.254417,0.762662,0
20210401T124246,20210604T143542,64.0784,56,A2,0.561358,0.012578,1
20210401T124246,20210604T143542,64.0784,57,A2,0.129970,0.178268,1
20210401T124246,20210604T143542,64.0784,58,A2,-0.109498,0.570173,1
20210401T124246,20210604T143542,64.0784,59,A2,-0.023607,0.820040,1
20210401T124246,20210604T143542,64.0784,60,A2,-0.227556,0.056725,1
20210401T124246,20210604T143542,64.0784,61,A2,-0.150527,0.794591,1
20210401T124246,20210604T143542,64.0784,62,A2,-0.048129,0.873604,1
20210401T124246,20210604T143542,64.0784,63,A2,0.347044,0.963338,1
20210401T124246,20210604T143542,64.0784,64,A2,0.102273,1.304813,0
20210401T124246,20210604T143542,64.0784,65,A3,-0.025020,0.688516,0
20210401T124246,20210604T143542,64.0784,66,A3,-0.071298,1.000308,0
20210401T124246,20210604T143542,64.0784,67,A3,0.337227,0.171098,0
20210401T124246,20210604T143542,64.0784,68,A3,0.111157,0.097150,1
20210401T124246,20210604T143542,64.0784,69,A3,-0.405255,0.846213,1
20210401T124246,20210604T143542,64.0784,70,A3,-0.185639,0.107885,0
20210401T124246,20210604T143542,64.0784,71,A3,0.087482,0.021142,0
20210401T124246,20210604T143542,64.0784,72,A3,-0.327557,0.714324,0
20210401T124246,20210604T143542,64.0784,73,A3,-0.133353,0.444023,0
20210401T124246,20210604T143542,64.0784,74,A3,-0.042980,0.312710,0
20210401T124246,20210604T143542,64.0784,75,A3,0.035282,0.266483,0
20210401T124246,20210604T143542,64.0784,76,A3,-0.357165,0.311224,0
20210401T124246,20210604T143542,64.0784,77,A3,-0.168378,0.298882,1
20210401T124246,20210604T143542,64.0784,78,A3,0.134446,0.030892,0
20210401T124246,20210604T143542,64.0784,79,A3,0.212467,0.394467,0
20210401T124246,20210604T143542,64.0784,80,A3,-0.026351,0.211804,0
20210401T124246,20210604T143542,64.0784,81,A3,-0.194970,0.081698,1
20210401T124246,20210604T143542,64.0784,82,A3,0.084565,0.097385,1
20210401T124246,20210604T143542,64.0784,83,A3,0.263226,1.141582,0
20210401T124246,20210604T143542,64.0784,84,A3,-0.026375,0.036376,1
20210401T124246,20210604T143542,64.0784,85,A3,0.188339,0.661488,1
20210401T124246,20210604T143542,64.0784,86,A3,0.138646,0.254746,0
20210401T124246,20210604T143542,64.0784,87,A3,0.095090,0.166308,1
20210401T124246,20210604T143542,64.0784,88,A3,0.268070,0.178702,0
20210401T124246,20210604T143542,64.0784,89,A3,-0.189530,0.225492,1
20210401T124246,20210604T143542,64.0784,90,A3,0.005131,0.193864,0
20210401T124246,20210604T143542,64.0784,91,A3,0.046522,0.425209,0
20210401T124246,20210604T143542,64.0784,92,A3,0.379080,0.123680,1
20210401T124246,20210604T143542,64.0784,93,A3,-0.037592,0.155900,0
20210401T124246,20210604T143542,64.0784,94,A3,0.293501,0.095250,1
20210401T124246,20210604T143542,64.0784,95,A3,-0.294511,0.085233,0
20210401T124246,20210604T143542,64.0784,96,A3,-0.033307,0.481410,0
20210401T124246,20210604T143542,64.0784,97,A4,-0.326569,1.644250,0
20210401T124246,20210604T143542,64.0784,98,A4,0.597306,0.693452,1
20210401T124246,20210604T143542,64.0784,99,A4,0.217954,0.182338,1
20210401T124246,20210604T143542,64.0784,100,A4,0.218233,0.412745,0
20210401T124246,20210604T143542,64.0784,101,A4,0.527685,0.014858,0
20210401T124246,20210604T143542,64.0784,102,A4,0.193268,0.379566,1
20210401T124246,20210604T143542,64.0784,103,A4,-0.129733,0.780054,0
20210401T124246,20210604T143542,64.0784,104,A4,0.104835,0.635043,0
20210401T124246,20210604T143542,64.0784,105,A4,0.135688,1.024923,0
20210401T124246,20210604T143542,64.0784,106,A4,-0.080463,0.949053,1
20210401T124246,20210604T143542,64.0784,107,A4,0.036800,0.553815,1
20210401T124246,20210604T143542,64.0784,108,A4,-0.268301,0.689864,1
20210401T124246,20210604T143542,64.0784,109,A4,0.202840,0.152496,1
20210401T124246,20210604T143542,64.0784,110,A4,0.416848,0.000000,1
20210401T124246,20210604T143542,64.0784,111,A4,0.287318,0.240556,0
20210401T124246,20210604T143542,64.0784,112,A4,-0.024995,0.666982,0
20210401T124246,20210604T143542,64.0784,113,A4,0.438640,0.197280,1
20210401T124246,20210604T143542,64.0784,114,A4,0.251400,0.689963,1
20210401T124246,20210604T143542,64.0784,115,A4,0.319440,0.078045,1
20210401T124246,20210604T143542,64.0784,116,A4,0.370073,0.865358,0
20210401T124246,20210604T143542,64.0784,117,A4,0.373668,0.893012,1
20210401T124246,20210604T143542,64.0784,118,A4,0.688998,1.002338,0
20210401T124246,20210604T143542,64.0784,119,A4,0.209759,1.038359,0
20210401T124246,20210604T143542,64.0784,120,A4,0.640479,0.398162,0
20210401T124246,20210604T143542,64.0784,121,A4,0.072823,0.753380,0
20210401T124246,20210604T143542,64.0784,122,A4,0.507367,0.406755,0
20210401T124246,20210604T143542,64.0784,123,A4,0.472041,0.867410,1
20210401T124246,20210604T143542,64.0784,124,A4,-0.153543,0.652599,0
20210401T124246,20210604T143542,64.0784,125,A4,0.338122,0.279261,1
20210401T124246,20210604T143542,64.0784,126,A4,0.653332,0.448364,1
20210401T124246,20210604T143542,64.0784,127,A4,-0.190048,0.587180,0
20210401T124246,20210604T143542,64.0784,128,A4,0.461278,0.378982,1
20210401T124246,20210604T143542,64.0784,129,A5,0.206724,1.031870,0
20210401T124246,20210604T143542,64.0784,130,A5,-0.023892,0.363616,1
20210401T124246,20210604T143542,64.0784,131,A5,-0.082105,0.264969,0
20210401T124246,20210604T143542,64.0784,132,A5,0.082922,1.175023,0
20210401T124246,20210604T143542,64.0784,133,A5,0.028721,1.263259,0
20210401T124246,20210604T143542,64.0784,134,A5,-0.377960,1.363726,0
20210401T124246,20210604T143542,64.0784,135,A5,0.096726,1.014462,0
20210401T124246,20210604T143542,64.0784,136,A5,-0.088137,0.000000,1
20210401T124246,20210604T143542,64.0784,137,A5,0.114774,1.362428,0
20210401T124246,20210604T143542,64.0784,138,A5,0.008166,1.147161,0
20210401T124246,20210604T143542,64.0784,139,A5,0.124614,0.067081,1
20210401T124246,20210604T143542,64.0784,140,A5,0.075366,0.657134,1
20210401T124246,20210604T143542,64.0784,141,A5,0.126739,1.075205,0
20210401T124246,20210604T143542,64.0784,142,A5,-0.285847,0.177196,0
20210401T124246,20210604T143542,64.0784,143,A5,0.185989,1.090083,0
20210401T124246,20210604T143542,64.0784,144,A5,-0.023937,0.929757,1
20210401T124246,20210604T143542,64.0784,145,A5,0.374339,0.182238,0
20210401T124246,20210604T143542,64.0784,146,A5,-0.094490,0.289970,1
20210401T124246,20210604T143542,64.0784,147,A5,0.068502,1.198483,0
20210401T124246,20210604T143542,64.0784,148,A5,0.210965,0.777171,1
20210401T124246,20210604T143542,64.0784,149,A5,-0.277901,0.990391,1
20210401T124246,20210604T143542,64.0784,150,A5,-0.184805,0.982831,0
20210401T124246,20210604T143542,64.0784,151,A5,-0.028711,0.452132,1
20210401T124246,20210604T143542,64.0784,152,A5,0.245262,0.479216,0
20210401T124246,20210604T143542,64.0784,153,A5,0.164841,0.141872,1
20210401T124246,20210604T143542,64.0784,154,A5,0.237672,0.122853,1
20210401T124246,20210604T143542,64.0784,155,A5,-0.262132,1.303964,0
20210401T124246,20210604T143542,64.0784,156,A5,0.373423,0.434645,1
20210401T124246,20210604T143542,64.0784,157,A5,-0.044871,0.000000,1
20210401T124246,20210604T143542,64.0784,158,A5,0.450269,0.127804,1
20210401T124246,20210604T143542,64.0784,159,A5,0.141032,0.188684,0
20210401T124246,20210604T143542,64.0784,160,A5,0.070212,0.911745,0
20210401T124246,20210708T131736,98.0242,1,A1,0.163241,0.641956,0
20210401T124246,20210708T131736,98.0242,2,A1,-0.161755,0.876030,1
20210401T124246,20210708T131736,98.0242,3,A1,0.132310,1.735995,0
20210401T124246,20210708T131736,98.0242,4,A1,-0.110942,0.162597,1
20210401T124246,20210708T131736,98.0242,5,A1,0.182442,0.446687,0
20210401T124246,20210708T131736,98.0242,6,A1,0.311406,0.209570,1
20210401T124246,20210708T131736,98.0242,7,A1,-0.363390,0.213985,0
20210401T124246,20210708T131736,98.0242,8,A1,0.075553,0.648844,1
20210401T124246,20210708T131736,98.0242,9,A1,-0.186778,0.729275,0
20210401T124246,20210708T131736,98.0242,10,A1,0.016978,0.307591,0
20210401T124246,20210708T131736,98.0242,11,A1,0.475901,0.248342,0
20210401T124246,20210708T131736,98.0242,12,A1,-0.503832,0.869836,0
20210401T124246,20210708T131736,98.0242,13,A1,0.137782,0.885125,0
20210401T124246,20210708T131736,98.0242,14,A1,-0.165900,0.156219,0
20210401T124246,20210708T131736,98.0242,15,A1,0.019809,1.720722,0
20210401T124246,20210708T131736,98.0242,16,A1,-0.338449,0.207828,0
20210401T124246,20210708T131736,98.0242,17,A1,0.063210,0.619089,0
20210401T124246,20210708T131736,98.0242,18,A1,-0.386510,1.393677,0
20210401T124246,20210708T131736,98.0242,19,A1,0.374434,2.000000,0
20210401T124246,20210708T131736,98.0242,20,A1,-0.507997,1.364695,0
20210401T124246,20210708T131736,98.0242,21,A1,0.031457,0.430430,1
20210401T124246,20210708T131736,98.0242,22,A1,-0.448817,1.454067,0
20210401T124246,20210708T131736,98.0242,23,A1,0.129061,0.180460,0
20210401T124246,20210708T131736,98.0242,24,A1,-0.550903,1.466942,0
20210401T124246,20210708T131736,98.0242,25,A1,-0.162313,0.230886,1
20210401T124246,20210708T131736,98.0242,26,A1,-0.847962,2.000000,0
20210401T124246,20210708T131736,98.0242,27,A1,-0.115219,0.164812,0
20210401T124246,20210708T131736,98.0242,28,A1,-0.583710,0.870123,0
20210401T124246,20210708T131736,98.0242,29,A1,-0.233222,2.000000,0
20210401T124246,20210708T131736,98.0242,30,A1,-0.132111,0.477791,0
20210401T124246,20210708T131736,98.0242,31,A1,0.161162,0.553435,0
20210401T124246,20210708T131736,98.0242,32,A1,-0.464768,1.961336,0
20210401T124246,20210708T131736,98.0242,33,A2,-0.066465,0.910594,1
20210401T124246,20210708T131736,98.0242,34,A2,0.207678,0.450937,1
20210401T124246,20210708T131736,98.0242,35,A2,0.132491,0.255876,0
20210401T124246,20210708T131736,98.0242,36,A2,0.062053,0.053781,1
20210401T124246,20210708T131736,98.0242,37,A2,-0.259771,0.280664,0
20210401T124246,20210708T131736,98.0242,38,A2,-0.004751,0.838347,1
20210401T124246,20210708T131736,98.0242,39,A2,0.128048,0.140469,1
20210401T124246,20210708T131736,98.0242,40,A2,0.224283,0.217076,1
20210401T124246,20210708T131736,98.0242,41,A2,0.239142,0.500334,0
20210401T124246,20210708T131736,98.0242,42,A2,0.200432,0.436186,1
20210401T124246,20210708T131736,98.0242,43,A2,-0.334917,0.270398,0
20210401T124246,20210708T131736,98.0242,44,A2,-0.042005,0.207599,1
20210401T124246,20210708T131736,98.0242,45,A2,0.190864,0.865144,1
20210401T124246,20210708T131736,98.0242,46,A2,-0.378348,0.076223,1
20210401T124246,20210708T131736,98.0242,47,A2,0.089405,0.152616,0
20210401T124246,20210708T131736,98.0242,48,A2,0.027082,1.241425,0
20210401T124246,20210708T131736,98.0242,49,A2,0.338293,0.298790,1
20210401T124246,20210708T131736,98.0242,50,A2,0.403476,0.670077,0
20210401T124246,20210708T131736,98.0242,51,A2,0.139002,1.195960,0
20210401T124246,20210708T131736,98.0242,52,A2,-0.037114,1.581345,0
20210401T124246,20210708T131736,98.0242,53,A2,0.120019,0.939128,1
20210401T124246,20210708T131736,98.0242,54,A2,0.303384,0.050144,1
20210401T124246,20210708T131736,98.0242,55,A2,-0.241922,1.328425,0
20210401T124246,20210708T131736,98.0242,56,A2,0.400090,0.230450,0
20210401T124246,20210708T131736,98.0242,57,A2,-0.064035,0.349175,1
20210401T124246,20210708T131736,98.0242,58,A2,0.337931,1.011315,0
20210401T124246,20210708T131736,98.0242,59,A2,0.435824,0.815502,1
20210401T124246,20210708T131736,98.0242,60,A2,-0.075773,0.109614,0
20210401T124246,20210708T131736,98.0242,61,A2,0.057008,0.373897,0
20210401T124246,20210708T131736,98.0242,62,A2,-0.058918,1.056107,0
20210401T124246,20210708T131736,98.0242,63,A2,0.475853,0.764286,1
20210401T124246,20210708T131736,98.0242,64,A2,0.050976,0.245196,1
20210401T124246,20210708T131736,98.0242,65,A3,-0.008660,0.142043,0
20210401T124246,20210708T131736,98.0242,66,A3,0.223553,1.959201,0
20210401T124246,20210708T131736,98.0242,67,A3,0.127145,0.032503,1
20210401T124246,20210708T131736,98.0242,68,A3,-0.194565,0.883425,1
20210401T124246,20210708T131736,98.0242,69,A3,0.111959,0.630355,0
20210401T124246,20210708T131736,98.0242,70,A3,-0.049084,0.276968,0
20210401T124246,20210708T131736,98.0242,71,A3,0.017691,0.030370,1
20210401T124246,20210708T131736,98.0242,72,A3,-0.282149,0.658820,1
20210401T124246,20210708T131736,98.0242,73,A3,0.241791,0.274631,1
20210401T124246,20210708T131736,98.0242,74,A3,0.062976,0.039182,1
20210401T124246,20210708T131736,98.0242,75,A3,-0.051681,0.105909,1
20210401T124246,20210708T131736,98.0242,76,A3,-0.457366,1.284023,0
20210401T124246,20210708T131736,98.0242,77,A3,0.142453,0.412918,0
20210401T124246,20210708T131736,98.0242,78,A3,-0.087860,0.138520,0
20210401T124246,20210708T131736,98.0242,79,A3,0.002759,0.232253,1
20210401T124246,20210708T131736,98.0242,80,A3,0.167610,0.009735,1
20210401T124246,20210708T131736,98.0242,81,A3,0.121561,0.234277,0
20210401T124246,20210708T131736,98.0242,82,A3,0.104126,0.225191,0
20210401T124246,20210708T131736,98.0242,83,A3,-0.121277,0.999055,1
20210401T124246,20210708T131736,98.0242,84,A3,-0.128650,0.026365,1
20210401T124246,20210708T131736,98.0242,85,A3,-0.075072,0.549215,0
20210401T124246,20210708T131736,98.0242,86,A3,0.122505,1.000050,0
20210401T124246,20210708T131736,98.0242,87,A3,0.107721,0.212972,1
20210401T124246,20210708T131736,98.0242,88,A3,-0.092284,0.081963,1
20210401T124246,20210708T131736,98.0242,89,A3,0.130183,1.002388,0
20210401T124246,20210708T131736,98.0242,90,A3,-0.207014,0.280718,0
20210401T124246,20210708T131736,98.0242,91,A3,-0.079049,0.347749,1
20210401T124246,20210708T131736,98.0242,92,A3,0.073842,0.125141,1
20210401T124246,20210708T131736,98.0242,93,A3,0.063211,0.174349,0
20210401T124246,20210708T131736,98.0242,94,A3,0.104793,0.071881,1
20210401T124246,20210708T131736,98.0242,95,A3,0.115553,0.091436,0
20210401T124246,20210708T131736,98.0242,96,A3,-0.151195,0.275241,0
20210401T124246,20210708T131736,98.0242,97,A4,-0.046707,1.240076,0
20210401T124246,20210708T131736,98.0242,98,A4,0.163304,0.677391,0
20210401T124246,20210708T131736,98.0242,99,A4,-0.150291,0.000000,1
20210401T124246,20210708T131736,98.0242,100,A4,-0.192894,0.026373,0
20210401T124246,20210708T131736,98.0242,101,A4,0.029444,0.000677,1
20210401T124246,20210708T131736,98.0242,102,A4,0.159377,0.021386,1
20210401T124246,20210708T131736,98.0242,103,A4,0.274076,0.083811,1
20210401T124246,20210708T131736,98.0242,104,A4,-0.075515,0.061472,0
20210401T124246,20210708T131736,98.0242,105,A4,-0.200809,0.081697,1
20210401T124246,20210708T131736,98.0242,106,A4,-0.051726,0.024629,1
20210401T124246,20210708T131736,98.0242,107,A4,-0.172199,0.065229,1
20210401T124246,20210708T131736,98.0242,108,A4,0.198140,1.026645,0
20210401T124246,20210708T131736,98.0242,109,A4,0.355445,0.000000,1
20210401T124246,20210708T131736,98.0242,110,A4,-0.010659,0.957661,1
20210401T124246,20210708T131736,98.0242,111,A4,0.017868,0.099690,0
20210401T124246,20210708T131736,98.0242,112,A4,0.116573,0.780509,1
20210401T124246,20210708T131736,98.0242,113,A4,0.063122,0.462561,0
20210401T124246,20210708T131736,98.0242,114,A4,0.033041,0.032105,1
20210401T124246,20210708T131736,98.0242,115,A4,-0.069312,0.393347,1
20210401T124246,20210708T131736,98.0242,116,A4,-0.109428,0.011331,1
20210401T124246,20210708T131736,98.0242,117,A4,-0.274844,0.008470,1
20210401T124246,20210708T131736,98.0242,118,A4,-0.131183,0.304953,0
20210401T124246,20210708T131736,98.0242,119,A4,-0.126364,1.038359,0
20210401T124246,20210708T131736,98.0242,120,A4,0.403262,0.127365,0
20210401T124246,20210708T131736,98.0242,121,A4,-0.211619,1.089629,0
20210401T124246,20210708T131736,98.0242,122,A4,0.358254,0.056369,0
20210401T124246,20210708T131736,98.0242,123,A4,-0.123097,0.182295,0
20210401T124246,20210708T131736,98.0242,124,A4,0.022593,0.072970,1
20210401T124246,20210708T131736,98.0242,125,A4,-0.070659,0.386163,0
20210401T124246,20210708T131736,98.0242,126,A4,-0.244094,0.336261,1
20210401T124246,20210708T131736,98.0242,127,A4,-0.046674,0.368650,0
20210401T124246,20210708T131736,98.0242,128,A4,-0.189748,0.627308,0
20210401T124246,20210708T131736,98.0242,129,A5,0.004635,0.898497,1
20210401T124246,20210708T131736,98.0242,130,A5,-0.062447,0.508735,1
20210401T124246,20210708T131736,98.0242,131,A5,-0.090137,0.121376,0
20210401T124246,20210708T131736,98.0242,132,A5,-0.061274,0.362839,0
20210401T124246,20210708T131736,98.0242,133,A5,-0.260448,1.718207,0
20210401T124246,20210708T131736,98.0242,134,A5,-0.013391,0.816350,0
20210401T124246,20210708T131736,98.0242,135,A5,-0.061018,2.000000,0
20210401T124246,20210708T131736,98.0242,136,A5,0.161947,1.391409,0
20210401T124246,20210708T131736,98.0242,137,A5,0.126272,0.817314,0
20210401T124246,20210708T131736,98.0242,138,A5,-0.304658,1.061346,0
20210401T124246,20210708T131736,98.0242,139,A5,0.003515,0.336872,0
20210401T124246,20210708T131736,98.0242,140,A5,0.450861,0.890754,0
20210401T124246,20210708T131736,98.0242,141,A5,0.277327,0.034584,1
20210401T124246,20210708T131736,98.0242,142,A5,-0.021381,0.133403,0
20210401T124246,20210708T131736,98.0242,143,A5,-0.093123,0.123684,1
20210401T124246,20210708T131736,98.0242,144,A5,-0.002358,0.892527,1
20210401T124246,20210708T131736,98.0242,145,A5,-0.343154,0.229078,0
20210401T124246,20210708T131736,98.0242,146,A5,-0.157781,0.990468,1
20210401T124246,20210708T131736,98.0242,147,A5,0.194899,1.019517,0
20210401T124246,20210708T131736,98.0242,148,A5,0.109390,0.151237,1
20210401T124246,20210708T131736,98.0242,149,A5,-0.174445,0.145221,0
20210401T124246,20210708T131736,98.0242,150,A5,-0.216743,0.246564,0
20210401T124246,20210708T131736,98.0242,151,A5,-0.054172,0.553107,0
20210401T124246,20210708T131736,98.0242,152,A5,-0.177827,0.324763,0
20210401T124246,20210708T131736,98.0242,153,A5,0.078549,0.369036,0
20210401T124246,20210708T131736,98.0242,154,A5,0.032315,0.226241,1
20210401T124246,20210708T131736,98.0242,155,A5,-0.127494,0.977212,1
20210401T124246,20210708T131736,98.0242,156,A5,0.092781,0.066893,1
20210401T124246,20210708T131736,98.0242,157,A5,0.244804,1.370249,0
20210401T124246,20210708T131736,98.0242,158,A5,-0.152750,0.047989,1
20210401T124246,20210708T131736,98.0242,159,A5,0.365657,0.169871,0
20210401T124246,20210708T131736,98.0242,160,A5,-0.076770,1.694253,0
20210401T124246,20210709T103307,98.9100,1,A1,-0.355848,0.444707,1
20210401T124246,20210709T103307,98.9100,2,A1,-0.195094,0.507307,1
20210401T124246,20210709T103307,98.9100,3,A1,0.177089,0.617831,1
20210401T124246,20210709T103307,98.9100,4,A1,-0.140130,0.047828,1
20210401T124246,20210709T103307,98.9100,5,A1,-0.006514,0.597116,1
20210401T124246,20210709T103307,98.9100,6,A1,0.184428,0.213306,1
20210401T124246,20210709T103307,98.9100,7,A1,-0.085312,0.111925,1
20210401T124246,20210709T103307,98.9100,8,A1,0.156033,0.648844,1
20210401T124246,20210709T103307,98.9100,9,A1,-0.108897,0.709694,0
20210401T124246,20210709T103307,98.9100,10,A1,0.230217,0.362286,0
20210401T124246,20210709T103307,98.9100,11,A1,0.109037,0.803181,1
20210401T124246,20210709T103307,98.9100,12,A1,-0.283151,1.618861,0
20210401T124246,20210709T103307,98.9100,13,A1,-0.221660,0.478894,0
20210401T124246,20210709T103307,98.9100,14,A1,-0.365016,0.975470,1
20210401T124246,20210709T103307,98.9100,15,A1,-0.116074,2.000000,0
20210401T124246,20210709T103307,98.9100,16,A1,-0.060363,0.499051,0
20210401T124246,20210709T103307,98.9100,17,A1,0.124172,0.479077,0
20210401T124246,20210709T103307,98.9100,18,A1,0.023581,0.512234,1
20210401T124246,20210709T103307,98.9100,19,A1,0.621629,0.562413,1
20210401T124246,20210709T103307,98.9100,20,A1,-0.525402,1.214384,0
20210401T124246,20210709T103307,98.9100,21,A1,0.006255,1.528852,0
20210401T124246,20210709T103307,98.9100,22,A1,-0.197799,1.454067,0
20210401T124246,20210709T103307,98.9100,23,A1,0.193269,0.108335,0
20210401T124246,20210709T103307,98.9100,24,A1,-0.547245,1.466942,0
20210401T124246,20210709T103307,98.9100,25,A1,-0.094758,0.005784,1
20210401T124246,20210709T103307,98.9100,26,A1,-0.031807,1.014803,0
20210401T124246,20210709T103307,98.9100,27,A1,0.303170,0.393366,0
20210401T124246,20210709T103307,98.9100,28,A1,-0.461732,0.991283,0
20210401T124246,20210709T103307,98.9100,29,A1,-0.318341,2.000000,0
20210401T124246,20210709T103307,98.9100,30,A1,0.164196,0.001346,1
20210401T124246,20210709T103307,98.9100,31,A1,0.355707,0.111328,1
20210401T124246,20210709T103307,98.9100,32,A1,-0.389260,1.711550,0
20210401T124246,20210709T103307,98.9100,33,A2,-0.043687,0.549754,1
20210401T124246,20210709T103307,98.9100,34,A2,0.043360,0.405144,1
20210401T124246,20210709T103307,98.9100,35,A2,-0.407238,0.098308,1
20210401T124246,20210709T103307,98.9100,36,A2,0.456866,0.187569,0
20210401T124246,20210709T103307,98.9100,37,A2,0.007740,1.235617,0
20210401T124246,20210709T103307,98.9100,38,A2,-0.012407,0.885943,0
20210401T124246,20210709T103307,98.9100,39,A2,0.141807,0.720034,1
20210401T124246,20210709T103307,98.9100,40,A2,-0.088249,0.880262,0
20210401T124246,20210709T103307,98.9100,41,A2,0.151538,0.185921,1
20210401T124246,20210709T103307,98.9100,42,A2,0.165691,0.438828,1
20210401T124246,20210709T103307,98.9100,43,A2,-0.318324,0.668222,0
20210401T124246,20210709T103307,98.9100,44,A2,0.186166,0.147621,1
20210401T124246,20210709T103307,98.9100,45,A2,-0.244742,0.000000,1
20210401T124246,20210709T103307,98.9100,46,A2,0.442256,0.269115,0
20210401T124246,20210709T103307,98.9100,47,A2,0.175802,0.205428,0
20210401T124246,20210709T103307,98.9100,48,A2,-0.002212,1.074485,0
20210401T124246,20210709T103307,98.9100,49,A2,0.503746,0.010798,1
20210401T124246,20210709T103307,98.9100,50,A2,0.283489,1.285201,0
20210401T124246,20210709T103307,98.9100,51,A2,-0.136305,0.000000,1
20210401T124246,20210709T103307,98.9100,52,A2,-0.299252,1.886670,0
20210401T124246,20210709T103307,98.9100,53,A2,0.146556,0.939128,1
20210401T124246,20210709T103307,98.9100,54,A2,0.222164,0.082589,1
20210401T124246,20210709T103307,98.9100,55,A2,-0.142011,0.358804,0
20210401T124246,20210709T103307,98.9100,56,A2,-0.049097,0.196061,1
20210401T124246,20210709T103307,98.9100,57,A2,0.078284,0.751901,0
20210401T124246,20210709T103307,98.9100,58,A2,0.331876,0.176159,1
20210401T124246,20210709T103307,98.9100,59,A2,0.159430,0.000000,1
20210401T124246,20210709T103307,98.9100,60,A2,-0.240240,0.200759,0
20210401T124246,20210709T103307,98.9100,61,A2,-0.124141,0.582844,1
20210401T124246,20210709T103307,98.9100,62,A2,0.196247,1.627481,0
20210401T124246,20210709T103307,98.9100,63,A2,-0.057597,0.922674,1
20210401T124246,20210709T103307,98.9100,64,A2,-0.129106,0.361936,0
20210401T124246,20210709T103307,98.9100,65,A3,0.000149,0.469666,1
20210401T124246,20210709T103307,98.9100,66,A3,0.040806,1.340676,0
20210401T124246,20210709T103307,98.9100,67,A3,-0.183937,0.902161,1
20210401T124246,20210709T103307,98.9100,68,A3,-0.228179,0.058839,1
20210401T124246,20210709T103307,98.9100,69,A3,0.184155,0.121304,0
20210401T124246,20210709T103307,98.9100,70,A3,-0.123550,0.364244,1
20210401T124246,20210709T103307,98.9100,71,A3,0.188969,0.022696,1
20210401T124246,20210709T103307,98.9100,72,A3,-0.069974,0.079708,1
20210401T124246,20210709T103307,98.9100,73,A3,0.015194,0.551907,0
20210401T124246,20210709T103307,98.9100,74,A3,0.341340,0.050706,1
20210401T124246,20210709T103307,98.9100,75,A3,0.141973,0.408763,0
20210401T124246,20210709T103307,98.9100,76,A3,0.220655,0.285746,0
20210401T124246,20210709T103307,98.9100,77,A3,-0.032797,1.301743,0
20210401T124246,20210709T103307,98.9100,78,A3,-0.226675,0.026839,0
20210401T124246,20210709T103307,98.9100,79,A3,0.072596,0.113600,1
20210401T124246,20210709T103307,98.9100,80,A3,-0.181234,0.311734,0
20210401T124246,20210709T103307,98.9100,81,A3,-0.301912,0.655130,0
20210401T124246,20210709T103307,98.9100,82,A3,0.092433,0.260778,0
20210401T124246,20210709T103307,98.9100,83,A3,-0.009739,0.935758,1
20210401T124246,20210709T103307,98.9100,84,A3,0.063849,0.119945,1
20210401T124246,20210709T103307,98.9100,85,A3,-0.037291,0.116766,1
20210401T124246,20210709T103307,98.9100,86,A3,-0.054544,0.196132,0
20210401T124246,20210709T103307,98.9100,87,A3,-0.279858,0.232268,1
20210401T124246,20210709T103307,98.9100,88,A3,-0.195908,0.216909,0
20210401T124246,20210709T103307,98.9100,89,A3,0.091910,0.983494,1
20210401T124246,20210709T103307,98.9100,90,A3,-0.017859,0.190694,0
20210401T124246,20210709T103307,98.9100,91,A3,0.128418,0.370542,1
20210401T124246,20210709T103307,98.9100,92,A3,-0.362558,0.499938,1
20210401T124246,20210709T103307,98.9100,93,A3,0.057428,0.207754,0
20210401T124246,20210709T103307,98.9100,94,A3,0.298294,0.056399,1
20210401T124246,20210709T103307,98.9100,95,A3,-0.508368,0.083521,0
20210401T124246,20210709T103307,98.9100,96,A3,0.172046,0.252130,0
20210401T124246,20210709T103307,98.9100,97,A4,-0.159714,0.671363,0
20210401T124246,20210709T103307,98.9100,98,A4,-0.039070,0.363127,0
20210401T124246,20210709T103307,98.9100,99,A4,-0.014333,1.260606,0
20210401T124246,20210709T103307,98.9100,100,A4,-0.128271,0.138311,0
20210401T124246,20210709T103307,98.9100,101,A4,0.299116,0.121714,0
20210401T124246,20210709T103307,98.9100,102,A4,0.267491,0.047772,1
20210401T124246,20210709T103307,98.9100,103,A4,0.165073,0.065568,1
20210401T124246,20210709T103307,98.9100,104,A4,-0.125656,0.043891,1
20210401T124246,20210709T103307,98.9100,105,A4,0.186450,0.096807,1
20210401T124246,20210709T103307,98.9100,106,A4,0.242490,0.083337,1
20210401T124246,20210709T103307,98.9100,107,A4,-0.090582,0.206630,1
20210401T124246,20210709T103307,98.9100,108,A4,0.153141,0.980544,1
20210401T124246,20210709T103307,98.9100,109,A4,0.159681,0.838696,1
20210401T124246,20210709T103307,98.9100,110,A4,-0.026637,0.963477,1
20210401T124246,20210709T103307,98.9100,111,A4,-0.000090,0.044161,1
20210401T124246,20210709T103307,98.9100,112,A4,-0.283696,0.298111,0
20210401T124246,20210709T103307,98.9100,113,A4,-0.073399,0.369177,0
20210401T124246,20210709T103307,98.9100,114,A4,-0.057112,0.030158,1
20210401T124246,20210709T103307,98.9100,115,A4,0.132261,0.487060,0
20210401T124246,20210709T103307,98.9100,116,A4,0.150126,0.075574,1
20210401T124246,20210709T103307,98.9100,117,A4,-0.413037,0.010525,1
20210401T124246,20210709T103307,98.9100,118,A4,-0.031836,0.406221,0
20210401T124246,20210709T103307,98.9100,119,A4,-0.036861,1.038359,0
20210401T124246,20210709T103307,98.9100,120,A4,-0.003331,0.218974,0
20210401T124246,20210709T103307,98.9100,121,A4,0.109385,0.147721,0
20210401T124246,20210709T103307,98.9100,122,A4,-0.293330,0.459856,1
20210401T124246,20210709T103307,98.9100,123,A4,0.122232,0.501554,1
20210401T124246,20210709T103307,98.9100,124,A4,-0.064816,0.053311,1
20210401T124246,20210709T103307,98.9100,125,A4,-0.127537,0.302199,0
20210401T124246,20210709T103307,98.9100,126,A4,0.171817,0.382641,0
20210401T124246,20210709T103307,98.9100,127,A4,-0.313080,0.409368,0
20210401T124246,20210709T103307,98.9100,128,A4,-0.089633,0.026755,1
20210401T124246,20210709T103307,98.9100,129,A5,-0.361987,1.035109,0
20210401T124246,20210709T103307,98.9100,130,A5,-0.147612,0.453370,1
20210401T124246,20210709T103307,98.9100,131,A5,0.002656,0.297194,0
20210401T124246,20210709T103307,98.9100,132,A5,-0.010790,0.400779,0
20210401T124246,20210709T103307,98.9100,133,A5,-0.353979,1.718207,0
20210401T124246,20210709T103307,98.9100,134,A5,-0.201038,0.787016,0
20210401T124246,20210709T103307,98.9100,135,A5,0.180601,2.000000,0
20210401T124246,20210709T103307,98.9100,136,A5,-0.150891,1.269164,0
20210401T124246,20210709T103307,98.9100,137,A5,-0.051945,0.553130,0
20210401T124246,20210709T103307,98.9100,138,A5,0.085278,2.000000,0
20210401T124246,20210709T103307,98.9100,139,A5,0.054617,0.158615,1
20210401T124246,20210709T103307,98.9100,140,A5,-0.147355,0.604792,1
20210401T124246,20210709T103307,98.9100,141,A5,-0.142946,0.090222,0
20210401T124246,20210709T103307,98.9100,142,A5,-0.050523,0.149823,0
20210401T124246,20210709T103307,98.9100,143,A5,0.049663,0.052700,1
20210401T124246,20210709T103307,98.9100,144,A5,0.431588,1.038408,0
20210401T124246,20210709T103307,98.9100,145,A5,0.615662,0.056408,1
20210401T124246,20210709T103307,98.9100,146,A5,0.178648,0.000000,1
20210401T124246,20210709T103307,98.9100,147,A5,0.046690,1.556524,0
20210401T124246,20210709T103307,98.9100,148,A5,-0.006556,0.400576,0
20210401T124246,20210709T103307,98.9100,149,A5,-0.150873,0.374001,0
20210401T124246,20210709T103307,98.9100,150,A5,0.130985,0.098759,1
20210401T124246,20210709T103307,98.9100,151,A5,0.217054,0.650912,0
20210401T124246,20210709T103307,98.9100,152,A5,0.027714,0.012164,1
20210401T124246,20210709T103307,98.9100,153,A5,0.027099,0.725274,1
20210401T124246,20210709T103307,98.9100,154,A5,0.163918,0.314226,1
20210401T124246,20210709T103307,98.9100,155,A5,-0.175598,0.918938,1
20210401T124246,20210709T103307,98.9100,156,A5,-0.095317,0.012120,0
20210401T124246,20210709T103307,98.9100,157,A5,0.106968,1.095518,0
20210401T124246,20210709T103307,98.9100,158,A5,-0.069980,0.347878,1
20210401T124246,20210709T103307,98.9100,159,A5,-0.026833,0.096572,0
20210401T124246,20210709T103307,98.9100,160,A5,0.230252,0.751159,0
20210401T124246,20210715T105108,104.9225,1,A1,0.305017,0.472270,1
20210401T124246,20210715T105108,104.9225,2,A1,-0.353289,0.106404,1
20210401T124246,20210715T105108,104.9225,3,A1,0.296522,1.735995,0
20210401T124246,20210715T105108,104.9225,4,A1,-0.167877,1.198698,0
20210401T124246,20210715T105108,104.9225,5,A1,-0.124906,0.455296,1
20210401T124246,20210715T105108,104.9225,6,A1,0.187663,0.328820,0
20210401T124246,20210715T105108,104.9225,7,A1,-0.092070,0.800342,1
20210401T124246,20210715T105108,104.9225,8,A1,-0.089952,0.000659,1
20210401T124246,20210715T105108,104.9225,9,A1,0.238527,0.297500,0
20210401T124246,20210715T105108,104.9225,10,A1,-0.012746,0.703912,1
20210401T124246,20210715T105108,104.9225,11,A1,-0.224645,0.488822,0
20210401T124246,20210715T105108,104.9225,12,A1,-0.428771,1.216194,0
20210401T124246,20210715T105108,104.9225,13,A1,0.241691,0.249475,0
20210401T124246,20210715T105108,104.9225,14,A1,-0.375569,0.608811,1
20210401T124246,20210715T105108,104.9225,15,A1,-0.098673,0.929163,1
20210401T124246,20210715T105108,104.9225,16,A1,-0.254919,0.288906,0
20210401T124246,20210715T105108,104.9225,17,A1,0.095131,0.243366,0
20210401T124246,20210715T105108,104.9225,18,A1,-0.251579,0.848963,0
20210401T124246,20210715T105108,104.9225,19,A1,0.225158,2.000000,0
20210401T124246,20210715T105108,104.9225,20,A1,-0.498958,1.364695,0
20210401T124246,20210715T105108,104.9225,21,A1,0.011212,1.059469,0
20210401T124246,20210715T105108,104.9225,22,A1,0.399349,0.572334,0
20210401T124246,20210715T105108,104.9225,23,A1,0.303582,0.106334,1
20210401T124246,20210715T105108,104.9225,24,A1,-0.278176,1.466942,0
20210401T124246,20210715T105108,104.9225,25,A1,-0.228153,1.110123,0
20210401T124246,20210715T105108,104.9225,26,A1,-0.480267,2.000000,0
20210401T124246,20210715T105108,104.9225,27,A1,-0.130978,0.130383,1
20210401T124246,20210715T105108,104.9225,28,A1,-0.527795,1.145545,0
20210401T124246,20210715T105108,104.9225,29,A1,-0.041104,1.530061,0
20210401T124246,20210715T105108,104.9225,30,A1,-0.148317,0.366225,1
20210401T124246,20210715T105108,104.9225,31,A1,-0.227305,0.759337,1
20210401T124246,20210715T105108,104.9225,32,A1,-0.295761,1.961336,0
20210401T124246,20210715T105108,104.9225,33,A2,0.275875,0.910594,1
20210401T124246,20210715T105108,104.9225,34,A2,0.500161,1.483565,0
20210401T124246,20210715T105108,104.9225,35,A2,0.253125,0.049485,1
20210401T124246,20210715T105108,104.9225,36,A2,0.026299,0.114621,1
20210401T124246,20210715T105108,104.9225,37,A2,0.125733,0.535175,0
20210401T124246,20210715T105108,104.9225,38,A2,-0.174083,1.496987,0
20210401T124246,20210715T105108,104.9225,39,A2,0.082530,0.015493,1
20210401T124246,20210715T105108,104.9225,40,A2,-0.127763,0.046724,1
20210401T124246,20210715T105108,104.9225,41,A2,-0.045709,0.604495,0
20210401T124246,20210715T105108,104.9225,42,A2,0.116728,0.558172,0
20210401T124246,20210715T105108,104.9225,43,A2,0.107369,0.060069,1
20210401T124246,20210715T105108,104.9225,44,A2,0.357186,0.832120,0
20210401T124246,20210715T105108,104.9225,45,A2,0.094753,1.062643,0
20210401T124246,20210715T105108,104.9225,46,A2,0.336161,0.021204,0
20210401T124246,20210715T105108,104.9225,47,A2,0.066452,0.188803,0
20210401T124246,20210715T105108,104.9225,48,A2,0.100755,1.090845,0
20210401T124246,20210715T105108,104.9225,49,A2,0.251624,0.150459,1
20210401T124246,20210715T105108,104.9225,50,A2,0.289563,1.285201,0
20210401T124246,20210715T105108,104.9225,51,A2,0.055796,1.147188,0
20210401T124246,20210715T105108,104.9225,52,A2,-0.075635,1.886670,0
20210401T124246,20210715T105108,104.9225,53,A2,0.039616,0.876621,0
20210401T124246,20210715T105108,104.9225,54,A2,0.366749,0.043373,1
20210401T124246,20210715T105108,104.9225,55,A2,0.083898,0.325368,1
20210401T124246,20210715T105108,104.9225,56,A2,0.261700,0.104377,1
20210401T124246,20210715T105108,104.9225,57,A2,0.345813,0.020578,0
20210401T124246,20210715T105108,104.9225,58,A2,-0.010195,0.633099,1
20210401T124246,20210715T105108,104.9225,59,A2,0.192331,0.000000,1
20210401T124246,20210715T105108,104.9225,60,A2,-0.031327,0.444531,1
20210401T124246,20210715T105108,104.9225,61,A2,-0.107615,0.436819,0
20210401T124246,20210715T105108,104.9225,62,A2,0.254828,0.000000,1
20210401T124246,20210715T105108,104.9225,63,A2,-0.097814,0.000000,1
20210401T124246,20210715T105108,104.9225,64,A2,0.201444,0.055807,1
20210401T124246,20210715T105108,104.9225,65,A3,0.050611,0.920020,1
20210401T124246,20210715T105108,104.9225,66,A3,-0.024844,0.960079,1
20210401T124246,20210715T105108,104.9225,67,A3,0.093287,0.071859,1
20210401T124246,20210715T105108,104.9225,68,A3,0.062775,0.094548,1
20210401T124246,20210715T105108,104.9225,69,A3,0.091317,0.914495,1
20210401T124246,20210715T105108,104.9225,70,A3,0.177994,0.064973,0
20210401T124246,20210715T105108,104.9225,71,A3,-0.072747,0.097106,1
20210401T124246,20210715T105108,104.9225,72,A3,-0.060118,0.171087,1
20210401T124246,20210715T105108,104.9225,73,A3,0.244814,0.146654,1
20210401T124246,20210715T105108,104.9225,74,A3,0.180437,0.207984,1
20210401T124246,20210715T105108,104.9225,75,A3,0.018448,0.247301,1
20210401T124246,20210715T105108,104.9225,76,A3,-0.010714,0.124746,1
20210401T124246,20210715T105108,104.9225,77,A3,-0.024982,0.057837,1
20210401T124246,20210715T105108,104.9225,78,A3,0.232631,0.827233,1
20210401T124246,20210715T105108,104.9225,79,A3,0.129116,0.356019,0
20210401T124246,20210715T105108,104.9225,80,A3,-0.178844,0.165218,0
20210401T124246,20210715T105108,104.9225,81,A3,0.238003,0.395313,0
20210401T124246,20210715T105108,104.9225,82,A3,0.182307,0.603350,0
20210401T124246,20210715T105108,104.9225,83,A3,0.335713,1.023452,0
20210401T124246,20210715T105108,104.9225,84,A3,0.138868,1.088453,0
20210401T124246,20210715T105108,104.9225,85,A3,0.023044,0.266381,0
20210401T124246,20210715T105108,104.9225,86,A3,0.015295,0.214017,0
20210401T124246,20210715T105108,104.9225,87,A3,0.084068,0.205379,1
20210401T124246,20210715T105108,104.9225,88,A3,0.138286,0.197670,0
20210401T124246,20210715T105108,104.9225,89,A3,0.306831,0.918636,1
20210401T124246,20210715T105108,104.9225,90,A3,-0.157867,0.101187,1
20210401T124246,20210715T105108,104.9225,91,A3,-0.005711,0.409704,0
20210401T124246,20210715T105108,104.9225,92,A3,0.030889,0.169367,0
20210401T124246,20210715T105108,104.9225,93,A3,0.118857,0.134030,1
20210401T124246,20210715T105108,104.9225,94,A3,-0.075669,0.193278,1
20210401T124246,20210715T105108,104.9225,95,A3,0.199352,0.086789,0
20210401T124246,20210715T105108,104.9225,96,A3,-0.071677,0.102024,1
20210401T124246,20210715T105108,104.9225,97,A4,0.089897,0.601936,1
20210401T124246,20210715T105108,104.9225,98,A4,-0.072277,1.125666,0
20210401T124246,20210715T105108,104.9225,99,A4,-0.174347,1.409331,0
20210401T124246,20210715T105108,104.9225,100,A4,0.260789,0.211112,0
20210401T124246,20210715T105108,104.9225,101,A4,-0.066820,0.033996,0
20210401T124246,20210715T105108,104.9225,102,A4,0.076252,0.264624,0
20210401T124246,20210715T105108,104.9225,103,A4,-0.141179,0.042806,1
20210401T124246,20210715T105108,104.9225,104,A4,-0.050653,0.115280,0
20210401T124246,20210715T105108,104.9225,105,A4,-0.235106,0.217015,0
20210401T124246,20210715T105108,104.9225,106,A4,-0.114279,0.088440,0
20210401T124246,20210715T105108,104.9225,107,A4,0.252297,0.141274,0
20210401T124246,20210715T105108,104.9225,108,A4,-0.190938,0.962505,1
20210401T124246,20210715T105108,104.9225,109,A4,-0.015285,0.000000,1
20210401T124246,20210715T105108,104.9225,110,A4,-0.045362,1.526645,0
20210401T124246,20210715T105108,104.9225,111,A4,0.114506,0.015322,1
20210401T124246,20210715T105108,104.9225,112,A4,0.133707,0.216697,1
20210401T124246,20210715T105108,104.9225,113,A4,0.119290,0.792779,1
20210401T124246,20210715T105108,104.9225,114,A4,0.113667,0.108220,0
20210401T124246,20210715T105108,104.9225,115,A4,0.213476,1.114485,0
20210401T124246,20210715T105108,104.9225,116,A4,-0.243650,0.057179,0
20210401T124246,20210715T105108,104.9225,117,A4,0.078785,0.046366,1
20210401T124246,20210715T105108,104.9225,118,A4,-0.105181,1.002338,0
20210401T124246,20210715T105108,104.9225,119,A4,0.018041,0.175041,1
20210401T124246,20210715T105108,104.9225,120,A4,-0.014399,0.210849,1
20210401T124246,20210715T105108,104.9225,121,A4,0.014949,0.094642,1
20210401T124246,20210715T105108,104.9225,122,A4,0.357255,0.137949,1
20210401T124246,20210715T105108,104.9225,123,A4,0.096835,0.000337,1
20210401T124246,20210715T105108,104.9225,124,A4,0.240122,0.376715,0
20210401T124246,20210715T105108,104.9225,125,A4,-0.107876,1.059722,0
20210401T124246,20210715T105108,104.9225,126,A4,-0.158161,0.494701,0
20210401T124246,20210715T105108,104.9225,127,A4,-0.019275,0.636677,1
20210401T124246,20210715T105108,104.9225,128,A4,-0.100637,0.066186,0
20210401T124246,20210715T105108,104.9225,129,A5,0.119231,1.155653,0
20210401T124246,20210715T105108,104.9225,130,A5,0.060462,0.482589,1
20210401T124246,20210715T105108,104.9225,131,A5,-0.102987,1.096847,0
20210401T124246,20210715T105108,104.9225,132,A5,-0.141802,1.175023,0
20210401T124246,20210715T105108,104.9225,133,A5,-0.038919,0.145094,1
20210401T124246,20210715T105108,104.9225,134,A5,0.100258,0.605854,1
20210401T124246,20210715T105108,104.9225,135,A5,0.062443,2.000000,0
20210401T124246,20210715T105108,104.9225,136,A5,0.287497,0.506159,1
20210401T124246,20210715T105108,104.9225,137,A5,0.335891,0.402143,0
20210401T124246,20210715T105108,104.9225,138,A5,0.081556,1.024073,0
20210401T124246,20210715T105108,104.9225,139,A5,0.019227,0.072881,0
20210401T124246,20210715T105108,104.9225,140,A5,-0.089957,0.764851,0
20210401T124246,20210715T105108,104.9225,141,A5,-0.188642,0.042184,1
20210401T124246,20210715T105108,104.9225,142,A5,-0.038492,0.176389,0
20210401T124246,20210715T105108,104.9225,143,A5,0.180604,0.221464,0
20210401T124246,20210715T105108,104.9225,144,A5,-0.103747,0.808965,1
20210401T124246,20210715T105108,104.9225,145,A5,-0.090196,0.096328,0
20210401T124246,20210715T105108,104.9225,146,A5,-0.080393,0.769485,1
20210401T124246,20210715T105108,104.9225,147,A5,0.073029,1.364835,0
20210401T124246,20210715T105108,104.9225,148,A5,0.043864,0.214065,1
20210401T124246,20210715T105108,104.9225,149,A5,-0.164178,0.306432,1
20210401T124246,20210715T105108,104.9225,150,A5,0.076828,0.139992,1
20210401T124246,20210715T105108,104.9225,151,A5,0.008261,1.471913,0
20210401T124246,20210715T105108,104.9225,152,A5,0.310191,0.758113,1
20210401T124246,20210715T105108,104.9225,153,A5,-0.182041,0.163423,1
20210401T124246,20210715T105108,104.9225,154,A5,0.128987,0.499944,0
20210401T124246,20210715T105108,104.9225,155,A5,-0.123777,2.000000,0
20210401T124246,20210715T105108,104.9225,156,A5,0.071052,0.015330,1
20210401T124246,20210715T105108,104.9225,157,A5,0.055519,0.995536,1
20210401T124246,20210715T105108,104.9225,158,A5,0.062172,0.028414,1
20210401T124246,20210715T105108,104.9225,159,A5,-0.309479,0.046906,1
20210401T124246,20210715T105108,104.9225,160,A5,0.165715,0.179915,1
20210401T124246,20210716T103652,105.9126,1,A1,0.179283,0.875765,0
20210401T124246,20210716T103652,105.9126,2,A1,-0.034219,0.231539,0
20210401T124246,20210716T103652,105.9126,3,A1,0.195669,1.298544,0
20210401T124246,20210716T103652,105.9126,4,A1,-0.014697,0.426717,0
20210401T124246,20210716T103652,105.9126,5,A1,-0.007260,0.059839,1
20210401T124246,20210716T103652,105.9126,6,A1,0.097387,0.141096,1
20210401T124246,20210716T103652,105.9126,7,A1,0.210057,0.538999,1
20210401T124246,20210716T103652,105.9126,8,A1,-0.220130,0.347706,1
20210401T124246,20210716T103652,105.9126,9,A1,-0.271702,0.574287,1
20210401T124246,20210716T103652,105.9126,10,A1,0.350657,1.296088,0
20210401T124246,20210716T103652,105.9126,11,A1,0.239193,0.217550,0
20210401T124246,20210716T103652,105.9126,12,A1,0.268563,1.248096,0
20210401T124246,20210716T103652,105.9126,13,A1,0.006854,0.101626,1
20210401T124246,20210716T103652,105.9126,14,A1,0.207633,0.045763,1
20210401T124246,20210716T103652,105.9126,15,A1,0.214864,2.000000,0
20210401T124246,20210716T103652,105.9126,16,A1,0.506295,0.087189,1
20210401T124246,20210716T103652,105.9126,17,A1,0.055957,0.299011,0
20210401T124246,20210716T103652,105.9126,18,A1,-0.240216,0.768394,0
20210401T124246,20210716T103652,105.9126,19,A1,0.495462,0.000000,1
20210401T124246,20210716T103652,105.9126,20,A1,-0.485829,1.364695,0
20210401T124246,20210716T103652,105.9126,21,A1,-0.147716,0.515205,1
20210401T124246,20210716T103652,105.9126,22,A1,-0.091335,0.475645,0
20210401T124246,20210716T103652,105.9126,23,A1,0.060746,0.095045,1
20210401T124246,20210716T103652,105.9126,24,A1,-0.222595,1.450518,0
20210401T124246,20210716T103652,105.9126,25,A1,-0.350353,0.492064,0
20210401T124246,20210716T103652,105.9126,26,A1,0.071654,1.111234,0
20210401T124246,20210716T103652,105.9126,27,A1,0.114417,0.535422,0
20210401T124246,20210716T103652,105.9126,28,A1,-0.333753,0.913343,0
20210401T124246,20210716T103652,105.9126,29,A1,0.358857,1.269012,0
20210401T124246,20210716T103652,105.9126,30,A1,-0.189775,0.706320,0
20210401T124246,20210716T103652,105.9126,31,A1,-0.320119,0.514561,1
20210401T124246,20210716T103652,105.9126,32,A1,0.001036,1.907372,0
20210401T124246,20210716T103652,105.9126,33,A2,-0.315200,0.910594,1
20210401T124246,20210716T103652,105.9126,34,A2,0.513941,1.448975,0
20210401T124246,20210716T103652,105.9126,35,A2,0.236890,0.817845,0
20210401T124246,20210716T103652,105.9126,36,A2,0.281215,0.242962,0
20210401T124246,20210716T103652,105.9126,37,A2,-0.025762,0.558957,0
20210401T124246,20210716T103652,105.9126,38,A2,0.130846,0.758705,1
20210401T124246,20210716T103652,105.9126,39,A2,0.184342,0.481005,0
20210401T124246,20210716T103652,105.9126,40,A2,-0.246898,0.076110,1
20210401T124246,20210716T103652,105.9126,41,A2,-0.162110,0.185538,1
20210401T124246,20210716T103652,105.9126,42,A2,0.253924,0.612170,0
20210401T124246,20210716T103652,105.9126,43,A2,-0.063613,0.131002,0
20210401T124246,20210716T103652,105.9126,44,A2,0.037417,0.263897,0
20210401T124246,20210716T103652,105.9126,45,A2,0.240100,1.087658,0
20210401T124246,20210716T103652,105.9126,46,A2,-0.022713,0.662916,0
20210401T124246,20210716T103652,105.9126,47,A2,0.337747,0.421122,1
20210401T124246,20210716T103652,105.9126,48,A2,0.028696,1.064580,0
20210401T124246,20210716T103652,105.9126,49,A2,0.338803,0.334599,1
20210401T124246,20210716T103652,105.9126,50,A2,-0.093599,1.285201,0
20210401T124246,20210716T103652,105.9126,51,A2,0.015854,1.705655,0
20210401T124246,20210716T103652,105.9126,52,A2,0.246882,1.625150,0
20210401T124246,20210716T103652,105.9126,53,A2,0.257247,0.633655,0
20210401T124246,20210716T103652,105.9126,54,A2,-0.246154,0.544909,1
20210401T124246,20210716T103652,105.9126,55,A2,0.165894,0.671575,1
20210401T124246,20210716T103652,105.9126,56,A2,-0.201544,0.113570,1
20210401T124246,20210716T103652,105.9126,57,A2,0.014046,1.004414,0
20210401T124246,20210716T103652,105.9126,58,A2,0.002772,0.980249,1
20210401T124246,20210716T103652,105.9126,59,A2,-0.113057,1.007179,0
20210401T124246,20210716T103652,105.9126,60,A2,-0.129564,0.154709,0
20210401T124246,20210716T103652,105.9126,61,A2,-0.117138,0.036940,1
20210401T124246,20210716T103652,105.9126,62,A2,0.024092,0.896394,1
20210401T124246,20210716T103652,105.9126,63,A2,0.174046,0.196827,1
20210401T124246,20210716T103652,105.9126,64,A2,0.000084,0.702664,0
20210401T124246,20210716T103652,105.9126,65,A3,-0.010474,0.006885,1
20210401T124246,20210716T103652,105.9126,66,A3,-0.111769,0.930050,1
20210401T124246,20210716T103652,105.9126,67,A3,-0.144579,1.097839,0
20210401T124246,20210716T103652,105.9126,68,A3,-0.163182,0.028621,1
20210401T124246,20210716T103652,105.9126,69,A3,0.085735,0.029816,1
20210401T124246,20210716T103652,105.9126,70,A3,-0.388783,0.420880,1
20210401T124246,20210716T103652,105.9126,71,A3,0.493684,0.027195,1
20210401T124246,20210716T103652,105.9126,72,A3,-0.075601,0.658820,1
20210401T124246,20210716T103652,105.9126,73,A3,0.044427,0.258316,0
20210401T124246,20210716T103652,105.9126,74,A3,0.154395,0.135877,0
20210401T124246,20210716T103652,105.9126,75,A3,-0.065209,0.856517,1
20210401T124246,20210716T103652,105.9126,76,A3,0.028656,0.531148,0
20210401T124246,20210716T103652,105.9126,77,A3,0.172531,1.301743,0
20210401T124246,20210716T103652,105.9126,78,A3,0.049687,0.040723,0
20210401T124246,20210716T103652,105.9126,79,A3,0.182152,0.691327,1
20210401T124246,20210716T103652,105.9126,80,A3,-0.223196,0.126976,1
20210401T124246,20210716T103652,105.9126,81,A3,0.460625,0.540510,0
20210401T124246,20210716T103652,105.9126,82,A3,0.253201,0.661541,0
20210401T124246,20210716T103652,105.9126,83,A3,0.122149,0.961888,1
20210401T124246,20210716T103652,105.9126,84,A3,0.011834,0.085346,1
20210401T124246,20210716T103652,105.9126,85,A3,0.122397,0.988433,0
20210401T124246,20210716T103652,105.9126,86,A3,-0.006660,0.087433,1
20210401T124246,20210716T103652,105.9126,87,A3,-0.007469,1.271368,0
20210401T124246,20210716T103652,105.9126,88,A3,-0.080723,0.452101,0
20210401T124246,20210716T103652,105.9126,89,A3,-0.002613,0.992450,1
20210401T124246,20210716T103652,105.9126,90,A3,0.134829,0.118103,1
20210401T124246,20210716T103652,105.9126,91,A3,-0.145736,0.402693,0
20210401T124246,20210716T103652,105.9126,92,A3,-0.236972,0.767625,0
20210401T124246,20210716T103652,105.9126,93,A3,-0.376110,0.212496,1
20210401T124246,20210716T103652,105.9126,94,A3,0.015701,0.479905,0
20210401T124246,20210716T103652,105.9126,95,A3,-0.088464,0.269885,0
20210401T124246,20210716T103652,105.9126,96,A3,0.130702,0.478833,0
20210401T124246,20210716T103652,105.9126,97,A4,-0.217388,0.701480,0
20210401T124246,20210716T103652,105.9126,98,A4,-0.307483,1.306548,0
20210401T124246,20210716T103652,105.9126,99,A4,0.102141,0.948478,1
20210401T124246,20210716T103652,105.9126,100,A4,0.049129,0.045137,0
20210401T124246,20210716T103652,105.9126,101,A4,-0.057728,0.146272,0
20210401T124246,20210716T103652,105.9126,102,A4,0.066857,0.005088,1
20210401T124246,20210716T103652,105.9126,103,A4,0.356270,0.062932,0
20210401T124246,20210716T103652,105.9126,104,A4,-0.191049,1.060683,0
20210401T124246,20210716T103652,105.9126,105,A4,0.024294,0.649687,1
20210401T124246,20210716T103652,105.9126,106,A4,0.153941,0.105775,1
20210401T124246,20210716T103652,105.9126,107,A4,0.242432,1.125662,0
20210401T124246,20210716T103652,105.9126,108,A4,0.287060,0.760891,1
20210401T124246,20210716T103652,105.9126,109,A4,-0.114350,1.003781,0
20210401T124246,20210716T103652,105.9126,110,A4,-0.001717,1.171877,0
20210401T124246,20210716T103652,105.9126,111,A4,-0.087107,0.154311,0
20210401T124246,20210716T103652,105.9126,112,A4,-0.489761,0.267845,0
20210401T124246,20210716T103652,105.9126,113,A4,0.215070,0.563896,0
20210401T124246,20210716T103652,105.9126,114,A4,-0.043307,0.151761,1
20210401T124246,20210716T103652,105.9126,115,A4,0.408278,0.678729,1
20210401T124246,20210716T103652,105.9126,116,A4,-0.005856,0.565563,0
20210401T124246,20210716T103652,105.9126,117,A4,0.006422,0.059529,1
20210401T124246,20210716T103652,105.9126,118,A4,0.049666,0.586877,0
20210401T124246,20210716T103652,105.9126,119,A4,0.178414,0.041241,1
20210401T124246,20210716T103652,105.9126,120,A4,0.262150,0.175818,0
20210401T124246,20210716T103652,105.9126,121,A4,0.426781,0.325091,1
20210401T124246,20210716T103652,105.9126,122,A4,-0.051134,0.305623,0
20210401T124246,20210716T103652,105.9126,123,A4,0.178540,0.295821,0
20210401T124246,20210716T103652,105.9126,124,A4,0.091307,0.894850,1
20210401T124246,20210716T103652,105.9126,125,A4,-0.008558,1.149408,0
20210401T124246,20210716T103652,105.9126,126,A4,0.235023,0.149898,1
20210401T124246,20210716T103652,105.9126,127,A4,-0.154237,0.162086,1
20210401T124246,20210716T103652,105.9126,128,A4,0.165668,0.002665,1
20210401T124246,20210716T103652,105.9126,129,A5,-0.066742,0.000000,1
20210401T124246,20210716T103652,105.9126,130,A5,0.037760,0.845261,0
20210401T124246,20210716T103652,105.9126,131,A5,0.180848,1.096847,0
20210401T124246,20210716T103652,105.9126,132,A5,0.177550,0.023105,1
20210401T124246,20210716T103652,105.9126,133,A5,-0.488499,1.718207,0
20210401T124246,20210716T103652,105.9126,134,A5,-0.162217,0.365225,1
20210401T124246,20210716T103652,105.9126,135,A5,-0.133138,2.000000,0
20210401T124246,20210716T103652,105.9126,136,A5,-0.129350,0.688667,1
20210401T124246,20210716T103652,105.9126,137,A5,-0.115748,0.037746,1
20210401T124246,20210716T103652,105.9126,138,A5,0.070757,1.039215,0
20210401T124246,20210716T103652,105.9126,139,A5,-0.026293,0.028095,0
20210401T124246,20210716T103652,105.9126,140,A5,0.274271,0.552423,1
20210401T124246,20210716T103652,105.9126,141,A5,0.512126,0.097904,0
20210401T124246,20210716T103652,105.9126,142,A5,-0.052459,0.074806,1
20210401T124246,20210716T103652,105.9126,143,A5,0.150287,0.071164,1
20210401T124246,20210716T103652,105.9126,144,A5,0.327799,1.137274,0
20210401T124246,20210716T103652,105.9126,145,A5,0.451691,0.491922,1
20210401T124246,20210716T103652,105.9126,146,A5,0.015708,0.961364,1
20210401T124246,20210716T103652,105.9126,147,A5,0.032936,1.164383,0
20210401T124246,20210716T103652,105.9126,148,A5,0.013291,0.037149,1
20210401T124246,20210716T103652,105.9126,149,A5,0.122545,1.009609,0
20210401T124246,20210716T103652,105.9126,150,A5,0.217079,0.300209,0
20210401T124246,20210716T103652,105.9126,151,A5,0.149968,0.688119,0
20210401T124246,20210716T103652,105.9126,152,A5,-0.029646,0.230014,1
20210401T124246,20210716T103652,105.9126,153,A5,0.201417,0.237239,1
20210401T124246,20210716T103652,105.9126,154,A5,0.387585,1.376002,0
20210401T124246,20210716T103652,105.9126,155,A5,-0.096679,0.985040,1
20210401T124246,20210716T103652,105.9126,156,A5,-0.031316,0.012796,1
20210401T124246,20210716T103652,105.9126,157,A5,0.108090,0.494127,1
20210401T124246,20210716T103652,105.9126,158,A5,0.339820,0.832498,1
20210401T124246,20210716T103652,105.9126,159,A5,-0.253274,0.344195,0
20210401T124246,20210716T103652,105.9126,160,A5,-0.104048,0.616054,1
20210416T105525,20210423T105645,7.0009,1,A1,-0.110329,1.270927,0
20210416T105525,20210423T105645,7.0009,2,A1,0.082096,0.092576,1
20210416T105525,20210423T105645,7.0009,3,A1,0.012666,0.270915,1
20210416T105525,20210423T105645,7.0009,4,A1,0.257768,0.366383,1
20210416T105525,20210423T105645,7.0009,5,A1,0.208408,0.079422,0
20210416T105525,20210423T105645,7.0009,6,A1,-0.026263,1.012997,0
20210416T105525,20210423T105645,7.0009,7,A1,0.217608,0.288986,1
20210416T105525,20210423T105645,7.0009,8,A1,0.098661,0.160889,0
20210416T105525,20210423T105645,7.0009,9,A1,-0.088593,0.647791,0
20210416T105525,20210423T105645,7.0009,10,A1,-0.143781,0.093526,1
20210416T105525,20210423T105645,7.0009,11,A1,-0.197516,1.318673,0
20210416T105525,20210423T105645,7.0009,12,A1,0.193123,1.196900,0
20210416T105525,20210423T105645,7.0009,13,A1,0.167665,1.675438,0
20210416T105525,20210423T105645,7.0009,14,A1,0.284472,0.608853,1
20210416T105525,20210423T105645,7.0009,15,A1,-0.171241,0.669234,0
20210416T105525,20210423T105645,7.0009,16,A1,0.314211,0.815175,1
20210416T105525,20210423T105645,7.0009,17,A1,0.238665,0.632172,0
20210416T105525,20210423T105645,7.0009,18,A1,0.032290,0.572102,0
20210416T105525,20210423T105645,7.0009,19,A1,0.598685,1.144453,0
20210416T105525,20210423T105645,7.0009,20,A1,0.350085,0.244610,0
20210416T105525,20210423T105645,7.0009,21,A1,-0.318653,0.430825,1
20210416T105525,20210423T105645,7.0009,22,A1,0.336350,0.163055,0
20210416T105525,20210423T105645,7.0009,23,A1,0.398624,0.509629,1
20210416T105525,20210423T105645,7.0009,24,A1,0.437865,0.215656,1
20210416T105525,20210423T105645,7.0009,25,A1,0.339878,0.252049,0
20210416T105525,20210423T105645,7.0009,26,A1,0.651374,0.000000,1
20210416T105525,20210423T105645,7.0009,27,A1,-0.046710,0.143579,1
20210416T105525,20210423T105645,7.0009,28,A1,0.627223,0.498216,1
20210416T105525,20210423T105645,7.0009,29,A1,0.160222,0.203445,1
20210416T105525,20210423T105645,7.0009,30,A1,0.300613,1.128367,0
20210416T105525,20210423T105645,7.0009,31,A1,-0.090951,0.214751,0
20210416T105525,20210423T105645,7.0009,32,A1,0.269091,0.045170,1
20210416T105525,20210423T105645,7.0009,33,A2,0.095602,0.883026,1
20210416T105525,20210423T105645,7.0009,34,A2,-0.029838,0.002112,1
20210416T105525,20210423T105645,7.0009,35,A2,-0.213267,0.727536,0
20210416T105525,20210423T105645,7.0009,36,A2,0.013306,0.219823,1
20210416T105525,20210423T105645,7.0009,37,A2,0.004297,0.426720,0
20210416T105525,20210423T105645,7.0009,38,A2,0.102463,0.908902,1
20210416T105525,20210423T105645,7.0009,39,A2,0.202140,0.212799,1
20210416T105525,20210423T105645,7.0009,40,A2,-0.158833,0.791261,0
20210416T105525,20210423T105645,7.0009,41,A2,0.106784,0.020695,1
20210416T105525,20210423T105645,7.0009,42,A2,-0.120237,0.919765,1
20210416T105525,20210423T105645,7.0009,43,A2,-0.209982,1.010426,0
20210416T105525,20210423T105645,7.0009,44,A2,0.267038,0.231379,0
20210416T105525,20210423T105645,7.0009,45,A2,-0.185238,0.336040,0
20210416T105525,20210423T105645,7.0009,46,A2,0.090543,0.081296,1
20210416T105525,20210423T105645,7.0009,47,A2,-0.162383,0.546833,1
20210416T105525,20210423T105645,7.0009,48,A2,0.148102,0.580405,0
20210416T105525,20210423T105645,7.0009,49,A2,0.024601,0.208340,1
20210416T105525,20210423T105645,7.0009,50,A2,0.125102,0.238249,1
20210416T105525,20210423T105645,7.0009,51,A2,0.064910,0.290616,1
20210416T105525,20210423T105645,7.0009,52,A2,-0.110666,0.000000,1
20210416T105525,20210423T105645,7.0009,53,A2,0.064356,0.454068,1
20210416T105525,20210423T105645,7.0009,54,A2,0.635928,0.178742,1
20210416T105525,20210423T105645,7.0009,55,A2,0.235467,1.187849,0
20210416T105525,20210423T105645,7.0009,56,A2,-0.002035,0.680507,0
20210416T105525,20210423T105645,7.0009,57,A2,-0.154306,0.383263,0
20210416T105525,20210423T105645,7.0009,58,A2,0.020195,0.962586,0
20210416T105525,20210423T105645,7.0009,59,A2,0.236646,0.269890,0
20210416T105525,20210423T105645,7.0009,60,A2,0.379684,0.705148,0
20210416T105525,20210423T105645,7.0009,61,A2,-0.229753,0.061104,1
20210416T105525,20210423T105645,7.0009,62,A2,-0.082388,0.059569,0
20210416T105525,20210423T105645,7.0009,63,A2,0.240819,0.308257,1
20210416T105525,20210423T105645,7.0009,64,A2,-0.162745,0.189992,0
20210416T105525,20210423T105645,7.0009,65,A3,0.212671,0.854853,0
20210416T105525,20210423T105645,7.0009,66,A3,-0.093022,0.231356,0
20210416T105525,20210423T105645,7.0009,67,A3,0.303610,0.652674,0
20210416T105525,20210423T105645,7.0009,68,A3,-0.473379,0.030464,1
20210416T105525,20210423T105645,7.0009,69,A3,0.207326,0.150328,0
20210416T105525,20210423T105645,7.0009,70,A3,0.085573,0.060076,1
20210416T105525,20210423T105645,7.0009,71,A3,-0.287158,0.089221,0
20210416T105525,20210423T105645,7.0009,72,A3,-0.060027,0.058803,1
20210416T105525,20210423T105645,7.0009,73,A3,0.241418,0.171102,1
20210416T105525,20210423T105645,7.0009,74,A3,-0.212709,0.242261,0
20210416T105525,20210423T105645,7.0009,75,A3,0.039651,0.000000,1
20210416T105525,20210423T105645,7.0009,76,A3,0.128345,0.175288,0
20210416T105525,20210423T105645,7.0009,77,A3,0.067131,1.007930,0
20210416T105525,20210423T105645,7.0009,78,A3,-0.272012,0.149339,0
20210416T105525,20210423T105645,7.0009,79,A3,0.141098,0.356864,1
20210416T105525,20210423T105645,7.0009,80,A3,0.318234,0.083930,0
20210416T105525,20210423T105645,7.0009,81,A3,0.607332,0.744798,0
20210416T105525,20210423T105645,7.0009,82,A3,0.257299,0.296456,0
20210416T105525,20210423T105645,7.0009,83,A3,0.143888,0.515578,0
20210416T105525,20210423T105645,7.0009,84,A3,0.236387,0.271276,0
20210416T105525,20210423T105645,7.0009,85,A3,-0.058442,0.021815,1
20210416T105525,20210423T105645,7.0009,86,A3,-0.190392,0.352967,0
20210416T105525,20210423T105645,7.0009,87,A3,0.371097,0.077954,1
20210416T105525,20210423T105645,7.0009,88,A3,0.114950,0.817099,0
20210416T105525,20210423T105645,7.0009,89,A3,0.467384,0.249315,1
20210416T105525,20210423T105645,7.0009,90,A3,-0.139567,0.407182,1
20210416T105525,20210423T105645,7.0009,91,A3,0.207966,1.004025,0
20210416T105525,20210423T105645,7.0009,92,A3,-0.317549,0.261375,1
20210416T105525,20210423T105645,7.0009,93,A3,-0.110369,0.183273,1
20210416T105525,20210423T105645,7.0009,94,A3,-0.167541,0.540484,0
20210416T105525,20210423T105645,7.0009,95,A3,-0.253935,0.839010,1
20210416T105525,20210423T105645,7.0009,96,A3,-0.056930,0.373522,0
20210416T105525,20210423T105645,7.0009,97,A4,0.863379,0.054161,1
20210416T105525,20210423T105645,7.0009,98,A4,0.086569,0.206758,1
20210416T105525,20210423T105645,7.0009,99,A4,0.829518,0.468568,1
20210416T105525,20210423T105645,7.0009,100,A4,0.395896,0.646516,1
20210416T105525,20210423T105645,7.0009,101,A4,0.362358,0.395594,1
20210416T105525,20210423T105645,7.0009,102,A4,0.445878,0.867658,1
20210416T105525,20210423T105645,7.0009,103,A4,0.613763,0.333080,0
20210416T105525,20210423T105645,7.0009,104,A4,0.720555,0.015114,1
20210416T105525,20210423T105645,7.0009,105,A4,0.375619,0.006109,1
20210416T105525,20210423T105645,7.0009,106,A4,-0.290904,0.017706,1
20210416T105525,20210423T105645,7.0009,107,A4,0.745344,0.162026,1
20210416T105525,20210423T105645,7.0009,108,A4,-0.136420,0.988164,1
20210416T105525,20210423T105645,7.0009,109,A4,0.006683,0.077988,1
20210416T105525,20210423T105645,7.0009,110,A4,-0.145404,0.400858,1
20210416T105525,20210423T105645,7.0009,111,A4,0.202011,0.027619,1
20210416T105525,20210423T105645,7.0009,112,A4,0.038152,0.237713,0
20210416T105525,20210423T105645,7.0009,113,A4,0.532023,0.050912,1
20210416T105525,20210423T105645,7.0009,114,A4,0.439085,0.176205,1
20210416T105525,20210423T105645,7.0009,115,A4,0.122447,0.255746,1
20210416T105525,20210423T105645,7.0009,116,A4,0.506422,0.360709,1
20210416T105525,20210423T105645,7.0009,117,A4,0.744054,0.681850,0
20210416T105525,20210423T105645,7.0009,118,A4,0.784670,0.016183,1
20210416T105525,20210423T105645,7.0009,119,A4,0.499261,0.306077,1
20210416T105525,20210423T105645,7.0009,120,A4,0.622432,0.341564,1
20210416T105525,20210423T105645,7.0009,121,A4,0.216606,0.088424,0
20210416T105525,20210423T105645,7.0009,122,A4,0.390020,0.045078,1
20210416T105525,20210423T105645,7.0009,123,A4,0.252662,0.063837,0
20210416T105525,20210423T105645,7.0009,124,A4,0.583281,0.092082,1
20210416T105525,20210423T105645,7.0009,125,A4,0.728068,0.069625,1
20210416T105525,20210423T105645,7.0009,126,A4,0.537521,0.002714,1
20210416T105525,20210423T105645,7.0009,127,A4,0.655790,0.086777,0
20210416T105525,20210423T105645,7.0009,128,A4,0.351268,0.004239,1
20210416T105525,20210520T120659,34.0497,1,A1,0.460647,0.611375,1
20210416T105525,20210520T120659,34.0497,2,A1,0.194740,0.571902,0
20210416T105525,20210520T120659,34.0497,3,A1,-0.135794,0.129769,1
20210416T105525,20210520T120659,34.0497,4,A1,-0.188919,1.190385,0
20210416T105525,20210520T120659,34.0497,5,A1,0.201617,0.748502,1
20210416T105525,20210520T120659,34.0497,6,A1,0.027642,1.860453,0
20210416T105525,20210520T120659,34.0497,7,A1,0.248915,0.574930,1
20210416T105525,20210520T120659,34.0497,8,A1,0.393154,0.907174,1
20210416T105525,20210520T120659,34.0497,9,A1,-0.300244,1.296324,0
20210416T105525,20210520T120659,34.0497,10,A1,0.262243,0.330977,1
20210416T105525,20210520T120659,34.0497,11,A1,0.163690,0.000000,1
20210416T105525,20210520T120659,34.0497,12,A1,-0.462663,0.479677,1
20210416T105525,20210520T120659,34.0497,13,A1,0.127171,0.000000,1
20210416T105525,20210520T120659,34.0497,14,A1,0.213771,0.344154,1
20210416T105525,20210520T120659,34.0497,15,A1,-0.160278,0.561214,1
20210416T105525,20210520T120659,34.0497,16,A1,-0.020626,0.129602,1
20210416T105525,20210520T120659,34.0497,17,A1,0.241801,0.571127,1
20210416T105525,20210520T120659,34.0497,18,A1,-0.085883,0.117729,1
20210416T105525,20210520T120659,34.0497,19,A1,0.463435,0.855547,1
20210416T105525,20210520T120659,34.0497,20,A1,0.389588,0.154628,1
20210416T105525,20210520T120659,34.0497,21,A1,-0.108841,0.909944,1
20210416T105525,20210520T120659,34.0497,22,A1,-0.173784,0.106655,1
20210416T105525,20210520T120659,34.0497,23,A1,-0.120313,0.459893,1
20210416T105525,20210520T120659,34.0497,24,A1,-0.040774,1.559207,0
20210416T105525,20210520T120659,34.0497,25,A1,-0.143208,0.026372,1
20210416T105525,20210520T120659,34.0497,26,A1,0.681265,0.000000,1
20210416T105525,20210520T120659,34.0497,27,A1,0.188774,0.616927,1
20210416T105525,20210520T120659,34.0497,28,A1,0.657642,0.100158,1
20210416T105525,20210520T120659,34.0497,29,A1,-0.009395,0.103736,1
20210416T105525,20210520T120659,34.0497,30,A1,0.554448,0.805848,1
20210416T105525,20210520T120659,34.0497,31,A1,-0.079608,0.512880,1
20210416T105525,20210520T120659,34.0497,32,A1,0.179979,1.294405,0
20210416T105525,20210520T120659,34.0497,33,A2,0.088127,0.851536,0
20210416T105525,20210520T120659,34.0497,34,A2,0.411275,0.300550,0
20210416T105525,20210520T120659,34.0497,35,A2,0.156199,0.587228,1
20210416T105525,20210520T120659,34.0497,36,A2,-0.030113,0.312920,1
20210416T105525,20210520T120659,34.0497,37,A2,-0.208609,1.147357,0
20210416T105525,20210520T120659,34.0497,38,A2,0.307134,1.166520,0
20210416T105525,20210520T120659,34.0497,39,A2,-0.003902,1.076088,0
20210416T105525,20210520T120659,34.0497,40,A2,0.187788,0.724247,1
20210416T105525,20210520T120659,34.0497,41,A2,0.222642,0.173833,0
20210416T105525,20210520T120659,34.0497,42,A2,0.031430,0.004484,1
20210416T105525,20210520T120659,34.0497,43,A2,0.237920,0.748353,1
20210416T105525,20210520T120659,34.0497,44,A2,-0.170473,0.056809,1
20210416T105525,20210520T120659,34.0497,45,A2,0.019365,0.383436,0
20210416T105525,20210520T120659,34.0497,46,A2,-0.029457,0.677819,0
20210416T105525,20210520T120659,34.0497,47,A2,-0.104569,0.326096,1
20210416T105525,20210520T120659,34.0497,48,A2,-0.072915,0.220032,1
20210416T105525,20210520T120659,34.0497,49,A2,0.162868,0.948722,1
20210416T105525,20210520T120659,34.0497,50,A2,0.537002,0.836631,0
20210416T105525,20210520T120659,34.0497,51,A2,0.137090,0.631222,0
20210416T105525,20210520T120659,34.0497,52,A2,0.195702,1.493449,0
20210416T105525,20210520T120659,34.0497,53,A2,0.130305,0.515724,0
20210416T105525,20210520T120659,34.0497,54,A2,0.529267,0.021878,1
20210416T105525,20210520T120659,34.0497,55,A2,0.317438,1.187849,0
20210416T105525,20210520T120659,34.0497,56,A2,-0.224998,1.411348,0
20210416T105525,20210520T120659,34.0497,57,A2,0.273200,0.804915,0
20210416T105525,20210520T120659,34.0497,58,A2,0.022311,0.136881,1
20210416T105525,20210520T120659,34.0497,59,A2,0.281257,0.039957,1
20210416T105525,20210520T120659,34.0497,60,A2,-0.283917,0.887622,1
20210416T105525,20210520T120659,34.0497,61,A2,0.048661,0.194588,0
20210416T105525,20210520T120659,34.0497,62,A2,-0.261154,0.089631,0
20210416T105525,20210520T120659,34.0497,63,A2,-0.033073,0.536695,1
20210416T105525,20210520T120659,34.0497,64,A2,-0.042341,0.236210,0
20210416T105525,20210520T120659,34.0497,65,A3,-0.342125,1.025410,0
20210416T105525,20210520T120659,34.0497,66,A3,-0.228115,0.218942,0
20210416T105525,20210520T120659,34.0497,67,A3,-0.161543,0.321793,1
20210416T105525,20210520T120659,34.0497,68,A3,0.194301,0.209470,0
20210416T105525,20210520T120659,34.0497,69,A3,-0.261920,0.159443,0
20210416T105525,20210520T120659,34.0497,70,A3,-0.039539,0.108616,1
20210416T105525,20210520T120659,34.0497,71,A3,0.170056,0.428842,0
20210416T105525,20210520T120659,34.0497,72,A3,-0.109718,0.076783,0
20210416T105525,20210520T120659,34.0497,73,A3,0.136779,0.496351,0
20210416T105525,20210520T120659,34.0497,74,A3,-0.017467,0.069354,1
20210416T105525,20210520T120659,34.0497,75,A3,0.045770,0.907044,1
20210416T105525,20210520T120659,34.0497,76,A3,0.191760,0.092371,0
20210416T105525,20210520T120659,34.0497,77,A3,-0.000127,1.124554,0
20210416T105525,20210520T120659,34.0497,78,A3,0.281725,0.151389,0
20210416T105525,20210520T120659,34.0497,79,A3,0.440356,0.484949,1
20210416T105525,20210520T120659,34.0497,80,A3,0.226492,0.245682,0
20210416T105525,20210520T120659,34.0497,81,A3,0.234355,0.237052,0
20210416T105525,20210520T120659,34.0497,82,A3,0.108576,0.245485,0
20210416T105525,20210520T120659,34.0497,83,A3,0.020720,0.428986,1
20210416T105525,20210520T120659,34.0497,84,A3,-0.043504,0.241647,0
20210416T105525,20210520T120659,34.0497,85,A3,-0.276986,0.252266,1
20210416T105525,20210520T120659,34.0497,86,A3,0.217056,1.141741,0
20210416T105525,20210520T120659,34.0497,87,A3,-0.192683,0.117952,1
20210416T105525,20210520T120659,34.0497,88,A3,0.222354,0.418820,0
20210416T105525,20210520T120659,34.0497,89,A3,0.075691,1.256925,0
20210416T105525,20210520T120659,34.0497,90,A3,-0.167799,0.258085,1
20210416T105525,20210520T120659,34.0497,91,A3,-0.175673,0.764789,1
20210416T105525,20210520T120659,34.0497,92,A3,-0.373074,1.010475,0
20210416T105525,20210520T120659,34.0497,93,A3,-0.232686,0.359734,1
20210416T105525,20210520T120659,34.0497,94,A3,-0.369307,0.514845,0
20210416T105525,20210520T120659,34.0497,95,A3,0.031982,0.733649,1
20210416T105525,20210520T120659,34.0497,96,A3,0.165467,0.709702,0
20210416T105525,20210520T120659,34.0497,97,A4,0.075871,0.406552,1
20210416T105525,20210520T120659,34.0497,98,A4,0.522360,0.362524,1
20210416T105525,20210520T120659,34.0497,99,A4,0.505372,0.676345,1
20210416T105525,20210520T120659,34.0497,100,A4,0.413882,1.266106,0
20210416T105525,20210520T120659,34.0497,101,A4,0.618221,0.002530,1
20210416T105525,20210520T120659,34.0497,102,A4,0.731428,0.180980,0
20210416T105525,20210520T120659,34.0497,103,A4,0.570588,0.288278,1
20210416T105525,20210520T120659,34.0497,104,A4,0.173557,1.266021,0
20210416T105525,20210520T120659,34.0497,105,A4,0.092266,0.317194,0
20210416T105525,20210520T120659,34.0497,106,A4,0.066181,0.504015,0
20210416T105525,20210520T120659,34.0497,107,A4,0.176922,0.541510,0
20210416T105525,20210520T120659,34.0497,108,A4,0.006283,0.956853,1
20210416T105525,20210520T120659,34.0497,109,A4,0.023295,0.025110,1
20210416T105525,20210520T120659,34.0497,110,A4,0.053512,0.766325,0
20210416T105525,20210520T120659,34.0497,111,A4,0.640553,0.118452,1
20210416T105525,20210520T120659,34.0497,112,A4,0.151785,0.267785,0
20210416T105525,20210520T120659,34.0497,113,A4,0.641553,0.157344,1
20210416T105525,20210520T120659,34.0497,114,A4,0.400357,0.264871,0
20210416T105525,20210520T120659,34.0497,115,A4,0.646739,0.139230,0
20210416T105525,20210520T120659,34.0497,116,A4,0.513182,0.392033,0
20210416T105525,20210520T120659,34.0497,117,A4,0.628684,0.193657,0
20210416T105525,20210520T120659,34.0497,118,A4,0.719976,0.596159,0
20210416T105525,20210520T120659,34.0497,119,A4,0.693623,0.040935,1
20210416T105525,20210520T120659,34.0497,120,A4,0.455268,0.866526,0
20210416T105525,20210520T120659,34.0497,121,A4,0.187818,0.916003,0
20210416T105525,20210520T120659,34.0497,122,A4,0.446607,0.112728,1
20210416T105525,20210520T120659,34.0497,123,A4,0.322764,0.506779,0
20210416T105525,20210520T120659,34.0497,124,A4,-0.111926,0.580436,0
20210416T105525,20210520T120659,34.0497,125,A4,0.736422,0.151528,1
20210416T105525,20210520T120659,34.0497,126,A4,-0.185606,1.003855,0
20210416T105525,20210520T120659,34.0497,127,A4,0.672340,0.349335,1
20210416T105525,20210520T120659,34.0497,128,A4,0.275772,1.049944,0
20210416T105525,20210604T143542,49.1530,1,A1,0.014970,0.485467,0
20210416T105525,20210604T143542,49.1530,2,A1,0.418144,0.521852,1
20210416T105525,20210604T143542,49.1530,3,A1,-0.290427,0.506758,0
20210416T105525,20210604T143542,49.1530,4,A1,0.192180,0.873326,0
20210416T105525,20210604T143542,49.1530,5,A1,0.022008,0.428144,1
20210416T105525,20210604T143542,49.1530,6,A1,-0.115637,0.792549,1
20210416T105525,20210604T143542,49.1530,7,A1,0.122912,0.022381,1
20210416T105525,20210604T143542,49.1530,8,A1,0.029233,0.343649,1
20210416T105525,20210604T143542,49.1530,9,A1,0.037330,1.296324,0
20210416T105525,20210604T143542,49.1530,10,A1,-0.074745,0.645254,1
20210416T105525,20210604T143542,49.1530,11,A1,-0.222197,0.517919,1
20210416T105525,20210604T143542,49.1530,12,A1,-0.035146,0.670855,1
20210416T105525,20210604T143542,49.1530,13,A1,0.004133,1.072330,0
20210416T105525,20210604T143542,49.1530,14,A1,0.366842,1.014687,0
20210416T105525,20210604T143542,49.1530,15,A1,0.173838,1.080386,0
20210416T105525,20210604T143542,49.1530,16,A1,-0.067338,1.184825,0
20210416T105525,20210604T143542,49.1530,17,A1,0.227473,0.571127,1
20210416T105525,20210604T143542,49.1530,18,A1,0.094815,0.579683,0
20210416T105525,20210604T143542,49.1530,19,A1,0.275917,0.379823,1
20210416T105525,20210604T143542,49.1530,20,A1,-0.024312,1.007332,0
20210416T105525,20210604T143542,49.1530,21,A1,-0.132204,0.451112,1
20210416T105525,20210604T143542,49.1530,22,A1,-0.129080,0.111354,1
20210416T105525,20210604T143542,49.1530,23,A1,-0.163945,0.036377,1
20210416T105525,20210604T143542,49.1530,24,A1,-0.096535,1.742465,0
20210416T105525,20210604T143542,49.1530,25,A1,-0.129856,0.488230,1
20210416T105525,20210604T143542,49.1530,26,A1,0.014102,0.686862,1
20210416T105525,20210604T143542,49.1530,27,A1,0.205275,0.336348,1
20210416T105525,20210604T143542,49.1530,28,A1,0.325891,0.149613,1
20210416T105525,20210604T143542,49.1530,29,A1,-0.116084,0.532480,0
20210416T105525,20210604T143542,49.1530,30,A1,-0.250979,1.434657,0
20210416T105525,20210604T143542,49.1530,31,A1,-0.058663,0.436636,0
20210416T105525,20210604T143542,49.1530,32,A1,-0.298874,0.901094,0
20210416T105525,20210604T143542,49.1530,33,A2,0.307598,1.116974,0
20210416T105525,20210604T143542,49.1530,34,A2,-0.099554,1.001227,0
20210416T105525,20210604T143542,49.1530,35,A2,0.336224,0.258531,1
20210416T105525,20210604T143542,49.1530,36,A2,0.216467,0.143565,1
20210416T105525,20210604T143542,49.1530,37,A2,-0.297706,0.502233,0
20210416T105525,20210604T143542,49.1530,38,A2,0.000904,1.573452,0
20210416T105525,20210604T143542,49.1530,39,A2,0.175468,0.096812,1
20210416T105525,20210604T143542,49.1530,40,A2,-0.113187,0.914278,0
20210416T105525,20210604T143542,49.1530,41,A2,0.044587,0.263300,0
20210416T105525,20210604T143542,49.1530,42,A2,0.047132,0.118481,0
20210416T105525,20210604T143542,49.1530,43,A2,0.194576,0.820440,1
20210416T105525,20210604T143542,49.1530,44,A2,-0.020987,0.351610,0
20210416T105525,20210604T143542,49.1530,45,A2,-0.075995,1.127379,0
20210416T105525,20210604T143542,49.1530,46,A2,0.060426,0.822293,1
20210416T105525,20210604T143542,49.1530,47,A2,0.150930,0.404722,1
20210416T105525,20210604T143542,49.1530,48,A2,0.094542,0.154939,1
20210416T105525,20210604T143542,49.1530,49,A2,-0.043614,0.128922,1
20210416T105525,20210604T143542,49.1530,50,A2,0.124375,0.151684,1
20210416T105525,20210604T143542,49.1530,51,A2,0.049523,0.576226,1
20210416T105525,20210604T143542,49.1530,52,A2,-0.062975,0.890294,1
20210416T105525,20210604T143542,49.1530,53,A2,-0.134030,0.358890,1
20210416T105525,20210604T143542,49.1530,54,A2,0.655539,0.303794,0
20210416T105525,20210604T143542,49.1530,55,A2,0.088439,0.622087,0
20210416T105525,20210604T143542,49.1530,56,A2,-0.111658,0.649787,0
20210416T105525,20210604T143542,49.1530,57,A2,0.322725,0.316775,0
20210416T105525,20210604T143542,49.1530,58,A2,-0.141154,1.032896,0
20210416T105525,20210604T143542,49.1530,59,A2,-0.013792,0.246965,0
20210416T105525,20210604T143542,49.1530,60,A2,0.072281,0.091637,1
20210416T105525,20210604T143542,49.1530,61,A2,0.221325,0.780753,1
20210416T105525,20210604T143542,49.1530,62,A2,-0.026032,0.072023,1
20210416T105525,20210604T143542,49.1530,63,A2,0.045917,0.885868,1
20210416T105525,20210604T143542,49.1530,64,A2,0.350273,0.910735,1
20210416T105525,20210604T143542,49.1530,65,A3,0.119653,0.633946,0
20210416T105525,20210604T143542,49.1530,66,A3,0.146754,0.126309,1
20210416T105525,20210604T143542,49.1530,67,A3,0.145225,0.164991,0
20210416T105525,20210604T143542,49.1530,68,A3,-0.046937,0.121087,0
20210416T105525,20210604T143542,49.1530,69,A3,0.067779,1.008745,0
20210416T105525,20210604T143542,49.1530,70,A3,-0.225070,0.165549,0
20210416T105525,20210604T143542,49.1530,71,A3,0.256808,0.058768,1
20210416T105525,20210604T143542,49.1530,72,A3,-0.220498,0.369108,1
20210416T105525,20210604T143542,49.1530,73,A3,-0.207542,0.047628,1
20210416T105525,20210604T143542,49.1530,74,A3,0.120105,0.203328,1
20210416T105525,20210604T143542,49.1530,75,A3,0.112421,0.877000,1
20210416T105525,20210604T143542,49.1530,76,A3,0.302414,0.043883,1
20210416T105525,20210604T143542,49.1530,77,A3,-0.353617,0.997138,1
20210416T105525,20210604T143542,49.1530,78,A3,0.398763,0.085401,1
20210416T105525,20210604T143542,49.1530,79,A3,0.081626,0.698098,0
20210416T105525,20210604T143542,49.1530,80,A3,0.175815,0.137027,0
20210416T105525,20210604T143542,49.1530,81,A3,-0.367150,0.002642,1
20210416T105525,20210604T143542,49.1530,82,A3,-0.079698,0.045289,1
20210416T105525,20210604T143542,49.1530,83,A3,0.320866,0.324383,1
20210416T105525,20210604T143542,49.1530,84,A3,-0.228883,0.107440,1
20210416T105525,20210604T143542,49.1530,85,A3,-0.073779,0.283823,1
20210416T105525,20210604T143542,49.1530,86,A3,0.114975,0.361664,0
20210416T105525,20210604T143542,49.1530,87,A3,0.224482,0.078581,1
20210416T105525,20210604T143542,49.1530,88,A3,-0.098065,0.435954,0
20210416T105525,20210604T143542,49.1530,89,A3,0.232896,1.031434,0
20210416T105525,20210604T143542,49.1530,90,A3,-0.269222,0.352387,1
20210416T105525,20210604T143542,49.1530,91,A3,-0.091498,0.040038,1
20210416T105525,20210604T143542,49.1530,92,A3,-0.009299,0.266341,1
20210416T105525,20210604T143542,49.1530,93,A3,-0.215060,0.312153,0
20210416T105525,20210604T143542,49.1530,94,A3,-0.241989,0.198582,1
20210416T105525,20210604T143542,49.1530,95,A3,-0.195458,0.033340,1
20210416T105525,20210604T143542,49.1530,96,A3,0.088901,0.612448,0
20210416T105525,20210604T143542,49.1530,97,A4,-0.134476,1.738594,0
20210416T105525,20210604T143542,49.1530,98,A4,0.292281,0.730785,1
20210416T105525,20210604T143542,49.1530,99,A4,0.142105,0.182338,1
20210416T105525,20210604T143542,49.1530,100,A4,0.204085,0.604905,1
20210416T105525,20210604T143542,49.1530,101,A4,0.492964,0.141000,0
20210416T105525,20210604T143542,49.1530,102,A4,0.455453,0.553158,0
20210416T105525,20210604T143542,49.1530,103,A4,0.707582,0.686020,1
20210416T105525,20210604T143542,49.1530,104,A4,0.448429,0.308339,1
20210416T105525,20210604T143542,49.1530,105,A4,0.077901,0.941000,0
20210416T105525,20210604T143542,49.1530,106,A4,-0.091157,1.089098,0
20210416T105525,20210604T143542,49.1530,107,A4,-0.004284,1.068992,0
20210416T105525,20210604T143542,49.1530,108,A4,0.239280,0.689864,1
20210416T105525,20210604T143542,49.1530,109,A4,0.395701,0.722327,1
20210416T105525,20210604T143542,49.1530,110,A4,-0.078728,1.276166,0
20210416T105525,20210604T143542,49.1530,111,A4,0.535477,0.053217,1
20210416T105525,20210604T143542,49.1530,112,A4,-0.127763,0.638427,0
20210416T105525,20210604T143542,49.1530,113,A4,0.276405,0.211968,1
20210416T105525,20210604T143542,49.1530,114,A4,0.121890,0.600698,1
20210416T105525,20210604T143542,49.1530,115,A4,0.180625,0.334317,0
20210416T105525,20210604T143542,49.1530,116,A4,0.353678,1.057852,0
20210416T105525,20210604T143542,49.1530,117,A4,0.726296,1.038703,0
20210416T105525,20210604T143542,49.1530,118,A4,0.788849,0.648721,1
20210416T105525,20210604T143542,49.1530,119,A4,0.605160,1.158512,0
20210416T105525,20210604T143542,49.1530,120,A4,0.255026,0.919593,0
20210416T105525,20210604T143542,49.1530,121,A4,0.043517,0.748325,0
20210416T105525,20210604T143542,49.1530,122,A4,0.556715,0.297823,1
20210416T105525,20210604T143542,49.1530,123,A4,0.267681,1.027894,0
20210416T105525,20210604T143542,49.1530,124,A4,-0.372631,0.804044,0
20210416T105525,20210604T143542,49.1530,125,A4,0.596686,0.075295,1
20210416T105525,20210604T143542,49.1530,126,A4,-0.014965,0.872228,0
20210416T105525,20210604T143542,49.1530,127,A4,0.565140,0.446777,0
20210416T105525,20210604T143542,49.1530,128,A4,0.315684,0.547528,0
20210416T105525,20210708T131736,83.0987,1,A1,-0.384515,0.553432,0
20210416T105525,20210708T131736,83.0987,2,A1,0.034487,0.521852,1
20210416T105525,20210708T131736,83.0987,3,A1,-0.120579,1.397806,0
20210416T105525,20210708T131736,83.0987,4,A1,-0.103057,0.231884,1
20210416T105525,20210708T131736,83.0987,5,A1,-0.216873,0.023907,1
20210416T105525,20210708T131736,83.0987,6,A1,0.177332,0.744246,1
20210416T105525,20210708T131736,83.0987,7,A1,0.418684,0.070370,1
20210416T105525,20210708T131736,83.0987,8,A1,0.138694,0.907174,1
20210416T105525,20210708T131736,83.0987,9,A1,0.236482,0.756427,0
20210416T105525,20210708T131736,83.0987,10,A1,0.240109,0.366250,0
20210416T105525,20210708T131736,83.0987,11,A1,0.235044,1.051523,0
20210416T105525,20210708T131736,83.0987,12,A1,0.038446,1.250975,0
20210416T105525,20210708T131736,83.0987,13,A1,0.275901,0.293186,1
20210416T105525,20210708T131736,83.0987,14,A1,0.342008,0.117002,1
20210416T105525,20210708T131736,83.0987,15,A1,0.217564,0.087053,1
20210416T105525,20210708T131736,83.0987,16,A1,0.004320,0.309040,0
20210416T105525,20210708T131736,83.0987,17,A1,0.368323,0.036289,1
20210416T105525,20210708T131736,83.0987,18,A1,0.038903,0.417555,1
20210416T105525,20210708T131736,83.0987,19,A1,0.332492,0.855547,1
20210416T105525,20210708T131736,83.0987,20,A1,0.377448,1.172645,0
20210416T105525,20210708T131736,83.0987,21,A1,-0.109020,0.188478,0
20210416T105525,20210708T131736,83.0987,22,A1,0.190706,0.883214,1
20210416T105525,20210708T131736,83.0987,23,A1,0.252848,0.098123,0
20210416T105525,20210708T131736,83.0987,24,A1,-0.106443,1.742465,0
20210416T105525,20210708T131736,83.0987,25,A1,-0.084837,0.063427,0
20210416T105525,20210708T131736,83.0987,26,A1,-0.715593,2.000000,0
20210416T105525,20210708T131736,83.0987,27,A1,0.063176,0.270202,0
20210416T105525,20210708T131736,83.0987,28,A1,-0.242602,0.730270,0
20210416T105525,20210708T131736,83.0987,29,A1,-0.088537,1.248416,0
20210416T105525,20210708T131736,83.0987,30,A1,-0.591643,1.023869,0
20210416T105525,20210708T131736,83.0987,31,A1,0.087457,0.133896,1
20210416T105525,20210708T131736,83.0987,32,A1,-0.538043,1.372023,0
20210416T105525,20210708T131736,83.0987,33,A2,0.409799,1.116974,0
20210416T105525,20210708T131736,83.0987,34,A2,0.083503,0.033855,0
20210416T105525,20210708T131736,83.0987,35,A2,-0.045672,0.808874,0
20210416T105525,20210708T131736,83.0987,36,A2,0.246802,0.059732,1
20210416T105525,20210708T131736,83.0987,37,A2,-0.166716,0.192403,0
20210416T105525,20210708T131736,83.0987,38,A2,-0.106190,0.982671,1
20210416T105525,20210708T131736,83.0987,39,A2,-0.167431,0.041309,1
20210416T105525,20210708T131736,83.0987,40,A2,-0.043329,0.713740,1
20210416T105525,20210708T131736,83.0987,41,A2,0.023707,0.080214,1
20210416T105525,20210708T131736,83.0987,42,A2,0.272312,0.027558,1
20210416T105525,20210708T131736,83.0987,43,A2,-0.046151,1.208475,0
20210416T105525,20210708T131736,83.0987,44,A2,0.094416,0.412401,0
20210416T105525,20210708T131736,83.0987,45,A2,0.031060,0.262235,0
20210416T105525,20210708T131736,83.0987,46,A2,0.144658,0.084696,1
20210416T105525,20210708T131736,83.0987,47,A2,-0.127900,0.505549,1
20210416T105525,20210708T131736,83.0987,48,A2,0.293452,0.477054,0
20210416T105525,20210708T131736,83.0987,49,A2,0.283548,0.948722,1
20210416T105525,20210708T131736,83.0987,50,A2,0.195825,0.912139,0
20210416T105525,20210708T131736,83.0987,51,A2,0.342756,0.151229,1
20210416T105525,20210708T131736,83.0987,52,A2,-0.224519,1.694675,0
20210416T105525,20210708T131736,83.0987,53,A2,0.283656,1.464735,0
20210416T105525,20210708T131736,83.0987,54,A2,0.343721,0.788825,1
20210416T105525,20210708T131736,83.0987,55,A2,0.128742,1.187849,0
20210416T105525,20210708T131736,83.0987,56,A2,-0.037288,0.406758,1
20210416T105525,20210708T131736,83.0987,57,A2,-0.273497,0.487682,0
20210416T105525,20210708T131736,83.0987,58,A2,0.132088,0.591754,1
20210416T105525,20210708T131736,83.0987,59,A2,0.087427,0.251504,0
20210416T105525,20210708T131736,83.0987,60,A2,0.290771,0.144526,0
20210416T105525,20210708T131736,83.0987,61,A2,-0.317275,0.387735,0
20210416T105525,20210708T131736,83.0987,62,A2,-0.194428,0.110480,0
20210416T105525,20210708T131736,83.0987,63,A2,0.118768,0.686817,1
20210416T105525,20210708T131736,83.0987,64,A2,0.161610,0.148883,0
20210416T105525,20210708T131736,83.0987,65,A3,-0.039387,0.087474,0
20210416T105525,20210708T131736,83.0987,66,A3,-0.208970,0.832583,1
20210416T105525,20210708T131736,83.0987,67,A3,-0.051372,0.038610,1
20210416T105525,20210708T131736,83.0987,68,A3,0.086569,1.101662,0
20210416T105525,20210708T131736,83.0987,69,A3,0.113346,0.467823,1
20210416T105525,20210708T131736,83.0987,70,A3,0.046028,0.334632,0
20210416T105525,20210708T131736,83.0987,71,A3,-0.151207,0.110280,0
20210416T105525,20210708T131736,83.0987,72,A3,-0.228201,1.004036,0
20210416T105525,20210708T131736,83.0987,73,A3,0.196007,0.766281,0
20210416T105525,20210708T131736,83.0987,74,A3,0.045825,0.070201,0
20210416T105525,20210708T131736,83.0987,75,A3,-0.006771,1.037574,0
20210416T105525,20210708T131736,83.0987,76,A3,0.237592,0.928916,1
20210416T105525,20210708T131736,83.0987,77,A3,0.115746,1.111174,0
20210416T105525,20210708T131736,83.0987,78,A3,-0.282799,0.022227,1
20210416T105525,20210708T131736,83.0987,79,A3,0.120791,0.535884,1
20210416T105525,20210708T131736,83.0987,80,A3,-0.347569,0.065042,1
20210416T105525,20210708T131736,83.0987,81,A3,-0.100093,0.155221,0
20210416T105525,20210708T131736,83.0987,82,A3,0.299060,0.173095,0
20210416T105525,20210708T131736,83.0987,83,A3,0.061115,0.466910,0
20210416T105525,20210708T131736,83.0987,84,A3,0.028669,0.170180,1
20210416T105525,20210708T131736,83.0987,85,A3,-0.242678,0.926879,0
20210416T105525,20210708T131736,83.0987,86,A3,-0.098833,1.106968,0
20210416T105525,20210708T131736,83.0987,87,A3,-0.027319,0.031917,1
20210416T105525,20210708T131736,83.0987,88,A3,0.217161,0.175289,1
20210416T105525,20210708T131736,83.0987,89,A3,0.092795,0.254537,1
20210416T105525,20210708T131736,83.0987,90,A3,0.101083,0.265533,1
20210416T105525,20210708T131736,83.0987,91,A3,-0.165003,0.037423,0
20210416T105525,20210708T131736,83.0987,92,A3,0.078475,0.017521,1
20210416T105525,20210708T131736,83.0987,93,A3,0.110745,0.330602,0
20210416T105525,20210708T131736,83.0987,94,A3,-0.088761,0.365713,1
20210416T105525,20210708T131736,83.0987,95,A3,0.087348,0.039544,1
20210416T105525,20210708T131736,83.0987,96,A3,-0.033274,0.406279,0
20210416T105525,20210708T131736,83.0987,97,A4,-0.004372,1.334420,0
20210416T105525,20210708T131736,83.0987,98,A4,0.029367,0.640058,0
20210416T105525,20210708T131736,83.0987,99,A4,-0.096838,0.000000,1
20210416T105525,20210708T131736,83.0987,100,A4,0.126817,0.991278,1
20210416T105525,20210708T131736,83.0987,101,A4,0.140029,0.125465,1
20210416T105525,20210708T131736,83.0987,102,A4,0.233385,0.194978,0
20210416T105525,20210708T131736,83.0987,103,A4,0.405296,0.177845,0
20210416T105525,20210708T131736,83.0987,104,A4,-0.132878,0.265232,1
20210416T105525,20210708T131736,83.0987,105,A4,0.180191,0.165621,1
20210416T105525,20210708T131736,83.0987,106,A4,0.032356,0.115416,0
20210416T105525,20210708T131736,83.0987,107,A4,-0.080470,0.449948,0
20210416T105525,20210708T131736,83.0987,108,A4,-0.004294,1.026645,0
20210416T105525,20210708T131736,83.0987,109,A4,0.070589,0.874823,1
20210416T105525,20210708T131736,83.0987,110,A4,-0.059859,0.318505,0
20210416T105525,20210708T131736,83.0987,111,A4,0.000302,0.087649,1
20210416T105525,20210708T131736,83.0987,112,A4,-0.408233,0.809064,1
20210416T105525,20210708T131736,83.0987,113,A4,0.403252,0.477249,0
20210416T105525,20210708T131736,83.0987,114,A4,-0.219029,0.057159,1
20210416T105525,20210708T131736,83.0987,115,A4,-0.053522,0.805709,0
20210416T105525,20210708T131736,83.0987,116,A4,-0.307693,0.181163,1
20210416T105525,20210708T131736,83.0987,117,A4,-0.034926,0.154161,0
20210416T105525,20210708T131736,83.0987,118,A4,-0.078153,0.048664,1
20210416T105525,20210708T131736,83.0987,119,A4,-0.178624,1.158512,0
20210416T105525,20210708T131736,83.0987,120,A4,0.222297,0.648796,0
20210416T105525,20210708T131736,83.0987,121,A4,-0.323699,1.084574,0
20210416T105525,20210708T131736,83.0987,122,A4,0.080136,0.052562,1
20210416T105525,20210708T131736,83.0987,123,A4,0.184591,0.021811,1
20210416T105525,20210708T131736,83.0987,124,A4,0.016101,0.224415,1
20210416T105525,20210708T131736,83.0987,125,A4,0.058203,0.590129,0
20210416T105525,20210708T131736,83.0987,126,A4,-0.276226,0.087604,0
20210416T105525,20210708T131736,83.0987,127,A4,0.205848,0.228248,0
20210416T105525,20210708T131736,83.0987,128,A4,0.141502,0.458762,1
20210416T105525,20210709T103307,83.9845,1,A1,0.117629,0.356183,1
20210416T105525,20210709T103307,83.9845,2,A1,-0.251674,0.153129,1
20210416T105525,20210709T103307,83.9845,3,A1,0.478484,0.279643,1
20210416T105525,20210709T103307,83.9845,4,A1,0.072682,0.021459,1
20210416T105525,20210709T103307,83.9845,5,A1,-0.017317,1.067710,0
20210416T105525,20210709T103307,83.9845,6,A1,0.312271,0.321371,1
20210416T105525,20210709T103307,83.9845,7,A1,-0.248749,0.172430,0
20210416T105525,20210709T103307,83.9845,8,A1,0.130518,0.907174,1
20210416T105525,20210709T103307,83.9845,9,A1,-0.112377,0.736846,0
20210416T105525,20210709T103307,83.9845,10,A1,0.077371,0.420945,0
20210416T105525,20210709T103307,83.9845,11,A1,0.097370,0.000000,1
20210416T105525,20210709T103307,83.9845,12,A1,-0.204376,2.000000,0
20210416T105525,20210709T103307,83.9845,13,A1,-0.331782,0.699417,1
20210416T105525,20210709T103307,83.9845,14,A1,-0.014570,1.014687,0
20210416T105525,20210709T103307,83.9845,15,A1,0.426564,0.366332,1
20210416T105525,20210709T103307,83.9845,16,A1,-0.086507,0.600263,0
20210416T105525,20210709T103307,83.9845,17,A1,0.274768,0.103722,1
20210416T105525,20210709T103307,83.9845,18,A1,-0.190549,1.488356,0
20210416T105525,20210709T103307,83.9845,19,A1,0.341857,0.582040,0
20210416T105525,20210709T103307,83.9845,20,A1,0.466352,1.022333,0
20210416T105525,20210709T103307,83.9845,21,A1,-0.124086,0.909944,1
20210416T105525,20210709T103307,83.9845,22,A1,-0.328865,0.883214,1
20210416T105525,20210709T103307,83.9845,23,A1,-0.261443,0.025998,0
20210416T105525,20210709T103307,83.9845,24,A1,-0.294576,1.742465,0
20210416T105525,20210709T103307,83.9845,25,A1,-0.070362,0.300097,0
20210416T105525,20210709T103307,83.9845,26,A1,-0.147558,1.014803,0
20210416T105525,20210709T103307,83.9845,27,A1,-0.155870,0.498756,0
20210416T105525,20210709T103307,83.9845,28,A1,-0.119805,0.851431,0
20210416T105525,20210709T103307,83.9845,29,A1,0.014204,1.248416,0
20210416T105525,20210709T103307,83.9845,30,A1,-0.087632,0.547424,1
20210416T105525,20210709T103307,83.9845,31,A1,-0.040673,0.530867,0
20210416T105525,20210709T103307,83.9845,32,A1,-0.422595,1.122237,0
20210416T105525,20210709T103307,83.9845,33,A2,0.397290,0.756134,0
20210416T105525,20210709T103307,83.9845,34,A2,0.153506,0.079648,0
20210416T105525,20210709T103307,83.9845,35,A2,0.012108,0.454690,1
20210416T105525,20210709T103307,83.9845,36,A2,0.034317,0.193520,0
20210416T105525,20210709T103307,83.9845,37,A2,0.120476,1.147357,0
20210416T105525,20210709T103307,83.9845,38,A2,-0.024717,1.030267,0
20210416T105525,20210709T103307,83.9845,39,A2,-0.128689,0.538256,1
20210416T105525,20210709T103307,83.9845,40,A2,0.267902,1.376925,0
20210416T105525,20210709T103307,83.9845,41,A2,0.255487,0.234198,0
20210416T105525,20210709T103307,83.9845,42,A2,0.170182,0.030199,1
20210416T105525,20210709T103307,83.9845,43,A2,0.108365,1.606299,0
20210416T105525,20210709T103307,83.9845,44,A2,-0.138303,0.352423,0
20210416T105525,20210709T103307,83.9845,45,A2,0.114651,1.127379,0
20210416T105525,20210709T103307,83.9845,46,A2,0.051326,0.430035,0
20210416T105525,20210709T103307,83.9845,47,A2,-0.170396,0.452737,1
20210416T105525,20210709T103307,83.9845,48,A2,-0.196130,0.310114,0
20210416T105525,20210709T103307,83.9845,49,A2,0.042225,0.660729,1
20210416T105525,20210709T103307,83.9845,50,A2,0.073070,1.527263,0
20210416T105525,20210709T103307,83.9845,51,A2,-0.039295,1.044731,0
20210416T105525,20210709T103307,83.9845,52,A2,0.034858,2.000000,0
20210416T105525,20210709T103307,83.9845,53,A2,-0.010798,1.464735,0
20210416T105525,20210709T103307,83.9845,54,A2,0.166677,0.821270,1
20210416T105525,20210709T103307,83.9845,55,A2,0.127786,0.218228,0
20210416T105525,20210709T103307,83.9845,56,A2,-0.106292,0.833269,0
20210416T105525,20210709T103307,83.9845,57,A2,-0.123259,0.613394,1
20210416T105525,20210709T103307,83.9845,58,A2,0.119733,1.426910,0
20210416T105525,20210709T103307,83.9845,59,A2,-0.004629,1.067005,0
20210416T105525,20210709T103307,83.9845,60,A2,-0.005646,0.235671,0
20210416T105525,20210709T103307,83.9845,61,A2,-0.478653,0.569006,1
20210416T105525,20210709T103307,83.9845,62,A2,0.368378,0.681855,0
20210416T105525,20210709T103307,83.9845,63,A2,0.314856,0.845205,1
20210416T105525,20210709T103307,83.9845,64,A2,-0.113677,0.032143,1
20210416T105525,20210709T103307,83.9845,65,A3,0.009112,0.524236,1
20210416T105525,20210709T103307,83.9845,66,A3,0.086694,0.214059,1
20210416T105525,20210709T103307,83.9845,67,A3,0.177028,0.908267,1
20210416T105525,20210709T103307,83.9845,68,A3,-0.278513,0.277076,0
20210416T105525,20210709T103307,83.9845,69,A3,0.219096,0.041228,1
20210416T105525,20210709T103307,83.9845,70,A3,0.031006,0.306580,1
20210416T105525,20210709T103307,83.9845,71,A3,0.071956,0.102606,0
20210416T105525,20210709T103307,83.9845,72,A3,-0.089654,0.265509,0
20210416T105525,20210709T103307,83.9845,73,A3,0.029222,0.060256,1
20210416T105525,20210709T103307,83.9845,74,A3,0.206240,0.160089,0
20210416T105525,20210709T103307,83.9845,75,A3,0.021137,0.734721,1
20210416T105525,20210709T103307,83.9845,76,A3,0.353686,0.069362,1
20210416T105525,20210709T103307,83.9845,77,A3,-0.050301,2.000000,0
20210416T105525,20210709T103307,83.9845,78,A3,0.105983,0.089454,1
20210416T105525,20210709T103307,83.9845,79,A3,-0.042043,0.190031,1
20210416T105525,20210709T103307,83.9845,80,A3,-0.054486,0.236957,0
20210416T105525,20210709T103307,83.9845,81,A3,-0.203483,0.576075,0
20210416T105525,20210709T103307,83.9845,82,A3,0.069133,0.208682,0
20210416T105525,20210709T103307,83.9845,83,A3,0.172564,0.530207,0
20210416T105525,20210709T103307,83.9845,84,A3,-0.099650,0.023871,1
20210416T105525,20210709T103307,83.9845,85,A3,0.220418,0.494430,1
20210416T105525,20210709T103307,83.9845,86,A3,0.115650,0.303049,0
20210416T105525,20210709T103307,83.9845,87,A3,0.282402,0.012621,1
20210416T105525,20210709T103307,83.9845,88,A3,-0.218211,0.474162,0
20210416T105525,20210709T103307,83.9845,89,A3,-0.050124,0.273432,0
20210416T105525,20210709T103307,83.9845,90,A3,0.422959,0.355557,1
20210416T105525,20210709T103307,83.9845,91,A3,-0.033350,0.014630,0
20210416T105525,20210709T103307,83.9845,92,A3,0.111587,0.357276,1
20210416T105525,20210709T103307,83.9845,93,A3,-0.292745,0.364006,0
20210416T105525,20210709T103307,83.9845,94,A3,0.009193,0.237432,1
20210416T105525,20210709T103307,83.9845,95,A3,-0.130272,0.031628,1
20210416T105525,20210709T103307,83.9845,96,A3,0.259896,0.383168,0
20210416T105525,20210709T103307,83.9845,97,A4,-0.047754,0.765707,0
20210416T105525,20210709T103307,83.9845,98,A4,0.143086,0.325794,0
20210416T105525,20210709T103307,83.9845,99,A4,-0.027322,1.260606,0
20210416T105525,20210709T103307,83.9845,100,A4,-0.172363,0.879339,1
20210416T105525,20210709T103307,83.9845,101,A4,0.386716,0.247856,0
20210416T105525,20210709T103307,83.9845,102,A4,0.159638,0.221364,0
20210416T105525,20210709T103307,83.9845,103,A4,0.161520,0.159602,0
20210416T105525,20210709T103307,83.9845,104,A4,0.046539,0.282813,0
20210416T105525,20210709T103307,83.9845,105,A4,0.148214,0.012884,1
20210416T105525,20210709T103307,83.9845,106,A4,-0.074658,0.223382,0
20210416T105525,20210709T103307,83.9845,107,A4,-0.140682,0.721807,0
20210416T105525,20210709T103307,83.9845,108,A4,0.197498,0.980544,1
20210416T105525,20210709T103307,83.9845,109,A4,-0.125134,0.036127,1
20210416T105525,20210709T103307,83.9845,110,A4,0.125077,0.312689,0
20210416T105525,20210709T103307,83.9845,111,A4,-0.034405,0.231500,0
20210416T105525,20210709T103307,83.9845,112,A4,-0.143867,0.269556,0
20210416T105525,20210709T103307,83.9845,113,A4,0.501464,0.383866,0
20210416T105525,20210709T103307,83.9845,114,A4,0.089676,0.119422,1
20210416T105525,20210709T103307,83.9845,115,A4,-0.011024,0.074697,1
20210416T105525,20210709T103307,83.9845,116,A4,-0.043962,0.116920,1
20210416T105525,20210709T103307,83.9845,117,A4,-0.334260,0.156216,0
20210416T105525,20210709T103307,83.9845,118,A4,-0.239004,0.052604,1
20210416T105525,20210709T103307,83.9845,119,A4,-0.103036,1.158512,0
20210416T105525,20210709T103307,83.9845,120,A4,-0.292252,0.740406,0
20210416T105525,20210709T103307,83.9845,121,A4,-0.015806,0.142666,0
20210416T105525,20210709T103307,83.9845,122,A4,-0.160946,0.568787,0
20210416T105525,20210709T103307,83.9845,123,A4,-0.288038,0.662038,0
20210416T105525,20210709T103307,83.9845,124,A4,-0.433071,0.204757,1
20210416T105525,20210709T103307,83.9845,125,A4,-0.023983,0.506165,0
20210416T105525,20210709T103307,83.9845,126,A4,0.217340,0.041223,1
20210416T105525,20210709T103307,83.9845,127,A4,-0.226817,0.268965,0
20210416T105525,20210709T103307,83.9845,128,A4,-0.249923,0.195301,0
20210416T105525,20210715T105108,89.9970,1,A1,-0.283880,0.383746,1
20210416T105525,20210715T105108,89.9970,2,A1,-0.301106,0.460582,1
20210416T105525,20210715T105108,89.9970,3,A1,0.048014,1.397806,0
20210416T105525,20210715T105108,89.9970,4,A1,0.197919,1.267985,0
20210416T105525,20210715T105108,89.9970,5,A1,-0.477554,0.925890,0
20210416T105525,20210715T105108,89.9970,6,A1,0.163761,0.863496,0
20210416T105525,20210715T105108,89.9970,7,A1,-0.107372,1.084697,0
20210416T105525,20210715T105108,89.9970,8,A1,-0.128144,0.257671,1
20210416T105525,20210715T105108,89.9970,9,A1,0.209710,0.324652,0
20210416T105525,20210715T105108,89.9970,10,A1,0.074070,0.645254,1
20210416T105525,20210715T105108,89.9970,11,A1,-0.095228,1.292003,0
20210416T105525,20210715T105108,89.9970,12,A1,-0.271360,1.597332,0
20210416T105525,20210715T105108,89.9970,13,A1,0.167047,0.928836,1
20210416T105525,20210715T105108,89.9970,14,A1,-0.035608,0.648028,0
20210416T105525,20210715T105108,89.9970,15,A1,-0.090995,0.704505,0
20210416T105525,20210715T105108,89.9970,16,A1,-0.203174,0.390118,0
20210416T105525,20210715T105108,89.9970,17,A1,-0.030713,0.339433,1
20210416T105525,20210715T105108,89.9970,18,A1,0.173549,0.127159,1
20210416T105525,20210715T105108,89.9970,19,A1,0.055144,0.855547,1
20210416T105525,20210715T105108,89.9970,20,A1,0.419035,1.172645,0
20210416T105525,20210715T105108,89.9970,21,A1,-0.082359,0.440560,1
20210416T105525,20210715T105108,89.9970,22,A1,0.107161,0.001481,1
20210416T105525,20210715T105108,89.9970,23,A1,0.011278,0.188671,1
20210416T105525,20210715T105108,89.9970,24,A1,0.094782,1.742465,0
20210416T105525,20210715T105108,89.9970,25,A1,-0.149114,0.815810,1
20210416T105525,20210715T105108,89.9970,26,A1,-0.280180,2.000000,0
20210416T105525,20210715T105108,89.9970,27,A1,-0.166725,0.024993,1
20210416T105525,20210715T105108,89.9970,28,A1,-0.361374,1.005692,0
20210416T105525,20210715T105108,89.9970,29,A1,-0.076005,0.778477,0
20210416T105525,20210715T105108,89.9970,30,A1,-0.167546,0.912303,1
20210416T105525,20210715T105108,89.9970,31,A1,0.055088,1.178876,0
20210416T105525,20210715T105108,89.9970,32,A1,-0.261144,1.372023,0
20210416T105525,20210715T105108,89.9970,33,A2,0.252893,1.116974,0
20210416T105525,20210715T105108,89.9970,34,A2,0.242374,0.998773,1
20210416T105525,20210715T105108,89.9970,35,A2,-0.092711,0.503513,1
20210416T105525,20210715T105108,89.9970,36,A2,0.073776,0.120572,1
20210416T105525,20210715T105108,89.9970,37,A2,0.275879,0.446914,0
20210416T105525,20210715T105108,89.9970,38,A2,-0.010038,1.641311,0
20210416T105525,20210715T105108,89.9970,39,A2,0.241685,0.166285,1
20210416T105525,20210715T105108,89.9970,40,A2,-0.016734,0.543387,1
20210416T105525,20210715T105108,89.9970,41,A2,-0.129705,0.184375,1
20210416T105525,20210715T105108,89.9970,42,A2,-0.127989,0.149543,0
20210416T105525,20210715T105108,89.9970,43,A2,-0.110733,0.878008,1
20210416T105525,20210715T105108,89.9970,44,A2,-0.101859,0.627318,1
20210416T105525,20210715T105108,89.9970,45,A2,-0.336758,0.064736,1
20210416T105525,20210715T105108,89.9970,46,A2,-0.278576,0.182124,0
20210416T105525,20210715T105108,89.9970,47,A2,-0.059299,0.469362,1
20210416T105525,20210715T105108,89.9970,48,A2,0.107866,0.326474,0
20210416T105525,20210715T105108,89.9970,49,A2,0.062872,0.499473,1
20210416T105525,20210715T105108,89.9970,50,A2,0.170717,1.527263,0
20210416T105525,20210715T105108,89.9970,51,A2,0.273792,0.102458,1
20210416T105525,20210715T105108,89.9970,52,A2,-0.107771,2.000000,0
20210416T105525,20210715T105108,89.9970,53,A2,0.325267,0.351014,1
20210416T105525,20210715T105108,89.9970,54,A2,0.332938,0.782054,1
20210416T105525,20210715T105108,89.9970,55,A2,-0.308651,0.465944,1
20210416T105525,20210715T105108,89.9970,56,A2,0.101042,0.532831,0
20210416T105525,20210715T105108,89.9970,57,A2,0.117997,0.117929,1
20210416T105525,20210715T105108,89.9970,58,A2,-0.058637,0.969970,0
20210416T105525,20210715T105108,89.9970,59,A2,0.039814,1.067005,0
20210416T105525,20210715T105108,89.9970,60,A2,-0.358732,0.409618,1
20210416T105525,20210715T105108,89.9970,61,A2,0.197085,0.450657,0
20210416T105525,20210715T105108,89.9970,62,A2,0.067358,0.945627,1
20210416T105525,20210715T105108,89.9970,63,A2,0.048242,0.077469,1
20210416T105525,20210715T105108,89.9970,64,A2,0.269071,0.338272,0
20210416T105525,20210715T105108,89.9970,65,A3,0.098820,0.974590,1
20210416T105525,20210715T105108,89.9970,66,A3,-0.064973,0.166538,0
20210416T105525,20210715T105108,89.9970,67,A3,0.344388,0.065753,1
20210416T105525,20210715T105108,89.9970,68,A3,-0.262071,0.123689,0
20210416T105525,20210715T105108,89.9970,69,A3,-0.182752,1.077027,0
20210416T105525,20210715T105108,89.9970,70,A3,0.271164,0.122637,0
20210416T105525,20210715T105108,89.9970,71,A3,0.133915,0.177016,0
20210416T105525,20210715T105108,89.9970,72,A3,0.132161,0.174129,0
20210416T105525,20210715T105108,89.9970,73,A3,0.275598,0.344996,0
20210416T105525,20210715T105108,89.9970,74,A3,-0.173219,0.317366,0
20210416T105525,20210715T105108,89.9970,75,A3,0.128996,1.390784,0
20210416T105525,20210715T105108,89.9970,76,A3,0.006804,0.479854,0
20210416T105525,20210715T105108,89.9970,77,A3,-0.147611,0.640420,1
20210416T105525,20210715T105108,89.9970,78,A3,0.141420,0.943526,0
20210416T105525,20210715T105108,89.9970,79,A3,0.089120,0.659650,0
20210416T105525,20210715T105108,89.9970,80,A3,0.184642,0.090441,0
20210416T105525,20210715T105108,89.9970,81,A3,-0.183579,0.316257,0
20210416T105525,20210715T105108,89.9970,82,A3,-0.272927,0.551255,0
20210416T105525,20210715T105108,89.9970,83,A3,-0.125089,0.442513,1
20210416T105525,20210715T105108,89.9970,84,A3,0.195780,1.232269,0
20210416T105525,20210715T105108,89.9970,85,A3,-0.078034,0.644046,0
20210416T105525,20210715T105108,89.9970,86,A3,0.021042,0.320935,0
20210416T105525,20210715T105108,89.9970,87,A3,0.167536,0.039510,1
20210416T105525,20210715T105108,89.9970,88,A3,0.263207,0.454922,0
20210416T105525,20210715T105108,89.9970,89,A3,0.100024,0.338289,0
20210416T105525,20210715T105108,89.9970,90,A3,-0.083788,0.445064,0
20210416T105525,20210715T105108,89.9970,91,A3,-0.200929,0.024532,1
20210416T105525,20210715T105108,89.9970,92,A3,0.020129,0.312028,0
20210416T105525,20210715T105108,89.9970,93,A3,0.069497,0.290283,1
20210416T105525,20210715T105108,89.9970,94,A3,0.090010,0.100554,1
20210416T105525,20210715T105108,89.9970,95,A3,-0.119705,0.034897,1
20210416T105525,20210715T105108,89.9970,96,A3,-0.167762,0.233062,1
20210416T105525,20210715T105108,89.9970,97,A4,0.036168,0.696280,1
20210416T105525,20210715T105108,89.9970,98,A4,-0.024806,1.088333,0
20210416T105525,20210715T105108,89.9970,99,A4,-0.150323,1.409331,0
20210416T105525,20210715T105108,89.9970,100,A4,0.345645,0.806538,1
20210416T105525,20210715T105108,89.9970,101,A4,-0.018444,0.160138,0
20210416T105525,20210715T105108,89.9970,102,A4,0.021121,0.091033,1
20210416T105525,20210715T105108,89.9970,103,A4,0.163927,0.136841,0
20210416T105525,20210715T105108,89.9970,104,A4,-0.058514,0.211424,1
20210416T105525,20210715T105108,89.9970,105,A4,-0.015882,0.133092,0
20210416T105525,20210715T105108,89.9970,106,A4,0.005423,0.051605,1
20210416T105525,20210715T105108,89.9970,107,A4,0.033634,0.373902,1
20210416T105525,20210715T105108,89.9970,108,A4,-0.063997,0.962505,1
20210416T105525,20210715T105108,89.9970,109,A4,0.010327,0.874823,1
20210416T105525,20210715T105108,89.9970,110,A4,0.405178,0.250479,1
20210416T105525,20210715T105108,89.9970,111,A4,-0.022694,0.202661,0
20210416T105525,20210715T105108,89.9970,112,A4,0.205590,0.188143,1
20210416T105525,20210715T105108,89.9970,113,A4,0.119421,0.778091,1
20210416T105525,20210715T105108,89.9970,114,A4,-0.088938,0.197484,0
20210416T105525,20210715T105108,89.9970,115,A4,0.097318,0.702123,1
20210416T105525,20210715T105108,89.9970,116,A4,0.084021,0.249673,0
20210416T105525,20210715T105108,89.9970,117,A4,0.196563,0.099324,0
20210416T105525,20210715T105108,89.9970,118,A4,-0.099492,0.648721,1
20210416T105525,20210715T105108,89.9970,119,A4,0.098004,0.054888,1
20210416T105525,20210715T105108,89.9970,120,A4,-0.120344,0.310582,1
20210416T105525,20210715T105108,89.9970,121,A4,-0.368412,0.099698,1
20210416T105525,20210715T105108,89.9970,122,A4,-0.026368,0.246881,0
20210416T105525,20210715T105108,89.9970,123,A4,-0.193792,0.160820,0
20210416T105525,20210715T105108,89.9970,124,A4,0.288840,0.528160,0
20210416T105525,20210715T105108,89.9970,125,A4,-0.042450,1.263688,0
20210416T105525,20210715T105108,89.9970,126,A4,0.379847,0.070836,1
20210416T105525,20210715T105108,89.9970,127,A4,0.204818,0.777079,1
20210416T105525,20210715T105108,89.9970,128,A4,0.130051,0.102360,1
20210416T105525,20210716T103652,90.9871,1,A1,0.111448,0.787241,0
20210416T105525,20210716T103652,90.9871,2,A1,0.134362,0.585717,0
20210416T105525,20210716T103652,90.9871,3,A1,0.087153,0.960355,0
20210416T105525,20210716T103652,90.9871,4,A1,0.195019,0.496004,0
20210416T105525,20210716T103652,90.9871,5,A1,0.031196,0.410755,0
20210416T105525,20210716T103652,90.9871,6,A1,-0.030292,0.675773,1
20210416T105525,20210716T103652,90.9871,7,A1,-0.460016,0.823354,0
20210416T105525,20210716T103652,90.9871,8,A1,-0.174929,0.606035,1
20210416T105525,20210716T103652,90.9871,9,A1,0.168830,0.547135,1
20210416T105525,20210716T103652,90.9871,10,A1,0.007480,1.354746,0
20210416T105525,20210716T103652,90.9871,11,A1,0.085296,1.020731,0
20210416T105525,20210716T103652,90.9871,12,A1,0.029572,1.629235,0
20210416T105525,20210716T103652,90.9871,13,A1,-0.144026,1.279937,0
20210416T105525,20210716T103652,90.9871,14,A1,0.071331,0.084980,0
20210416T105525,20210716T103652,90.9871,15,A1,-0.193239,0.366332,1
20210416T105525,20210716T103652,90.9871,16,A1,0.280528,0.014022,1
20210416T105525,20210716T103652,90.9871,17,A1,-0.164178,0.283789,1
20210416T105525,20210716T103652,90.9871,18,A1,0.228645,0.207728,1
20210416T105525,20210716T103652,90.9871,19,A1,-0.188636,1.144453,0
20210416T105525,20210716T103652,90.9871,20,A1,0.421441,1.172645,0
20210416T105525,20210716T103652,90.9871,21,A1,0.368710,0.103703,0
20210416T105525,20210716T103652,90.9871,22,A1,-0.241989,0.095208,1
20210416T105525,20210716T103652,90.9871,23,A1,0.048935,0.177382,1
20210416T105525,20210716T103652,90.9871,24,A1,-0.100221,1.726041,0
20210416T105525,20210716T103652,90.9871,25,A1,-0.123555,0.197751,1
20210416T105525,20210716T103652,90.9871,26,A1,0.050161,1.111234,0
20210416T105525,20210716T103652,90.9871,27,A1,-0.091426,0.640811,0
20210416T105525,20210716T103652,90.9871,28,A1,0.082977,0.773490,0
20210416T105525,20210716T103652,90.9871,29,A1,0.284387,0.517429,0
20210416T105525,20210716T103652,90.9871,30,A1,0.120497,1.252398,0
20210416T105525,20210716T103652,90.9871,31,A1,-0.056873,0.934099,0
20210416T105525,20210716T103652,90.9871,32,A1,-0.175146,1.318059,0
20210416T105525,20210716T103652,90.9871,33,A2,0.470761,1.116974,0
20210416T105525,20210716T103652,90.9871,34,A2,0.066356,0.964183,1
20210416T105525,20210716T103652,90.9871,35,A2,0.416132,1.370842,0
20210416T105525,20210716T103652,90.9871,36,A2,-0.052029,0.248912,0
20210416T105525,20210716T103652,90.9871,37,A2,-0.030137,0.470696,0
20210416T105525,20210716T103652,90.9871,38,A2,0.002081,0.903029,1
20210416T105525,20210716T103652,90.9871,39,A2,-0.023843,0.662783,0
20210416T105525,20210716T103652,90.9871,40,A2,0.148005,0.572773,1
20210416T105525,20210716T103652,90.9871,41,A2,-0.137473,0.234582,0
20210416T105525,20210716T103652,90.9871,42,A2,0.098262,0.203541,0
20210416T105525,20210716T103652,90.9871,43,A2,-0.062857,1.069079,0
20210416T105525,20210716T103652,90.9871,44,A2,-0.166940,0.059095,1
20210416T105525,20210716T103652,90.9871,45,A2,0.052045,0.039721,1
20210416T105525,20210716T103652,90.9871,46,A2,0.125091,0.823836,0
20210416T105525,20210716T103652,90.9871,47,A2,0.140192,1.079287,0
20210416T105525,20210716T103652,90.9871,48,A2,0.330199,0.300209,0
20210416T105525,20210716T103652,90.9871,49,A2,0.120582,0.315333,1
20210416T105525,20210716T103652,90.9871,50,A2,0.405972,1.527263,0
20210416T105525,20210716T103652,90.9871,51,A2,0.150581,0.660924,1
20210416T105525,20210716T103652,90.9871,52,A2,0.058404,1.738479,0
20210416T105525,20210716T103652,90.9871,53,A2,0.032102,0.108048,1
20210416T105525,20210716T103652,90.9871,54,A2,-0.230505,0.193772,1
20210416T105525,20210716T103652,90.9871,55,A2,0.119119,0.812151,1
20210416T105525,20210716T103652,90.9871,56,A2,0.121951,0.523638,0
20210416T105525,20210716T103652,90.9871,57,A2,0.150597,0.865907,1
20210416T105525,20210716T103652,90.9871,58,A2,0.133774,0.622820,0
20210416T105525,20210716T103652,90.9871,59,A2,0.230010,0.059826,1
20210416T105525,20210716T103652,90.9871,60,A2,0.004554,0.189621,0
20210416T105525,20210716T103652,90.9871,61,A2,0.218360,0.023102,1
20210416T105525,20210716T103652,90.9871,62,A2,0.048810,0.049232,1
20210416T105525,20210716T103652,90.9871,63,A2,0.171451,0.119358,1
20210416T105525,20210716T103652,90.9871,64,A2,-0.138805,0.308585,1
20210416T105525,20210716T103652,90.9871,65,A3,-0.104309,0.061455,1
20210416T105525,20210716T103652,90.9871,66,A3,-0.090606,0.196567,0
20210416T105525,20210716T103652,90.9871,67,A3,-0.096625,1.091733,0
20210416T105525,20210716T103652,90.9871,68,A3,-0.129946,0.246857,0
20210416T105525,20210716T103652,90.9871,69,A3,-0.031906,0.192348,0
20210416T105525,20210716T103652,90.9871,70,A3,-0.451360,0.363216,1
20210416T105525,20210716T103652,90.9871,71,A3,0.123224,0.107105,0
20210416T105525,20210716T103652,90.9871,72,A3,-0.234666,1.004036,0
20210416T105525,20210716T103652,90.9871,73,A3,0.265703,0.233334,1
20210416T105525,20210716T103652,90.9871,74,A3,0.129802,0.026495,1
20210416T105525,20210716T103652,90.9871,75,A3,-0.158022,2.000000,0
20210416T105525,20210716T103652,90.9871,76,A3,-0.241959,0.176040,1
20210416T105525,20210716T103652,90.9871,77,A3,-0.069531,2.000000,0
20210416T105525,20210716T103652,90.9871,78,A3,0.171606,0.075570,1
20210416T105525,20210716T103652,90.9871,79,A3,0.033817,0.387697,1
20210416T105525,20210716T103652,90.9871,80,A3,0.144248,0.052198,1
20210416T105525,20210716T103652,90.9871,81,A3,-0.013708,0.461454,0
20210416T105525,20210716T103652,90.9871,82,A3,0.285923,0.609445,0
20210416T105525,20210716T103652,90.9871,83,A3,-0.330337,0.504077,0
20210416T105525,20210716T103652,90.9871,84,A3,0.032183,0.229162,1
20210416T105525,20210716T103652,90.9871,85,A3,0.006724,1.366098,0
20210416T105525,20210716T103652,90.9871,86,A3,0.235783,0.194350,1
20210416T105525,20210716T103652,90.9871,87,A3,-0.175501,1.026479,0
20210416T105525,20210716T103652,90.9871,88,A3,-0.121985,0.709353,0
20210416T105525,20210716T103652,90.9871,89,A3,-0.076736,0.264475,0
20210416T105525,20210716T103652,90.9871,90,A3,-0.090640,0.664354,0
20210416T105525,20210716T103652,90.9871,91,A3,-0.022272,0.017521,1
20210416T105525,20210716T103652,90.9871,92,A3,-0.172125,0.910286,0
20210416T105525,20210716T103652,90.9871,93,A3,-0.296755,0.056243,1
20210416T105525,20210716T103652,90.9871,94,A3,-0.025629,0.773737,0
20210416T105525,20210716T103652,90.9871,95,A3,-0.181851,0.217992,1
20210416T105525,20210716T103652,90.9871,96,A3,0.178780,0.609871,0
20210416T105525,20210716T103652,90.9871,97,A4,-0.137297,0.795824,0
20210416T105525,20210716T103652,90.9871,98,A4,-0.310326,1.269215,0
20210416T105525,20210716T103652,90.9871,99,A4,0.124637,0.948478,1
20210416T105525,20210716T103652,90.9871,100,A4,-0.109422,0.972513,1
20210416T105525,20210716T103652,90.9871,101,A4,-0.084167,0.272414,0
20210416T105525,20210716T103652,90.9871,102,A4,0.023055,0.178680,0
20210416T105525,20210716T103652,90.9871,103,A4,-0.178594,0.031102,1
20210416T105525,20210716T103652,90.9871,104,A4,-0.052196,0.733979,1
20210416T105525,20210716T103652,90.9871,105,A4,0.453370,0.733611,1
20210416T105525,20210716T103652,90.9871,106,A4,0.190399,0.245820,0
20210416T105525,20210716T103652,90.9871,107,A4,0.208407,0.610485,1
20210416T105525,20210716T103652,90.9871,108,A4,-0.115034,0.760891,1
20210416T105525,20210716T103652,90.9871,109,A4,-0.090723,0.128958,0
20210416T105525,20210716T103652,90.9871,110,A4,-0.077061,0.104290,1
20210416T105525,20210716T103652,90.9871,111,A4,0.066953,0.033028,1
20210416T105525,20210716T103652,90.9871,112,A4,0.119029,0.239290,0
20210416T105525,20210716T103652,90.9871,113,A4,0.098326,0.578584,0
20210416T105525,20210716T103652,90.9871,114,A4,-0.457281,0.062497,1
20210416T105525,20210716T103652,90.9871,115,A4,0.273431,1.091091,0
20210416T105525,20210716T103652,90.9871,116,A4,0.017365,0.758058,0
20210416T105525,20210716T103652,90.9871,117,A4,-0.209801,0.086161,0
20210416T105525,20210716T103652,90.9871,118,A4,0.032253,0.233260,1
20210416T105525,20210716T103652,90.9871,119,A4,0.054918,0.078912,1
20210416T105525,20210716T103652,90.9871,120,A4,0.064757,0.697249,0
20210416T105525,20210716T103652,90.9871,121,A4,0.460298,0.330146,1
20210416T105525,20210716T103652,90.9871,122,A4,0.056912,0.196691,1
20210416T105525,20210716T103652,90.9871,123,A4,-0.115390,0.135338,1
20210416T105525,20210716T103652,90.9871,124,A4,0.099318,0.743404,1
20210416T105525,20210716T103652,90.9871,125,A4,0.063456,1.353375,0
20210416T105525,20210716T103652,90.9871,126,A4,0.328875,0.573763,0
20210416T105525,20210716T103652,90.9871,127,A4,-0.129174,0.302488,1
20210416T105525,20210716T103652,90.9871,128,A4,-0.148912,0.165881,0
20210423T105645,20210520T120659,27.0488,1,A1,-0.180091,1.882302,0
20210423T105645,20210520T120659,27.0488,2,A1,-0.134898,0.664478,0
20210423T105645,20210520T120659,27.0488,3,A1,0.136108,0.141146,1
20210423T105645,20210520T120659,27.0488,4,A1,-0.194646,1.556768,0
20210423T105645,20210520T120659,27.0488,5,A1,-0.265762,0.827924,0
20210423T105645,20210520T120659,27.0488,6,A1,0.137975,0.847455,1
20210423T105645,20210520T120659,27.0488,7,A1,0.251959,0.285944,1
20210423T105645,20210520T120659,27.0488,8,A1,0.133645,1.068063,0
20210423T105645,20210520T120659,27.0488,9,A1,-0.078384,0.648533,1
20210423T105645,20210520T120659,27.0488,10,A1,0.269311,0.237451,1
20210423T105645,20210520T120659,27.0488,11,A1,-0.014703,1.318673,0
20210423T105645,20210520T120659,27.0488,12,A1,-0.629039,0.717223,0
20210423T105645,20210520T120659,27.0488,13,A1,0.050100,1.675438,0
20210423T105645,20210520T120659,27.0488,14,A1,0.208018,0.264699,1
20210423T105645,20210520T120659,27.0488,15,A1,0.181327,0.108020,0
20210423T105645,20210520T120659,27.0488,16,A1,-0.094915,0.685573,1
20210423T105645,20210520T120659,27.0488,17,A1,0.337554,1.203299,0
20210423T105645,20210520T120659,27.0488,18,A1,-0.202130,0.454373,0
20210423T105645,20210520T120659,27.0488,19,A1,0.374939,2.000000,0
20210423T105645,20210520T120659,27.0488,20,A1,-0.024918,0.089982,0
20210423T105645,20210520T120659,27.0488,21,A1,-0.089716,0.479118,1
20210423T105645,20210520T120659,27.0488,22,A1,-0.056629,0.269709,0
20210423T105645,20210520T120659,27.0488,23,A1,-0.154979,0.049737,1
20210423T105645,20210520T120659,27.0488,24,A1,-0.281198,1.343551,0
20210423T105645,20210520T120659,27.0488,25,A1,-0.408948,0.278421,0
20210423T105645,20210520T120659,27.0488,26,A1,0.817028,0.000000,1
20210423T105645,20210520T120659,27.0488,27,A1,0.265519,0.473348,1
20210423T105645,20210520T120659,27.0488,28,A1,0.792090,0.398058,1
20210423T105645,20210520T120659,27.0488,29,A1,-0.101386,0.307181,1
20210423T105645,20210520T120659,27.0488,30,A1,0.226959,0.322519,0
20210423T105645,20210520T120659,27.0488,31,A1,0.152980,0.727631,0
20210423T105645,20210520T120659,27.0488,32,A1,-0.021758,1.249235,0
20210423T105645,20210520T120659,27.0488,33,A2,0.384293,1.734563,0
20210423T105645,20210520T120659,27.0488,34,A2,-0.258686,0.302663,0
20210423T105645,20210520T120659,27.0488,35,A2,0.106406,0.140308,0
20210423T105645,20210520T120659,27.0488,36,A2,0.155274,0.093097,1
20210423T105645,20210520T120659,27.0488,37,A2,0.110140,0.720637,1
20210423T105645,20210520T120659,27.0488,38,A2,0.262796,0.257618,0
20210423T105645,20210520T120659,27.0488,39,A2,0.471889,0.863289,0
20210423T105645,20210520T120659,27.0488,40,A2,0.007154,0.067014,0
20210423T105645,20210520T120659,27.0488,41,A2,0.448885,0.153138,0
20210423T105645,20210520T120659,27.0488,42,A2,-0.169916,0.924249,1
20210423T105645,20210520T120659,27.0488,43,A2,-0.110455,0.262073,0
20210423T105645,20210520T120659,27.0488,44,A2,-0.103581,0.288188,0
20210423T105645,20210520T120659,27.0488,45,A2,0.117178,0.047397,1
20210423T105645,20210520T120659,27.0488,46,A2,0.071451,0.596523,0
20210423T105645,20210520T120659,27.0488,47,A2,0.174750,0.872929,1
20210423T105645,20210520T120659,27.0488,48,A2,-0.022097,0.360373,0
20210423T105645,20210520T120659,27.0488,49,A2,0.194728,0.740381,1
20210423T105645,20210520T120659,27.0488,50,A2,0.228664,0.598382,0
20210423T105645,20210520T120659,27.0488,51,A2,0.219709,0.921838,0
20210423T105645,20210520T120659,27.0488,52,A2,0.087674,1.493449,0
20210423T105645,20210520T120659,27.0488,53,A2,0.031504,0.061656,0
20210423T105645,20210520T120659,27.0488,54,A2,0.594797,0.200619,1
20210423T105645,20210520T120659,27.0488,55,A2,0.621759,0.000000,1
20210423T105645,20210520T120659,27.0488,56,A2,0.002511,0.730841,1
20210423T105645,20210520T120659,27.0488,57,A2,-0.241909,0.421652,1
20210423T105645,20210520T120659,27.0488,58,A2,-0.082680,1.099467,0
20210423T105645,20210520T120659,27.0488,59,A2,0.028179,0.229933,0
20210423T105645,20210520T120659,27.0488,60,A2,-0.023068,1.592770,0
20210423T105645,20210520T120659,27.0488,61,A2,-0.022275,0.133484,0
20210423T105645,20210520T120659,27.0488,62,A2,0.022185,0.030062,1
20210423T105645,20210520T120659,27.0488,63,A2,0.267709,0.228438,1
20210423T105645,20210520T120659,27.0488,64,A2,0.019529,0.046218,1
20210423T105645,20210520T120659,27.0488,65,A3,0.192849,0.170557,1
20210423T105645,20210520T120659,27.0488,66,A3,0.210996,0.012414,1
20210423T105645,20210520T120659,27.0488,67,A3,-0.084552,0.974467,0
20210423T105645,20210520T120659,27.0488,68,A3,0.055978,0.179005,0
20210423T105645,20210520T120659,27.0488,69,A3,0.013418,0.009114,1
20210423T105645,20210520T120659,27.0488,70,A3,0.285603,0.168692,1
20210423T105645,20210520T120659,27.0488,71,A3,0.292936,0.339621,1
20210423T105645,20210520T120659,27.0488,72,A3,0.378087,0.135585,0
20210423T105645,20210520T120659,27.0488,73,A3,0.340896,0.325248,0
20210423T105645,20210520T120659,27.0488,74,A3,0.039381,0.311614,0
20210423T105645,20210520T120659,27.0488,75,A3,0.174448,0.907044,1
20210423T105645,20210520T120659,27.0488,76,A3,0.158996,0.082917,1
20210423T105645,20210520T120659,27.0488,77,A3,-0.031323,0.116624,1
20210423T105645,20210520T120659,27.0488,78,A3,0.109267,0.002050,1
20210423T105645,20210520T120659,27.0488,79,A3,0.052233,0.128085,1
20210423T105645,20210520T120659,27.0488,80,A3,0.182925,0.161751,1
20210423T105645,20210520T120659,27.0488,81,A3,0.146898,0.507746,1
20210423T105645,20210520T120659,27.0488,82,A3,0.155619,0.050971,1
20210423T105645,20210520T120659,27.0488,83,A3,0.026863,0.086592,0
20210423T105645,20210520T120659,27.0488,84,A3,-0.262909,0.029629,1
20210423T105645,20210520T120659,27.0488,85,A3,-0.097614,0.274081,1
20210423T105645,20210520T120659,27.0488,86,A3,0.097836,0.788774,1
20210423T105645,20210520T120659,27.0488,87,A3,0.268636,0.039999,1
20210423T105645,20210520T120659,27.0488,88,A3,-0.125076,0.398279,1
20210423T105645,20210520T120659,27.0488,89,A3,0.022029,1.007611,0
20210423T105645,20210520T120659,27.0488,90,A3,0.134756,0.149097,1
20210423T105645,20210520T120659,27.0488,91,A3,0.274688,1.768814,0
20210423T105645,20210520T120659,27.0488,92,A3,0.104846,0.749101,0
20210423T105645,20210520T120659,27.0488,93,A3,0.485300,0.176462,1
20210423T105645,20210520T120659,27.0488,94,A3,-0.181709,0.025640,1
20210423T105645,20210520T120659,27.0488,95,A3,-0.090417,0.105361,1
20210423T105645,20210520T120659,27.0488,96,A3,0.116905,0.336180,1
20210423T105645,20210520T120659,27.0488,97,A4,-0.126945,0.460712,1
20210423T105645,20210520T120659,27.0488,98,A4,0.194207,0.569282,1
20210423T105645,20210520T120659,27.0488,99,A4,0.678747,0.207777,1
20210423T105645,20210520T120659,27.0488,100,A4,0.060907,0.619590,0
20210423T105645,20210520T120659,27.0488,101,A4,0.120670,0.393064,1
20210423T105645,20210520T120659,27.0488,102,A4,0.566342,1.048638,0
20210423T105645,20210520T120659,27.0488,103,A4,0.592248,0.621358,0
20210423T105645,20210520T120659,27.0488,104,A4,0.182833,1.281135,0
20210423T105645,20210520T120659,27.0488,105,A4,0.112991,0.311085,0
20210423T105645,20210520T120659,27.0488,106,A4,0.064694,0.486310,0
20210423T105645,20210520T120659,27.0488,107,A4,0.367552,0.703536,0
20210423T105645,20210520T120659,27.0488,108,A4,0.086805,0.031310,1
20210423T105645,20210520T120659,27.0488,109,A4,0.417949,0.052878,1
20210423T105645,20210520T120659,27.0488,110,A4,-0.315283,1.167183,0
20210423T105645,20210520T120659,27.0488,111,A4,-0.052214,0.090832,1
20210423T105645,20210520T120659,27.0488,112,A4,-0.087073,0.030073,1
20210423T105645,20210520T120659,27.0488,113,A4,0.791181,0.106431,1
20210423T105645,20210520T120659,27.0488,114,A4,0.300709,0.088666,0
20210423T105645,20210520T120659,27.0488,115,A4,0.062826,0.394976,0
20210423T105645,20210520T120659,27.0488,116,A4,0.044537,0.752743,0
20210423T105645,20210520T120659,27.0488,117,A4,0.688424,0.488193,1
20210423T105645,20210520T120659,27.0488,118,A4,0.794851,0.612342,0
20210423T105645,20210520T120659,27.0488,119,A4,0.450211,0.265142,1
20210423T105645,20210520T120659,27.0488,120,A4,0.448176,1.208090,0
20210423T105645,20210520T120659,27.0488,121,A4,-0.161637,0.827579,1
20210423T105645,20210520T120659,27.0488,122,A4,0.294836,0.067650,1
20210423T105645,20210520T120659,27.0488,123,A4,-0.228684,0.442942,1
20210423T105645,20210520T120659,27.0488,124,A4,-0.114114,0.488354,0
20210423T105645,20210520T120659,27.0488,125,A4,0.528946,0.221153,1
20210423T105645,20210520T120659,27.0488,126,A4,-0.594125,1.006569,0
20210423T105645,20210520T120659,27.0488,127,A4,0.345867,0.436112,0
20210423T105645,20210520T120659,27.0488,128,A4,-0.279354,1.054183,0
20210423T105645,20210520T120659,27.0488,129,A5,-0.051160,0.987114,1
20210423T105645,20210520T120659,27.0488,130,A5,0.010568,0.767170,1
20210423T105645,20210520T120659,27.0488,131,A5,0.112575,0.119641,0
20210423T105645,20210520T120659,27.0488,132,A5,-0.029280,0.953289,0
20210423T105645,20210520T120659,27.0488,133,A5,0.076973,0.698805,1
20210423T105645,20210520T120659,27.0488,134,A5,0.066020,0.597164,1
20210423T105645,20210520T120659,27.0488,135,A5,0.322896,0.015324,1
20210423T105645,20210520T120659,27.0488,136,A5,0.104511,0.807317,1
20210423T105645,20210520T120659,27.0488,137,A5,0.057406,0.788561,0
20210423T105645,20210520T120659,27.0488,138,A5,-0.526823,0.759664,1
20210423T105645,20210520T120659,27.0488,139,A5,0.132921,0.027131,1
20210423T105645,20210520T120659,27.0488,140,A5,0.039002,0.989775,1
20210423T105645,20210520T120659,27.0488,141,A5,-0.263987,0.622869,1
20210423T105645,20210520T120659,27.0488,142,A5,0.371269,0.101639,1
20210423T105645,20210520T120659,27.0488,143,A5,0.324798,0.223112,0
20210423T105645,20210520T120659,27.0488,144,A5,0.385690,0.087309,1
20210423T105645,20210520T120659,27.0488,145,A5,0.366009,0.011024,1
20210423T105645,20210520T120659,27.0488,146,A5,-0.263736,0.601287,0
20210423T105645,20210520T120659,27.0488,147,A5,0.219432,0.162731,1
20210423T105645,20210520T120659,27.0488,148,A5,-0.321605,0.055004,1
20210423T105645,20210520T120659,27.0488,149,A5,-0.071085,0.385251,0
20210423T105645,20210520T120659,27.0488,150,A5,0.090688,0.057990,0
20210423T105645,20210520T120659,27.0488,151,A5,0.161263,0.107294,1
20210423T105645,20210520T120659,27.0488,152,A5,-0.224198,0.120748,1
20210423T105645,20210520T120659,27.0488,153,A5,0.338453,0.000000,1
20210423T105645,20210520T120659,27.0488,154,A5,0.254328,0.000000,1
20210423T105645,20210520T120659,27.0488,155,A5,0.080868,0.829005,1
20210423T105645,20210520T120659,27.0488,156,A5,-0.000720,0.026717,1
20210423T105645,20210520T120659,27.0488,157,A5,0.062859,0.134107,1
20210423T105645,20210520T120659,27.0488,158,A5,0.184054,0.185414,1
20210423T105645,20210520T120659,27.0488,159,A5,-0.047112,0.694817,1
20210423T105645,20210520T120659,27.0488,160,A5,-0.095358,0.040926,0
20210423T105645,20210604T143542,42.1520,1,A1,0.012408,0.785459,1
20210423T105645,20210604T143542,42.1520,2,A1,0.227735,0.429276,1
20210423T105645,20210604T143542,42.1520,3,A1,0.017293,0.235843,0
20210423T105645,20210604T143542,42.1520,4,A1,0.102923,1.239709,0
20210423T105645,20210604T143542,42.1520,5,A1,-0.285633,0.507566,0
20210423T105645,20210604T143542,42.1520,6,A1,-0.222287,0.220448,0
20210423T105645,20210604T143542,42.1520,7,A1,-0.049556,0.311367,1
20210423T105645,20210604T143542,42.1520,8,A1,0.143382,0.504538,0
20210423T105645,20210604T143542,42.1520,9,A1,0.224788,0.648533,1
20210423T105645,20210604T143542,42.1520,10,A1,0.119217,0.738779,1
20210423T105645,20210604T143542,42.1520,11,A1,0.240374,0.800753,0
20210423T105645,20210604T143542,42.1520,12,A1,-0.464240,0.526045,0
20210423T105645,20210604T143542,42.1520,13,A1,0.165089,0.603109,1
20210423T105645,20210604T143542,42.1520,14,A1,0.215121,1.623541,0
20210423T105645,20210604T143542,42.1520,15,A1,-0.069790,0.411152,1
20210423T105645,20210604T143542,42.1520,16,A1,-0.191617,2.000000,0
20210423T105645,20210604T143542,42.1520,17,A1,0.039891,1.203299,0
20210423T105645,20210604T143542,42.1520,18,A1,-0.030771,0.007581,1
20210423T105645,20210604T143542,42.1520,19,A1,0.350859,1.524276,0
20210423T105645,20210604T143542,42.1520,20,A1,0.004022,0.762722,1
20210423T105645,20210604T143542,42.1520,21,A1,-0.001929,0.020287,1
20210423T105645,20210604T143542,42.1520,22,A1,0.079599,0.051701,0
20210423T105645,20210604T143542,42.1520,23,A1,-0.287547,0.473252,1
20210423T105645,20210604T143542,42.1520,24,A1,-0.405099,1.526809,0
20210423T105645,20210604T143542,42.1520,25,A1,0.287354,0.740279,0
20210423T105645,20210604T143542,42.1520,26,A1,0.121768,0.686862,1
20210423T105645,20210604T143542,42.1520,27,A1,-0.115156,0.192769,1
20210423T105645,20210604T143542,42.1520,28,A1,0.260044,0.348603,1
20210423T105645,20210604T143542,42.1520,29,A1,0.065500,0.329035,0
20210423T105645,20210604T143542,42.1520,30,A1,-0.132819,0.306290,1
20210423T105645,20210604T143542,42.1520,31,A1,0.004407,0.221885,1
20210423T105645,20210604T143542,42.1520,32,A1,-0.101218,0.855923,0
20210423T105645,20210604T143542,42.1520,33,A2,0.318111,2.000000,0
20210423T105645,20210604T143542,42.1520,34,A2,0.080126,1.003339,0
20210423T105645,20210604T143542,42.1520,35,A2,-0.252508,0.469004,0
20210423T105645,20210604T143542,42.1520,36,A2,-0.020081,0.363388,1
20210423T105645,20210604T143542,42.1520,37,A2,-0.227688,0.075514,1
20210423T105645,20210604T143542,42.1520,38,A2,-0.107319,0.664550,0
20210423T105645,20210604T143542,42.1520,39,A2,0.236084,0.115988,1
20210423T105645,20210604T143542,42.1520,40,A2,-0.036349,0.123017,1
20210423T105645,20210604T143542,42.1520,41,A2,0.261128,0.242605,0
20210423T105645,20210604T143542,42.1520,42,A2,-0.113146,1.038246,0
20210423T105645,20210604T143542,42.1520,43,A2,0.093030,0.189986,0
20210423T105645,20210604T143542,42.1520,44,A2,-0.112547,0.120231,1
20210423T105645,20210604T143542,42.1520,45,A2,-0.118787,0.791339,1
20210423T105645,20210604T143542,42.1520,46,A2,-0.228130,0.903589,1
20210423T105645,20210604T143542,42.1520,47,A2,-0.196861,0.951556,1
20210423T105645,20210604T143542,42.1520,48,A2,-0.117590,0.425466,0
20210423T105645,20210604T143542,42.1520,49,A2,-0.159252,0.079418,1
20210423T105645,20210604T143542,42.1520,50,A2,-0.015541,0.086565,1
20210423T105645,20210604T143542,42.1520,51,A2,0.003240,0.285611,1
20210423T105645,20210604T143542,42.1520,52,A2,-0.324060,0.890294,1
20210423T105645,20210604T143542,42.1520,53,A2,0.127084,0.095178,1
20210423T105645,20210604T143542,42.1520,54,A2,0.605581,0.482535,0
20210423T105645,20210604T143542,42.1520,55,A2,0.101889,0.565762,1
20210423T105645,20210604T143542,42.1520,56,A2,0.057540,0.030720,1
20210423T105645,20210604T143542,42.1520,57,A2,0.120807,0.066488,1
20210423T105645,20210604T143542,42.1520,58,A2,0.160801,0.070309,1
20210423T105645,20210604T143542,42.1520,59,A2,0.054945,0.022925,1
20210423T105645,20210604T143542,42.1520,60,A2,0.337994,0.613511,0
20210423T105645,20210604T143542,42.1520,61,A2,0.081963,0.841857,1
20210423T105645,20210604T143542,42.1520,62,A2,-0.185723,0.131592,0
20210423T105645,20210604T143542,42.1520,63,A2,0.105888,0.577611,1
20210423T105645,20210604T143542,42.1520,64,A2,0.311674,1.100727,0
20210423T105645,20210604T143542,42.1520,65,A3,-0.049716,0.220907,1
20210423T105645,20210604T143542,42.1520,66,A3,-0.218618,0.105046,0
20210423T105645,20210604T143542,42.1520,67,A3,-0.069809,0.487682,1
20210423T105645,20210604T143542,42.1520,68,A3,-0.069965,0.090623,0
20210423T105645,20210604T143542,42.1520,69,A3,0.131444,0.858417,1
20210423T105645,20210604T143542,42.1520,70,A3,-0.060798,0.105473,0
20210423T105645,20210604T143542,42.1520,71,A3,0.001019,0.030453,0
20210423T105645,20210604T143542,42.1520,72,A3,0.022829,0.310305,1
20210423T105645,20210604T143542,42.1520,73,A3,-0.154360,0.123475,1
20210423T105645,20210604T143542,42.1520,74,A3,0.092134,0.445589,0
20210423T105645,20210604T143542,42.1520,75,A3,0.181865,0.877000,1
20210423T105645,20210604T143542,42.1520,76,A3,-0.095408,0.131404,0
20210423T105645,20210604T143542,42.1520,77,A3,-0.029888,0.010792,0
20210423T105645,20210604T143542,42.1520,78,A3,-0.154327,0.063938,0
20210423T105645,20210604T143542,42.1520,79,A3,0.272142,0.341233,0
20210423T105645,20210604T143542,42.1520,80,A3,-0.034139,0.053096,1
20210423T105645,20210604T143542,42.1520,81,A3,-0.227234,0.742156,0
20210423T105645,20210604T143542,42.1520,82,A3,0.219041,0.251167,0
20210423T105645,20210604T143542,42.1520,83,A3,0.130473,0.191195,0
20210423T105645,20210604T143542,42.1520,84,A3,-0.062990,0.163836,0
20210423T105645,20210604T143542,42.1520,85,A3,-0.176931,0.305639,1
20210423T105645,20210604T143542,42.1520,86,A3,-0.040675,0.008697,1
20210423T105645,20210604T143542,42.1520,87,A3,0.371917,0.000627,1
20210423T105645,20210604T143542,42.1520,88,A3,-0.286675,0.381145,1
20210423T105645,20210604T143542,42.1520,89,A3,0.227756,0.782119,0
20210423T105645,20210604T143542,42.1520,90,A3,0.231144,0.054795,1
20210423T105645,20210604T143542,42.1520,91,A3,-0.137268,1.044063,0
20210423T105645,20210604T143542,42.1520,92,A3,-0.001575,0.004966,1
20210423T105645,20210604T143542,42.1520,93,A3,0.029579,0.495426,0
20210423T105645,20210604T143542,42.1520,94,A3,0.049025,0.341902,0
20210423T105645,20210604T143542,42.1520,95,A3,-0.050608,0.805669,1
20210423T105645,20210604T143542,42.1520,96,A3,0.101355,0.238926,1
20210423T105645,20210604T143542,42.1520,97,A4,-0.131242,1.792755,0
20210423T105645,20210604T143542,42.1520,98,A4,0.234713,0.937543,1
20210423T105645,20210604T143542,42.1520,99,A4,0.349584,0.286230,1
20210423T105645,20210604T143542,42.1520,100,A4,0.126919,0.041611,1
20210423T105645,20210604T143542,42.1520,101,A4,0.544237,0.536595,0
20210423T105645,20210604T143542,42.1520,102,A4,0.285507,1.420815,0
20210423T105645,20210604T143542,42.1520,103,A4,0.347340,1.019100,0
20210423T105645,20210604T143542,42.1520,104,A4,0.271748,0.293225,1
20210423T105645,20210604T143542,42.1520,105,A4,0.124270,0.934891,0
20210423T105645,20210604T143542,42.1520,106,A4,0.162751,1.071392,0
20210423T105645,20210604T143542,42.1520,107,A4,0.058654,1.231018,0
20210423T105645,20210604T143542,42.1520,108,A4,0.118664,0.298300,1
20210423T105645,20210604T143542,42.1520,109,A4,0.127321,0.800316,1
20210423T105645,20210604T143542,42.1520,110,A4,0.520146,1.677024,0
20210423T105645,20210604T143542,42.1520,111,A4,0.055777,0.080836,1
20210423T105645,20210604T143542,42.1520,112,A4,0.027689,0.400715,1
20210423T105645,20210604T143542,42.1520,113,A4,0.423536,0.262881,1
20210423T105645,20210604T143542,42.1520,114,A4,0.094938,0.776904,1
20210423T105645,20210604T143542,42.1520,115,A4,-0.219265,0.590063,0
20210423T105645,20210604T143542,42.1520,116,A4,-0.063590,1.418562,0
20210423T105645,20210604T143542,42.1520,117,A4,0.611653,0.356852,1
20210423T105645,20210604T143542,42.1520,118,A4,0.803804,0.632538,1
20210423T105645,20210604T143542,42.1520,119,A4,0.098138,1.464589,0
20210423T105645,20210604T143542,42.1520,120,A4,0.663233,1.261157,0
20210423T105645,20210604T143542,42.1520,121,A4,0.184089,0.659901,1
20210423T105645,20210604T143542,42.1520,122,A4,0.531569,0.252745,1
20210423T105645,20210604T143542,42.1520,123,A4,-0.120531,0.964057,1
20210423T105645,20210604T143542,42.1520,124,A4,-0.302801,0.711962,0
20210423T105645,20210604T143542,42.1520,125,A4,0.740569,0.005670,1
20210423T105645,20210604T143542,42.1520,126,A4,-0.180544,0.874942,0
20210423T105645,20210604T143542,42.1520,127,A4,0.586171,0.360001,1
20210423T105645,20210604T143542,42.1520,128,A4,-0.113171,0.551767,0
20210423T105645,20210604T143542,42.1520,129,A5,-0.080523,1.031870,0
20210423T105645,20210604T143542,42.1520,130,A5,0.103765,0.001780,1
20210423T105645,20210604T143542,42.1520,131,A5,0.448725,0.083014,1
20210423T105645,20210604T143542,42.1520,132,A5,-0.174427,0.453924,1
20210423T105645,20210604T143542,42.1520,133,A5,-0.007069,1.545052,0
20210423T105645,20210604T143542,42.1520,134,A5,0.246082,0.962431,1
20210423T105645,20210604T143542,42.1520,135,A5,-0.221402,0.027462,0
20210423T105645,20210604T143542,42.1520,136,A5,0.095034,0.836950,1
20210423T105645,20210604T143542,42.1520,137,A5,-0.160716,1.057214,0
20210423T105645,20210604T143542,42.1520,138,A5,0.194906,0.093175,1
20210423T105645,20210604T143542,42.1520,139,A5,0.297890,0.174354,1
20210423T105645,20210604T143542,42.1520,140,A5,0.050503,0.091103,1
20210423T105645,20210604T143542,42.1520,141,A5,0.067368,0.992145,1
20210423T105645,20210604T143542,42.1520,142,A5,0.553051,0.037091,1
20210423T105645,20210604T143542,42.1520,143,A5,0.023626,0.986029,1
20210423T105645,20210604T143542,42.1520,144,A5,-0.145662,0.061212,1
20210423T105645,20210604T143542,42.1520,145,A5,0.021195,0.342685,0
20210423T105645,20210604T143542,42.1520,146,A5,0.147627,0.483621,1
20210423T105645,20210604T143542,42.1520,147,A5,-0.071143,0.084945,1
20210423T105645,20210604T143542,42.1520,148,A5,-0.038950,0.996159,1
20210423T105645,20210604T143542,42.1520,149,A5,-0.034959,1.333099,0
20210423T105645,20210604T143542,42.1520,150,A5,-0.214578,0.861299,0
20210423T105645,20210604T143542,42.1520,151,A5,0.201298,0.063445,0
20210423T105645,20210604T143542,42.1520,152,A5,-0.039195,0.111285,1
20210423T105645,20210604T143542,42.1520,153,A5,0.113188,0.867145,1
20210423T105645,20210604T143542,42.1520,154,A5,-0.124600,0.501145,1
20210423T105645,20210604T143542,42.1520,155,A5,0.146158,0.297636,1
20210423T105645,20210604T143542,42.1520,156,A5,0.067708,0.370948,1
20210423T105645,20210604T143542,42.1520,157,A5,-0.138470,1.009177,0
20210423T105645,20210604T143542,42.1520,158,A5,0.182796,0.125342,1
20210423T105645,20210604T143542,42.1520,159,A5,0.385331,0.658249,1
20210423T105645,20210604T143542,42.1520,160,A5,-0.191799,0.237945,0
20210423T105645,20210708T131736,76.0978,1,A1,0.024179,0.717495,1
20210423T105645,20210708T131736,76.0978,2,A1,-0.216291,0.429276,1
20210423T105645,20210708T131736,76.0978,3,A1,-0.117475,1.126891,0
20210423T105645,20210708T131736,76.0978,4,A1,-0.112830,0.598267,1
20210423T105645,20210708T131736,76.0978,5,A1,-0.246541,0.055515,0
20210423T105645,20210708T131736,76.0978,6,A1,0.110392,0.268752,0
20210423T105645,20210708T131736,76.0978,7,A1,0.105510,0.359356,1
20210423T105645,20210708T131736,76.0978,8,A1,-0.069099,1.068063,0
20210423T105645,20210708T131736,76.0978,9,A1,0.173151,0.108636,1
20210423T105645,20210708T131736,76.0978,10,A1,-0.238607,0.272724,0
20210423T105645,20210708T131736,76.0978,11,A1,0.224932,0.267150,1
20210423T105645,20210708T131736,76.0978,12,A1,-0.059435,0.054075,1
20210423T105645,20210708T131736,76.0978,13,A1,0.033739,1.382253,0
20210423T105645,20210708T131736,76.0978,14,A1,-0.000997,0.491852,1
20210423T105645,20210708T131736,76.0978,15,A1,-0.285676,0.756287,0
20210423T105645,20210708T131736,76.0978,16,A1,-0.280010,1.124215,0
20210423T105645,20210708T131736,76.0978,17,A1,0.033100,0.668461,0
20210423T105645,20210708T131736,76.0978,18,A1,0.083790,0.989656,0
20210423T105645,20210708T131736,76.0978,19,A1,0.389959,2.000000,0
20210423T105645,20210708T131736,76.0978,20,A1,0.142948,0.928035,1
20210423T105645,20210708T131736,76.0978,21,A1,-0.000818,0.619303,0
20210423T105645,20210708T131736,76.0978,22,A1,0.006744,1.046268,0
20210423T105645,20210708T131736,76.0978,23,A1,0.243883,0.607752,0
20210423T105645,20210708T131736,76.0978,24,A1,-0.351627,1.526809,0
20210423T105645,20210708T131736,76.0978,25,A1,-0.099077,0.188622,1
20210423T105645,20210708T131736,76.0978,26,A1,-0.783004,2.000000,0
20210423T105645,20210708T131736,76.0978,27,A1,-0.230992,0.413781,0
20210423T105645,20210708T131736,76.0978,28,A1,-0.594023,1.228487,0
20210423T105645,20210708T131736,76.0978,29,A1,-0.085296,1.044971,0
20210423T105645,20210708T131736,76.0978,30,A1,-0.149497,0.104498,1
20210423T105645,20210708T131736,76.0978,31,A1,-0.322495,0.348648,0
20210423T105645,20210708T131736,76.0978,32,A1,-0.195936,1.326853,0
20210423T105645,20210708T131736,76.0978,33,A2,0.218091,2.000000,0
20210423T105645,20210708T131736,76.0978,34,A2,-0.052572,0.035967,0
20210423T105645,20210708T131736,76.0978,35,A2,0.347549,0.081338,1
20210423T105645,20210708T131736,76.0978,36,A2,0.098358,0.279555,1
20210423T105645,20210708T131736,76.0978,37,A2,-0.126620,0.234317,1
20210423T105645,20210708T131736,76.0978,38,A2,-0.195300,0.073770,1
20210423T105645,20210708T131736,76.0978,39,A2,0.203925,0.171490,1
20210423T105645,20210708T131736,76.0978,40,A2,-0.039643,0.077521,0
20210423T105645,20210708T131736,76.0978,41,A2,0.126206,0.100909,1
20210423T105645,20210708T131736,76.0978,42,A2,-0.026845,0.947322,1
20210423T105645,20210708T131736,76.0978,43,A2,0.186590,0.198049,1
20210423T105645,20210708T131736,76.0978,44,A2,-0.096176,0.181022,1
20210423T105645,20210708T131736,76.0978,45,A2,0.228068,0.073805,1
20210423T105645,20210708T131736,76.0978,46,A2,0.172267,0.003400,1
20210423T105645,20210708T131736,76.0978,47,A2,-0.084248,0.041284,1
20210423T105645,20210708T131736,76.0978,48,A2,0.412890,0.103351,1
20210423T105645,20210708T131736,76.0978,49,A2,0.218577,0.740381,1
20210423T105645,20210708T131736,76.0978,50,A2,-0.141504,0.673890,0
20210423T105645,20210708T131736,76.0978,51,A2,0.190185,0.139387,1
20210423T105645,20210708T131736,76.0978,52,A2,-0.363800,1.694675,0
20210423T105645,20210708T131736,76.0978,53,A2,-0.254562,1.010667,0
20210423T105645,20210708T131736,76.0978,54,A2,0.427047,0.610083,1
20210423T105645,20210708T131736,76.0978,55,A2,-0.116668,0.000000,1
20210423T105645,20210708T131736,76.0978,56,A2,0.044035,0.273748,0
20210423T105645,20210708T131736,76.0978,57,A2,0.154025,0.104419,1
20210423T105645,20210708T131736,76.0978,58,A2,-0.003806,0.370832,0
20210423T105645,20210708T131736,76.0978,59,A2,0.255956,0.018387,1
20210423T105645,20210708T131736,76.0978,60,A2,0.014547,0.560622,1
20210423T105645,20210708T131736,76.0978,61,A2,-0.096364,0.326631,0
20210423T105645,20210708T131736,76.0978,62,A2,0.351396,0.050911,1
20210423T105645,20210708T131736,76.0978,63,A2,0.073183,0.378560,1
20210423T105645,20210708T131736,76.0978,64,A2,-0.076239,0.041109,1
20210423T105645,20210708T131736,76.0978,65,A3,-0.138071,0.767380,1
20210423T105645,20210708T131736,76.0978,66,A3,-0.146475,1.063939,0
20210423T105645,20210708T131736,76.0978,67,A3,-0.014812,0.691283,0
20210423T105645,20210708T131736,76.0978,68,A3,0.095949,1.071198,0
20210423T105645,20210708T131736,76.0978,69,A3,0.008839,0.618152,0
20210423T105645,20210708T131736,76.0978,70,A3,-0.156828,0.274556,0
20210423T105645,20210708T131736,76.0978,71,A3,-0.060770,0.021059,1
20210423T105645,20210708T131736,76.0978,72,A3,0.010581,1.062839,0
20210423T105645,20210708T131736,76.0978,73,A3,0.329947,0.595179,0
20210423T105645,20210708T131736,76.0978,74,A3,-0.347825,0.172060,1
20210423T105645,20210708T131736,76.0978,75,A3,-0.032106,1.037574,0
20210423T105645,20210708T131736,76.0978,76,A3,0.031820,1.104203,0
20210423T105645,20210708T131736,76.0978,77,A3,-0.191139,0.103244,1
20210423T105645,20210708T131736,76.0978,78,A3,0.193788,0.171565,0
20210423T105645,20210708T131736,76.0978,79,A3,-0.243420,0.179019,1
20210423T105645,20210708T131736,76.0978,80,A3,-0.328583,0.148972,0
20210423T105645,20210708T131736,76.0978,81,A3,-0.292403,0.589577,1
20210423T105645,20210708T131736,76.0978,82,A3,0.260831,0.123361,1
20210423T105645,20210708T131736,76.0978,83,A3,0.140487,0.048668,1
20210423T105645,20210708T131736,76.0978,84,A3,0.024269,0.101096,0
20210423T105645,20210708T131736,76.0978,85,A3,0.143599,0.905064,0
20210423T105645,20210708T131736,76.0978,86,A3,0.042043,0.754000,1
20210423T105645,20210708T131736,76.0978,87,A3,-0.158800,0.046037,1
20210423T105645,20210708T131736,76.0978,88,A3,-0.150254,0.641810,0
20210423T105645,20210708T131736,76.0978,89,A3,0.111638,0.005222,1
20210423T105645,20210708T131736,76.0978,90,A3,-0.074318,0.141649,1
20210423T105645,20210708T131736,76.0978,91,A3,-0.116325,0.966602,1
20210423T105645,20210708T131736,76.0978,92,A3,0.024944,0.243854,1
20210423T105645,20210708T131736,76.0978,93,A3,-0.304527,0.513875,0
20210423T105645,20210708T131736,76.0978,94,A3,-0.084203,0.174772,0
20210423T105645,20210708T131736,76.0978,95,A3,-0.221199,0.799466,1
20210423T105645,20210708T131736,76.0978,96,A3,-0.094322,0.032757,1
20210423T105645,20210708T131736,76.0978,97,A4,-0.059590,1.388581,0
20210423T105645,20210708T131736,76.0978,98,A4,0.146975,0.433300,0
20210423T105645,20210708T131736,76.0978,99,A4,-0.137912,0.468568,1
20210423T105645,20210708T131736,76.0978,100,A4,0.042142,0.344761,1
20210423T105645,20210708T131736,76.0978,101,A4,-0.089898,0.521059,1
20210423T105645,20210708T131736,76.0978,102,A4,0.186495,1.062636,0
20210423T105645,20210708T131736,76.0978,103,A4,0.363409,0.155235,1
20210423T105645,20210708T131736,76.0978,104,A4,-0.080737,0.280346,1
20210423T105645,20210708T131736,76.0978,105,A4,0.040816,0.171730,1
20210423T105645,20210708T131736,76.0978,106,A4,-0.306242,0.097710,0
20210423T105645,20210708T131736,76.0978,107,A4,-0.086237,0.611974,0
20210423T105645,20210708T131736,76.0978,108,A4,-0.334744,0.038481,0
20210423T105645,20210708T131736,76.0978,109,A4,0.002875,0.952811,1
20210423T105645,20210708T131736,76.0978,110,A4,0.255226,0.719363,0
20210423T105645,20210708T131736,76.0978,111,A4,0.102475,0.060030,1
20210423T105645,20210708T131736,76.0978,112,A4,-0.079518,1.046776,0
20210423T105645,20210708T131736,76.0978,113,A4,0.181770,0.528161,0
20210423T105645,20210708T131736,76.0978,114,A4,-0.076229,0.119046,1
20210423T105645,20210708T131736,76.0978,115,A4,0.047422,1.061456,0
20210423T105645,20210708T131736,76.0978,116,A4,-0.284032,0.541873,1
20210423T105645,20210708T131736,76.0978,117,A4,0.129804,0.527690,1
20210423T105645,20210708T131736,76.0978,118,A4,-0.019636,0.064847,1
20210423T105645,20210708T131736,76.0978,119,A4,-0.039320,1.464589,0
20210423T105645,20210708T131736,76.0978,120,A4,0.372019,0.990361,0
20210423T105645,20210708T131736,76.0978,121,A4,-0.153295,0.996150,1
20210423T105645,20210708T131736,76.0978,122,A4,0.092900,0.097640,1
20210423T105645,20210708T131736,76.0978,123,A4,0.050185,0.085648,0
20210423T105645,20210708T131736,76.0978,124,A4,0.114085,0.132333,1
20210423T105645,20210708T131736,76.0978,125,A4,0.039219,0.659754,0
20210423T105645,20210708T131736,76.0978,126,A4,-0.384495,0.090318,0
20210423T105645,20210708T131736,76.0978,127,A4,0.309809,0.141471,1
20210423T105645,20210708T131736,76.0978,128,A4,0.054909,0.454522,1
20210423T105645,20210708T131736,76.0978,129,A5,-0.039047,0.898497,1
20210423T105645,20210708T131736,76.0978,130,A5,-0.173630,0.146900,1
20210423T105645,20210708T131736,76.0978,131,A5,0.286074,0.060579,1
20210423T105645,20210708T131736,76.0978,132,A5,-0.034659,0.358260,1
20210423T105645,20210708T131736,76.0978,133,A5,0.053225,2.000000,0
20210423T105645,20210708T131736,76.0978,134,A5,0.178914,0.415055,1
20210423T105645,20210708T131736,76.0978,135,A5,0.002258,1.013000,0
20210423T105645,20210708T131736,76.0978,136,A5,-0.257839,0.554459,0
20210423T105645,20210708T131736,76.0978,137,A5,0.269122,0.512100,0
20210423T105645,20210708T131736,76.0978,138,A5,0.135407,0.178991,1
20210423T105645,20210708T131736,76.0978,139,A5,-0.168319,0.578307,0
20210423T105645,20210708T131736,76.0978,140,A5,0.089719,0.142517,0
20210423T105645,20210708T131736,76.0978,141,A5,0.329132,0.048477,0
20210423T105645,20210708T131736,76.0978,142,A5,0.520005,0.006701,1
20210423T105645,20210708T131736,76.0978,143,A5,-0.077100,0.227738,0
20210423T105645,20210708T131736,76.0978,144,A5,0.199378,0.098442,1
20210423T105645,20210708T131736,76.0978,145,A5,-0.351279,0.389525,0
20210423T105645,20210708T131736,76.0978,146,A5,0.108203,0.216877,1
20210423T105645,20210708T131736,76.0978,147,A5,0.249121,0.263912,1
20210423T105645,20210708T131736,76.0978,148,A5,-0.079884,0.067751,1
20210423T105645,20210708T131736,76.0978,149,A5,0.182469,0.197487,1
20210423T105645,20210708T131736,76.0978,150,A5,-0.100286,0.125032,0
20210423T105645,20210708T131736,76.0978,151,A5,0.210843,0.037531,1
20210423T105645,20210708T131736,76.0978,152,A5,-0.003487,0.043167,1
20210423T105645,20210708T131736,76.0978,153,A5,0.071602,1.094309,0
20210423T105645,20210708T131736,76.0978,154,A5,0.067773,0.850239,1
20210423T105645,20210708T131736,76.0978,155,A5,0.172177,0.029116,0
20210423T105645,20210708T131736,76.0978,156,A5,0.066909,0.003195,1
20210423T105645,20210708T131736,76.0978,157,A5,0.456748,0.361073,1
20210423T105645,20210708T131736,76.0978,158,A5,0.192766,0.045527,1
20210423T105645,20210708T131736,76.0978,159,A5,0.075378,0.677062,1
20210423T105645,20210708T131736,76.0978,160,A5,-0.099329,1.020453,0
20210423T105645,20210709T103307,76.9836,1,A1,-0.130245,0.914744,0
20210423T105645,20210709T103307,76.9836,2,A1,-0.285415,0.060553,1
20210423T105645,20210709T103307,76.9836,3,A1,0.011750,0.008728,1
20210423T105645,20210709T103307,76.9836,4,A1,-0.056807,0.387842,1
20210423T105645,20210709T103307,76.9836,5,A1,-0.125720,0.988288,1
20210423T105645,20210709T103307,76.9836,6,A1,-0.098967,0.691627,0
20210423T105645,20210709T103307,76.9836,7,A1,0.020868,0.461416,0
20210423T105645,20210709T103307,76.9836,8,A1,-0.200121,1.068063,0
20210423T105645,20210709T103307,76.9836,9,A1,0.269283,0.089056,1
20210423T105645,20210709T103307,76.9836,10,A1,0.166335,0.327419,0
20210423T105645,20210709T103307,76.9836,11,A1,-0.174593,1.318673,0
20210423T105645,20210709T103307,76.9836,12,A1,-0.223168,0.803100,1
20210423T105645,20210709T103307,76.9836,13,A1,0.114824,0.976022,0
20210423T105645,20210709T103307,76.9836,14,A1,-0.216609,1.623541,0
20210423T105645,20210709T103307,76.9836,15,A1,-0.041042,1.035565,0
20210423T105645,20210709T103307,76.9836,16,A1,-0.125276,1.415438,0
20210423T105645,20210709T103307,76.9836,17,A1,-0.038712,0.528450,0
20210423T105645,20210709T103307,76.9836,18,A1,0.275516,0.916254,1
20210423T105645,20210709T103307,76.9836,19,A1,0.625699,0.562413,1
20210423T105645,20210709T103307,76.9836,20,A1,0.195471,0.777724,1
20210423T105645,20210709T103307,76.9836,21,A1,0.080124,0.479118,1
20210423T105645,20210709T103307,76.9836,22,A1,0.090508,1.046268,0
20210423T105645,20210709T103307,76.9836,23,A1,-0.102829,0.535627,0
20210423T105645,20210709T103307,76.9836,24,A1,-0.413702,1.526809,0
20210423T105645,20210709T103307,76.9836,25,A1,0.046516,0.048048,1
20210423T105645,20210709T103307,76.9836,26,A1,0.026771,1.014803,0
20210423T105645,20210709T103307,76.9836,27,A1,-0.137184,0.642335,0
20210423T105645,20210709T103307,76.9836,28,A1,-0.492284,1.349647,0
20210423T105645,20210709T103307,76.9836,29,A1,-0.295902,1.044971,0
20210423T105645,20210709T103307,76.9836,30,A1,0.113720,0.580943,0
20210423T105645,20210709T103307,76.9836,31,A1,-0.044580,0.316115,1
20210423T105645,20210709T103307,76.9836,32,A1,-0.247683,1.077067,0
20210423T105645,20210709T103307,76.9836,33,A2,-0.056551,1.639160,0
20210423T105645,20210709T103307,76.9836,34,A2,-0.149075,0.081760,0
20210423T105645,20210709T103307,76.9836,35,A2,-0.192305,0.272846,0
20210423T105645,20210709T103307,76.9836,36,A2,0.259742,0.413343,0
20210423T105645,20210709T103307,76.9836,37,A2,0.070068,0.720637,1
20210423T105645,20210709T103307,76.9836,38,A2,0.108255,0.121366,0
20210423T105645,20210709T103307,76.9836,39,A2,-0.185951,0.751056,1
20210423T105645,20210709T103307,76.9836,40,A2,-0.190567,0.585664,1
20210423T105645,20210709T103307,76.9836,41,A2,0.186992,0.213504,0
20210423T105645,20210709T103307,76.9836,42,A2,-0.008693,0.949964,1
20210423T105645,20210709T103307,76.9836,43,A2,0.165375,0.595873,1
20210423T105645,20210709T103307,76.9836,44,A2,0.112848,0.121044,1
20210423T105645,20210709T103307,76.9836,45,A2,0.102912,0.791339,1
20210423T105645,20210709T103307,76.9836,46,A2,0.035487,0.348739,0
20210423T105645,20210709T103307,76.9836,47,A2,0.041098,0.094096,1
20210423T105645,20210709T103307,76.9836,48,A2,0.147811,0.270291,1
20210423T105645,20210709T103307,76.9836,49,A2,-0.013571,0.452389,1
20210423T105645,20210709T103307,76.9836,50,A2,-0.317905,1.289014,0
20210423T105645,20210709T103307,76.9836,51,A2,0.267126,1.335346,0
20210423T105645,20210709T103307,76.9836,52,A2,-0.267265,2.000000,0
20210423T105645,20210709T103307,76.9836,53,A2,-0.130639,1.010667,0
20210423T105645,20210709T103307,76.9836,54,A2,0.396846,0.642528,1
20210423T105645,20210709T103307,76.9836,55,A2,0.228514,0.969621,1
20210423T105645,20210709T103307,76.9836,56,A2,0.061230,0.152763,1
20210423T105645,20210709T103307,76.9836,57,A2,0.194246,0.996657,0
20210423T105645,20210709T103307,76.9836,58,A2,0.263427,0.464324,1
20210423T105645,20210709T103307,76.9836,59,A2,-0.092632,0.797115,1
20210423T105645,20210709T103307,76.9836,60,A2,0.164596,0.469478,1
20210423T105645,20210709T103307,76.9836,61,A2,0.182282,0.630110,1
20210423T105645,20210709T103307,76.9836,62,A2,-0.062275,0.622285,1
20210423T105645,20210709T103307,76.9836,63,A2,0.388474,0.536948,1
20210423T105645,20210709T103307,76.9836,64,A2,0.234277,0.157850,0
20210423T105645,20210709T103307,76.9836,65,A3,-0.159955,1.379089,0
20210423T105645,20210709T103307,76.9836,66,A3,-0.041616,0.445415,0
20210423T105645,20210709T103307,76.9836,67,A3,0.017030,1.560941,0
20210423T105645,20210709T103307,76.9836,68,A3,0.195985,0.246612,0
20210423T105645,20210709T103307,76.9836,69,A3,0.058654,0.109100,0
20210423T105645,20210709T103307,76.9836,70,A3,0.053027,0.366656,1
20210423T105645,20210709T103307,76.9836,71,A3,0.043148,0.013385,1
20210423T105645,20210709T103307,76.9836,72,A3,0.048025,0.324311,0
20210423T105645,20210709T103307,76.9836,73,A3,-0.092025,0.231359,1
20210423T105645,20210709T103307,76.9836,74,A3,0.110378,0.082172,1
20210423T105645,20210709T103307,76.9836,75,A3,-0.094084,0.734721,1
20210423T105645,20210709T103307,76.9836,76,A3,0.344120,0.105926,0
20210423T105645,20210709T103307,76.9836,77,A3,-0.358395,0.992070,1
20210423T105645,20210709T103307,76.9836,78,A3,-0.290531,0.059884,0
20210423T105645,20210709T103307,76.9836,79,A3,-0.017378,0.166833,1
20210423T105645,20210709T103307,76.9836,80,A3,-0.078383,0.153026,1
20210423T105645,20210709T103307,76.9836,81,A3,-0.133826,0.168723,1
20210423T105645,20210709T103307,76.9836,82,A3,0.236362,0.087774,1
20210423T105645,20210709T103307,76.9836,83,A3,0.075936,0.014630,1
20210423T105645,20210709T103307,76.9836,84,A3,-0.245257,0.247406,0
20210423T105645,20210709T103307,76.9836,85,A3,-0.123869,0.472615,1
20210423T105645,20210709T103307,76.9836,86,A3,0.298175,0.049918,1
20210423T105645,20210709T103307,76.9836,87,A3,-0.075844,0.065333,1
20210423T105645,20210709T103307,76.9836,88,A3,0.079923,0.342938,1
20210423T105645,20210709T103307,76.9836,89,A3,0.163116,0.024117,0
20210423T105645,20210709T103307,76.9836,90,A3,0.161805,0.051625,1
20210423T105645,20210709T103307,76.9836,91,A3,-0.047560,0.989395,1
20210423T105645,20210709T103307,76.9836,92,A3,0.033178,0.618651,1
20210423T105645,20210709T103307,76.9836,93,A3,0.082716,0.547279,0
20210423T105645,20210709T103307,76.9836,94,A3,-0.419788,0.303052,0
20210423T105645,20210709T103307,76.9836,95,A3,0.011316,0.807381,1
20210423T105645,20210709T103307,76.9836,96,A3,0.265996,0.009646,1
20210423T105645,20210709T103307,76.9836,97,A4,0.081419,0.819868,0
20210423T105645,20210709T103307,76.9836,98,A4,-0.156060,0.119037,0
20210423T105645,20210709T103307,76.9836,99,A4,-0.087029,0.792038,0
20210423T105645,20210709T103307,76.9836,100,A4,-0.249949,0.232823,1
20210423T105645,20210709T103307,76.9836,101,A4,0.070386,0.643450,0
20210423T105645,20210709T103307,76.9836,102,A4,0.277890,1.089021,0
20210423T105645,20210709T103307,76.9836,103,A4,0.271413,0.173478,1
20210423T105645,20210709T103307,76.9836,104,A4,-0.047730,0.297927,0
20210423T105645,20210709T103307,76.9836,105,A4,0.208863,0.006775,1
20210423T105645,20210709T103307,76.9836,106,A4,-0.080376,0.205676,0
20210423T105645,20210709T103307,76.9836,107,A4,-0.178777,0.883833,0
20210423T105645,20210709T103307,76.9836,108,A4,-0.307161,0.007620,1
20210423T105645,20210709T103307,76.9836,109,A4,-0.167223,0.114116,1
20210423T105645,20210709T103307,76.9836,110,A4,0.152258,0.713547,0
20210423T105645,20210709T103307,76.9836,111,A4,-0.242284,0.203880,0
20210423T105645,20210709T103307,76.9836,112,A4,-0.340310,0.031844,1
20210423T105645,20210709T103307,76.9836,113,A4,0.211380,0.434778,0
20210423T105645,20210709T103307,76.9836,114,A4,-0.013233,0.056783,1
20210423T105645,20210709T103307,76.9836,115,A4,0.303802,0.181049,1
20210423T105645,20210709T103307,76.9836,116,A4,-0.154259,0.477630,1
20210423T105645,20210709T103307,76.9836,117,A4,-0.231386,0.525635,1
20210423T105645,20210709T103307,76.9836,118,A4,-0.057324,0.036421,1
20210423T105645,20210709T103307,76.9836,119,A4,0.271105,1.464589,0
20210423T105645,20210709T103307,76.9836,120,A4,-0.365909,1.081970,0
20210423T105645,20210709T103307,76.9836,121,A4,-0.167856,0.054242,1
20210423T105645,20210709T103307,76.9836,122,A4,-0.034242,0.613865,0
20210423T105645,20210709T103307,76.9836,123,A4,-0.002486,0.598201,1
20210423T105645,20210709T103307,76.9836,124,A4,-0.188126,0.112675,1
20210423T105645,20210709T103307,76.9836,125,A4,-0.153391,0.575789,0
20210423T105645,20210709T103307,76.9836,126,A4,0.404574,0.043937,1
20210423T105645,20210709T103307,76.9836,127,A4,0.087679,0.182189,1
20210423T105645,20210709T103307,76.9836,128,A4,-0.135247,0.199540,0
20210423T105645,20210709T103307,76.9836,129,A5,0.106174,1.035109,0
20210423T105645,20210709T103307,76.9836,130,A5,0.055735,0.091535,1
20210423T105645,20210709T103307,76.9836,131,A5,-0.110127,0.115239,1
20210423T105645,20210709T103307,76.9836,132,A5,-0.171887,0.320320,1
20210423T105645,20210709T103307,76.9836,133,A5,-0.185960,2.000000,0
20210423T105645,20210709T103307,76.9836,134,A5,0.191938,0.385721,1
20210423T105645,20210709T103307,76.9836,135,A5,0.131061,1.013000,0
20210423T105645,20210709T103307,76.9836,136,A5,0.055300,0.432214,0
20210423T105645,20210709T103307,76.9836,137,A5,-0.165958,0.247916,0
20210423T105645,20210709T103307,76.9836,138,A5,-0.390716,0.759664,1
20210423T105645,20210709T103307,76.9836,139,A5,-0.083191,0.082820,1
20210423T105645,20210709T103307,76.9836,140,A5,0.114022,0.143445,1
20210423T105645,20210709T103307,76.9836,141,A5,0.248386,0.007162,1
20210423T105645,20210709T103307,76.9836,142,A5,0.451687,0.009718,1
20210423T105645,20210709T103307,76.9836,143,A5,0.037448,0.051354,0
20210423T105645,20210709T103307,76.9836,144,A5,0.077561,0.047439,0
20210423T105645,20210709T103307,76.9836,145,A5,0.390675,0.104039,1
20210423T105645,20210709T103307,76.9836,146,A5,0.033314,0.773591,1
20210423T105645,20210709T103307,76.9836,147,A5,0.117410,0.273096,1
20210423T105645,20210709T103307,76.9836,148,A5,0.258060,0.181588,0
20210423T105645,20210709T103307,76.9836,149,A5,-0.053084,0.031293,1
20210423T105645,20210709T103307,76.9836,150,A5,0.313245,0.220291,1
20210423T105645,20210709T103307,76.9836,151,A5,-0.131768,0.135335,1
20210423T105645,20210709T103307,76.9836,152,A5,-0.062430,0.355766,0
20210423T105645,20210709T103307,76.9836,153,A5,0.014459,0.000000,1
20210423T105645,20210709T103307,76.9836,154,A5,-0.374380,0.938224,1
20210423T105645,20210709T103307,76.9836,155,A5,0.177404,0.087391,0
20210423T105645,20210709T103307,76.9836,156,A5,0.289072,0.075817,0
20210423T105645,20210709T103307,76.9836,157,A5,0.069514,0.086341,1
20210423T105645,20210709T103307,76.9836,158,A5,0.054250,0.345416,1
20210423T105645,20210709T103307,76.9836,159,A5,0.335068,0.750360,1
20210423T105645,20210709T103307,76.9836,160,A5,0.035861,0.077359,0
20210423T105645,20210715T105108,82.9961,1,A1,0.185440,0.887181,0
20210423T105645,20210715T105108,82.9961,2,A1,-0.174459,0.553158,1
20210423T105645,20210715T105108,82.9961,3,A1,-0.228422,1.126891,0
20210423T105645,20210715T105108,82.9961,4,A1,-0.081484,1.634368,0
20210423T105645,20210715T105108,82.9961,5,A1,-0.196275,0.846468,1
20210423T105645,20210715T105108,82.9961,6,A1,0.240115,0.149502,1
20210423T105645,20210715T105108,82.9961,7,A1,-0.122837,1.373683,0
20210423T105645,20210715T105108,82.9961,8,A1,-0.133913,0.418560,0
20210423T105645,20210715T105108,82.9961,9,A1,-0.061761,0.323138,1
20210423T105645,20210715T105108,82.9961,10,A1,-0.219604,0.738779,1
20210423T105645,20210715T105108,82.9961,11,A1,0.026549,0.026670,1
20210423T105645,20210715T105108,82.9961,12,A1,-0.379653,0.400432,1
20210423T105645,20210715T105108,82.9961,13,A1,-0.002290,0.746603,0
20210423T105645,20210715T105108,82.9961,14,A1,-0.142126,1.256882,0
20210423T105645,20210715T105108,82.9961,15,A1,-0.170711,0.035272,1
20210423T105645,20210715T105108,82.9961,16,A1,-0.029776,1.205293,0
20210423T105645,20210715T105108,82.9961,17,A1,-0.189268,0.292738,0
20210423T105645,20210715T105108,82.9961,18,A1,-0.138761,0.444943,0
20210423T105645,20210715T105108,82.9961,19,A1,0.151576,2.000000,0
20210423T105645,20210715T105108,82.9961,20,A1,0.075148,0.928035,1
20210423T105645,20210715T105108,82.9961,21,A1,0.226785,0.009735,1
20210423T105645,20210715T105108,82.9961,22,A1,0.331392,0.164535,0
20210423T105645,20210715T105108,82.9961,23,A1,-0.241420,0.320958,1
20210423T105645,20210715T105108,82.9961,24,A1,-0.094708,1.526809,0
20210423T105645,20210715T105108,82.9961,25,A1,-0.111677,1.067859,0
20210423T105645,20210715T105108,82.9961,26,A1,-0.375648,2.000000,0
20210423T105645,20210715T105108,82.9961,27,A1,-0.163150,0.118586,1
20210423T105645,20210715T105108,82.9961,28,A1,-0.493681,1.503909,0
20210423T105645,20210715T105108,82.9961,29,A1,-0.247401,0.575032,0
20210423T105645,20210715T105108,82.9961,30,A1,0.164944,0.216064,0
20210423T105645,20210715T105108,82.9961,31,A1,-0.112428,0.964124,1
20210423T105645,20210715T105108,82.9961,32,A1,-0.236192,1.326853,0
20210423T105645,20210715T105108,82.9961,33,A2,-0.116606,2.000000,0
20210423T105645,20210715T105108,82.9961,34,A2,0.069910,0.996661,1
20210423T105645,20210715T105108,82.9961,35,A2,0.277960,0.224023,0
20210423T105645,20210715T105108,82.9961,36,A2,0.246386,0.340395,1
20210423T105645,20210715T105108,82.9961,37,A2,0.018537,0.020195,1
20210423T105645,20210715T105108,82.9961,38,A2,0.087780,0.732410,0
20210423T105645,20210715T105108,82.9961,39,A2,0.070093,0.046514,1
20210423T105645,20210715T105108,82.9961,40,A2,-0.127545,0.247874,0
20210423T105645,20210715T105108,82.9961,41,A2,-0.044613,0.205070,1
20210423T105645,20210715T105108,82.9961,42,A2,0.218421,1.069308,0
20210423T105645,20210715T105108,82.9961,43,A2,-0.137525,0.132418,0
20210423T105645,20210715T105108,82.9961,44,A2,0.451896,0.858697,0
20210423T105645,20210715T105108,82.9961,45,A2,0.013390,0.271303,0
20210423T105645,20210715T105108,82.9961,46,A2,-0.250895,0.100828,0
20210423T105645,20210715T105108,82.9961,47,A2,-0.180584,0.077472,1
20210423T105645,20210715T105108,82.9961,48,A2,0.088418,0.253931,1
20210423T105645,20210715T105108,82.9961,49,A2,0.078592,0.291132,1
20210423T105645,20210715T105108,82.9961,50,A2,0.095902,1.289014,0
20210423T105645,20210715T105108,82.9961,51,A2,-0.189483,0.188158,1
20210423T105645,20210715T105108,82.9961,52,A2,0.270817,2.000000,0
20210423T105645,20210715T105108,82.9961,53,A2,0.195381,0.805082,1
20210423T105645,20210715T105108,82.9961,54,A2,0.425941,0.603312,1
20210423T105645,20210715T105108,82.9961,55,A2,0.007684,1.653793,0
20210423T105645,20210715T105108,82.9961,56,A2,0.323919,0.147676,1
20210423T105645,20210715T105108,82.9961,57,A2,0.058038,0.265333,0
20210423T105645,20210715T105108,82.9961,58,A2,0.076298,0.007384,1
20210423T105645,20210715T105108,82.9961,59,A2,0.242158,0.797115,1
20210423T105645,20210715T105108,82.9961,60,A2,-0.283376,1.114767,0
20210423T105645,20210715T105108,82.9961,61,A2,-0.259929,0.389553,0
20210423T105645,20210715T105108,82.9961,62,A2,-0.104650,1.005196,0
20210423T105645,20210715T105108,82.9961,63,A2,0.083270,0.385727,1
20210423T105645,20210715T105108,82.9961,64,A2,0.002761,0.148280,1
20210423T105645,20210715T105108,82.9961,65,A3,0.057835,1.829443,0
20210423T105645,20210715T105108,82.9961,66,A3,-0.257243,0.064818,1
20210423T105645,20210715T105108,82.9961,67,A3,0.196380,0.586920,0
20210423T105645,20210715T105108,82.9961,68,A3,0.271068,0.093225,0
20210423T105645,20210715T105108,82.9961,69,A3,-0.409073,0.926698,1
20210423T105645,20210715T105108,82.9961,70,A3,-0.249544,0.062561,0
20210423T105645,20210715T105108,82.9961,71,A3,-0.163450,0.087795,1
20210423T105645,20210715T105108,82.9961,72,A3,-0.098835,0.232932,0
20210423T105645,20210715T105108,82.9961,73,A3,0.149766,0.173894,0
20210423T105645,20210715T105108,82.9961,74,A3,0.056955,0.075105,1
20210423T105645,20210715T105108,82.9961,75,A3,-0.173777,1.390784,0
20210423T105645,20210715T105108,82.9961,76,A3,0.039448,0.304566,1
20210423T105645,20210715T105108,82.9961,77,A3,0.161660,0.367511,0
20210423T105645,20210715T105108,82.9961,78,A3,-0.234056,0.794187,1
20210423T105645,20210715T105108,82.9961,79,A3,0.416091,0.302785,0
20210423T105645,20210715T105108,82.9961,80,A3,0.044119,0.006510,1
20210423T105645,20210715T105108,82.9961,81,A3,-0.250127,0.428541,1
20210423T105645,20210715T105108,82.9961,82,A3,-0.106749,0.254799,1
20210423T105645,20210715T105108,82.9961,83,A3,0.289084,0.073064,0
20210423T105645,20210715T105108,82.9961,84,A3,-0.003497,0.960993,1
20210423T105645,20210715T105108,82.9961,85,A3,-0.273745,0.622231,0
20210423T105645,20210715T105108,82.9961,86,A3,-0.008525,0.032032,1
20210423T105645,20210715T105108,82.9961,87,A3,-0.012199,0.038444,1
20210423T105645,20210715T105108,82.9961,88,A3,0.002354,0.362178,1
20210423T105645,20210715T105108,82.9961,89,A3,0.047259,0.088974,0
20210423T105645,20210715T105108,82.9961,90,A3,0.121661,0.037882,0
20210423T105645,20210715T105108,82.9961,91,A3,-0.299069,1.028557,0
20210423T105645,20210715T105108,82.9961,92,A3,0.036560,0.050653,0
20210423T105645,20210715T105108,82.9961,93,A3,0.002789,0.473556,1
20210423T105645,20210715T105108,82.9961,94,A3,0.159288,0.439931,0
20210423T105645,20210715T105108,82.9961,95,A3,0.068030,0.804113,1
20210423T105645,20210715T105108,82.9961,96,A3,0.054263,0.140460,0
20210423T105645,20210715T105108,82.9961,97,A4,0.048210,0.750441,1
20210423T105645,20210715T105108,82.9961,98,A4,0.124252,0.881576,0
20210423T105645,20210715T105108,82.9961,99,A4,-0.093516,0.940763,0
20210423T105645,20210715T105108,82.9961,100,A4,0.330082,0.160022,1
20210423T105645,20210715T105108,82.9961,101,A4,-0.215357,0.555733,0
20210423T105645,20210715T105108,82.9961,102,A4,0.191454,0.776625,1
20210423T105645,20210715T105108,82.9961,103,A4,0.122844,0.196240,1
20210423T105645,20210715T105108,82.9961,104,A4,0.068847,0.226538,1
20210423T105645,20210715T105108,82.9961,105,A4,-0.068302,0.126983,0
20210423T105645,20210715T105108,82.9961,106,A4,0.170544,0.033900,1
20210423T105645,20210715T105108,82.9961,107,A4,0.081917,0.535929,1
20210423T105645,20210715T105108,82.9961,108,A4,-0.323482,0.025659,1
20210423T105645,20210715T105108,82.9961,109,A4,-0.035122,0.952811,1
20210423T105645,20210715T105108,82.9961,110,A4,-0.267218,0.150379,1
20210423T105645,20210715T105108,82.9961,111,A4,-0.417544,0.175041,0
20210423T105645,20210715T105108,82.9961,112,A4,-0.119933,0.049570,0
20210423T105645,20210715T105108,82.9961,113,A4,0.097858,0.727179,1
20210423T105645,20210715T105108,82.9961,114,A4,0.037692,0.021279,0
20210423T105645,20210715T105108,82.9961,115,A4,-0.202728,0.446376,1
20210423T105645,20210715T105108,82.9961,116,A4,0.032561,0.610383,0
20210423T105645,20210715T105108,82.9961,117,A4,0.187198,0.582526,1
20210423T105645,20210715T105108,82.9961,118,A4,-0.037225,0.632538,1
20210423T105645,20210715T105108,82.9961,119,A4,-0.108128,0.251190,1
20210423T105645,20210715T105108,82.9961,120,A4,-0.258965,0.652146,1
20210423T105645,20210715T105108,82.9961,121,A4,-0.102807,0.188122,0
20210423T105645,20210715T105108,82.9961,122,A4,-0.040227,0.291959,0
20210423T105645,20210715T105108,82.9961,123,A4,-0.185196,0.096983,1
20210423T105645,20210715T105108,82.9961,124,A4,0.105299,0.436078,0
20210423T105645,20210715T105108,82.9961,125,A4,0.101368,1.333313,0
20210423T105645,20210715T105108,82.9961,126,A4,0.415420,0.068123,1
20210423T105645,20210715T105108,82.9961,127,A4,0.156660,0.863856,0
20210423T105645,20210715T105108,82.9961,128,A4,-0.094758,0.106599,1
20210423T105645,20210715T105108,82.9961,129,A5,-0.298289,1.155653,0
20210423T105645,20210715T105108,82.9961,130,A5,0.111233,0.120754,1
20210423T105645,20210715T105108,82.9961,131,A5,0.054791,0.914893,1
20210423T105645,20210715T105108,82.9961,132,A5,0.219148,0.453924,1
20210423T105645,20210715T105108,82.9961,133,A5,-0.065404,0.426887,1
20210423T105645,20210715T105108,82.9961,134,A5,0.082983,1.007150,0
20210423T105645,20210715T105108,82.9961,135,A5,-0.150123,1.013000,0
20210423T105645,20210715T105108,82.9961,136,A5,0.178334,0.330791,1
20210423T105645,20210715T105108,82.9961,137,A5,-0.209129,0.096929,0
20210423T105645,20210715T105108,82.9961,138,A5,0.047189,0.216264,1
20210423T105645,20210715T105108,82.9961,139,A5,0.138114,0.314316,0
20210423T105645,20210715T105108,82.9961,140,A5,-0.157328,0.016614,0
20210423T105645,20210715T105108,82.9961,141,A5,0.185780,0.040876,0
20210423T105645,20210715T105108,82.9961,142,A5,0.133123,0.036284,1
20210423T105645,20210715T105108,82.9961,143,A5,0.029760,0.117411,1
20210423T105645,20210715T105108,82.9961,144,A5,0.328630,0.182004,1
20210423T105645,20210715T105108,82.9961,145,A5,0.134132,0.256776,0
20210423T105645,20210715T105108,82.9961,146,A5,0.082505,0.004106,1
20210423T105645,20210715T105108,82.9961,147,A5,-0.100749,0.081407,1
20210423T105645,20210715T105108,82.9961,148,A5,-0.002688,0.004922,1
20210423T105645,20210715T105108,82.9961,149,A5,0.141235,0.649140,0
20210423T105645,20210715T105108,82.9961,150,A5,0.058200,0.261523,1
20210423T105645,20210715T105108,82.9961,151,A5,0.360071,0.956336,1
20210423T105645,20210715T105108,82.9961,152,A5,-0.202116,1.126044,0
20210423T105645,20210715T105108,82.9961,153,A5,-0.088373,0.561850,1
20210423T105645,20210715T105108,82.9961,154,A5,0.140059,1.123942,0
20210423T105645,20210715T105108,82.9961,155,A5,0.041341,0.993672,1
20210423T105645,20210715T105108,82.9961,156,A5,-0.171060,0.048367,1
20210423T105645,20210715T105108,82.9961,157,A5,-0.043390,0.013640,0
20210423T105645,20210715T105108,82.9961,158,A5,0.146316,0.025952,1
20210423T105645,20210715T105108,82.9961,159,A5,0.233068,0.893839,0
20210423T105645,20210715T105108,82.9961,160,A5,0.286716,0.493885,1
20210423T105645,20210716T103652,83.9862,1,A1,-0.193000,0.483686,1
20210423T105645,20210716T103652,83.9862,2,A1,-0.122743,0.678293,0
20210423T105645,20210716T103652,83.9862,3,A1,0.106784,0.689440,0
20210423T105645,20210716T103652,83.9862,4,A1,-0.014802,0.862387,0
20210423T105645,20210716T103652,83.9862,5,A1,0.200077,0.331333,1
20210423T105645,20210716T103652,83.9862,6,A1,-0.209359,0.337225,0
20210423T105645,20210716T103652,83.9862,7,A1,-0.369938,1.112340,0
20210423T105645,20210716T103652,83.9862,8,A1,-0.200611,0.766924,0
20210423T105645,20210716T103652,83.9862,9,A1,-0.214993,1.194926,0
20210423T105645,20210716T103652,83.9862,10,A1,-0.139907,1.261221,0
20210423T105645,20210716T103652,83.9862,11,A1,-0.171445,0.297941,1
20210423T105645,20210716T103652,83.9862,12,A1,-0.128115,0.432335,1
20210423T105645,20210716T103652,83.9862,13,A1,0.212452,0.395501,1
20210423T105645,20210716T103652,83.9862,14,A1,-0.164717,0.693834,0
20210423T105645,20210716T103652,83.9862,15,A1,0.211957,1.035565,0
20210423T105645,20210716T103652,83.9862,16,A1,0.378802,0.829197,1
20210423T105645,20210716T103652,83.9862,17,A1,0.208235,0.348383,0
20210423T105645,20210716T103652,83.9862,18,A1,0.228041,0.364374,0
20210423T105645,20210716T103652,83.9862,19,A1,0.126150,0.000000,1
20210423T105645,20210716T103652,83.9862,20,A1,0.127816,0.928035,1
20210423T105645,20210716T103652,83.9862,21,A1,-0.219012,0.534528,0
20210423T105645,20210716T103652,83.9862,22,A1,-0.112487,0.067846,0
20210423T105645,20210716T103652,83.9862,23,A1,-0.158186,0.332247,1
20210423T105645,20210716T103652,83.9862,24,A1,-0.093093,1.510385,0
20210423T105645,20210716T103652,83.9862,25,A1,-0.128725,0.449800,0
20210423T105645,20210716T103652,83.9862,26,A1,0.156406,1.111234,0
20210423T105645,20210716T103652,83.9862,27,A1,-0.157297,0.784390,0
20210423T105645,20210716T103652,83.9862,28,A1,-0.247321,1.271707,0
20210423T105645,20210716T103652,83.9862,29,A1,0.233316,0.313983,0
20210423T105645,20210716T103652,83.9862,30,A1,0.053475,0.124031,1
20210423T105645,20210716T103652,83.9862,31,A1,0.173981,0.719348,1
20210423T105645,20210716T103652,83.9862,32,A1,0.306644,1.272888,0
20210423T105645,20210716T103652,83.9862,33,A2,0.145751,2.000000,0
20210423T105645,20210716T103652,83.9862,34,A2,0.031169,0.962071,1
20210423T105645,20210716T103652,83.9862,35,A2,-0.362673,0.643307,1
20210423T105645,20210716T103652,83.9862,36,A2,0.348812,0.468736,0
20210423T105645,20210716T103652,83.9862,37,A2,0.242391,0.043977,1
20210423T105645,20210716T103652,83.9862,38,A2,-0.200514,0.005873,1
20210423T105645,20210716T103652,83.9862,39,A2,-0.010655,0.449984,0
20210423T105645,20210716T103652,83.9862,40,A2,-0.200890,0.218487,0
20210423T105645,20210716T103652,83.9862,41,A2,0.230738,0.213887,0
20210423T105645,20210716T103652,83.9862,42,A2,0.048630,1.123306,0
20210423T105645,20210716T103652,83.9862,43,A2,0.125858,0.058653,1
20210423T105645,20210716T103652,83.9862,44,A2,0.201115,0.290474,0
20210423T105645,20210716T103652,83.9862,45,A2,-0.144691,0.296319,0
20210423T105645,20210716T103652,83.9862,46,A2,0.118350,0.742540,0
20210423T105645,20210716T103652,83.9862,47,A2,0.001638,0.532454,0
20210423T105645,20210716T103652,83.9862,48,A2,0.076685,0.280196,1
20210423T105645,20210716T103652,83.9862,49,A2,0.095062,0.106992,1
20210423T105645,20210716T103652,83.9862,50,A2,-0.057240,1.289014,0
20210423T105645,20210716T103652,83.9862,51,A2,0.147498,0.370308,1
20210423T105645,20210716T103652,83.9862,52,A2,-0.166600,1.738479,0
20210423T105645,20210716T103652,83.9862,53,A2,0.284997,0.562116,1
20210423T105645,20210716T103652,83.9862,54,A2,-0.113525,0.015030,1
20210423T105645,20210716T103652,83.9862,55,A2,0.101994,2.000000,0
20210423T105645,20210716T103652,83.9862,56,A2,-0.030800,0.156869,1
20210423T105645,20210716T103652,83.9862,57,A2,0.076969,1.249170,0
20210423T105645,20210716T103652,83.9862,58,A2,-0.185197,0.339766,1
20210423T105645,20210716T103652,83.9862,59,A2,0.447769,0.210064,0
20210423T105645,20210716T103652,83.9862,60,A2,0.056971,0.515527,1
20210423T105645,20210716T103652,83.9862,61,A2,-0.081844,0.084206,1
20210423T105645,20210716T103652,83.9862,62,A2,0.072637,0.108802,0
20210423T105645,20210716T103652,83.9862,63,A2,0.062803,0.188899,1
20210423T105645,20210716T103652,83.9862,64,A2,-0.012671,0.498578,0
20210423T105645,20210716T103652,83.9862,65,A3,-0.006950,0.916308,0
20210423T105645,20210716T103652,83.9862,66,A3,0.147937,0.034789,1
20210423T105645,20210716T103652,83.9862,67,A3,-0.213439,0.439059,1
20210423T105645,20210716T103652,83.9862,68,A3,0.079562,0.216393,0
20210423T105645,20210716T103652,83.9862,69,A3,0.112464,0.042019,1
20210423T105645,20210716T103652,83.9862,70,A3,0.082757,0.423292,1
20210423T105645,20210716T103652,83.9862,71,A3,-0.065411,0.017884,1
20210423T105645,20210716T103652,83.9862,72,A3,0.225599,1.062839,0
20210423T105645,20210716T103652,83.9862,73,A3,0.184579,0.062232,1
20210423T105645,20210716T103652,83.9862,74,A3,-0.020630,0.268756,0
20210423T105645,20210716T103652,83.9862,75,A3,0.026954,2.000000,0
20210423T105645,20210716T103652,83.9862,76,A3,-0.470460,0.351328,0
20210423T105645,20210716T103652,83.9862,77,A3,-0.043702,0.992070,1
20210423T105645,20210716T103652,83.9862,78,A3,-0.275049,0.073768,0
20210423T105645,20210716T103652,83.9862,79,A3,0.389641,0.744561,1
20210423T105645,20210716T103652,83.9862,80,A3,0.203645,0.031732,0
20210423T105645,20210716T103652,83.9862,81,A3,0.320050,0.283344,1
20210423T105645,20210716T103652,83.9862,82,A3,0.160725,0.312989,1
20210423T105645,20210716T103652,83.9862,83,A3,-0.133444,0.011500,1
20210423T105645,20210716T103652,83.9862,84,A3,0.166830,0.042115,0
20210423T105645,20210716T103652,83.9862,85,A3,-0.010412,1.344283,0
20210423T105645,20210716T103652,83.9862,86,A3,0.223546,0.158617,0
20210423T105645,20210716T103652,83.9862,87,A3,-0.133627,1.104432,0
20210423T105645,20210716T103652,83.9862,88,A3,-0.053766,0.107746,1
20210423T105645,20210716T103652,83.9862,89,A3,0.090293,0.015161,0
20210423T105645,20210716T103652,83.9862,90,A3,0.330010,0.257172,0
20210423T105645,20210716T103652,83.9862,91,A3,0.212221,1.021546,0
20210423T105645,20210716T103652,83.9862,92,A3,0.172433,0.648911,0
20210423T105645,20210716T103652,83.9862,93,A3,0.211143,0.127029,1
20210423T105645,20210716T103652,83.9862,94,A3,-0.018280,0.233252,1
20210423T105645,20210716T103652,83.9862,95,A3,-0.163488,0.621017,1
20210423T105645,20210716T103652,83.9862,96,A3,0.084856,0.236348,1
20210423T105645,20210716T103652,83.9862,97,A4,-0.093496,0.849985,0
20210423T105645,20210716T103652,83.9862,98,A4,-0.302911,1.062457,0
20210423T105645,20210716T103652,83.9862,99,A4,0.056106,0.479910,1
20210423T105645,20210716T103652,83.9862,100,A4,0.135651,0.325997,1
20210423T105645,20210716T103652,83.9862,101,A4,-0.033161,0.668009,0
20210423T105645,20210716T103652,83.9862,102,A4,0.167744,1.046338,0
20210423T105645,20210716T103652,83.9862,103,A4,0.157743,0.301978,0
20210423T105645,20210716T103652,83.9862,104,A4,0.016940,0.718865,1
20210423T105645,20210716T103652,83.9862,105,A4,0.216631,0.739720,1
20210423T105645,20210716T103652,83.9862,106,A4,0.093745,0.228115,0
20210423T105645,20210716T103652,83.9862,107,A4,0.255341,0.448459,1
20210423T105645,20210716T103652,83.9862,108,A4,0.236687,0.227273,1
20210423T105645,20210716T103652,83.9862,109,A4,0.096463,0.050970,0
20210423T105645,20210716T103652,83.9862,110,A4,0.098058,0.505148,1
20210423T105645,20210716T103652,83.9862,111,A4,0.180502,0.005409,1
20210423T105645,20210716T103652,83.9862,112,A4,0.105861,0.001577,1
20210423T105645,20210716T103652,83.9862,113,A4,0.176095,0.629496,0
20210423T105645,20210716T103652,83.9862,114,A4,-0.065269,0.238702,1
20210423T105645,20210716T103652,83.9862,115,A4,0.058099,1.346838,0
20210423T105645,20210716T103652,83.9862,116,A4,0.003328,1.118767,0
20210423T105645,20210716T103652,83.9862,117,A4,-0.188238,0.595689,1
20210423T105645,20210716T103652,83.9862,118,A4,0.103254,0.217077,1
20210423T105645,20210716T103652,83.9862,119,A4,-0.008763,0.384989,1
20210423T105645,20210716T103652,83.9862,120,A4,0.098133,1.038814,0
20210423T105645,20210716T103652,83.9862,121,A4,-0.018869,0.418571,0
20210423T105645,20210716T103652,83.9862,122,A4,0.191253,0.151613,1
20210423T105645,20210716T103652,83.9862,123,A4,-0.018948,0.199175,0
20210423T105645,20210716T103652,83.9862,124,A4,-0.037435,0.835486,1
20210423T105645,20210716T103652,83.9862,125,A4,-0.055656,1.422999,0
20210423T105645,20210716T103652,83.9862,126,A4,0.302266,0.576477,0
20210423T105645,20210716T103652,83.9862,127,A4,-0.121391,0.389265,0
20210423T105645,20210716T103652,83.9862,128,A4,0.163949,0.170120,0
20210423T105645,20210716T103652,83.9862,129,A5,0.260962,0.000000,1
20210423T105645,20210716T103652,83.9862,130,A5,0.017791,0.483426,0
20210423T105645,20210716T103652,83.9862,131,A5,-0.012689,0.914893,1
20210423T105645,20210716T103652,83.9862,132,A5,0.064550,0.744204,0
20210423T105645,20210716T103652,83.9862,133,A5,-0.259891,2.000000,0
20210423T105645,20210716T103652,83.9862,134,A5,0.121749,0.036070,0
20210423T105645,20210716T103652,83.9862,135,A5,0.219039,1.013000,0
20210423T105645,20210716T103652,83.9862,136,A5,-0.058001,0.148284,1
20210423T105645,20210716T103652,83.9862,137,A5,0.308196,0.342960,1
20210423T105645,20210716T103652,83.9862,138,A5,0.201731,0.201122,1
20210423T105645,20210716T103652,83.9862,139,A5,0.229982,0.269530,0
20210423T105645,20210716T103652,83.9862,140,A5,-0.215053,0.195814,1
20210423T105645,20210716T103652,83.9862,141,A5,-0.289865,0.014844,1
20210423T105645,20210716T103652,83.9862,142,A5,-0.299311,0.065298,0
20210423T105645,20210716T103652,83.9862,143,A5,-0.246003,0.032889,0
20210423T105645,20210716T103652,83.9862,144,A5,0.059661,0.146305,0
20210423T105645,20210716T103652,83.9862,145,A5,0.382952,0.331475,1
20210423T105645,20210716T103652,83.9862,146,A5,0.045724,0.187773,1
20210423T105645,20210716T103652,83.9862,147,A5,0.032017,0.119046,1
20210423T105645,20210716T103652,83.9862,148,A5,0.123983,0.256136,1
20210423T105645,20210716T103652,83.9862,149,A5,-0.276246,0.666901,1
20210423T105645,20210716T103652,83.9862,150,A5,0.286473,0.178677,0
20210423T105645,20210716T103652,83.9862,151,A5,-0.182190,0.172542,1
20210423T105645,20210716T103652,83.9862,152,A5,-0.030935,0.137916,0
20210423T105645,20210716T103652,83.9862,153,A5,-0.049767,0.962512,1
20210423T105645,20210716T103652,83.9862,154,A5,0.260682,2.000000,0
20210423T105645,20210716T103652,83.9862,155,A5,0.109735,0.021288,0
20210423T105645,20210716T103652,83.9862,156,A5,0.337761,0.050901,1
20210423T105645,20210716T103652,83.9862,157,A5,-0.131312,0.515050,0
20210423T105645,20210716T103652,83.9862,158,A5,-0.091952,0.830036,1
20210423T105645,20210716T103652,83.9862,159,A5,0.194808,0.502738,1
20210423T105645,20210716T103652,83.9862,160,A5,0.315964,0.057746,1
20210520T120659,20210604T143542,15.1033,1,A1,-0.053473,1.096843,0
20210520T120659,20210604T143542,15.1033,2,A1,0.382116,1.093754,0
20210520T120659,20210604T143542,15.1033,3,A1,0.180208,0.376989,0
20210520T120659,20210604T143542,15.1033,4,A1,-0.078311,0.317059,1
20210520T120659,20210604T143542,15.1033,5,A1,0.229262,0.320358,1
20210520T120659,20210604T143542,15.1033,6,A1,-0.137779,1.067904,0
20210520T120659,20210604T143542,15.1033,7,A1,0.073046,0.597311,1
20210520T120659,20210604T143542,15.1033,8,A1,0.254089,0.563525,1
20210520T120659,20210604T143542,15.1033,9,A1,0.121682,0.000000,1
20210520T120659,20210604T143542,15.1033,10,A1,0.321713,0.976231,1
20210520T120659,20210604T143542,15.1033,11,A1,0.040289,0.517919,1
20210520T120659,20210604T143542,15.1033,12,A1,0.303213,0.191178,1
20210520T120659,20210604T143542,15.1033,13,A1,-0.295450,1.072330,0
20210520T120659,20210604T143542,15.1033,14,A1,0.368553,1.358842,0
20210520T120659,20210604T143542,15.1033,15,A1,-0.144404,0.519172,0
20210520T120659,20210604T143542,15.1033,16,A1,0.192222,1.314427,0
20210520T120659,20210604T143542,15.1033,17,A1,0.153092,0.000000,1
20210520T120659,20210604T143542,15.1033,18,A1,-0.089599,0.461954,0
20210520T120659,20210604T143542,15.1033,19,A1,0.427352,0.475724,1
20210520T120659,20210604T143542,15.1033,20,A1,0.219985,0.852703,0
20210520T120659,20210604T143542,15.1033,21,A1,0.202834,0.458832,1
20210520T120659,20210604T143542,15.1033,22,A1,0.139756,0.218008,1
20210520T120659,20210604T143542,15.1033,23,A1,0.074763,0.423516,1
20210520T120659,20210604T143542,15.1033,24,A1,0.322005,0.183258,1
20210520T120659,20210604T143542,15.1033,25,A1,-0.308193,0.461858,1
20210520T120659,20210604T143542,15.1033,26,A1,0.293349,0.686862,1
20210520T120659,20210604T143542,15.1033,27,A1,0.218478,0.280579,1
20210520T120659,20210604T143542,15.1033,28,A1,0.207345,0.049455,1
20210520T120659,20210604T143542,15.1033,29,A1,0.093148,0.636216,0
20210520T120659,20210604T143542,15.1033,30,A1,-0.265518,0.628810,0
20210520T120659,20210604T143542,15.1033,31,A1,-0.084265,0.949516,0
20210520T120659,20210604T143542,15.1033,32,A1,0.270360,0.393312,1
20210520T120659,20210604T143542,15.1033,33,A2,0.419786,0.265437,1
20210520T120659,20210604T143542,15.1033,34,A2,0.010683,0.700677,1
20210520T120659,20210604T143542,15.1033,35,A2,0.292767,0.328697,1
20210520T120659,20210604T143542,15.1033,36,A2,0.239377,0.456485,1
20210520T120659,20210604T143542,15.1033,37,A2,0.034979,0.645123,1
20210520T120659,20210604T143542,15.1033,38,A2,0.107689,0.406932,1
20210520T120659,20210604T143542,15.1033,39,A2,0.432076,0.979277,0
20210520T120659,20210604T143542,15.1033,40,A2,-0.223648,0.190031,0
20210520T120659,20210604T143542,15.1033,41,A2,0.380384,0.089467,1
20210520T120659,20210604T143542,15.1033,42,A2,0.078617,0.113997,0
20210520T120659,20210604T143542,15.1033,43,A2,0.020775,0.072087,1
20210520T120659,20210604T143542,15.1033,44,A2,0.043000,0.408420,0
20210520T120659,20210604T143542,15.1033,45,A2,-0.179099,0.743943,1
20210520T120659,20210604T143542,15.1033,46,A2,0.025692,1.500113,0
20210520T120659,20210604T143542,15.1033,47,A2,-0.207408,0.078626,1
20210520T120659,20210604T143542,15.1033,48,A2,-0.134759,0.065093,1
20210520T120659,20210604T143542,15.1033,49,A2,0.037539,0.819800,1
20210520T120659,20210604T143542,15.1033,50,A2,0.271398,0.684947,0
20210520T120659,20210604T143542,15.1033,51,A2,-0.067003,1.207448,0
20210520T120659,20210604T143542,15.1033,52,A2,0.027818,0.603155,0
20210520T120659,20210604T143542,15.1033,53,A2,0.013863,0.156834,0
20210520T120659,20210604T143542,15.1033,54,A2,0.718963,0.281916,0
20210520T120659,20210604T143542,15.1033,55,A2,0.053676,0.565762,1
20210520T120659,20210604T143542,15.1033,56,A2,0.473480,0.761561,1
20210520T120659,20210604T143542,15.1033,57,A2,0.124764,0.488140,1
20210520T120659,20210604T143542,15.1033,58,A2,0.173278,1.169776,0
20210520T120659,20210604T143542,15.1033,59,A2,-0.225172,0.207008,0
20210520T120659,20210604T143542,15.1033,60,A2,-0.066323,0.979259,1
20210520T120659,20210604T143542,15.1033,61,A2,-0.053296,0.975341,0
20210520T120659,20210604T143542,15.1033,62,A2,0.162534,0.161654,0
20210520T120659,20210604T143542,15.1033,63,A2,-0.047817,0.349173,1
20210520T120659,20210604T143542,15.1033,64,A2,0.263700,1.146945,0
20210520T120659,20210604T143542,15.1033,65,A3,-0.141763,0.391464,1
20210520T120659,20210604T143542,15.1033,66,A3,-0.019883,0.092633,0
20210520T120659,20210604T143542,15.1033,67,A3,-0.034847,0.486784,0
20210520T120659,20210604T143542,15.1033,68,A3,-0.026823,0.088383,1
20210520T120659,20210604T143542,15.1033,69,A3,0.122520,0.849303,1
20210520T120659,20210604T143542,15.1033,70,A3,-0.190441,0.274165,0
20210520T120659,20210604T143542,15.1033,71,A3,-0.036519,0.370074,0
20210520T120659,20210604T143542,15.1033,72,A3,-0.122544,0.445890,0
20210520T120659,20210604T143542,15.1033,73,A3,-0.108415,0.448723,0
20210520T120659,20210604T143542,15.1033,74,A3,0.151843,0.133974,1
20210520T120659,20210604T143542,15.1033,75,A3,0.169040,0.030044,1
20210520T120659,20210604T143542,15.1033,76,A3,0.170753,0.048487,0
20210520T120659,20210604T143542,15.1033,77,A3,-0.010876,0.127416,0
20210520T120659,20210604T143542,15.1033,78,A3,0.181210,0.065988,0
20210520T120659,20210604T143542,15.1033,79,A3,-0.060314,0.213149,0
20210520T120659,20210604T143542,15.1033,80,A3,0.119670,0.108655,1
20210520T120659,20210604T143542,15.1033,81,A3,-0.317386,0.234410,0
20210520T120659,20210604T143542,15.1033,82,A3,-0.123240,0.200196,0
20210520T120659,20210604T143542,15.1033,83,A3,0.017888,0.104603,1
20210520T120659,20210604T143542,15.1033,84,A3,-0.000027,0.134207,0
20210520T120659,20210604T143542,15.1033,85,A3,-0.037551,0.031558,1
20210520T120659,20210604T143542,15.1033,86,A3,0.061959,0.780077,1
20210520T120659,20210604T143542,15.1033,87,A3,-0.031041,0.039372,1
20210520T120659,20210604T143542,15.1033,88,A3,0.292495,0.017134,1
20210520T120659,20210604T143542,15.1033,89,A3,-0.046645,0.225492,1
20210520T120659,20210604T143542,15.1033,90,A3,0.307498,0.094302,1
20210520T120659,20210604T143542,15.1033,91,A3,0.117610,0.724751,1
20210520T120659,20210604T143542,15.1033,92,A3,-0.074061,0.744134,0
20210520T120659,20210604T143542,15.1033,93,A3,0.142687,0.671887,0
20210520T120659,20210604T143542,15.1033,94,A3,-0.056631,0.316263,0
20210520T120659,20210604T143542,15.1033,95,A3,-0.031857,0.700309,1
20210520T120659,20210604T143542,15.1033,96,A3,0.339503,0.097254,1
20210520T120659,20210604T143542,15.1033,97,A4,-0.065452,1.332042,0
20210520T120659,20210604T143542,15.1033,98,A4,0.585572,0.368261,1
20210520T120659,20210604T143542,15.1033,99,A4,0.643421,0.494006,1
20210520T120659,20210604T143542,15.1033,100,A4,0.145989,0.661201,0
20210520T120659,20210604T143542,15.1033,101,A4,0.332312,0.143531,0
20210520T120659,20210604T143542,15.1033,102,A4,0.672202,0.372178,1
20210520T120659,20210604T143542,15.1033,103,A4,0.457111,0.397741,1
20210520T120659,20210604T143542,15.1033,104,A4,0.160930,1.574360,0
20210520T120659,20210604T143542,15.1033,105,A4,0.483586,0.623805,1
20210520T120659,20210604T143542,15.1033,106,A4,0.605373,0.585083,1
20210520T120659,20210604T143542,15.1033,107,A4,0.403351,0.527482,1
20210520T120659,20210604T143542,15.1033,108,A4,0.065755,0.266989,1
20210520T120659,20210604T143542,15.1033,109,A4,0.398329,0.747438,1
20210520T120659,20210604T143542,15.1033,110,A4,0.034842,0.509841,1
20210520T120659,20210604T143542,15.1033,111,A4,0.567973,0.171669,1
20210520T120659,20210604T143542,15.1033,112,A4,0.580395,0.370642,1
20210520T120659,20210604T143542,15.1033,113,A4,0.239142,0.369312,1
20210520T120659,20210604T143542,15.1033,114,A4,0.623659,0.865570,0
20210520T120659,20210604T143542,15.1033,115,A4,0.285821,0.195087,1
20210520T120659,20210604T143542,15.1033,116,A4,0.744071,0.665819,1
20210520T120659,20210604T143542,15.1033,117,A4,0.854107,0.845046,1
20210520T120659,20210604T143542,15.1033,118,A4,0.746712,1.244880,0
20210520T120659,20210604T143542,15.1033,119,A4,0.600680,1.199447,0
20210520T120659,20210604T143542,15.1033,120,A4,0.676940,0.053068,1
20210520T120659,20210604T143542,15.1033,121,A4,0.649074,0.167678,1
20210520T120659,20210604T143542,15.1033,122,A4,0.699505,0.185095,1
20210520T120659,20210604T143542,15.1033,123,A4,0.787572,0.521115,1
20210520T120659,20210604T143542,15.1033,124,A4,0.832041,0.223608,1
20210520T120659,20210604T143542,15.1033,125,A4,0.437247,0.226823,1
20210520T120659,20210604T143542,15.1033,126,A4,0.513444,0.131627,1
20210520T120659,20210604T143542,15.1033,127,A4,0.207021,0.796113,0
20210520T120659,20210604T143542,15.1033,128,A4,0.485013,0.502415,1
20210520T120659,20210604T143542,15.1033,129,A5,0.016064,0.044755,0
20210520T120659,20210604T143542,15.1033,130,A5,0.196744,0.768951,1
20210520T120659,20210604T143542,15.1033,131,A5,0.159829,0.202655,0
20210520T120659,20210604T143542,15.1033,132,A5,-0.061356,1.407213,0
20210520T120659,20210604T143542,15.1033,133,A5,0.177580,0.846247,0
20210520T120659,20210604T143542,15.1033,134,A5,0.173876,0.365268,1
20210520T120659,20210604T143542,15.1033,135,A5,-0.111699,0.042786,0
20210520T120659,20210604T143542,15.1033,136,A5,0.292587,0.029633,1
20210520T120659,20210604T143542,15.1033,137,A5,0.487701,0.268653,1
20210520T120659,20210604T143542,15.1033,138,A5,-0.119440,0.852839,1
20210520T120659,20210604T143542,15.1033,139,A5,0.042807,0.201484,1
20210520T120659,20210604T143542,15.1033,140,A5,-0.304129,0.898672,1
20210520T120659,20210604T143542,15.1033,141,A5,0.076011,0.369275,1
20210520T120659,20210604T143542,15.1033,142,A5,0.274671,0.064548,1
20210520T120659,20210604T143542,15.1033,143,A5,-0.291416,1.209142,0
20210520T120659,20210604T143542,15.1033,144,A5,-0.448429,0.026097,1
20210520T120659,20210604T143542,15.1033,145,A5,0.315538,0.353710,0
20210520T120659,20210604T143542,15.1033,146,A5,-0.075406,1.084908,0
20210520T120659,20210604T143542,15.1033,147,A5,-0.095590,0.247676,1
20210520T120659,20210604T143542,15.1033,148,A5,0.162206,0.941154,1
20210520T120659,20210604T143542,15.1033,149,A5,-0.123422,0.947847,1
20210520T120659,20210604T143542,15.1033,150,A5,-0.173149,0.803309,1
20210520T120659,20210604T143542,15.1033,151,A5,-0.235383,0.170739,0
20210520T120659,20210604T143542,15.1033,152,A5,0.047819,0.232034,1
20210520T120659,20210604T143542,15.1033,153,A5,0.230795,0.867145,1
20210520T120659,20210604T143542,15.1033,154,A5,0.145955,0.501145,1
20210520T120659,20210604T143542,15.1033,155,A5,0.430538,0.531370,1
20210520T120659,20210604T143542,15.1033,156,A5,-0.187671,0.397665,1
20210520T120659,20210604T143542,15.1033,157,A5,0.147542,1.143284,0
20210520T120659,20210604T143542,15.1033,158,A5,0.013507,0.060072,1
20210520T120659,20210604T143542,15.1033,159,A5,-0.368660,0.036569,1
20210520T120659,20210604T143542,15.1033,160,A5,0.067533,0.197019,1
20210520T120659,20210708T131736,49.0490,1,A1,-0.244223,1.164807,0
20210520T120659,20210708T131736,49.0490,2,A1,0.571141,1.093754,0
20210520T120659,20210708T131736,49.0490,3,A1,0.185786,1.268037,0
20210520T120659,20210708T131736,49.0490,4,A1,0.410064,0.958501,0
20210520T120659,20210708T131736,49.0490,5,A1,0.362504,0.772408,1
20210520T120659,20210708T131736,49.0490,6,A1,-0.217399,1.116207,0
20210520T120659,20210708T131736,49.0490,7,A1,0.247706,0.645300,1
20210520T120659,20210708T131736,49.0490,8,A1,0.061139,0.000000,1
20210520T120659,20210708T131736,49.0490,9,A1,-0.188441,0.539897,1
20210520T120659,20210708T131736,49.0490,10,A1,-0.123676,0.035273,0
20210520T120659,20210708T131736,49.0490,11,A1,0.118873,1.051523,0
20210520T120659,20210708T131736,49.0490,12,A1,0.013858,0.771298,0
20210520T120659,20210708T131736,49.0490,13,A1,-0.031776,0.293186,1
20210520T120659,20210708T131736,49.0490,14,A1,0.125434,0.227153,1
20210520T120659,20210708T131736,49.0490,15,A1,-0.090889,0.648267,1
20210520T120659,20210708T131736,49.0490,16,A1,-0.175011,0.438642,0
20210520T120659,20210708T131736,49.0490,17,A1,0.512475,0.534837,1
20210520T120659,20210708T131736,49.0490,18,A1,-0.081696,0.535284,1
20210520T120659,20210708T131736,49.0490,19,A1,0.470333,0.000000,1
20210520T120659,20210708T131736,49.0490,20,A1,0.663487,1.018016,0
20210520T120659,20210708T131736,49.0490,21,A1,0.050762,1.098422,0
20210520T120659,20210708T131736,49.0490,22,A1,0.158043,0.776559,1
20210520T120659,20210708T131736,49.0490,23,A1,-0.501908,0.558016,0
20210520T120659,20210708T131736,49.0490,24,A1,0.694036,0.183258,1
20210520T120659,20210708T131736,49.0490,25,A1,0.013134,0.089798,0
20210520T120659,20210708T131736,49.0490,26,A1,-0.878392,2.000000,0
20210520T120659,20210708T131736,49.0490,27,A1,-0.076863,0.887129,0
20210520T120659,20210708T131736,49.0490,28,A1,-0.546812,0.830429,0
20210520T120659,20210708T131736,49.0490,29,A1,-0.285607,1.352152,0
20210520T120659,20210708T131736,49.0490,30,A1,-0.478577,0.218021,0
20210520T120659,20210708T131736,49.0490,31,A1,-0.143546,0.378983,1
20210520T120659,20210708T131736,49.0490,32,A1,-0.077781,0.077617,1
20210520T120659,20210708T131736,49.0490,33,A2,0.356966,0.265437,1
20210520T120659,20210708T131736,49.0490,34,A2,0.162215,0.266695,1
20210520T120659,20210708T131736,49.0490,35,A2,-0.068581,0.221646,0
20210520T120659,20210708T131736,49.0490,36,A2,0.470064,0.372652,1
20210520T120659,20210708T131736,49.0490,37,A2,0.039997,0.954954,1
20210520T120659,20210708T131736,49.0490,38,A2,0.099517,0.183849,0
20210520T120659,20210708T131736,49.0490,39,A2,0.045894,1.034779,0
20210520T120659,20210708T131736,49.0490,40,A2,0.357692,0.010507,1
20210520T120659,20210708T131736,49.0490,41,A2,0.215474,0.254047,0
20210520T120659,20210708T131736,49.0490,42,A2,0.080441,0.023073,1
20210520T120659,20210708T131736,49.0490,43,A2,-0.223879,0.460122,0
20210520T120659,20210708T131736,49.0490,44,A2,0.046210,0.469210,0
20210520T120659,20210708T131736,49.0490,45,A2,0.257276,0.121201,1
20210520T120659,20210708T131736,49.0490,46,A2,0.253834,0.593123,0
20210520T120659,20210708T131736,49.0490,47,A2,0.352055,0.831645,1
20210520T120659,20210708T131736,49.0490,48,A2,-0.067264,0.257022,0
20210520T120659,20210708T131736,49.0490,49,A2,0.572949,0.000000,1
20210520T120659,20210708T131736,49.0490,50,A2,0.156095,0.075508,1
20210520T120659,20210708T131736,49.0490,51,A2,0.051066,0.782451,0
20210520T120659,20210708T131736,49.0490,52,A2,0.185052,0.201225,1
20210520T120659,20210708T131736,49.0490,53,A2,0.023941,0.949011,1
20210520T120659,20210708T131736,49.0490,54,A2,0.500259,0.810702,1
20210520T120659,20210708T131736,49.0490,55,A2,-0.080389,0.000000,1
20210520T120659,20210708T131736,49.0490,56,A2,0.237948,1.004589,0
20210520T120659,20210708T131736,49.0490,57,A2,-0.325783,0.317233,1
20210520T120659,20210708T131736,49.0490,58,A2,-0.231463,0.728635,1
20210520T120659,20210708T131736,49.0490,59,A2,0.128412,0.211546,0
20210520T120659,20210708T131736,49.0490,60,A2,-0.291986,1.032149,0
20210520T120659,20210708T131736,49.0490,61,A2,-0.215818,0.193147,1
20210520T120659,20210708T131736,49.0490,62,A2,0.022388,0.020849,1
20210520T120659,20210708T131736,49.0490,63,A2,0.030153,0.150122,1
20210520T120659,20210708T131736,49.0490,64,A2,0.187375,0.087327,1
20210520T120659,20210708T131736,49.0490,65,A3,-0.042839,0.937937,1
20210520T120659,20210708T131736,49.0490,66,A3,-0.047965,1.051525,0
20210520T120659,20210708T131736,49.0490,67,A3,-0.571975,0.283183,1
20210520T120659,20210708T131736,49.0490,68,A3,0.078391,0.892192,1
20210520T120659,20210708T131736,49.0490,69,A3,-0.206228,0.627266,0
20210520T120659,20210708T131736,49.0490,70,A3,-0.217221,0.443248,0
20210520T120659,20210708T131736,49.0490,71,A3,0.015930,0.318562,1
20210520T120659,20210708T131736,49.0490,72,A3,-0.182227,0.927254,1
20210520T120659,20210708T131736,49.0490,73,A3,0.094791,0.269931,1
20210520T120659,20210708T131736,49.0490,74,A3,0.038189,0.139554,0
20210520T120659,20210708T131736,49.0490,75,A3,0.059481,0.130530,0
20210520T120659,20210708T131736,49.0490,76,A3,0.563187,1.021286,0
20210520T120659,20210708T131736,49.0490,77,A3,0.164917,0.013380,1
20210520T120659,20210708T131736,49.0490,78,A3,-0.026959,0.173616,0
20210520T120659,20210708T131736,49.0490,79,A3,0.191806,0.050935,1
20210520T120659,20210708T131736,49.0490,80,A3,-0.295817,0.310724,0
20210520T120659,20210708T131736,49.0490,81,A3,-0.055648,0.081831,1
20210520T120659,20210708T131736,49.0490,82,A3,0.043381,0.072390,1
20210520T120659,20210708T131736,49.0490,83,A3,0.007232,0.037924,0
20210520T120659,20210708T131736,49.0490,84,A3,-0.002462,0.071466,0
20210520T120659,20210708T131736,49.0490,85,A3,0.199300,1.179145,0
20210520T120659,20210708T131736,49.0490,86,A3,-0.159306,0.034773,1
20210520T120659,20210708T131736,49.0490,87,A3,-0.124138,0.086035,1
20210520T120659,20210708T131736,49.0490,88,A3,-0.186837,0.243531,0
20210520T120659,20210708T131736,49.0490,89,A3,-0.025363,1.002388,0
20210520T120659,20210708T131736,49.0490,90,A3,0.374425,0.007448,1
20210520T120659,20210708T131736,49.0490,91,A3,0.311348,0.802212,0
20210520T120659,20210708T131736,49.0490,92,A3,-0.216785,0.992955,0
20210520T120659,20210708T131736,49.0490,93,A3,-0.206293,0.690336,0
20210520T120659,20210708T131736,49.0490,94,A3,-0.134256,0.149132,0
20210520T120659,20210708T131736,49.0490,95,A3,0.132503,0.694105,1
20210520T120659,20210708T131736,49.0490,96,A3,0.055468,0.303423,1
20210520T120659,20210708T131736,49.0490,97,A4,-0.095203,0.927869,0
20210520T120659,20210708T131736,49.0490,98,A4,-0.114020,1.002582,0
20210520T120659,20210708T131736,49.0490,99,A4,-0.159773,0.676345,1
20210520T120659,20210708T131736,49.0490,100,A4,0.226600,0.274829,0
20210520T120659,20210708T131736,49.0490,101,A4,0.205296,0.127995,1
20210520T120659,20210708T131736,49.0490,102,A4,0.183785,0.013998,1
20210520T120659,20210708T131736,49.0490,103,A4,0.403051,0.466123,0
20210520T120659,20210708T131736,49.0490,104,A4,0.043797,1.000789,0
20210520T120659,20210708T131736,49.0490,105,A4,0.227023,0.482815,0
20210520T120659,20210708T131736,49.0490,106,A4,-0.116422,0.388600,1
20210520T120659,20210708T131736,49.0490,107,A4,0.112904,0.091562,1
20210520T120659,20210708T131736,49.0490,108,A4,-0.149336,0.069792,0
20210520T120659,20210708T131736,49.0490,109,A4,-0.126335,0.899933,1
20210520T120659,20210708T131736,49.0490,110,A4,-0.069136,0.447820,1
20210520T120659,20210708T131736,49.0490,111,A4,-0.105638,0.030803,1
20210520T120659,20210708T131736,49.0490,112,A4,-0.197437,1.076849,0
20210520T120659,20210708T131736,49.0490,113,A4,0.283450,0.634593,0
20210520T120659,20210708T131736,49.0490,114,A4,0.005581,0.207712,0
20210520T120659,20210708T131736,49.0490,115,A4,0.071764,0.666480,1
20210520T120659,20210708T131736,49.0490,116,A4,0.021492,0.210870,0
20210520T120659,20210708T131736,49.0490,117,A4,0.167848,0.039496,1
20210520T120659,20210708T131736,49.0490,118,A4,0.007509,0.547494,0
20210520T120659,20210708T131736,49.0490,119,A4,-0.115136,1.199447,0
20210520T120659,20210708T131736,49.0490,120,A4,0.416506,0.217729,1
20210520T120659,20210708T131736,49.0490,121,A4,-0.028450,0.168571,1
20210520T120659,20210708T131736,49.0490,122,A4,0.133049,0.165291,1
20210520T120659,20210708T131736,49.0490,123,A4,0.116123,0.528590,0
20210520T120659,20210708T131736,49.0490,124,A4,0.200072,0.356021,0
20210520T120659,20210708T131736,49.0490,125,A4,0.290030,0.438601,0
20210520T120659,20210708T131736,49.0490,126,A4,0.225496,0.916251,1
20210520T120659,20210708T131736,49.0490,127,A4,0.437284,0.577583,0
20210520T120659,20210708T131736,49.0490,128,A4,-0.237774,1.508705,0
20210520T120659,20210708T131736,49.0490,129,A5,0.076695,0.088617,1
20210520T120659,20210708T131736,49.0490,130,A5,-0.427340,0.914070,1
20210520T120659,20210708T131736,49.0490,131,A5,0.023746,0.059062,0
20210520T120659,20210708T131736,49.0490,132,A5,-0.156729,0.595029,0
20210520T120659,20210708T131736,49.0490,133,A5,-0.211075,1.301195,0
20210520T120659,20210708T131736,49.0490,134,A5,0.261953,0.182108,1
20210520T120659,20210708T131736,49.0490,135,A5,0.148178,1.028325,0
20210520T120659,20210708T131736,49.0490,136,A5,-0.497457,1.361776,0
20210520T120659,20210708T131736,49.0490,137,A5,-0.144557,0.276461,1
20210520T120659,20210708T131736,49.0490,138,A5,-0.041193,0.938654,1
20210520T120659,20210708T131736,49.0490,139,A5,-0.015861,0.605438,0
20210520T120659,20210708T131736,49.0490,140,A5,-0.011426,1.132293,0
20210520T120659,20210708T131736,49.0490,141,A5,-0.205146,0.671346,0
20210520T120659,20210708T131736,49.0490,142,A5,0.010967,0.108341,1
20210520T120659,20210708T131736,49.0490,143,A5,-0.258135,0.004625,1
20210520T120659,20210708T131736,49.0490,144,A5,0.194515,0.011133,1
20210520T120659,20210708T131736,49.0490,145,A5,-0.309245,0.400550,0
20210520T120659,20210708T131736,49.0490,146,A5,0.128573,0.384410,0
20210520T120659,20210708T131736,49.0490,147,A5,0.214132,0.426642,1
20210520T120659,20210708T131736,49.0490,148,A5,0.083745,0.012746,1
20210520T120659,20210708T131736,49.0490,149,A5,-0.090503,0.187764,0
20210520T120659,20210708T131736,49.0490,150,A5,0.185979,0.067042,1
20210520T120659,20210708T131736,49.0490,151,A5,0.050421,0.069764,1
20210520T120659,20210708T131736,49.0490,152,A5,-0.116645,0.077581,1
20210520T120659,20210708T131736,49.0490,153,A5,-0.048583,1.094309,0
20210520T120659,20210708T131736,49.0490,154,A5,0.156515,0.850239,1
20210520T120659,20210708T131736,49.0490,155,A5,-0.032953,0.858121,0
20210520T120659,20210708T131736,49.0490,156,A5,-0.122776,0.029912,1
20210520T120659,20210708T131736,49.0490,157,A5,-0.210182,0.226965,1
20210520T120659,20210708T131736,49.0490,158,A5,0.234464,0.139887,1
20210520T120659,20210708T131736,49.0490,159,A5,0.030733,0.017756,1
20210520T120659,20210708T131736,49.0490,160,A5,0.238975,0.979527,1
20210520T120659,20210709T103307,49.9348,1,A1,0.087506,0.967558,1
20210520T120659,20210709T103307,49.9348,2,A1,0.305397,0.725031,0
20210520T120659,20210709T103307,49.9348,3,A1,0.091399,0.149873,1
20210520T120659,20210709T103307,49.9348,4,A1,0.159083,1.168926,0
20210520T120659,20210709T103307,49.9348,5,A1,-0.034537,1.816212,0
20210520T120659,20210709T103307,49.9348,6,A1,-0.154422,1.539082,0
20210520T120659,20210709T103307,49.9348,7,A1,-0.005993,0.747360,0
20210520T120659,20210709T103307,49.9348,8,A1,0.099579,0.000000,1
20210520T120659,20210709T103307,49.9348,9,A1,-0.071189,0.559478,1
20210520T120659,20210709T103307,49.9348,10,A1,0.282422,0.089968,0
20210520T120659,20210709T103307,49.9348,11,A1,0.014313,0.000000,1
20210520T120659,20210709T103307,49.9348,12,A1,0.213500,1.520323,0
20210520T120659,20210709T103307,49.9348,13,A1,-0.141342,0.699417,1
20210520T120659,20210709T103307,49.9348,14,A1,-0.157503,1.358842,0
20210520T120659,20210709T103307,49.9348,15,A1,0.182152,0.927545,1
20210520T120659,20210709T103307,49.9348,16,A1,-0.019936,0.729865,0
20210520T120659,20210709T103307,49.9348,17,A1,0.435187,0.674849,1
20210520T120659,20210709T103307,49.9348,18,A1,-0.295779,1.370627,0
20210520T120659,20210709T103307,49.9348,19,A1,0.420414,1.437587,0
20210520T120659,20210709T103307,49.9348,20,A1,0.672875,0.867705,0
20210520T120659,20210709T103307,49.9348,21,A1,0.012786,0.000000,1
20210520T120659,20210709T103307,49.9348,22,A1,0.209057,0.776559,1
20210520T120659,20210709T103307,49.9348,23,A1,-0.340759,0.485891,0
20210520T120659,20210709T103307,49.9348,24,A1,0.461851,0.183258,1
20210520T120659,20210709T103307,49.9348,25,A1,-0.249862,0.326469,0
20210520T120659,20210709T103307,49.9348,26,A1,0.035215,1.014803,0
20210520T120659,20210709T103307,49.9348,27,A1,0.139464,1.115683,0
20210520T120659,20210709T103307,49.9348,28,A1,-0.471512,0.951589,0
20210520T120659,20210709T103307,49.9348,29,A1,0.132245,1.352152,0
20210520T120659,20210709T103307,49.9348,30,A1,0.134386,0.258424,1
20210520T120659,20210709T103307,49.9348,31,A1,0.046218,1.043746,0
20210520T120659,20210709T103307,49.9348,32,A1,0.414630,0.172168,1
20210520T120659,20210709T103307,49.9348,33,A2,0.162369,0.095403,1
20210520T120659,20210709T103307,49.9348,34,A2,0.232977,0.220902,1
20210520T120659,20210709T103307,49.9348,35,A2,0.069274,0.132538,1
20210520T120659,20210709T103307,49.9348,36,A2,0.463663,0.506440,0
20210520T120659,20210709T103307,49.9348,37,A2,0.062453,0.000000,1
20210520T120659,20210709T103307,49.9348,38,A2,-0.237116,0.136252,1
20210520T120659,20210709T103307,49.9348,39,A2,-0.094516,1.614345,0
20210520T120659,20210709T103307,49.9348,40,A2,0.170879,0.652678,0
20210520T120659,20210709T103307,49.9348,41,A2,0.507573,0.060365,1
20210520T120659,20210709T103307,49.9348,42,A2,0.169278,0.025715,1
20210520T120659,20210709T103307,49.9348,43,A2,-0.198316,0.857946,0
20210520T120659,20210709T103307,49.9348,44,A2,0.056959,0.409232,0
20210520T120659,20210709T103307,49.9348,45,A2,0.130330,0.743943,1
20210520T120659,20210709T103307,49.9348,46,A2,-0.210664,0.247785,1
20210520T120659,20210709T103307,49.9348,47,A2,0.351078,0.778833,1
20210520T120659,20210709T103307,49.9348,48,A2,-0.286374,0.090082,0
20210520T120659,20210709T103307,49.9348,49,A2,0.290118,0.287992,1
20210520T120659,20210709T103307,49.9348,50,A2,-0.134494,0.690632,1
20210520T120659,20210709T103307,49.9348,51,A2,-0.112733,0.413509,1
20210520T120659,20210709T103307,49.9348,52,A2,-0.054898,0.506551,1
20210520T120659,20210709T103307,49.9348,53,A2,-0.147342,0.949011,1
20210520T120659,20210709T103307,49.9348,54,A2,0.491108,0.843148,1
20210520T120659,20210709T103307,49.9348,55,A2,0.452856,0.969621,1
20210520T120659,20210709T103307,49.9348,56,A2,0.359035,0.578078,1
20210520T120659,20210709T103307,49.9348,57,A2,-0.122942,1.418309,0
20210520T120659,20210709T103307,49.9348,58,A2,-0.135663,1.563791,0
20210520T120659,20210709T103307,49.9348,59,A2,0.187990,1.027048,0
20210520T120659,20210709T103307,49.9348,60,A2,0.230179,1.123293,0
20210520T120659,20210709T103307,49.9348,61,A2,-0.163151,0.763593,0
20210520T120659,20210709T103307,49.9348,62,A2,-0.132376,0.592224,1
20210520T120659,20210709T103307,49.9348,63,A2,0.208257,0.308510,1
20210520T120659,20210709T103307,49.9348,64,A2,0.042956,0.204068,0
20210520T120659,20210709T103307,49.9348,65,A3,-0.012658,1.549646,0
20210520T120659,20210709T103307,49.9348,66,A3,0.200960,0.433001,0
20210520T120659,20210709T103307,49.9348,67,A3,-0.021653,0.586474,1
20210520T120659,20210709T103307,49.9348,68,A3,-0.000249,0.067606,1
20210520T120659,20210709T103307,49.9348,69,A3,-0.116858,0.118215,0
20210520T120659,20210709T103307,49.9348,70,A3,0.294889,0.197964,1
20210520T120659,20210709T103307,49.9348,71,A3,-0.012532,0.326235,1
20210520T120659,20210709T103307,49.9348,72,A3,0.015605,0.188726,1
20210520T120659,20210709T103307,49.9348,73,A3,-0.192471,0.556607,0
20210520T120659,20210709T103307,49.9348,74,A3,-0.315973,0.229442,0
20210520T120659,20210709T103307,49.9348,75,A3,0.023613,0.172324,1
20210520T120659,20210709T103307,49.9348,76,A3,0.028397,0.023008,0
20210520T120659,20210709T103307,49.9348,77,A3,0.078095,0.875446,1
20210520T120659,20210709T103307,49.9348,78,A3,-0.039194,0.061934,0
20210520T120659,20210709T103307,49.9348,79,A3,-0.426965,0.294918,1
20210520T120659,20210709T103307,49.9348,80,A3,-0.215034,0.008725,1
20210520T120659,20210709T103307,49.9348,81,A3,0.136846,0.339023,1
20210520T120659,20210709T103307,49.9348,82,A3,0.104700,0.036803,1
20210520T120659,20210709T103307,49.9348,83,A3,-0.008377,0.101222,0
20210520T120659,20210709T103307,49.9348,84,A3,-0.029775,0.217776,0
20210520T120659,20210709T103307,49.9348,85,A3,-0.149111,0.746696,1
20210520T120659,20210709T103307,49.9348,86,A3,0.118934,0.838692,1
20210520T120659,20210709T103307,49.9348,87,A3,-0.336038,0.105332,1
20210520T120659,20210709T103307,49.9348,88,A3,-0.347602,0.055342,1
20210520T120659,20210709T103307,49.9348,89,A3,-0.269267,0.983494,1
20210520T120659,20210709T103307,49.9348,90,A3,-0.234913,0.097472,1
20210520T120659,20210709T103307,49.9348,91,A3,-0.177096,0.779419,0
20210520T120659,20210709T103307,49.9348,92,A3,-0.288200,1.367752,0
20210520T120659,20210709T103307,49.9348,93,A3,0.230778,0.723741,0
20210520T120659,20210709T103307,49.9348,94,A3,-0.132552,0.277412,0
20210520T120659,20210709T103307,49.9348,95,A3,0.311230,0.702021,1
20210520T120659,20210709T103307,49.9348,96,A3,-0.080822,0.326534,1
20210520T120659,20210709T103307,49.9348,97,A4,-0.057458,0.359156,0
20210520T120659,20210709T103307,49.9348,98,A4,0.015323,0.688318,0
20210520T120659,20210709T103307,49.9348,99,A4,-0.025106,0.584262,0
20210520T120659,20210709T103307,49.9348,100,A4,-0.043025,0.386767,0
20210520T120659,20210709T103307,49.9348,101,A4,0.406433,0.250386,0
20210520T120659,20210709T103307,49.9348,102,A4,0.409503,0.040383,1
20210520T120659,20210709T103307,49.9348,103,A4,0.045285,0.447880,0
20210520T120659,20210709T103307,49.9348,104,A4,0.236288,0.983208,1
20210520T120659,20210709T103307,49.9348,105,A4,0.197784,0.304310,0
20210520T120659,20210709T103307,49.9348,106,A4,-0.372542,0.280633,1
20210520T120659,20210709T103307,49.9348,107,A4,-0.057736,0.180297,1
20210520T120659,20210709T103307,49.9348,108,A4,0.125823,0.023691,1
20210520T120659,20210709T103307,49.9348,109,A4,0.203198,0.061237,1
20210520T120659,20210709T103307,49.9348,110,A4,-0.172526,0.453636,1
20210520T120659,20210709T103307,49.9348,111,A4,-0.007817,0.113048,0
20210520T120659,20210709T103307,49.9348,112,A4,0.187395,0.001771,1
20210520T120659,20210709T103307,49.9348,113,A4,0.248408,0.541209,0
20210520T120659,20210709T103307,49.9348,114,A4,-0.036421,0.145449,0
20210520T120659,20210709T103307,49.9348,115,A4,-0.020332,0.213927,0
20210520T120659,20210709T103307,49.9348,116,A4,0.059796,0.275113,0
20210520T120659,20210709T103307,49.9348,117,A4,-0.244149,0.037441,1
20210520T120659,20210709T103307,49.9348,118,A4,-0.164469,0.648763,0
20210520T120659,20210709T103307,49.9348,119,A4,-0.319838,1.199447,0
20210520T120659,20210709T103307,49.9348,120,A4,-0.004458,0.126120,1
20210520T120659,20210709T103307,49.9348,121,A4,0.098077,0.773337,1
20210520T120659,20210709T103307,49.9348,122,A4,-0.311928,0.681516,0
20210520T120659,20210709T103307,49.9348,123,A4,0.033563,0.155259,1
20210520T120659,20210709T103307,49.9348,124,A4,-0.089739,0.375679,0
20210520T120659,20210709T103307,49.9348,125,A4,-0.050978,0.354637,0
20210520T120659,20210709T103307,49.9348,126,A4,-0.139863,0.962632,0
20210520T120659,20210709T103307,49.9348,127,A4,-0.395032,0.618301,0
20210520T120659,20210709T103307,49.9348,128,A4,-0.229492,0.854642,1
20210520T120659,20210709T103307,49.9348,129,A5,0.020448,0.047995,0
20210520T120659,20210709T103307,49.9348,130,A5,0.187504,0.858705,1
20210520T120659,20210709T103307,49.9348,131,A5,0.313705,0.234880,0
20210520T120659,20210709T103307,49.9348,132,A5,-0.101061,0.632969,0
20210520T120659,20210709T103307,49.9348,133,A5,-0.026384,1.301195,0
20210520T120659,20210709T103307,49.9348,134,A5,-0.055222,0.211443,1
20210520T120659,20210709T103307,49.9348,135,A5,0.181014,1.028325,0
20210520T120659,20210709T103307,49.9348,136,A5,-0.164187,1.239531,0
20210520T120659,20210709T103307,49.9348,137,A5,0.087055,0.540645,1
20210520T120659,20210709T103307,49.9348,138,A5,0.473834,0.000000,1
20210520T120659,20210709T103307,49.9348,139,A5,-0.304300,0.109951,1
20210520T120659,20210709T103307,49.9348,140,A5,0.048779,0.846331,1
20210520T120659,20210709T103307,49.9348,141,A5,0.194242,0.615707,1
20210520T120659,20210709T103307,49.9348,142,A5,-0.024715,0.091921,1
20210520T120659,20210709T103307,49.9348,143,A5,0.472254,0.171759,1
20210520T120659,20210709T103307,49.9348,144,A5,0.086941,0.134748,0
20210520T120659,20210709T103307,49.9348,145,A5,0.575735,0.115064,1
20210520T120659,20210709T103307,49.9348,146,A5,-0.049478,1.374878,0
20210520T120659,20210709T103307,49.9348,147,A5,0.036484,0.110365,1
20210520T120659,20210709T103307,49.9348,148,A5,-0.184077,0.236593,0
20210520T120659,20210709T103307,49.9348,149,A5,0.064635,0.416545,0
20210520T120659,20210709T103307,49.9348,150,A5,0.220577,0.278281,0
20210520T120659,20210709T103307,49.9348,151,A5,0.021189,0.028041,1
20210520T120659,20210709T103307,49.9348,152,A5,0.003574,0.235018,0
20210520T120659,20210709T103307,49.9348,153,A5,-0.391065,0.000000,1
20210520T120659,20210709T103307,49.9348,154,A5,0.029361,0.938224,1
20210520T120659,20210709T103307,49.9348,155,A5,0.111010,0.916396,0
20210520T120659,20210709T103307,49.9348,156,A5,-0.034033,0.049100,0
20210520T120659,20210709T103307,49.9348,157,A5,-0.199439,0.047766,1
20210520T120659,20210709T103307,49.9348,158,A5,0.139896,0.160002,1
20210520T120659,20210709T103307,49.9348,159,A5,0.228092,0.055543,1
20210520T120659,20210709T103307,49.9348,160,A5,0.415428,0.036433,1
20210520T120659,20210715T105108,55.9473,1,A1,-0.105063,0.995121,1
20210520T120659,20210715T105108,55.9473,2,A1,0.092414,0.111320,0
20210520T120659,20210715T105108,55.9473,3,A1,0.052400,1.268037,0
20210520T120659,20210715T105108,55.9473,4,A1,0.225406,0.077600,1
20210520T120659,20210715T105108,55.9473,5,A1,-0.141030,1.674392,0
20210520T120659,20210715T105108,55.9473,6,A1,0.125007,0.996957,1
20210520T120659,20210715T105108,55.9473,7,A1,0.135445,1.659628,0
20210520T120659,20210715T105108,55.9473,8,A1,0.049813,0.649503,1
20210520T120659,20210715T105108,55.9473,9,A1,-0.140490,0.971672,1
20210520T120659,20210715T105108,55.9473,10,A1,0.059911,0.976231,1
20210520T120659,20210715T105108,55.9473,11,A1,0.116409,1.292003,0
20210520T120659,20210715T105108,55.9473,12,A1,0.444939,1.117655,0
20210520T120659,20210715T105108,55.9473,13,A1,0.240826,0.928836,1
20210520T120659,20210715T105108,55.9473,14,A1,-0.133880,0.992183,0
20210520T120659,20210715T105108,55.9473,15,A1,0.107442,0.143292,0
20210520T120659,20210715T105108,55.9473,16,A1,0.282676,0.519720,0
20210520T120659,20210715T105108,55.9473,17,A1,-0.129860,0.910560,1
20210520T120659,20210715T105108,55.9473,18,A1,0.055498,0.009430,1
20210520T120659,20210715T105108,55.9473,19,A1,0.197951,0.000000,1
20210520T120659,20210715T105108,55.9473,20,A1,0.607532,1.018016,0
20210520T120659,20210715T105108,55.9473,21,A1,-0.170322,0.469383,1
20210520T120659,20210715T105108,55.9473,22,A1,0.053990,0.105174,1
20210520T120659,20210715T105108,55.9473,23,A1,0.164308,0.271222,1
20210520T120659,20210715T105108,55.9473,24,A1,0.586685,0.183258,1
20210520T120659,20210715T105108,55.9473,25,A1,-0.035770,0.789438,1
20210520T120659,20210715T105108,55.9473,26,A1,-0.471439,2.000000,0
20210520T120659,20210715T105108,55.9473,27,A1,0.000085,0.591934,1
20210520T120659,20210715T105108,55.9473,28,A1,-0.560206,1.105851,0
20210520T120659,20210715T105108,55.9473,29,A1,0.026892,0.882213,0
20210520T120659,20210715T105108,55.9473,30,A1,-0.001629,0.106455,1
20210520T120659,20210715T105108,55.9473,31,A1,-0.147265,1.691755,0
20210520T120659,20210715T105108,55.9473,32,A1,0.184509,0.077617,1
20210520T120659,20210715T105108,55.9473,33,A2,-0.020324,0.265437,1
20210520T120659,20210715T105108,55.9473,34,A2,0.014648,1.299323,0
20210520T120659,20210715T105108,55.9473,35,A2,-0.155584,0.083715,1
20210520T120659,20210715T105108,55.9473,36,A2,0.256778,0.433492,1
20210520T120659,20210715T105108,55.9473,37,A2,-0.082058,0.700442,1
20210520T120659,20210715T105108,55.9473,38,A2,0.086430,0.474792,1
20210520T120659,20210715T105108,55.9473,39,A2,0.043276,0.909803,0
20210520T120659,20210715T105108,55.9473,40,A2,-0.525135,0.180860,1
20210520T120659,20210715T105108,55.9473,41,A2,0.010513,0.358208,0
20210520T120659,20210715T105108,55.9473,42,A2,0.071475,0.145059,0
20210520T120659,20210715T105108,55.9473,43,A2,0.036936,0.129655,1
20210520T120659,20210715T105108,55.9473,44,A2,0.106286,0.570509,1
20210520T120659,20210715T105108,55.9473,45,A2,0.199399,0.318700,0
20210520T120659,20210715T105108,55.9473,46,A2,-0.220204,0.495696,1
20210520T120659,20210715T105108,55.9473,47,A2,0.022636,0.795458,1
20210520T120659,20210715T105108,55.9473,48,A2,-0.139507,0.106442,0
20210520T120659,20210715T105108,55.9473,49,A2,0.219062,0.449249,1
20210520T120659,20210715T105108,55.9473,50,A2,0.088099,0.690632,1
20210520T120659,20210715T105108,55.9473,51,A2,-0.151137,0.733680,0
20210520T120659,20210715T105108,55.9473,52,A2,0.011180,0.506551,1
20210520T120659,20210715T105108,55.9473,53,A2,-0.098628,0.866739,0
20210520T120659,20210715T105108,55.9473,54,A2,0.216173,0.803931,1
20210520T120659,20210715T105108,55.9473,55,A2,0.012845,1.653793,0
20210520T120659,20210715T105108,55.9473,56,A2,0.241692,0.878516,1
20210520T120659,20210715T105108,55.9473,57,A2,-0.056303,0.686986,0
20210520T120659,20210715T105108,55.9473,58,A2,0.150638,1.106851,0
20210520T120659,20210715T105108,55.9473,59,A2,-0.037068,1.027048,0
20210520T120659,20210715T105108,55.9473,60,A2,-0.089152,0.478004,1
20210520T120659,20210715T105108,55.9473,61,A2,0.254823,0.256069,1
20210520T120659,20210715T105108,55.9473,62,A2,0.333683,1.035258,0
20210520T120659,20210715T105108,55.9473,63,A2,0.125533,0.614165,1
20210520T120659,20210715T105108,55.9473,64,A2,-0.268624,0.102062,1
20210520T120659,20210715T105108,55.9473,65,A3,-0.197261,2.000000,0
20210520T120659,20210715T105108,55.9473,66,A3,-0.000449,0.052404,1
20210520T120659,20210715T105108,55.9473,67,A3,-0.179012,0.387546,1
20210520T120659,20210715T105108,55.9473,68,A3,0.116138,0.085780,1
20210520T120659,20210715T105108,55.9473,69,A3,0.167568,0.917584,1
20210520T120659,20210715T105108,55.9473,70,A3,-0.015751,0.231253,0
20210520T120659,20210715T105108,55.9473,71,A3,-0.189974,0.251825,1
20210520T120659,20210715T105108,55.9473,72,A3,-0.040308,0.097347,1
20210520T120659,20210715T105108,55.9473,73,A3,-0.109889,0.151354,1
20210520T120659,20210715T105108,55.9473,74,A3,-0.154780,0.386719,0
20210520T120659,20210715T105108,55.9473,75,A3,0.022592,0.483740,0
20210520T120659,20210715T105108,55.9473,76,A3,0.198958,0.387483,1
20210520T120659,20210715T105108,55.9473,77,A3,-0.001689,0.484135,0
20210520T120659,20210715T105108,55.9473,78,A3,-0.061114,0.792137,1
20210520T120659,20210715T105108,55.9473,79,A3,-0.100333,0.174700,0
20210520T120659,20210715T105108,55.9473,80,A3,0.004077,0.155241,1
20210520T120659,20210715T105108,55.9473,81,A3,0.055206,0.079205,1
20210520T120659,20210715T105108,55.9473,82,A3,-0.021380,0.305769,1
20210520T120659,20210715T105108,55.9473,83,A3,-0.150805,0.013528,1
20210520T120659,20210715T105108,55.9473,84,A3,0.074927,0.990622,1
20210520T120659,20210715T105108,55.9473,85,A3,0.083488,0.896311,0
20210520T120659,20210715T105108,55.9473,86,A3,0.160403,0.820806,1
20210520T120659,20210715T105108,55.9473,87,A3,0.022989,0.078442,1
20210520T120659,20210715T105108,55.9473,88,A3,0.163498,0.036102,1
20210520T120659,20210715T105108,55.9473,89,A3,-0.221793,0.918636,1
20210520T120659,20210715T105108,55.9473,90,A3,0.076312,0.186979,0
20210520T120659,20210715T105108,55.9473,91,A3,-0.240963,0.740257,1
20210520T120659,20210715T105108,55.9473,92,A3,0.277101,0.698447,1
20210520T120659,20210715T105108,55.9473,93,A3,0.281644,0.650017,1
20210520T120659,20210715T105108,55.9473,94,A3,0.211834,0.414291,0
20210520T120659,20210715T105108,55.9473,95,A3,-0.061237,0.698752,1
20210520T120659,20210715T105108,55.9473,96,A3,-0.275228,0.476640,0
20210520T120659,20210715T105108,55.9473,97,A4,0.162743,0.289729,1
20210520T120659,20210715T105108,55.9473,98,A4,-0.071501,1.450857,0
20210520T120659,20210715T105108,55.9473,99,A4,-0.030183,0.732986,0
20210520T120659,20210715T105108,55.9473,100,A4,0.209710,0.459568,0
20210520T120659,20210715T105108,55.9473,101,A4,-0.143623,0.162668,0
20210520T120659,20210715T105108,55.9473,102,A4,-0.063890,0.272013,0
20210520T120659,20210715T105108,55.9473,103,A4,0.100028,0.425119,0
20210520T120659,20210715T105108,55.9473,104,A4,0.026357,1.054597,0
20210520T120659,20210715T105108,55.9473,105,A4,-0.287761,0.184102,1
20210520T120659,20210715T105108,55.9473,106,A4,0.187634,0.452410,0
20210520T120659,20210715T105108,55.9473,107,A4,-0.210501,0.167608,0
20210520T120659,20210715T105108,55.9473,108,A4,0.204472,0.005652,1
20210520T120659,20210715T105108,55.9473,109,A4,0.146293,0.899933,1
20210520T120659,20210715T105108,55.9473,110,A4,-0.070972,1.016804,0
20210520T120659,20210715T105108,55.9473,111,A4,0.063345,0.084209,0
20210520T120659,20210715T105108,55.9473,112,A4,0.062454,0.079643,0
20210520T120659,20210715T105108,55.9473,113,A4,0.291530,0.620747,1
20210520T120659,20210715T105108,55.9473,114,A4,0.144924,0.067387,1
20210520T120659,20210715T105108,55.9473,115,A4,0.054111,0.841352,0
20210520T120659,20210715T105108,55.9473,116,A4,0.055290,0.142360,1
20210520T120659,20210715T105108,55.9473,117,A4,0.262315,0.094333,1
20210520T120659,20210715T105108,55.9473,118,A4,-0.111509,1.244880,0
20210520T120659,20210715T105108,55.9473,119,A4,0.122396,0.013953,1
20210520T120659,20210715T105108,55.9473,120,A4,-0.189123,0.555944,0
20210520T120659,20210715T105108,55.9473,121,A4,0.037896,1.015700,0
20210520T120659,20210715T105108,55.9473,122,A4,0.093101,0.359609,0
20210520T120659,20210715T105108,55.9473,123,A4,0.122731,0.345959,1
20210520T120659,20210715T105108,55.9473,124,A4,0.060583,0.052276,1
20210520T120659,20210715T105108,55.9473,125,A4,-0.077139,1.112160,0
20210520T120659,20210715T105108,55.9473,126,A4,-0.324514,1.074692,0
20210520T120659,20210715T105108,55.9473,127,A4,0.262326,0.427744,1
20210520T120659,20210715T105108,55.9473,128,A4,0.093316,0.947584,0
20210520T120659,20210715T105108,55.9473,129,A5,0.007878,0.168539,0
20210520T120659,20210715T105108,55.9473,130,A5,-0.129983,0.887924,1
20210520T120659,20210715T105108,55.9473,131,A5,0.259100,1.034533,0
20210520T120659,20210715T105108,55.9473,132,A5,0.073494,1.407213,0
20210520T120659,20210715T105108,55.9473,133,A5,-0.118835,0.271919,1
20210520T120659,20210715T105108,55.9473,134,A5,0.124497,1.604313,0
20210520T120659,20210715T105108,55.9473,135,A5,-0.040817,1.028325,0
20210520T120659,20210715T105108,55.9473,136,A5,0.036501,0.476526,1
20210520T120659,20210715T105108,55.9473,137,A5,-0.279130,0.691632,1
20210520T120659,20210715T105108,55.9473,138,A5,-0.211348,0.975927,1
20210520T120659,20210715T105108,55.9473,139,A5,0.041679,0.341447,0
20210520T120659,20210715T105108,55.9473,140,A5,-0.026266,1.006389,0
20210520T120659,20210715T105108,55.9473,141,A5,-0.129744,0.663745,0
20210520T120659,20210715T105108,55.9473,142,A5,0.339685,0.065355,1
20210520T120659,20210715T105108,55.9473,143,A5,-0.022010,0.340523,0
20210520T120659,20210715T105108,55.9473,144,A5,-0.052685,0.094694,1
20210520T120659,20210715T105108,55.9473,145,A5,0.251033,0.267800,0
20210520T120659,20210715T105108,55.9473,146,A5,-0.084761,0.605393,0
20210520T120659,20210715T105108,55.9473,147,A5,0.092256,0.081324,1
20210520T120659,20210715T105108,55.9473,148,A5,-0.071712,0.050082,1
20210520T120659,20210715T105108,55.9473,149,A5,-0.157049,0.263888,1
20210520T120659,20210715T105108,55.9473,150,A5,0.017259,0.319514,0
20210520T120659,20210715T105108,55.9473,151,A5,-0.077998,0.849042,1
20210520T120659,20210715T105108,55.9473,152,A5,0.012215,1.005296,0
20210520T120659,20210715T105108,55.9473,153,A5,0.044838,0.561850,1
20210520T120659,20210715T105108,55.9473,154,A5,0.320592,1.123942,0
20210520T120659,20210715T105108,55.9473,155,A5,0.129546,0.164666,1
20210520T120659,20210715T105108,55.9473,156,A5,-0.037890,0.021650,1
20210520T120659,20210715T105108,55.9473,157,A5,0.075875,0.147748,0
20210520T120659,20210715T105108,55.9473,158,A5,-0.159309,0.159462,1
20210520T120659,20210715T105108,55.9473,159,A5,-0.380306,0.199022,0
20210520T120659,20210715T105108,55.9473,160,A5,0.054024,0.534811,0
20210520T120659,20210716T103652,56.9374,1,A1,0.153511,1.398616,0
20210520T120659,20210716T103652,56.9374,2,A1,-0.077853,0.013815,1
20210520T120659,20210716T103652,56.9374,3,A1,0.233421,0.830586,0
20210520T120659,20210716T103652,56.9374,4,A1,-0.210270,0.694381,1
20210520T120659,20210716T103652,56.9374,5,A1,0.083146,1.159257,0
20210520T120659,20210716T103652,56.9374,6,A1,0.002347,1.184680,0
20210520T120659,20210716T103652,56.9374,7,A1,-0.275843,1.398284,0
20210520T120659,20210716T103652,56.9374,8,A1,-0.022361,0.301139,1
20210520T120659,20210716T103652,56.9374,9,A1,0.026643,1.843459,0
20210520T120659,20210716T103652,56.9374,10,A1,0.028794,1.023769,0
20210520T120659,20210716T103652,56.9374,11,A1,-0.097573,1.020731,0
20210520T120659,20210716T103652,56.9374,12,A1,0.189587,1.149558,0
20210520T120659,20210716T103652,56.9374,13,A1,0.112267,1.279937,0
20210520T120659,20210716T103652,56.9374,14,A1,-0.089265,0.429135,0
20210520T120659,20210716T103652,56.9374,15,A1,-0.133261,0.927545,1
20210520T120659,20210716T103652,56.9374,16,A1,0.050738,0.143625,1
20210520T120659,20210716T103652,56.9374,17,A1,0.128313,0.854916,1
20210520T120659,20210716T103652,56.9374,18,A1,-0.335960,0.089999,1
20210520T120659,20210716T103652,56.9374,19,A1,0.122493,2.000000,0
20210520T120659,20210716T103652,56.9374,20,A1,0.482306,1.018016,0
20210520T120659,20210716T103652,56.9374,21,A1,-0.142957,1.013647,0
20210520T120659,20210716T103652,56.9374,22,A1,0.291373,0.201863,1
20210520T120659,20210716T103652,56.9374,23,A1,0.175721,0.282510,1
20210520T120659,20210716T103652,56.9374,24,A1,-0.064213,0.166834,1
20210520T120659,20210716T103652,56.9374,25,A1,-0.050611,0.171379,1
20210520T120659,20210716T103652,56.9374,26,A1,0.226744,1.111234,0
20210520T120659,20210716T103652,56.9374,27,A1,0.270010,1.257738,0
20210520T120659,20210716T103652,56.9374,28,A1,-0.256125,0.873649,0
20210520T120659,20210716T103652,56.9374,29,A1,0.233829,0.621164,0
20210520T120659,20210716T103652,56.9374,30,A1,0.356739,0.446550,0
20210520T120659,20210716T103652,56.9374,31,A1,-0.227776,1.446979,0
20210520T120659,20210716T103652,56.9374,32,A1,0.097923,0.023653,1
20210520T120659,20210716T103652,56.9374,33,A2,0.092507,0.265437,1
20210520T120659,20210716T103652,56.9374,34,A2,0.040798,1.264734,0
20210520T120659,20210716T103652,56.9374,35,A2,0.197145,0.783615,0
20210520T120659,20210716T103652,56.9374,36,A2,-0.043369,0.561832,0
20210520T120659,20210716T103652,56.9374,37,A2,0.174461,0.676660,1
20210520T120659,20210716T103652,56.9374,38,A2,-0.281651,0.263491,0
20210520T120659,20210716T103652,56.9374,39,A2,-0.190854,0.413305,1
20210520T120659,20210716T103652,56.9374,40,A2,0.036817,0.151473,1
20210520T120659,20210716T103652,56.9374,41,A2,0.157158,0.060749,1
20210520T120659,20210716T103652,56.9374,42,A2,0.262427,0.199057,0
20210520T120659,20210716T103652,56.9374,43,A2,-0.202514,0.320726,0
20210520T120659,20210716T103652,56.9374,44,A2,0.195418,0.002286,1
20210520T120659,20210716T103652,56.9374,45,A2,-0.068627,0.343716,0
20210520T120659,20210716T103652,56.9374,46,A2,-0.046819,0.146016,1
20210520T120659,20210716T103652,56.9374,47,A2,0.293951,1.405383,0
20210520T120659,20210716T103652,56.9374,48,A2,-0.011328,0.080177,0
20210520T120659,20210716T103652,56.9374,49,A2,0.345395,0.633389,1
20210520T120659,20210716T103652,56.9374,50,A2,0.359376,0.690632,1
20210520T120659,20210716T103652,56.9374,51,A2,-0.016979,1.292146,0
20210520T120659,20210716T103652,56.9374,52,A2,0.039608,0.245030,1
20210520T120659,20210716T103652,56.9374,53,A2,-0.183347,0.623772,0
20210520T120659,20210716T103652,56.9374,54,A2,0.111384,0.215649,1
20210520T120659,20210716T103652,56.9374,55,A2,0.198881,2.000000,0
20210520T120659,20210716T103652,56.9374,56,A2,-0.257293,0.887710,1
20210520T120659,20210716T103652,56.9374,57,A2,0.118894,1.670822,0
20210520T120659,20210716T103652,56.9374,58,A2,-0.108315,0.759701,0
20210520T120659,20210716T103652,56.9374,59,A2,-0.064907,0.019868,1
20210520T120659,20210716T103652,56.9374,60,A2,0.177050,1.077243,0
20210520T120659,20210716T103652,56.9374,61,A2,0.035416,0.217690,0
20210520T120659,20210716T103652,56.9374,62,A2,-0.085918,0.138863,0
20210520T120659,20210716T103652,56.9374,63,A2,-0.296690,0.417337,1
20210520T120659,20210716T103652,56.9374,64,A2,0.087351,0.544796,0
20210520T120659,20210716T103652,56.9374,65,A3,0.087520,1.086865,0
20210520T120659,20210716T103652,56.9374,66,A3,0.245924,0.022375,1
20210520T120659,20210716T103652,56.9374,67,A3,-0.463257,1.413526,0
20210520T120659,20210716T103652,56.9374,68,A3,-0.018903,0.037388,1
20210520T120659,20210716T103652,56.9374,69,A3,0.110913,0.032905,1
20210520T120659,20210716T103652,56.9374,70,A3,0.136792,0.254600,1
20210520T120659,20210716T103652,56.9374,71,A3,-0.102963,0.321737,1
20210520T120659,20210716T103652,56.9374,72,A3,0.213377,0.927254,1
20210520T120659,20210716T103652,56.9374,73,A3,0.197721,0.263016,0
20210520T120659,20210716T103652,56.9374,74,A3,0.282633,0.042859,1
20210520T120659,20210716T103652,56.9374,75,A3,0.403034,1.092956,0
20210520T120659,20210716T103652,56.9374,76,A3,-0.082272,0.268410,0
20210520T120659,20210716T103652,56.9374,77,A3,0.121273,0.875446,1
20210520T120659,20210716T103652,56.9374,78,A3,0.159229,0.075819,0
20210520T120659,20210716T103652,56.9374,79,A3,0.193254,0.872646,1
20210520T120659,20210716T103652,56.9374,80,A3,0.009195,0.193483,0
20210520T120659,20210716T103652,56.9374,81,A3,0.010479,0.224403,1
20210520T120659,20210716T103652,56.9374,82,A3,0.030864,0.363960,1
20210520T120659,20210716T103652,56.9374,83,A3,0.092634,0.075092,0
20210520T120659,20210716T103652,56.9374,84,A3,-0.182289,0.012485,0
20210520T120659,20210716T103652,56.9374,85,A3,0.084229,1.618363,0
20210520T120659,20210716T103652,56.9374,86,A3,-0.001330,0.947391,0
20210520T120659,20210716T103652,56.9374,87,A3,-0.026586,1.144431,0
20210520T120659,20210716T103652,56.9374,88,A3,-0.058563,0.290533,1
20210520T120659,20210716T103652,56.9374,89,A3,-0.248546,0.992450,1
20210520T120659,20210716T103652,56.9374,90,A3,-0.032686,0.406269,0
20210520T120659,20210716T103652,56.9374,91,A3,-0.084967,0.747268,1
20210520T120659,20210716T103652,56.9374,92,A3,0.306186,0.100189,1
20210520T120659,20210716T103652,56.9374,93,A3,0.110064,0.303491,1
20210520T120659,20210716T103652,56.9374,94,A3,-0.028517,0.258892,1
20210520T120659,20210716T103652,56.9374,95,A3,0.119611,0.515657,1
20210520T120659,20210716T103652,56.9374,96,A3,0.394863,0.099831,1
20210520T120659,20210716T103652,56.9374,97,A4,-0.110550,0.389272,0
20210520T120659,20210716T103652,56.9374,98,A4,-0.416654,1.631739,0
20210520T120659,20210716T103652,56.9374,99,A4,-0.122249,0.272133,1
20210520T120659,20210716T103652,56.9374,100,A4,0.071627,0.293593,0
20210520T120659,20210716T103652,56.9374,101,A4,-0.220769,0.274945,0
20210520T120659,20210716T103652,56.9374,102,A4,-0.126376,0.002300,1
20210520T120659,20210716T103652,56.9374,103,A4,0.022204,0.319381,1
20210520T120659,20210716T103652,56.9374,104,A4,0.323434,2.000000,0
20210520T120659,20210716T103652,56.9374,105,A4,0.071588,1.050805,0
20210520T120659,20210716T103652,56.9374,106,A4,0.066112,0.258195,1
20210520T120659,20210716T103652,56.9374,107,A4,-0.127284,1.151996,0
20210520T120659,20210716T103652,56.9374,108,A4,0.265384,0.195962,1
20210520T120659,20210716T103652,56.9374,109,A4,0.062582,0.103848,0
20210520T120659,20210716T103652,56.9374,110,A4,-0.163651,0.662036,0
20210520T120659,20210716T103652,56.9374,111,A4,0.093271,0.085424,1
20210520T120659,20210716T103652,56.9374,112,A4,0.057515,0.028495,1
20210520T120659,20210716T103652,56.9374,113,A4,0.245924,0.735927,0
20210520T120659,20210716T103652,56.9374,114,A4,-0.179800,0.327368,0
20210520T120659,20210716T103652,56.9374,115,A4,0.255120,0.951862,1
20210520T120659,20210716T103652,56.9374,116,A4,0.158978,0.366025,1
20210520T120659,20210716T103652,56.9374,117,A4,-0.090795,0.107495,1
20210520T120659,20210716T103652,56.9374,118,A4,-0.021896,0.829419,0
20210520T120659,20210716T103652,56.9374,119,A4,0.012640,0.119847,1
20210520T120659,20210716T103652,56.9374,120,A4,0.138950,0.169276,1
20210520T120659,20210716T103652,56.9374,121,A4,0.028451,1.246149,0
20210520T120659,20210716T103652,56.9374,122,A4,-0.024023,0.083963,1
20210520T120659,20210716T103652,56.9374,123,A4,-0.223888,0.642117,0
20210520T120659,20210716T103652,56.9374,124,A4,-0.434209,1.323841,0
20210520T120659,20210716T103652,56.9374,125,A4,0.049154,1.201846,0
20210520T120659,20210716T103652,56.9374,126,A4,-0.002521,0.430092,1
20210520T120659,20210716T103652,56.9374,127,A4,-0.007958,0.046847,1
20210520T120659,20210716T103652,56.9374,128,A4,-0.085773,0.884063,1
20210520T120659,20210716T103652,56.9374,129,A5,-0.148922,0.987114,1
20210520T120659,20210716T103652,56.9374,130,A5,-0.185833,1.250596,0
20210520T120659,20210716T103652,56.9374,131,A5,0.085220,1.034533,0
20210520T120659,20210716T103652,56.9374,132,A5,0.233510,0.209085,1
20210520T120659,20210716T103652,56.9374,133,A5,-0.104293,1.301195,0
20210520T120659,20210716T103652,56.9374,134,A5,0.451286,0.633233,0
20210520T120659,20210716T103652,56.9374,135,A5,0.190178,1.028325,0
20210520T120659,20210716T103652,56.9374,136,A5,-0.336556,0.659033,1
20210520T120659,20210716T103652,56.9374,137,A5,-0.328601,1.131521,0
20210520T120659,20210716T103652,56.9374,138,A5,-0.120768,0.960785,1
20210520T120659,20210716T103652,56.9374,139,A5,0.208012,0.296661,0
20210520T120659,20210716T103652,56.9374,140,A5,-0.080252,0.793961,1
20210520T120659,20210716T103652,56.9374,141,A5,0.095542,0.608025,1
20210520T120659,20210716T103652,56.9374,142,A5,-0.329299,0.166938,0
20210520T120659,20210716T103652,56.9374,143,A5,0.070642,0.190223,1
20210520T120659,20210716T103652,56.9374,144,A5,-0.068456,0.233614,0
20210520T120659,20210716T103652,56.9374,145,A5,0.467590,0.320451,1
20210520T120659,20210716T103652,56.9374,146,A5,0.005196,0.413514,0
20210520T120659,20210716T103652,56.9374,147,A5,-0.048790,0.281776,1
20210520T120659,20210716T103652,56.9374,148,A5,-0.098813,0.201132,1
20210520T120659,20210716T103652,56.9374,149,A5,0.103975,1.052153,0
20210520T120659,20210716T103652,56.9374,150,A5,0.199768,0.120687,1
20210520T120659,20210716T103652,56.9374,151,A5,-0.235392,0.065248,1
20210520T120659,20210716T103652,56.9374,152,A5,-0.018509,0.017168,0
20210520T120659,20210716T103652,56.9374,153,A5,-0.268465,0.962512,1
20210520T120659,20210716T103652,56.9374,154,A5,0.133182,2.000000,0
20210520T120659,20210716T103652,56.9374,155,A5,-0.121272,0.850293,0
20210520T120659,20210716T103652,56.9374,156,A5,-0.110715,0.024184,1
20210520T120659,20210716T103652,56.9374,157,A5,-0.106344,0.649157,0
20210520T120659,20210716T103652,56.9374,158,A5,-0.091751,0.644622,1
20210520T120659,20210716T103652,56.9374,159,A5,0.165993,0.192079,1
20210520T120659,20210716T103652,56.9374,160,A5,-0.193524,0.098672,0
20210604T143542,20210708T131736,33.9458,1,A1,0.055801,0.067964,1
20210604T143542,20210708T131736,33.9458,2,A1,0.131240,0.000000,1
20210604T143542,20210708T131736,33.9458,3,A1,0.257599,0.891048,1
20210604T143542,20210708T131736,33.9458,4,A1,-0.026486,0.641442,0
20210604T143542,20210708T131736,33.9458,5,A1,0.294987,0.452050,1
20210604T143542,20210708T131736,33.9458,6,A1,-0.186872,0.048303,1
20210604T143542,20210708T131736,33.9458,7,A1,0.326863,0.047989,1
20210604T143542,20210708T131736,33.9458,8,A1,0.095168,0.563525,1
20210604T143542,20210708T131736,33.9458,9,A1,-0.015783,0.539897,1
20210604T143542,20210708T131736,33.9458,10,A1,0.135480,1.011504,0
20210604T143542,20210708T131736,33.9458,11,A1,0.324548,0.533603,0
20210604T143542,20210708T131736,33.9458,12,A1,-0.183841,0.580120,0
20210604T143542,20210708T131736,33.9458,13,A1,0.038620,0.779144,0
20210604T143542,20210708T131736,33.9458,14,A1,0.459186,1.131689,0
20210604T143542,20210708T131736,33.9458,15,A1,0.210774,1.167439,0
20210604T143542,20210708T131736,33.9458,16,A1,0.137632,0.875785,1
20210604T143542,20210708T131736,33.9458,17,A1,0.239693,0.534837,1
20210604T143542,20210708T131736,33.9458,18,A1,0.251651,0.997238,0
20210604T143542,20210708T131736,33.9458,19,A1,0.432895,0.475724,1
20210604T143542,20210708T131736,33.9458,20,A1,0.617027,0.165313,1
20210604T143542,20210708T131736,33.9458,21,A1,0.223361,0.639590,0
20210604T143542,20210708T131736,33.9458,22,A1,0.003662,0.994567,1
20210604T143542,20210708T131736,33.9458,23,A1,-0.180064,0.134500,0
20210604T143542,20210708T131736,33.9458,24,A1,0.600630,0.000000,1
20210604T143542,20210708T131736,33.9458,25,A1,0.019177,0.551657,0
20210604T143542,20210708T131736,33.9458,26,A1,-0.246738,1.313138,0
20210604T143542,20210708T131736,33.9458,27,A1,-0.032127,0.606550,0
20210604T143542,20210708T131736,33.9458,28,A1,0.334225,0.879884,0
20210604T143542,20210708T131736,33.9458,29,A1,-0.222768,0.715936,1
20210604T143542,20210708T131736,33.9458,30,A1,0.449773,0.410789,1
20210604T143542,20210708T131736,33.9458,31,A1,0.194361,0.570533,0
20210604T143542,20210708T131736,33.9458,32,A1,0.334443,0.470929,1
20210604T143542,20210708T131736,33.9458,33,A2,0.599358,0.000000,1
20210604T143542,20210708T131736,33.9458,34,A2,-0.101788,0.967372,1
20210604T143542,20210708T131736,33.9458,35,A2,-0.229857,0.550342,0
20210604T143542,20210708T131736,33.9458,36,A2,0.293182,0.083833,1
20210604T143542,20210708T131736,33.9458,37,A2,0.306139,0.309830,1
20210604T143542,20210708T131736,33.9458,38,A2,0.429985,0.590781,0
20210604T143542,20210708T131736,33.9458,39,A2,0.037412,0.055502,1
20210604T143542,20210708T131736,33.9458,40,A2,0.091234,0.200538,0
20210604T143542,20210708T131736,33.9458,41,A2,0.296273,0.343514,0
20210604T143542,20210708T131736,33.9458,42,A2,0.285810,0.090924,0
20210604T143542,20210708T131736,33.9458,43,A2,0.478419,0.388035,0
20210604T143542,20210708T131736,33.9458,44,A2,0.051038,0.060790,1
20210604T143542,20210708T131736,33.9458,45,A2,-0.191304,0.865144,1
20210604T143542,20210708T131736,33.9458,46,A2,0.165705,0.906990,1
20210604T143542,20210708T131736,33.9458,47,A2,0.002893,0.910271,1
20210604T143542,20210708T131736,33.9458,48,A2,-0.151360,0.322114,0
20210604T143542,20210708T131736,33.9458,49,A2,0.033936,0.819800,1
20210604T143542,20210708T131736,33.9458,50,A2,-0.227759,0.760455,0
20210604T143542,20210708T131736,33.9458,51,A2,-0.090321,0.424997,1
20210604T143542,20210708T131736,33.9458,52,A2,0.155991,0.804380,0
20210604T143542,20210708T131736,33.9458,53,A2,-0.142324,1.105845,0
20210604T143542,20210708T131736,33.9458,54,A2,0.420481,1.092619,0
20210604T143542,20210708T131736,33.9458,55,A2,0.210414,0.565762,1
20210604T143542,20210708T131736,33.9458,56,A2,0.570594,0.243028,0
20210604T143542,20210708T131736,33.9458,57,A2,-0.018395,0.170907,1
20210604T143542,20210708T131736,33.9458,58,A2,-0.374461,0.441141,0
20210604T143542,20210708T131736,33.9458,59,A2,-0.102717,0.004539,1
20210604T143542,20210708T131736,33.9458,60,A2,-0.168696,0.052889,0
20210604T143542,20210708T131736,33.9458,61,A2,-0.253962,1.168488,0
20210604T143542,20210708T131736,33.9458,62,A2,0.151681,0.182503,0
20210604T143542,20210708T131736,33.9458,63,A2,0.207159,0.199051,1
20210604T143542,20210708T131736,33.9458,64,A2,0.342417,1.059617,0
20210604T143542,20210708T131736,33.9458,65,A3,0.032190,0.546473,1
20210604T143542,20210708T131736,33.9458,66,A3,-0.170153,0.958893,1
20210604T143542,20210708T131736,33.9458,67,A3,0.113468,0.203601,0
20210604T143542,20210708T131736,33.9458,68,A3,-0.415786,0.980575,1
20210604T143542,20210708T131736,33.9458,69,A3,0.011410,1.476569,0
20210604T143542,20210708T131736,33.9458,70,A3,0.575594,0.169083,1
20210604T143542,20210708T131736,33.9458,71,A3,0.186345,0.051512,0
20210604T143542,20210708T131736,33.9458,72,A3,0.034821,1.373144,0
20210604T143542,20210708T131736,33.9458,73,A3,-0.295070,0.718654,0
20210604T143542,20210708T131736,33.9458,74,A3,-0.128545,0.273529,0
20210604T143542,20210708T131736,33.9458,75,A3,-0.077537,0.160574,0
20210604T143542,20210708T131736,33.9458,76,A3,0.254876,0.972799,1
20210604T143542,20210708T131736,33.9458,77,A3,-0.131999,0.114036,0
20210604T143542,20210708T131736,33.9458,78,A3,0.044924,0.107628,1
20210604T143542,20210708T131736,33.9458,79,A3,-0.131332,0.162214,0
20210604T143542,20210708T131736,33.9458,80,A3,0.090263,0.202069,0
20210604T143542,20210708T131736,33.9458,81,A3,-0.198741,0.152579,0
20210604T143542,20210708T131736,33.9458,82,A3,-0.007551,0.127806,0
20210604T143542,20210708T131736,33.9458,83,A3,-0.012742,0.142527,0
20210604T143542,20210708T131736,33.9458,84,A3,0.280233,0.062740,1
20210604T143542,20210708T131736,33.9458,85,A3,-0.238162,1.210703,0
20210604T143542,20210708T131736,33.9458,86,A3,0.080961,0.745304,1
20210604T143542,20210708T131736,33.9458,87,A3,-0.246640,0.046664,1
20210604T143542,20210708T131736,33.9458,88,A3,-0.361686,0.260665,0
20210604T143542,20210708T131736,33.9458,89,A3,-0.199502,0.776897,0
20210604T143542,20210708T131736,33.9458,90,A3,-0.058390,0.086854,1
20210604T143542,20210708T131736,33.9458,91,A3,0.141984,0.077460,0
20210604T143542,20210708T131736,33.9458,92,A3,-0.017821,0.248820,1
20210604T143542,20210708T131736,33.9458,93,A3,-0.065681,0.018449,1
20210604T143542,20210708T131736,33.9458,94,A3,0.202061,0.167130,1
20210604T143542,20210708T131736,33.9458,95,A3,-0.183863,0.006204,1
20210604T143542,20210708T131736,33.9458,96,A3,0.191456,0.206169,1
20210604T143542,20210708T131736,33.9458,97,A4,-0.076933,0.404173,1
20210604T143542,20210708T131736,33.9458,98,A4,-0.010053,1.370843,0
20210604T143542,20210708T131736,33.9458,99,A4,-0.297404,0.182338,1
20210604T143542,20210708T131736,33.9458,100,A4,-0.073358,0.386372,1
20210604T143542,20210708T131736,33.9458,101,A4,-0.056429,0.015536,0
20210604T143542,20210708T131736,33.9458,102,A4,0.096142,0.358180,1
20210604T143542,20210708T131736,33.9458,103,A4,0.283838,0.863864,0
20210604T143542,20210708T131736,33.9458,104,A4,-0.154421,0.573571,1
20210604T143542,20210708T131736,33.9458,105,A4,0.157943,1.106620,0
20210604T143542,20210708T131736,33.9458,106,A4,-0.178149,0.973682,1
20210604T143542,20210708T131736,33.9458,107,A4,0.356685,0.619044,1
20210604T143542,20210708T131736,33.9458,108,A4,-0.185802,0.336781,0
20210604T143542,20210708T131736,33.9458,109,A4,-0.074971,0.152496,1
20210604T143542,20210708T131736,33.9458,110,A4,0.116482,0.957661,1
20210604T143542,20210708T131736,33.9458,111,A4,0.002037,0.140866,1
20210604T143542,20210708T131736,33.9458,112,A4,-0.068821,1.447491,0
20210604T143542,20210708T131736,33.9458,113,A4,0.166246,0.265281,0
20210604T143542,20210708T131736,33.9458,114,A4,-0.017287,0.657857,1
20210604T143542,20210708T131736,33.9458,115,A4,0.233272,0.471393,1
20210604T143542,20210708T131736,33.9458,116,A4,-0.039947,0.876689,0
20210604T143542,20210708T131736,33.9458,117,A4,-0.061194,0.884542,1
20210604T143542,20210708T131736,33.9458,118,A4,0.108885,0.697385,1
20210604T143542,20210708T131736,33.9458,119,A4,0.150741,0.000000,1
20210604T143542,20210708T131736,33.9458,120,A4,0.383101,0.270797,1
20210604T143542,20210708T131736,33.9458,121,A4,0.048607,0.336249,1
20210604T143542,20210708T131736,33.9458,122,A4,0.375079,0.350386,1
20210604T143542,20210708T131736,33.9458,123,A4,-0.066794,1.049705,0
20210604T143542,20210708T131736,33.9458,124,A4,0.069669,0.579629,0
20210604T143542,20210708T131736,33.9458,125,A4,0.053065,0.665424,0
20210604T143542,20210708T131736,33.9458,126,A4,-0.170201,0.784625,1
20210604T143542,20210708T131736,33.9458,127,A4,0.057551,0.218530,1
20210604T143542,20210708T131736,33.9458,128,A4,-0.101266,1.006290,0
20210604T143542,20210708T131736,33.9458,129,A5,-0.265798,0.133372,0
20210604T143542,20210708T131736,33.9458,130,A5,-0.193557,0.145119,1
20210604T143542,20210708T131736,33.9458,131,A5,0.292935,0.143593,1
20210604T143542,20210708T131736,33.9458,132,A5,0.078248,0.812184,1
20210604T143542,20210708T131736,33.9458,133,A5,0.287949,0.454948,1
20210604T143542,20210708T131736,33.9458,134,A5,0.134061,0.547376,1
20210604T143542,20210708T131736,33.9458,135,A5,-0.060823,0.985538,1
20210604T143542,20210708T131736,33.9458,136,A5,-0.195473,1.391409,0
20210604T143542,20210708T131736,33.9458,137,A5,-0.364359,0.545114,1
20210604T143542,20210708T131736,33.9458,138,A5,0.146286,0.085815,1
20210604T143542,20210708T131736,33.9458,139,A5,-0.056301,0.403953,0
20210604T143542,20210708T131736,33.9458,140,A5,0.207953,0.233621,0
20210604T143542,20210708T131736,33.9458,141,A5,0.192529,1.040621,0
20210604T143542,20210708T131736,33.9458,142,A5,0.413405,0.043792,1
20210604T143542,20210708T131736,33.9458,143,A5,0.118616,1.213767,0
20210604T143542,20210708T131736,33.9458,144,A5,0.114138,0.037230,1
20210604T143542,20210708T131736,33.9458,145,A5,-0.251942,0.046840,1
20210604T143542,20210708T131736,33.9458,146,A5,-0.097403,0.700499,1
20210604T143542,20210708T131736,33.9458,147,A5,0.124538,0.178967,1
20210604T143542,20210708T131736,33.9458,148,A5,0.159266,0.928408,1
20210604T143542,20210708T131736,33.9458,149,A5,0.055661,1.135611,0
20210604T143542,20210708T131736,33.9458,150,A5,0.130558,0.736267,1
20210604T143542,20210708T131736,33.9458,151,A5,0.308524,0.100975,0
20210604T143542,20210708T131736,33.9458,152,A5,-0.096733,0.154453,1
20210604T143542,20210708T131736,33.9458,153,A5,-0.047497,0.227164,0
20210604T143542,20210708T131736,33.9458,154,A5,-0.033228,0.349094,1
20210604T143542,20210708T131736,33.9458,155,A5,0.223852,0.326752,0
20210604T143542,20210708T131736,33.9458,156,A5,-0.253321,0.367752,1
20210604T143542,20210708T131736,33.9458,157,A5,-0.480950,1.370249,0
20210604T143542,20210708T131736,33.9458,158,A5,0.037458,0.079815,1
20210604T143542,20210708T131736,33.9458,159,A5,0.009001,0.018813,1
20210604T143542,20210708T131736,33.9458,160,A5,-0.138530,0.782507,1
20210604T143542,20210709T103307,34.8315,1,A1,-0.132978,0.129285,0
20210604T143542,20210709T103307,34.8315,2,A1,-0.048119,0.368723,1
20210604T143542,20210709T103307,34.8315,3,A1,0.010100,0.227115,0
20210604T143542,20210709T103307,34.8315,4,A1,0.187331,0.851867,0
20210604T143542,20210709T103307,34.8315,5,A1,0.287376,1.495853,0
20210604T143542,20210709T103307,34.8315,6,A1,-0.031730,0.471179,1
20210604T143542,20210709T103307,34.8315,7,A1,0.024308,0.150049,0
20210604T143542,20210709T103307,34.8315,8,A1,-0.071715,0.563525,1
20210604T143542,20210709T103307,34.8315,9,A1,0.258920,0.559478,1
20210604T143542,20210709T103307,34.8315,10,A1,0.171805,1.066199,0
20210604T143542,20210709T103307,34.8315,11,A1,-0.138821,0.517919,1
20210604T143542,20210709T103307,34.8315,12,A1,0.075541,1.329145,0
20210604T143542,20210709T103307,34.8315,13,A1,-0.099527,0.372913,0
20210604T143542,20210709T103307,34.8315,14,A1,0.016269,0.000000,1
20210604T143542,20210709T103307,34.8315,15,A1,0.062698,1.446718,0
20210604T143542,20210709T103307,34.8315,16,A1,0.017675,0.584562,1
20210604T143542,20210709T103307,34.8315,17,A1,0.285159,0.674849,1
20210604T143542,20210709T103307,34.8315,18,A1,0.146646,0.908673,1
20210604T143542,20210709T103307,34.8315,19,A1,0.368535,0.961863,0
20210604T143542,20210709T103307,34.8315,20,A1,0.541581,0.015002,1
20210604T143542,20210709T103307,34.8315,21,A1,0.309245,0.458832,1
20210604T143542,20210709T103307,34.8315,22,A1,0.085940,0.994567,1
20210604T143542,20210709T103307,34.8315,23,A1,-0.004688,0.062375,0
20210604T143542,20210709T103307,34.8315,24,A1,0.396027,0.000000,1
20210604T143542,20210709T103307,34.8315,25,A1,0.266547,0.788327,0
20210604T143542,20210709T103307,34.8315,26,A1,0.101328,0.327940,0
20210604T143542,20210709T103307,34.8315,27,A1,-0.130480,0.835104,0
20210604T143542,20210709T103307,34.8315,28,A1,0.177697,1.001044,0
20210604T143542,20210709T103307,34.8315,29,A1,0.051909,0.715936,1
20210604T143542,20210709T103307,34.8315,30,A1,-0.339238,0.887234,0
20210604T143542,20210709T103307,34.8315,31,A1,-0.123020,0.094230,1
20210604T143542,20210709T103307,34.8315,32,A1,0.432649,0.221143,1
20210604T143542,20210709T103307,34.8315,33,A2,0.554840,0.360840,1
20210604T143542,20210709T103307,34.8315,34,A2,0.164219,0.921579,1
20210604T143542,20210709T103307,34.8315,35,A2,0.032975,0.196158,1
20210604T143542,20210709T103307,34.8315,36,A2,0.036514,0.049955,0
20210604T143542,20210709T103307,34.8315,37,A2,0.017644,0.645123,1
20210604T143542,20210709T103307,34.8315,38,A2,-0.019784,0.543185,1
20210604T143542,20210709T103307,34.8315,39,A2,0.276531,0.635068,1
20210604T143542,20210709T103307,34.8315,40,A2,-0.189557,0.462647,1
20210604T143542,20210709T103307,34.8315,41,A2,0.343513,0.029102,1
20210604T143542,20210709T103307,34.8315,42,A2,0.197926,0.088282,0
20210604T143542,20210709T103307,34.8315,43,A2,0.441643,0.785859,0
20210604T143542,20210709T103307,34.8315,44,A2,-0.079521,0.000812,1
20210604T143542,20210709T103307,34.8315,45,A2,0.216905,0.000000,1
20210604T143542,20210709T103307,34.8315,46,A2,-0.458432,1.252328,0
20210604T143542,20210709T103307,34.8315,47,A2,0.016638,0.857459,1
20210604T143542,20210709T103307,34.8315,48,A2,-0.063423,0.155175,0
20210604T143542,20210709T103307,34.8315,49,A2,0.331627,0.531807,1
20210604T143542,20210709T103307,34.8315,50,A2,-0.313700,1.375579,0
20210604T143542,20210709T103307,34.8315,51,A2,-0.108327,1.620957,0
20210604T143542,20210709T103307,34.8315,52,A2,0.035784,1.109706,0
20210604T143542,20210709T103307,34.8315,53,A2,-0.036478,1.105845,0
20210604T143542,20210709T103307,34.8315,54,A2,0.277410,1.125064,0
20210604T143542,20210709T103307,34.8315,55,A2,0.102208,0.403859,1
20210604T143542,20210709T103307,34.8315,56,A2,0.362372,0.183483,1
20210604T143542,20210709T103307,34.8315,57,A2,0.105175,0.930169,0
20210604T143542,20210709T103307,34.8315,58,A2,-0.259006,0.394014,1
20210604T143542,20210709T103307,34.8315,59,A2,-0.050505,0.820040,1
20210604T143542,20210709T103307,34.8315,60,A2,0.073862,0.144034,0
20210604T143542,20210709T103307,34.8315,61,A2,0.055998,0.211747,1
20210604T143542,20210709T103307,34.8315,62,A2,-0.166209,0.753877,0
20210604T143542,20210709T103307,34.8315,63,A2,-0.151105,0.040663,1
20210604T143542,20210709T103307,34.8315,64,A2,0.206415,0.942877,1
20210604T143542,20210709T103307,34.8315,65,A3,-0.196329,1.158182,0
20210604T143542,20210709T103307,34.8315,66,A3,0.346162,0.340369,1
20210604T143542,20210709T103307,34.8315,67,A3,-0.070568,1.073259,0
20210604T143542,20210709T103307,34.8315,68,A3,0.081456,0.155989,1
20210604T143542,20210709T103307,34.8315,69,A3,-0.017101,0.967517,0
20210604T143542,20210709T103307,34.8315,70,A3,-0.319373,0.472129,0
20210604T143542,20210709T103307,34.8315,71,A3,-0.037185,0.043838,0
20210604T143542,20210709T103307,34.8315,72,A3,-0.071644,0.634616,0
20210604T143542,20210709T103307,34.8315,73,A3,0.060862,0.107884,1
20210604T143542,20210709T103307,34.8315,74,A3,0.026338,0.363417,0
20210604T143542,20210709T103307,34.8315,75,A3,-0.030317,0.142280,1
20210604T143542,20210709T103307,34.8315,76,A3,-0.246326,0.025479,1
20210604T143542,20210709T103307,34.8315,77,A3,0.149042,1.002862,0
20210604T143542,20210709T103307,34.8315,78,A3,0.213804,0.004053,1
20210604T143542,20210709T103307,34.8315,79,A3,0.302390,0.508067,0
20210604T143542,20210709T103307,34.8315,80,A3,0.121455,0.099930,1
20210604T143542,20210709T103307,34.8315,81,A3,0.185225,0.573433,0
20210604T143542,20210709T103307,34.8315,82,A3,-0.046599,0.163393,0
20210604T143542,20210709T103307,34.8315,83,A3,0.036080,0.205825,0
20210604T143542,20210709T103307,34.8315,84,A3,0.342649,0.083569,1
20210604T143542,20210709T103307,34.8315,85,A3,-0.022474,0.778254,1
20210604T143542,20210709T103307,34.8315,86,A3,0.227072,0.058615,1
20210604T143542,20210709T103307,34.8315,87,A3,0.017493,0.065960,1
20210604T143542,20210709T103307,34.8315,88,A3,-0.392109,0.038207,1
20210604T143542,20210709T103307,34.8315,89,A3,0.014669,0.758002,1
20210604T143542,20210709T103307,34.8315,90,A3,-0.035073,0.003170,1
20210604T143542,20210709T103307,34.8315,91,A3,0.078129,0.054668,0
20210604T143542,20210709T103307,34.8315,92,A3,-0.221973,0.623617,1
20210604T143542,20210709T103307,34.8315,93,A3,0.071631,0.051854,1
20210604T143542,20210709T103307,34.8315,94,A3,0.012470,0.038850,1
20210604T143542,20210709T103307,34.8315,95,A3,0.100284,0.001712,1
20210604T143542,20210709T103307,34.8315,96,A3,-0.208812,0.229280,1
20210604T143542,20210709T103307,34.8315,97,A4,-0.082203,0.972886,1
20210604T143542,20210709T103307,34.8315,98,A4,-0.175072,1.056579,0
20210604T143542,20210709T103307,34.8315,99,A4,0.089632,1.078268,0
20210604T143542,20210709T103307,34.8315,100,A4,0.087395,0.274434,1
20210604T143542,20210709T103307,34.8315,101,A4,0.012521,0.106855,1
20210604T143542,20210709T103307,34.8315,102,A4,0.153360,0.331794,1
20210604T143542,20210709T103307,34.8315,103,A4,0.101674,0.845621,0
20210604T143542,20210709T103307,34.8315,104,A4,0.319800,0.591152,0
20210604T143542,20210709T103307,34.8315,105,A4,0.165555,0.928116,0
20210604T143542,20210709T103307,34.8315,106,A4,-0.468130,0.865716,1
20210604T143542,20210709T103307,34.8315,107,A4,0.365031,0.347186,1
20210604T143542,20210709T103307,34.8315,108,A4,-0.221536,0.290680,1
20210604T143542,20210709T103307,34.8315,109,A4,0.067050,0.686200,1
20210604T143542,20210709T103307,34.8315,110,A4,0.113407,0.963477,1
20210604T143542,20210709T103307,34.8315,111,A4,-0.196359,0.284717,0
20210604T143542,20210709T103307,34.8315,112,A4,0.293506,0.368871,1
20210604T143542,20210709T103307,34.8315,113,A4,0.087885,0.171897,0
20210604T143542,20210709T103307,34.8315,114,A4,-0.053540,0.720120,1
20210604T143542,20210709T103307,34.8315,115,A4,-0.371769,0.409014,0
20210604T143542,20210709T103307,34.8315,116,A4,0.000397,0.940932,0
20210604T143542,20210709T103307,34.8315,117,A4,-0.465709,0.882487,1
20210604T143542,20210709T103307,34.8315,118,A4,-0.147979,0.596117,1
20210604T143542,20210709T103307,34.8315,119,A4,0.001118,0.000000,1
20210604T143542,20210709T103307,34.8315,120,A4,0.047733,0.179187,1
20210604T143542,20210709T103307,34.8315,121,A4,0.115778,0.605659,1
20210604T143542,20210709T103307,34.8315,122,A4,-0.487669,0.866610,0
20210604T143542,20210709T103307,34.8315,123,A4,-0.079837,0.365856,1
20210604T143542,20210709T103307,34.8315,124,A4,-0.018419,0.599287,0
20210604T143542,20210709T103307,34.8315,125,A4,0.090101,0.581460,0
20210604T143542,20210709T103307,34.8315,126,A4,-0.153230,0.831005,0
20210604T143542,20210709T103307,34.8315,127,A4,0.299292,0.177812,1
20210604T143542,20210709T103307,34.8315,128,A4,0.075857,0.352227,1
20210604T143542,20210709T103307,34.8315,129,A5,-0.233808,0.003239,1
20210604T143542,20210709T103307,34.8315,130,A5,-0.128328,0.089754,1
20210604T143542,20210709T103307,34.8315,131,A5,-0.181282,0.032225,1
20210604T143542,20210709T103307,34.8315,132,A5,0.188152,0.774244,1
20210604T143542,20210709T103307,34.8315,133,A5,0.545638,0.454948,1
20210604T143542,20210709T103307,34.8315,134,A5,0.084511,0.576711,1
20210604T143542,20210709T103307,34.8315,135,A5,-0.069496,0.985538,1
20210604T143542,20210709T103307,34.8315,136,A5,-0.070625,1.269164,0
20210604T143542,20210709T103307,34.8315,137,A5,0.118964,0.809298,1
20210604T143542,20210709T103307,34.8315,138,A5,0.104335,0.852839,1
20210604T143542,20210709T103307,34.8315,139,A5,0.082750,0.091533,1
20210604T143542,20210709T103307,34.8315,140,A5,0.094474,0.052342,1
20210604T143542,20210709T103307,34.8315,141,A5,0.158596,0.984983,1
20210604T143542,20210709T103307,34.8315,142,A5,0.455197,0.027373,1
20210604T143542,20210709T103307,34.8315,143,A5,-0.107593,1.037383,0
20210604T143542,20210709T103307,34.8315,144,A5,-0.232558,0.108651,0
20210604T143542,20210709T103307,34.8315,145,A5,0.290061,0.238646,0
20210604T143542,20210709T103307,34.8315,146,A5,0.109003,0.289970,1
20210604T143542,20210709T103307,34.8315,147,A5,-0.014212,0.358041,1
20210604T143542,20210709T103307,34.8315,148,A5,-0.186713,1.177747,0
20210604T143542,20210709T103307,34.8315,149,A5,0.407318,1.364392,0
20210604T143542,20210709T103307,34.8315,150,A5,-0.395114,1.081590,0
20210604T143542,20210709T103307,34.8315,151,A5,0.075093,0.198780,0
20210604T143542,20210709T103307,34.8315,152,A5,-0.056450,0.467052,0
20210604T143542,20210709T103307,34.8315,153,A5,-0.221764,0.867145,1
20210604T143542,20210709T103307,34.8315,154,A5,0.266234,0.437079,1
20210604T143542,20210709T103307,34.8315,155,A5,0.252831,0.385026,0
20210604T143542,20210709T103307,34.8315,156,A5,-0.180317,0.446765,0
20210604T143542,20210709T103307,34.8315,157,A5,-0.200148,1.095518,0
20210604T143542,20210709T103307,34.8315,158,A5,0.284186,0.220074,1
20210604T143542,20210709T103307,34.8315,159,A5,-0.148535,0.092112,1
20210604T143542,20210709T103307,34.8315,160,A5,0.091306,0.160586,1
20210604T143542,20210715T105108,40.8441,1,A1,0.032520,0.101721,0
20210604T143542,20210715T105108,40.8441,2,A1,-0.044103,0.982434,1
20210604T143542,20210715T105108,40.8441,3,A1,0.407190,0.891048,1
20210604T143542,20210715T105108,40.8441,4,A1,-0.130271,0.394659,1
20210604T143542,20210715T105108,40.8441,5,A1,0.190104,1.354034,0
20210604T143542,20210715T105108,40.8441,6,A1,-0.086927,0.070947,0
20210604T143542,20210715T105108,40.8441,7,A1,-0.045176,1.062316,0
20210604T143542,20210715T105108,40.8441,8,A1,0.197326,0.085978,1
20210604T143542,20210715T105108,40.8441,9,A1,0.105431,0.971672,1
20210604T143542,20210715T105108,40.8441,10,A1,0.038139,0.000000,1
20210604T143542,20210715T105108,40.8441,11,A1,0.264256,0.774084,0
20210604T143542,20210715T105108,40.8441,12,A1,-0.065707,0.926477,0
20210604T143542,20210715T105108,40.8441,13,A1,0.059973,0.143494,0
20210604T143542,20210715T105108,40.8441,14,A1,-0.008203,0.366659,1
20210604T143542,20210715T105108,40.8441,15,A1,-0.014605,0.375881,1
20210604T143542,20210715T105108,40.8441,16,A1,0.158647,0.794707,1
20210604T143542,20210715T105108,40.8441,17,A1,0.156410,0.910560,1
20210604T143542,20210715T105108,40.8441,18,A1,-0.210843,0.452524,0
20210604T143542,20210715T105108,40.8441,19,A1,0.220865,0.475724,1
20210604T143542,20210715T105108,40.8441,20,A1,0.307791,0.165313,1
20210604T143542,20210715T105108,40.8441,21,A1,0.033611,0.010552,1
20210604T143542,20210715T105108,40.8441,22,A1,0.364076,0.112834,1
20210604T143542,20210715T105108,40.8441,23,A1,-0.023842,0.152294,1
20210604T143542,20210715T105108,40.8441,24,A1,0.514367,0.000000,1
20210604T143542,20210715T105108,40.8441,25,A1,0.249831,0.327580,1
20210604T143542,20210715T105108,40.8441,26,A1,-0.209250,1.313138,0
20210604T143542,20210715T105108,40.8441,27,A1,-0.256429,0.311355,1
20210604T143542,20210715T105108,40.8441,28,A1,0.115817,1.155306,0
20210604T143542,20210715T105108,40.8441,29,A1,-0.106410,0.245997,1
20210604T143542,20210715T105108,40.8441,30,A1,-0.132723,0.522355,0
20210604T143542,20210715T105108,40.8441,31,A1,0.085326,0.742239,1
20210604T143542,20210715T105108,40.8441,32,A1,0.404902,0.470929,1
20210604T143542,20210715T105108,40.8441,33,A2,0.351973,0.000000,1
20210604T143542,20210715T105108,40.8441,34,A2,0.177796,2.000000,0
20210604T143542,20210715T105108,40.8441,35,A2,-0.000383,0.244982,1
20210604T143542,20210715T105108,40.8441,36,A2,0.089733,0.022993,1
20210604T143542,20210715T105108,40.8441,37,A2,-0.185230,0.055319,1
20210604T143542,20210715T105108,40.8441,38,A2,-0.139535,0.067859,1
20210604T143542,20210715T105108,40.8441,39,A2,0.286628,0.069473,1
20210604T143542,20210715T105108,40.8441,40,A2,0.129726,0.370891,0
20210604T143542,20210715T105108,40.8441,41,A2,0.052164,0.447675,0
20210604T143542,20210715T105108,40.8441,42,A2,0.384955,0.031062,1
20210604T143542,20210715T105108,40.8441,43,A2,0.455444,0.057569,1
20210604T143542,20210715T105108,40.8441,44,A2,-0.164089,0.978928,0
20210604T143542,20210715T105108,40.8441,45,A2,0.043757,1.062643,0
20210604T143542,20210715T105108,40.8441,46,A2,-0.234422,1.004417,0
20210604T143542,20210715T105108,40.8441,47,A2,0.008348,0.874084,1
20210604T143542,20210715T105108,40.8441,48,A2,-0.080049,0.171535,0
20210604T143542,20210715T105108,40.8441,49,A2,-0.015256,0.370551,1
20210604T143542,20210715T105108,40.8441,50,A2,0.106872,1.375579,0
20210604T143542,20210715T105108,40.8441,51,A2,0.043311,0.473769,1
20210604T143542,20210715T105108,40.8441,52,A2,-0.021619,1.109706,0
20210604T143542,20210715T105108,40.8441,53,A2,0.249561,0.709904,1
20210604T143542,20210715T105108,40.8441,54,A2,0.398975,1.085847,0
20210604T143542,20210715T105108,40.8441,55,A2,-0.186851,1.088031,0
20210604T143542,20210715T105108,40.8441,56,A2,0.394919,0.116955,1
20210604T143542,20210715T105108,40.8441,57,A2,0.244772,0.198846,0
20210604T143542,20210715T105108,40.8441,58,A2,-0.098587,0.062926,1
20210604T143542,20210715T105108,40.8441,59,A2,0.276431,0.820040,1
20210604T143542,20210715T105108,40.8441,60,A2,0.003839,0.501255,1
20210604T143542,20210715T105108,40.8441,61,A2,-0.111420,1.231410,0
20210604T143542,20210715T105108,40.8441,62,A2,0.006681,0.873604,1
20210604T143542,20210715T105108,40.8441,63,A2,-0.256932,0.963338,1
20210604T143542,20210715T105108,40.8441,64,A2,0.172005,1.249007,0
20210604T143542,20210715T105108,40.8441,65,A3,-0.091071,1.608536,0
20210604T143542,20210715T105108,40.8441,66,A3,-0.132991,0.040228,0
20210604T143542,20210715T105108,40.8441,67,A3,0.106682,0.099238,0
20210604T143542,20210715T105108,40.8441,68,A3,0.033913,0.002602,1
20210604T143542,20210715T105108,40.8441,69,A3,-0.060540,0.068281,1
20210604T143542,20210715T105108,40.8441,70,A3,0.113722,0.042912,1
20210604T143542,20210715T105108,40.8441,71,A3,0.110350,0.118248,0
20210604T143542,20210715T105108,40.8441,72,A3,-0.305631,0.543237,0
20210604T143542,20210715T105108,40.8441,73,A3,-0.209647,0.297369,0
20210604T143542,20210715T105108,40.8441,74,A3,-0.119656,0.520694,0
20210604T143542,20210715T105108,40.8441,75,A3,-0.041370,0.513784,0
20210604T143542,20210715T105108,40.8441,76,A3,0.126176,0.435970,0
20210604T143542,20210715T105108,40.8441,77,A3,0.226488,0.356719,1
20210604T143542,20210715T105108,40.8441,78,A3,-0.062305,0.858125,0
20210604T143542,20210715T105108,40.8441,79,A3,0.305143,0.038448,1
20210604T143542,20210715T105108,40.8441,80,A3,-0.094987,0.046586,1
20210604T143542,20210715T105108,40.8441,81,A3,-0.288567,0.313615,0
20210604T143542,20210715T105108,40.8441,82,A3,0.020534,0.505966,0
20210604T143542,20210715T105108,40.8441,83,A3,0.142076,0.118131,1
20210604T143542,20210715T105108,40.8441,84,A3,-0.149257,1.124829,0
20210604T143542,20210715T105108,40.8441,85,A3,0.325474,0.927869,0
20210604T143542,20210715T105108,40.8441,86,A3,-0.003341,0.040729,1
20210604T143542,20210715T105108,40.8441,87,A3,0.226317,0.039071,1
20210604T143542,20210715T105108,40.8441,88,A3,0.101460,0.018967,1
20210604T143542,20210715T105108,40.8441,89,A3,0.138090,0.693145,1
20210604T143542,20210715T105108,40.8441,90,A3,0.078898,0.092677,0
20210604T143542,20210715T105108,40.8441,91,A3,-0.046246,0.015505,1
20210604T143542,20210715T105108,40.8441,92,A3,0.215709,0.045687,0
20210604T143542,20210715T105108,40.8441,93,A3,-0.069102,0.021870,0
20210604T143542,20210715T105108,40.8441,94,A3,-0.263660,0.098029,1
20210604T143542,20210715T105108,40.8441,95,A3,0.095148,0.001557,1
20210604T143542,20210715T105108,40.8441,96,A3,0.041068,0.379386,0
20210604T143542,20210715T105108,40.8441,97,A4,0.153315,1.042313,0
20210604T143542,20210715T105108,40.8441,98,A4,-0.206300,1.819118,0
20210604T143542,20210715T105108,40.8441,99,A4,0.050855,1.226992,0
20210604T143542,20210715T105108,40.8441,100,A4,0.047072,0.201633,1
20210604T143542,20210715T105108,40.8441,101,A4,0.090760,0.019138,1
20210604T143542,20210715T105108,40.8441,102,A4,-0.090711,0.644190,0
20210604T143542,20210715T105108,40.8441,103,A4,-0.000960,0.822860,0
20210604T143542,20210715T105108,40.8441,104,A4,-0.094700,0.519763,1
20210604T143542,20210715T105108,40.8441,105,A4,-0.117282,0.807908,1
20210604T143542,20210715T105108,40.8441,106,A4,-0.006375,1.037493,0
20210604T143542,20210715T105108,40.8441,107,A4,-0.181880,0.695090,0
20210604T143542,20210715T105108,40.8441,108,A4,0.085166,0.272641,1
20210604T143542,20210715T105108,40.8441,109,A4,0.153274,0.152496,1
20210604T143542,20210715T105108,40.8441,110,A4,-0.072312,1.526645,0
20210604T143542,20210715T105108,40.8441,111,A4,-0.103477,0.255878,0
20210604T143542,20210715T105108,40.8441,112,A4,-0.151016,0.450284,0
20210604T143542,20210715T105108,40.8441,113,A4,0.069861,0.990059,1
20210604T143542,20210715T105108,40.8441,114,A4,0.149626,0.798183,0
20210604T143542,20210715T105108,40.8441,115,A4,-0.011770,1.036439,0
20210604T143542,20210715T105108,40.8441,116,A4,0.027073,0.808179,1
20210604T143542,20210715T105108,40.8441,117,A4,0.206794,0.939378,1
20210604T143542,20210715T105108,40.8441,118,A4,0.040031,0.000000,1
20210604T143542,20210715T105108,40.8441,119,A4,0.061601,1.213399,0
20210604T143542,20210715T105108,40.8441,120,A4,-0.271364,0.609011,0
20210604T143542,20210715T105108,40.8441,121,A4,-0.013340,0.848023,0
20210604T143542,20210715T105108,40.8441,122,A4,0.202213,0.544704,0
20210604T143542,20210715T105108,40.8441,123,A4,0.304172,0.867073,1
20210604T143542,20210715T105108,40.8441,124,A4,-0.118552,0.275884,1
20210604T143542,20210715T105108,40.8441,125,A4,0.114970,1.338983,0
20210604T143542,20210715T105108,40.8441,126,A4,-0.555327,0.943065,0
20210604T143542,20210715T105108,40.8441,127,A4,-0.072586,1.223857,0
20210604T143542,20210715T105108,40.8441,128,A4,0.242602,0.445168,0
20210604T143542,20210715T105108,40.8441,129,A5,0.023093,0.123784,1
20210604T143542,20210715T105108,40.8441,130,A5,-0.130959,0.118974,1
20210604T143542,20210715T105108,40.8441,131,A5,0.319019,0.831878,1
20210604T143542,20210715T105108,40.8441,132,A5,0.119443,0.000000,1
20210604T143542,20210715T105108,40.8441,133,A5,0.382564,1.118165,0
20210604T143542,20210715T105108,40.8441,134,A5,0.195163,1.969581,0
20210604T143542,20210715T105108,40.8441,135,A5,0.273132,0.985538,1
20210604T143542,20210715T105108,40.8441,136,A5,-0.080815,0.506159,1
20210604T143542,20210715T105108,40.8441,137,A5,-0.059197,0.960286,1
20210604T143542,20210715T105108,40.8441,138,A5,0.370331,0.123089,1
20210604T143542,20210715T105108,40.8441,139,A5,0.154740,0.139962,0
20210604T143542,20210715T105108,40.8441,140,A5,0.021129,0.107717,0
20210604T143542,20210715T105108,40.8441,141,A5,-0.426202,1.033021,0
20210604T143542,20210715T105108,40.8441,142,A5,0.294872,0.000807,1
20210604T143542,20210715T105108,40.8441,143,A5,0.026492,0.868619,1
20210604T143542,20210715T105108,40.8441,144,A5,0.050019,0.120792,1
20210604T143542,20210715T105108,40.8441,145,A5,-0.005709,0.085910,1
20210604T143542,20210715T105108,40.8441,146,A5,0.228177,0.479516,1
20210604T143542,20210715T105108,40.8441,147,A5,-0.034825,0.166352,1
20210604T143542,20210715T105108,40.8441,148,A5,0.247216,0.991236,1
20210604T143542,20210715T105108,40.8441,149,A5,-0.204792,0.683959,1
20210604T143542,20210715T105108,40.8441,150,A5,0.125774,1.122823,0
20210604T143542,20210715T105108,40.8441,151,A5,0.357756,1.019781,0
20210604T143542,20210715T105108,40.8441,152,A5,0.224206,1.237329,0
20210604T143542,20210715T105108,40.8441,153,A5,-0.231422,0.305295,1
20210604T143542,20210715T105108,40.8441,154,A5,-0.213217,0.622797,0
20210604T143542,20210715T105108,40.8441,155,A5,0.011562,0.696036,1
20210604T143542,20210715T105108,40.8441,156,A5,-0.147971,0.419315,1
20210604T143542,20210715T105108,40.8441,157,A5,0.109412,0.995536,1
20210604T143542,20210715T105108,40.8441,158,A5,0.064123,0.099390,1
20210604T143542,20210715T105108,40.8441,159,A5,0.358575,0.235590,0
20210604T143542,20210715T105108,40.8441,160,A5,-0.155203,0.731830,0
20210604T143542,20210716T103652,41.8341,1,A1,-0.102603,0.301774,1
20210604T143542,20210716T103652,41.8341,2,A1,-0.137632,1.107569,0
20210604T143542,20210716T103652,41.8341,3,A1,-0.052827,0.453597,1
20210604T143542,20210716T103652,41.8341,4,A1,-0.056415,0.377322,1
20210604T143542,20210716T103652,41.8341,5,A1,-0.150806,0.838899,0
20210604T143542,20210716T103652,41.8341,6,A1,0.070787,0.116777,1
20210604T143542,20210716T103652,41.8341,7,A1,-0.254296,0.800973,0
20210604T143542,20210716T103652,41.8341,8,A1,-0.079020,0.262386,1
20210604T143542,20210716T103652,41.8341,9,A1,0.184597,1.843459,0
20210604T143542,20210716T103652,41.8341,10,A1,-0.041516,2.000000,0
20210604T143542,20210716T103652,41.8341,11,A1,-0.189063,0.502812,0
20210604T143542,20210716T103652,41.8341,12,A1,-0.088579,0.958380,0
20210604T143542,20210716T103652,41.8341,13,A1,0.037620,0.207607,1
20210604T143542,20210716T103652,41.8341,14,A1,-0.132671,0.929707,1
20210604T143542,20210716T103652,41.8341,15,A1,-0.420156,1.446718,0
20210604T143542,20210716T103652,41.8341,16,A1,-0.415634,1.170803,0
20210604T143542,20210716T103652,41.8341,17,A1,0.213581,0.854916,1
20210604T143542,20210716T103652,41.8341,18,A1,0.055057,0.371955,0
20210604T143542,20210716T103652,41.8341,19,A1,0.159540,1.524276,0
20210604T143542,20210716T103652,41.8341,20,A1,0.577065,0.165313,1
20210604T143542,20210716T103652,41.8341,21,A1,0.184127,0.554815,0
20210604T143542,20210716T103652,41.8341,22,A1,0.149912,0.016145,1
20210604T143542,20210716T103652,41.8341,23,A1,0.048302,0.141005,1
20210604T143542,20210716T103652,41.8341,24,A1,0.055868,0.016424,1
20210604T143542,20210716T103652,41.8341,25,A1,0.051506,0.290479,1
20210604T143542,20210716T103652,41.8341,26,A1,0.041229,0.424371,0
20210604T143542,20210716T103652,41.8341,27,A1,-0.090986,0.977159,0
20210604T143542,20210716T103652,41.8341,28,A1,0.249035,0.923103,0
20210604T143542,20210716T103652,41.8341,29,A1,0.060056,0.015052,1
20210604T143542,20210716T103652,41.8341,30,A1,0.231561,0.182259,1
20210604T143542,20210716T103652,41.8341,31,A1,-0.111828,0.497463,1
20210604T143542,20210716T103652,41.8341,32,A1,0.176505,0.416965,1
20210604T143542,20210716T103652,41.8341,33,A2,0.382358,0.000000,1
20210604T143542,20210716T103652,41.8341,34,A2,0.228972,1.965411,0
20210604T143542,20210716T103652,41.8341,35,A2,0.177968,1.112311,0
20210604T143542,20210716T103652,41.8341,36,A2,0.101514,0.105347,0
20210604T143542,20210716T103652,41.8341,37,A2,-0.026528,0.031537,1
20210604T143542,20210716T103652,41.8341,38,A2,-0.065496,0.670423,0
20210604T143542,20210716T103652,41.8341,39,A2,0.242659,0.565972,0
20210604T143542,20210716T103652,41.8341,40,A2,0.286595,0.341505,0
20210604T143542,20210716T103652,41.8341,41,A2,-0.107370,0.028718,1
20210604T143542,20210716T103652,41.8341,42,A2,0.249878,0.085060,1
20210604T143542,20210716T103652,41.8341,43,A2,0.627570,0.248640,0
20210604T143542,20210716T103652,41.8341,44,A2,-0.158991,0.410705,0
20210604T143542,20210716T103652,41.8341,45,A2,0.088135,1.087658,0
20210604T143542,20210716T103652,41.8341,46,A2,0.173483,1.646129,0
20210604T143542,20210716T103652,41.8341,47,A2,-0.168347,1.484009,0
20210604T143542,20210716T103652,41.8341,48,A2,-0.039281,0.145270,0
20210604T143542,20210716T103652,41.8341,49,A2,0.209111,0.186411,1
20210604T143542,20210716T103652,41.8341,50,A2,0.087847,1.375579,0
20210604T143542,20210716T103652,41.8341,51,A2,0.067745,0.084698,1
20210604T143542,20210716T103652,41.8341,52,A2,0.062228,0.848185,0
20210604T143542,20210716T103652,41.8341,53,A2,0.235709,0.466938,1
20210604T143542,20210716T103652,41.8341,54,A2,-0.025381,0.497565,0
20210604T143542,20210716T103652,41.8341,55,A2,0.076122,1.434238,0
20210604T143542,20210716T103652,41.8341,56,A2,-0.065213,0.126149,1
20210604T143542,20210716T103652,41.8341,57,A2,0.240391,1.182682,0
20210604T143542,20210716T103652,41.8341,58,A2,-0.171598,0.410076,1
20210604T143542,20210716T103652,41.8341,59,A2,0.400378,0.187139,0
20210604T143542,20210716T103652,41.8341,60,A2,-0.097005,0.097984,0
20210604T143542,20210716T103652,41.8341,61,A2,0.279099,0.757651,1
20210604T143542,20210716T103652,41.8341,62,A2,-0.147903,0.022790,1
20210604T143542,20210716T103652,41.8341,63,A2,0.043189,0.766510,1
20210604T143542,20210716T103652,41.8341,64,A2,-0.022754,0.602149,1
20210604T143542,20210716T103652,41.8341,65,A3,-0.309867,0.695401,0
20210604T143542,20210716T103652,41.8341,66,A3,0.035193,0.070257,0
20210604T143542,20210716T103652,41.8341,67,A3,-0.035333,0.926741,1
20210604T143542,20210716T103652,41.8341,68,A3,0.287472,0.125771,1
20210604T143542,20210716T103652,41.8341,69,A3,0.050096,0.816398,1
20210604T143542,20210716T103652,41.8341,70,A3,0.144730,0.528765,0
20210604T143542,20210716T103652,41.8341,71,A3,0.095386,0.048337,0
20210604T143542,20210716T103652,41.8341,72,A3,-0.193294,1.373144,0
20210604T143542,20210716T103652,41.8341,73,A3,-0.095885,0.185707,1
20210604T143542,20210716T103652,41.8341,74,A3,-0.071434,0.176833,1
20210604T143542,20210716T103652,41.8341,75,A3,0.018516,1.123000,0
20210604T143542,20210716T103652,41.8341,76,A3,0.032222,0.219923,1
20210604T143542,20210716T103652,41.8341,77,A3,-0.132087,1.002862,0
20210604T143542,20210716T103652,41.8341,78,A3,0.133192,0.009831,1
20210604T143542,20210716T103652,41.8341,79,A3,0.099252,1.085795,0
20210604T143542,20210716T103652,41.8341,80,A3,0.239378,0.084828,0
20210604T143542,20210716T103652,41.8341,81,A3,0.126428,0.458813,0
20210604T143542,20210716T103652,41.8341,82,A3,0.286775,0.564156,0
20210604T143542,20210716T103652,41.8341,83,A3,-0.124724,0.179695,0
20210604T143542,20210716T103652,41.8341,84,A3,-0.133700,0.121722,1
20210604T143542,20210716T103652,41.8341,85,A3,-0.064062,1.649921,0
20210604T143542,20210716T103652,41.8341,86,A3,-0.029734,0.167314,0
20210604T143542,20210716T103652,41.8341,87,A3,-0.366217,1.105059,0
20210604T143542,20210716T103652,41.8341,88,A3,-0.071319,0.273399,1
20210604T143542,20210716T103652,41.8341,89,A3,-0.085701,0.766958,1
20210604T143542,20210716T103652,41.8341,90,A3,-0.010736,0.311967,0
20210604T143542,20210716T103652,41.8341,91,A3,-0.045524,0.022517,1
20210604T143542,20210716T103652,41.8341,92,A3,0.151528,0.643945,0
20210604T143542,20210716T103652,41.8341,93,A3,0.199002,0.368396,0
20210604T143542,20210716T103652,41.8341,94,A3,-0.294283,0.575155,0
20210604T143542,20210716T103652,41.8341,95,A3,0.262305,0.184652,1
20210604T143542,20210716T103652,41.8341,96,A3,-0.021692,0.002577,1
20210604T143542,20210716T103652,41.8341,97,A4,0.284187,0.942770,1
20210604T143542,20210716T103652,41.8341,98,A4,-0.230546,2.000000,0
20210604T143542,20210716T103652,41.8341,99,A4,-0.173169,0.766140,1
20210604T143542,20210716T103652,41.8341,100,A4,-0.099349,0.367608,1
20210604T143542,20210716T103652,41.8341,101,A4,0.091132,0.131414,1
20210604T143542,20210716T103652,41.8341,102,A4,-0.022690,0.374478,1
20210604T143542,20210716T103652,41.8341,103,A4,-0.191911,0.717122,1
20210604T143542,20210716T103652,41.8341,104,A4,-0.013535,0.425640,1
20210604T143542,20210716T103652,41.8341,105,A4,0.053780,1.674610,0
20210604T143542,20210716T103652,41.8341,106,A4,-0.061091,0.843278,1
20210604T143542,20210716T103652,41.8341,107,A4,-0.214163,1.679478,0
20210604T143542,20210716T103652,41.8341,108,A4,-0.167470,0.071027,1
20210604T143542,20210716T103652,41.8341,109,A4,-0.093018,0.851285,0
20210604T143542,20210716T103652,41.8341,110,A4,0.075652,1.171877,0
20210604T143542,20210716T103652,41.8341,111,A4,-0.047945,0.086245,1
20210604T143542,20210716T103652,41.8341,112,A4,-0.256206,0.399137,1
20210604T143542,20210716T103652,41.8341,113,A4,0.110863,0.366616,0
20210604T143542,20210716T103652,41.8341,114,A4,-0.182731,0.538202,1
20210604T143542,20210716T103652,41.8341,115,A4,0.003656,0.756775,1
20210604T143542,20210716T103652,41.8341,116,A4,-0.030992,0.299795,1
20210604T143542,20210716T103652,41.8341,117,A4,-0.081533,0.952541,1
20210604T143542,20210716T103652,41.8341,118,A4,-0.082210,0.415461,1
20210604T143542,20210716T103652,41.8341,119,A4,-0.005079,1.079600,0
20210604T143542,20210716T103652,41.8341,120,A4,0.171894,0.222344,1
20210604T143542,20210716T103652,41.8341,121,A4,-0.012165,1.078471,0
20210604T143542,20210716T103652,41.8341,122,A4,0.103698,0.101132,1
20210604T143542,20210716T103652,41.8341,123,A4,-0.105502,1.163231,0
20210604T143542,20210716T103652,41.8341,124,A4,-0.421864,1.547449,0
20210604T143542,20210716T103652,41.8341,125,A4,0.139443,1.428670,0
20210604T143542,20210716T103652,41.8341,126,A4,0.075275,0.298466,1
20210604T143542,20210716T103652,41.8341,127,A4,-0.185547,0.749266,0
20210604T143542,20210716T103652,41.8341,128,A4,0.024511,0.381647,1
20210604T143542,20210716T103652,41.8341,129,A5,-0.221717,1.031870,0
20210604T143542,20210716T103652,41.8341,130,A5,-0.037943,0.481645,0
20210604T143542,20210716T103652,41.8341,131,A5,0.056106,0.831878,1
20210604T143542,20210716T103652,41.8341,132,A5,-0.068222,1.198128,0
20210604T143542,20210716T103652,41.8341,133,A5,0.173474,0.454948,1
20210604T143542,20210716T103652,41.8341,134,A5,0.446099,0.998501,0
20210604T143542,20210716T103652,41.8341,135,A5,-0.020870,0.985538,1
20210604T143542,20210716T103652,41.8341,136,A5,-0.108075,0.688667,1
20210604T143542,20210716T103652,41.8341,137,A5,-0.289416,1.400174,0
20210604T143542,20210716T103652,41.8341,138,A5,0.145966,0.107946,1
20210604T143542,20210716T103652,41.8341,139,A5,0.076348,0.095176,0
20210604T143542,20210716T103652,41.8341,140,A5,-0.022312,0.104711,1
20210604T143542,20210716T103652,41.8341,141,A5,0.253451,0.977300,1
20210604T143542,20210716T103652,41.8341,142,A5,0.116467,0.102389,0
20210604T143542,20210716T103652,41.8341,143,A5,-0.175414,1.018919,0
20210604T143542,20210716T103652,41.8341,144,A5,-0.306293,0.207517,0
20210604T143542,20210716T103652,41.8341,145,A5,0.578724,0.674160,0
20210604T143542,20210716T103652,41.8341,146,A5,0.364676,0.671394,1
20210604T143542,20210716T103652,41.8341,147,A5,0.038322,0.034101,1
20210604T143542,20210716T103652,41.8341,148,A5,-0.219448,0.740022,1
20210604T143542,20210716T103652,41.8341,149,A5,-0.005828,2.000000,0
20210604T143542,20210716T103652,41.8341,150,A5,-0.156305,0.682622,1
20210604T143542,20210716T103652,41.8341,151,A5,0.179745,0.235987,0
20210604T143542,20210716T103652,41.8341,152,A5,0.113641,0.249202,0
20210604T143542,20210716T103652,41.8341,153,A5,0.126718,0.095367,1
20210604T143542,20210716T103652,41.8341,154,A5,-0.309927,1.498855,0
20210604T143542,20210716T103652,41.8341,155,A5,0.217600,0.318924,0
20210604T143542,20210716T103652,41.8341,156,A5,0.065223,0.421849,1
20210604T143542,20210716T103652,41.8341,157,A5,-0.107353,0.494127,1
20210604T143542,20210716T103652,41.8341,158,A5,0.305955,0.704694,1
20210604T143542,20210716T103652,41.8341,159,A5,-0.008710,0.155510,1
20210604T143542,20210716T103652,41.8341,160,A5,-0.120331,0.295691,0
20210708T131736,20210709T103307,0.8858,1,A1,0.098439,0.197249,0
20210708T131736,20210709T103307,0.8858,2,A1,0.240108,0.368723,1
20210708T131736,20210709T103307,0.8858,3,A1,0.343115,1.118164,0
20210708T131736,20210709T103307,0.8858,4,A1,0.304075,0.210425,1
20210708T131736,20210709T103307,0.8858,5,A1,0.157424,1.043803,0
20210708T131736,20210709T103307,0.8858,6,A1,0.189010,0.422875,1
20210708T131736,20210709T103307,0.8858,7,A1,-0.123798,0.102060,0
20210708T131736,20210709T103307,0.8858,8,A1,0.662290,0.000000,1
20210708T131736,20210709T103307,0.8858,9,A1,0.035822,0.019580,1
20210708T131736,20210709T103307,0.8858,10,A1,-0.170260,0.054695,1
20210708T131736,20210709T103307,0.8858,11,A1,-0.134643,1.051523,0
20210708T131736,20210709T103307,0.8858,12,A1,0.437142,0.749025,1
20210708T131736,20210709T103307,0.8858,13,A1,-0.085865,0.406231,1
20210708T131736,20210709T103307,0.8858,14,A1,-0.022124,1.131689,0
20210708T131736,20210709T103307,0.8858,15,A1,0.003210,0.279278,1
20210708T131736,20210709T103307,0.8858,16,A1,0.242467,0.291222,1
20210708T131736,20210709T103307,0.8858,17,A1,0.514569,0.140012,1
20210708T131736,20210709T103307,0.8858,18,A1,-0.079531,1.905911,0
20210708T131736,20210709T103307,0.8858,19,A1,0.625049,1.437587,0
20210708T131736,20210709T103307,0.8858,20,A1,0.935076,0.150311,1
20210708T131736,20210709T103307,0.8858,21,A1,0.278536,1.098422,0
20210708T131736,20210709T103307,0.8858,22,A1,0.037599,0.000000,1
20210708T131736,20210709T103307,0.8858,23,A1,0.064288,0.072125,1
20210708T131736,20210709T103307,0.8858,24,A1,0.691679,0.000000,1
20210708T131736,20210709T103307,0.8858,25,A1,0.170184,0.236670,1
20210708T131736,20210709T103307,0.8858,26,A1,-0.111428,0.985197,1
20210708T131736,20210709T103307,0.8858,27,A1,0.187692,0.228554,1
20210708T131736,20210709T103307,0.8858,28,A1,0.839518,0.121161,1
20210708T131736,20210709T103307,0.8858,29,A1,-0.000937,0.000000,1
20210708T131736,20210709T103307,0.8858,30,A1,-0.319554,0.476445,0
20210708T131736,20210709T103307,0.8858,31,A1,0.303979,0.664763,0
20210708T131736,20210709T103307,0.8858,32,A1,0.515696,0.249786,1
20210708T131736,20210709T103307,0.8858,33,A2,0.563041,0.360840,1
20210708T131736,20210709T103307,0.8858,34,A2,-0.151429,0.045793,1
20210708T131736,20210709T103307,0.8858,35,A2,-0.407316,0.354184,0
20210708T131736,20210709T103307,0.8858,36,A2,0.341990,0.133788,0
20210708T131736,20210709T103307,0.8858,37,A2,-0.149092,0.954954,1
20210708T131736,20210709T103307,0.8858,38,A2,0.024882,0.047596,0
20210708T131736,20210709T103307,0.8858,39,A2,0.453962,0.579566,1
20210708T131736,20210709T103307,0.8858,40,A2,-0.235599,0.663185,0
20210708T131736,20210709T103307,0.8858,41,A2,0.530921,0.314412,0
20210708T131736,20210709T103307,0.8858,42,A2,0.238978,0.002642,1
20210708T131736,20210709T103307,0.8858,43,A2,0.704848,0.397824,1
20210708T131736,20210709T103307,0.8858,44,A2,-0.179017,0.059978,1
20210708T131736,20210709T103307,0.8858,45,A2,0.150094,0.865144,1
20210708T131736,20210709T103307,0.8858,46,A2,-0.114101,0.345338,0
20210708T131736,20210709T103307,0.8858,47,A2,0.355422,0.052812,1
20210708T131736,20210709T103307,0.8858,48,A2,-0.037752,0.166940,1
20210708T131736,20210709T103307,0.8858,49,A2,0.519708,0.287992,1
20210708T131736,20210709T103307,0.8858,50,A2,0.443726,0.615124,1
20210708T131736,20210709T103307,0.8858,51,A2,-0.063915,1.195960,0
20210708T131736,20210709T103307,0.8858,52,A2,0.348157,0.305325,1
20210708T131736,20210709T103307,0.8858,53,A2,0.063475,0.000000,1
20210708T131736,20210709T103307,0.8858,54,A2,0.780847,0.032445,1
20210708T131736,20210709T103307,0.8858,55,A2,0.012995,0.969621,1
20210708T131736,20210709T103307,0.8858,56,A2,0.459814,0.426511,0
20210708T131736,20210709T103307,0.8858,57,A2,0.288206,1.101076,0
20210708T131736,20210709T103307,0.8858,58,A2,0.067951,0.835156,0
20210708T131736,20210709T103307,0.8858,59,A2,0.376824,0.815502,1
20210708T131736,20210709T103307,0.8858,60,A2,-0.088547,0.091144,1
20210708T131736,20210709T103307,0.8858,61,A2,0.036767,0.956741,0
20210708T131736,20210709T103307,0.8858,62,A2,-0.102957,0.571375,1
20210708T131736,20210709T103307,0.8858,63,A2,-0.248372,0.158388,1
20210708T131736,20210709T103307,0.8858,64,A2,0.056795,0.116740,0
20210708T131736,20210709T103307,0.8858,65,A3,-0.071691,0.611710,0
20210708T131736,20210709T103307,0.8858,66,A3,-0.329358,0.618524,1
20210708T131736,20210709T103307,0.8858,67,A3,-0.143819,0.869658,1
20210708T131736,20210709T103307,0.8858,68,A3,0.184505,0.824586,1
20210708T131736,20210709T103307,0.8858,69,A3,0.126604,0.509051,1
20210708T131736,20210709T103307,0.8858,70,A3,-0.133856,0.641211,0
20210708T131736,20210709T103307,0.8858,71,A3,0.149088,0.007673,1
20210708T131736,20210709T103307,0.8858,72,A3,0.116681,0.738528,1
20210708T131736,20210709T103307,0.8858,73,A3,0.060471,0.826538,0
20210708T131736,20210709T103307,0.8858,74,A3,-0.323297,0.089888,1
20210708T131736,20210709T103307,0.8858,75,A3,0.033703,0.302854,0
20210708T131736,20210709T103307,0.8858,76,A3,0.164590,0.998278,1
20210708T131736,20210709T103307,0.8858,77,A3,0.358682,0.888826,1
20210708T131736,20210709T103307,0.8858,78,A3,0.294979,0.111681,1
20210708T131736,20210709T103307,0.8858,79,A3,-0.103172,0.345853,1
20210708T131736,20210709T103307,0.8858,80,A3,0.201247,0.301999,0
20210708T131736,20210709T103307,0.8858,81,A3,-0.297639,0.420853,1
20210708T131736,20210709T103307,0.8858,82,A3,0.343683,0.035587,1
20210708T131736,20210709T103307,0.8858,83,A3,0.406714,0.063298,1
20210708T131736,20210709T103307,0.8858,84,A3,0.375765,0.146310,1
20210708T131736,20210709T103307,0.8858,85,A3,-0.016539,0.432449,0
20210708T131736,20210709T103307,0.8858,86,A3,-0.149833,0.803918,1
20210708T131736,20210709T103307,0.8858,87,A3,-0.028279,0.019296,1
20210708T131736,20210709T103307,0.8858,88,A3,0.536606,0.298873,0
20210708T131736,20210709T103307,0.8858,89,A3,-0.093240,0.018895,0
20210708T131736,20210709T103307,0.8858,90,A3,0.011435,0.090024,1
20210708T131736,20210709T103307,0.8858,91,A3,-0.049165,0.022793,1
20210708T131736,20210709T103307,0.8858,92,A3,0.316508,0.374797,1
20210708T131736,20210709T103307,0.8858,93,A3,-0.015597,0.033404,1
20210708T131736,20210709T103307,0.8858,94,A3,0.214437,0.128280,1
20210708T131736,20210709T103307,0.8858,95,A3,0.022608,0.007916,1
20210708T131736,20210709T103307,0.8858,96,A3,-0.220137,0.023111,1
20210708T131736,20210709T103307,0.8858,97,A4,-0.268737,0.568713,1
20210708T131736,20210709T103307,0.8858,98,A4,-0.085629,0.314264,1
20210708T131736,20210709T103307,0.8858,99,A4,-0.202455,1.260606,0
20210708T131736,20210709T103307,0.8858,100,A4,0.168993,0.111938,1
20210708T131736,20210709T103307,0.8858,101,A4,0.058754,0.122391,0
20210708T131736,20210709T103307,0.8858,102,A4,0.165001,0.026385,1
20210708T131736,20210709T103307,0.8858,103,A4,0.120870,0.018243,1
20210708T131736,20210709T103307,0.8858,104,A4,-0.035146,0.017581,0
20210708T131736,20210709T103307,0.8858,105,A4,0.071415,0.178505,1
20210708T131736,20210709T103307,0.8858,106,A4,0.048384,0.107966,1
20210708T131736,20210709T103307,0.8858,107,A4,0.251483,0.271859,1
20210708T131736,20210709T103307,0.8858,108,A4,0.225630,0.046101,0
20210708T131736,20210709T103307,0.8858,109,A4,-0.396472,0.838696,1
20210708T131736,20210709T103307,0.8858,110,A4,0.032424,0.005815,1
20210708T131736,20210709T103307,0.8858,111,A4,-0.198703,0.143851,0
20210708T131736,20210709T103307,0.8858,112,A4,-0.074556,1.078620,0
20210708T131736,20210709T103307,0.8858,113,A4,0.603210,0.093383,1
20210708T131736,20210709T103307,0.8858,114,A4,-0.081069,0.062263,1
20210708T131736,20210709T103307,0.8858,115,A4,-0.342632,0.880407,0
20210708T131736,20210709T103307,0.8858,116,A4,0.021638,0.064243,1
20210708T131736,20210709T103307,0.8858,117,A4,0.319433,0.002055,1
20210708T131736,20210709T103307,0.8858,118,A4,-0.170813,0.101268,1
20210708T131736,20210709T103307,0.8858,119,A4,0.694709,0.000000,1
20210708T131736,20210709T103307,0.8858,120,A4,-0.143598,0.091609,1
20210708T131736,20210709T103307,0.8858,121,A4,0.055036,0.941908,1
20210708T131736,20210709T103307,0.8858,122,A4,-0.027700,0.516225,0
20210708T131736,20210709T103307,0.8858,123,A4,-0.099244,0.683849,0
20210708T131736,20210709T103307,0.8858,124,A4,-0.268550,0.019658,1
20210708T131736,20210709T103307,0.8858,125,A4,0.018017,0.083964,1
20210708T131736,20210709T103307,0.8858,126,A4,0.119666,0.046381,0
20210708T131736,20210709T103307,0.8858,127,A4,-0.233287,0.040718,1
20210708T131736,20210709T103307,0.8858,128,A4,0.291014,0.654063,0
20210708T131736,20210709T103307,0.8858,129,A5,0.078523,0.136612,0
20210708T131736,20210709T103307,0.8858,130,A5,-0.117946,0.055365,1
20210708T131736,20210709T103307,0.8858,131,A5,0.133777,0.175818,1
20210708T131736,20210709T103307,0.8858,132,A5,0.112142,0.037940,1
20210708T131736,20210709T103307,0.8858,133,A5,0.539291,0.000000,1
20210708T131736,20210709T103307,0.8858,134,A5,0.485608,0.029335,1
20210708T131736,20210709T103307,0.8858,135,A5,0.694007,0.000000,1
20210708T131736,20210709T103307,0.8858,136,A5,0.082507,0.122245,1
20210708T131736,20210709T103307,0.8858,137,A5,0.041233,0.264184,1
20210708T131736,20210709T103307,0.8858,138,A5,-0.263621,0.938654,1
20210708T131736,20210709T103307,0.8858,139,A5,0.147840,0.495487,0
20210708T131736,20210709T103307,0.8858,140,A5,0.258205,0.285962,0
20210708T131736,20210709T103307,0.8858,141,A5,0.028106,0.055638,0
20210708T131736,20210709T103307,0.8858,142,A5,0.795158,0.016420,1
20210708T131736,20210709T103307,0.8858,143,A5,-0.140043,0.176384,1
20210708T131736,20210709T103307,0.8858,144,A5,0.045288,0.145881,0
20210708T131736,20210709T103307,0.8858,145,A5,-0.437356,0.285486,0
20210708T131736,20210709T103307,0.8858,146,A5,-0.193543,0.990468,1
20210708T131736,20210709T103307,0.8858,147,A5,0.294900,0.537007,1
20210708T131736,20210709T103307,0.8858,148,A5,-0.173713,0.249339,0
20210708T131736,20210709T103307,0.8858,149,A5,0.325114,0.228781,1
20210708T131736,20210709T103307,0.8858,150,A5,0.156593,0.345323,0
20210708T131736,20210709T103307,0.8858,151,A5,-0.092143,0.097804,1
20210708T131736,20210709T103307,0.8858,152,A5,-0.326475,0.312599,0
20210708T131736,20210709T103307,0.8858,153,A5,-0.069128,1.094309,0
20210708T131736,20210709T103307,0.8858,154,A5,-0.238470,0.087985,1
20210708T131736,20210709T103307,0.8858,155,A5,0.099431,0.058275,1
20210708T131736,20210709T103307,0.8858,156,A5,0.050122,0.079013,0
20210708T131736,20210709T103307,0.8858,157,A5,0.412598,0.274731,1
20210708T131736,20210709T103307,0.8858,158,A5,-0.080753,0.299889,1
20210708T131736,20210709T103307,0.8858,159,A5,-0.117749,0.073299,1
20210708T131736,20210709T103307,0.8858,160,A5,0.240242,0.943094,1
20210708T131736,20210715T105108,6.8983,1,A1,0.447215,0.169686,0
20210708T131736,20210715T105108,6.8983,2,A1,0.122247,0.982434,1
20210708T131736,20210715T105108,6.8983,3,A1,0.407128,0.000000,1
20210708T131736,20210715T105108,6.8983,4,A1,0.267800,1.036101,0
20210708T131736,20210715T105108,6.8983,5,A1,0.279376,0.901984,0
20210708T131736,20210715T105108,6.8983,6,A1,-0.112711,0.119250,0
20210708T131736,20210715T105108,6.8983,7,A1,-0.059534,1.014327,0
20210708T131736,20210715T105108,6.8983,8,A1,0.199491,0.649503,1
20210708T131736,20210715T105108,6.8983,9,A1,-0.254507,0.431774,1
20210708T131736,20210715T105108,6.8983,10,A1,0.509341,1.011504,0
20210708T131736,20210715T105108,6.8983,11,A1,-0.134034,0.240480,1
20210708T131736,20210715T105108,6.8983,12,A1,0.490971,0.346357,1
20210708T131736,20210715T105108,6.8983,13,A1,0.059696,0.635650,1
20210708T131736,20210715T105108,6.8983,14,A1,-0.076076,0.765030,0
20210708T131736,20210715T105108,6.8983,15,A1,0.093743,0.791558,0
20210708T131736,20210715T105108,6.8983,16,A1,-0.031806,0.081078,1
20210708T131736,20210715T105108,6.8983,17,A1,0.196749,0.375723,1
20210708T131736,20210715T105108,6.8983,18,A1,0.152922,0.544714,1
20210708T131736,20210715T105108,6.8983,19,A1,0.426536,0.000000,1
20210708T131736,20210715T105108,6.8983,20,A1,0.798908,0.000000,1
20210708T131736,20210715T105108,6.8983,21,A1,-0.265934,0.629038,0
20210708T131736,20210715T105108,6.8983,22,A1,-0.170090,0.881733,1
20210708T131736,20210715T105108,6.8983,23,A1,-0.239524,0.286794,0
20210708T131736,20210715T105108,6.8983,24,A1,0.613799,0.000000,1
20210708T131736,20210715T105108,6.8983,25,A1,0.079139,0.879237,0
20210708T131736,20210715T105108,6.8983,26,A1,0.429789,0.000000,1
20210708T131736,20210715T105108,6.8983,27,A1,0.366495,0.295195,0
20210708T131736,20210715T105108,6.8983,28,A1,0.762431,0.275422,1
20210708T131736,20210715T105108,6.8983,29,A1,0.376243,0.469939,1
20210708T131736,20210715T105108,6.8983,30,A1,0.002834,0.111566,0
20210708T131736,20210715T105108,6.8983,31,A1,0.035085,1.312772,0
20210708T131736,20210715T105108,6.8983,32,A1,0.364096,0.000000,1
20210708T131736,20210715T105108,6.8983,33,A2,0.049969,0.000000,1
20210708T131736,20210715T105108,6.8983,34,A2,-0.041276,1.032628,0
20210708T131736,20210715T105108,6.8983,35,A2,0.069913,0.305361,0
20210708T131736,20210715T105108,6.8983,36,A2,0.160312,0.060840,1
20210708T131736,20210715T105108,6.8983,37,A2,0.252386,0.254511,1
20210708T131736,20210715T105108,6.8983,38,A2,-0.111568,0.658640,0
20210708T131736,20210715T105108,6.8983,39,A2,-0.120777,0.124975,1
20210708T131736,20210715T105108,6.8983,40,A2,-0.190986,0.170353,1
20210708T131736,20210715T105108,6.8983,41,A2,0.134796,0.104161,1
20210708T131736,20210715T105108,6.8983,42,A2,0.263495,0.121985,0
20210708T131736,20210715T105108,6.8983,43,A2,0.369339,0.330467,0
20210708T131736,20210715T105108,6.8983,44,A2,-0.054267,1.039719,0
20210708T131736,20210715T105108,6.8983,45,A2,0.118945,0.197499,0
20210708T131736,20210715T105108,6.8983,46,A2,-0.257277,0.097427,0
20210708T131736,20210715T105108,6.8983,47,A2,0.189873,0.036187,1
20210708T131736,20210715T105108,6.8983,48,A2,0.205092,0.150580,1
20210708T131736,20210715T105108,6.8983,49,A2,0.011909,0.449249,1
20210708T131736,20210715T105108,6.8983,50,A2,0.308328,0.615124,1
20210708T131736,20210715T105108,6.8983,51,A2,-0.087079,0.048771,1
20210708T131736,20210715T105108,6.8983,52,A2,0.217466,0.305325,1
20210708T131736,20210715T105108,6.8983,53,A2,-0.138117,1.815749,0
20210708T131736,20210715T105108,6.8983,54,A2,0.695694,0.006771,1
20210708T131736,20210715T105108,6.8983,55,A2,-0.058383,1.653793,0
20210708T131736,20210715T105108,6.8983,56,A2,0.488047,0.126073,0
20210708T131736,20210715T105108,6.8983,57,A2,0.157051,0.369752,0
20210708T131736,20210715T105108,6.8983,58,A2,0.048546,0.378216,0
20210708T131736,20210715T105108,6.8983,59,A2,0.170358,0.815502,1
20210708T131736,20210715T105108,6.8983,60,A2,-0.272303,0.554145,0
20210708T131736,20210715T105108,6.8983,61,A2,-0.218705,0.062922,1
20210708T131736,20210715T105108,6.8983,62,A2,0.061917,1.056107,0
20210708T131736,20210715T105108,6.8983,63,A2,0.094997,0.764286,1
20210708T131736,20210715T105108,6.8983,64,A2,0.094156,0.189389,1
20210708T131736,20210715T105108,6.8983,65,A3,-0.220506,1.062063,0
20210708T131736,20210715T105108,6.8983,66,A3,-0.006766,0.999121,0
20210708T131736,20210715T105108,6.8983,67,A3,0.083954,0.104363,1
20210708T131736,20210715T105108,6.8983,68,A3,0.253748,0.977973,1
20210708T131736,20210715T105108,6.8983,69,A3,-0.134142,1.544850,0
20210708T131736,20210715T105108,6.8983,70,A3,0.178132,0.211994,1
20210708T131736,20210715T105108,6.8983,71,A3,0.161833,0.066737,1
20210708T131736,20210715T105108,6.8983,72,A3,-0.140722,0.829907,1
20210708T131736,20210715T105108,6.8983,73,A3,0.280208,0.421285,1
20210708T131736,20210715T105108,6.8983,74,A3,0.255600,0.247165,1
20210708T131736,20210715T105108,6.8983,75,A3,-0.051892,0.353210,1
20210708T131736,20210715T105108,6.8983,76,A3,0.014891,1.408769,0
20210708T131736,20210715T105108,6.8983,77,A3,-0.064408,0.470755,0
20210708T131736,20210715T105108,6.8983,78,A3,-0.174622,0.965753,0
20210708T131736,20210715T105108,6.8983,79,A3,-0.254941,0.123766,0
20210708T131736,20210715T105108,6.8983,80,A3,-0.137415,0.155483,0
20210708T131736,20210715T105108,6.8983,81,A3,0.218031,0.161036,1
20210708T131736,20210715T105108,6.8983,82,A3,-0.105755,0.378159,1
20210708T131736,20210715T105108,6.8983,83,A3,-0.168843,0.024396,0
20210708T131736,20210715T105108,6.8983,84,A3,-0.093171,1.062089,0
20210708T131736,20210715T105108,6.8983,85,A3,-0.397619,0.282833,1
20210708T131736,20210715T105108,6.8983,86,A3,-0.071925,0.786033,1
20210708T131736,20210715T105108,6.8983,87,A3,0.130098,0.007593,1
20210708T131736,20210715T105108,6.8983,88,A3,0.011562,0.279633,0
20210708T131736,20210715T105108,6.8983,89,A3,0.261363,0.083752,0
20210708T131736,20210715T105108,6.8983,90,A3,-0.042070,0.179531,0
20210708T131736,20210715T105108,6.8983,91,A3,0.303128,0.061955,0
20210708T131736,20210715T105108,6.8983,92,A3,-0.082808,0.294507,0
20210708T131736,20210715T105108,6.8983,93,A3,-0.174623,0.040319,0
20210708T131736,20210715T105108,6.8983,94,A3,-0.330066,0.265159,1
20210708T131736,20210715T105108,6.8983,95,A3,-0.102699,0.004647,1
20210708T131736,20210715T105108,6.8983,96,A3,0.013262,0.173217,0
20210708T131736,20210715T105108,6.8983,97,A4,-0.252386,0.638140,0
20210708T131736,20210715T105108,6.8983,98,A4,-0.171625,0.448275,1
20210708T131736,20210715T105108,6.8983,99,A4,-0.061007,1.409331,0
20210708T131736,20210715T105108,6.8983,100,A4,0.152238,0.184739,1
20210708T131736,20210715T105108,6.8983,101,A4,-0.173461,0.034674,0
20210708T131736,20210715T105108,6.8983,102,A4,0.012926,0.286011,0
20210708T131736,20210715T105108,6.8983,103,A4,0.250521,0.041004,1
20210708T131736,20210715T105108,6.8983,104,A4,-0.352291,0.053808,1
20210708T131736,20210715T105108,6.8983,105,A4,0.087017,0.298713,0
20210708T131736,20210715T105108,6.8983,106,A4,-0.272414,0.063811,0
20210708T131736,20210715T105108,6.8983,107,A4,-0.150345,0.076045,0
20210708T131736,20210715T105108,6.8983,108,A4,0.084547,0.064140,0
20210708T131736,20210715T105108,6.8983,109,A4,-0.078026,0.000000,1
20210708T131736,20210715T105108,6.8983,110,A4,-0.025027,0.568983,0
20210708T131736,20210715T105108,6.8983,111,A4,0.064781,0.115012,0
20210708T131736,20210715T105108,6.8983,112,A4,-0.080429,0.997207,1
20210708T131736,20210715T105108,6.8983,113,A4,0.306265,1.255340,0
20210708T131736,20210715T105108,6.8983,114,A4,0.219946,0.140325,0
20210708T131736,20210715T105108,6.8983,115,A4,-0.301970,1.507832,0
20210708T131736,20210715T105108,6.8983,116,A4,-0.002118,0.068510,0
20210708T131736,20210715T105108,6.8983,117,A4,0.079660,0.054836,1
20210708T131736,20210715T105108,6.8983,118,A4,-0.158491,0.697385,1
20210708T131736,20210715T105108,6.8983,119,A4,-0.084052,1.213399,0
20210708T131736,20210715T105108,6.8983,120,A4,0.019741,0.338214,0
20210708T131736,20210715T105108,6.8983,121,A4,0.166260,1.184271,0
20210708T131736,20210715T105108,6.8983,122,A4,0.330890,0.194318,0
20210708T131736,20210715T105108,6.8983,123,A4,-0.012175,0.182632,0
20210708T131736,20210715T105108,6.8983,124,A4,-0.049015,0.303745,0
20210708T131736,20210715T105108,6.8983,125,A4,0.062893,0.673559,1
20210708T131736,20210715T105108,6.8983,126,A4,-0.026781,0.158440,0
20210708T131736,20210715T105108,6.8983,127,A4,0.091649,1.005327,0
20210708T131736,20210715T105108,6.8983,128,A4,0.313221,0.561121,1
20210708T131736,20210715T105108,6.8983,129,A5,-0.071867,0.257156,0
20210708T131736,20210715T105108,6.8983,130,A5,0.085735,0.026146,1
20210708T131736,20210715T105108,6.8983,131,A5,0.270611,0.975471,1
20210708T131736,20210715T105108,6.8983,132,A5,0.063815,0.812184,1
20210708T131736,20210715T105108,6.8983,133,A5,0.224001,1.573113,0
20210708T131736,20210715T105108,6.8983,134,A5,0.165342,1.422205,0
20210708T131736,20210715T105108,6.8983,135,A5,0.567155,0.000000,1
20210708T131736,20210715T105108,6.8983,136,A5,0.036178,0.885251,0
20210708T131736,20210715T105108,6.8983,137,A5,0.232959,0.415172,1
20210708T131736,20210715T105108,6.8983,138,A5,0.069082,0.037273,1
20210708T131736,20210715T105108,6.8983,139,A5,-0.024593,0.263991,1
20210708T131736,20210715T105108,6.8983,140,A5,-0.176265,0.125904,1
20210708T131736,20210715T105108,6.8983,141,A5,-0.146233,0.007600,1
20210708T131736,20210715T105108,6.8983,142,A5,-0.026790,0.042985,1
20210708T131736,20210715T105108,6.8983,143,A5,-0.040278,0.345148,0
20210708T131736,20210715T105108,6.8983,144,A5,0.130998,0.083562,1
20210708T131736,20210715T105108,6.8983,145,A5,-0.057843,0.132750,1
20210708T131736,20210715T105108,6.8983,146,A5,-0.278401,0.220983,1
20210708T131736,20210715T105108,6.8983,147,A5,0.187001,0.345319,1
20210708T131736,20210715T105108,6.8983,148,A5,-0.091009,0.062828,1
20210708T131736,20210715T105108,6.8983,149,A5,0.200774,0.451652,0
20210708T131736,20210715T105108,6.8983,150,A5,-0.120726,0.386556,0
20210708T131736,20210715T105108,6.8983,151,A5,-0.073922,0.918806,1
20210708T131736,20210715T105108,6.8983,152,A5,-0.253784,1.082876,0
20210708T131736,20210715T105108,6.8983,153,A5,-0.227225,0.532459,0
20210708T131736,20210715T105108,6.8983,154,A5,0.128171,0.273703,0
20210708T131736,20210715T105108,6.8983,155,A5,-0.183060,1.022788,0
20210708T131736,20210715T105108,6.8983,156,A5,-0.076234,0.051563,1
20210708T131736,20210715T105108,6.8983,157,A5,-0.003759,0.374713,0
20210708T131736,20210715T105108,6.8983,158,A5,-0.046960,0.019576,1
20210708T131736,20210715T105108,6.8983,159,A5,-0.173628,0.216777,0
20210708T131736,20210715T105108,6.8983,160,A5,-0.030062,1.514338,0
20210708T131736,20210716T103652,7.8884,1,A1,-0.131388,0.233809,1
20210708T131736,20210716T103652,7.8884,2,A1,0.343642,1.107569,0
20210708T131736,20210716T103652,7.8884,3,A1,0.116858,0.437451,1
20210708T131736,20210716T103652,7.8884,4,A1,-0.207604,0.264120,0
20210708T131736,20210716T103652,7.8884,5,A1,0.105566,0.386848,0
20210708T131736,20210716T103652,7.8884,6,A1,0.074841,0.068473,1
20210708T131736,20210716T103652,7.8884,7,A1,-0.342004,0.752984,0
20210708T131736,20210716T103652,7.8884,8,A1,0.138990,0.301139,1
20210708T131736,20210716T103652,7.8884,9,A1,0.170549,1.303562,0
20210708T131736,20210716T103652,7.8884,10,A1,0.038669,0.988496,1
20210708T131736,20210716T103652,7.8884,11,A1,0.156442,0.030791,1
20210708T131736,20210716T103652,7.8884,12,A1,-0.271038,0.378260,1
20210708T131736,20210716T103652,7.8884,13,A1,-0.123521,0.986751,0
20210708T131736,20210716T103652,7.8884,14,A1,-0.192550,0.201982,0
20210708T131736,20210716T103652,7.8884,15,A1,-0.405138,0.279278,1
20210708T131736,20210716T103652,7.8884,16,A1,-0.149063,0.295018,0
20210708T131736,20210716T103652,7.8884,17,A1,-0.250623,0.320078,1
20210708T131736,20210716T103652,7.8884,18,A1,0.261808,0.625282,1
20210708T131736,20210716T103652,7.8884,19,A1,0.335676,2.000000,0
20210708T131736,20210716T103652,7.8884,20,A1,0.809227,0.000000,1
20210708T131736,20210716T103652,7.8884,21,A1,0.361087,0.084775,1
20210708T131736,20210716T103652,7.8884,22,A1,0.061638,0.978422,1
20210708T131736,20210716T103652,7.8884,23,A1,0.019718,0.275505,0
20210708T131736,20210716T103652,7.8884,24,A1,0.190719,0.016424,1
20210708T131736,20210716T103652,7.8884,25,A1,0.136324,0.261177,0
20210708T131736,20210716T103652,7.8884,26,A1,-0.234318,0.888766,1
20210708T131736,20210716T103652,7.8884,27,A1,-0.023224,0.370609,1
20210708T131736,20210716T103652,7.8884,28,A1,0.473286,0.043220,1
20210708T131736,20210716T103652,7.8884,29,A1,-0.224335,0.730988,1
20210708T131736,20210716T103652,7.8884,30,A1,-0.074827,0.228529,1
20210708T131736,20210716T103652,7.8884,31,A1,-0.252459,1.067996,0
20210708T131736,20210716T103652,7.8884,32,A1,0.433744,0.053964,1
20210708T131736,20210716T103652,7.8884,33,A2,0.427628,0.000000,1
20210708T131736,20210716T103652,7.8884,34,A2,-0.046223,0.998038,0
20210708T131736,20210716T103652,7.8884,35,A2,-0.029561,0.561969,1
20210708T131736,20210716T103652,7.8884,36,A2,-0.002681,0.189180,0
20210708T131736,20210716T103652,7.8884,37,A2,-0.224043,0.278293,1
20210708T131736,20210716T103652,7.8884,38,A2,-0.305491,0.079642,1
20210708T131736,20210716T103652,7.8884,39,A2,-0.034662,0.621474,0
20210708T131736,20210716T103652,7.8884,40,A2,0.005676,0.140966,1
20210708T131736,20210716T103652,7.8884,41,A2,0.058696,0.314795,0
20210708T131736,20210716T103652,7.8884,42,A2,0.136916,0.175983,0
20210708T131736,20210716T103652,7.8884,43,A2,0.659218,0.139396,1
20210708T131736,20210716T103652,7.8884,44,A2,-0.288441,0.471496,0
20210708T131736,20210716T103652,7.8884,45,A2,0.182088,0.222514,0
20210708T131736,20210716T103652,7.8884,46,A2,-0.035621,0.739139,0
20210708T131736,20210716T103652,7.8884,47,A2,0.134639,0.573738,0
20210708T131736,20210716T103652,7.8884,48,A2,0.123533,0.176845,1
20210708T131736,20210716T103652,7.8884,49,A2,0.455952,0.633389,1
20210708T131736,20210716T103652,7.8884,50,A2,0.087010,0.615124,1
20210708T131736,20210716T103652,7.8884,51,A2,0.084540,0.509695,1
20210708T131736,20210716T103652,7.8884,52,A2,0.317284,0.043805,1
20210708T131736,20210716T103652,7.8884,53,A2,0.238687,1.572783,0
20210708T131736,20210716T103652,7.8884,54,A2,0.221645,0.595053,1
20210708T131736,20210716T103652,7.8884,55,A2,-0.000885,2.000000,0
20210708T131736,20210716T103652,7.8884,56,A2,-0.312530,0.116880,0
20210708T131736,20210716T103652,7.8884,57,A2,-0.187638,1.353589,0
20210708T131736,20210716T103652,7.8884,58,A2,0.130495,0.031066,0
20210708T131736,20210716T103652,7.8884,59,A2,0.020783,0.191678,0
20210708T131736,20210716T103652,7.8884,60,A2,-0.065891,0.045095,1
20210708T131736,20210716T103652,7.8884,61,A2,-0.126565,0.410837,0
20210708T131736,20210716T103652,7.8884,62,A2,-0.004267,0.159712,0
20210708T131736,20210716T103652,7.8884,63,A2,0.164122,0.567459,1
20210708T131736,20210716T103652,7.8884,64,A2,-0.091654,0.457468,0
20210708T131736,20210716T103652,7.8884,65,A3,0.226855,0.148928,0
20210708T131736,20210716T103652,7.8884,66,A3,0.024992,1.029150,0
20210708T131736,20210716T103652,7.8884,67,A3,0.285780,1.130342,0
20210708T131736,20210716T103652,7.8884,68,A3,-0.065341,0.854805,1
20210708T131736,20210716T103652,7.8884,69,A3,0.100208,0.660171,0
20210708T131736,20210716T103652,7.8884,70,A3,0.084020,0.697847,0
20210708T131736,20210716T103652,7.8884,71,A3,-0.024309,0.003175,1
20210708T131736,20210716T103652,7.8884,72,A3,0.229529,0.000000,1
20210708T131736,20210716T103652,7.8884,73,A3,0.086980,0.532947,0
20210708T131736,20210716T103652,7.8884,74,A3,-0.042079,0.096696,0
20210708T131736,20210716T103652,7.8884,75,A3,0.345067,0.962426,1
20210708T131736,20210716T103652,7.8884,76,A3,-0.201699,0.752876,1
20210708T131736,20210716T103652,7.8884,77,A3,0.185903,0.888826,1
20210708T131736,20210716T103652,7.8884,78,A3,-0.005673,0.097797,1
20210708T131736,20210716T103652,7.8884,79,A3,0.089681,0.923581,1
20210708T131736,20210716T103652,7.8884,80,A3,0.237794,0.117240,1
20210708T131736,20210716T103652,7.8884,81,A3,0.000689,0.306233,1
20210708T131736,20210716T103652,7.8884,82,A3,0.359897,0.436350,1
20210708T131736,20210716T103652,7.8884,83,A3,-0.281427,0.037168,1
20210708T131736,20210716T103652,7.8884,84,A3,0.172908,0.058981,1
20210708T131736,20210716T103652,7.8884,85,A3,-0.171382,0.439219,1
20210708T131736,20210716T103652,7.8884,86,A3,-0.188593,0.912617,0
20210708T131736,20210716T103652,7.8884,87,A3,0.102159,1.058396,0
20210708T131736,20210716T103652,7.8884,88,A3,0.012562,0.534064,0
20210708T131736,20210716T103652,7.8884,89,A3,-0.124655,0.009938,0
20210708T131736,20210716T103652,7.8884,90,A3,-0.226426,0.398821,0
20210708T131736,20210716T103652,7.8884,91,A3,-0.219830,0.054944,0
20210708T131736,20210716T103652,7.8884,92,A3,-0.124779,0.892765,0
20210708T131736,20210716T103652,7.8884,93,A3,-0.037074,0.386845,0
20210708T131736,20210716T103652,7.8884,94,A3,0.240741,0.408024,0
20210708T131736,20210716T103652,7.8884,95,A3,0.120491,0.178448,1
20210708T131736,20210716T103652,7.8884,96,A3,-0.088575,0.203592,1
20210708T131736,20210716T103652,7.8884,97,A4,0.123875,0.538597,1
20210708T131736,20210716T103652,7.8884,98,A4,-0.034630,0.629157,1
20210708T131736,20210716T103652,7.8884,99,A4,0.011292,0.948478,1
20210708T131736,20210716T103652,7.8884,100,A4,0.123806,0.018764,1
20210708T131736,20210716T103652,7.8884,101,A4,-0.158552,0.146950,0
20210708T131736,20210716T103652,7.8884,102,A4,0.042893,0.016298,1
20210708T131736,20210716T103652,7.8884,103,A4,-0.027362,0.146742,0
20210708T131736,20210716T103652,7.8884,104,A4,0.235048,0.999211,1
20210708T131736,20210716T103652,7.8884,105,A4,-0.158408,0.567990,1
20210708T131736,20210716T103652,7.8884,106,A4,-0.196850,0.130405,1
20210708T131736,20210716T103652,7.8884,107,A4,-0.370587,1.060433,0
20210708T131736,20210716T103652,7.8884,108,A4,-0.100845,0.265754,0
20210708T131736,20210716T103652,7.8884,109,A4,-0.163736,1.003781,0
20210708T131736,20210716T103652,7.8884,110,A4,0.222745,0.214215,0
20210708T131736,20210716T103652,7.8884,111,A4,0.220848,0.054621,1
20210708T131736,20210716T103652,7.8884,112,A4,-0.109965,1.048354,0
20210708T131736,20210716T103652,7.8884,113,A4,0.265142,0.101335,1
20210708T131736,20210716T103652,7.8884,114,A4,0.456945,0.119656,1
20210708T131736,20210716T103652,7.8884,115,A4,0.063197,0.285382,1
20210708T131736,20210716T103652,7.8884,116,A4,-0.204964,0.576894,0
20210708T131736,20210716T103652,7.8884,117,A4,-0.087629,0.067999,1
20210708T131736,20210716T103652,7.8884,118,A4,-0.374443,0.281925,1
20210708T131736,20210716T103652,7.8884,119,A4,0.052150,1.079600,0
20210708T131736,20210716T103652,7.8884,120,A4,0.090997,0.048453,1
20210708T131736,20210716T103652,7.8884,121,A4,-0.502912,1.414720,0
20210708T131736,20210716T103652,7.8884,122,A4,-0.002521,0.249253,1
20210708T131736,20210716T103652,7.8884,123,A4,-0.201240,0.113526,1
20210708T131736,20210716T103652,7.8884,124,A4,-0.458099,0.967820,1
20210708T131736,20210716T103652,7.8884,125,A4,-0.050448,0.763246,1
20210708T131736,20210716T103652,7.8884,126,A4,-0.206098,0.486159,1
20210708T131736,20210716T103652,7.8884,127,A4,-0.027679,0.530736,0
20210708T131736,20210716T103652,7.8884,128,A4,-0.111031,0.624643,0
20210708T131736,20210716T103652,7.8884,129,A5,0.110794,0.898497,1
20210708T131736,20210716T103652,7.8884,130,A5,-0.112066,0.336526,0
20210708T131736,20210716T103652,7.8884,131,A5,0.045854,0.975471,1
20210708T131736,20210716T103652,7.8884,132,A5,-0.197204,0.385944,0
20210708T131736,20210716T103652,7.8884,133,A5,0.023812,0.000000,1
20210708T131736,20210716T103652,7.8884,134,A5,0.277958,0.451125,0
20210708T131736,20210716T103652,7.8884,135,A5,0.110560,0.000000,1
20210708T131736,20210716T103652,7.8884,136,A5,0.283429,0.702743,0
20210708T131736,20210716T103652,7.8884,137,A5,0.088092,0.855060,0
20210708T131736,20210716T103652,7.8884,138,A5,-0.029505,0.022131,1
20210708T131736,20210716T103652,7.8884,139,A5,0.185171,0.308777,1
20210708T131736,20210716T103652,7.8884,140,A5,0.170937,0.338331,0
20210708T131736,20210716T103652,7.8884,141,A5,0.008436,0.063321,0
20210708T131736,20210716T103652,7.8884,142,A5,-0.158673,0.058597,0
20210708T131736,20210716T103652,7.8884,143,A5,-0.284876,0.194848,1
20210708T131736,20210716T103652,7.8884,144,A5,0.027044,0.244747,0
20210708T131736,20210716T103652,7.8884,145,A5,-0.216601,0.721001,0
20210708T131736,20210716T103652,7.8884,146,A5,0.093594,0.029104,1
20210708T131736,20210716T103652,7.8884,147,A5,0.083772,0.144866,1
20210708T131736,20210716T103652,7.8884,148,A5,-0.093746,0.188386,1
20210708T131736,20210716T103652,7.8884,149,A5,0.179109,0.864389,1
20210708T131736,20210716T103652,7.8884,150,A5,0.005713,0.053645,1
20210708T131736,20210716T103652,7.8884,151,A5,0.069889,0.135012,1
20210708T131736,20210716T103652,7.8884,152,A5,0.124369,0.094749,0
20210708T131736,20210716T103652,7.8884,153,A5,0.070162,0.131797,0
20210708T131736,20210716T103652,7.8884,154,A5,0.265762,1.149761,0
20210708T131736,20210716T103652,7.8884,155,A5,0.206228,0.007828,1
20210708T131736,20210716T103652,7.8884,156,A5,0.017768,0.054097,1
20210708T131736,20210716T103652,7.8884,157,A5,-0.065396,0.876122,0
20210708T131736,20210716T103652,7.8884,158,A5,0.079222,0.784509,1
20210708T131736,20210716T103652,7.8884,159,A5,-0.101395,0.174323,1
20210708T131736,20210716T103652,7.8884,160,A5,-0.138049,1.078198,0
20210709T103307,20210715T105108,6.0125,1,A1,-0.036262,0.027563,1
20210709T103307,20210715T105108,6.0125,2,A1,0.369866,0.613711,1
20210709T103307,20210715T105108,6.0125,3,A1,0.385422,1.118164,0
20210709T103307,20210715T105108,6.0125,4,A1,0.320670,1.246526,0
20210709T103307,20210715T105108,6.0125,5,A1,0.341190,0.141819,1
20210709T103307,20210715T105108,6.0125,6,A1,0.193109,0.542125,0
20210709T103307,20210715T105108,6.0125,7,A1,0.199870,0.912268,1
20210709T103307,20210715T105108,6.0125,8,A1,0.209954,0.649503,1
20210709T103307,20210715T105108,6.0125,9,A1,-0.092174,0.412194,1
20210709T103307,20210715T105108,6.0125,10,A1,-0.119502,1.066199,0
20210709T103307,20210715T105108,6.0125,11,A1,-0.064880,1.292003,0
20210709T103307,20210715T105108,6.0125,12,A1,0.411716,0.402668,1
20210709T103307,20210715T105108,6.0125,13,A1,-0.243560,0.229419,1
20210709T103307,20210715T105108,6.0125,14,A1,0.221290,0.366659,1
20210709T103307,20210715T105108,6.0125,15,A1,0.142744,1.070837,0
20210709T103307,20210715T105108,6.0125,16,A1,-0.173616,0.210145,1
20210709T103307,20210715T105108,6.0125,17,A1,0.141754,0.235711,1
20210709T103307,20210715T105108,6.0125,18,A1,-0.241116,1.361197,0
20210709T103307,20210715T105108,6.0125,19,A1,0.216508,1.437587,0
20210709T103307,20210715T105108,6.0125,20,A1,0.837521,0.150311,1
20210709T103307,20210715T105108,6.0125,21,A1,0.061074,0.469383,1
20210709T103307,20210715T105108,6.0125,22,A1,-0.094341,0.881733,1
20210709T103307,20210715T105108,6.0125,23,A1,-0.009690,0.214669,0
20210709T103307,20210715T105108,6.0125,24,A1,0.462088,0.000000,1
20210709T103307,20210715T105108,6.0125,25,A1,-0.109246,1.115907,0
20210709T103307,20210715T105108,6.0125,26,A1,-0.085966,0.985197,1
20210709T103307,20210715T105108,6.0125,27,A1,0.218484,0.523749,0
20210709T103307,20210715T105108,6.0125,28,A1,0.576178,0.154262,1
20210709T103307,20210715T105108,6.0125,29,A1,-0.043198,0.469939,1
20210709T103307,20210715T105108,6.0125,30,A1,-0.148579,0.364879,1
20210709T103307,20210715T105108,6.0125,31,A1,-0.013608,0.648009,1
20210709T103307,20210715T105108,6.0125,32,A1,0.482997,0.249786,1
20210709T103307,20210715T105108,6.0125,33,A2,0.370053,0.360840,1
20210709T103307,20210715T105108,6.0125,34,A2,-0.015938,1.078421,0
20210709T103307,20210715T105108,6.0125,35,A2,-0.323620,0.048823,1
20210709T103307,20210715T105108,6.0125,36,A2,0.252306,0.072948,0
20210709T103307,20210715T105108,6.0125,37,A2,0.006818,0.700442,1
20210709T103307,20210715T105108,6.0125,38,A2,0.065698,0.611044,1
20210709T103307,20210715T105108,6.0125,39,A2,-0.033276,0.704541,1
20210709T103307,20210715T105108,6.0125,40,A2,0.054768,0.833538,0
20210709T103307,20210715T105108,6.0125,41,A2,0.047411,0.418573,0
20210709T103307,20210715T105108,6.0125,42,A2,0.127915,0.119344,0
20210709T103307,20210715T105108,6.0125,43,A2,0.303161,0.728290,0
20210709T103307,20210715T105108,6.0125,44,A2,0.191342,0.979741,0
20210709T103307,20210715T105108,6.0125,45,A2,-0.129978,1.062643,0
20210709T103307,20210715T105108,6.0125,46,A2,0.318923,0.247911,1
20210709T103307,20210715T105108,6.0125,47,A2,0.081770,0.016625,1
20210709T103307,20210715T105108,6.0125,48,A2,0.080689,0.016360,1
20210709T103307,20210715T105108,6.0125,49,A2,0.159531,0.161256,1
20210709T103307,20210715T105108,6.0125,50,A2,-0.059886,0.000000,1
20210709T103307,20210715T105108,6.0125,51,A2,-0.384196,1.147188,0
20210709T103307,20210715T105108,6.0125,52,A2,0.123970,0.000000,1
20210709T103307,20210715T105108,6.0125,53,A2,0.084942,1.815749,0
20210709T103307,20210715T105108,6.0125,54,A2,0.508904,0.039216,1
20210709T103307,20210715T105108,6.0125,55,A2,0.217509,0.684172,0
20210709T103307,20210715T105108,6.0125,56,A2,0.252604,0.300438,1
20210709T103307,20210715T105108,6.0125,57,A2,0.307985,0.731323,1
20210709T103307,20210715T105108,6.0125,58,A2,-0.064629,0.456940,1
20210709T103307,20210715T105108,6.0125,59,A2,0.099916,0.000000,1
20210709T103307,20210715T105108,6.0125,60,A2,0.058184,0.645289,0
20210709T103307,20210715T105108,6.0125,61,A2,-0.267886,1.019663,0
20210709T103307,20210715T105108,6.0125,62,A2,0.037657,1.627481,0
20210709T103307,20210715T105108,6.0125,63,A2,0.029611,0.922674,1
20210709T103307,20210715T105108,6.0125,64,A2,0.101095,0.306129,0
20210709T103307,20210715T105108,6.0125,65,A3,-0.078558,0.450354,1
20210709T103307,20210715T105108,6.0125,66,A3,-0.040157,0.380597,0
20210709T103307,20210715T105108,6.0125,67,A3,0.045690,0.974020,1
20210709T103307,20210715T105108,6.0125,68,A3,0.002392,0.153387,1
20210709T103307,20210715T105108,6.0125,69,A3,-0.014298,1.035798,0
20210709T103307,20210715T105108,6.0125,70,A3,-0.007961,0.429217,0
20210709T103307,20210715T105108,6.0125,71,A3,-0.068012,0.074410,1
20210709T103307,20210715T105108,6.0125,72,A3,-0.084072,0.091379,1
20210709T103307,20210715T105108,6.0125,73,A3,0.165188,0.405253,0
20210709T103307,20210715T105108,6.0125,74,A3,0.367909,0.157277,1
20210709T103307,20210715T105108,6.0125,75,A3,0.432375,0.656064,0
20210709T103307,20210715T105108,6.0125,76,A3,-0.037522,0.410492,0
20210709T103307,20210715T105108,6.0125,77,A3,-0.150008,1.359580,0
20210709T103307,20210715T105108,6.0125,78,A3,-0.036110,0.854072,0
20210709T103307,20210715T105108,6.0125,79,A3,0.229687,0.469619,0
20210709T103307,20210715T105108,6.0125,80,A3,0.256764,0.146516,1
20210709T103307,20210715T105108,6.0125,81,A3,0.155124,0.259818,1
20210709T103307,20210715T105108,6.0125,82,A3,-0.302910,0.342573,1
20210709T103307,20210715T105108,6.0125,83,A3,-0.215201,0.087694,0
20210709T103307,20210715T105108,6.0125,84,A3,-0.289054,1.208399,0
20210709T103307,20210715T105108,6.0125,85,A3,-0.280156,0.149615,0
20210709T103307,20210715T105108,6.0125,86,A3,0.033498,0.017886,1
20210709T103307,20210715T105108,6.0125,87,A3,-0.138695,0.026890,1
20210709T103307,20210715T105108,6.0125,88,A3,-0.047041,0.019240,1
20210709T103307,20210715T105108,6.0125,89,A3,0.338790,0.064857,1
20210709T103307,20210715T105108,6.0125,90,A3,-0.038061,0.089507,0
20210709T103307,20210715T105108,6.0125,91,A3,0.024199,0.039162,0
20210709T103307,20210715T105108,6.0125,92,A3,-0.194217,0.669304,0
20210709T103307,20210715T105108,6.0125,93,A3,-0.055820,0.073724,0
20210709T103307,20210715T105108,6.0125,94,A3,-0.041102,0.136879,1
20210709T103307,20210715T105108,6.0125,95,A3,-0.060431,0.003269,1
20210709T103307,20210715T105108,6.0125,96,A3,-0.089868,0.150106,0
20210709T103307,20210715T105108,6.0125,97,A4,0.101368,0.069427,0
20210709T103307,20210715T105108,6.0125,98,A4,0.023113,0.762539,1
20210709T103307,20210715T105108,6.0125,99,A4,0.176432,0.148725,1
20210709T103307,20210715T105108,6.0125,100,A4,-0.264943,0.072801,1
20210709T103307,20210715T105108,6.0125,101,A4,0.099606,0.087718,1
20210709T103307,20210715T105108,6.0125,102,A4,-0.062427,0.312396,0
20210709T103307,20210715T105108,6.0125,103,A4,-0.060081,0.022761,1
20210709T103307,20210715T105108,6.0125,104,A4,-0.249982,0.071389,0
20210709T103307,20210715T105108,6.0125,105,A4,-0.097989,0.120208,0
20210709T103307,20210715T105108,6.0125,106,A4,0.048723,0.171777,0
20210709T103307,20210715T105108,6.0125,107,A4,0.166482,0.347904,0
20210709T103307,20210715T105108,6.0125,108,A4,-0.009604,0.018039,1
20210709T103307,20210715T105108,6.0125,109,A4,0.157506,0.838696,1
20210709T103307,20210715T105108,6.0125,110,A4,-0.285957,0.563168,0
20210709T103307,20210715T105108,6.0125,111,A4,0.188879,0.028839,1
20210709T103307,20210715T105108,6.0125,112,A4,0.196700,0.081413,0
20210709T103307,20210715T105108,6.0125,113,A4,0.159698,1.161956,0
20210709T103307,20210715T105108,6.0125,114,A4,0.085105,0.078062,0
20210709T103307,20210715T105108,6.0125,115,A4,0.045804,0.627425,1
20210709T103307,20210715T105108,6.0125,116,A4,0.346155,0.132753,0
20210709T103307,20210715T105108,6.0125,117,A4,0.125593,0.056891,1
20210709T103307,20210715T105108,6.0125,118,A4,0.402231,0.596117,1
20210709T103307,20210715T105108,6.0125,119,A4,-0.297185,1.213399,0
20210709T103307,20210715T105108,6.0125,120,A4,0.041795,0.429824,0
20210709T103307,20210715T105108,6.0125,121,A4,0.117344,0.242364,0
20210709T103307,20210715T105108,6.0125,122,A4,-0.170752,0.321907,1
20210709T103307,20210715T105108,6.0125,123,A4,-0.038590,0.501217,1
20210709T103307,20210715T105108,6.0125,124,A4,0.067385,0.323403,0
20210709T103307,20210715T105108,6.0125,125,A4,-0.137766,0.757523,1
20210709T103307,20210715T105108,6.0125,126,A4,0.193170,0.112060,1
20210709T103307,20210715T105108,6.0125,127,A4,-0.340661,1.046045,0
20210709T103307,20210715T105108,6.0125,128,A4,0.156044,0.092941,0
20210709T103307,20210715T105108,6.0125,129,A5,0.170930,0.120544,1
20210709T103307,20210715T105108,6.0125,130,A5,-0.130492,0.029219,1
20210709T103307,20210715T105108,6.0125,131,A5,0.063084,0.799653,1
20210709T103307,20210715T105108,6.0125,132,A5,0.149629,0.774244,1
20210709T103307,20210715T105108,6.0125,133,A5,0.348821,1.573113,0
20210709T103307,20210715T105108,6.0125,134,A5,0.071519,1.392870,0
20210709T103307,20210715T105108,6.0125,135,A5,0.480076,0.000000,1
20210709T103307,20210715T105108,6.0125,136,A5,0.309730,0.763005,0
20210709T103307,20210715T105108,6.0125,137,A5,-0.145365,0.150988,1
20210709T103307,20210715T105108,6.0125,138,A5,-0.000457,0.975927,1
20210709T103307,20210715T105108,6.0125,139,A5,-0.164784,0.231496,0
20210709T103307,20210715T105108,6.0125,140,A5,-0.157315,0.160059,0
20210709T103307,20210715T105108,6.0125,141,A5,0.072542,0.048038,0
20210709T103307,20210715T105108,6.0125,142,A5,0.110227,0.026566,1
20210709T103307,20210715T105108,6.0125,143,A5,0.001795,0.168764,0
20210709T103307,20210715T105108,6.0125,144,A5,0.067834,0.229443,0
20210709T103307,20210715T105108,6.0125,145,A5,-0.130928,0.152736,0
20210709T103307,20210715T105108,6.0125,146,A5,0.253619,0.769485,1
20210709T103307,20210715T105108,6.0125,147,A5,-0.030242,0.191689,1
20210709T103307,20210715T105108,6.0125,148,A5,0.068994,0.186511,0
20210709T103307,20210715T105108,6.0125,149,A5,-0.079095,0.680433,0
20210709T103307,20210715T105108,6.0125,150,A5,0.237052,0.041233,1
20210709T103307,20210715T105108,6.0125,151,A5,0.263367,0.821001,1
20210709T103307,20210715T105108,6.0125,152,A5,0.257635,0.770277,1
20210709T103307,20210715T105108,6.0125,153,A5,0.048489,0.561850,1
20210709T103307,20210715T105108,6.0125,154,A5,0.066964,0.185718,0
20210709T103307,20210715T105108,6.0125,155,A5,0.243991,1.081062,0
20210709T103307,20210715T105108,6.0125,156,A5,-0.077736,0.027450,0
20210709T103307,20210715T105108,6.0125,157,A5,0.045749,0.099981,0
20210709T103307,20210715T105108,6.0125,158,A5,0.284919,0.319464,1
20210709T103307,20210715T105108,6.0125,159,A5,0.024268,0.143478,0
20210709T103307,20210715T105108,6.0125,160,A5,0.146779,0.571244,0
20210709T103307,20210716T103652,7.0026,1,A1,0.109341,0.431058,0
20210709T103307,20210716T103652,7.0026,2,A1,-0.010395,0.738846,0
20210709T103307,20210716T103652,7.0026,3,A1,0.020010,0.680713,0
20210709T103307,20210716T103652,7.0026,4,A1,-0.204544,0.474545,0
20210709T103307,20210716T103652,7.0026,5,A1,0.280370,0.656955,1
20210709T103307,20210716T103652,7.0026,6,A1,0.185381,0.354402,1
20210709T103307,20210716T103652,7.0026,7,A1,0.077724,0.650924,1
20210709T103307,20210716T103652,7.0026,8,A1,0.175441,0.301139,1
20210709T103307,20210716T103652,7.0026,9,A1,0.101035,1.283982,0
20210709T103307,20210716T103652,7.0026,10,A1,-0.122073,0.933801,1
20210709T103307,20210716T103652,7.0026,11,A1,-0.065386,1.020731,0
20210709T103307,20210716T103652,7.0026,12,A1,-0.037009,0.370765,1
20210709T103307,20210716T103652,7.0026,13,A1,0.158719,0.580521,0
20210709T103307,20210716T103652,7.0026,14,A1,-0.074425,0.929707,1
20210709T103307,20210716T103652,7.0026,15,A1,0.077005,0.000000,1
20210709T103307,20210716T103652,7.0026,16,A1,0.033746,0.586240,0
20210709T103307,20210716T103652,7.0026,17,A1,-0.006202,0.180067,1
20210709T103307,20210716T103652,7.0026,18,A1,0.135281,1.280628,0
20210709T103307,20210716T103652,7.0026,19,A1,0.576196,0.562413,1
20210709T103307,20210716T103652,7.0026,20,A1,0.775141,0.150311,1
20210709T103307,20210716T103652,7.0026,21,A1,-0.004028,1.013647,0
20210709T103307,20210716T103652,7.0026,22,A1,0.216037,0.978422,1
20210709T103307,20210716T103652,7.0026,23,A1,-0.011292,0.203380,0
20210709T103307,20210716T103652,7.0026,24,A1,0.409991,0.016424,1
20210709T103307,20210716T103652,7.0026,25,A1,0.000268,0.497848,0
20210709T103307,20210716T103652,7.0026,26,A1,0.181992,0.096431,1
20210709T103307,20210716T103652,7.0026,27,A1,0.207392,0.142055,1
20210709T103307,20210716T103652,7.0026,28,A1,0.464266,0.077941,1
20210709T103307,20210716T103652,7.0026,29,A1,-0.303408,0.730988,1
20210709T103307,20210716T103652,7.0026,30,A1,0.129468,0.704974,0
20210709T103307,20210716T103652,7.0026,31,A1,-0.125787,0.403233,1
20210709T103307,20210716T103652,7.0026,32,A1,0.293866,0.195822,1
20210709T103307,20210716T103652,7.0026,33,A2,0.426713,0.360840,1
20210709T103307,20210716T103652,7.0026,34,A2,0.052416,1.043832,0
20210709T103307,20210716T103652,7.0026,35,A2,-0.027178,0.916153,0
20210709T103307,20210716T103652,7.0026,36,A2,0.142845,0.055393,1
20210709T103307,20210716T103652,7.0026,37,A2,0.198835,0.676660,1
20210709T103307,20210716T103652,7.0026,38,A2,0.317123,0.127239,0
20210709T103307,20210716T103652,7.0026,39,A2,-0.055448,1.201040,0
20210709T103307,20210716T103652,7.0026,40,A2,-0.119394,0.804152,0
20210709T103307,20210716T103652,7.0026,41,A2,0.131209,0.000383,1
20210709T103307,20210716T103652,7.0026,42,A2,-0.001526,0.173342,0
20210709T103307,20210716T103652,7.0026,43,A2,0.576223,0.537219,1
20210709T103307,20210716T103652,7.0026,44,A2,0.151017,0.411518,0
20210709T103307,20210716T103652,7.0026,45,A2,-0.101425,1.087658,0
20210709T103307,20210716T103652,7.0026,46,A2,-0.328153,0.393801,1
20210709T103307,20210716T103652,7.0026,47,A2,-0.019069,0.626550,0
20210709T103307,20210716T103652,7.0026,48,A2,-0.151674,0.009905,1
20210709T103307,20210716T103652,7.0026,49,A2,0.498837,0.345397,1
20210709T103307,20210716T103652,7.0026,50,A2,-0.000834,0.000000,1
20210709T103307,20210716T103652,7.0026,51,A2,-0.261044,1.705655,0
20210709T103307,20210716T103652,7.0026,52,A2,-0.037595,0.261521,1
20210709T103307,20210716T103652,7.0026,53,A2,-0.042201,1.572783,0
20210709T103307,20210716T103652,7.0026,54,A2,0.308392,0.627498,1
20210709T103307,20210716T103652,7.0026,55,A2,0.196104,1.030379,0
20210709T103307,20210716T103652,7.0026,56,A2,-0.412158,0.309632,1
20210709T103307,20210716T103652,7.0026,57,A2,0.035723,0.252513,1
20210709T103307,20210716T103652,7.0026,58,A2,0.015306,0.804090,1
20210709T103307,20210716T103652,7.0026,59,A2,0.020975,1.007179,0
20210709T103307,20210716T103652,7.0026,60,A2,0.186423,0.046050,1
20210709T103307,20210716T103652,7.0026,61,A2,-0.251995,0.545904,1
20210709T103307,20210716T103652,7.0026,62,A2,-0.176807,0.731087,0
20210709T103307,20210716T103652,7.0026,63,A2,0.175780,0.725847,1
20210709T103307,20210716T103652,7.0026,64,A2,-0.100033,0.340728,1
20210709T103307,20210716T103652,7.0026,65,A3,0.042455,0.462781,1
20210709T103307,20210716T103652,7.0026,66,A3,0.181457,0.410626,0
20210709T103307,20210716T103652,7.0026,67,A3,0.069928,2.000000,0
20210709T103307,20210716T103652,7.0026,68,A3,0.345292,0.030219,1
20210709T103307,20210716T103652,7.0026,69,A3,0.117240,0.151119,0
20210709T103307,20210716T103652,7.0026,70,A3,-0.145756,0.056636,1
20210709T103307,20210716T103652,7.0026,71,A3,0.225643,0.004498,1
20210709T103307,20210716T103652,7.0026,72,A3,0.265638,0.738528,1
20210709T103307,20210716T103652,7.0026,73,A3,0.124739,0.293591,1
20210709T103307,20210716T103652,7.0026,74,A3,-0.097840,0.186584,0
20210709T103307,20210716T103652,7.0026,75,A3,-0.002957,1.265279,0
20210709T103307,20210716T103652,7.0026,76,A3,-0.435730,0.245402,1
20210709T103307,20210716T103652,7.0026,77,A3,0.271934,0.000000,1
20210709T103307,20210716T103652,7.0026,78,A3,0.210996,0.013884,1
20210709T103307,20210716T103652,7.0026,79,A3,-0.197123,0.577728,1
20210709T103307,20210716T103652,7.0026,80,A3,0.334180,0.184758,0
20210709T103307,20210716T103652,7.0026,81,A3,-0.042377,0.114620,1
20210709T103307,20210716T103652,7.0026,82,A3,0.201912,0.400763,1
20210709T103307,20210716T103652,7.0026,83,A3,-0.270551,0.026130,1
20210709T103307,20210716T103652,7.0026,84,A3,-0.091057,0.205291,1
20210709T103307,20210716T103652,7.0026,85,A3,0.060422,0.871667,0
20210709T103307,20210716T103652,7.0026,86,A3,0.177787,0.108699,0
20210709T103307,20210716T103652,7.0026,87,A3,0.013460,1.039099,0
20210709T103307,20210716T103652,7.0026,88,A3,0.263971,0.235191,1
20210709T103307,20210716T103652,7.0026,89,A3,-0.097804,0.008956,1
20210709T103307,20210716T103652,7.0026,90,A3,0.024764,0.308797,0
20210709T103307,20210716T103652,7.0026,91,A3,-0.033484,0.032151,0
20210709T103307,20210716T103652,7.0026,92,A3,-0.045095,1.267562,0
20210709T103307,20210716T103652,7.0026,93,A3,0.190192,0.420250,0
20210709T103307,20210716T103652,7.0026,94,A3,0.364760,0.536305,0
20210709T103307,20210716T103652,7.0026,95,A3,-0.043150,0.186364,1
20210709T103307,20210716T103652,7.0026,96,A3,0.187574,0.226703,1
20210709T103307,20210716T103652,7.0026,97,A4,0.063579,0.030116,1
20210709T103307,20210716T103652,7.0026,98,A4,0.179651,0.943421,1
20210709T103307,20210716T103652,7.0026,99,A4,-0.284235,0.312128,0
20210709T103307,20210716T103652,7.0026,100,A4,0.066070,0.093174,1
20210709T103307,20210716T103652,7.0026,101,A4,0.067074,0.024559,1
20210709T103307,20210716T103652,7.0026,102,A4,-0.035342,0.042683,1
20210709T103307,20210716T103652,7.0026,103,A4,0.412767,0.128499,0
20210709T103307,20210716T103652,7.0026,104,A4,0.410901,1.016792,0
20210709T103307,20210716T103652,7.0026,105,A4,0.120119,0.746495,1
20210709T103307,20210716T103652,7.0026,106,A4,0.040294,0.022438,1
20210709T103307,20210716T103652,7.0026,107,A4,-0.018727,1.332292,0
20210709T103307,20210716T103652,7.0026,108,A4,-0.126959,0.219653,1
20210709T103307,20210716T103652,7.0026,109,A4,0.215752,0.165085,0
20210709T103307,20210716T103652,7.0026,110,A4,0.131686,0.208400,0
20210709T103307,20210716T103652,7.0026,111,A4,0.068907,0.198472,0
20210709T103307,20210716T103652,7.0026,112,A4,-0.013729,0.030266,1
20210709T103307,20210716T103652,7.0026,113,A4,-0.016525,0.194718,1
20210709T103307,20210716T103652,7.0026,114,A4,-0.211697,0.181919,1
20210709T103307,20210716T103652,7.0026,115,A4,0.241439,1.165789,0
20210709T103307,20210716T103652,7.0026,116,A4,-0.251161,0.641138,0
20210709T103307,20210716T103652,7.0026,117,A4,0.261219,0.070054,1
20210709T103307,20210716T103652,7.0026,118,A4,0.121195,0.180656,1
20210709T103307,20210716T103652,7.0026,119,A4,0.043482,1.079600,0
20210709T103307,20210716T103652,7.0026,120,A4,-0.149849,0.043156,1
20210709T103307,20210716T103652,7.0026,121,A4,0.324273,0.472812,0
20210709T103307,20210716T103652,7.0026,122,A4,0.183582,0.765478,0
20210709T103307,20210716T103652,7.0026,123,A4,0.014280,0.797375,0
20210709T103307,20210716T103652,7.0026,124,A4,-0.001923,0.948161,1
20210709T103307,20210716T103652,7.0026,125,A4,0.160144,0.847210,1
20210709T103307,20210716T103652,7.0026,126,A4,0.008522,0.532540,0
20210709T103307,20210716T103652,7.0026,127,A4,-0.075656,0.571454,0
20210709T103307,20210716T103652,7.0026,128,A4,0.096957,0.029420,1
20210709T103307,20210716T103652,7.0026,129,A5,0.250299,1.035109,0
20210709T103307,20210716T103652,7.0026,130,A5,-0.022925,0.391891,0
20210709T103307,20210716T103652,7.0026,131,A5,0.066670,0.799653,1
20210709T103307,20210716T103652,7.0026,132,A5,-0.094850,0.423884,0
20210709T103307,20210716T103652,7.0026,133,A5,0.292600,0.000000,1
20210709T103307,20210716T103652,7.0026,134,A5,-0.068863,0.421790,0
20210709T103307,20210716T103652,7.0026,135,A5,0.069697,0.000000,1
20210709T103307,20210716T103652,7.0026,136,A5,0.121986,0.580498,0
20210709T103307,20210716T103652,7.0026,137,A5,-0.200143,0.590876,0
20210709T103307,20210716T103652,7.0026,138,A5,-0.071058,0.960785,1
20210709T103307,20210716T103652,7.0026,139,A5,-0.063508,0.186710,0
20210709T103307,20210716T103652,7.0026,140,A5,0.118908,0.052369,1
20210709T103307,20210716T103652,7.0026,141,A5,-0.302510,0.007682,1
20210709T103307,20210716T103652,7.0026,142,A5,0.075213,0.075017,0
20210709T103307,20210716T103652,7.0026,143,A5,0.106441,0.018464,1
20210709T103307,20210716T103652,7.0026,144,A5,0.033496,0.098866,1
20210709T103307,20210716T103652,7.0026,145,A5,0.603072,0.435514,1
20210709T103307,20210716T103652,7.0026,146,A5,0.109440,0.961364,1
20210709T103307,20210716T103652,7.0026,147,A5,-0.103593,0.392141,1
20210709T103307,20210716T103652,7.0026,148,A5,0.286683,0.437725,0
20210709T103307,20210716T103652,7.0026,149,A5,0.158703,0.635608,1
20210709T103307,20210716T103652,7.0026,150,A5,0.307675,0.398968,0
20210709T103307,20210716T103652,7.0026,151,A5,0.273866,0.037207,1
20210709T103307,20210716T103652,7.0026,152,A5,0.362157,0.217850,1
20210709T103307,20210716T103652,7.0026,153,A5,0.099495,0.962512,1
20210709T103307,20210716T103652,7.0026,154,A5,-0.245566,1.061776,0
20210709T103307,20210716T103652,7.0026,155,A5,0.329033,0.066103,1
20210709T103307,20210716T103652,7.0026,156,A5,0.244096,0.024916,0
20210709T103307,20210716T103652,7.0026,157,A5,-0.148953,0.601391,0
20210709T103307,20210716T103652,7.0026,158,A5,-0.127819,0.484620,1
20210709T103307,20210716T103652,7.0026,159,A5,0.298335,0.247622,1
20210709T103307,20210716T103652,7.0026,160,A5,-0.152098,0.135105,0
20210715T105108,20210716T103652,0.9901,1,A1,0.067241,0.403495,0
20210715T105108,20210716T103652,0.9901,2,A1,0.041190,0.125135,0
20210715T105108,20210716T103652,0.9901,3,A1,0.027734,0.437451,1
20210715T105108,20210716T103652,0.9901,4,A1,-0.199663,0.771981,1
20210715T105108,20210716T103652,0.9901,5,A1,-0.080703,0.515135,1
20210715T105108,20210716T103652,0.9901,6,A1,-0.129815,0.187723,0
20210715T105108,20210716T103652,0.9901,7,A1,0.412583,0.261344,1
20210715T105108,20210716T103652,0.9901,8,A1,0.227589,0.348364,1
20210715T105108,20210716T103652,0.9901,9,A1,-0.046481,0.871787,0
20210715T105108,20210716T103652,0.9901,10,A1,0.142161,2.000000,0
20210715T105108,20210716T103652,0.9901,11,A1,-0.032608,0.271272,1
20210715T105108,20210716T103652,0.9901,12,A1,0.108063,0.031903,1
20210715T105108,20210716T103652,0.9901,13,A1,-0.106228,0.351102,0
20210715T105108,20210716T103652,0.9901,14,A1,0.332192,0.563048,1
20210715T105108,20210716T103652,0.9901,15,A1,0.189704,1.070837,0
20210715T105108,20210716T103652,0.9901,16,A1,-0.329441,0.376095,0
20210715T105108,20210716T103652,0.9901,17,A1,-0.257833,0.055645,1
20210715T105108,20210716T103652,0.9901,18,A1,0.310640,0.080569,1
20210715T105108,20210716T103652,0.9901,19,A1,0.288957,2.000000,0
20210715T105108,20210716T103652,0.9901,20,A1,0.619378,0.000000,1
20210715T105108,20210716T103652,0.9901,21,A1,-0.039308,0.544263,0
20210715T105108,20210716T103652,0.9901,22,A1,0.093484,0.096689,1
20210715T105108,20210716T103652,0.9901,23,A1,0.232062,0.011289,1
20210715T105108,20210716T103652,0.9901,24,A1,-0.116175,0.016424,1
20210715T105108,20210716T103652,0.9901,25,A1,-0.043781,0.618059,1
20210715T105108,20210716T103652,0.9901,26,A1,-0.004937,0.888766,1
20210715T105108,20210716T103652,0.9901,27,A1,0.081136,0.665805,0
20210715T105108,20210716T103652,0.9901,28,A1,0.451939,0.232202,1
20210715T105108,20210716T103652,0.9901,29,A1,0.045676,0.261048,1
20210715T105108,20210716T103652,0.9901,30,A1,-0.194003,0.340095,0
20210715T105108,20210716T103652,0.9901,31,A1,0.118671,0.244776,1
20210715T105108,20210716T103652,0.9901,32,A1,0.170207,0.053964,1
20210715T105108,20210716T103652,0.9901,33,A2,0.092607,0.000000,1
20210715T105108,20210716T103652,0.9901,34,A2,0.190472,0.034589,1
20210715T105108,20210716T103652,0.9901,35,A2,-0.135333,0.867330,0
20210715T105108,20210716T103652,0.9901,36,A2,-0.014370,0.128341,0
20210715T105108,20210716T103652,0.9901,37,A2,0.059985,0.023782,1
20210715T105108,20210716T103652,0.9901,38,A2,-0.075592,0.738282,0
20210715T105108,20210716T103652,0.9901,39,A2,0.013333,0.496498,0
20210715T105108,20210716T103652,0.9901,40,A2,0.034232,0.029386,1
20210715T105108,20210716T103652,0.9901,41,A2,0.044068,0.418956,0
20210715T105108,20210716T103652,0.9901,42,A2,0.148723,0.053998,1
20210715T105108,20210716T103652,0.9901,43,A2,0.561827,0.191071,0
20210715T105108,20210716T103652,0.9901,44,A2,0.189970,0.568223,1
20210715T105108,20210716T103652,0.9901,45,A2,-0.059081,0.025016,1
20210715T105108,20210716T103652,0.9901,46,A2,-0.046659,0.641712,1
20210715T105108,20210716T103652,0.9901,47,A2,0.034601,0.609925,0
20210715T105108,20210716T103652,0.9901,48,A2,0.208122,0.026265,1
20210715T105108,20210716T103652,0.9901,49,A2,0.168721,0.184140,1
20210715T105108,20210716T103652,0.9901,50,A2,-0.038520,0.000000,1
20210715T105108,20210716T103652,0.9901,51,A2,0.016340,0.558467,1
20210715T105108,20210716T103652,0.9901,52,A2,0.146145,0.261521,1
20210715T105108,20210716T103652,0.9901,53,A2,0.246151,0.242966,1
20210715T105108,20210716T103652,0.9901,54,A2,0.098147,0.588282,1
20210715T105108,20210716T103652,0.9901,55,A2,0.176915,0.346207,1
20210715T105108,20210716T103652,0.9901,56,A2,-0.116087,0.009193,1
20210715T105108,20210716T103652,0.9901,57,A2,0.050121,0.983836,1
20210715T105108,20210716T103652,0.9901,58,A2,-0.060416,0.347150,1
20210715T105108,20210716T103652,0.9901,59,A2,0.045363,1.007179,0
20210715T105108,20210716T103652,0.9901,60,A2,0.053546,0.599239,0
20210715T105108,20210716T103652,0.9901,61,A2,0.095397,0.473759,0
20210715T105108,20210716T103652,0.9901,62,A2,0.310303,0.896394,1
20210715T105108,20210716T103652,0.9901,63,A2,0.090807,0.196827,1
20210715T105108,20210716T103652,0.9901,64,A2,-0.095133,0.646858,0
20210715T105108,20210716T103652,0.9901,65,A3,-0.095467,0.913135,1
20210715T105108,20210716T103652,0.9901,66,A3,0.228633,0.030029,1
20210715T105108,20210716T103652,0.9901,67,A3,0.055647,1.025980,0
20210715T105108,20210716T103652,0.9901,68,A3,-0.021410,0.123168,1
20210715T105108,20210716T103652,0.9901,69,A3,-0.174692,0.884679,1
20210715T105108,20210716T103652,0.9901,70,A3,-0.226762,0.485853,0
20210715T105108,20210716T103652,0.9901,71,A3,0.086204,0.069912,1
20210715T105108,20210716T103652,0.9901,72,A3,-0.167405,0.829907,1
20210715T105108,20210716T103652,0.9901,73,A3,0.137679,0.111662,0
20210715T105108,20210716T103652,0.9901,74,A3,-0.021223,0.343861,0
20210715T105108,20210716T103652,0.9901,75,A3,0.133085,0.609216,1
20210715T105108,20210716T103652,0.9901,76,A3,0.290525,0.655894,0
20210715T105108,20210716T103652,0.9901,77,A3,-0.243679,1.359580,0
20210715T105108,20210716T103652,0.9901,78,A3,0.128794,0.867956,0
20210715T105108,20210716T103652,0.9901,79,A3,-0.081687,1.047346,0
20210715T105108,20210716T103652,0.9901,80,A3,0.059535,0.038242,0
20210715T105108,20210716T103652,0.9901,81,A3,0.260097,0.145198,1
20210715T105108,20210716T103652,0.9901,82,A3,0.040480,0.058190,1
20210715T105108,20210716T103652,0.9901,83,A3,0.068288,0.061564,0
20210715T105108,20210716T103652,0.9901,84,A3,0.160438,1.003108,0
20210715T105108,20210716T103652,0.9901,85,A3,0.184955,0.722052,1
20210715T105108,20210716T103652,0.9901,86,A3,0.065849,0.126585,0
20210715T105108,20210716T103652,0.9901,87,A3,-0.374780,1.065989,0
20210715T105108,20210716T103652,0.9901,88,A3,-0.113454,0.254431,1
20210715T105108,20210716T103652,0.9901,89,A3,-0.062559,0.073814,1
20210715T105108,20210716T103652,0.9901,90,A3,0.044455,0.219290,1
20210715T105108,20210716T103652,0.9901,91,A3,-0.093987,0.007011,1
20210715T105108,20210716T103652,0.9901,92,A3,0.382927,0.598258,1
20210715T105108,20210716T103652,0.9901,93,A3,-0.318237,0.346526,1
20210715T105108,20210716T103652,0.9901,94,A3,0.120768,0.673183,0
20210715T105108,20210716T103652,0.9901,95,A3,0.169611,0.183095,1
20210715T105108,20210716T103652,0.9901,96,A3,-0.133792,0.376809,0
20210715T105108,20210716T103652,0.9901,97,A4,0.319943,0.099543,0
20210715T105108,20210716T103652,0.9901,98,A4,-0.002424,0.180882,1
20210715T105108,20210716T103652,0.9901,99,A4,-0.356198,0.460853,0
20210715T105108,20210716T103652,0.9901,100,A4,0.173150,0.165975,1
20210715T105108,20210716T103652,0.9901,101,A4,0.210224,0.112276,1
20210715T105108,20210716T103652,0.9901,102,A4,0.018485,0.269713,0
20210715T105108,20210716T103652,0.9901,103,A4,-0.103209,0.105738,0
20210715T105108,20210716T103652,0.9901,104,A4,-0.251003,0.945403,1
20210715T105108,20210716T103652,0.9901,105,A4,0.250514,0.866703,0
20210715T105108,20210716T103652,0.9901,106,A4,0.345525,0.194215,0
20210715T105108,20210716T103652,0.9901,107,A4,0.209132,0.984388,1
20210715T105108,20210716T103652,0.9901,108,A4,0.094285,0.201614,1
20210715T105108,20210716T103652,0.9901,109,A4,0.115928,1.003781,0
20210715T105108,20210716T103652,0.9901,110,A4,-0.008693,0.354768,1
20210715T105108,20210716T103652,0.9901,111,A4,0.040531,0.169633,0
20210715T105108,20210716T103652,0.9901,112,A4,0.282657,0.051147,0
20210715T105108,20210716T103652,0.9901,113,A4,0.205930,1.356675,0
20210715T105108,20210716T103652,0.9901,114,A4,0.038289,0.259981,0
20210715T105108,20210716T103652,0.9901,115,A4,0.049391,1.793214,0
20210715T105108,20210716T103652,0.9901,116,A4,-0.168542,0.508384,1
20210715T105108,20210716T103652,0.9901,117,A4,0.173530,0.013163,1
20210715T105108,20210716T103652,0.9901,118,A4,0.007828,0.415461,1
20210715T105108,20210716T103652,0.9901,119,A4,0.014169,0.133800,1
20210715T105108,20210716T103652,0.9901,120,A4,0.033937,0.386668,0
20210715T105108,20210716T103652,0.9901,121,A4,-0.026036,0.230449,1
20210715T105108,20210716T103652,0.9901,122,A4,-0.351158,0.443572,0
20210715T105108,20210716T103652,0.9901,123,A4,0.298579,0.296158,0
20210715T105108,20210716T103652,0.9901,124,A4,0.231763,1.271565,0
20210715T105108,20210716T103652,0.9901,125,A4,0.220774,0.089687,1
20210715T105108,20210716T103652,0.9901,126,A4,0.254926,0.644599,0
20210715T105108,20210716T103652,0.9901,127,A4,0.130400,0.474591,1
20210715T105108,20210716T103652,0.9901,128,A4,-0.268680,0.063521,0
20210715T105108,20210716T103652,0.9901,129,A5,-0.088117,1.155653,0
20210715T105108,20210716T103652,0.9901,130,A5,-0.187280,0.362672,0
20210715T105108,20210716T103652,0.9901,131,A5,0.086965,0.000000,1
20210715T105108,20210716T103652,0.9901,132,A5,-0.164480,1.198128,0
20210715T105108,20210716T103652,0.9901,133,A5,0.209327,1.573113,0
20210715T105108,20210716T103652,0.9901,134,A5,0.092771,0.971080,1
20210715T105108,20210716T103652,0.9901,135,A5,-0.127879,0.000000,1
20210715T105108,20210716T103652,0.9901,136,A5,0.322807,0.182508,1
20210715T105108,20210716T103652,0.9901,137,A5,-0.140696,0.439888,0
20210715T105108,20210716T103652,0.9901,138,A5,-0.072668,0.015142,1
20210715T105108,20210716T103652,0.9901,139,A5,0.283751,0.044786,1
20210715T105108,20210716T103652,0.9901,140,A5,0.171228,0.212428,0
20210715T105108,20210716T103652,0.9901,141,A5,-0.435786,0.055720,0
20210715T105108,20210716T103652,0.9901,142,A5,0.241687,0.101582,0
20210715T105108,20210716T103652,0.9901,143,A5,-0.030983,0.150300,0
20210715T105108,20210716T103652,0.9901,144,A5,-0.090438,0.328308,0
20210715T105108,20210716T103652,0.9901,145,A5,-0.324500,0.588251,0
20210715T105108,20210716T103652,0.9901,146,A5,-0.096721,0.191879,1
20210715T105108,20210716T103652,0.9901,147,A5,0.295097,0.200453,1
20210715T105108,20210716T103652,0.9901,148,A5,0.031608,0.251214,1
20210715T105108,20210716T103652,0.9901,149,A5,-0.086039,1.316041,0
20210715T105108,20210716T103652,0.9901,150,A5,0.273417,0.440200,0
20210715T105108,20210716T103652,0.9901,151,A5,0.117730,0.783794,1
20210715T105108,20210716T103652,0.9901,152,A5,0.102856,0.988128,1
20210715T105108,20210716T103652,0.9901,153,A5,-0.113702,0.400662,1
20210715T105108,20210716T103652,0.9901,154,A5,0.322443,0.876058,1
20210715T105108,20210716T103652,0.9901,155,A5,-0.064457,1.014960,0
20210715T105108,20210716T103652,0.9901,156,A5,-0.219772,0.002534,1
20210715T105108,20210716T103652,0.9901,157,A5,0.225088,0.501410,1
20210715T105108,20210716T103652,0.9901,158,A5,-0.054734,0.804085,1
20210715T105108,20210716T103652,0.9901,159,A5,0.166925,0.391101,0
20210715T105108,20210716T103652,0.9901,160,A5,-0.070965,0.436139,1
