session_i,session_j,gap_days,channel,array_name,waveform_r,abs_delta_si,sign_match
20210204T131620,20210205T151709,1.0839,1,A1,-0.012446,0.176441,0
20210204T131620,20210205T151709,1.0839,2,A1,-0.046099,0.776415,1
20210204T131620,20210205T151709,1.0839,3,A1,0.230979,0.546665,0
20210204T131620,20210205T151709,1.0839,4,A1,0.128175,0.327852,0
20210204T131620,20210205T151709,1.0839,5,A1,0.100501,1.379612,0
20210204T131620,20210205T151709,1.0839,6,A1,-0.150124,0.166733,1
20210204T131620,20210205T151709,1.0839,7,A1,-0.040395,0.438572,1
20210204T131620,20210205T151709,1.0839,8,A1,0.180730,0.241736,0
20210204T131620,20210205T151709,1.0839,9,A1,-0.178425,0.957958,1
20210204T131620,20210205T151709,1.0839,10,A1,0.313825,0.036790,1
20210204T131620,20210205T151709,1.0839,11,A1,0.146559,0.943044,1
20210204T131620,20210205T151709,1.0839,12,A1,-0.134729,0.541449,1
20210204T131620,20210205T151709,1.0839,13,A1,-0.041205,1.534490,0
20210204T131620,20210205T151709,1.0839,14,A1,-0.112320,0.848540,1
20210204T131620,20210205T151709,1.0839,15,A1,-0.027618,1.234567,0
20210204T131620,20210205T151709,1.0839,16,A1,0.109763,0.179234,0
20210204T131620,20210205T151709,1.0839,17,A1,0.181772,0.645574,1
20210204T131620,20210205T151709,1.0839,20,A1,0.479149,0.052280,1
20210204T131620,20210205T151709,1.0839,21,A1,0.054341,0.418919,1
20210204T131620,20210205T151709,1.0839,24,A1,0.249781,0.352596,1
20210204T131620,20210205T151709,1.0839,26,A1,0.646027,0.000000,1
20210204T131620,20210205T151709,1.0839,27,A1,-0.006347,0.561250,1
20210204T131620,20210205T151709,1.0839,28,A1,0.566800,0.002219,1
20210204T131620,20210205T151709,1.0839,29,A1,0.039599,0.000000,1
20210204T131620,20210205T151709,1.0839,31,A1,-0.039341,0.192222,1
20210204T131620,20210205T151709,1.0839,32,A1,-0.076746,0.413215,0
20210204T131620,20210205T151709,1.0839,35,A2,0.227209,0.230806,0
20210204T131620,20210205T151709,1.0839,37,A2,0.260764,0.225513,1
20210204T131620,20210205T151709,1.0839,41,A2,-0.278477,0.406153,0
20210204T131620,20210205T151709,1.0839,53,A2,-0.492405,0.899377,0
20210204T131620,20210205T151709,1.0839,55,A2,0.370673,0.637371,1
20210204T131620,20210205T151709,1.0839,57,A2,0.075277,0.094786,0
20210204T131620,20210205T151709,1.0839,59,A2,-0.017243,0.374230,1
20210204T131620,20210205T151709,1.0839,62,A2,0.125143,0.049582,1
20210204T131620,20210205T151709,1.0839,64,A2,-0.102278,0.551873,0
20210204T131620,20210205T151709,1.0839,65,A3,0.052752,0.647033,1
20210204T131620,20210205T151709,1.0839,66,A3,0.782955,0.087007,1
20210204T131620,20210205T151709,1.0839,67,A3,0.091084,0.542481,1
20210204T131620,20210205T151709,1.0839,69,A3,0.512534,0.724401,1
20210204T131620,20210205T151709,1.0839,71,A3,0.685748,0.032350,1
20210204T131620,20210205T151709,1.0839,73,A3,0.154866,1.529180,0
20210204T131620,20210205T151709,1.0839,77,A3,0.351198,0.952460,1
20210204T131620,20210205T151709,1.0839,89,A3,0.493811,0.061124,1
20210204T131620,20210205T151709,1.0839,93,A3,0.300227,0.489195,1
20210204T131620,20210205T151709,1.0839,95,A3,0.348280,1.897032,0
20210204T131620,20210205T151709,1.0839,97,A4,0.089080,0.464903,1
20210204T131620,20210205T151709,1.0839,98,A4,-0.018082,0.897063,1
20210204T131620,20210205T151709,1.0839,99,A4,-0.009313,0.178705,1
20210204T131620,20210205T151709,1.0839,100,A4,0.266438,0.500353,1
20210204T131620,20210205T151709,1.0839,101,A4,0.347087,0.389730,1
20210204T131620,20210205T151709,1.0839,102,A4,0.324065,1.313208,0
20210204T131620,20210205T151709,1.0839,103,A4,0.275085,0.000000,1
20210204T131620,20210205T151709,1.0839,104,A4,-0.069537,0.000000,1
20210204T131620,20210205T151709,1.0839,107,A4,0.341274,0.554818,1
20210204T131620,20210205T151709,1.0839,113,A4,0.730839,0.109535,1
20210204T131620,20210205T151709,1.0839,114,A4,0.249911,0.900056,1
20210204T131620,20210205T151709,1.0839,115,A4,0.756396,0.086564,1
20210204T131620,20210205T151709,1.0839,116,A4,0.541393,0.063838,1
20210204T131620,20210205T151709,1.0839,117,A4,0.583866,0.217514,1
20210204T131620,20210205T151709,1.0839,118,A4,0.301049,0.149349,1
20210204T131620,20210205T151709,1.0839,119,A4,0.083273,1.146847,0
20210204T131620,20210205T151709,1.0839,120,A4,0.364700,0.452745,0
20210204T131620,20210205T151709,1.0839,121,A4,-0.016200,0.117610,0
20210204T131620,20210205T151709,1.0839,122,A4,0.626286,0.047446,1
20210204T131620,20210205T151709,1.0839,123,A4,0.394772,0.192811,1
20210204T131620,20210205T151709,1.0839,124,A4,0.090171,0.133285,1
20210204T131620,20210205T151709,1.0839,125,A4,0.487909,0.218304,1
20210204T131620,20210205T151709,1.0839,126,A4,0.583470,0.000915,1
20210204T131620,20210205T151709,1.0839,127,A4,0.449071,0.287117,0
20210204T131620,20210205T151709,1.0839,128,A4,0.456772,0.128780,0
20210204T131620,20210205T151709,1.0839,129,A5,-0.224109,1.350371,0
20210204T131620,20210205T151709,1.0839,130,A5,0.048359,0.048569,1
20210204T131620,20210205T151709,1.0839,131,A5,-0.000346,2.000000,0
20210204T131620,20210205T151709,1.0839,132,A5,0.277838,0.667274,1
20210204T131620,20210205T151709,1.0839,133,A5,0.360612,1.266590,0
20210204T131620,20210205T151709,1.0839,134,A5,0.338805,0.008359,1
20210204T131620,20210205T151709,1.0839,135,A5,0.232768,1.300816,0
20210204T131620,20210205T151709,1.0839,136,A5,0.309079,0.483715,1
20210204T131620,20210205T151709,1.0839,137,A5,-0.012441,0.167092,1
20210204T131620,20210205T151709,1.0839,143,A5,0.100830,0.495572,1
20210204T131620,20210205T151709,1.0839,145,A5,0.251990,0.414981,0
20210204T131620,20210205T151709,1.0839,146,A5,0.202452,0.708621,1
20210204T131620,20210205T151709,1.0839,147,A5,0.267045,0.293194,1
20210204T131620,20210205T151709,1.0839,149,A5,0.016610,0.385137,1
20210204T131620,20210205T151709,1.0839,150,A5,0.295168,1.077551,0
20210204T131620,20210205T151709,1.0839,151,A5,-0.031254,0.251581,0
20210204T131620,20210205T151709,1.0839,152,A5,0.363539,0.018401,1
20210204T131620,20210205T151709,1.0839,153,A5,0.467054,0.744821,1
20210204T131620,20210205T151709,1.0839,154,A5,0.177028,0.604047,0
20210204T131620,20210205T151709,1.0839,158,A5,0.014871,0.439549,1
20210204T131620,20210205T151709,1.0839,159,A5,0.174824,0.015441,0
20210204T131620,20210205T151709,1.0839,160,A5,-0.022575,0.057640,1
20210204T131620,20210211T163501,7.1380,1,A1,0.131607,0.594317,0
20210204T131620,20210211T163501,7.1380,2,A1,0.058171,0.779155,1
20210204T131620,20210211T163501,7.1380,3,A1,0.124316,0.043318,1
20210204T131620,20210211T163501,7.1380,4,A1,0.093771,0.354506,0
20210204T131620,20210211T163501,7.1380,5,A1,0.082574,0.208545,1
20210204T131620,20210211T163501,7.1380,6,A1,0.207220,0.337125,1
20210204T131620,20210211T163501,7.1380,7,A1,0.057972,0.633155,0
20210204T131620,20210211T163501,7.1380,8,A1,0.266887,0.547145,0
20210204T131620,20210211T163501,7.1380,9,A1,0.083596,0.359919,1
20210204T131620,20210211T163501,7.1380,10,A1,-0.145462,0.082856,1
20210204T131620,20210211T163501,7.1380,11,A1,0.380019,0.000000,1
20210204T131620,20210211T163501,7.1380,12,A1,-0.234704,0.536744,1
20210204T131620,20210211T163501,7.1380,13,A1,0.185720,0.000000,1
20210204T131620,20210211T163501,7.1380,14,A1,0.106251,0.480186,0
20210204T131620,20210211T163501,7.1380,15,A1,-0.153018,0.494075,1
20210204T131620,20210211T163501,7.1380,16,A1,0.161110,0.084330,0
20210204T131620,20210211T163501,7.1380,17,A1,0.143497,1.060924,0
20210204T131620,20210211T163501,7.1380,20,A1,-0.042768,0.099374,1
20210204T131620,20210211T163501,7.1380,21,A1,0.143427,1.278239,0
20210204T131620,20210211T163501,7.1380,24,A1,0.104223,0.071356,1
20210204T131620,20210211T163501,7.1380,26,A1,0.392157,0.000000,1
20210204T131620,20210211T163501,7.1380,27,A1,-0.000277,0.756265,1
20210204T131620,20210211T163501,7.1380,28,A1,0.282408,0.172886,1
20210204T131620,20210211T163501,7.1380,29,A1,-0.139207,1.377259,0
20210204T131620,20210211T163501,7.1380,31,A1,0.217884,0.300742,1
20210204T131620,20210211T163501,7.1380,32,A1,0.032938,0.317138,1
20210204T131620,20210211T163501,7.1380,35,A2,0.082685,0.398434,1
20210204T131620,20210211T163501,7.1380,37,A2,-0.160994,0.215438,1
20210204T131620,20210211T163501,7.1380,41,A2,0.041781,0.736672,1
20210204T131620,20210211T163501,7.1380,53,A2,-0.392664,1.062793,0
20210204T131620,20210211T163501,7.1380,55,A2,0.547160,0.000000,1
20210204T131620,20210211T163501,7.1380,57,A2,0.325529,0.117550,0
20210204T131620,20210211T163501,7.1380,59,A2,-0.122099,0.412360,1
20210204T131620,20210211T163501,7.1380,62,A2,-0.102219,0.363483,0
20210204T131620,20210211T163501,7.1380,64,A2,0.119859,1.497814,0
20210204T131620,20210211T163501,7.1380,65,A3,-0.010787,0.175113,1
20210204T131620,20210211T163501,7.1380,66,A3,0.444575,0.000000,1
20210204T131620,20210211T163501,7.1380,67,A3,0.116292,0.535843,1
20210204T131620,20210211T163501,7.1380,69,A3,-0.190331,0.108449,1
20210204T131620,20210211T163501,7.1380,71,A3,0.369226,0.071358,0
20210204T131620,20210211T163501,7.1380,73,A3,0.169074,0.470820,1
20210204T131620,20210211T163501,7.1380,77,A3,-0.179909,0.952460,1
20210204T131620,20210211T163501,7.1380,89,A3,0.070664,1.429489,0
20210204T131620,20210211T163501,7.1380,93,A3,-0.216382,0.915019,0
20210204T131620,20210211T163501,7.1380,95,A3,-0.246166,1.450766,0
20210204T131620,20210211T163501,7.1380,97,A4,0.213097,0.858271,0
20210204T131620,20210211T163501,7.1380,98,A4,0.191635,0.494355,1
20210204T131620,20210211T163501,7.1380,99,A4,0.217630,0.137073,1
20210204T131620,20210211T163501,7.1380,100,A4,0.115289,0.528700,1
20210204T131620,20210211T163501,7.1380,101,A4,0.528241,0.000000,1
20210204T131620,20210211T163501,7.1380,102,A4,-0.055162,1.039434,0
20210204T131620,20210211T163501,7.1380,103,A4,0.504454,0.000000,1
20210204T131620,20210211T163501,7.1380,104,A4,0.011699,0.366488,1
20210204T131620,20210211T163501,7.1380,107,A4,0.116530,0.703549,1
20210204T131620,20210211T163501,7.1380,113,A4,0.230580,0.486525,1
20210204T131620,20210211T163501,7.1380,114,A4,0.033689,1.980488,0
20210204T131620,20210211T163501,7.1380,115,A4,0.556568,0.462632,1
20210204T131620,20210211T163501,7.1380,116,A4,0.349803,0.513261,0
20210204T131620,20210211T163501,7.1380,117,A4,0.582531,0.582788,1
20210204T131620,20210211T163501,7.1380,118,A4,0.357073,0.722200,1
20210204T131620,20210211T163501,7.1380,119,A4,-0.149816,1.184635,0
20210204T131620,20210211T163501,7.1380,120,A4,0.648770,0.619327,0
20210204T131620,20210211T163501,7.1380,121,A4,0.178593,0.593927,0
20210204T131620,20210211T163501,7.1380,122,A4,0.392470,0.321166,0
20210204T131620,20210211T163501,7.1380,123,A4,-0.133024,0.617538,0
20210204T131620,20210211T163501,7.1380,124,A4,0.283390,0.054125,1
20210204T131620,20210211T163501,7.1380,125,A4,0.167921,0.193037,1
20210204T131620,20210211T163501,7.1380,126,A4,0.416370,0.088013,1
20210204T131620,20210211T163501,7.1380,127,A4,0.200903,0.370639,0
20210204T131620,20210211T163501,7.1380,128,A4,0.094456,0.023314,1
20210204T131620,20210211T163501,7.1380,129,A5,0.296345,0.000000,1
20210204T131620,20210211T163501,7.1380,130,A5,0.038256,1.099660,0
20210204T131620,20210211T163501,7.1380,131,A5,-0.053738,1.623071,0
20210204T131620,20210211T163501,7.1380,132,A5,0.011276,0.398514,1
20210204T131620,20210211T163501,7.1380,133,A5,0.057328,0.054702,1
20210204T131620,20210211T163501,7.1380,134,A5,-0.019076,0.149831,1
20210204T131620,20210211T163501,7.1380,135,A5,0.193765,0.196139,1
20210204T131620,20210211T163501,7.1380,136,A5,0.116664,0.039914,1
20210204T131620,20210211T163501,7.1380,137,A5,-0.329647,1.229159,0
20210204T131620,20210211T163501,7.1380,143,A5,0.037234,1.350652,0
20210204T131620,20210211T163501,7.1380,145,A5,-0.081883,0.594066,1
20210204T131620,20210211T163501,7.1380,146,A5,0.179273,0.708621,1
20210204T131620,20210211T163501,7.1380,147,A5,0.016296,1.402419,0
20210204T131620,20210211T163501,7.1380,149,A5,0.124573,0.346296,1
20210204T131620,20210211T163501,7.1380,150,A5,0.038951,1.529962,0
20210204T131620,20210211T163501,7.1380,151,A5,-0.030130,0.750797,0
20210204T131620,20210211T163501,7.1380,152,A5,-0.259853,0.421011,1
20210204T131620,20210211T163501,7.1380,153,A5,-0.179711,0.313230,1
20210204T131620,20210211T163501,7.1380,154,A5,-0.088929,0.369797,1
20210204T131620,20210211T163501,7.1380,158,A5,0.224162,0.006806,1
20210204T131620,20210211T163501,7.1380,159,A5,-0.055169,0.078960,1
20210204T131620,20210211T163501,7.1380,160,A5,-0.286108,0.192653,0
20210204T131620,20210218T131636,14.0002,1,A1,-0.051868,0.024814,1
20210204T131620,20210218T131636,14.0002,2,A1,0.123835,1.346202,0
20210204T131620,20210218T131636,14.0002,3,A1,0.077981,0.022481,1
20210204T131620,20210218T131636,14.0002,4,A1,-0.403065,0.103673,0
20210204T131620,20210218T131636,14.0002,5,A1,0.069526,0.436261,1
20210204T131620,20210218T131636,14.0002,6,A1,-0.156572,0.426426,0
20210204T131620,20210218T131636,14.0002,7,A1,0.075476,0.721043,0
20210204T131620,20210218T131636,14.0002,8,A1,0.260652,0.195038,0
20210204T131620,20210218T131636,14.0002,9,A1,-0.020025,0.089063,0
20210204T131620,20210218T131636,14.0002,10,A1,0.185894,0.000000,1
20210204T131620,20210218T131636,14.0002,11,A1,-0.099827,0.000000,1
20210204T131620,20210218T131636,14.0002,12,A1,0.127989,0.073921,1
20210204T131620,20210218T131636,14.0002,13,A1,-0.148304,1.069303,0
20210204T131620,20210218T131636,14.0002,14,A1,-0.012760,0.242432,0
20210204T131620,20210218T131636,14.0002,15,A1,-0.042972,0.825366,1
20210204T131620,20210218T131636,14.0002,16,A1,-0.118692,0.134900,1
20210204T131620,20210218T131636,14.0002,17,A1,-0.061410,2.000000,0
20210204T131620,20210218T131636,14.0002,20,A1,0.436954,0.089655,1
20210204T131620,20210218T131636,14.0002,21,A1,0.324373,0.418919,1
20210204T131620,20210218T131636,14.0002,24,A1,0.426053,0.438286,1
20210204T131620,20210218T131636,14.0002,26,A1,0.755673,0.000000,1
20210204T131620,20210218T131636,14.0002,27,A1,-0.204664,0.891904,1
20210204T131620,20210218T131636,14.0002,28,A1,0.722288,0.343133,1
20210204T131620,20210218T131636,14.0002,29,A1,-0.266846,1.757720,0
20210204T131620,20210218T131636,14.0002,31,A1,0.256502,0.400865,1
20210204T131620,20210218T131636,14.0002,32,A1,-0.172256,0.056828,1
20210204T131620,20210218T131636,14.0002,35,A2,0.093626,0.491249,0
20210204T131620,20210218T131636,14.0002,37,A2,0.160853,0.344250,1
20210204T131620,20210218T131636,14.0002,41,A2,0.351282,0.529509,0
20210204T131620,20210218T131636,14.0002,53,A2,0.112008,0.074094,1
20210204T131620,20210218T131636,14.0002,55,A2,0.737329,0.000000,1
20210204T131620,20210218T131636,14.0002,57,A2,0.022965,0.287613,0
20210204T131620,20210218T131636,14.0002,59,A2,-0.026935,0.374230,1
20210204T131620,20210218T131636,14.0002,62,A2,0.292578,0.480516,0
20210204T131620,20210218T131636,14.0002,64,A2,0.019267,0.837493,0
20210204T131620,20210218T131636,14.0002,65,A3,-0.127384,0.545503,0
20210204T131620,20210218T131636,14.0002,66,A3,0.356558,0.482305,1
20210204T131620,20210218T131636,14.0002,67,A3,-0.009636,0.000000,1
20210204T131620,20210218T131636,14.0002,69,A3,0.275505,0.089210,1
20210204T131620,20210218T131636,14.0002,71,A3,0.661855,0.210147,1
20210204T131620,20210218T131636,14.0002,73,A3,0.023134,0.505399,1
20210204T131620,20210218T131636,14.0002,77,A3,-0.013995,0.656019,0
20210204T131620,20210218T131636,14.0002,89,A3,-0.361853,0.704307,1
20210204T131620,20210218T131636,14.0002,93,A3,0.090495,0.762167,1
20210204T131620,20210218T131636,14.0002,95,A3,0.103084,0.554236,1
20210204T131620,20210218T131636,14.0002,97,A4,0.261087,0.363307,1
20210204T131620,20210218T131636,14.0002,98,A4,0.110406,1.228595,0
20210204T131620,20210218T131636,14.0002,99,A4,0.495010,0.390711,1
20210204T131620,20210218T131636,14.0002,100,A4,0.006472,0.528700,1
20210204T131620,20210218T131636,14.0002,101,A4,0.654350,0.000000,1
20210204T131620,20210218T131636,14.0002,102,A4,-0.107499,1.329305,0
20210204T131620,20210218T131636,14.0002,103,A4,-0.029348,0.000000,1
20210204T131620,20210218T131636,14.0002,104,A4,0.406609,0.000000,1
20210204T131620,20210218T131636,14.0002,107,A4,0.329834,0.048090,1
20210204T131620,20210218T131636,14.0002,113,A4,0.710064,0.205532,1
20210204T131620,20210218T131636,14.0002,114,A4,-0.404712,1.383537,0
20210204T131620,20210218T131636,14.0002,115,A4,0.670100,0.328603,1
20210204T131620,20210218T131636,14.0002,116,A4,0.705702,0.148339,1
20210204T131620,20210218T131636,14.0002,117,A4,0.687967,0.642373,1
20210204T131620,20210218T131636,14.0002,118,A4,0.597189,0.126749,1
20210204T131620,20210218T131636,14.0002,119,A4,0.369520,2.000000,0
20210204T131620,20210218T131636,14.0002,120,A4,0.473633,0.469249,0
20210204T131620,20210218T131636,14.0002,121,A4,0.416573,0.279092,0
20210204T131620,20210218T131636,14.0002,122,A4,0.126170,0.285790,0
20210204T131620,20210218T131636,14.0002,123,A4,0.255184,0.314480,1
20210204T131620,20210218T131636,14.0002,124,A4,0.221350,0.248897,0
20210204T131620,20210218T131636,14.0002,125,A4,0.180992,0.003060,1
20210204T131620,20210218T131636,14.0002,126,A4,0.656840,0.000814,1
20210204T131620,20210218T131636,14.0002,127,A4,0.225892,0.268999,0
20210204T131620,20210218T131636,14.0002,128,A4,0.353870,0.281155,0
20210204T131620,20210218T131636,14.0002,129,A5,0.227519,0.000000,1
20210204T131620,20210218T131636,14.0002,130,A5,0.042085,0.372694,0
20210204T131620,20210218T131636,14.0002,131,A5,0.057145,1.460340,0
20210204T131620,20210218T131636,14.0002,132,A5,0.345342,0.667274,1
20210204T131620,20210218T131636,14.0002,133,A5,0.600932,1.679381,0
20210204T131620,20210218T131636,14.0002,134,A5,0.244357,0.211562,1
20210204T131620,20210218T131636,14.0002,135,A5,0.465211,0.196139,1
20210204T131620,20210218T131636,14.0002,136,A5,0.097751,0.890020,1
20210204T131620,20210218T131636,14.0002,137,A5,-0.304373,0.920764,0
20210204T131620,20210218T131636,14.0002,143,A5,-0.007660,0.003336,1
20210204T131620,20210218T131636,14.0002,145,A5,0.291119,1.323643,0
20210204T131620,20210218T131636,14.0002,146,A5,-0.554897,0.271111,1
20210204T131620,20210218T131636,14.0002,147,A5,-0.154411,0.140567,1
20210204T131620,20210218T131636,14.0002,149,A5,0.205481,0.926014,0
20210204T131620,20210218T131636,14.0002,150,A5,0.343062,1.189343,0
20210204T131620,20210218T131636,14.0002,151,A5,-0.059865,0.196897,1
20210204T131620,20210218T131636,14.0002,152,A5,0.039174,0.434883,1
20210204T131620,20210218T131636,14.0002,153,A5,0.145702,0.323421,0
20210204T131620,20210218T131636,14.0002,154,A5,-0.132486,0.477229,1
20210204T131620,20210218T131636,14.0002,158,A5,-0.236058,0.214580,1
20210204T131620,20210218T131636,14.0002,159,A5,0.020289,0.325418,1
20210204T131620,20210218T131636,14.0002,160,A5,0.071387,0.289306,0
20210204T131620,20210219T145809,15.0707,1,A1,0.067599,0.149978,0
20210204T131620,20210219T145809,15.0707,2,A1,0.024011,1.390535,0
20210204T131620,20210219T145809,15.0707,3,A1,-0.108453,0.882562,1
20210204T131620,20210219T145809,15.0707,4,A1,-0.202249,0.096914,0
20210204T131620,20210219T145809,15.0707,5,A1,0.257045,0.440796,1
20210204T131620,20210219T145809,15.0707,6,A1,0.523174,0.097038,1
20210204T131620,20210219T145809,15.0707,7,A1,0.072117,0.005304,1
20210204T131620,20210219T145809,15.0707,8,A1,-0.015054,0.047047,1
20210204T131620,20210219T145809,15.0707,9,A1,0.133399,0.399839,0
20210204T131620,20210219T145809,15.0707,10,A1,0.142162,0.000000,1
20210204T131620,20210219T145809,15.0707,11,A1,0.220926,0.000000,1
20210204T131620,20210219T145809,15.0707,12,A1,0.016753,0.114735,1
20210204T131620,20210219T145809,15.0707,13,A1,0.041298,0.000000,1
20210204T131620,20210219T145809,15.0707,14,A1,-0.357657,0.615380,0
20210204T131620,20210219T145809,15.0707,15,A1,0.145839,0.097677,1
20210204T131620,20210219T145809,15.0707,16,A1,-0.257121,0.113465,1
20210204T131620,20210219T145809,15.0707,17,A1,-0.327767,2.000000,0
20210204T131620,20210219T145809,15.0707,20,A1,0.607399,0.188487,1
20210204T131620,20210219T145809,15.0707,21,A1,-0.353894,0.545568,1
20210204T131620,20210219T145809,15.0707,24,A1,0.375822,0.219398,1
20210204T131620,20210219T145809,15.0707,26,A1,0.783730,0.000000,1
20210204T131620,20210219T145809,15.0707,27,A1,0.180348,0.909847,1
20210204T131620,20210219T145809,15.0707,28,A1,0.656317,0.397214,1
20210204T131620,20210219T145809,15.0707,29,A1,0.018434,1.197892,0
20210204T131620,20210219T145809,15.0707,31,A1,0.173992,0.824194,0
20210204T131620,20210219T145809,15.0707,32,A1,0.046598,0.261145,0
20210204T131620,20210219T145809,15.0707,35,A2,0.328140,0.658489,0
20210204T131620,20210219T145809,15.0707,37,A2,-0.241370,0.270582,1
20210204T131620,20210219T145809,15.0707,41,A2,0.231234,0.683412,0
20210204T131620,20210219T145809,15.0707,53,A2,0.030477,0.088958,1
20210204T131620,20210219T145809,15.0707,55,A2,0.690712,0.819680,1
20210204T131620,20210219T145809,15.0707,57,A2,0.140346,0.051820,1
20210204T131620,20210219T145809,15.0707,59,A2,-0.060834,0.374230,1
20210204T131620,20210219T145809,15.0707,62,A2,-0.015499,0.031744,1
20210204T131620,20210219T145809,15.0707,64,A2,-0.228588,0.593001,0
20210204T131620,20210219T145809,15.0707,65,A3,-0.163980,0.263005,0
20210204T131620,20210219T145809,15.0707,66,A3,0.019423,0.965702,1
20210204T131620,20210219T145809,15.0707,67,A3,0.086488,1.096107,0
20210204T131620,20210219T145809,15.0707,69,A3,0.123263,0.223297,1
20210204T131620,20210219T145809,15.0707,71,A3,0.317634,0.079325,1
20210204T131620,20210219T145809,15.0707,73,A3,-0.062432,1.529180,0
20210204T131620,20210219T145809,15.0707,77,A3,-0.058875,0.554106,1
20210204T131620,20210219T145809,15.0707,89,A3,-0.069681,0.754465,1
20210204T131620,20210219T145809,15.0707,93,A3,0.011087,1.816386,0
20210204T131620,20210219T145809,15.0707,95,A3,0.204813,1.060430,0
20210204T131620,20210219T145809,15.0707,97,A4,0.257869,0.405075,1
20210204T131620,20210219T145809,15.0707,98,A4,0.223949,0.851453,1
20210204T131620,20210219T145809,15.0707,99,A4,-0.035217,0.059278,1
20210204T131620,20210219T145809,15.0707,100,A4,-0.026981,0.513247,1
20210204T131620,20210219T145809,15.0707,101,A4,0.469667,0.425200,1
20210204T131620,20210219T145809,15.0707,102,A4,0.094005,1.191476,0
20210204T131620,20210219T145809,15.0707,103,A4,0.157807,0.420636,1
20210204T131620,20210219T145809,15.0707,104,A4,0.065950,0.981721,1
20210204T131620,20210219T145809,15.0707,107,A4,0.252273,0.098535,1
20210204T131620,20210219T145809,15.0707,113,A4,0.676646,0.274063,1
20210204T131620,20210219T145809,15.0707,114,A4,-0.164690,1.175790,0
20210204T131620,20210219T145809,15.0707,115,A4,0.662623,0.000000,1
20210204T131620,20210219T145809,15.0707,116,A4,0.551178,0.144127,1
20210204T131620,20210219T145809,15.0707,117,A4,0.724961,0.642373,1
20210204T131620,20210219T145809,15.0707,118,A4,0.356248,0.369762,1
20210204T131620,20210219T145809,15.0707,119,A4,-0.158008,2.000000,0
20210204T131620,20210219T145809,15.0707,120,A4,0.466715,0.537922,0
20210204T131620,20210219T145809,15.0707,121,A4,0.465816,0.248348,0
20210204T131620,20210219T145809,15.0707,122,A4,-0.068629,0.259036,0
20210204T131620,20210219T145809,15.0707,123,A4,-0.157622,0.344585,1
20210204T131620,20210219T145809,15.0707,124,A4,0.236090,0.191595,1
20210204T131620,20210219T145809,15.0707,125,A4,0.210873,0.021738,1
20210204T131620,20210219T145809,15.0707,126,A4,0.670718,0.029088,1
20210204T131620,20210219T145809,15.0707,127,A4,-0.050298,0.374406,0
20210204T131620,20210219T145809,15.0707,128,A4,0.181724,0.169787,0
20210204T131620,20210219T145809,15.0707,129,A5,-0.001694,0.220041,1
20210204T131620,20210219T145809,15.0707,130,A5,0.234549,0.222228,0
20210204T131620,20210219T145809,15.0707,131,A5,-0.092287,1.025906,0
20210204T131620,20210219T145809,15.0707,132,A5,-0.004011,0.103588,1
20210204T131620,20210219T145809,15.0707,133,A5,0.274296,1.679381,0
20210204T131620,20210219T145809,15.0707,134,A5,0.228495,0.709175,1
20210204T131620,20210219T145809,15.0707,135,A5,0.464299,0.196139,1
20210204T131620,20210219T145809,15.0707,136,A5,0.129178,0.699100,1
20210204T131620,20210219T145809,15.0707,137,A5,0.205012,1.582992,0
20210204T131620,20210219T145809,15.0707,143,A5,0.202332,0.235185,1
20210204T131620,20210219T145809,15.0707,145,A5,-0.011734,1.323643,0
20210204T131620,20210219T145809,15.0707,146,A5,0.234023,0.069153,1
20210204T131620,20210219T145809,15.0707,147,A5,0.016742,0.101202,1
20210204T131620,20210219T145809,15.0707,149,A5,0.209294,0.723721,0
20210204T131620,20210219T145809,15.0707,150,A5,0.263142,0.893638,1
20210204T131620,20210219T145809,15.0707,151,A5,-0.208969,0.147875,1
20210204T131620,20210219T145809,15.0707,152,A5,0.004825,0.050959,1
20210204T131620,20210219T145809,15.0707,153,A5,-0.142297,0.776532,0
20210204T131620,20210219T145809,15.0707,154,A5,-0.507415,0.415058,0
20210204T131620,20210219T145809,15.0707,158,A5,-0.222261,0.629765,0
20210204T131620,20210219T145809,15.0707,159,A5,0.192018,0.495410,1
20210204T131620,20210219T145809,15.0707,160,A5,-0.069653,0.365654,0
20210204T131620,20210610T132106,126.0033,1,A1,0.133021,0.094936,1
20210204T131620,20210610T132106,126.0033,2,A1,-0.139354,0.873658,1
20210204T131620,20210610T132106,126.0033,3,A1,0.018680,0.518795,1
20210204T131620,20210610T132106,126.0033,4,A1,0.243802,0.846040,0
20210204T131620,20210610T132106,126.0033,5,A1,-0.053812,1.472507,0
20210204T131620,20210610T132106,126.0033,6,A1,-0.413195,0.138132,1
20210204T131620,20210610T132106,126.0033,7,A1,0.125277,1.489448,0
20210204T131620,20210610T132106,126.0033,8,A1,0.109242,0.277608,1
20210204T131620,20210610T132106,126.0033,9,A1,-0.084761,0.216321,0
20210204T131620,20210610T132106,126.0033,10,A1,0.279213,0.597280,1
20210204T131620,20210610T132106,126.0033,11,A1,-0.359823,1.048266,0
20210204T131620,20210610T132106,126.0033,12,A1,-0.128821,0.258879,0
20210204T131620,20210610T132106,126.0033,13,A1,-0.178448,1.046888,0
20210204T131620,20210610T132106,126.0033,14,A1,-0.016599,0.070426,1
20210204T131620,20210610T132106,126.0033,15,A1,-0.099273,1.422665,0
20210204T131620,20210610T132106,126.0033,16,A1,-0.253331,0.820822,0
20210204T131620,20210610T132106,126.0033,17,A1,0.004709,1.162954,0
20210204T131620,20210610T132106,126.0033,20,A1,0.563357,0.323243,1
20210204T131620,20210610T132106,126.0033,21,A1,0.224918,0.635004,0
20210204T131620,20210610T132106,126.0033,24,A1,-0.096584,1.357521,0
20210204T131620,20210610T132106,126.0033,26,A1,-0.078618,0.995852,1
20210204T131620,20210610T132106,126.0033,27,A1,-0.010181,0.520525,1
20210204T131620,20210610T132106,126.0033,28,A1,0.259272,0.795864,0
20210204T131620,20210610T132106,126.0033,29,A1,-0.165438,0.000000,1
20210204T131620,20210610T132106,126.0033,31,A1,0.154916,0.656536,1
20210204T131620,20210610T132106,126.0033,32,A1,-0.053160,0.573777,0
20210204T131620,20210610T132106,126.0033,35,A2,-0.241938,0.103062,1
20210204T131620,20210610T132106,126.0033,37,A2,0.031604,0.310694,1
20210204T131620,20210610T132106,126.0033,41,A2,0.255887,0.288703,0
20210204T131620,20210610T132106,126.0033,53,A2,0.056567,0.062125,1
20210204T131620,20210610T132106,126.0033,55,A2,0.203881,0.000000,1
20210204T131620,20210610T132106,126.0033,57,A2,0.233967,0.019853,1
20210204T131620,20210610T132106,126.0033,59,A2,-0.075823,0.688638,0
20210204T131620,20210610T132106,126.0033,62,A2,-0.082107,0.071363,0
20210204T131620,20210610T132106,126.0033,64,A2,0.145592,0.445536,1
20210204T131620,20210610T132106,126.0033,65,A3,0.208300,0.679817,0
20210204T131620,20210610T132106,126.0033,66,A3,0.035928,1.055120,0
20210204T131620,20210610T132106,126.0033,67,A3,-0.036198,0.403597,1
20210204T131620,20210610T132106,126.0033,69,A3,-0.255710,0.159255,1
20210204T131620,20210610T132106,126.0033,71,A3,0.033112,0.058788,0
20210204T131620,20210610T132106,126.0033,73,A3,0.107742,0.376382,1
20210204T131620,20210610T132106,126.0033,77,A3,-0.195749,0.239676,1
20210204T131620,20210610T132106,126.0033,89,A3,0.072753,0.922841,1
20210204T131620,20210610T132106,126.0033,93,A3,0.202377,0.823009,0
20210204T131620,20210610T132106,126.0033,95,A3,-0.360205,1.271509,0
20210204T131620,20210610T132106,126.0033,97,A4,-0.069866,0.833286,0
20210204T131620,20210610T132106,126.0033,98,A4,0.417244,0.918401,1
20210204T131620,20210610T132106,126.0033,99,A4,-0.114035,0.896340,0
20210204T131620,20210610T132106,126.0033,100,A4,-0.002728,0.318107,1
20210204T131620,20210610T132106,126.0033,101,A4,-0.310665,0.725956,1
20210204T131620,20210610T132106,126.0033,102,A4,0.391845,0.847419,1
20210204T131620,20210610T132106,126.0033,103,A4,0.140106,1.439354,0
20210204T131620,20210610T132106,126.0033,104,A4,-0.031028,2.000000,0
20210204T131620,20210610T132106,126.0033,107,A4,0.297809,0.064142,1
20210204T131620,20210610T132106,126.0033,113,A4,0.028348,0.814940,0
20210204T131620,20210610T132106,126.0033,114,A4,-0.256337,1.422422,0
20210204T131620,20210610T132106,126.0033,115,A4,-0.122137,1.551298,0
20210204T131620,20210610T132106,126.0033,116,A4,0.539340,0.934475,0
20210204T131620,20210610T132106,126.0033,117,A4,0.756833,0.642373,1
20210204T131620,20210610T132106,126.0033,118,A4,0.607737,0.204624,1
20210204T131620,20210610T132106,126.0033,119,A4,0.089433,0.731039,1
20210204T131620,20210610T132106,126.0033,120,A4,0.325486,0.178260,0
20210204T131620,20210610T132106,126.0033,121,A4,0.210535,0.681847,0
20210204T131620,20210610T132106,126.0033,122,A4,0.337890,0.167579,1
20210204T131620,20210610T132106,126.0033,123,A4,0.306461,0.457213,1
20210204T131620,20210610T132106,126.0033,124,A4,0.061123,0.108409,1
20210204T131620,20210610T132106,126.0033,125,A4,0.104543,0.537239,1
20210204T131620,20210610T132106,126.0033,126,A4,0.374134,0.306325,1
20210204T131620,20210610T132106,126.0033,127,A4,0.192453,0.007665,1
20210204T131620,20210610T132106,126.0033,128,A4,0.102895,0.052956,1
20210204T131620,20210610T132106,126.0033,129,A5,-0.126516,2.000000,0
20210204T131620,20210610T132106,126.0033,130,A5,-0.011026,0.319707,1
20210204T131620,20210610T132106,126.0033,131,A5,0.164472,0.896119,1
20210204T131620,20210610T132106,126.0033,132,A5,-0.183253,0.674841,0
20210204T131620,20210610T132106,126.0033,133,A5,-0.133119,0.647155,1
20210204T131620,20210610T132106,126.0033,134,A5,0.114545,1.086240,0
20210204T131620,20210610T132106,126.0033,135,A5,0.194665,1.803861,0
20210204T131620,20210610T132106,126.0033,136,A5,-0.065232,0.301721,0
20210204T131620,20210610T132106,126.0033,137,A5,0.139785,0.087182,1
20210204T131620,20210610T132106,126.0033,143,A5,-0.049949,1.044427,0
20210204T131620,20210610T132106,126.0033,145,A5,-0.049113,0.484472,0
20210204T131620,20210610T132106,126.0033,146,A5,0.136089,1.023023,0
20210204T131620,20210610T132106,126.0033,147,A5,0.254356,0.371948,1
20210204T131620,20210610T132106,126.0033,149,A5,0.083928,0.319521,1
20210204T131620,20210610T132106,126.0033,150,A5,-0.204899,1.167454,0
20210204T131620,20210610T132106,126.0033,151,A5,-0.082825,0.789455,1
20210204T131620,20210610T132106,126.0033,152,A5,0.164949,0.917193,1
20210204T131620,20210610T132106,126.0033,153,A5,0.087152,0.199034,1
20210204T131620,20210610T132106,126.0033,154,A5,-0.325795,0.534645,1
20210204T131620,20210610T132106,126.0033,158,A5,-0.126812,0.197317,1
20210204T131620,20210610T132106,126.0033,159,A5,-0.061276,0.253906,1
20210204T131620,20210610T132106,126.0033,160,A5,0.085715,0.002462,1
20210204T131620,20210618T123111,133.9686,1,A1,-0.079641,0.329102,1
20210204T131620,20210618T123111,133.9686,2,A1,0.313603,1.250123,0
20210204T131620,20210618T123111,133.9686,3,A1,0.125190,0.324646,0
20210204T131620,20210618T123111,133.9686,4,A1,-0.233566,0.326747,1
20210204T131620,20210618T123111,133.9686,5,A1,0.029621,0.071207,1
20210204T131620,20210618T123111,133.9686,6,A1,0.291097,0.362510,1
20210204T131620,20210618T123111,133.9686,7,A1,0.266793,1.526147,0
20210204T131620,20210618T123111,133.9686,8,A1,-0.140315,0.987156,1
20210204T131620,20210618T123111,133.9686,9,A1,0.020621,0.346604,0
20210204T131620,20210618T123111,133.9686,10,A1,0.259820,0.000000,1
20210204T131620,20210618T123111,133.9686,11,A1,-0.058325,0.712889,1
20210204T131620,20210618T123111,133.9686,12,A1,-0.205275,0.053290,1
20210204T131620,20210618T123111,133.9686,13,A1,0.006099,1.645243,0
20210204T131620,20210618T123111,133.9686,14,A1,-0.026848,0.227931,1
20210204T131620,20210618T123111,133.9686,15,A1,0.083313,0.258133,1
20210204T131620,20210618T123111,133.9686,16,A1,-0.066635,0.370033,0
20210204T131620,20210618T123111,133.9686,17,A1,-0.405031,2.000000,0
20210204T131620,20210618T123111,133.9686,20,A1,0.314009,0.576652,1
20210204T131620,20210618T123111,133.9686,21,A1,-0.142584,0.320555,1
20210204T131620,20210618T123111,133.9686,24,A1,-0.189655,1.357521,0
20210204T131620,20210618T123111,133.9686,26,A1,-0.404973,1.732770,0
20210204T131620,20210618T123111,133.9686,27,A1,0.296403,0.618573,1
20210204T131620,20210618T123111,133.9686,28,A1,-0.089473,0.678830,0
20210204T131620,20210618T123111,133.9686,29,A1,-0.018399,0.000000,1
20210204T131620,20210618T123111,133.9686,31,A1,-0.191827,0.300742,1
20210204T131620,20210618T123111,133.9686,32,A1,-0.067238,0.678402,0
20210204T131620,20210618T123111,133.9686,35,A2,0.063596,0.844879,1
20210204T131620,20210618T123111,133.9686,37,A2,-0.354209,0.343134,0
20210204T131620,20210618T123111,133.9686,41,A2,0.038429,0.736672,1
20210204T131620,20210618T123111,133.9686,53,A2,-0.065930,0.008963,1
20210204T131620,20210618T123111,133.9686,55,A2,0.240429,0.217257,1
20210204T131620,20210618T123111,133.9686,57,A2,0.066156,0.122344,1
20210204T131620,20210618T123111,133.9686,59,A2,-0.091475,0.607704,1
20210204T131620,20210618T123111,133.9686,62,A2,-0.054808,0.054335,1
20210204T131620,20210618T123111,133.9686,64,A2,0.140924,0.422079,1
20210204T131620,20210618T123111,133.9686,65,A3,-0.236311,0.347613,0
20210204T131620,20210618T123111,133.9686,66,A3,-0.264641,1.123750,0
20210204T131620,20210618T123111,133.9686,67,A3,0.221443,1.510079,0
20210204T131620,20210618T123111,133.9686,69,A3,0.135393,0.724401,1
20210204T131620,20210618T123111,133.9686,71,A3,-0.211508,0.230654,0
20210204T131620,20210618T123111,133.9686,73,A3,0.179250,0.513763,1
20210204T131620,20210618T123111,133.9686,77,A3,-0.229824,0.249693,1
20210204T131620,20210618T123111,133.9686,89,A3,0.105434,1.164161,0
20210204T131620,20210618T123111,133.9686,93,A3,0.177712,0.949282,0
20210204T131620,20210618T123111,133.9686,95,A3,-0.231303,0.937259,1
20210204T131620,20210618T123111,133.9686,97,A4,0.021179,1.013350,0
20210204T131620,20210618T123111,133.9686,98,A4,0.037661,1.040371,0
20210204T131620,20210618T123111,133.9686,99,A4,-0.128967,0.180639,1
20210204T131620,20210618T123111,133.9686,100,A4,0.144092,0.455518,1
20210204T131620,20210618T123111,133.9686,101,A4,0.058544,0.129821,1
20210204T131620,20210618T123111,133.9686,102,A4,0.215157,0.878412,1
20210204T131620,20210618T123111,133.9686,103,A4,0.389626,0.136101,1
20210204T131620,20210618T123111,133.9686,104,A4,0.376223,0.715593,1
20210204T131620,20210618T123111,133.9686,107,A4,0.118159,0.109967,1
20210204T131620,20210618T123111,133.9686,113,A4,0.060789,1.525200,0
20210204T131620,20210618T123111,133.9686,114,A4,-0.290053,2.000000,0
20210204T131620,20210618T123111,133.9686,115,A4,-0.285682,1.342067,0
20210204T131620,20210618T123111,133.9686,116,A4,0.056932,0.086614,1
20210204T131620,20210618T123111,133.9686,117,A4,0.032260,0.010462,1
20210204T131620,20210618T123111,133.9686,118,A4,0.167634,0.585912,1
20210204T131620,20210618T123111,133.9686,119,A4,0.169604,0.807896,1
20210204T131620,20210618T123111,133.9686,120,A4,0.524247,0.396362,0
20210204T131620,20210618T123111,133.9686,121,A4,0.334416,1.053451,0
20210204T131620,20210618T123111,133.9686,122,A4,-0.052873,0.193633,0
20210204T131620,20210618T123111,133.9686,123,A4,-0.011893,0.563586,0
20210204T131620,20210618T123111,133.9686,124,A4,0.362342,0.241403,0
20210204T131620,20210618T123111,133.9686,125,A4,0.244963,0.245456,1
20210204T131620,20210618T123111,133.9686,126,A4,0.490270,0.031802,1
20210204T131620,20210618T123111,133.9686,127,A4,0.216810,0.411173,1
20210204T131620,20210618T123111,133.9686,128,A4,0.057372,0.523732,0
20210204T131620,20210618T123111,133.9686,129,A5,0.040364,0.856138,1
20210204T131620,20210618T123111,133.9686,130,A5,-0.213881,0.038539,1
20210204T131620,20210618T123111,133.9686,131,A5,-0.022391,0.626647,1
20210204T131620,20210618T123111,133.9686,132,A5,-0.001146,0.751160,0
20210204T131620,20210618T123111,133.9686,133,A5,-0.126216,0.583056,1
20210204T131620,20210618T123111,133.9686,134,A5,0.215325,1.323786,0
20210204T131620,20210618T123111,133.9686,135,A5,0.549214,0.329454,1
20210204T131620,20210618T123111,133.9686,136,A5,0.033803,0.206684,0
20210204T131620,20210618T123111,133.9686,137,A5,-0.222728,0.839853,1
20210204T131620,20210618T123111,133.9686,143,A5,-0.179334,0.471038,1
20210204T131620,20210618T123111,133.9686,145,A5,0.100510,0.302700,1
20210204T131620,20210618T123111,133.9686,146,A5,-0.138749,0.377661,0
20210204T131620,20210618T123111,133.9686,147,A5,0.248457,0.337246,1
20210204T131620,20210618T123111,133.9686,149,A5,-0.264177,0.054516,1
20210204T131620,20210618T123111,133.9686,150,A5,-0.037103,0.165535,1
20210204T131620,20210618T123111,133.9686,151,A5,0.234611,0.157208,1
20210204T131620,20210618T123111,133.9686,152,A5,0.097602,0.248616,0
20210204T131620,20210618T123111,133.9686,153,A5,0.201634,0.223101,1
20210204T131620,20210618T123111,133.9686,154,A5,0.109423,0.038512,1
20210204T131620,20210618T123111,133.9686,158,A5,0.148323,0.433144,1
20210204T131620,20210618T123111,133.9686,159,A5,-0.079508,0.025994,1
20210204T131620,20210618T123111,133.9686,160,A5,-0.149646,0.120174,1
20210204T131620,20210623T140144,139.0315,1,A1,0.163568,0.777542,0
20210204T131620,20210623T140144,139.0315,2,A1,-0.156177,1.125129,0
20210204T131620,20210623T140144,139.0315,3,A1,0.205947,1.117438,0
20210204T131620,20210623T140144,139.0315,4,A1,-0.177355,0.377593,1
20210204T131620,20210623T140144,139.0315,5,A1,0.037441,0.289742,1
20210204T131620,20210623T140144,139.0315,6,A1,-0.041104,0.048988,1
20210204T131620,20210623T140144,139.0315,7,A1,-0.088845,0.113636,1
20210204T131620,20210623T140144,139.0315,8,A1,-0.184093,0.987156,1
20210204T131620,20210623T140144,139.0315,9,A1,-0.444658,0.354618,0
20210204T131620,20210623T140144,139.0315,10,A1,-0.290374,0.924083,1
20210204T131620,20210623T140144,139.0315,11,A1,0.222303,0.293968,1
20210204T131620,20210623T140144,139.0315,12,A1,-0.150837,0.184283,0
20210204T131620,20210623T140144,139.0315,13,A1,-0.082569,1.153182,0
20210204T131620,20210623T140144,139.0315,14,A1,0.102773,0.282043,0
20210204T131620,20210623T140144,139.0315,15,A1,0.239298,1.516909,0
20210204T131620,20210623T140144,139.0315,16,A1,0.164075,0.014095,0
20210204T131620,20210623T140144,139.0315,17,A1,0.109006,2.000000,0
20210204T131620,20210623T140144,139.0315,20,A1,0.357652,0.548235,1
20210204T131620,20210623T140144,139.0315,21,A1,-0.173601,0.418919,1
20210204T131620,20210623T140144,139.0315,24,A1,-0.269414,1.357521,0
20210204T131620,20210623T140144,139.0315,26,A1,0.385652,0.926898,1
20210204T131620,20210623T140144,139.0315,27,A1,-0.074028,0.590680,1
20210204T131620,20210623T140144,139.0315,28,A1,0.052333,0.779476,0
20210204T131620,20210623T140144,139.0315,29,A1,0.011852,1.169375,0
20210204T131620,20210623T140144,139.0315,31,A1,-0.018294,0.892929,0
20210204T131620,20210623T140144,139.0315,32,A1,0.104229,0.798758,0
20210204T131620,20210623T140144,139.0315,35,A2,0.173539,0.439870,1
20210204T131620,20210623T140144,139.0315,37,A2,0.298842,0.255462,1
20210204T131620,20210623T140144,139.0315,41,A2,0.245793,1.056216,0
20210204T131620,20210623T140144,139.0315,53,A2,0.218922,1.080805,0
20210204T131620,20210623T140144,139.0315,55,A2,0.072004,0.000000,1
20210204T131620,20210623T140144,139.0315,57,A2,-0.004532,0.102218,1
20210204T131620,20210623T140144,139.0315,59,A2,0.278777,0.660307,0
20210204T131620,20210623T140144,139.0315,62,A2,-0.004493,0.100548,0
20210204T131620,20210623T140144,139.0315,64,A2,-0.303109,0.541467,0
20210204T131620,20210623T140144,139.0315,65,A3,-0.022633,0.223681,0
20210204T131620,20210623T140144,139.0315,66,A3,-0.088330,1.133465,0
20210204T131620,20210623T140144,139.0315,67,A3,0.086372,0.000000,1
20210204T131620,20210623T140144,139.0315,69,A3,0.135439,0.241477,1
20210204T131620,20210623T140144,139.0315,71,A3,0.519011,0.088145,0
20210204T131620,20210623T140144,139.0315,73,A3,-0.024529,0.563269,0
20210204T131620,20210623T140144,139.0315,77,A3,0.182772,0.545315,0
20210204T131620,20210623T140144,139.0315,89,A3,0.297201,0.898840,1
20210204T131620,20210623T140144,139.0315,93,A3,-0.391964,1.022137,0
20210204T131620,20210623T140144,139.0315,95,A3,0.082981,0.704907,1
20210204T131620,20210623T140144,139.0315,97,A4,0.314202,1.694715,0
20210204T131620,20210623T140144,139.0315,98,A4,-0.033183,1.345759,0
20210204T131620,20210623T140144,139.0315,99,A4,0.109656,0.704507,1
20210204T131620,20210623T140144,139.0315,100,A4,0.273992,0.413873,1
20210204T131620,20210623T140144,139.0315,101,A4,-0.185399,1.113977,0
20210204T131620,20210623T140144,139.0315,102,A4,0.111363,1.105247,0
20210204T131620,20210623T140144,139.0315,103,A4,0.111969,1.178898,0
20210204T131620,20210623T140144,139.0315,104,A4,-0.103922,1.016255,0
20210204T131620,20210623T140144,139.0315,107,A4,-0.044410,0.792371,0
20210204T131620,20210623T140144,139.0315,113,A4,0.113454,0.534929,0
20210204T131620,20210623T140144,139.0315,114,A4,-0.071628,0.854776,1
20210204T131620,20210623T140144,139.0315,115,A4,0.045143,1.318325,0
20210204T131620,20210623T140144,139.0315,116,A4,0.252916,0.340551,0
20210204T131620,20210623T140144,139.0315,117,A4,-0.118908,0.011552,1
20210204T131620,20210623T140144,139.0315,118,A4,0.006820,0.112684,0
20210204T131620,20210623T140144,139.0315,119,A4,0.360813,0.634855,1
20210204T131620,20210623T140144,139.0315,120,A4,0.015218,0.364100,1
20210204T131620,20210623T140144,139.0315,121,A4,0.003284,0.232201,1
20210204T131620,20210623T140144,139.0315,122,A4,-0.051040,0.065485,1
20210204T131620,20210623T140144,139.0315,123,A4,-0.227449,0.537826,0
20210204T131620,20210623T140144,139.0315,124,A4,0.117445,0.033666,1
20210204T131620,20210623T140144,139.0315,125,A4,0.220740,0.071926,1
20210204T131620,20210623T140144,139.0315,126,A4,-0.171107,0.045225,1
20210204T131620,20210623T140144,139.0315,127,A4,-0.234499,0.313454,0
20210204T131620,20210623T140144,139.0315,128,A4,-0.413364,0.165385,0
20210204T131620,20210623T140144,139.0315,129,A5,-0.163523,1.123947,0
20210204T131620,20210623T140144,139.0315,130,A5,-0.020031,0.720142,1
20210204T131620,20210623T140144,139.0315,131,A5,0.095109,0.570474,1
20210204T131620,20210623T140144,139.0315,132,A5,0.026692,0.389309,0
20210204T131620,20210623T140144,139.0315,133,A5,0.076904,0.320619,1
20210204T131620,20210623T140144,139.0315,134,A5,0.212246,1.788438,0
20210204T131620,20210623T140144,139.0315,135,A5,0.430783,0.196139,1
20210204T131620,20210623T140144,139.0315,136,A5,0.048875,0.163523,0
20210204T131620,20210623T140144,139.0315,137,A5,-0.017103,0.752445,1
20210204T131620,20210623T140144,139.0315,143,A5,-0.340050,0.011734,1
20210204T131620,20210623T140144,139.0315,145,A5,-0.063947,0.676357,1
20210204T131620,20210623T140144,139.0315,146,A5,0.111267,0.291108,1
20210204T131620,20210623T140144,139.0315,147,A5,-0.336647,0.417578,0
20210204T131620,20210623T140144,139.0315,149,A5,-0.092780,0.225690,1
20210204T131620,20210623T140144,139.0315,150,A5,-0.234381,0.899254,1
20210204T131620,20210623T140144,139.0315,151,A5,0.048590,0.798818,0
20210204T131620,20210623T140144,139.0315,152,A5,0.157018,0.333675,1
20210204T131620,20210623T140144,139.0315,153,A5,0.024402,0.000402,1
20210204T131620,20210623T140144,139.0315,154,A5,-0.149672,0.475400,0
20210204T131620,20210623T140144,139.0315,158,A5,-0.079703,0.005427,1
20210204T131620,20210623T140144,139.0315,159,A5,-0.059514,0.085494,0
20210204T131620,20210623T140144,139.0315,160,A5,0.160655,0.130827,1
20210204T131620,20210625T141512,141.0409,1,A1,0.005913,0.464927,1
20210204T131620,20210625T141512,141.0409,2,A1,0.009650,0.064800,1
20210204T131620,20210625T141512,141.0409,3,A1,-0.202764,1.117438,0
20210204T131620,20210625T141512,141.0409,4,A1,0.202756,0.227844,0
20210204T131620,20210625T141512,141.0409,5,A1,0.168295,1.472507,0
20210204T131620,20210625T141512,141.0409,6,A1,0.370564,0.634670,1
20210204T131620,20210625T141512,141.0409,7,A1,0.099540,1.526147,0
20210204T131620,20210625T141512,141.0409,8,A1,-0.025459,0.987156,1
20210204T131620,20210625T141512,141.0409,9,A1,-0.169081,0.957958,1
20210204T131620,20210625T141512,141.0409,10,A1,0.222102,0.000000,1
20210204T131620,20210625T141512,141.0409,11,A1,-0.275646,1.310020,0
20210204T131620,20210625T141512,141.0409,12,A1,-0.133749,0.148872,1
20210204T131620,20210625T141512,141.0409,13,A1,-0.208206,0.000000,1
20210204T131620,20210625T141512,141.0409,14,A1,-0.292384,0.120803,1
20210204T131620,20210625T141512,141.0409,15,A1,0.105098,0.097677,1
20210204T131620,20210625T141512,141.0409,16,A1,-0.032964,1.004468,0
20210204T131620,20210625T141512,141.0409,17,A1,0.201514,2.000000,0
20210204T131620,20210625T141512,141.0409,20,A1,0.295705,0.237362,1
20210204T131620,20210625T141512,141.0409,21,A1,0.099036,0.444183,1
20210204T131620,20210625T141512,141.0409,24,A1,0.095865,1.357521,0
20210204T131620,20210625T141512,141.0409,26,A1,-0.019444,0.995953,1
20210204T131620,20210625T141512,141.0409,27,A1,-0.057748,1.264708,0
20210204T131620,20210625T141512,141.0409,28,A1,-0.036298,0.663765,0
20210204T131620,20210625T141512,141.0409,29,A1,0.003661,0.000000,1
20210204T131620,20210625T141512,141.0409,31,A1,-0.203174,0.300742,1
20210204T131620,20210625T141512,141.0409,32,A1,0.178513,0.266566,0
20210204T131620,20210625T141512,141.0409,35,A2,0.141789,0.188874,1
20210204T131620,20210625T141512,141.0409,37,A2,-0.012110,0.439882,1
20210204T131620,20210625T141512,141.0409,41,A2,-0.047987,0.100381,1
20210204T131620,20210625T141512,141.0409,53,A2,-0.150826,0.501165,0
20210204T131620,20210625T141512,141.0409,55,A2,0.335501,1.514990,0
20210204T131620,20210625T141512,141.0409,57,A2,0.262861,0.135530,0
20210204T131620,20210625T141512,141.0409,59,A2,-0.153231,0.374230,1
20210204T131620,20210625T141512,141.0409,62,A2,0.131424,0.608833,0
20210204T131620,20210625T141512,141.0409,64,A2,-0.027570,1.497814,0
20210204T131620,20210625T141512,141.0409,65,A3,-0.046164,0.104586,1
20210204T131620,20210625T141512,141.0409,66,A3,0.138807,0.000000,1
20210204T131620,20210625T141512,141.0409,67,A3,-0.148504,1.257473,0
20210204T131620,20210625T141512,141.0409,69,A3,0.267365,0.289410,0
20210204T131620,20210625T141512,141.0409,71,A3,0.216979,0.381861,1
20210204T131620,20210625T141512,141.0409,73,A3,0.095353,0.556377,0
20210204T131620,20210625T141512,141.0409,77,A3,0.441795,0.111669,1
20210204T131620,20210625T141512,141.0409,89,A3,0.317881,1.166878,0
20210204T131620,20210625T141512,141.0409,93,A3,0.013314,1.284806,0
20210204T131620,20210625T141512,141.0409,95,A3,0.220271,0.000000,1
20210204T131620,20210625T141512,141.0409,97,A4,0.256293,0.862078,0
20210204T131620,20210625T141512,141.0409,98,A4,-0.307082,0.000000,1
20210204T131620,20210625T141512,141.0409,99,A4,0.158184,0.158994,1
20210204T131620,20210625T141512,141.0409,100,A4,-0.225002,0.481564,0
20210204T131620,20210625T141512,141.0409,101,A4,0.181836,1.262594,0
20210204T131620,20210625T141512,141.0409,102,A4,0.098363,0.000000,1
20210204T131620,20210625T141512,141.0409,103,A4,-0.258474,1.263718,0
20210204T131620,20210625T141512,141.0409,104,A4,-0.059124,1.193436,0
20210204T131620,20210625T141512,141.0409,107,A4,-0.003156,0.586280,1
20210204T131620,20210625T141512,141.0409,113,A4,-0.002220,1.234711,0
20210204T131620,20210625T141512,141.0409,114,A4,-0.165716,1.665558,0
20210204T131620,20210625T141512,141.0409,115,A4,0.046064,1.083702,0
20210204T131620,20210625T141512,141.0409,116,A4,0.215645,1.241203,0
20210204T131620,20210625T141512,141.0409,117,A4,-0.098321,0.164957,1
20210204T131620,20210625T141512,141.0409,118,A4,-0.026198,0.947734,1
20210204T131620,20210625T141512,141.0409,119,A4,0.193930,2.000000,0
20210204T131620,20210625T141512,141.0409,120,A4,0.049380,0.033487,0
20210204T131620,20210625T141512,141.0409,121,A4,-0.016740,0.630256,1
20210204T131620,20210625T141512,141.0409,122,A4,0.020263,0.857312,0
20210204T131620,20210625T141512,141.0409,123,A4,-0.115403,0.229987,1
20210204T131620,20210625T141512,141.0409,124,A4,-0.123023,0.100351,1
20210204T131620,20210625T141512,141.0409,125,A4,0.378468,0.187009,1
20210204T131620,20210625T141512,141.0409,126,A4,0.080054,1.051165,0
20210204T131620,20210625T141512,141.0409,127,A4,0.244897,0.863916,1
20210204T131620,20210625T141512,141.0409,128,A4,0.236539,0.724476,0
20210204T131620,20210625T141512,141.0409,129,A5,0.210752,0.000000,1
20210204T131620,20210625T141512,141.0409,130,A5,-0.189435,0.655036,0
20210204T131620,20210625T141512,141.0409,131,A5,0.017337,0.000000,1
20210204T131620,20210625T141512,141.0409,132,A5,-0.039628,0.031249,1
20210204T131620,20210625T141512,141.0409,133,A5,-0.031059,0.050098,1
20210204T131620,20210625T141512,141.0409,134,A5,-0.233540,1.788438,0
20210204T131620,20210625T141512,141.0409,135,A5,0.099791,0.196139,1
20210204T131620,20210625T141512,141.0409,136,A5,-0.087503,0.309165,1
20210204T131620,20210625T141512,141.0409,137,A5,-0.019300,0.837679,1
20210204T131620,20210625T141512,141.0409,143,A5,0.101234,0.234216,1
20210204T131620,20210625T141512,141.0409,145,A5,0.053258,0.391983,1
20210204T131620,20210625T141512,141.0409,146,A5,-0.164126,0.546317,0
20210204T131620,20210625T141512,141.0409,147,A5,-0.162807,0.597581,1
20210204T131620,20210625T141512,141.0409,149,A5,-0.119831,0.563801,1
20210204T131620,20210625T141512,141.0409,150,A5,0.074368,0.000000,1
20210204T131620,20210625T141512,141.0409,151,A5,0.099775,1.210545,0
20210204T131620,20210625T141512,141.0409,152,A5,-0.242310,0.582819,1
20210204T131620,20210625T141512,141.0409,153,A5,-0.218518,1.255179,0
20210204T131620,20210625T141512,141.0409,154,A5,0.145636,0.385164,0
20210204T131620,20210625T141512,141.0409,158,A5,-0.022887,0.124375,1
20210204T131620,20210625T141512,141.0409,159,A5,-0.177405,0.992261,1
20210204T131620,20210625T141512,141.0409,160,A5,0.091393,0.833867,1
20210205T151709,20210211T163501,6.0541,1,A1,-0.065886,0.417876,1
20210205T151709,20210211T163501,6.0541,2,A1,-0.391492,0.002740,1
20210205T151709,20210211T163501,6.0541,3,A1,0.312532,0.589983,0
20210205T151709,20210211T163501,6.0541,4,A1,-0.261850,0.026654,1
20210205T151709,20210211T163501,6.0541,5,A1,0.103459,1.171067,0
20210205T151709,20210211T163501,6.0541,6,A1,-0.240077,0.170392,1
20210205T151709,20210211T163501,6.0541,7,A1,0.013021,0.194583,0
20210205T151709,20210211T163501,6.0541,8,A1,0.046807,0.305408,1
20210205T151709,20210211T163501,6.0541,9,A1,-0.130897,0.598039,1
20210205T151709,20210211T163501,6.0541,10,A1,0.056191,0.046066,1
20210205T151709,20210211T163501,6.0541,11,A1,0.139966,0.943044,1
20210205T151709,20210211T163501,6.0541,12,A1,0.069968,0.004705,1
20210205T151709,20210211T163501,6.0541,13,A1,-0.072493,1.534490,0
20210205T151709,20210211T163501,6.0541,14,A1,-0.284483,1.328726,0
20210205T151709,20210211T163501,6.0541,15,A1,0.036221,0.740492,0
20210205T151709,20210211T163501,6.0541,16,A1,-0.066952,0.094904,1
20210205T151709,20210211T163501,6.0541,17,A1,0.114635,0.415350,0
20210205T151709,20210211T163501,6.0541,18,A1,0.027570,0.924310,1
20210205T151709,20210211T163501,6.0541,19,A1,0.178507,0.199179,1
20210205T151709,20210211T163501,6.0541,20,A1,-0.116774,0.047094,1
20210205T151709,20210211T163501,6.0541,21,A1,-0.068154,1.697157,0
20210205T151709,20210211T163501,6.0541,22,A1,-0.203905,0.211230,1
20210205T151709,20210211T163501,6.0541,23,A1,-0.063761,0.812216,0
20210205T151709,20210211T163501,6.0541,24,A1,0.568014,0.281240,1
20210205T151709,20210211T163501,6.0541,25,A1,0.108338,0.789783,1
20210205T151709,20210211T163501,6.0541,26,A1,0.583757,0.000000,1
20210205T151709,20210211T163501,6.0541,27,A1,-0.128826,0.195015,1
20210205T151709,20210211T163501,6.0541,28,A1,0.443162,0.170667,1
20210205T151709,20210211T163501,6.0541,29,A1,0.017207,1.377259,0
20210205T151709,20210211T163501,6.0541,30,A1,-0.485039,1.152985,0
20210205T151709,20210211T163501,6.0541,31,A1,-0.095084,0.108520,1
20210205T151709,20210211T163501,6.0541,32,A1,0.096724,0.730353,0
20210205T151709,20210211T163501,6.0541,33,A2,0.065999,0.766864,1
20210205T151709,20210211T163501,6.0541,34,A2,0.045787,1.020265,0
20210205T151709,20210211T163501,6.0541,35,A2,0.090200,0.629240,0
20210205T151709,20210211T163501,6.0541,36,A2,0.098475,1.302849,0
20210205T151709,20210211T163501,6.0541,37,A2,-0.008499,0.440951,1
20210205T151709,20210211T163501,6.0541,38,A2,-0.036136,1.204177,0
20210205T151709,20210211T163501,6.0541,39,A2,0.351060,0.000000,1
20210205T151709,20210211T163501,6.0541,40,A2,-0.059776,1.161639,0
20210205T151709,20210211T163501,6.0541,41,A2,-0.089854,1.142825,0
20210205T151709,20210211T163501,6.0541,42,A2,0.074786,0.892226,1
20210205T151709,20210211T163501,6.0541,43,A2,0.225768,0.802969,1
20210205T151709,20210211T163501,6.0541,44,A2,0.047962,0.247481,1
20210205T151709,20210211T163501,6.0541,45,A2,0.282810,1.361273,0
20210205T151709,20210211T163501,6.0541,46,A2,-0.076272,1.503584,0
20210205T151709,20210211T163501,6.0541,47,A2,-0.043161,0.848878,1
20210205T151709,20210211T163501,6.0541,48,A2,-0.252177,0.286908,1
20210205T151709,20210211T163501,6.0541,49,A2,0.361226,0.793425,1
20210205T151709,20210211T163501,6.0541,50,A2,-0.069741,1.352680,0
20210205T151709,20210211T163501,6.0541,51,A2,-0.122590,1.814075,0
20210205T151709,20210211T163501,6.0541,52,A2,0.065639,0.933326,1
20210205T151709,20210211T163501,6.0541,53,A2,0.123576,0.163416,1
20210205T151709,20210211T163501,6.0541,54,A2,0.445770,0.979343,1
20210205T151709,20210211T163501,6.0541,55,A2,0.612383,0.637371,1
20210205T151709,20210211T163501,6.0541,56,A2,-0.250557,1.094051,0
20210205T151709,20210211T163501,6.0541,57,A2,0.038048,0.022764,1
20210205T151709,20210211T163501,6.0541,58,A2,-0.202148,0.798891,1
20210205T151709,20210211T163501,6.0541,59,A2,-0.184580,0.786590,1
20210205T151709,20210211T163501,6.0541,60,A2,-0.116052,1.103169,0
20210205T151709,20210211T163501,6.0541,61,A2,0.056779,0.000000,1
20210205T151709,20210211T163501,6.0541,62,A2,-0.272899,0.313901,0
20210205T151709,20210211T163501,6.0541,63,A2,0.062831,0.969770,1
20210205T151709,20210211T163501,6.0541,64,A2,0.071946,0.945940,1
20210205T151709,20210211T163501,6.0541,65,A3,0.245522,0.471921,1
20210205T151709,20210211T163501,6.0541,66,A3,0.673266,0.087007,1
20210205T151709,20210211T163501,6.0541,67,A3,-0.003512,0.006639,1
20210205T151709,20210211T163501,6.0541,68,A3,0.014165,1.407526,0
20210205T151709,20210211T163501,6.0541,69,A3,-0.014816,0.615952,1
20210205T151709,20210211T163501,6.0541,70,A3,-0.052383,0.264539,1
20210205T151709,20210211T163501,6.0541,71,A3,0.604904,0.103708,0
20210205T151709,20210211T163501,6.0541,72,A3,0.286709,1.381392,0
20210205T151709,20210211T163501,6.0541,73,A3,-0.154681,2.000000,0
20210205T151709,20210211T163501,6.0541,74,A3,-0.221308,0.092636,1
20210205T151709,20210211T163501,6.0541,75,A3,0.141325,0.754530,0
20210205T151709,20210211T163501,6.0541,76,A3,0.075421,1.176166,0
20210205T151709,20210211T163501,6.0541,77,A3,0.145112,0.000000,1
20210205T151709,20210211T163501,6.0541,78,A3,0.156869,1.073810,0
20210205T151709,20210211T163501,6.0541,79,A3,0.086499,0.640101,0
20210205T151709,20210211T163501,6.0541,80,A3,-0.120330,1.177670,0
20210205T151709,20210211T163501,6.0541,81,A3,-0.171793,1.198747,0
20210205T151709,20210211T163501,6.0541,82,A3,-0.211710,1.833638,0
20210205T151709,20210211T163501,6.0541,83,A3,0.180492,1.992096,0
20210205T151709,20210211T163501,6.0541,84,A3,0.018733,0.344841,0
20210205T151709,20210211T163501,6.0541,85,A3,0.106845,0.141048,1
20210205T151709,20210211T163501,6.0541,86,A3,0.060820,0.045215,0
20210205T151709,20210211T163501,6.0541,87,A3,0.146575,0.382897,0
20210205T151709,20210211T163501,6.0541,88,A3,-0.216747,0.487314,0
20210205T151709,20210211T163501,6.0541,89,A3,0.135228,1.368365,0
20210205T151709,20210211T163501,6.0541,90,A3,0.111891,0.248274,1
20210205T151709,20210211T163501,6.0541,91,A3,-0.237506,0.280768,0
20210205T151709,20210211T163501,6.0541,92,A3,-0.330287,0.690926,0
20210205T151709,20210211T163501,6.0541,93,A3,-0.131822,0.425824,0
20210205T151709,20210211T163501,6.0541,94,A3,0.143840,0.596800,1
20210205T151709,20210211T163501,6.0541,95,A3,0.004831,0.446267,1
20210205T151709,20210211T163501,6.0541,96,A3,0.237637,0.507238,1
20210205T151709,20210211T163501,6.0541,97,A4,0.326467,0.393368,0
20210205T151709,20210211T163501,6.0541,98,A4,-0.253295,0.402708,1
20210205T151709,20210211T163501,6.0541,99,A4,0.130484,0.315778,1
20210205T151709,20210211T163501,6.0541,100,A4,0.105216,0.028347,1
20210205T151709,20210211T163501,6.0541,101,A4,-0.014774,0.389730,1
20210205T151709,20210211T163501,6.0541,102,A4,0.106808,0.273774,1
20210205T151709,20210211T163501,6.0541,103,A4,0.548168,0.000000,1
20210205T151709,20210211T163501,6.0541,104,A4,-0.138768,0.366488,1
20210205T151709,20210211T163501,6.0541,105,A4,-0.201786,0.582551,0
20210205T151709,20210211T163501,6.0541,106,A4,0.493607,0.863853,1
20210205T151709,20210211T163501,6.0541,107,A4,-0.196016,0.148731,1
20210205T151709,20210211T163501,6.0541,108,A4,-0.027115,0.171049,1
20210205T151709,20210211T163501,6.0541,109,A4,-0.143084,0.153560,1
20210205T151709,20210211T163501,6.0541,110,A4,0.097362,0.438379,0
20210205T151709,20210211T163501,6.0541,111,A4,0.087784,0.110618,1
20210205T151709,20210211T163501,6.0541,112,A4,-0.041460,0.051620,1
20210205T151709,20210211T163501,6.0541,113,A4,0.232363,0.596060,1
20210205T151709,20210211T163501,6.0541,114,A4,-0.460657,1.080432,0
20210205T151709,20210211T163501,6.0541,115,A4,0.601974,0.376068,1
20210205T151709,20210211T163501,6.0541,116,A4,0.426017,0.449423,0
20210205T151709,20210211T163501,6.0541,117,A4,0.410351,0.800302,1
20210205T151709,20210211T163501,6.0541,118,A4,0.346026,0.572852,1
20210205T151709,20210211T163501,6.0541,119,A4,-0.238939,0.037787,1
20210205T151709,20210211T163501,6.0541,120,A4,0.335800,0.166582,1
20210205T151709,20210211T163501,6.0541,121,A4,-0.035033,0.476316,1
20210205T151709,20210211T163501,6.0541,122,A4,0.114565,0.368612,0
20210205T151709,20210211T163501,6.0541,123,A4,-0.252992,0.424727,0
20210205T151709,20210211T163501,6.0541,124,A4,0.570455,0.187410,1
20210205T151709,20210211T163501,6.0541,125,A4,0.177228,0.025267,1
20210205T151709,20210211T163501,6.0541,126,A4,0.351424,0.087097,1
20210205T151709,20210211T163501,6.0541,127,A4,0.176793,0.083522,1
20210205T151709,20210211T163501,6.0541,128,A4,0.109530,0.105466,0
20210205T151709,20210211T163501,6.0541,129,A5,0.016281,1.350371,0
20210205T151709,20210211T163501,6.0541,130,A5,-0.009173,1.148229,0
20210205T151709,20210211T163501,6.0541,131,A5,0.021150,0.376929,1
20210205T151709,20210211T163501,6.0541,132,A5,0.530381,0.268760,1
20210205T151709,20210211T163501,6.0541,133,A5,0.275622,1.321292,0
20210205T151709,20210211T163501,6.0541,134,A5,0.207008,0.158190,1
20210205T151709,20210211T163501,6.0541,135,A5,-0.051170,1.496955,0
20210205T151709,20210211T163501,6.0541,136,A5,0.143039,0.523629,1
20210205T151709,20210211T163501,6.0541,137,A5,0.054916,1.062067,0
20210205T151709,20210211T163501,6.0541,138,A5,0.037565,0.000000,1
20210205T151709,20210211T163501,6.0541,139,A5,0.100098,0.583369,1
20210205T151709,20210211T163501,6.0541,140,A5,-0.076307,1.121307,0
20210205T151709,20210211T163501,6.0541,141,A5,0.236144,0.666606,1
20210205T151709,20210211T163501,6.0541,142,A5,-0.031114,0.589738,1
20210205T151709,20210211T163501,6.0541,143,A5,0.050750,1.846224,0
20210205T151709,20210211T163501,6.0541,144,A5,-0.011427,0.000000,1
20210205T151709,20210211T163501,6.0541,145,A5,-0.230631,1.009047,0
20210205T151709,20210211T163501,6.0541,146,A5,0.181661,0.000000,1
20210205T151709,20210211T163501,6.0541,147,A5,-0.055610,1.109225,0
20210205T151709,20210211T163501,6.0541,148,A5,0.231383,0.850989,0
20210205T151709,20210211T163501,6.0541,149,A5,0.234149,0.038842,1
20210205T151709,20210211T163501,6.0541,150,A5,0.103711,0.452412,1
20210205T151709,20210211T163501,6.0541,151,A5,0.215062,0.499215,1
20210205T151709,20210211T163501,6.0541,152,A5,0.302537,0.402610,1
20210205T151709,20210211T163501,6.0541,153,A5,-0.089194,0.431591,1
20210205T151709,20210211T163501,6.0541,154,A5,0.066480,0.973844,0
20210205T151709,20210211T163501,6.0541,155,A5,0.080301,0.368062,1
20210205T151709,20210211T163501,6.0541,156,A5,-0.366836,0.242734,1
20210205T151709,20210211T163501,6.0541,157,A5,-0.027812,0.959193,1
20210205T151709,20210211T163501,6.0541,158,A5,-0.114960,0.446354,1
20210205T151709,20210211T163501,6.0541,159,A5,0.112585,0.094401,0
20210205T151709,20210211T163501,6.0541,160,A5,0.098114,0.250293,0
20210205T151709,20210218T131636,12.9163,1,A1,-0.025303,0.151627,0
20210205T151709,20210218T131636,12.9163,2,A1,-0.104406,0.569787,0
20210205T151709,20210218T131636,12.9163,3,A1,0.190388,0.524184,0
20210205T151709,20210218T131636,12.9163,4,A1,-0.230810,0.224179,1
20210205T151709,20210218T131636,12.9163,5,A1,-0.134601,0.943351,0
20210205T151709,20210218T131636,12.9163,6,A1,0.387347,0.259694,0
20210205T151709,20210218T131636,12.9163,7,A1,0.055106,0.282471,0
20210205T151709,20210218T131636,12.9163,8,A1,0.201295,0.046699,1
20210205T151709,20210218T131636,12.9163,9,A1,-0.210745,1.047022,0
20210205T151709,20210218T131636,12.9163,10,A1,0.338688,0.036790,1
20210205T151709,20210218T131636,12.9163,11,A1,-0.000565,0.943044,1
20210205T151709,20210218T131636,12.9163,12,A1,0.380541,0.467528,1
20210205T151709,20210218T131636,12.9163,13,A1,0.226705,0.465187,1
20210205T151709,20210218T131636,12.9163,14,A1,-0.217893,1.090973,0
20210205T151709,20210218T131636,12.9163,15,A1,0.303360,0.409201,0
20210205T151709,20210218T131636,12.9163,16,A1,-0.059382,0.314134,0
20210205T151709,20210218T131636,12.9163,17,A1,0.083321,1.354426,0
20210205T151709,20210218T131636,12.9163,18,A1,0.024749,0.445877,0
20210205T151709,20210218T131636,12.9163,19,A1,0.132958,0.229567,0
20210205T151709,20210218T131636,12.9163,20,A1,0.776863,0.141936,1
20210205T151709,20210218T131636,12.9163,21,A1,0.213065,0.000000,1
20210205T151709,20210218T131636,12.9163,22,A1,0.031260,0.050774,0
20210205T151709,20210218T131636,12.9163,23,A1,0.179874,0.102962,0
20210205T151709,20210218T131636,12.9163,24,A1,0.716506,0.085691,1
20210205T151709,20210218T131636,12.9163,25,A1,0.004446,1.134967,0
20210205T151709,20210218T131636,12.9163,26,A1,0.901933,0.000000,1
20210205T151709,20210218T131636,12.9163,27,A1,0.080952,0.330654,1
20210205T151709,20210218T131636,12.9163,28,A1,0.603658,0.345353,1
20210205T151709,20210218T131636,12.9163,29,A1,-0.092571,1.757720,0
20210205T151709,20210218T131636,12.9163,30,A1,-0.212318,0.359934,1
20210205T151709,20210218T131636,12.9163,31,A1,0.280322,0.593087,1
20210205T151709,20210218T131636,12.9163,32,A1,0.138209,0.356387,0
20210205T151709,20210218T131636,12.9163,33,A2,0.245827,0.818325,0
20210205T151709,20210218T131636,12.9163,34,A2,0.157548,0.069015,1
20210205T151709,20210218T131636,12.9163,35,A2,0.300141,0.260443,1
20210205T151709,20210218T131636,12.9163,36,A2,-0.132259,0.041419,1
20210205T151709,20210218T131636,12.9163,37,A2,0.128471,0.569763,1
20210205T151709,20210218T131636,12.9163,38,A2,-0.170720,0.180329,1
20210205T151709,20210218T131636,12.9163,39,A2,0.043487,0.000000,1
20210205T151709,20210218T131636,12.9163,40,A2,-0.149450,1.161639,0
20210205T151709,20210218T131636,12.9163,41,A2,-0.231435,0.123356,1
20210205T151709,20210218T131636,12.9163,42,A2,-0.397755,0.079481,1
20210205T151709,20210218T131636,12.9163,43,A2,-0.104483,0.240544,1
20210205T151709,20210218T131636,12.9163,44,A2,0.047644,0.625724,1
20210205T151709,20210218T131636,12.9163,45,A2,-0.151543,0.715758,0
20210205T151709,20210218T131636,12.9163,46,A2,-0.087277,0.411577,1
20210205T151709,20210218T131636,12.9163,47,A2,0.297915,0.395068,0
20210205T151709,20210218T131636,12.9163,48,A2,-0.069906,0.286908,1
20210205T151709,20210218T131636,12.9163,49,A2,0.029469,0.793425,1
20210205T151709,20210218T131636,12.9163,50,A2,0.194922,0.150984,1
20210205T151709,20210218T131636,12.9163,51,A2,0.319783,0.983081,0
20210205T151709,20210218T131636,12.9163,52,A2,0.221423,0.134173,1
20210205T151709,20210218T131636,12.9163,53,A2,0.002243,0.825283,0
20210205T151709,20210218T131636,12.9163,54,A2,0.784331,0.000000,1
20210205T151709,20210218T131636,12.9163,55,A2,0.512917,0.637371,1
20210205T151709,20210218T131636,12.9163,56,A2,0.258643,0.087154,1
20210205T151709,20210218T131636,12.9163,57,A2,0.100749,0.192827,1
20210205T151709,20210218T131636,12.9163,58,A2,-0.244623,0.796170,1
20210205T151709,20210218T131636,12.9163,59,A2,-0.002214,0.000000,1
20210205T151709,20210218T131636,12.9163,60,A2,-0.108088,0.025139,1
20210205T151709,20210218T131636,12.9163,61,A2,-0.016460,0.705993,1
20210205T151709,20210218T131636,12.9163,62,A2,0.312848,0.430934,0
20210205T151709,20210218T131636,12.9163,63,A2,0.124155,0.700733,1
20210205T151709,20210218T131636,12.9163,64,A2,0.194663,0.285619,1
20210205T151709,20210218T131636,12.9163,65,A3,-0.061340,1.192536,0
20210205T151709,20210218T131636,12.9163,66,A3,0.377202,0.395298,1
20210205T151709,20210218T131636,12.9163,67,A3,0.319960,0.542481,1
20210205T151709,20210218T131636,12.9163,68,A3,0.056205,0.472622,1
20210205T151709,20210218T131636,12.9163,69,A3,0.264895,0.635191,1
20210205T151709,20210218T131636,12.9163,70,A3,-0.032151,0.042793,1
20210205T151709,20210218T131636,12.9163,71,A3,0.528301,0.177796,1
20210205T151709,20210218T131636,12.9163,72,A3,-0.166026,0.011217,1
20210205T151709,20210218T131636,12.9163,73,A3,-0.109448,1.023781,0
20210205T151709,20210218T131636,12.9163,74,A3,-0.260734,0.084731,0
20210205T151709,20210218T131636,12.9163,75,A3,0.009005,0.886131,0
20210205T151709,20210218T131636,12.9163,76,A3,-0.100679,0.005628,1
20210205T151709,20210218T131636,12.9163,77,A3,-0.115360,1.608480,0
20210205T151709,20210218T131636,12.9163,78,A3,-0.106868,0.116613,1
20210205T151709,20210218T131636,12.9163,79,A3,-0.248719,0.112199,1
20210205T151709,20210218T131636,12.9163,80,A3,0.140204,0.244126,0
20210205T151709,20210218T131636,12.9163,81,A3,-0.170680,0.416683,0
20210205T151709,20210218T131636,12.9163,82,A3,-0.347867,1.055801,0
20210205T151709,20210218T131636,12.9163,83,A3,0.214007,1.298946,0
20210205T151709,20210218T131636,12.9163,84,A3,0.030961,0.150218,1
20210205T151709,20210218T131636,12.9163,85,A3,0.299403,0.003518,1
20210205T151709,20210218T131636,12.9163,86,A3,-0.277241,0.124016,0
20210205T151709,20210218T131636,12.9163,87,A3,-0.169033,1.276388,0
20210205T151709,20210218T131636,12.9163,88,A3,0.040721,0.015129,1
20210205T151709,20210218T131636,12.9163,89,A3,-0.124137,0.643183,1
20210205T151709,20210218T131636,12.9163,90,A3,0.112623,1.001284,0
20210205T151709,20210218T131636,12.9163,91,A3,-0.117836,0.158625,1
20210205T151709,20210218T131636,12.9163,92,A3,-0.249106,0.670986,0
20210205T151709,20210218T131636,12.9163,93,A3,-0.064006,0.272971,1
20210205T151709,20210218T131636,12.9163,94,A3,0.014579,0.833065,1
20210205T151709,20210218T131636,12.9163,95,A3,0.029570,1.342797,0
20210205T151709,20210218T131636,12.9163,96,A3,0.037379,0.035211,0
20210205T151709,20210218T131636,12.9163,97,A4,0.362244,0.101596,1
20210205T151709,20210218T131636,12.9163,98,A4,0.034126,0.331532,0
20210205T151709,20210218T131636,12.9163,99,A4,-0.081657,0.569416,1
20210205T151709,20210218T131636,12.9163,100,A4,0.323531,0.028347,1
20210205T151709,20210218T131636,12.9163,101,A4,0.397990,0.389730,1
20210205T151709,20210218T131636,12.9163,102,A4,0.449002,0.016097,1
20210205T151709,20210218T131636,12.9163,103,A4,0.316335,0.000000,1
20210205T151709,20210218T131636,12.9163,104,A4,0.098186,0.000000,1
20210205T151709,20210218T131636,12.9163,105,A4,0.032386,0.240159,1
20210205T151709,20210218T131636,12.9163,106,A4,0.099384,0.064609,1
20210205T151709,20210218T131636,12.9163,107,A4,0.392682,0.506727,1
20210205T151709,20210218T131636,12.9163,108,A4,-0.033529,0.176278,0
20210205T151709,20210218T131636,12.9163,109,A4,-0.060796,0.129639,1
20210205T151709,20210218T131636,12.9163,110,A4,0.525966,0.082044,1
20210205T151709,20210218T131636,12.9163,111,A4,0.180325,0.024389,1
20210205T151709,20210218T131636,12.9163,112,A4,0.003284,0.129360,0
20210205T151709,20210218T131636,12.9163,113,A4,0.744125,0.315068,1
20210205T151709,20210218T131636,12.9163,114,A4,-0.346073,0.483481,0
20210205T151709,20210218T131636,12.9163,115,A4,0.645904,0.242039,1
20210205T151709,20210218T131636,12.9163,116,A4,0.460402,0.212178,1
20210205T151709,20210218T131636,12.9163,117,A4,0.750697,0.859887,1
20210205T151709,20210218T131636,12.9163,118,A4,0.660884,0.022599,1
20210205T151709,20210218T131636,12.9163,119,A4,-0.196848,0.853153,1
20210205T151709,20210218T131636,12.9163,120,A4,0.768769,0.016504,1
20210205T151709,20210218T131636,12.9163,121,A4,0.116907,0.161482,1
20210205T151709,20210218T131636,12.9163,122,A4,0.032568,0.333236,0
20210205T151709,20210218T131636,12.9163,123,A4,0.252369,0.121669,1
20210205T151709,20210218T131636,12.9163,124,A4,0.281205,0.115612,0
20210205T151709,20210218T131636,12.9163,125,A4,0.197186,0.215244,1
20210205T151709,20210218T131636,12.9163,126,A4,0.748727,0.001730,1
20210205T151709,20210218T131636,12.9163,127,A4,0.225889,0.018118,1
20210205T151709,20210218T131636,12.9163,128,A4,0.557009,0.152375,1
20210205T151709,20210218T131636,12.9163,129,A5,0.255050,1.350371,0
20210205T151709,20210218T131636,12.9163,130,A5,-0.159385,0.421263,0
20210205T151709,20210218T131636,12.9163,131,A5,-0.021383,0.539660,1
20210205T151709,20210218T131636,12.9163,132,A5,0.416358,0.000000,1
20210205T151709,20210218T131636,12.9163,133,A5,0.484429,0.412791,1
20210205T151709,20210218T131636,12.9163,134,A5,0.584642,0.219921,1
20210205T151709,20210218T131636,12.9163,135,A5,0.098453,1.496955,0
20210205T151709,20210218T131636,12.9163,136,A5,0.450940,0.406306,1
20210205T151709,20210218T131636,12.9163,137,A5,0.257771,0.753673,0
20210205T151709,20210218T131636,12.9163,138,A5,0.111786,0.996002,1
20210205T151709,20210218T131636,12.9163,139,A5,-0.074824,0.274284,0
20210205T151709,20210218T131636,12.9163,140,A5,-0.094946,0.049780,1
20210205T151709,20210218T131636,12.9163,141,A5,0.049998,0.586984,1
20210205T151709,20210218T131636,12.9163,142,A5,0.174133,0.142755,0
20210205T151709,20210218T131636,12.9163,143,A5,0.410865,0.498908,1
20210205T151709,20210218T131636,12.9163,144,A5,-0.033156,0.995981,1
20210205T151709,20210218T131636,12.9163,145,A5,0.066393,0.908662,1
20210205T151709,20210218T131636,12.9163,146,A5,-0.052193,0.979732,1
20210205T151709,20210218T131636,12.9163,147,A5,0.105532,0.433761,1
20210205T151709,20210218T131636,12.9163,148,A5,0.028380,0.083754,1
20210205T151709,20210218T131636,12.9163,149,A5,-0.236064,0.540876,0
20210205T151709,20210218T131636,12.9163,150,A5,0.416441,0.111793,1
20210205T151709,20210218T131636,12.9163,151,A5,0.041636,0.448478,0
20210205T151709,20210218T131636,12.9163,152,A5,-0.102104,0.416482,1
20210205T151709,20210218T131636,12.9163,153,A5,-0.036679,1.068242,0
20210205T151709,20210218T131636,12.9163,154,A5,0.125713,1.081277,0
20210205T151709,20210218T131636,12.9163,155,A5,0.149915,1.002739,0
20210205T151709,20210218T131636,12.9163,156,A5,-0.043639,0.380434,0
20210205T151709,20210218T131636,12.9163,157,A5,0.071194,0.135248,1
20210205T151709,20210218T131636,12.9163,158,A5,0.211050,0.224969,1
20210205T151709,20210218T131636,12.9163,159,A5,0.114517,0.340859,0
20210205T151709,20210218T131636,12.9163,160,A5,-0.301795,0.346946,0
20210205T151709,20210219T145809,13.9868,1,A1,0.134857,0.026463,1
20210205T151709,20210219T145809,13.9868,2,A1,-0.255134,0.614120,0
20210205T151709,20210219T145809,13.9868,3,A1,-0.029479,1.429227,0
20210205T151709,20210219T145809,13.9868,4,A1,-0.007605,0.230938,1
20210205T151709,20210219T145809,13.9868,5,A1,-0.056271,0.938816,0
20210205T151709,20210219T145809,13.9868,6,A1,0.083458,0.263770,1
20210205T151709,20210219T145809,13.9868,7,A1,-0.164136,0.443877,1
20210205T151709,20210219T145809,13.9868,8,A1,-0.131829,0.288783,0
20210205T151709,20210219T145809,13.9868,9,A1,-0.278589,1.357797,0
20210205T151709,20210219T145809,13.9868,10,A1,0.128010,0.036790,1
20210205T151709,20210219T145809,13.9868,11,A1,-0.196585,0.943044,1
20210205T151709,20210219T145809,13.9868,12,A1,0.024364,0.656185,1
20210205T151709,20210219T145809,13.9868,13,A1,0.004642,1.534490,0
20210205T151709,20210219T145809,13.9868,14,A1,0.178112,1.463920,0
20210205T151709,20210219T145809,13.9868,15,A1,0.208306,1.332244,0
20210205T151709,20210219T145809,13.9868,16,A1,0.183647,0.292699,0
20210205T151709,20210219T145809,13.9868,17,A1,-0.305222,1.354426,0
20210205T151709,20210219T145809,13.9868,18,A1,0.187520,0.341127,0
20210205T151709,20210219T145809,13.9868,19,A1,0.249545,0.503833,0
20210205T151709,20210219T145809,13.9868,20,A1,0.630112,0.240767,1
20210205T151709,20210219T145809,13.9868,21,A1,-0.153133,0.964487,1
20210205T151709,20210219T145809,13.9868,22,A1,0.065864,0.046675,1
20210205T151709,20210219T145809,13.9868,23,A1,0.080251,0.301193,1
20210205T151709,20210219T145809,13.9868,24,A1,0.846251,0.133197,1
20210205T151709,20210219T145809,13.9868,25,A1,-0.109725,1.313224,0
20210205T151709,20210219T145809,13.9868,26,A1,0.810961,0.000000,1
20210205T151709,20210219T145809,13.9868,27,A1,0.258730,0.348598,1
20210205T151709,20210219T145809,13.9868,28,A1,0.699931,0.399433,1
20210205T151709,20210219T145809,13.9868,29,A1,0.089888,1.197892,0
20210205T151709,20210219T145809,13.9868,30,A1,0.380347,0.070900,1
20210205T151709,20210219T145809,13.9868,31,A1,-0.069425,1.016415,0
20210205T151709,20210219T145809,13.9868,32,A1,0.278318,0.152069,1
20210205T151709,20210219T145809,13.9868,33,A2,-0.163337,0.539881,0
20210205T151709,20210219T145809,13.9868,34,A2,0.175787,0.035549,1
20210205T151709,20210219T145809,13.9868,35,A2,0.126756,0.427683,1
20210205T151709,20210219T145809,13.9868,36,A2,-0.042448,0.124584,1
20210205T151709,20210219T145809,13.9868,37,A2,-0.161853,0.045069,1
20210205T151709,20210219T145809,13.9868,38,A2,0.333595,0.216694,0
20210205T151709,20210219T145809,13.9868,39,A2,-0.111213,0.000000,1
20210205T151709,20210219T145809,13.9868,40,A2,-0.031521,0.058958,1
20210205T151709,20210219T145809,13.9868,41,A2,-0.097829,0.277259,1
20210205T151709,20210219T145809,13.9868,42,A2,0.025107,0.308629,1
20210205T151709,20210219T145809,13.9868,43,A2,-0.012627,0.208117,0
20210205T151709,20210219T145809,13.9868,44,A2,0.001360,0.166906,1
20210205T151709,20210219T145809,13.9868,45,A2,-0.333720,1.361273,0
20210205T151709,20210219T145809,13.9868,46,A2,-0.045176,1.209914,0
20210205T151709,20210219T145809,13.9868,47,A2,-0.116431,0.144210,1
20210205T151709,20210219T145809,13.9868,48,A2,0.337452,1.188439,0
20210205T151709,20210219T145809,13.9868,49,A2,0.076253,0.793425,1
20210205T151709,20210219T145809,13.9868,50,A2,-0.066867,0.387111,0
20210205T151709,20210219T145809,13.9868,51,A2,0.319006,1.394909,0
20210205T151709,20210219T145809,13.9868,52,A2,-0.100547,0.011790,1
20210205T151709,20210219T145809,13.9868,53,A2,-0.214334,0.988335,0
20210205T151709,20210219T145809,13.9868,54,A2,0.822517,0.000000,1
20210205T151709,20210219T145809,13.9868,55,A2,0.595661,0.182309,1
20210205T151709,20210219T145809,13.9868,56,A2,-0.149274,0.917753,0
20210205T151709,20210219T145809,13.9868,57,A2,0.012308,0.146606,0
20210205T151709,20210219T145809,13.9868,58,A2,0.043620,1.652016,0
20210205T151709,20210219T145809,13.9868,59,A2,0.493672,0.000000,1
20210205T151709,20210219T145809,13.9868,60,A2,0.050786,0.148630,0
20210205T151709,20210219T145809,13.9868,61,A2,0.032959,1.036474,0
20210205T151709,20210219T145809,13.9868,62,A2,-0.023255,0.081326,1
20210205T151709,20210219T145809,13.9868,63,A2,0.032586,0.089475,1
20210205T151709,20210219T145809,13.9868,64,A2,-0.245835,0.041128,1
20210205T151709,20210219T145809,13.9868,65,A3,-0.209661,0.910039,0
20210205T151709,20210219T145809,13.9868,66,A3,0.157305,0.878695,1
20210205T151709,20210219T145809,13.9868,67,A3,-0.148632,0.553625,0
20210205T151709,20210219T145809,13.9868,68,A3,0.155171,0.557749,0
20210205T151709,20210219T145809,13.9868,69,A3,0.121818,0.947698,1
20210205T151709,20210219T145809,13.9868,70,A3,0.283901,0.054950,1
20210205T151709,20210219T145809,13.9868,71,A3,0.297790,0.046975,1
20210205T151709,20210219T145809,13.9868,72,A3,-0.177668,0.436797,0
20210205T151709,20210219T145809,13.9868,73,A3,0.323853,0.000000,1
20210205T151709,20210219T145809,13.9868,74,A3,0.144353,0.050351,0
20210205T151709,20210219T145809,13.9868,75,A3,0.088051,0.779995,0
20210205T151709,20210219T145809,13.9868,76,A3,0.063834,0.090477,1
20210205T151709,20210219T145809,13.9868,77,A3,0.381150,0.398355,1
20210205T151709,20210219T145809,13.9868,78,A3,-0.185102,0.420332,0
20210205T151709,20210219T145809,13.9868,79,A3,-0.063067,0.068811,1
20210205T151709,20210219T145809,13.9868,80,A3,-0.076252,0.271564,1
20210205T151709,20210219T145809,13.9868,81,A3,0.060373,0.191708,1
20210205T151709,20210219T145809,13.9868,82,A3,-0.122388,0.748626,1
20210205T151709,20210219T145809,13.9868,83,A3,0.147999,0.942245,1
20210205T151709,20210219T145809,13.9868,84,A3,0.207303,0.112790,0
20210205T151709,20210219T145809,13.9868,85,A3,0.042045,0.109586,1
20210205T151709,20210219T145809,13.9868,86,A3,-0.101405,0.981041,1
20210205T151709,20210219T145809,13.9868,87,A3,0.049830,0.284961,0
20210205T151709,20210219T145809,13.9868,88,A3,-0.255136,0.150772,0
20210205T151709,20210219T145809,13.9868,89,A3,-0.021374,0.693342,1
20210205T151709,20210219T145809,13.9868,90,A3,0.274440,1.001284,0
20210205T151709,20210219T145809,13.9868,91,A3,-0.174597,0.045400,1
20210205T151709,20210219T145809,13.9868,92,A3,-0.157604,0.183425,0
20210205T151709,20210219T145809,13.9868,93,A3,0.076685,1.327191,0
20210205T151709,20210219T145809,13.9868,94,A3,-0.058298,0.824249,1
20210205T151709,20210219T145809,13.9868,95,A3,0.123102,0.836602,1
20210205T151709,20210219T145809,13.9868,96,A3,-0.070515,0.046753,0
20210205T151709,20210219T145809,13.9868,97,A4,0.538316,0.059828,1
20210205T151709,20210219T145809,13.9868,98,A4,0.145893,0.045610,1
20210205T151709,20210219T145809,13.9868,99,A4,-0.022061,0.119427,1
20210205T151709,20210219T145809,13.9868,100,A4,0.314840,0.012894,1
20210205T151709,20210219T145809,13.9868,101,A4,0.277616,0.035470,1
20210205T151709,20210219T145809,13.9868,102,A4,0.442335,0.121732,1
20210205T151709,20210219T145809,13.9868,103,A4,0.134924,0.420636,1
20210205T151709,20210219T145809,13.9868,104,A4,0.039587,0.981721,1
20210205T151709,20210219T145809,13.9868,105,A4,0.061087,0.644745,1
20210205T151709,20210219T145809,13.9868,106,A4,0.129176,0.262010,0
20210205T151709,20210219T145809,13.9868,107,A4,0.164668,0.653353,1
20210205T151709,20210219T145809,13.9868,108,A4,-0.100380,0.267185,0
20210205T151709,20210219T145809,13.9868,109,A4,-0.161012,0.001826,1
20210205T151709,20210219T145809,13.9868,110,A4,0.256701,0.024855,1
20210205T151709,20210219T145809,13.9868,111,A4,0.214137,0.058455,1
20210205T151709,20210219T145809,13.9868,112,A4,0.102008,0.168366,0
20210205T151709,20210219T145809,13.9868,113,A4,0.799565,0.383599,1
20210205T151709,20210219T145809,13.9868,114,A4,-0.396744,0.275733,0
20210205T151709,20210219T145809,13.9868,115,A4,0.743102,0.086564,1
20210205T151709,20210219T145809,13.9868,116,A4,0.336578,0.080288,1
20210205T151709,20210219T145809,13.9868,117,A4,0.623809,0.859887,1
20210205T151709,20210219T145809,13.9868,118,A4,0.622078,0.220414,1
20210205T151709,20210219T145809,13.9868,119,A4,-0.470575,0.853153,1
20210205T151709,20210219T145809,13.9868,120,A4,0.640076,0.085177,1
20210205T151709,20210219T145809,13.9868,121,A4,0.071049,0.130737,1
20210205T151709,20210219T145809,13.9868,122,A4,-0.210276,0.306482,0
20210205T151709,20210219T145809,13.9868,123,A4,-0.115530,0.151774,1
20210205T151709,20210219T145809,13.9868,124,A4,0.534469,0.058310,1
20210205T151709,20210219T145809,13.9868,125,A4,0.385551,0.240042,1
20210205T151709,20210219T145809,13.9868,126,A4,0.521165,0.030003,1
20210205T151709,20210219T145809,13.9868,127,A4,0.317886,0.087288,1
20210205T151709,20210219T145809,13.9868,128,A4,0.411228,0.041007,1
20210205T151709,20210219T145809,13.9868,129,A5,-0.045374,1.130330,0
20210205T151709,20210219T145809,13.9868,130,A5,0.053484,0.270797,0
20210205T151709,20210219T145809,13.9868,131,A5,0.004056,0.974094,1
20210205T151709,20210219T145809,13.9868,132,A5,0.498963,0.563686,1
20210205T151709,20210219T145809,13.9868,133,A5,0.537307,0.412791,1
20210205T151709,20210219T145809,13.9868,134,A5,-0.053104,0.700817,1
20210205T151709,20210219T145809,13.9868,135,A5,0.461851,1.496955,0
20210205T151709,20210219T145809,13.9868,136,A5,0.491528,0.215386,1
20210205T151709,20210219T145809,13.9868,137,A5,-0.037447,1.415900,0
20210205T151709,20210219T145809,13.9868,138,A5,0.164208,1.002397,0
20210205T151709,20210219T145809,13.9868,139,A5,-0.201459,0.814678,0
20210205T151709,20210219T145809,13.9868,140,A5,-0.034392,0.388523,1
20210205T151709,20210219T145809,13.9868,141,A5,0.475437,0.451970,1
20210205T151709,20210219T145809,13.9868,142,A5,0.342466,0.946673,1
20210205T151709,20210219T145809,13.9868,143,A5,0.161358,0.730756,1
20210205T151709,20210219T145809,13.9868,144,A5,-0.171160,0.000000,1
20210205T151709,20210219T145809,13.9868,145,A5,0.197150,0.908662,1
20210205T151709,20210219T145809,13.9868,146,A5,0.542273,0.639468,1
20210205T151709,20210219T145809,13.9868,147,A5,0.148970,0.191992,1
20210205T151709,20210219T145809,13.9868,148,A5,0.112574,0.513618,0
20210205T151709,20210219T145809,13.9868,149,A5,-0.114437,0.338584,0
20210205T151709,20210219T145809,13.9868,150,A5,0.067828,0.183913,0
20210205T151709,20210219T145809,13.9868,151,A5,0.168972,0.103707,0
20210205T151709,20210219T145809,13.9868,152,A5,0.084459,0.032558,1
20210205T151709,20210219T145809,13.9868,153,A5,-0.387787,1.521353,0
20210205T151709,20210219T145809,13.9868,154,A5,0.004197,0.188990,1
20210205T151709,20210219T145809,13.9868,155,A5,0.138048,1.178805,0
20210205T151709,20210219T145809,13.9868,156,A5,-0.040877,0.049081,1
20210205T151709,20210219T145809,13.9868,157,A5,-0.002166,0.045312,1
20210205T151709,20210219T145809,13.9868,158,A5,-0.065877,0.190216,0
20210205T151709,20210219T145809,13.9868,159,A5,0.135308,0.510851,0
20210205T151709,20210219T145809,13.9868,160,A5,0.178535,0.423294,0
20210205T151709,20210610T132106,124.9194,1,A1,0.145767,0.271377,0
20210205T151709,20210610T132106,124.9194,2,A1,-0.310966,0.097243,1
20210205T151709,20210610T132106,124.9194,3,A1,-0.241014,1.065460,0
20210205T151709,20210610T132106,124.9194,4,A1,0.094518,0.518188,1
20210205T151709,20210610T132106,124.9194,5,A1,-0.080402,0.092895,1
20210205T151709,20210610T132106,124.9194,6,A1,0.068469,0.028601,1
20210205T151709,20210610T132106,124.9194,7,A1,0.007962,1.050876,0
20210205T151709,20210610T132106,124.9194,8,A1,0.141226,0.519345,0
20210205T151709,20210610T132106,124.9194,9,A1,-0.164626,1.174280,0
20210205T151709,20210610T132106,124.9194,10,A1,0.108910,0.560490,1
20210205T151709,20210610T132106,124.9194,11,A1,-0.009897,0.105222,0
20210205T151709,20210610T132106,124.9194,12,A1,-0.231613,0.800328,0
20210205T151709,20210610T132106,124.9194,13,A1,0.112999,0.487602,1
20210205T151709,20210610T132106,124.9194,14,A1,-0.102391,0.918966,1
20210205T151709,20210610T132106,124.9194,15,A1,0.256768,0.188098,1
20210205T151709,20210610T132106,124.9194,16,A1,0.083257,0.641588,1
20210205T151709,20210610T132106,124.9194,17,A1,0.257939,0.517380,0
20210205T151709,20210610T132106,124.9194,18,A1,-0.080880,0.924310,1
20210205T151709,20210610T132106,124.9194,19,A1,0.302564,0.002945,1
20210205T151709,20210610T132106,124.9194,20,A1,0.330910,0.270963,1
20210205T151709,20210610T132106,124.9194,21,A1,0.406289,1.053922,0
20210205T151709,20210610T132106,124.9194,22,A1,-0.166527,0.144542,0
20210205T151709,20210610T132106,124.9194,23,A1,0.176471,0.618078,0
20210205T151709,20210610T132106,124.9194,24,A1,-0.566597,1.710117,0
20210205T151709,20210610T132106,124.9194,25,A1,0.139165,1.042957,0
20210205T151709,20210610T132106,124.9194,26,A1,0.095081,0.995852,1
20210205T151709,20210610T132106,124.9194,27,A1,0.129737,0.040724,1
20210205T151709,20210610T132106,124.9194,28,A1,0.315105,0.793645,0
20210205T151709,20210610T132106,124.9194,29,A1,0.222827,0.000000,1
20210205T151709,20210610T132106,124.9194,30,A1,-0.008112,1.152985,0
20210205T151709,20210610T132106,124.9194,31,A1,-0.125914,0.848757,1
20210205T151709,20210610T132106,124.9194,32,A1,0.201859,0.160562,1
20210205T151709,20210610T132106,124.9194,33,A2,-0.282868,0.766864,1
20210205T151709,20210610T132106,124.9194,34,A2,0.018815,0.407219,1
20210205T151709,20210610T132106,124.9194,35,A2,-0.245228,0.127744,0
20210205T151709,20210610T132106,124.9194,36,A2,0.089220,0.672737,0
20210205T151709,20210610T132106,124.9194,37,A2,-0.145072,0.085181,1
20210205T151709,20210610T132106,124.9194,38,A2,-0.022261,0.242631,0
20210205T151709,20210610T132106,124.9194,39,A2,-0.140710,0.000000,1
20210205T151709,20210610T132106,124.9194,40,A2,0.052938,0.432481,0
20210205T151709,20210610T132106,124.9194,41,A2,-0.085518,0.117450,1
20210205T151709,20210610T132106,124.9194,42,A2,0.101121,0.892226,1
20210205T151709,20210610T132106,124.9194,43,A2,0.055832,0.390657,0
20210205T151709,20210610T132106,124.9194,44,A2,-0.083680,0.654917,1
20210205T151709,20210610T132106,124.9194,45,A2,-0.157572,0.308106,1
20210205T151709,20210610T132106,124.9194,46,A2,-0.232023,0.496416,1
20210205T151709,20210610T132106,124.9194,47,A2,-0.191748,1.151122,0
20210205T151709,20210610T132106,124.9194,48,A2,0.109773,0.286908,1
20210205T151709,20210610T132106,124.9194,49,A2,-0.016528,0.449977,1
20210205T151709,20210610T132106,124.9194,50,A2,0.154943,0.835852,0
20210205T151709,20210610T132106,124.9194,51,A2,-0.033288,1.539193,0
20210205T151709,20210610T132106,124.9194,52,A2,-0.029319,1.066674,0
20210205T151709,20210610T132106,124.9194,53,A2,-0.034383,0.961502,0
20210205T151709,20210610T132106,124.9194,54,A2,0.253061,0.000000,1
20210205T151709,20210610T132106,124.9194,55,A2,0.143712,0.637371,1
20210205T151709,20210610T132106,124.9194,56,A2,0.118485,0.180375,0
20210205T151709,20210610T132106,124.9194,57,A2,-0.005496,0.114639,0
20210205T151709,20210610T132106,124.9194,58,A2,0.056288,1.056477,0
20210205T151709,20210610T132106,124.9194,59,A2,0.052482,1.062868,0
20210205T151709,20210610T132106,124.9194,60,A2,-0.348238,0.077519,1
20210205T151709,20210610T132106,124.9194,61,A2,0.260854,0.621843,1
20210205T151709,20210610T132106,124.9194,62,A2,-0.210618,0.021781,0
20210205T151709,20210610T132106,124.9194,63,A2,0.047932,0.250228,1
20210205T151709,20210610T132106,124.9194,64,A2,0.309882,0.106337,0
20210205T151709,20210610T132106,124.9194,65,A3,-0.180097,1.326850,0
20210205T151709,20210610T132106,124.9194,66,A3,0.173556,0.968113,0
20210205T151709,20210610T132106,124.9194,67,A3,-0.162773,0.138884,1
20210205T151709,20210610T132106,124.9194,68,A3,-0.070857,0.732167,0
20210205T151709,20210610T132106,124.9194,69,A3,0.018160,0.565147,1
20210205T151709,20210610T132106,124.9194,70,A3,0.221513,0.443607,0
20210205T151709,20210610T132106,124.9194,71,A3,0.012729,0.091138,0
20210205T151709,20210610T132106,124.9194,72,A3,-0.162368,0.383667,0
20210205T151709,20210610T132106,124.9194,73,A3,0.438356,1.152798,0
20210205T151709,20210610T132106,124.9194,74,A3,-0.192709,0.328270,1
20210205T151709,20210610T132106,124.9194,75,A3,-0.209095,0.294275,1
20210205T151709,20210610T132106,124.9194,76,A3,0.092814,0.513862,0
20210205T151709,20210610T132106,124.9194,77,A3,-0.148776,0.712785,1
20210205T151709,20210610T132106,124.9194,78,A3,-0.049803,0.143314,1
20210205T151709,20210610T132106,124.9194,79,A3,0.091345,0.124837,1
20210205T151709,20210610T132106,124.9194,80,A3,0.099827,0.900491,0
20210205T151709,20210610T132106,124.9194,81,A3,0.013091,0.590010,0
20210205T151709,20210610T132106,124.9194,82,A3,-0.035511,0.854279,1
20210205T151709,20210610T132106,124.9194,83,A3,0.150135,1.098320,0
20210205T151709,20210610T132106,124.9194,84,A3,-0.380741,0.556397,1
20210205T151709,20210610T132106,124.9194,85,A3,0.120615,0.092372,1
20210205T151709,20210610T132106,124.9194,86,A3,-0.116309,0.099180,1
20210205T151709,20210610T132106,124.9194,87,A3,-0.026349,0.333174,1
20210205T151709,20210610T132106,124.9194,88,A3,0.223605,0.198823,0
20210205T151709,20210610T132106,124.9194,89,A3,0.193395,0.861717,1
20210205T151709,20210610T132106,124.9194,90,A3,0.026938,0.004990,1
20210205T151709,20210610T132106,124.9194,91,A3,0.138554,1.014331,0
20210205T151709,20210610T132106,124.9194,92,A3,-0.056656,0.369333,1
20210205T151709,20210610T132106,124.9194,93,A3,0.086216,0.333814,0
20210205T151709,20210610T132106,124.9194,94,A3,0.021493,1.014896,0
20210205T151709,20210610T132106,124.9194,95,A3,-0.171130,0.625524,1
20210205T151709,20210610T132106,124.9194,96,A3,0.005712,0.616102,0
20210205T151709,20210610T132106,124.9194,97,A4,-0.040895,0.368383,0
20210205T151709,20210610T132106,124.9194,98,A4,0.181477,0.021338,1
20210205T151709,20210610T132106,124.9194,99,A4,0.559449,0.717635,0
20210205T151709,20210610T132106,124.9194,100,A4,-0.242531,0.818460,1
20210205T151709,20210610T132106,124.9194,101,A4,-0.228844,0.336225,1
20210205T151709,20210610T132106,124.9194,102,A4,0.366352,0.465788,0
20210205T151709,20210610T132106,124.9194,103,A4,-0.093342,1.439354,0
20210205T151709,20210610T132106,124.9194,104,A4,-0.325451,2.000000,0
20210205T151709,20210610T132106,124.9194,105,A4,0.362959,0.563108,0
20210205T151709,20210610T132106,124.9194,106,A4,0.081985,0.873166,1
20210205T151709,20210610T132106,124.9194,107,A4,0.147328,0.490675,1
20210205T151709,20210610T132106,124.9194,108,A4,-0.010000,0.886800,1
20210205T151709,20210610T132106,124.9194,109,A4,0.050116,0.020722,1
20210205T151709,20210610T132106,124.9194,110,A4,-0.171169,0.283166,0
20210205T151709,20210610T132106,124.9194,111,A4,-0.123152,0.051616,1
20210205T151709,20210610T132106,124.9194,112,A4,0.127322,0.014876,1
20210205T151709,20210610T132106,124.9194,113,A4,-0.359048,0.924475,0
20210205T151709,20210610T132106,124.9194,114,A4,-0.313950,0.522366,0
20210205T151709,20210610T132106,124.9194,115,A4,-0.322806,1.464733,0
20210205T151709,20210610T132106,124.9194,116,A4,0.504389,0.870636,0
20210205T151709,20210610T132106,124.9194,117,A4,0.654255,0.859887,1
20210205T151709,20210610T132106,124.9194,118,A4,0.550533,0.055275,1
20210205T151709,20210610T132106,124.9194,119,A4,-0.223882,0.415809,0
20210205T151709,20210610T132106,124.9194,120,A4,0.718033,0.274485,1
20210205T151709,20210610T132106,124.9194,121,A4,-0.053480,0.564236,1
20210205T151709,20210610T132106,124.9194,122,A4,0.635056,0.120133,1
20210205T151709,20210610T132106,124.9194,123,A4,0.752219,0.650024,1
20210205T151709,20210610T132106,124.9194,124,A4,0.134289,0.241695,1
20210205T151709,20210610T132106,124.9194,125,A4,0.237935,0.318935,1
20210205T151709,20210610T132106,124.9194,126,A4,0.738888,0.305410,1
20210205T151709,20210610T132106,124.9194,127,A4,-0.088979,0.294782,0
20210205T151709,20210610T132106,124.9194,128,A4,0.285665,0.075824,0
20210205T151709,20210610T132106,124.9194,129,A5,0.089706,0.649629,1
20210205T151709,20210610T132106,124.9194,130,A5,-0.190358,0.271139,1
20210205T151709,20210610T132106,124.9194,131,A5,-0.119192,1.103881,0
20210205T151709,20210610T132106,124.9194,132,A5,-0.412994,1.342115,0
20210205T151709,20210610T132106,124.9194,133,A5,-0.094777,0.619435,0
20210205T151709,20210610T132106,124.9194,134,A5,-0.160222,1.077882,0
20210205T151709,20210610T132106,124.9194,135,A5,0.261615,0.503045,1
20210205T151709,20210610T132106,124.9194,136,A5,0.029362,0.785436,0
20210205T151709,20210610T132106,124.9194,137,A5,0.228798,0.254273,1
20210205T151709,20210610T132106,124.9194,138,A5,0.133195,1.168350,0
20210205T151709,20210610T132106,124.9194,139,A5,-0.043571,0.366180,0
20210205T151709,20210610T132106,124.9194,140,A5,-0.125712,0.387563,1
20210205T151709,20210610T132106,124.9194,141,A5,-0.185373,0.702617,1
20210205T151709,20210610T132106,124.9194,142,A5,0.087551,0.060797,0
20210205T151709,20210610T132106,124.9194,143,A5,-0.004039,1.539998,0
20210205T151709,20210610T132106,124.9194,144,A5,0.491233,1.575760,0
20210205T151709,20210610T132106,124.9194,145,A5,0.231658,0.069491,1
20210205T151709,20210610T132106,124.9194,146,A5,0.154866,1.731644,0
20210205T151709,20210610T132106,124.9194,147,A5,0.153092,0.078754,1
20210205T151709,20210610T132106,124.9194,148,A5,-0.078583,0.599580,1
20210205T151709,20210610T132106,124.9194,149,A5,-0.052225,0.704658,1
20210205T151709,20210610T132106,124.9194,150,A5,0.191339,0.089903,1
20210205T151709,20210610T132106,124.9194,151,A5,-0.344172,1.041037,0
20210205T151709,20210610T132106,124.9194,152,A5,0.388974,0.898792,1
20210205T151709,20210610T132106,124.9194,153,A5,0.008011,0.545787,1
20210205T151709,20210610T132106,124.9194,154,A5,-0.119290,1.138692,0
20210205T151709,20210610T132106,124.9194,155,A5,-0.136735,1.458110,0
20210205T151709,20210610T132106,124.9194,156,A5,-0.065551,0.021216,1
20210205T151709,20210610T132106,124.9194,157,A5,0.109567,0.035305,1
20210205T151709,20210610T132106,124.9194,158,A5,-0.046958,0.242232,1
20210205T151709,20210610T132106,124.9194,159,A5,0.055342,0.269347,0
20210205T151709,20210610T132106,124.9194,160,A5,-0.015826,0.060103,1
20210205T151709,20210618T123111,132.8847,1,A1,0.162440,0.505543,0
20210205T151709,20210618T123111,132.8847,2,A1,0.204958,0.473708,0
20210205T151709,20210618T123111,132.8847,3,A1,-0.001981,0.222019,1
20210205T151709,20210618T123111,132.8847,4,A1,-0.171653,0.654599,0
20210205T151709,20210618T123111,132.8847,5,A1,0.269908,1.308405,0
20210205T151709,20210618T123111,132.8847,6,A1,-0.009659,0.195777,1
20210205T151709,20210618T123111,132.8847,7,A1,-0.214633,1.087575,0
20210205T151709,20210618T123111,132.8847,8,A1,0.083194,1.228893,0
20210205T151709,20210618T123111,132.8847,9,A1,0.122418,1.304562,0
20210205T151709,20210618T123111,132.8847,10,A1,0.314112,0.036790,1
20210205T151709,20210618T123111,132.8847,11,A1,-0.310420,0.230155,1
20210205T151709,20210618T123111,132.8847,12,A1,0.291717,0.594739,1
20210205T151709,20210618T123111,132.8847,13,A1,0.080266,0.110753,1
20210205T151709,20210618T123111,132.8847,14,A1,0.283078,0.620609,1
20210205T151709,20210618T123111,132.8847,15,A1,-0.040457,0.976434,0
20210205T151709,20210618T123111,132.8847,16,A1,-0.329084,0.190799,1
20210205T151709,20210618T123111,132.8847,17,A1,-0.400247,1.354426,0
20210205T151709,20210618T123111,132.8847,18,A1,0.142999,0.324304,1
20210205T151709,20210618T123111,132.8847,19,A1,0.015871,0.589544,1
20210205T151709,20210618T123111,132.8847,20,A1,0.185236,0.524371,1
20210205T151709,20210618T123111,132.8847,21,A1,0.138947,0.098363,1
20210205T151709,20210618T123111,132.8847,22,A1,0.405890,0.113220,1
20210205T151709,20210618T123111,132.8847,23,A1,-0.138618,0.943760,1
20210205T151709,20210618T123111,132.8847,24,A1,-0.410295,1.710117,0
20210205T151709,20210618T123111,132.8847,25,A1,0.199158,0.551279,1
20210205T151709,20210618T123111,132.8847,26,A1,-0.405031,1.732770,0
20210205T151709,20210618T123111,132.8847,27,A1,-0.035659,0.057324,1
20210205T151709,20210618T123111,132.8847,28,A1,0.401481,0.676611,0
20210205T151709,20210618T123111,132.8847,29,A1,0.213699,0.000000,1
20210205T151709,20210618T123111,132.8847,30,A1,-0.071677,0.162840,0
20210205T151709,20210618T123111,132.8847,31,A1,-0.047164,0.108520,1
20210205T151709,20210618T123111,132.8847,32,A1,0.424818,0.265187,1
20210205T151709,20210618T123111,132.8847,33,A2,0.396891,0.066961,1
20210205T151709,20210618T123111,132.8847,34,A2,-0.351506,0.979735,1
20210205T151709,20210618T123111,132.8847,35,A2,0.064962,1.075685,0
20210205T151709,20210618T123111,132.8847,36,A2,0.104456,0.229324,1
20210205T151709,20210618T123111,132.8847,37,A2,-0.223520,0.117622,0
20210205T151709,20210618T123111,132.8847,38,A2,0.009910,0.043938,1
20210205T151709,20210618T123111,132.8847,39,A2,0.093828,0.652780,1
20210205T151709,20210618T123111,132.8847,40,A2,-0.146375,0.223280,0
20210205T151709,20210618T123111,132.8847,41,A2,0.364687,1.142825,0
20210205T151709,20210618T123111,132.8847,42,A2,0.159573,0.892226,1
20210205T151709,20210618T123111,132.8847,43,A2,0.063180,0.332428,1
20210205T151709,20210618T123111,132.8847,44,A2,0.057091,0.066897,1
20210205T151709,20210618T123111,132.8847,45,A2,-0.051650,1.340321,0
20210205T151709,20210618T123111,132.8847,46,A2,0.019387,0.439625,1
20210205T151709,20210618T123111,132.8847,47,A2,-0.385709,0.819494,0
20210205T151709,20210618T123111,132.8847,48,A2,0.134666,0.620282,1
20210205T151709,20210618T123111,132.8847,49,A2,-0.057844,0.793425,1
20210205T151709,20210618T123111,132.8847,50,A2,-0.092793,0.647320,1
20210205T151709,20210618T123111,132.8847,51,A2,-0.119993,0.402064,1
20210205T151709,20210618T123111,132.8847,52,A2,0.116442,0.267482,0
20210205T151709,20210618T123111,132.8847,53,A2,0.066595,0.890415,0
20210205T151709,20210618T123111,132.8847,54,A2,0.110290,0.943124,1
20210205T151709,20210618T123111,132.8847,55,A2,0.129512,0.420114,1
20210205T151709,20210618T123111,132.8847,56,A2,0.036936,0.688208,0
20210205T151709,20210618T123111,132.8847,57,A2,-0.263353,0.217130,0
20210205T151709,20210618T123111,132.8847,58,A2,-0.141652,0.945800,1
20210205T151709,20210618T123111,132.8847,59,A2,0.207111,0.981934,1
20210205T151709,20210618T123111,132.8847,60,A2,0.077083,0.088424,1
20210205T151709,20210618T123111,132.8847,61,A2,0.167204,0.000000,1
20210205T151709,20210618T123111,132.8847,62,A2,0.086687,0.103917,1
20210205T151709,20210618T123111,132.8847,63,A2,0.077919,0.969770,1
20210205T151709,20210618T123111,132.8847,64,A2,-0.072284,0.973953,0
20210205T151709,20210618T123111,132.8847,65,A3,0.022938,0.994647,0
20210205T151709,20210618T123111,132.8847,66,A3,-0.177633,1.036744,0
20210205T151709,20210618T123111,132.8847,67,A3,-0.254061,0.967597,0
20210205T151709,20210618T123111,132.8847,68,A3,-0.166154,0.095430,1
20210205T151709,20210618T123111,132.8847,69,A3,0.015000,0.000000,1
20210205T151709,20210618T123111,132.8847,70,A3,0.245571,0.137466,1
20210205T151709,20210618T123111,132.8847,71,A3,-0.056686,0.263004,0
20210205T151709,20210618T123111,132.8847,72,A3,-0.117860,0.442111,0
20210205T151709,20210618T123111,132.8847,73,A3,-0.144520,1.015417,0
20210205T151709,20210618T123111,132.8847,74,A3,-0.121076,0.115497,0
20210205T151709,20210618T123111,132.8847,75,A3,-0.115945,1.060964,0
20210205T151709,20210618T123111,132.8847,76,A3,-0.075200,0.332367,0
20210205T151709,20210618T123111,132.8847,77,A3,0.021535,0.702768,1
20210205T151709,20210618T123111,132.8847,78,A3,-0.216296,0.555909,0
20210205T151709,20210618T123111,132.8847,79,A3,-0.095309,0.246266,1
20210205T151709,20210618T123111,132.8847,80,A3,0.335313,0.822330,1
20210205T151709,20210618T123111,132.8847,81,A3,-0.193131,0.375719,0
20210205T151709,20210618T123111,132.8847,82,A3,0.001656,1.186289,0
20210205T151709,20210618T123111,132.8847,83,A3,0.126597,1.427485,0
20210205T151709,20210618T123111,132.8847,84,A3,-0.246512,0.129938,0
20210205T151709,20210618T123111,132.8847,85,A3,-0.281053,0.145536,1
20210205T151709,20210618T123111,132.8847,86,A3,0.088347,0.116974,1
20210205T151709,20210618T123111,132.8847,87,A3,-0.187896,0.418798,0
20210205T151709,20210618T123111,132.8847,88,A3,-0.014001,0.261001,0
20210205T151709,20210618T123111,132.8847,89,A3,0.534980,1.103038,0
20210205T151709,20210618T123111,132.8847,90,A3,-0.310075,0.004634,0
20210205T151709,20210618T123111,132.8847,91,A3,0.207598,0.126005,0
20210205T151709,20210618T123111,132.8847,92,A3,-0.142843,0.155766,0
20210205T151709,20210618T123111,132.8847,93,A3,-0.062672,0.460087,0
20210205T151709,20210618T123111,132.8847,94,A3,-0.045150,1.017144,0
20210205T151709,20210618T123111,132.8847,95,A3,-0.137452,0.959773,0
20210205T151709,20210618T123111,132.8847,96,A3,0.360031,0.005174,1
20210205T151709,20210618T123111,132.8847,97,A4,0.157528,0.548448,0
20210205T151709,20210618T123111,132.8847,98,A4,0.164153,0.143309,0
20210205T151709,20210618T123111,132.8847,99,A4,0.173103,0.001935,1
20210205T151709,20210618T123111,132.8847,100,A4,-0.058323,0.955871,1
20210205T151709,20210618T123111,132.8847,101,A4,-0.422943,0.259909,1
20210205T151709,20210618T123111,132.8847,102,A4,-0.045273,0.434795,0
20210205T151709,20210618T123111,132.8847,103,A4,-0.008298,0.136101,1
20210205T151709,20210618T123111,132.8847,104,A4,-0.238481,0.715593,1
20210205T151709,20210618T123111,132.8847,105,A4,0.236616,0.280658,1
20210205T151709,20210618T123111,132.8847,106,A4,0.268778,0.128290,0
20210205T151709,20210618T123111,132.8847,107,A4,0.050139,0.664785,1
20210205T151709,20210618T123111,132.8847,108,A4,-0.307999,0.131632,0
20210205T151709,20210618T123111,132.8847,109,A4,0.121703,0.035945,1
20210205T151709,20210618T123111,132.8847,110,A4,0.067623,0.169338,1
20210205T151709,20210618T123111,132.8847,111,A4,0.165829,0.159369,1
20210205T151709,20210618T123111,132.8847,112,A4,-0.118129,0.234098,1
20210205T151709,20210618T123111,132.8847,113,A4,-0.331005,1.634735,0
20210205T151709,20210618T123111,132.8847,114,A4,0.232522,1.099944,0
20210205T151709,20210618T123111,132.8847,115,A4,-0.290528,1.255503,0
20210205T151709,20210618T123111,132.8847,116,A4,0.317535,0.022776,1
20210205T151709,20210618T123111,132.8847,117,A4,0.456880,0.227976,1
20210205T151709,20210618T123111,132.8847,118,A4,0.386536,0.436564,1
20210205T151709,20210618T123111,132.8847,119,A4,-0.289139,0.338951,0
20210205T151709,20210618T123111,132.8847,120,A4,0.540021,0.056383,1
20210205T151709,20210618T123111,132.8847,121,A4,0.001216,0.935841,1
20210205T151709,20210618T123111,132.8847,122,A4,0.270320,0.241079,0
20210205T151709,20210618T123111,132.8847,123,A4,-0.088715,0.370775,0
20210205T151709,20210618T123111,132.8847,124,A4,-0.011901,0.108118,0
20210205T151709,20210618T123111,132.8847,125,A4,0.292718,0.027152,1
20210205T151709,20210618T123111,132.8847,126,A4,0.241285,0.030887,1
20210205T151709,20210618T123111,132.8847,127,A4,0.025184,0.698290,0
20210205T151709,20210618T123111,132.8847,128,A4,-0.022758,0.394952,1
20210205T151709,20210618T123111,132.8847,129,A5,0.221824,0.494233,0
20210205T151709,20210618T123111,132.8847,130,A5,-0.137380,0.087108,1
20210205T151709,20210618T123111,132.8847,131,A5,-0.275757,1.373353,0
20210205T151709,20210618T123111,132.8847,132,A5,0.068666,1.418434,0
20210205T151709,20210618T123111,132.8847,133,A5,0.182037,0.683534,0
20210205T151709,20210618T123111,132.8847,134,A5,0.023216,1.315427,0
20210205T151709,20210618T123111,132.8847,135,A5,-0.056493,0.971362,0
20210205T151709,20210618T123111,132.8847,136,A5,0.089248,0.690398,0
20210205T151709,20210618T123111,132.8847,137,A5,0.028402,0.672761,1
20210205T151709,20210618T123111,132.8847,138,A5,-0.258264,1.173664,0
20210205T151709,20210618T123111,132.8847,139,A5,-0.041610,0.024186,1
20210205T151709,20210618T123111,132.8847,140,A5,0.018606,0.147737,0
20210205T151709,20210618T123111,132.8847,141,A5,-0.104209,0.454825,1
20210205T151709,20210618T123111,132.8847,142,A5,-0.084386,0.038572,1
20210205T151709,20210618T123111,132.8847,143,A5,-0.008017,0.966609,1
20210205T151709,20210618T123111,132.8847,144,A5,0.233601,1.002646,0
20210205T151709,20210618T123111,132.8847,145,A5,0.358822,0.112281,0
20210205T151709,20210618T123111,132.8847,146,A5,-0.205036,1.086281,0
20210205T151709,20210618T123111,132.8847,147,A5,-0.050455,0.044052,1
20210205T151709,20210618T123111,132.8847,148,A5,-0.280865,0.379095,1
20210205T151709,20210618T123111,132.8847,149,A5,0.265328,0.330621,1
20210205T151709,20210618T123111,132.8847,150,A5,-0.092184,0.912015,0
20210205T151709,20210618T123111,132.8847,151,A5,-0.008904,0.094374,0
20210205T151709,20210618T123111,132.8847,152,A5,-0.335001,0.267017,0
20210205T151709,20210618T123111,132.8847,153,A5,0.054939,0.967922,1
20210205T151709,20210618T123111,132.8847,154,A5,-0.108272,0.565536,0
20210205T151709,20210618T123111,132.8847,155,A5,-0.191096,1.098710,0
20210205T151709,20210618T123111,132.8847,156,A5,-0.111246,0.056325,0
20210205T151709,20210618T123111,132.8847,157,A5,-0.098883,0.074534,1
20210205T151709,20210618T123111,132.8847,158,A5,-0.173194,0.006405,1
20210205T151709,20210618T123111,132.8847,159,A5,-0.019413,0.041435,0
20210205T151709,20210618T123111,132.8847,160,A5,0.061822,0.177815,1
20210205T151709,20210623T140144,137.9476,1,A1,-0.154389,0.601101,1
20210205T151709,20210623T140144,137.9476,2,A1,-0.142918,0.348714,0
20210205T151709,20210623T140144,137.9476,3,A1,0.273021,0.570773,1
20210205T151709,20210623T140144,137.9476,4,A1,-0.127882,0.705445,0
20210205T151709,20210623T140144,137.9476,5,A1,0.012481,1.089870,0
20210205T151709,20210623T140144,137.9476,6,A1,0.106996,0.215721,1
20210205T151709,20210623T140144,137.9476,7,A1,0.012672,0.324936,1
20210205T151709,20210623T140144,137.9476,8,A1,0.204836,1.228893,0
20210205T151709,20210623T140144,137.9476,9,A1,-0.353748,1.312576,0
20210205T151709,20210623T140144,137.9476,10,A1,-0.220480,0.887293,1
20210205T151709,20210623T140144,137.9476,11,A1,-0.005342,0.649076,1
20210205T151709,20210623T140144,137.9476,12,A1,0.323767,0.725732,0
20210205T151709,20210623T140144,137.9476,13,A1,0.208145,0.381308,1
20210205T151709,20210623T140144,137.9476,14,A1,-0.282442,1.130584,0
20210205T151709,20210623T140144,137.9476,15,A1,-0.003521,0.282342,1
20210205T151709,20210623T140144,137.9476,16,A1,0.132150,0.165139,1
20210205T151709,20210623T140144,137.9476,17,A1,-0.030964,1.354426,0
20210205T151709,20210623T140144,137.9476,18,A1,0.236515,0.049530,1
20210205T151709,20210623T140144,137.9476,19,A1,0.530929,0.103692,1
20210205T151709,20210623T140144,137.9476,20,A1,-0.041984,0.495955,1
20210205T151709,20210623T140144,137.9476,21,A1,-0.015652,0.000000,1
20210205T151709,20210623T140144,137.9476,22,A1,0.095741,0.010580,1
20210205T151709,20210623T140144,137.9476,23,A1,0.068714,0.388529,1
20210205T151709,20210623T140144,137.9476,24,A1,-0.616268,1.710117,0
20210205T151709,20210623T140144,137.9476,25,A1,-0.059682,0.391017,1
20210205T151709,20210623T140144,137.9476,26,A1,0.406835,0.926898,1
20210205T151709,20210623T140144,137.9476,27,A1,-0.060004,0.029431,1
20210205T151709,20210623T140144,137.9476,28,A1,0.231589,0.777256,0
20210205T151709,20210623T140144,137.9476,29,A1,-0.035218,1.169375,0
20210205T151709,20210623T140144,137.9476,30,A1,-0.222368,0.223504,0
20210205T151709,20210623T140144,137.9476,31,A1,-0.060004,1.085151,0
20210205T151709,20210623T140144,137.9476,32,A1,0.020078,0.385544,1
20210205T151709,20210623T140144,137.9476,33,A2,0.465891,0.639973,1
20210205T151709,20210623T140144,137.9476,34,A2,-0.063055,0.161534,1
20210205T151709,20210623T140144,137.9476,35,A2,0.091493,0.670675,0
20210205T151709,20210623T140144,137.9476,36,A2,0.051215,0.100982,1
20210205T151709,20210623T140144,137.9476,37,A2,0.097395,0.029949,1
20210205T151709,20210623T140144,137.9476,38,A2,-0.143371,0.278932,0
20210205T151709,20210623T140144,137.9476,39,A2,0.034705,0.669366,1
20210205T151709,20210623T140144,137.9476,40,A2,0.035027,0.601945,0
20210205T151709,20210623T140144,137.9476,41,A2,-0.190212,0.650062,1
20210205T151709,20210623T140144,137.9476,42,A2,0.108137,0.892226,1
20210205T151709,20210623T140144,137.9476,43,A2,-0.084613,0.028233,1
20210205T151709,20210623T140144,137.9476,44,A2,0.301366,0.153784,0
20210205T151709,20210623T140144,137.9476,45,A2,0.020528,0.261483,1
20210205T151709,20210623T140144,137.9476,46,A2,0.147386,0.183922,1
20210205T151709,20210623T140144,137.9476,47,A2,-0.211587,0.588703,0
20210205T151709,20210623T140144,137.9476,48,A2,0.127689,0.726288,0
20210205T151709,20210623T140144,137.9476,49,A2,0.024681,0.743748,1
20210205T151709,20210623T140144,137.9476,50,A2,0.243386,0.380791,0
20210205T151709,20210623T140144,137.9476,51,A2,-0.149715,0.576657,1
20210205T151709,20210623T140144,137.9476,52,A2,-0.019960,0.152867,0
20210205T151709,20210623T140144,137.9476,53,A2,-0.028282,0.181428,1
20210205T151709,20210623T140144,137.9476,54,A2,0.423328,0.000000,1
20210205T151709,20210623T140144,137.9476,55,A2,0.267771,0.637371,1
20210205T151709,20210623T140144,137.9476,56,A2,0.037454,0.092235,1
20210205T151709,20210623T140144,137.9476,57,A2,0.164085,0.197003,0
20210205T151709,20210623T140144,137.9476,58,A2,0.092538,0.907997,1
20210205T151709,20210623T140144,137.9476,59,A2,0.001994,1.034537,0
20210205T151709,20210623T140144,137.9476,60,A2,0.129729,0.148103,0
20210205T151709,20210623T140144,137.9476,61,A2,-0.040488,0.991615,1
20210205T151709,20210623T140144,137.9476,62,A2,-0.068547,0.050966,0
20210205T151709,20210623T140144,137.9476,63,A2,-0.210699,0.843076,1
20210205T151709,20210623T140144,137.9476,64,A2,-0.217537,0.010406,1
20210205T151709,20210623T140144,137.9476,65,A3,0.029090,0.870714,0
20210205T151709,20210623T140144,137.9476,66,A3,-0.062886,1.046458,0
20210205T151709,20210623T140144,137.9476,67,A3,-0.064431,0.542481,1
20210205T151709,20210623T140144,137.9476,68,A3,0.032617,0.004101,1
20210205T151709,20210623T140144,137.9476,69,A3,-0.211805,0.965879,1
20210205T151709,20210623T140144,137.9476,70,A3,0.150437,0.008950,1
20210205T151709,20210623T140144,137.9476,71,A3,0.321750,0.120495,0
20210205T151709,20210623T140144,137.9476,72,A3,-0.082557,0.380213,1
20210205T151709,20210623T140144,137.9476,73,A3,-0.388077,0.965911,1
20210205T151709,20210623T140144,137.9476,74,A3,-0.008033,0.063595,0
20210205T151709,20210623T140144,137.9476,75,A3,-0.243241,1.117597,0
20210205T151709,20210623T140144,137.9476,76,A3,0.015127,0.533060,0
20210205T151709,20210623T140144,137.9476,77,A3,0.284397,1.497776,0
20210205T151709,20210623T140144,137.9476,78,A3,0.175401,0.420308,0
20210205T151709,20210623T140144,137.9476,79,A3,0.251538,0.454377,0
20210205T151709,20210623T140144,137.9476,80,A3,-0.022074,0.158546,1
20210205T151709,20210623T140144,137.9476,81,A3,0.198442,0.240517,1
20210205T151709,20210623T140144,137.9476,82,A3,0.255018,1.226489,0
20210205T151709,20210623T140144,137.9476,83,A3,0.196845,0.184240,1
20210205T151709,20210623T140144,137.9476,84,A3,-0.130301,0.207840,0
20210205T151709,20210623T140144,137.9476,85,A3,0.247666,0.161066,1
20210205T151709,20210623T140144,137.9476,86,A3,0.046461,0.078359,0
20210205T151709,20210623T140144,137.9476,87,A3,-0.104773,0.323209,0
20210205T151709,20210623T140144,137.9476,88,A3,-0.041977,0.053563,1
20210205T151709,20210623T140144,137.9476,89,A3,0.170724,0.837716,1
20210205T151709,20210623T140144,137.9476,90,A3,0.037719,0.185594,0
20210205T151709,20210623T140144,137.9476,91,A3,-0.004183,0.041579,1
20210205T151709,20210623T140144,137.9476,92,A3,0.176907,0.217143,0
20210205T151709,20210623T140144,137.9476,93,A3,0.066501,0.532942,0
20210205T151709,20210623T140144,137.9476,94,A3,0.075710,1.004097,0
20210205T151709,20210623T140144,137.9476,95,A3,0.205824,1.192125,0
20210205T151709,20210623T140144,137.9476,96,A3,0.087724,0.076999,1
20210205T151709,20210623T140144,137.9476,97,A4,0.196860,1.229813,0
20210205T151709,20210623T140144,137.9476,98,A4,-0.042167,0.448697,0
20210205T151709,20210623T140144,137.9476,99,A4,-0.099902,0.883212,1
20210205T151709,20210623T140144,137.9476,100,A4,0.046473,0.914226,1
20210205T151709,20210623T140144,137.9476,101,A4,-0.167561,0.724247,0
20210205T151709,20210623T140144,137.9476,102,A4,0.265396,0.207961,1
20210205T151709,20210623T140144,137.9476,103,A4,-0.079328,1.178898,0
20210205T151709,20210623T140144,137.9476,104,A4,0.260329,1.016255,0
20210205T151709,20210623T140144,137.9476,105,A4,0.200874,1.355255,0
20210205T151709,20210623T140144,137.9476,106,A4,0.310828,0.305722,0
20210205T151709,20210623T140144,137.9476,107,A4,-0.108516,1.347188,0
20210205T151709,20210623T140144,137.9476,108,A4,0.072114,0.886800,1
20210205T151709,20210623T140144,137.9476,109,A4,0.009362,0.610244,0
20210205T151709,20210623T140144,137.9476,110,A4,-0.377942,0.914712,1
20210205T151709,20210623T140144,137.9476,111,A4,0.209324,0.152326,0
20210205T151709,20210623T140144,137.9476,112,A4,-0.145602,0.193057,0
20210205T151709,20210623T140144,137.9476,113,A4,-0.255818,0.644464,0
20210205T151709,20210623T140144,137.9476,114,A4,0.264560,0.045280,1
20210205T151709,20210623T140144,137.9476,115,A4,0.000858,1.231761,0
20210205T151709,20210623T140144,137.9476,116,A4,0.053065,0.276713,0
20210205T151709,20210623T140144,137.9476,117,A4,0.266147,0.205962,1
20210205T151709,20210623T140144,137.9476,118,A4,0.260706,0.262033,0
20210205T151709,20210623T140144,137.9476,119,A4,0.083309,0.511992,0
20210205T151709,20210623T140144,137.9476,120,A4,-0.097930,0.816845,0
20210205T151709,20210623T140144,137.9476,121,A4,-0.018602,0.349811,0
20210205T151709,20210623T140144,137.9476,122,A4,-0.012843,0.018039,1
20210205T151709,20210623T140144,137.9476,123,A4,-0.221136,0.345014,0
20210205T151709,20210623T140144,137.9476,124,A4,-0.116547,0.099619,1
20210205T151709,20210623T140144,137.9476,125,A4,0.008619,0.290230,1
20210205T151709,20210623T140144,137.9476,126,A4,-0.212937,0.046141,1
20210205T151709,20210623T140144,137.9476,127,A4,-0.374842,0.026337,1
20210205T151709,20210623T140144,137.9476,128,A4,-0.206240,0.036605,1
20210205T151709,20210623T140144,137.9476,129,A5,-0.304929,0.226423,1
20210205T151709,20210623T140144,137.9476,130,A5,0.020810,0.671573,1
20210205T151709,20210623T140144,137.9476,131,A5,-0.227509,1.429526,0
20210205T151709,20210623T140144,137.9476,132,A5,0.024732,1.056583,0
20210205T151709,20210623T140144,137.9476,133,A5,-0.188921,1.587209,0
20210205T151709,20210623T140144,137.9476,134,A5,-0.045792,1.780079,0
20210205T151709,20210623T140144,137.9476,135,A5,-0.136383,1.496955,0
20210205T151709,20210623T140144,137.9476,136,A5,-0.256842,0.647238,0
20210205T151709,20210623T140144,137.9476,137,A5,-0.033305,0.585353,1
20210205T151709,20210623T140144,137.9476,138,A5,0.026362,0.977113,1
20210205T151709,20210623T140144,137.9476,139,A5,0.077134,0.364082,1
20210205T151709,20210623T140144,137.9476,140,A5,-0.466056,0.165857,1
20210205T151709,20210623T140144,137.9476,141,A5,-0.099038,0.720794,1
20210205T151709,20210623T140144,137.9476,142,A5,0.240852,0.039755,1
20210205T151709,20210623T140144,137.9476,143,A5,-0.094272,0.507305,1
20210205T151709,20210623T140144,137.9476,144,A5,-0.062645,0.947592,1
20210205T151709,20210623T140144,137.9476,145,A5,-0.144850,1.091338,0
20210205T151709,20210623T140144,137.9476,146,A5,0.132014,0.999729,1
20210205T151709,20210623T140144,137.9476,147,A5,0.127704,0.124384,0
20210205T151709,20210623T140144,137.9476,148,A5,0.021828,0.305045,1
20210205T151709,20210623T140144,137.9476,149,A5,0.252223,0.159447,1
20210205T151709,20210623T140144,137.9476,150,A5,0.014053,0.178297,0
20210205T151709,20210623T140144,137.9476,151,A5,0.138125,0.547237,1
20210205T151709,20210623T140144,137.9476,152,A5,0.119834,0.315274,1
20210205T151709,20210623T140144,137.9476,153,A5,-0.036219,0.745223,1
20210205T151709,20210623T140144,137.9476,154,A5,-0.206910,0.128648,1
20210205T151709,20210623T140144,137.9476,155,A5,0.276821,1.153809,0
20210205T151709,20210623T140144,137.9476,156,A5,-0.071725,0.135163,0
20210205T151709,20210623T140144,137.9476,157,A5,0.022348,0.036429,1
20210205T151709,20210623T140144,137.9476,158,A5,0.290460,0.444976,1
20210205T151709,20210623T140144,137.9476,159,A5,0.088292,0.070054,1
20210205T151709,20210623T140144,137.9476,160,A5,-0.032504,0.073187,1
20210205T151709,20210625T141512,139.9570,1,A1,0.101292,0.641368,0
20210205T151709,20210625T141512,139.9570,2,A1,0.151110,0.841215,1
20210205T151709,20210625T141512,139.9570,3,A1,-0.033348,0.570773,1
20210205T151709,20210625T141512,139.9570,4,A1,0.083644,0.100008,1
20210205T151709,20210625T141512,139.9570,5,A1,-0.172032,0.092895,1
20210205T151709,20210625T141512,139.9570,6,A1,-0.133054,0.801403,1
20210205T151709,20210625T141512,139.9570,7,A1,0.013586,1.087575,0
20210205T151709,20210625T141512,139.9570,8,A1,0.094717,1.228893,0
20210205T151709,20210625T141512,139.9570,9,A1,-0.085001,0.000000,1
20210205T151709,20210625T141512,139.9570,10,A1,0.007037,0.036790,1
20210205T151709,20210625T141512,139.9570,11,A1,-0.288188,0.366976,0
20210205T151709,20210625T141512,139.9570,12,A1,-0.015914,0.392577,1
20210205T151709,20210625T141512,139.9570,13,A1,-0.154569,1.534490,0
20210205T151709,20210625T141512,139.9570,14,A1,0.040386,0.727737,1
20210205T151709,20210625T141512,139.9570,15,A1,-0.209971,1.332244,0
20210205T151709,20210625T141512,139.9570,16,A1,-0.232544,0.825234,1
20210205T151709,20210625T141512,139.9570,17,A1,-0.177413,1.354426,0
20210205T151709,20210625T141512,139.9570,18,A1,0.108758,0.924310,1
20210205T151709,20210625T141512,139.9570,19,A1,0.633956,0.973498,1
20210205T151709,20210625T141512,139.9570,20,A1,0.193000,0.185082,1
20210205T151709,20210625T141512,139.9570,21,A1,-0.213870,0.863101,1
20210205T151709,20210625T141512,139.9570,22,A1,0.424687,0.529268,1
20210205T151709,20210625T141512,139.9570,23,A1,-0.143134,0.646980,1
20210205T151709,20210625T141512,139.9570,24,A1,-0.277233,1.710117,0
20210205T151709,20210625T141512,139.9570,25,A1,0.094706,0.563726,1
20210205T151709,20210625T141512,139.9570,26,A1,0.354790,0.995953,1
20210205T151709,20210625T141512,139.9570,27,A1,0.192180,0.703459,0
20210205T151709,20210625T141512,139.9570,28,A1,-0.141652,0.661545,0
20210205T151709,20210625T141512,139.9570,29,A1,0.119142,0.000000,1
20210205T151709,20210625T141512,139.9570,30,A1,-0.248118,0.306481,0
20210205T151709,20210625T141512,139.9570,31,A1,-0.153658,0.108520,1
20210205T151709,20210625T141512,139.9570,32,A1,-0.084495,0.146649,1
20210205T151709,20210625T141512,139.9570,33,A2,-0.017144,0.766864,1
20210205T151709,20210625T141512,139.9570,34,A2,0.196826,0.278692,0
20210205T151709,20210625T141512,139.9570,35,A2,-0.237382,0.419680,0
20210205T151709,20210625T141512,139.9570,36,A2,-0.087512,0.680515,0
20210205T151709,20210625T141512,139.9570,37,A2,0.212350,0.665395,1
20210205T151709,20210625T141512,139.9570,38,A2,-0.242220,0.214562,1
20210205T151709,20210625T141512,139.9570,39,A2,0.126706,0.000000,1
20210205T151709,20210625T141512,139.9570,40,A2,-0.071572,0.071529,1
20210205T151709,20210625T141512,139.9570,41,A2,0.322373,0.506535,0
20210205T151709,20210625T141512,139.9570,42,A2,-0.110645,0.231085,1
20210205T151709,20210625T141512,139.9570,43,A2,-0.126987,0.097813,1
20210205T151709,20210625T141512,139.9570,44,A2,-0.088500,0.211410,1
20210205T151709,20210625T141512,139.9570,45,A2,-0.313109,1.361273,0
20210205T151709,20210625T141512,139.9570,46,A2,-0.160339,0.040732,1
20210205T151709,20210625T141512,139.9570,47,A2,-0.088410,1.151122,0
20210205T151709,20210625T141512,139.9570,48,A2,-0.115613,0.653880,1
20210205T151709,20210625T141512,139.9570,49,A2,0.107792,0.888542,0
20210205T151709,20210625T141512,139.9570,50,A2,-0.131825,0.155921,1
20210205T151709,20210625T141512,139.9570,51,A2,0.059223,1.814075,0
20210205T151709,20210625T141512,139.9570,52,A2,-0.183990,0.045349,1
20210205T151709,20210625T141512,139.9570,53,A2,0.254573,0.398212,1
20210205T151709,20210625T141512,139.9570,54,A2,0.366501,0.594369,1
20210205T151709,20210625T141512,139.9570,55,A2,0.106385,0.877619,0
20210205T151709,20210625T141512,139.9570,56,A2,0.089595,0.510525,0
20210205T151709,20210625T141512,139.9570,57,A2,-0.086267,0.040744,1
20210205T151709,20210625T141512,139.9570,58,A2,-0.007612,0.589710,1
20210205T151709,20210625T141512,139.9570,59,A2,0.338202,0.000000,1
20210205T151709,20210625T141512,139.9570,60,A2,-0.048003,0.127360,0
20210205T151709,20210625T141512,139.9570,61,A2,0.107174,1.554904,0
20210205T151709,20210625T141512,139.9570,62,A2,0.024837,0.559251,0
20210205T151709,20210625T141512,139.9570,63,A2,-0.105398,0.193695,1
20210205T151709,20210625T141512,139.9570,64,A2,-0.534478,0.945940,1
20210205T151709,20210625T141512,139.9570,65,A3,0.099259,0.542448,1
20210205T151709,20210625T141512,139.9570,66,A3,0.034198,0.087007,1
20210205T151709,20210625T141512,139.9570,67,A3,0.156013,0.714991,0
20210205T151709,20210625T141512,139.9570,68,A3,0.327732,1.339624,0
20210205T151709,20210625T141512,139.9570,69,A3,0.054943,1.013811,0
20210205T151709,20210625T141512,139.9570,70,A3,-0.141613,0.047985,1
20210205T151709,20210625T141512,139.9570,71,A3,0.363511,0.349511,1
20210205T151709,20210625T141512,139.9570,72,A3,0.387399,0.380715,1
20210205T151709,20210625T141512,139.9570,73,A3,-0.137958,0.972803,1
20210205T151709,20210625T141512,139.9570,74,A3,-0.120597,0.414225,1
20210205T151709,20210625T141512,139.9570,75,A3,-0.094765,0.803726,0
20210205T151709,20210625T141512,139.9570,76,A3,0.066439,0.188371,1
20210205T151709,20210625T141512,139.9570,77,A3,0.128646,0.840792,1
20210205T151709,20210625T141512,139.9570,78,A3,-0.025420,0.372201,1
20210205T151709,20210625T141512,139.9570,79,A3,0.047077,0.740060,1
20210205T151709,20210625T141512,139.9570,80,A3,-0.156715,0.269453,0
20210205T151709,20210625T141512,139.9570,81,A3,-0.156897,0.734036,0
20210205T151709,20210625T141512,139.9570,82,A3,0.270898,0.453225,1
20210205T151709,20210625T141512,139.9570,83,A3,-0.275182,1.082670,0
20210205T151709,20210625T141512,139.9570,84,A3,-0.014409,0.456037,1
20210205T151709,20210625T141512,139.9570,85,A3,-0.087951,0.039219,1
20210205T151709,20210625T141512,139.9570,86,A3,-0.062517,0.370984,1
20210205T151709,20210625T141512,139.9570,87,A3,-0.170802,0.323970,0
20210205T151709,20210625T141512,139.9570,88,A3,0.099910,0.047276,1
20210205T151709,20210625T141512,139.9570,89,A3,-0.052222,1.105754,0
20210205T151709,20210625T141512,139.9570,90,A3,0.179921,0.001359,1
20210205T151709,20210625T141512,139.9570,91,A3,0.123044,0.018795,0
20210205T151709,20210625T141512,139.9570,92,A3,0.466434,0.035002,1
20210205T151709,20210625T141512,139.9570,93,A3,0.172789,0.795611,0
20210205T151709,20210625T141512,139.9570,94,A3,-0.142768,0.740527,1
20210205T151709,20210625T141512,139.9570,95,A3,-0.114627,1.897032,0
20210205T151709,20210625T141512,139.9570,96,A3,0.154063,0.228958,1
20210205T151709,20210625T141512,139.9570,97,A4,-0.026372,0.397175,0
20210205T151709,20210625T141512,139.9570,98,A4,0.167237,0.897063,1
20210205T151709,20210625T141512,139.9570,99,A4,-0.018258,0.019711,1
20210205T151709,20210625T141512,139.9570,100,A4,-0.389144,0.981917,0
20210205T151709,20210625T141512,139.9570,101,A4,0.376427,0.872864,0
20210205T151709,20210625T141512,139.9570,102,A4,0.181760,1.313208,0
20210205T151709,20210625T141512,139.9570,103,A4,-0.318973,1.263718,0
20210205T151709,20210625T141512,139.9570,104,A4,0.149933,1.193436,0
20210205T151709,20210625T141512,139.9570,105,A4,-0.035222,0.238482,1
20210205T151709,20210625T141512,139.9570,106,A4,0.215663,0.681854,1
20210205T151709,20210625T141512,139.9570,107,A4,0.016784,0.031463,1
20210205T151709,20210625T141512,139.9570,108,A4,-0.010953,0.083864,1
20210205T151709,20210625T141512,139.9570,109,A4,0.193763,0.446675,1
20210205T151709,20210625T141512,139.9570,110,A4,-0.067596,0.079209,1
20210205T151709,20210625T141512,139.9570,111,A4,0.192315,0.212180,1
20210205T151709,20210625T141512,139.9570,112,A4,0.022290,0.023113,1
20210205T151709,20210625T141512,139.9570,113,A4,-0.159266,1.344246,0
20210205T151709,20210625T141512,139.9570,114,A4,-0.329746,0.765502,0
20210205T151709,20210625T141512,139.9570,115,A4,-0.098070,0.997138,0
20210205T151709,20210625T141512,139.9570,116,A4,-0.032099,1.177365,0
20210205T151709,20210625T141512,139.9570,117,A4,0.141513,0.052556,1
20210205T151709,20210625T141512,139.9570,118,A4,-0.233954,0.798385,1
20210205T151709,20210625T141512,139.9570,119,A4,-0.156350,0.853153,1
20210205T151709,20210625T141512,139.9570,120,A4,0.053182,0.419258,1
20210205T151709,20210625T141512,139.9570,121,A4,-0.157288,0.747866,0
20210205T151709,20210625T141512,139.9570,122,A4,-0.216044,0.904759,0
20210205T151709,20210625T141512,139.9570,123,A4,0.117761,0.037176,1
20210205T151709,20210625T141512,139.9570,124,A4,-0.007002,0.233636,1
20210205T151709,20210625T141512,139.9570,125,A4,0.218946,0.031295,1
20210205T151709,20210625T141512,139.9570,126,A4,0.110315,1.052080,0
20210205T151709,20210625T141512,139.9570,127,A4,0.375200,1.151033,0
20210205T151709,20210625T141512,139.9570,128,A4,0.276750,0.595696,1
20210205T151709,20210625T141512,139.9570,129,A5,0.199461,1.350371,0
20210205T151709,20210625T141512,139.9570,130,A5,-0.156347,0.703605,0
20210205T151709,20210625T141512,139.9570,131,A5,-0.130823,2.000000,0
20210205T151709,20210625T141512,139.9570,132,A5,-0.166981,0.698523,1
20210205T151709,20210625T141512,139.9570,133,A5,-0.032546,1.316688,0
20210205T151709,20210625T141512,139.9570,134,A5,-0.071924,1.780079,0
20210205T151709,20210625T141512,139.9570,135,A5,-0.227512,1.496955,0
20210205T151709,20210625T141512,139.9570,136,A5,0.062160,0.174550,1
20210205T151709,20210625T141512,139.9570,137,A5,0.265926,0.670587,1
20210205T151709,20210625T141512,139.9570,138,A5,-0.231615,0.965505,1
20210205T151709,20210625T141512,139.9570,139,A5,-0.136351,0.179390,0
20210205T151709,20210625T141512,139.9570,140,A5,-0.210613,0.084313,1
20210205T151709,20210625T141512,139.9570,141,A5,0.109169,0.557281,1
20210205T151709,20210625T141512,139.9570,142,A5,0.039254,0.043403,1
20210205T151709,20210625T141512,139.9570,143,A5,0.335949,0.729787,1
20210205T151709,20210625T141512,139.9570,144,A5,-0.191001,0.641488,1
20210205T151709,20210625T141512,139.9570,145,A5,0.057729,0.806964,0
20210205T151709,20210625T141512,139.9570,146,A5,-0.128817,1.254937,0
20210205T151709,20210625T141512,139.9570,147,A5,0.255539,0.890775,1
20210205T151709,20210625T141512,139.9570,148,A5,-0.012465,0.238501,1
20210205T151709,20210625T141512,139.9570,149,A5,0.140495,0.948938,1
20210205T151709,20210625T141512,139.9570,150,A5,-0.013702,1.077551,0
20210205T151709,20210625T141512,139.9570,151,A5,-0.314840,0.958963,1
20210205T151709,20210625T141512,139.9570,152,A5,-0.133556,0.564417,1
20210205T151709,20210625T141512,139.9570,153,A5,-0.064795,2.000000,0
20210205T151709,20210625T141512,139.9570,154,A5,-0.074781,0.218884,1
20210205T151709,20210625T141512,139.9570,155,A5,-0.035331,2.000000,0
20210205T151709,20210625T141512,139.9570,156,A5,0.006984,0.794207,0
20210205T151709,20210625T141512,139.9570,157,A5,-0.263698,0.651497,0
20210205T151709,20210625T141512,139.9570,158,A5,0.284032,0.315174,1
20210205T151709,20210625T141512,139.9570,159,A5,0.324863,1.007702,0
20210205T151709,20210625T141512,139.9570,160,A5,0.077408,0.776226,1
20210211T163501,20210218T131636,6.8622,1,A1,0.105353,0.569504,0
20210211T163501,20210218T131636,6.8622,2,A1,0.146103,0.567047,0
20210211T163501,20210218T131636,6.8622,3,A1,0.076445,0.065800,1
20210211T163501,20210218T131636,6.8622,4,A1,0.205643,0.250833,1
20210211T163501,20210218T131636,6.8622,5,A1,-0.342005,0.227716,1
20210211T163501,20210218T131636,6.8622,6,A1,0.152225,0.089301,0
20210211T163501,20210218T131636,6.8622,7,A1,-0.180398,0.087888,1
20210211T163501,20210218T131636,6.8622,8,A1,0.395300,0.352107,1
20210211T163501,20210218T131636,6.8622,9,A1,0.267750,0.448982,0
20210211T163501,20210218T131636,6.8622,10,A1,0.294707,0.082856,1
20210211T163501,20210218T131636,6.8622,11,A1,0.107945,0.000000,1
20210211T163501,20210218T131636,6.8622,12,A1,0.331842,0.462823,1
20210211T163501,20210218T131636,6.8622,13,A1,-0.034267,1.069303,0
20210211T163501,20210218T131636,6.8622,14,A1,0.085720,0.237754,1
20210211T163501,20210218T131636,6.8622,15,A1,0.013558,0.331292,1
20210211T163501,20210218T131636,6.8622,16,A1,-0.163003,0.219230,0
20210211T163501,20210218T131636,6.8622,17,A1,-0.166496,0.939076,1
20210211T163501,20210218T131636,6.8622,18,A1,-0.182870,1.370187,0
20210211T163501,20210218T131636,6.8622,19,A1,-0.247187,0.428747,0
20210211T163501,20210218T131636,6.8622,20,A1,-0.028389,0.189029,1
20210211T163501,20210218T131636,6.8622,21,A1,-0.011536,1.697157,0
20210211T163501,20210218T131636,6.8622,22,A1,0.118949,0.262004,0
20210211T163501,20210218T131636,6.8622,23,A1,0.262370,0.709254,1
20210211T163501,20210218T131636,6.8622,24,A1,0.501256,0.366931,1
20210211T163501,20210218T131636,6.8622,25,A1,0.015019,0.345183,0
20210211T163501,20210218T131636,6.8622,26,A1,0.612863,0.000000,1
20210211T163501,20210218T131636,6.8622,27,A1,0.087036,0.135639,1
20210211T163501,20210218T131636,6.8622,28,A1,0.442462,0.516019,1
20210211T163501,20210218T131636,6.8622,29,A1,0.435654,0.380461,1
20210211T163501,20210218T131636,6.8622,30,A1,0.031324,1.512919,0
20210211T163501,20210218T131636,6.8622,31,A1,0.068426,0.701606,1
20210211T163501,20210218T131636,6.8622,32,A1,-0.116843,0.373966,1
20210211T163501,20210218T131636,6.8622,33,A2,0.162186,1.585189,0
20210211T163501,20210218T131636,6.8622,34,A2,-0.122423,1.089280,0
20210211T163501,20210218T131636,6.8622,35,A2,0.014688,0.889683,0
20210211T163501,20210218T131636,6.8622,36,A2,-0.070210,1.261430,0
20210211T163501,20210218T131636,6.8622,37,A2,-0.021103,0.128812,1
20210211T163501,20210218T131636,6.8622,38,A2,0.136627,1.023848,0
20210211T163501,20210218T131636,6.8622,39,A2,0.302551,0.000000,1
20210211T163501,20210218T131636,6.8622,40,A2,-0.001480,0.000000,1
20210211T163501,20210218T131636,6.8622,41,A2,-0.039875,1.266181,0
20210211T163501,20210218T131636,6.8622,42,A2,0.000372,0.971707,1
20210211T163501,20210218T131636,6.8622,43,A2,-0.294046,0.562425,1
20210211T163501,20210218T131636,6.8622,44,A2,-0.252510,0.378242,1
20210211T163501,20210218T131636,6.8622,45,A2,-0.013312,0.645515,1
20210211T163501,20210218T131636,6.8622,46,A2,-0.260179,1.092006,0
20210211T163501,20210218T131636,6.8622,47,A2,0.061902,1.243947,0
20210211T163501,20210218T131636,6.8622,48,A2,0.046794,0.000000,1
20210211T163501,20210218T131636,6.8622,49,A2,0.476673,0.000000,1
20210211T163501,20210218T131636,6.8622,50,A2,0.049225,1.201696,0
20210211T163501,20210218T131636,6.8622,51,A2,0.033465,0.830994,1
20210211T163501,20210218T131636,6.8622,52,A2,-0.224266,0.799153,1
20210211T163501,20210218T131636,6.8622,53,A2,-0.223168,0.988699,0
20210211T163501,20210218T131636,6.8622,54,A2,0.532498,0.979343,1
20210211T163501,20210218T131636,6.8622,55,A2,0.520917,0.000000,1
20210211T163501,20210218T131636,6.8622,56,A2,-0.053165,1.006897,0
20210211T163501,20210218T131636,6.8622,57,A2,0.136581,0.170063,1
20210211T163501,20210218T131636,6.8622,58,A2,0.112595,0.002722,1
20210211T163501,20210218T131636,6.8622,59,A2,0.215618,0.786590,1
20210211T163501,20210218T131636,6.8622,60,A2,0.171578,1.078030,0
20210211T163501,20210218T131636,6.8622,61,A2,0.153764,0.705993,1
20210211T163501,20210218T131636,6.8622,62,A2,-0.040468,0.117033,1
20210211T163501,20210218T131636,6.8622,63,A2,0.196457,0.269037,1
20210211T163501,20210218T131636,6.8622,64,A2,-0.027360,0.660321,1
20210211T163501,20210218T131636,6.8622,65,A3,-0.334822,0.720616,0
20210211T163501,20210218T131636,6.8622,66,A3,0.117544,0.482305,1
20210211T163501,20210218T131636,6.8622,67,A3,-0.389295,0.535843,1
20210211T163501,20210218T131636,6.8622,68,A3,0.237089,0.934904,0
20210211T163501,20210218T131636,6.8622,69,A3,-0.506679,0.019239,1
20210211T163501,20210218T131636,6.8622,70,A3,-0.287151,0.221747,1
20210211T163501,20210218T131636,6.8622,71,A3,0.308244,0.281505,0
20210211T163501,20210218T131636,6.8622,72,A3,0.008856,1.392609,0
20210211T163501,20210218T131636,6.8622,73,A3,0.098869,0.976219,1
20210211T163501,20210218T131636,6.8622,74,A3,0.424330,0.177366,0
20210211T163501,20210218T131636,6.8622,75,A3,-0.270032,0.131601,1
20210211T163501,20210218T131636,6.8622,76,A3,0.003007,1.170538,0
20210211T163501,20210218T131636,6.8622,77,A3,0.174624,1.608480,0
20210211T163501,20210218T131636,6.8622,78,A3,0.007302,0.957197,0
20210211T163501,20210218T131636,6.8622,79,A3,0.086551,0.527902,0
20210211T163501,20210218T131636,6.8622,80,A3,-0.242536,0.933544,1
20210211T163501,20210218T131636,6.8622,81,A3,0.010121,0.782065,1
20210211T163501,20210218T131636,6.8622,82,A3,0.409144,0.777837,1
20210211T163501,20210218T131636,6.8622,83,A3,-0.122957,0.693150,1
20210211T163501,20210218T131636,6.8622,84,A3,0.241920,0.495059,0
20210211T163501,20210218T131636,6.8622,85,A3,0.233775,0.137530,1
20210211T163501,20210218T131636,6.8622,86,A3,-0.165526,0.078801,1
20210211T163501,20210218T131636,6.8622,87,A3,-0.302702,0.893492,1
20210211T163501,20210218T131636,6.8622,88,A3,0.274537,0.502443,0
20210211T163501,20210218T131636,6.8622,89,A3,-0.142233,0.725182,0
20210211T163501,20210218T131636,6.8622,90,A3,-0.174393,1.249558,0
20210211T163501,20210218T131636,6.8622,91,A3,-0.032663,0.439393,0
20210211T163501,20210218T131636,6.8622,92,A3,0.117002,0.019940,1
20210211T163501,20210218T131636,6.8622,93,A3,0.091682,0.152853,0
20210211T163501,20210218T131636,6.8622,94,A3,-0.491070,0.236264,1
20210211T163501,20210218T131636,6.8622,95,A3,-0.317310,0.896530,0
20210211T163501,20210218T131636,6.8622,96,A3,-0.121994,0.542449,0
20210211T163501,20210218T131636,6.8622,97,A4,0.392774,0.494965,0
20210211T163501,20210218T131636,6.8622,98,A4,0.436688,0.734240,0
20210211T163501,20210218T131636,6.8622,99,A4,0.388403,0.253638,1
20210211T163501,20210218T131636,6.8622,100,A4,0.479166,0.000000,1
20210211T163501,20210218T131636,6.8622,101,A4,0.383615,0.000000,1
20210211T163501,20210218T131636,6.8622,102,A4,0.251406,0.289871,1
20210211T163501,20210218T131636,6.8622,103,A4,0.320868,0.000000,1
20210211T163501,20210218T131636,6.8622,104,A4,-0.110570,0.366488,1
20210211T163501,20210218T131636,6.8622,105,A4,0.227171,0.342392,0
20210211T163501,20210218T131636,6.8622,106,A4,0.116775,0.799244,1
20210211T163501,20210218T131636,6.8622,107,A4,-0.091554,0.655459,1
20210211T163501,20210218T131636,6.8622,108,A4,-0.208550,0.347327,0
20210211T163501,20210218T131636,6.8622,109,A4,-0.095226,0.283199,1
20210211T163501,20210218T131636,6.8622,110,A4,0.162791,0.520424,0
20210211T163501,20210218T131636,6.8622,111,A4,0.002479,0.135008,1
20210211T163501,20210218T131636,6.8622,112,A4,0.125108,0.077741,0
20210211T163501,20210218T131636,6.8622,113,A4,0.238927,0.280992,1
20210211T163501,20210218T131636,6.8622,114,A4,0.362366,0.596951,1
20210211T163501,20210218T131636,6.8622,115,A4,0.728441,0.134029,1
20210211T163501,20210218T131636,6.8622,116,A4,0.445492,0.661601,0
20210211T163501,20210218T131636,6.8622,117,A4,0.568674,0.059585,1
20210211T163501,20210218T131636,6.8622,118,A4,0.509433,0.595451,1
20210211T163501,20210218T131636,6.8622,119,A4,0.289477,0.815365,1
20210211T163501,20210218T131636,6.8622,120,A4,0.391850,0.150078,1
20210211T163501,20210218T131636,6.8622,121,A4,0.231415,0.314834,1
20210211T163501,20210218T131636,6.8622,122,A4,0.729112,0.035376,1
20210211T163501,20210218T131636,6.8622,123,A4,-0.022950,0.303058,0
20210211T163501,20210218T131636,6.8622,124,A4,0.375248,0.303022,0
20210211T163501,20210218T131636,6.8622,125,A4,0.004490,0.189977,1
20210211T163501,20210218T131636,6.8622,126,A4,0.552013,0.088827,1
20210211T163501,20210218T131636,6.8622,127,A4,-0.104821,0.101640,1
20210211T163501,20210218T131636,6.8622,128,A4,0.208902,0.257842,0
20210211T163501,20210218T131636,6.8622,129,A5,0.423387,0.000000,1
20210211T163501,20210218T131636,6.8622,130,A5,-0.241892,0.726965,1
20210211T163501,20210218T131636,6.8622,131,A5,0.097801,0.162732,1
20210211T163501,20210218T131636,6.8622,132,A5,0.270885,0.268760,1
20210211T163501,20210218T131636,6.8622,133,A5,0.184983,1.734083,0
20210211T163501,20210218T131636,6.8622,134,A5,0.419069,0.061731,1
20210211T163501,20210218T131636,6.8622,135,A5,0.183162,0.000000,1
20210211T163501,20210218T131636,6.8622,136,A5,0.291131,0.929934,1
20210211T163501,20210218T131636,6.8622,137,A5,0.144528,0.308394,1
20210211T163501,20210218T131636,6.8622,138,A5,0.053141,0.996002,1
20210211T163501,20210218T131636,6.8622,139,A5,-0.060732,0.857652,0
20210211T163501,20210218T131636,6.8622,140,A5,0.063286,1.171087,0
20210211T163501,20210218T131636,6.8622,141,A5,-0.012252,0.079622,1
20210211T163501,20210218T131636,6.8622,142,A5,-0.007935,0.732492,0
20210211T163501,20210218T131636,6.8622,143,A5,-0.196572,1.347316,0
20210211T163501,20210218T131636,6.8622,144,A5,0.082542,0.995981,1
20210211T163501,20210218T131636,6.8622,145,A5,-0.021298,1.917709,0
20210211T163501,20210218T131636,6.8622,146,A5,-0.157943,0.979732,1
20210211T163501,20210218T131636,6.8622,147,A5,-0.126654,1.542986,0
20210211T163501,20210218T131636,6.8622,148,A5,-0.049675,0.767235,0
20210211T163501,20210218T131636,6.8622,149,A5,0.260997,0.579718,0
20210211T163501,20210218T131636,6.8622,150,A5,-0.095194,0.340619,1
20210211T163501,20210218T131636,6.8622,151,A5,0.209953,0.947694,0
20210211T163501,20210218T131636,6.8622,152,A5,0.243524,0.013872,1
20210211T163501,20210218T131636,6.8622,153,A5,0.355358,0.636651,0
20210211T163501,20210218T131636,6.8622,154,A5,0.024782,0.107432,1
20210211T163501,20210218T131636,6.8622,155,A5,0.045134,0.634677,0
20210211T163501,20210218T131636,6.8622,156,A5,-0.026657,0.623168,0
20210211T163501,20210218T131636,6.8622,157,A5,0.056955,0.823945,1
20210211T163501,20210218T131636,6.8622,158,A5,-0.211829,0.221386,1
20210211T163501,20210218T131636,6.8622,159,A5,-0.441714,0.246458,1
20210211T163501,20210218T131636,6.8622,160,A5,0.045773,0.096653,1
20210211T163501,20210219T145809,7.9327,1,A1,0.055261,0.444339,1
20210211T163501,20210219T145809,7.9327,2,A1,0.133891,0.611380,0
20210211T163501,20210219T145809,7.9327,3,A1,0.034210,0.839244,1
20210211T163501,20210219T145809,7.9327,4,A1,-0.216656,0.257591,1
20210211T163501,20210219T145809,7.9327,5,A1,0.317416,0.232251,1
20210211T163501,20210219T145809,7.9327,6,A1,0.079493,0.434163,1
20210211T163501,20210219T145809,7.9327,7,A1,-0.146285,0.638460,0
20210211T163501,20210219T145809,7.9327,8,A1,0.309544,0.594191,0
20210211T163501,20210219T145809,7.9327,9,A1,0.088136,0.759758,0
20210211T163501,20210219T145809,7.9327,10,A1,-0.316253,0.082856,1
20210211T163501,20210219T145809,7.9327,11,A1,0.067603,0.000000,1
20210211T163501,20210219T145809,7.9327,12,A1,0.395097,0.651480,1
20210211T163501,20210219T145809,7.9327,13,A1,0.199056,0.000000,1
20210211T163501,20210219T145809,7.9327,14,A1,-0.151380,0.135194,1
20210211T163501,20210219T145809,7.9327,15,A1,0.007572,0.591752,1
20210211T163501,20210219T145809,7.9327,16,A1,-0.057656,0.197794,0
20210211T163501,20210219T145809,7.9327,17,A1,0.138237,0.939076,1
20210211T163501,20210219T145809,7.9327,18,A1,-0.107851,1.265438,0
20210211T163501,20210219T145809,7.9327,19,A1,0.281412,0.703013,0
20210211T163501,20210219T145809,7.9327,20,A1,-0.023847,0.287861,1
20210211T163501,20210219T145809,7.9327,21,A1,0.131589,0.732671,0
20210211T163501,20210219T145809,7.9327,22,A1,-0.135157,0.257905,1
20210211T163501,20210219T145809,7.9327,23,A1,-0.148784,1.113409,0
20210211T163501,20210219T145809,7.9327,24,A1,0.558884,0.148043,1
20210211T163501,20210219T145809,7.9327,25,A1,-0.153895,0.523441,0
20210211T163501,20210219T145809,7.9327,26,A1,0.537926,0.000000,1
20210211T163501,20210219T145809,7.9327,27,A1,-0.284958,0.153582,1
20210211T163501,20210219T145809,7.9327,28,A1,0.491109,0.570100,1
20210211T163501,20210219T145809,7.9327,29,A1,-0.154602,0.179367,1
20210211T163501,20210219T145809,7.9327,30,A1,0.031994,1.082085,0
20210211T163501,20210219T145809,7.9327,31,A1,-0.004660,1.124935,0
20210211T163501,20210219T145809,7.9327,32,A1,-0.245776,0.578283,0
20210211T163501,20210219T145809,7.9327,33,A2,0.228167,1.306745,0
20210211T163501,20210219T145809,7.9327,34,A2,0.050500,1.055814,0
20210211T163501,20210219T145809,7.9327,35,A2,0.195961,1.056923,0
20210211T163501,20210219T145809,7.9327,36,A2,0.267752,1.427433,0
20210211T163501,20210219T145809,7.9327,37,A2,0.210438,0.486019,1
20210211T163501,20210219T145809,7.9327,38,A2,-0.003827,0.987483,1
20210211T163501,20210219T145809,7.9327,39,A2,0.338574,0.000000,1
20210211T163501,20210219T145809,7.9327,40,A2,-0.092477,1.102681,0
20210211T163501,20210219T145809,7.9327,41,A2,0.315394,1.420084,0
20210211T163501,20210219T145809,7.9327,42,A2,-0.052204,0.583598,1
20210211T163501,20210219T145809,7.9327,43,A2,0.177338,1.011086,0
20210211T163501,20210219T145809,7.9327,44,A2,-0.134727,0.080576,1
20210211T163501,20210219T145809,7.9327,45,A2,-0.210313,0.000000,1
20210211T163501,20210219T145809,7.9327,46,A2,0.069341,0.293670,1
20210211T163501,20210219T145809,7.9327,47,A2,0.044230,0.993088,1
20210211T163501,20210219T145809,7.9327,48,A2,-0.321286,1.475348,0
20210211T163501,20210219T145809,7.9327,49,A2,0.488847,0.000000,1
20210211T163501,20210219T145809,7.9327,50,A2,0.237199,0.965569,1
20210211T163501,20210219T145809,7.9327,51,A2,0.063986,0.419166,1
20210211T163501,20210219T145809,7.9327,52,A2,-0.055555,0.921537,1
20210211T163501,20210219T145809,7.9327,53,A2,0.151752,1.151751,0
20210211T163501,20210219T145809,7.9327,54,A2,0.603194,0.979343,1
20210211T163501,20210219T145809,7.9327,55,A2,0.572623,0.819680,1
20210211T163501,20210219T145809,7.9327,56,A2,-0.109703,0.176297,1
20210211T163501,20210219T145809,7.9327,57,A2,0.154667,0.169370,0
20210211T163501,20210219T145809,7.9327,58,A2,-0.020866,0.853124,0
20210211T163501,20210219T145809,7.9327,59,A2,-0.087169,0.786590,1
20210211T163501,20210219T145809,7.9327,60,A2,-0.189818,0.954540,1
20210211T163501,20210219T145809,7.9327,61,A2,0.121960,1.036474,0
20210211T163501,20210219T145809,7.9327,62,A2,0.173458,0.395227,0
20210211T163501,20210219T145809,7.9327,63,A2,-0.036992,0.880295,1
20210211T163501,20210219T145809,7.9327,64,A2,-0.207913,0.904813,1
20210211T163501,20210219T145809,7.9327,65,A3,-0.201357,0.438118,0
20210211T163501,20210219T145809,7.9327,66,A3,0.103138,0.965702,1
20210211T163501,20210219T145809,7.9327,67,A3,-0.240193,0.560264,0
20210211T163501,20210219T145809,7.9327,68,A3,-0.006884,0.849777,1
20210211T163501,20210219T145809,7.9327,69,A3,-0.127727,0.331746,1
20210211T163501,20210219T145809,7.9327,70,A3,-0.230614,0.209589,1
20210211T163501,20210219T145809,7.9327,71,A3,0.105466,0.150683,0
20210211T163501,20210219T145809,7.9327,72,A3,0.086527,0.944595,1
20210211T163501,20210219T145809,7.9327,73,A3,-0.191814,2.000000,0
20210211T163501,20210219T145809,7.9327,74,A3,0.019866,0.142987,0
20210211T163501,20210219T145809,7.9327,75,A3,-0.015735,0.025465,1
20210211T163501,20210219T145809,7.9327,76,A3,-0.118058,1.085689,0
20210211T163501,20210219T145809,7.9327,77,A3,0.054586,0.398355,1
20210211T163501,20210219T145809,7.9327,78,A3,-0.014365,0.653478,1
20210211T163501,20210219T145809,7.9327,79,A3,0.144051,0.708912,0
20210211T163501,20210219T145809,7.9327,80,A3,-0.030287,1.449234,0
20210211T163501,20210219T145809,7.9327,81,A3,-0.039363,1.390456,0
20210211T163501,20210219T145809,7.9327,82,A3,0.382931,1.085011,0
20210211T163501,20210219T145809,7.9327,83,A3,-0.173217,1.049852,0
20210211T163501,20210219T145809,7.9327,84,A3,0.119767,0.232051,1
20210211T163501,20210219T145809,7.9327,85,A3,-0.034632,0.250634,1
20210211T163501,20210219T145809,7.9327,86,A3,-0.052510,1.026256,0
20210211T163501,20210219T145809,7.9327,87,A3,0.262499,0.097935,1
20210211T163501,20210219T145809,7.9327,88,A3,0.078577,0.336542,1
20210211T163501,20210219T145809,7.9327,89,A3,-0.054816,0.675023,0
20210211T163501,20210219T145809,7.9327,90,A3,0.099921,1.249558,0
20210211T163501,20210219T145809,7.9327,91,A3,0.050053,0.326168,0
20210211T163501,20210219T145809,7.9327,92,A3,-0.066309,0.507501,1
20210211T163501,20210219T145809,7.9327,93,A3,0.130609,0.901367,1
20210211T163501,20210219T145809,7.9327,94,A3,-0.364205,0.227449,1
20210211T163501,20210219T145809,7.9327,95,A3,-0.210824,0.390336,1
20210211T163501,20210219T145809,7.9327,96,A3,0.079489,0.553991,0
20210211T163501,20210219T145809,7.9327,97,A4,0.410615,0.453196,0
20210211T163501,20210219T145809,7.9327,98,A4,0.270391,0.357099,1
20210211T163501,20210219T145809,7.9327,99,A4,0.458521,0.196350,1
20210211T163501,20210219T145809,7.9327,100,A4,0.325718,0.015453,1
20210211T163501,20210219T145809,7.9327,101,A4,0.387113,0.425200,1
20210211T163501,20210219T145809,7.9327,102,A4,0.068572,0.152042,1
20210211T163501,20210219T145809,7.9327,103,A4,0.272563,0.420636,1
20210211T163501,20210219T145809,7.9327,104,A4,-0.064694,0.615233,1
20210211T163501,20210219T145809,7.9327,105,A4,0.162534,1.227297,0
20210211T163501,20210219T145809,7.9327,106,A4,0.251136,1.125864,0
20210211T163501,20210219T145809,7.9327,107,A4,-0.036209,0.802084,1
20210211T163501,20210219T145809,7.9327,108,A4,0.159544,0.438235,0
20210211T163501,20210219T145809,7.9327,109,A4,-0.213981,0.151735,1
20210211T163501,20210219T145809,7.9327,110,A4,0.145267,0.413525,0
20210211T163501,20210219T145809,7.9327,111,A4,0.055128,0.052164,1
20210211T163501,20210219T145809,7.9327,112,A4,0.035148,0.116747,0
20210211T163501,20210219T145809,7.9327,113,A4,0.229847,0.212462,1
20210211T163501,20210219T145809,7.9327,114,A4,0.463393,0.804698,1
20210211T163501,20210219T145809,7.9327,115,A4,0.635237,0.462632,1
20210211T163501,20210219T145809,7.9327,116,A4,0.349997,0.369135,0
20210211T163501,20210219T145809,7.9327,117,A4,0.724889,0.059585,1
20210211T163501,20210219T145809,7.9327,118,A4,0.514136,0.352438,1
20210211T163501,20210219T145809,7.9327,119,A4,0.168721,0.815365,1
20210211T163501,20210219T145809,7.9327,120,A4,0.633918,0.081405,1
20210211T163501,20210219T145809,7.9327,121,A4,0.272376,0.345579,1
20210211T163501,20210219T145809,7.9327,122,A4,0.665349,0.062130,1
20210211T163501,20210219T145809,7.9327,123,A4,0.185462,0.272953,0
20210211T163501,20210219T145809,7.9327,124,A4,0.584483,0.245720,1
20210211T163501,20210219T145809,7.9327,125,A4,0.086217,0.214775,1
20210211T163501,20210219T145809,7.9327,126,A4,0.613433,0.117100,1
20210211T163501,20210219T145809,7.9327,127,A4,0.223753,0.003767,1
20210211T163501,20210219T145809,7.9327,128,A4,-0.021182,0.146473,0
20210211T163501,20210219T145809,7.9327,129,A5,0.264038,0.220041,1
20210211T163501,20210219T145809,7.9327,130,A5,-0.124205,0.877431,1
20210211T163501,20210219T145809,7.9327,131,A5,0.198576,0.597166,1
20210211T163501,20210219T145809,7.9327,132,A5,0.385535,0.294926,1
20210211T163501,20210219T145809,7.9327,133,A5,0.199837,1.734083,0
20210211T163501,20210219T145809,7.9327,134,A5,0.326346,0.859006,1
20210211T163501,20210219T145809,7.9327,135,A5,0.306954,0.000000,1
20210211T163501,20210219T145809,7.9327,136,A5,0.117286,0.739014,1
20210211T163501,20210219T145809,7.9327,137,A5,0.082767,0.353833,1
20210211T163501,20210219T145809,7.9327,138,A5,0.036241,1.002397,0
20210211T163501,20210219T145809,7.9327,139,A5,-0.214295,1.398047,0
20210211T163501,20210219T145809,7.9327,140,A5,-0.014263,1.509830,0
20210211T163501,20210219T145809,7.9327,141,A5,0.156638,0.214636,1
20210211T163501,20210219T145809,7.9327,142,A5,-0.033086,0.356935,1
20210211T163501,20210219T145809,7.9327,143,A5,-0.060771,1.115467,0
20210211T163501,20210219T145809,7.9327,144,A5,0.400111,0.000000,1
20210211T163501,20210219T145809,7.9327,145,A5,-0.066788,1.917709,0
20210211T163501,20210219T145809,7.9327,146,A5,0.231784,0.639468,1
20210211T163501,20210219T145809,7.9327,147,A5,-0.002485,1.301217,0
20210211T163501,20210219T145809,7.9327,148,A5,-0.092769,0.337371,1
20210211T163501,20210219T145809,7.9327,149,A5,-0.022881,0.377426,0
20210211T163501,20210219T145809,7.9327,150,A5,0.145857,0.636324,0
20210211T163501,20210219T145809,7.9327,151,A5,0.038400,0.602922,0
20210211T163501,20210219T145809,7.9327,152,A5,0.213472,0.370052,1
20210211T163501,20210219T145809,7.9327,153,A5,0.147980,1.089762,0
20210211T163501,20210219T145809,7.9327,154,A5,0.091952,0.784855,0
20210211T163501,20210219T145809,7.9327,155,A5,0.229084,0.810743,0
20210211T163501,20210219T145809,7.9327,156,A5,-0.122497,0.291815,1
20210211T163501,20210219T145809,7.9327,157,A5,0.230639,0.913881,1
20210211T163501,20210219T145809,7.9327,158,A5,-0.070851,0.636571,0
20210211T163501,20210219T145809,7.9327,159,A5,0.032433,0.416450,1
20210211T163501,20210219T145809,7.9327,160,A5,0.325999,0.173001,1
20210211T163501,20210610T132106,118.8653,1,A1,-0.186735,0.689254,0
20210211T163501,20210610T132106,118.8653,2,A1,-0.148657,0.094503,1
20210211T163501,20210610T132106,118.8653,3,A1,-0.143771,0.475477,1
20210211T163501,20210610T132106,118.8653,4,A1,0.107734,0.491535,1
20210211T163501,20210610T132106,118.8653,5,A1,0.122635,1.263961,0
20210211T163501,20210610T132106,118.8653,6,A1,-0.085615,0.198993,1
20210211T163501,20210610T132106,118.8653,7,A1,0.051515,0.856293,1
20210211T163501,20210610T132106,118.8653,8,A1,0.377751,0.824753,0
20210211T163501,20210610T132106,118.8653,9,A1,-0.054776,0.576240,0
20210211T163501,20210610T132106,118.8653,10,A1,-0.213971,0.514424,1
20210211T163501,20210610T132106,118.8653,11,A1,-0.227228,1.048266,0
20210211T163501,20210610T132106,118.8653,12,A1,-0.355033,0.795623,0
20210211T163501,20210610T132106,118.8653,13,A1,-0.126905,1.046888,0
20210211T163501,20210610T132106,118.8653,14,A1,0.215795,0.409760,0
20210211T163501,20210610T132106,118.8653,15,A1,-0.167542,0.928590,0
20210211T163501,20210610T132106,118.8653,16,A1,-0.106324,0.736492,1
20210211T163501,20210610T132106,118.8653,17,A1,-0.086856,0.102030,1
20210211T163501,20210610T132106,118.8653,18,A1,0.109407,0.000000,1
20210211T163501,20210610T132106,118.8653,19,A1,0.297514,0.202124,1
20210211T163501,20210610T132106,118.8653,20,A1,-0.194688,0.223869,1
20210211T163501,20210610T132106,118.8653,21,A1,-0.024854,0.643235,1
20210211T163501,20210610T132106,118.8653,22,A1,0.008564,0.355772,0
20210211T163501,20210610T132106,118.8653,23,A1,0.183983,0.194139,1
20210211T163501,20210610T132106,118.8653,24,A1,-0.395073,1.428877,0
20210211T163501,20210610T132106,118.8653,25,A1,-0.123458,0.253174,0
20210211T163501,20210610T132106,118.8653,26,A1,-0.183285,0.995852,1
20210211T163501,20210610T132106,118.8653,27,A1,0.048389,0.235740,1
20210211T163501,20210610T132106,118.8653,28,A1,0.091952,0.622979,0
20210211T163501,20210610T132106,118.8653,29,A1,-0.163577,1.377259,0
20210211T163501,20210610T132106,118.8653,30,A1,-0.198440,0.000000,1
20210211T163501,20210610T132106,118.8653,31,A1,-0.093126,0.957277,1
20210211T163501,20210610T132106,118.8653,32,A1,-0.340611,0.890914,0
20210211T163501,20210610T132106,118.8653,33,A2,-0.054831,0.000000,1
20210211T163501,20210610T132106,118.8653,34,A2,-0.141663,1.427484,0
20210211T163501,20210610T132106,118.8653,35,A2,0.196045,0.501496,1
20210211T163501,20210610T132106,118.8653,36,A2,0.356278,0.630112,1
20210211T163501,20210610T132106,118.8653,37,A2,0.013442,0.526131,1
20210211T163501,20210610T132106,118.8653,38,A2,-0.043380,0.961546,1
20210211T163501,20210610T132106,118.8653,39,A2,-0.279029,0.000000,1
20210211T163501,20210610T132106,118.8653,40,A2,0.334797,0.729158,1
20210211T163501,20210610T132106,118.8653,41,A2,0.021575,1.025375,0
20210211T163501,20210610T132106,118.8653,42,A2,0.208932,0.000000,1
20210211T163501,20210610T132106,118.8653,43,A2,0.107113,1.193626,0
20210211T163501,20210610T132106,118.8653,44,A2,0.000361,0.407436,1
20210211T163501,20210610T132106,118.8653,45,A2,-0.246594,1.053168,0
20210211T163501,20210610T132106,118.8653,46,A2,-0.064596,2.000000,0
20210211T163501,20210610T132106,118.8653,47,A2,-0.010641,2.000000,0
20210211T163501,20210610T132106,118.8653,48,A2,0.245386,0.000000,1
20210211T163501,20210610T132106,118.8653,49,A2,0.091503,0.343448,1
20210211T163501,20210610T132106,118.8653,50,A2,0.192421,0.516828,1
20210211T163501,20210610T132106,118.8653,51,A2,-0.286719,0.274882,1
20210211T163501,20210610T132106,118.8653,52,A2,0.059133,2.000000,0
20210211T163501,20210610T132106,118.8653,53,A2,0.219937,1.124918,0
20210211T163501,20210610T132106,118.8653,54,A2,0.124753,0.979343,1
20210211T163501,20210610T132106,118.8653,55,A2,-0.149430,0.000000,1
20210211T163501,20210610T132106,118.8653,56,A2,-0.108947,0.913676,1
20210211T163501,20210610T132106,118.8653,57,A2,0.236907,0.137403,0
20210211T163501,20210610T132106,118.8653,58,A2,0.108914,0.257586,0
20210211T163501,20210610T132106,118.8653,59,A2,-0.011399,0.276279,0
20210211T163501,20210610T132106,118.8653,60,A2,0.103562,1.025650,0
20210211T163501,20210610T132106,118.8653,61,A2,-0.160720,0.621843,1
20210211T163501,20210610T132106,118.8653,62,A2,0.137439,0.292120,1
20210211T163501,20210610T132106,118.8653,63,A2,-0.074885,0.719542,1
20210211T163501,20210610T132106,118.8653,64,A2,-0.105625,1.052277,0
20210211T163501,20210610T132106,118.8653,65,A3,0.042054,0.854930,0
20210211T163501,20210610T132106,118.8653,66,A3,0.422364,1.055120,0
20210211T163501,20210610T132106,118.8653,67,A3,-0.235343,0.132246,1
20210211T163501,20210610T132106,118.8653,68,A3,-0.040687,0.675359,1
20210211T163501,20210610T132106,118.8653,69,A3,0.127249,0.050805,1
20210211T163501,20210610T132106,118.8653,70,A3,0.303716,0.708146,0
20210211T163501,20210610T132106,118.8653,71,A3,0.058660,0.012570,1
20210211T163501,20210610T132106,118.8653,72,A3,-0.325521,0.997725,1
20210211T163501,20210610T132106,118.8653,73,A3,-0.254783,0.847202,1
20210211T163501,20210610T132106,118.8653,74,A3,0.206674,0.235634,1
20210211T163501,20210610T132106,118.8653,75,A3,0.090110,0.460256,0
20210211T163501,20210610T132106,118.8653,76,A3,-0.278244,0.662304,1
20210211T163501,20210610T132106,118.8653,77,A3,0.130133,0.712785,1
20210211T163501,20210610T132106,118.8653,78,A3,-0.051207,0.930496,0
20210211T163501,20210610T132106,118.8653,79,A3,-0.212189,0.515264,0
20210211T163501,20210610T132106,118.8653,80,A3,0.119981,0.277179,1
20210211T163501,20210610T132106,118.8653,81,A3,0.302970,0.608737,1
20210211T163501,20210610T132106,118.8653,82,A3,-0.036014,0.979358,0
20210211T163501,20210610T132106,118.8653,83,A3,0.087016,0.893776,1
20210211T163501,20210610T132106,118.8653,84,A3,-0.224461,0.901238,0
20210211T163501,20210610T132106,118.8653,85,A3,0.014488,0.048675,1
20210211T163501,20210610T132106,118.8653,86,A3,0.000187,0.144395,0
20210211T163501,20210610T132106,118.8653,87,A3,-0.305130,0.716071,0
20210211T163501,20210610T132106,118.8653,88,A3,0.181624,0.288491,1
20210211T163501,20210610T132106,118.8653,89,A3,-0.005897,0.506648,0
20210211T163501,20210610T132106,118.8653,90,A3,-0.213968,0.243284,1
20210211T163501,20210610T132106,118.8653,91,A3,-0.436157,0.733563,1
20210211T163501,20210610T132106,118.8653,92,A3,-0.089481,1.060260,0
20210211T163501,20210610T132106,118.8653,93,A3,-0.165712,0.092010,1
20210211T163501,20210610T132106,118.8653,94,A3,0.148382,0.418095,0
20210211T163501,20210610T132106,118.8653,95,A3,0.322494,0.179257,1
20210211T163501,20210610T132106,118.8653,96,A3,-0.206366,1.123339,0
20210211T163501,20210610T132106,118.8653,97,A4,0.046482,0.024985,1
20210211T163501,20210610T132106,118.8653,98,A4,0.336219,0.424046,1
20210211T163501,20210610T132106,118.8653,99,A4,-0.192914,1.033412,0
20210211T163501,20210610T132106,118.8653,100,A4,0.266101,0.846807,1
20210211T163501,20210610T132106,118.8653,101,A4,-0.257267,0.725956,1
20210211T163501,20210610T132106,118.8653,102,A4,0.297559,0.192014,0
20210211T163501,20210610T132106,118.8653,103,A4,-0.144675,1.439354,0
20210211T163501,20210610T132106,118.8653,104,A4,0.083118,1.633512,0
20210211T163501,20210610T132106,118.8653,105,A4,-0.227895,0.019443,1
20210211T163501,20210610T132106,118.8653,106,A4,0.208776,0.009313,1
20210211T163501,20210610T132106,118.8653,107,A4,0.127595,0.639406,1
20210211T163501,20210610T132106,118.8653,108,A4,-0.136293,0.715750,1
20210211T163501,20210610T132106,118.8653,109,A4,0.293938,0.174283,1
20210211T163501,20210610T132106,118.8653,110,A4,-0.052154,0.155214,1
20210211T163501,20210610T132106,118.8653,111,A4,-0.222451,0.059002,1
20210211T163501,20210610T132106,118.8653,112,A4,-0.086529,0.036744,1
20210211T163501,20210610T132106,118.8653,113,A4,0.121022,0.328415,0
20210211T163501,20210610T132106,118.8653,114,A4,0.302585,0.558066,1
20210211T163501,20210610T132106,118.8653,115,A4,-0.134125,1.088665,0
20210211T163501,20210610T132106,118.8653,116,A4,0.053863,0.421213,1
20210211T163501,20210610T132106,118.8653,117,A4,0.688770,0.059585,1
20210211T163501,20210610T132106,118.8653,118,A4,0.492421,0.517577,1
20210211T163501,20210610T132106,118.8653,119,A4,0.229956,0.453596,0
20210211T163501,20210610T132106,118.8653,120,A4,0.291017,0.441067,1
20210211T163501,20210610T132106,118.8653,121,A4,0.218497,0.087920,1
20210211T163501,20210610T132106,118.8653,122,A4,0.003486,0.488745,0
20210211T163501,20210610T132106,118.8653,123,A4,-0.361639,1.074752,0
20210211T163501,20210610T132106,118.8653,124,A4,0.124999,0.054285,1
20210211T163501,20210610T132106,118.8653,125,A4,0.305094,0.344202,1
20210211T163501,20210610T132106,118.8653,126,A4,0.428108,0.218312,1
20210211T163501,20210610T132106,118.8653,127,A4,0.076299,0.378304,0
20210211T163501,20210610T132106,118.8653,128,A4,0.065167,0.029642,1
20210211T163501,20210610T132106,118.8653,129,A5,-0.220885,2.000000,0
20210211T163501,20210610T132106,118.8653,130,A5,0.140756,1.419367,0
20210211T163501,20210610T132106,118.8653,131,A5,-0.162327,0.726952,0
20210211T163501,20210610T132106,118.8653,132,A5,-0.300220,1.073355,0
20210211T163501,20210610T132106,118.8653,133,A5,-0.127393,0.701857,1
20210211T163501,20210610T132106,118.8653,134,A5,-0.153328,1.236071,0
20210211T163501,20210610T132106,118.8653,135,A5,0.097499,2.000000,0
20210211T163501,20210610T132106,118.8653,136,A5,-0.078413,0.261807,0
20210211T163501,20210610T132106,118.8653,137,A5,0.018122,1.316340,0
20210211T163501,20210610T132106,118.8653,138,A5,-0.205025,1.168350,0
20210211T163501,20210610T132106,118.8653,139,A5,0.188325,0.949549,0
20210211T163501,20210610T132106,118.8653,140,A5,-0.126648,1.508870,0
20210211T163501,20210610T132106,118.8653,141,A5,-0.158863,0.036011,1
20210211T163501,20210610T132106,118.8653,142,A5,-0.002914,0.650534,0
20210211T163501,20210610T132106,118.8653,143,A5,-0.026543,0.306225,1
20210211T163501,20210610T132106,118.8653,144,A5,0.145647,1.575760,0
20210211T163501,20210610T132106,118.8653,145,A5,-0.226172,1.078538,0
20210211T163501,20210610T132106,118.8653,146,A5,0.143875,1.731644,0
20210211T163501,20210610T132106,118.8653,147,A5,0.174017,1.030470,0
20210211T163501,20210610T132106,118.8653,148,A5,0.034431,1.450569,0
20210211T163501,20210610T132106,118.8653,149,A5,0.181429,0.665817,1
20210211T163501,20210610T132106,118.8653,150,A5,0.069405,0.362509,1
20210211T163501,20210610T132106,118.8653,151,A5,-0.232382,1.540252,0
20210211T163501,20210610T132106,118.8653,152,A5,0.306311,0.496182,1
20210211T163501,20210610T132106,118.8653,153,A5,-0.295476,0.114195,1
20210211T163501,20210610T132106,118.8653,154,A5,0.182396,0.164848,1
20210211T163501,20210610T132106,118.8653,155,A5,-0.214536,1.090049,0
20210211T163501,20210610T132106,118.8653,156,A5,-0.003100,0.263950,1
20210211T163501,20210610T132106,118.8653,157,A5,0.110823,0.994498,1
20210211T163501,20210610T132106,118.8653,158,A5,0.332039,0.204123,1
20210211T163501,20210610T132106,118.8653,159,A5,-0.189434,0.174946,1
20210211T163501,20210610T132106,118.8653,160,A5,0.223932,0.190191,0
20210211T163501,20210618T123111,126.8307,1,A1,-0.055663,0.923420,0
20210211T163501,20210618T123111,126.8307,2,A1,-0.177478,0.470968,0
20210211T163501,20210618T123111,126.8307,3,A1,0.123780,0.367965,0
20210211T163501,20210618T123111,126.8307,4,A1,-0.206467,0.681252,0
20210211T163501,20210618T123111,126.8307,5,A1,-0.202558,0.137338,1
20210211T163501,20210618T123111,126.8307,6,A1,0.368794,0.025384,1
20210211T163501,20210618T123111,126.8307,7,A1,0.371973,0.892992,1
20210211T163501,20210618T123111,126.8307,8,A1,0.045193,1.534301,0
20210211T163501,20210618T123111,126.8307,9,A1,0.247885,0.706523,0
20210211T163501,20210618T123111,126.8307,10,A1,0.084094,0.082856,1
20210211T163501,20210618T123111,126.8307,11,A1,-0.052059,0.712889,1
20210211T163501,20210618T123111,126.8307,12,A1,-0.073269,0.590034,1
20210211T163501,20210618T123111,126.8307,13,A1,0.097686,1.645243,0
20210211T163501,20210618T123111,126.8307,14,A1,-0.077466,0.708117,0
20210211T163501,20210618T123111,126.8307,15,A1,0.186009,0.235942,1
20210211T163501,20210618T123111,126.8307,16,A1,-0.069245,0.285703,1
20210211T163501,20210618T123111,126.8307,17,A1,-0.028685,0.939076,1
20210211T163501,20210618T123111,126.8307,18,A1,-0.282732,0.600006,1
20210211T163501,20210618T123111,126.8307,19,A1,-0.240862,0.390364,1
20210211T163501,20210618T123111,126.8307,20,A1,0.050802,0.477278,1
20210211T163501,20210618T123111,126.8307,21,A1,0.046509,1.598794,0
20210211T163501,20210618T123111,126.8307,22,A1,-0.149133,0.098010,1
20210211T163501,20210618T123111,126.8307,23,A1,-0.042639,1.755976,0
20210211T163501,20210618T123111,126.8307,24,A1,-0.081109,1.428877,0
20210211T163501,20210618T123111,126.8307,25,A1,-0.081678,0.238504,1
20210211T163501,20210618T123111,126.8307,26,A1,-0.423908,1.732770,0
20210211T163501,20210618T123111,126.8307,27,A1,-0.161262,0.137692,1
20210211T163501,20210618T123111,126.8307,28,A1,0.195414,0.505945,0
20210211T163501,20210618T123111,126.8307,29,A1,0.084779,1.377259,0
20210211T163501,20210618T123111,126.8307,30,A1,0.001026,0.990145,1
20210211T163501,20210618T123111,126.8307,31,A1,0.214486,0.000000,1
20210211T163501,20210618T123111,126.8307,32,A1,-0.371965,0.995540,0
20210211T163501,20210618T123111,126.8307,33,A2,0.151710,0.833825,1
20210211T163501,20210618T123111,126.8307,34,A2,-0.207811,2.000000,0
20210211T163501,20210618T123111,126.8307,35,A2,0.339587,0.446445,1
20210211T163501,20210618T123111,126.8307,36,A2,0.182428,1.073525,0
20210211T163501,20210618T123111,126.8307,37,A2,-0.112243,0.558572,0
20210211T163501,20210618T123111,126.8307,38,A2,-0.127755,1.160239,0
20210211T163501,20210618T123111,126.8307,39,A2,-0.139587,0.652780,1
20210211T163501,20210618T123111,126.8307,40,A2,-0.189773,0.938359,1
20210211T163501,20210618T123111,126.8307,41,A2,0.067427,0.000000,1
20210211T163501,20210618T123111,126.8307,42,A2,0.096199,0.000000,1
20210211T163501,20210618T123111,126.8307,43,A2,-0.058558,0.470541,1
20210211T163501,20210618T123111,126.8307,44,A2,0.211190,0.180584,1
20210211T163501,20210618T123111,126.8307,45,A2,0.274833,0.020952,1
20210211T163501,20210618T123111,126.8307,46,A2,0.009664,1.063959,0
20210211T163501,20210618T123111,126.8307,47,A2,0.227415,1.668373,0
20210211T163501,20210618T123111,126.8307,48,A2,0.012425,0.907190,1
20210211T163501,20210618T123111,126.8307,49,A2,0.308371,0.000000,1
20210211T163501,20210618T123111,126.8307,50,A2,0.369829,2.000000,0
20210211T163501,20210618T123111,126.8307,51,A2,-0.026493,1.412011,0
20210211T163501,20210618T123111,126.8307,52,A2,0.143364,1.200809,0
20210211T163501,20210618T123111,126.8307,53,A2,0.097925,1.053831,0
20210211T163501,20210618T123111,126.8307,54,A2,0.069168,0.036219,1
20210211T163501,20210618T123111,126.8307,55,A2,-0.026428,0.217257,1
20210211T163501,20210618T123111,126.8307,56,A2,0.348830,0.405842,1
20210211T163501,20210618T123111,126.8307,57,A2,-0.252901,0.239894,0
20210211T163501,20210618T123111,126.8307,58,A2,0.103799,0.146908,1
20210211T163501,20210618T123111,126.8307,59,A2,0.067004,0.195344,1
20210211T163501,20210618T123111,126.8307,60,A2,-0.119624,1.014745,0
20210211T163501,20210618T123111,126.8307,61,A2,0.077247,0.000000,1
20210211T163501,20210618T123111,126.8307,62,A2,-0.063749,0.417818,0
20210211T163501,20210618T123111,126.8307,63,A2,-0.037648,0.000000,1
20210211T163501,20210618T123111,126.8307,64,A2,-0.022492,1.919893,0
20210211T163501,20210618T123111,126.8307,65,A3,0.065327,0.522726,0
20210211T163501,20210618T123111,126.8307,66,A3,-0.241183,1.123750,0
20210211T163501,20210618T123111,126.8307,67,A3,0.141359,0.974236,0
20210211T163501,20210618T123111,126.8307,68,A3,-0.003803,1.502956,0
20210211T163501,20210618T123111,126.8307,69,A3,-0.038677,0.615952,1
20210211T163501,20210618T123111,126.8307,70,A3,0.240979,0.127073,1
20210211T163501,20210618T123111,126.8307,71,A3,0.026839,0.159295,1
20210211T163501,20210618T123111,126.8307,72,A3,-0.191791,0.939281,1
20210211T163501,20210618T123111,126.8307,73,A3,0.127724,0.984583,1
20210211T163501,20210618T123111,126.8307,74,A3,0.102362,0.208133,0
20210211T163501,20210618T123111,126.8307,75,A3,0.040769,0.306433,1
20210211T163501,20210618T123111,126.8307,76,A3,0.055136,0.843799,1
20210211T163501,20210618T123111,126.8307,77,A3,0.004742,0.702768,1
20210211T163501,20210618T123111,126.8307,78,A3,-0.032664,0.517901,1
20210211T163501,20210618T123111,126.8307,79,A3,-0.500271,0.886367,0
20210211T163501,20210618T123111,126.8307,80,A3,0.021235,2.000000,0
20210211T163501,20210618T123111,126.8307,81,A3,0.058387,0.823028,1
20210211T163501,20210618T123111,126.8307,82,A3,0.103022,0.647349,1
20210211T163501,20210618T123111,126.8307,83,A3,-0.054152,0.564611,1
20210211T163501,20210618T123111,126.8307,84,A3,-0.230895,0.214903,1
20210211T163501,20210618T123111,126.8307,85,A3,0.225380,0.004488,1
20210211T163501,20210618T123111,126.8307,86,A3,-0.110359,0.162189,0
20210211T163501,20210618T123111,126.8307,87,A3,0.060409,0.035902,1
20210211T163501,20210618T123111,126.8307,88,A3,0.235726,0.226312,1
20210211T163501,20210618T123111,126.8307,89,A3,0.302373,0.265327,1
20210211T163501,20210618T123111,126.8307,90,A3,-0.036366,0.252908,0
20210211T163501,20210618T123111,126.8307,91,A3,0.015977,0.154763,1
20210211T163501,20210618T123111,126.8307,92,A3,-0.164813,0.535160,1
20210211T163501,20210618T123111,126.8307,93,A3,-0.044154,0.034263,1
20210211T163501,20210618T123111,126.8307,94,A3,0.169802,0.420343,0
20210211T163501,20210618T123111,126.8307,95,A3,-0.144948,0.513507,0
20210211T163501,20210618T123111,126.8307,96,A3,0.285966,0.502064,1
20210211T163501,20210618T123111,126.8307,97,A4,0.036028,0.155079,1
20210211T163501,20210618T123111,126.8307,98,A4,-0.016247,0.546017,0
20210211T163501,20210618T123111,126.8307,99,A4,0.130958,0.317712,1
20210211T163501,20210618T123111,126.8307,100,A4,-0.145510,0.984218,1
20210211T163501,20210618T123111,126.8307,101,A4,0.246130,0.129821,1
20210211T163501,20210618T123111,126.8307,102,A4,-0.189631,0.161021,0
20210211T163501,20210618T123111,126.8307,103,A4,0.142325,0.136101,1
20210211T163501,20210618T123111,126.8307,104,A4,-0.122059,0.349105,1
20210211T163501,20210618T123111,126.8307,105,A4,-0.169574,0.301893,0
20210211T163501,20210618T123111,126.8307,106,A4,0.051280,0.992143,0
20210211T163501,20210618T123111,126.8307,107,A4,0.081523,0.813516,1
20210211T163501,20210618T123111,126.8307,108,A4,0.156253,0.302682,0
20210211T163501,20210618T123111,126.8307,109,A4,-0.157252,0.189506,1
20210211T163501,20210618T123111,126.8307,110,A4,0.201702,0.607717,0
20210211T163501,20210618T123111,126.8307,111,A4,-0.382227,0.048750,1
20210211T163501,20210618T123111,126.8307,112,A4,0.050992,0.285718,1
20210211T163501,20210618T123111,126.8307,113,A4,-0.034424,1.038675,0
20210211T163501,20210618T123111,126.8307,114,A4,-0.428110,0.019512,1
20210211T163501,20210618T123111,126.8307,115,A4,-0.208535,0.879435,0
20210211T163501,20210618T123111,126.8307,116,A4,0.125843,0.426647,0
20210211T163501,20210618T123111,126.8307,117,A4,-0.097485,0.572326,1
20210211T163501,20210618T123111,126.8307,118,A4,0.037829,0.136288,1
20210211T163501,20210618T123111,126.8307,119,A4,0.104683,0.376738,0
20210211T163501,20210618T123111,126.8307,120,A4,0.404045,0.222965,1
20210211T163501,20210618T123111,126.8307,121,A4,0.300471,0.459525,1
20210211T163501,20210618T123111,126.8307,122,A4,0.080760,0.127533,1
20210211T163501,20210618T123111,126.8307,123,A4,-0.032526,0.053953,1
20210211T163501,20210618T123111,126.8307,124,A4,0.186553,0.295528,0
20210211T163501,20210618T123111,126.8307,125,A4,0.210728,0.052419,1
20210211T163501,20210618T123111,126.8307,126,A4,0.207565,0.056211,1
20210211T163501,20210618T123111,126.8307,127,A4,-0.259268,0.781812,0
20210211T163501,20210618T123111,126.8307,128,A4,0.253383,0.500418,0
20210211T163501,20210618T123111,126.8307,129,A5,-0.092364,0.856138,1
20210211T163501,20210618T123111,126.8307,130,A5,-0.324768,1.061121,0
20210211T163501,20210618T123111,126.8307,131,A5,-0.084506,0.996424,0
20210211T163501,20210618T123111,126.8307,132,A5,-0.070964,1.149674,0
20210211T163501,20210618T123111,126.8307,133,A5,-0.273097,0.637758,1
20210211T163501,20210618T123111,126.8307,134,A5,-0.088312,1.473617,0
20210211T163501,20210618T123111,126.8307,135,A5,0.073252,0.525594,1
20210211T163501,20210618T123111,126.8307,136,A5,0.027424,0.166770,0
20210211T163501,20210618T123111,126.8307,137,A5,-0.218550,0.389306,0
20210211T163501,20210618T123111,126.8307,138,A5,-0.228999,1.173664,0
20210211T163501,20210618T123111,126.8307,139,A5,-0.022734,0.607555,1
20210211T163501,20210618T123111,126.8307,140,A5,0.376000,0.973569,1
20210211T163501,20210618T123111,126.8307,141,A5,0.340465,0.211781,1
20210211T163501,20210618T123111,126.8307,142,A5,-0.165014,0.628310,1
20210211T163501,20210618T123111,126.8307,143,A5,0.131492,0.879615,0
20210211T163501,20210618T123111,126.8307,144,A5,0.230317,1.002646,0
20210211T163501,20210618T123111,126.8307,145,A5,-0.085700,0.896766,1
20210211T163501,20210618T123111,126.8307,146,A5,-0.342206,1.086281,0
20210211T163501,20210618T123111,126.8307,147,A5,-0.179542,1.065173,0
20210211T163501,20210618T123111,126.8307,148,A5,-0.128067,0.471894,0
20210211T163501,20210618T123111,126.8307,149,A5,-0.216841,0.291779,1
20210211T163501,20210618T123111,126.8307,150,A5,-0.292479,1.364427,0
20210211T163501,20210618T123111,126.8307,151,A5,0.287208,0.593589,0
20210211T163501,20210618T123111,126.8307,152,A5,-0.044598,0.669627,0
20210211T163501,20210618T123111,126.8307,153,A5,0.157076,0.536331,1
20210211T163501,20210618T123111,126.8307,154,A5,-0.129393,0.408308,1
20210211T163501,20210618T123111,126.8307,155,A5,-0.159961,0.730649,0
20210211T163501,20210618T123111,126.8307,156,A5,0.216778,0.299059,0
20210211T163501,20210618T123111,126.8307,157,A5,-0.063170,0.884659,1
20210211T163501,20210618T123111,126.8307,158,A5,-0.066124,0.439950,1
20210211T163501,20210618T123111,126.8307,159,A5,0.236292,0.052966,1
20210211T163501,20210618T123111,126.8307,160,A5,0.030858,0.072479,0
20210211T163501,20210623T140144,131.8936,1,A1,-0.054408,0.183224,1
20210211T163501,20210623T140144,131.8936,2,A1,0.010013,0.345974,0
20210211T163501,20210623T140144,131.8936,3,A1,0.124012,1.160756,0
20210211T163501,20210623T140144,131.8936,4,A1,0.218979,0.732099,0
20210211T163501,20210623T140144,131.8936,5,A1,-0.182325,0.081197,1
20210211T163501,20210623T140144,131.8936,6,A1,-0.081114,0.386113,1
20210211T163501,20210623T140144,131.8936,7,A1,-0.353639,0.519519,0
20210211T163501,20210623T140144,131.8936,8,A1,-0.016158,1.534301,0
20210211T163501,20210623T140144,131.8936,9,A1,-0.121199,0.714537,0
20210211T163501,20210623T140144,131.8936,10,A1,-0.046908,0.841227,1
20210211T163501,20210623T140144,131.8936,11,A1,-0.050042,0.293968,1
20210211T163501,20210623T140144,131.8936,12,A1,-0.158506,0.721027,0
20210211T163501,20210623T140144,131.8936,13,A1,0.127752,1.153182,0
20210211T163501,20210623T140144,131.8936,14,A1,-0.040153,0.198143,1
20210211T163501,20210623T140144,131.8936,15,A1,-0.164888,1.022834,0
20210211T163501,20210623T140144,131.8936,16,A1,0.222633,0.070235,1
20210211T163501,20210623T140144,131.8936,17,A1,0.051692,0.939076,1
20210211T163501,20210623T140144,131.8936,18,A1,0.217947,0.874781,1
20210211T163501,20210623T140144,131.8936,19,A1,-0.246324,0.095487,1
20210211T163501,20210623T140144,131.8936,20,A1,0.111891,0.448861,1
20210211T163501,20210623T140144,131.8936,21,A1,0.312445,1.697157,0
20210211T163501,20210623T140144,131.8936,22,A1,-0.021717,0.221810,1
20210211T163501,20210623T140144,131.8936,23,A1,-0.151518,1.200745,0
20210211T163501,20210623T140144,131.8936,24,A1,-0.157263,1.428877,0
20210211T163501,20210623T140144,131.8936,25,A1,-0.290547,0.398766,1
20210211T163501,20210623T140144,131.8936,26,A1,0.404645,0.926898,1
20210211T163501,20210623T140144,131.8936,27,A1,0.003077,0.165585,1
20210211T163501,20210623T140144,131.8936,28,A1,0.062954,0.606590,0
20210211T163501,20210623T140144,131.8936,29,A1,-0.075618,0.207885,1
20210211T163501,20210623T140144,131.8936,30,A1,0.050073,0.929481,1
20210211T163501,20210623T140144,131.8936,31,A1,0.139407,1.193671,0
20210211T163501,20210623T140144,131.8936,32,A1,-0.531547,1.115896,0
20210211T163501,20210623T140144,131.8936,33,A2,0.000173,0.126891,1
20210211T163501,20210623T140144,131.8936,34,A2,-0.563771,1.181799,0
20210211T163501,20210623T140144,131.8936,35,A2,-0.244355,0.041436,1
20210211T163501,20210623T140144,131.8936,36,A2,0.410724,1.201867,0
20210211T163501,20210623T140144,131.8936,37,A2,-0.168463,0.470899,1
20210211T163501,20210623T140144,131.8936,38,A2,-0.114682,0.925246,1
20210211T163501,20210623T140144,131.8936,39,A2,0.222649,0.669366,1
20210211T163501,20210623T140144,131.8936,40,A2,-0.066290,0.559695,1
20210211T163501,20210623T140144,131.8936,41,A2,0.116628,1.792887,0
20210211T163501,20210623T140144,131.8936,42,A2,0.313302,0.000000,1
20210211T163501,20210623T140144,131.8936,43,A2,-0.334687,0.774736,1
20210211T163501,20210623T140144,131.8936,44,A2,0.058697,0.401265,0
20210211T163501,20210623T140144,131.8936,45,A2,0.042684,1.099790,0
20210211T163501,20210623T140144,131.8936,46,A2,0.305234,1.319662,0
20210211T163501,20210623T140144,131.8936,47,A2,0.124885,1.437582,0
20210211T163501,20210623T140144,131.8936,48,A2,0.068926,1.013196,0
20210211T163501,20210623T140144,131.8936,49,A2,0.493741,0.049677,1
20210211T163501,20210623T140144,131.8936,50,A2,0.007983,0.971888,1
20210211T163501,20210623T140144,131.8936,51,A2,-0.301502,1.237419,0
20210211T163501,20210623T140144,131.8936,52,A2,0.094745,1.086193,0
20210211T163501,20210623T140144,131.8936,53,A2,-0.168950,0.018012,1
20210211T163501,20210623T140144,131.8936,54,A2,0.505436,0.979343,1
20210211T163501,20210623T140144,131.8936,55,A2,-0.030689,0.000000,1
20210211T163501,20210623T140144,131.8936,56,A2,0.305503,1.001816,0
20210211T163501,20210623T140144,131.8936,57,A2,-0.101894,0.219768,0
20210211T163501,20210623T140144,131.8936,58,A2,-0.113550,0.109106,1
20210211T163501,20210623T140144,131.8936,59,A2,0.326734,0.247947,0
20210211T163501,20210623T140144,131.8936,60,A2,0.216119,0.955066,1
20210211T163501,20210623T140144,131.8936,61,A2,0.042263,0.991615,1
20210211T163501,20210623T140144,131.8936,62,A2,-0.121624,0.262935,1
20210211T163501,20210623T140144,131.8936,63,A2,0.221467,0.126694,1
20210211T163501,20210623T140144,131.8936,64,A2,-0.272738,0.956346,1
20210211T163501,20210623T140144,131.8936,65,A3,-0.036839,0.398793,0
20210211T163501,20210623T140144,131.8936,66,A3,-0.151928,1.133465,0
20210211T163501,20210623T140144,131.8936,67,A3,-0.029201,0.535843,1
20210211T163501,20210623T140144,131.8936,68,A3,0.093930,1.403425,0
20210211T163501,20210623T140144,131.8936,69,A3,0.051051,0.349927,1
20210211T163501,20210623T140144,131.8936,70,A3,0.219512,0.255590,1
20210211T163501,20210623T140144,131.8936,71,A3,0.344298,0.016786,1
20210211T163501,20210623T140144,131.8936,72,A3,0.050461,1.001179,0
20210211T163501,20210623T140144,131.8936,73,A3,0.100893,1.034089,0
20210211T163501,20210623T140144,131.8936,74,A3,0.176337,0.156231,0
20210211T163501,20210623T140144,131.8936,75,A3,0.018302,0.363067,1
20210211T163501,20210623T140144,131.8936,76,A3,-0.200158,0.643106,1
20210211T163501,20210623T140144,131.8936,77,A3,0.249075,1.497776,0
20210211T163501,20210623T140144,131.8936,78,A3,0.199032,0.653502,1
20210211T163501,20210623T140144,131.8936,79,A3,0.227824,0.185725,1
20210211T163501,20210623T140144,131.8936,80,A3,-0.042917,1.019124,0
20210211T163501,20210623T140144,131.8936,81,A3,-0.159772,0.958230,0
20210211T163501,20210623T140144,131.8936,82,A3,-0.026150,0.607148,1
20210211T163501,20210623T140144,131.8936,83,A3,-0.083640,1.807856,0
20210211T163501,20210623T140144,131.8936,84,A3,-0.070889,0.137001,1
20210211T163501,20210623T140144,131.8936,85,A3,0.175933,0.302114,1
20210211T163501,20210623T140144,131.8936,86,A3,0.160683,0.033144,1
20210211T163501,20210623T140144,131.8936,87,A3,0.341893,0.059688,1
20210211T163501,20210623T140144,131.8936,88,A3,0.300098,0.433751,0
20210211T163501,20210623T140144,131.8936,89,A3,-0.227547,0.530649,0
20210211T163501,20210623T140144,131.8936,90,A3,-0.259062,0.433868,0
20210211T163501,20210623T140144,131.8936,91,A3,-0.029522,0.322347,0
20210211T163501,20210623T140144,131.8936,92,A3,-0.274700,0.473784,1
20210211T163501,20210623T140144,131.8936,93,A3,-0.088746,0.107117,1
20210211T163501,20210623T140144,131.8936,94,A3,-0.133177,0.407297,0
20210211T163501,20210623T140144,131.8936,95,A3,0.035591,0.745858,0
20210211T163501,20210623T140144,131.8936,96,A3,-0.051227,0.430239,1
20210211T163501,20210623T140144,131.8936,97,A4,-0.003662,0.836444,1
20210211T163501,20210623T140144,131.8936,98,A4,0.181293,0.851405,0
20210211T163501,20210623T140144,131.8936,99,A4,0.129989,0.567434,1
20210211T163501,20210623T140144,131.8936,100,A4,0.158419,0.942573,1
20210211T163501,20210623T140144,131.8936,101,A4,-0.225962,1.113977,0
20210211T163501,20210623T140144,131.8936,102,A4,0.377096,0.065813,1
20210211T163501,20210623T140144,131.8936,103,A4,-0.033394,1.178898,0
20210211T163501,20210623T140144,131.8936,104,A4,0.342400,0.649767,0
20210211T163501,20210623T140144,131.8936,105,A4,-0.158775,0.772703,1
20210211T163501,20210623T140144,131.8936,106,A4,0.116000,1.169575,0
20210211T163501,20210623T140144,131.8936,107,A4,0.245222,1.495920,0
20210211T163501,20210623T140144,131.8936,108,A4,-0.066048,0.715750,1
20210211T163501,20210623T140144,131.8936,109,A4,-0.221528,0.763804,0
20210211T163501,20210623T140144,131.8936,110,A4,-0.012909,1.353091,0
20210211T163501,20210623T140144,131.8936,111,A4,0.067802,0.262945,0
20210211T163501,20210623T140144,131.8936,112,A4,-0.010781,0.141437,0
20210211T163501,20210623T140144,131.8936,113,A4,0.202317,0.048404,0
20210211T163501,20210623T140144,131.8936,114,A4,-0.074336,1.125712,0
20210211T163501,20210623T140144,131.8936,115,A4,-0.141041,0.855693,0
20210211T163501,20210623T140144,131.8936,116,A4,-0.039827,0.172710,1
20210211T163501,20210623T140144,131.8936,117,A4,-0.077270,0.594340,1
20210211T163501,20210623T140144,131.8936,118,A4,0.083415,0.834885,0
20210211T163501,20210623T140144,131.8936,119,A4,-0.097497,0.549779,0
20210211T163501,20210623T140144,131.8936,120,A4,0.003009,0.983427,0
20210211T163501,20210623T140144,131.8936,121,A4,0.160699,0.826127,0
20210211T163501,20210623T140144,131.8936,122,A4,0.078023,0.386651,0
20210211T163501,20210623T140144,131.8936,123,A4,-0.131511,0.079713,1
20210211T163501,20210623T140144,131.8936,124,A4,-0.120439,0.087790,1
20210211T163501,20210623T140144,131.8936,125,A4,-0.004960,0.264963,1
20210211T163501,20210623T140144,131.8936,126,A4,-0.269672,0.133238,1
20210211T163501,20210623T140144,131.8936,127,A4,0.037204,0.057185,1
20210211T163501,20210623T140144,131.8936,128,A4,-0.206556,0.142071,0
20210211T163501,20210623T140144,131.8936,129,A5,-0.034666,1.123947,0
20210211T163501,20210623T140144,131.8936,130,A5,-0.070762,1.819801,0
20210211T163501,20210623T140144,131.8936,131,A5,-0.303571,1.052598,0
20210211T163501,20210623T140144,131.8936,132,A5,0.013975,0.787823,0
20210211T163501,20210623T140144,131.8936,133,A5,-0.164579,0.265917,1
20210211T163501,20210623T140144,131.8936,134,A5,-0.257242,1.938269,0
20210211T163501,20210623T140144,131.8936,135,A5,0.208269,0.000000,1
20210211T163501,20210623T140144,131.8936,136,A5,0.009622,0.123609,0
20210211T163501,20210623T140144,131.8936,137,A5,0.077631,0.476714,0
20210211T163501,20210623T140144,131.8936,138,A5,0.331961,0.977113,1
20210211T163501,20210623T140144,131.8936,139,A5,0.348751,0.219286,1
20210211T163501,20210623T140144,131.8936,140,A5,-0.084341,1.287164,0
20210211T163501,20210623T140144,131.8936,141,A5,-0.100899,0.054188,1
20210211T163501,20210623T140144,131.8936,142,A5,-0.373839,0.629493,1
20210211T163501,20210623T140144,131.8936,143,A5,0.010411,1.338918,0
20210211T163501,20210623T140144,131.8936,144,A5,0.203002,0.947592,1
20210211T163501,20210623T140144,131.8936,145,A5,0.235899,0.082291,1
20210211T163501,20210623T140144,131.8936,146,A5,-0.159122,0.999729,1
20210211T163501,20210623T140144,131.8936,147,A5,0.024491,0.984841,1
20210211T163501,20210623T140144,131.8936,148,A5,-0.021263,0.545944,0
20210211T163501,20210623T140144,131.8936,149,A5,-0.095154,0.120606,1
20210211T163501,20210623T140144,131.8936,150,A5,-0.427376,0.630709,0
20210211T163501,20210623T140144,131.8936,151,A5,-0.038767,0.048021,1
20210211T163501,20210623T140144,131.8936,152,A5,0.303555,0.087337,1
20210211T163501,20210623T140144,131.8936,153,A5,0.341668,0.313632,1
20210211T163501,20210623T140144,131.8936,154,A5,-0.106015,0.845197,0
20210211T163501,20210623T140144,131.8936,155,A5,0.104586,0.785747,0
20210211T163501,20210623T140144,131.8936,156,A5,0.199353,0.377897,0
20210211T163501,20210623T140144,131.8936,157,A5,-0.106010,0.922764,1
20210211T163501,20210623T140144,131.8936,158,A5,0.013412,0.001379,1
20210211T163501,20210623T140144,131.8936,159,A5,-0.013224,0.164455,0
20210211T163501,20210623T140144,131.8936,160,A5,-0.165934,0.323480,0
20210211T163501,20210625T141512,133.9029,1,A1,-0.251037,1.059244,0
20210211T163501,20210625T141512,133.9029,2,A1,0.058455,0.843955,1
20210211T163501,20210625T141512,133.9029,3,A1,-0.234831,1.160756,0
20210211T163501,20210625T141512,133.9029,4,A1,0.005469,0.126662,1
20210211T163501,20210625T141512,133.9029,5,A1,0.114167,1.263961,0
20210211T163501,20210625T141512,133.9029,6,A1,-0.018312,0.971795,1
20210211T163501,20210625T141512,133.9029,7,A1,-0.101921,0.892992,1
20210211T163501,20210625T141512,133.9029,8,A1,-0.295484,1.534301,0
20210211T163501,20210625T141512,133.9029,9,A1,0.004058,0.598039,1
20210211T163501,20210625T141512,133.9029,10,A1,-0.002406,0.082856,1
20210211T163501,20210625T141512,133.9029,11,A1,-0.262652,1.310020,0
20210211T163501,20210625T141512,133.9029,12,A1,-0.034658,0.387872,1
20210211T163501,20210625T141512,133.9029,13,A1,-0.133118,0.000000,1
20210211T163501,20210625T141512,133.9029,14,A1,-0.028717,0.600989,0
20210211T163501,20210625T141512,133.9029,15,A1,-0.052887,0.591752,1
20210211T163501,20210625T141512,133.9029,16,A1,0.016760,0.920139,1
20210211T163501,20210625T141512,133.9029,17,A1,0.329748,0.939076,1
20210211T163501,20210625T141512,133.9029,18,A1,0.429351,0.000000,1
20210211T163501,20210625T141512,133.9029,19,A1,0.267299,0.774319,1
20210211T163501,20210625T141512,133.9029,20,A1,0.133996,0.137988,1
20210211T163501,20210625T141512,133.9029,21,A1,0.272152,0.834056,0
20210211T163501,20210625T141512,133.9029,22,A1,-0.165176,0.318037,1
20210211T163501,20210625T141512,133.9029,23,A1,0.145252,1.459196,0
20210211T163501,20210625T141512,133.9029,24,A1,-0.425673,1.428877,0
20210211T163501,20210625T141512,133.9029,25,A1,-0.007747,0.226057,1
20210211T163501,20210625T141512,133.9029,26,A1,0.064097,0.995953,1
20210211T163501,20210625T141512,133.9029,27,A1,-0.329226,0.508443,0
20210211T163501,20210625T141512,133.9029,28,A1,-0.431126,0.490879,0
20210211T163501,20210625T141512,133.9029,29,A1,-0.029140,1.377259,0
20210211T163501,20210625T141512,133.9029,30,A1,0.087493,0.846503,1
20210211T163501,20210625T141512,133.9029,31,A1,0.220028,0.000000,1
20210211T163501,20210625T141512,133.9029,32,A1,-0.116455,0.583704,0
20210211T163501,20210625T141512,133.9029,33,A2,0.042376,0.000000,1
20210211T163501,20210625T141512,133.9029,34,A2,0.218086,0.741572,1
20210211T163501,20210625T141512,133.9029,35,A2,-0.303112,0.209560,1
20210211T163501,20210625T141512,133.9029,36,A2,-0.390961,0.622334,1
20210211T163501,20210625T141512,133.9029,37,A2,0.119539,0.224444,1
20210211T163501,20210625T141512,133.9029,38,A2,0.199461,1.418740,0
20210211T163501,20210625T141512,133.9029,39,A2,0.051398,0.000000,1
20210211T163501,20210625T141512,133.9029,40,A2,-0.183375,1.090110,0
20210211T163501,20210625T141512,133.9029,41,A2,0.022944,0.636290,1
20210211T163501,20210625T141512,133.9029,42,A2,-0.061950,0.661142,1
20210211T163501,20210625T141512,133.9029,43,A2,0.308125,0.705156,1
20210211T163501,20210625T141512,133.9029,44,A2,0.161794,0.036071,1
20210211T163501,20210625T141512,133.9029,45,A2,-0.163476,0.000000,1
20210211T163501,20210625T141512,133.9029,46,A2,0.113046,1.544315,0
20210211T163501,20210625T141512,133.9029,47,A2,-0.138112,2.000000,0
20210211T163501,20210625T141512,133.9029,48,A2,0.104176,0.940789,1
20210211T163501,20210625T141512,133.9029,49,A2,-0.106084,1.681967,0
20210211T163501,20210625T141512,133.9029,50,A2,0.052349,1.196758,0
20210211T163501,20210625T141512,133.9029,51,A2,0.075564,0.000000,1
20210211T163501,20210625T141512,133.9029,52,A2,-0.144744,0.887977,1
20210211T163501,20210625T141512,133.9029,53,A2,0.190762,0.561628,1
20210211T163501,20210625T141512,133.9029,54,A2,0.523675,0.384974,1
20210211T163501,20210625T141512,133.9029,55,A2,-0.011668,1.514990,0
20210211T163501,20210625T141512,133.9029,56,A2,0.055661,0.583526,1
20210211T163501,20210625T141512,133.9029,57,A2,0.282486,0.017980,1
20210211T163501,20210625T141512,133.9029,58,A2,0.081910,0.209181,1
20210211T163501,20210625T141512,133.9029,59,A2,0.044555,0.786590,1
20210211T163501,20210625T141512,133.9029,60,A2,-0.014130,0.975809,1
20210211T163501,20210625T141512,133.9029,61,A2,0.016275,1.554904,0
20210211T163501,20210625T141512,133.9029,62,A2,-0.234276,0.245350,1
20210211T163501,20210625T141512,133.9029,63,A2,-0.022288,0.776075,1
20210211T163501,20210625T141512,133.9029,64,A2,-0.111658,0.000000,1
20210211T163501,20210625T141512,133.9029,65,A3,-0.151053,0.070527,1
20210211T163501,20210625T141512,133.9029,66,A3,0.104918,0.000000,1
20210211T163501,20210625T141512,133.9029,67,A3,-0.179745,0.721630,0
20210211T163501,20210625T141512,133.9029,68,A3,0.033861,0.067902,1
20210211T163501,20210625T141512,133.9029,69,A3,-0.132033,0.397859,0
20210211T163501,20210625T141512,133.9029,70,A3,0.021747,0.216554,1
20210211T163501,20210625T141512,133.9029,71,A3,0.194368,0.453219,0
20210211T163501,20210625T141512,133.9029,72,A3,0.192164,1.000677,0
20210211T163501,20210625T141512,133.9029,73,A3,-0.260133,1.027197,0
20210211T163501,20210625T141512,133.9029,74,A3,0.057731,0.321589,1
20210211T163501,20210625T141512,133.9029,75,A3,-0.028503,0.049196,1
20210211T163501,20210625T141512,133.9029,76,A3,0.381465,1.364536,0
20210211T163501,20210625T141512,133.9029,77,A3,-0.221709,0.840792,1
20210211T163501,20210625T141512,133.9029,78,A3,-0.049213,0.701609,0
20210211T163501,20210625T141512,133.9029,79,A3,0.275217,1.380162,0
20210211T163501,20210625T141512,133.9029,80,A3,0.307185,0.908218,1
20210211T163501,20210625T141512,133.9029,81,A3,0.228690,0.464712,1
20210211T163501,20210625T141512,133.9029,82,A3,0.294686,1.380413,0
20210211T163501,20210625T141512,133.9029,83,A3,-0.122716,0.909426,1
20210211T163501,20210625T141512,133.9029,84,A3,-0.402384,0.800878,0
20210211T163501,20210625T141512,133.9029,85,A3,-0.210506,0.180266,1
20210211T163501,20210625T141512,133.9029,86,A3,-0.145823,0.416199,0
20210211T163501,20210625T141512,133.9029,87,A3,-0.262428,0.058927,1
20210211T163501,20210625T141512,133.9029,88,A3,0.126413,0.534590,0
20210211T163501,20210625T141512,133.9029,89,A3,-0.276600,0.262611,1
20210211T163501,20210625T141512,133.9029,90,A3,-0.032324,0.246915,1
20210211T163501,20210625T141512,133.9029,91,A3,0.306336,0.261973,1
20210211T163501,20210625T141512,133.9029,92,A3,-0.448248,0.655924,0
20210211T163501,20210625T141512,133.9029,93,A3,-0.401436,0.369787,1
20210211T163501,20210625T141512,133.9029,94,A3,0.056275,0.143727,1
20210211T163501,20210625T141512,133.9029,95,A3,-0.333137,1.450766,0
20210211T163501,20210625T141512,133.9029,96,A3,0.207576,0.278280,1
20210211T163501,20210625T141512,133.9029,97,A4,0.030857,0.003807,1
20210211T163501,20210625T141512,133.9029,98,A4,-0.412103,0.494355,1
20210211T163501,20210625T141512,133.9029,99,A4,-0.084153,0.296067,1
20210211T163501,20210625T141512,133.9029,100,A4,0.013428,1.010264,0
20210211T163501,20210625T141512,133.9029,101,A4,0.074727,1.262594,0
20210211T163501,20210625T141512,133.9029,102,A4,-0.217488,1.039434,0
20210211T163501,20210625T141512,133.9029,103,A4,-0.163870,1.263718,0
20210211T163501,20210625T141512,133.9029,104,A4,-0.189461,0.826948,0
20210211T163501,20210625T141512,133.9029,105,A4,-0.053347,0.821034,0
20210211T163501,20210625T141512,133.9029,106,A4,0.364283,0.181999,1
20210211T163501,20210625T141512,133.9029,107,A4,-0.470286,0.117269,1
20210211T163501,20210625T141512,133.9029,108,A4,-0.171712,0.254913,1
20210211T163501,20210625T141512,133.9029,109,A4,0.015957,0.293115,1
20210211T163501,20210625T141512,133.9029,110,A4,0.132711,0.517589,0
20210211T163501,20210625T141512,133.9029,111,A4,-0.338050,0.101561,1
20210211T163501,20210625T141512,133.9029,112,A4,-0.016526,0.028506,1
20210211T163501,20210625T141512,133.9029,113,A4,0.055998,0.748186,0
20210211T163501,20210625T141512,133.9029,114,A4,0.069234,0.314930,1
20210211T163501,20210625T141512,133.9029,115,A4,-0.079332,0.621070,0
20210211T163501,20210625T141512,133.9029,116,A4,-0.150776,0.727942,1
20210211T163501,20210625T141512,133.9029,117,A4,-0.080103,0.747745,1
20210211T163501,20210625T141512,133.9029,118,A4,-0.009995,0.225533,1
20210211T163501,20210625T141512,133.9029,119,A4,-0.154881,0.815365,1
20210211T163501,20210625T141512,133.9029,120,A4,0.016048,0.585840,1
20210211T163501,20210625T141512,133.9029,121,A4,0.027096,1.224182,0
20210211T163501,20210625T141512,133.9029,122,A4,0.118973,0.536146,1
20210211T163501,20210625T141512,133.9029,123,A4,-0.128171,0.387551,0
20210211T163501,20210625T141512,133.9029,124,A4,-0.151353,0.046226,1
20210211T163501,20210625T141512,133.9029,125,A4,-0.198476,0.006028,1
20210211T163501,20210625T141512,133.9029,126,A4,0.154478,1.139178,0
20210211T163501,20210625T141512,133.9029,127,A4,-0.016107,1.234555,0
20210211T163501,20210625T141512,133.9029,128,A4,0.268176,0.701162,0
20210211T163501,20210625T141512,133.9029,129,A5,0.010802,0.000000,1
20210211T163501,20210625T141512,133.9029,130,A5,0.319874,0.444623,1
20210211T163501,20210625T141512,133.9029,131,A5,-0.291553,1.623071,0
20210211T163501,20210625T141512,133.9029,132,A5,-0.047935,0.429763,1
20210211T163501,20210625T141512,133.9029,133,A5,-0.207513,0.004604,1
20210211T163501,20210625T141512,133.9029,134,A5,-0.038007,1.938269,0
20210211T163501,20210625T141512,133.9029,135,A5,0.152395,0.000000,1
20210211T163501,20210625T141512,133.9029,136,A5,-0.077668,0.349079,1
20210211T163501,20210625T141512,133.9029,137,A5,-0.077399,0.391480,0
20210211T163501,20210625T141512,133.9029,138,A5,-0.125670,0.965505,1
20210211T163501,20210625T141512,133.9029,139,A5,-0.109549,0.762758,0
20210211T163501,20210625T141512,133.9029,140,A5,-0.158361,1.036994,0
20210211T163501,20210625T141512,133.9029,141,A5,-0.234105,0.109325,1
20210211T163501,20210625T141512,133.9029,142,A5,-0.075970,0.546335,1
20210211T163501,20210625T141512,133.9029,143,A5,-0.143501,1.116437,0
20210211T163501,20210625T141512,133.9029,144,A5,-0.056853,0.641488,1
20210211T163501,20210625T141512,133.9029,145,A5,-0.255125,0.202083,1
20210211T163501,20210625T141512,133.9029,146,A5,-0.210116,1.254937,0
20210211T163501,20210625T141512,133.9029,147,A5,-0.167049,2.000000,0
20210211T163501,20210625T141512,133.9029,148,A5,-0.262346,1.089491,0
20210211T163501,20210625T141512,133.9029,149,A5,0.171860,0.910096,1
20210211T163501,20210625T141512,133.9029,150,A5,-0.499101,1.529962,0
20210211T163501,20210625T141512,133.9029,151,A5,-0.310565,0.459748,1
20210211T163501,20210625T141512,133.9029,152,A5,-0.014228,0.161807,1
20210211T163501,20210625T141512,133.9029,153,A5,-0.063365,1.568409,0
20210211T163501,20210625T141512,133.9029,154,A5,-0.200834,0.754961,0
20210211T163501,20210625T141512,133.9029,155,A5,0.182071,1.631938,0
20210211T163501,20210625T141512,133.9029,156,A5,0.086397,1.036941,0
20210211T163501,20210625T141512,133.9029,157,A5,-0.319998,1.610690,0
20210211T163501,20210625T141512,133.9029,158,A5,0.181166,0.131181,1
20210211T163501,20210625T141512,133.9029,159,A5,-0.142843,0.913301,1
20210211T163501,20210625T141512,133.9029,160,A5,0.105319,1.026519,0
20210218T131636,20210219T145809,1.0705,1,A1,0.251642,0.125164,0
20210218T131636,20210219T145809,1.0705,2,A1,0.710788,0.044333,1
20210218T131636,20210219T145809,1.0705,3,A1,-0.038636,0.905044,1
20210218T131636,20210219T145809,1.0705,4,A1,0.198929,0.006759,1
20210218T131636,20210219T145809,1.0705,5,A1,0.244283,0.004535,1
20210218T131636,20210219T145809,1.0705,6,A1,0.056889,0.523464,0
20210218T131636,20210219T145809,1.0705,7,A1,-0.343951,0.726348,0
20210218T131636,20210219T145809,1.0705,8,A1,0.190099,0.242085,0
20210218T131636,20210219T145809,1.0705,9,A1,0.126837,0.310775,1
20210218T131636,20210219T145809,1.0705,10,A1,0.052274,0.000000,1
20210218T131636,20210219T145809,1.0705,11,A1,-0.142022,0.000000,1
20210218T131636,20210219T145809,1.0705,12,A1,0.314994,0.188657,1
20210218T131636,20210219T145809,1.0705,13,A1,0.284336,1.069303,0
20210218T131636,20210219T145809,1.0705,14,A1,0.105377,0.372948,1
20210218T131636,20210219T145809,1.0705,15,A1,0.042081,0.923044,1
20210218T131636,20210219T145809,1.0705,16,A1,0.276441,0.021435,1
20210218T131636,20210219T145809,1.0705,17,A1,0.177323,0.000000,1
20210218T131636,20210219T145809,1.0705,18,A1,0.343674,0.104750,1
20210218T131636,20210219T145809,1.0705,19,A1,0.280090,0.274266,1
20210218T131636,20210219T145809,1.0705,20,A1,0.757894,0.098831,1
20210218T131636,20210219T145809,1.0705,21,A1,-0.154181,0.964487,1
20210218T131636,20210219T145809,1.0705,22,A1,-0.072813,0.004099,0
20210218T131636,20210219T145809,1.0705,23,A1,-0.122528,0.404154,0
20210218T131636,20210219T145809,1.0705,24,A1,0.918901,0.218888,1
20210218T131636,20210219T145809,1.0705,25,A1,0.247844,0.178257,1
20210218T131636,20210219T145809,1.0705,26,A1,0.885744,0.000000,1
20210218T131636,20210219T145809,1.0705,27,A1,-0.127879,0.017944,1
20210218T131636,20210219T145809,1.0705,28,A1,0.786007,0.054081,1
20210218T131636,20210219T145809,1.0705,29,A1,-0.134811,0.559828,1
20210218T131636,20210219T145809,1.0705,30,A1,-0.026575,0.430834,1
20210218T131636,20210219T145809,1.0705,31,A1,0.080557,0.423329,0
20210218T131636,20210219T145809,1.0705,32,A1,0.193025,0.204318,0
20210218T131636,20210219T145809,1.0705,33,A2,0.066635,0.278444,1
20210218T131636,20210219T145809,1.0705,34,A2,0.010326,0.033467,1
20210218T131636,20210219T145809,1.0705,35,A2,0.334357,0.167240,1
20210218T131636,20210219T145809,1.0705,36,A2,0.143229,0.166003,1
20210218T131636,20210219T145809,1.0705,37,A2,-0.037593,0.614831,1
20210218T131636,20210219T145809,1.0705,38,A2,-0.244773,0.036365,0
20210218T131636,20210219T145809,1.0705,39,A2,0.832374,0.000000,1
20210218T131636,20210219T145809,1.0705,40,A2,0.071455,1.102681,0
20210218T131636,20210219T145809,1.0705,41,A2,-0.042472,0.153903,1
20210218T131636,20210219T145809,1.0705,42,A2,-0.022769,0.388109,1
20210218T131636,20210219T145809,1.0705,43,A2,-0.305969,0.448661,0
20210218T131636,20210219T145809,1.0705,44,A2,0.056832,0.458818,1
20210218T131636,20210219T145809,1.0705,45,A2,0.121408,0.645515,1
20210218T131636,20210219T145809,1.0705,46,A2,-0.218820,0.798336,0
20210218T131636,20210219T145809,1.0705,47,A2,-0.083455,0.250859,0
20210218T131636,20210219T145809,1.0705,48,A2,-0.255215,1.475348,0
20210218T131636,20210219T145809,1.0705,49,A2,0.825420,0.000000,1
20210218T131636,20210219T145809,1.0705,50,A2,-0.364513,0.236127,0
20210218T131636,20210219T145809,1.0705,51,A2,0.126158,0.411828,1
20210218T131636,20210219T145809,1.0705,52,A2,0.220120,0.122383,1
20210218T131636,20210219T145809,1.0705,53,A2,0.186748,0.163053,1
20210218T131636,20210219T145809,1.0705,54,A2,0.777554,0.000000,1
20210218T131636,20210219T145809,1.0705,55,A2,0.818550,0.819680,1
20210218T131636,20210219T145809,1.0705,56,A2,0.175560,0.830600,0
20210218T131636,20210219T145809,1.0705,57,A2,0.465273,0.339433,0
20210218T131636,20210219T145809,1.0705,58,A2,0.263209,0.855846,0
20210218T131636,20210219T145809,1.0705,59,A2,0.364991,0.000000,1
20210218T131636,20210219T145809,1.0705,60,A2,-0.035182,0.123491,0
20210218T131636,20210219T145809,1.0705,61,A2,0.227293,0.330482,0
20210218T131636,20210219T145809,1.0705,62,A2,0.022776,0.512260,0
20210218T131636,20210219T145809,1.0705,63,A2,0.163066,0.611258,1
20210218T131636,20210219T145809,1.0705,64,A2,0.326918,0.244492,1
20210218T131636,20210219T145809,1.0705,65,A3,0.054320,0.282497,1
20210218T131636,20210219T145809,1.0705,66,A3,0.296321,0.483397,1
20210218T131636,20210219T145809,1.0705,67,A3,-0.066239,1.096107,0
20210218T131636,20210219T145809,1.0705,68,A3,-0.212986,0.085127,0
20210218T131636,20210219T145809,1.0705,69,A3,0.075516,0.312507,1
20210218T131636,20210219T145809,1.0705,70,A3,0.009871,0.012158,1
20210218T131636,20210219T145809,1.0705,71,A3,0.066887,0.130822,1
20210218T131636,20210219T145809,1.0705,72,A3,0.168543,0.448014,0
20210218T131636,20210219T145809,1.0705,73,A3,0.183220,1.023781,0
20210218T131636,20210219T145809,1.0705,74,A3,-0.143598,0.034380,1
20210218T131636,20210219T145809,1.0705,75,A3,0.178113,0.106136,1
20210218T131636,20210219T145809,1.0705,76,A3,-0.120306,0.084849,1
20210218T131636,20210219T145809,1.0705,77,A3,0.126874,1.210125,0
20210218T131636,20210219T145809,1.0705,78,A3,0.173313,0.303719,0
20210218T131636,20210219T145809,1.0705,79,A3,-0.021740,0.181011,1
20210218T131636,20210219T145809,1.0705,80,A3,0.086648,0.515690,0
20210218T131636,20210219T145809,1.0705,81,A3,0.138484,0.608391,0
20210218T131636,20210219T145809,1.0705,82,A3,0.209495,0.307175,0
20210218T131636,20210219T145809,1.0705,83,A3,0.375463,0.356701,0
20210218T131636,20210219T145809,1.0705,84,A3,0.034558,0.263008,0
20210218T131636,20210219T145809,1.0705,85,A3,0.064367,0.113104,1
20210218T131636,20210219T145809,1.0705,86,A3,0.084782,1.105057,0
20210218T131636,20210219T145809,1.0705,87,A3,-0.055508,0.991427,1
20210218T131636,20210219T145809,1.0705,88,A3,0.233538,0.165901,0
20210218T131636,20210219T145809,1.0705,89,A3,0.138880,0.050159,1
20210218T131636,20210219T145809,1.0705,90,A3,0.078874,0.000000,1
20210218T131636,20210219T145809,1.0705,91,A3,-0.092497,0.113225,1
20210218T131636,20210219T145809,1.0705,92,A3,-0.225962,0.487561,1
20210218T131636,20210219T145809,1.0705,93,A3,0.437651,1.054220,0
20210218T131636,20210219T145809,1.0705,94,A3,0.321643,0.008815,1
20210218T131636,20210219T145809,1.0705,95,A3,0.018299,0.506194,0
20210218T131636,20210219T145809,1.0705,96,A3,0.248772,0.011543,1
20210218T131636,20210219T145809,1.0705,97,A4,0.737236,0.041769,1
20210218T131636,20210219T145809,1.0705,98,A4,0.463467,0.377141,0
20210218T131636,20210219T145809,1.0705,99,A4,0.318116,0.449988,1
20210218T131636,20210219T145809,1.0705,100,A4,0.794197,0.015453,1
20210218T131636,20210219T145809,1.0705,101,A4,0.741117,0.425200,1
20210218T131636,20210219T145809,1.0705,102,A4,0.386234,0.137829,1
20210218T131636,20210219T145809,1.0705,103,A4,0.332069,0.420636,1
20210218T131636,20210219T145809,1.0705,104,A4,0.113238,0.981721,1
20210218T131636,20210219T145809,1.0705,105,A4,0.285493,0.884905,1
20210218T131636,20210219T145809,1.0705,106,A4,0.017387,0.326620,0
20210218T131636,20210219T145809,1.0705,107,A4,0.454879,0.146625,1
20210218T131636,20210219T145809,1.0705,108,A4,-0.237485,0.090908,1
20210218T131636,20210219T145809,1.0705,109,A4,0.118869,0.131465,1
20210218T131636,20210219T145809,1.0705,110,A4,0.268321,0.106899,1
20210218T131636,20210219T145809,1.0705,111,A4,0.490901,0.082844,1
20210218T131636,20210219T145809,1.0705,112,A4,0.100183,0.039006,1
20210218T131636,20210219T145809,1.0705,113,A4,0.742504,0.068531,1
20210218T131636,20210219T145809,1.0705,114,A4,0.733124,0.207748,1
20210218T131636,20210219T145809,1.0705,115,A4,0.632488,0.328603,1
20210218T131636,20210219T145809,1.0705,116,A4,0.615742,0.292466,1
20210218T131636,20210219T145809,1.0705,117,A4,0.844770,0.000000,1
20210218T131636,20210219T145809,1.0705,118,A4,0.726887,0.243013,1
20210218T131636,20210219T145809,1.0705,119,A4,0.397151,0.000000,1
20210218T131636,20210219T145809,1.0705,120,A4,0.719002,0.068674,1
20210218T131636,20210219T145809,1.0705,121,A4,0.509371,0.030744,1
20210218T131636,20210219T145809,1.0705,122,A4,0.862649,0.026754,1
20210218T131636,20210219T145809,1.0705,123,A4,-0.034684,0.030105,1
20210218T131636,20210219T145809,1.0705,124,A4,0.451054,0.057302,0
20210218T131636,20210219T145809,1.0705,125,A4,0.315826,0.024798,1
20210218T131636,20210219T145809,1.0705,126,A4,0.782730,0.028273,1
20210218T131636,20210219T145809,1.0705,127,A4,0.319878,0.105407,1
20210218T131636,20210219T145809,1.0705,128,A4,0.597363,0.111369,1
20210218T131636,20210219T145809,1.0705,129,A5,0.359558,0.220041,1
20210218T131636,20210219T145809,1.0705,130,A5,0.333522,0.150466,1
20210218T131636,20210219T145809,1.0705,131,A5,0.627794,0.434434,1
20210218T131636,20210219T145809,1.0705,132,A5,0.174947,0.563686,1
20210218T131636,20210219T145809,1.0705,133,A5,0.394221,0.000000,1
20210218T131636,20210219T145809,1.0705,134,A5,0.174106,0.920738,1
20210218T131636,20210219T145809,1.0705,135,A5,0.582901,0.000000,1
20210218T131636,20210219T145809,1.0705,136,A5,0.785091,0.190920,1
20210218T131636,20210219T145809,1.0705,137,A5,0.119856,0.662228,1
20210218T131636,20210219T145809,1.0705,138,A5,0.051946,0.006395,0
20210218T131636,20210219T145809,1.0705,139,A5,0.001186,0.540395,1
20210218T131636,20210219T145809,1.0705,140,A5,-0.071330,0.338743,1
20210218T131636,20210219T145809,1.0705,141,A5,0.215061,0.135014,1
20210218T131636,20210219T145809,1.0705,142,A5,-0.117548,1.089427,0
20210218T131636,20210219T145809,1.0705,143,A5,0.158420,0.231848,1
20210218T131636,20210219T145809,1.0705,144,A5,-0.069342,0.995981,1
20210218T131636,20210219T145809,1.0705,145,A5,-0.049706,0.000000,1
20210218T131636,20210219T145809,1.0705,146,A5,-0.287581,0.340264,1
20210218T131636,20210219T145809,1.0705,147,A5,0.495581,0.241769,1
20210218T131636,20210219T145809,1.0705,148,A5,-0.098524,0.429864,0
20210218T131636,20210219T145809,1.0705,149,A5,0.619150,0.202292,1
20210218T131636,20210219T145809,1.0705,150,A5,0.014123,0.295705,0
20210218T131636,20210219T145809,1.0705,151,A5,0.331012,0.344772,1
20210218T131636,20210219T145809,1.0705,152,A5,0.423753,0.383924,1
20210218T131636,20210219T145809,1.0705,153,A5,-0.276273,0.453111,1
20210218T131636,20210219T145809,1.0705,154,A5,0.537894,0.892287,0
20210218T131636,20210219T145809,1.0705,155,A5,-0.354587,0.176066,1
20210218T131636,20210219T145809,1.0705,156,A5,-0.036656,0.331353,0
20210218T131636,20210219T145809,1.0705,157,A5,-0.018170,0.089936,1
20210218T131636,20210219T145809,1.0705,158,A5,0.136931,0.415185,0
20210218T131636,20210219T145809,1.0705,159,A5,-0.215046,0.169992,1
20210218T131636,20210219T145809,1.0705,160,A5,-0.049826,0.076348,1
20210218T131636,20210610T132106,112.0031,1,A1,-0.055817,0.119750,1
20210218T131636,20210610T132106,112.0031,2,A1,0.114061,0.472543,0
20210218T131636,20210610T132106,112.0031,3,A1,0.120552,0.541277,1
20210218T131636,20210610T132106,112.0031,4,A1,0.035194,0.742367,1
20210218T131636,20210610T132106,112.0031,5,A1,-0.062093,1.036246,0
20210218T131636,20210610T132106,112.0031,6,A1,0.101542,0.288295,0
20210218T131636,20210610T132106,112.0031,7,A1,0.327635,0.768405,1
20210218T131636,20210610T132106,112.0031,8,A1,0.140767,0.472646,0
20210218T131636,20210610T132106,112.0031,9,A1,0.235869,0.127258,1
20210218T131636,20210610T132106,112.0031,10,A1,0.068416,0.597280,1
20210218T131636,20210610T132106,112.0031,11,A1,-0.151887,1.048266,0
20210218T131636,20210610T132106,112.0031,12,A1,-0.296049,0.332800,0
20210218T131636,20210610T132106,112.0031,13,A1,0.348431,0.022415,1
20210218T131636,20210610T132106,112.0031,14,A1,0.062441,0.172006,0
20210218T131636,20210610T132106,112.0031,15,A1,0.146012,0.597298,0
20210218T131636,20210610T132106,112.0031,16,A1,0.028675,0.955722,0
20210218T131636,20210610T132106,112.0031,17,A1,-0.144025,0.837046,1
20210218T131636,20210610T132106,112.0031,18,A1,-0.002488,1.370187,0
20210218T131636,20210610T132106,112.0031,19,A1,0.048786,0.226622,0
20210218T131636,20210610T132106,112.0031,20,A1,0.307092,0.412899,1
20210218T131636,20210610T132106,112.0031,21,A1,0.063373,1.053922,0
20210218T131636,20210610T132106,112.0031,22,A1,0.078936,0.093768,1
20210218T131636,20210610T132106,112.0031,23,A1,0.098568,0.515116,1
20210218T131636,20210610T132106,112.0031,24,A1,-0.444361,1.795808,0
20210218T131636,20210610T132106,112.0031,25,A1,-0.346363,0.092010,1
20210218T131636,20210610T132106,112.0031,26,A1,0.006543,0.995852,1
20210218T131636,20210610T132106,112.0031,27,A1,0.199675,0.371378,1
20210218T131636,20210610T132106,112.0031,28,A1,0.115057,1.138998,0
20210218T131636,20210610T132106,112.0031,29,A1,-0.145150,1.757720,0
20210218T131636,20210610T132106,112.0031,30,A1,-0.126660,1.512919,0
20210218T131636,20210610T132106,112.0031,31,A1,-0.094437,0.255671,1
20210218T131636,20210610T132106,112.0031,32,A1,0.080801,0.516949,0
20210218T131636,20210610T132106,112.0031,33,A2,-0.172869,1.585189,0
20210218T131636,20210610T132106,112.0031,34,A2,0.082189,0.338204,1
20210218T131636,20210610T132106,112.0031,35,A2,0.066682,0.388187,0
20210218T131636,20210610T132106,112.0031,36,A2,0.120177,0.631318,0
20210218T131636,20210610T132106,112.0031,37,A2,0.034119,0.654943,1
20210218T131636,20210610T132106,112.0031,38,A2,-0.152047,0.062302,0
20210218T131636,20210610T132106,112.0031,39,A2,-0.059728,0.000000,1
20210218T131636,20210610T132106,112.0031,40,A2,0.018059,0.729158,1
20210218T131636,20210610T132106,112.0031,41,A2,0.227805,0.240806,1
20210218T131636,20210610T132106,112.0031,42,A2,0.225215,0.971707,1
20210218T131636,20210610T132106,112.0031,43,A2,-0.027229,0.631201,0
20210218T131636,20210610T132106,112.0031,44,A2,0.264915,0.029193,1
20210218T131636,20210610T132106,112.0031,45,A2,0.355527,0.407653,0
20210218T131636,20210610T132106,112.0031,46,A2,-0.173953,0.907994,1
20210218T131636,20210610T132106,112.0031,47,A2,-0.163237,0.756053,1
20210218T131636,20210610T132106,112.0031,48,A2,0.055558,0.000000,1
20210218T131636,20210610T132106,112.0031,49,A2,0.281500,0.343448,1
20210218T131636,20210610T132106,112.0031,50,A2,-0.002177,0.684868,0
20210218T131636,20210610T132106,112.0031,51,A2,-0.025563,0.556112,1
20210218T131636,20210610T132106,112.0031,52,A2,-0.353223,1.200847,0
20210218T131636,20210610T132106,112.0031,53,A2,-0.311211,0.136220,1
20210218T131636,20210610T132106,112.0031,54,A2,0.361430,0.000000,1
20210218T131636,20210610T132106,112.0031,55,A2,0.129512,0.000000,1
20210218T131636,20210610T132106,112.0031,56,A2,0.304549,0.093221,0
20210218T131636,20210610T132106,112.0031,57,A2,-0.187897,0.307466,0
20210218T131636,20210610T132106,112.0031,58,A2,0.144484,0.260308,0
20210218T131636,20210610T132106,112.0031,59,A2,-0.023536,1.062868,0
20210218T131636,20210610T132106,112.0031,60,A2,0.159226,0.052380,1
20210218T131636,20210610T132106,112.0031,61,A2,0.110639,0.084150,1
20210218T131636,20210610T132106,112.0031,62,A2,0.014999,0.409153,1
20210218T131636,20210610T132106,112.0031,63,A2,0.360650,0.450505,1
20210218T131636,20210610T132106,112.0031,64,A2,0.245400,0.391957,0
20210218T131636,20210610T132106,112.0031,65,A3,-0.374632,0.134314,1
20210218T131636,20210610T132106,112.0031,66,A3,-0.148146,0.572815,0
20210218T131636,20210610T132106,112.0031,67,A3,-0.029226,0.403597,1
20210218T131636,20210610T132106,112.0031,68,A3,-0.010619,0.259545,0
20210218T131636,20210610T132106,112.0031,69,A3,0.015508,0.070044,1
20210218T131636,20210610T132106,112.0031,70,A3,-0.192079,0.486399,0
20210218T131636,20210610T132106,112.0031,71,A3,0.164824,0.268934,0
20210218T131636,20210610T132106,112.0031,72,A3,-0.374621,0.394884,0
20210218T131636,20210610T132106,112.0031,73,A3,0.007995,0.129017,1
20210218T131636,20210610T132106,112.0031,74,A3,0.113426,0.413001,0
20210218T131636,20210610T132106,112.0031,75,A3,-0.102121,0.591857,0
20210218T131636,20210610T132106,112.0031,76,A3,-0.196560,0.508234,0
20210218T131636,20210610T132106,112.0031,77,A3,0.023348,0.895695,0
20210218T131636,20210610T132106,112.0031,78,A3,0.019523,0.026701,1
20210218T131636,20210610T132106,112.0031,79,A3,0.293890,0.012638,1
20210218T131636,20210610T132106,112.0031,80,A3,0.070048,0.656365,1
20210218T131636,20210610T132106,112.0031,81,A3,0.135655,0.173328,1
20210218T131636,20210610T132106,112.0031,82,A3,-0.260975,0.201522,0
20210218T131636,20210610T132106,112.0031,83,A3,-0.155310,0.200626,1
20210218T131636,20210610T132106,112.0031,84,A3,0.017460,0.406179,1
20210218T131636,20210610T132106,112.0031,85,A3,0.003867,0.088854,1
20210218T131636,20210610T132106,112.0031,86,A3,0.267327,0.223196,0
20210218T131636,20210610T132106,112.0031,87,A3,0.247180,1.609563,0
20210218T131636,20210610T132106,112.0031,88,A3,0.456307,0.213952,0
20210218T131636,20210610T132106,112.0031,89,A3,0.037284,0.218535,1
20210218T131636,20210610T132106,112.0031,90,A3,0.396006,1.006274,0
20210218T131636,20210610T132106,112.0031,91,A3,0.022905,1.172956,0
20210218T131636,20210610T132106,112.0031,92,A3,0.320224,1.040320,0
20210218T131636,20210610T132106,112.0031,93,A3,0.241177,0.060843,0
20210218T131636,20210610T132106,112.0031,94,A3,-0.371348,0.181831,0
20210218T131636,20210610T132106,112.0031,95,A3,-0.034506,0.717273,0
20210218T131636,20210610T132106,112.0031,96,A3,0.061896,0.580891,1
20210218T131636,20210610T132106,112.0031,97,A4,-0.106202,0.469979,0
20210218T131636,20210610T132106,112.0031,98,A4,0.459054,0.310194,0
20210218T131636,20210610T132106,112.0031,99,A4,-0.348136,1.287050,0
20210218T131636,20210610T132106,112.0031,100,A4,0.039653,0.846807,1
20210218T131636,20210610T132106,112.0031,101,A4,-0.220684,0.725956,1
20210218T131636,20210610T132106,112.0031,102,A4,0.131884,0.481886,0
20210218T131636,20210610T132106,112.0031,103,A4,0.096164,1.439354,0
20210218T131636,20210610T132106,112.0031,104,A4,-0.326980,2.000000,0
20210218T131636,20210610T132106,112.0031,105,A4,-0.184902,0.322949,0
20210218T131636,20210610T132106,112.0031,106,A4,0.312455,0.808557,1
20210218T131636,20210610T132106,112.0031,107,A4,0.273845,0.016052,1
20210218T131636,20210610T132106,112.0031,108,A4,-0.103478,1.063077,0
20210218T131636,20210610T132106,112.0031,109,A4,0.006997,0.108917,1
20210218T131636,20210610T132106,112.0031,110,A4,-0.160843,0.365210,0
20210218T131636,20210610T132106,112.0031,111,A4,-0.122591,0.076005,1
20210218T131636,20210610T132106,112.0031,112,A4,0.199064,0.114485,0
20210218T131636,20210610T132106,112.0031,113,A4,-0.052540,0.609408,0
20210218T131636,20210610T132106,112.0031,114,A4,0.650183,0.038885,1
20210218T131636,20210610T132106,112.0031,115,A4,-0.180273,1.222694,0
20210218T131636,20210610T132106,112.0031,116,A4,0.293268,1.082814,0
20210218T131636,20210610T132106,112.0031,117,A4,0.798578,0.000000,1
20210218T131636,20210610T132106,112.0031,118,A4,0.772592,0.077874,1
20210218T131636,20210610T132106,112.0031,119,A4,0.404350,1.268961,0
20210218T131636,20210610T132106,112.0031,120,A4,0.760869,0.290989,1
20210218T131636,20210610T132106,112.0031,121,A4,0.566289,0.402754,1
20210218T131636,20210610T132106,112.0031,122,A4,0.024537,0.453369,0
20210218T131636,20210610T132106,112.0031,123,A4,0.257868,0.771693,1
20210218T131636,20210610T132106,112.0031,124,A4,0.475843,0.357307,0
20210218T131636,20210610T132106,112.0031,125,A4,0.147203,0.534179,1
20210218T131636,20210610T132106,112.0031,126,A4,0.670958,0.307140,1
20210218T131636,20210610T132106,112.0031,127,A4,0.049787,0.276664,0
20210218T131636,20210610T132106,112.0031,128,A4,0.204356,0.228200,0
20210218T131636,20210610T132106,112.0031,129,A5,-0.259610,2.000000,0
20210218T131636,20210610T132106,112.0031,130,A5,-0.221739,0.692402,0
20210218T131636,20210610T132106,112.0031,131,A5,-0.151778,0.564221,0
20210218T131636,20210610T132106,112.0031,132,A5,-0.251676,1.342115,0
20210218T131636,20210610T132106,112.0031,133,A5,0.008793,1.032226,0
20210218T131636,20210610T132106,112.0031,134,A5,-0.230706,1.297803,0
20210218T131636,20210610T132106,112.0031,135,A5,0.051285,2.000000,0
20210218T131636,20210610T132106,112.0031,136,A5,0.361957,1.191741,0
20210218T131636,20210610T132106,112.0031,137,A5,0.089725,1.007946,0
20210218T131636,20210610T132106,112.0031,138,A5,0.168529,0.172348,0
20210218T131636,20210610T132106,112.0031,139,A5,0.149099,0.091896,1
20210218T131636,20210610T132106,112.0031,140,A5,0.134695,0.337783,1
20210218T131636,20210610T132106,112.0031,141,A5,0.032009,0.115632,1
20210218T131636,20210610T132106,112.0031,142,A5,-0.112110,0.081958,1
20210218T131636,20210610T132106,112.0031,143,A5,-0.344207,1.041090,0
20210218T131636,20210610T132106,112.0031,144,A5,-0.033727,0.579780,0
20210218T131636,20210610T132106,112.0031,145,A5,-0.300491,0.839171,1
20210218T131636,20210610T132106,112.0031,146,A5,-0.241133,0.751912,0
20210218T131636,20210610T132106,112.0031,147,A5,0.051036,0.512515,1
20210218T131636,20210610T132106,112.0031,148,A5,0.009367,0.683334,1
20210218T131636,20210610T132106,112.0031,149,A5,-0.140123,1.245535,0
20210218T131636,20210610T132106,112.0031,150,A5,0.154283,0.021890,1
20210218T131636,20210610T132106,112.0031,151,A5,-0.245950,0.592558,1
20210218T131636,20210610T132106,112.0031,152,A5,0.225071,0.482310,1
20210218T131636,20210610T132106,112.0031,153,A5,0.117489,0.522456,0
20210218T131636,20210610T132106,112.0031,154,A5,-0.074854,0.057415,1
20210218T131636,20210610T132106,112.0031,155,A5,0.319485,0.455372,1
20210218T131636,20210610T132106,112.0031,156,A5,0.145203,0.359218,0
20210218T131636,20210610T132106,112.0031,157,A5,-0.111961,0.170553,1
20210218T131636,20210610T132106,112.0031,158,A5,-0.105661,0.017263,1
20210218T131636,20210610T132106,112.0031,159,A5,-0.071323,0.071512,1
20210218T131636,20210610T132106,112.0031,160,A5,0.223915,0.286843,0
20210218T131636,20210618T123111,119.9685,1,A1,-0.108718,0.353916,1
20210218T131636,20210618T123111,119.9685,2,A1,0.366005,0.096079,1
20210218T131636,20210618T123111,119.9685,3,A1,-0.067560,0.302165,0
20210218T131636,20210618T123111,119.9685,4,A1,0.224724,0.430420,0
20210218T131636,20210618T123111,119.9685,5,A1,0.211586,0.365053,1
20210218T131636,20210618T123111,119.9685,6,A1,0.431135,0.063917,0
20210218T131636,20210618T123111,119.9685,7,A1,-0.021414,0.805104,1
20210218T131636,20210618T123111,119.9685,8,A1,0.179625,1.182194,0
20210218T131636,20210618T123111,119.9685,9,A1,0.036832,0.257541,1
20210218T131636,20210618T123111,119.9685,10,A1,0.235754,0.000000,1
20210218T131636,20210618T123111,119.9685,11,A1,0.077496,0.712889,1
20210218T131636,20210618T123111,119.9685,12,A1,-0.216614,0.127211,1
20210218T131636,20210618T123111,119.9685,13,A1,-0.267537,0.575940,1
20210218T131636,20210618T123111,119.9685,14,A1,-0.085905,0.470364,0
20210218T131636,20210618T123111,119.9685,15,A1,0.138776,0.567234,1
20210218T131636,20210618T123111,119.9685,16,A1,0.060691,0.504933,0
20210218T131636,20210618T123111,119.9685,17,A1,0.270836,0.000000,1
20210218T131636,20210618T123111,119.9685,18,A1,0.155498,0.770181,0
20210218T131636,20210618T123111,119.9685,19,A1,0.012838,0.819111,0
20210218T131636,20210618T123111,119.9685,20,A1,0.000176,0.666307,1
20210218T131636,20210618T123111,119.9685,21,A1,0.059544,0.098363,1
20210218T131636,20210618T123111,119.9685,22,A1,0.088087,0.163994,0
20210218T131636,20210618T123111,119.9685,23,A1,-0.269579,1.046722,0
20210218T131636,20210618T123111,119.9685,24,A1,-0.057078,1.795808,0
20210218T131636,20210618T123111,119.9685,25,A1,0.057019,0.583688,0
20210218T131636,20210618T123111,119.9685,26,A1,-0.387276,1.732770,0
20210218T131636,20210618T123111,119.9685,27,A1,-0.420423,0.273330,1
20210218T131636,20210618T123111,119.9685,28,A1,-0.122363,1.021964,0
20210218T131636,20210618T123111,119.9685,29,A1,-0.303898,1.757720,0
20210218T131636,20210618T123111,119.9685,30,A1,0.109280,0.522774,0
20210218T131636,20210618T123111,119.9685,31,A1,0.005684,0.701606,1
20210218T131636,20210618T123111,119.9685,32,A1,0.174803,0.621574,0
20210218T131636,20210618T123111,119.9685,33,A2,-0.075026,0.751364,0
20210218T131636,20210618T123111,119.9685,34,A2,-0.115254,0.910720,1
20210218T131636,20210618T123111,119.9685,35,A2,-0.045596,1.336128,0
20210218T131636,20210618T123111,119.9685,36,A2,0.047055,0.187905,1
20210218T131636,20210618T123111,119.9685,37,A2,-0.048168,0.687384,0
20210218T131636,20210618T123111,119.9685,38,A2,0.186572,0.136392,1
20210218T131636,20210618T123111,119.9685,39,A2,-0.016924,0.652780,1
20210218T131636,20210618T123111,119.9685,40,A2,-0.007537,0.938359,1
20210218T131636,20210618T123111,119.9685,41,A2,0.115400,1.266181,0
20210218T131636,20210618T123111,119.9685,42,A2,-0.273129,0.971707,1
20210218T131636,20210618T123111,119.9685,43,A2,0.147105,0.091885,1
20210218T131636,20210618T123111,119.9685,44,A2,-0.032999,0.558827,1
20210218T131636,20210618T123111,119.9685,45,A2,-0.017955,0.624562,1
20210218T131636,20210618T123111,119.9685,46,A2,-0.127151,0.028048,1
20210218T131636,20210618T123111,119.9685,47,A2,-0.214109,0.424426,1
20210218T131636,20210618T123111,119.9685,48,A2,-0.085823,0.907190,1
20210218T131636,20210618T123111,119.9685,49,A2,0.275489,0.000000,1
20210218T131636,20210618T123111,119.9685,50,A2,-0.297261,0.798304,1
20210218T131636,20210618T123111,119.9685,51,A2,0.385491,0.581017,0
20210218T131636,20210618T123111,119.9685,52,A2,0.153076,0.401656,0
20210218T131636,20210618T123111,119.9685,53,A2,-0.072865,0.065132,1
20210218T131636,20210618T123111,119.9685,54,A2,0.079682,0.943124,1
20210218T131636,20210618T123111,119.9685,55,A2,0.197263,0.217257,1
20210218T131636,20210618T123111,119.9685,56,A2,0.223208,0.601055,0
20210218T131636,20210618T123111,119.9685,57,A2,-0.125514,0.409957,0
20210218T131636,20210618T123111,119.9685,58,A2,-0.126170,0.149630,1
20210218T131636,20210618T123111,119.9685,59,A2,-0.282585,0.981934,1
20210218T131636,20210618T123111,119.9685,60,A2,-0.079428,0.063285,1
20210218T131636,20210618T123111,119.9685,61,A2,0.104728,0.705993,1
20210218T131636,20210618T123111,119.9685,62,A2,0.014657,0.534851,0
20210218T131636,20210618T123111,119.9685,63,A2,0.158072,0.269037,1
20210218T131636,20210618T123111,119.9685,64,A2,-0.301402,1.259572,0
20210218T131636,20210618T123111,119.9685,65,A3,-0.018187,0.197890,1
20210218T131636,20210618T123111,119.9685,66,A3,-0.093003,0.641445,0
20210218T131636,20210618T123111,119.9685,67,A3,-0.021371,1.510079,0
20210218T131636,20210618T123111,119.9685,68,A3,-0.416343,0.568052,1
20210218T131636,20210618T123111,119.9685,69,A3,0.050412,0.635191,1
20210218T131636,20210618T123111,119.9685,70,A3,0.001436,0.094674,1
20210218T131636,20210618T123111,119.9685,71,A3,-0.277587,0.440800,0
20210218T131636,20210618T123111,119.9685,72,A3,0.034712,0.453328,0
20210218T131636,20210618T123111,119.9685,73,A3,0.101399,0.008364,1
20210218T131636,20210618T123111,119.9685,74,A3,-0.344660,0.030766,1
20210218T131636,20210618T123111,119.9685,75,A3,0.062109,0.174832,1
20210218T131636,20210618T123111,119.9685,76,A3,-0.010506,0.326739,0
20210218T131636,20210618T123111,119.9685,77,A3,0.270092,0.905712,0
20210218T131636,20210618T123111,119.9685,78,A3,-0.062239,0.439296,0
20210218T131636,20210618T123111,119.9685,79,A3,0.067584,0.358466,1
20210218T131636,20210618T123111,119.9685,80,A3,-0.026130,1.066456,0
20210218T131636,20210618T123111,119.9685,81,A3,-0.009755,0.040964,1
20210218T131636,20210618T123111,119.9685,82,A3,0.065734,0.130488,1
20210218T131636,20210618T123111,119.9685,83,A3,0.320748,0.128539,1
20210218T131636,20210618T123111,119.9685,84,A3,-0.303162,0.280156,0
20210218T131636,20210618T123111,119.9685,85,A3,-0.160275,0.142018,1
20210218T131636,20210618T123111,119.9685,86,A3,-0.008303,0.240990,0
20210218T131636,20210618T123111,119.9685,87,A3,-0.282270,0.857590,1
20210218T131636,20210618T123111,119.9685,88,A3,-0.041246,0.276131,0
20210218T131636,20210618T123111,119.9685,89,A3,0.034865,0.459855,0
20210218T131636,20210618T123111,119.9685,90,A3,0.152027,0.996650,1
20210218T131636,20210618T123111,119.9685,91,A3,-0.046047,0.284630,0
20210218T131636,20210618T123111,119.9685,92,A3,0.195859,0.515220,1
20210218T131636,20210618T123111,119.9685,93,A3,0.139983,0.187116,0
20210218T131636,20210618T123111,119.9685,94,A3,0.122945,0.184079,0
20210218T131636,20210618T123111,119.9685,95,A3,-0.006761,0.383023,1
20210218T131636,20210618T123111,119.9685,96,A3,0.042612,0.040384,0
20210218T131636,20210618T123111,119.9685,97,A4,-0.055394,0.650044,0
20210218T131636,20210618T123111,119.9685,98,A4,0.162168,0.188223,1
20210218T131636,20210618T123111,119.9685,99,A4,0.029436,0.571350,1
20210218T131636,20210618T123111,119.9685,100,A4,-0.089873,0.984218,1
20210218T131636,20210618T123111,119.9685,101,A4,-0.113679,0.129821,1
20210218T131636,20210618T123111,119.9685,102,A4,-0.212482,0.450893,0
20210218T131636,20210618T123111,119.9685,103,A4,0.180507,0.136101,1
20210218T131636,20210618T123111,119.9685,104,A4,0.145946,0.715593,1
20210218T131636,20210618T123111,119.9685,105,A4,0.277780,0.040499,1
20210218T131636,20210618T123111,119.9685,106,A4,0.285923,0.192899,0
20210218T131636,20210618T123111,119.9685,107,A4,0.320646,0.158057,1
20210218T131636,20210618T123111,119.9685,108,A4,-0.110000,0.044645,1
20210218T131636,20210618T123111,119.9685,109,A4,0.312067,0.093693,1
20210218T131636,20210618T123111,119.9685,110,A4,0.169297,0.087294,1
20210218T131636,20210618T123111,119.9685,111,A4,-0.231110,0.183758,1
20210218T131636,20210618T123111,119.9685,112,A4,-0.103512,0.363459,0
20210218T131636,20210618T123111,119.9685,113,A4,-0.109371,1.319667,0
20210218T131636,20210618T123111,119.9685,114,A4,-0.128493,0.616463,1
20210218T131636,20210618T123111,119.9685,115,A4,-0.311623,1.013464,0
20210218T131636,20210618T123111,119.9685,116,A4,-0.002544,0.234954,1
20210218T131636,20210618T123111,119.9685,117,A4,0.303403,0.631911,1
20210218T131636,20210618T123111,119.9685,118,A4,0.481629,0.459163,1
20210218T131636,20210618T123111,119.9685,119,A4,0.439772,1.192104,0
20210218T131636,20210618T123111,119.9685,120,A4,0.679052,0.072887,1
20210218T131636,20210618T123111,119.9685,121,A4,0.554706,0.774359,1
20210218T131636,20210618T123111,119.9685,122,A4,0.094802,0.092157,1
20210218T131636,20210618T123111,119.9685,123,A4,-0.052094,0.249106,0
20210218T131636,20210618T123111,119.9685,124,A4,-0.056315,0.007494,1
20210218T131636,20210618T123111,119.9685,125,A4,0.336645,0.242397,1
20210218T131636,20210618T123111,119.9685,126,A4,0.180834,0.032616,1
20210218T131636,20210618T123111,119.9685,127,A4,0.167915,0.680172,0
20210218T131636,20210618T123111,119.9685,128,A4,0.272212,0.242576,1
20210218T131636,20210618T123111,119.9685,129,A5,0.006462,0.856138,1
20210218T131636,20210618T123111,119.9685,130,A5,0.082592,0.334155,0
20210218T131636,20210618T123111,119.9685,131,A5,-0.162927,0.833692,0
20210218T131636,20210618T123111,119.9685,132,A5,0.063736,1.418434,0
20210218T131636,20210618T123111,119.9685,133,A5,-0.120862,1.096325,0
20210218T131636,20210618T123111,119.9685,134,A5,-0.142872,1.535348,0
20210218T131636,20210618T123111,119.9685,135,A5,0.246582,0.525594,1
20210218T131636,20210618T123111,119.9685,136,A5,0.026243,1.096704,0
20210218T131636,20210618T123111,119.9685,137,A5,0.147667,0.080912,0
20210218T131636,20210618T123111,119.9685,138,A5,-0.208581,0.177662,0
20210218T131636,20210618T123111,119.9685,139,A5,-0.246304,0.250098,0
20210218T131636,20210618T123111,119.9685,140,A5,-0.024683,0.197517,0
20210218T131636,20210618T123111,119.9685,141,A5,0.160787,0.132159,1
20210218T131636,20210618T123111,119.9685,142,A5,0.022149,0.104183,0
20210218T131636,20210618T123111,119.9685,143,A5,0.041091,0.467701,1
20210218T131636,20210618T123111,119.9685,144,A5,0.032996,0.006666,0
20210218T131636,20210618T123111,119.9685,145,A5,0.091221,1.020943,0
20210218T131636,20210618T123111,119.9685,146,A5,-0.003358,0.106549,0
20210218T131636,20210618T123111,119.9685,147,A5,0.124640,0.477813,1
20210218T131636,20210618T123111,119.9685,148,A5,0.016532,0.295341,1
20210218T131636,20210618T123111,119.9685,149,A5,-0.302658,0.871497,0
20210218T131636,20210618T123111,119.9685,150,A5,0.244306,1.023808,0
20210218T131636,20210618T123111,119.9685,151,A5,-0.116567,0.354105,1
20210218T131636,20210618T123111,119.9685,152,A5,0.024038,0.683499,0
20210218T131636,20210618T123111,119.9685,153,A5,0.017648,0.100320,0
20210218T131636,20210618T123111,119.9685,154,A5,-0.057823,0.515741,1
20210218T131636,20210618T123111,119.9685,155,A5,0.147528,0.095972,1
20210218T131636,20210618T123111,119.9685,156,A5,-0.136134,0.324109,1
20210218T131636,20210618T123111,119.9685,157,A5,0.166668,0.060714,1
20210218T131636,20210618T123111,119.9685,158,A5,0.085615,0.218564,1
20210218T131636,20210618T123111,119.9685,159,A5,-0.020443,0.299424,1
20210218T131636,20210618T123111,119.9685,160,A5,0.289239,0.169132,0
20210218T131636,20210623T140144,125.0313,1,A1,-0.065521,0.752728,0
20210218T131636,20210623T140144,125.0313,2,A1,-0.105691,0.221073,1
20210218T131636,20210623T140144,125.0313,3,A1,-0.217145,1.094956,0
20210218T131636,20210623T140144,125.0313,4,A1,0.173175,0.481266,0
20210218T131636,20210623T140144,125.0313,5,A1,-0.054889,0.146519,1
20210218T131636,20210623T140144,125.0313,6,A1,0.240659,0.475415,0
20210218T131636,20210623T140144,125.0313,7,A1,0.017508,0.607407,0
20210218T131636,20210623T140144,125.0313,8,A1,0.201404,1.182194,0
20210218T131636,20210623T140144,125.0313,9,A1,-0.020500,0.265554,1
20210218T131636,20210623T140144,125.0313,10,A1,-0.086192,0.924083,1
20210218T131636,20210623T140144,125.0313,11,A1,-0.018656,0.293968,1
20210218T131636,20210623T140144,125.0313,12,A1,0.057523,0.258204,0
20210218T131636,20210623T140144,125.0313,13,A1,0.209672,0.083879,1
20210218T131636,20210623T140144,125.0313,14,A1,0.337573,0.039611,1
20210218T131636,20210623T140144,125.0313,15,A1,0.195840,0.691542,0
20210218T131636,20210623T140144,125.0313,16,A1,-0.158258,0.148995,0
20210218T131636,20210623T140144,125.0313,17,A1,0.335340,0.000000,1
20210218T131636,20210623T140144,125.0313,18,A1,-0.109090,0.495406,0
20210218T131636,20210623T140144,125.0313,19,A1,0.306662,0.333259,0
20210218T131636,20210623T140144,125.0313,20,A1,-0.129859,0.637891,1
20210218T131636,20210623T140144,125.0313,21,A1,0.235782,0.000000,1
20210218T131636,20210623T140144,125.0313,22,A1,0.139189,0.040194,0
20210218T131636,20210623T140144,125.0313,23,A1,-0.299959,0.491491,0
20210218T131636,20210623T140144,125.0313,24,A1,-0.385287,1.795808,0
20210218T131636,20210623T140144,125.0313,25,A1,-0.103862,0.743950,0
20210218T131636,20210623T140144,125.0313,26,A1,0.490291,0.926898,1
20210218T131636,20210623T140144,125.0313,27,A1,-0.042504,0.301223,1
20210218T131636,20210623T140144,125.0313,28,A1,0.020996,1.122609,0
20210218T131636,20210623T140144,125.0313,29,A1,-0.066526,0.588346,1
20210218T131636,20210623T140144,125.0313,30,A1,-0.105782,0.583438,0
20210218T131636,20210623T140144,125.0313,31,A1,0.203472,0.492064,0
20210218T131636,20210623T140144,125.0313,32,A1,-0.011051,0.741931,0
20210218T131636,20210623T140144,125.0313,33,A2,0.161003,1.458298,0
20210218T131636,20210623T140144,125.0313,34,A2,0.294343,0.092519,1
20210218T131636,20210623T140144,125.0313,35,A2,-0.142681,0.931118,0
20210218T131636,20210623T140144,125.0313,36,A2,-0.235951,0.059564,1
20210218T131636,20210623T140144,125.0313,37,A2,0.040094,0.599712,1
20210218T131636,20210623T140144,125.0313,38,A2,-0.241646,0.098602,0
20210218T131636,20210623T140144,125.0313,39,A2,0.417401,0.669366,1
20210218T131636,20210623T140144,125.0313,40,A2,-0.099505,0.559695,1
20210218T131636,20210623T140144,125.0313,41,A2,-0.096150,0.526707,1
20210218T131636,20210623T140144,125.0313,42,A2,0.145811,0.971707,1
20210218T131636,20210623T140144,125.0313,43,A2,0.551512,0.212311,1
20210218T131636,20210623T140144,125.0313,44,A2,0.123785,0.779508,0
20210218T131636,20210623T140144,125.0313,45,A2,0.060816,0.454276,0
20210218T131636,20210623T140144,125.0313,46,A2,-0.123330,0.227655,1
20210218T131636,20210623T140144,125.0313,47,A2,-0.220598,0.193635,1
20210218T131636,20210623T140144,125.0313,48,A2,-0.069513,1.013196,0
20210218T131636,20210623T140144,125.0313,49,A2,0.332118,0.049677,1
20210218T131636,20210623T140144,125.0313,50,A2,0.119324,0.229808,0
20210218T131636,20210623T140144,125.0313,51,A2,-0.102584,0.406424,0
20210218T131636,20210623T140144,125.0313,52,A2,-0.077324,0.287040,0
20210218T131636,20210623T140144,125.0313,53,A2,-0.038896,1.006711,0
20210218T131636,20210623T140144,125.0313,54,A2,0.408995,0.000000,1
20210218T131636,20210623T140144,125.0313,55,A2,0.023908,0.000000,1
20210218T131636,20210623T140144,125.0313,56,A2,0.019208,0.005081,1
20210218T131636,20210623T140144,125.0313,57,A2,-0.097469,0.389831,0
20210218T131636,20210623T140144,125.0313,58,A2,0.163432,0.111828,1
20210218T131636,20210623T140144,125.0313,59,A2,0.005786,1.034537,0
20210218T131636,20210623T140144,125.0313,60,A2,0.231367,0.122964,0
20210218T131636,20210623T140144,125.0313,61,A2,-0.066326,0.285623,1
20210218T131636,20210623T140144,125.0313,62,A2,-0.047174,0.379968,1
20210218T131636,20210623T140144,125.0313,63,A2,0.442461,0.142343,1
20210218T131636,20210623T140144,125.0313,64,A2,-0.182263,0.296025,1
20210218T131636,20210623T140144,125.0313,65,A3,-0.182056,0.321822,1
20210218T131636,20210623T140144,125.0313,66,A3,-0.120832,0.651160,0
20210218T131636,20210623T140144,125.0313,67,A3,-0.244506,0.000000,1
20210218T131636,20210623T140144,125.0313,68,A3,0.066432,0.468522,1
20210218T131636,20210623T140144,125.0313,69,A3,-0.091081,0.330688,1
20210218T131636,20210623T140144,125.0313,70,A3,-0.048694,0.033843,1
20210218T131636,20210623T140144,125.0313,71,A3,0.364900,0.298291,0
20210218T131636,20210623T140144,125.0313,72,A3,0.086141,0.391430,1
20210218T131636,20210623T140144,125.0313,73,A3,-0.125735,0.057870,0
20210218T131636,20210623T140144,125.0313,74,A3,0.212170,0.021135,1
20210218T131636,20210623T140144,125.0313,75,A3,-0.357680,0.231466,1
20210218T131636,20210623T140144,125.0313,76,A3,-0.077704,0.527432,0
20210218T131636,20210623T140144,125.0313,77,A3,-0.135674,0.110704,1
20210218T131636,20210623T140144,125.0313,78,A3,0.265770,0.303694,0
20210218T131636,20210623T140144,125.0313,79,A3,-0.288945,0.342177,0
20210218T131636,20210623T140144,125.0313,80,A3,-0.125509,0.085580,0
20210218T131636,20210623T140144,125.0313,81,A3,0.087197,0.176166,0
20210218T131636,20210623T140144,125.0313,82,A3,-0.321617,0.170688,1
20210218T131636,20210623T140144,125.0313,83,A3,0.387386,1.114706,0
20210218T131636,20210623T140144,125.0313,84,A3,-0.014293,0.358058,0
20210218T131636,20210623T140144,125.0313,85,A3,0.093835,0.164584,1
20210218T131636,20210623T140144,125.0313,86,A3,0.199267,0.045657,1
20210218T131636,20210623T140144,125.0313,87,A3,-0.158530,0.953179,1
20210218T131636,20210623T140144,125.0313,88,A3,0.268735,0.068692,1
20210218T131636,20210623T140144,125.0313,89,A3,-0.126570,0.194534,1
20210218T131636,20210623T140144,125.0313,90,A3,0.093833,0.815690,1
20210218T131636,20210623T140144,125.0313,91,A3,0.180771,0.117046,1
20210218T131636,20210623T140144,125.0313,92,A3,0.015904,0.453844,1
20210218T131636,20210623T140144,125.0313,93,A3,-0.347730,0.259970,0
20210218T131636,20210623T140144,125.0313,94,A3,0.275144,0.171032,0
20210218T131636,20210623T140144,125.0313,95,A3,0.035629,0.150672,1
20210218T131636,20210623T140144,125.0313,96,A3,0.326448,0.112209,0
20210218T131636,20210623T140144,125.0313,97,A4,-0.196644,1.331409,0
20210218T131636,20210623T140144,125.0313,98,A4,0.217370,0.117165,1
20210218T131636,20210623T140144,125.0313,99,A4,0.013075,0.313796,1
20210218T131636,20210623T140144,125.0313,100,A4,-0.178410,0.942573,1
20210218T131636,20210623T140144,125.0313,101,A4,-0.194675,1.113977,0
20210218T131636,20210623T140144,125.0313,102,A4,0.143154,0.224058,1
20210218T131636,20210623T140144,125.0313,103,A4,-0.002356,1.178898,0
20210218T131636,20210623T140144,125.0313,104,A4,-0.496284,1.016255,0
20210218T131636,20210623T140144,125.0313,105,A4,0.365264,1.115095,0
20210218T131636,20210623T140144,125.0313,106,A4,-0.165060,0.370331,0
20210218T131636,20210623T140144,125.0313,107,A4,0.048001,0.840461,0
20210218T131636,20210623T140144,125.0313,108,A4,0.154248,1.063077,0
20210218T131636,20210623T140144,125.0313,109,A4,-0.112924,0.480605,0
20210218T131636,20210623T140144,125.0313,110,A4,-0.183602,0.832668,1
20210218T131636,20210623T140144,125.0313,111,A4,-0.020785,0.127937,0
20210218T131636,20210623T140144,125.0313,112,A4,0.033775,0.063697,1
20210218T131636,20210623T140144,125.0313,113,A4,-0.149923,0.329397,0
20210218T131636,20210623T140144,125.0313,114,A4,-0.038288,0.528761,0
20210218T131636,20210623T140144,125.0313,115,A4,-0.094338,0.989722,0
20210218T131636,20210623T140144,125.0313,116,A4,0.301496,0.488890,0
20210218T131636,20210623T140144,125.0313,117,A4,0.319124,0.653925,1
20210218T131636,20210623T140144,125.0313,118,A4,0.138580,0.239434,0
20210218T131636,20210623T140144,125.0313,119,A4,0.266645,1.365145,0
20210218T131636,20210623T140144,125.0313,120,A4,0.062229,0.833349,0
20210218T131636,20210623T140144,125.0313,121,A4,0.238435,0.511293,0
20210218T131636,20210623T140144,125.0313,122,A4,0.041018,0.351275,0
20210218T131636,20210623T140144,125.0313,123,A4,-0.002081,0.223345,0
20210218T131636,20210623T140144,125.0313,124,A4,0.098584,0.215232,0
20210218T131636,20210623T140144,125.0313,125,A4,0.411705,0.074986,1
20210218T131636,20210623T140144,125.0313,126,A4,-0.207631,0.044411,1
20210218T131636,20210623T140144,125.0313,127,A4,0.043599,0.044455,1
20210218T131636,20210623T140144,125.0313,128,A4,0.030131,0.115770,1
20210218T131636,20210623T140144,125.0313,129,A5,-0.203841,1.123947,0
20210218T131636,20210623T140144,125.0313,130,A5,-0.009261,1.092836,0
20210218T131636,20210623T140144,125.0313,131,A5,-0.408042,0.889866,0
20210218T131636,20210623T140144,125.0313,132,A5,0.051985,1.056583,0
20210218T131636,20210623T140144,125.0313,133,A5,-0.120859,2.000000,0
20210218T131636,20210623T140144,125.0313,134,A5,-0.115772,2.000000,0
20210218T131636,20210623T140144,125.0313,135,A5,0.274448,0.000000,1
20210218T131636,20210623T140144,125.0313,136,A5,0.005194,1.053544,0
20210218T131636,20210623T140144,125.0313,137,A5,-0.141982,0.168320,0
20210218T131636,20210623T140144,125.0313,138,A5,-0.001988,0.018889,1
20210218T131636,20210623T140144,125.0313,139,A5,0.197576,0.638366,0
20210218T131636,20210623T140144,125.0313,140,A5,0.036371,0.116077,1
20210218T131636,20210623T140144,125.0313,141,A5,-0.074335,0.133810,1
20210218T131636,20210623T140144,125.0313,142,A5,0.396277,0.103000,0
20210218T131636,20210623T140144,125.0313,143,A5,0.177256,0.008397,1
20210218T131636,20210623T140144,125.0313,144,A5,-0.113393,0.048389,1
20210218T131636,20210623T140144,125.0313,145,A5,-0.059372,2.000000,0
20210218T131636,20210623T140144,125.0313,146,A5,-0.020056,0.019997,1
20210218T131636,20210623T140144,125.0313,147,A5,0.159119,0.558145,0
20210218T131636,20210623T140144,125.0313,148,A5,0.005703,0.221291,1
20210218T131636,20210623T140144,125.0313,149,A5,-0.258369,0.700324,0
20210218T131636,20210623T140144,125.0313,150,A5,0.177229,0.290090,0
20210218T131636,20210623T140144,125.0313,151,A5,-0.009371,0.995715,0
20210218T131636,20210623T140144,125.0313,152,A5,0.258111,0.101209,1
20210218T131636,20210623T140144,125.0313,153,A5,0.109496,0.323019,0
20210218T131636,20210623T140144,125.0313,154,A5,0.170382,0.952629,0
20210218T131636,20210623T140144,125.0313,155,A5,0.202610,0.151070,1
20210218T131636,20210623T140144,125.0313,156,A5,0.102291,0.245271,1
20210218T131636,20210623T140144,125.0313,157,A5,0.110304,0.098819,1
20210218T131636,20210623T140144,125.0313,158,A5,-0.000407,0.220007,1
20210218T131636,20210623T140144,125.0313,159,A5,-0.066243,0.410912,0
20210218T131636,20210623T140144,125.0313,160,A5,-0.134194,0.420133,0
20210218T131636,20210625T141512,127.0407,1,A1,0.254939,0.489741,1
20210218T131636,20210625T141512,127.0407,2,A1,0.090539,1.411001,0
20210218T131636,20210625T141512,127.0407,3,A1,-0.178605,1.094956,0
20210218T131636,20210625T141512,127.0407,4,A1,-0.099323,0.124170,1
20210218T131636,20210625T141512,127.0407,5,A1,0.167705,1.036246,0
20210218T131636,20210625T141512,127.0407,6,A1,-0.268605,1.061097,0
20210218T131636,20210625T141512,127.0407,7,A1,0.174944,0.805104,1
20210218T131636,20210625T141512,127.0407,8,A1,-0.035239,1.182194,0
20210218T131636,20210625T141512,127.0407,9,A1,0.016381,1.047022,0
20210218T131636,20210625T141512,127.0407,10,A1,0.181308,0.000000,1
20210218T131636,20210625T141512,127.0407,11,A1,-0.032969,1.310020,0
20210218T131636,20210625T141512,127.0407,12,A1,-0.073940,0.074951,1
20210218T131636,20210625T141512,127.0407,13,A1,0.161212,1.069303,0
20210218T131636,20210625T141512,127.0407,14,A1,-0.022951,0.363235,0
20210218T131636,20210625T141512,127.0407,15,A1,-0.081000,0.923044,1
20210218T131636,20210625T141512,127.0407,16,A1,0.160094,1.139369,0
20210218T131636,20210625T141512,127.0407,17,A1,0.052562,0.000000,1
20210218T131636,20210625T141512,127.0407,18,A1,-0.027157,1.370187,0
20210218T131636,20210625T141512,127.0407,19,A1,0.118097,1.203066,0
20210218T131636,20210625T141512,127.0407,20,A1,0.051298,0.327017,1
20210218T131636,20210625T141512,127.0407,21,A1,0.240569,0.863101,1
20210218T131636,20210625T141512,127.0407,22,A1,-0.080004,0.580041,0
20210218T131636,20210625T141512,127.0407,23,A1,-0.182406,0.749942,0
20210218T131636,20210625T141512,127.0407,24,A1,-0.193545,1.795808,0
20210218T131636,20210625T141512,127.0407,25,A1,0.094217,0.571240,0
20210218T131636,20210625T141512,127.0407,26,A1,0.194601,0.995953,1
20210218T131636,20210625T141512,127.0407,27,A1,-0.230051,0.372805,0
20210218T131636,20210625T141512,127.0407,28,A1,-0.155746,1.006898,0
20210218T131636,20210625T141512,127.0407,29,A1,-0.173167,1.757720,0
20210218T131636,20210625T141512,127.0407,30,A1,-0.088049,0.666415,0
20210218T131636,20210625T141512,127.0407,31,A1,0.091913,0.701606,1
20210218T131636,20210625T141512,127.0407,32,A1,-0.180329,0.209738,0
20210218T131636,20210625T141512,127.0407,33,A2,-0.178334,1.585189,0
20210218T131636,20210625T141512,127.0407,34,A2,-0.004645,0.347708,0
20210218T131636,20210625T141512,127.0407,35,A2,-0.316352,0.680123,0
20210218T131636,20210625T141512,127.0407,36,A2,0.233732,0.639096,0
20210218T131636,20210625T141512,127.0407,37,A2,-0.250852,0.095632,1
20210218T131636,20210625T141512,127.0407,38,A2,0.374658,0.394892,1
20210218T131636,20210625T141512,127.0407,39,A2,0.104585,0.000000,1
20210218T131636,20210625T141512,127.0407,40,A2,0.104744,1.090110,0
20210218T131636,20210625T141512,127.0407,41,A2,-0.103399,0.629890,0
20210218T131636,20210625T141512,127.0407,42,A2,-0.009635,0.310565,1
20210218T131636,20210625T141512,127.0407,43,A2,-0.028061,0.142731,1
20210218T131636,20210625T141512,127.0407,44,A2,0.089668,0.414314,1
20210218T131636,20210625T141512,127.0407,45,A2,0.338105,0.645515,1
20210218T131636,20210625T141512,127.0407,46,A2,0.240776,0.452309,1
20210218T131636,20210625T141512,127.0407,47,A2,0.054611,0.756053,1
20210218T131636,20210625T141512,127.0407,48,A2,0.153787,0.940789,1
20210218T131636,20210625T141512,127.0407,49,A2,0.081760,1.681967,0
20210218T131636,20210625T141512,127.0407,50,A2,0.133383,0.004937,1
20210218T131636,20210625T141512,127.0407,51,A2,0.220473,0.830994,1
20210218T131636,20210625T141512,127.0407,52,A2,-0.139332,0.088824,1
20210218T131636,20210625T141512,127.0407,53,A2,-0.009407,0.427070,0
20210218T131636,20210625T141512,127.0407,54,A2,0.265796,0.594369,1
20210218T131636,20210625T141512,127.0407,55,A2,0.090597,1.514990,0
20210218T131636,20210625T141512,127.0407,56,A2,-0.110104,0.423371,0
20210218T131636,20210625T141512,127.0407,57,A2,-0.147415,0.152083,1
20210218T131636,20210625T141512,127.0407,58,A2,-0.228820,0.206459,1
20210218T131636,20210625T141512,127.0407,59,A2,-0.045804,0.000000,1
20210218T131636,20210625T141512,127.0407,60,A2,-0.051946,0.102221,0
20210218T131636,20210625T141512,127.0407,61,A2,-0.245745,0.848912,0
20210218T131636,20210625T141512,127.0407,62,A2,-0.252132,0.128317,1
20210218T131636,20210625T141512,127.0407,63,A2,0.158572,0.507038,1
20210218T131636,20210625T141512,127.0407,64,A2,0.007407,0.660321,1
20210218T131636,20210625T141512,127.0407,65,A3,0.004222,0.650088,0
20210218T131636,20210625T141512,127.0407,66,A3,-0.045758,0.482305,1
20210218T131636,20210625T141512,127.0407,67,A3,0.185588,1.257473,0
20210218T131636,20210625T141512,127.0407,68,A3,-0.057406,0.867002,0
20210218T131636,20210625T141512,127.0407,69,A3,0.085123,0.378620,0
20210218T131636,20210625T141512,127.0407,70,A3,0.224207,0.005192,1
20210218T131636,20210625T141512,127.0407,71,A3,0.109473,0.171714,1
20210218T131636,20210625T141512,127.0407,72,A3,-0.119235,0.391932,1
20210218T131636,20210625T141512,127.0407,73,A3,0.129693,0.050979,0
20210218T131636,20210625T141512,127.0407,74,A3,0.373802,0.498955,0
20210218T131636,20210625T141512,127.0407,75,A3,-0.239626,0.082405,1
20210218T131636,20210625T141512,127.0407,76,A3,0.095465,0.193999,1
20210218T131636,20210625T141512,127.0407,77,A3,-0.021415,0.767688,0
20210218T131636,20210625T141512,127.0407,78,A3,0.392676,0.255588,1
20210218T131636,20210625T141512,127.0407,79,A3,0.052772,0.852260,1
20210218T131636,20210625T141512,127.0407,80,A3,-0.261021,0.025326,1
20210218T131636,20210625T141512,127.0407,81,A3,-0.255856,0.317353,1
20210218T131636,20210625T141512,127.0407,82,A3,0.113269,0.602576,0
20210218T131636,20210625T141512,127.0407,83,A3,-0.162296,0.216276,1
20210218T131636,20210625T141512,127.0407,84,A3,-0.179408,0.305820,1
20210218T131636,20210625T141512,127.0407,85,A3,0.282041,0.042737,1
20210218T131636,20210625T141512,127.0407,86,A3,0.202764,0.495000,0
20210218T131636,20210625T141512,127.0407,87,A3,0.313126,0.952418,1
20210218T131636,20210625T141512,127.0407,88,A3,0.185325,0.032146,1
20210218T131636,20210625T141512,127.0407,89,A3,-0.022690,0.462572,0
20210218T131636,20210625T141512,127.0407,90,A3,0.186676,1.002643,0
20210218T131636,20210625T141512,127.0407,91,A3,-0.142711,0.177420,0
20210218T131636,20210625T141512,127.0407,92,A3,-0.254369,0.635984,0
20210218T131636,20210625T141512,127.0407,93,A3,-0.265496,0.522640,0
20210218T131636,20210625T141512,127.0407,94,A3,-0.349582,0.092538,1
20210218T131636,20210625T141512,127.0407,95,A3,0.149097,0.554236,1
20210218T131636,20210625T141512,127.0407,96,A3,0.060986,0.264168,0
20210218T131636,20210625T141512,127.0407,97,A4,0.109686,0.498772,0
20210218T131636,20210625T141512,127.0407,98,A4,-0.209927,1.228595,0
20210218T131636,20210625T141512,127.0407,99,A4,-0.151408,0.549705,1
20210218T131636,20210625T141512,127.0407,100,A4,-0.045498,1.010264,0
20210218T131636,20210625T141512,127.0407,101,A4,0.035413,1.262594,0
20210218T131636,20210625T141512,127.0407,102,A4,-0.121410,1.329305,0
20210218T131636,20210625T141512,127.0407,103,A4,0.047992,1.263718,0
20210218T131636,20210625T141512,127.0407,104,A4,-0.118624,1.193436,0
20210218T131636,20210625T141512,127.0407,105,A4,-0.125571,0.478642,1
20210218T131636,20210625T141512,127.0407,106,A4,0.052704,0.617245,1
20210218T131636,20210625T141512,127.0407,107,A4,-0.016374,0.538190,1
20210218T131636,20210625T141512,127.0407,108,A4,0.119774,0.092414,0
20210218T131636,20210625T141512,127.0407,109,A4,-0.041037,0.576314,1
20210218T131636,20210625T141512,127.0407,110,A4,0.143121,0.002835,1
20210218T131636,20210625T141512,127.0407,111,A4,0.081248,0.236569,1
20210218T131636,20210625T141512,127.0407,112,A4,0.045028,0.106247,0
20210218T131636,20210625T141512,127.0407,113,A4,0.120253,1.029179,0
20210218T131636,20210625T141512,127.0407,114,A4,0.158506,0.282021,1
20210218T131636,20210625T141512,127.0407,115,A4,-0.054546,0.755099,0
20210218T131636,20210625T141512,127.0407,116,A4,0.198552,1.389542,0
20210218T131636,20210625T141512,127.0407,117,A4,0.144750,0.807330,1
20210218T131636,20210625T141512,127.0407,118,A4,-0.155660,0.820984,1
20210218T131636,20210625T141512,127.0407,119,A4,-0.010748,0.000000,1
20210218T131636,20210625T141512,127.0407,120,A4,0.008210,0.435762,1
20210218T131636,20210625T141512,127.0407,121,A4,-0.376721,0.909348,0
20210218T131636,20210625T141512,127.0407,122,A4,-0.057425,0.571522,1
20210218T131636,20210625T141512,127.0407,123,A4,-0.382855,0.084493,1
20210218T131636,20210625T141512,127.0407,124,A4,-0.293618,0.349248,0
20210218T131636,20210625T141512,127.0407,125,A4,0.191587,0.183949,1
20210218T131636,20210625T141512,127.0407,126,A4,0.103568,1.050351,0
20210218T131636,20210625T141512,127.0407,127,A4,-0.034675,1.132915,0
20210218T131636,20210625T141512,127.0407,128,A4,0.115622,0.443321,1
20210218T131636,20210625T141512,127.0407,129,A5,0.318440,0.000000,1
20210218T131636,20210625T141512,127.0407,130,A5,-0.197474,0.282342,1
20210218T131636,20210625T141512,127.0407,131,A5,-0.150442,1.460340,0
20210218T131636,20210625T141512,127.0407,132,A5,0.118552,0.698523,1
20210218T131636,20210625T141512,127.0407,133,A5,-0.017949,1.729478,0
20210218T131636,20210625T141512,127.0407,134,A5,0.119491,2.000000,0
20210218T131636,20210625T141512,127.0407,135,A5,0.319838,0.000000,1
20210218T131636,20210625T141512,127.0407,136,A5,0.269027,0.580856,1
20210218T131636,20210625T141512,127.0407,137,A5,-0.168484,0.083086,0
20210218T131636,20210625T141512,127.0407,138,A5,-0.033874,0.030497,1
20210218T131636,20210625T141512,127.0407,139,A5,-0.094281,0.094894,1
20210218T131636,20210625T141512,127.0407,140,A5,0.174118,0.134093,1
20210218T131636,20210625T141512,127.0407,141,A5,0.264000,0.029704,1
20210218T131636,20210625T141512,127.0407,142,A5,-0.102881,0.186157,0
20210218T131636,20210625T141512,127.0407,143,A5,-0.040941,0.230879,1
20210218T131636,20210625T141512,127.0407,144,A5,0.126726,0.354493,1
20210218T131636,20210625T141512,127.0407,145,A5,-0.037720,1.715626,0
20210218T131636,20210625T141512,127.0407,146,A5,0.337136,0.275205,0
20210218T131636,20210625T141512,127.0407,147,A5,0.340105,0.457014,1
20210218T131636,20210625T141512,127.0407,148,A5,0.164136,0.322256,1
20210218T131636,20210625T141512,127.0407,149,A5,0.005389,1.489814,0
20210218T131636,20210625T141512,127.0407,150,A5,0.231819,1.189343,0
20210218T131636,20210625T141512,127.0407,151,A5,-0.279011,1.407442,0
20210218T131636,20210625T141512,127.0407,152,A5,0.001054,0.147935,1
20210218T131636,20210625T141512,127.0407,153,A5,-0.038584,0.931758,1
20210218T131636,20210625T141512,127.0407,154,A5,-0.110481,0.862393,0
20210218T131636,20210625T141512,127.0407,155,A5,-0.045837,0.997261,1
20210218T131636,20210625T141512,127.0407,156,A5,-0.107502,0.413773,1
20210218T131636,20210625T141512,127.0407,157,A5,0.343678,0.786745,0
20210218T131636,20210625T141512,127.0407,158,A5,0.138331,0.090205,1
20210218T131636,20210625T141512,127.0407,159,A5,0.210768,0.666843,1
20210218T131636,20210625T141512,127.0407,160,A5,-0.060778,1.123172,0
20210219T145809,20210610T132106,110.9326,1,A1,-0.130261,0.244915,0
20210219T145809,20210610T132106,110.9326,2,A1,0.277792,0.516876,0
20210219T145809,20210610T132106,110.9326,3,A1,-0.151933,0.363767,1
20210219T145809,20210610T132106,110.9326,4,A1,-0.190487,0.749126,1
20210219T145809,20210610T132106,110.9326,5,A1,-0.023908,1.031711,0
20210219T145809,20210610T132106,110.9326,6,A1,-0.461582,0.235169,1
20210219T145809,20210610T132106,110.9326,7,A1,-0.256406,1.494753,0
20210219T145809,20210610T132106,110.9326,8,A1,0.229062,0.230562,1
20210219T145809,20210610T132106,110.9326,9,A1,-0.276063,0.183517,1
20210219T145809,20210610T132106,110.9326,10,A1,0.156370,0.597280,1
20210219T145809,20210610T132106,110.9326,11,A1,-0.115101,1.048266,0
20210219T145809,20210610T132106,110.9326,12,A1,-0.333628,0.144144,0
20210219T145809,20210610T132106,110.9326,13,A1,-0.038568,1.046888,0
20210219T145809,20210610T132106,110.9326,14,A1,-0.096421,0.544954,0
20210219T145809,20210610T132106,110.9326,15,A1,0.312531,1.520342,0
20210219T145809,20210610T132106,110.9326,16,A1,0.225708,0.934287,0
20210219T145809,20210610T132106,110.9326,17,A1,-0.311806,0.837046,1
20210219T145809,20210610T132106,110.9326,18,A1,0.101607,1.265438,0
20210219T145809,20210610T132106,110.9326,19,A1,0.318241,0.500888,0
20210219T145809,20210610T132106,110.9326,20,A1,0.348845,0.511730,1
20210219T145809,20210610T132106,110.9326,21,A1,0.046274,0.089436,0
20210219T145809,20210610T132106,110.9326,22,A1,0.208810,0.097867,0
20210219T145809,20210610T132106,110.9326,23,A1,-0.028812,0.919270,0
20210219T145809,20210610T132106,110.9326,24,A1,-0.530183,1.576920,0
20210219T145809,20210610T132106,110.9326,25,A1,0.222313,0.270267,1
20210219T145809,20210610T132106,110.9326,26,A1,-0.052407,0.995852,1
20210219T145809,20210610T132106,110.9326,27,A1,0.101061,0.389322,1
20210219T145809,20210610T132106,110.9326,28,A1,0.093750,1.193078,0
20210219T145809,20210610T132106,110.9326,29,A1,0.366570,1.197892,0
20210219T145809,20210610T132106,110.9326,30,A1,-0.083610,1.082085,0
20210219T145809,20210610T132106,110.9326,31,A1,-0.020745,0.167658,0
20210219T145809,20210610T132106,110.9326,32,A1,0.212035,0.312631,1
20210219T145809,20210610T132106,110.9326,33,A2,-0.049474,1.306745,0
20210219T145809,20210610T132106,110.9326,34,A2,0.361583,0.371670,1
20210219T145809,20210610T132106,110.9326,35,A2,0.107887,0.555427,0
20210219T145809,20210610T132106,110.9326,36,A2,0.467883,0.797321,0
20210219T145809,20210610T132106,110.9326,37,A2,0.159023,0.040112,1
20210219T145809,20210610T132106,110.9326,38,A2,0.084610,0.025937,1
20210219T145809,20210610T132106,110.9326,39,A2,0.146068,0.000000,1
20210219T145809,20210610T132106,110.9326,40,A2,0.045752,0.373523,0
20210219T145809,20210610T132106,110.9326,41,A2,-0.046428,0.394709,1
20210219T145809,20210610T132106,110.9326,42,A2,0.095666,0.583598,1
20210219T145809,20210610T132106,110.9326,43,A2,0.171526,0.182540,1
20210219T145809,20210610T132106,110.9326,44,A2,-0.158616,0.488011,1
20210219T145809,20210610T132106,110.9326,45,A2,0.148140,1.053168,0
20210219T145809,20210610T132106,110.9326,46,A2,-0.050475,1.706330,0
20210219T145809,20210610T132106,110.9326,47,A2,0.013039,1.006912,0
20210219T145809,20210610T132106,110.9326,48,A2,0.135787,1.475348,0
20210219T145809,20210610T132106,110.9326,49,A2,0.290557,0.343448,1
20210219T145809,20210610T132106,110.9326,50,A2,0.110090,0.448741,1
20210219T145809,20210610T132106,110.9326,51,A2,-0.059571,0.144284,1
20210219T145809,20210610T132106,110.9326,52,A2,0.133566,1.078463,0
20210219T145809,20210610T132106,110.9326,53,A2,0.133762,0.026833,1
20210219T145809,20210610T132106,110.9326,54,A2,0.355691,0.000000,1
20210219T145809,20210610T132106,110.9326,55,A2,-0.008607,0.819680,1
20210219T145809,20210610T132106,110.9326,56,A2,-0.024869,0.737379,1
20210219T145809,20210610T132106,110.9326,57,A2,-0.122492,0.031967,1
20210219T145809,20210610T132106,110.9326,58,A2,-0.007474,0.595538,1
20210219T145809,20210610T132106,110.9326,59,A2,-0.075276,1.062868,0
20210219T145809,20210610T132106,110.9326,60,A2,0.039798,0.071110,0
20210219T145809,20210610T132106,110.9326,61,A2,0.052180,0.414632,0
20210219T145809,20210610T132106,110.9326,62,A2,0.256588,0.103107,0
20210219T145809,20210610T132106,110.9326,63,A2,0.253013,0.160753,1
20210219T145809,20210610T132106,110.9326,64,A2,-0.300525,0.147465,0
20210219T145809,20210610T132106,110.9326,65,A3,0.022249,0.416812,1
20210219T145809,20210610T132106,110.9326,66,A3,-0.102518,0.089418,0
20210219T145809,20210610T132106,110.9326,67,A3,-0.159280,0.692510,0
20210219T145809,20210610T132106,110.9326,68,A3,0.109196,0.174417,1
20210219T145809,20210610T132106,110.9326,69,A3,0.024547,0.382551,1
20210219T145809,20210610T132106,110.9326,70,A3,0.107495,0.498557,0
20210219T145809,20210610T132106,110.9326,71,A3,-0.019744,0.138113,0
20210219T145809,20210610T132106,110.9326,72,A3,-0.058414,0.053130,1
20210219T145809,20210610T132106,110.9326,73,A3,0.286722,1.152798,0
20210219T145809,20210610T132106,110.9326,74,A3,-0.102941,0.378621,0
20210219T145809,20210610T132106,110.9326,75,A3,-0.266130,0.485720,0
20210219T145809,20210610T132106,110.9326,76,A3,0.354195,0.423386,0
20210219T145809,20210610T132106,110.9326,77,A3,-0.221162,0.314430,1
20210219T145809,20210610T132106,110.9326,78,A3,0.101303,0.277018,0
20210219T145809,20210610T132106,110.9326,79,A3,0.024853,0.193648,1
20210219T145809,20210610T132106,110.9326,80,A3,-0.211398,1.172055,0
20210219T145809,20210610T132106,110.9326,81,A3,0.229232,0.781719,0
20210219T145809,20210610T132106,110.9326,82,A3,-0.072199,0.105653,1
20210219T145809,20210610T132106,110.9326,83,A3,-0.231459,0.156075,0
20210219T145809,20210610T132106,110.9326,84,A3,-0.495884,0.669187,0
20210219T145809,20210610T132106,110.9326,85,A3,0.038474,0.201958,1
20210219T145809,20210610T132106,110.9326,86,A3,0.223112,0.881861,1
20210219T145809,20210610T132106,110.9326,87,A3,-0.155681,0.618136,0
20210219T145809,20210610T132106,110.9326,88,A3,0.002924,0.048051,1
20210219T145809,20210610T132106,110.9326,89,A3,-0.253478,0.168376,1
20210219T145809,20210610T132106,110.9326,90,A3,0.064058,1.006274,0
20210219T145809,20210610T132106,110.9326,91,A3,-0.011948,1.059731,0
20210219T145809,20210610T132106,110.9326,92,A3,-0.210508,0.552759,0
20210219T145809,20210610T132106,110.9326,93,A3,0.085943,0.993377,1
20210219T145809,20210610T132106,110.9326,94,A3,-0.009568,0.190646,0
20210219T145809,20210610T132106,110.9326,95,A3,-0.308736,0.211079,1
20210219T145809,20210610T132106,110.9326,96,A3,0.022319,0.569348,1
20210219T145809,20210610T132106,110.9326,97,A4,0.023422,0.428211,0
20210219T145809,20210610T132106,110.9326,98,A4,0.329693,0.066948,1
20210219T145809,20210610T132106,110.9326,99,A4,-0.295514,0.837062,0
20210219T145809,20210610T132106,110.9326,100,A4,0.033984,0.831353,1
20210219T145809,20210610T132106,110.9326,101,A4,-0.282860,0.300755,1
20210219T145809,20210610T132106,110.9326,102,A4,0.190168,0.344056,0
20210219T145809,20210610T132106,110.9326,103,A4,0.290789,1.018718,0
20210219T145809,20210610T132106,110.9326,104,A4,0.037351,1.018279,0
20210219T145809,20210610T132106,110.9326,105,A4,0.088438,1.207854,0
20210219T145809,20210610T132106,110.9326,106,A4,0.160001,1.135177,0
20210219T145809,20210610T132106,110.9326,107,A4,0.383075,0.162677,1
20210219T145809,20210610T132106,110.9326,108,A4,0.238788,1.153985,0
20210219T145809,20210610T132106,110.9326,109,A4,-0.243988,0.022548,1
20210219T145809,20210610T132106,110.9326,110,A4,0.017778,0.258311,0
20210219T145809,20210610T132106,110.9326,111,A4,-0.001981,0.006839,1
20210219T145809,20210610T132106,110.9326,112,A4,0.186382,0.153491,0
20210219T145809,20210610T132106,110.9326,113,A4,-0.255000,0.540877,0
20210219T145809,20210610T132106,110.9326,114,A4,0.496539,0.246632,1
20210219T145809,20210610T132106,110.9326,115,A4,-0.474298,1.551298,0
20210219T145809,20210610T132106,110.9326,116,A4,0.360393,0.790348,0
20210219T145809,20210610T132106,110.9326,117,A4,0.768461,0.000000,1
20210219T145809,20210610T132106,110.9326,118,A4,0.595107,0.165138,1
20210219T145809,20210610T132106,110.9326,119,A4,0.493261,1.268961,0
20210219T145809,20210610T132106,110.9326,120,A4,0.511561,0.359662,1
20210219T145809,20210610T132106,110.9326,121,A4,0.252103,0.433499,1
20210219T145809,20210610T132106,110.9326,122,A4,-0.215130,0.426615,0
20210219T145809,20210610T132106,110.9326,123,A4,-0.033125,0.801799,1
20210219T145809,20210610T132106,110.9326,124,A4,0.219070,0.300005,1
20210219T145809,20210610T132106,110.9326,125,A4,-0.213545,0.558977,1
20210219T145809,20210610T132106,110.9326,126,A4,0.481814,0.335413,1
20210219T145809,20210610T132106,110.9326,127,A4,-0.207291,0.382071,0
20210219T145809,20210610T132106,110.9326,128,A4,-0.041259,0.116831,0
20210219T145809,20210610T132106,110.9326,129,A5,-0.375916,1.779959,0
20210219T145809,20210610T132106,110.9326,130,A5,-0.103597,0.541936,0
20210219T145809,20210610T132106,110.9326,131,A5,0.013263,0.129787,0
20210219T145809,20210610T132106,110.9326,132,A5,-0.222974,0.778429,0
20210219T145809,20210610T132106,110.9326,133,A5,-0.127022,1.032226,0
20210219T145809,20210610T132106,110.9326,134,A5,-0.273345,0.377065,0
20210219T145809,20210610T132106,110.9326,135,A5,0.411305,2.000000,0
20210219T145809,20210610T132106,110.9326,136,A5,0.455285,1.000821,0
20210219T145809,20210610T132106,110.9326,137,A5,0.173801,1.670174,0
20210219T145809,20210610T132106,110.9326,138,A5,-0.044855,0.165953,1
20210219T145809,20210610T132106,110.9326,139,A5,0.023140,0.448498,1
20210219T145809,20210610T132106,110.9326,140,A5,0.056488,0.000960,1
20210219T145809,20210610T132106,110.9326,141,A5,0.030475,0.250647,1
20210219T145809,20210610T132106,110.9326,142,A5,-0.019027,1.007469,0
20210219T145809,20210610T132106,110.9326,143,A5,-0.253323,0.809242,0
20210219T145809,20210610T132106,110.9326,144,A5,-0.326151,1.575760,0
20210219T145809,20210610T132106,110.9326,145,A5,-0.057437,0.839171,1
20210219T145809,20210610T132106,110.9326,146,A5,0.221250,1.092176,0
20210219T145809,20210610T132106,110.9326,147,A5,-0.065971,0.270746,1
20210219T145809,20210610T132106,110.9326,148,A5,0.014663,1.113198,0
20210219T145809,20210610T132106,110.9326,149,A5,-0.155698,1.043243,0
20210219T145809,20210610T132106,110.9326,150,A5,-0.463887,0.273816,0
20210219T145809,20210610T132106,110.9326,151,A5,-0.228222,0.937330,1
20210219T145809,20210610T132106,110.9326,152,A5,-0.055949,0.866234,1
20210219T145809,20210610T132106,110.9326,153,A5,0.074427,0.975567,0
20210219T145809,20210610T132106,110.9326,154,A5,0.205929,0.949702,0
20210219T145809,20210610T132106,110.9326,155,A5,-0.282070,0.279305,1
20210219T145809,20210610T132106,110.9326,156,A5,0.138970,0.027864,1
20210219T145809,20210610T132106,110.9326,157,A5,0.146716,0.080617,1
20210219T145809,20210610T132106,110.9326,158,A5,0.001788,0.432448,0
20210219T145809,20210610T132106,110.9326,159,A5,0.111931,0.241504,1
20210219T145809,20210610T132106,110.9326,160,A5,0.149068,0.363191,0
20210219T145809,20210618T123111,118.8979,1,A1,-0.216884,0.479081,0
20210219T145809,20210618T123111,118.8979,2,A1,0.277863,0.140412,1
20210219T145809,20210618T123111,118.8979,3,A1,-0.023112,1.207209,0
20210219T145809,20210618T123111,118.8979,4,A1,-0.022279,0.423661,0
20210219T145809,20210618T123111,118.8979,5,A1,0.047559,0.369589,1
20210219T145809,20210618T123111,118.8979,6,A1,0.308429,0.459547,1
20210219T145809,20210618T123111,118.8979,7,A1,-0.150003,1.531452,0
20210219T145809,20210618T123111,118.8979,8,A1,-0.029068,0.940110,1
20210219T145809,20210618T123111,118.8979,9,A1,0.058515,0.053235,1
20210219T145809,20210618T123111,118.8979,10,A1,0.236182,0.000000,1
20210219T145809,20210618T123111,118.8979,11,A1,0.321209,0.712889,1
20210219T145809,20210618T123111,118.8979,12,A1,-0.014520,0.061446,1
20210219T145809,20210618T123111,118.8979,13,A1,-0.457340,1.645243,0
20210219T145809,20210618T123111,118.8979,14,A1,0.051888,0.843311,0
20210219T145809,20210618T123111,118.8979,15,A1,0.128544,0.355810,1
20210219T145809,20210618T123111,118.8979,16,A1,-0.001224,0.483497,0
20210219T145809,20210618T123111,118.8979,17,A1,0.381993,0.000000,1
20210219T145809,20210618T123111,118.8979,18,A1,0.135722,0.665432,0
20210219T145809,20210618T123111,118.8979,19,A1,-0.121799,1.093377,0
20210219T145809,20210618T123111,118.8979,20,A1,0.105825,0.765138,1
20210219T145809,20210618T123111,118.8979,21,A1,0.072089,0.866123,1
20210219T145809,20210618T123111,118.8979,22,A1,-0.065763,0.159895,1
20210219T145809,20210618T123111,118.8979,23,A1,0.046924,0.642567,1
20210219T145809,20210618T123111,118.8979,24,A1,-0.171018,1.576920,0
20210219T145809,20210618T123111,118.8979,25,A1,-0.224501,0.761945,0
20210219T145809,20210618T123111,118.8979,26,A1,-0.336664,1.732770,0
20210219T145809,20210618T123111,118.8979,27,A1,0.307048,0.291274,1
20210219T145809,20210618T123111,118.8979,28,A1,0.085715,1.076044,0
20210219T145809,20210618T123111,118.8979,29,A1,0.027690,1.197892,0
20210219T145809,20210618T123111,118.8979,30,A1,-0.103480,0.091940,0
20210219T145809,20210618T123111,118.8979,31,A1,-0.094598,1.124935,0
20210219T145809,20210618T123111,118.8979,32,A1,0.485521,0.417257,1
20210219T145809,20210618T123111,118.8979,33,A2,0.023621,0.472920,0
20210219T145809,20210618T123111,118.8979,34,A2,-0.004031,0.944186,1
20210219T145809,20210618T123111,118.8979,35,A2,-0.124518,1.503368,0
20210219T145809,20210618T123111,118.8979,36,A2,0.329475,0.353908,1
20210219T145809,20210618T123111,118.8979,37,A2,0.298655,0.072553,0
20210219T145809,20210618T123111,118.8979,38,A2,-0.070387,0.172756,0
20210219T145809,20210618T123111,118.8979,39,A2,0.069799,0.652780,1
20210219T145809,20210618T123111,118.8979,40,A2,-0.093419,0.164322,0
20210219T145809,20210618T123111,118.8979,41,A2,-0.030992,1.420084,0
20210219T145809,20210618T123111,118.8979,42,A2,0.123661,0.583598,1
20210219T145809,20210618T123111,118.8979,43,A2,-0.098889,0.540546,0
20210219T145809,20210618T123111,118.8979,44,A2,-0.140291,0.100009,1
20210219T145809,20210618T123111,118.8979,45,A2,0.038083,0.020952,1
20210219T145809,20210618T123111,118.8979,46,A2,0.200995,0.770289,0
20210219T145809,20210618T123111,118.8979,47,A2,-0.123456,0.675284,0
20210219T145809,20210618T123111,118.8979,48,A2,-0.039881,0.568157,0
20210219T145809,20210618T123111,118.8979,49,A2,0.202964,0.000000,1
20210219T145809,20210618T123111,118.8979,50,A2,0.104017,1.034431,0
20210219T145809,20210618T123111,118.8979,51,A2,-0.257497,0.992845,0
20210219T145809,20210618T123111,118.8979,52,A2,-0.108355,0.279272,0
20210219T145809,20210618T123111,118.8979,53,A2,0.072613,0.097921,1
20210219T145809,20210618T123111,118.8979,54,A2,0.078153,0.943124,1
20210219T145809,20210618T123111,118.8979,55,A2,-0.025949,0.602422,1
20210219T145809,20210618T123111,118.8979,56,A2,0.038717,0.229545,1
20210219T145809,20210618T123111,118.8979,57,A2,0.001031,0.070524,1
20210219T145809,20210618T123111,118.8979,58,A2,-0.210721,0.706216,0
20210219T145809,20210618T123111,118.8979,59,A2,-0.081173,0.981934,1
20210219T145809,20210618T123111,118.8979,60,A2,-0.034062,0.060205,0
20210219T145809,20210618T123111,118.8979,61,A2,-0.355742,1.036474,0
20210219T145809,20210618T123111,118.8979,62,A2,-0.171995,0.022591,1
20210219T145809,20210618T123111,118.8979,63,A2,-0.026076,0.880295,1
20210219T145809,20210618T123111,118.8979,64,A2,0.098886,1.015080,0
20210219T145809,20210618T123111,118.8979,65,A3,0.000506,0.084608,1
20210219T145809,20210618T123111,118.8979,66,A3,0.135742,0.158048,0
20210219T145809,20210618T123111,118.8979,67,A3,0.058409,0.413972,1
20210219T145809,20210618T123111,118.8979,68,A3,-0.027554,0.653180,0
20210219T145809,20210618T123111,118.8979,69,A3,0.300521,0.947698,1
20210219T145809,20210618T123111,118.8979,70,A3,-0.080549,0.082516,1
20210219T145809,20210618T123111,118.8979,71,A3,-0.171056,0.309979,0
20210219T145809,20210618T123111,118.8979,72,A3,0.119570,0.005314,1
20210219T145809,20210618T123111,118.8979,73,A3,0.128926,1.015417,0
20210219T145809,20210618T123111,118.8979,74,A3,0.217833,0.065146,1
20210219T145809,20210618T123111,118.8979,75,A3,-0.056619,0.280969,1
20210219T145809,20210618T123111,118.8979,76,A3,-0.096707,0.241891,0
20210219T145809,20210618T123111,118.8979,77,A3,0.408783,0.304413,1
20210219T145809,20210618T123111,118.8979,78,A3,-0.086927,0.135577,1
20210219T145809,20210618T123111,118.8979,79,A3,0.065575,0.177455,1
20210219T145809,20210618T123111,118.8979,80,A3,-0.281407,0.550766,1
20210219T145809,20210618T123111,118.8979,81,A3,-0.142373,0.567427,0
20210219T145809,20210618T123111,118.8979,82,A3,0.078647,0.437663,0
20210219T145809,20210618T123111,118.8979,83,A3,0.035362,0.485240,0
20210219T145809,20210618T123111,118.8979,84,A3,-0.095185,0.017148,1
20210219T145809,20210618T123111,118.8979,85,A3,0.169578,0.255122,1
20210219T145809,20210618T123111,118.8979,86,A3,0.321395,0.864067,1
20210219T145809,20210618T123111,118.8979,87,A3,-0.238500,0.133837,1
20210219T145809,20210618T123111,118.8979,88,A3,-0.213695,0.110230,1
20210219T145809,20210618T123111,118.8979,89,A3,-0.116588,0.409696,0
20210219T145809,20210618T123111,118.8979,90,A3,-0.045747,0.996650,1
20210219T145809,20210618T123111,118.8979,91,A3,-0.049292,0.171405,0
20210219T145809,20210618T123111,118.8979,92,A3,-0.049854,0.027659,1
20210219T145809,20210618T123111,118.8979,93,A3,0.403664,0.867104,1
20210219T145809,20210618T123111,118.8979,94,A3,-0.133729,0.192894,0
20210219T145809,20210618T123111,118.8979,95,A3,0.191181,0.123171,0
20210219T145809,20210618T123111,118.8979,96,A3,0.149703,0.051927,0
20210219T145809,20210618T123111,118.8979,97,A4,0.104530,0.608275,0
20210219T145809,20210618T123111,118.8979,98,A4,-0.102563,0.188918,0
20210219T145809,20210618T123111,118.8979,99,A4,-0.250703,0.121362,1
20210219T145809,20210618T123111,118.8979,100,A4,-0.162451,0.968765,1
20210219T145809,20210618T123111,118.8979,101,A4,0.007756,0.295379,1
20210219T145809,20210618T123111,118.8979,102,A4,0.231025,0.313063,0
20210219T145809,20210618T123111,118.8979,103,A4,0.382109,0.284535,1
20210219T145809,20210618T123111,118.8979,104,A4,0.024920,0.266128,1
20210219T145809,20210618T123111,118.8979,105,A4,0.322383,0.925404,1
20210219T145809,20210618T123111,118.8979,106,A4,0.181807,0.133720,1
20210219T145809,20210618T123111,118.8979,107,A4,0.362418,0.011432,1
20210219T145809,20210618T123111,118.8979,108,A4,0.352810,0.135553,1
20210219T145809,20210618T123111,118.8979,109,A4,0.244681,0.037771,1
20210219T145809,20210618T123111,118.8979,110,A4,0.171866,0.194192,1
20210219T145809,20210618T123111,118.8979,111,A4,-0.226265,0.100914,1
20210219T145809,20210618T123111,118.8979,112,A4,0.206432,0.402465,0
20210219T145809,20210618T123111,118.8979,113,A4,-0.296857,1.251137,0
20210219T145809,20210618T123111,118.8979,114,A4,-0.339939,0.824210,1
20210219T145809,20210618T123111,118.8979,115,A4,-0.470435,1.342067,0
20210219T145809,20210618T123111,118.8979,116,A4,0.139794,0.057512,1
20210219T145809,20210618T123111,118.8979,117,A4,0.039250,0.631911,1
20210219T145809,20210618T123111,118.8979,118,A4,0.450481,0.216150,1
20210219T145809,20210618T123111,118.8979,119,A4,0.293809,1.192104,0
20210219T145809,20210618T123111,118.8979,120,A4,0.614870,0.141561,1
20210219T145809,20210618T123111,118.8979,121,A4,0.630070,0.805103,1
20210219T145809,20210618T123111,118.8979,122,A4,0.044135,0.065403,1
20210219T145809,20210618T123111,118.8979,123,A4,0.000072,0.219000,0
20210219T145809,20210618T123111,118.8979,124,A4,-0.076060,0.049808,0
20210219T145809,20210618T123111,118.8979,125,A4,0.112483,0.267194,1
20210219T145809,20210618T123111,118.8979,126,A4,0.246186,0.060890,1
20210219T145809,20210618T123111,118.8979,127,A4,-0.517397,0.785578,0
20210219T145809,20210618T123111,118.8979,128,A4,0.316596,0.353945,1
20210219T145809,20210618T123111,118.8979,129,A5,-0.247136,0.636097,1
20210219T145809,20210618T123111,118.8979,130,A5,-0.016571,0.183689,0
20210219T145809,20210618T123111,118.8979,131,A5,-0.117719,0.399258,0
20210219T145809,20210618T123111,118.8979,132,A5,-0.046021,0.854748,0
20210219T145809,20210618T123111,118.8979,133,A5,0.140513,1.096325,0
20210219T145809,20210618T123111,118.8979,134,A5,-0.070753,0.614611,0
20210219T145809,20210618T123111,118.8979,135,A5,0.290488,0.525594,1
20210219T145809,20210618T123111,118.8979,136,A5,-0.213090,0.905784,0
20210219T145809,20210618T123111,118.8979,137,A5,-0.417839,0.743139,0
20210219T145809,20210618T123111,118.8979,138,A5,0.171150,0.171267,1
20210219T145809,20210618T123111,118.8979,139,A5,0.159608,0.790492,0
20210219T145809,20210618T123111,118.8979,140,A5,-0.061344,0.536261,0
20210219T145809,20210618T123111,118.8979,141,A5,0.094943,0.002855,1
20210219T145809,20210618T123111,118.8979,142,A5,-0.217141,0.985244,1
20210219T145809,20210618T123111,118.8979,143,A5,-0.248903,0.235853,1
20210219T145809,20210618T123111,118.8979,144,A5,-0.111966,1.002646,0
20210219T145809,20210618T123111,118.8979,145,A5,0.397194,1.020943,0
20210219T145809,20210618T123111,118.8979,146,A5,-0.025827,0.446814,0
20210219T145809,20210618T123111,118.8979,147,A5,0.048157,0.236044,1
20210219T145809,20210618T123111,118.8979,148,A5,-0.029557,0.134522,0
20210219T145809,20210618T123111,118.8979,149,A5,-0.256305,0.669205,0
20210219T145809,20210618T123111,118.8979,150,A5,0.112022,0.728103,1
20210219T145809,20210618T123111,118.8979,151,A5,-0.151214,0.009333,1
20210219T145809,20210618T123111,118.8979,152,A5,-0.049777,0.299575,0
20210219T145809,20210618T123111,118.8979,153,A5,0.013284,0.553431,0
20210219T145809,20210618T123111,118.8979,154,A5,0.176863,0.376546,0
20210219T145809,20210618T123111,118.8979,155,A5,-0.148507,0.080094,1
20210219T145809,20210618T123111,118.8979,156,A5,0.050787,0.007244,0
20210219T145809,20210618T123111,118.8979,157,A5,0.141412,0.029222,1
20210219T145809,20210618T123111,118.8979,158,A5,0.092776,0.196621,0
20210219T145809,20210618T123111,118.8979,159,A5,0.016791,0.469416,1
20210219T145809,20210618T123111,118.8979,160,A5,-0.053756,0.245479,0
20210219T145809,20210623T140144,123.9608,1,A1,-0.235407,0.627564,1
20210219T145809,20210623T140144,123.9608,2,A1,-0.078398,0.265406,1
20210219T145809,20210623T140144,123.9608,3,A1,-0.104464,2.000000,0
20210219T145809,20210623T140144,123.9608,4,A1,-0.254483,0.474508,0
20210219T145809,20210623T140144,123.9608,5,A1,-0.073853,0.151054,1
20210219T145809,20210623T140144,123.9608,6,A1,0.208627,0.048049,1
20210219T145809,20210623T140144,123.9608,7,A1,0.153181,0.118941,1
20210219T145809,20210623T140144,123.9608,8,A1,-0.145044,0.940110,1
20210219T145809,20210623T140144,123.9608,9,A1,0.049763,0.045221,1
20210219T145809,20210623T140144,123.9608,10,A1,-0.319223,0.924083,1
20210219T145809,20210623T140144,123.9608,11,A1,0.218108,0.293968,1
20210219T145809,20210623T140144,123.9608,12,A1,-0.043298,0.069547,0
20210219T145809,20210623T140144,123.9608,13,A1,-0.033784,1.153182,0
20210219T145809,20210623T140144,123.9608,14,A1,-0.048676,0.333337,1
20210219T145809,20210623T140144,123.9608,15,A1,0.118081,1.614586,0
20210219T145809,20210623T140144,123.9608,16,A1,0.187786,0.127560,0
20210219T145809,20210623T140144,123.9608,17,A1,0.033085,0.000000,1
20210219T145809,20210623T140144,123.9608,18,A1,0.183446,0.390657,0
20210219T145809,20210623T140144,123.9608,19,A1,-0.011873,0.607525,0
20210219T145809,20210623T140144,123.9608,20,A1,0.057634,0.736722,1
20210219T145809,20210623T140144,123.9608,21,A1,0.230036,0.964487,1
20210219T145809,20210623T140144,123.9608,22,A1,0.004933,0.036095,1
20210219T145809,20210623T140144,123.9608,23,A1,-0.100203,0.087337,1
20210219T145809,20210623T140144,123.9608,24,A1,-0.496839,1.576920,0
20210219T145809,20210623T140144,123.9608,25,A1,-0.169213,0.922207,0
20210219T145809,20210623T140144,123.9608,26,A1,0.431994,0.926898,1
20210219T145809,20210623T140144,123.9608,27,A1,0.251274,0.319167,1
20210219T145809,20210623T140144,123.9608,28,A1,-0.118735,1.176690,0
20210219T145809,20210623T140144,123.9608,29,A1,-0.083351,0.028518,1
20210219T145809,20210623T140144,123.9608,30,A1,0.064329,0.152604,0
20210219T145809,20210623T140144,123.9608,31,A1,0.136945,0.068736,1
20210219T145809,20210623T140144,123.9608,32,A1,0.468929,0.537613,1
20210219T145809,20210623T140144,123.9608,33,A2,-0.057374,1.179854,0
20210219T145809,20210623T140144,123.9608,34,A2,-0.083826,0.125985,1
20210219T145809,20210623T140144,123.9608,35,A2,-0.154569,1.098358,0
20210219T145809,20210623T140144,123.9608,36,A2,0.239709,0.225567,1
20210219T145809,20210623T140144,123.9608,37,A2,-0.057545,0.015120,1
20210219T145809,20210623T140144,123.9608,38,A2,0.095474,0.062237,1
20210219T145809,20210623T140144,123.9608,39,A2,0.287759,0.669366,1
20210219T145809,20210623T140144,123.9608,40,A2,0.387508,0.542986,0
20210219T145809,20210623T140144,123.9608,41,A2,0.299310,0.372803,1
20210219T145809,20210623T140144,123.9608,42,A2,-0.160336,0.583598,1
20210219T145809,20210623T140144,123.9608,43,A2,-0.223971,0.236350,0
20210219T145809,20210623T140144,123.9608,44,A2,0.230395,0.320690,0
20210219T145809,20210623T140144,123.9608,45,A2,-0.160615,1.099790,0
20210219T145809,20210623T140144,123.9608,46,A2,-0.345984,1.025992,0
20210219T145809,20210623T140144,123.9608,47,A2,0.080381,0.444493,0
20210219T145809,20210623T140144,123.9608,48,A2,-0.107765,0.462152,1
20210219T145809,20210623T140144,123.9608,49,A2,0.304889,0.049677,1
20210219T145809,20210623T140144,123.9608,50,A2,0.165579,0.006320,1
20210219T145809,20210623T140144,123.9608,51,A2,-0.225024,0.818252,0
20210219T145809,20210623T140144,123.9608,52,A2,0.020482,0.164657,0
20210219T145809,20210623T140144,123.9608,53,A2,-0.268061,1.169763,0
20210219T145809,20210623T140144,123.9608,54,A2,0.520255,0.000000,1
20210219T145809,20210623T140144,123.9608,55,A2,-0.054076,0.819680,1
20210219T145809,20210623T140144,123.9608,56,A2,-0.018248,0.825519,0
20210219T145809,20210623T140144,123.9608,57,A2,-0.390844,0.050398,1
20210219T145809,20210623T140144,123.9608,58,A2,0.128370,0.744018,0
20210219T145809,20210623T140144,123.9608,59,A2,-0.082773,1.034537,0
20210219T145809,20210623T140144,123.9608,60,A2,0.238000,0.000526,1
20210219T145809,20210623T140144,123.9608,61,A2,-0.040756,0.044859,0
20210219T145809,20210623T140144,123.9608,62,A2,-0.141095,0.132292,0
20210219T145809,20210623T140144,123.9608,63,A2,0.198506,0.753601,1
20210219T145809,20210623T140144,123.9608,64,A2,0.308690,0.051534,1
20210219T145809,20210623T140144,123.9608,65,A3,0.274888,0.039325,1
20210219T145809,20210623T140144,123.9608,66,A3,0.256961,0.167763,0
20210219T145809,20210623T140144,123.9608,67,A3,0.146820,1.096107,0
20210219T145809,20210623T140144,123.9608,68,A3,-0.292646,0.553649,0
20210219T145809,20210623T140144,123.9608,69,A3,0.002857,0.018181,1
20210219T145809,20210623T140144,123.9608,70,A3,-0.106425,0.046001,1
20210219T145809,20210623T140144,123.9608,71,A3,0.099111,0.167469,0
20210219T145809,20210623T140144,123.9608,72,A3,0.135355,0.056584,0
20210219T145809,20210623T140144,123.9608,73,A3,-0.249409,0.965911,1
20210219T145809,20210623T140144,123.9608,74,A3,0.094321,0.013244,1
20210219T145809,20210623T140144,123.9608,75,A3,0.034310,0.337602,1
20210219T145809,20210623T140144,123.9608,76,A3,0.081762,0.442584,0
20210219T145809,20210623T140144,123.9608,77,A3,0.055776,1.099421,0
20210219T145809,20210623T140144,123.9608,78,A3,0.078373,0.000025,1
20210219T145809,20210623T140144,123.9608,79,A3,-0.104973,0.523188,0
20210219T145809,20210623T140144,123.9608,80,A3,-0.221828,0.430110,1
20210219T145809,20210623T140144,123.9608,81,A3,-0.177823,0.432225,1
20210219T145809,20210623T140144,123.9608,82,A3,0.129901,0.477863,0
20210219T145809,20210623T140144,123.9608,83,A3,0.394962,0.758004,1
20210219T145809,20210623T140144,123.9608,84,A3,-0.204378,0.095050,1
20210219T145809,20210623T140144,123.9608,85,A3,-0.062148,0.051480,1
20210219T145809,20210623T140144,123.9608,86,A3,-0.058285,1.059400,0
20210219T145809,20210623T140144,123.9608,87,A3,0.037481,0.038248,1
20210219T145809,20210623T140144,123.9608,88,A3,0.121213,0.097209,0
20210219T145809,20210623T140144,123.9608,89,A3,0.290197,0.144375,1
20210219T145809,20210623T140144,123.9608,90,A3,0.021126,0.815690,1
20210219T145809,20210623T140144,123.9608,91,A3,-0.010393,0.003821,1
20210219T145809,20210623T140144,123.9608,92,A3,-0.126532,0.033717,1
20210219T145809,20210623T140144,123.9608,93,A3,-0.220398,0.794249,1
20210219T145809,20210623T140144,123.9608,94,A3,0.381356,0.179847,0
20210219T145809,20210623T140144,123.9608,95,A3,0.010127,0.355523,0
20210219T145809,20210623T140144,123.9608,96,A3,0.118620,0.123752,0
20210219T145809,20210623T140144,123.9608,97,A4,-0.014093,1.289640,0
20210219T145809,20210623T140144,123.9608,98,A4,-0.180653,0.494306,0
20210219T145809,20210623T140144,123.9608,99,A4,-0.104478,0.763784,1
20210219T145809,20210623T140144,123.9608,100,A4,-0.176502,0.927120,1
20210219T145809,20210623T140144,123.9608,101,A4,-0.088977,0.688777,0
20210219T145809,20210623T140144,123.9608,102,A4,0.244797,0.086229,1
20210219T145809,20210623T140144,123.9608,103,A4,-0.049006,0.758262,0
20210219T145809,20210623T140144,123.9608,104,A4,0.107707,0.034534,0
20210219T145809,20210623T140144,123.9608,105,A4,0.116620,2.000000,0
20210219T145809,20210623T140144,123.9608,106,A4,0.080584,0.043712,1
20210219T145809,20210623T140144,123.9608,107,A4,0.345403,0.693836,0
20210219T145809,20210623T140144,123.9608,108,A4,-0.243776,1.153985,0
20210219T145809,20210623T140144,123.9608,109,A4,0.121635,0.612070,0
20210219T145809,20210623T140144,123.9608,110,A4,0.176801,0.939566,1
20210219T145809,20210623T140144,123.9608,111,A4,-0.048949,0.210781,0
20210219T145809,20210623T140144,123.9608,112,A4,0.435171,0.024691,1
20210219T145809,20210623T140144,123.9608,113,A4,-0.320674,0.260866,0
20210219T145809,20210623T140144,123.9608,114,A4,0.072619,0.321014,0
20210219T145809,20210623T140144,123.9608,115,A4,-0.028731,1.318325,0
20210219T145809,20210623T140144,123.9608,116,A4,0.338393,0.196424,0
20210219T145809,20210623T140144,123.9608,117,A4,0.084629,0.653925,1
20210219T145809,20210623T140144,123.9608,118,A4,0.069534,0.482446,0
20210219T145809,20210623T140144,123.9608,119,A4,-0.068123,1.365145,0
20210219T145809,20210623T140144,123.9608,120,A4,0.282477,0.902022,0
20210219T145809,20210623T140144,123.9608,121,A4,0.173733,0.480549,0
20210219T145809,20210623T140144,123.9608,122,A4,0.041087,0.324521,0
20210219T145809,20210623T140144,123.9608,123,A4,-0.162166,0.193240,0
20210219T145809,20210623T140144,123.9608,124,A4,0.051835,0.157929,1
20210219T145809,20210623T140144,123.9608,125,A4,0.106423,0.050188,1
20210219T145809,20210623T140144,123.9608,126,A4,-0.170566,0.016138,1
20210219T145809,20210623T140144,123.9608,127,A4,0.066902,0.060952,1
20210219T145809,20210623T140144,123.9608,128,A4,0.019550,0.004402,1
20210219T145809,20210623T140144,123.9608,129,A5,0.136481,0.903906,0
20210219T145809,20210623T140144,123.9608,130,A5,0.062593,0.942370,0
20210219T145809,20210623T140144,123.9608,131,A5,-0.386942,0.455432,0
20210219T145809,20210623T140144,123.9608,132,A5,-0.078003,0.492897,0
20210219T145809,20210623T140144,123.9608,133,A5,-0.024548,2.000000,0
20210219T145809,20210623T140144,123.9608,134,A5,-0.116274,1.079262,0
20210219T145809,20210623T140144,123.9608,135,A5,0.025415,0.000000,1
20210219T145809,20210623T140144,123.9608,136,A5,-0.165467,0.862624,0
20210219T145809,20210623T140144,123.9608,137,A5,0.277568,0.830547,0
20210219T145809,20210623T140144,123.9608,138,A5,-0.159822,0.025284,0
20210219T145809,20210623T140144,123.9608,139,A5,-0.061507,1.178761,0
20210219T145809,20210623T140144,123.9608,140,A5,0.213858,0.222667,1
20210219T145809,20210623T140144,123.9608,141,A5,0.000360,0.268824,1
20210219T145809,20210623T140144,123.9608,142,A5,0.081769,0.986428,1
20210219T145809,20210623T140144,123.9608,143,A5,0.091810,0.223451,1
20210219T145809,20210623T140144,123.9608,144,A5,0.000868,0.947592,1
20210219T145809,20210623T140144,123.9608,145,A5,0.167221,2.000000,0
20210219T145809,20210623T140144,123.9608,146,A5,-0.001347,0.360261,1
20210219T145809,20210623T140144,123.9608,147,A5,0.218373,0.316376,0
20210219T145809,20210623T140144,123.9608,148,A5,-0.171042,0.208573,0
20210219T145809,20210623T140144,123.9608,149,A5,-0.207096,0.498032,0
20210219T145809,20210623T140144,123.9608,150,A5,-0.200760,0.005615,1
20210219T145809,20210623T140144,123.9608,151,A5,-0.294214,0.650944,0
20210219T145809,20210623T140144,123.9608,152,A5,0.286586,0.282716,1
20210219T145809,20210623T140144,123.9608,153,A5,0.268230,0.776130,0
20210219T145809,20210623T140144,123.9608,154,A5,0.227039,0.060342,1
20210219T145809,20210623T140144,123.9608,155,A5,0.107117,0.024996,1
20210219T145809,20210623T140144,123.9608,156,A5,0.097546,0.086082,0
20210219T145809,20210623T140144,123.9608,157,A5,-0.160189,0.008883,1
20210219T145809,20210623T140144,123.9608,158,A5,-0.166727,0.635192,0
20210219T145809,20210623T140144,123.9608,159,A5,0.296951,0.580904,0
20210219T145809,20210623T140144,123.9608,160,A5,-0.220951,0.496481,0
20210219T145809,20210625T141512,125.9702,1,A1,0.204476,0.614905,0
20210219T145809,20210625T141512,125.9702,2,A1,0.026497,1.455335,0
20210219T145809,20210625T141512,125.9702,3,A1,-0.022664,2.000000,0
20210219T145809,20210625T141512,125.9702,4,A1,0.022153,0.130929,1
20210219T145809,20210625T141512,125.9702,5,A1,0.104322,1.031711,0
20210219T145809,20210625T141512,125.9702,6,A1,0.338903,0.537633,1
20210219T145809,20210625T141512,125.9702,7,A1,0.376413,1.531452,0
20210219T145809,20210625T141512,125.9702,8,A1,-0.138318,0.940110,1
20210219T145809,20210625T141512,125.9702,9,A1,-0.031949,1.357797,0
20210219T145809,20210625T141512,125.9702,10,A1,-0.038019,0.000000,1
20210219T145809,20210625T141512,125.9702,11,A1,-0.224541,1.310020,0
20210219T145809,20210625T141512,125.9702,12,A1,-0.292409,0.263608,1
20210219T145809,20210625T141512,125.9702,13,A1,-0.002537,0.000000,1
20210219T145809,20210625T141512,125.9702,14,A1,0.223766,0.736183,0
20210219T145809,20210625T141512,125.9702,15,A1,-0.206117,0.000000,1
20210219T145809,20210625T141512,125.9702,16,A1,-0.187943,1.117933,0
20210219T145809,20210625T141512,125.9702,17,A1,-0.077711,0.000000,1
20210219T145809,20210625T141512,125.9702,18,A1,-0.207447,1.265438,0
20210219T145809,20210625T141512,125.9702,19,A1,0.240359,1.477332,0
20210219T145809,20210625T141512,125.9702,20,A1,-0.086868,0.425849,1
20210219T145809,20210625T141512,125.9702,21,A1,0.169246,0.101386,1
20210219T145809,20210625T141512,125.9702,22,A1,0.044289,0.575943,1
20210219T145809,20210625T141512,125.9702,23,A1,-0.255166,0.345788,1
20210219T145809,20210625T141512,125.9702,24,A1,-0.231834,1.576920,0
20210219T145809,20210625T141512,125.9702,25,A1,-0.243112,0.749498,0
20210219T145809,20210625T141512,125.9702,26,A1,0.056229,0.995953,1
20210219T145809,20210625T141512,125.9702,27,A1,0.403672,0.354861,0
20210219T145809,20210625T141512,125.9702,28,A1,-0.344332,1.060979,0
20210219T145809,20210625T141512,125.9702,29,A1,0.112868,1.197892,0
20210219T145809,20210625T141512,125.9702,30,A1,-0.323733,0.235581,0
20210219T145809,20210625T141512,125.9702,31,A1,-0.122155,1.124935,0
20210219T145809,20210625T141512,125.9702,32,A1,-0.160997,0.005420,1
20210219T145809,20210625T141512,125.9702,33,A2,0.170249,1.306745,0
20210219T145809,20210625T141512,125.9702,34,A2,0.006106,0.314241,0
20210219T145809,20210625T141512,125.9702,35,A2,-0.240491,0.847363,0
20210219T145809,20210625T141512,125.9702,36,A2,-0.098346,0.805099,0
20210219T145809,20210625T141512,125.9702,37,A2,0.018546,0.710464,1
20210219T145809,20210625T141512,125.9702,38,A2,-0.177910,0.431257,0
20210219T145809,20210625T141512,125.9702,39,A2,0.086047,0.000000,1
20210219T145809,20210625T141512,125.9702,40,A2,-0.014964,0.012571,1
20210219T145809,20210625T141512,125.9702,41,A2,0.026663,0.783793,0
20210219T145809,20210625T141512,125.9702,42,A2,-0.288192,0.077544,1
20210219T145809,20210625T141512,125.9702,43,A2,0.460216,0.305930,0
20210219T145809,20210625T141512,125.9702,44,A2,-0.117076,0.044504,1
20210219T145809,20210625T141512,125.9702,45,A2,0.014146,0.000000,1
20210219T145809,20210625T141512,125.9702,46,A2,0.189536,1.250645,0
20210219T145809,20210625T141512,125.9702,47,A2,0.148999,1.006912,0
20210219T145809,20210625T141512,125.9702,48,A2,0.090664,0.534559,0
20210219T145809,20210625T141512,125.9702,49,A2,-0.110027,1.681967,0
20210219T145809,20210625T141512,125.9702,50,A2,-0.143732,0.231190,0
20210219T145809,20210625T141512,125.9702,51,A2,-0.031442,0.419166,1
20210219T145809,20210625T141512,125.9702,52,A2,0.152749,0.033559,1
20210219T145809,20210625T141512,125.9702,53,A2,0.133219,0.590123,0
20210219T145809,20210625T141512,125.9702,54,A2,0.525702,0.594369,1
20210219T145809,20210625T141512,125.9702,55,A2,0.190959,0.695311,0
20210219T145809,20210625T141512,125.9702,56,A2,-0.173332,0.407229,1
20210219T145809,20210625T141512,125.9702,57,A2,0.157157,0.187350,0
20210219T145809,20210625T141512,125.9702,58,A2,-0.066692,1.062306,0
20210219T145809,20210625T141512,125.9702,59,A2,0.260278,0.000000,1
20210219T145809,20210625T141512,125.9702,60,A2,-0.156961,0.021270,1
20210219T145809,20210625T141512,125.9702,61,A2,0.178476,0.518430,1
20210219T145809,20210625T141512,125.9702,62,A2,0.112540,0.640577,0
20210219T145809,20210625T141512,125.9702,63,A2,-0.047039,0.104220,1
20210219T145809,20210625T141512,125.9702,64,A2,0.489841,0.904813,1
20210219T145809,20210625T141512,125.9702,65,A3,-0.032288,0.367591,0
20210219T145809,20210625T141512,125.9702,66,A3,-0.128891,0.965702,1
20210219T145809,20210625T141512,125.9702,67,A3,0.164230,0.161366,1
20210219T145809,20210625T141512,125.9702,68,A3,0.235654,0.781874,1
20210219T145809,20210625T141512,125.9702,69,A3,0.079677,0.066113,0
20210219T145809,20210625T141512,125.9702,70,A3,0.092427,0.006965,1
20210219T145809,20210625T141512,125.9702,71,A3,0.323709,0.302536,1
20210219T145809,20210625T141512,125.9702,72,A3,-0.059116,0.056081,0
20210219T145809,20210625T141512,125.9702,73,A3,-0.221267,0.972803,1
20210219T145809,20210625T141512,125.9702,74,A3,0.011868,0.464576,0
20210219T145809,20210625T141512,125.9702,75,A3,-0.189336,0.023731,1
20210219T145809,20210625T141512,125.9702,76,A3,-0.405086,0.278847,1
20210219T145809,20210625T141512,125.9702,77,A3,-0.171391,0.442437,1
20210219T145809,20210625T141512,125.9702,78,A3,0.034008,0.048131,0
20210219T145809,20210625T141512,125.9702,79,A3,-0.005329,0.671249,1
20210219T145809,20210625T141512,125.9702,80,A3,-0.196592,0.541017,0
20210219T145809,20210625T141512,125.9702,81,A3,0.119326,0.925744,0
20210219T145809,20210625T141512,125.9702,82,A3,0.211675,0.295402,1
20210219T145809,20210625T141512,125.9702,83,A3,-0.215911,0.140426,0
20210219T145809,20210625T141512,125.9702,84,A3,-0.340317,0.568828,0
20210219T145809,20210625T141512,125.9702,85,A3,0.056535,0.070367,1
20210219T145809,20210625T141512,125.9702,86,A3,-0.068364,0.610057,1
20210219T145809,20210625T141512,125.9702,87,A3,-0.224940,0.039008,1
20210219T145809,20210625T141512,125.9702,88,A3,0.177961,0.198048,0
20210219T145809,20210625T141512,125.9702,89,A3,-0.201827,0.412413,0
20210219T145809,20210625T141512,125.9702,90,A3,0.243679,1.002643,0
20210219T145809,20210625T141512,125.9702,91,A3,-0.094318,0.064195,0
20210219T145809,20210625T141512,125.9702,92,A3,-0.072947,0.148423,0
20210219T145809,20210625T141512,125.9702,93,A3,-0.337923,0.531580,1
20210219T145809,20210625T141512,125.9702,94,A3,-0.241167,0.083722,1
20210219T145809,20210625T141512,125.9702,95,A3,0.170127,1.060430,0
20210219T145809,20210625T141512,125.9702,96,A3,0.015426,0.275711,0
20210219T145809,20210625T141512,125.9702,97,A4,0.091260,0.457003,0
20210219T145809,20210625T141512,125.9702,98,A4,-0.086559,0.851453,1
20210219T145809,20210625T141512,125.9702,99,A4,-0.230905,0.099716,1
20210219T145809,20210625T141512,125.9702,100,A4,0.000485,0.994810,0
20210219T145809,20210625T141512,125.9702,101,A4,0.162284,0.837394,0
20210219T145809,20210625T141512,125.9702,102,A4,0.184000,1.191476,0
20210219T145809,20210625T141512,125.9702,103,A4,-0.347363,0.843082,0
20210219T145809,20210625T141512,125.9702,104,A4,-0.127527,0.211715,0
20210219T145809,20210625T141512,125.9702,105,A4,-0.045498,0.406263,1
20210219T145809,20210625T141512,125.9702,106,A4,0.094320,0.943865,0
20210219T145809,20210625T141512,125.9702,107,A4,-0.074737,0.684815,1
20210219T145809,20210625T141512,125.9702,108,A4,0.125002,0.183321,0
20210219T145809,20210625T141512,125.9702,109,A4,0.046116,0.444849,1
20210219T145809,20210625T141512,125.9702,110,A4,0.281491,0.104064,1
20210219T145809,20210625T141512,125.9702,111,A4,0.085350,0.153725,1
20210219T145809,20210625T141512,125.9702,112,A4,-0.044979,0.145253,0
20210219T145809,20210625T141512,125.9702,113,A4,-0.094387,0.960648,0
20210219T145809,20210625T141512,125.9702,114,A4,-0.014195,0.489768,1
20210219T145809,20210625T141512,125.9702,115,A4,-0.037601,1.083702,0
20210219T145809,20210625T141512,125.9702,116,A4,0.292728,1.097076,0
20210219T145809,20210625T141512,125.9702,117,A4,0.125496,0.807330,1
20210219T145809,20210625T141512,125.9702,118,A4,-0.094934,0.577971,1
20210219T145809,20210625T141512,125.9702,119,A4,0.019995,0.000000,1
20210219T145809,20210625T141512,125.9702,120,A4,0.027052,0.504435,1
20210219T145809,20210625T141512,125.9702,121,A4,-0.052824,0.878603,0
20210219T145809,20210625T141512,125.9702,122,A4,0.039535,0.598276,1
20210219T145809,20210625T141512,125.9702,123,A4,0.054143,0.114598,1
20210219T145809,20210625T141512,125.9702,124,A4,-0.112873,0.291946,1
20210219T145809,20210625T141512,125.9702,125,A4,-0.064121,0.208747,1
20210219T145809,20210625T141512,125.9702,126,A4,0.059992,1.022077,0
20210219T145809,20210625T141512,125.9702,127,A4,-0.042159,1.238321,0
20210219T145809,20210625T141512,125.9702,128,A4,0.257539,0.554689,1
20210219T145809,20210625T141512,125.9702,129,A5,-0.207611,0.220041,1
20210219T145809,20210625T141512,125.9702,130,A5,-0.270141,0.432808,1
20210219T145809,20210625T141512,125.9702,131,A5,-0.151444,1.025906,0
20210219T145809,20210625T141512,125.9702,132,A5,-0.112339,0.134837,1
20210219T145809,20210625T141512,125.9702,133,A5,0.240439,1.729478,0
20210219T145809,20210625T141512,125.9702,134,A5,-0.344026,1.079262,0
20210219T145809,20210625T141512,125.9702,135,A5,0.052151,0.000000,1
20210219T145809,20210625T141512,125.9702,136,A5,0.373360,0.389935,1
20210219T145809,20210625T141512,125.9702,137,A5,-0.057587,0.745313,0
20210219T145809,20210625T141512,125.9702,138,A5,-0.117439,0.036892,0
20210219T145809,20210625T141512,125.9702,139,A5,0.170080,0.635289,1
20210219T145809,20210625T141512,125.9702,140,A5,-0.168465,0.472836,1
20210219T145809,20210625T141512,125.9702,141,A5,0.056929,0.105311,1
20210219T145809,20210625T141512,125.9702,142,A5,0.194637,0.903270,1
20210219T145809,20210625T141512,125.9702,143,A5,-0.303916,0.000969,1
20210219T145809,20210625T141512,125.9702,144,A5,0.213444,0.641488,1
20210219T145809,20210625T141512,125.9702,145,A5,0.183458,1.715626,0
20210219T145809,20210625T141512,125.9702,146,A5,-0.065283,0.615470,0
20210219T145809,20210625T141512,125.9702,147,A5,0.394200,0.698783,1
20210219T145809,20210625T141512,125.9702,148,A5,-0.223327,0.752119,0
20210219T145809,20210625T141512,125.9702,149,A5,-0.203775,1.287522,0
20210219T145809,20210625T141512,125.9702,150,A5,-0.326851,0.893638,1
20210219T145809,20210625T141512,125.9702,151,A5,-0.189472,1.062670,0
20210219T145809,20210625T141512,125.9702,152,A5,0.256195,0.531860,1
20210219T145809,20210625T141512,125.9702,153,A5,-0.117176,0.478647,1
20210219T145809,20210625T141512,125.9702,154,A5,-0.336714,0.029894,1
20210219T145809,20210625T141512,125.9702,155,A5,0.258021,0.821195,1
20210219T145809,20210625T141512,125.9702,156,A5,0.257031,0.745127,0
20210219T145809,20210625T141512,125.9702,157,A5,-0.269574,0.696808,0
20210219T145809,20210625T141512,125.9702,158,A5,-0.084594,0.505390,0
20210219T145809,20210625T141512,125.9702,159,A5,0.143971,0.496851,1
20210219T145809,20210625T141512,125.9702,160,A5,0.180550,1.199520,0
20210610T132106,20210618T123111,7.9653,1,A1,0.101798,0.234166,1
20210610T132106,20210618T123111,7.9653,2,A1,0.212515,0.376465,0
20210610T132106,20210618T123111,7.9653,3,A1,-0.083939,0.843442,0
20210610T132106,20210618T123111,7.9653,4,A1,-0.282666,1.172787,0
20210610T132106,20210618T123111,7.9653,5,A1,-0.083961,1.401299,0
20210610T132106,20210618T123111,7.9653,6,A1,-0.169935,0.224378,1
20210610T132106,20210618T123111,7.9653,7,A1,0.051732,0.036699,1
20210610T132106,20210618T123111,7.9653,8,A1,0.108668,0.709548,1
20210610T132106,20210618T123111,7.9653,9,A1,-0.319024,0.130283,1
20210610T132106,20210618T123111,7.9653,10,A1,-0.066884,0.597280,1
20210610T132106,20210618T123111,7.9653,11,A1,-0.210374,0.335377,0
20210610T132106,20210618T123111,7.9653,12,A1,0.161287,0.205589,0
20210610T132106,20210618T123111,7.9653,13,A1,-0.065251,0.598355,1
20210610T132106,20210618T123111,7.9653,14,A1,0.015874,0.298357,1
20210610T132106,20210618T123111,7.9653,15,A1,0.202581,1.164532,0
20210610T132106,20210618T123111,7.9653,16,A1,-0.023600,0.450789,1
20210610T132106,20210618T123111,7.9653,17,A1,-0.062995,0.837046,1
20210610T132106,20210618T123111,7.9653,18,A1,0.039496,0.600006,1
20210610T132106,20210618T123111,7.9653,19,A1,0.215011,0.592489,1
20210610T132106,20210618T123111,7.9653,20,A1,0.672981,0.253408,1
20210610T132106,20210618T123111,7.9653,21,A1,-0.010879,0.955559,0
20210610T132106,20210618T123111,7.9653,22,A1,-0.122079,0.257762,0
20210610T132106,20210618T123111,7.9653,23,A1,-0.149550,1.561838,0
20210610T132106,20210618T123111,7.9653,24,A1,0.294093,0.000000,1
20210610T132106,20210618T123111,7.9653,25,A1,0.011791,0.491678,0
20210610T132106,20210618T123111,7.9653,26,A1,-0.061557,0.736918,0
20210610T132106,20210618T123111,7.9653,27,A1,-0.152939,0.098048,1
20210610T132106,20210618T123111,7.9653,28,A1,0.205240,0.117034,1
20210610T132106,20210618T123111,7.9653,29,A1,0.311120,0.000000,1
20210610T132106,20210618T123111,7.9653,30,A1,-0.255785,0.990145,1
20210610T132106,20210618T123111,7.9653,31,A1,-0.410906,0.957277,1
20210610T132106,20210618T123111,7.9653,32,A1,0.649463,0.104625,1
20210610T132106,20210618T123111,7.9653,33,A2,-0.303491,0.833825,1
20210610T132106,20210618T123111,7.9653,34,A2,-0.023270,0.572516,1
20210610T132106,20210618T123111,7.9653,35,A2,-0.059705,0.947941,1
20210610T132106,20210618T123111,7.9653,36,A2,0.511717,0.443413,0
20210610T132106,20210618T123111,7.9653,37,A2,0.129839,0.032441,0
20210610T132106,20210618T123111,7.9653,38,A2,0.096118,0.198693,0
20210610T132106,20210618T123111,7.9653,39,A2,0.276253,0.652780,1
20210610T132106,20210618T123111,7.9653,40,A2,-0.193413,0.209201,1
20210610T132106,20210618T123111,7.9653,41,A2,0.149217,1.025375,0
20210610T132106,20210618T123111,7.9653,42,A2,-0.108374,0.000000,1
20210610T132106,20210618T123111,7.9653,43,A2,-0.026665,0.723085,0
20210610T132106,20210618T123111,7.9653,44,A2,-0.258465,0.588020,1
20210610T132106,20210618T123111,7.9653,45,A2,-0.243825,1.032215,0
20210610T132106,20210618T123111,7.9653,46,A2,0.123967,0.936041,1
20210610T132106,20210618T123111,7.9653,47,A2,0.309982,0.331627,1
20210610T132106,20210618T123111,7.9653,48,A2,0.261592,0.907190,1
20210610T132106,20210618T123111,7.9653,49,A2,-0.038928,0.343448,1
20210610T132106,20210618T123111,7.9653,50,A2,0.259364,1.483172,0
20210610T132106,20210618T123111,7.9653,51,A2,-0.080637,1.137129,0
20210610T132106,20210618T123111,7.9653,52,A2,-0.097769,0.799191,1
20210610T132106,20210618T123111,7.9653,53,A2,-0.313599,0.071088,1
20210610T132106,20210618T123111,7.9653,54,A2,0.195441,0.943124,1
20210610T132106,20210618T123111,7.9653,55,A2,0.482878,0.217257,1
20210610T132106,20210618T123111,7.9653,56,A2,0.376521,0.507834,1
20210610T132106,20210618T123111,7.9653,57,A2,-0.039827,0.102491,1
20210610T132106,20210618T123111,7.9653,58,A2,-0.099452,0.110678,0
20210610T132106,20210618T123111,7.9653,59,A2,0.096606,0.080934,0
20210610T132106,20210618T123111,7.9653,60,A2,-0.100842,0.010905,1
20210610T132106,20210618T123111,7.9653,61,A2,0.197933,0.621843,1
20210610T132106,20210618T123111,7.9653,62,A2,-0.281900,0.125698,0
20210610T132106,20210618T123111,7.9653,63,A2,-0.061032,0.719542,1
20210610T132106,20210618T123111,7.9653,64,A2,-0.101141,0.867615,1
20210610T132106,20210618T123111,7.9653,65,A3,-0.019078,0.332204,1
20210610T132106,20210618T123111,7.9653,66,A3,-0.004750,0.068630,1
20210610T132106,20210618T123111,7.9653,67,A3,-0.023361,1.106482,0
20210610T132106,20210618T123111,7.9653,68,A3,-0.338545,0.827597,0
20210610T132106,20210618T123111,7.9653,69,A3,-0.003101,0.565147,1
20210610T132106,20210618T123111,7.9653,70,A3,0.125673,0.581073,0
20210610T132106,20210618T123111,7.9653,71,A3,-0.304469,0.171866,1
20210610T132106,20210618T123111,7.9653,72,A3,0.241261,0.058444,1
20210610T132106,20210618T123111,7.9653,73,A3,0.151947,0.137381,1
20210610T132106,20210618T123111,7.9653,74,A3,-0.002964,0.443767,0
20210610T132106,20210618T123111,7.9653,75,A3,-0.056638,0.766689,0
20210610T132106,20210618T123111,7.9653,76,A3,-0.035236,0.181495,1
20210610T132106,20210618T123111,7.9653,77,A3,-0.007908,0.010017,1
20210610T132106,20210618T123111,7.9653,78,A3,-0.092531,0.412595,0
20210610T132106,20210618T123111,7.9653,79,A3,0.345974,0.371103,1
20210610T132106,20210618T123111,7.9653,80,A3,0.425433,1.722821,0
20210610T132106,20210618T123111,7.9653,81,A3,0.054968,0.214291,1
20210610T132106,20210618T123111,7.9653,82,A3,0.195363,0.332010,0
20210610T132106,20210618T123111,7.9653,83,A3,0.323355,0.329165,1
20210610T132106,20210618T123111,7.9653,84,A3,0.024820,0.686335,0
20210610T132106,20210618T123111,7.9653,85,A3,-0.103314,0.053164,1
20210610T132106,20210618T123111,7.9653,86,A3,0.042744,0.017795,1
20210610T132106,20210618T123111,7.9653,87,A3,-0.202804,0.751973,0
20210610T132106,20210618T123111,7.9653,88,A3,-0.118991,0.062178,1
20210610T132106,20210618T123111,7.9653,89,A3,-0.041345,0.241320,0
20210610T132106,20210618T123111,7.9653,90,A3,-0.117190,0.009625,0
20210610T132106,20210618T123111,7.9653,91,A3,0.068207,0.888326,1
20210610T132106,20210618T123111,7.9653,92,A3,0.088981,0.525099,0
20210610T132106,20210618T123111,7.9653,93,A3,0.046258,0.126273,1
20210610T132106,20210618T123111,7.9653,94,A3,-0.093660,0.002248,1
20210610T132106,20210618T123111,7.9653,95,A3,-0.118366,0.334250,0
20210610T132106,20210618T123111,7.9653,96,A3,-0.262163,0.621275,0
20210610T132106,20210618T123111,7.9653,97,A4,0.337017,0.180065,1
20210610T132106,20210618T123111,7.9653,98,A4,0.091515,0.121971,0
20210610T132106,20210618T123111,7.9653,99,A4,0.349054,0.715700,0
20210610T132106,20210618T123111,7.9653,100,A4,0.009065,0.137412,1
20210610T132106,20210618T123111,7.9653,101,A4,0.100341,0.596134,1
20210610T132106,20210618T123111,7.9653,102,A4,0.135843,0.030993,1
20210610T132106,20210618T123111,7.9653,103,A4,0.554997,1.303253,0
20210610T132106,20210618T123111,7.9653,104,A4,0.441853,1.284407,0
20210610T132106,20210618T123111,7.9653,105,A4,0.311986,0.282450,0
20210610T132106,20210618T123111,7.9653,106,A4,0.416140,1.001456,0
20210610T132106,20210618T123111,7.9653,107,A4,0.152936,0.174109,1
20210610T132106,20210618T123111,7.9653,108,A4,-0.081368,1.018432,0
20210610T132106,20210618T123111,7.9653,109,A4,-0.057176,0.015223,1
20210610T132106,20210618T123111,7.9653,110,A4,0.221210,0.452504,0
20210610T132106,20210618T123111,7.9653,111,A4,0.102254,0.107753,1
20210610T132106,20210618T123111,7.9653,112,A4,-0.039784,0.248974,1
20210610T132106,20210618T123111,7.9653,113,A4,0.433352,0.710260,1
20210610T132106,20210618T123111,7.9653,114,A4,0.195975,0.577578,1
20210610T132106,20210618T123111,7.9653,115,A4,0.531895,0.209230,1
20210610T132106,20210618T123111,7.9653,116,A4,0.554689,0.847860,0
20210610T132106,20210618T123111,7.9653,117,A4,0.090656,0.631911,1
20210610T132106,20210618T123111,7.9653,118,A4,0.409632,0.381288,1
20210610T132106,20210618T123111,7.9653,119,A4,0.620954,0.076858,1
20210610T132106,20210618T123111,7.9653,120,A4,0.519471,0.218102,1
20210610T132106,20210618T123111,7.9653,121,A4,0.415942,0.371605,1
20210610T132106,20210618T123111,7.9653,122,A4,0.020931,0.361212,0
20210610T132106,20210618T123111,7.9653,123,A4,0.077191,1.020799,0
20210610T132106,20210618T123111,7.9653,124,A4,-0.192458,0.349812,0
20210610T132106,20210618T123111,7.9653,125,A4,0.591153,0.291782,1
20210610T132106,20210618T123111,7.9653,126,A4,-0.069336,0.274523,1
20210610T132106,20210618T123111,7.9653,127,A4,0.298488,0.403508,1
20210610T132106,20210618T123111,7.9653,128,A4,-0.107043,0.470776,0
20210610T132106,20210618T123111,7.9653,129,A5,0.118934,1.143862,0
20210610T132106,20210618T123111,7.9653,130,A5,0.045417,0.358246,1
20210610T132106,20210618T123111,7.9653,131,A5,-0.057909,0.269472,1
20210610T132106,20210618T123111,7.9653,132,A5,0.016629,0.076320,1
20210610T132106,20210618T123111,7.9653,133,A5,0.159961,0.064099,1
20210610T132106,20210618T123111,7.9653,134,A5,0.070993,0.237546,1
20210610T132106,20210618T123111,7.9653,135,A5,0.531020,1.474406,0
20210610T132106,20210618T123111,7.9653,136,A5,-0.128375,0.095037,1
20210610T132106,20210618T123111,7.9653,137,A5,-0.140389,0.927034,1
20210610T132106,20210618T123111,7.9653,138,A5,0.193488,0.005314,1
20210610T132106,20210618T123111,7.9653,139,A5,-0.016858,0.341994,0
20210610T132106,20210618T123111,7.9653,140,A5,-0.359856,0.535300,0
20210610T132106,20210618T123111,7.9653,141,A5,-0.200968,0.247792,1
20210610T132106,20210618T123111,7.9653,142,A5,-0.293985,0.022225,0
20210610T132106,20210618T123111,7.9653,143,A5,0.254787,0.573389,0
20210610T132106,20210618T123111,7.9653,144,A5,0.248219,0.573114,1
20210610T132106,20210618T123111,7.9653,145,A5,0.230864,0.181772,0
20210610T132106,20210618T123111,7.9653,146,A5,-0.437300,0.645362,1
20210610T132106,20210618T123111,7.9653,147,A5,0.048601,0.034702,1
20210610T132106,20210618T123111,7.9653,148,A5,0.139236,0.978676,1
20210610T132106,20210618T123111,7.9653,149,A5,0.149930,0.374037,1
20210610T132106,20210618T123111,7.9653,150,A5,0.100982,1.001918,0
20210610T132106,20210618T123111,7.9653,151,A5,-0.110579,0.946663,1
20210610T132106,20210618T123111,7.9653,152,A5,-0.013007,1.165809,0
20210610T132106,20210618T123111,7.9653,153,A5,-0.111337,0.422135,1
20210610T132106,20210618T123111,7.9653,154,A5,-0.320582,0.573156,1
20210610T132106,20210618T123111,7.9653,155,A5,0.034843,0.359400,1
20210610T132106,20210618T123111,7.9653,156,A5,0.254395,0.035109,0
20210610T132106,20210618T123111,7.9653,157,A5,-0.063765,0.109839,1
20210610T132106,20210618T123111,7.9653,158,A5,-0.124130,0.235827,1
20210610T132106,20210618T123111,7.9653,159,A5,-0.030536,0.227912,1
20210610T132106,20210618T123111,7.9653,160,A5,-0.027391,0.117712,1
20210610T132106,20210623T140144,13.0282,1,A1,-0.010280,0.872478,0
20210610T132106,20210623T140144,13.0282,2,A1,-0.234888,0.251471,0
20210610T132106,20210623T140144,13.0282,3,A1,-0.071977,1.636233,0
20210610T132106,20210623T140144,13.0282,4,A1,-0.121731,1.223634,0
20210610T132106,20210623T140144,13.0282,5,A1,0.060609,1.182764,0
20210610T132106,20210623T140144,13.0282,6,A1,0.072797,0.187120,1
20210610T132106,20210623T140144,13.0282,7,A1,0.320984,1.375812,0
20210610T132106,20210623T140144,13.0282,8,A1,0.162362,0.709548,1
20210610T132106,20210623T140144,13.0282,9,A1,0.149185,0.138296,1
20210610T132106,20210623T140144,13.0282,10,A1,-0.101902,0.326803,1
20210610T132106,20210623T140144,13.0282,11,A1,-0.231130,0.754298,0
20210610T132106,20210623T140144,13.0282,12,A1,0.164603,0.074596,1
20210610T132106,20210623T140144,13.0282,13,A1,0.129433,0.106294,1
20210610T132106,20210623T140144,13.0282,14,A1,-0.017099,0.211617,0
20210610T132106,20210623T140144,13.0282,15,A1,0.027051,0.094244,1
20210610T132106,20210623T140144,13.0282,16,A1,0.152965,0.806727,1
20210610T132106,20210623T140144,13.0282,17,A1,0.089400,0.837046,1
20210610T132106,20210623T140144,13.0282,18,A1,0.003210,0.874781,1
20210610T132106,20210623T140144,13.0282,19,A1,0.211973,0.106637,1
20210610T132106,20210623T140144,13.0282,20,A1,0.665974,0.224992,1
20210610T132106,20210623T140144,13.0282,21,A1,0.051348,1.053922,0
20210610T132106,20210623T140144,13.0282,22,A1,-0.255523,0.133962,0
20210610T132106,20210623T140144,13.0282,23,A1,0.119566,1.006607,0
20210610T132106,20210623T140144,13.0282,24,A1,0.391356,0.000000,1
20210610T132106,20210623T140144,13.0282,25,A1,0.004364,0.651940,0
20210610T132106,20210623T140144,13.0282,26,A1,0.053958,0.068954,1
20210610T132106,20210623T140144,13.0282,27,A1,-0.131920,0.070155,1
20210610T132106,20210623T140144,13.0282,28,A1,0.224514,0.016389,1
20210610T132106,20210623T140144,13.0282,29,A1,-0.246261,1.169375,0
20210610T132106,20210623T140144,13.0282,30,A1,0.024209,0.929481,1
20210610T132106,20210623T140144,13.0282,31,A1,-0.084898,0.236393,0
20210610T132106,20210623T140144,13.0282,32,A1,0.485606,0.224982,1
20210610T132106,20210623T140144,13.0282,33,A2,0.168382,0.126891,1
20210610T132106,20210623T140144,13.0282,34,A2,0.133863,0.245685,1
20210610T132106,20210623T140144,13.0282,35,A2,-0.188211,0.542931,1
20210610T132106,20210623T140144,13.0282,36,A2,0.251758,0.571754,0
20210610T132106,20210623T140144,13.0282,37,A2,0.122331,0.055232,1
20210610T132106,20210623T140144,13.0282,38,A2,-0.097139,0.036301,1
20210610T132106,20210623T140144,13.0282,39,A2,-0.185642,0.669366,1
20210610T132106,20210623T140144,13.0282,40,A2,-0.048887,0.169464,1
20210610T132106,20210623T140144,13.0282,41,A2,0.008103,0.767512,1
20210610T132106,20210623T140144,13.0282,42,A2,0.067195,0.000000,1
20210610T132106,20210623T140144,13.0282,43,A2,-0.055546,0.418890,0
20210610T132106,20210623T140144,13.0282,44,A2,0.206447,0.808701,0
20210610T132106,20210623T140144,13.0282,45,A2,0.094034,0.046623,1
20210610T132106,20210623T140144,13.0282,46,A2,0.130305,0.680338,1
20210610T132106,20210623T140144,13.0282,47,A2,0.388256,0.562418,1
20210610T132106,20210623T140144,13.0282,48,A2,0.139528,1.013196,0
20210610T132106,20210623T140144,13.0282,49,A2,0.179792,0.293770,1
20210610T132106,20210623T140144,13.0282,50,A2,0.241562,0.455060,1
20210610T132106,20210623T140144,13.0282,51,A2,0.091692,0.962536,0
20210610T132106,20210623T140144,13.0282,52,A2,0.177966,0.913807,1
20210610T132106,20210623T140144,13.0282,53,A2,0.099961,1.142930,0
20210610T132106,20210623T140144,13.0282,54,A2,0.407306,0.000000,1
20210610T132106,20210623T140144,13.0282,55,A2,0.544397,0.000000,1
20210610T132106,20210623T140144,13.0282,56,A2,0.302605,0.088140,0
20210610T132106,20210623T140144,13.0282,57,A2,0.096082,0.082364,1
20210610T132106,20210623T140144,13.0282,58,A2,0.090091,0.148480,0
20210610T132106,20210623T140144,13.0282,59,A2,-0.104056,0.028332,1
20210610T132106,20210623T140144,13.0282,60,A2,-0.007585,0.070584,0
20210610T132106,20210623T140144,13.0282,61,A2,-0.031277,0.369773,1
20210610T132106,20210623T140144,13.0282,62,A2,0.076119,0.029185,1
20210610T132106,20210623T140144,13.0282,63,A2,0.157213,0.592848,1
20210610T132106,20210623T140144,13.0282,64,A2,-0.392358,0.095931,0
20210610T132106,20210623T140144,13.0282,65,A3,0.349985,0.456136,1
20210610T132106,20210623T140144,13.0282,66,A3,0.060454,0.078345,1
20210610T132106,20210623T140144,13.0282,67,A3,-0.097280,0.403597,1
20210610T132106,20210623T140144,13.0282,68,A3,-0.080367,0.728066,0
20210610T132106,20210623T140144,13.0282,69,A3,0.082342,0.400732,1
20210610T132106,20210623T140144,13.0282,70,A3,-0.035031,0.452556,0
20210610T132106,20210623T140144,13.0282,71,A3,0.109133,0.029357,1
20210610T132106,20210623T140144,13.0282,72,A3,-0.223964,0.003454,0
20210610T132106,20210623T140144,13.0282,73,A3,-0.134018,0.186887,0
20210610T132106,20210623T140144,13.0282,74,A3,0.025554,0.391865,0
20210610T132106,20210623T140144,13.0282,75,A3,0.025162,0.823323,0
20210610T132106,20210623T140144,13.0282,76,A3,0.327833,0.019198,1
20210610T132106,20210623T140144,13.0282,77,A3,0.060313,0.784991,0
20210610T132106,20210623T140144,13.0282,78,A3,-0.116435,0.276993,0
20210610T132106,20210623T140144,13.0282,79,A3,-0.172113,0.329539,0
20210610T132106,20210623T140144,13.0282,80,A3,0.139809,0.741945,0
20210610T132106,20210623T140144,13.0282,81,A3,-0.136003,0.349493,0
20210610T132106,20210623T140144,13.0282,82,A3,0.028293,0.372210,0
20210610T132106,20210623T140144,13.0282,83,A3,0.092783,0.914080,0
20210610T132106,20210623T140144,13.0282,84,A3,0.029147,0.764237,0
20210610T132106,20210623T140144,13.0282,85,A3,0.269737,0.253439,1
20210610T132106,20210623T140144,13.0282,86,A3,0.295571,0.177539,0
20210610T132106,20210623T140144,13.0282,87,A3,-0.437638,0.656383,0
20210610T132106,20210623T140144,13.0282,88,A3,0.261330,0.145260,0
20210610T132106,20210623T140144,13.0282,89,A3,-0.088507,0.024001,1
20210610T132106,20210623T140144,13.0282,90,A3,0.160141,0.190584,0
20210610T132106,20210623T140144,13.0282,91,A3,-0.040384,1.055910,0
20210610T132106,20210623T140144,13.0282,92,A3,-0.022472,0.586476,0
20210610T132106,20210623T140144,13.0282,93,A3,-0.257717,0.199128,1
20210610T132106,20210623T140144,13.0282,94,A3,-0.136609,0.010799,1
20210610T132106,20210623T140144,13.0282,95,A3,-0.015747,0.566601,0
20210610T132106,20210623T140144,13.0282,96,A3,0.344344,0.693100,0
20210610T132106,20210623T140144,13.0282,97,A4,0.259273,0.861430,1
20210610T132106,20210623T140144,13.0282,98,A4,0.323136,0.427359,0
20210610T132106,20210623T140144,13.0282,99,A4,-0.161480,1.600846,0
20210610T132106,20210623T140144,13.0282,100,A4,-0.073361,0.095767,1
20210610T132106,20210623T140144,13.0282,101,A4,0.040196,0.388022,0
20210610T132106,20210623T140144,13.0282,102,A4,0.359429,0.257827,0
20210610T132106,20210623T140144,13.0282,103,A4,-0.167134,0.260456,1
20210610T132106,20210623T140144,13.0282,104,A4,0.196472,0.983745,1
20210610T132106,20210623T140144,13.0282,105,A4,0.333093,0.792146,1
20210610T132106,20210623T140144,13.0282,106,A4,-0.030247,1.178888,0
20210610T132106,20210623T140144,13.0282,107,A4,0.127873,0.856513,0
20210610T132106,20210623T140144,13.0282,108,A4,0.111390,0.000000,1
20210610T132106,20210623T140144,13.0282,109,A4,-0.150442,0.589522,0
20210610T132106,20210623T140144,13.0282,110,A4,0.083312,1.197877,0
20210610T132106,20210623T140144,13.0282,111,A4,-0.027459,0.203942,0
20210610T132106,20210623T140144,13.0282,112,A4,0.262545,0.178181,0
20210610T132106,20210623T140144,13.0282,113,A4,0.471957,0.280011,1
20210610T132106,20210623T140144,13.0282,114,A4,-0.107557,0.567646,0
20210610T132106,20210623T140144,13.0282,115,A4,0.292800,0.232973,1
20210610T132106,20210623T140144,13.0282,116,A4,0.397775,0.593924,1
20210610T132106,20210623T140144,13.0282,117,A4,0.106074,0.653925,1
20210610T132106,20210623T140144,13.0282,118,A4,0.179631,0.317308,0
20210610T132106,20210623T140144,13.0282,119,A4,0.383361,0.096183,1
20210610T132106,20210623T140144,13.0282,120,A4,-0.105757,0.542360,0
20210610T132106,20210623T140144,13.0282,121,A4,0.020903,0.914047,0
20210610T132106,20210623T140144,13.0282,122,A4,-0.165709,0.102094,1
20210610T132106,20210623T140144,13.0282,123,A4,-0.057229,0.995039,0
20210610T132106,20210623T140144,13.0282,124,A4,0.109499,0.142075,1
20210610T132106,20210623T140144,13.0282,125,A4,-0.070733,0.609165,1
20210610T132106,20210623T140144,13.0282,126,A4,-0.214926,0.351551,1
20210610T132106,20210623T140144,13.0282,127,A4,0.026433,0.321119,0
20210610T132106,20210623T140144,13.0282,128,A4,0.081463,0.112429,0
20210610T132106,20210623T140144,13.0282,129,A5,0.101598,0.876053,1
20210610T132106,20210623T140144,13.0282,130,A5,-0.107454,0.400434,1
20210610T132106,20210623T140144,13.0282,131,A5,0.399439,0.325646,1
20210610T132106,20210623T140144,13.0282,132,A5,-0.210427,0.285531,1
20210610T132106,20210623T140144,13.0282,133,A5,0.249311,0.967774,1
20210610T132106,20210623T140144,13.0282,134,A5,0.218303,0.702197,1
20210610T132106,20210623T140144,13.0282,135,A5,-0.005340,2.000000,0
20210610T132106,20210623T140144,13.0282,136,A5,-0.256235,0.138197,1
20210610T132106,20210623T140144,13.0282,137,A5,-0.231659,0.839626,1
20210610T132106,20210623T140144,13.0282,138,A5,0.189985,0.191237,0
20210610T132106,20210623T140144,13.0282,139,A5,0.120573,0.730262,0
20210610T132106,20210623T140144,13.0282,140,A5,0.117269,0.221706,1
20210610T132106,20210623T140144,13.0282,141,A5,-0.107239,0.018177,1
20210610T132106,20210623T140144,13.0282,142,A5,0.024518,0.021042,0
20210610T132106,20210623T140144,13.0282,143,A5,-0.101788,1.032693,0
20210610T132106,20210623T140144,13.0282,144,A5,-0.051517,0.628168,0
20210610T132106,20210623T140144,13.0282,145,A5,-0.311092,1.160829,0
20210610T132106,20210623T140144,13.0282,146,A5,0.009044,0.731915,0
20210610T132106,20210623T140144,13.0282,147,A5,0.173285,0.045630,0
20210610T132106,20210623T140144,13.0282,148,A5,-0.047662,0.904625,1
20210610T132106,20210623T140144,13.0282,149,A5,0.050786,0.545211,1
20210610T132106,20210623T140144,13.0282,150,A5,0.183170,0.268200,0
20210610T132106,20210623T140144,13.0282,151,A5,0.028388,1.588274,0
20210610T132106,20210623T140144,13.0282,152,A5,0.124586,0.583518,1
20210610T132106,20210623T140144,13.0282,153,A5,0.043999,0.199436,1
20210610T132106,20210623T140144,13.0282,154,A5,0.118899,1.010044,0
20210610T132106,20210623T140144,13.0282,155,A5,0.124497,0.304301,1
20210610T132106,20210623T140144,13.0282,156,A5,-0.280064,0.113947,0
20210610T132106,20210623T140144,13.0282,157,A5,-0.075886,0.071734,1
20210610T132106,20210623T140144,13.0282,158,A5,0.085065,0.202744,1
20210610T132106,20210623T140144,13.0282,159,A5,0.151179,0.339400,0
20210610T132106,20210623T140144,13.0282,160,A5,0.126828,0.133289,1
20210610T132106,20210625T141512,15.0376,1,A1,0.008204,0.369990,1
20210610T132106,20210625T141512,15.0376,2,A1,-0.215818,0.938458,1
20210610T132106,20210625T141512,15.0376,3,A1,0.108832,1.636233,0
20210610T132106,20210625T141512,15.0376,4,A1,0.411890,0.618197,1
20210610T132106,20210625T141512,15.0376,5,A1,0.248548,0.000000,1
20210610T132106,20210625T141512,15.0376,6,A1,-0.453503,0.772802,1
20210610T132106,20210625T141512,15.0376,7,A1,-0.169385,0.036699,1
20210610T132106,20210625T141512,15.0376,8,A1,0.096237,0.709548,1
20210610T132106,20210625T141512,15.0376,9,A1,0.031070,1.174280,0
20210610T132106,20210625T141512,15.0376,10,A1,0.344218,0.597280,1
20210610T132106,20210625T141512,15.0376,11,A1,0.156608,0.261754,1
20210610T132106,20210625T141512,15.0376,12,A1,-0.016445,0.407751,0
20210610T132106,20210625T141512,15.0376,13,A1,-0.066923,1.046888,0
20210610T132106,20210625T141512,15.0376,14,A1,0.196437,0.191229,1
20210610T132106,20210625T141512,15.0376,15,A1,-0.077609,1.520342,0
20210610T132106,20210625T141512,15.0376,16,A1,-0.363441,0.183646,1
20210610T132106,20210625T141512,15.0376,17,A1,0.023220,0.837046,1
20210610T132106,20210625T141512,15.0376,18,A1,-0.105460,0.000000,1
20210610T132106,20210625T141512,15.0376,19,A1,0.407687,0.976443,1
20210610T132106,20210625T141512,15.0376,20,A1,0.498478,0.085881,1
20210610T132106,20210625T141512,15.0376,21,A1,-0.078124,0.190821,0
20210610T132106,20210625T141512,15.0376,22,A1,-0.296554,0.673810,0
20210610T132106,20210625T141512,15.0376,23,A1,-0.052334,1.265058,0
20210610T132106,20210625T141512,15.0376,24,A1,0.208861,0.000000,1
20210610T132106,20210625T141512,15.0376,25,A1,-0.153474,0.479231,0
20210610T132106,20210625T141512,15.0376,26,A1,0.258925,0.000101,1
20210610T132106,20210625T141512,15.0376,27,A1,-0.112584,0.744183,0
20210610T132106,20210625T141512,15.0376,28,A1,0.138214,0.132100,1
20210610T132106,20210625T141512,15.0376,29,A1,0.301184,0.000000,1
20210610T132106,20210625T141512,15.0376,30,A1,0.208049,0.846503,1
20210610T132106,20210625T141512,15.0376,31,A1,0.164243,0.957277,1
20210610T132106,20210625T141512,15.0376,32,A1,0.017810,0.307211,1
20210610T132106,20210625T141512,15.0376,33,A2,0.435087,0.000000,1
20210610T132106,20210625T141512,15.0376,34,A2,-0.239565,0.685911,0
20210610T132106,20210625T141512,15.0376,35,A2,-0.083589,0.291936,1
20210610T132106,20210625T141512,15.0376,36,A2,-0.131146,0.007778,1
20210610T132106,20210625T141512,15.0376,37,A2,-0.225275,0.750576,1
20210610T132106,20210625T141512,15.0376,38,A2,0.018226,0.457193,0
20210610T132106,20210625T141512,15.0376,39,A2,-0.288735,0.000000,1
20210610T132106,20210625T141512,15.0376,40,A2,-0.245595,0.360952,0
20210610T132106,20210625T141512,15.0376,41,A2,-0.102882,0.389085,0
20210610T132106,20210625T141512,15.0376,42,A2,-0.148530,0.661142,1
20210610T132106,20210625T141512,15.0376,43,A2,0.263341,0.488470,0
20210610T132106,20210625T141512,15.0376,44,A2,0.328441,0.443507,1
20210610T132106,20210625T141512,15.0376,45,A2,0.006720,1.053168,0
20210610T132106,20210625T141512,15.0376,46,A2,-0.052050,0.455685,1
20210610T132106,20210625T141512,15.0376,47,A2,0.048990,0.000000,1
20210610T132106,20210625T141512,15.0376,48,A2,0.259457,0.940789,1
20210610T132106,20210625T141512,15.0376,49,A2,-0.128845,1.338520,0
20210610T132106,20210625T141512,15.0376,50,A2,-0.355162,0.679930,0
20210610T132106,20210625T141512,15.0376,51,A2,0.020715,0.274882,1
20210610T132106,20210625T141512,15.0376,52,A2,0.310174,1.112023,0
20210610T132106,20210625T141512,15.0376,53,A2,0.071439,0.563290,0
20210610T132106,20210625T141512,15.0376,54,A2,0.086029,0.594369,1
20210610T132106,20210625T141512,15.0376,55,A2,0.308642,1.514990,0
20210610T132106,20210625T141512,15.0376,56,A2,-0.128975,0.330150,1
20210610T132106,20210625T141512,15.0376,57,A2,0.157871,0.155383,0
20210610T132106,20210625T141512,15.0376,58,A2,-0.115270,0.466767,0
20210610T132106,20210625T141512,15.0376,59,A2,-0.082527,1.062868,0
20210610T132106,20210625T141512,15.0376,60,A2,0.150520,0.049841,0
20210610T132106,20210625T141512,15.0376,61,A2,0.161508,0.933062,0
20210610T132106,20210625T141512,15.0376,62,A2,-0.006307,0.537470,1
20210610T132106,20210625T141512,15.0376,63,A2,0.160749,0.056533,1
20210610T132106,20210625T141512,15.0376,64,A2,-0.408545,1.052277,0
20210610T132106,20210625T141512,15.0376,65,A3,0.111564,0.784403,0
20210610T132106,20210625T141512,15.0376,66,A3,0.001835,1.055120,0
20210610T132106,20210625T141512,15.0376,67,A3,0.071694,0.853876,0
20210610T132106,20210625T141512,15.0376,68,A3,0.059785,0.607457,1
20210610T132106,20210625T141512,15.0376,69,A3,-0.118129,0.448665,0
20210610T132106,20210625T141512,15.0376,70,A3,0.296122,0.491592,0
20210610T132106,20210625T141512,15.0376,71,A3,0.060051,0.440649,0
20210610T132106,20210625T141512,15.0376,72,A3,-0.119901,0.002952,0
20210610T132106,20210625T141512,15.0376,73,A3,0.183671,0.179995,0
20210610T132106,20210625T141512,15.0376,74,A3,0.233770,0.085955,1
20210610T132106,20210625T141512,15.0376,75,A3,-0.087780,0.509451,0
20210610T132106,20210625T141512,15.0376,76,A3,-0.645009,0.702233,0
20210610T132106,20210625T141512,15.0376,77,A3,-0.285119,0.128007,1
20210610T132106,20210625T141512,15.0376,78,A3,0.303936,0.228887,1
20210610T132106,20210625T141512,15.0376,79,A3,-0.279023,0.864897,1
20210610T132106,20210625T141512,15.0376,80,A3,0.202164,0.631038,1
20210610T132106,20210625T141512,15.0376,81,A3,-0.071888,0.144025,1
20210610T132106,20210625T141512,15.0376,82,A3,-0.011834,0.401055,1
20210610T132106,20210625T141512,15.0376,83,A3,-0.348309,0.015650,1
20210610T132106,20210625T141512,15.0376,84,A3,0.408227,0.100360,1
20210610T132106,20210625T141512,15.0376,85,A3,-0.005483,0.131591,1
20210610T132106,20210625T141512,15.0376,86,A3,0.210739,0.271804,1
20210610T132106,20210625T141512,15.0376,87,A3,0.153495,0.657144,0
20210610T132106,20210625T141512,15.0376,88,A3,0.195717,0.246099,0
20210610T132106,20210625T141512,15.0376,89,A3,0.264993,0.244037,0
20210610T132106,20210625T141512,15.0376,90,A3,0.231635,0.003632,1
20210610T132106,20210625T141512,15.0376,91,A3,0.109951,0.995536,1
20210610T132106,20210625T141512,15.0376,92,A3,0.029068,0.404335,1
20210610T132106,20210625T141512,15.0376,93,A3,-0.059755,0.461797,1
20210610T132106,20210625T141512,15.0376,94,A3,0.228482,0.274368,0
20210610T132106,20210625T141512,15.0376,95,A3,-0.396547,1.271509,0
20210610T132106,20210625T141512,15.0376,96,A3,0.220452,0.845059,0
20210610T132106,20210625T141512,15.0376,97,A4,-0.223040,0.028792,1
20210610T132106,20210625T141512,15.0376,98,A4,-0.478569,0.918401,1
20210610T132106,20210625T141512,15.0376,99,A4,-0.056447,0.737345,0
20210610T132106,20210625T141512,15.0376,100,A4,0.012114,0.163457,0
20210610T132106,20210625T141512,15.0376,101,A4,-0.226919,0.536639,0
20210610T132106,20210625T141512,15.0376,102,A4,-0.089669,0.847419,1
20210610T132106,20210625T141512,15.0376,103,A4,-0.217645,0.175636,1
20210610T132106,20210625T141512,15.0376,104,A4,0.035372,0.806564,1
20210610T132106,20210625T141512,15.0376,105,A4,-0.079621,0.801591,0
20210610T132106,20210625T141512,15.0376,106,A4,-0.211877,0.191312,1
20210610T132106,20210625T141512,15.0376,107,A4,-0.067921,0.522138,1
20210610T132106,20210625T141512,15.0376,108,A4,0.335042,0.970664,1
20210610T132106,20210625T141512,15.0376,109,A4,0.266684,0.467397,1
20210610T132106,20210625T141512,15.0376,110,A4,-0.018272,0.362375,0
20210610T132106,20210625T141512,15.0376,111,A4,-0.081436,0.160564,1
20210610T132106,20210625T141512,15.0376,112,A4,-0.053663,0.008238,1
20210610T132106,20210625T141512,15.0376,113,A4,0.071562,0.419771,1
20210610T132106,20210625T141512,15.0376,114,A4,0.221974,0.243136,1
20210610T132106,20210625T141512,15.0376,115,A4,0.273655,0.467595,1
20210610T132106,20210625T141512,15.0376,116,A4,0.194362,0.306728,1
20210610T132106,20210625T141512,15.0376,117,A4,0.063694,0.807330,1
20210610T132106,20210625T141512,15.0376,118,A4,-0.255894,0.743110,1
20210610T132106,20210625T141512,15.0376,119,A4,-0.196129,1.268961,0
20210610T132106,20210625T141512,15.0376,120,A4,-0.076735,0.144773,1
20210610T132106,20210625T141512,15.0376,121,A4,-0.365178,1.312102,0
20210610T132106,20210625T141512,15.0376,122,A4,-0.182756,1.024891,0
20210610T132106,20210625T141512,15.0376,123,A4,0.018901,0.687200,1
20210610T132106,20210625T141512,15.0376,124,A4,-0.234037,0.008059,1
20210610T132106,20210625T141512,15.0376,125,A4,-0.285579,0.350230,1
20210610T132106,20210625T141512,15.0376,126,A4,-0.140891,1.357490,0
20210610T132106,20210625T141512,15.0376,127,A4,-0.221354,0.856251,1
20210610T132106,20210625T141512,15.0376,128,A4,0.117527,0.671520,0
20210610T132106,20210625T141512,15.0376,129,A5,0.108182,2.000000,0
20210610T132106,20210625T141512,15.0376,130,A5,0.091040,0.974744,0
20210610T132106,20210625T141512,15.0376,131,A5,0.348188,0.896119,1
20210610T132106,20210625T141512,15.0376,132,A5,0.183249,0.643592,0
20210610T132106,20210625T141512,15.0376,133,A5,-0.077538,0.697253,1
20210610T132106,20210625T141512,15.0376,134,A5,-0.098473,0.702197,1
20210610T132106,20210625T141512,15.0376,135,A5,-0.137939,2.000000,0
20210610T132106,20210625T141512,15.0376,136,A5,0.282515,0.610886,0
20210610T132106,20210625T141512,15.0376,137,A5,0.211301,0.924860,1
20210610T132106,20210625T141512,15.0376,138,A5,-0.052927,0.202845,0
20210610T132106,20210625T141512,15.0376,139,A5,-0.065419,0.186790,1
20210610T132106,20210625T141512,15.0376,140,A5,-0.163847,0.471876,1
20210610T132106,20210625T141512,15.0376,141,A5,-0.178164,0.145336,1
20210610T132106,20210625T141512,15.0376,142,A5,0.254405,0.104199,0
20210610T132106,20210625T141512,15.0376,143,A5,0.088301,0.810211,0
20210610T132106,20210625T141512,15.0376,144,A5,-0.384229,0.934273,0
20210610T132106,20210625T141512,15.0376,145,A5,0.369197,0.876455,0
20210610T132106,20210625T141512,15.0376,146,A5,-0.118767,0.476706,1
20210610T132106,20210625T141512,15.0376,147,A5,-0.204206,0.969530,1
20210610T132106,20210625T141512,15.0376,148,A5,-0.073006,0.361079,1
20210610T132106,20210625T141512,15.0376,149,A5,0.331171,0.244280,1
20210610T132106,20210625T141512,15.0376,150,A5,0.321673,1.167454,0
20210610T132106,20210625T141512,15.0376,151,A5,0.090083,2.000000,0
20210610T132106,20210625T141512,15.0376,152,A5,-0.347437,0.334375,1
20210610T132106,20210625T141512,15.0376,153,A5,-0.040429,1.454213,0
20210610T132106,20210625T141512,15.0376,154,A5,-0.017794,0.919808,0
20210610T132106,20210625T141512,15.0376,155,A5,0.030555,0.541890,1
20210610T132106,20210625T141512,15.0376,156,A5,0.328578,0.772991,0
20210610T132106,20210625T141512,15.0376,157,A5,-0.083600,0.616192,0
20210610T132106,20210625T141512,15.0376,158,A5,0.282591,0.072942,1
20210610T132106,20210625T141512,15.0376,159,A5,0.054229,0.738355,1
20210610T132106,20210625T141512,15.0376,160,A5,0.143896,0.836329,1
20210618T123111,20210623T140144,5.0629,1,A1,0.190957,1.106644,0
20210618T123111,20210623T140144,5.0629,2,A1,-0.265728,0.124994,1
20210618T123111,20210623T140144,5.0629,3,A1,-0.049401,0.792791,1
20210618T123111,20210623T140144,5.0629,4,A1,0.337877,0.050847,1
20210618T123111,20210623T140144,5.0629,5,A1,-0.094187,0.218535,1
20210618T123111,20210623T140144,5.0629,6,A1,0.106251,0.411498,1
20210618T123111,20210623T140144,5.0629,7,A1,-0.123058,1.412511,0
20210618T123111,20210623T140144,5.0629,8,A1,0.308146,0.000000,1
20210618T123111,20210623T140144,5.0629,9,A1,-0.018928,0.008014,1
20210618T123111,20210623T140144,5.0629,10,A1,-0.230805,0.924083,1
20210618T123111,20210623T140144,5.0629,11,A1,0.088026,0.418922,1
20210618T123111,20210623T140144,5.0629,12,A1,0.385466,0.130993,0
20210618T123111,20210623T140144,5.0629,13,A1,0.043150,0.492061,1
20210618T123111,20210623T140144,5.0629,14,A1,0.013253,0.509975,0
20210618T123111,20210623T140144,5.0629,15,A1,0.355618,1.258776,0
20210618T123111,20210623T140144,5.0629,16,A1,-0.001039,0.355938,1
20210618T123111,20210623T140144,5.0629,17,A1,0.353868,0.000000,1
20210618T123111,20210623T140144,5.0629,18,A1,-0.055882,0.274775,1
20210618T123111,20210623T140144,5.0629,19,A1,0.215009,0.485852,1
20210618T123111,20210623T140144,5.0629,20,A1,0.831182,0.028416,1
20210618T123111,20210623T140144,5.0629,21,A1,0.070124,0.098363,1
20210618T123111,20210623T140144,5.0629,22,A1,0.138713,0.123800,1
20210618T123111,20210623T140144,5.0629,23,A1,0.677867,0.555231,1
20210618T123111,20210623T140144,5.0629,24,A1,0.391494,0.000000,1
20210618T123111,20210623T140144,5.0629,25,A1,0.271666,0.160262,1
20210618T123111,20210623T140144,5.0629,26,A1,-0.473877,0.805871,0
20210618T123111,20210623T140144,5.0629,27,A1,0.073431,0.027893,1
20210618T123111,20210623T140144,5.0629,28,A1,0.504356,0.100645,1
20210618T123111,20210623T140144,5.0629,29,A1,-0.136100,1.169375,0
20210618T123111,20210623T140144,5.0629,30,A1,0.249690,0.060664,1
20210618T123111,20210623T140144,5.0629,31,A1,0.632536,1.193671,0
20210618T123111,20210623T140144,5.0629,32,A1,0.713895,0.120356,1
20210618T123111,20210623T140144,5.0629,33,A2,0.249433,0.706934,1
20210618T123111,20210623T140144,5.0629,34,A2,0.061000,0.818201,1
20210618T123111,20210623T140144,5.0629,35,A2,-0.201932,0.405009,1
20210618T123111,20210623T140144,5.0629,36,A2,0.083138,0.128341,1
20210618T123111,20210623T140144,5.0629,37,A2,-0.176035,0.087673,0
20210618T123111,20210623T140144,5.0629,38,A2,-0.092122,0.234994,0
20210618T123111,20210623T140144,5.0629,39,A2,0.106405,0.016586,1
20210618T123111,20210623T140144,5.0629,40,A2,-0.263199,0.378665,1
20210618T123111,20210623T140144,5.0629,41,A2,0.130849,1.792887,0
20210618T123111,20210623T140144,5.0629,42,A2,0.338375,0.000000,1
20210618T123111,20210623T140144,5.0629,43,A2,0.285880,0.304195,1
20210618T123111,20210623T140144,5.0629,44,A2,0.068933,0.220681,0
20210618T123111,20210623T140144,5.0629,45,A2,0.062304,1.078838,0
20210618T123111,20210623T140144,5.0629,46,A2,0.086049,0.255703,1
20210618T123111,20210623T140144,5.0629,47,A2,0.389591,0.230791,1
20210618T123111,20210623T140144,5.0629,48,A2,0.060840,0.106006,0
20210618T123111,20210623T140144,5.0629,49,A2,0.242363,0.049677,1
20210618T123111,20210623T140144,5.0629,50,A2,0.200906,1.028112,0
20210618T123111,20210623T140144,5.0629,51,A2,0.085119,0.174593,1
20210618T123111,20210623T140144,5.0629,52,A2,-0.015283,0.114615,1
20210618T123111,20210623T140144,5.0629,53,A2,-0.109990,1.071842,0
20210618T123111,20210623T140144,5.0629,54,A2,0.108022,0.943124,1
20210618T123111,20210623T140144,5.0629,55,A2,0.586857,0.217257,1
20210618T123111,20210623T140144,5.0629,56,A2,0.225875,0.595974,0
20210618T123111,20210623T140144,5.0629,57,A2,-0.053554,0.020127,1
20210618T123111,20210623T140144,5.0629,58,A2,0.153468,0.037802,1
20210618T123111,20210623T140144,5.0629,59,A2,0.321800,0.052603,0
20210618T123111,20210623T140144,5.0629,60,A2,-0.207919,0.059679,0
20210618T123111,20210623T140144,5.0629,61,A2,0.167357,0.991615,1
20210618T123111,20210623T140144,5.0629,62,A2,-0.350876,0.154883,0
20210618T123111,20210623T140144,5.0629,63,A2,0.163148,0.126694,1
20210618T123111,20210623T140144,5.0629,64,A2,0.216068,0.963546,0
20210618T123111,20210623T140144,5.0629,65,A3,0.196014,0.123933,1
20210618T123111,20210623T140144,5.0629,66,A3,0.199922,0.009715,1
20210618T123111,20210623T140144,5.0629,67,A3,0.194506,1.510079,0
20210618T123111,20210623T140144,5.0629,68,A3,-0.037104,0.099531,1
20210618T123111,20210623T140144,5.0629,69,A3,0.209913,0.965879,1
20210618T123111,20210623T140144,5.0629,70,A3,0.082879,0.128517,1
20210618T123111,20210623T140144,5.0629,71,A3,0.130175,0.142509,1
20210618T123111,20210623T140144,5.0629,72,A3,-0.058928,0.061898,0
20210618T123111,20210623T140144,5.0629,73,A3,0.164481,0.049506,0
20210618T123111,20210623T140144,5.0629,74,A3,0.048536,0.051902,1
20210618T123111,20210623T140144,5.0629,75,A3,-0.026583,0.056634,1
20210618T123111,20210623T140144,5.0629,76,A3,-0.155287,0.200693,1
20210618T123111,20210623T140144,5.0629,77,A3,-0.040314,0.795008,0
20210618T123111,20210623T140144,5.0629,78,A3,-0.127897,0.135602,1
20210618T123111,20210623T140144,5.0629,79,A3,-0.233497,0.700643,0
20210618T123111,20210623T140144,5.0629,80,A3,0.006358,0.980876,1
20210618T123111,20210623T140144,5.0629,81,A3,-0.042145,0.135202,0
20210618T123111,20210623T140144,5.0629,82,A3,0.046248,0.040200,1
20210618T123111,20210623T140144,5.0629,83,A3,0.312612,1.243244,0
20210618T123111,20210623T140144,5.0629,84,A3,-0.115062,0.077902,1
20210618T123111,20210623T140144,5.0629,85,A3,0.081266,0.306602,1
20210618T123111,20210623T140144,5.0629,86,A3,0.131211,0.195333,0
20210618T123111,20210623T140144,5.0629,87,A3,0.073235,0.095589,1
20210618T123111,20210623T140144,5.0629,88,A3,0.034632,0.207438,0
20210618T123111,20210623T140144,5.0629,89,A3,0.087580,0.265321,0
20210618T123111,20210623T140144,5.0629,90,A3,0.028928,0.180960,1
20210618T123111,20210623T140144,5.0629,91,A3,-0.065909,0.167584,0
20210618T123111,20210623T140144,5.0629,92,A3,0.257245,0.061376,1
20210618T123111,20210623T140144,5.0629,93,A3,-0.303031,0.072854,1
20210618T123111,20210623T140144,5.0629,94,A3,-0.034306,0.013047,1
20210618T123111,20210623T140144,5.0629,95,A3,0.086831,0.232351,1
20210618T123111,20210623T140144,5.0629,96,A3,-0.031617,0.071825,1
20210618T123111,20210623T140144,5.0629,97,A4,0.351914,0.681365,1
20210618T123111,20210623T140144,5.0629,98,A4,0.333033,0.305388,1
20210618T123111,20210623T140144,5.0629,99,A4,-0.237441,0.885146,1
20210618T123111,20210623T140144,5.0629,100,A4,0.012284,0.041645,1
20210618T123111,20210623T140144,5.0629,101,A4,0.227398,0.984156,0
20210618T123111,20210623T140144,5.0629,102,A4,-0.155920,0.226834,0
20210618T123111,20210623T140144,5.0629,103,A4,0.323600,1.042797,0
20210618T123111,20210623T140144,5.0629,104,A4,0.044393,0.300662,0
20210618T123111,20210623T140144,5.0629,105,A4,0.498374,1.074596,0
20210618T123111,20210623T140144,5.0629,106,A4,0.238956,0.177432,1
20210618T123111,20210623T140144,5.0629,107,A4,0.217298,0.682404,0
20210618T123111,20210623T140144,5.0629,108,A4,-0.066538,1.018432,0
20210618T123111,20210623T140144,5.0629,109,A4,0.123658,0.574299,0
20210618T123111,20210623T140144,5.0629,110,A4,0.219373,0.745374,1
20210618T123111,20210623T140144,5.0629,111,A4,-0.033236,0.311695,0
20210618T123111,20210623T140144,5.0629,112,A4,0.313373,0.427155,0
20210618T123111,20210623T140144,5.0629,113,A4,0.723657,0.990271,1
20210618T123111,20210623T140144,5.0629,114,A4,0.018035,1.145224,0
20210618T123111,20210623T140144,5.0629,115,A4,0.067274,0.023742,1
20210618T123111,20210623T140144,5.0629,116,A4,0.398530,0.253937,0
20210618T123111,20210623T140144,5.0629,117,A4,0.453340,0.022014,1
20210618T123111,20210623T140144,5.0629,118,A4,0.142586,0.698596,0
20210618T123111,20210623T140144,5.0629,119,A4,0.525421,0.173041,1
20210618T123111,20210623T140144,5.0629,120,A4,-0.035267,0.760462,0
20210618T123111,20210623T140144,5.0629,121,A4,0.253487,1.285652,0
20210618T123111,20210623T140144,5.0629,122,A4,-0.062684,0.259118,0
20210618T123111,20210623T140144,5.0629,123,A4,-0.025659,0.025760,1
20210618T123111,20210623T140144,5.0629,124,A4,0.212652,0.207737,0
20210618T123111,20210623T140144,5.0629,125,A4,0.117087,0.317383,1
20210618T123111,20210623T140144,5.0629,126,A4,0.032236,0.077027,1
20210618T123111,20210623T140144,5.0629,127,A4,0.034293,0.724627,0
20210618T123111,20210623T140144,5.0629,128,A4,-0.009863,0.358347,1
20210618T123111,20210623T140144,5.0629,129,A5,-0.355469,0.267809,0
20210618T123111,20210623T140144,5.0629,130,A5,-0.250100,0.758681,1
20210618T123111,20210623T140144,5.0629,131,A5,-0.092230,0.056174,1
20210618T123111,20210623T140144,5.0629,132,A5,-0.081326,0.361851,1
20210618T123111,20210623T140144,5.0629,133,A5,0.004611,0.903675,1
20210618T123111,20210623T140144,5.0629,134,A5,0.206691,0.464652,1
20210618T123111,20210623T140144,5.0629,135,A5,0.214765,0.525594,1
20210618T123111,20210623T140144,5.0629,136,A5,0.369839,0.043160,1
20210618T123111,20210623T140144,5.0629,137,A5,-0.214938,0.087408,1
20210618T123111,20210623T140144,5.0629,138,A5,0.029976,0.196551,0
20210618T123111,20210623T140144,5.0629,139,A5,-0.100308,0.388268,1
20210618T123111,20210623T140144,5.0629,140,A5,-0.272725,0.313594,0
20210618T123111,20210623T140144,5.0629,141,A5,0.088057,0.265969,1
20210618T123111,20210623T140144,5.0629,142,A5,-0.034128,0.001183,1
20210618T123111,20210623T140144,5.0629,143,A5,0.157311,0.459304,1
20210618T123111,20210623T140144,5.0629,144,A5,0.306070,0.055054,0
20210618T123111,20210623T140144,5.0629,145,A5,-0.254020,0.979057,1
20210618T123111,20210623T140144,5.0629,146,A5,-0.098623,0.086552,0
20210618T123111,20210623T140144,5.0629,147,A5,-0.109066,0.080332,0
20210618T123111,20210623T140144,5.0629,148,A5,0.073048,0.074050,1
20210618T123111,20210623T140144,5.0629,149,A5,0.290834,0.171174,1
20210618T123111,20210623T140144,5.0629,150,A5,0.191342,0.733718,1
20210618T123111,20210623T140144,5.0629,151,A5,-0.122706,0.641611,0
20210618T123111,20210623T140144,5.0629,152,A5,-0.001110,0.582291,0
20210618T123111,20210623T140144,5.0629,153,A5,0.046131,0.222699,1
20210618T123111,20210623T140144,5.0629,154,A5,-0.013091,0.436888,0
20210618T123111,20210623T140144,5.0629,155,A5,-0.150230,0.055098,1
20210618T123111,20210623T140144,5.0629,156,A5,0.004652,0.078838,1
20210618T123111,20210623T140144,5.0629,157,A5,-0.345588,0.038105,1
20210618T123111,20210623T140144,5.0629,158,A5,-0.104017,0.438571,1
20210618T123111,20210623T140144,5.0629,159,A5,0.131847,0.111488,0
20210618T123111,20210623T140144,5.0629,160,A5,-0.011252,0.251001,1
20210618T123111,20210625T141512,7.0722,1,A1,0.147700,0.135824,1
20210618T123111,20210625T141512,7.0722,2,A1,-0.137623,1.314923,0
20210618T123111,20210625T141512,7.0722,3,A1,0.059147,0.792791,1
20210618T123111,20210625T141512,7.0722,4,A1,0.067206,0.554590,0
20210618T123111,20210625T141512,7.0722,5,A1,-0.041676,1.401299,0
20210618T123111,20210625T141512,7.0722,6,A1,-0.050391,0.997180,1
20210618T123111,20210625T141512,7.0722,7,A1,0.002554,0.000000,1
20210618T123111,20210625T141512,7.0722,8,A1,0.021403,0.000000,1
20210618T123111,20210625T141512,7.0722,9,A1,0.251453,1.304562,0
20210618T123111,20210625T141512,7.0722,10,A1,-0.184369,0.000000,1
20210618T123111,20210625T141512,7.0722,11,A1,-0.081872,0.597131,0
20210618T123111,20210625T141512,7.0722,12,A1,0.270278,0.202162,1
20210618T123111,20210625T141512,7.0722,13,A1,0.026436,1.645243,0
20210618T123111,20210625T141512,7.0722,14,A1,-0.167557,0.107128,1
20210618T123111,20210625T141512,7.0722,15,A1,0.201500,0.355810,1
20210618T123111,20210625T141512,7.0722,16,A1,0.171013,0.634436,1
20210618T123111,20210625T141512,7.0722,17,A1,0.172823,0.000000,1
20210618T123111,20210625T141512,7.0722,18,A1,-0.438185,0.600006,1
20210618T123111,20210625T141512,7.0722,19,A1,-0.077265,0.383955,1
20210618T123111,20210625T141512,7.0722,20,A1,0.340845,0.339290,1
20210618T123111,20210625T141512,7.0722,21,A1,-0.175053,0.764738,1
20210618T123111,20210625T141512,7.0722,22,A1,0.073074,0.416048,1
20210618T123111,20210625T141512,7.0722,23,A1,0.135360,0.296780,1
20210618T123111,20210625T141512,7.0722,24,A1,0.160960,0.000000,1
20210618T123111,20210625T141512,7.0722,25,A1,0.251367,0.012447,1
20210618T123111,20210625T141512,7.0722,26,A1,-0.174893,0.736817,0
20210618T123111,20210625T141512,7.0722,27,A1,0.264552,0.646135,0
20210618T123111,20210625T141512,7.0722,28,A1,0.110036,0.015066,1
20210618T123111,20210625T141512,7.0722,29,A1,0.155671,0.000000,1
20210618T123111,20210625T141512,7.0722,30,A1,-0.048070,0.143641,1
20210618T123111,20210625T141512,7.0722,31,A1,0.471420,0.000000,1
20210618T123111,20210625T141512,7.0722,32,A1,0.019032,0.411836,1
20210618T123111,20210625T141512,7.0722,33,A2,0.359202,0.833825,1
20210618T123111,20210625T141512,7.0722,34,A2,-0.291303,1.258428,0
20210618T123111,20210625T141512,7.0722,35,A2,-0.054266,0.656005,1
20210618T123111,20210625T141512,7.0722,36,A2,-0.060784,0.451191,0
20210618T123111,20210625T141512,7.0722,37,A2,0.011304,0.783017,0
20210618T123111,20210625T141512,7.0722,38,A2,0.328570,0.258500,1
20210618T123111,20210625T141512,7.0722,39,A2,0.077902,0.652780,1
20210618T123111,20210625T141512,7.0722,40,A2,-0.196008,0.151751,0
20210618T123111,20210625T141512,7.0722,41,A2,0.302055,0.636290,1
20210618T123111,20210625T141512,7.0722,42,A2,-0.059869,0.661142,1
20210618T123111,20210625T141512,7.0722,43,A2,-0.152364,0.234615,1
20210618T123111,20210625T141512,7.0722,44,A2,0.052986,0.144513,1
20210618T123111,20210625T141512,7.0722,45,A2,-0.207315,0.020952,1
20210618T123111,20210625T141512,7.0722,46,A2,0.109909,0.480357,1
20210618T123111,20210625T141512,7.0722,47,A2,0.202238,0.331627,1
20210618T123111,20210625T141512,7.0722,48,A2,-0.056231,0.033598,1
20210618T123111,20210625T141512,7.0722,49,A2,0.138855,1.681967,0
20210618T123111,20210625T141512,7.0722,50,A2,-0.330058,0.803242,1
20210618T123111,20210625T141512,7.0722,51,A2,0.276244,1.412011,0
20210618T123111,20210625T141512,7.0722,52,A2,0.116815,0.312831,0
20210618T123111,20210625T141512,7.0722,53,A2,0.078731,0.492202,0
20210618T123111,20210625T141512,7.0722,54,A2,0.060767,0.348755,1
20210618T123111,20210625T141512,7.0722,55,A2,0.373026,1.297733,0
20210618T123111,20210625T141512,7.0722,56,A2,-0.054607,0.177684,1
20210618T123111,20210625T141512,7.0722,57,A2,0.299558,0.257874,0
20210618T123111,20210625T141512,7.0722,58,A2,0.043294,0.356089,1
20210618T123111,20210625T141512,7.0722,59,A2,0.394319,0.981934,1
20210618T123111,20210625T141512,7.0722,60,A2,-0.136581,0.038935,0
20210618T123111,20210625T141512,7.0722,61,A2,-0.249859,1.554904,0
20210618T123111,20210625T141512,7.0722,62,A2,-0.028738,0.663168,0
20210618T123111,20210625T141512,7.0722,63,A2,-0.178251,0.776075,1
20210618T123111,20210625T141512,7.0722,64,A2,0.165509,1.919893,0
20210618T123111,20210625T141512,7.0722,65,A3,0.340791,0.452199,0
20210618T123111,20210625T141512,7.0722,66,A3,-0.354037,1.123750,0
20210618T123111,20210625T141512,7.0722,67,A3,0.173506,0.252606,1
20210618T123111,20210625T141512,7.0722,68,A3,0.011675,1.435054,0
20210618T123111,20210625T141512,7.0722,69,A3,0.171921,1.013811,0
20210618T123111,20210625T141512,7.0722,70,A3,-0.134557,0.089481,1
20210618T123111,20210625T141512,7.0722,71,A3,0.132768,0.612515,0
20210618T123111,20210625T141512,7.0722,72,A3,0.010646,0.061396,0
20210618T123111,20210625T141512,7.0722,73,A3,0.100789,0.042614,0
20210618T123111,20210625T141512,7.0722,74,A3,-0.167049,0.529722,0
20210618T123111,20210625T141512,7.0722,75,A3,-0.219974,0.257238,1
20210618T123111,20210625T141512,7.0722,76,A3,-0.047393,0.520738,0
20210618T123111,20210625T141512,7.0722,77,A3,-0.012323,0.138024,1
20210618T123111,20210625T141512,7.0722,78,A3,0.041817,0.183708,0
20210618T123111,20210625T141512,7.0722,79,A3,-0.193051,0.493794,1
20210618T123111,20210625T141512,7.0722,80,A3,-0.046268,1.091782,0
20210618T123111,20210625T141512,7.0722,81,A3,0.093038,0.358317,1
20210618T123111,20210625T141512,7.0722,82,A3,0.067062,0.733064,0
20210618T123111,20210625T141512,7.0722,83,A3,-0.073110,0.344815,1
20210618T123111,20210625T141512,7.0722,84,A3,0.012181,0.585976,0
20210618T123111,20210625T141512,7.0722,85,A3,-0.195752,0.184755,1
20210618T123111,20210625T141512,7.0722,86,A3,0.009555,0.254010,1
20210618T123111,20210625T141512,7.0722,87,A3,0.156489,0.094828,1
20210618T123111,20210625T141512,7.0722,88,A3,0.225317,0.308277,0
20210618T123111,20210625T141512,7.0722,89,A3,-0.171885,0.002717,1
20210618T123111,20210625T141512,7.0722,90,A3,-0.156189,0.005993,0
20210618T123111,20210625T141512,7.0722,91,A3,0.041139,0.107210,1
20210618T123111,20210625T141512,7.0722,92,A3,0.116008,0.120764,0
20210618T123111,20210625T141512,7.0722,93,A3,-0.165568,0.335524,1
20210618T123111,20210625T141512,7.0722,94,A3,-0.243137,0.276616,0
20210618T123111,20210625T141512,7.0722,95,A3,0.177823,0.937259,1
20210618T123111,20210625T141512,7.0722,96,A3,-0.061817,0.223784,1
20210618T123111,20210625T141512,7.0722,97,A4,-0.113001,0.151272,1
20210618T123111,20210625T141512,7.0722,98,A4,0.145244,1.040371,0
20210618T123111,20210625T141512,7.0722,99,A4,0.022920,0.021645,1
20210618T123111,20210625T141512,7.0722,100,A4,-0.199323,0.026045,0
20210618T123111,20210625T141512,7.0722,101,A4,-0.164561,1.132773,0
20210618T123111,20210625T141512,7.0722,102,A4,0.192690,0.878412,1
20210618T123111,20210625T141512,7.0722,103,A4,-0.068327,1.127617,0
20210618T123111,20210625T141512,7.0722,104,A4,0.033733,0.477843,0
20210618T123111,20210625T141512,7.0722,105,A4,0.080325,0.519141,1
20210618T123111,20210625T141512,7.0722,106,A4,-0.206157,0.810144,0
20210618T123111,20210625T141512,7.0722,107,A4,-0.091391,0.696247,1
20210618T123111,20210625T141512,7.0722,108,A4,-0.170324,0.047768,0
20210618T123111,20210625T141512,7.0722,109,A4,-0.088297,0.482620,1
20210618T123111,20210625T141512,7.0722,110,A4,0.326729,0.090129,1
20210618T123111,20210625T141512,7.0722,111,A4,0.004876,0.052811,1
20210618T123111,20210625T141512,7.0722,112,A4,0.196717,0.257212,1
20210618T123111,20210625T141512,7.0722,113,A4,-0.041261,0.290489,1
20210618T123111,20210625T141512,7.0722,114,A4,0.151414,0.334442,1
20210618T123111,20210625T141512,7.0722,115,A4,0.168039,0.258365,1
20210618T123111,20210625T141512,7.0722,116,A4,0.067658,1.154589,0
20210618T123111,20210625T141512,7.0722,117,A4,0.177358,0.175419,1
20210618T123111,20210625T141512,7.0722,118,A4,0.019799,0.361821,1
20210618T123111,20210625T141512,7.0722,119,A4,-0.101660,1.192104,0
20210618T123111,20210625T141512,7.0722,120,A4,-0.182625,0.362875,1
20210618T123111,20210625T141512,7.0722,121,A4,0.088706,1.683707,0
20210618T123111,20210625T141512,7.0722,122,A4,0.043776,0.663679,1
20210618T123111,20210625T141512,7.0722,123,A4,-0.085261,0.333599,0
20210618T123111,20210625T141512,7.0722,124,A4,0.026225,0.341754,0
20210618T123111,20210625T141512,7.0722,125,A4,-0.102572,0.058448,1
20210618T123111,20210625T141512,7.0722,126,A4,0.217055,1.082967,0
20210618T123111,20210625T141512,7.0722,127,A4,-0.212741,0.452743,1
20210618T123111,20210625T141512,7.0722,128,A4,0.154959,0.200744,1
20210618T123111,20210625T141512,7.0722,129,A5,0.098127,0.856138,1
20210618T123111,20210625T141512,7.0722,130,A5,-0.237134,0.616497,0
20210618T123111,20210625T141512,7.0722,131,A5,-0.046505,0.626647,1
20210618T123111,20210625T141512,7.0722,132,A5,0.059303,0.719912,0
20210618T123111,20210625T141512,7.0722,133,A5,0.377047,0.633153,1
20210618T123111,20210625T141512,7.0722,134,A5,-0.033866,0.464652,1
20210618T123111,20210625T141512,7.0722,135,A5,-0.047301,0.525594,1
20210618T123111,20210625T141512,7.0722,136,A5,-0.138147,0.515849,0
20210618T123111,20210625T141512,7.0722,137,A5,0.040409,0.002174,1
20210618T123111,20210625T141512,7.0722,138,A5,0.224983,0.208159,0
20210618T123111,20210625T141512,7.0722,139,A5,-0.059848,0.155204,0
20210618T123111,20210625T141512,7.0722,140,A5,-0.321713,0.063425,0
20210618T123111,20210625T141512,7.0722,141,A5,-0.007881,0.102456,1
20210618T123111,20210625T141512,7.0722,142,A5,0.214940,0.081975,1
20210618T123111,20210625T141512,7.0722,143,A5,0.141479,0.236822,1
20210618T123111,20210625T141512,7.0722,144,A5,-0.102435,0.361159,0
20210618T123111,20210625T141512,7.0722,145,A5,0.293583,0.694683,1
20210618T123111,20210625T141512,7.0722,146,A5,0.253168,0.168656,1
20210618T123111,20210625T141512,7.0722,147,A5,0.117445,0.934827,1
20210618T123111,20210625T141512,7.0722,148,A5,0.237252,0.617597,1
20210618T123111,20210625T141512,7.0722,149,A5,-0.043976,0.618317,1
20210618T123111,20210625T141512,7.0722,150,A5,0.323579,0.165535,1
20210618T123111,20210625T141512,7.0722,151,A5,0.172136,1.053337,0
20210618T123111,20210625T141512,7.0722,152,A5,-0.077429,0.831434,0
20210618T123111,20210625T141512,7.0722,153,A5,0.057920,1.032078,0
20210618T123111,20210625T141512,7.0722,154,A5,-0.037436,0.346652,0
20210618T123111,20210625T141512,7.0722,155,A5,-0.143033,0.901290,1
20210618T123111,20210625T141512,7.0722,156,A5,0.129653,0.737882,1
20210618T123111,20210625T141512,7.0722,157,A5,0.345696,0.726030,0
20210618T123111,20210625T141512,7.0722,158,A5,-0.190834,0.308769,1
20210618T123111,20210625T141512,7.0722,159,A5,0.098438,0.966267,1
20210618T123111,20210625T141512,7.0722,160,A5,0.155084,0.954041,1
20210623T140144,20210625T141512,2.0094,1,A1,0.082478,1.242469,0
20210623T140144,20210625T141512,2.0094,2,A1,0.011193,1.189929,0
20210623T140144,20210625T141512,2.0094,3,A1,-0.104647,0.000000,1
20210623T140144,20210625T141512,2.0094,4,A1,0.089714,0.605437,0
20210623T140144,20210625T141512,2.0094,5,A1,0.201599,1.182764,0
20210623T140144,20210625T141512,2.0094,6,A1,0.057768,0.585682,1
20210623T140144,20210625T141512,2.0094,7,A1,0.001764,1.412511,0
20210623T140144,20210625T141512,2.0094,8,A1,0.514301,0.000000,1
20210623T140144,20210625T141512,2.0094,9,A1,0.449132,1.312576,0
20210623T140144,20210625T141512,2.0094,10,A1,-0.048547,0.924083,1
20210623T140144,20210625T141512,2.0094,11,A1,0.092843,1.016052,0
20210623T140144,20210625T141512,2.0094,12,A1,0.192155,0.333155,0
20210623T140144,20210625T141512,2.0094,13,A1,-0.300647,1.153182,0
20210623T140144,20210625T141512,2.0094,14,A1,-0.259142,0.402846,0
20210623T140144,20210625T141512,2.0094,15,A1,-0.159590,1.614586,0
20210623T140144,20210625T141512,2.0094,16,A1,-0.124119,0.990373,1
20210623T140144,20210625T141512,2.0094,17,A1,0.428249,0.000000,1
20210623T140144,20210625T141512,2.0094,18,A1,0.109166,0.874781,1
20210623T140144,20210625T141512,2.0094,19,A1,0.418149,0.869806,1
20210623T140144,20210625T141512,2.0094,20,A1,0.366471,0.310873,1
20210623T140144,20210625T141512,2.0094,21,A1,0.363544,0.863101,1
20210623T140144,20210625T141512,2.0094,22,A1,0.219384,0.539847,1
20210623T140144,20210625T141512,2.0094,23,A1,0.138739,0.258451,1
20210623T140144,20210625T141512,2.0094,24,A1,0.099250,0.000000,1
20210623T140144,20210625T141512,2.0094,25,A1,0.131728,0.172709,1
20210623T140144,20210625T141512,2.0094,26,A1,0.127012,0.069055,1
20210623T140144,20210625T141512,2.0094,27,A1,0.106035,0.674028,0
20210623T140144,20210625T141512,2.0094,28,A1,0.215944,0.115711,1
20210623T140144,20210625T141512,2.0094,29,A1,-0.141350,1.169375,0
20210623T140144,20210625T141512,2.0094,30,A1,0.156245,0.082977,1
20210623T140144,20210625T141512,2.0094,31,A1,0.383435,1.193671,0
20210623T140144,20210625T141512,2.0094,32,A1,0.071785,0.532193,1
20210623T140144,20210625T141512,2.0094,33,A2,0.209833,0.126891,1
20210623T140144,20210625T141512,2.0094,34,A2,-0.180443,0.440227,0
20210623T140144,20210625T141512,2.0094,35,A2,0.267475,0.250996,1
20210623T140144,20210625T141512,2.0094,36,A2,-0.266112,0.579532,0
20210623T140144,20210625T141512,2.0094,37,A2,-0.040098,0.695344,1
20210623T140144,20210625T141512,2.0094,38,A2,0.130557,0.493494,0
20210623T140144,20210625T141512,2.0094,39,A2,0.301328,0.669366,1
20210623T140144,20210625T141512,2.0094,40,A2,-0.081565,0.530415,0
20210623T140144,20210625T141512,2.0094,41,A2,-0.372016,1.156597,0
20210623T140144,20210625T141512,2.0094,42,A2,0.234236,0.661142,1
20210623T140144,20210625T141512,2.0094,43,A2,-0.172367,0.069580,1
20210623T140144,20210625T141512,2.0094,44,A2,-0.126014,0.365194,0
20210623T140144,20210625T141512,2.0094,45,A2,0.020587,1.099790,0
20210623T140144,20210625T141512,2.0094,46,A2,-0.062759,0.224654,1
20210623T140144,20210625T141512,2.0094,47,A2,0.087580,0.562418,1
20210623T140144,20210625T141512,2.0094,48,A2,-0.259718,0.072408,0
20210623T140144,20210625T141512,2.0094,49,A2,0.285138,1.632290,0
20210623T140144,20210625T141512,2.0094,50,A2,-0.224259,0.224870,0
20210623T140144,20210625T141512,2.0094,51,A2,0.098601,1.237419,0
20210623T140144,20210625T141512,2.0094,52,A2,0.234393,0.198216,0
20210623T140144,20210625T141512,2.0094,53,A2,-0.065408,0.579640,1
20210623T140144,20210625T141512,2.0094,54,A2,0.180283,0.594369,1
20210623T140144,20210625T141512,2.0094,55,A2,0.370146,1.514990,0
20210623T140144,20210625T141512,2.0094,56,A2,-0.162696,0.418290,0
20210623T140144,20210625T141512,2.0094,57,A2,-0.063544,0.237748,0
20210623T140144,20210625T141512,2.0094,58,A2,0.014406,0.318287,1
20210623T140144,20210625T141512,2.0094,59,A2,0.133488,1.034537,0
20210623T140144,20210625T141512,2.0094,60,A2,0.121009,0.020743,1
20210623T140144,20210625T141512,2.0094,61,A2,0.202632,0.563289,0
20210623T140144,20210625T141512,2.0094,62,A2,0.276898,0.508285,1
20210623T140144,20210625T141512,2.0094,63,A2,0.061394,0.649381,1
20210623T140144,20210625T141512,2.0094,64,A2,0.242615,0.956346,1
20210623T140144,20210625T141512,2.0094,65,A3,-0.009998,0.328266,0
20210623T140144,20210625T141512,2.0094,66,A3,-0.201421,1.133465,0
20210623T140144,20210625T141512,2.0094,67,A3,-0.148021,1.257473,0
20210623T140144,20210625T141512,2.0094,68,A3,-0.096036,1.335523,0
20210623T140144,20210625T141512,2.0094,69,A3,-0.212813,0.047933,0
20210623T140144,20210625T141512,2.0094,70,A3,0.073575,0.039035,1
20210623T140144,20210625T141512,2.0094,71,A3,0.208693,0.470006,0
20210623T140144,20210625T141512,2.0094,72,A3,-0.029442,0.000502,1
20210623T140144,20210625T141512,2.0094,73,A3,0.041911,0.006892,1
20210623T140144,20210625T141512,2.0094,74,A3,0.318847,0.477820,0
20210623T140144,20210625T141512,2.0094,75,A3,0.288715,0.313871,1
20210623T140144,20210625T141512,2.0094,76,A3,-0.447950,0.721431,0
20210623T140144,20210625T141512,2.0094,77,A3,0.057431,0.656984,0
20210623T140144,20210625T141512,2.0094,78,A3,-0.132811,0.048107,0
20210623T140144,20210625T141512,2.0094,79,A3,0.065070,1.194437,0
20210623T140144,20210625T141512,2.0094,80,A3,-0.115808,0.110907,0
20210623T140144,20210625T141512,2.0094,81,A3,-0.102389,0.493519,0
20210623T140144,20210625T141512,2.0094,82,A3,0.028606,0.773265,0
20210623T140144,20210625T141512,2.0094,83,A3,-0.192277,0.898430,0
20210623T140144,20210625T141512,2.0094,84,A3,0.182455,0.663877,0
20210623T140144,20210625T141512,2.0094,85,A3,-0.091967,0.121848,1
20210623T140144,20210625T141512,2.0094,86,A3,0.071869,0.449343,0
20210623T140144,20210625T141512,2.0094,87,A3,-0.042313,0.000761,1
20210623T140144,20210625T141512,2.0094,88,A3,-0.095759,0.100839,1
20210623T140144,20210625T141512,2.0094,89,A3,-0.005105,0.268038,0
20210623T140144,20210625T141512,2.0094,90,A3,-0.004388,0.186953,0
20210623T140144,20210625T141512,2.0094,91,A3,0.096498,0.060374,0
20210623T140144,20210625T141512,2.0094,92,A3,0.329040,0.182141,0
20210623T140144,20210625T141512,2.0094,93,A3,0.191622,0.262669,1
20210623T140144,20210625T141512,2.0094,94,A3,-0.313234,0.263570,0
20210623T140144,20210625T141512,2.0094,95,A3,0.028602,0.704907,1
20210623T140144,20210625T141512,2.0094,96,A3,0.308979,0.151959,1
20210623T140144,20210625T141512,2.0094,97,A4,0.034057,0.832637,1
20210623T140144,20210625T141512,2.0094,98,A4,-0.099732,1.345759,0
20210623T140144,20210625T141512,2.0094,99,A4,0.301768,0.863501,1
20210623T140144,20210625T141512,2.0094,100,A4,0.124042,0.067691,0
20210623T140144,20210625T141512,2.0094,101,A4,-0.070158,0.148617,1
20210623T140144,20210625T141512,2.0094,102,A4,0.177777,1.105247,0
20210623T140144,20210625T141512,2.0094,103,A4,0.297347,0.084820,1
20210623T140144,20210625T141512,2.0094,104,A4,-0.090109,0.177181,1
20210623T140144,20210625T141512,2.0094,105,A4,-0.026761,1.593737,0
20210623T140144,20210625T141512,2.0094,106,A4,0.275887,0.987576,0
20210623T140144,20210625T141512,2.0094,107,A4,0.014745,1.378651,0
20210623T140144,20210625T141512,2.0094,108,A4,-0.216830,0.970664,1
20210623T140144,20210625T141512,2.0094,109,A4,-0.072262,1.056919,0
20210623T140144,20210625T141512,2.0094,110,A4,0.411622,0.835502,1
20210623T140144,20210625T141512,2.0094,111,A4,0.053041,0.364506,0
20210623T140144,20210625T141512,2.0094,112,A4,-0.062942,0.169944,0
20210623T140144,20210625T141512,2.0094,113,A4,-0.014241,0.699782,1
20210623T140144,20210625T141512,2.0094,114,A4,0.032963,0.810782,0
20210623T140144,20210625T141512,2.0094,115,A4,0.331581,0.234623,1
20210623T140144,20210625T141512,2.0094,116,A4,0.219665,0.900652,1
20210623T140144,20210625T141512,2.0094,117,A4,0.480040,0.153406,1
20210623T140144,20210625T141512,2.0094,118,A4,-0.083222,1.060418,0
20210623T140144,20210625T141512,2.0094,119,A4,-0.076339,1.365145,0
20210623T140144,20210625T141512,2.0094,120,A4,0.142988,0.397587,0
20210623T140144,20210625T141512,2.0094,121,A4,-0.142375,0.398055,1
20210623T140144,20210625T141512,2.0094,122,A4,-0.080105,0.922797,0
20210623T140144,20210625T141512,2.0094,123,A4,-0.108069,0.307838,0
20210623T140144,20210625T141512,2.0094,124,A4,-0.083837,0.134017,1
20210623T140144,20210625T141512,2.0094,125,A4,0.087120,0.258935,1
20210623T140144,20210625T141512,2.0094,126,A4,-0.049175,1.005940,0
20210623T140144,20210625T141512,2.0094,127,A4,-0.521458,1.177370,0
20210623T140144,20210625T141512,2.0094,128,A4,-0.065200,0.559091,1
20210623T140144,20210625T141512,2.0094,129,A5,-0.205340,1.123947,0
20210623T140144,20210625T141512,2.0094,130,A5,-0.166039,1.375178,0
20210623T140144,20210625T141512,2.0094,131,A5,0.310173,0.570474,1
20210623T140144,20210625T141512,2.0094,132,A5,0.180118,0.358061,0
20210623T140144,20210625T141512,2.0094,133,A5,0.118160,0.270522,1
20210623T140144,20210625T141512,2.0094,134,A5,0.240389,0.000000,1
20210623T140144,20210625T141512,2.0094,135,A5,-0.067828,0.000000,1
20210623T140144,20210625T141512,2.0094,136,A5,0.072578,0.472688,0
20210623T140144,20210625T141512,2.0094,137,A5,0.033270,0.085234,1
20210623T140144,20210625T141512,2.0094,138,A5,-0.123580,0.011608,1
20210623T140144,20210625T141512,2.0094,139,A5,-0.221674,0.543472,0
20210623T140144,20210625T141512,2.0094,140,A5,0.028300,0.250170,1
20210623T140144,20210625T141512,2.0094,141,A5,0.482289,0.163514,1
20210623T140144,20210625T141512,2.0094,142,A5,0.013933,0.083158,1
20210623T140144,20210625T141512,2.0094,143,A5,-0.151915,0.222482,1
20210623T140144,20210625T141512,2.0094,144,A5,0.055734,0.306104,1
20210623T140144,20210625T141512,2.0094,145,A5,-0.140314,0.284374,1
20210623T140144,20210625T141512,2.0094,146,A5,-0.029193,0.255208,0
20210623T140144,20210625T141512,2.0094,147,A5,0.113634,1.015159,0
20210623T140144,20210625T141512,2.0094,148,A5,0.235887,0.543547,1
20210623T140144,20210625T141512,2.0094,149,A5,-0.093408,0.789491,1
20210623T140144,20210625T141512,2.0094,150,A5,0.257448,0.899254,1
20210623T140144,20210625T141512,2.0094,151,A5,-0.188031,0.411726,1
20210623T140144,20210625T141512,2.0094,152,A5,-0.010478,0.249144,1
20210623T140144,20210625T141512,2.0094,153,A5,-0.449448,1.254777,0
20210623T140144,20210625T141512,2.0094,154,A5,0.129252,0.090236,1
20210623T140144,20210625T141512,2.0094,155,A5,0.230073,0.846191,1
20210623T140144,20210625T141512,2.0094,156,A5,-0.249847,0.659044,1
20210623T140144,20210625T141512,2.0094,157,A5,0.004118,0.687926,0
20210623T140144,20210625T141512,2.0094,158,A5,0.181185,0.129802,1
20210623T140144,20210625T141512,2.0094,159,A5,0.078691,1.077755,0
20210623T140144,20210625T141512,2.0094,160,A5,0.115109,0.703040,1
