session_i,session_j,gap_days,channel,array_name,waveform_r,abs_delta_si,sign_match
20230607T115959,20230609T101610,1.9279,1,A1,0.358256,0.579902,0
20230607T115959,20230609T101610,1.9279,4,A1,0.038711,0.525839,0
20230607T115959,20230609T101610,1.9279,6,A1,0.379901,0.496761,0
20230607T115959,20230609T101610,1.9279,8,A1,-0.120723,1.206683,0
20230607T115959,20230609T101610,1.9279,9,A1,0.424470,0.013621,1
20230607T115959,20230609T101610,1.9279,10,A1,0.288293,0.464040,1
20230607T115959,20230609T101610,1.9279,11,A1,0.736647,0.395929,1
20230607T115959,20230609T101610,1.9279,12,A1,0.121136,0.306689,0
20230607T115959,20230609T101610,1.9279,13,A1,0.590481,0.283545,1
20230607T115959,20230609T101610,1.9279,14,A1,0.328381,0.102060,1
20230607T115959,20230609T101610,1.9279,15,A1,-0.074492,1.685246,0
20230607T115959,20230609T101610,1.9279,16,A1,0.278164,0.000000,1
20230607T115959,20230609T101610,1.9279,17,A1,0.349835,0.892972,0
20230607T115959,20230609T101610,1.9279,18,A1,0.704222,0.192742,0
20230607T115959,20230609T101610,1.9279,19,A1,0.520169,0.146107,1
20230607T115959,20230609T101610,1.9279,22,A1,-0.204980,2.000000,0
20230607T115959,20230609T101610,1.9279,23,A1,-0.097112,0.055495,1
20230607T115959,20230609T101610,1.9279,24,A1,0.046645,0.214461,0
20230607T115959,20230609T101610,1.9279,25,A1,0.591193,0.552403,1
20230607T115959,20230609T101610,1.9279,26,A1,0.864820,0.336433,1
20230607T115959,20230609T101610,1.9279,27,A1,0.424172,0.088072,1
20230607T115959,20230609T101610,1.9279,28,A1,0.630555,0.694860,1
20230607T115959,20230609T101610,1.9279,29,A1,0.740538,0.678962,1
20230607T115959,20230609T101610,1.9279,30,A1,0.794117,0.212883,1
20230607T115959,20230609T101610,1.9279,31,A1,0.833946,0.229908,0
20230607T115959,20230609T101610,1.9279,32,A1,0.602361,0.935942,1
20230607T115959,20230609T101610,1.9279,36,A2,0.254598,0.474509,0
20230607T115959,20230609T101610,1.9279,37,A2,0.077371,0.611747,1
20230607T115959,20230609T101610,1.9279,38,A2,0.903445,0.133463,1
20230607T115959,20230609T101610,1.9279,39,A2,-0.045845,0.043982,1
20230607T115959,20230609T101610,1.9279,40,A2,-0.126066,0.231443,1
20230607T115959,20230609T101610,1.9279,41,A2,0.109701,0.000000,1
20230607T115959,20230609T101610,1.9279,42,A2,0.070488,0.323782,1
20230607T115959,20230609T101610,1.9279,43,A2,0.530914,0.293089,0
20230607T115959,20230609T101610,1.9279,44,A2,0.626729,0.925187,0
20230607T115959,20230609T101610,1.9279,45,A2,0.709956,0.846877,1
20230607T115959,20230609T101610,1.9279,46,A2,0.419988,0.354066,0
20230607T115959,20230609T101610,1.9279,47,A2,0.963473,0.055227,1
20230607T115959,20230609T101610,1.9279,48,A2,0.157664,1.334013,0
20230607T115959,20230609T101610,1.9279,49,A2,0.134987,1.021329,0
20230607T115959,20230609T101610,1.9279,51,A2,0.180168,0.735731,1
20230607T115959,20230609T101610,1.9279,52,A2,0.285597,1.108777,0
20230607T115959,20230609T101610,1.9279,53,A2,0.331526,0.030388,1
20230607T115959,20230609T101610,1.9279,54,A2,0.156228,0.995266,1
20230607T115959,20230609T101610,1.9279,55,A2,-0.084699,0.062862,1
20230607T115959,20230609T101610,1.9279,57,A2,0.080145,0.914948,1
20230607T115959,20230609T101610,1.9279,58,A2,0.449028,0.005260,1
20230607T115959,20230609T101610,1.9279,59,A2,0.229193,0.723754,1
20230607T115959,20230609T101610,1.9279,60,A2,0.153377,0.373462,1
20230607T115959,20230609T101610,1.9279,62,A2,0.876109,0.129578,1
20230607T115959,20230609T101610,1.9279,63,A2,0.694851,0.167168,1
20230607T115959,20230609T101610,1.9279,64,A2,0.902063,0.560475,1
20230607T115959,20230609T101610,1.9279,65,A3,0.058704,0.328812,1
20230607T115959,20230609T101610,1.9279,66,A3,0.746881,0.516096,0
20230607T115959,20230609T101610,1.9279,68,A3,0.808402,1.163923,0
20230607T115959,20230609T101610,1.9279,69,A3,0.666004,1.462153,0
20230607T115959,20230609T101610,1.9279,70,A3,0.809345,0.317410,1
20230607T115959,20230609T101610,1.9279,71,A3,0.950876,0.205060,1
20230607T115959,20230609T101610,1.9279,72,A3,0.122144,0.883200,1
20230607T115959,20230609T101610,1.9279,73,A3,-0.326245,1.067770,0
20230607T115959,20230609T101610,1.9279,74,A3,-0.126512,0.034380,1
20230607T115959,20230609T101610,1.9279,75,A3,0.100243,1.088271,0
20230607T115959,20230609T101610,1.9279,76,A3,0.742680,0.674777,0
20230607T115959,20230609T101610,1.9279,77,A3,0.736999,0.006836,1
20230607T115959,20230609T101610,1.9279,78,A3,0.447987,0.397677,1
20230607T115959,20230609T101610,1.9279,79,A3,0.147711,0.546930,0
20230607T115959,20230609T101610,1.9279,80,A3,0.814768,1.815076,0
20230607T115959,20230609T101610,1.9279,81,A3,0.543725,0.723185,1
20230607T115959,20230609T101610,1.9279,82,A3,0.843890,0.350802,0
20230607T115959,20230609T101610,1.9279,83,A3,0.304879,0.945028,1
20230607T115959,20230609T101610,1.9279,84,A3,0.256496,1.383039,0
20230607T115959,20230609T101610,1.9279,85,A3,0.912424,0.000000,1
20230607T115959,20230609T101610,1.9279,87,A3,0.637885,0.000000,1
20230607T115959,20230609T101610,1.9279,88,A3,0.375779,0.000000,1
20230607T115959,20230609T101610,1.9279,89,A3,0.173313,0.734235,1
20230607T115959,20230609T101610,1.9279,90,A3,0.367330,1.068025,0
20230607T115959,20230609T101610,1.9279,92,A3,-0.022040,0.300038,1
20230607T115959,20230609T101610,1.9279,93,A3,0.747836,0.178290,1
20230607T115959,20230609T101610,1.9279,94,A3,0.638415,0.046198,1
20230607T115959,20230609T101610,1.9279,95,A3,0.594473,0.000000,1
20230607T115959,20230609T101610,1.9279,96,A3,0.511299,1.041731,0
20230607T115959,20230609T101610,1.9279,97,A4,0.348179,1.040745,0
20230607T115959,20230609T101610,1.9279,98,A4,0.041770,1.271039,0
20230607T115959,20230609T101610,1.9279,99,A4,0.079456,0.938292,1
20230607T115959,20230609T101610,1.9279,100,A4,-0.005150,0.225558,0
20230607T115959,20230609T101610,1.9279,101,A4,-0.242389,1.047446,0
20230607T115959,20230609T101610,1.9279,102,A4,-0.146154,1.002983,0
20230607T115959,20230609T101610,1.9279,104,A4,-0.252150,0.270163,1
20230607T115959,20230609T101610,1.9279,105,A4,0.535321,0.586125,0
20230607T115959,20230609T101610,1.9279,106,A4,-0.035904,0.688244,1
20230607T115959,20230609T101610,1.9279,107,A4,0.171775,1.013668,0
20230607T115959,20230609T101610,1.9279,108,A4,0.118740,0.976684,1
20230607T115959,20230609T101610,1.9279,109,A4,0.014553,0.000000,1
20230607T115959,20230609T101610,1.9279,110,A4,-0.152691,0.923191,1
20230607T115959,20230609T101610,1.9279,111,A4,-0.180477,0.567320,0
20230607T115959,20230609T101610,1.9279,112,A4,0.020365,0.259172,1
20230607T115959,20230609T101610,1.9279,114,A4,0.100332,0.611576,1
20230607T115959,20230609T101610,1.9279,116,A4,-0.134942,1.070527,0
20230607T115959,20230609T101610,1.9279,118,A4,-0.099281,2.000000,0
20230607T115959,20230609T101610,1.9279,119,A4,0.219887,0.555136,1
20230607T115959,20230609T101610,1.9279,121,A4,0.914326,0.000000,1
20230607T115959,20230609T101610,1.9279,122,A4,0.904402,0.000000,1
20230607T115959,20230609T101610,1.9279,123,A4,-0.054419,1.248058,0
20230607T115959,20230609T101610,1.9279,124,A4,-0.373177,0.182271,1
20230607T115959,20230609T101610,1.9279,125,A4,-0.087650,1.789621,0
20230607T115959,20230609T101610,1.9279,126,A4,-0.082812,0.345790,1
20230607T115959,20230609T101610,1.9279,127,A4,0.038960,0.010326,1
20230607T115959,20230609T101610,1.9279,129,A5,-0.250362,2.000000,0
20230607T115959,20230609T101610,1.9279,130,A5,0.378143,2.000000,0
20230607T115959,20230609T101610,1.9279,132,A5,-0.229685,0.941945,1
20230607T115959,20230609T101610,1.9279,133,A5,0.168478,2.000000,0
20230607T115959,20230609T101610,1.9279,134,A5,0.534007,0.101376,1
20230607T115959,20230609T101610,1.9279,135,A5,0.248189,0.331822,1
20230607T115959,20230609T101610,1.9279,136,A5,0.334633,0.821199,0
20230607T115959,20230609T101610,1.9279,137,A5,0.629882,0.304064,1
20230607T115959,20230609T101610,1.9279,138,A5,0.344366,0.245409,1
20230607T115959,20230609T101610,1.9279,141,A5,0.129978,1.406709,0
20230607T115959,20230609T101610,1.9279,142,A5,0.802199,1.274158,0
20230607T115959,20230609T101610,1.9279,143,A5,-0.104082,1.619311,0
20230607T115959,20230609T101610,1.9279,145,A5,0.291860,0.591870,1
20230607T115959,20230609T101610,1.9279,146,A5,0.939348,0.489021,1
20230607T115959,20230609T101610,1.9279,147,A5,0.677407,0.264711,1
20230607T115959,20230609T101610,1.9279,148,A5,0.623307,0.331241,1
20230607T115959,20230609T101610,1.9279,150,A5,-0.353086,1.013988,0
20230607T115959,20230609T101610,1.9279,151,A5,0.113722,0.165695,1
20230607T115959,20230609T101610,1.9279,152,A5,-0.094658,1.521711,0
20230607T115959,20230609T101610,1.9279,153,A5,0.777715,0.017421,0
20230607T115959,20230609T101610,1.9279,155,A5,0.152041,2.000000,0
20230607T115959,20230609T101610,1.9279,157,A5,-0.009950,0.895190,1
20230607T115959,20230609T101610,1.9279,158,A5,-0.080431,1.213192,0
20230607T115959,20230609T101610,1.9279,160,A5,-0.285143,0.000000,1
20230607T115959,20230614T114327,6.9885,1,A1,-0.301919,0.782482,0
20230607T115959,20230614T114327,6.9885,2,A1,0.313825,0.603018,1
20230607T115959,20230614T114327,6.9885,3,A1,0.153770,0.253521,1
20230607T115959,20230614T114327,6.9885,4,A1,0.061494,0.319504,0
20230607T115959,20230614T114327,6.9885,6,A1,0.156368,0.756197,0
20230607T115959,20230614T114327,6.9885,8,A1,-0.066715,0.969140,1
20230607T115959,20230614T114327,6.9885,9,A1,0.235044,2.000000,0
20230607T115959,20230614T114327,6.9885,10,A1,0.583638,0.547996,0
20230607T115959,20230614T114327,6.9885,11,A1,0.666703,0.068511,1
20230607T115959,20230614T114327,6.9885,12,A1,-0.112393,0.135923,0
20230607T115959,20230614T114327,6.9885,13,A1,0.495603,0.179502,1
20230607T115959,20230614T114327,6.9885,14,A1,0.225361,0.652043,1
20230607T115959,20230614T114327,6.9885,15,A1,-0.337505,1.128476,0
20230607T115959,20230614T114327,6.9885,17,A1,0.180843,0.323645,1
20230607T115959,20230614T114327,6.9885,18,A1,0.219526,0.000728,1
20230607T115959,20230614T114327,6.9885,19,A1,0.393223,0.696037,1
20230607T115959,20230614T114327,6.9885,21,A1,-0.264227,0.836954,1
20230607T115959,20230614T114327,6.9885,22,A1,-0.199375,1.183052,0
20230607T115959,20230614T114327,6.9885,23,A1,-0.467562,0.014483,1
20230607T115959,20230614T114327,6.9885,26,A1,0.347457,0.775159,1
20230607T115959,20230614T114327,6.9885,27,A1,0.062176,0.062288,1
20230607T115959,20230614T114327,6.9885,28,A1,0.588759,1.317200,0
20230607T115959,20230614T114327,6.9885,29,A1,0.474217,0.252906,1
20230607T115959,20230614T114327,6.9885,30,A1,0.540523,0.043131,1
20230607T115959,20230614T114327,6.9885,31,A1,0.767859,0.159633,0
20230607T115959,20230614T114327,6.9885,32,A1,0.704214,0.132623,1
20230607T115959,20230614T114327,6.9885,36,A2,0.233916,0.540827,1
20230607T115959,20230614T114327,6.9885,37,A2,-0.080837,0.276611,1
20230607T115959,20230614T114327,6.9885,38,A2,0.801843,0.580173,1
20230607T115959,20230614T114327,6.9885,39,A2,0.301684,0.886512,1
20230607T115959,20230614T114327,6.9885,40,A2,-0.084968,0.259042,1
20230607T115959,20230614T114327,6.9885,41,A2,0.364247,0.000000,1
20230607T115959,20230614T114327,6.9885,42,A2,0.315232,0.573765,1
20230607T115959,20230614T114327,6.9885,43,A2,0.534075,0.485655,1
20230607T115959,20230614T114327,6.9885,44,A2,0.406625,1.460725,0
20230607T115959,20230614T114327,6.9885,45,A2,0.110284,0.724304,1
20230607T115959,20230614T114327,6.9885,46,A2,0.199471,0.711958,0
20230607T115959,20230614T114327,6.9885,47,A2,0.945070,0.055227,1
20230607T115959,20230614T114327,6.9885,48,A2,-0.027059,0.000000,1
20230607T115959,20230614T114327,6.9885,49,A2,0.015585,0.673287,1
20230607T115959,20230614T114327,6.9885,51,A2,0.240934,0.347614,0
20230607T115959,20230614T114327,6.9885,52,A2,-0.260873,0.655706,1
20230607T115959,20230614T114327,6.9885,53,A2,0.172971,0.332418,1
20230607T115959,20230614T114327,6.9885,54,A2,0.052295,0.804952,1
20230607T115959,20230614T114327,6.9885,55,A2,-0.018976,0.174345,0
20230607T115959,20230614T114327,6.9885,57,A2,-0.458699,0.961563,1
20230607T115959,20230614T114327,6.9885,58,A2,0.298482,0.479609,0
20230607T115959,20230614T114327,6.9885,59,A2,0.322565,0.723754,1
20230607T115959,20230614T114327,6.9885,60,A2,0.069944,0.458603,1
20230607T115959,20230614T114327,6.9885,61,A2,0.719329,1.441874,0
20230607T115959,20230614T114327,6.9885,62,A2,0.535892,0.365135,0
20230607T115959,20230614T114327,6.9885,63,A2,0.468000,0.608863,0
20230607T115959,20230614T114327,6.9885,64,A2,0.741857,0.606937,1
20230607T115959,20230614T114327,6.9885,65,A3,-0.108405,1.425504,0
20230607T115959,20230614T114327,6.9885,66,A3,0.878498,0.675840,1
20230607T115959,20230614T114327,6.9885,67,A3,0.702698,0.000000,1
20230607T115959,20230614T114327,6.9885,68,A3,0.777673,0.336962,1
20230607T115959,20230614T114327,6.9885,69,A3,0.537230,1.174760,0
20230607T115959,20230614T114327,6.9885,70,A3,0.716651,1.743176,0
20230607T115959,20230614T114327,6.9885,71,A3,0.797697,1.493558,0
20230607T115959,20230614T114327,6.9885,72,A3,0.094865,0.109810,1
20230607T115959,20230614T114327,6.9885,73,A3,0.366895,1.129679,0
20230607T115959,20230614T114327,6.9885,74,A3,0.056003,0.272772,1
20230607T115959,20230614T114327,6.9885,75,A3,-0.215807,2.000000,0
20230607T115959,20230614T114327,6.9885,76,A3,0.195346,0.182017,1
20230607T115959,20230614T114327,6.9885,77,A3,0.853309,1.323258,0
20230607T115959,20230614T114327,6.9885,78,A3,0.681469,0.176574,1
20230607T115959,20230614T114327,6.9885,79,A3,0.171513,1.186553,0
20230607T115959,20230614T114327,6.9885,80,A3,0.787533,2.000000,0
20230607T115959,20230614T114327,6.9885,81,A3,0.666605,0.010700,1
20230607T115959,20230614T114327,6.9885,82,A3,0.262490,0.471179,1
20230607T115959,20230614T114327,6.9885,83,A3,0.707271,1.009426,0
20230607T115959,20230614T114327,6.9885,84,A3,-0.565613,0.167722,1
20230607T115959,20230614T114327,6.9885,85,A3,0.838626,0.000000,1
20230607T115959,20230614T114327,6.9885,87,A3,0.221441,0.000000,1
20230607T115959,20230614T114327,6.9885,88,A3,-0.031684,0.757935,1
20230607T115959,20230614T114327,6.9885,89,A3,0.077182,0.081952,1
20230607T115959,20230614T114327,6.9885,90,A3,0.016183,0.965208,1
20230607T115959,20230614T114327,6.9885,91,A3,-0.083592,0.233732,0
20230607T115959,20230614T114327,6.9885,93,A3,0.824322,0.150918,1
20230607T115959,20230614T114327,6.9885,94,A3,0.443509,0.403521,0
20230607T115959,20230614T114327,6.9885,95,A3,-0.515447,0.000000,1
20230607T115959,20230614T114327,6.9885,97,A4,0.082742,0.830492,1
20230607T115959,20230614T114327,6.9885,98,A4,0.289315,0.037979,1
20230607T115959,20230614T114327,6.9885,99,A4,0.121826,0.949743,1
20230607T115959,20230614T114327,6.9885,100,A4,-0.197503,0.295290,0
20230607T115959,20230614T114327,6.9885,101,A4,0.280404,1.060128,0
20230607T115959,20230614T114327,6.9885,104,A4,-0.295788,0.104145,1
20230607T115959,20230614T114327,6.9885,105,A4,0.725975,0.363257,1
20230607T115959,20230614T114327,6.9885,106,A4,-0.074367,0.507365,1
20230607T115959,20230614T114327,6.9885,107,A4,0.142511,1.151370,0
20230607T115959,20230614T114327,6.9885,108,A4,-0.181109,1.760372,0
20230607T115959,20230614T114327,6.9885,109,A4,-0.078537,0.901916,1
20230607T115959,20230614T114327,6.9885,110,A4,-0.116543,1.013286,0
20230607T115959,20230614T114327,6.9885,111,A4,-0.071399,0.139397,1
20230607T115959,20230614T114327,6.9885,112,A4,0.043869,0.965135,1
20230607T115959,20230614T114327,6.9885,114,A4,-0.042882,0.481651,1
20230607T115959,20230614T114327,6.9885,116,A4,0.191549,1.032617,0
20230607T115959,20230614T114327,6.9885,117,A4,0.035639,0.884106,0
20230607T115959,20230614T114327,6.9885,118,A4,0.022624,1.047010,0
20230607T115959,20230614T114327,6.9885,119,A4,0.026598,1.084523,0
20230607T115959,20230614T114327,6.9885,120,A4,0.200360,0.730842,0
20230607T115959,20230614T114327,6.9885,121,A4,0.777834,0.045457,1
20230607T115959,20230614T114327,6.9885,122,A4,0.910779,0.211868,1
20230607T115959,20230614T114327,6.9885,123,A4,0.141505,0.025747,1
20230607T115959,20230614T114327,6.9885,124,A4,0.373708,0.929071,0
20230607T115959,20230614T114327,6.9885,125,A4,0.080987,0.872183,1
20230607T115959,20230614T114327,6.9885,126,A4,0.155773,0.693529,0
20230607T115959,20230614T114327,6.9885,127,A4,0.220491,0.179716,1
20230607T115959,20230614T114327,6.9885,129,A5,0.216830,1.089504,0
20230607T115959,20230614T114327,6.9885,130,A5,-0.012700,1.036162,0
20230607T115959,20230614T114327,6.9885,132,A5,-0.191144,1.099949,0
20230607T115959,20230614T114327,6.9885,133,A5,-0.012941,0.029351,1
20230607T115959,20230614T114327,6.9885,134,A5,0.605116,0.997907,0
20230607T115959,20230614T114327,6.9885,135,A5,-0.335690,1.009628,0
20230607T115959,20230614T114327,6.9885,136,A5,0.481133,1.101080,0
20230607T115959,20230614T114327,6.9885,137,A5,0.391375,0.345025,1
20230607T115959,20230614T114327,6.9885,138,A5,0.779442,0.684990,1
20230607T115959,20230614T114327,6.9885,141,A5,0.224809,1.857844,0
20230607T115959,20230614T114327,6.9885,142,A5,0.691033,1.286713,0
20230607T115959,20230614T114327,6.9885,143,A5,0.353386,0.845828,1
20230607T115959,20230614T114327,6.9885,145,A5,0.106839,0.584269,1
20230607T115959,20230614T114327,6.9885,146,A5,0.446081,0.000000,1
20230607T115959,20230614T114327,6.9885,147,A5,0.661093,0.190656,1
20230607T115959,20230614T114327,6.9885,150,A5,0.023988,0.930632,1
20230607T115959,20230614T114327,6.9885,151,A5,-0.564674,2.000000,0
20230607T115959,20230614T114327,6.9885,152,A5,-0.193880,1.136097,0
20230607T115959,20230614T114327,6.9885,153,A5,0.808695,0.193583,1
20230607T115959,20230614T114327,6.9885,155,A5,-0.142783,0.928855,1
20230607T115959,20230614T114327,6.9885,156,A5,0.385892,0.139677,1
20230607T115959,20230614T114327,6.9885,157,A5,-0.189106,1.050481,0
20230607T115959,20230614T114327,6.9885,158,A5,0.195236,1.267642,0
20230607T115959,20230614T114327,6.9885,159,A5,-0.074818,0.950304,1
20230607T115959,20230614T114327,6.9885,160,A5,-0.000740,0.981391,1
20230607T115959,20230619T102732,11.9358,1,A1,-0.200547,1.526659,0
20230607T115959,20230619T102732,11.9358,2,A1,0.077871,1.005423,0
20230607T115959,20230619T102732,11.9358,3,A1,0.467144,0.757570,0
20230607T115959,20230619T102732,11.9358,4,A1,0.077190,0.296560,0
20230607T115959,20230619T102732,11.9358,6,A1,-0.046139,0.496933,0
20230607T115959,20230619T102732,11.9358,8,A1,-0.057703,0.743950,1
20230607T115959,20230619T102732,11.9358,9,A1,0.057433,1.646789,0
20230607T115959,20230619T102732,11.9358,10,A1,0.218937,0.552695,0
20230607T115959,20230619T102732,11.9358,11,A1,0.552774,0.107586,1
20230607T115959,20230619T102732,11.9358,12,A1,0.319306,0.063914,1
20230607T115959,20230619T102732,11.9358,13,A1,0.440739,0.631608,0
20230607T115959,20230619T102732,11.9358,14,A1,0.377470,0.033845,1
20230607T115959,20230619T102732,11.9358,15,A1,-0.447847,1.524699,0
20230607T115959,20230619T102732,11.9358,17,A1,0.359500,0.506162,0
20230607T115959,20230619T102732,11.9358,18,A1,0.184919,0.037536,1
20230607T115959,20230619T102732,11.9358,19,A1,0.317181,0.256351,1
20230607T115959,20230619T102732,11.9358,21,A1,0.410415,0.872895,1
20230607T115959,20230619T102732,11.9358,22,A1,-0.186728,1.166255,0
20230607T115959,20230619T102732,11.9358,23,A1,-0.333659,0.310029,0
20230607T115959,20230619T102732,11.9358,24,A1,-0.186914,0.093852,0
20230607T115959,20230619T102732,11.9358,26,A1,0.330908,0.834226,1
20230607T115959,20230619T102732,11.9358,27,A1,0.597231,0.024707,1
20230607T115959,20230619T102732,11.9358,28,A1,0.318353,0.477968,1
20230607T115959,20230619T102732,11.9358,29,A1,0.416130,0.434494,0
20230607T115959,20230619T102732,11.9358,30,A1,0.133364,0.043131,1
20230607T115959,20230619T102732,11.9358,31,A1,0.723048,0.469293,0
20230607T115959,20230619T102732,11.9358,32,A1,0.678621,0.012562,1
20230607T115959,20230619T102732,11.9358,37,A2,-0.064007,0.809184,1
20230607T115959,20230619T102732,11.9358,38,A2,0.544020,0.000000,1
20230607T115959,20230619T102732,11.9358,39,A2,0.316656,0.841971,0
20230607T115959,20230619T102732,11.9358,40,A2,-0.154708,0.511648,0
20230607T115959,20230619T102732,11.9358,41,A2,0.178598,0.000000,1
20230607T115959,20230619T102732,11.9358,42,A2,0.027125,0.930545,1
20230607T115959,20230619T102732,11.9358,43,A2,0.272490,0.482290,0
20230607T115959,20230619T102732,11.9358,44,A2,0.540154,0.308715,1
20230607T115959,20230619T102732,11.9358,45,A2,0.388334,0.000000,1
20230607T115959,20230619T102732,11.9358,46,A2,0.422036,0.180452,1
20230607T115959,20230619T102732,11.9358,47,A2,0.838913,0.116030,1
20230607T115959,20230619T102732,11.9358,48,A2,-0.185308,1.716728,0
20230607T115959,20230619T102732,11.9358,49,A2,-0.294986,0.521968,1
20230607T115959,20230619T102732,11.9358,51,A2,0.134372,0.278360,0
20230607T115959,20230619T102732,11.9358,52,A2,-0.022213,0.892559,1
20230607T115959,20230619T102732,11.9358,53,A2,-0.010330,0.767344,0
20230607T115959,20230619T102732,11.9358,55,A2,0.242427,0.141387,1
20230607T115959,20230619T102732,11.9358,57,A2,0.124321,0.954393,1
20230607T115959,20230619T102732,11.9358,58,A2,0.264831,0.254852,1
20230607T115959,20230619T102732,11.9358,59,A2,0.086999,0.289046,0
20230607T115959,20230619T102732,11.9358,60,A2,0.252993,0.280638,1
20230607T115959,20230619T102732,11.9358,61,A2,0.479404,0.468510,0
20230607T115959,20230619T102732,11.9358,62,A2,0.726596,0.167520,1
20230607T115959,20230619T102732,11.9358,63,A2,-0.045980,0.960924,0
20230607T115959,20230619T102732,11.9358,64,A2,0.830236,0.192784,1
20230607T115959,20230619T102732,11.9358,65,A3,-0.329603,0.052264,1
20230607T115959,20230619T102732,11.9358,66,A3,0.600684,0.430822,0
20230607T115959,20230619T102732,11.9358,67,A3,0.596844,0.000000,1
20230607T115959,20230619T102732,11.9358,68,A3,0.238396,0.298852,1
20230607T115959,20230619T102732,11.9358,69,A3,0.511473,1.295509,0
20230607T115959,20230619T102732,11.9358,70,A3,0.688551,1.066820,0
20230607T115959,20230619T102732,11.9358,71,A3,0.704545,0.956419,0
20230607T115959,20230619T102732,11.9358,72,A3,-0.016539,0.004081,1
20230607T115959,20230619T102732,11.9358,73,A3,-0.107100,1.011191,0
20230607T115959,20230619T102732,11.9358,74,A3,-0.055114,0.334361,0
20230607T115959,20230619T102732,11.9358,75,A3,-0.307520,1.082228,0
20230607T115959,20230619T102732,11.9358,76,A3,0.127722,0.004830,1
20230607T115959,20230619T102732,11.9358,77,A3,0.746804,0.167364,1
20230607T115959,20230619T102732,11.9358,78,A3,0.294314,0.263933,1
20230607T115959,20230619T102732,11.9358,79,A3,-0.322601,0.512308,1
20230607T115959,20230619T102732,11.9358,80,A3,0.550078,1.571841,0
20230607T115959,20230619T102732,11.9358,81,A3,0.501036,0.680825,1
20230607T115959,20230619T102732,11.9358,82,A3,0.240224,0.675734,1
20230607T115959,20230619T102732,11.9358,83,A3,0.405390,1.212209,0
20230607T115959,20230619T102732,11.9358,84,A3,-0.307574,0.409546,1
20230607T115959,20230619T102732,11.9358,85,A3,0.729319,0.616102,1
20230607T115959,20230619T102732,11.9358,87,A3,0.201767,0.000000,1
20230607T115959,20230619T102732,11.9358,88,A3,0.023218,1.014011,0
20230607T115959,20230619T102732,11.9358,89,A3,0.256109,0.609185,1
20230607T115959,20230619T102732,11.9358,90,A3,-0.214566,1.019592,0
20230607T115959,20230619T102732,11.9358,92,A3,0.484287,0.775733,0
20230607T115959,20230619T102732,11.9358,93,A3,0.569080,0.329362,0
20230607T115959,20230619T102732,11.9358,94,A3,0.062008,0.402110,0
20230607T115959,20230619T102732,11.9358,95,A3,-0.650717,1.119229,0
20230607T115959,20230619T102732,11.9358,96,A3,-0.009991,0.985735,1
20230607T115959,20230619T102732,11.9358,97,A4,0.114521,1.001207,0
20230607T115959,20230619T102732,11.9358,98,A4,0.234880,0.035582,1
20230607T115959,20230619T102732,11.9358,99,A4,-0.010996,0.986807,1
20230607T115959,20230619T102732,11.9358,100,A4,0.236372,0.961679,1
20230607T115959,20230619T102732,11.9358,101,A4,-0.094918,1.028286,0
20230607T115959,20230619T102732,11.9358,102,A4,0.219955,0.888582,1
20230607T115959,20230619T102732,11.9358,104,A4,-0.007634,0.364052,0
20230607T115959,20230619T102732,11.9358,105,A4,0.552757,0.382306,0
20230607T115959,20230619T102732,11.9358,106,A4,-0.297411,0.755524,0
20230607T115959,20230619T102732,11.9358,107,A4,-0.002252,1.133684,0
20230607T115959,20230619T102732,11.9358,108,A4,0.334978,1.049073,0
20230607T115959,20230619T102732,11.9358,109,A4,-0.165211,1.005107,0
20230607T115959,20230619T102732,11.9358,110,A4,0.379436,0.806996,1
20230607T115959,20230619T102732,11.9358,111,A4,-0.039343,0.100004,1
20230607T115959,20230619T102732,11.9358,112,A4,-0.369612,1.098051,0
20230607T115959,20230619T102732,11.9358,114,A4,0.337963,0.685800,1
20230607T115959,20230619T102732,11.9358,116,A4,-0.107153,2.000000,0
20230607T115959,20230619T102732,11.9358,118,A4,-0.274398,1.072544,0
20230607T115959,20230619T102732,11.9358,119,A4,-0.219961,0.989907,1
20230607T115959,20230619T102732,11.9358,121,A4,0.752904,0.000000,1
20230607T115959,20230619T102732,11.9358,122,A4,0.825850,0.000000,1
20230607T115959,20230619T102732,11.9358,123,A4,-0.167601,0.732033,1
20230607T115959,20230619T102732,11.9358,124,A4,0.382006,0.739923,1
20230607T115959,20230619T102732,11.9358,125,A4,-0.347018,0.967108,1
20230607T115959,20230619T102732,11.9358,126,A4,0.121500,0.552466,1
20230607T115959,20230619T102732,11.9358,127,A4,0.192817,1.042295,0
20230607T115959,20230619T102732,11.9358,129,A5,0.294364,1.136053,0
20230607T115959,20230619T102732,11.9358,130,A5,0.122332,0.990017,1
20230607T115959,20230619T102732,11.9358,132,A5,0.389188,1.157395,0
20230607T115959,20230619T102732,11.9358,133,A5,-0.119751,0.619250,1
20230607T115959,20230619T102732,11.9358,134,A5,0.401646,0.214113,1
20230607T115959,20230619T102732,11.9358,135,A5,-0.066505,0.380187,1
20230607T115959,20230619T102732,11.9358,136,A5,0.232612,1.090847,0
20230607T115959,20230619T102732,11.9358,137,A5,0.238471,0.236418,1
20230607T115959,20230619T102732,11.9358,138,A5,0.702074,0.586823,1
20230607T115959,20230619T102732,11.9358,141,A5,0.193568,2.000000,0
20230607T115959,20230619T102732,11.9358,142,A5,0.491549,1.286713,0
20230607T115959,20230619T102732,11.9358,143,A5,0.193908,1.475740,0
20230607T115959,20230619T102732,11.9358,145,A5,0.239007,0.441344,1
20230607T115959,20230619T102732,11.9358,146,A5,0.439350,0.796482,1
20230607T115959,20230619T102732,11.9358,147,A5,0.240797,0.791121,0
20230607T115959,20230619T102732,11.9358,148,A5,0.514718,0.894613,1
20230607T115959,20230619T102732,11.9358,150,A5,-0.099697,1.050327,0
20230607T115959,20230619T102732,11.9358,151,A5,-0.140855,0.869314,1
20230607T115959,20230619T102732,11.9358,152,A5,0.098098,0.807216,1
20230607T115959,20230619T102732,11.9358,153,A5,0.601229,0.006877,1
20230607T115959,20230619T102732,11.9358,155,A5,-0.184081,1.262304,0
20230607T115959,20230619T102732,11.9358,156,A5,0.170761,0.006606,1
20230607T115959,20230619T102732,11.9358,157,A5,-0.088378,1.100813,0
20230607T115959,20230619T102732,11.9358,158,A5,0.195144,0.455639,1
20230607T115959,20230619T102732,11.9358,159,A5,0.249417,1.046440,0
20230607T115959,20230619T102732,11.9358,160,A5,-0.286097,1.248732,0
20230607T115959,20230620T101238,12.9255,1,A1,-0.258916,0.932455,0
20230607T115959,20230620T101238,12.9255,2,A1,0.059046,0.936798,1
20230607T115959,20230620T101238,12.9255,3,A1,0.089064,0.746786,0
20230607T115959,20230620T101238,12.9255,4,A1,-0.069112,0.863354,0
20230607T115959,20230620T101238,12.9255,6,A1,0.201389,0.603199,0
20230607T115959,20230620T101238,12.9255,8,A1,-0.082146,0.080876,1
20230607T115959,20230620T101238,12.9255,9,A1,0.165906,1.207086,0
20230607T115959,20230620T101238,12.9255,10,A1,0.403447,0.678797,0
20230607T115959,20230620T101238,12.9255,11,A1,0.469445,0.520240,0
20230607T115959,20230620T101238,12.9255,12,A1,0.230513,0.271139,0
20230607T115959,20230620T101238,12.9255,13,A1,0.412744,0.466556,1
20230607T115959,20230620T101238,12.9255,14,A1,0.115997,0.913327,1
20230607T115959,20230620T101238,12.9255,15,A1,-0.262944,1.554712,0
20230607T115959,20230620T101238,12.9255,17,A1,0.164995,0.668204,0
20230607T115959,20230620T101238,12.9255,18,A1,0.391369,0.903550,1
20230607T115959,20230620T101238,12.9255,19,A1,0.227537,0.589365,1
20230607T115959,20230620T101238,12.9255,21,A1,0.341607,0.835986,1
20230607T115959,20230620T101238,12.9255,22,A1,-0.171672,2.000000,0
20230607T115959,20230620T101238,12.9255,23,A1,-0.053791,0.112283,1
20230607T115959,20230620T101238,12.9255,24,A1,0.236682,0.512975,0
20230607T115959,20230620T101238,12.9255,26,A1,0.306279,1.065680,0
20230607T115959,20230620T101238,12.9255,27,A1,0.019906,0.185706,1
20230607T115959,20230620T101238,12.9255,28,A1,-0.088437,1.306079,0
20230607T115959,20230620T101238,12.9255,29,A1,0.182642,0.377717,0
20230607T115959,20230620T101238,12.9255,30,A1,0.224989,0.043131,1
20230607T115959,20230620T101238,12.9255,31,A1,0.595025,0.786415,0
20230607T115959,20230620T101238,12.9255,32,A1,0.712193,0.448489,1
20230607T115959,20230620T101238,12.9255,36,A2,-0.034530,0.350223,0
20230607T115959,20230620T101238,12.9255,37,A2,0.013932,0.058522,1
20230607T115959,20230620T101238,12.9255,39,A2,0.241614,1.113488,0
20230607T115959,20230620T101238,12.9255,40,A2,0.133243,0.667270,1
20230607T115959,20230620T101238,12.9255,41,A2,0.160403,0.101158,1
20230607T115959,20230620T101238,12.9255,42,A2,-0.127120,0.992961,0
20230607T115959,20230620T101238,12.9255,43,A2,0.487425,0.191255,1
20230607T115959,20230620T101238,12.9255,44,A2,0.555231,0.245208,1
20230607T115959,20230620T101238,12.9255,45,A2,0.435413,1.160890,0
20230607T115959,20230620T101238,12.9255,46,A2,0.509926,0.110741,1
20230607T115959,20230620T101238,12.9255,47,A2,0.822647,0.323171,1
20230607T115959,20230620T101238,12.9255,48,A2,-0.040249,0.282974,1
20230607T115959,20230620T101238,12.9255,49,A2,-0.058104,0.701398,0
20230607T115959,20230620T101238,12.9255,51,A2,0.042905,0.298109,0
20230607T115959,20230620T101238,12.9255,52,A2,-0.114135,0.767104,1
20230607T115959,20230620T101238,12.9255,53,A2,-0.233952,1.257099,0
20230607T115959,20230620T101238,12.9255,54,A2,0.236982,1.011956,0
20230607T115959,20230620T101238,12.9255,55,A2,0.001311,0.214942,1
20230607T115959,20230620T101238,12.9255,57,A2,0.221461,0.843806,1
20230607T115959,20230620T101238,12.9255,58,A2,-0.044509,0.121686,1
20230607T115959,20230620T101238,12.9255,59,A2,0.237290,0.029348,1
20230607T115959,20230620T101238,12.9255,60,A2,0.282001,0.280638,1
20230607T115959,20230620T101238,12.9255,61,A2,0.268140,0.299341,1
20230607T115959,20230620T101238,12.9255,62,A2,0.806266,0.606140,1
20230607T115959,20230620T101238,12.9255,63,A2,-0.076169,0.748228,0
20230607T115959,20230620T101238,12.9255,64,A2,0.118883,0.192784,1
20230607T115959,20230620T101238,12.9255,65,A3,-0.020281,0.583751,0
20230607T115959,20230620T101238,12.9255,66,A3,0.757775,0.322252,1
20230607T115959,20230620T101238,12.9255,67,A3,0.579863,1.018006,0
20230607T115959,20230620T101238,12.9255,69,A3,0.615223,1.162561,0
20230607T115959,20230620T101238,12.9255,70,A3,0.531922,1.093349,0
20230607T115959,20230620T101238,12.9255,71,A3,0.802054,1.276876,0
20230607T115959,20230620T101238,12.9255,72,A3,0.117229,0.092891,1
20230607T115959,20230620T101238,12.9255,73,A3,0.009409,0.646017,1
20230607T115959,20230620T101238,12.9255,74,A3,-0.069886,0.096560,1
20230607T115959,20230620T101238,12.9255,75,A3,-0.033099,1.751581,0
20230607T115959,20230620T101238,12.9255,76,A3,0.122734,0.502382,0
20230607T115959,20230620T101238,12.9255,77,A3,0.746712,0.910305,0
20230607T115959,20230620T101238,12.9255,78,A3,0.637671,0.309761,1
20230607T115959,20230620T101238,12.9255,79,A3,0.147270,0.507445,1
20230607T115959,20230620T101238,12.9255,80,A3,0.696987,2.000000,0
20230607T115959,20230620T101238,12.9255,81,A3,0.640450,1.761703,0
20230607T115959,20230620T101238,12.9255,82,A3,0.454334,0.472471,1
20230607T115959,20230620T101238,12.9255,83,A3,0.223002,1.995312,0
20230607T115959,20230620T101238,12.9255,84,A3,-0.425972,0.348863,1
20230607T115959,20230620T101238,12.9255,85,A3,0.729293,0.476587,1
20230607T115959,20230620T101238,12.9255,87,A3,0.605093,0.295543,1
20230607T115959,20230620T101238,12.9255,88,A3,-0.133872,0.577128,1
20230607T115959,20230620T101238,12.9255,89,A3,0.132862,0.461371,1
20230607T115959,20230620T101238,12.9255,90,A3,0.174530,0.724244,1
20230607T115959,20230620T101238,12.9255,91,A3,0.085354,1.165992,0
20230607T115959,20230620T101238,12.9255,93,A3,0.672635,0.218766,1
20230607T115959,20230620T101238,12.9255,94,A3,0.405627,0.639742,1
20230607T115959,20230620T101238,12.9255,95,A3,0.048485,1.119225,0
20230607T115959,20230620T101238,12.9255,96,A3,0.204055,0.955116,1
20230607T115959,20230620T101238,12.9255,97,A4,0.029763,1.060638,0
20230607T115959,20230620T101238,12.9255,98,A4,0.402470,0.328705,1
20230607T115959,20230620T101238,12.9255,99,A4,0.351217,0.821850,1
20230607T115959,20230620T101238,12.9255,100,A4,0.027087,0.414930,1
20230607T115959,20230620T101238,12.9255,101,A4,0.018611,1.626798,0
20230607T115959,20230620T101238,12.9255,102,A4,-0.003492,1.024213,0
20230607T115959,20230620T101238,12.9255,104,A4,-0.150570,0.262904,1
20230607T115959,20230620T101238,12.9255,105,A4,0.656793,0.799958,0
20230607T115959,20230620T101238,12.9255,106,A4,0.418402,0.169419,1
20230607T115959,20230620T101238,12.9255,107,A4,-0.060386,1.337564,0
20230607T115959,20230620T101238,12.9255,108,A4,0.017609,0.785756,1
20230607T115959,20230620T101238,12.9255,109,A4,0.135890,0.858068,1
20230607T115959,20230620T101238,12.9255,110,A4,-0.072618,0.927999,1
20230607T115959,20230620T101238,12.9255,111,A4,0.019325,0.165397,1
20230607T115959,20230620T101238,12.9255,112,A4,0.117398,1.136979,0
20230607T115959,20230620T101238,12.9255,114,A4,-0.085189,0.743509,0
20230607T115959,20230620T101238,12.9255,116,A4,0.230791,1.511326,0
20230607T115959,20230620T101238,12.9255,118,A4,0.030272,1.219239,0
20230607T115959,20230620T101238,12.9255,119,A4,-0.372184,1.044995,0
20230607T115959,20230620T101238,12.9255,120,A4,0.005436,0.363617,1
20230607T115959,20230620T101238,12.9255,121,A4,0.754371,0.000000,1
20230607T115959,20230620T101238,12.9255,122,A4,0.871931,0.000000,1
20230607T115959,20230620T101238,12.9255,123,A4,0.146858,1.153296,0
20230607T115959,20230620T101238,12.9255,124,A4,0.129922,0.665952,1
20230607T115959,20230620T101238,12.9255,125,A4,0.010179,0.014744,1
20230607T115959,20230620T101238,12.9255,126,A4,-0.042164,0.345790,1
20230607T115959,20230620T101238,12.9255,127,A4,0.005541,0.341176,0
20230607T115959,20230620T101238,12.9255,129,A5,0.124149,0.828354,1
20230607T115959,20230620T101238,12.9255,130,A5,0.230253,1.901164,0
20230607T115959,20230620T101238,12.9255,132,A5,0.059725,1.001421,0
20230607T115959,20230620T101238,12.9255,133,A5,0.056471,0.792996,1
20230607T115959,20230620T101238,12.9255,134,A5,0.578907,0.421208,1
20230607T115959,20230620T101238,12.9255,135,A5,-0.012306,0.824284,0
20230607T115959,20230620T101238,12.9255,136,A5,0.004564,1.239323,0
20230607T115959,20230620T101238,12.9255,137,A5,0.438627,0.507434,1
20230607T115959,20230620T101238,12.9255,138,A5,0.706125,0.000000,1
20230607T115959,20230620T101238,12.9255,141,A5,0.348882,2.000000,0
20230607T115959,20230620T101238,12.9255,142,A5,0.711135,0.553074,1
20230607T115959,20230620T101238,12.9255,143,A5,0.009817,2.000000,0
20230607T115959,20230620T101238,12.9255,145,A5,0.052812,0.347635,1
20230607T115959,20230620T101238,12.9255,146,A5,0.500219,0.969607,1
20230607T115959,20230620T101238,12.9255,147,A5,0.460599,1.066705,0
20230607T115959,20230620T101238,12.9255,148,A5,0.483191,0.928912,1
20230607T115959,20230620T101238,12.9255,150,A5,-0.021797,1.136588,0
20230607T115959,20230620T101238,12.9255,151,A5,-0.093721,1.344654,0
20230607T115959,20230620T101238,12.9255,152,A5,0.229679,0.431247,1
20230607T115959,20230620T101238,12.9255,153,A5,0.524464,0.119089,1
20230607T115959,20230620T101238,12.9255,155,A5,0.053177,0.060804,1
20230607T115959,20230620T101238,12.9255,156,A5,0.309445,0.232449,0
20230607T115959,20230620T101238,12.9255,157,A5,0.042109,0.994991,1
20230607T115959,20230620T101238,12.9255,158,A5,0.017156,2.000000,0
20230607T115959,20230620T101238,12.9255,159,A5,-0.197102,1.050018,0
20230607T115959,20230620T101238,12.9255,160,A5,0.226641,0.826339,1
20230607T115959,20230621T100721,13.9218,1,A1,0.206992,0.473341,1
20230607T115959,20230621T100721,13.9218,2,A1,0.194991,0.927446,1
20230607T115959,20230621T100721,13.9218,3,A1,0.324894,0.740096,1
20230607T115959,20230621T100721,13.9218,4,A1,0.258052,0.255868,0
20230607T115959,20230621T100721,13.9218,6,A1,0.143114,0.473605,1
20230607T115959,20230621T100721,13.9218,8,A1,-0.211914,0.000000,1
20230607T115959,20230621T100721,13.9218,9,A1,-0.189017,1.071579,0
20230607T115959,20230621T100721,13.9218,10,A1,0.242739,0.762566,0
20230607T115959,20230621T100721,13.9218,11,A1,0.475126,0.470404,1
20230607T115959,20230621T100721,13.9218,12,A1,0.090022,0.380221,0
20230607T115959,20230621T100721,13.9218,13,A1,0.328903,0.490863,0
20230607T115959,20230621T100721,13.9218,14,A1,0.175628,0.071245,1
20230607T115959,20230621T100721,13.9218,15,A1,-0.418521,1.862084,0
20230607T115959,20230621T100721,13.9218,17,A1,0.381553,0.386774,0
20230607T115959,20230621T100721,13.9218,18,A1,-0.007363,0.062478,1
20230607T115959,20230621T100721,13.9218,19,A1,0.258994,0.696037,1
20230607T115959,20230621T100721,13.9218,21,A1,0.350463,0.940975,1
20230607T115959,20230621T100721,13.9218,22,A1,-0.109635,1.154098,0
20230607T115959,20230621T100721,13.9218,23,A1,-0.387719,0.051365,1
20230607T115959,20230621T100721,13.9218,24,A1,0.298937,0.691540,0
20230607T115959,20230621T100721,13.9218,26,A1,0.140391,0.926334,1
20230607T115959,20230621T100721,13.9218,27,A1,0.429911,0.295652,0
20230607T115959,20230621T100721,13.9218,28,A1,0.098646,0.826627,1
20230607T115959,20230621T100721,13.9218,29,A1,0.170873,0.418069,0
20230607T115959,20230621T100721,13.9218,30,A1,0.117996,0.043131,1
20230607T115959,20230621T100721,13.9218,31,A1,0.359270,0.454012,0
20230607T115959,20230621T100721,13.9218,32,A1,0.685951,0.424316,1
20230607T115959,20230621T100721,13.9218,36,A2,-0.185416,0.100120,0
20230607T115959,20230621T100721,13.9218,37,A2,-0.089126,0.921964,0
20230607T115959,20230621T100721,13.9218,39,A2,-0.111300,0.037767,1
20230607T115959,20230621T100721,13.9218,40,A2,0.118457,0.364023,0
20230607T115959,20230621T100721,13.9218,41,A2,0.158329,0.453104,1
20230607T115959,20230621T100721,13.9218,42,A2,-0.062641,0.918159,1
20230607T115959,20230621T100721,13.9218,43,A2,0.489388,0.241615,0
20230607T115959,20230621T100721,13.9218,44,A2,0.635992,0.667485,1
20230607T115959,20230621T100721,13.9218,45,A2,0.173904,0.000000,1
20230607T115959,20230621T100721,13.9218,46,A2,0.616400,0.135434,1
20230607T115959,20230621T100721,13.9218,47,A2,0.835370,0.055227,1
20230607T115959,20230621T100721,13.9218,48,A2,0.081974,0.572038,1
20230607T115959,20230621T100721,13.9218,49,A2,0.176574,0.575951,1
20230607T115959,20230621T100721,13.9218,51,A2,-0.046537,0.234555,1
20230607T115959,20230621T100721,13.9218,52,A2,0.103706,0.000000,1
20230607T115959,20230621T100721,13.9218,53,A2,-0.056832,0.256084,1
20230607T115959,20230621T100721,13.9218,54,A2,-0.096692,0.975600,1
20230607T115959,20230621T100721,13.9218,55,A2,-0.054933,0.020098,1
20230607T115959,20230621T100721,13.9218,57,A2,0.349378,1.226081,0
20230607T115959,20230621T100721,13.9218,58,A2,-0.205077,0.556713,0
20230607T115959,20230621T100721,13.9218,59,A2,0.287338,0.079903,1
20230607T115959,20230621T100721,13.9218,60,A2,-0.011076,0.271349,1
20230607T115959,20230621T100721,13.9218,62,A2,0.894660,0.202756,1
20230607T115959,20230621T100721,13.9218,63,A2,-0.076783,0.383195,1
20230607T115959,20230621T100721,13.9218,64,A2,0.811555,0.590781,1
20230607T115959,20230621T100721,13.9218,65,A3,0.013357,0.746037,0
20230607T115959,20230621T100721,13.9218,66,A3,0.844945,0.573495,0
20230607T115959,20230621T100721,13.9218,67,A3,0.472666,0.993582,1
20230607T115959,20230621T100721,13.9218,69,A3,0.560990,1.184980,0
20230607T115959,20230621T100721,13.9218,70,A3,0.550490,1.338894,0
20230607T115959,20230621T100721,13.9218,71,A3,0.754627,1.493558,0
20230607T115959,20230621T100721,13.9218,72,A3,0.172594,0.163264,0
20230607T115959,20230621T100721,13.9218,73,A3,0.247261,1.414059,0
20230607T115959,20230621T100721,13.9218,74,A3,0.227441,0.291945,0
20230607T115959,20230621T100721,13.9218,75,A3,-0.087429,2.000000,0
20230607T115959,20230621T100721,13.9218,76,A3,-0.195559,0.362707,1
20230607T115959,20230621T100721,13.9218,77,A3,0.777333,0.579575,0
20230607T115959,20230621T100721,13.9218,78,A3,-0.005166,0.315507,1
20230607T115959,20230621T100721,13.9218,79,A3,-0.317882,0.504969,1
20230607T115959,20230621T100721,13.9218,80,A3,0.666147,1.183453,0
20230607T115959,20230621T100721,13.9218,81,A3,0.204554,0.527669,1
20230607T115959,20230621T100721,13.9218,82,A3,0.300617,0.675734,1
20230607T115959,20230621T100721,13.9218,83,A3,0.158252,1.030173,0
20230607T115959,20230621T100721,13.9218,84,A3,-0.335339,1.472651,0
20230607T115959,20230621T100721,13.9218,85,A3,0.738620,1.418655,0
20230607T115959,20230621T100721,13.9218,87,A3,0.158257,1.232304,0
20230607T115959,20230621T100721,13.9218,88,A3,0.179513,0.924594,1
20230607T115959,20230621T100721,13.9218,89,A3,-0.060193,0.081952,1
20230607T115959,20230621T100721,13.9218,90,A3,-0.315375,0.778848,1
20230607T115959,20230621T100721,13.9218,91,A3,0.511187,0.175663,0
20230607T115959,20230621T100721,13.9218,93,A3,0.582410,0.207316,0
20230607T115959,20230621T100721,13.9218,94,A3,0.151257,0.302198,0
20230607T115959,20230621T100721,13.9218,95,A3,-0.474340,1.005243,0
20230607T115959,20230621T100721,13.9218,96,A3,-0.290557,0.945354,1
20230607T115959,20230621T100721,13.9218,97,A4,0.247125,0.949625,1
20230607T115959,20230621T100721,13.9218,98,A4,0.216409,0.147137,1
20230607T115959,20230621T100721,13.9218,99,A4,-0.283866,0.943216,1
20230607T115959,20230621T100721,13.9218,100,A4,-0.091335,0.012749,1
20230607T115959,20230621T100721,13.9218,101,A4,0.049051,1.074841,0
20230607T115959,20230621T100721,13.9218,102,A4,0.174621,1.213939,0
20230607T115959,20230621T100721,13.9218,104,A4,0.016374,0.234645,1
20230607T115959,20230621T100721,13.9218,105,A4,0.075527,0.438256,0
20230607T115959,20230621T100721,13.9218,106,A4,0.308449,0.468032,1
20230607T115959,20230621T100721,13.9218,107,A4,0.360136,0.564326,1
20230607T115959,20230621T100721,13.9218,108,A4,-0.283685,2.000000,0
20230607T115959,20230621T100721,13.9218,109,A4,-0.150099,0.925636,1
20230607T115959,20230621T100721,13.9218,110,A4,-0.221348,1.104407,0
20230607T115959,20230621T100721,13.9218,111,A4,-0.118342,0.103476,1
20230607T115959,20230621T100721,13.9218,112,A4,-0.232505,0.000000,1
20230607T115959,20230621T100721,13.9218,114,A4,0.136209,0.754625,0
20230607T115959,20230621T100721,13.9218,118,A4,-0.027847,1.055623,0
20230607T115959,20230621T100721,13.9218,119,A4,0.162905,0.925645,1
20230607T115959,20230621T100721,13.9218,120,A4,-0.084716,0.283701,1
20230607T115959,20230621T100721,13.9218,121,A4,0.665716,0.639216,1
20230607T115959,20230621T100721,13.9218,122,A4,0.803779,0.000000,1
20230607T115959,20230621T100721,13.9218,123,A4,0.181812,0.741241,1
20230607T115959,20230621T100721,13.9218,124,A4,0.238519,1.091975,0
20230607T115959,20230621T100721,13.9218,125,A4,0.003995,2.000000,0
20230607T115959,20230621T100721,13.9218,126,A4,-0.155840,0.461586,1
20230607T115959,20230621T100721,13.9218,129,A5,0.119618,0.930662,1
20230607T115959,20230621T100721,13.9218,130,A5,0.040729,1.018361,0
20230607T115959,20230621T100721,13.9218,132,A5,0.439791,1.005822,0
20230607T115959,20230621T100721,13.9218,133,A5,0.278825,1.038908,0
20230607T115959,20230621T100721,13.9218,134,A5,0.345699,0.479646,1
20230607T115959,20230621T100721,13.9218,135,A5,0.070481,1.453104,0
20230607T115959,20230621T100721,13.9218,136,A5,0.351552,0.209576,1
20230607T115959,20230621T100721,13.9218,137,A5,0.337276,0.405776,1
20230607T115959,20230621T100721,13.9218,138,A5,0.575762,0.608245,1
20230607T115959,20230621T100721,13.9218,141,A5,0.269622,1.419530,0
20230607T115959,20230621T100721,13.9218,142,A5,0.481110,1.286713,0
20230607T115959,20230621T100721,13.9218,143,A5,-0.079969,2.000000,0
20230607T115959,20230621T100721,13.9218,145,A5,-0.072974,0.671020,0
20230607T115959,20230621T100721,13.9218,146,A5,0.365481,0.571340,1
20230607T115959,20230621T100721,13.9218,147,A5,0.311995,0.957234,0
20230607T115959,20230621T100721,13.9218,148,A5,0.351568,0.631017,1
20230607T115959,20230621T100721,13.9218,150,A5,-0.064876,0.958880,1
20230607T115959,20230621T100721,13.9218,151,A5,-0.034704,1.134856,0
20230607T115959,20230621T100721,13.9218,152,A5,0.006910,0.848553,1
20230607T115959,20230621T100721,13.9218,153,A5,0.630168,0.052332,1
20230607T115959,20230621T100721,13.9218,155,A5,-0.023736,1.100171,0
20230607T115959,20230621T100721,13.9218,157,A5,-0.069783,1.242841,0
20230607T115959,20230621T100721,13.9218,158,A5,-0.416568,1.032482,0
20230607T115959,20230621T100721,13.9218,159,A5,0.057669,1.382585,0
20230607T115959,20230621T100721,13.9218,160,A5,-0.012896,0.770676,1
20230607T115959,20230622T111856,14.9715,1,A1,-0.028021,0.664709,0
20230607T115959,20230622T111856,14.9715,2,A1,0.079325,0.960051,1
20230607T115959,20230622T111856,14.9715,3,A1,0.109762,0.746457,1
20230607T115959,20230622T111856,14.9715,4,A1,0.079853,0.876521,0
20230607T115959,20230622T111856,14.9715,6,A1,-0.154156,0.537369,0
20230607T115959,20230622T111856,14.9715,8,A1,-0.195195,0.000000,1
20230607T115959,20230622T111856,14.9715,9,A1,0.043994,1.218707,0
20230607T115959,20230622T111856,14.9715,10,A1,0.155802,1.300168,0
20230607T115959,20230622T111856,14.9715,11,A1,0.381485,0.515861,1
20230607T115959,20230622T111856,14.9715,12,A1,0.145870,0.881922,1
20230607T115959,20230622T111856,14.9715,13,A1,0.428368,0.435576,1
20230607T115959,20230622T111856,14.9715,14,A1,0.288314,0.174235,1
20230607T115959,20230622T111856,14.9715,15,A1,-0.029934,1.971719,0
20230607T115959,20230622T111856,14.9715,17,A1,0.282921,0.673108,0
20230607T115959,20230622T111856,14.9715,18,A1,0.232076,0.770864,1
20230607T115959,20230622T111856,14.9715,19,A1,0.033831,0.293401,1
20230607T115959,20230622T111856,14.9715,21,A1,-0.071859,0.127323,1
20230607T115959,20230622T111856,14.9715,22,A1,-0.185754,1.423094,0
20230607T115959,20230622T111856,14.9715,23,A1,0.027782,0.469398,1
20230607T115959,20230622T111856,14.9715,24,A1,0.319957,0.232924,0
20230607T115959,20230622T111856,14.9715,25,A1,-0.053427,0.020551,1
20230607T115959,20230622T111856,14.9715,26,A1,-0.007651,0.959808,1
20230607T115959,20230622T111856,14.9715,27,A1,0.390324,0.333342,0
20230607T115959,20230622T111856,14.9715,28,A1,0.135101,0.155578,1
20230607T115959,20230622T111856,14.9715,29,A1,0.277012,0.107095,1
20230607T115959,20230622T111856,14.9715,30,A1,-0.216021,0.041571,1
20230607T115959,20230622T111856,14.9715,31,A1,0.446289,0.063980,1
20230607T115959,20230622T111856,14.9715,32,A1,0.521640,0.000000,1
20230607T115959,20230622T111856,14.9715,36,A2,0.443430,1.037946,0
20230607T115959,20230622T111856,14.9715,37,A2,0.120053,0.833706,1
20230607T115959,20230622T111856,14.9715,39,A2,0.129057,0.011803,1
20230607T115959,20230622T111856,14.9715,40,A2,-0.042355,0.422168,0
20230607T115959,20230622T111856,14.9715,41,A2,0.075685,0.000000,1
20230607T115959,20230622T111856,14.9715,42,A2,0.057904,0.665707,1
20230607T115959,20230622T111856,14.9715,43,A2,0.274088,0.142659,1
20230607T115959,20230622T111856,14.9715,44,A2,0.498614,0.378795,1
20230607T115959,20230622T111856,14.9715,45,A2,0.535058,0.947169,1
20230607T115959,20230622T111856,14.9715,46,A2,0.178939,0.209141,1
20230607T115959,20230622T111856,14.9715,47,A2,0.665877,0.055227,1
20230607T115959,20230622T111856,14.9715,48,A2,0.170022,0.738587,1
20230607T115959,20230622T111856,14.9715,49,A2,-0.215290,1.415224,0
20230607T115959,20230622T111856,14.9715,51,A2,0.267146,0.146190,1
20230607T115959,20230622T111856,14.9715,52,A2,-0.277780,1.010166,0
20230607T115959,20230622T111856,14.9715,53,A2,0.013736,0.651818,0
20230607T115959,20230622T111856,14.9715,54,A2,-0.267951,0.529599,1
20230607T115959,20230622T111856,14.9715,55,A2,0.221096,0.173648,1
20230607T115959,20230622T111856,14.9715,57,A2,0.010362,1.403962,0
20230607T115959,20230622T111856,14.9715,58,A2,0.123034,0.068747,1
20230607T115959,20230622T111856,14.9715,59,A2,-0.169053,0.293372,0
20230607T115959,20230622T111856,14.9715,60,A2,-0.089178,0.800640,0
20230607T115959,20230622T111856,14.9715,61,A2,0.488944,0.534409,0
20230607T115959,20230622T111856,14.9715,62,A2,0.854500,0.236127,1
20230607T115959,20230622T111856,14.9715,63,A2,0.002193,0.435660,1
20230607T115959,20230622T111856,14.9715,64,A2,0.915454,0.423187,1
20230607T115959,20230622T111856,14.9715,65,A3,-0.036489,1.425504,0
20230607T115959,20230622T111856,14.9715,66,A3,0.778508,0.441841,0
20230607T115959,20230622T111856,14.9715,67,A3,0.641048,0.328443,1
20230607T115959,20230622T111856,14.9715,68,A3,0.738845,0.336962,1
20230607T115959,20230622T111856,14.9715,69,A3,0.550138,1.841440,0
20230607T115959,20230622T111856,14.9715,70,A3,0.763759,0.146972,1
20230607T115959,20230622T111856,14.9715,71,A3,0.763627,1.394301,0
20230607T115959,20230622T111856,14.9715,72,A3,0.292568,0.039780,1
20230607T115959,20230622T111856,14.9715,73,A3,-0.164973,2.000000,0
20230607T115959,20230622T111856,14.9715,74,A3,-0.018846,1.140289,0
20230607T115959,20230622T111856,14.9715,75,A3,0.065400,1.239887,0
20230607T115959,20230622T111856,14.9715,76,A3,0.091566,0.686971,0
20230607T115959,20230622T111856,14.9715,77,A3,0.785460,0.552484,0
20230607T115959,20230622T111856,14.9715,78,A3,0.385554,0.031407,1
20230607T115959,20230622T111856,14.9715,79,A3,-0.102183,0.511692,1
20230607T115959,20230622T111856,14.9715,80,A3,0.434282,1.187951,0
20230607T115959,20230622T111856,14.9715,81,A3,0.408372,0.414598,1
20230607T115959,20230622T111856,14.9715,82,A3,0.263905,0.675734,1
20230607T115959,20230622T111856,14.9715,83,A3,-0.414837,1.515923,0
20230607T115959,20230622T111856,14.9715,84,A3,-0.110633,0.657316,0
20230607T115959,20230622T111856,14.9715,85,A3,0.764708,0.773178,1
20230607T115959,20230622T111856,14.9715,87,A3,0.114334,1.320304,0
20230607T115959,20230622T111856,14.9715,88,A3,-0.139831,1.076553,0
20230607T115959,20230622T111856,14.9715,89,A3,0.096268,0.349650,1
20230607T115959,20230622T111856,14.9715,90,A3,-0.189004,1.148836,0
20230607T115959,20230622T111856,14.9715,91,A3,0.326710,1.165992,0
20230607T115959,20230622T111856,14.9715,93,A3,0.169955,0.496129,0
20230607T115959,20230622T111856,14.9715,94,A3,0.214473,0.402806,0
20230607T115959,20230622T111856,14.9715,95,A3,0.197852,1.150899,0
20230607T115959,20230622T111856,14.9715,96,A3,-0.068428,0.827631,1
20230607T115959,20230622T111856,14.9715,97,A4,0.036065,1.119706,0
20230607T115959,20230622T111856,14.9715,98,A4,0.265090,0.295807,0
20230607T115959,20230622T111856,14.9715,99,A4,-0.033833,1.024204,0
20230607T115959,20230622T111856,14.9715,100,A4,0.006283,0.263392,0
20230607T115959,20230622T111856,14.9715,101,A4,0.076770,0.852711,1
20230607T115959,20230622T111856,14.9715,102,A4,0.033756,1.095038,0
20230607T115959,20230622T111856,14.9715,104,A4,0.087004,0.174011,1
20230607T115959,20230622T111856,14.9715,105,A4,0.588403,0.468557,0
20230607T115959,20230622T111856,14.9715,106,A4,-0.209229,0.068311,1
20230607T115959,20230622T111856,14.9715,107,A4,-0.214586,1.157896,0
20230607T115959,20230622T111856,14.9715,108,A4,-0.133837,0.366503,1
20230607T115959,20230622T111856,14.9715,109,A4,0.253358,0.869170,1
20230607T115959,20230622T111856,14.9715,110,A4,-0.086489,1.189603,0
20230607T115959,20230622T111856,14.9715,111,A4,0.119539,1.199066,0
20230607T115959,20230622T111856,14.9715,112,A4,0.109800,1.084738,0
20230607T115959,20230622T111856,14.9715,114,A4,-0.128045,0.824853,0
20230607T115959,20230622T111856,14.9715,116,A4,-0.133570,0.400248,1
20230607T115959,20230622T111856,14.9715,118,A4,-0.192952,0.764892,1
20230607T115959,20230622T111856,14.9715,119,A4,-0.402754,0.840995,1
20230607T115959,20230622T111856,14.9715,120,A4,0.049125,0.264146,1
20230607T115959,20230622T111856,14.9715,121,A4,0.770572,0.838869,1
20230607T115959,20230622T111856,14.9715,122,A4,0.724446,0.311720,1
20230607T115959,20230622T111856,14.9715,123,A4,0.191813,0.869622,1
20230607T115959,20230622T111856,14.9715,124,A4,-0.249072,0.906149,0
20230607T115959,20230622T111856,14.9715,125,A4,-0.242543,1.054545,0
20230607T115959,20230622T111856,14.9715,126,A4,0.261056,0.607423,1
20230607T115959,20230622T111856,14.9715,127,A4,-0.135900,0.690237,0
20230607T115959,20230622T111856,14.9715,130,A5,0.546350,2.000000,0
20230607T115959,20230622T111856,14.9715,132,A5,0.009015,0.936770,1
20230607T115959,20230622T111856,14.9715,133,A5,-0.241243,0.209000,1
20230607T115959,20230622T111856,14.9715,134,A5,0.328468,0.703868,1
20230607T115959,20230622T111856,14.9715,135,A5,0.028546,0.027491,1
20230607T115959,20230622T111856,14.9715,136,A5,0.255471,0.678611,1
20230607T115959,20230622T111856,14.9715,137,A5,0.192915,0.332804,1
20230607T115959,20230622T111856,14.9715,138,A5,0.481524,0.753557,1
20230607T115959,20230622T111856,14.9715,141,A5,0.310483,1.185643,0
20230607T115959,20230622T111856,14.9715,142,A5,0.004237,0.710291,0
20230607T115959,20230622T111856,14.9715,143,A5,0.038220,0.812551,1
20230607T115959,20230622T111856,14.9715,145,A5,-0.118564,0.081389,1
20230607T115959,20230622T111856,14.9715,146,A5,0.527592,0.000000,1
20230607T115959,20230622T111856,14.9715,147,A5,0.284740,1.099274,0
20230607T115959,20230622T111856,14.9715,148,A5,0.586185,0.407022,1
20230607T115959,20230622T111856,14.9715,150,A5,-0.275254,0.976233,1
20230607T115959,20230622T111856,14.9715,151,A5,-0.277096,0.715941,1
20230607T115959,20230622T111856,14.9715,152,A5,-0.047271,0.861081,1
20230607T115959,20230622T111856,14.9715,153,A5,0.457334,0.164219,1
20230607T115959,20230622T111856,14.9715,155,A5,0.047069,0.547562,1
20230607T115959,20230622T111856,14.9715,156,A5,0.294357,0.025111,1
20230607T115959,20230622T111856,14.9715,157,A5,0.046561,0.510434,1
20230607T115959,20230622T111856,14.9715,158,A5,-0.026751,1.220068,0
20230607T115959,20230622T111856,14.9715,159,A5,0.230967,0.929345,1
20230607T115959,20230622T111856,14.9715,160,A5,0.076947,0.772319,1
20230607T115959,20230628T101631,20.9281,1,A1,-0.007556,0.651594,0
20230607T115959,20230628T101631,20.9281,2,A1,0.085633,0.963387,1
20230607T115959,20230628T101631,20.9281,3,A1,0.221024,0.823408,0
20230607T115959,20230628T101631,20.9281,4,A1,-0.026709,0.154601,1
20230607T115959,20230628T101631,20.9281,6,A1,-0.067736,0.504938,1
20230607T115959,20230628T101631,20.9281,7,A1,-0.336951,1.386413,0
20230607T115959,20230628T101631,20.9281,8,A1,-0.019651,0.714222,1
20230607T115959,20230628T101631,20.9281,9,A1,0.031488,1.379727,0
20230607T115959,20230628T101631,20.9281,10,A1,0.169661,0.589117,0
20230607T115959,20230628T101631,20.9281,11,A1,0.446090,0.338758,1
20230607T115959,20230628T101631,20.9281,12,A1,0.325921,0.031932,1
20230607T115959,20230628T101631,20.9281,13,A1,0.355134,0.497308,0
20230607T115959,20230628T101631,20.9281,14,A1,-0.027627,0.063913,1
20230607T115959,20230628T101631,20.9281,15,A1,-0.500701,1.643794,0
20230607T115959,20230628T101631,20.9281,17,A1,0.267815,0.327139,1
20230607T115959,20230628T101631,20.9281,18,A1,0.120887,0.613740,1
20230607T115959,20230628T101631,20.9281,19,A1,0.336944,0.423756,1
20230607T115959,20230628T101631,20.9281,21,A1,-0.236332,1.033127,0
20230607T115959,20230628T101631,20.9281,22,A1,-0.261285,1.384714,0
20230607T115959,20230628T101631,20.9281,23,A1,-0.014837,0.144565,1
20230607T115959,20230628T101631,20.9281,24,A1,0.183951,0.147603,0
20230607T115959,20230628T101631,20.9281,25,A1,-0.250733,0.552403,1
20230607T115959,20230628T101631,20.9281,26,A1,0.194912,1.003620,0
20230607T115959,20230628T101631,20.9281,27,A1,0.359225,0.154485,1
20230607T115959,20230628T101631,20.9281,28,A1,0.400186,0.818243,1
20230607T115959,20230628T101631,20.9281,29,A1,0.203330,0.288340,1
20230607T115959,20230628T101631,20.9281,30,A1,-0.122879,0.043131,1
20230607T115959,20230628T101631,20.9281,31,A1,0.600149,0.454362,0
20230607T115959,20230628T101631,20.9281,32,A1,0.565443,0.000000,1
20230607T115959,20230628T101631,20.9281,36,A2,-0.099094,0.363872,1
20230607T115959,20230628T101631,20.9281,37,A2,-0.139587,1.005417,0
20230607T115959,20230628T101631,20.9281,39,A2,-0.041737,0.603235,0
20230607T115959,20230628T101631,20.9281,40,A2,0.052421,0.243002,1
20230607T115959,20230628T101631,20.9281,41,A2,0.103164,1.270570,0
20230607T115959,20230628T101631,20.9281,42,A2,-0.007632,0.624480,1
20230607T115959,20230628T101631,20.9281,43,A2,0.208815,0.407025,0
20230607T115959,20230628T101631,20.9281,44,A2,0.674242,0.308715,1
20230607T115959,20230628T101631,20.9281,46,A2,0.414912,0.614137,1
20230607T115959,20230628T101631,20.9281,47,A2,0.909088,0.528045,1
20230607T115959,20230628T101631,20.9281,48,A2,-0.102952,2.000000,0
20230607T115959,20230628T101631,20.9281,49,A2,0.005014,0.679122,1
20230607T115959,20230628T101631,20.9281,51,A2,-0.097079,0.067624,1
20230607T115959,20230628T101631,20.9281,52,A2,-0.131077,2.000000,0
20230607T115959,20230628T101631,20.9281,53,A2,-0.088110,0.273229,1
20230607T115959,20230628T101631,20.9281,54,A2,0.060375,0.896556,1
20230607T115959,20230628T101631,20.9281,55,A2,0.218426,0.045924,1
20230607T115959,20230628T101631,20.9281,57,A2,-0.010639,0.683169,1
20230607T115959,20230628T101631,20.9281,58,A2,0.085375,0.053181,1
20230607T115959,20230628T101631,20.9281,59,A2,0.124108,0.112558,1
20230607T115959,20230628T101631,20.9281,60,A2,-0.016230,0.181441,1
20230607T115959,20230628T101631,20.9281,61,A2,0.551930,1.030941,0
20230607T115959,20230628T101631,20.9281,62,A2,0.684739,0.055364,1
20230607T115959,20230628T101631,20.9281,63,A2,0.030931,0.695643,0
20230607T115959,20230628T101631,20.9281,64,A2,0.858147,0.404417,1
20230607T115959,20230628T101631,20.9281,65,A3,-0.090026,1.425504,0
20230607T115959,20230628T101631,20.9281,66,A3,0.783699,0.612119,0
20230607T115959,20230628T101631,20.9281,68,A3,0.697123,0.434828,1
20230607T115959,20230628T101631,20.9281,69,A3,0.526312,2.000000,0
20230607T115959,20230628T101631,20.9281,70,A3,0.651793,1.069672,0
20230607T115959,20230628T101631,20.9281,71,A3,0.817036,0.818144,0
20230607T115959,20230628T101631,20.9281,72,A3,0.042521,0.096590,1
20230607T115959,20230628T101631,20.9281,73,A3,-0.317145,0.945242,1
20230607T115959,20230628T101631,20.9281,74,A3,-0.059856,0.121868,1
20230607T115959,20230628T101631,20.9281,75,A3,-0.155354,2.000000,0
20230607T115959,20230628T101631,20.9281,76,A3,-0.654093,0.569135,0
20230607T115959,20230628T101631,20.9281,77,A3,0.626983,1.323258,0
20230607T115959,20230628T101631,20.9281,78,A3,0.199558,0.412177,1
20230607T115959,20230628T101631,20.9281,79,A3,-0.023515,0.734373,0
20230607T115959,20230628T101631,20.9281,80,A3,0.656292,1.078874,0
20230607T115959,20230628T101631,20.9281,81,A3,0.344979,0.710692,1
20230607T115959,20230628T101631,20.9281,82,A3,0.350290,0.675734,1
20230607T115959,20230628T101631,20.9281,83,A3,0.179208,1.090565,0
20230607T115959,20230628T101631,20.9281,84,A3,-0.322677,0.355884,1
20230607T115959,20230628T101631,20.9281,85,A3,-0.338090,0.339572,1
20230607T115959,20230628T101631,20.9281,87,A3,0.287642,0.698699,1
20230607T115959,20230628T101631,20.9281,88,A3,-0.054959,0.786462,1
20230607T115959,20230628T101631,20.9281,89,A3,-0.020632,0.928981,0
20230607T115959,20230628T101631,20.9281,91,A3,-0.023443,0.818966,0
20230607T115959,20230628T101631,20.9281,93,A3,0.174442,0.124948,1
20230607T115959,20230628T101631,20.9281,94,A3,0.255665,0.333230,0
20230607T115959,20230628T101631,20.9281,95,A3,0.257371,1.560540,0
20230607T115959,20230628T101631,20.9281,96,A3,-0.042549,1.006437,0
20230607T115959,20230628T101631,20.9281,97,A4,0.047555,0.655787,1
20230607T115959,20230628T101631,20.9281,98,A4,0.355186,0.308222,0
20230607T115959,20230628T101631,20.9281,100,A4,-0.119724,0.029398,1
20230607T115959,20230628T101631,20.9281,101,A4,0.107667,1.077114,0
20230607T115959,20230628T101631,20.9281,102,A4,0.147664,1.056888,0
20230607T115959,20230628T101631,20.9281,104,A4,0.100572,0.462639,0
20230607T115959,20230628T101631,20.9281,105,A4,0.727300,0.270240,1
20230607T115959,20230628T101631,20.9281,106,A4,0.057568,0.837845,0
20230607T115959,20230628T101631,20.9281,107,A4,-0.087367,0.603078,1
20230607T115959,20230628T101631,20.9281,108,A4,-0.024561,0.799019,1
20230607T115959,20230628T101631,20.9281,109,A4,-0.199643,1.535684,0
20230607T115959,20230628T101631,20.9281,110,A4,0.273907,0.000000,1
20230607T115959,20230628T101631,20.9281,111,A4,0.067875,0.800934,1
20230607T115959,20230628T101631,20.9281,112,A4,0.126572,1.042605,0
20230607T115959,20230628T101631,20.9281,114,A4,0.204725,0.770574,0
20230607T115959,20230628T101631,20.9281,116,A4,0.307539,0.976644,1
20230607T115959,20230628T101631,20.9281,118,A4,0.180565,1.112916,0
20230607T115959,20230628T101631,20.9281,119,A4,-0.061700,1.127962,0
20230607T115959,20230628T101631,20.9281,120,A4,0.093882,1.716299,0
20230607T115959,20230628T101631,20.9281,121,A4,0.697065,0.000000,1
20230607T115959,20230628T101631,20.9281,122,A4,0.795759,0.007781,1
20230607T115959,20230628T101631,20.9281,123,A4,-0.050034,0.844928,1
20230607T115959,20230628T101631,20.9281,125,A4,0.253892,1.071375,0
20230607T115959,20230628T101631,20.9281,126,A4,-0.151631,0.782983,0
20230607T115959,20230628T101631,20.9281,127,A4,0.144796,0.773815,1
20230607T115959,20230628T101631,20.9281,129,A5,-0.279310,1.069193,0
20230607T115959,20230628T101631,20.9281,130,A5,0.171357,1.757585,0
20230607T115959,20230628T101631,20.9281,132,A5,-0.302196,1.208422,0
20230607T115959,20230628T101631,20.9281,133,A5,0.018129,0.404084,1
20230607T115959,20230628T101631,20.9281,134,A5,0.263208,0.661987,1
20230607T115959,20230628T101631,20.9281,135,A5,0.000024,0.057817,1
20230607T115959,20230628T101631,20.9281,136,A5,-0.049729,1.190559,0
20230607T115959,20230628T101631,20.9281,137,A5,0.412450,0.868034,0
20230607T115959,20230628T101631,20.9281,138,A5,0.241245,0.685949,1
20230607T115959,20230628T101631,20.9281,141,A5,0.180423,2.000000,0
20230607T115959,20230628T101631,20.9281,142,A5,0.495986,0.382662,0
20230607T115959,20230628T101631,20.9281,143,A5,0.046524,0.945718,1
20230607T115959,20230628T101631,20.9281,145,A5,-0.061198,0.340900,1
20230607T115959,20230628T101631,20.9281,146,A5,0.622794,0.846831,1
20230607T115959,20230628T101631,20.9281,147,A5,0.204590,1.120044,0
20230607T115959,20230628T101631,20.9281,150,A5,-0.030817,1.014060,0
20230607T115959,20230628T101631,20.9281,151,A5,-0.272585,1.044936,0
20230607T115959,20230628T101631,20.9281,152,A5,0.095330,0.845567,1
20230607T115959,20230628T101631,20.9281,153,A5,0.631592,0.364835,1
20230607T115959,20230628T101631,20.9281,155,A5,0.016369,0.000000,1
20230607T115959,20230628T101631,20.9281,157,A5,0.045971,0.900888,1
20230607T115959,20230628T101631,20.9281,158,A5,0.263005,1.379265,0
20230607T115959,20230628T101631,20.9281,159,A5,0.004131,0.865268,1
20230607T115959,20230628T101631,20.9281,160,A5,-0.154395,1.979640,0
20230607T115959,20230629T100435,21.9199,1,A1,0.289211,0.565242,0
20230607T115959,20230629T100435,21.9199,4,A1,0.219415,0.171019,1
20230607T115959,20230629T100435,21.9199,6,A1,0.426131,0.529863,0
20230607T115959,20230629T100435,21.9199,8,A1,0.186504,1.013186,0
20230607T115959,20230629T100435,21.9199,9,A1,-0.206170,2.000000,0
20230607T115959,20230629T100435,21.9199,10,A1,0.534698,0.686526,0
20230607T115959,20230629T100435,21.9199,11,A1,0.362329,0.496817,0
20230607T115959,20230629T100435,21.9199,12,A1,-0.020201,0.306457,0
20230607T115959,20230629T100435,21.9199,13,A1,0.378938,0.487173,0
20230607T115959,20230629T100435,21.9199,14,A1,0.128001,0.176883,1
20230607T115959,20230629T100435,21.9199,15,A1,-0.491514,1.721664,0
20230607T115959,20230629T100435,21.9199,17,A1,0.109488,0.291164,1
20230607T115959,20230629T100435,21.9199,18,A1,0.249389,0.181614,0
20230607T115959,20230629T100435,21.9199,19,A1,0.068568,0.352470,0
20230607T115959,20230629T100435,21.9199,22,A1,-0.120241,0.870773,1
20230607T115959,20230629T100435,21.9199,23,A1,-0.593249,0.151373,1
20230607T115959,20230629T100435,21.9199,24,A1,-0.169918,0.101862,0
20230607T115959,20230629T100435,21.9199,25,A1,0.268019,0.231419,1
20230607T115959,20230629T100435,21.9199,26,A1,-0.158134,1.095710,0
20230607T115959,20230629T100435,21.9199,27,A1,0.089483,0.234649,1
20230607T115959,20230629T100435,21.9199,28,A1,0.250995,1.844422,0
20230607T115959,20230629T100435,21.9199,29,A1,0.321332,0.396907,1
20230607T115959,20230629T100435,21.9199,30,A1,0.307764,0.043131,1
20230607T115959,20230629T100435,21.9199,31,A1,0.559066,0.156076,0
20230607T115959,20230629T100435,21.9199,32,A1,0.658667,0.320272,1
20230607T115959,20230629T100435,21.9199,36,A2,0.315585,0.077588,1
20230607T115959,20230629T100435,21.9199,37,A2,-0.017127,0.117497,1
20230607T115959,20230629T100435,21.9199,38,A2,0.280407,1.376677,0
20230607T115959,20230629T100435,21.9199,39,A2,0.162307,0.316038,0
20230607T115959,20230629T100435,21.9199,40,A2,0.043685,0.078011,1
20230607T115959,20230629T100435,21.9199,41,A2,0.135353,0.588812,1
20230607T115959,20230629T100435,21.9199,42,A2,0.111766,1.036210,0
20230607T115959,20230629T100435,21.9199,43,A2,0.034374,0.782791,1
20230607T115959,20230629T100435,21.9199,44,A2,-0.074943,0.504888,1
20230607T115959,20230629T100435,21.9199,46,A2,0.121235,0.258888,0
20230607T115959,20230629T100435,21.9199,47,A2,0.883294,0.055227,1
20230607T115959,20230629T100435,21.9199,48,A2,0.045924,0.928218,1
20230607T115959,20230629T100435,21.9199,49,A2,0.018987,0.676930,1
20230607T115959,20230629T100435,21.9199,53,A2,-0.212801,0.371119,0
20230607T115959,20230629T100435,21.9199,54,A2,-0.225281,0.985897,1
20230607T115959,20230629T100435,21.9199,55,A2,0.032107,0.366812,0
20230607T115959,20230629T100435,21.9199,57,A2,0.153961,1.002204,0
20230607T115959,20230629T100435,21.9199,58,A2,0.157644,0.678422,0
20230607T115959,20230629T100435,21.9199,59,A2,0.007962,0.279001,0
20230607T115959,20230629T100435,21.9199,60,A2,0.108924,0.437403,1
20230607T115959,20230629T100435,21.9199,61,A2,0.507483,0.463466,0
20230607T115959,20230629T100435,21.9199,62,A2,0.777835,0.742698,1
20230607T115959,20230629T100435,21.9199,63,A2,0.154553,0.045894,1
20230607T115959,20230629T100435,21.9199,64,A2,0.839679,0.600574,1
20230607T115959,20230629T100435,21.9199,67,A3,0.666150,0.000000,1
20230607T115959,20230629T100435,21.9199,69,A3,0.158694,1.704727,0
20230607T115959,20230629T100435,21.9199,70,A3,0.603115,1.183538,0
20230607T115959,20230629T100435,21.9199,71,A3,0.711559,0.326700,1
20230607T115959,20230629T100435,21.9199,72,A3,-0.067344,0.922006,0
20230607T115959,20230629T100435,21.9199,74,A3,-0.138430,0.135380,1
20230607T115959,20230629T100435,21.9199,75,A3,-0.119896,0.975459,1
20230607T115959,20230629T100435,21.9199,76,A3,-0.543430,0.495795,0
20230607T115959,20230629T100435,21.9199,77,A3,0.417300,0.606733,1
20230607T115959,20230629T100435,21.9199,78,A3,-0.066028,0.627692,0
20230607T115959,20230629T100435,21.9199,80,A3,0.757613,1.261787,0
20230607T115959,20230629T100435,21.9199,81,A3,0.298329,0.765195,0
20230607T115959,20230629T100435,21.9199,82,A3,0.325355,0.545782,1
20230607T115959,20230629T100435,21.9199,83,A3,0.363561,1.234980,0
20230607T115959,20230629T100435,21.9199,84,A3,0.072665,0.409852,1
20230607T115959,20230629T100435,21.9199,85,A3,0.117369,1.174845,0
20230607T115959,20230629T100435,21.9199,87,A3,-0.054450,1.245221,0
20230607T115959,20230629T100435,21.9199,88,A3,0.144517,2.000000,0
20230607T115959,20230629T100435,21.9199,90,A3,0.057966,0.875617,1
20230607T115959,20230629T100435,21.9199,91,A3,0.314414,0.086800,1
20230607T115959,20230629T100435,21.9199,93,A3,-0.189880,0.222568,0
20230607T115959,20230629T100435,21.9199,95,A3,-0.199435,1.378776,0
20230607T115959,20230629T100435,21.9199,97,A4,0.338994,0.973632,1
20230607T115959,20230629T100435,21.9199,98,A4,-0.093928,0.303854,0
20230607T115959,20230629T100435,21.9199,100,A4,0.196148,0.058059,0
20230607T115959,20230629T100435,21.9199,101,A4,0.034358,1.032079,0
20230607T115959,20230629T100435,21.9199,102,A4,-0.175414,1.166351,0
20230607T115959,20230629T100435,21.9199,104,A4,-0.188212,1.310159,0
20230607T115959,20230629T100435,21.9199,106,A4,-0.337953,0.199688,0
20230607T115959,20230629T100435,21.9199,107,A4,-0.098387,0.944736,1
20230607T115959,20230629T100435,21.9199,108,A4,0.101408,0.912200,1
20230607T115959,20230629T100435,21.9199,109,A4,0.284897,0.487991,1
20230607T115959,20230629T100435,21.9199,110,A4,-0.342633,1.504141,0
20230607T115959,20230629T100435,21.9199,111,A4,-0.004688,0.144160,1
20230607T115959,20230629T100435,21.9199,112,A4,-0.132609,2.000000,0
20230607T115959,20230629T100435,21.9199,114,A4,-0.003024,0.732089,0
20230607T115959,20230629T100435,21.9199,116,A4,-0.001735,0.990895,1
20230607T115959,20230629T100435,21.9199,118,A4,-0.008568,0.918188,1
20230607T115959,20230629T100435,21.9199,119,A4,-0.200215,2.000000,0
20230607T115959,20230629T100435,21.9199,120,A4,0.264883,0.750089,0
20230607T115959,20230629T100435,21.9199,121,A4,0.407896,0.744254,1
20230607T115959,20230629T100435,21.9199,122,A4,0.745119,0.387581,1
20230607T115959,20230629T100435,21.9199,123,A4,0.049016,1.090832,0
20230607T115959,20230629T100435,21.9199,124,A4,-0.067026,0.806866,1
20230607T115959,20230629T100435,21.9199,125,A4,0.160793,1.074548,0
20230607T115959,20230629T100435,21.9199,126,A4,-0.144531,0.802467,0
20230607T115959,20230629T100435,21.9199,127,A4,0.122323,0.235303,0
20230607T115959,20230629T100435,21.9199,129,A5,-0.054190,1.430427,0
20230607T115959,20230629T100435,21.9199,130,A5,0.180487,1.545981,0
20230607T115959,20230629T100435,21.9199,133,A5,-0.004954,0.932624,1
20230607T115959,20230629T100435,21.9199,134,A5,0.228036,0.726934,1
20230607T115959,20230629T100435,21.9199,135,A5,-0.165731,0.127524,1
20230607T115959,20230629T100435,21.9199,136,A5,0.054895,0.716132,0
20230607T115959,20230629T100435,21.9199,137,A5,0.371541,0.318458,1
20230607T115959,20230629T100435,21.9199,138,A5,-0.031005,0.657932,1
20230607T115959,20230629T100435,21.9199,141,A5,0.238602,1.083911,0
20230607T115959,20230629T100435,21.9199,142,A5,0.209298,0.266399,1
20230607T115959,20230629T100435,21.9199,143,A5,-0.272291,2.000000,0
20230607T115959,20230629T100435,21.9199,145,A5,-0.069441,0.259510,1
20230607T115959,20230629T100435,21.9199,146,A5,0.313229,0.742658,1
20230607T115959,20230629T100435,21.9199,147,A5,0.331101,1.034443,0
20230607T115959,20230629T100435,21.9199,150,A5,-0.336596,0.993551,1
20230607T115959,20230629T100435,21.9199,151,A5,-0.030142,0.807066,1
20230607T115959,20230629T100435,21.9199,152,A5,0.193871,0.972234,1
20230607T115959,20230629T100435,21.9199,153,A5,0.298791,0.096414,0
20230607T115959,20230629T100435,21.9199,156,A5,0.045217,0.150156,1
20230607T115959,20230629T100435,21.9199,157,A5,0.210351,1.030047,0
20230607T115959,20230629T100435,21.9199,158,A5,-0.219420,0.534848,1
20230607T115959,20230629T100435,21.9199,160,A5,-0.026025,0.952337,1
20230607T115959,20230703T122644,26.0186,1,A1,-0.345811,0.547702,0
20230607T115959,20230703T122644,26.0186,3,A1,0.124356,0.908298,0
20230607T115959,20230703T122644,26.0186,4,A1,-0.079874,0.244439,0
20230607T115959,20230703T122644,26.0186,6,A1,-0.080441,0.498139,0
20230607T115959,20230703T122644,26.0186,9,A1,-0.190633,0.920220,1
20230607T115959,20230703T122644,26.0186,10,A1,0.028431,0.602874,0
20230607T115959,20230703T122644,26.0186,11,A1,0.331043,0.365024,1
20230607T115959,20230703T122644,26.0186,12,A1,0.156628,0.552948,1
20230607T115959,20230703T122644,26.0186,13,A1,0.283681,0.650293,0
20230607T115959,20230703T122644,26.0186,14,A1,-0.007606,0.142801,0
20230607T115959,20230703T122644,26.0186,15,A1,-0.230628,0.485216,1
20230607T115959,20230703T122644,26.0186,17,A1,0.258294,0.278329,1
20230607T115959,20230703T122644,26.0186,18,A1,-0.154435,0.240448,1
20230607T115959,20230703T122644,26.0186,19,A1,0.450321,0.696037,1
20230607T115959,20230703T122644,26.0186,21,A1,-0.201990,1.059290,0
20230607T115959,20230703T122644,26.0186,22,A1,-0.180986,1.016180,0
20230607T115959,20230703T122644,26.0186,23,A1,-0.103638,0.168088,1
20230607T115959,20230703T122644,26.0186,24,A1,0.232085,0.109510,0
20230607T115959,20230703T122644,26.0186,26,A1,0.167667,0.966836,1
20230607T115959,20230703T122644,26.0186,27,A1,0.435386,0.203334,1
20230607T115959,20230703T122644,26.0186,28,A1,-0.007241,0.893919,0
20230607T115959,20230703T122644,26.0186,29,A1,0.328046,0.202382,1
20230607T115959,20230703T122644,26.0186,30,A1,0.233901,0.043131,1
20230607T115959,20230703T122644,26.0186,31,A1,0.502909,0.196327,0
20230607T115959,20230703T122644,26.0186,32,A1,0.719561,0.670437,1
20230607T115959,20230703T122644,26.0186,36,A2,-0.141100,1.037946,0
20230607T115959,20230703T122644,26.0186,37,A2,-0.051093,0.841047,1
20230607T115959,20230703T122644,26.0186,39,A2,0.197379,0.484474,0
20230607T115959,20230703T122644,26.0186,40,A2,-0.041049,0.444904,0
20230607T115959,20230703T122644,26.0186,41,A2,-0.156450,1.216519,0
20230607T115959,20230703T122644,26.0186,42,A2,0.104309,0.324414,1
20230607T115959,20230703T122644,26.0186,43,A2,0.158639,0.169910,1
20230607T115959,20230703T122644,26.0186,44,A2,0.482311,0.678158,1
20230607T115959,20230703T122644,26.0186,45,A2,0.547792,0.350916,1
20230607T115959,20230703T122644,26.0186,46,A2,0.102809,0.122141,1
20230607T115959,20230703T122644,26.0186,47,A2,0.761591,0.436078,1
20230607T115959,20230703T122644,26.0186,49,A2,-0.116863,0.676256,1
20230607T115959,20230703T122644,26.0186,51,A2,-0.178663,0.338607,0
20230607T115959,20230703T122644,26.0186,52,A2,-0.008339,0.997822,1
20230607T115959,20230703T122644,26.0186,53,A2,-0.191483,0.349975,0
20230607T115959,20230703T122644,26.0186,55,A2,0.012232,0.102491,1
20230607T115959,20230703T122644,26.0186,57,A2,0.356279,0.777035,1
20230607T115959,20230703T122644,26.0186,58,A2,0.111780,0.174444,1
20230607T115959,20230703T122644,26.0186,59,A2,0.029531,0.339982,0
20230607T115959,20230703T122644,26.0186,60,A2,0.084750,0.002861,1
20230607T115959,20230703T122644,26.0186,62,A2,0.670830,0.367237,1
20230607T115959,20230703T122644,26.0186,63,A2,-0.003183,0.360656,1
20230607T115959,20230703T122644,26.0186,64,A2,0.954021,0.192784,1
20230607T115959,20230703T122644,26.0186,65,A3,-0.349856,1.425504,0
20230607T115959,20230703T122644,26.0186,66,A3,0.534081,0.348706,0
20230607T115959,20230703T122644,26.0186,68,A3,0.389973,0.336962,1
20230607T115959,20230703T122644,26.0186,69,A3,0.086489,1.323123,0
20230607T115959,20230703T122644,26.0186,70,A3,0.351363,0.623405,1
20230607T115959,20230703T122644,26.0186,72,A3,-0.309341,0.119430,0
20230607T115959,20230703T122644,26.0186,73,A3,-0.215947,1.048269,0
20230607T115959,20230703T122644,26.0186,74,A3,0.292786,0.972547,0
20230607T115959,20230703T122644,26.0186,75,A3,-0.018341,1.595658,0
20230607T115959,20230703T122644,26.0186,76,A3,-0.074695,0.633293,0
20230607T115959,20230703T122644,26.0186,77,A3,0.678589,0.488929,0
20230607T115959,20230703T122644,26.0186,78,A3,-0.104277,0.203878,1
20230607T115959,20230703T122644,26.0186,79,A3,0.028510,0.565107,0
20230607T115959,20230703T122644,26.0186,80,A3,0.767413,1.281126,0
20230607T115959,20230703T122644,26.0186,81,A3,0.271814,0.199626,1
20230607T115959,20230703T122644,26.0186,82,A3,-0.126205,0.675734,1
20230607T115959,20230703T122644,26.0186,84,A3,-0.552826,0.506532,0
20230607T115959,20230703T122644,26.0186,85,A3,-0.631925,0.000000,1
20230607T115959,20230703T122644,26.0186,87,A3,0.133907,0.000000,1
20230607T115959,20230703T122644,26.0186,88,A3,-0.068930,0.863805,1
20230607T115959,20230703T122644,26.0186,89,A3,-0.088465,0.911597,1
20230607T115959,20230703T122644,26.0186,90,A3,-0.233773,0.951698,1
20230607T115959,20230703T122644,26.0186,91,A3,0.029178,0.834008,1
20230607T115959,20230703T122644,26.0186,93,A3,-0.151350,0.183468,1
20230607T115959,20230703T122644,26.0186,94,A3,0.195170,0.916887,0
20230607T115959,20230703T122644,26.0186,95,A3,-0.496665,2.000000,0
20230607T115959,20230703T122644,26.0186,97,A4,0.303449,0.902679,1
20230607T115959,20230703T122644,26.0186,98,A4,0.187006,0.157191,1
20230607T115959,20230703T122644,26.0186,99,A4,-0.020454,0.493895,1
20230607T115959,20230703T122644,26.0186,100,A4,0.247993,0.141194,0
20230607T115959,20230703T122644,26.0186,101,A4,0.055254,0.996024,1
20230607T115959,20230703T122644,26.0186,102,A4,0.258513,1.476586,0
20230607T115959,20230703T122644,26.0186,104,A4,0.141774,0.963119,0
20230607T115959,20230703T122644,26.0186,105,A4,0.403340,0.308533,1
20230607T115959,20230703T122644,26.0186,106,A4,0.080647,0.519480,1
20230607T115959,20230703T122644,26.0186,107,A4,0.002177,0.946403,1
20230607T115959,20230703T122644,26.0186,108,A4,0.013271,0.972664,1
20230607T115959,20230703T122644,26.0186,109,A4,0.067786,0.554678,1
20230607T115959,20230703T122644,26.0186,110,A4,0.106041,1.041577,0
20230607T115959,20230703T122644,26.0186,111,A4,-0.042134,0.269601,0
20230607T115959,20230703T122644,26.0186,112,A4,-0.308750,1.056043,0
20230607T115959,20230703T122644,26.0186,114,A4,-0.210048,0.710780,1
20230607T115959,20230703T122644,26.0186,116,A4,-0.032372,1.026935,0
20230607T115959,20230703T122644,26.0186,117,A4,0.166423,0.641478,0
20230607T115959,20230703T122644,26.0186,118,A4,-0.100403,0.877764,1
20230607T115959,20230703T122644,26.0186,119,A4,0.168208,1.463697,0
20230607T115959,20230703T122644,26.0186,121,A4,0.482617,0.234216,1
20230607T115959,20230703T122644,26.0186,122,A4,0.745324,0.224512,1
20230607T115959,20230703T122644,26.0186,123,A4,0.054366,1.063641,0
20230607T115959,20230703T122644,26.0186,124,A4,0.201108,0.596213,1
20230607T115959,20230703T122644,26.0186,125,A4,-0.027801,1.071226,0
20230607T115959,20230703T122644,26.0186,126,A4,0.180703,1.038632,0
20230607T115959,20230703T122644,26.0186,127,A4,0.149233,0.038572,1
20230607T115959,20230703T122644,26.0186,130,A5,0.179387,0.934260,1
20230607T115959,20230703T122644,26.0186,132,A5,-0.071226,2.000000,0
20230607T115959,20230703T122644,26.0186,133,A5,-0.068759,1.453721,0
20230607T115959,20230703T122644,26.0186,134,A5,0.216749,0.670173,1
20230607T115959,20230703T122644,26.0186,135,A5,0.062984,1.453104,0
20230607T115959,20230703T122644,26.0186,136,A5,0.319730,0.195058,1
20230607T115959,20230703T122644,26.0186,137,A5,0.417904,0.361210,1
20230607T115959,20230703T122644,26.0186,138,A5,0.584182,0.916708,1
20230607T115959,20230703T122644,26.0186,141,A5,0.114541,1.054004,0
20230607T115959,20230703T122644,26.0186,142,A5,-0.087894,1.286713,0
20230607T115959,20230703T122644,26.0186,143,A5,0.310324,0.952722,1
20230607T115959,20230703T122644,26.0186,145,A5,-0.118696,0.640365,1
20230607T115959,20230703T122644,26.0186,146,A5,0.359039,0.669505,1
20230607T115959,20230703T122644,26.0186,147,A5,0.299445,1.771243,0
20230607T115959,20230703T122644,26.0186,150,A5,0.044913,0.966490,1
20230607T115959,20230703T122644,26.0186,151,A5,-0.053796,0.991163,1
20230607T115959,20230703T122644,26.0186,152,A5,-0.065176,2.000000,0
20230607T115959,20230703T122644,26.0186,153,A5,0.645818,0.096705,1
20230607T115959,20230703T122644,26.0186,155,A5,0.046088,2.000000,0
20230607T115959,20230703T122644,26.0186,156,A5,0.031072,0.733283,0
20230607T115959,20230703T122644,26.0186,157,A5,0.138362,0.946654,1
20230607T115959,20230703T122644,26.0186,158,A5,0.057764,0.778592,1
20230607T115959,20230703T122644,26.0186,159,A5,0.077702,1.472745,0
20230607T115959,20230703T122644,26.0186,160,A5,-0.274786,1.047326,0
20230609T101610,20230614T114327,5.0606,1,A1,-0.116085,0.202580,1
20230609T101610,20230614T114327,5.0606,4,A1,0.516217,0.206335,1
20230609T101610,20230614T114327,5.0606,6,A1,0.111786,0.259435,1
20230609T101610,20230614T114327,5.0606,8,A1,0.323119,0.237543,0
20230609T101610,20230614T114327,5.0606,9,A1,0.220031,1.986379,0
20230609T101610,20230614T114327,5.0606,10,A1,0.125099,0.083955,0
20230609T101610,20230614T114327,5.0606,11,A1,0.892578,0.327418,1
20230609T101610,20230614T114327,5.0606,12,A1,0.263764,0.170765,1
20230609T101610,20230614T114327,5.0606,13,A1,0.785778,0.104043,1
20230609T101610,20230614T114327,5.0606,14,A1,0.072029,0.549983,1
20230609T101610,20230614T114327,5.0606,15,A1,0.877564,0.556770,1
20230609T101610,20230614T114327,5.0606,17,A1,-0.082484,0.569327,0
20230609T101610,20230614T114327,5.0606,18,A1,0.458689,0.193470,0
20230609T101610,20230614T114327,5.0606,19,A1,0.388567,0.842144,1
20230609T101610,20230614T114327,5.0606,22,A1,0.795782,0.816948,1
20230609T101610,20230614T114327,5.0606,23,A1,0.566996,0.041012,1
20230609T101610,20230614T114327,5.0606,26,A1,0.508255,0.438726,1
20230609T101610,20230614T114327,5.0606,27,A1,-0.140827,0.025783,1
20230609T101610,20230614T114327,5.0606,28,A1,0.590378,0.622340,0
20230609T101610,20230614T114327,5.0606,29,A1,0.810556,0.931868,1
20230609T101610,20230614T114327,5.0606,30,A1,0.849432,0.256015,1
20230609T101610,20230614T114327,5.0606,31,A1,0.635925,0.070276,1
20230609T101610,20230614T114327,5.0606,32,A1,0.601086,0.803319,1
20230609T101610,20230614T114327,5.0606,33,A2,-0.046926,0.228653,1
20230609T101610,20230614T114327,5.0606,34,A2,-0.140845,0.036386,1
20230609T101610,20230614T114327,5.0606,36,A2,0.119294,1.015336,0
20230609T101610,20230614T114327,5.0606,37,A2,0.032365,0.335137,1
20230609T101610,20230614T114327,5.0606,38,A2,0.879381,0.446710,1
20230609T101610,20230614T114327,5.0606,39,A2,0.108129,0.930495,1
20230609T101610,20230614T114327,5.0606,40,A2,0.365044,0.027598,1
20230609T101610,20230614T114327,5.0606,41,A2,0.658773,0.000000,1
20230609T101610,20230614T114327,5.0606,42,A2,0.005017,0.249983,1
20230609T101610,20230614T114327,5.0606,43,A2,0.673264,0.778745,0
20230609T101610,20230614T114327,5.0606,44,A2,0.281030,0.535538,1
20230609T101610,20230614T114327,5.0606,45,A2,0.135486,0.122573,1
20230609T101610,20230614T114327,5.0606,46,A2,-0.086361,0.357891,1
20230609T101610,20230614T114327,5.0606,47,A2,0.952213,0.000000,1
20230609T101610,20230614T114327,5.0606,48,A2,0.326392,1.334013,0
20230609T101610,20230614T114327,5.0606,49,A2,-0.163131,0.348041,0
20230609T101610,20230614T114327,5.0606,50,A2,-0.048914,0.611474,1
20230609T101610,20230614T114327,5.0606,51,A2,0.438526,1.083345,0
20230609T101610,20230614T114327,5.0606,52,A2,-0.307185,0.453071,0
20230609T101610,20230614T114327,5.0606,53,A2,0.217010,0.362806,1
20230609T101610,20230614T114327,5.0606,54,A2,-0.086906,0.190314,1
20230609T101610,20230614T114327,5.0606,55,A2,0.333842,0.237208,0
20230609T101610,20230614T114327,5.0606,56,A2,-0.334158,0.699731,1
20230609T101610,20230614T114327,5.0606,57,A2,0.089152,0.046616,1
20230609T101610,20230614T114327,5.0606,58,A2,0.080424,0.474349,0
20230609T101610,20230614T114327,5.0606,59,A2,0.464758,0.000000,1
20230609T101610,20230614T114327,5.0606,60,A2,0.268733,0.085141,1
20230609T101610,20230614T114327,5.0606,62,A2,0.587291,0.494713,0
20230609T101610,20230614T114327,5.0606,63,A2,0.830307,0.776031,0
20230609T101610,20230614T114327,5.0606,64,A2,0.665886,0.046462,1
20230609T101610,20230614T114327,5.0606,65,A3,-0.144915,1.096692,0
20230609T101610,20230614T114327,5.0606,66,A3,0.754390,1.191936,0
20230609T101610,20230614T114327,5.0606,68,A3,0.691974,1.500885,0
20230609T101610,20230614T114327,5.0606,69,A3,0.909123,0.287394,1
20230609T101610,20230614T114327,5.0606,70,A3,0.670398,1.425766,0
20230609T101610,20230614T114327,5.0606,71,A3,0.869892,1.698618,0
20230609T101610,20230614T114327,5.0606,72,A3,0.050058,0.993010,1
20230609T101610,20230614T114327,5.0606,73,A3,-0.192023,0.061909,1
20230609T101610,20230614T114327,5.0606,74,A3,0.010458,0.238392,1
20230609T101610,20230614T114327,5.0606,75,A3,0.292068,0.911729,1
20230609T101610,20230614T114327,5.0606,76,A3,0.107880,0.492760,0
20230609T101610,20230614T114327,5.0606,77,A3,0.837591,1.330095,0
20230609T101610,20230614T114327,5.0606,78,A3,0.560061,0.221103,1
20230609T101610,20230614T114327,5.0606,79,A3,0.551760,0.639623,1
20230609T101610,20230614T114327,5.0606,80,A3,0.704687,0.184924,1
20230609T101610,20230614T114327,5.0606,81,A3,0.558729,0.712485,1
20230609T101610,20230614T114327,5.0606,82,A3,0.335610,0.821981,0
20230609T101610,20230614T114327,5.0606,83,A3,0.101089,0.064398,0
20230609T101610,20230614T114327,5.0606,84,A3,0.061489,1.550762,0
20230609T101610,20230614T114327,5.0606,85,A3,0.932784,0.000000,1
20230609T101610,20230614T114327,5.0606,86,A3,0.302645,0.731020,1
20230609T101610,20230614T114327,5.0606,87,A3,-0.180886,0.000000,1
20230609T101610,20230614T114327,5.0606,88,A3,0.224460,0.757935,1
20230609T101610,20230614T114327,5.0606,89,A3,0.394395,0.816187,1
20230609T101610,20230614T114327,5.0606,90,A3,-0.074545,0.102816,0
20230609T101610,20230614T114327,5.0606,93,A3,0.669118,0.027372,1
20230609T101610,20230614T114327,5.0606,94,A3,0.254758,0.357323,0
20230609T101610,20230614T114327,5.0606,95,A3,0.030459,0.000000,1
20230609T101610,20230614T114327,5.0606,97,A4,0.420540,0.210253,0
20230609T101610,20230614T114327,5.0606,98,A4,0.235087,1.233061,0
20230609T101610,20230614T114327,5.0606,99,A4,-0.466848,0.011451,1
20230609T101610,20230614T114327,5.0606,100,A4,0.007105,0.069733,1
20230609T101610,20230614T114327,5.0606,101,A4,0.027643,0.012683,1
20230609T101610,20230614T114327,5.0606,103,A4,0.041367,0.902179,0
20230609T101610,20230614T114327,5.0606,104,A4,0.025688,0.166018,1
20230609T101610,20230614T114327,5.0606,105,A4,0.334823,0.222868,0
20230609T101610,20230614T114327,5.0606,106,A4,0.078549,0.180879,1
20230609T101610,20230614T114327,5.0606,107,A4,0.062378,0.137702,1
20230609T101610,20230614T114327,5.0606,108,A4,0.135522,0.783688,0
20230609T101610,20230614T114327,5.0606,109,A4,-0.257113,0.901916,1
20230609T101610,20230614T114327,5.0606,110,A4,0.227919,0.090095,0
20230609T101610,20230614T114327,5.0606,111,A4,0.073326,0.706717,0
20230609T101610,20230614T114327,5.0606,112,A4,-0.175465,0.705964,1
20230609T101610,20230614T114327,5.0606,114,A4,0.081514,0.129925,1
20230609T101610,20230614T114327,5.0606,116,A4,-0.092792,0.037909,1
20230609T101610,20230614T114327,5.0606,118,A4,0.266780,0.952990,1
20230609T101610,20230614T114327,5.0606,119,A4,0.133620,0.529387,0
20230609T101610,20230614T114327,5.0606,121,A4,0.810215,0.045457,1
20230609T101610,20230614T114327,5.0606,122,A4,0.915619,0.211868,1
20230609T101610,20230614T114327,5.0606,123,A4,0.177029,1.222311,0
20230609T101610,20230614T114327,5.0606,124,A4,-0.146671,0.746800,0
20230609T101610,20230614T114327,5.0606,125,A4,-0.135988,0.917438,0
20230609T101610,20230614T114327,5.0606,126,A4,0.118579,1.039319,0
20230609T101610,20230614T114327,5.0606,127,A4,0.025092,0.169390,1
20230609T101610,20230614T114327,5.0606,128,A4,-0.006203,0.577941,0
20230609T101610,20230614T114327,5.0606,129,A5,-0.156284,0.910496,1
20230609T101610,20230614T114327,5.0606,130,A5,0.508945,0.963838,1
20230609T101610,20230614T114327,5.0606,132,A5,0.434847,0.158004,0
20230609T101610,20230614T114327,5.0606,133,A5,-0.099567,1.970649,0
20230609T101610,20230614T114327,5.0606,134,A5,0.752013,0.896531,0
20230609T101610,20230614T114327,5.0606,135,A5,-0.074532,0.677805,0
20230609T101610,20230614T114327,5.0606,136,A5,0.570275,0.279881,1
20230609T101610,20230614T114327,5.0606,137,A5,0.749427,0.040961,1
20230609T101610,20230614T114327,5.0606,138,A5,0.247488,0.439581,1
20230609T101610,20230614T114327,5.0606,139,A5,0.857363,0.000000,1
20230609T101610,20230614T114327,5.0606,141,A5,0.637626,0.451135,1
20230609T101610,20230614T114327,5.0606,142,A5,0.891153,0.012555,1
20230609T101610,20230614T114327,5.0606,143,A5,0.201023,0.773483,0
20230609T101610,20230614T114327,5.0606,144,A5,0.225249,0.163606,0
20230609T101610,20230614T114327,5.0606,145,A5,0.169462,0.007601,1
20230609T101610,20230614T114327,5.0606,146,A5,0.474056,0.489021,1
20230609T101610,20230614T114327,5.0606,147,A5,0.902030,0.074055,1
20230609T101610,20230614T114327,5.0606,149,A5,0.153079,0.128857,0
20230609T101610,20230614T114327,5.0606,150,A5,-0.124144,0.083356,0
20230609T101610,20230614T114327,5.0606,151,A5,0.129151,1.834305,0
20230609T101610,20230614T114327,5.0606,152,A5,-0.350552,0.385614,1
20230609T101610,20230614T114327,5.0606,153,A5,0.812138,0.211005,0
20230609T101610,20230614T114327,5.0606,155,A5,-0.163795,1.071145,0
20230609T101610,20230614T114327,5.0606,157,A5,0.207120,0.155291,0
20230609T101610,20230614T114327,5.0606,158,A5,-0.183462,0.054450,1
20230609T101610,20230614T114327,5.0606,160,A5,0.128467,0.981391,1
20230609T101610,20230619T102732,10.0079,1,A1,-0.069251,0.946757,1
20230609T101610,20230619T102732,10.0079,4,A1,0.316400,0.229280,1
20230609T101610,20230619T102732,10.0079,6,A1,0.034904,0.000171,1
20230609T101610,20230619T102732,10.0079,8,A1,-0.074143,0.462733,0
20230609T101610,20230619T102732,10.0079,9,A1,0.364838,1.633168,0
20230609T101610,20230619T102732,10.0079,10,A1,-0.084454,0.088654,0
20230609T101610,20230619T102732,10.0079,11,A1,0.796779,0.288344,1
20230609T101610,20230619T102732,10.0079,12,A1,0.211806,0.370602,0
20230609T101610,20230619T102732,10.0079,13,A1,0.787485,0.348063,0
20230609T101610,20230619T102732,10.0079,14,A1,0.282035,0.068215,1
20230609T101610,20230619T102732,10.0079,15,A1,0.693865,0.160547,1
20230609T101610,20230619T102732,10.0079,17,A1,0.560769,0.386810,1
20230609T101610,20230619T102732,10.0079,18,A1,0.540792,0.155205,0
20230609T101610,20230619T102732,10.0079,19,A1,-0.088531,0.402458,1
20230609T101610,20230619T102732,10.0079,22,A1,0.649668,0.833745,1
20230609T101610,20230619T102732,10.0079,23,A1,0.658135,0.254534,0
20230609T101610,20230619T102732,10.0079,24,A1,0.246471,0.120609,1
20230609T101610,20230619T102732,10.0079,26,A1,0.326297,0.497793,1
20230609T101610,20230619T102732,10.0079,27,A1,0.418189,0.063364,1
20230609T101610,20230619T102732,10.0079,28,A1,0.328417,0.216892,1
20230609T101610,20230619T102732,10.0079,29,A1,0.705635,1.113456,0
20230609T101610,20230619T102732,10.0079,30,A1,0.459957,0.256015,1
20230609T101610,20230619T102732,10.0079,31,A1,0.742591,0.239384,1
20230609T101610,20230619T102732,10.0079,32,A1,0.583220,0.923380,1
20230609T101610,20230619T102732,10.0079,33,A2,0.075085,0.258896,0
20230609T101610,20230619T102732,10.0079,34,A2,-0.146521,0.206461,0
20230609T101610,20230619T102732,10.0079,37,A2,-0.057206,0.197436,1
20230609T101610,20230619T102732,10.0079,38,A2,0.707951,0.133463,1
20230609T101610,20230619T102732,10.0079,39,A2,0.189656,0.797988,0
20230609T101610,20230619T102732,10.0079,40,A2,-0.256138,0.280205,0
20230609T101610,20230619T102732,10.0079,41,A2,0.504209,0.000000,1
20230609T101610,20230619T102732,10.0079,42,A2,-0.030914,0.606762,1
20230609T101610,20230619T102732,10.0079,43,A2,0.337508,0.189200,1
20230609T101610,20230619T102732,10.0079,44,A2,0.561029,1.233902,0
20230609T101610,20230619T102732,10.0079,45,A2,0.456324,0.846877,1
20230609T101610,20230619T102732,10.0079,46,A2,0.051815,0.173615,0
20230609T101610,20230619T102732,10.0079,47,A2,0.824326,0.171256,1
20230609T101610,20230619T102732,10.0079,48,A2,0.180022,0.382715,1
20230609T101610,20230619T102732,10.0079,49,A2,-0.129524,0.499360,0
20230609T101610,20230619T102732,10.0079,50,A2,-0.015163,0.560477,1
20230609T101610,20230619T102732,10.0079,51,A2,0.058859,1.014091,0
20230609T101610,20230619T102732,10.0079,52,A2,-0.051795,0.216219,0
20230609T101610,20230619T102732,10.0079,53,A2,-0.262686,0.797733,0
20230609T101610,20230619T102732,10.0079,55,A2,0.080114,0.078525,1
20230609T101610,20230619T102732,10.0079,57,A2,0.182420,0.039445,1
20230609T101610,20230619T102732,10.0079,58,A2,0.165389,0.249592,1
20230609T101610,20230619T102732,10.0079,59,A2,0.329662,1.012800,0
20230609T101610,20230619T102732,10.0079,60,A2,0.499714,0.654100,1
20230609T101610,20230619T102732,10.0079,62,A2,0.858929,0.037942,1
20230609T101610,20230619T102732,10.0079,63,A2,0.311430,1.128092,0
20230609T101610,20230619T102732,10.0079,64,A2,0.826070,0.753259,1
20230609T101610,20230619T102732,10.0079,65,A3,-0.204950,0.276548,1
20230609T101610,20230619T102732,10.0079,66,A3,0.491014,0.085274,1
20230609T101610,20230619T102732,10.0079,68,A3,-0.013318,1.462774,0
20230609T101610,20230619T102732,10.0079,69,A3,0.847476,0.166644,1
20230609T101610,20230619T102732,10.0079,70,A3,0.607422,0.749411,0
20230609T101610,20230619T102732,10.0079,71,A3,0.820763,1.161479,0
20230609T101610,20230619T102732,10.0079,72,A3,0.080645,0.879119,1
20230609T101610,20230619T102732,10.0079,73,A3,0.135808,0.056579,1
20230609T101610,20230619T102732,10.0079,74,A3,0.107018,0.368741,0
20230609T101610,20230619T102732,10.0079,75,A3,0.226442,0.006042,1
20230609T101610,20230619T102732,10.0079,76,A3,0.028602,0.669947,0
20230609T101610,20230619T102732,10.0079,77,A3,0.719524,0.174200,1
20230609T101610,20230619T102732,10.0079,78,A3,0.402680,0.133744,1
20230609T101610,20230619T102732,10.0079,79,A3,-0.006547,0.034622,0
20230609T101610,20230619T102732,10.0079,80,A3,0.462173,0.243235,1
20230609T101610,20230619T102732,10.0079,81,A3,0.461662,0.042360,1
20230609T101610,20230619T102732,10.0079,82,A3,0.378571,1.026536,0
20230609T101610,20230619T102732,10.0079,83,A3,-0.185657,0.267181,0
20230609T101610,20230619T102732,10.0079,84,A3,0.153794,0.973493,0
20230609T101610,20230619T102732,10.0079,85,A3,0.836387,0.616102,1
20230609T101610,20230619T102732,10.0079,86,A3,0.502908,0.942297,1
20230609T101610,20230619T102732,10.0079,87,A3,-0.134368,0.000000,1
20230609T101610,20230619T102732,10.0079,88,A3,0.165626,1.014011,0
20230609T101610,20230619T102732,10.0079,89,A3,0.235659,0.125050,1
20230609T101610,20230619T102732,10.0079,90,A3,-0.089193,0.048433,1
20230609T101610,20230619T102732,10.0079,92,A3,0.211441,0.475695,0
20230609T101610,20230619T102732,10.0079,93,A3,0.487221,0.151072,0
20230609T101610,20230619T102732,10.0079,94,A3,-0.137897,0.355911,0
20230609T101610,20230619T102732,10.0079,95,A3,-0.409619,1.119229,0
20230609T101610,20230619T102732,10.0079,96,A3,0.041560,0.055997,0
20230609T101610,20230619T102732,10.0079,97,A4,-0.006801,0.039538,1
20230609T101610,20230619T102732,10.0079,98,A4,0.277114,1.235457,0
20230609T101610,20230619T102732,10.0079,99,A4,0.141189,0.048515,1
20230609T101610,20230619T102732,10.0079,100,A4,0.114285,1.187237,0
20230609T101610,20230619T102732,10.0079,101,A4,-0.065387,0.019159,1
20230609T101610,20230619T102732,10.0079,102,A4,-0.140094,0.114401,0
20230609T101610,20230619T102732,10.0079,103,A4,-0.138097,0.449433,1
20230609T101610,20230619T102732,10.0079,104,A4,-0.033617,0.093889,0
20230609T101610,20230619T102732,10.0079,105,A4,0.326810,0.203819,1
20230609T101610,20230619T102732,10.0079,106,A4,-0.035715,1.443768,0
20230609T101610,20230619T102732,10.0079,107,A4,-0.010201,0.120016,1
20230609T101610,20230619T102732,10.0079,108,A4,0.223350,0.072389,0
20230609T101610,20230619T102732,10.0079,109,A4,0.063431,1.005107,0
20230609T101610,20230619T102732,10.0079,110,A4,0.110018,0.116195,1
20230609T101610,20230619T102732,10.0079,111,A4,-0.164009,0.467317,0
20230609T101610,20230619T102732,10.0079,112,A4,-0.041346,0.838880,0
20230609T101610,20230619T102732,10.0079,114,A4,0.238966,0.074225,1
20230609T101610,20230619T102732,10.0079,116,A4,-0.186339,0.929473,1
20230609T101610,20230619T102732,10.0079,118,A4,-0.055639,0.927456,1
20230609T101610,20230619T102732,10.0079,119,A4,0.078300,0.434770,1
20230609T101610,20230619T102732,10.0079,121,A4,0.807250,0.000000,1
20230609T101610,20230619T102732,10.0079,122,A4,0.862820,0.000000,1
20230609T101610,20230619T102732,10.0079,123,A4,0.068805,0.516025,0
20230609T101610,20230619T102732,10.0079,124,A4,-0.083529,0.557652,1
20230609T101610,20230619T102732,10.0079,125,A4,0.010677,0.822513,0
20230609T101610,20230619T102732,10.0079,126,A4,0.178379,0.898256,1
20230609T101610,20230619T102732,10.0079,127,A4,0.192862,1.031969,0
20230609T101610,20230619T102732,10.0079,129,A5,0.292312,0.863947,1
20230609T101610,20230619T102732,10.0079,130,A5,0.413146,1.009983,0
20230609T101610,20230619T102732,10.0079,132,A5,-0.361997,0.215450,0
20230609T101610,20230619T102732,10.0079,133,A5,-0.205545,1.380750,0
20230609T101610,20230619T102732,10.0079,134,A5,0.329820,0.315489,1
20230609T101610,20230619T102732,10.0079,135,A5,-0.176555,0.048365,1
20230609T101610,20230619T102732,10.0079,136,A5,0.255818,0.269648,1
20230609T101610,20230619T102732,10.0079,137,A5,0.511785,0.067646,1
20230609T101610,20230619T102732,10.0079,138,A5,0.118409,0.341413,1
20230609T101610,20230619T102732,10.0079,139,A5,0.728568,0.276245,1
20230609T101610,20230619T102732,10.0079,141,A5,0.698629,0.593291,1
20230609T101610,20230619T102732,10.0079,142,A5,0.640623,0.012555,1
20230609T101610,20230619T102732,10.0079,143,A5,0.275264,0.143572,1
20230609T101610,20230619T102732,10.0079,144,A5,0.086270,0.110196,1
20230609T101610,20230619T102732,10.0079,145,A5,0.203774,0.150527,1
20230609T101610,20230619T102732,10.0079,146,A5,0.431714,0.307461,1
20230609T101610,20230619T102732,10.0079,147,A5,0.678294,0.526409,0
20230609T101610,20230619T102732,10.0079,148,A5,0.525780,0.563372,1
20230609T101610,20230619T102732,10.0079,149,A5,0.445426,0.061062,1
20230609T101610,20230619T102732,10.0079,150,A5,-0.023750,0.036339,1
20230609T101610,20230619T102732,10.0079,151,A5,0.274392,0.703619,1
20230609T101610,20230619T102732,10.0079,152,A5,-0.110058,0.714495,0
20230609T101610,20230619T102732,10.0079,153,A5,0.716864,0.010544,0
20230609T101610,20230619T102732,10.0079,155,A5,-0.140211,0.737696,1
20230609T101610,20230619T102732,10.0079,157,A5,-0.075399,0.205623,0
20230609T101610,20230619T102732,10.0079,158,A5,-0.237390,0.757553,0
20230609T101610,20230619T102732,10.0079,160,A5,-0.103639,1.248732,0
20230609T101610,20230620T101238,10.9975,1,A1,0.159589,0.352553,1
20230609T101610,20230620T101238,10.9975,4,A1,0.319258,0.337515,1
20230609T101610,20230620T101238,10.9975,6,A1,0.262287,0.106437,1
20230609T101610,20230620T101238,10.9975,8,A1,0.015340,1.125807,0
20230609T101610,20230620T101238,10.9975,9,A1,0.522513,1.193465,0
20230609T101610,20230620T101238,10.9975,10,A1,0.226535,0.214757,0
20230609T101610,20230620T101238,10.9975,11,A1,0.755192,0.124311,0
20230609T101610,20230620T101238,10.9975,12,A1,0.359314,0.035550,1
20230609T101610,20230620T101238,10.9975,13,A1,0.740928,0.183011,1
20230609T101610,20230620T101238,10.9975,14,A1,0.032519,0.811267,1
20230609T101610,20230620T101238,10.9975,15,A1,0.740633,0.130534,1
20230609T101610,20230620T101238,10.9975,17,A1,0.469705,0.224768,1
20230609T101610,20230620T101238,10.9975,18,A1,0.498789,1.096292,0
20230609T101610,20230620T101238,10.9975,19,A1,0.012340,0.735472,1
20230609T101610,20230620T101238,10.9975,22,A1,0.674587,0.000000,1
20230609T101610,20230620T101238,10.9975,23,A1,0.690431,0.056787,1
20230609T101610,20230620T101238,10.9975,24,A1,0.098894,0.298514,1
20230609T101610,20230620T101238,10.9975,26,A1,0.190419,0.729248,0
20230609T101610,20230620T101238,10.9975,27,A1,-0.237512,0.097634,1
20230609T101610,20230620T101238,10.9975,28,A1,0.005741,0.611218,0
20230609T101610,20230620T101238,10.9975,29,A1,0.562410,1.056679,0
20230609T101610,20230620T101238,10.9975,30,A1,0.597585,0.256015,1
20230609T101610,20230620T101238,10.9975,31,A1,0.502412,0.556507,1
20230609T101610,20230620T101238,10.9975,32,A1,0.564861,0.487453,1
20230609T101610,20230620T101238,10.9975,34,A2,-0.001220,1.177318,0
20230609T101610,20230620T101238,10.9975,36,A2,-0.165658,0.124286,1
20230609T101610,20230620T101238,10.9975,37,A2,-0.127698,0.553226,1
20230609T101610,20230620T101238,10.9975,39,A2,-0.069353,1.069505,0
20230609T101610,20230620T101238,10.9975,40,A2,0.082490,0.898713,1
20230609T101610,20230620T101238,10.9975,41,A2,0.591810,0.101158,1
20230609T101610,20230620T101238,10.9975,42,A2,0.088964,0.669179,0
20230609T101610,20230620T101238,10.9975,43,A2,0.448578,0.101834,0
20230609T101610,20230620T101238,10.9975,44,A2,0.460656,0.679979,0
20230609T101610,20230620T101238,10.9975,45,A2,0.491386,0.314014,0
20230609T101610,20230620T101238,10.9975,46,A2,0.297159,0.243325,0
20230609T101610,20230620T101238,10.9975,47,A2,0.872795,0.378397,1
20230609T101610,20230620T101238,10.9975,48,A2,0.090009,1.051039,0
20230609T101610,20230620T101238,10.9975,49,A2,-0.087277,0.319930,1
20230609T101610,20230620T101238,10.9975,50,A2,0.414723,0.413437,1
20230609T101610,20230620T101238,10.9975,51,A2,0.136982,1.033841,0
20230609T101610,20230620T101238,10.9975,52,A2,-0.281235,0.341673,0
20230609T101610,20230620T101238,10.9975,53,A2,-0.181987,1.287488,0
20230609T101610,20230620T101238,10.9975,54,A2,0.064216,0.016690,0
20230609T101610,20230620T101238,10.9975,55,A2,-0.053495,0.152079,1
20230609T101610,20230620T101238,10.9975,57,A2,0.298648,0.071141,1
20230609T101610,20230620T101238,10.9975,58,A2,0.139402,0.116426,1
20230609T101610,20230620T101238,10.9975,59,A2,0.163486,0.753101,1
20230609T101610,20230620T101238,10.9975,60,A2,0.363274,0.654100,1
20230609T101610,20230620T101238,10.9975,62,A2,0.908233,0.476562,1
20230609T101610,20230620T101238,10.9975,63,A2,0.409658,0.915396,0
20230609T101610,20230620T101238,10.9975,64,A2,0.020807,0.753259,1
20230609T101610,20230620T101238,10.9975,65,A3,-0.074133,0.254939,0
20230609T101610,20230620T101238,10.9975,66,A3,0.678662,0.193844,0
20230609T101610,20230620T101238,10.9975,69,A3,0.892457,0.299592,1
20230609T101610,20230620T101238,10.9975,70,A3,0.470813,0.775939,0
20230609T101610,20230620T101238,10.9975,71,A3,0.888856,1.481937,0
20230609T101610,20230620T101238,10.9975,72,A3,-0.185329,0.976091,1
20230609T101610,20230620T101238,10.9975,73,A3,0.116170,0.421753,0
20230609T101610,20230620T101238,10.9975,74,A3,0.219724,0.130939,1
20230609T101610,20230620T101238,10.9975,75,A3,0.405704,0.663310,1
20230609T101610,20230620T101238,10.9975,76,A3,-0.049211,0.172396,1
20230609T101610,20230620T101238,10.9975,77,A3,0.682565,0.917141,0
20230609T101610,20230620T101238,10.9975,78,A3,0.412302,0.087917,1
20230609T101610,20230620T101238,10.9975,79,A3,0.452435,0.039485,0
20230609T101610,20230620T101238,10.9975,80,A3,0.696139,0.184924,1
20230609T101610,20230620T101238,10.9975,81,A3,0.491611,1.038518,0
20230609T101610,20230620T101238,10.9975,82,A3,0.574754,0.823273,0
20230609T101610,20230620T101238,10.9975,83,A3,0.172752,1.050284,0
20230609T101610,20230620T101238,10.9975,84,A3,-0.003868,1.034177,0
20230609T101610,20230620T101238,10.9975,85,A3,0.786936,0.476587,1
20230609T101610,20230620T101238,10.9975,86,A3,-0.121495,1.002808,0
20230609T101610,20230620T101238,10.9975,87,A3,0.128871,0.295543,1
20230609T101610,20230620T101238,10.9975,88,A3,0.166303,0.577128,1
20230609T101610,20230620T101238,10.9975,89,A3,0.076987,0.272864,1
20230609T101610,20230620T101238,10.9975,90,A3,0.282475,0.343780,0
20230609T101610,20230620T101238,10.9975,93,A3,0.495929,0.397056,1
20230609T101610,20230620T101238,10.9975,94,A3,0.183606,0.685941,1
20230609T101610,20230620T101238,10.9975,95,A3,-0.193738,1.119225,0
20230609T101610,20230620T101238,10.9975,96,A3,0.350282,0.086615,0
20230609T101610,20230620T101238,10.9975,97,A4,0.214595,0.019892,1
20230609T101610,20230620T101238,10.9975,98,A4,0.055448,1.599744,0
20230609T101610,20230620T101238,10.9975,99,A4,0.216706,0.116441,1
20230609T101610,20230620T101238,10.9975,100,A4,0.187877,0.640487,0
20230609T101610,20230620T101238,10.9975,101,A4,-0.189942,0.579352,1
20230609T101610,20230620T101238,10.9975,102,A4,-0.201018,0.021230,1
20230609T101610,20230620T101238,10.9975,103,A4,0.169181,0.335911,1
20230609T101610,20230620T101238,10.9975,104,A4,-0.300466,0.007259,1
20230609T101610,20230620T101238,10.9975,105,A4,0.409016,0.213832,1
20230609T101610,20230620T101238,10.9975,106,A4,0.098034,0.857662,1
20230609T101610,20230620T101238,10.9975,107,A4,0.084544,0.323896,1
20230609T101610,20230620T101238,10.9975,108,A4,-0.030567,0.190928,1
20230609T101610,20230620T101238,10.9975,109,A4,0.017027,0.858068,1
20230609T101610,20230620T101238,10.9975,110,A4,0.098399,0.004809,1
20230609T101610,20230620T101238,10.9975,111,A4,0.046330,0.732717,0
20230609T101610,20230620T101238,10.9975,112,A4,0.002639,0.877807,0
20230609T101610,20230620T101238,10.9975,114,A4,-0.140658,0.131933,0
20230609T101610,20230620T101238,10.9975,116,A4,0.041705,0.440799,1
20230609T101610,20230620T101238,10.9975,118,A4,0.385805,0.780761,1
20230609T101610,20230620T101238,10.9975,119,A4,-0.075547,0.489859,0
20230609T101610,20230620T101238,10.9975,121,A4,0.829103,0.000000,1
20230609T101610,20230620T101238,10.9975,122,A4,0.918975,0.000000,1
20230609T101610,20230620T101238,10.9975,123,A4,0.053344,0.094762,1
20230609T101610,20230620T101238,10.9975,124,A4,0.002089,0.483681,1
20230609T101610,20230620T101238,10.9975,125,A4,-0.083713,1.774878,0
20230609T101610,20230620T101238,10.9975,126,A4,0.187710,0.000000,1
20230609T101610,20230620T101238,10.9975,127,A4,-0.001307,0.330850,0
20230609T101610,20230620T101238,10.9975,128,A4,-0.048114,0.477805,0
20230609T101610,20230620T101238,10.9975,129,A5,0.280232,1.171646,0
20230609T101610,20230620T101238,10.9975,130,A5,0.686779,0.098836,1
20230609T101610,20230620T101238,10.9975,132,A5,0.201498,0.059476,0
20230609T101610,20230620T101238,10.9975,133,A5,0.017015,1.207004,0
20230609T101610,20230620T101238,10.9975,134,A5,0.507740,0.319832,1
20230609T101610,20230620T101238,10.9975,135,A5,0.190239,0.492462,0
20230609T101610,20230620T101238,10.9975,136,A5,0.340835,0.418124,1
20230609T101610,20230620T101238,10.9975,137,A5,0.480007,0.203370,1
20230609T101610,20230620T101238,10.9975,138,A5,0.224920,0.245409,1
20230609T101610,20230620T101238,10.9975,139,A5,0.794374,0.173425,1
20230609T101610,20230620T101238,10.9975,141,A5,0.494994,0.593291,1
20230609T101610,20230620T101238,10.9975,142,A5,0.688399,1.827233,0
20230609T101610,20230620T101238,10.9975,143,A5,0.032514,0.380689,1
20230609T101610,20230620T101238,10.9975,144,A5,0.096160,0.745666,0
20230609T101610,20230620T101238,10.9975,145,A5,0.087643,0.244235,1
20230609T101610,20230620T101238,10.9975,146,A5,0.523147,0.480586,1
20230609T101610,20230620T101238,10.9975,147,A5,0.746894,0.801993,0
20230609T101610,20230620T101238,10.9975,148,A5,0.696966,0.597671,1
20230609T101610,20230620T101238,10.9975,149,A5,0.510136,0.731197,1
20230609T101610,20230620T101238,10.9975,150,A5,-0.051017,0.122601,1
20230609T101610,20230620T101238,10.9975,151,A5,0.017331,1.178959,0
20230609T101610,20230620T101238,10.9975,152,A5,-0.172385,1.090464,0
20230609T101610,20230620T101238,10.9975,153,A5,0.554973,0.136510,0
20230609T101610,20230620T101238,10.9975,155,A5,-0.064430,1.939196,0
20230609T101610,20230620T101238,10.9975,157,A5,-0.204123,0.099801,1
20230609T101610,20230620T101238,10.9975,158,A5,0.244957,0.786808,1
20230609T101610,20230620T101238,10.9975,160,A5,0.069710,0.826339,1
20230609T101610,20230621T100721,11.9939,1,A1,0.216126,1.053243,0
20230609T101610,20230621T100721,11.9939,4,A1,0.112379,0.269972,1
20230609T101610,20230621T100721,11.9939,6,A1,-0.127875,0.023156,0
20230609T101610,20230621T100721,11.9939,8,A1,0.214783,1.206683,0
20230609T101610,20230621T100721,11.9939,9,A1,0.250832,1.057959,0
20230609T101610,20230621T100721,11.9939,10,A1,0.004003,0.298525,0
20230609T101610,20230621T100721,11.9939,11,A1,0.663583,0.074474,1
20230609T101610,20230621T100721,11.9939,12,A1,0.013991,0.073532,1
20230609T101610,20230621T100721,11.9939,13,A1,0.729536,0.207318,0
20230609T101610,20230621T100721,11.9939,14,A1,0.165092,0.173305,1
20230609T101610,20230621T100721,11.9939,15,A1,0.668340,0.176837,1
20230609T101610,20230621T100721,11.9939,17,A1,0.288279,0.506198,1
20230609T101610,20230621T100721,11.9939,18,A1,0.335534,0.130264,0
20230609T101610,20230621T100721,11.9939,19,A1,-0.107040,0.842144,1
20230609T101610,20230621T100721,11.9939,22,A1,0.612833,0.845902,1
20230609T101610,20230621T100721,11.9939,23,A1,0.274490,0.004130,1
20230609T101610,20230621T100721,11.9939,24,A1,0.164188,0.477079,1
20230609T101610,20230621T100721,11.9939,26,A1,0.137643,0.589901,1
20230609T101610,20230621T100721,11.9939,27,A1,-0.056659,0.207581,0
20230609T101610,20230621T100721,11.9939,28,A1,0.259199,0.131766,1
20230609T101610,20230621T100721,11.9939,29,A1,0.569102,1.097031,0
20230609T101610,20230621T100721,11.9939,30,A1,0.450100,0.256015,1
20230609T101610,20230621T100721,11.9939,31,A1,0.508108,0.224104,1
20230609T101610,20230621T100721,11.9939,32,A1,0.600251,0.511626,1
20230609T101610,20230621T100721,11.9939,33,A2,0.070499,0.363158,0
20230609T101610,20230621T100721,11.9939,34,A2,0.011655,1.177318,0
20230609T101610,20230621T100721,11.9939,36,A2,0.136294,0.374388,1
20230609T101610,20230621T100721,11.9939,37,A2,-0.114469,0.310217,0
20230609T101610,20230621T100721,11.9939,39,A2,-0.132990,0.081750,1
20230609T101610,20230621T100721,11.9939,40,A2,-0.144917,0.132580,0
20230609T101610,20230621T100721,11.9939,41,A2,0.602533,0.453104,1
20230609T101610,20230621T100721,11.9939,42,A2,-0.211940,0.594377,1
20230609T101610,20230621T100721,11.9939,43,A2,0.499179,0.051474,1
20230609T101610,20230621T100721,11.9939,44,A2,0.564468,0.257701,0
20230609T101610,20230621T100721,11.9939,45,A2,0.377830,0.846877,1
20230609T101610,20230621T100721,11.9939,46,A2,0.242124,0.489501,0
20230609T101610,20230621T100721,11.9939,47,A2,0.880980,0.000000,1
20230609T101610,20230621T100721,11.9939,48,A2,0.006083,0.761975,0
20230609T101610,20230621T100721,11.9939,49,A2,0.243813,0.445378,0
20230609T101610,20230621T100721,11.9939,50,A2,-0.105228,0.699625,1
20230609T101610,20230621T100721,11.9939,51,A2,0.292401,0.501176,1
20230609T101610,20230621T100721,11.9939,52,A2,-0.083003,1.108777,0
20230609T101610,20230621T100721,11.9939,53,A2,-0.238855,0.286472,1
20230609T101610,20230621T100721,11.9939,54,A2,-0.395387,0.019667,1
20230609T101610,20230621T100721,11.9939,55,A2,0.115163,0.042765,1
20230609T101610,20230621T100721,11.9939,57,A2,0.043340,0.311133,0
20230609T101610,20230621T100721,11.9939,58,A2,-0.394831,0.551453,0
20230609T101610,20230621T100721,11.9939,59,A2,0.376965,0.803657,1
20230609T101610,20230621T100721,11.9939,60,A2,0.422816,0.102112,1
20230609T101610,20230621T100721,11.9939,62,A2,0.899361,0.073178,1
20230609T101610,20230621T100721,11.9939,63,A2,0.440395,0.550363,1
20230609T101610,20230621T100721,11.9939,64,A2,0.771791,0.030306,1
20230609T101610,20230621T100721,11.9939,65,A3,-0.050364,0.417225,0
20230609T101610,20230621T100721,11.9939,66,A3,0.729455,0.057399,1
20230609T101610,20230621T100721,11.9939,69,A3,0.780876,0.277174,1
20230609T101610,20230621T100721,11.9939,70,A3,0.528867,1.021485,0
20230609T101610,20230621T100721,11.9939,71,A3,0.847642,1.698618,0
20230609T101610,20230621T100721,11.9939,72,A3,-0.094542,1.046464,0
20230609T101610,20230621T100721,11.9939,73,A3,0.130649,0.346289,1
20230609T101610,20230621T100721,11.9939,74,A3,0.103900,0.326325,0
20230609T101610,20230621T100721,11.9939,75,A3,0.391510,0.911729,1
20230609T101610,20230621T100721,11.9939,76,A3,-0.162550,0.312070,0
20230609T101610,20230621T100721,11.9939,77,A3,0.669642,0.586411,0
20230609T101610,20230621T100721,11.9939,78,A3,-0.080846,0.082170,1
20230609T101610,20230621T100721,11.9939,79,A3,-0.277603,0.041961,0
20230609T101610,20230621T100721,11.9939,80,A3,0.493190,0.631623,1
20230609T101610,20230621T100721,11.9939,81,A3,0.085136,0.195516,1
20230609T101610,20230621T100721,11.9939,82,A3,0.592421,1.026536,0
20230609T101610,20230621T100721,11.9939,83,A3,-0.140127,0.085145,0
20230609T101610,20230621T100721,11.9939,84,A3,0.308249,0.089611,1
20230609T101610,20230621T100721,11.9939,85,A3,0.786828,1.418655,0
20230609T101610,20230621T100721,11.9939,86,A3,-0.084437,0.999394,1
20230609T101610,20230621T100721,11.9939,87,A3,-0.291444,1.232304,0
20230609T101610,20230621T100721,11.9939,88,A3,0.267013,0.924594,1
20230609T101610,20230621T100721,11.9939,89,A3,0.071006,0.816187,1
20230609T101610,20230621T100721,11.9939,90,A3,-0.218941,0.289177,0
20230609T101610,20230621T100721,11.9939,93,A3,0.338231,0.029025,0
20230609T101610,20230621T100721,11.9939,94,A3,0.157758,0.255999,0
20230609T101610,20230621T100721,11.9939,95,A3,-0.353837,1.005243,0
20230609T101610,20230621T100721,11.9939,96,A3,-0.241184,0.096377,0
20230609T101610,20230621T100721,11.9939,97,A4,0.009342,0.091120,0
20230609T101610,20230621T100721,11.9939,98,A4,0.233629,1.418176,0
20230609T101610,20230621T100721,11.9939,99,A4,0.257640,0.004924,1
20230609T101610,20230621T100721,11.9939,100,A4,-0.234036,0.238307,0
20230609T101610,20230621T100721,11.9939,101,A4,0.007065,0.027395,1
20230609T101610,20230621T100721,11.9939,102,A4,-0.043705,0.210957,1
20230609T101610,20230621T100721,11.9939,103,A4,-0.033900,0.643504,0
20230609T101610,20230621T100721,11.9939,104,A4,0.203220,0.035518,1
20230609T101610,20230621T100721,11.9939,105,A4,0.037684,0.147870,1
20230609T101610,20230621T100721,11.9939,106,A4,-0.384376,0.220212,1
20230609T101610,20230621T100721,11.9939,107,A4,0.108967,0.449341,0
20230609T101610,20230621T100721,11.9939,108,A4,-0.108034,1.023316,0
20230609T101610,20230621T100721,11.9939,109,A4,0.114991,0.925636,1
20230609T101610,20230621T100721,11.9939,110,A4,0.101651,0.181216,0
20230609T101610,20230621T100721,11.9939,111,A4,0.028567,0.463845,0
20230609T101610,20230621T100721,11.9939,112,A4,0.251077,0.259172,1
20230609T101610,20230621T100721,11.9939,114,A4,0.049236,0.143050,0
20230609T101610,20230621T100721,11.9939,118,A4,0.152113,0.944377,1
20230609T101610,20230621T100721,11.9939,119,A4,-0.018202,0.370509,1
20230609T101610,20230621T100721,11.9939,121,A4,0.802580,0.639216,1
20230609T101610,20230621T100721,11.9939,122,A4,0.795773,0.000000,1
20230609T101610,20230621T100721,11.9939,123,A4,0.190011,0.506817,0
20230609T101610,20230621T100721,11.9939,124,A4,-0.405513,0.909704,0
20230609T101610,20230621T100721,11.9939,125,A4,-0.015466,0.210379,1
20230609T101610,20230621T100721,11.9939,126,A4,0.113813,0.807375,1
20230609T101610,20230621T100721,11.9939,128,A4,0.330914,1.456679,0
20230609T101610,20230621T100721,11.9939,129,A5,0.218615,1.069338,0
20230609T101610,20230621T100721,11.9939,130,A5,0.209033,0.981639,1
20230609T101610,20230621T100721,11.9939,132,A5,-0.208535,0.063877,0
20230609T101610,20230621T100721,11.9939,133,A5,0.038782,0.961092,1
20230609T101610,20230621T100721,11.9939,134,A5,0.344131,0.378270,1
20230609T101610,20230621T100721,11.9939,135,A5,-0.054980,1.121282,0
20230609T101610,20230621T100721,11.9939,136,A5,0.447214,0.611622,0
20230609T101610,20230621T100721,11.9939,137,A5,0.247428,0.101712,1
20230609T101610,20230621T100721,11.9939,138,A5,0.349129,0.362835,1
20230609T101610,20230621T100721,11.9939,139,A5,0.802018,0.000000,1
20230609T101610,20230621T100721,11.9939,141,A5,0.431596,0.012820,1
20230609T101610,20230621T100721,11.9939,142,A5,0.534738,0.012555,1
20230609T101610,20230621T100721,11.9939,143,A5,-0.202024,0.380689,1
20230609T101610,20230621T100721,11.9939,144,A5,0.148546,0.435931,1
20230609T101610,20230621T100721,11.9939,145,A5,-0.047208,0.079150,0
20230609T101610,20230621T100721,11.9939,146,A5,0.301162,0.082320,1
20230609T101610,20230621T100721,11.9939,147,A5,0.692455,0.692523,0
20230609T101610,20230621T100721,11.9939,148,A5,0.598092,0.299776,1
20230609T101610,20230621T100721,11.9939,149,A5,-0.001433,0.061238,1
20230609T101610,20230621T100721,11.9939,150,A5,-0.194656,0.055108,0
20230609T101610,20230621T100721,11.9939,151,A5,-0.332977,0.969161,0
20230609T101610,20230621T100721,11.9939,152,A5,0.016720,0.673158,0
20230609T101610,20230621T100721,11.9939,153,A5,0.582566,0.069753,0
20230609T101610,20230621T100721,11.9939,155,A5,0.176864,0.899829,1
20230609T101610,20230621T100721,11.9939,157,A5,-0.311535,0.347651,0
20230609T101610,20230621T100721,11.9939,158,A5,0.040991,0.180710,1
20230609T101610,20230621T100721,11.9939,160,A5,0.244097,0.770676,1
20230609T101610,20230622T111856,13.0436,1,A1,0.047773,0.084807,1
20230609T101610,20230622T111856,13.0436,4,A1,0.155382,0.350681,1
20230609T101610,20230622T111856,13.0436,6,A1,-0.250207,0.040608,1
20230609T101610,20230622T111856,13.0436,8,A1,-0.024614,1.206683,0
20230609T101610,20230622T111856,13.0436,9,A1,0.481812,1.205086,0
20230609T101610,20230622T111856,13.0436,10,A1,-0.314056,0.836128,0
20230609T101610,20230622T111856,13.0436,11,A1,0.473102,0.911791,1
20230609T101610,20230622T111856,13.0436,12,A1,0.196909,1.188610,0
20230609T101610,20230622T111856,13.0436,13,A1,0.759259,0.152032,1
20230609T101610,20230622T111856,13.0436,14,A1,0.329946,0.072175,1
20230609T101610,20230622T111856,13.0436,15,A1,0.490245,0.286473,1
20230609T101610,20230622T111856,13.0436,17,A1,0.233857,0.219864,1
20230609T101610,20230622T111856,13.0436,18,A1,0.396252,0.963606,0
20230609T101610,20230622T111856,13.0436,19,A1,-0.194062,0.439508,1
20230609T101610,20230622T111856,13.0436,22,A1,0.692186,0.576906,1
20230609T101610,20230622T111856,13.0436,23,A1,0.246378,0.524893,1
20230609T101610,20230622T111856,13.0436,24,A1,-0.018311,0.018463,1
20230609T101610,20230622T111856,13.0436,25,A1,0.177726,0.531852,1
20230609T101610,20230622T111856,13.0436,26,A1,-0.062026,0.623375,1
20230609T101610,20230622T111856,13.0436,27,A1,0.047391,0.245271,0
20230609T101610,20230622T111856,13.0436,28,A1,0.354440,0.850438,1
20230609T101610,20230622T111856,13.0436,29,A1,0.590363,0.786056,1
20230609T101610,20230622T111856,13.0436,30,A1,0.083986,0.254455,1
20230609T101610,20230622T111856,13.0436,31,A1,0.451632,0.293888,0
20230609T101610,20230622T111856,13.0436,32,A1,0.498458,0.935942,1
20230609T101610,20230622T111856,13.0436,33,A2,0.061837,0.237316,0
20230609T101610,20230622T111856,13.0436,34,A2,0.090081,0.140656,1
20230609T101610,20230622T111856,13.0436,36,A2,0.186264,0.563438,1
20230609T101610,20230622T111856,13.0436,37,A2,-0.170287,0.221958,1
20230609T101610,20230622T111856,13.0436,39,A2,0.085981,0.055786,1
20230609T101610,20230622T111856,13.0436,40,A2,-0.336862,0.190725,0
20230609T101610,20230622T111856,13.0436,41,A2,0.365999,0.000000,1
20230609T101610,20230622T111856,13.0436,42,A2,-0.183425,0.341924,1
20230609T101610,20230622T111856,13.0436,43,A2,0.349876,0.435748,0
20230609T101610,20230622T111856,13.0436,44,A2,0.256274,0.546392,0
20230609T101610,20230622T111856,13.0436,45,A2,0.622184,0.100292,1
20230609T101610,20230622T111856,13.0436,46,A2,0.282162,0.144925,0
20230609T101610,20230622T111856,13.0436,47,A2,0.766586,0.000000,1
20230609T101610,20230622T111856,13.0436,48,A2,0.670736,0.595426,0
20230609T101610,20230622T111856,13.0436,49,A2,0.000780,0.393896,1
20230609T101610,20230622T111856,13.0436,50,A2,0.139182,1.364663,0
20230609T101610,20230622T111856,13.0436,51,A2,0.294381,0.589541,1
20230609T101610,20230622T111856,13.0436,52,A2,-0.147154,0.098611,1
20230609T101610,20230622T111856,13.0436,53,A2,-0.357010,0.682206,0
20230609T101610,20230622T111856,13.0436,54,A2,-0.073895,0.465667,1
20230609T101610,20230622T111856,13.0436,55,A2,-0.062181,0.110785,1
20230609T101610,20230622T111856,13.0436,57,A2,0.033346,0.489014,0
20230609T101610,20230622T111856,13.0436,58,A2,0.265303,0.063488,1
20230609T101610,20230622T111856,13.0436,59,A2,0.164267,1.017126,0
20230609T101610,20230622T111856,13.0436,60,A2,0.015969,0.427178,0
20230609T101610,20230622T111856,13.0436,62,A2,0.927797,0.106549,1
20230609T101610,20230622T111856,13.0436,63,A2,0.451361,0.602828,1
20230609T101610,20230622T111856,13.0436,64,A2,0.907878,0.137288,1
20230609T101610,20230622T111856,13.0436,65,A3,-0.063131,1.096692,0
20230609T101610,20230622T111856,13.0436,66,A3,0.727510,0.074255,1
20230609T101610,20230622T111856,13.0436,68,A3,0.516834,1.500885,0
20230609T101610,20230622T111856,13.0436,69,A3,0.823701,0.379287,1
20230609T101610,20230622T111856,13.0436,70,A3,0.741928,0.464382,1
20230609T101610,20230622T111856,13.0436,71,A3,0.850319,1.599362,0
20230609T101610,20230622T111856,13.0436,72,A3,0.095159,0.922980,1
20230609T101610,20230622T111856,13.0436,73,A3,0.025368,0.932230,1
20230609T101610,20230622T111856,13.0436,74,A3,-0.284827,1.174668,0
20230609T101610,20230622T111856,13.0436,75,A3,0.347977,0.151616,1
20230609T101610,20230622T111856,13.0436,76,A3,0.045369,0.012194,1
20230609T101610,20230622T111856,13.0436,77,A3,0.578867,0.559321,0
20230609T101610,20230622T111856,13.0436,78,A3,0.350119,0.366271,1
20230609T101610,20230622T111856,13.0436,79,A3,0.112161,0.035238,0
20230609T101610,20230622T111856,13.0436,80,A3,0.434550,0.627125,1
20230609T101610,20230622T111856,13.0436,81,A3,0.320754,0.308587,1
20230609T101610,20230622T111856,13.0436,82,A3,0.556347,1.026536,0
20230609T101610,20230622T111856,13.0436,83,A3,0.024907,0.570895,0
20230609T101610,20230622T111856,13.0436,84,A3,0.331917,0.725724,1
20230609T101610,20230622T111856,13.0436,85,A3,0.842198,0.773178,1
20230609T101610,20230622T111856,13.0436,86,A3,-0.214318,0.785297,1
20230609T101610,20230622T111856,13.0436,87,A3,-0.333084,1.320304,0
20230609T101610,20230622T111856,13.0436,88,A3,0.086621,1.076553,0
20230609T101610,20230622T111856,13.0436,89,A3,0.198295,0.384585,1
20230609T101610,20230622T111856,13.0436,90,A3,0.230790,0.080811,1
20230609T101610,20230622T111856,13.0436,93,A3,0.121143,0.317839,0
20230609T101610,20230622T111856,13.0436,94,A3,-0.049207,0.356607,0
20230609T101610,20230622T111856,13.0436,95,A3,-0.112613,1.150899,0
20230609T101610,20230622T111856,13.0436,96,A3,0.020668,0.214100,0
20230609T101610,20230622T111856,13.0436,97,A4,0.330551,0.078961,1
20230609T101610,20230622T111856,13.0436,98,A4,0.061056,0.975232,1
20230609T101610,20230622T111856,13.0436,99,A4,0.082332,0.085912,0
20230609T101610,20230622T111856,13.0436,100,A4,0.119399,0.037835,1
20230609T101610,20230622T111856,13.0436,101,A4,-0.119811,0.194735,0
20230609T101610,20230622T111856,13.0436,102,A4,0.109184,0.092056,1
20230609T101610,20230622T111856,13.0436,103,A4,-0.229363,0.208891,1
20230609T101610,20230622T111856,13.0436,104,A4,-0.123511,0.096152,1
20230609T101610,20230622T111856,13.0436,105,A4,0.534011,0.117568,1
20230609T101610,20230622T111856,13.0436,106,A4,-0.018369,0.756555,1
20230609T101610,20230622T111856,13.0436,107,A4,-0.070663,0.144229,1
20230609T101610,20230622T111856,13.0436,108,A4,0.150171,0.610181,1
20230609T101610,20230622T111856,13.0436,109,A4,0.118929,0.869170,1
20230609T101610,20230622T111856,13.0436,110,A4,0.155743,0.266412,0
20230609T101610,20230622T111856,13.0436,111,A4,-0.118274,0.631746,1
20230609T101610,20230622T111856,13.0436,112,A4,0.259037,0.825567,0
20230609T101610,20230622T111856,13.0436,114,A4,0.110895,0.213277,0
20230609T101610,20230622T111856,13.0436,116,A4,0.072006,0.670279,0
20230609T101610,20230622T111856,13.0436,118,A4,-0.233180,1.235108,0
20230609T101610,20230622T111856,13.0436,119,A4,0.014529,0.285859,1
20230609T101610,20230622T111856,13.0436,121,A4,0.765649,0.838869,1
20230609T101610,20230622T111856,13.0436,122,A4,0.782517,0.311720,1
20230609T101610,20230622T111856,13.0436,123,A4,-0.223294,0.378437,0
20230609T101610,20230622T111856,13.0436,124,A4,0.196617,0.723877,0
20230609T101610,20230622T111856,13.0436,125,A4,0.080000,0.735077,1
20230609T101610,20230622T111856,13.0436,126,A4,0.084006,0.953213,1
20230609T101610,20230622T111856,13.0436,127,A4,-0.005892,0.679912,0
20230609T101610,20230622T111856,13.0436,128,A4,-0.115296,0.494020,0
20230609T101610,20230622T111856,13.0436,130,A5,0.432121,0.000000,1
20230609T101610,20230622T111856,13.0436,132,A5,-0.007599,0.005174,1
20230609T101610,20230622T111856,13.0436,133,A5,-0.014669,1.791000,0
20230609T101610,20230622T111856,13.0436,134,A5,0.347543,0.602492,1
20230609T101610,20230622T111856,13.0436,135,A5,0.093908,0.304331,1
20230609T101610,20230622T111856,13.0436,136,A5,-0.041297,0.142588,0
20230609T101610,20230622T111856,13.0436,137,A5,0.245431,0.028740,1
20230609T101610,20230622T111856,13.0436,138,A5,0.444968,0.508148,1
20230609T101610,20230622T111856,13.0436,139,A5,0.722078,0.081854,1
20230609T101610,20230622T111856,13.0436,141,A5,0.461636,0.221067,1
20230609T101610,20230622T111856,13.0436,142,A5,-0.103240,0.563867,1
20230609T101610,20230622T111856,13.0436,143,A5,0.122202,0.806761,0
20230609T101610,20230622T111856,13.0436,144,A5,0.068175,0.216200,0
20230609T101610,20230622T111856,13.0436,145,A5,0.088384,0.510481,1
20230609T101610,20230622T111856,13.0436,146,A5,0.447579,0.489021,1
20230609T101610,20230622T111856,13.0436,147,A5,0.630336,0.834563,0
20230609T101610,20230622T111856,13.0436,148,A5,0.612680,0.075781,1
20230609T101610,20230622T111856,13.0436,149,A5,0.430503,0.933097,1
20230609T101610,20230622T111856,13.0436,150,A5,0.274223,0.037755,0
20230609T101610,20230622T111856,13.0436,151,A5,0.132883,0.550246,1
20230609T101610,20230622T111856,13.0436,152,A5,0.113566,0.660630,0
20230609T101610,20230622T111856,13.0436,153,A5,0.483825,0.181640,0
20230609T101610,20230622T111856,13.0436,155,A5,0.116688,1.452438,0
20230609T101610,20230622T111856,13.0436,157,A5,-0.162728,0.384757,1
20230609T101610,20230622T111856,13.0436,158,A5,0.244261,0.006876,1
20230609T101610,20230622T111856,13.0436,160,A5,0.404446,0.772319,1
20230609T101610,20230628T101631,19.0002,1,A1,-0.071187,0.071692,1
20230609T101610,20230628T101631,19.0002,4,A1,-0.196460,0.371238,0
20230609T101610,20230628T101631,19.0002,6,A1,0.010579,1.001699,0
20230609T101610,20230628T101631,19.0002,8,A1,-0.179108,0.492461,0
20230609T101610,20230628T101631,19.0002,9,A1,0.346810,1.366107,0
20230609T101610,20230628T101631,19.0002,10,A1,-0.220131,0.125077,0
20230609T101610,20230628T101631,19.0002,11,A1,0.657347,0.057171,1
20230609T101610,20230628T101631,19.0002,12,A1,0.345254,0.274756,0
20230609T101610,20230628T101631,19.0002,13,A1,0.728162,0.213764,0
20230609T101610,20230628T101631,19.0002,14,A1,0.073671,0.165973,1
20230609T101610,20230628T101631,19.0002,15,A1,0.729665,0.041452,1
20230609T101610,20230628T101631,19.0002,17,A1,0.441794,0.565833,0
20230609T101610,20230628T101631,19.0002,18,A1,0.203206,0.806482,0
20230609T101610,20230628T101631,19.0002,19,A1,0.370437,0.569863,1
20230609T101610,20230628T101631,19.0002,22,A1,0.478364,0.615286,1
20230609T101610,20230628T101631,19.0002,23,A1,-0.479047,0.089070,1
20230609T101610,20230628T101631,19.0002,24,A1,-0.024219,0.066858,1
20230609T101610,20230628T101631,19.0002,25,A1,-0.141337,0.000000,1
20230609T101610,20230628T101631,19.0002,26,A1,-0.005819,0.667187,0
20230609T101610,20230628T101631,19.0002,27,A1,-0.213169,0.242556,1
20230609T101610,20230628T101631,19.0002,28,A1,0.442728,0.123382,1
20230609T101610,20230628T101631,19.0002,29,A1,0.555372,0.967302,1
20230609T101610,20230628T101631,19.0002,30,A1,0.246069,0.256015,1
20230609T101610,20230628T101631,19.0002,31,A1,0.588206,0.224454,1
20230609T101610,20230628T101631,19.0002,32,A1,0.485004,0.935942,1
20230609T101610,20230628T101631,19.0002,33,A2,0.271717,0.509813,0
20230609T101610,20230628T101631,19.0002,34,A2,0.008268,0.201799,0
20230609T101610,20230628T101631,19.0002,36,A2,-0.014150,0.838380,0
20230609T101610,20230628T101631,19.0002,37,A2,0.109583,0.393669,0
20230609T101610,20230628T101631,19.0002,39,A2,0.187294,0.559252,0
20230609T101610,20230628T101631,19.0002,40,A2,-0.183143,0.011559,1
20230609T101610,20230628T101631,19.0002,41,A2,0.537508,1.270570,0
20230609T101610,20230628T101631,19.0002,42,A2,0.019810,0.300698,1
20230609T101610,20230628T101631,19.0002,43,A2,0.375632,0.113935,1
20230609T101610,20230628T101631,19.0002,44,A2,0.578274,1.233902,0
20230609T101610,20230628T101631,19.0002,46,A2,0.088937,0.968203,0
20230609T101610,20230628T101631,19.0002,47,A2,0.905194,0.583271,1
20230609T101610,20230628T101631,19.0002,48,A2,-0.110209,0.665987,1
20230609T101610,20230628T101631,19.0002,49,A2,0.150079,0.342207,0
20230609T101610,20230628T101631,19.0002,51,A2,0.174635,0.803356,1
20230609T101610,20230628T101631,19.0002,52,A2,-0.040673,0.891223,1
20230609T101610,20230628T101631,19.0002,53,A2,-0.287615,0.303617,1
20230609T101610,20230628T101631,19.0002,54,A2,-0.019655,0.098711,1
20230609T101610,20230628T101631,19.0002,55,A2,0.015863,0.016938,1
20230609T101610,20230628T101631,19.0002,56,A2,0.111995,0.457488,1
20230609T101610,20230628T101631,19.0002,57,A2,0.039557,0.231779,1
20230609T101610,20230628T101631,19.0002,58,A2,0.298677,0.047921,1
20230609T101610,20230628T101631,19.0002,59,A2,0.676046,0.611195,1
20230609T101610,20230628T101631,19.0002,60,A2,0.464766,0.554903,1
20230609T101610,20230628T101631,19.0002,62,A2,0.777300,0.074214,1
20230609T101610,20230628T101631,19.0002,63,A2,0.479257,0.862811,0
20230609T101610,20230628T101631,19.0002,64,A2,0.812784,0.156058,1
20230609T101610,20230628T101631,19.0002,65,A3,-0.093563,1.096692,0
20230609T101610,20230628T101631,19.0002,66,A3,0.631344,0.096023,1
20230609T101610,20230628T101631,19.0002,68,A3,0.553661,0.729095,0
20230609T101610,20230628T101631,19.0002,69,A3,0.678336,0.537847,1
20230609T101610,20230628T101631,19.0002,70,A3,0.642953,0.752262,0
20230609T101610,20230628T101631,19.0002,71,A3,0.882694,1.023204,0
20230609T101610,20230628T101631,19.0002,72,A3,-0.248156,0.979791,1
20230609T101610,20230628T101631,19.0002,73,A3,0.107841,0.122528,0
20230609T101610,20230628T101631,19.0002,74,A3,-0.026545,0.156248,1
20230609T101610,20230628T101631,19.0002,75,A3,0.254600,0.911729,1
20230609T101610,20230628T101631,19.0002,76,A3,-0.563545,0.105642,1
20230609T101610,20230628T101631,19.0002,77,A3,0.386154,1.330095,0
20230609T101610,20230628T101631,19.0002,78,A3,-0.141215,0.014500,1
20230609T101610,20230628T101631,19.0002,79,A3,0.065785,0.187444,1
20230609T101610,20230628T101631,19.0002,80,A3,0.610008,0.736202,1
20230609T101610,20230628T101631,19.0002,81,A3,0.187816,0.012493,1
20230609T101610,20230628T101631,19.0002,82,A3,0.581434,1.026536,0
20230609T101610,20230628T101631,19.0002,83,A3,-0.054094,0.145537,0
20230609T101610,20230628T101631,19.0002,84,A3,0.075968,1.027155,0
20230609T101610,20230628T101631,19.0002,85,A3,-0.349246,0.339572,1
20230609T101610,20230628T101631,19.0002,86,A3,-0.002144,0.764010,1
20230609T101610,20230628T101631,19.0002,87,A3,-0.109863,0.698699,1
20230609T101610,20230628T101631,19.0002,88,A3,-0.076259,0.786462,1
20230609T101610,20230628T101631,19.0002,89,A3,-0.144279,0.194746,0
20230609T101610,20230628T101631,19.0002,93,A3,0.109948,0.303238,1
20230609T101610,20230628T101631,19.0002,94,A3,-0.267060,0.287032,0
20230609T101610,20230628T101631,19.0002,95,A3,-0.256879,1.560540,0
20230609T101610,20230628T101631,19.0002,96,A3,0.372083,0.035294,1
20230609T101610,20230628T101631,19.0002,97,A4,0.007691,0.384958,0
20230609T101610,20230628T101631,19.0002,98,A4,-0.092789,0.962817,1
20230609T101610,20230628T101631,19.0002,100,A4,0.117659,0.254956,0
20230609T101610,20230628T101631,19.0002,101,A4,0.078106,0.029668,1
20230609T101610,20230628T101631,19.0002,102,A4,-0.144510,0.053905,1
20230609T101610,20230628T101631,19.0002,103,A4,0.100483,0.180713,1
20230609T101610,20230628T101631,19.0002,104,A4,-0.201005,0.192476,0
20230609T101610,20230628T101631,19.0002,105,A4,0.320772,0.315885,0
20230609T101610,20230628T101631,19.0002,106,A4,0.067954,1.526089,0
20230609T101610,20230628T101631,19.0002,107,A4,-0.035057,0.410589,0
20230609T101610,20230628T101631,19.0002,108,A4,-0.325544,0.177665,1
20230609T101610,20230628T101631,19.0002,109,A4,-0.084778,1.535684,0
20230609T101610,20230628T101631,19.0002,110,A4,-0.059364,0.923191,1
20230609T101610,20230628T101631,19.0002,111,A4,-0.405060,1.368254,0
20230609T101610,20230628T101631,19.0002,112,A4,0.163048,0.783434,0
20230609T101610,20230628T101631,19.0002,114,A4,0.036040,0.158998,0
20230609T101610,20230628T101631,19.0002,116,A4,-0.097080,0.093883,0
20230609T101610,20230628T101631,19.0002,118,A4,-0.153559,0.887084,1
20230609T101610,20230628T101631,19.0002,119,A4,-0.145798,0.572826,0
20230609T101610,20230628T101631,19.0002,121,A4,0.808279,0.000000,1
20230609T101610,20230628T101631,19.0002,122,A4,0.778167,0.007781,1
20230609T101610,20230628T101631,19.0002,123,A4,-0.357752,0.403130,0
20230609T101610,20230628T101631,19.0002,125,A4,-0.377262,0.718247,1
20230609T101610,20230628T101631,19.0002,126,A4,-0.028094,1.128772,0
20230609T101610,20230628T101631,19.0002,127,A4,0.055469,0.784141,1
20230609T101610,20230628T101631,19.0002,129,A5,0.053526,0.930807,1
20230609T101610,20230628T101631,19.0002,130,A5,0.557331,0.242415,1
20230609T101610,20230628T101631,19.0002,132,A5,0.333282,0.266477,0
20230609T101610,20230628T101631,19.0002,133,A5,-0.096268,1.595916,0
20230609T101610,20230628T101631,19.0002,134,A5,0.457343,0.560612,1
20230609T101610,20230628T101631,19.0002,135,A5,-0.331590,0.389640,1
20230609T101610,20230628T101631,19.0002,136,A5,0.208943,0.369360,1
20230609T101610,20230628T101631,19.0002,137,A5,0.400872,0.563970,0
20230609T101610,20230628T101631,19.0002,138,A5,-0.316194,0.440540,1
20230609T101610,20230628T101631,19.0002,139,A5,0.762180,0.000000,1
20230609T101610,20230628T101631,19.0002,141,A5,0.387681,0.593291,1
20230609T101610,20230628T101631,19.0002,142,A5,0.579238,0.891496,1
20230609T101610,20230628T101631,19.0002,143,A5,-0.047719,0.673593,0
20230609T101610,20230628T101631,19.0002,144,A5,0.038504,0.162038,1
20230609T101610,20230628T101631,19.0002,145,A5,-0.045370,0.932770,1
20230609T101610,20230628T101631,19.0002,146,A5,0.575916,0.357810,1
20230609T101610,20230628T101631,19.0002,147,A5,0.579034,0.855333,0
20230609T101610,20230628T101631,19.0002,149,A5,0.068105,0.962575,0
20230609T101610,20230628T101631,19.0002,150,A5,-0.164140,0.000072,1
20230609T101610,20230628T101631,19.0002,151,A5,0.025449,0.879242,0
20230609T101610,20230628T101631,19.0002,152,A5,0.000231,0.676144,0
20230609T101610,20230628T101631,19.0002,153,A5,0.655598,0.382256,0
20230609T101610,20230628T101631,19.0002,155,A5,-0.091157,2.000000,0
20230609T101610,20230628T101631,19.0002,157,A5,0.086774,0.005698,1
20230609T101610,20230628T101631,19.0002,158,A5,0.295163,0.166073,1
20230609T101610,20230628T101631,19.0002,160,A5,0.176566,1.979640,0
20230609T101610,20230629T100435,19.9920,1,A1,-0.040558,0.014661,1
20230609T101610,20230629T100435,19.9920,4,A1,-0.031287,0.354820,0
20230609T101610,20230629T100435,19.9920,6,A1,0.160590,0.033101,1
20230609T101610,20230629T100435,19.9920,8,A1,0.040579,0.193497,1
20230609T101610,20230629T100435,19.9920,9,A1,0.163228,1.986379,0
20230609T101610,20230629T100435,19.9920,10,A1,0.237789,0.222485,0
20230609T101610,20230629T100435,19.9920,11,A1,0.690779,0.100887,0
20230609T101610,20230629T100435,19.9920,12,A1,0.285106,0.000232,1
20230609T101610,20230629T100435,19.9920,13,A1,0.760550,0.203628,0
20230609T101610,20230629T100435,19.9920,14,A1,-0.107244,0.074823,1
20230609T101610,20230629T100435,19.9920,15,A1,0.782127,0.036417,1
20230609T101610,20230629T100435,19.9920,17,A1,0.144652,0.601808,0
20230609T101610,20230629T100435,19.9920,18,A1,0.264665,0.011127,1
20230609T101610,20230629T100435,19.9920,19,A1,0.148238,0.206363,0
20230609T101610,20230629T100435,19.9920,22,A1,0.364420,1.129227,0
20230609T101610,20230629T100435,19.9920,23,A1,0.269438,0.095878,1
20230609T101610,20230629T100435,19.9920,24,A1,0.071352,0.112599,1
20230609T101610,20230629T100435,19.9920,25,A1,0.195779,0.783822,1
20230609T101610,20230629T100435,19.9920,26,A1,-0.334118,0.759277,0
20230609T101610,20230629T100435,19.9920,27,A1,0.188063,0.146577,1
20230609T101610,20230629T100435,19.9920,28,A1,0.398757,1.149562,0
20230609T101610,20230629T100435,19.9920,29,A1,0.635372,0.282054,1
20230609T101610,20230629T100435,19.9920,30,A1,0.676819,0.256015,1
20230609T101610,20230629T100435,19.9920,31,A1,0.580602,0.073832,1
20230609T101610,20230629T100435,19.9920,32,A1,0.584795,0.615670,1
20230609T101610,20230629T100435,19.9920,36,A2,-0.138044,0.552097,0
20230609T101610,20230629T100435,19.9920,37,A2,-0.069836,0.494250,1
20230609T101610,20230629T100435,19.9920,38,A2,0.271474,1.243214,0
20230609T101610,20230629T100435,19.9920,39,A2,0.043259,0.272056,0
20230609T101610,20230629T100435,19.9920,40,A2,-0.016775,0.153432,1
20230609T101610,20230629T100435,19.9920,41,A2,0.535148,0.588812,1
20230609T101610,20230629T100435,19.9920,42,A2,0.194688,0.712428,0
20230609T101610,20230629T100435,19.9920,43,A2,0.083268,1.075881,0
20230609T101610,20230629T100435,19.9920,44,A2,-0.039822,0.420299,0
20230609T101610,20230629T100435,19.9920,46,A2,-0.065884,0.095178,1
20230609T101610,20230629T100435,19.9920,47,A2,0.904570,0.000000,1
20230609T101610,20230629T100435,19.9920,48,A2,-0.211179,0.405795,0
20230609T101610,20230629T100435,19.9920,49,A2,0.058837,0.344399,0
20230609T101610,20230629T100435,19.9920,50,A2,-0.177935,0.816006,1
20230609T101610,20230629T100435,19.9920,53,A2,-0.332548,0.401507,0
20230609T101610,20230629T100435,19.9920,54,A2,-0.234972,0.009369,1
20230609T101610,20230629T100435,19.9920,55,A2,0.098273,0.429675,0
20230609T101610,20230629T100435,19.9920,57,A2,-0.056078,0.087256,0
20230609T101610,20230629T100435,19.9920,58,A2,0.057737,0.673163,0
20230609T101610,20230629T100435,19.9920,59,A2,0.133502,1.002755,0
20230609T101610,20230629T100435,19.9920,60,A2,0.493814,0.063941,1
20230609T101610,20230629T100435,19.9920,62,A2,0.829452,0.613120,1
20230609T101610,20230629T100435,19.9920,63,A2,0.475858,0.121274,1
20230609T101610,20230629T100435,19.9920,64,A2,0.791175,0.040099,1
20230609T101610,20230629T100435,19.9920,69,A3,0.453198,0.242574,1
20230609T101610,20230629T100435,19.9920,70,A3,0.682572,0.866129,0
20230609T101610,20230629T100435,19.9920,71,A3,0.805941,0.531761,1
20230609T101610,20230629T100435,19.9920,72,A3,-0.123904,1.805207,0
20230609T101610,20230629T100435,19.9920,74,A3,0.015396,0.169760,1
20230609T101610,20230629T100435,19.9920,75,A3,-0.036037,0.112812,0
20230609T101610,20230629T100435,19.9920,76,A3,-0.499363,0.178982,1
20230609T101610,20230629T100435,19.9920,77,A3,0.520783,0.599897,1
20230609T101610,20230629T100435,19.9920,78,A3,-0.188797,0.230015,0
20230609T101610,20230629T100435,19.9920,80,A3,0.773154,0.553288,1
20230609T101610,20230629T100435,19.9920,81,A3,0.368347,0.042009,0
20230609T101610,20230629T100435,19.9920,82,A3,0.591612,0.896584,0
20230609T101610,20230629T100435,19.9920,83,A3,-0.033428,0.289952,0
20230609T101610,20230629T100435,19.9920,84,A3,0.214749,0.973188,0
20230609T101610,20230629T100435,19.9920,85,A3,0.189610,1.174845,0
20230609T101610,20230629T100435,19.9920,86,A3,0.023330,0.968188,1
20230609T101610,20230629T100435,19.9920,87,A3,-0.362844,1.245221,0
20230609T101610,20230629T100435,19.9920,88,A3,0.395548,2.000000,0
20230609T101610,20230629T100435,19.9920,90,A3,-0.141911,0.192407,0
20230609T101610,20230629T100435,19.9920,93,A3,-0.313354,0.044278,0
20230609T101610,20230629T100435,19.9920,95,A3,-0.598619,1.378776,0
20230609T101610,20230629T100435,19.9920,97,A4,0.283856,0.067113,0
20230609T101610,20230629T100435,19.9920,98,A4,0.385280,0.967185,1
20230609T101610,20230629T100435,19.9920,100,A4,0.122666,0.167499,1
20230609T101610,20230629T100435,19.9920,101,A4,-0.141558,0.015367,1
20230609T101610,20230629T100435,19.9920,102,A4,0.345164,0.163369,1
20230609T101610,20230629T100435,19.9920,103,A4,0.138117,0.369476,1
20230609T101610,20230629T100435,19.9920,104,A4,0.400304,1.039996,0
20230609T101610,20230629T100435,19.9920,106,A4,-0.058721,0.887932,0
20230609T101610,20230629T100435,19.9920,107,A4,-0.176772,0.068931,0
20230609T101610,20230629T100435,19.9920,108,A4,-0.203757,0.064484,1
20230609T101610,20230629T100435,19.9920,109,A4,-0.099844,0.487991,1
20230609T101610,20230629T100435,19.9920,110,A4,-0.090455,0.580950,0
20230609T101610,20230629T100435,19.9920,111,A4,-0.146261,0.423161,0
20230609T101610,20230629T100435,19.9920,112,A4,0.101581,1.740828,0
20230609T101610,20230629T100435,19.9920,114,A4,0.182177,0.120513,0
20230609T101610,20230629T100435,19.9920,116,A4,-0.173695,0.079632,0
20230609T101610,20230629T100435,19.9920,118,A4,-0.012328,1.081812,0
20230609T101610,20230629T100435,19.9920,119,A4,-0.048629,1.444864,0
20230609T101610,20230629T100435,19.9920,121,A4,0.592463,0.744254,1
20230609T101610,20230629T100435,19.9920,122,A4,0.731914,0.387581,1
20230609T101610,20230629T100435,19.9920,123,A4,-0.156534,0.157227,1
20230609T101610,20230629T100435,19.9920,124,A4,-0.512485,0.624595,1
20230609T101610,20230629T100435,19.9920,125,A4,-0.125622,0.715074,1
20230609T101610,20230629T100435,19.9920,126,A4,0.042884,1.148257,0
20230609T101610,20230629T100435,19.9920,127,A4,0.067259,0.224977,0
20230609T101610,20230629T100435,19.9920,128,A4,-0.009675,0.475574,0
20230609T101610,20230629T100435,19.9920,129,A5,-0.082365,0.569573,1
20230609T101610,20230629T100435,19.9920,130,A5,0.589878,0.454019,1
20230609T101610,20230629T100435,19.9920,133,A5,-0.021917,1.067376,0
20230609T101610,20230629T100435,19.9920,134,A5,-0.025146,0.625558,1
20230609T101610,20230629T100435,19.9920,135,A5,0.120162,0.204298,1
20230609T101610,20230629T100435,19.9920,136,A5,0.095869,0.105067,1
20230609T101610,20230629T100435,19.9920,137,A5,0.459047,0.014394,1
20230609T101610,20230629T100435,19.9920,138,A5,-0.313870,0.412523,1
20230609T101610,20230629T100435,19.9920,141,A5,0.385536,0.322798,1
20230609T101610,20230629T100435,19.9920,142,A5,0.022099,1.007759,0
20230609T101610,20230629T100435,19.9920,143,A5,-0.239730,0.380689,1
20230609T101610,20230629T100435,19.9920,144,A5,0.028652,0.044236,0
20230609T101610,20230629T100435,19.9920,145,A5,0.018185,0.332360,1
20230609T101610,20230629T100435,19.9920,146,A5,0.265110,0.253637,1
20230609T101610,20230629T100435,19.9920,147,A5,0.693144,0.769731,0
20230609T101610,20230629T100435,19.9920,149,A5,0.158147,0.059619,1
20230609T101610,20230629T100435,19.9920,150,A5,0.258410,0.020437,0
20230609T101610,20230629T100435,19.9920,151,A5,-0.353406,0.641371,1
20230609T101610,20230629T100435,19.9920,152,A5,0.115294,0.549477,0
20230609T101610,20230629T100435,19.9920,153,A5,0.217972,0.078993,1
20230609T101610,20230629T100435,19.9920,157,A5,0.330377,0.134856,0
20230609T101610,20230629T100435,19.9920,158,A5,-0.003696,0.678344,0
20230609T101610,20230629T100435,19.9920,160,A5,0.349690,0.952337,1
20230609T101610,20230703T122644,24.0907,1,A1,-0.001652,0.032200,1
20230609T101610,20230703T122644,24.0907,4,A1,0.165922,0.281401,1
20230609T101610,20230703T122644,24.0907,6,A1,0.077004,0.001377,1
20230609T101610,20230703T122644,24.0907,9,A1,0.377182,0.906599,1
20230609T101610,20230703T122644,24.0907,10,A1,-0.114866,0.138833,0
20230609T101610,20230703T122644,24.0907,11,A1,0.580059,0.030906,1
20230609T101610,20230703T122644,24.0907,12,A1,0.281191,0.859637,0
20230609T101610,20230703T122644,24.0907,13,A1,0.674803,0.366748,0
20230609T101610,20230703T122644,24.0907,14,A1,0.260575,0.244861,0
20230609T101610,20230703T122644,24.0907,15,A1,0.864788,1.200030,0
20230609T101610,20230703T122644,24.0907,17,A1,0.331780,0.614643,0
20230609T101610,20230703T122644,24.0907,18,A1,0.018136,0.433190,0
20230609T101610,20230703T122644,24.0907,19,A1,0.528832,0.842144,1
20230609T101610,20230703T122644,24.0907,22,A1,0.578326,0.983820,1
20230609T101610,20230703T122644,24.0907,23,A1,0.484486,0.112593,1
20230609T101610,20230703T122644,24.0907,24,A1,0.298740,0.104951,1
20230609T101610,20230703T122644,24.0907,26,A1,-0.091225,0.630403,1
20230609T101610,20230703T122644,24.0907,27,A1,0.001769,0.291406,1
20230609T101610,20230703T122644,24.0907,28,A1,0.211013,0.199059,0
20230609T101610,20230703T122644,24.0907,29,A1,0.668729,0.881344,1
20230609T101610,20230703T122644,24.0907,30,A1,0.587259,0.256015,1
20230609T101610,20230703T122644,24.0907,31,A1,0.527486,0.033581,1
20230609T101610,20230703T122644,24.0907,32,A1,0.551374,0.265505,1
20230609T101610,20230703T122644,24.0907,33,A2,0.135008,0.527242,0
20230609T101610,20230703T122644,24.0907,34,A2,0.060880,0.218882,0
20230609T101610,20230703T122644,24.0907,36,A2,0.147261,0.563438,1
20230609T101610,20230703T122644,24.0907,37,A2,-0.142256,0.229300,1
20230609T101610,20230703T122644,24.0907,39,A2,0.210515,0.440492,0
20230609T101610,20230703T122644,24.0907,40,A2,-0.066489,0.213460,0
20230609T101610,20230703T122644,24.0907,41,A2,0.122186,1.216519,0
20230609T101610,20230703T122644,24.0907,42,A2,-0.357551,0.000631,1
20230609T101610,20230703T122644,24.0907,43,A2,0.214995,0.462999,0
20230609T101610,20230703T122644,24.0907,44,A2,0.304090,0.247028,0
20230609T101610,20230703T122644,24.0907,45,A2,0.594007,0.495961,1
20230609T101610,20230703T122644,24.0907,46,A2,-0.077885,0.231925,0
20230609T101610,20230703T122644,24.0907,47,A2,0.751195,0.491304,1
20230609T101610,20230703T122644,24.0907,49,A2,-0.044324,0.345072,0
20230609T101610,20230703T122644,24.0907,50,A2,-0.208342,0.529458,1
20230609T101610,20230703T122644,24.0907,51,A2,0.240907,1.074338,0
20230609T101610,20230703T122644,24.0907,52,A2,0.031035,0.110955,0
20230609T101610,20230703T122644,24.0907,53,A2,-0.115596,0.380363,0
20230609T101610,20230703T122644,24.0907,55,A2,0.471666,0.039629,1
20230609T101610,20230703T122644,24.0907,57,A2,-0.049918,0.137912,1
20230609T101610,20230703T122644,24.0907,58,A2,-0.044765,0.169184,1
20230609T101610,20230703T122644,24.0907,59,A2,0.276577,1.063736,0
20230609T101610,20230703T122644,24.0907,60,A2,-0.038443,0.370601,1
20230609T101610,20230703T122644,24.0907,62,A2,0.707389,0.237659,1
20230609T101610,20230703T122644,24.0907,63,A2,0.397833,0.527824,1
20230609T101610,20230703T122644,24.0907,64,A2,0.930760,0.753259,1
20230609T101610,20230703T122644,24.0907,65,A3,-0.061872,1.096692,0
20230609T101610,20230703T122644,24.0907,66,A3,0.444825,0.167389,1
20230609T101610,20230703T122644,24.0907,68,A3,0.160277,1.500885,0
20230609T101610,20230703T122644,24.0907,69,A3,0.483071,0.139030,1
20230609T101610,20230703T122644,24.0907,70,A3,0.394927,0.305995,1
20230609T101610,20230703T122644,24.0907,72,A3,0.174963,1.002630,0
20230609T101610,20230703T122644,24.0907,73,A3,0.105016,0.019501,1
20230609T101610,20230703T122644,24.0907,74,A3,-0.060375,1.006927,0
20230609T101610,20230703T122644,24.0907,75,A3,0.462006,0.507387,1
20230609T101610,20230703T122644,24.0907,76,A3,-0.192725,0.041484,1
20230609T101610,20230703T122644,24.0907,77,A3,0.403886,0.495765,0
20230609T101610,20230703T122644,24.0907,78,A3,-0.049964,0.601555,1
20230609T101610,20230703T122644,24.0907,79,A3,-0.180968,0.018178,1
20230609T101610,20230703T122644,24.0907,80,A3,0.786262,0.533950,1
20230609T101610,20230703T122644,24.0907,81,A3,0.246157,0.922812,1
20230609T101610,20230703T122644,24.0907,82,A3,0.193769,1.026536,0
20230609T101610,20230703T122644,24.0907,84,A3,0.139900,0.876507,1
20230609T101610,20230703T122644,24.0907,85,A3,-0.573932,0.000000,1
20230609T101610,20230703T122644,24.0907,86,A3,-0.278713,1.000067,0
20230609T101610,20230703T122644,24.0907,87,A3,-0.110981,0.000000,1
20230609T101610,20230703T122644,24.0907,88,A3,0.080853,0.863805,1
20230609T101610,20230703T122644,24.0907,89,A3,0.149319,0.177362,1
20230609T101610,20230703T122644,24.0907,90,A3,-0.307903,0.116327,0
20230609T101610,20230703T122644,24.0907,93,A3,-0.225928,0.005178,1
20230609T101610,20230703T122644,24.0907,94,A3,-0.253255,0.870689,0
20230609T101610,20230703T122644,24.0907,95,A3,-0.553737,2.000000,0
20230609T101610,20230703T122644,24.0907,97,A4,0.209021,0.138066,0
20230609T101610,20230703T122644,24.0907,98,A4,0.115220,1.428230,0
20230609T101610,20230703T122644,24.0907,99,A4,0.068522,0.444397,1
20230609T101610,20230703T122644,24.0907,100,A4,-0.155204,0.084363,1
20230609T101610,20230703T122644,24.0907,101,A4,0.400391,0.051421,0
20230609T101610,20230703T122644,24.0907,102,A4,-0.175576,0.473604,1
20230609T101610,20230703T122644,24.0907,103,A4,-0.409869,0.331199,1
20230609T101610,20230703T122644,24.0907,104,A4,-0.195353,0.692956,0
20230609T101610,20230703T122644,24.0907,105,A4,0.400662,0.277593,0
20230609T101610,20230703T122644,24.0907,106,A4,0.065438,0.168764,1
20230609T101610,20230703T122644,24.0907,107,A4,-0.058958,0.067265,0
20230609T101610,20230703T122644,24.0907,108,A4,0.185345,0.004020,1
20230609T101610,20230703T122644,24.0907,109,A4,0.001053,0.554678,1
20230609T101610,20230703T122644,24.0907,110,A4,-0.073305,0.118386,0
20230609T101610,20230703T122644,24.0907,111,A4,0.105931,0.297720,1
20230609T101610,20230703T122644,24.0907,112,A4,-0.038260,0.796871,0
20230609T101610,20230703T122644,24.0907,114,A4,-0.084657,0.099204,1
20230609T101610,20230703T122644,24.0907,116,A4,-0.125512,0.043592,1
20230609T101610,20230703T122644,24.0907,118,A4,-0.030583,1.122236,0
20230609T101610,20230703T122644,24.0907,119,A4,-0.129374,0.908561,0
20230609T101610,20230703T122644,24.0907,121,A4,0.570736,0.234216,1
20230609T101610,20230703T122644,24.0907,122,A4,0.857610,0.224512,1
20230609T101610,20230703T122644,24.0907,123,A4,-0.183365,0.184417,1
20230609T101610,20230703T122644,24.0907,124,A4,-0.221840,0.413941,1
20230609T101610,20230703T122644,24.0907,125,A4,0.000228,0.718396,1
20230609T101610,20230703T122644,24.0907,126,A4,0.041822,1.384421,0
20230609T101610,20230703T122644,24.0907,127,A4,-0.131447,0.028246,1
20230609T101610,20230703T122644,24.0907,128,A4,-0.018073,1.120616,0
20230609T101610,20230703T122644,24.0907,130,A5,0.399495,1.065740,0
20230609T101610,20230703T122644,24.0907,132,A5,0.126634,1.058055,0
20230609T101610,20230703T122644,24.0907,133,A5,-0.042319,0.546279,1
20230609T101610,20230703T122644,24.0907,134,A5,0.076583,0.568798,1
20230609T101610,20230703T122644,24.0907,135,A5,0.111545,1.121282,0
20230609T101610,20230703T122644,24.0907,136,A5,0.477644,0.626141,0
20230609T101610,20230703T122644,24.0907,137,A5,0.498719,0.057146,1
20230609T101610,20230703T122644,24.0907,138,A5,0.001717,0.671299,1
20230609T101610,20230703T122644,24.0907,139,A5,0.726184,0.000000,1
20230609T101610,20230703T122644,24.0907,141,A5,0.519320,0.352705,1
20230609T101610,20230703T122644,24.0907,142,A5,0.015132,0.012555,1
20230609T101610,20230703T122644,24.0907,143,A5,0.235251,0.666590,0
20230609T101610,20230703T122644,24.0907,144,A5,0.143155,0.010130,1
20230609T101610,20230703T122644,24.0907,145,A5,-0.277231,0.048494,1
20230609T101610,20230703T122644,24.0907,146,A5,0.267290,0.180485,1
20230609T101610,20230703T122644,24.0907,147,A5,0.676831,1.506531,0
20230609T101610,20230703T122644,24.0907,149,A5,0.504868,0.021352,1
20230609T101610,20230703T122644,24.0907,150,A5,0.160149,0.047498,0
20230609T101610,20230703T122644,24.0907,151,A5,-0.089967,0.825468,1
20230609T101610,20230703T122644,24.0907,152,A5,-0.222956,0.478289,1
20230609T101610,20230703T122644,24.0907,153,A5,0.582775,0.114126,0
20230609T101610,20230703T122644,24.0907,155,A5,-0.310655,0.000000,1
20230609T101610,20230703T122644,24.0907,157,A5,-0.045215,0.051464,1
20230609T101610,20230703T122644,24.0907,158,A5,-0.057118,0.434600,0
20230609T101610,20230703T122644,24.0907,160,A5,-0.100046,1.047326,0
20230614T114327,20230619T102732,4.9473,1,A1,0.462972,0.744177,1
20230614T114327,20230619T102732,4.9473,2,A1,-0.092013,0.402405,0
20230614T114327,20230619T102732,4.9473,3,A1,0.318511,1.011091,0
20230614T114327,20230619T102732,4.9473,4,A1,0.097901,0.022944,1
20230614T114327,20230619T102732,4.9473,6,A1,-0.026838,0.259264,1
20230614T114327,20230619T102732,4.9473,8,A1,-0.388617,0.225190,1
20230614T114327,20230619T102732,4.9473,9,A1,0.033278,0.353211,1
20230614T114327,20230619T102732,4.9473,10,A1,0.258021,0.004699,1
20230614T114327,20230619T102732,4.9473,11,A1,0.878402,0.039075,1
20230614T114327,20230619T102732,4.9473,12,A1,0.165640,0.199837,0
20230614T114327,20230619T102732,4.9473,13,A1,0.855935,0.452106,0
20230614T114327,20230619T102732,4.9473,14,A1,0.271367,0.618198,1
20230614T114327,20230619T102732,4.9473,15,A1,0.850419,0.396222,1
20230614T114327,20230619T102732,4.9473,17,A1,0.339109,0.182518,0
20230614T114327,20230619T102732,4.9473,18,A1,0.623564,0.038265,1
20230614T114327,20230619T102732,4.9473,19,A1,0.296789,0.439687,1
20230614T114327,20230619T102732,4.9473,20,A1,-0.012341,0.009956,1
20230614T114327,20230619T102732,4.9473,21,A1,0.097704,0.035941,1
20230614T114327,20230619T102732,4.9473,22,A1,0.856781,0.016797,1
20230614T114327,20230619T102732,4.9473,23,A1,0.557544,0.295546,0
20230614T114327,20230619T102732,4.9473,26,A1,0.689355,0.059067,1
20230614T114327,20230619T102732,4.9473,27,A1,0.370989,0.037581,1
20230614T114327,20230619T102732,4.9473,28,A1,0.297843,0.839232,0
20230614T114327,20230619T102732,4.9473,29,A1,0.865365,0.181588,0
20230614T114327,20230619T102732,4.9473,30,A1,0.787275,0.000000,1
20230614T114327,20230619T102732,4.9473,31,A1,0.670620,0.309660,1
20230614T114327,20230619T102732,4.9473,32,A1,0.952011,0.120061,1
20230614T114327,20230619T102732,4.9473,33,A2,-0.069858,0.030243,0
20230614T114327,20230619T102732,4.9473,34,A2,0.102096,0.170075,0
20230614T114327,20230619T102732,4.9473,37,A2,0.193546,0.532573,1
20230614T114327,20230619T102732,4.9473,38,A2,0.513786,0.580173,1
20230614T114327,20230619T102732,4.9473,39,A2,0.101558,1.728483,0
20230614T114327,20230619T102732,4.9473,40,A2,-0.313939,0.252607,0
20230614T114327,20230619T102732,4.9473,41,A2,0.669916,0.000000,1
20230614T114327,20230619T102732,4.9473,42,A2,0.325653,0.356780,1
20230614T114327,20230619T102732,4.9473,43,A2,0.514829,0.967945,0
20230614T114327,20230619T102732,4.9473,44,A2,0.480286,1.769440,0
20230614T114327,20230619T102732,4.9473,45,A2,0.282439,0.724304,1
20230614T114327,20230619T102732,4.9473,46,A2,0.044478,0.531506,0
20230614T114327,20230619T102732,4.9473,47,A2,0.810696,0.171256,1
20230614T114327,20230619T102732,4.9473,48,A2,-0.123240,1.716728,0
20230614T114327,20230619T102732,4.9473,49,A2,-0.312689,0.151319,1
20230614T114327,20230619T102732,4.9473,50,A2,0.236348,0.050997,1
20230614T114327,20230619T102732,4.9473,51,A2,-0.057326,0.069254,1
20230614T114327,20230619T102732,4.9473,52,A2,0.393378,0.236853,1
20230614T114327,20230619T102732,4.9473,53,A2,-0.079860,0.434927,0
20230614T114327,20230619T102732,4.9473,55,A2,0.189746,0.315733,0
20230614T114327,20230619T102732,4.9473,57,A2,0.110638,0.007171,1
20230614T114327,20230619T102732,4.9473,58,A2,-0.023584,0.224757,0
20230614T114327,20230619T102732,4.9473,59,A2,0.439687,1.012800,0
20230614T114327,20230619T102732,4.9473,60,A2,0.493118,0.739241,1
20230614T114327,20230619T102732,4.9473,61,A2,0.759715,0.973364,1
20230614T114327,20230619T102732,4.9473,62,A2,0.570187,0.532655,0
20230614T114327,20230619T102732,4.9473,63,A2,0.608097,0.352061,1
20230614T114327,20230619T102732,4.9473,64,A2,0.630614,0.799721,1
20230614T114327,20230619T102732,4.9473,65,A3,0.250393,1.373240,0
20230614T114327,20230619T102732,4.9473,66,A3,0.602960,1.106662,0
20230614T114327,20230619T102732,4.9473,67,A3,0.672444,0.000000,1
20230614T114327,20230619T102732,4.9473,68,A3,0.250712,0.038110,1
20230614T114327,20230619T102732,4.9473,69,A3,0.896171,0.120749,1
20230614T114327,20230619T102732,4.9473,70,A3,0.880328,0.676356,1
20230614T114327,20230619T102732,4.9473,71,A3,0.951777,0.537139,1
20230614T114327,20230619T102732,4.9473,72,A3,-0.046305,0.113891,1
20230614T114327,20230619T102732,4.9473,73,A3,0.034893,0.118487,1
20230614T114327,20230619T102732,4.9473,74,A3,0.025566,0.607133,0
20230614T114327,20230619T102732,4.9473,75,A3,0.278912,0.917772,1
20230614T114327,20230619T102732,4.9473,76,A3,0.488674,0.177188,1
20230614T114327,20230619T102732,4.9473,77,A3,0.750243,1.155895,0
20230614T114327,20230619T102732,4.9473,78,A3,0.413535,0.087359,1
20230614T114327,20230619T102732,4.9473,79,A3,-0.116735,0.674245,0
20230614T114327,20230619T102732,4.9473,80,A3,0.732576,0.428159,1
20230614T114327,20230619T102732,4.9473,81,A3,0.702095,0.670125,1
20230614T114327,20230619T102732,4.9473,82,A3,0.687431,0.204554,1
20230614T114327,20230619T102732,4.9473,83,A3,0.486465,0.202783,1
20230614T114327,20230619T102732,4.9473,84,A3,0.457923,0.577268,1
20230614T114327,20230619T102732,4.9473,85,A3,0.870576,0.616102,1
20230614T114327,20230619T102732,4.9473,86,A3,0.486463,0.211277,1
20230614T114327,20230619T102732,4.9473,87,A3,0.756927,0.000000,1
20230614T114327,20230619T102732,4.9473,88,A3,0.243675,0.256076,0
20230614T114327,20230619T102732,4.9473,89,A3,0.129227,0.691137,1
20230614T114327,20230619T102732,4.9473,90,A3,0.058618,0.054383,0
20230614T114327,20230619T102732,4.9473,93,A3,0.725368,0.178444,0
20230614T114327,20230619T102732,4.9473,94,A3,0.123520,0.001411,1
20230614T114327,20230619T102732,4.9473,95,A3,0.589835,1.119229,0
20230614T114327,20230619T102732,4.9473,97,A4,-0.142978,0.170715,0
20230614T114327,20230619T102732,4.9473,98,A4,0.236326,0.002396,1
20230614T114327,20230619T102732,4.9473,99,A4,0.014696,0.037065,1
20230614T114327,20230619T102732,4.9473,100,A4,0.020223,1.256970,0
20230614T114327,20230619T102732,4.9473,101,A4,0.098968,0.031842,1
20230614T114327,20230619T102732,4.9473,103,A4,0.104504,1.351612,0
20230614T114327,20230619T102732,4.9473,104,A4,-0.198770,0.259907,0
20230614T114327,20230619T102732,4.9473,105,A4,0.631619,0.019049,0
20230614T114327,20230619T102732,4.9473,106,A4,0.276893,1.262889,0
20230614T114327,20230619T102732,4.9473,107,A4,0.088316,0.017686,1
20230614T114327,20230619T102732,4.9473,108,A4,-0.003849,0.711299,1
20230614T114327,20230619T102732,4.9473,109,A4,-0.044222,0.103191,0
20230614T114327,20230619T102732,4.9473,110,A4,-0.001278,0.206290,0
20230614T114327,20230619T102732,4.9473,111,A4,0.120577,0.239400,1
20230614T114327,20230619T102732,4.9473,112,A4,0.006223,0.132916,0
20230614T114327,20230619T102732,4.9473,113,A4,0.344985,0.241835,0
20230614T114327,20230619T102732,4.9473,114,A4,0.073873,0.204149,1
20230614T114327,20230619T102732,4.9473,116,A4,-0.402163,0.967383,1
20230614T114327,20230619T102732,4.9473,118,A4,0.017227,0.025534,1
20230614T114327,20230619T102732,4.9473,119,A4,-0.111466,0.094617,0
20230614T114327,20230619T102732,4.9473,121,A4,0.830870,0.045457,1
20230614T114327,20230619T102732,4.9473,122,A4,0.875903,0.211868,1
20230614T114327,20230619T102732,4.9473,123,A4,0.104917,0.706286,1
20230614T114327,20230619T102732,4.9473,124,A4,0.219910,0.189148,0
20230614T114327,20230619T102732,4.9473,125,A4,0.236932,0.094925,1
20230614T114327,20230619T102732,4.9473,126,A4,-0.003517,0.141063,0
20230614T114327,20230619T102732,4.9473,127,A4,0.228538,0.862579,0
20230614T114327,20230619T102732,4.9473,129,A5,0.165646,0.046550,1
20230614T114327,20230619T102732,4.9473,130,A5,0.349738,0.046145,0
20230614T114327,20230619T102732,4.9473,132,A5,-0.530008,0.057447,1
20230614T114327,20230619T102732,4.9473,133,A5,-0.001936,0.589899,1
20230614T114327,20230619T102732,4.9473,134,A5,0.673180,1.212020,0
20230614T114327,20230619T102732,4.9473,135,A5,0.038388,0.629440,0
20230614T114327,20230619T102732,4.9473,136,A5,0.395801,0.010234,1
20230614T114327,20230619T102732,4.9473,137,A5,0.770731,0.108607,1
20230614T114327,20230619T102732,4.9473,138,A5,0.582813,0.098168,1
20230614T114327,20230619T102732,4.9473,139,A5,0.858263,0.276245,1
20230614T114327,20230619T102732,4.9473,140,A5,0.805694,0.349056,1
20230614T114327,20230619T102732,4.9473,141,A5,0.604196,0.142156,1
20230614T114327,20230619T102732,4.9473,142,A5,0.641964,0.000000,1
20230614T114327,20230619T102732,4.9473,143,A5,0.240037,0.629912,0
20230614T114327,20230619T102732,4.9473,144,A5,0.172251,0.273801,0
20230614T114327,20230619T102732,4.9473,145,A5,0.196029,0.142926,1
20230614T114327,20230619T102732,4.9473,146,A5,0.512601,0.796482,1
20230614T114327,20230619T102732,4.9473,147,A5,0.758492,0.600465,0
20230614T114327,20230619T102732,4.9473,149,A5,0.151873,0.189919,0
20230614T114327,20230619T102732,4.9473,150,A5,-0.038487,0.119695,0
20230614T114327,20230619T102732,4.9473,151,A5,0.195699,1.130686,0
20230614T114327,20230619T102732,4.9473,152,A5,-0.209451,0.328881,0
20230614T114327,20230619T102732,4.9473,153,A5,0.817327,0.200461,1
20230614T114327,20230619T102732,4.9473,154,A5,0.017698,0.036369,1
20230614T114327,20230619T102732,4.9473,155,A5,0.110222,0.333449,0
20230614T114327,20230619T102732,4.9473,156,A5,0.464534,0.133071,1
20230614T114327,20230619T102732,4.9473,157,A5,0.054246,0.050332,1
20230614T114327,20230619T102732,4.9473,158,A5,0.025216,0.812003,0
20230614T114327,20230619T102732,4.9473,159,A5,-0.211982,0.096135,0
20230614T114327,20230619T102732,4.9473,160,A5,0.298802,0.267341,0
20230614T114327,20230620T101238,5.9369,1,A1,0.371875,0.149973,1
20230614T114327,20230620T101238,5.9369,2,A1,-0.032379,0.333781,1
20230614T114327,20230620T101238,5.9369,3,A1,0.373931,1.000307,0
20230614T114327,20230620T101238,5.9369,4,A1,0.178874,0.543850,1
20230614T114327,20230620T101238,5.9369,6,A1,0.179350,0.152998,1
20230614T114327,20230620T101238,5.9369,8,A1,-0.007651,0.888264,1
20230614T114327,20230620T101238,5.9369,9,A1,0.227609,0.792914,1
20230614T114327,20230620T101238,5.9369,10,A1,0.537313,0.130801,1
20230614T114327,20230620T101238,5.9369,11,A1,0.914851,0.451729,0
20230614T114327,20230620T101238,5.9369,12,A1,0.027603,0.135215,1
20230614T114327,20230620T101238,5.9369,13,A1,0.865313,0.287054,1
20230614T114327,20230620T101238,5.9369,14,A1,-0.066654,0.261284,1
20230614T114327,20230620T101238,5.9369,15,A1,0.882369,0.426236,1
20230614T114327,20230620T101238,5.9369,17,A1,0.311048,0.344559,0
20230614T114327,20230620T101238,5.9369,18,A1,0.204417,0.902822,1
20230614T114327,20230620T101238,5.9369,19,A1,0.479986,0.106672,1
20230614T114327,20230620T101238,5.9369,20,A1,0.375378,0.335706,1
20230614T114327,20230620T101238,5.9369,21,A1,0.294547,0.000968,1
20230614T114327,20230620T101238,5.9369,22,A1,0.883084,0.816948,1
20230614T114327,20230620T101238,5.9369,23,A1,0.431349,0.097799,1
20230614T114327,20230620T101238,5.9369,26,A1,0.463539,0.290521,0
20230614T114327,20230620T101238,5.9369,27,A1,0.811282,0.123417,1
20230614T114327,20230620T101238,5.9369,28,A1,0.146061,0.011121,1
20230614T114327,20230620T101238,5.9369,29,A1,0.891945,0.124811,0
20230614T114327,20230620T101238,5.9369,30,A1,0.834975,0.000000,1
20230614T114327,20230620T101238,5.9369,31,A1,0.668171,0.626782,1
20230614T114327,20230620T101238,5.9369,32,A1,0.857146,0.315866,1
20230614T114327,20230620T101238,5.9369,34,A2,-0.005612,1.140932,0
20230614T114327,20230620T101238,5.9369,36,A2,0.040026,0.891049,0
20230614T114327,20230620T101238,5.9369,37,A2,0.114677,0.218089,1
20230614T114327,20230620T101238,5.9369,39,A2,0.419331,2.000000,0
20230614T114327,20230620T101238,5.9369,40,A2,-0.015892,0.926312,1
20230614T114327,20230620T101238,5.9369,41,A2,0.587481,0.101158,1
20230614T114327,20230620T101238,5.9369,42,A2,-0.278086,0.419196,0
20230614T114327,20230620T101238,5.9369,43,A2,0.529555,0.676911,1
20230614T114327,20230620T101238,5.9369,44,A2,0.768238,1.215517,0
20230614T114327,20230620T101238,5.9369,45,A2,0.119375,0.436586,0
20230614T114327,20230620T101238,5.9369,46,A2,-0.254214,0.601217,0
20230614T114327,20230620T101238,5.9369,47,A2,0.813311,0.378397,1
20230614T114327,20230620T101238,5.9369,48,A2,0.368729,0.282974,1
20230614T114327,20230620T101238,5.9369,49,A2,0.215635,0.028111,0
20230614T114327,20230620T101238,5.9369,50,A2,-0.006125,0.198036,1
20230614T114327,20230620T101238,5.9369,51,A2,0.279538,0.049504,1
20230614T114327,20230620T101238,5.9369,52,A2,0.328816,0.111398,1
20230614T114327,20230620T101238,5.9369,53,A2,-0.111077,0.924682,0
20230614T114327,20230620T101238,5.9369,54,A2,-0.005160,0.207004,0
20230614T114327,20230620T101238,5.9369,55,A2,0.330087,0.389287,0
20230614T114327,20230620T101238,5.9369,57,A2,-0.225579,0.117757,1
20230614T114327,20230620T101238,5.9369,58,A2,-0.180279,0.357923,0
20230614T114327,20230620T101238,5.9369,59,A2,0.657134,0.753101,1
20230614T114327,20230620T101238,5.9369,60,A2,0.456200,0.739241,1
20230614T114327,20230620T101238,5.9369,61,A2,0.549768,1.142532,0
20230614T114327,20230620T101238,5.9369,62,A2,0.571021,0.971275,0
20230614T114327,20230620T101238,5.9369,63,A2,0.744674,0.139365,1
20230614T114327,20230620T101238,5.9369,64,A2,0.021092,0.799721,1
20230614T114327,20230620T101238,5.9369,65,A3,-0.082534,0.841753,1
20230614T114327,20230620T101238,5.9369,66,A3,0.884794,0.998092,1
20230614T114327,20230620T101238,5.9369,67,A3,0.718869,1.018006,0
20230614T114327,20230620T101238,5.9369,69,A3,0.905236,0.012198,1
20230614T114327,20230620T101238,5.9369,70,A3,0.717476,0.649827,1
20230614T114327,20230620T101238,5.9369,71,A3,0.949263,0.216682,1
20230614T114327,20230620T101238,5.9369,72,A3,0.366707,0.016919,1
20230614T114327,20230620T101238,5.9369,73,A3,0.191659,0.483662,0
20230614T114327,20230620T101238,5.9369,74,A3,0.055267,0.369331,1
20230614T114327,20230620T101238,5.9369,75,A3,0.253833,0.248419,1
20230614T114327,20230620T101238,5.9369,76,A3,0.503175,0.320364,0
20230614T114327,20230620T101238,5.9369,77,A3,0.844445,0.412954,1
20230614T114327,20230620T101238,5.9369,78,A3,0.569044,0.133187,1
20230614T114327,20230620T101238,5.9369,79,A3,0.674797,0.679107,0
20230614T114327,20230620T101238,5.9369,80,A3,0.843885,0.000000,1
20230614T114327,20230620T101238,5.9369,81,A3,0.621753,1.751003,0
20230614T114327,20230620T101238,5.9369,82,A3,0.485683,0.001291,1
20230614T114327,20230620T101238,5.9369,83,A3,0.385167,0.985886,1
20230614T114327,20230620T101238,5.9369,84,A3,0.515945,0.516585,1
20230614T114327,20230620T101238,5.9369,85,A3,0.760980,0.476587,1
20230614T114327,20230620T101238,5.9369,86,A3,-0.116356,0.271788,0
20230614T114327,20230620T101238,5.9369,87,A3,0.592448,0.295543,1
20230614T114327,20230620T101238,5.9369,88,A3,0.710921,0.180807,1
20230614T114327,20230620T101238,5.9369,89,A3,0.226912,0.543324,1
20230614T114327,20230620T101238,5.9369,90,A3,0.303206,0.240964,1
20230614T114327,20230620T101238,5.9369,91,A3,0.242975,0.932259,1
20230614T114327,20230620T101238,5.9369,93,A3,0.644386,0.369684,1
20230614T114327,20230620T101238,5.9369,94,A3,0.213244,1.043263,0
20230614T114327,20230620T101238,5.9369,95,A3,0.045421,1.119225,0
20230614T114327,20230620T101238,5.9369,97,A4,0.044079,0.230146,0
20230614T114327,20230620T101238,5.9369,98,A4,0.396210,0.366683,1
20230614T114327,20230620T101238,5.9369,99,A4,0.002525,0.127892,1
20230614T114327,20230620T101238,5.9369,100,A4,0.262388,0.710220,0
20230614T114327,20230620T101238,5.9369,101,A4,0.177219,0.566669,1
20230614T114327,20230620T101238,5.9369,103,A4,-0.249756,0.566267,0
20230614T114327,20230620T101238,5.9369,104,A4,-0.063056,0.158759,1
20230614T114327,20230620T101238,5.9369,105,A4,0.767692,0.436701,0
20230614T114327,20230620T101238,5.9369,106,A4,0.216049,0.676784,1
20230614T114327,20230620T101238,5.9369,107,A4,-0.055298,0.186194,1
20230614T114327,20230620T101238,5.9369,108,A4,-0.208460,0.974616,0
20230614T114327,20230620T101238,5.9369,109,A4,-0.080863,0.043849,1
20230614T114327,20230620T101238,5.9369,110,A4,0.055934,0.085286,0
20230614T114327,20230620T101238,5.9369,111,A4,-0.328388,0.026000,1
20230614T114327,20230620T101238,5.9369,112,A4,-0.075719,0.171843,0
20230614T114327,20230620T101238,5.9369,113,A4,-0.204580,0.210882,0
20230614T114327,20230620T101238,5.9369,114,A4,-0.139466,0.261858,0
20230614T114327,20230620T101238,5.9369,116,A4,0.157678,0.478708,1
20230614T114327,20230620T101238,5.9369,118,A4,-0.173680,0.172230,1
20230614T114327,20230620T101238,5.9369,119,A4,0.365264,0.039528,1
20230614T114327,20230620T101238,5.9369,120,A4,-0.113476,0.367225,0
20230614T114327,20230620T101238,5.9369,121,A4,0.799078,0.045457,1
20230614T114327,20230620T101238,5.9369,122,A4,0.903761,0.211868,1
20230614T114327,20230620T101238,5.9369,123,A4,0.057220,1.127549,0
20230614T114327,20230620T101238,5.9369,124,A4,0.383870,0.263119,0
20230614T114327,20230620T101238,5.9369,125,A4,-0.119319,0.857440,1
20230614T114327,20230620T101238,5.9369,126,A4,0.042618,1.039319,0
20230614T114327,20230620T101238,5.9369,127,A4,-0.482297,0.161460,0
20230614T114327,20230620T101238,5.9369,128,A4,-0.208298,0.100136,1
20230614T114327,20230620T101238,5.9369,129,A5,-0.012340,0.261149,0
20230614T114327,20230620T101238,5.9369,130,A5,0.694621,0.865002,1
20230614T114327,20230620T101238,5.9369,132,A5,0.190215,0.098528,1
20230614T114327,20230620T101238,5.9369,133,A5,0.093779,0.763646,1
20230614T114327,20230620T101238,5.9369,134,A5,0.612052,0.576699,0
20230614T114327,20230620T101238,5.9369,135,A5,-0.057251,0.185343,1
20230614T114327,20230620T101238,5.9369,136,A5,0.342706,0.138243,1
20230614T114327,20230620T101238,5.9369,137,A5,0.724440,0.162409,1
20230614T114327,20230620T101238,5.9369,138,A5,0.628476,0.684990,1
20230614T114327,20230620T101238,5.9369,139,A5,0.872106,0.173425,1
20230614T114327,20230620T101238,5.9369,140,A5,0.836898,0.422919,1
20230614T114327,20230620T101238,5.9369,141,A5,0.622679,0.142156,1
20230614T114327,20230620T101238,5.9369,142,A5,0.576338,1.839787,0
20230614T114327,20230620T101238,5.9369,143,A5,0.031432,1.154172,0
20230614T114327,20230620T101238,5.9369,144,A5,0.079062,0.582060,1
20230614T114327,20230620T101238,5.9369,145,A5,0.252282,0.236635,1
20230614T114327,20230620T101238,5.9369,146,A5,0.462976,0.969607,1
20230614T114327,20230620T101238,5.9369,147,A5,0.893097,0.876049,0
20230614T114327,20230620T101238,5.9369,149,A5,0.447004,0.860054,0
20230614T114327,20230620T101238,5.9369,150,A5,0.219994,0.205957,0
20230614T114327,20230620T101238,5.9369,151,A5,-0.067108,0.655346,1
20230614T114327,20230620T101238,5.9369,152,A5,-0.153609,0.704850,0
20230614T114327,20230620T101238,5.9369,153,A5,0.756035,0.074495,1
20230614T114327,20230620T101238,5.9369,154,A5,0.358284,0.004645,1
20230614T114327,20230620T101238,5.9369,155,A5,0.244176,0.868051,1
20230614T114327,20230620T101238,5.9369,156,A5,0.840618,0.092772,0
20230614T114327,20230620T101238,5.9369,157,A5,0.017075,0.055490,0
20230614T114327,20230620T101238,5.9369,158,A5,0.307703,0.732358,1
20230614T114327,20230620T101238,5.9369,159,A5,-0.098148,0.099714,0
20230614T114327,20230620T101238,5.9369,160,A5,0.109953,0.155052,1
20230614T114327,20230621T100721,6.9333,1,A1,-0.043855,1.255823,0
20230614T114327,20230621T100721,6.9333,2,A1,-0.145712,0.324428,1
20230614T114327,20230621T100721,6.9333,3,A1,0.254581,0.993617,1
20230614T114327,20230621T100721,6.9333,4,A1,-0.145764,0.063636,1
20230614T114327,20230621T100721,6.9333,6,A1,0.148606,0.282592,0
20230614T114327,20230621T100721,6.9333,8,A1,-0.012755,0.969140,1
20230614T114327,20230621T100721,6.9333,9,A1,0.003126,0.928421,1
20230614T114327,20230621T100721,6.9333,10,A1,0.553343,0.214570,1
20230614T114327,20230621T100721,6.9333,11,A1,0.845492,0.401893,1
20230614T114327,20230621T100721,6.9333,12,A1,0.390845,0.244297,1
20230614T114327,20230621T100721,6.9333,13,A1,0.904612,0.311361,0
20230614T114327,20230621T100721,6.9333,14,A1,-0.017939,0.723288,1
20230614T114327,20230621T100721,6.9333,15,A1,0.837296,0.733607,1
20230614T114327,20230621T100721,6.9333,17,A1,0.107641,0.063129,0
20230614T114327,20230621T100721,6.9333,18,A1,0.436366,0.063206,1
20230614T114327,20230621T100721,6.9333,19,A1,0.384735,0.000000,1
20230614T114327,20230621T100721,6.9333,20,A1,0.223282,0.385765,0
20230614T114327,20230621T100721,6.9333,21,A1,0.247081,0.104021,1
20230614T114327,20230621T100721,6.9333,22,A1,0.878919,0.028954,1
20230614T114327,20230621T100721,6.9333,23,A1,0.435067,0.036882,1
20230614T114327,20230621T100721,6.9333,26,A1,0.576666,0.151175,1
20230614T114327,20230621T100721,6.9333,27,A1,0.646440,0.233364,0
20230614T114327,20230621T100721,6.9333,28,A1,0.396271,0.490573,0
20230614T114327,20230621T100721,6.9333,29,A1,0.885894,0.165163,0
20230614T114327,20230621T100721,6.9333,30,A1,0.791219,0.000000,1
20230614T114327,20230621T100721,6.9333,31,A1,0.579617,0.294380,1
20230614T114327,20230621T100721,6.9333,32,A1,0.921649,0.291693,1
20230614T114327,20230621T100721,6.9333,33,A2,-0.013524,0.134505,0
20230614T114327,20230621T100721,6.9333,34,A2,-0.048899,1.140932,0
20230614T114327,20230621T100721,6.9333,36,A2,-0.377765,0.640947,0
20230614T114327,20230621T100721,6.9333,37,A2,0.322836,0.645354,0
20230614T114327,20230621T100721,6.9333,39,A2,-0.130414,0.848745,1
20230614T114327,20230621T100721,6.9333,40,A2,-0.209035,0.104982,0
20230614T114327,20230621T100721,6.9333,41,A2,0.561622,0.453104,1
20230614T114327,20230621T100721,6.9333,42,A2,0.054962,0.344394,1
20230614T114327,20230621T100721,6.9333,43,A2,0.480506,0.727270,0
20230614T114327,20230621T100721,6.9333,44,A2,0.681095,0.793239,0
20230614T114327,20230621T100721,6.9333,45,A2,-0.010529,0.724304,1
20230614T114327,20230621T100721,6.9333,46,A2,-0.120845,0.847392,0
20230614T114327,20230621T100721,6.9333,47,A2,0.817591,0.000000,1
20230614T114327,20230621T100721,6.9333,48,A2,0.105265,0.572038,1
20230614T114327,20230621T100721,6.9333,49,A2,-0.277685,0.097337,1
20230614T114327,20230621T100721,6.9333,50,A2,0.107775,0.088151,1
20230614T114327,20230621T100721,6.9333,51,A2,0.238765,0.582169,0
20230614T114327,20230621T100721,6.9333,52,A2,0.560352,0.655706,1
20230614T114327,20230621T100721,6.9333,53,A2,-0.241828,0.076334,1
20230614T114327,20230621T100721,6.9333,54,A2,0.111325,0.170648,1
20230614T114327,20230621T100721,6.9333,55,A2,-0.031274,0.194443,0
20230614T114327,20230621T100721,6.9333,57,A2,-0.186522,0.264517,0
20230614T114327,20230621T100721,6.9333,58,A2,0.417382,0.077104,1
20230614T114327,20230621T100721,6.9333,59,A2,0.327087,0.803657,1
20230614T114327,20230621T100721,6.9333,60,A2,0.256265,0.187253,1
20230614T114327,20230621T100721,6.9333,62,A2,0.607005,0.567891,0
20230614T114327,20230621T100721,6.9333,63,A2,0.625542,0.225668,0
20230614T114327,20230621T100721,6.9333,64,A2,0.538476,0.016156,1
20230614T114327,20230621T100721,6.9333,65,A3,0.093831,0.679467,1
20230614T114327,20230621T100721,6.9333,66,A3,0.895715,1.249335,0
20230614T114327,20230621T100721,6.9333,67,A3,0.468383,0.993582,1
20230614T114327,20230621T100721,6.9333,69,A3,0.819498,0.010220,1
20230614T114327,20230621T100721,6.9333,70,A3,0.747728,0.404282,1
20230614T114327,20230621T100721,6.9333,71,A3,0.936301,0.000000,1
20230614T114327,20230621T100721,6.9333,72,A3,0.165504,0.053454,0
20230614T114327,20230621T100721,6.9333,73,A3,-0.103688,0.284380,1
20230614T114327,20230621T100721,6.9333,74,A3,0.305624,0.564717,0
20230614T114327,20230621T100721,6.9333,75,A3,0.141088,0.000000,1
20230614T114327,20230621T100721,6.9333,76,A3,0.367781,0.180690,1
20230614T114327,20230621T100721,6.9333,77,A3,0.814153,0.743684,1
20230614T114327,20230621T100721,6.9333,78,A3,-0.083254,0.138933,1
20230614T114327,20230621T100721,6.9333,79,A3,-0.156022,0.681583,0
20230614T114327,20230621T100721,6.9333,80,A3,0.520128,0.816547,1
20230614T114327,20230621T100721,6.9333,81,A3,0.332206,0.516969,1
20230614T114327,20230621T100721,6.9333,82,A3,0.563128,0.204554,1
20230614T114327,20230621T100721,6.9333,83,A3,-0.040407,0.020747,1
20230614T114327,20230621T100721,6.9333,84,A3,0.504711,1.640373,0
20230614T114327,20230621T100721,6.9333,85,A3,0.772891,1.418655,0
20230614T114327,20230621T100721,6.9333,86,A3,-0.105243,0.268373,1
20230614T114327,20230621T100721,6.9333,87,A3,0.601796,1.232304,0
20230614T114327,20230621T100721,6.9333,88,A3,0.517626,0.166658,1
20230614T114327,20230621T100721,6.9333,89,A3,-0.248797,0.000000,1
20230614T114327,20230621T100721,6.9333,90,A3,0.118811,0.186360,1
20230614T114327,20230621T100721,6.9333,91,A3,0.190653,0.058070,1
20230614T114327,20230621T100721,6.9333,93,A3,0.622525,0.056398,0
20230614T114327,20230621T100721,6.9333,94,A3,0.212774,0.101323,1
20230614T114327,20230621T100721,6.9333,95,A3,0.275924,1.005243,0
20230614T114327,20230621T100721,6.9333,97,A4,-0.213361,0.119133,1
20230614T114327,20230621T100721,6.9333,98,A4,0.596293,0.185116,1
20230614T114327,20230621T100721,6.9333,99,A4,-0.380679,0.006526,1
20230614T114327,20230621T100721,6.9333,100,A4,-0.064797,0.308039,0
20230614T114327,20230621T100721,6.9333,101,A4,-0.204140,0.014712,1
20230614T114327,20230621T100721,6.9333,103,A4,-0.125061,0.258674,1
20230614T114327,20230621T100721,6.9333,104,A4,-0.219470,0.130501,1
20230614T114327,20230621T100721,6.9333,105,A4,-0.018398,0.074999,0
20230614T114327,20230621T100721,6.9333,106,A4,-0.086213,0.039334,1
20230614T114327,20230621T100721,6.9333,107,A4,-0.139623,0.587044,0
20230614T114327,20230621T100721,6.9333,108,A4,0.274290,0.239628,1
20230614T114327,20230621T100721,6.9333,109,A4,0.213076,0.023720,1
20230614T114327,20230621T100721,6.9333,110,A4,-0.039341,0.091121,1
20230614T114327,20230621T100721,6.9333,111,A4,-0.226375,0.242872,1
20230614T114327,20230621T100721,6.9333,112,A4,-0.251900,0.965135,1
20230614T114327,20230621T100721,6.9333,113,A4,0.178350,0.071705,1
20230614T114327,20230621T100721,6.9333,114,A4,-0.236109,0.272974,0
20230614T114327,20230621T100721,6.9333,118,A4,-0.118929,0.008613,1
20230614T114327,20230621T100721,6.9333,119,A4,-0.001711,0.158878,0
20230614T114327,20230621T100721,6.9333,120,A4,-0.157437,1.014543,0
20230614T114327,20230621T100721,6.9333,121,A4,0.739243,0.593759,1
20230614T114327,20230621T100721,6.9333,122,A4,0.803725,0.211868,1
20230614T114327,20230621T100721,6.9333,123,A4,-0.130969,0.715494,1
20230614T114327,20230621T100721,6.9333,124,A4,0.001797,0.162904,1
20230614T114327,20230621T100721,6.9333,125,A4,-0.073594,1.127817,0
20230614T114327,20230621T100721,6.9333,126,A4,0.051991,0.231943,0
20230614T114327,20230621T100721,6.9333,128,A4,0.213621,0.878737,1
20230614T114327,20230621T100721,6.9333,129,A5,0.103613,0.158842,0
20230614T114327,20230621T100721,6.9333,130,A5,0.546920,0.017801,1
20230614T114327,20230621T100721,6.9333,132,A5,-0.304592,0.094126,1
20230614T114327,20230621T100721,6.9333,133,A5,0.260958,1.009558,0
20230614T114327,20230621T100721,6.9333,134,A5,0.567384,0.518261,0
20230614T114327,20230621T100721,6.9333,135,A5,0.161255,0.443476,1
20230614T114327,20230621T100721,6.9333,136,A5,0.278137,0.891504,0
20230614T114327,20230621T100721,6.9333,137,A5,0.537294,0.060751,1
20230614T114327,20230621T100721,6.9333,138,A5,0.391846,0.076746,1
20230614T114327,20230621T100721,6.9333,139,A5,0.903357,0.000000,1
20230614T114327,20230621T100721,6.9333,140,A5,0.891025,0.189219,1
20230614T114327,20230621T100721,6.9333,141,A5,0.482730,0.438314,1
20230614T114327,20230621T100721,6.9333,142,A5,0.582168,0.000000,1
20230614T114327,20230621T100721,6.9333,143,A5,0.310152,1.154172,0
20230614T114327,20230621T100721,6.9333,144,A5,-0.168398,0.599537,0
20230614T114327,20230621T100721,6.9333,145,A5,0.161098,0.086751,0
20230614T114327,20230621T100721,6.9333,146,A5,0.570290,0.571340,1
20230614T114327,20230621T100721,6.9333,147,A5,0.790892,0.766578,0
20230614T114327,20230621T100721,6.9333,149,A5,0.434774,0.067619,0
20230614T114327,20230621T100721,6.9333,150,A5,0.101812,0.028248,1
20230614T114327,20230621T100721,6.9333,151,A5,-0.281359,0.865144,1
20230614T114327,20230621T100721,6.9333,152,A5,0.035777,0.287545,0
20230614T114327,20230621T100721,6.9333,153,A5,0.715225,0.141251,1
20230614T114327,20230621T100721,6.9333,154,A5,0.378074,0.118357,0
20230614T114327,20230621T100721,6.9333,155,A5,0.058034,0.171315,0
20230614T114327,20230621T100721,6.9333,157,A5,-0.070293,0.192360,1
20230614T114327,20230621T100721,6.9333,158,A5,0.366375,0.235160,1
20230614T114327,20230621T100721,6.9333,159,A5,0.192470,0.432281,0
20230614T114327,20230621T100721,6.9333,160,A5,0.069991,0.210716,1
20230614T114327,20230622T111856,7.9830,1,A1,0.079097,0.117773,1
20230614T114327,20230622T111856,7.9830,2,A1,-0.020673,0.357033,1
20230614T114327,20230622T111856,7.9830,3,A1,0.085674,0.999978,1
20230614T114327,20230622T111856,7.9830,4,A1,0.142767,0.557017,1
20230614T114327,20230622T111856,7.9830,6,A1,-0.114295,0.218827,1
20230614T114327,20230622T111856,7.9830,8,A1,-0.489974,0.969140,1
20230614T114327,20230622T111856,7.9830,9,A1,0.345944,0.781293,1
20230614T114327,20230622T111856,7.9830,10,A1,0.332343,0.752172,1
20230614T114327,20230622T111856,7.9830,11,A1,0.638938,0.584372,1
20230614T114327,20230622T111856,7.9830,12,A1,0.257435,1.017845,0
20230614T114327,20230622T111856,7.9830,13,A1,0.901051,0.256075,1
20230614T114327,20230622T111856,7.9830,14,A1,0.152012,0.477808,1
20230614T114327,20230622T111856,7.9830,15,A1,0.599327,0.843243,1
20230614T114327,20230622T111856,7.9830,17,A1,0.277105,0.349463,0
20230614T114327,20230622T111856,7.9830,18,A1,0.254879,0.770136,1
20230614T114327,20230622T111856,7.9830,19,A1,0.264686,0.402636,1
20230614T114327,20230622T111856,7.9830,20,A1,0.232094,0.307904,1
20230614T114327,20230622T111856,7.9830,21,A1,0.362533,0.709631,1
20230614T114327,20230622T111856,7.9830,22,A1,0.904158,0.240042,1
20230614T114327,20230622T111856,7.9830,23,A1,0.168437,0.483881,1
20230614T114327,20230622T111856,7.9830,26,A1,0.473826,0.184649,1
20230614T114327,20230622T111856,7.9830,27,A1,0.445613,0.271054,0
20230614T114327,20230622T111856,7.9830,28,A1,0.079944,1.472778,0
20230614T114327,20230622T111856,7.9830,29,A1,0.860190,0.145812,1
20230614T114327,20230622T111856,7.9830,30,A1,0.484929,0.001560,1
20230614T114327,20230622T111856,7.9830,31,A1,0.513637,0.223612,0
20230614T114327,20230622T111856,7.9830,32,A1,0.749989,0.132623,1
20230614T114327,20230622T111856,7.9830,33,A2,0.299250,0.008663,0
20230614T114327,20230622T111856,7.9830,34,A2,-0.023538,0.104270,1
20230614T114327,20230622T111856,7.9830,36,A2,-0.112013,1.578773,0
20230614T114327,20230622T111856,7.9830,37,A2,0.151343,0.557095,1
20230614T114327,20230622T111856,7.9830,39,A2,0.223171,0.874709,1
20230614T114327,20230622T111856,7.9830,40,A2,0.116681,0.163126,0
20230614T114327,20230622T111856,7.9830,41,A2,0.429724,0.000000,1
20230614T114327,20230622T111856,7.9830,42,A2,0.057151,0.091941,1
20230614T114327,20230622T111856,7.9830,43,A2,0.594219,0.342997,1
20230614T114327,20230622T111856,7.9830,44,A2,0.734355,1.081930,0
20230614T114327,20230622T111856,7.9830,45,A2,0.205322,0.222864,1
20230614T114327,20230622T111856,7.9830,46,A2,-0.210418,0.502816,0
20230614T114327,20230622T111856,7.9830,47,A2,0.695520,0.000000,1
20230614T114327,20230622T111856,7.9830,48,A2,0.282583,0.738587,1
20230614T114327,20230622T111856,7.9830,49,A2,-0.077852,0.741937,0
20230614T114327,20230622T111856,7.9830,50,A2,-0.308671,0.753189,0
20230614T114327,20230622T111856,7.9830,51,A2,0.523858,0.493804,0
20230614T114327,20230622T111856,7.9830,52,A2,0.080444,0.354461,0
20230614T114327,20230622T111856,7.9830,53,A2,-0.038824,0.319400,0
20230614T114327,20230622T111856,7.9830,54,A2,0.362128,0.275353,1
20230614T114327,20230622T111856,7.9830,55,A2,0.530385,0.347993,0
20230614T114327,20230622T111856,7.9830,57,A2,-0.107747,0.442398,0
20230614T114327,20230622T111856,7.9830,58,A2,-0.179671,0.410861,0
20230614T114327,20230622T111856,7.9830,59,A2,0.211576,1.017126,0
20230614T114327,20230622T111856,7.9830,60,A2,0.114196,0.342037,0
20230614T114327,20230622T111856,7.9830,61,A2,0.708979,0.907464,1
20230614T114327,20230622T111856,7.9830,62,A2,0.580098,0.601262,0
20230614T114327,20230622T111856,7.9830,63,A2,0.722635,0.173204,0
20230614T114327,20230622T111856,7.9830,64,A2,0.743413,0.183750,1
20230614T114327,20230622T111856,7.9830,65,A3,0.427336,0.000000,1
20230614T114327,20230622T111856,7.9830,66,A3,0.870482,1.117681,0
20230614T114327,20230622T111856,7.9830,67,A3,0.571860,0.328443,1
20230614T114327,20230622T111856,7.9830,68,A3,0.725755,0.000000,1
20230614T114327,20230622T111856,7.9830,69,A3,0.881616,0.666680,1
20230614T114327,20230622T111856,7.9830,70,A3,0.720232,1.890148,0
20230614T114327,20230622T111856,7.9830,71,A3,0.957457,0.099257,1
20230614T114327,20230622T111856,7.9830,72,A3,-0.029878,0.070030,1
20230614T114327,20230622T111856,7.9830,73,A3,0.242082,0.870321,1
20230614T114327,20230622T111856,7.9830,74,A3,-0.161455,1.413060,0
20230614T114327,20230622T111856,7.9830,75,A3,0.171192,0.760113,1
20230614T114327,20230622T111856,7.9830,76,A3,0.296137,0.504954,0
20230614T114327,20230622T111856,7.9830,77,A3,0.776874,0.770774,1
20230614T114327,20230622T111856,7.9830,78,A3,0.536581,0.145167,1
20230614T114327,20230622T111856,7.9830,79,A3,0.119717,0.674860,0
20230614T114327,20230622T111856,7.9830,80,A3,0.526079,0.812049,1
20230614T114327,20230622T111856,7.9830,81,A3,0.497425,0.403897,1
20230614T114327,20230622T111856,7.9830,82,A3,0.534230,0.204554,1
20230614T114327,20230622T111856,7.9830,83,A3,-0.291756,0.506497,1
20230614T114327,20230622T111856,7.9830,84,A3,0.317350,0.825038,0
20230614T114327,20230622T111856,7.9830,85,A3,0.800740,0.773178,1
20230614T114327,20230622T111856,7.9830,86,A3,-0.026094,0.054277,1
20230614T114327,20230622T111856,7.9830,87,A3,0.707213,1.320304,0
20230614T114327,20230622T111856,7.9830,88,A3,0.395739,0.318617,0
20230614T114327,20230622T111856,7.9830,89,A3,0.322806,0.431602,1
20230614T114327,20230622T111856,7.9830,90,A3,0.065804,0.183627,0
20230614T114327,20230622T111856,7.9830,91,A3,-0.094829,0.932259,1
20230614T114327,20230622T111856,7.9830,93,A3,0.280749,0.345211,0
20230614T114327,20230622T111856,7.9830,94,A3,0.489714,0.000715,1
20230614T114327,20230622T111856,7.9830,95,A3,-0.135604,1.150899,0
20230614T114327,20230622T111856,7.9830,97,A4,0.172691,0.289215,0
20230614T114327,20230622T111856,7.9830,98,A4,0.350489,0.257829,0
20230614T114327,20230622T111856,7.9830,99,A4,-0.347460,0.074461,0
20230614T114327,20230622T111856,7.9830,100,A4,0.075153,0.031898,1
20230614T114327,20230622T111856,7.9830,101,A4,-0.062426,0.207418,0
20230614T114327,20230622T111856,7.9830,103,A4,-0.038670,0.693288,0
20230614T114327,20230622T111856,7.9830,104,A4,-0.290337,0.069867,1
20230614T114327,20230622T111856,7.9830,105,A4,0.578606,0.105300,0
20230614T114327,20230622T111856,7.9830,106,A4,-0.152101,0.575676,1
20230614T114327,20230622T111856,7.9830,107,A4,0.229939,0.006526,1
20230614T114327,20230622T111856,7.9830,108,A4,0.066943,1.393869,0
20230614T114327,20230622T111856,7.9830,109,A4,-0.191048,0.032747,1
20230614T114327,20230622T111856,7.9830,110,A4,0.252810,0.176317,1
20230614T114327,20230622T111856,7.9830,111,A4,-0.063921,1.338463,0
20230614T114327,20230622T111856,7.9830,112,A4,0.037752,0.119603,0
20230614T114327,20230622T111856,7.9830,113,A4,-0.090960,0.069646,1
20230614T114327,20230622T111856,7.9830,114,A4,0.344279,0.343202,0
20230614T114327,20230622T111856,7.9830,116,A4,0.006600,0.632369,0
20230614T114327,20230622T111856,7.9830,118,A4,-0.252874,0.282117,0
20230614T114327,20230622T111856,7.9830,119,A4,0.067458,0.243528,0
20230614T114327,20230622T111856,7.9830,120,A4,0.101668,0.994988,0
20230614T114327,20230622T111856,7.9830,121,A4,0.835596,0.793412,1
20230614T114327,20230622T111856,7.9830,122,A4,0.831576,0.099852,1
20230614T114327,20230622T111856,7.9830,123,A4,0.063489,0.843874,1
20230614T114327,20230622T111856,7.9830,124,A4,-0.289533,0.022922,1
20230614T114327,20230622T111856,7.9830,125,A4,-0.050374,0.182361,0
20230614T114327,20230622T111856,7.9830,126,A4,0.111993,0.086106,0
20230614T114327,20230622T111856,7.9830,127,A4,0.001000,0.510521,0
20230614T114327,20230622T111856,7.9830,128,A4,0.148832,0.083921,1
20230614T114327,20230622T111856,7.9830,130,A5,-0.153250,0.963838,1
20230614T114327,20230622T111856,7.9830,131,A5,-0.057176,0.353259,1
20230614T114327,20230622T111856,7.9830,132,A5,0.051860,0.163178,0
20230614T114327,20230622T111856,7.9830,133,A5,0.196217,0.179649,1
20230614T114327,20230622T111856,7.9830,134,A5,0.723331,0.294039,0
20230614T114327,20230622T111856,7.9830,135,A5,-0.215396,0.982137,0
20230614T114327,20230622T111856,7.9830,136,A5,-0.035892,0.422469,0
20230614T114327,20230622T111856,7.9830,137,A5,0.489014,0.012221,1
20230614T114327,20230622T111856,7.9830,138,A5,0.382077,0.068567,1
20230614T114327,20230622T111856,7.9830,139,A5,0.854899,0.081854,1
20230614T114327,20230622T111856,7.9830,140,A5,0.873135,0.094715,1
20230614T114327,20230622T111856,7.9830,141,A5,0.456316,0.672201,1
20230614T114327,20230622T111856,7.9830,142,A5,-0.133911,0.576422,1
20230614T114327,20230622T111856,7.9830,143,A5,-0.115641,0.033277,1
20230614T114327,20230622T111856,7.9830,144,A5,0.045421,0.052595,1
20230614T114327,20230622T111856,7.9830,145,A5,0.407753,0.502881,1
20230614T114327,20230622T111856,7.9830,146,A5,0.711428,0.000000,1
20230614T114327,20230622T111856,7.9830,147,A5,0.663870,0.908618,0
20230614T114327,20230622T111856,7.9830,149,A5,-0.011701,1.061954,0
20230614T114327,20230622T111856,7.9830,150,A5,0.039342,0.045601,1
20230614T114327,20230622T111856,7.9830,151,A5,0.302990,1.284059,0
20230614T114327,20230622T111856,7.9830,152,A5,-0.236407,0.275016,0
20230614T114327,20230622T111856,7.9830,153,A5,0.577319,0.029365,1
20230614T114327,20230622T111856,7.9830,154,A5,-0.277109,0.952173,1
20230614T114327,20230622T111856,7.9830,155,A5,-0.216143,0.381293,1
20230614T114327,20230622T111856,7.9830,156,A5,0.822988,0.114566,1
20230614T114327,20230622T111856,7.9830,157,A5,0.221223,0.540047,0
20230614T114327,20230622T111856,7.9830,158,A5,-0.091580,0.047574,1
20230614T114327,20230622T111856,7.9830,159,A5,-0.165924,0.020959,1
20230614T114327,20230622T111856,7.9830,160,A5,0.237408,0.209072,1
20230614T114327,20230628T101631,13.9396,1,A1,0.231173,0.130888,1
20230614T114327,20230628T101631,13.9396,2,A1,0.211011,0.360369,1
20230614T114327,20230628T101631,13.9396,3,A1,0.199129,1.076929,0
20230614T114327,20230628T101631,13.9396,4,A1,-0.060693,0.164903,0
20230614T114327,20230628T101631,13.9396,6,A1,-0.113833,1.261135,0
20230614T114327,20230628T101631,13.9396,8,A1,-0.298441,0.254918,1
20230614T114327,20230628T101631,13.9396,9,A1,0.359230,0.620273,1
20230614T114327,20230628T101631,13.9396,10,A1,0.449372,0.041121,1
20230614T114327,20230628T101631,13.9396,11,A1,0.862423,0.270247,1
20230614T114327,20230628T101631,13.9396,12,A1,0.249119,0.103991,0
20230614T114327,20230628T101631,13.9396,13,A1,0.904130,0.317807,0
20230614T114327,20230628T101631,13.9396,14,A1,0.157037,0.715956,1
20230614T114327,20230628T101631,13.9396,15,A1,0.893263,0.515318,1
20230614T114327,20230628T101631,13.9396,17,A1,0.371864,0.003494,1
20230614T114327,20230628T101631,13.9396,18,A1,0.503141,0.613012,1
20230614T114327,20230628T101631,13.9396,19,A1,0.468862,0.272282,1
20230614T114327,20230628T101631,13.9396,21,A1,0.583251,0.196173,0
20230614T114327,20230628T101631,13.9396,22,A1,0.715337,0.201662,1
20230614T114327,20230628T101631,13.9396,23,A1,-0.171835,0.130082,1
20230614T114327,20230628T101631,13.9396,26,A1,0.366376,0.228461,0
20230614T114327,20230628T101631,13.9396,27,A1,0.809441,0.216773,1
20230614T114327,20230628T101631,13.9396,28,A1,0.488324,0.498957,0
20230614T114327,20230628T101631,13.9396,29,A1,0.873612,0.035434,1
20230614T114327,20230628T101631,13.9396,30,A1,0.590762,0.000000,1
20230614T114327,20230628T101631,13.9396,31,A1,0.614004,0.294730,1
20230614T114327,20230628T101631,13.9396,32,A1,0.813408,0.132623,1
20230614T114327,20230628T101631,13.9396,33,A2,-0.147325,0.281160,0
20230614T114327,20230628T101631,13.9396,34,A2,-0.121774,0.165413,0
20230614T114327,20230628T101631,13.9396,36,A2,0.200883,0.176955,1
20230614T114327,20230628T101631,13.9396,37,A2,0.196644,0.728806,0
20230614T114327,20230628T101631,13.9396,39,A2,0.414829,1.489747,0
20230614T114327,20230628T101631,13.9396,40,A2,-0.084765,0.016040,1
20230614T114327,20230628T101631,13.9396,41,A2,0.547569,1.270570,0
20230614T114327,20230628T101631,13.9396,42,A2,-0.067255,0.050715,1
20230614T114327,20230628T101631,13.9396,43,A2,0.624310,0.892680,0
20230614T114327,20230628T101631,13.9396,44,A2,0.743425,1.769440,0
20230614T114327,20230628T101631,13.9396,46,A2,-0.033460,1.326094,0
20230614T114327,20230628T101631,13.9396,47,A2,0.888276,0.583271,1
20230614T114327,20230628T101631,13.9396,48,A2,-0.251006,2.000000,0
20230614T114327,20230628T101631,13.9396,49,A2,-0.082887,0.005835,1
20230614T114327,20230628T101631,13.9396,51,A2,0.197626,0.279989,0
20230614T114327,20230628T101631,13.9396,52,A2,0.181761,1.344294,0
20230614T114327,20230628T101631,13.9396,53,A2,-0.137440,0.059188,1
20230614T114327,20230628T101631,13.9396,54,A2,0.379077,0.091604,1
20230614T114327,20230628T101631,13.9396,55,A2,-0.015380,0.220270,0
20230614T114327,20230628T101631,13.9396,56,A2,0.002694,0.242243,1
20230614T114327,20230628T101631,13.9396,57,A2,-0.150517,0.278394,1
20230614T114327,20230628T101631,13.9396,58,A2,0.090743,0.426428,0
20230614T114327,20230628T101631,13.9396,59,A2,0.341393,0.611195,1
20230614T114327,20230628T101631,13.9396,60,A2,0.385614,0.640043,1
20230614T114327,20230628T101631,13.9396,61,A2,0.768730,0.410932,1
20230614T114327,20230628T101631,13.9396,62,A2,0.369681,0.420499,0
20230614T114327,20230628T101631,13.9396,63,A2,0.722242,0.086780,1
20230614T114327,20230628T101631,13.9396,64,A2,0.578023,0.202520,1
20230614T114327,20230628T101631,13.9396,65,A3,0.473265,0.000000,1
20230614T114327,20230628T101631,13.9396,66,A3,0.856810,1.287959,0
20230614T114327,20230628T101631,13.9396,68,A3,0.788654,0.771790,1
20230614T114327,20230628T101631,13.9396,69,A3,0.754838,0.825240,1
20230614T114327,20230628T101631,13.9396,70,A3,0.605681,0.673504,1
20230614T114327,20230628T101631,13.9396,71,A3,0.968479,0.675415,1
20230614T114327,20230628T101631,13.9396,72,A3,0.315793,0.013220,1
20230614T114327,20230628T101631,13.9396,73,A3,-0.222736,0.184437,0
20230614T114327,20230628T101631,13.9396,74,A3,0.065611,0.394639,1
20230614T114327,20230628T101631,13.9396,75,A3,-0.214572,0.000000,1
20230614T114327,20230628T101631,13.9396,76,A3,0.006524,0.387118,0
20230614T114327,20230628T101631,13.9396,77,A3,0.557610,0.000000,1
20230614T114327,20230628T101631,13.9396,78,A3,0.274431,0.235603,1
20230614T114327,20230628T101631,13.9396,79,A3,0.281963,0.452179,1
20230614T114327,20230628T101631,13.9396,80,A3,0.741270,0.921126,1
20230614T114327,20230628T101631,13.9396,81,A3,0.336356,0.699992,1
20230614T114327,20230628T101631,13.9396,82,A3,0.594983,0.204554,1
20230614T114327,20230628T101631,13.9396,83,A3,0.054952,0.081139,1
20230614T114327,20230628T101631,13.9396,84,A3,0.365316,0.523607,1
20230614T114327,20230628T101631,13.9396,85,A3,-0.319884,0.339572,1
20230614T114327,20230628T101631,13.9396,86,A3,-0.464060,0.032990,1
20230614T114327,20230628T101631,13.9396,87,A3,0.802041,0.698699,1
20230614T114327,20230628T101631,13.9396,88,A3,0.206045,0.028527,1
20230614T114327,20230628T101631,13.9396,89,A3,0.189418,1.010933,0
20230614T114327,20230628T101631,13.9396,91,A3,0.175855,0.585234,1
20230614T114327,20230628T101631,13.9396,93,A3,0.388834,0.275865,1
20230614T114327,20230628T101631,13.9396,94,A3,0.394804,0.070291,1
20230614T114327,20230628T101631,13.9396,95,A3,-0.384928,1.560540,0
20230614T114327,20230628T101631,13.9396,97,A4,-0.095171,0.174705,1
20230614T114327,20230628T101631,13.9396,98,A4,0.318818,0.270244,0
20230614T114327,20230628T101631,13.9396,100,A4,0.106757,0.324688,0
20230614T114327,20230628T101631,13.9396,101,A4,-0.080340,0.016986,1
20230614T114327,20230628T101631,13.9396,103,A4,-0.237424,1.082891,0
20230614T114327,20230628T101631,13.9396,104,A4,-0.091946,0.358494,0
20230614T114327,20230628T101631,13.9396,105,A4,0.569904,0.093017,1
20230614T114327,20230628T101631,13.9396,106,A4,-0.234478,1.345210,0
20230614T114327,20230628T101631,13.9396,107,A4,-0.033431,0.548292,0
20230614T114327,20230628T101631,13.9396,108,A4,0.197777,0.961353,0
20230614T114327,20230628T101631,13.9396,109,A4,-0.041389,0.633768,0
20230614T114327,20230628T101631,13.9396,110,A4,-0.163822,1.013286,0
20230614T114327,20230628T101631,13.9396,111,A4,0.335643,0.661537,1
20230614T114327,20230628T101631,13.9396,112,A4,0.244291,0.077470,0
20230614T114327,20230628T101631,13.9396,114,A4,0.307503,0.288923,0
20230614T114327,20230628T101631,13.9396,116,A4,-0.047979,0.055973,0
20230614T114327,20230628T101631,13.9396,118,A4,-0.234156,0.065906,1
20230614T114327,20230628T101631,13.9396,119,A4,-0.191100,0.043439,1
20230614T114327,20230628T101631,13.9396,120,A4,-0.030319,0.985457,1
20230614T114327,20230628T101631,13.9396,121,A4,0.789073,0.045457,1
20230614T114327,20230628T101631,13.9396,122,A4,0.866009,0.204087,1
20230614T114327,20230628T101631,13.9396,123,A4,-0.145126,0.819181,1
20230614T114327,20230628T101631,13.9396,125,A4,0.330674,0.199191,0
20230614T114327,20230628T101631,13.9396,126,A4,-0.227034,0.089454,1
20230614T114327,20230628T101631,13.9396,127,A4,0.210343,0.953531,1
20230614T114327,20230628T101631,13.9396,129,A5,-0.446480,0.020310,1
20230614T114327,20230628T101631,13.9396,130,A5,0.555921,0.721423,1
20230614T114327,20230628T101631,13.9396,132,A5,0.419886,0.108473,1
20230614T114327,20230628T101631,13.9396,133,A5,0.163018,0.374733,1
20230614T114327,20230628T101631,13.9396,134,A5,0.648761,0.335919,0
20230614T114327,20230628T101631,13.9396,135,A5,0.172476,1.067445,0
20230614T114327,20230628T101631,13.9396,136,A5,0.319532,0.089479,1
20230614T114327,20230628T101631,13.9396,137,A5,0.600172,0.523009,0
20230614T114327,20230628T101631,13.9396,138,A5,0.332565,0.000959,1
20230614T114327,20230628T101631,13.9396,139,A5,0.864694,0.000000,1
20230614T114327,20230628T101631,13.9396,140,A5,0.806866,0.040399,1
20230614T114327,20230628T101631,13.9396,141,A5,0.445928,0.142156,1
20230614T114327,20230628T101631,13.9396,142,A5,0.585060,0.904050,1
20230614T114327,20230628T101631,13.9396,143,A5,-0.063178,0.099890,1
20230614T114327,20230628T101631,13.9396,144,A5,0.073140,0.325643,0
20230614T114327,20230628T101631,13.9396,145,A5,-0.052721,0.925170,1
20230614T114327,20230628T101631,13.9396,146,A5,0.650438,0.846831,1
20230614T114327,20230628T101631,13.9396,147,A5,0.681692,0.929388,0
20230614T114327,20230628T101631,13.9396,149,A5,0.433630,0.833718,1
20230614T114327,20230628T101631,13.9396,150,A5,-0.058328,0.083428,0
20230614T114327,20230628T101631,13.9396,151,A5,0.241294,0.955064,1
20230614T114327,20230628T101631,13.9396,152,A5,-0.121798,0.290530,0
20230614T114327,20230628T101631,13.9396,153,A5,0.791249,0.171251,1
20230614T114327,20230628T101631,13.9396,154,A5,0.167748,1.047827,0
20230614T114327,20230628T101631,13.9396,155,A5,-0.026057,0.928855,1
20230614T114327,20230628T101631,13.9396,157,A5,0.134891,0.149593,0
20230614T114327,20230628T101631,13.9396,158,A5,0.395498,0.111624,1
20230614T114327,20230628T101631,13.9396,159,A5,-0.080615,0.085037,1
20230614T114327,20230628T101631,13.9396,160,A5,0.133054,0.998249,0
20230614T114327,20230629T100435,14.9313,1,A1,0.211584,0.217241,1
20230614T114327,20230629T100435,14.9313,4,A1,0.075200,0.148485,0
20230614T114327,20230629T100435,14.9313,6,A1,-0.064840,0.226334,1
20230614T114327,20230629T100435,14.9313,8,A1,0.052083,0.044046,0
20230614T114327,20230629T100435,14.9313,9,A1,0.243038,0.000000,1
20230614T114327,20230629T100435,14.9313,10,A1,0.521885,0.138530,1
20230614T114327,20230629T100435,14.9313,11,A1,0.837776,0.428306,0
20230614T114327,20230629T100435,14.9313,12,A1,0.063373,0.170533,1
20230614T114327,20230629T100435,14.9313,13,A1,0.878865,0.307671,0
20230614T114327,20230629T100435,14.9313,14,A1,0.139035,0.475160,1
20230614T114327,20230629T100435,14.9313,15,A1,0.912277,0.593187,1
20230614T114327,20230629T100435,14.9313,17,A1,-0.024578,0.032481,1
20230614T114327,20230629T100435,14.9313,18,A1,0.396572,0.182343,0
20230614T114327,20230629T100435,14.9313,19,A1,0.032159,1.048507,0
20230614T114327,20230629T100435,14.9313,22,A1,0.734609,0.312280,0
20230614T114327,20230629T100435,14.9313,23,A1,0.500332,0.136890,1
20230614T114327,20230629T100435,14.9313,26,A1,0.233895,0.320551,0
20230614T114327,20230629T100435,14.9313,27,A1,0.100370,0.172361,1
20230614T114327,20230629T100435,14.9313,28,A1,0.369823,0.527222,1
20230614T114327,20230629T100435,14.9313,29,A1,0.893812,0.649814,1
20230614T114327,20230629T100435,14.9313,30,A1,0.831208,0.000000,1
20230614T114327,20230629T100435,14.9313,31,A1,0.538503,0.003556,1
20230614T114327,20230629T100435,14.9313,32,A1,0.922925,0.187649,1
20230614T114327,20230629T100435,14.9313,36,A2,0.376273,0.463238,1
20230614T114327,20230629T100435,14.9313,37,A2,-0.050255,0.159114,1
20230614T114327,20230629T100435,14.9313,38,A2,0.316129,0.796504,0
20230614T114327,20230629T100435,14.9313,39,A2,0.141656,1.202550,0
20230614T114327,20230629T100435,14.9313,40,A2,0.180000,0.181030,1
20230614T114327,20230629T100435,14.9313,41,A2,0.468065,0.588812,1
20230614T114327,20230629T100435,14.9313,42,A2,-0.270211,0.462445,0
20230614T114327,20230629T100435,14.9313,43,A2,0.323155,0.297136,1
20230614T114327,20230629T100435,14.9313,44,A2,0.331450,0.955837,0
20230614T114327,20230629T100435,14.9313,46,A2,-0.110849,0.453070,1
20230614T114327,20230629T100435,14.9313,47,A2,0.912158,0.000000,1
20230614T114327,20230629T100435,14.9313,48,A2,0.085774,0.928218,1
20230614T114327,20230629T100435,14.9313,49,A2,0.167018,0.003642,1
20230614T114327,20230629T100435,14.9313,50,A2,0.199401,0.204532,1
20230614T114327,20230629T100435,14.9313,53,A2,-0.169250,0.038701,0
20230614T114327,20230629T100435,14.9313,54,A2,0.367445,0.180945,1
20230614T114327,20230629T100435,14.9313,55,A2,0.324328,0.192467,1
20230614T114327,20230629T100435,14.9313,57,A2,0.165624,0.040640,0
20230614T114327,20230629T100435,14.9313,58,A2,0.192919,0.198814,1
20230614T114327,20230629T100435,14.9313,59,A2,-0.015414,1.002755,0
20230614T114327,20230629T100435,14.9313,60,A2,0.351489,0.021200,1
20230614T114327,20230629T100435,14.9313,61,A2,0.756324,0.978408,1
20230614T114327,20230629T100435,14.9313,62,A2,0.555078,1.107833,0
20230614T114327,20230629T100435,14.9313,63,A2,0.741056,0.654757,0
20230614T114327,20230629T100435,14.9313,64,A2,0.632114,0.006363,1
20230614T114327,20230629T100435,14.9313,67,A3,0.581676,0.000000,1
20230614T114327,20230629T100435,14.9313,69,A3,0.480860,0.529968,1
20230614T114327,20230629T100435,14.9313,70,A3,0.636391,0.559638,1
20230614T114327,20230629T100435,14.9313,71,A3,0.899705,1.166858,0
20230614T114327,20230629T100435,14.9313,72,A3,0.105283,0.812196,0
20230614T114327,20230629T100435,14.9313,74,A3,0.135342,0.408152,1
20230614T114327,20230629T100435,14.9313,75,A3,0.060021,1.024541,0
20230614T114327,20230629T100435,14.9313,76,A3,0.210301,0.313778,0
20230614T114327,20230629T100435,14.9313,77,A3,0.484630,1.929992,0
20230614T114327,20230629T100435,14.9313,78,A3,0.160613,0.451118,0
20230614T114327,20230629T100435,14.9313,80,A3,0.871105,0.738213,1
20230614T114327,20230629T100435,14.9313,81,A3,0.156078,0.754494,0
20230614T114327,20230629T100435,14.9313,82,A3,0.649070,0.074603,1
20230614T114327,20230629T100435,14.9313,83,A3,0.168203,0.225554,1
20230614T114327,20230629T100435,14.9313,84,A3,-0.057997,0.577574,1
20230614T114327,20230629T100435,14.9313,85,A3,0.359866,1.174845,0
20230614T114327,20230629T100435,14.9313,86,A3,-0.178229,0.237168,1
20230614T114327,20230629T100435,14.9313,87,A3,0.757617,1.245221,0
20230614T114327,20230629T100435,14.9313,88,A3,0.043536,1.242065,0
20230614T114327,20230629T100435,14.9313,90,A3,0.270932,0.089591,1
20230614T114327,20230629T100435,14.9313,91,A3,-0.221567,0.146932,0
20230614T114327,20230629T100435,14.9313,93,A3,0.107381,0.071650,0
20230614T114327,20230629T100435,14.9313,95,A3,-0.073820,1.378776,0
20230614T114327,20230629T100435,14.9313,97,A4,0.273987,0.143140,1
20230614T114327,20230629T100435,14.9313,98,A4,0.269465,0.265876,0
20230614T114327,20230629T100435,14.9313,100,A4,-0.245730,0.237231,1
20230614T114327,20230629T100435,14.9313,101,A4,-0.021524,0.028049,1
20230614T114327,20230629T100435,14.9313,103,A4,-0.072391,0.532702,0
20230614T114327,20230629T100435,14.9313,104,A4,-0.053278,1.206014,0
20230614T114327,20230629T100435,14.9313,106,A4,0.084444,0.707053,0
20230614T114327,20230629T100435,14.9313,107,A4,-0.048015,0.206634,0
20230614T114327,20230629T100435,14.9313,108,A4,-0.114083,0.848172,0
20230614T114327,20230629T100435,14.9313,109,A4,0.196234,0.413926,1
20230614T114327,20230629T100435,14.9313,110,A4,0.001685,0.490855,1
20230614T114327,20230629T100435,14.9313,111,A4,-0.214029,0.283556,1
20230614T114327,20230629T100435,14.9313,112,A4,-0.117879,1.034865,0
20230614T114327,20230629T100435,14.9313,114,A4,0.121846,0.250437,0
20230614T114327,20230629T100435,14.9313,116,A4,-0.032322,0.041723,0
20230614T114327,20230629T100435,14.9313,118,A4,0.137408,0.128821,0
20230614T114327,20230629T100435,14.9313,119,A4,0.026729,0.915477,1
20230614T114327,20230629T100435,14.9313,120,A4,-0.229209,0.019247,1
20230614T114327,20230629T100435,14.9313,121,A4,0.609474,0.698797,1
20230614T114327,20230629T100435,14.9313,122,A4,0.783798,0.175712,1
20230614T114327,20230629T100435,14.9313,123,A4,-0.148931,1.065084,0
20230614T114327,20230629T100435,14.9313,124,A4,-0.171327,0.122205,0
20230614T114327,20230629T100435,14.9313,125,A4,0.107609,0.202364,0
20230614T114327,20230629T100435,14.9313,126,A4,-0.031568,0.108939,1
20230614T114327,20230629T100435,14.9313,127,A4,-0.075377,0.055587,0
20230614T114327,20230629T100435,14.9313,128,A4,-0.129134,0.102367,1
20230614T114327,20230629T100435,14.9313,129,A5,-0.337578,0.340924,1
20230614T114327,20230629T100435,14.9313,130,A5,0.656625,0.509819,1
20230614T114327,20230629T100435,14.9313,133,A5,-0.150165,0.903273,1
20230614T114327,20230629T100435,14.9313,134,A5,0.214291,0.270973,0
20230614T114327,20230629T100435,14.9313,135,A5,0.114096,0.882103,0
20230614T114327,20230629T100435,14.9313,136,A5,0.219273,0.384949,1
20230614T114327,20230629T100435,14.9313,137,A5,0.617765,0.026567,1
20230614T114327,20230629T100435,14.9313,138,A5,0.042417,0.027058,1
20230614T114327,20230629T100435,14.9313,141,A5,0.426596,0.773933,1
20230614T114327,20230629T100435,14.9313,142,A5,-0.086847,1.020314,0
20230614T114327,20230629T100435,14.9313,143,A5,0.004856,1.154172,0
20230614T114327,20230629T100435,14.9313,144,A5,0.201578,0.119370,1
20230614T114327,20230629T100435,14.9313,145,A5,0.207466,0.324760,1
20230614T114327,20230629T100435,14.9313,146,A5,0.346489,0.742658,1
20230614T114327,20230629T100435,14.9313,147,A5,0.845990,0.843786,0
20230614T114327,20230629T100435,14.9313,149,A5,-0.244884,0.069238,0
20230614T114327,20230629T100435,14.9313,150,A5,-0.000890,0.062919,1
20230614T114327,20230629T100435,14.9313,151,A5,-0.001126,1.192934,0
20230614T114327,20230629T100435,14.9313,152,A5,0.001279,0.163863,0
20230614T114327,20230629T100435,14.9313,153,A5,0.222395,0.289997,0
20230614T114327,20230629T100435,14.9313,156,A5,0.179799,0.010479,1
20230614T114327,20230629T100435,14.9313,157,A5,-0.175341,0.020434,1
20230614T114327,20230629T100435,14.9313,158,A5,0.061732,0.732793,0
20230614T114327,20230629T100435,14.9313,160,A5,-0.060448,0.029054,1
20230614T114327,20230703T122644,19.0301,1,A1,0.290718,0.234780,1
20230614T114327,20230703T122644,19.0301,3,A1,0.379921,1.161819,0
20230614T114327,20230703T122644,19.0301,4,A1,0.145861,0.075065,1
20230614T114327,20230703T122644,19.0301,6,A1,0.124038,0.258058,1
20230614T114327,20230703T122644,19.0301,9,A1,0.111603,1.079780,0
20230614T114327,20230703T122644,19.0301,10,A1,0.524085,0.054878,1
20230614T114327,20230703T122644,19.0301,11,A1,0.786307,0.296513,1
20230614T114327,20230703T122644,19.0301,12,A1,0.126723,0.688872,0
20230614T114327,20230703T122644,19.0301,13,A1,0.879701,0.470791,0
20230614T114327,20230703T122644,19.0301,14,A1,-0.080293,0.794844,0
20230614T114327,20230703T122644,19.0301,15,A1,0.822990,0.643261,0
20230614T114327,20230703T122644,19.0301,17,A1,0.345975,0.045316,1
20230614T114327,20230703T122644,19.0301,18,A1,0.065454,0.239720,1
20230614T114327,20230703T122644,19.0301,19,A1,0.613010,0.000000,1
20230614T114327,20230703T122644,19.0301,21,A1,0.334133,0.222336,0
20230614T114327,20230703T122644,19.0301,22,A1,0.810612,0.166872,1
20230614T114327,20230703T122644,19.0301,23,A1,0.300912,0.153605,1
20230614T114327,20230703T122644,19.0301,26,A1,0.087643,0.191677,1
20230614T114327,20230703T122644,19.0301,27,A1,0.750442,0.265622,1
20230614T114327,20230703T122644,19.0301,28,A1,0.442786,0.423281,1
20230614T114327,20230703T122644,19.0301,29,A1,0.887591,0.050524,1
20230614T114327,20230703T122644,19.0301,30,A1,0.826370,0.000000,1
20230614T114327,20230703T122644,19.0301,31,A1,0.398197,0.036694,1
20230614T114327,20230703T122644,19.0301,32,A1,0.869607,0.537814,1
20230614T114327,20230703T122644,19.0301,33,A2,0.101485,0.298589,0
20230614T114327,20230703T122644,19.0301,34,A2,-0.029247,0.182496,0
20230614T114327,20230703T122644,19.0301,36,A2,0.298854,1.578773,0
20230614T114327,20230703T122644,19.0301,37,A2,-0.010576,0.564437,1
20230614T114327,20230703T122644,19.0301,39,A2,0.222443,1.370987,0
20230614T114327,20230703T122644,19.0301,40,A2,-0.158657,0.185862,0
20230614T114327,20230703T122644,19.0301,41,A2,0.215559,1.216519,0
20230614T114327,20230703T122644,19.0301,42,A2,0.339129,0.249352,1
20230614T114327,20230703T122644,19.0301,43,A2,0.351046,0.315746,1
20230614T114327,20230703T122644,19.0301,44,A2,0.817473,0.782566,0
20230614T114327,20230703T122644,19.0301,45,A2,-0.113895,0.373388,1
20230614T114327,20230703T122644,19.0301,46,A2,-0.042917,0.589816,0
20230614T114327,20230703T122644,19.0301,47,A2,0.776577,0.491304,1
20230614T114327,20230703T122644,19.0301,49,A2,-0.039288,0.002969,1
20230614T114327,20230703T122644,19.0301,50,A2,0.027233,0.082016,1
20230614T114327,20230703T122644,19.0301,51,A2,0.580459,0.009007,1
20230614T114327,20230703T122644,19.0301,52,A2,0.353100,0.342116,1
20230614T114327,20230703T122644,19.0301,53,A2,-0.034173,0.017557,0
20230614T114327,20230703T122644,19.0301,55,A2,0.166680,0.276837,0
20230614T114327,20230703T122644,19.0301,57,A2,-0.355180,0.184528,1
20230614T114327,20230703T122644,19.0301,58,A2,-0.123319,0.305165,0
20230614T114327,20230703T122644,19.0301,59,A2,0.361791,1.063736,0
20230614T114327,20230703T122644,19.0301,60,A2,0.133362,0.455742,1
20230614T114327,20230703T122644,19.0301,62,A2,0.371546,0.732372,0
20230614T114327,20230703T122644,19.0301,63,A2,0.679238,0.248207,0
20230614T114327,20230703T122644,19.0301,64,A2,0.719077,0.799721,1
20230614T114327,20230703T122644,19.0301,65,A3,0.405288,0.000000,1
20230614T114327,20230703T122644,19.0301,66,A3,0.616371,1.024547,0
20230614T114327,20230703T122644,19.0301,68,A3,0.412414,0.000000,1
20230614T114327,20230703T122644,19.0301,69,A3,0.624147,0.148364,1
20230614T114327,20230703T122644,19.0301,70,A3,0.283474,1.119771,0
20230614T114327,20230703T122644,19.0301,72,A3,0.086687,0.009620,0
20230614T114327,20230703T122644,19.0301,73,A3,0.136480,0.081410,1
20230614T114327,20230703T122644,19.0301,74,A3,0.063153,1.245318,0
20230614T114327,20230703T122644,19.0301,75,A3,0.347654,0.404342,1
20230614T114327,20230703T122644,19.0301,76,A3,0.225417,0.451275,0
20230614T114327,20230703T122644,19.0301,77,A3,0.567546,0.834330,1
20230614T114327,20230703T122644,19.0301,78,A3,-0.067442,0.380452,1
20230614T114327,20230703T122644,19.0301,79,A3,-0.179541,0.621445,1
20230614T114327,20230703T122644,19.0301,80,A3,0.692899,0.718874,1
20230614T114327,20230703T122644,19.0301,81,A3,0.178225,0.210327,1
20230614T114327,20230703T122644,19.0301,82,A3,0.530703,0.204554,1
20230614T114327,20230703T122644,19.0301,84,A3,0.734419,0.674254,0
20230614T114327,20230703T122644,19.0301,85,A3,-0.401298,0.000000,1
20230614T114327,20230703T122644,19.0301,86,A3,-0.178754,0.269047,0
20230614T114327,20230703T122644,19.0301,87,A3,0.754590,0.000000,1
20230614T114327,20230703T122644,19.0301,88,A3,-0.176635,0.105870,1
20230614T114327,20230703T122644,19.0301,89,A3,-0.165728,0.993549,1
20230614T114327,20230703T122644,19.0301,90,A3,0.108435,0.013511,1
20230614T114327,20230703T122644,19.0301,91,A3,-0.154629,1.067741,0
20230614T114327,20230703T122644,19.0301,93,A3,-0.096775,0.032550,1
20230614T114327,20230703T122644,19.0301,94,A3,0.289633,0.513366,1
20230614T114327,20230703T122644,19.0301,95,A3,0.234164,2.000000,0
20230614T114327,20230703T122644,19.0301,97,A4,0.093832,0.072187,1
20230614T114327,20230703T122644,19.0301,98,A4,0.131435,0.195169,1
20230614T114327,20230703T122644,19.0301,99,A4,0.146431,0.455848,1
20230614T114327,20230703T122644,19.0301,100,A4,-0.155198,0.154096,1
20230614T114327,20230703T122644,19.0301,101,A4,0.194513,0.064104,0
20230614T114327,20230703T122644,19.0301,103,A4,0.043599,0.570980,0
20230614T114327,20230703T122644,19.0301,104,A4,0.108952,0.858974,0
20230614T114327,20230703T122644,19.0301,105,A4,0.291844,0.054724,1
20230614T114327,20230703T122644,19.0301,106,A4,-0.074526,0.012115,1
20230614T114327,20230703T122644,19.0301,107,A4,-0.108260,0.204967,0
20230614T114327,20230703T122644,19.0301,108,A4,-0.030008,0.787708,0
20230614T114327,20230703T122644,19.0301,109,A4,-0.373439,0.347238,1
20230614T114327,20230703T122644,19.0301,110,A4,0.076499,0.028291,1
20230614T114327,20230703T122644,19.0301,111,A4,0.124679,0.408998,0
20230614T114327,20230703T122644,19.0301,112,A4,-0.097266,0.090907,0
20230614T114327,20230703T122644,19.0301,114,A4,-0.094717,0.229129,1
20230614T114327,20230703T122644,19.0301,116,A4,-0.004127,0.005683,1
20230614T114327,20230703T122644,19.0301,117,A4,0.122640,0.242629,1
20230614T114327,20230703T122644,19.0301,118,A4,-0.023809,0.169246,0
20230614T114327,20230703T122644,19.0301,119,A4,0.063718,0.379174,1
20230614T114327,20230703T122644,19.0301,121,A4,0.644735,0.188759,1
20230614T114327,20230703T122644,19.0301,122,A4,0.856142,0.012644,1
20230614T114327,20230703T122644,19.0301,123,A4,-0.026619,1.037894,0
20230614T114327,20230703T122644,19.0301,124,A4,0.084720,0.332858,0
20230614T114327,20230703T122644,19.0301,125,A4,0.039052,0.199042,0
20230614T114327,20230703T122644,19.0301,126,A4,0.011063,0.345103,1
20230614T114327,20230703T122644,19.0301,127,A4,-0.009823,0.141144,1
20230614T114327,20230703T122644,19.0301,128,A4,0.057757,0.542675,1
20230614T114327,20230703T122644,19.0301,130,A5,0.565814,0.101901,0
20230614T114327,20230703T122644,19.0301,132,A5,0.326187,0.900051,1
20230614T114327,20230703T122644,19.0301,133,A5,-0.237903,1.424371,0
20230614T114327,20230703T122644,19.0301,134,A5,0.349084,0.327733,0
20230614T114327,20230703T122644,19.0301,135,A5,-0.271224,0.443476,1
20230614T114327,20230703T122644,19.0301,136,A5,0.141449,0.906022,0
20230614T114327,20230703T122644,19.0301,137,A5,0.651270,0.016185,1
20230614T114327,20230703T122644,19.0301,138,A5,0.371615,0.231718,1
20230614T114327,20230703T122644,19.0301,139,A5,0.840430,0.000000,1
20230614T114327,20230703T122644,19.0301,140,A5,0.794724,0.423878,0
20230614T114327,20230703T122644,19.0301,141,A5,0.369255,0.803840,1
20230614T114327,20230703T122644,19.0301,142,A5,0.008102,0.000000,1
20230614T114327,20230703T122644,19.0301,143,A5,0.196984,0.106894,1
20230614T114327,20230703T122644,19.0301,144,A5,-0.274099,0.173735,0
20230614T114327,20230703T122644,19.0301,145,A5,-0.022091,0.056095,1
20230614T114327,20230703T122644,19.0301,146,A5,0.576745,0.669505,1
20230614T114327,20230703T122644,19.0301,147,A5,0.831086,1.580586,0
20230614T114327,20230703T122644,19.0301,149,A5,0.390709,0.107505,0
20230614T114327,20230703T122644,19.0301,150,A5,-0.260408,0.035858,1
20230614T114327,20230703T122644,19.0301,151,A5,-0.085268,1.008837,0
20230614T114327,20230703T122644,19.0301,152,A5,-0.108637,0.863903,1
20230614T114327,20230703T122644,19.0301,153,A5,0.731899,0.096879,1
20230614T114327,20230703T122644,19.0301,154,A5,-0.187262,0.030907,1
20230614T114327,20230703T122644,19.0301,155,A5,-0.195244,1.071145,0
20230614T114327,20230703T122644,19.0301,156,A5,0.243418,0.593606,0
20230614T114327,20230703T122644,19.0301,157,A5,-0.078209,0.103827,0
20230614T114327,20230703T122644,19.0301,158,A5,0.195168,0.489049,0
20230614T114327,20230703T122644,19.0301,159,A5,0.034363,0.522441,0
20230614T114327,20230703T122644,19.0301,160,A5,0.249055,0.065935,0
20230619T102732,20230620T101238,0.9897,1,A1,0.392100,0.594204,1
20230619T102732,20230620T101238,0.9897,2,A1,0.218891,0.068624,0
20230619T102732,20230620T101238,0.9897,3,A1,0.493444,0.010784,1
20230619T102732,20230620T101238,0.9897,4,A1,0.098598,0.566794,1
20230619T102732,20230620T101238,0.9897,6,A1,0.046873,0.106266,1
20230619T102732,20230620T101238,0.9897,8,A1,0.085423,0.663074,1
20230619T102732,20230620T101238,0.9897,9,A1,0.323359,0.439703,1
20230619T102732,20230620T101238,0.9897,10,A1,0.612301,0.126102,1
20230619T102732,20230620T101238,0.9897,11,A1,0.832423,0.412654,0
20230619T102732,20230620T101238,0.9897,12,A1,0.293022,0.335052,0
20230619T102732,20230620T101238,0.9897,13,A1,0.926303,0.165052,0
20230619T102732,20230620T101238,0.9897,14,A1,0.034952,0.879482,1
20230619T102732,20230620T101238,0.9897,15,A1,0.903293,0.030013,1
20230619T102732,20230620T101238,0.9897,17,A1,0.484715,0.162041,1
20230619T102732,20230620T101238,0.9897,18,A1,0.390688,0.941087,1
20230619T102732,20230620T101238,0.9897,19,A1,0.621514,0.333015,1
20230619T102732,20230620T101238,0.9897,20,A1,0.032870,0.345662,1
20230619T102732,20230620T101238,0.9897,21,A1,0.442893,0.036908,1
20230619T102732,20230620T101238,0.9897,22,A1,0.891930,0.833745,1
20230619T102732,20230620T101238,0.9897,23,A1,0.457686,0.197747,0
20230619T102732,20230620T101238,0.9897,24,A1,0.075197,0.419123,1
20230619T102732,20230620T101238,0.9897,26,A1,0.412329,0.231454,0
20230619T102732,20230620T101238,0.9897,27,A1,0.202469,0.160999,1
20230619T102732,20230620T101238,0.9897,28,A1,0.044323,0.828111,0
20230619T102732,20230620T101238,0.9897,29,A1,0.855015,0.056778,1
20230619T102732,20230620T101238,0.9897,30,A1,0.816940,0.000000,1
20230619T102732,20230620T101238,0.9897,31,A1,0.787836,0.317122,1
20230619T102732,20230620T101238,0.9897,32,A1,0.902126,0.435927,1
20230619T102732,20230620T101238,0.9897,34,A2,-0.180360,0.970858,1
20230619T102732,20230620T101238,0.9897,37,A2,0.102102,0.750662,1
20230619T102732,20230620T101238,0.9897,39,A2,0.207485,0.271517,1
20230619T102732,20230620T101238,0.9897,40,A2,0.073423,1.178918,0
20230619T102732,20230620T101238,0.9897,41,A2,0.545755,0.101158,1
20230619T102732,20230620T101238,0.9897,42,A2,0.043267,0.062416,0
20230619T102732,20230620T101238,0.9897,43,A2,0.359531,0.291035,0
20230619T102732,20230620T101238,0.9897,44,A2,0.631400,0.553923,1
20230619T102732,20230620T101238,0.9897,45,A2,0.328434,1.160890,0
20230619T102732,20230620T101238,0.9897,46,A2,0.389589,0.069711,1
20230619T102732,20230620T101238,0.9897,47,A2,0.707199,0.207141,1
20230619T102732,20230620T101238,0.9897,48,A2,-0.037772,1.433753,0
20230619T102732,20230620T101238,0.9897,49,A2,-0.057520,0.179430,0
20230619T102732,20230620T101238,0.9897,50,A2,0.210424,0.147040,1
20230619T102732,20230620T101238,0.9897,51,A2,-0.033512,0.019749,1
20230619T102732,20230620T101238,0.9897,52,A2,0.207856,0.125454,1
20230619T102732,20230620T101238,0.9897,53,A2,0.170838,0.489755,1
20230619T102732,20230620T101238,0.9897,55,A2,0.128929,0.073554,1
20230619T102732,20230620T101238,0.9897,57,A2,0.084724,0.110586,1
20230619T102732,20230620T101238,0.9897,58,A2,0.456639,0.133166,1
20230619T102732,20230620T101238,0.9897,59,A2,0.113905,0.259699,0
20230619T102732,20230620T101238,0.9897,60,A2,0.386990,0.000000,1
20230619T102732,20230620T101238,0.9897,61,A2,0.355438,0.169168,0
20230619T102732,20230620T101238,0.9897,62,A2,0.792227,0.438620,1
20230619T102732,20230620T101238,0.9897,63,A2,0.811179,0.212696,1
20230619T102732,20230620T101238,0.9897,64,A2,-0.051965,0.000000,1
20230619T102732,20230620T101238,0.9897,65,A3,-0.003609,0.531487,0
20230619T102732,20230620T101238,0.9897,66,A3,0.554776,0.108570,0
20230619T102732,20230620T101238,0.9897,67,A3,0.732293,1.018006,0
20230619T102732,20230620T101238,0.9897,69,A3,0.863573,0.132947,1
20230619T102732,20230620T101238,0.9897,70,A3,0.636334,0.026528,1
20230619T102732,20230620T101238,0.9897,71,A3,0.912668,0.320457,1
20230619T102732,20230620T101238,0.9897,72,A3,0.054297,0.096972,1
20230619T102732,20230620T101238,0.9897,73,A3,0.045452,0.365175,0
20230619T102732,20230620T101238,0.9897,74,A3,0.215255,0.237802,0
20230619T102732,20230620T101238,0.9897,75,A3,0.232161,0.669353,1
20230619T102732,20230620T101238,0.9897,76,A3,0.662785,0.497552,0
20230619T102732,20230620T101238,0.9897,77,A3,0.713237,0.742941,0
20230619T102732,20230620T101238,0.9897,78,A3,0.306600,0.045828,1
20230619T102732,20230620T101238,0.9897,79,A3,0.116852,0.004863,1
20230619T102732,20230620T101238,0.9897,80,A3,0.708103,0.428159,1
20230619T102732,20230620T101238,0.9897,81,A3,0.601454,1.080878,0
20230619T102732,20230620T101238,0.9897,82,A3,0.646378,0.203263,1
20230619T102732,20230620T101238,0.9897,83,A3,0.162853,0.783102,1
20230619T102732,20230620T101238,0.9897,84,A3,0.624560,0.060684,1
20230619T102732,20230620T101238,0.9897,85,A3,0.557808,0.139514,1
20230619T102732,20230620T101238,0.9897,86,A3,-0.253261,0.060512,0
20230619T102732,20230620T101238,0.9897,87,A3,0.625942,0.295543,1
20230619T102732,20230620T101238,0.9897,88,A3,0.208102,0.436883,0
20230619T102732,20230620T101238,0.9897,89,A3,-0.136704,0.147814,1
20230619T102732,20230620T101238,0.9897,90,A3,0.157131,0.295347,0
20230619T102732,20230620T101238,0.9897,93,A3,0.597973,0.548128,0
20230619T102732,20230620T101238,0.9897,94,A3,-0.033402,1.041852,0
20230619T102732,20230620T101238,0.9897,95,A3,0.508795,0.000005,1
20230619T102732,20230620T101238,0.9897,96,A3,0.082784,0.030618,1
20230619T102732,20230620T101238,0.9897,97,A4,0.077552,0.059430,1
20230619T102732,20230620T101238,0.9897,98,A4,0.170787,0.364287,1
20230619T102732,20230620T101238,0.9897,99,A4,0.235901,0.164957,1
20230619T102732,20230620T101238,0.9897,100,A4,0.170044,0.546750,1
20230619T102732,20230620T101238,0.9897,101,A4,-0.034220,0.598511,1
20230619T102732,20230620T101238,0.9897,102,A4,0.086489,0.135631,0
20230619T102732,20230620T101238,0.9897,103,A4,0.002204,0.785344,1
20230619T102732,20230620T101238,0.9897,104,A4,0.055759,0.101148,0
20230619T102732,20230620T101238,0.9897,105,A4,0.512096,0.417652,1
20230619T102732,20230620T101238,0.9897,106,A4,-0.068210,0.586105,0
20230619T102732,20230620T101238,0.9897,107,A4,0.351681,0.203880,1
20230619T102732,20230620T101238,0.9897,108,A4,0.252913,0.263317,0
20230619T102732,20230620T101238,0.9897,109,A4,-0.108787,0.147039,0
20230619T102732,20230620T101238,0.9897,110,A4,-0.174637,0.121004,1
20230619T102732,20230620T101238,0.9897,111,A4,-0.156144,0.265400,1
20230619T102732,20230620T101238,0.9897,112,A4,-0.021107,0.038927,1
20230619T102732,20230620T101238,0.9897,113,A4,-0.132991,0.030953,1
20230619T102732,20230620T101238,0.9897,114,A4,0.075260,0.057709,0
20230619T102732,20230620T101238,0.9897,115,A4,0.100545,0.363420,0
20230619T102732,20230620T101238,0.9897,116,A4,0.135335,0.488674,1
20230619T102732,20230620T101238,0.9897,118,A4,-0.156792,0.146695,1
20230619T102732,20230620T101238,0.9897,119,A4,-0.058625,0.055089,0
20230619T102732,20230620T101238,0.9897,121,A4,0.790617,0.000000,1
20230619T102732,20230620T101238,0.9897,122,A4,0.906422,0.000000,1
20230619T102732,20230620T101238,0.9897,123,A4,-0.269045,0.421263,0
20230619T102732,20230620T101238,0.9897,124,A4,0.127474,0.073971,1
20230619T102732,20230620T101238,0.9897,125,A4,-0.089970,0.952364,1
20230619T102732,20230620T101238,0.9897,126,A4,-0.105595,0.898256,1
20230619T102732,20230620T101238,0.9897,127,A4,-0.119333,0.701119,1
20230619T102732,20230620T101238,0.9897,129,A5,0.592038,0.307699,0
20230619T102732,20230620T101238,0.9897,130,A5,0.499699,0.911147,0
20230619T102732,20230620T101238,0.9897,132,A5,-0.132738,0.155975,1
20230619T102732,20230620T101238,0.9897,133,A5,0.182644,0.173746,1
20230619T102732,20230620T101238,0.9897,134,A5,0.521957,0.635321,1
20230619T102732,20230620T101238,0.9897,135,A5,0.185626,0.444097,0
20230619T102732,20230620T101238,0.9897,136,A5,-0.086232,0.148476,1
20230619T102732,20230620T101238,0.9897,137,A5,0.729907,0.271016,1
20230619T102732,20230620T101238,0.9897,138,A5,0.482925,0.586823,1
20230619T102732,20230620T101238,0.9897,139,A5,0.816932,0.102820,1
20230619T102732,20230620T101238,0.9897,140,A5,0.654315,0.771975,1
20230619T102732,20230620T101238,0.9897,141,A5,0.607733,0.000000,1
20230619T102732,20230620T101238,0.9897,142,A5,0.584015,1.839787,0
20230619T102732,20230620T101238,0.9897,143,A5,-0.106043,0.524260,1
20230619T102732,20230620T101238,0.9897,144,A5,-0.086694,0.855862,0
20230619T102732,20230620T101238,0.9897,145,A5,0.502807,0.093709,1
20230619T102732,20230620T101238,0.9897,146,A5,0.437573,0.173124,1
20230619T102732,20230620T101238,0.9897,147,A5,0.806305,0.275584,1
20230619T102732,20230620T101238,0.9897,148,A5,0.598127,0.034299,1
20230619T102732,20230620T101238,0.9897,149,A5,0.417003,0.670134,1
20230619T102732,20230620T101238,0.9897,150,A5,-0.038513,0.086261,1
20230619T102732,20230620T101238,0.9897,151,A5,0.153508,0.475340,0
20230619T102732,20230620T101238,0.9897,152,A5,0.152696,0.375969,1
20230619T102732,20230620T101238,0.9897,153,A5,0.856290,0.125966,1
20230619T102732,20230620T101238,0.9897,154,A5,-0.032891,0.041014,1
20230619T102732,20230620T101238,0.9897,155,A5,-0.254718,1.201500,0
20230619T102732,20230620T101238,0.9897,156,A5,0.325067,0.225843,0
20230619T102732,20230620T101238,0.9897,157,A5,0.081014,0.105822,0
20230619T102732,20230620T101238,0.9897,158,A5,0.217977,1.544361,0
20230619T102732,20230620T101238,0.9897,159,A5,-0.015207,0.003578,1
20230619T102732,20230620T101238,0.9897,160,A5,-0.126504,0.422394,0
20230619T102732,20230621T100721,1.9860,1,A1,-0.087695,2.000000,0
20230619T102732,20230621T100721,1.9860,2,A1,0.374725,0.077977,0
20230619T102732,20230621T100721,1.9860,3,A1,0.680878,0.017474,0
20230619T102732,20230621T100721,1.9860,4,A1,0.301774,0.040692,1
20230619T102732,20230621T100721,1.9860,6,A1,0.267308,0.023327,0
20230619T102732,20230621T100721,1.9860,8,A1,0.171164,0.743950,1
20230619T102732,20230621T100721,1.9860,9,A1,0.585100,0.575209,1
20230619T102732,20230621T100721,1.9860,10,A1,0.542389,0.209871,1
20230619T102732,20230621T100721,1.9860,11,A1,0.888232,0.362818,1
20230619T102732,20230621T100721,1.9860,12,A1,0.335440,0.444135,0
20230619T102732,20230621T100721,1.9860,13,A1,0.918601,0.140745,1
20230619T102732,20230621T100721,1.9860,14,A1,0.472043,0.105090,1
20230619T102732,20230621T100721,1.9860,15,A1,0.825840,0.337385,1
20230619T102732,20230621T100721,1.9860,17,A1,0.329217,0.119388,1
20230619T102732,20230621T100721,1.9860,18,A1,0.641433,0.024942,1
20230619T102732,20230621T100721,1.9860,19,A1,0.525392,0.439687,1
20230619T102732,20230621T100721,1.9860,20,A1,0.211173,0.395721,0
20230619T102732,20230621T100721,1.9860,21,A1,0.618320,0.068080,1
20230619T102732,20230621T100721,1.9860,22,A1,0.869482,0.012156,1
20230619T102732,20230621T100721,1.9860,23,A1,0.540268,0.258664,0
20230619T102732,20230621T100721,1.9860,24,A1,0.230804,0.597688,1
20230619T102732,20230621T100721,1.9860,26,A1,0.708074,0.092108,1
20230619T102732,20230621T100721,1.9860,27,A1,0.472418,0.270945,0
20230619T102732,20230621T100721,1.9860,28,A1,0.053974,0.348659,1
20230619T102732,20230621T100721,1.9860,29,A1,0.871433,0.016425,1
20230619T102732,20230621T100721,1.9860,30,A1,0.915592,0.000000,1
20230619T102732,20230621T100721,1.9860,31,A1,0.665334,0.015280,1
20230619T102732,20230621T100721,1.9860,32,A1,0.933817,0.411754,1
20230619T102732,20230621T100721,1.9860,33,A2,-0.075861,0.104262,1
20230619T102732,20230621T100721,1.9860,34,A2,-0.068248,0.970858,1
20230619T102732,20230621T100721,1.9860,37,A2,0.486921,0.112781,0
20230619T102732,20230621T100721,1.9860,39,A2,-0.060598,0.879738,0
20230619T102732,20230621T100721,1.9860,40,A2,0.077304,0.147625,1
20230619T102732,20230621T100721,1.9860,41,A2,0.537223,0.453104,1
20230619T102732,20230621T100721,1.9860,42,A2,-0.173508,0.012386,1
20230619T102732,20230621T100721,1.9860,43,A2,0.617435,0.240675,1
20230619T102732,20230621T100721,1.9860,44,A2,0.722266,0.976201,1
20230619T102732,20230621T100721,1.9860,45,A2,0.270285,0.000000,1
20230619T102732,20230621T100721,1.9860,46,A2,0.223293,0.315886,1
20230619T102732,20230621T100721,1.9860,47,A2,0.821775,0.171256,1
20230619T102732,20230621T100721,1.9860,48,A2,-0.131640,1.144690,0
20230619T102732,20230621T100721,1.9860,49,A2,0.074163,0.053982,1
20230619T102732,20230621T100721,1.9860,50,A2,-0.136082,0.139148,1
20230619T102732,20230621T100721,1.9860,51,A2,0.326245,0.512915,0
20230619T102732,20230621T100721,1.9860,52,A2,0.231803,0.892559,1
20230619T102732,20230621T100721,1.9860,53,A2,0.043364,0.511261,0
20230619T102732,20230621T100721,1.9860,55,A2,-0.018294,0.121290,1
20230619T102732,20230621T100721,1.9860,57,A2,-0.061620,0.271688,0
20230619T102732,20230621T100721,1.9860,58,A2,0.094737,0.301861,0
20230619T102732,20230621T100721,1.9860,59,A2,0.388905,0.209143,0
20230619T102732,20230621T100721,1.9860,60,A2,0.521758,0.551987,1
20230619T102732,20230621T100721,1.9860,62,A2,0.786200,0.035236,1
20230619T102732,20230621T100721,1.9860,63,A2,0.758079,0.577729,0
20230619T102732,20230621T100721,1.9860,64,A2,0.693167,0.783565,1
20230619T102732,20230621T100721,1.9860,65,A3,0.094535,0.693773,0
20230619T102732,20230621T100721,1.9860,66,A3,0.452048,0.142673,1
20230619T102732,20230621T100721,1.9860,67,A3,0.412865,0.993582,1
20230619T102732,20230621T100721,1.9860,69,A3,0.807172,0.110529,1
20230619T102732,20230621T100721,1.9860,70,A3,0.744455,0.272074,1
20230619T102732,20230621T100721,1.9860,71,A3,0.925467,0.537139,1
20230619T102732,20230621T100721,1.9860,72,A3,-0.033874,0.167345,0
20230619T102732,20230621T100721,1.9860,73,A3,-0.071571,0.402868,1
20230619T102732,20230621T100721,1.9860,74,A3,0.128340,0.042416,1
20230619T102732,20230621T100721,1.9860,75,A3,0.302062,0.917772,1
20230619T102732,20230621T100721,1.9860,76,A3,0.391901,0.357877,1
20230619T102732,20230621T100721,1.9860,77,A3,0.791011,0.412211,0
20230619T102732,20230621T100721,1.9860,78,A3,0.103288,0.051574,1
20230619T102732,20230621T100721,1.9860,79,A3,0.253300,0.007339,1
20230619T102732,20230621T100721,1.9860,80,A3,0.478199,0.388388,1
20230619T102732,20230621T100721,1.9860,81,A3,0.436825,0.153156,1
20230619T102732,20230621T100721,1.9860,82,A3,0.578846,0.000000,1
20230619T102732,20230621T100721,1.9860,83,A3,0.194499,0.182036,1
20230619T102732,20230621T100721,1.9860,84,A3,0.506970,1.063105,0
20230619T102732,20230621T100721,1.9860,85,A3,0.649681,0.802553,0
20230619T102732,20230621T100721,1.9860,86,A3,-0.071851,0.057097,1
20230619T102732,20230621T100721,1.9860,87,A3,0.634743,1.232304,0
20230619T102732,20230621T100721,1.9860,88,A3,0.087526,0.089417,0
20230619T102732,20230621T100721,1.9860,89,A3,0.008963,0.691137,1
20230619T102732,20230621T100721,1.9860,90,A3,0.102548,0.240743,0
20230619T102732,20230621T100721,1.9860,93,A3,0.507135,0.122046,1
20230619T102732,20230621T100721,1.9860,94,A3,0.256643,0.099912,1
20230619T102732,20230621T100721,1.9860,95,A3,0.656326,0.113986,1
20230619T102732,20230621T100721,1.9860,96,A3,-0.142459,0.040380,1
20230619T102732,20230621T100721,1.9860,97,A4,0.191913,0.051582,0
20230619T102732,20230621T100721,1.9860,98,A4,0.395924,0.182720,1
20230619T102732,20230621T100721,1.9860,99,A4,-0.181448,0.043591,1
20230619T102732,20230621T100721,1.9860,100,A4,-0.192247,0.948930,1
20230619T102732,20230621T100721,1.9860,101,A4,-0.209974,0.046554,1
20230619T102732,20230621T100721,1.9860,102,A4,0.258463,0.325358,0
20230619T102732,20230621T100721,1.9860,103,A4,-0.203415,1.092937,0
20230619T102732,20230621T100721,1.9860,104,A4,-0.124767,0.129407,0
20230619T102732,20230621T100721,1.9860,105,A4,0.266011,0.055950,1
20230619T102732,20230621T100721,1.9860,106,A4,-0.018451,1.223556,0
20230619T102732,20230621T100721,1.9860,107,A4,0.077607,0.569358,0
20230619T102732,20230621T100721,1.9860,108,A4,-0.184371,0.950927,1
20230619T102732,20230621T100721,1.9860,109,A4,-0.104298,0.079471,0
20230619T102732,20230621T100721,1.9860,110,A4,-0.007760,0.297411,0
20230619T102732,20230621T100721,1.9860,111,A4,-0.105339,0.003472,1
20230619T102732,20230621T100721,1.9860,112,A4,-0.140349,1.098051,0
20230619T102732,20230621T100721,1.9860,113,A4,-0.011208,0.170130,0
20230619T102732,20230621T100721,1.9860,114,A4,-0.088934,0.068825,0
20230619T102732,20230621T100721,1.9860,115,A4,0.065497,0.064102,1
20230619T102732,20230621T100721,1.9860,118,A4,0.184777,0.016921,1
20230619T102732,20230621T100721,1.9860,119,A4,0.080469,0.064261,1
20230619T102732,20230621T100721,1.9860,121,A4,0.734896,0.639216,1
20230619T102732,20230621T100721,1.9860,122,A4,0.790403,0.000000,1
20230619T102732,20230621T100721,1.9860,123,A4,0.163249,0.009208,1
20230619T102732,20230621T100721,1.9860,124,A4,0.149156,0.352052,0
20230619T102732,20230621T100721,1.9860,125,A4,-0.253613,1.032892,0
20230619T102732,20230621T100721,1.9860,126,A4,0.022669,0.090880,1
20230619T102732,20230621T100721,1.9860,129,A5,0.249280,0.205391,0
20230619T102732,20230621T100721,1.9860,130,A5,0.178615,0.028344,0
20230619T102732,20230621T100721,1.9860,132,A5,0.268672,0.151573,1
20230619T102732,20230621T100721,1.9860,133,A5,-0.145359,0.419659,0
20230619T102732,20230621T100721,1.9860,134,A5,0.397800,0.693759,1
20230619T102732,20230621T100721,1.9860,135,A5,0.198949,1.072916,0
20230619T102732,20230621T100721,1.9860,136,A5,-0.129372,0.881270,0
20230619T102732,20230621T100721,1.9860,137,A5,0.698875,0.169358,1
20230619T102732,20230621T100721,1.9860,138,A5,0.625121,0.021422,1
20230619T102732,20230621T100721,1.9860,139,A5,0.794709,0.276245,1
20230619T102732,20230621T100721,1.9860,140,A5,0.723758,0.159837,1
20230619T102732,20230621T100721,1.9860,141,A5,0.432900,0.580470,1
20230619T102732,20230621T100721,1.9860,142,A5,0.643996,0.000000,1
20230619T102732,20230621T100721,1.9860,143,A5,0.029424,0.524260,1
20230619T102732,20230621T100721,1.9860,144,A5,-0.065588,0.325735,1
20230619T102732,20230621T100721,1.9860,145,A5,0.300267,0.229677,0
20230619T102732,20230621T100721,1.9860,146,A5,0.601854,0.225142,1
20230619T102732,20230621T100721,1.9860,147,A5,0.899942,0.166113,1
20230619T102732,20230621T100721,1.9860,148,A5,0.531472,0.263596,1
20230619T102732,20230621T100721,1.9860,149,A5,0.371623,0.122300,1
20230619T102732,20230621T100721,1.9860,150,A5,0.214216,0.091447,0
20230619T102732,20230621T100721,1.9860,151,A5,-0.217575,0.265542,0
20230619T102732,20230621T100721,1.9860,152,A5,0.135975,0.041336,1
20230619T102732,20230621T100721,1.9860,153,A5,0.753739,0.059209,1
20230619T102732,20230621T100721,1.9860,154,A5,0.041726,0.154726,0
20230619T102732,20230621T100721,1.9860,155,A5,-0.101077,0.162133,1
20230619T102732,20230621T100721,1.9860,157,A5,0.180086,0.142028,1
20230619T102732,20230621T100721,1.9860,158,A5,-0.191834,0.576843,0
20230619T102732,20230621T100721,1.9860,159,A5,-0.147110,0.336146,1
20230619T102732,20230621T100721,1.9860,160,A5,0.164583,0.478057,0
20230619T102732,20230622T111856,3.0357,1,A1,0.456213,0.861950,1
20230619T102732,20230622T111856,3.0357,2,A1,-0.278427,0.045372,0
20230619T102732,20230622T111856,3.0357,3,A1,0.490785,0.011113,0
20230619T102732,20230622T111856,3.0357,4,A1,0.321019,0.579961,1
20230619T102732,20230622T111856,3.0357,6,A1,-0.066532,0.040437,1
20230619T102732,20230622T111856,3.0357,8,A1,0.059656,0.743950,1
20230619T102732,20230622T111856,3.0357,9,A1,0.442959,0.428082,1
20230619T102732,20230622T111856,3.0357,10,A1,0.465463,0.747473,1
20230619T102732,20230622T111856,3.0357,11,A1,0.733754,0.623447,1
20230619T102732,20230622T111856,3.0357,12,A1,0.387548,0.818008,1
20230619T102732,20230622T111856,3.0357,13,A1,0.910517,0.196031,0
20230619T102732,20230622T111856,3.0357,14,A1,-0.057810,0.140390,1
20230619T102732,20230622T111856,3.0357,15,A1,0.627520,0.447021,1
20230619T102732,20230622T111856,3.0357,17,A1,0.458867,0.166946,1
20230619T102732,20230622T111856,3.0357,18,A1,0.214626,0.808401,1
20230619T102732,20230622T111856,3.0357,19,A1,0.196412,0.037051,1
20230619T102732,20230622T111856,3.0357,20,A1,-0.045747,0.317860,1
20230619T102732,20230622T111856,3.0357,21,A1,0.304433,0.745572,1
20230619T102732,20230622T111856,3.0357,22,A1,0.835482,0.256839,1
20230619T102732,20230622T111856,3.0357,23,A1,0.226985,0.779427,0
20230619T102732,20230622T111856,3.0357,24,A1,0.139393,0.139072,1
20230619T102732,20230622T111856,3.0357,26,A1,0.570003,0.125582,1
20230619T102732,20230622T111856,3.0357,27,A1,0.503544,0.308635,0
20230619T102732,20230622T111856,3.0357,28,A1,0.289576,0.633546,1
20230619T102732,20230622T111856,3.0357,29,A1,0.878492,0.327400,0
20230619T102732,20230622T111856,3.0357,30,A1,0.764287,0.001560,1
20230619T102732,20230622T111856,3.0357,31,A1,0.758935,0.533273,0
20230619T102732,20230622T111856,3.0357,32,A1,0.781496,0.012562,1
20230619T102732,20230622T111856,3.0357,33,A2,0.121604,0.021580,1
20230619T102732,20230622T111856,3.0357,34,A2,0.292504,0.065805,0
20230619T102732,20230622T111856,3.0357,37,A2,-0.056366,0.024522,1
20230619T102732,20230622T111856,3.0357,39,A2,0.064111,0.853774,0
20230619T102732,20230622T111856,3.0357,40,A2,-0.038859,0.089480,1
20230619T102732,20230622T111856,3.0357,41,A2,0.466016,0.000000,1
20230619T102732,20230622T111856,3.0357,42,A2,-0.180438,0.264838,1
20230619T102732,20230622T111856,3.0357,43,A2,0.580193,0.624948,0
20230619T102732,20230622T111856,3.0357,44,A2,0.551676,0.687510,1
20230619T102732,20230622T111856,3.0357,45,A2,0.316892,0.947169,1
20230619T102732,20230622T111856,3.0357,46,A2,0.138791,0.028690,1
20230619T102732,20230622T111856,3.0357,47,A2,0.632686,0.171256,1
20230619T102732,20230622T111856,3.0357,48,A2,-0.060776,0.978140,0
20230619T102732,20230622T111856,3.0357,49,A2,0.287129,0.893256,0
20230619T102732,20230622T111856,3.0357,50,A2,0.247832,0.804186,0
20230619T102732,20230622T111856,3.0357,51,A2,0.046758,0.424550,0
20230619T102732,20230622T111856,3.0357,52,A2,0.004501,0.117608,0
20230619T102732,20230622T111856,3.0357,53,A2,0.354297,0.115527,1
20230619T102732,20230622T111856,3.0357,55,A2,0.341107,0.032261,1
20230619T102732,20230622T111856,3.0357,57,A2,0.207865,0.449569,0
20230619T102732,20230622T111856,3.0357,58,A2,0.324894,0.186104,1
20230619T102732,20230622T111856,3.0357,59,A2,0.159780,0.004326,1
20230619T102732,20230622T111856,3.0357,60,A2,-0.059038,1.081278,0
20230619T102732,20230622T111856,3.0357,61,A2,0.651583,0.065900,1
20230619T102732,20230622T111856,3.0357,62,A2,0.816193,0.068607,1
20230619T102732,20230622T111856,3.0357,63,A2,0.819745,0.525264,0
20230619T102732,20230622T111856,3.0357,64,A2,0.807879,0.615971,1
20230619T102732,20230622T111856,3.0357,65,A3,0.333248,1.373240,0
20230619T102732,20230622T111856,3.0357,66,A3,0.598351,0.011019,1
20230619T102732,20230622T111856,3.0357,67,A3,0.477412,0.328443,1
20230619T102732,20230622T111856,3.0357,68,A3,0.564222,0.038110,1
20230619T102732,20230622T111856,3.0357,69,A3,0.801019,0.545931,1
20230619T102732,20230622T111856,3.0357,70,A3,0.698747,1.213793,0
20230619T102732,20230622T111856,3.0357,71,A3,0.925410,0.437882,1
20230619T102732,20230622T111856,3.0357,72,A3,-0.082492,0.043861,1
20230619T102732,20230622T111856,3.0357,73,A3,0.312145,0.988809,1
20230619T102732,20230622T111856,3.0357,74,A3,0.076775,0.805927,1
20230619T102732,20230622T111856,3.0357,75,A3,-0.007217,0.157658,1
20230619T102732,20230622T111856,3.0357,76,A3,0.531665,0.682142,0
20230619T102732,20230622T111856,3.0357,77,A3,0.733229,0.385121,0
20230619T102732,20230622T111856,3.0357,78,A3,0.069173,0.232527,1
20230619T102732,20230622T111856,3.0357,79,A3,0.194404,0.000616,1
20230619T102732,20230622T111856,3.0357,80,A3,0.655312,0.383890,1
20230619T102732,20230622T111856,3.0357,81,A3,0.618038,0.266227,1
20230619T102732,20230622T111856,3.0357,82,A3,0.700959,0.000000,1
20230619T102732,20230622T111856,3.0357,83,A3,-0.037846,0.303714,1
20230619T102732,20230622T111856,3.0357,84,A3,0.281421,0.247769,0
20230619T102732,20230622T111856,3.0357,85,A3,0.654774,0.157076,1
20230619T102732,20230622T111856,3.0357,86,A3,-0.058502,0.156999,1
20230619T102732,20230622T111856,3.0357,87,A3,0.699979,1.320304,0
20230619T102732,20230622T111856,3.0357,88,A3,-0.132472,0.062541,1
20230619T102732,20230622T111856,3.0357,89,A3,0.291292,0.259535,1
20230619T102732,20230622T111856,3.0357,90,A3,0.216428,0.129244,1
20230619T102732,20230622T111856,3.0357,93,A3,0.343551,0.166768,1
20230619T102732,20230622T111856,3.0357,94,A3,0.218150,0.000696,1
20230619T102732,20230622T111856,3.0357,95,A3,0.277741,0.031669,1
20230619T102732,20230622T111856,3.0357,96,A3,-0.080609,0.158104,1
20230619T102732,20230622T111856,3.0357,97,A4,0.083751,0.118499,1
20230619T102732,20230622T111856,3.0357,98,A4,0.322801,0.260225,0
20230619T102732,20230622T111856,3.0357,99,A4,0.017232,0.037396,0
20230619T102732,20230622T111856,3.0357,100,A4,-0.124959,1.225072,0
20230619T102732,20230622T111856,3.0357,101,A4,-0.061433,0.175576,0
20230619T102732,20230622T111856,3.0357,102,A4,0.159589,0.206457,0
20230619T102732,20230622T111856,3.0357,103,A4,0.016420,0.658324,1
20230619T102732,20230622T111856,3.0357,104,A4,0.115095,0.190041,0
20230619T102732,20230622T111856,3.0357,105,A4,0.505254,0.086251,1
20230619T102732,20230622T111856,3.0357,106,A4,-0.059230,0.687213,0
20230619T102732,20230622T111856,3.0357,107,A4,-0.181747,0.024212,1
20230619T102732,20230622T111856,3.0357,108,A4,-0.182980,0.682570,0
20230619T102732,20230622T111856,3.0357,109,A4,-0.010364,0.135937,0
20230619T102732,20230622T111856,3.0357,110,A4,-0.043912,0.382607,0
20230619T102732,20230622T111856,3.0357,111,A4,-0.179542,1.099062,0
20230619T102732,20230622T111856,3.0357,112,A4,-0.059562,0.013313,1
20230619T102732,20230622T111856,3.0357,113,A4,-0.102240,0.172189,0
20230619T102732,20230622T111856,3.0357,114,A4,-0.214400,0.139052,0
20230619T102732,20230622T111856,3.0357,115,A4,0.057916,0.053660,1
20230619T102732,20230622T111856,3.0357,116,A4,-0.070144,1.599752,0
20230619T102732,20230622T111856,3.0357,118,A4,0.210973,0.307652,0
20230619T102732,20230622T111856,3.0357,119,A4,0.151680,0.148912,1
20230619T102732,20230622T111856,3.0357,121,A4,0.795652,0.838869,1
20230619T102732,20230622T111856,3.0357,122,A4,0.861837,0.311720,1
20230619T102732,20230622T111856,3.0357,123,A4,-0.589828,0.137588,1
20230619T102732,20230622T111856,3.0357,124,A4,-0.136816,0.166226,0
20230619T102732,20230622T111856,3.0357,125,A4,0.101744,0.087436,0
20230619T102732,20230622T111856,3.0357,126,A4,0.003626,0.054957,1
20230619T102732,20230622T111856,3.0357,127,A4,-0.240499,0.352058,1
20230619T102732,20230622T111856,3.0357,130,A5,0.240970,1.009983,0
20230619T102732,20230622T111856,3.0357,132,A5,0.010452,0.220625,0
20230619T102732,20230622T111856,3.0357,133,A5,0.097705,0.410250,1
20230619T102732,20230622T111856,3.0357,134,A5,0.650805,0.917981,1
20230619T102732,20230622T111856,3.0357,135,A5,0.191629,0.352696,1
20230619T102732,20230622T111856,3.0357,136,A5,0.037005,0.412236,0
20230619T102732,20230622T111856,3.0357,137,A5,0.690825,0.096387,1
20230619T102732,20230622T111856,3.0357,138,A5,0.560943,0.166734,1
20230619T102732,20230622T111856,3.0357,139,A5,0.906261,0.194390,1
20230619T102732,20230622T111856,3.0357,140,A5,0.720657,0.254342,1
20230619T102732,20230622T111856,3.0357,141,A5,0.491988,0.814357,1
20230619T102732,20230622T111856,3.0357,142,A5,0.309609,0.576422,1
20230619T102732,20230622T111856,3.0357,143,A5,-0.040521,0.663189,0
20230619T102732,20230622T111856,3.0357,144,A5,0.268390,0.326396,0
20230619T102732,20230622T111856,3.0357,145,A5,0.371456,0.359955,1
20230619T102732,20230622T111856,3.0357,146,A5,0.461551,0.796482,1
20230619T102732,20230622T111856,3.0357,147,A5,0.720084,0.308153,1
20230619T102732,20230622T111856,3.0357,148,A5,0.400741,0.487591,1
20230619T102732,20230622T111856,3.0357,149,A5,0.470276,0.872035,1
20230619T102732,20230622T111856,3.0357,150,A5,-0.197540,0.074094,0
20230619T102732,20230622T111856,3.0357,151,A5,-0.046999,0.153373,1
20230619T102732,20230622T111856,3.0357,152,A5,0.331001,0.053865,1
20230619T102732,20230622T111856,3.0357,153,A5,0.715639,0.171096,1
20230619T102732,20230622T111856,3.0357,154,A5,0.209792,0.915804,1
20230619T102732,20230622T111856,3.0357,155,A5,-0.130566,0.714742,0
20230619T102732,20230622T111856,3.0357,156,A5,0.507786,0.018505,1
20230619T102732,20230622T111856,3.0357,157,A5,0.068168,0.590379,0
20230619T102732,20230622T111856,3.0357,158,A5,-0.000606,0.764429,0
20230619T102732,20230622T111856,3.0357,159,A5,0.409210,0.117095,0
20230619T102732,20230622T111856,3.0357,160,A5,-0.169821,0.476413,0
20230619T102732,20230628T101631,8.9923,1,A1,0.134614,0.875065,1
20230619T102732,20230628T101631,8.9923,2,A1,0.081863,0.042036,0
20230619T102732,20230628T101631,8.9923,3,A1,0.274669,0.065837,1
20230619T102732,20230628T101631,8.9923,4,A1,0.024701,0.141958,0
20230619T102732,20230628T101631,8.9923,6,A1,0.433792,1.001871,0
20230619T102732,20230628T101631,8.9923,8,A1,0.192849,0.029728,1
20230619T102732,20230628T101631,8.9923,9,A1,0.244018,0.267061,1
20230619T102732,20230628T101631,8.9923,10,A1,0.541836,0.036422,1
20230619T102732,20230628T101631,8.9923,11,A1,0.839689,0.231173,1
20230619T102732,20230628T101631,8.9923,12,A1,0.475319,0.095846,1
20230619T102732,20230628T101631,8.9923,13,A1,0.909825,0.134300,1
20230619T102732,20230628T101631,8.9923,14,A1,-0.081008,0.097758,1
20230619T102732,20230628T101631,8.9923,15,A1,0.894465,0.119095,1
20230619T102732,20230628T101631,8.9923,17,A1,0.233750,0.179024,0
20230619T102732,20230628T101631,8.9923,18,A1,0.387853,0.651276,1
20230619T102732,20230628T101631,8.9923,19,A1,0.098872,0.167405,1
20230619T102732,20230628T101631,8.9923,21,A1,0.187992,0.160233,0
20230619T102732,20230628T101631,8.9923,22,A1,0.540676,0.218459,1
20230619T102732,20230628T101631,8.9923,23,A1,-0.150197,0.165464,0
20230619T102732,20230628T101631,8.9923,24,A1,0.126374,0.053751,1
20230619T102732,20230628T101631,8.9923,26,A1,0.524335,0.169394,0
20230619T102732,20230628T101631,8.9923,27,A1,0.449645,0.179192,1
20230619T102732,20230628T101631,8.9923,28,A1,0.252870,0.340275,1
20230619T102732,20230628T101631,8.9923,29,A1,0.869284,0.146154,0
20230619T102732,20230628T101631,8.9923,30,A1,0.638837,0.000000,1
20230619T102732,20230628T101631,8.9923,31,A1,0.833016,0.014930,1
20230619T102732,20230628T101631,8.9923,32,A1,0.854270,0.012562,1
20230619T102732,20230628T101631,8.9923,33,A2,0.344957,0.250917,1
20230619T102732,20230628T101631,8.9923,34,A2,-0.064464,0.004662,1
20230619T102732,20230628T101631,8.9923,37,A2,0.334660,0.196233,0
20230619T102732,20230628T101631,8.9923,39,A2,0.099736,0.238736,1
20230619T102732,20230628T101631,8.9923,40,A2,0.064076,0.268646,0
20230619T102732,20230628T101631,8.9923,41,A2,0.585221,1.270570,0
20230619T102732,20230628T101631,8.9923,42,A2,0.000043,0.306065,1
20230619T102732,20230628T101631,8.9923,43,A2,0.618167,0.075265,1
20230619T102732,20230628T101631,8.9923,44,A2,0.608817,0.000000,1
20230619T102732,20230628T101631,8.9923,46,A2,0.474180,0.794588,1
20230619T102732,20230628T101631,8.9923,47,A2,0.827601,0.412015,1
20230619T102732,20230628T101631,8.9923,48,A2,0.089861,0.283272,1
20230619T102732,20230628T101631,8.9923,49,A2,-0.071917,0.157153,1
20230619T102732,20230628T101631,8.9923,51,A2,0.262216,0.210735,0
20230619T102732,20230628T101631,8.9923,52,A2,0.457723,1.107441,0
20230619T102732,20230628T101631,8.9923,53,A2,0.188408,0.494115,0
20230619T102732,20230628T101631,8.9923,55,A2,-0.128903,0.095463,1
20230619T102732,20230628T101631,8.9923,57,A2,0.025914,0.271224,1
20230619T102732,20230628T101631,8.9923,58,A2,-0.154676,0.201671,1
20230619T102732,20230628T101631,8.9923,59,A2,0.369069,0.401605,0
20230619T102732,20230628T101631,8.9923,60,A2,0.484621,0.099197,1
20230619T102732,20230628T101631,8.9923,61,A2,0.685466,0.562432,1
20230619T102732,20230628T101631,8.9923,62,A2,0.687099,0.112156,1
20230619T102732,20230628T101631,8.9923,63,A2,0.872588,0.265281,1
20230619T102732,20230628T101631,8.9923,64,A2,0.710115,0.597201,1
20230619T102732,20230628T101631,8.9923,65,A3,0.354263,1.373240,0
20230619T102732,20230628T101631,8.9923,66,A3,0.503013,0.181297,1
20230619T102732,20230628T101631,8.9923,68,A3,0.401880,0.733679,1
20230619T102732,20230628T101631,8.9923,69,A3,0.626323,0.704491,1
20230619T102732,20230628T101631,8.9923,70,A3,0.496832,0.002851,1
20230619T102732,20230628T101631,8.9923,71,A3,0.903317,0.138276,1
20230619T102732,20230628T101631,8.9923,72,A3,-0.007682,0.100671,1
20230619T102732,20230628T101631,8.9923,73,A3,0.073213,0.065950,0
20230619T102732,20230628T101631,8.9923,74,A3,0.202148,0.212493,0
20230619T102732,20230628T101631,8.9923,75,A3,-0.163011,0.917772,1
20230619T102732,20230628T101631,8.9923,76,A3,0.127695,0.564305,0
20230619T102732,20230628T101631,8.9923,77,A3,0.500209,1.155895,0
20230619T102732,20230628T101631,8.9923,78,A3,0.185881,0.148244,1
20230619T102732,20230628T101631,8.9923,79,A3,0.169460,0.222065,0
20230619T102732,20230628T101631,8.9923,80,A3,0.607333,0.492967,1
20230619T102732,20230628T101631,8.9923,81,A3,0.192970,0.029867,1
20230619T102732,20230628T101631,8.9923,82,A3,0.749272,0.000000,1
20230619T102732,20230628T101631,8.9923,83,A3,0.302611,0.121644,1
20230619T102732,20230628T101631,8.9923,84,A3,0.309863,0.053662,1
20230619T102732,20230628T101631,8.9923,85,A3,-0.533805,0.276530,1
20230619T102732,20230628T101631,8.9923,86,A3,-0.334924,0.178287,1
20230619T102732,20230628T101631,8.9923,87,A3,0.607035,0.698699,1
20230619T102732,20230628T101631,8.9923,88,A3,0.291970,0.227549,0
20230619T102732,20230628T101631,8.9923,89,A3,-0.159141,0.319796,0
20230619T102732,20230628T101631,8.9923,93,A3,0.289570,0.454309,0
20230619T102732,20230628T101631,8.9923,94,A3,0.139283,0.068880,1
20230619T102732,20230628T101631,8.9923,95,A3,0.210753,0.441311,1
20230619T102732,20230628T101631,8.9923,96,A3,0.271402,0.020703,0
20230619T102732,20230628T101631,8.9923,97,A4,0.290837,0.345420,0
20230619T102732,20230628T101631,8.9923,98,A4,0.206118,0.272640,0
20230619T102732,20230628T101631,8.9923,100,A4,0.230429,0.932281,1
20230619T102732,20230628T101631,8.9923,101,A4,-0.000930,0.048828,1
20230619T102732,20230628T101631,8.9923,102,A4,-0.114929,0.168306,0
20230619T102732,20230628T101631,8.9923,103,A4,0.067192,0.268721,1
20230619T102732,20230628T101631,8.9923,104,A4,-0.265444,0.098587,1
20230619T102732,20230628T101631,8.9923,105,A4,0.396824,0.112066,0
20230619T102732,20230628T101631,8.9923,106,A4,-0.284100,0.082321,1
20230619T102732,20230628T101631,8.9923,107,A4,0.203313,0.530606,0
20230619T102732,20230628T101631,8.9923,108,A4,-0.182846,0.250054,0
20230619T102732,20230628T101631,8.9923,109,A4,0.067662,0.530577,1
20230619T102732,20230628T101631,8.9923,110,A4,-0.157998,0.806996,1
20230619T102732,20230628T101631,8.9923,111,A4,0.013736,0.900938,1
20230619T102732,20230628T101631,8.9923,112,A4,-0.005195,0.055446,1
20230619T102732,20230628T101631,8.9923,114,A4,-0.065239,0.084774,0
20230619T102732,20230628T101631,8.9923,115,A4,0.274289,0.073216,0
20230619T102732,20230628T101631,8.9923,116,A4,-0.030420,1.023356,0
20230619T102732,20230628T101631,8.9923,118,A4,0.165015,0.040372,1
20230619T102732,20230628T101631,8.9923,119,A4,-0.123527,0.138056,0
20230619T102732,20230628T101631,8.9923,121,A4,0.852070,0.000000,1
20230619T102732,20230628T101631,8.9923,122,A4,0.805377,0.007781,1
20230619T102732,20230628T101631,8.9923,123,A4,-0.223150,0.112895,1
20230619T102732,20230628T101631,8.9923,125,A4,-0.180314,0.104267,0
20230619T102732,20230628T101631,8.9923,126,A4,0.098646,0.230517,0
20230619T102732,20230628T101631,8.9923,127,A4,0.136091,1.816110,0
20230619T102732,20230628T101631,8.9923,129,A5,-0.182715,0.066860,1
20230619T102732,20230628T101631,8.9923,130,A5,0.604338,0.767568,0
20230619T102732,20230628T101631,8.9923,132,A5,-0.264531,0.051026,1
20230619T102732,20230628T101631,8.9923,133,A5,-0.088676,0.215166,1
20230619T102732,20230628T101631,8.9923,134,A5,0.605494,0.876101,1
20230619T102732,20230628T101631,8.9923,135,A5,-0.016548,0.438005,1
20230619T102732,20230628T101631,8.9923,136,A5,0.358843,0.099712,1
20230619T102732,20230628T101631,8.9923,137,A5,0.635946,0.631616,0
20230619T102732,20230628T101631,8.9923,138,A5,0.221469,0.099127,1
20230619T102732,20230628T101631,8.9923,139,A5,0.881302,0.276245,1
20230619T102732,20230628T101631,8.9923,140,A5,0.649992,0.389456,1
20230619T102732,20230628T101631,8.9923,141,A5,0.493411,0.000000,1
20230619T102732,20230628T101631,8.9923,142,A5,0.634338,0.904050,1
20230619T102732,20230628T101631,8.9923,143,A5,0.301611,0.530022,0
20230619T102732,20230628T101631,8.9923,144,A5,-0.277830,0.051842,1
20230619T102732,20230628T101631,8.9923,145,A5,0.280585,0.782244,1
20230619T102732,20230628T101631,8.9923,146,A5,0.632971,0.050349,1
20230619T102732,20230628T101631,8.9923,147,A5,0.882545,0.328923,1
20230619T102732,20230628T101631,8.9923,149,A5,0.327128,1.023637,0
20230619T102732,20230628T101631,8.9923,150,A5,0.054408,0.036267,1
20230619T102732,20230628T101631,8.9923,151,A5,0.115565,0.175622,0
20230619T102732,20230628T101631,8.9923,152,A5,0.366170,0.038351,1
20230619T102732,20230628T101631,8.9923,153,A5,0.888258,0.371712,1
20230619T102732,20230628T101631,8.9923,154,A5,0.002993,1.084196,0
20230619T102732,20230628T101631,8.9923,155,A5,-0.104022,1.262304,0
20230619T102732,20230628T101631,8.9923,157,A5,-0.121910,0.199925,0
20230619T102732,20230628T101631,8.9923,158,A5,-0.090157,0.923627,0
20230619T102732,20230628T101631,8.9923,159,A5,-0.064716,0.181172,0
20230619T102732,20230628T101631,8.9923,160,A5,0.010227,0.730908,1
20230619T102732,20230629T100435,9.9841,1,A1,-0.094640,0.961418,1
20230619T102732,20230629T100435,9.9841,4,A1,0.058199,0.125541,0
20230619T102732,20230629T100435,9.9841,6,A1,0.250512,0.032930,1
20230619T102732,20230629T100435,9.9841,8,A1,-0.230674,0.269236,0
20230619T102732,20230629T100435,9.9841,9,A1,0.483957,0.353211,1
20230619T102732,20230629T100435,9.9841,10,A1,0.232301,0.133831,1
20230619T102732,20230629T100435,9.9841,11,A1,0.660022,0.389231,0
20230619T102732,20230629T100435,9.9841,12,A1,-0.225391,0.370370,0
20230619T102732,20230629T100435,9.9841,13,A1,0.868809,0.144435,1
20230619T102732,20230629T100435,9.9841,14,A1,0.127625,0.143038,1
20230619T102732,20230629T100435,9.9841,15,A1,0.889449,0.196965,1
20230619T102732,20230629T100435,9.9841,17,A1,0.100678,0.214999,0
20230619T102732,20230629T100435,9.9841,18,A1,0.266332,0.144078,0
20230619T102732,20230629T100435,9.9841,19,A1,-0.111778,0.608821,0
20230619T102732,20230629T100435,9.9841,22,A1,0.703341,0.295482,0
20230619T102732,20230629T100435,9.9841,23,A1,0.352316,0.158656,0
20230619T102732,20230629T100435,9.9841,24,A1,0.162701,0.008011,1
20230619T102732,20230629T100435,9.9841,26,A1,0.571526,0.261484,0
20230619T102732,20230629T100435,9.9841,27,A1,0.055540,0.209942,1
20230619T102732,20230629T100435,9.9841,28,A1,0.138040,1.366454,0
20230619T102732,20230629T100435,9.9841,29,A1,0.872505,0.831402,0
20230619T102732,20230629T100435,9.9841,30,A1,0.695379,0.000000,1
20230619T102732,20230629T100435,9.9841,31,A1,0.484967,0.313216,1
20230619T102732,20230629T100435,9.9841,32,A1,0.914502,0.307710,1
20230619T102732,20230629T100435,9.9841,37,A2,0.251682,0.691687,1
20230619T102732,20230629T100435,9.9841,38,A2,0.121109,1.376677,0
20230619T102732,20230629T100435,9.9841,39,A2,-0.113702,0.525932,1
20230619T102732,20230629T100435,9.9841,40,A2,-0.178172,0.433637,0
20230619T102732,20230629T100435,9.9841,41,A2,0.278379,0.588812,1
20230619T102732,20230629T100435,9.9841,42,A2,0.264071,0.105665,0
20230619T102732,20230629T100435,9.9841,43,A2,0.255439,1.265081,0
20230619T102732,20230629T100435,9.9841,44,A2,0.162670,0.813603,1
20230619T102732,20230629T100435,9.9841,46,A2,0.249327,0.078436,0
20230619T102732,20230629T100435,9.9841,47,A2,0.791751,0.171256,1
20230619T102732,20230629T100435,9.9841,48,A2,-0.453881,0.788510,0
20230619T102732,20230629T100435,9.9841,49,A2,-0.289740,0.154961,1
20230619T102732,20230629T100435,9.9841,50,A2,0.229282,0.255529,1
20230619T102732,20230629T100435,9.9841,53,A2,0.028379,0.396225,1
20230619T102732,20230629T100435,9.9841,55,A2,0.046304,0.508200,0
20230619T102732,20230629T100435,9.9841,57,A2,-0.025223,0.047811,0
20230619T102732,20230629T100435,9.9841,58,A2,0.092231,0.423571,0
20230619T102732,20230629T100435,9.9841,59,A2,0.243006,0.010045,1
20230619T102732,20230629T100435,9.9841,60,A2,0.397915,0.718041,1
20230619T102732,20230629T100435,9.9841,61,A2,0.725347,0.005044,1
20230619T102732,20230629T100435,9.9841,62,A2,0.746853,0.575178,1
20230619T102732,20230629T100435,9.9841,63,A2,0.783175,1.006818,0
20230619T102732,20230629T100435,9.9841,64,A2,0.734555,0.793359,1
20230619T102732,20230629T100435,9.9841,67,A3,0.715981,0.000000,1
20230619T102732,20230629T100435,9.9841,69,A3,0.319658,0.409218,1
20230619T102732,20230629T100435,9.9841,70,A3,0.588043,0.116718,1
20230619T102732,20230629T100435,9.9841,71,A3,0.886881,0.629719,0
20230619T102732,20230629T100435,9.9841,72,A3,0.045714,0.926087,0
20230619T102732,20230629T100435,9.9841,74,A3,0.293234,0.198981,0
20230619T102732,20230629T100435,9.9841,75,A3,-0.050259,0.106770,0
20230619T102732,20230629T100435,9.9841,76,A3,0.213205,0.490965,0
20230619T102732,20230629T100435,9.9841,77,A3,0.396345,0.774097,1
20230619T102732,20230629T100435,9.9841,78,A3,0.077825,0.363759,0
20230619T102732,20230629T100435,9.9841,80,A3,0.595132,0.310054,1
20230619T102732,20230629T100435,9.9841,81,A3,0.156824,0.084369,0
20230619T102732,20230629T100435,9.9841,82,A3,0.749221,0.129952,1
20230619T102732,20230629T100435,9.9841,83,A3,0.481026,0.022771,1
20230619T102732,20230629T100435,9.9841,84,A3,0.091334,0.000305,1
20230619T102732,20230629T100435,9.9841,85,A3,0.233961,0.558744,0
20230619T102732,20230629T100435,9.9841,86,A3,0.006247,0.025891,1
20230619T102732,20230629T100435,9.9841,87,A3,0.472906,1.245221,0
20230619T102732,20230629T100435,9.9841,88,A3,0.014370,0.985989,1
20230619T102732,20230629T100435,9.9841,90,A3,0.068850,0.143974,0
20230619T102732,20230629T100435,9.9841,93,A3,0.216608,0.106794,1
20230619T102732,20230629T100435,9.9841,95,A3,0.429190,0.259547,1
20230619T102732,20230629T100435,9.9841,97,A4,0.068167,0.027576,0
20230619T102732,20230629T100435,9.9841,98,A4,0.175660,0.268272,0
20230619T102732,20230629T100435,9.9841,100,A4,-0.148121,1.019738,0
20230619T102732,20230629T100435,9.9841,101,A4,0.448117,0.003793,1
20230619T102732,20230629T100435,9.9841,102,A4,-0.125955,0.277770,0
20230619T102732,20230629T100435,9.9841,103,A4,0.377630,0.818909,1
20230619T102732,20230629T100435,9.9841,104,A4,-0.065280,0.946107,1
20230619T102732,20230629T100435,9.9841,106,A4,0.222004,0.555836,1
20230619T102732,20230629T100435,9.9841,107,A4,-0.076413,0.188948,0
20230619T102732,20230629T100435,9.9841,108,A4,0.105731,0.136873,0
20230619T102732,20230629T100435,9.9841,109,A4,-0.195141,0.517117,0
20230619T102732,20230629T100435,9.9841,110,A4,-0.170676,0.697146,0
20230619T102732,20230629T100435,9.9841,111,A4,-0.028569,0.044156,1
20230619T102732,20230629T100435,9.9841,112,A4,0.204003,0.901949,1
20230619T102732,20230629T100435,9.9841,114,A4,-0.158520,0.046288,0
20230619T102732,20230629T100435,9.9841,115,A4,0.090031,0.032034,1
20230619T102732,20230629T100435,9.9841,116,A4,-0.166380,1.009105,0
20230619T102732,20230629T100435,9.9841,118,A4,0.199990,0.154356,0
20230619T102732,20230629T100435,9.9841,119,A4,0.137326,1.010093,0
20230619T102732,20230629T100435,9.9841,121,A4,0.681938,0.744254,1
20230619T102732,20230629T100435,9.9841,122,A4,0.748115,0.387581,1
20230619T102732,20230629T100435,9.9841,123,A4,-0.195835,0.358798,0
20230619T102732,20230629T100435,9.9841,124,A4,0.080937,0.066943,1
20230619T102732,20230629T100435,9.9841,125,A4,-0.241602,0.107439,0
20230619T102732,20230629T100435,9.9841,126,A4,0.121538,0.250001,0
20230619T102732,20230629T100435,9.9841,127,A4,0.188362,0.806992,1
20230619T102732,20230629T100435,9.9841,129,A5,-0.173211,0.294374,1
20230619T102732,20230629T100435,9.9841,130,A5,0.556746,0.555964,0
20230619T102732,20230629T100435,9.9841,133,A5,-0.080973,0.313374,1
20230619T102732,20230629T100435,9.9841,134,A5,0.248077,0.941047,1
20230619T102732,20230629T100435,9.9841,135,A5,0.056597,0.252663,1
20230619T102732,20230629T100435,9.9841,136,A5,0.117170,0.374715,1
20230619T102732,20230629T100435,9.9841,137,A5,0.606239,0.082040,1
20230619T102732,20230629T100435,9.9841,138,A5,-0.078672,0.071110,1
20230619T102732,20230629T100435,9.9841,141,A5,0.290620,0.916089,1
20230619T102732,20230629T100435,9.9841,142,A5,0.079565,1.020314,0
20230619T102732,20230629T100435,9.9841,143,A5,-0.263036,0.524260,1
20230619T102732,20230629T100435,9.9841,144,A5,-0.135450,0.154431,0
20230619T102732,20230629T100435,9.9841,145,A5,0.336207,0.181834,1
20230619T102732,20230629T100435,9.9841,146,A5,0.525494,0.053824,1
20230619T102732,20230629T100435,9.9841,147,A5,0.890492,0.243322,1
20230619T102732,20230629T100435,9.9841,149,A5,0.008403,0.120681,1
20230619T102732,20230629T100435,9.9841,150,A5,-0.010929,0.056776,0
20230619T102732,20230629T100435,9.9841,151,A5,0.126556,0.062248,1
20230619T102732,20230629T100435,9.9841,152,A5,0.075796,0.165018,1
20230619T102732,20230629T100435,9.9841,153,A5,0.379302,0.089537,0
20230619T102732,20230629T100435,9.9841,156,A5,0.355150,0.143550,1
20230619T102732,20230629T100435,9.9841,157,A5,-0.314384,0.070766,1
20230619T102732,20230629T100435,9.9841,158,A5,-0.068590,0.079210,1
20230619T102732,20230629T100435,9.9841,160,A5,-0.004525,0.296396,0
20230619T102732,20230703T122644,14.0828,1,A1,0.278076,0.978957,1
20230619T102732,20230703T122644,14.0828,3,A1,0.131742,0.150728,1
20230619T102732,20230703T122644,14.0828,4,A1,0.218615,0.052121,1
20230619T102732,20230703T122644,14.0828,6,A1,0.249344,0.001206,1
20230619T102732,20230703T122644,14.0828,9,A1,0.291182,0.726569,0
20230619T102732,20230703T122644,14.0828,10,A1,0.462214,0.050179,1
20230619T102732,20230703T122644,14.0828,11,A1,0.682384,0.257438,1
20230619T102732,20230703T122644,14.0828,12,A1,0.281437,0.489035,1
20230619T102732,20230703T122644,14.0828,13,A1,0.843353,0.018685,1
20230619T102732,20230703T122644,14.0828,14,A1,0.169241,0.176646,0
20230619T102732,20230703T122644,14.0828,15,A1,0.691435,1.039483,0
20230619T102732,20230703T122644,14.0828,17,A1,0.382436,0.227834,0
20230619T102732,20230703T122644,14.0828,18,A1,-0.131472,0.277985,1
20230619T102732,20230703T122644,14.0828,19,A1,0.024249,0.439687,1
20230619T102732,20230703T122644,14.0828,21,A1,-0.131714,0.186395,0
20230619T102732,20230703T122644,14.0828,22,A1,0.682107,0.150075,1
20230619T102732,20230703T122644,14.0828,23,A1,0.400650,0.141941,0
20230619T102732,20230703T122644,14.0828,24,A1,-0.223654,0.015659,1
20230619T102732,20230703T122644,14.0828,26,A1,0.325650,0.132610,1
20230619T102732,20230703T122644,14.0828,27,A1,0.686882,0.228041,1
20230619T102732,20230703T122644,14.0828,28,A1,-0.054619,0.415951,0
20230619T102732,20230703T122644,14.0828,29,A1,0.822014,0.232112,0
20230619T102732,20230703T122644,14.0828,30,A1,0.736546,0.000000,1
20230619T102732,20230703T122644,14.0828,31,A1,0.744464,0.272966,1
20230619T102732,20230703T122644,14.0828,32,A1,0.853628,0.657875,1
20230619T102732,20230703T122644,14.0828,33,A2,0.106287,0.268346,1
20230619T102732,20230703T122644,14.0828,34,A2,0.140482,0.012422,1
20230619T102732,20230703T122644,14.0828,37,A2,-0.109732,0.031863,1
20230619T102732,20230703T122644,14.0828,39,A2,0.161381,0.357496,1
20230619T102732,20230703T122644,14.0828,40,A2,0.015764,0.066745,1
20230619T102732,20230703T122644,14.0828,41,A2,0.347349,1.216519,0
20230619T102732,20230703T122644,14.0828,42,A2,0.051125,0.606131,1
20230619T102732,20230703T122644,14.0828,43,A2,0.288707,0.652199,0
20230619T102732,20230703T122644,14.0828,44,A2,0.521446,0.986874,1
20230619T102732,20230703T122644,14.0828,45,A2,0.198285,0.350916,1
20230619T102732,20230703T122644,14.0828,46,A2,0.005848,0.058310,1
20230619T102732,20230703T122644,14.0828,47,A2,0.662788,0.320048,1
20230619T102732,20230703T122644,14.0828,49,A2,0.135050,0.154288,1
20230619T102732,20230703T122644,14.0828,50,A2,-0.181473,0.031019,1
20230619T102732,20230703T122644,14.0828,51,A2,0.057913,0.060247,1
20230619T102732,20230703T122644,14.0828,52,A2,0.312380,0.105263,1
20230619T102732,20230703T122644,14.0828,53,A2,-0.047393,0.417370,1
20230619T102732,20230703T122644,14.0828,55,A2,-0.091907,0.038896,1
20230619T102732,20230703T122644,14.0828,57,A2,-0.146341,0.177357,1
20230619T102732,20230703T122644,14.0828,58,A2,0.052984,0.080408,1
20230619T102732,20230703T122644,14.0828,59,A2,0.086808,0.050936,1
20230619T102732,20230703T122644,14.0828,60,A2,0.075539,0.283499,1
20230619T102732,20230703T122644,14.0828,62,A2,0.602506,0.199717,1
20230619T102732,20230703T122644,14.0828,63,A2,0.782330,0.600268,0
20230619T102732,20230703T122644,14.0828,64,A2,0.876384,0.000000,1
20230619T102732,20230703T122644,14.0828,65,A3,0.231031,1.373240,0
20230619T102732,20230703T122644,14.0828,66,A3,0.397132,0.082116,1
20230619T102732,20230703T122644,14.0828,68,A3,0.670538,0.038110,1
20230619T102732,20230703T122644,14.0828,69,A3,0.583193,0.027614,1
20230619T102732,20230703T122644,14.0828,70,A3,0.273287,0.443415,0
20230619T102732,20230703T122644,14.0828,72,A3,0.121477,0.123511,0
20230619T102732,20230703T122644,14.0828,73,A3,0.219741,0.037077,1
20230619T102732,20230703T122644,14.0828,74,A3,-0.146365,0.638186,1
20230619T102732,20230703T122644,14.0828,75,A3,0.222843,0.513429,1
20230619T102732,20230703T122644,14.0828,76,A3,0.464226,0.628463,0
20230619T102732,20230703T122644,14.0828,77,A3,0.553414,0.321565,0
20230619T102732,20230703T122644,14.0828,78,A3,0.125418,0.467811,1
20230619T102732,20230703T122644,14.0828,79,A3,-0.375078,0.052799,0
20230619T102732,20230703T122644,14.0828,80,A3,0.579914,0.290715,1
20230619T102732,20230703T122644,14.0828,81,A3,0.178431,0.880452,1
20230619T102732,20230703T122644,14.0828,82,A3,0.648454,0.000000,1
20230619T102732,20230703T122644,14.0828,84,A3,0.468837,0.096986,0
20230619T102732,20230703T122644,14.0828,85,A3,-0.350489,0.616102,1
20230619T102732,20230703T122644,14.0828,86,A3,-0.178305,0.057770,0
20230619T102732,20230703T122644,14.0828,87,A3,0.644790,0.000000,1
20230619T102732,20230703T122644,14.0828,88,A3,0.029753,0.150206,0
20230619T102732,20230703T122644,14.0828,89,A3,0.145182,0.302412,1
20230619T102732,20230703T122644,14.0828,90,A3,-0.031335,0.067894,0
20230619T102732,20230703T122644,14.0828,93,A3,-0.037313,0.145894,0
20230619T102732,20230703T122644,14.0828,94,A3,0.114490,0.514778,1
20230619T102732,20230703T122644,14.0828,95,A3,0.708977,0.880771,1
20230619T102732,20230703T122644,14.0828,97,A4,0.132252,0.098528,0
20230619T102732,20230703T122644,14.0828,98,A4,0.394624,0.192773,1
20230619T102732,20230703T122644,14.0828,99,A4,-0.044693,0.492912,1
20230619T102732,20230703T122644,14.0828,100,A4,0.142200,1.102874,0
20230619T102732,20230703T122644,14.0828,101,A4,-0.224975,0.032262,0
20230619T102732,20230703T122644,14.0828,102,A4,0.237676,0.588005,0
20230619T102732,20230703T122644,14.0828,103,A4,0.102282,0.780632,1
20230619T102732,20230703T122644,14.0828,104,A4,0.085287,0.599067,1
20230619T102732,20230703T122644,14.0828,105,A4,0.370385,0.073773,0
20230619T102732,20230703T122644,14.0828,106,A4,-0.234901,1.275004,0
20230619T102732,20230703T122644,14.0828,107,A4,-0.027434,0.187281,0
20230619T102732,20230703T122644,14.0828,108,A4,0.126311,0.076409,0
20230619T102732,20230703T122644,14.0828,109,A4,-0.120249,0.450429,0
20230619T102732,20230703T122644,14.0828,110,A4,0.035136,0.234582,0
20230619T102732,20230703T122644,14.0828,111,A4,-0.012810,0.169597,0
20230619T102732,20230703T122644,14.0828,112,A4,0.026167,0.042009,1
20230619T102732,20230703T122644,14.0828,114,A4,-0.066246,0.024979,1
20230619T102732,20230703T122644,14.0828,116,A4,0.371041,0.973065,1
20230619T102732,20230703T122644,14.0828,118,A4,0.058167,0.194780,0
20230619T102732,20230703T122644,14.0828,119,A4,0.283803,0.473791,0
20230619T102732,20230703T122644,14.0828,121,A4,0.644893,0.234216,1
20230619T102732,20230703T122644,14.0828,122,A4,0.863570,0.224512,1
20230619T102732,20230703T122644,14.0828,123,A4,-0.254238,0.331608,0
20230619T102732,20230703T122644,14.0828,124,A4,0.023355,0.143710,1
20230619T102732,20230703T122644,14.0828,125,A4,-0.084801,0.104118,0
20230619T102732,20230703T122644,14.0828,126,A4,0.119735,0.486166,0
20230619T102732,20230703T122644,14.0828,127,A4,-0.039072,1.003723,0
20230619T102732,20230703T122644,14.0828,130,A5,0.425677,0.055757,1
20230619T102732,20230703T122644,14.0828,132,A5,-0.051795,0.842605,1
20230619T102732,20230703T122644,14.0828,133,A5,0.020764,0.834472,0
20230619T102732,20230703T122644,14.0828,134,A5,0.496790,0.884287,1
20230619T102732,20230703T122644,14.0828,135,A5,0.086189,1.072916,0
20230619T102732,20230703T122644,14.0828,136,A5,-0.169165,0.895789,0
20230619T102732,20230703T122644,14.0828,137,A5,0.636057,0.124792,1
20230619T102732,20230703T122644,14.0828,138,A5,0.625719,0.329885,1
20230619T102732,20230703T122644,14.0828,139,A5,0.822668,0.276245,1
20230619T102732,20230703T122644,14.0828,140,A5,0.620392,0.074822,0
20230619T102732,20230703T122644,14.0828,141,A5,0.497768,0.945996,1
20230619T102732,20230703T122644,14.0828,142,A5,0.382573,0.000000,1
20230619T102732,20230703T122644,14.0828,143,A5,0.249563,0.523018,0
20230619T102732,20230703T122644,14.0828,144,A5,0.060486,0.100066,1
20230619T102732,20230703T122644,14.0828,145,A5,0.288272,0.199021,1
20230619T102732,20230703T122644,14.0828,146,A5,0.519619,0.126977,1
20230619T102732,20230703T122644,14.0828,147,A5,0.881898,0.980122,1
20230619T102732,20230703T122644,14.0828,149,A5,0.270532,0.082414,1
20230619T102732,20230703T122644,14.0828,150,A5,0.026869,0.083837,0
20230619T102732,20230703T122644,14.0828,151,A5,0.027290,0.121849,1
20230619T102732,20230703T122644,14.0828,152,A5,0.085299,1.192784,0
20230619T102732,20230703T122644,14.0828,153,A5,0.740700,0.103582,1
20230619T102732,20230703T122644,14.0828,154,A5,-0.178555,0.067276,1
20230619T102732,20230703T122644,14.0828,155,A5,-0.120968,0.737696,1
20230619T102732,20230703T122644,14.0828,156,A5,0.239471,0.726677,0
20230619T102732,20230703T122644,14.0828,157,A5,-0.260480,0.154159,0
20230619T102732,20230703T122644,14.0828,158,A5,-0.014439,0.322954,1
20230619T102732,20230703T122644,14.0828,159,A5,-0.085766,0.426306,1
20230619T102732,20230703T122644,14.0828,160,A5,0.320389,0.201406,1
20230620T101238,20230621T100721,0.9963,1,A1,-0.117426,1.405796,0
20230620T101238,20230621T100721,0.9963,2,A1,0.283962,0.009352,1
20230620T101238,20230621T100721,0.9963,3,A1,0.633590,0.006690,0
20230620T101238,20230621T100721,0.9963,4,A1,0.156968,0.607486,1
20230620T101238,20230621T100721,0.9963,6,A1,-0.014045,0.129594,0
20230620T101238,20230621T100721,0.9963,8,A1,-0.240588,0.080876,1
20230620T101238,20230621T100721,0.9963,9,A1,0.222843,0.135506,1
20230620T101238,20230621T100721,0.9963,10,A1,0.504179,0.083768,1
20230620T101238,20230621T100721,0.9963,11,A1,0.890537,0.049836,0
20230620T101238,20230621T100721,0.9963,12,A1,0.322395,0.109082,1
20230620T101238,20230621T100721,0.9963,13,A1,0.882863,0.024307,0
20230620T101238,20230621T100721,0.9963,14,A1,0.300039,0.984572,1
20230620T101238,20230621T100721,0.9963,15,A1,0.777368,0.307371,1
20230620T101238,20230621T100721,0.9963,17,A1,0.353390,0.281430,1
20230620T101238,20230621T100721,0.9963,18,A1,0.340960,0.966028,1
20230620T101238,20230621T100721,0.9963,19,A1,0.532200,0.106672,1
20230620T101238,20230621T100721,0.9963,20,A1,0.566574,0.050059,0
20230620T101238,20230621T100721,0.9963,21,A1,0.636707,0.104988,1
20230620T101238,20230621T100721,0.9963,22,A1,0.912451,0.845902,1
20230620T101238,20230621T100721,0.9963,23,A1,0.281702,0.060917,1
20230620T101238,20230621T100721,0.9963,24,A1,0.394447,0.178565,1
20230620T101238,20230621T100721,0.9963,26,A1,0.421999,0.139346,0
20230620T101238,20230621T100721,0.9963,27,A1,0.571980,0.109947,0
20230620T101238,20230621T100721,0.9963,28,A1,0.280896,0.479452,0
20230620T101238,20230621T100721,0.9963,29,A1,0.917313,0.040352,1
20230620T101238,20230621T100721,0.9963,30,A1,0.827033,0.000000,1
20230620T101238,20230621T100721,0.9963,31,A1,0.619789,0.332403,1
20230620T101238,20230621T100721,0.9963,32,A1,0.884246,0.024173,1
20230620T101238,20230621T100721,0.9963,34,A2,-0.128766,0.000000,1
20230620T101238,20230621T100721,0.9963,36,A2,0.383764,0.250102,1
20230620T101238,20230621T100721,0.9963,37,A2,0.356578,0.863443,0
20230620T101238,20230621T100721,0.9963,39,A2,-0.115925,1.151255,0
20230620T101238,20230621T100721,0.9963,40,A2,-0.057327,1.031293,0
20230620T101238,20230621T100721,0.9963,41,A2,0.637460,0.351946,1
20230620T101238,20230621T100721,0.9963,42,A2,0.157708,0.074802,0
20230620T101238,20230621T100721,0.9963,43,A2,0.651276,0.050360,0
20230620T101238,20230621T100721,0.9963,44,A2,0.856505,0.422278,1
20230620T101238,20230621T100721,0.9963,45,A2,0.264691,1.160890,0
20230620T101238,20230621T100721,0.9963,46,A2,0.507882,0.246175,1
20230620T101238,20230621T100721,0.9963,47,A2,0.814108,0.378397,1
20230620T101238,20230621T100721,0.9963,48,A2,0.225110,0.289064,1
20230620T101238,20230621T100721,0.9963,49,A2,-0.178939,0.125448,0
20230620T101238,20230621T100721,0.9963,50,A2,-0.251399,0.286188,1
20230620T101238,20230621T100721,0.9963,51,A2,0.105589,0.532664,0
20230620T101238,20230621T100721,0.9963,52,A2,0.311861,0.767104,1
20230620T101238,20230621T100721,0.9963,53,A2,-0.067321,1.001016,0
20230620T101238,20230621T100721,0.9963,54,A2,0.130271,0.036356,0
20230620T101238,20230621T100721,0.9963,55,A2,0.024435,0.194844,1
20230620T101238,20230621T100721,0.9963,57,A2,0.222781,0.382274,0
20230620T101238,20230621T100721,0.9963,58,A2,-0.042685,0.435026,0
20230620T101238,20230621T100721,0.9963,59,A2,0.029512,0.050556,1
20230620T101238,20230621T100721,0.9963,60,A2,0.189919,0.551987,1
20230620T101238,20230621T100721,0.9963,62,A2,0.833399,0.403384,1
20230620T101238,20230621T100721,0.9963,63,A2,0.783685,0.365033,0
20230620T101238,20230621T100721,0.9963,64,A2,-0.010252,0.783565,1
20230620T101238,20230621T100721,0.9963,65,A3,0.430303,0.162286,1
20230620T101238,20230621T100721,0.9963,66,A3,0.740966,0.251243,0
20230620T101238,20230621T100721,0.9963,67,A3,0.479271,0.024424,0
20230620T101238,20230621T100721,0.9963,69,A3,0.848775,0.022418,1
20230620T101238,20230621T100721,0.9963,70,A3,0.601047,0.245546,1
20230620T101238,20230621T100721,0.9963,71,A3,0.955039,0.216682,1
20230620T101238,20230621T100721,0.9963,72,A3,0.292195,0.070373,0
20230620T101238,20230621T100721,0.9963,73,A3,-0.445630,0.768042,0
20230620T101238,20230621T100721,0.9963,74,A3,-0.013933,0.195386,0
20230620T101238,20230621T100721,0.9963,75,A3,0.612105,0.248419,1
20230620T101238,20230621T100721,0.9963,76,A3,0.379400,0.139675,0
20230620T101238,20230621T100721,0.9963,77,A3,0.725503,0.330730,1
20230620T101238,20230621T100721,0.9963,78,A3,0.141920,0.005746,1
20230620T101238,20230621T100721,0.9963,79,A3,-0.003370,0.002476,1
20230620T101238,20230621T100721,0.9963,80,A3,0.523202,0.816547,1
20230620T101238,20230621T100721,0.9963,81,A3,0.344617,1.234034,0
20230620T101238,20230621T100721,0.9963,82,A3,0.592562,0.203263,1
20230620T101238,20230621T100721,0.9963,83,A3,0.093238,0.965138,1
20230620T101238,20230621T100721,0.9963,84,A3,0.595408,1.123788,0
20230620T101238,20230621T100721,0.9963,85,A3,0.689945,0.942068,0
20230620T101238,20230621T100721,0.9963,86,A3,0.195481,0.003415,0
20230620T101238,20230621T100721,0.9963,87,A3,0.721694,0.936761,0
20230620T101238,20230621T100721,0.9963,88,A3,0.288747,0.347466,1
20230620T101238,20230621T100721,0.9963,89,A3,-0.047673,0.543324,1
20230620T101238,20230621T100721,0.9963,90,A3,-0.050380,0.054604,1
20230620T101238,20230621T100721,0.9963,91,A3,0.370971,0.990329,1
20230620T101238,20230621T100721,0.9963,93,A3,0.490175,0.426081,0
20230620T101238,20230621T100721,0.9963,94,A3,0.188924,0.941940,0
20230620T101238,20230621T100721,0.9963,95,A3,0.539970,0.113982,1
20230620T101238,20230621T100721,0.9963,96,A3,0.106973,0.009762,1
20230620T101238,20230621T100721,0.9963,97,A4,0.064888,0.111012,0
20230620T101238,20230621T100721,0.9963,98,A4,0.414702,0.181567,1
20230620T101238,20230621T100721,0.9963,99,A4,-0.217057,0.121366,1
20230620T101238,20230621T100721,0.9963,100,A4,-0.434361,0.402181,1
20230620T101238,20230621T100721,0.9963,101,A4,-0.135286,0.551957,1
20230620T101238,20230621T100721,0.9963,102,A4,0.097263,0.189727,1
20230620T101238,20230621T100721,0.9963,103,A4,0.228529,0.307593,0
20230620T101238,20230621T100721,0.9963,104,A4,0.095740,0.028259,1
20230620T101238,20230621T100721,0.9963,105,A4,-0.050164,0.361702,1
20230620T101238,20230621T100721,0.9963,106,A4,-0.154615,0.637450,1
20230620T101238,20230621T100721,0.9963,107,A4,-0.021226,0.773238,0
20230620T101238,20230621T100721,0.9963,108,A4,-0.242012,1.214244,0
20230620T101238,20230621T100721,0.9963,109,A4,0.159553,0.067568,1
20230620T101238,20230621T100721,0.9963,110,A4,0.013881,0.176407,0
20230620T101238,20230621T100721,0.9963,111,A4,0.197983,0.268872,1
20230620T101238,20230621T100721,0.9963,112,A4,-0.300686,1.136979,0
20230620T101238,20230621T100721,0.9963,113,A4,-0.031800,0.139178,0
20230620T101238,20230621T100721,0.9963,114,A4,0.058131,0.011116,1
20230620T101238,20230621T100721,0.9963,115,A4,0.046585,0.299318,0
20230620T101238,20230621T100721,0.9963,118,A4,-0.123268,0.163616,1
20230620T101238,20230621T100721,0.9963,119,A4,0.018375,0.119350,0
20230620T101238,20230621T100721,0.9963,120,A4,0.042133,0.647318,1
20230620T101238,20230621T100721,0.9963,121,A4,0.786048,0.639216,1
20230620T101238,20230621T100721,0.9963,122,A4,0.785825,0.000000,1
20230620T101238,20230621T100721,0.9963,123,A4,0.021825,0.412055,0
20230620T101238,20230621T100721,0.9963,124,A4,-0.035440,0.426023,0
20230620T101238,20230621T100721,0.9963,125,A4,0.095760,1.985256,0
20230620T101238,20230621T100721,0.9963,126,A4,0.142515,0.807375,1
20230620T101238,20230621T100721,0.9963,128,A4,0.089588,0.978873,1
20230620T101238,20230621T100721,0.9963,129,A5,0.180515,0.102307,1
20230620T101238,20230621T100721,0.9963,130,A5,0.450088,0.882803,1
20230620T101238,20230621T100721,0.9963,132,A5,0.059347,0.004402,1
20230620T101238,20230621T100721,0.9963,133,A5,-0.288414,0.245912,0
20230620T101238,20230621T100721,0.9963,134,A5,0.436937,0.058437,1
20230620T101238,20230621T100721,0.9963,135,A5,0.547024,0.628819,1
20230620T101238,20230621T100721,0.9963,136,A5,0.125499,1.029747,0
20230620T101238,20230621T100721,0.9963,137,A5,0.808305,0.101658,1
20230620T101238,20230621T100721,0.9963,138,A5,0.469111,0.608245,1
20230620T101238,20230621T100721,0.9963,139,A5,0.832569,0.173425,1
20230620T101238,20230621T100721,0.9963,140,A5,0.711851,0.612138,1
20230620T101238,20230621T100721,0.9963,141,A5,0.583151,0.580470,1
20230620T101238,20230621T100721,0.9963,142,A5,0.572514,1.839787,0
20230620T101238,20230621T100721,0.9963,143,A5,-0.173131,0.000000,1
20230620T101238,20230621T100721,0.9963,144,A5,0.231518,1.181597,0
20230620T101238,20230621T100721,0.9963,145,A5,0.079007,0.323386,0
20230620T101238,20230621T100721,0.9963,146,A5,0.306118,0.398266,1
20230620T101238,20230621T100721,0.9963,147,A5,0.882953,0.109470,1
20230620T101238,20230621T100721,0.9963,148,A5,0.546966,0.297895,1
20230620T101238,20230621T100721,0.9963,149,A5,0.387077,0.792434,1
20230620T101238,20230621T100721,0.9963,150,A5,-0.112558,0.177708,0
20230620T101238,20230621T100721,0.9963,151,A5,0.163509,0.209798,1
20230620T101238,20230621T100721,0.9963,152,A5,0.043451,0.417306,1
20230620T101238,20230621T100721,0.9963,153,A5,0.790470,0.066757,1
20230620T101238,20230621T100721,0.9963,154,A5,-0.123275,0.113713,0
20230620T101238,20230621T100721,0.9963,155,A5,0.026329,1.039367,0
20230620T101238,20230621T100721,0.9963,157,A5,0.265913,0.247850,0
20230620T101238,20230621T100721,0.9963,158,A5,0.016684,0.967518,1
20230620T101238,20230621T100721,0.9963,159,A5,-0.051750,0.332568,1
20230620T101238,20230621T100721,0.9963,160,A5,0.214286,0.055663,1
20230620T101238,20230622T111856,2.0460,1,A1,0.331249,0.267746,1
20230620T101238,20230622T111856,2.0460,2,A1,-0.148748,0.023253,1
20230620T101238,20230622T111856,2.0460,3,A1,0.351903,0.000329,0
20230620T101238,20230622T111856,2.0460,4,A1,0.400244,0.013167,1
20230620T101238,20230622T111856,2.0460,6,A1,-0.023970,0.065829,1
20230620T101238,20230622T111856,2.0460,8,A1,-0.165775,0.080876,1
20230620T101238,20230622T111856,2.0460,9,A1,0.298485,0.011621,1
20230620T101238,20230622T111856,2.0460,10,A1,0.253669,0.621371,1
20230620T101238,20230622T111856,2.0460,11,A1,0.725904,1.036101,0
20230620T101238,20230622T111856,2.0460,12,A1,0.341654,1.153060,0
20230620T101238,20230622T111856,2.0460,13,A1,0.945616,0.030979,1
20230620T101238,20230622T111856,2.0460,14,A1,0.356189,0.739092,1
20230620T101238,20230622T111856,2.0460,15,A1,0.673850,0.417007,1
20230620T101238,20230622T111856,2.0460,17,A1,0.278971,0.004904,1
20230620T101238,20230622T111856,2.0460,18,A1,0.536352,0.132686,1
20230620T101238,20230622T111856,2.0460,19,A1,0.211173,0.295964,1
20230620T101238,20230622T111856,2.0460,20,A1,0.675728,0.027802,1
20230620T101238,20230622T111856,2.0460,21,A1,0.507154,0.708663,1
20230620T101238,20230622T111856,2.0460,22,A1,0.809628,0.576906,1
20230620T101238,20230622T111856,2.0460,23,A1,0.042949,0.581681,1
20230620T101238,20230622T111856,2.0460,24,A1,0.101276,0.280051,1
20230620T101238,20230622T111856,2.0460,26,A1,0.648500,0.105872,0
20230620T101238,20230622T111856,2.0460,27,A1,0.419981,0.147637,0
20230620T101238,20230622T111856,2.0460,28,A1,-0.451181,1.461656,0
20230620T101238,20230622T111856,2.0460,29,A1,0.928951,0.270622,0
20230620T101238,20230622T111856,2.0460,30,A1,0.740444,0.001560,1
20230620T101238,20230622T111856,2.0460,31,A1,0.804475,0.850395,0
20230620T101238,20230622T111856,2.0460,32,A1,0.719066,0.448489,1
20230620T101238,20230622T111856,2.0460,34,A2,-0.159683,1.036662,0
20230620T101238,20230622T111856,2.0460,36,A2,0.097720,0.687724,1
20230620T101238,20230622T111856,2.0460,37,A2,0.161882,0.775184,1
20230620T101238,20230622T111856,2.0460,39,A2,0.177688,1.125291,0
20230620T101238,20230622T111856,2.0460,40,A2,-0.147548,1.089438,0
20230620T101238,20230622T111856,2.0460,41,A2,0.553944,0.101158,1
20230620T101238,20230622T111856,2.0460,42,A2,-0.485446,0.327254,0
20230620T101238,20230622T111856,2.0460,43,A2,0.489527,0.333914,1
20230620T101238,20230622T111856,2.0460,44,A2,0.808962,0.133587,1
20230620T101238,20230622T111856,2.0460,45,A2,0.127662,0.213722,0
20230620T101238,20230622T111856,2.0460,46,A2,0.437734,0.098400,1
20230620T101238,20230622T111856,2.0460,47,A2,0.777495,0.378397,1
20230620T101238,20230622T111856,2.0460,48,A2,0.244798,0.455613,1
20230620T101238,20230622T111856,2.0460,49,A2,-0.069796,0.713826,1
20230620T101238,20230622T111856,2.0460,50,A2,0.213775,0.951225,0
20230620T101238,20230622T111856,2.0460,51,A2,0.110702,0.444299,0
20230620T101238,20230622T111856,2.0460,52,A2,0.107537,0.243062,0
20230620T101238,20230622T111856,2.0460,53,A2,0.353899,0.605281,1
20230620T101238,20230622T111856,2.0460,54,A2,0.138982,0.482357,0
20230620T101238,20230622T111856,2.0460,55,A2,0.311726,0.041294,1
20230620T101238,20230622T111856,2.0460,57,A2,0.197958,0.560155,0
20230620T101238,20230622T111856,2.0460,58,A2,0.266589,0.052939,1
20230620T101238,20230622T111856,2.0460,59,A2,0.197480,0.264024,0
20230620T101238,20230622T111856,2.0460,60,A2,0.136251,1.081278,0
20230620T101238,20230622T111856,2.0460,61,A2,0.385065,0.235068,0
20230620T101238,20230622T111856,2.0460,62,A2,0.891716,0.370013,1
20230620T101238,20230622T111856,2.0460,63,A2,0.824531,0.312569,0
20230620T101238,20230622T111856,2.0460,64,A2,0.054849,0.615971,1
20230620T101238,20230622T111856,2.0460,65,A3,0.439720,0.841753,1
20230620T101238,20230622T111856,2.0460,66,A3,0.738391,0.119588,0
20230620T101238,20230622T111856,2.0460,67,A3,0.637049,0.689563,0
20230620T101238,20230622T111856,2.0460,69,A3,0.847337,0.678879,1
20230620T101238,20230622T111856,2.0460,70,A3,0.496878,1.240321,0
20230620T101238,20230622T111856,2.0460,71,A3,0.956411,0.117425,1
20230620T101238,20230622T111856,2.0460,72,A3,-0.134799,0.053111,1
20230620T101238,20230622T111856,2.0460,73,A3,0.008969,1.353983,0
20230620T101238,20230622T111856,2.0460,74,A3,-0.186909,1.043729,0
20230620T101238,20230622T111856,2.0460,75,A3,0.259977,0.511694,1
20230620T101238,20230622T111856,2.0460,76,A3,0.561636,0.184590,1
20230620T101238,20230622T111856,2.0460,77,A3,0.809753,0.357820,1
20230620T101238,20230622T111856,2.0460,78,A3,0.189171,0.278354,1
20230620T101238,20230622T111856,2.0460,79,A3,0.019174,0.004247,1
20230620T101238,20230622T111856,2.0460,80,A3,0.610396,0.812049,1
20230620T101238,20230622T111856,2.0460,81,A3,0.435815,1.347105,0
20230620T101238,20230622T111856,2.0460,82,A3,0.644901,0.203263,1
20230620T101238,20230622T111856,2.0460,83,A3,-0.278966,0.479388,1
20230620T101238,20230622T111856,2.0460,84,A3,0.311552,0.308453,0
20230620T101238,20230622T111856,2.0460,85,A3,0.716385,0.296591,1
20230620T101238,20230622T111856,2.0460,86,A3,0.063528,0.217511,0
20230620T101238,20230622T111856,2.0460,87,A3,0.676353,1.024761,0
20230620T101238,20230622T111856,2.0460,88,A3,0.418520,0.499424,0
20230620T101238,20230622T111856,2.0460,89,A3,0.204950,0.111721,1
20230620T101238,20230622T111856,2.0460,90,A3,0.052449,0.424591,0
20230620T101238,20230622T111856,2.0460,91,A3,0.017095,0.000000,1
20230620T101238,20230622T111856,2.0460,93,A3,0.059927,0.714895,0
20230620T101238,20230622T111856,2.0460,94,A3,0.091334,1.042548,0
20230620T101238,20230622T111856,2.0460,95,A3,0.737035,0.031674,1
20230620T101238,20230622T111856,2.0460,96,A3,0.053210,0.127485,1
20230620T101238,20230622T111856,2.0460,97,A4,0.100750,0.059069,1
20230620T101238,20230622T111856,2.0460,98,A4,0.540995,0.624512,0
20230620T101238,20230622T111856,2.0460,99,A4,-0.099270,0.202353,0
20230620T101238,20230622T111856,2.0460,100,A4,0.010431,0.678322,0
20230620T101238,20230622T111856,2.0460,101,A4,-0.004197,0.774087,0
20230620T101238,20230622T111856,2.0460,102,A4,-0.013739,0.070825,1
20230620T101238,20230622T111856,2.0460,103,A4,-0.184574,0.127020,1
20230620T101238,20230622T111856,2.0460,104,A4,0.336618,0.088893,1
20230620T101238,20230622T111856,2.0460,105,A4,0.640849,0.331401,1
20230620T101238,20230622T111856,2.0460,106,A4,-0.016459,0.101108,1
20230620T101238,20230622T111856,2.0460,107,A4,-0.118966,0.179668,1
20230620T101238,20230622T111856,2.0460,108,A4,0.011823,0.419253,1
20230620T101238,20230622T111856,2.0460,109,A4,-0.184775,0.011102,1
20230620T101238,20230622T111856,2.0460,110,A4,-0.075358,0.261603,0
20230620T101238,20230622T111856,2.0460,111,A4,0.069720,1.364463,0
20230620T101238,20230622T111856,2.0460,112,A4,0.298527,0.052240,1
20230620T101238,20230622T111856,2.0460,113,A4,-0.181950,0.141237,0
20230620T101238,20230622T111856,2.0460,114,A4,-0.218698,0.081344,1
20230620T101238,20230622T111856,2.0460,115,A4,-0.108250,0.417080,0
20230620T101238,20230622T111856,2.0460,116,A4,0.298573,1.111077,0
20230620T101238,20230622T111856,2.0460,118,A4,-0.232412,0.454347,0
20230620T101238,20230622T111856,2.0460,119,A4,0.292733,0.204000,0
20230620T101238,20230622T111856,2.0460,120,A4,0.198224,0.627763,1
20230620T101238,20230622T111856,2.0460,121,A4,0.873433,0.838869,1
20230620T101238,20230622T111856,2.0460,122,A4,0.813636,0.311720,1
20230620T101238,20230622T111856,2.0460,123,A4,0.143995,0.283674,0
20230620T101238,20230622T111856,2.0460,124,A4,-0.202476,0.240197,0
20230620T101238,20230622T111856,2.0460,125,A4,0.028702,1.039801,0
20230620T101238,20230622T111856,2.0460,126,A4,-0.021951,0.953213,1
20230620T101238,20230622T111856,2.0460,127,A4,0.009241,0.349061,1
20230620T101238,20230622T111856,2.0460,128,A4,-0.124593,0.016215,1
20230620T101238,20230622T111856,2.0460,130,A5,0.209389,0.098836,1
20230620T101238,20230622T111856,2.0460,132,A5,-0.017271,0.064650,0
20230620T101238,20230622T111856,2.0460,133,A5,0.276497,0.583997,1
20230620T101238,20230622T111856,2.0460,134,A5,0.573894,0.282660,1
20230620T101238,20230622T111856,2.0460,135,A5,0.476414,0.796794,0
20230620T101238,20230622T111856,2.0460,136,A5,-0.024600,0.560712,0
20230620T101238,20230622T111856,2.0460,137,A5,0.706516,0.174629,1
20230620T101238,20230622T111856,2.0460,138,A5,0.218868,0.753557,1
20230620T101238,20230622T111856,2.0460,139,A5,0.819880,0.091570,1
20230620T101238,20230622T111856,2.0460,140,A5,0.803489,0.517633,1
20230620T101238,20230622T111856,2.0460,141,A5,0.476143,0.814357,1
20230620T101238,20230622T111856,2.0460,142,A5,0.266417,1.263365,0
20230620T101238,20230622T111856,2.0460,143,A5,-0.230633,1.187449,0
20230620T101238,20230622T111856,2.0460,144,A5,0.139530,0.529466,1
20230620T101238,20230622T111856,2.0460,145,A5,0.113543,0.266246,1
20230620T101238,20230622T111856,2.0460,146,A5,0.489653,0.969607,1
20230620T101238,20230622T111856,2.0460,147,A5,0.792200,0.032569,1
20230620T101238,20230622T111856,2.0460,148,A5,0.384252,0.521890,1
20230620T101238,20230622T111856,2.0460,149,A5,0.337118,0.201900,1
20230620T101238,20230622T111856,2.0460,150,A5,0.142975,0.160356,0
20230620T101238,20230622T111856,2.0460,151,A5,-0.066335,0.628713,0
20230620T101238,20230622T111856,2.0460,152,A5,0.212187,0.429834,1
20230620T101238,20230622T111856,2.0460,153,A5,0.560172,0.045130,1
20230620T101238,20230622T111856,2.0460,154,A5,0.189489,0.956817,1
20230620T101238,20230622T111856,2.0460,155,A5,-0.278026,0.486758,1
20230620T101238,20230622T111856,2.0460,156,A5,0.697475,0.207338,0
20230620T101238,20230622T111856,2.0460,157,A5,0.033843,0.484558,1
20230620T101238,20230622T111856,2.0460,158,A5,0.176873,0.779932,1
20230620T101238,20230622T111856,2.0460,159,A5,0.156335,0.120673,0
20230620T101238,20230622T111856,2.0460,160,A5,0.237568,0.054020,1
20230620T101238,20230628T101631,8.0027,1,A1,0.255602,0.280861,1
20230620T101238,20230628T101631,8.0027,2,A1,0.185273,0.026588,1
20230620T101238,20230628T101631,8.0027,3,A1,0.029953,0.076621,1
20230620T101238,20230628T101631,8.0027,4,A1,0.022235,0.708753,0
20230620T101238,20230628T101631,8.0027,6,A1,0.039412,1.108137,0
20230620T101238,20230628T101631,8.0027,8,A1,-0.109043,0.633346,1
20230620T101238,20230628T101631,8.0027,9,A1,0.253547,0.172642,1
20230620T101238,20230628T101631,8.0027,10,A1,0.577028,0.089680,1
20230620T101238,20230628T101631,8.0027,11,A1,0.926856,0.181482,0
20230620T101238,20230628T101631,8.0027,12,A1,0.478798,0.239206,0
20230620T101238,20230628T101631,8.0027,13,A1,0.938359,0.030752,0
20230620T101238,20230628T101631,8.0027,14,A1,0.287900,0.977240,1
20230620T101238,20230628T101631,8.0027,15,A1,0.865071,0.089082,1
20230620T101238,20230628T101631,8.0027,17,A1,0.397510,0.341065,0
20230620T101238,20230628T101631,8.0027,18,A1,0.202415,0.289810,1
20230620T101238,20230628T101631,8.0027,19,A1,0.205182,0.165610,1
20230620T101238,20230628T101631,8.0027,21,A1,0.302374,0.197141,0
20230620T101238,20230628T101631,8.0027,22,A1,0.615763,0.615286,1
20230620T101238,20230628T101631,8.0027,23,A1,-0.296237,0.032283,1
20230620T101238,20230628T101631,8.0027,24,A1,0.389395,0.365372,1
20230620T101238,20230628T101631,8.0027,26,A1,0.588867,0.062060,1
20230620T101238,20230628T101631,8.0027,27,A1,0.740138,0.340190,1
20230620T101238,20230628T101631,8.0027,28,A1,0.259509,0.487836,0
20230620T101238,20230628T101631,8.0027,29,A1,0.943712,0.089377,0
20230620T101238,20230628T101631,8.0027,30,A1,0.764151,0.000000,1
20230620T101238,20230628T101631,8.0027,31,A1,0.772210,0.332052,1
20230620T101238,20230628T101631,8.0027,32,A1,0.803250,0.448489,1
20230620T101238,20230628T101631,8.0027,34,A2,0.195576,0.975519,1
20230620T101238,20230628T101631,8.0027,36,A2,-0.038220,0.714094,0
20230620T101238,20230628T101631,8.0027,37,A2,0.147102,0.946895,0
20230620T101238,20230628T101631,8.0027,39,A2,0.254143,0.510253,1
20230620T101238,20230628T101631,8.0027,40,A2,-0.273008,0.910272,1
20230620T101238,20230628T101631,8.0027,41,A2,0.561065,1.169412,0
20230620T101238,20230628T101631,8.0027,42,A2,-0.028809,0.368481,0
20230620T101238,20230628T101631,8.0027,43,A2,0.426278,0.215769,0
20230620T101238,20230628T101631,8.0027,44,A2,0.778888,0.553923,1
20230620T101238,20230628T101631,8.0027,46,A2,0.534584,0.724878,1
20230620T101238,20230628T101631,8.0027,47,A2,0.730219,0.204874,1
20230620T101238,20230628T101631,8.0027,48,A2,0.205742,1.717026,0
20230620T101238,20230628T101631,8.0027,49,A2,-0.163017,0.022277,0
20230620T101238,20230628T101631,8.0027,51,A2,0.361656,0.230485,0
20230620T101238,20230628T101631,8.0027,52,A2,0.073876,1.232896,0
20230620T101238,20230628T101631,8.0027,53,A2,0.078063,0.983870,0
20230620T101238,20230628T101631,8.0027,54,A2,0.107941,0.115400,0
20230620T101238,20230628T101631,8.0027,55,A2,0.073026,0.169017,1
20230620T101238,20230628T101631,8.0027,57,A2,0.270352,0.160638,1
20230620T101238,20230628T101631,8.0027,58,A2,-0.076376,0.068506,1
20230620T101238,20230628T101631,8.0027,59,A2,0.019208,0.141906,1
20230620T101238,20230628T101631,8.0027,60,A2,0.513430,0.099197,1
20230620T101238,20230628T101631,8.0027,61,A2,0.520030,0.731600,0
20230620T101238,20230628T101631,8.0027,62,A2,0.772388,0.550776,1
20230620T101238,20230628T101631,8.0027,63,A2,0.822393,0.052585,1
20230620T101238,20230628T101631,8.0027,64,A2,0.168627,0.597201,1
20230620T101238,20230628T101631,8.0027,65,A3,0.231889,0.841753,1
20230620T101238,20230628T101631,8.0027,66,A3,0.719785,0.289867,0
20230620T101238,20230628T101631,8.0027,69,A3,0.800598,0.837439,1
20230620T101238,20230628T101631,8.0027,70,A3,0.624629,0.023677,1
20230620T101238,20230628T101631,8.0027,71,A3,0.951382,0.458733,1
20230620T101238,20230628T101631,8.0027,72,A3,0.394761,0.003699,1
20230620T101238,20230628T101631,8.0027,73,A3,-0.246942,0.299225,1
20230620T101238,20230628T101631,8.0027,74,A3,0.174043,0.025308,1
20230620T101238,20230628T101631,8.0027,75,A3,0.188180,0.248419,1
20230620T101238,20230628T101631,8.0027,76,A3,0.263556,0.066754,1
20230620T101238,20230628T101631,8.0027,77,A3,0.581745,0.412954,1
20230620T101238,20230628T101631,8.0027,78,A3,0.081684,0.102416,1
20230620T101238,20230628T101631,8.0027,79,A3,0.182093,0.226928,0
20230620T101238,20230628T101631,8.0027,80,A3,0.703448,0.921126,1
20230620T101238,20230628T101631,8.0027,81,A3,0.382526,1.051011,0
20230620T101238,20230628T101631,8.0027,82,A3,0.638879,0.203263,1
20230620T101238,20230628T101631,8.0027,83,A3,-0.219748,0.904746,1
20230620T101238,20230628T101631,8.0027,84,A3,0.630679,0.007022,1
20230620T101238,20230628T101631,8.0027,85,A3,-0.161634,0.137015,1
20230620T101238,20230628T101631,8.0027,86,A3,0.201875,0.238799,0
20230620T101238,20230628T101631,8.0027,87,A3,0.705262,0.403156,1
20230620T101238,20230628T101631,8.0027,88,A3,0.077836,0.209334,1
20230620T101238,20230628T101631,8.0027,89,A3,-0.126695,0.467610,0
20230620T101238,20230628T101631,8.0027,91,A3,0.243112,0.347026,1
20230620T101238,20230628T101631,8.0027,93,A3,0.124125,0.093818,1
20230620T101238,20230628T101631,8.0027,94,A3,0.234377,0.972973,0
20230620T101238,20230628T101631,8.0027,95,A3,0.809118,0.441315,1
20230620T101238,20230628T101631,8.0027,96,A3,0.308440,0.051321,0
20230620T101238,20230628T101631,8.0027,97,A4,0.078663,0.404851,0
20230620T101238,20230628T101631,8.0027,98,A4,0.218044,0.636927,0
20230620T101238,20230628T101631,8.0027,100,A4,0.089672,0.385532,1
20230620T101238,20230628T101631,8.0027,101,A4,-0.089982,0.549684,1
20230620T101238,20230628T101631,8.0027,102,A4,0.177904,0.032675,1
20230620T101238,20230628T101631,8.0027,103,A4,0.336285,0.516624,1
20230620T101238,20230628T101631,8.0027,104,A4,0.168490,0.199735,0
20230620T101238,20230628T101631,8.0027,105,A4,0.307963,0.529718,0
20230620T101238,20230628T101631,8.0027,106,A4,0.429051,0.668427,0
20230620T101238,20230628T101631,8.0027,107,A4,-0.082000,0.734486,0
20230620T101238,20230628T101631,8.0027,108,A4,-0.277569,0.013262,1
20230620T101238,20230628T101631,8.0027,109,A4,0.030645,0.677617,0
20230620T101238,20230628T101631,8.0027,110,A4,0.196013,0.927999,1
20230620T101238,20230628T101631,8.0027,111,A4,-0.188260,0.635537,1
20230620T101238,20230628T101631,8.0027,112,A4,-0.141684,0.094373,1
20230620T101238,20230628T101631,8.0027,114,A4,-0.442551,0.027065,1
20230620T101238,20230628T101631,8.0027,115,A4,-0.075998,0.290204,1
20230620T101238,20230628T101631,8.0027,116,A4,-0.238526,0.534682,0
20230620T101238,20230628T101631,8.0027,118,A4,-0.356193,0.106323,1
20230620T101238,20230628T101631,8.0027,119,A4,-0.169433,0.082967,1
20230620T101238,20230628T101631,8.0027,120,A4,0.027447,1.352682,0
20230620T101238,20230628T101631,8.0027,121,A4,0.829234,0.000000,1
20230620T101238,20230628T101631,8.0027,122,A4,0.821881,0.007781,1
20230620T101238,20230628T101631,8.0027,123,A4,0.060554,0.308368,0
20230620T101238,20230628T101631,8.0027,125,A4,-0.117554,1.056631,0
20230620T101238,20230628T101631,8.0027,126,A4,0.100109,1.128772,0
20230620T101238,20230628T101631,8.0027,127,A4,-0.081479,1.114991,0
20230620T101238,20230628T101631,8.0027,129,A5,0.003417,0.240839,0
20230620T101238,20230628T101631,8.0027,130,A5,0.778078,0.143579,1
20230620T101238,20230628T101631,8.0027,132,A5,0.219233,0.207001,1
20230620T101238,20230628T101631,8.0027,133,A5,0.287371,0.388912,1
20230620T101238,20230628T101631,8.0027,134,A5,0.491669,0.240779,1
20230620T101238,20230628T101631,8.0027,135,A5,0.269395,0.882102,0
20230620T101238,20230628T101631,8.0027,136,A5,0.102371,0.048764,1
20230620T101238,20230628T101631,8.0027,137,A5,0.801525,0.360600,0
20230620T101238,20230628T101631,8.0027,138,A5,0.164563,0.685949,1
20230620T101238,20230628T101631,8.0027,139,A5,0.864111,0.173425,1
20230620T101238,20230628T101631,8.0027,140,A5,0.790636,0.382519,1
20230620T101238,20230628T101631,8.0027,141,A5,0.473904,0.000000,1
20230620T101238,20230628T101631,8.0027,142,A5,0.620228,0.935737,0
20230620T101238,20230628T101631,8.0027,143,A5,0.073638,1.054282,0
20230620T101238,20230628T101631,8.0027,144,A5,-0.236863,0.907703,0
20230620T101238,20230628T101631,8.0027,145,A5,0.152432,0.688535,1
20230620T101238,20230628T101631,8.0027,146,A5,0.555924,0.122776,1
20230620T101238,20230628T101631,8.0027,147,A5,0.832432,0.053339,1
20230620T101238,20230628T101631,8.0027,149,A5,0.203759,1.693772,0
20230620T101238,20230628T101631,8.0027,150,A5,-0.211781,0.122528,1
20230620T101238,20230628T101631,8.0027,151,A5,-0.248633,0.299717,1
20230620T101238,20230628T101631,8.0027,152,A5,0.130808,0.414320,1
20230620T101238,20230628T101631,8.0027,153,A5,0.841071,0.245746,1
20230620T101238,20230628T101631,8.0027,154,A5,-0.098268,1.043183,0
20230620T101238,20230628T101631,8.0027,155,A5,-0.088590,0.060804,1
20230620T101238,20230628T101631,8.0027,157,A5,-0.268588,0.094103,1
20230620T101238,20230628T101631,8.0027,158,A5,0.286429,0.620735,1
20230620T101238,20230628T101631,8.0027,159,A5,-0.043266,0.184750,0
20230620T101238,20230628T101631,8.0027,160,A5,0.011798,1.153302,0
20230620T101238,20230629T100435,8.9944,1,A1,-0.158134,0.367214,1
20230620T101238,20230629T100435,8.9944,4,A1,0.140931,0.692335,0
20230620T101238,20230629T100435,8.9944,6,A1,-0.002164,0.073336,1
20230620T101238,20230629T100435,8.9944,8,A1,-0.190904,0.932310,0
20230620T101238,20230629T100435,8.9944,9,A1,0.253882,0.792914,1
20230620T101238,20230629T100435,8.9944,10,A1,0.378431,0.007729,1
20230620T101238,20230629T100435,8.9944,11,A1,0.900455,0.023423,1
20230620T101238,20230629T100435,8.9944,12,A1,-0.023363,0.035318,1
20230620T101238,20230629T100435,8.9944,13,A1,0.870964,0.020617,0
20230620T101238,20230629T100435,8.9944,14,A1,0.121743,0.736444,1
20230620T101238,20230629T100435,8.9944,15,A1,0.841944,0.166951,1
20230620T101238,20230629T100435,8.9944,17,A1,0.032788,0.377040,0
20230620T101238,20230629T100435,8.9944,18,A1,-0.127784,1.085164,0
20230620T101238,20230629T100435,8.9944,19,A1,-0.017239,0.941835,0
20230620T101238,20230629T100435,8.9944,22,A1,0.749096,1.129227,0
20230620T101238,20230629T100435,8.9944,23,A1,0.182160,0.039090,1
20230620T101238,20230629T100435,8.9944,24,A1,0.208866,0.411113,1
20230620T101238,20230629T100435,8.9944,26,A1,0.378738,0.030030,1
20230620T101238,20230629T100435,8.9944,27,A1,0.066549,0.048943,1
20230620T101238,20230629T100435,8.9944,28,A1,0.345416,0.538344,1
20230620T101238,20230629T100435,8.9944,29,A1,0.910375,0.774624,0
20230620T101238,20230629T100435,8.9944,30,A1,0.845992,0.000000,1
20230620T101238,20230629T100435,8.9944,31,A1,0.381203,0.630339,1
20230620T101238,20230629T100435,8.9944,32,A1,0.851015,0.128217,1
20230620T101238,20230629T100435,8.9944,36,A2,0.027208,0.427811,0
20230620T101238,20230629T100435,8.9944,37,A2,-0.006664,0.058976,1
20230620T101238,20230629T100435,8.9944,39,A2,0.261823,0.797450,1
20230620T101238,20230629T100435,8.9944,40,A2,-0.475196,0.745282,1
20230620T101238,20230629T100435,8.9944,41,A2,0.463381,0.487654,1
20230620T101238,20230629T100435,8.9944,42,A2,0.150276,0.043249,1
20230620T101238,20230629T100435,8.9944,43,A2,0.185544,0.974046,1
20230620T101238,20230629T100435,8.9944,44,A2,0.433369,0.259680,1
20230620T101238,20230629T100435,8.9944,46,A2,0.235915,0.148147,0
20230620T101238,20230629T100435,8.9944,47,A2,0.747557,0.378397,1
20230620T101238,20230629T100435,8.9944,48,A2,0.070712,0.645244,1
20230620T101238,20230629T100435,8.9944,49,A2,-0.048765,0.024469,0
20230620T101238,20230629T100435,8.9944,50,A2,-0.032514,0.402568,1
20230620T101238,20230629T100435,8.9944,53,A2,0.241058,0.885980,1
20230620T101238,20230629T100435,8.9944,54,A2,-0.097013,0.026059,0
20230620T101238,20230629T100435,8.9944,55,A2,0.073443,0.581754,0
20230620T101238,20230629T100435,8.9944,57,A2,-0.053284,0.158397,0
20230620T101238,20230629T100435,8.9944,58,A2,-0.136484,0.556736,0
20230620T101238,20230629T100435,8.9944,59,A2,-0.158272,0.249653,0
20230620T101238,20230629T100435,8.9944,60,A2,0.431723,0.718041,1
20230620T101238,20230629T100435,8.9944,61,A2,0.428123,0.164124,0
20230620T101238,20230629T100435,8.9944,62,A2,0.815176,0.136558,1
20230620T101238,20230629T100435,8.9944,63,A2,0.741098,0.794122,0
20230620T101238,20230629T100435,8.9944,64,A2,-0.033988,0.793359,1
20230620T101238,20230629T100435,8.9944,67,A3,0.694022,1.018006,0
20230620T101238,20230629T100435,8.9944,69,A3,0.519973,0.542166,1
20230620T101238,20230629T100435,8.9944,70,A3,0.576974,0.090190,1
20230620T101238,20230629T100435,8.9944,71,A3,0.888897,0.950176,0
20230620T101238,20230629T100435,8.9944,72,A3,0.230703,0.829115,0
20230620T101238,20230629T100435,8.9944,74,A3,0.168875,0.038821,1
20230620T101238,20230629T100435,8.9944,75,A3,-0.132796,0.776122,0
20230620T101238,20230629T100435,8.9944,76,A3,0.227904,0.006586,1
20230620T101238,20230629T100435,8.9944,77,A3,0.414306,1.517038,0
20230620T101238,20230629T100435,8.9944,78,A3,-0.121579,0.317932,0
20230620T101238,20230629T100435,8.9944,80,A3,0.810080,0.738213,1
20230620T101238,20230629T100435,8.9944,81,A3,0.221440,0.996508,1
20230620T101238,20230629T100435,8.9944,82,A3,0.583856,0.073312,1
20230620T101238,20230629T100435,8.9944,83,A3,0.068099,0.760332,1
20230620T101238,20230629T100435,8.9944,84,A3,-0.044212,0.060989,1
20230620T101238,20230629T100435,8.9944,85,A3,0.215039,0.698258,0
20230620T101238,20230629T100435,8.9944,86,A3,0.036620,0.034620,0
20230620T101238,20230629T100435,8.9944,87,A3,0.252087,0.949678,0
20230620T101238,20230629T100435,8.9944,88,A3,-0.038741,1.422872,0
20230620T101238,20230629T100435,8.9944,90,A3,0.064005,0.151373,1
20230620T101238,20230629T100435,8.9944,91,A3,0.006573,1.079192,0
20230620T101238,20230629T100435,8.9944,93,A3,0.056755,0.441334,0
20230620T101238,20230629T100435,8.9944,95,A3,0.628556,0.259552,1
20230620T101238,20230629T100435,8.9944,97,A4,0.356185,0.087006,0
20230620T101238,20230629T100435,8.9944,98,A4,0.147087,0.632559,0
20230620T101238,20230629T100435,8.9944,100,A4,0.037850,0.472989,0
20230620T101238,20230629T100435,8.9944,101,A4,-0.195970,0.594719,1
20230620T101238,20230629T100435,8.9944,102,A4,-0.048081,0.142139,1
20230620T101238,20230629T100435,8.9944,103,A4,0.198800,0.033565,1
20230620T101238,20230629T100435,8.9944,104,A4,-0.073284,1.047255,0
20230620T101238,20230629T100435,8.9944,106,A4,-0.140081,0.030269,0
20230620T101238,20230629T100435,8.9944,107,A4,-0.152735,0.392828,0
20230620T101238,20230629T100435,8.9944,108,A4,0.108498,0.126444,1
20230620T101238,20230629T100435,8.9944,109,A4,0.191089,0.370077,1
20230620T101238,20230629T100435,8.9944,110,A4,0.260349,0.576142,0
20230620T101238,20230629T100435,8.9944,111,A4,0.307585,0.309556,1
20230620T101238,20230629T100435,8.9944,112,A4,0.019253,0.863021,1
20230620T101238,20230629T100435,8.9944,114,A4,-0.309355,0.011421,1
20230620T101238,20230629T100435,8.9944,115,A4,0.246981,0.395454,0
20230620T101238,20230629T100435,8.9944,116,A4,-0.141509,0.520431,0
20230620T101238,20230629T100435,8.9944,118,A4,-0.285505,0.301051,0
20230620T101238,20230629T100435,8.9944,119,A4,0.480124,0.955005,1
20230620T101238,20230629T100435,8.9944,120,A4,-0.118649,0.386472,0
20230620T101238,20230629T100435,8.9944,121,A4,0.623636,0.744254,1
20230620T101238,20230629T100435,8.9944,122,A4,0.741270,0.387581,1
20230620T101238,20230629T100435,8.9944,123,A4,0.149506,0.062465,1
20230620T101238,20230629T100435,8.9944,124,A4,-0.119940,0.140914,1
20230620T101238,20230629T100435,8.9944,125,A4,0.112174,1.059804,0
20230620T101238,20230629T100435,8.9944,126,A4,-0.222543,1.148257,0
20230620T101238,20230629T100435,8.9944,127,A4,0.183536,0.105873,1
20230620T101238,20230629T100435,8.9944,128,A4,-0.107543,0.002231,1
20230620T101238,20230629T100435,8.9944,129,A5,-0.211409,0.602073,0
20230620T101238,20230629T100435,8.9944,130,A5,0.732081,0.355183,1
20230620T101238,20230629T100435,8.9944,133,A5,0.006964,0.139628,1
20230620T101238,20230629T100435,8.9944,134,A5,0.090452,0.305726,1
20230620T101238,20230629T100435,8.9944,135,A5,0.047403,0.696760,0
20230620T101238,20230629T100435,8.9944,136,A5,0.294238,0.523192,1
20230620T101238,20230629T100435,8.9944,137,A5,0.799114,0.188976,1
20230620T101238,20230629T100435,8.9944,138,A5,0.124469,0.657932,1
20230620T101238,20230629T100435,8.9944,141,A5,0.518481,0.916089,1
20230620T101238,20230629T100435,8.9944,142,A5,0.303167,0.819474,1
20230620T101238,20230629T100435,8.9944,143,A5,0.024687,0.000000,1
20230620T101238,20230629T100435,8.9944,144,A5,0.139709,0.701430,1
20230620T101238,20230629T100435,8.9944,145,A5,0.381248,0.088125,1
20230620T101238,20230629T100435,8.9944,146,A5,0.325050,0.226948,1
20230620T101238,20230629T100435,8.9944,147,A5,0.867706,0.032262,1
20230620T101238,20230629T100435,8.9944,149,A5,0.002119,0.790815,1
20230620T101238,20230629T100435,8.9944,150,A5,0.202239,0.143037,0
20230620T101238,20230629T100435,8.9944,151,A5,-0.007460,0.537588,0
20230620T101238,20230629T100435,8.9944,152,A5,0.302220,0.540987,1
20230620T101238,20230629T100435,8.9944,153,A5,0.446127,0.215503,0
20230620T101238,20230629T100435,8.9944,156,A5,0.171318,0.082293,0
20230620T101238,20230629T100435,8.9944,157,A5,-0.105290,0.035055,0
20230620T101238,20230629T100435,8.9944,158,A5,-0.178250,1.465152,0
20230620T101238,20230629T100435,8.9944,160,A5,0.247555,0.125998,1
20230620T101238,20230703T122644,13.0931,1,A1,0.447387,0.384753,1
20230620T101238,20230703T122644,13.0931,3,A1,0.405673,0.161512,1
20230620T101238,20230703T122644,13.0931,4,A1,0.044214,0.618915,1
20230620T101238,20230703T122644,13.0931,6,A1,0.131212,0.105060,1
20230620T101238,20230703T122644,13.0931,9,A1,0.342545,0.286866,0
20230620T101238,20230703T122644,13.0931,10,A1,0.603759,0.075923,1
20230620T101238,20230703T122644,13.0931,11,A1,0.867254,0.155217,0
20230620T101238,20230703T122644,13.0931,12,A1,0.418152,0.824087,0
20230620T101238,20230703T122644,13.0931,13,A1,0.856886,0.183737,0
20230620T101238,20230703T122644,13.0931,14,A1,0.386792,1.056128,0
20230620T101238,20230703T122644,13.0931,15,A1,0.695605,1.069497,0
20230620T101238,20230703T122644,13.0931,17,A1,0.213412,0.389875,0
20230620T101238,20230703T122644,13.0931,18,A1,0.418061,0.663102,1
20230620T101238,20230703T122644,13.0931,19,A1,0.199279,0.106672,1
20230620T101238,20230703T122644,13.0931,21,A1,0.000997,0.223304,0
20230620T101238,20230703T122644,13.0931,22,A1,0.736346,0.983820,1
20230620T101238,20230703T122644,13.0931,23,A1,0.466543,0.055805,1
20230620T101238,20230703T122644,13.0931,24,A1,0.124178,0.403464,1
20230620T101238,20230703T122644,13.0931,26,A1,0.486974,0.098844,0
20230620T101238,20230703T122644,13.0931,27,A1,0.612340,0.389040,1
20230620T101238,20230703T122644,13.0931,28,A1,0.516383,0.412160,1
20230620T101238,20230703T122644,13.0931,29,A1,0.889573,0.175335,0
20230620T101238,20230703T122644,13.0931,30,A1,0.883980,0.000000,1
20230620T101238,20230703T122644,13.0931,31,A1,0.584571,0.590088,1
20230620T101238,20230703T122644,13.0931,32,A1,0.787320,0.221949,1
20230620T101238,20230703T122644,13.0931,34,A2,0.050364,0.958436,1
20230620T101238,20230703T122644,13.0931,36,A2,-0.203102,0.687724,1
20230620T101238,20230703T122644,13.0931,37,A2,-0.167114,0.782526,1
20230620T101238,20230703T122644,13.0931,39,A2,0.057976,0.629013,1
20230620T101238,20230703T122644,13.0931,40,A2,0.049319,1.112174,0
20230620T101238,20230703T122644,13.0931,41,A2,0.444833,1.115361,0
20230620T101238,20230703T122644,13.0931,42,A2,-0.023718,0.668547,0
20230620T101238,20230703T122644,13.0931,43,A2,0.089090,0.361165,1
20230620T101238,20230703T122644,13.0931,44,A2,0.825342,0.432951,1
20230620T101238,20230703T122644,13.0931,45,A2,0.388310,0.809974,0
20230620T101238,20230703T122644,13.0931,46,A2,0.283805,0.011400,1
20230620T101238,20230703T122644,13.0931,47,A2,0.582754,0.112907,1
20230620T101238,20230703T122644,13.0931,49,A2,-0.237692,0.025142,0
20230620T101238,20230703T122644,13.0931,50,A2,-0.142317,0.116021,1
20230620T101238,20230703T122644,13.0931,51,A2,0.253115,0.040498,1
20230620T101238,20230703T122644,13.0931,52,A2,0.327389,0.230717,1
20230620T101238,20230703T122644,13.0931,53,A2,0.065192,0.907125,1
20230620T101238,20230703T122644,13.0931,55,A2,0.189598,0.112450,1
20230620T101238,20230703T122644,13.0931,57,A2,0.264801,0.066771,1
20230620T101238,20230703T122644,13.0931,58,A2,0.204505,0.052758,1
20230620T101238,20230703T122644,13.0931,59,A2,0.171114,0.310635,0
20230620T101238,20230703T122644,13.0931,60,A2,-0.054174,0.283499,1
20230620T101238,20230703T122644,13.0931,62,A2,0.711923,0.238903,1
20230620T101238,20230703T122644,13.0931,63,A2,0.754040,0.387572,0
20230620T101238,20230703T122644,13.0931,64,A2,0.050381,0.000000,1
20230620T101238,20230703T122644,13.0931,65,A3,0.112600,0.841753,1
20230620T101238,20230703T122644,13.0931,66,A3,0.531220,0.026454,0
20230620T101238,20230703T122644,13.0931,69,A3,0.499857,0.160562,1
20230620T101238,20230703T122644,13.0931,70,A3,0.378044,0.469944,0
20230620T101238,20230703T122644,13.0931,72,A3,0.116475,0.026539,0
20230620T101238,20230703T122644,13.0931,73,A3,0.169888,0.402252,0
20230620T101238,20230703T122644,13.0931,74,A3,-0.121541,0.875987,0
20230620T101238,20230703T122644,13.0931,75,A3,0.043536,0.155923,1
20230620T101238,20230703T122644,13.0931,76,A3,0.420891,0.130911,1
20230620T101238,20230703T122644,13.0931,77,A3,0.672191,0.421376,1
20230620T101238,20230703T122644,13.0931,78,A3,0.207266,0.513638,1
20230620T101238,20230703T122644,13.0931,79,A3,-0.221390,0.057662,0
20230620T101238,20230703T122644,13.0931,80,A3,0.760042,0.718874,1
20230620T101238,20230703T122644,13.0931,81,A3,0.244094,1.961329,0
20230620T101238,20230703T122644,13.0931,82,A3,0.391715,0.203263,1
20230620T101238,20230703T122644,13.0931,84,A3,0.405123,0.157669,0
20230620T101238,20230703T122644,13.0931,85,A3,-0.474548,0.476587,1
20230620T101238,20230703T122644,13.0931,86,A3,0.378079,0.002741,1
20230620T101238,20230703T122644,13.0931,87,A3,0.509818,0.295543,1
20230620T101238,20230703T122644,13.0931,88,A3,0.048368,0.286677,1
20230620T101238,20230703T122644,13.0931,89,A3,0.127976,0.450225,1
20230620T101238,20230703T122644,13.0931,90,A3,0.078481,0.227453,1
20230620T101238,20230703T122644,13.0931,91,A3,-0.026489,2.000000,0
20230620T101238,20230703T122644,13.0931,93,A3,-0.042406,0.402234,1
20230620T101238,20230703T122644,13.0931,94,A3,0.099061,1.556630,0
20230620T101238,20230703T122644,13.0931,95,A3,0.548180,0.880775,1
20230620T101238,20230703T122644,13.0931,97,A4,0.128931,0.157958,0
20230620T101238,20230703T122644,13.0931,98,A4,0.304529,0.171514,1
20230620T101238,20230703T122644,13.0931,99,A4,-0.064030,0.327956,1
20230620T101238,20230703T122644,13.0931,100,A4,-0.272110,0.556124,0
20230620T101238,20230703T122644,13.0931,101,A4,-0.218581,0.630773,0
20230620T101238,20230703T122644,13.0931,102,A4,-0.089156,0.452374,1
20230620T101238,20230703T122644,13.0931,103,A4,0.047501,0.004712,1
20230620T101238,20230703T122644,13.0931,104,A4,-0.189396,0.700215,0
20230620T101238,20230703T122644,13.0931,105,A4,0.473508,0.491425,0
20230620T101238,20230703T122644,13.0931,106,A4,-0.341698,0.688898,1
20230620T101238,20230703T122644,13.0931,107,A4,-0.134476,0.391161,0
20230620T101238,20230703T122644,13.0931,108,A4,-0.051061,0.186908,1
20230620T101238,20230703T122644,13.0931,109,A4,0.004305,0.303389,1
20230620T101238,20230703T122644,13.0931,110,A4,0.219925,0.113578,0
20230620T101238,20230703T122644,13.0931,111,A4,-0.144038,0.434998,0
20230620T101238,20230703T122644,13.0931,112,A4,-0.145374,0.080936,1
20230620T101238,20230703T122644,13.0931,114,A4,0.258103,0.032730,0
20230620T101238,20230703T122644,13.0931,116,A4,0.142850,0.484391,1
20230620T101238,20230703T122644,13.0931,118,A4,0.018298,0.341476,0
20230620T101238,20230703T122644,13.0931,119,A4,-0.317498,0.418702,1
20230620T101238,20230703T122644,13.0931,121,A4,0.774266,0.234216,1
20230620T101238,20230703T122644,13.0931,122,A4,0.837952,0.224512,1
20230620T101238,20230703T122644,13.0931,123,A4,0.106506,0.089655,1
20230620T101238,20230703T122644,13.0931,124,A4,0.229149,0.069739,1
20230620T101238,20230703T122644,13.0931,125,A4,0.046343,1.056482,0
20230620T101238,20230703T122644,13.0931,126,A4,0.177076,1.384421,0
20230620T101238,20230703T122644,13.0931,127,A4,-0.196275,0.302604,0
20230620T101238,20230703T122644,13.0931,128,A4,0.106416,0.642811,1
20230620T101238,20230703T122644,13.0931,130,A5,0.624903,0.966903,0
20230620T101238,20230703T122644,13.0931,132,A5,-0.015365,0.998579,1
20230620T101238,20230703T122644,13.0931,133,A5,-0.212354,0.660725,0
20230620T101238,20230703T122644,13.0931,134,A5,0.430603,0.248965,1
20230620T101238,20230703T122644,13.0931,135,A5,0.228228,0.628819,1
20230620T101238,20230703T122644,13.0931,136,A5,0.324671,1.044265,0
20230620T101238,20230703T122644,13.0931,137,A5,0.769204,0.146224,1
20230620T101238,20230703T122644,13.0931,138,A5,0.554448,0.916708,1
20230620T101238,20230703T122644,13.0931,139,A5,0.810936,0.173425,1
20230620T101238,20230703T122644,13.0931,140,A5,0.603027,0.846797,0
20230620T101238,20230703T122644,13.0931,141,A5,0.317067,0.945996,1
20230620T101238,20230703T122644,13.0931,142,A5,0.090794,1.839787,0
20230620T101238,20230703T122644,13.0931,143,A5,-0.142007,1.047278,0
20230620T101238,20230703T122644,13.0931,144,A5,0.110117,0.755796,0
20230620T101238,20230703T122644,13.0931,145,A5,-0.040223,0.292730,1
20230620T101238,20230703T122644,13.0931,146,A5,0.373692,0.300101,1
20230620T101238,20230703T122644,13.0931,147,A5,0.896924,0.704538,1
20230620T101238,20230703T122644,13.0931,149,A5,0.519504,0.752548,1
20230620T101238,20230703T122644,13.0931,150,A5,-0.094731,0.170099,0
20230620T101238,20230703T122644,13.0931,151,A5,0.070965,0.353491,0
20230620T101238,20230703T122644,13.0931,152,A5,0.157831,1.568753,0
20230620T101238,20230703T122644,13.0931,153,A5,0.740009,0.022384,1
20230620T101238,20230703T122644,13.0931,154,A5,0.076306,0.026263,1
20230620T101238,20230703T122644,13.0931,155,A5,-0.004620,1.939196,0
20230620T101238,20230703T122644,13.0931,156,A5,0.112740,0.500834,1
20230620T101238,20230703T122644,13.0931,157,A5,0.492938,0.048337,1
20230620T101238,20230703T122644,13.0931,158,A5,0.107595,1.221408,0
20230620T101238,20230703T122644,13.0931,159,A5,-0.091843,0.422727,1
20230620T101238,20230703T122644,13.0931,160,A5,-0.204345,0.220987,0
20230621T100721,20230622T111856,1.0497,1,A1,-0.165036,1.138050,0
20230621T100721,20230622T111856,1.0497,2,A1,-0.137704,0.032605,1
20230621T100721,20230622T111856,1.0497,3,A1,0.414197,0.006361,1
20230621T100721,20230622T111856,1.0497,4,A1,0.247221,0.620653,1
20230621T100721,20230622T111856,1.0497,6,A1,0.275261,0.063764,0
20230621T100721,20230622T111856,1.0497,8,A1,0.167724,0.000000,1
20230621T100721,20230622T111856,1.0497,9,A1,0.552484,0.147128,1
20230621T100721,20230622T111856,1.0497,10,A1,0.606373,0.537603,1
20230621T100721,20230622T111856,1.0497,11,A1,0.883149,0.986265,1
20230621T100721,20230622T111856,1.0497,12,A1,0.484954,1.262142,0
20230621T100721,20230622T111856,1.0497,13,A1,0.938329,0.055286,0
20230621T100721,20230622T111856,1.0497,14,A1,-0.090730,0.245480,1
20230621T100721,20230622T111856,1.0497,15,A1,0.567916,0.109636,1
20230621T100721,20230622T111856,1.0497,17,A1,0.397645,0.286334,1
20230621T100721,20230622T111856,1.0497,18,A1,0.396864,0.833342,1
20230621T100721,20230622T111856,1.0497,19,A1,0.473461,0.402636,1
20230621T100721,20230622T111856,1.0497,20,A1,0.442134,0.077861,0
20230621T100721,20230622T111856,1.0497,21,A1,0.305513,0.813651,1
20230621T100721,20230622T111856,1.0497,22,A1,0.799476,0.268995,1
20230621T100721,20230622T111856,1.0497,23,A1,0.085517,0.520763,1
20230621T100721,20230622T111856,1.0497,24,A1,0.468195,0.458616,1
20230621T100721,20230622T111856,1.0497,26,A1,0.725012,0.033474,1
20230621T100721,20230622T111856,1.0497,27,A1,0.453856,0.037690,1
20230621T100721,20230622T111856,1.0497,28,A1,-0.060198,0.982204,1
20230621T100721,20230622T111856,1.0497,29,A1,0.882917,0.310974,0
20230621T100721,20230622T111856,1.0497,30,A1,0.813198,0.001560,1
20230621T100721,20230622T111856,1.0497,31,A1,0.573481,0.517992,0
20230621T100721,20230622T111856,1.0497,32,A1,0.823107,0.424316,1
20230621T100721,20230622T111856,1.0497,33,A2,0.029798,0.125842,1
20230621T100721,20230622T111856,1.0497,34,A2,-0.091044,1.036662,0
20230621T100721,20230622T111856,1.0497,36,A2,0.152819,0.937826,1
20230621T100721,20230622T111856,1.0497,37,A2,-0.098918,0.088259,0
20230621T100721,20230622T111856,1.0497,39,A2,0.236215,0.025964,1
20230621T100721,20230622T111856,1.0497,40,A2,-0.064088,0.058145,1
20230621T100721,20230622T111856,1.0497,41,A2,0.825612,0.453104,1
20230621T100721,20230622T111856,1.0497,42,A2,-0.086945,0.252452,1
20230621T100721,20230622T111856,1.0497,43,A2,0.501942,0.384274,0
20230621T100721,20230622T111856,1.0497,44,A2,0.801454,0.288691,1
20230621T100721,20230622T111856,1.0497,45,A2,0.429514,0.947169,1
20230621T100721,20230622T111856,1.0497,46,A2,0.509055,0.344576,1
20230621T100721,20230622T111856,1.0497,47,A2,0.722353,0.000000,1
20230621T100721,20230622T111856,1.0497,48,A2,0.085209,0.166549,1
20230621T100721,20230622T111856,1.0497,49,A2,-0.173585,0.839274,0
20230621T100721,20230622T111856,1.0497,50,A2,0.157548,0.665038,0
20230621T100721,20230622T111856,1.0497,51,A2,0.212014,0.088365,1
20230621T100721,20230622T111856,1.0497,52,A2,0.036236,1.010166,0
20230621T100721,20230622T111856,1.0497,53,A2,0.249585,0.395734,0
20230621T100721,20230622T111856,1.0497,54,A2,0.139431,0.446001,1
20230621T100721,20230622T111856,1.0497,55,A2,-0.088205,0.153550,1
20230621T100721,20230622T111856,1.0497,57,A2,0.172144,0.177881,1
20230621T100721,20230622T111856,1.0497,58,A2,-0.244227,0.487965,0
20230621T100721,20230622T111856,1.0497,59,A2,-0.124671,0.213469,0
20230621T100721,20230622T111856,1.0497,60,A2,0.083718,0.529290,0
20230621T100721,20230622T111856,1.0497,62,A2,0.932947,0.033371,1
20230621T100721,20230622T111856,1.0497,63,A2,0.837716,0.052465,1
20230621T100721,20230622T111856,1.0497,64,A2,0.811719,0.167594,1
20230621T100721,20230622T111856,1.0497,65,A3,0.302578,0.679467,1
20230621T100721,20230622T111856,1.0497,66,A3,0.854027,0.131654,1
20230621T100721,20230622T111856,1.0497,67,A3,0.373800,0.665139,1
20230621T100721,20230622T111856,1.0497,69,A3,0.794085,0.656460,1
20230621T100721,20230622T111856,1.0497,70,A3,0.712016,1.485867,0
20230621T100721,20230622T111856,1.0497,71,A3,0.971755,0.099257,1
20230621T100721,20230622T111856,1.0497,72,A3,0.081128,0.123484,0
20230621T100721,20230622T111856,1.0497,73,A3,-0.217689,0.585941,1
20230621T100721,20230622T111856,1.0497,74,A3,-0.187707,0.848343,1
20230621T100721,20230622T111856,1.0497,75,A3,0.459977,0.760113,1
20230621T100721,20230622T111856,1.0497,76,A3,0.584372,0.324264,0
20230621T100721,20230622T111856,1.0497,77,A3,0.731355,0.027090,1
20230621T100721,20230622T111856,1.0497,78,A3,0.050196,0.284100,1
20230621T100721,20230622T111856,1.0497,79,A3,-0.320565,0.006723,1
20230621T100721,20230622T111856,1.0497,80,A3,0.360621,0.004498,1
20230621T100721,20230622T111856,1.0497,81,A3,0.502207,0.113071,1
20230621T100721,20230622T111856,1.0497,82,A3,0.803249,0.000000,1
20230621T100721,20230622T111856,1.0497,83,A3,-0.183306,0.485750,1
20230621T100721,20230622T111856,1.0497,84,A3,0.628151,0.815335,1
20230621T100721,20230622T111856,1.0497,85,A3,0.773325,0.645477,0
20230621T100721,20230622T111856,1.0497,86,A3,-0.261791,0.214096,1
20230621T100721,20230622T111856,1.0497,87,A3,0.732691,0.088000,1
20230621T100721,20230622T111856,1.0497,88,A3,0.340526,0.151959,0
20230621T100721,20230622T111856,1.0497,89,A3,0.205166,0.431602,1
20230621T100721,20230622T111856,1.0497,90,A3,0.284763,0.369988,0
20230621T100721,20230622T111856,1.0497,91,A3,0.213599,0.990329,1
20230621T100721,20230622T111856,1.0497,93,A3,0.186759,0.288814,1
20230621T100721,20230622T111856,1.0497,94,A3,0.417212,0.100608,1
20230621T100721,20230622T111856,1.0497,95,A3,0.367273,0.145656,1
20230621T100721,20230622T111856,1.0497,96,A3,0.349688,0.117723,1
20230621T100721,20230622T111856,1.0497,97,A4,-0.033762,0.170081,0
20230621T100721,20230622T111856,1.0497,98,A4,0.462340,0.442945,0
20230621T100721,20230622T111856,1.0497,99,A4,0.408818,0.080988,0
20230621T100721,20230622T111856,1.0497,100,A4,-0.012164,0.276142,0
20230621T100721,20230622T111856,1.0497,101,A4,-0.028813,0.222130,0
20230621T100721,20230622T111856,1.0497,102,A4,0.055128,0.118901,1
20230621T100721,20230622T111856,1.0497,103,A4,0.049355,0.434613,0
20230621T100721,20230622T111856,1.0497,104,A4,0.219939,0.060634,1
20230621T100721,20230622T111856,1.0497,105,A4,0.256138,0.030301,1
20230621T100721,20230622T111856,1.0497,106,A4,-0.131010,0.536343,1
20230621T100721,20230622T111856,1.0497,107,A4,-0.216323,0.593570,0
20230621T100721,20230622T111856,1.0497,108,A4,-0.131109,1.633497,0
20230621T100721,20230622T111856,1.0497,109,A4,-0.064046,0.056466,1
20230621T100721,20230622T111856,1.0497,110,A4,0.226358,0.085196,1
20230621T100721,20230622T111856,1.0497,111,A4,-0.027129,1.095591,0
20230621T100721,20230622T111856,1.0497,112,A4,-0.095229,1.084738,0
20230621T100721,20230622T111856,1.0497,113,A4,-0.275593,0.002059,1
20230621T100721,20230622T111856,1.0497,114,A4,-0.255614,0.070228,1
20230621T100721,20230622T111856,1.0497,115,A4,-0.141527,0.117762,1
20230621T100721,20230622T111856,1.0497,118,A4,0.226540,0.290731,0
20230621T100721,20230622T111856,1.0497,119,A4,-0.008234,0.084651,1
20230621T100721,20230622T111856,1.0497,120,A4,0.065954,0.019556,1
20230621T100721,20230622T111856,1.0497,121,A4,0.736179,0.199653,1
20230621T100721,20230622T111856,1.0497,122,A4,0.697696,0.311720,1
20230621T100721,20230622T111856,1.0497,123,A4,0.204763,0.128381,1
20230621T100721,20230622T111856,1.0497,124,A4,-0.083051,0.185826,1
20230621T100721,20230622T111856,1.0497,125,A4,0.139382,0.945455,1
20230621T100721,20230622T111856,1.0497,126,A4,-0.073135,0.145837,1
20230621T100721,20230622T111856,1.0497,128,A4,0.028179,0.962658,1
20230621T100721,20230622T111856,1.0497,130,A5,-0.197886,0.981639,1
20230621T100721,20230622T111856,1.0497,132,A5,0.387825,0.069052,0
20230621T100721,20230622T111856,1.0497,133,A5,-0.238895,0.829909,0
20230621T100721,20230622T111856,1.0497,134,A5,0.682975,0.224222,1
20230621T100721,20230622T111856,1.0497,135,A5,0.361532,1.425613,0
20230621T100721,20230622T111856,1.0497,136,A5,0.106085,0.469035,1
20230621T100721,20230622T111856,1.0497,137,A5,0.682214,0.072972,1
20230621T100721,20230622T111856,1.0497,138,A5,0.613023,0.145313,1
20230621T100721,20230622T111856,1.0497,139,A5,0.849444,0.081854,1
20230621T100721,20230622T111856,1.0497,140,A5,0.727037,0.094504,1
20230621T100721,20230622T111856,1.0497,141,A5,0.368549,0.233887,1
20230621T100721,20230622T111856,1.0497,142,A5,0.416372,0.576422,1
20230621T100721,20230622T111856,1.0497,143,A5,-0.016510,1.187449,0
20230621T100721,20230622T111856,1.0497,144,A5,0.301662,0.652131,0
20230621T100721,20230622T111856,1.0497,145,A5,0.378892,0.589631,0
20230621T100721,20230622T111856,1.0497,146,A5,0.554992,0.571340,1
20230621T100721,20230622T111856,1.0497,147,A5,0.812492,0.142040,1
20230621T100721,20230622T111856,1.0497,148,A5,0.477960,0.223995,1
20230621T100721,20230622T111856,1.0497,149,A5,0.139795,0.994335,1
20230621T100721,20230622T111856,1.0497,150,A5,0.210499,0.017352,1
20230621T100721,20230622T111856,1.0497,151,A5,-0.177826,0.418915,0
20230621T100721,20230622T111856,1.0497,152,A5,0.352115,0.012529,1
20230621T100721,20230622T111856,1.0497,153,A5,0.575601,0.111887,1
20230621T100721,20230622T111856,1.0497,154,A5,-0.188806,1.070530,0
20230621T100721,20230622T111856,1.0497,155,A5,-0.149955,0.552608,0
20230621T100721,20230622T111856,1.0497,157,A5,0.156165,0.732408,0
20230621T100721,20230622T111856,1.0497,158,A5,0.182132,0.187586,1
20230621T100721,20230622T111856,1.0497,159,A5,-0.082835,0.453240,0
20230621T100721,20230622T111856,1.0497,160,A5,-0.015662,0.001643,1
20230621T100721,20230628T101631,7.0064,1,A1,0.036435,1.124935,0
20230621T100721,20230628T101631,7.0064,2,A1,-0.075741,0.035940,1
20230621T100721,20230628T101631,7.0064,3,A1,-0.008686,0.083311,0
20230621T100721,20230628T101631,7.0064,4,A1,0.012657,0.101266,0
20230621T100721,20230628T101631,7.0064,6,A1,0.319711,0.978543,1
20230621T100721,20230628T101631,7.0064,8,A1,0.212931,0.714222,1
20230621T100721,20230628T101631,7.0064,9,A1,0.374958,0.308148,1
20230621T100721,20230628T101631,7.0064,10,A1,0.645966,0.173448,1
20230621T100721,20230628T101631,7.0064,11,A1,0.960872,0.131646,1
20230621T100721,20230628T101631,7.0064,12,A1,0.583258,0.348288,0
20230621T100721,20230628T101631,7.0064,13,A1,0.950098,0.006446,1
20230621T100721,20230628T101631,7.0064,14,A1,-0.184285,0.007332,1
20230621T100721,20230628T101631,7.0064,15,A1,0.826678,0.218289,1
20230621T100721,20230628T101631,7.0064,17,A1,0.112082,0.059635,0
20230621T100721,20230628T101631,7.0064,18,A1,0.437623,0.676218,1
20230621T100721,20230628T101631,7.0064,19,A1,0.289108,0.272282,1
20230621T100721,20230628T101631,7.0064,21,A1,0.264615,0.092153,0
20230621T100721,20230628T101631,7.0064,22,A1,0.614823,0.230616,1
20230621T100721,20230628T101631,7.0064,23,A1,0.195672,0.093200,1
20230621T100721,20230628T101631,7.0064,24,A1,0.308068,0.543937,1
20230621T100721,20230628T101631,7.0064,26,A1,0.658060,0.077286,0
20230621T100721,20230628T101631,7.0064,27,A1,0.766863,0.450137,0
20230621T100721,20230628T101631,7.0064,28,A1,0.169186,0.008384,1
20230621T100721,20230628T101631,7.0064,29,A1,0.930388,0.129729,0
20230621T100721,20230628T101631,7.0064,30,A1,0.736817,0.000000,1
20230621T100721,20230628T101631,7.0064,31,A1,0.568642,0.000350,1
20230621T100721,20230628T101631,7.0064,32,A1,0.896407,0.424316,1
20230621T100721,20230628T101631,7.0064,33,A2,-0.282108,0.146655,1
20230621T100721,20230628T101631,7.0064,34,A2,-0.385839,0.975519,1
20230621T100721,20230628T101631,7.0064,36,A2,0.082686,0.463992,0
20230621T100721,20230628T101631,7.0064,37,A2,0.039547,0.083452,1
20230621T100721,20230628T101631,7.0064,39,A2,-0.198110,0.641002,0
20230621T100721,20230628T101631,7.0064,40,A2,0.091119,0.121021,0
20230621T100721,20230628T101631,7.0064,41,A2,0.587357,0.817466,0
20230621T100721,20230628T101631,7.0064,42,A2,-0.251773,0.293679,1
20230621T100721,20230628T101631,7.0064,43,A2,0.488846,0.165410,1
20230621T100721,20230628T101631,7.0064,44,A2,0.840053,0.976201,1
20230621T100721,20230628T101631,7.0064,46,A2,0.365395,0.478702,1
20230621T100721,20230628T101631,7.0064,47,A2,0.839118,0.583271,1
20230621T100721,20230628T101631,7.0064,48,A2,0.001031,1.427962,0
20230621T100721,20230628T101631,7.0064,49,A2,-0.207765,0.103171,1
20230621T100721,20230628T101631,7.0064,51,A2,0.190012,0.302179,1
20230621T100721,20230628T101631,7.0064,52,A2,0.084141,2.000000,0
20230621T100721,20230628T101631,7.0064,53,A2,0.323477,0.017145,1
20230621T100721,20230628T101631,7.0064,54,A2,0.244273,0.079044,1
20230621T100721,20230628T101631,7.0064,55,A2,0.309170,0.025827,1
20230621T100721,20230628T101631,7.0064,57,A2,0.113469,0.542912,0
20230621T100721,20230628T101631,7.0064,58,A2,-0.139694,0.503532,0
20230621T100721,20230628T101631,7.0064,59,A2,0.378324,0.192461,1
20230621T100721,20230628T101631,7.0064,60,A2,0.474002,0.452790,1
20230621T100721,20230628T101631,7.0064,62,A2,0.750420,0.147392,1
20230621T100721,20230628T101631,7.0064,63,A2,0.825852,0.312448,0
20230621T100721,20230628T101631,7.0064,64,A2,0.723487,0.186364,1
20230621T100721,20230628T101631,7.0064,65,A3,-0.134823,0.679467,1
20230621T100721,20230628T101631,7.0064,66,A3,0.841470,0.038624,1
20230621T100721,20230628T101631,7.0064,69,A3,0.656786,0.815020,1
20230621T100721,20230628T101631,7.0064,70,A3,0.630645,0.269223,1
20230621T100721,20230628T101631,7.0064,71,A3,0.937701,0.675415,1
20230621T100721,20230628T101631,7.0064,72,A3,0.282382,0.066674,0
20230621T100721,20230628T101631,7.0064,73,A3,0.249558,0.468817,0
20230621T100721,20230628T101631,7.0064,74,A3,-0.153177,0.170077,0
20230621T100721,20230628T101631,7.0064,75,A3,0.109338,0.000000,1
20230621T100721,20230628T101631,7.0064,76,A3,0.394317,0.206428,0
20230621T100721,20230628T101631,7.0064,77,A3,0.424361,0.743684,1
20230621T100721,20230628T101631,7.0064,78,A3,0.321246,0.096670,1
20230621T100721,20230628T101631,7.0064,79,A3,0.291417,0.229404,0
20230621T100721,20230628T101631,7.0064,80,A3,0.508423,0.104579,1
20230621T100721,20230628T101631,7.0064,81,A3,0.053313,0.183023,1
20230621T100721,20230628T101631,7.0064,82,A3,0.775398,0.000000,1
20230621T100721,20230628T101631,7.0064,83,A3,0.161915,0.060392,1
20230621T100721,20230628T101631,7.0064,84,A3,0.512934,1.116766,0
20230621T100721,20230628T101631,7.0064,85,A3,-0.260249,1.079083,0
20230621T100721,20230628T101631,7.0064,86,A3,0.299900,0.235384,1
20230621T100721,20230628T101631,7.0064,87,A3,0.618854,0.533605,0
20230621T100721,20230628T101631,7.0064,88,A3,-0.050038,0.138132,1
20230621T100721,20230628T101631,7.0064,89,A3,-0.106710,1.010933,0
20230621T100721,20230628T101631,7.0064,91,A3,0.183249,0.643303,1
20230621T100721,20230628T101631,7.0064,93,A3,0.264062,0.332263,0
20230621T100721,20230628T101631,7.0064,94,A3,0.011244,0.031033,1
20230621T100721,20230628T101631,7.0064,95,A3,0.408874,0.555297,1
20230621T100721,20230628T101631,7.0064,96,A3,-0.088845,0.061083,0
20230621T100721,20230628T101631,7.0064,97,A4,0.222143,0.293838,1
20230621T100721,20230628T101631,7.0064,98,A4,0.337798,0.455360,0
20230621T100721,20230628T101631,7.0064,100,A4,-0.142869,0.016649,1
20230621T100721,20230628T101631,7.0064,101,A4,-0.084011,0.002273,1
20230621T100721,20230628T101631,7.0064,102,A4,0.002436,0.157051,1
20230621T100721,20230628T101631,7.0064,103,A4,0.126581,0.824217,0
20230621T100721,20230628T101631,7.0064,104,A4,0.013762,0.227993,0
20230621T100721,20230628T101631,7.0064,105,A4,0.382695,0.168016,0
20230621T100721,20230628T101631,7.0064,106,A4,-0.337120,1.305877,0
20230621T100721,20230628T101631,7.0064,107,A4,0.229509,0.038752,1
20230621T100721,20230628T101631,7.0064,108,A4,0.083184,1.200981,0
20230621T100721,20230628T101631,7.0064,109,A4,-0.032315,0.610048,0
20230621T100721,20230628T101631,7.0064,110,A4,-0.323065,1.104407,0
20230621T100721,20230628T101631,7.0064,111,A4,-0.071848,0.904409,1
20230621T100721,20230628T101631,7.0064,112,A4,-0.241659,1.042605,0
20230621T100721,20230628T101631,7.0064,114,A4,-0.420878,0.015949,1
20230621T100721,20230628T101631,7.0064,115,A4,-0.033831,0.009114,0
20230621T100721,20230628T101631,7.0064,118,A4,0.362929,0.057293,1
20230621T100721,20230628T101631,7.0064,119,A4,-0.205132,0.202317,0
20230621T100721,20230628T101631,7.0064,120,A4,-0.076103,2.000000,0
20230621T100721,20230628T101631,7.0064,121,A4,0.820613,0.639216,1
20230621T100721,20230628T101631,7.0064,122,A4,0.833885,0.007781,1
20230621T100721,20230628T101631,7.0064,123,A4,-0.045347,0.103687,1
20230621T100721,20230628T101631,7.0064,125,A4,-0.094512,0.928625,1
20230621T100721,20230628T101631,7.0064,126,A4,-0.112850,0.321397,0
20230621T100721,20230628T101631,7.0064,129,A5,-0.366537,0.138532,0
20230621T100721,20230628T101631,7.0064,130,A5,0.434988,0.739224,1
20230621T100721,20230628T101631,7.0064,132,A5,-0.319391,0.202599,1
20230621T100721,20230628T101631,7.0064,133,A5,0.024804,0.634824,0
20230621T100721,20230628T101631,7.0064,134,A5,0.684069,0.182342,1
20230621T100721,20230628T101631,7.0064,135,A5,0.466153,1.510921,0
20230621T100721,20230628T101631,7.0064,136,A5,-0.108296,0.980982,0
20230621T100721,20230628T101631,7.0064,137,A5,0.765721,0.462258,0
20230621T100721,20230628T101631,7.0064,138,A5,0.183783,0.077705,1
20230621T100721,20230628T101631,7.0064,139,A5,0.805541,0.000000,1
20230621T100721,20230628T101631,7.0064,140,A5,0.661193,0.229618,1
20230621T100721,20230628T101631,7.0064,141,A5,0.265018,0.580470,1
20230621T100721,20230628T101631,7.0064,142,A5,0.563493,0.904050,1
20230621T100721,20230628T101631,7.0064,143,A5,-0.202938,1.054282,0
20230621T100721,20230628T101631,7.0064,144,A5,-0.213038,0.273893,1
20230621T100721,20230628T101631,7.0064,145,A5,0.161811,1.011921,0
20230621T100721,20230628T101631,7.0064,146,A5,0.543544,0.275491,1
20230621T100721,20230628T101631,7.0064,147,A5,0.888695,0.162810,1
20230621T100721,20230628T101631,7.0064,149,A5,0.344684,0.901337,0
20230621T100721,20230628T101631,7.0064,150,A5,-0.003033,0.055180,0
20230621T100721,20230628T101631,7.0064,151,A5,-0.398180,0.089920,1
20230621T100721,20230628T101631,7.0064,152,A5,0.053331,0.002986,1
20230621T100721,20230628T101631,7.0064,153,A5,0.765686,0.312502,1
20230621T100721,20230628T101631,7.0064,154,A5,0.249548,0.929470,1
20230621T100721,20230628T101631,7.0064,155,A5,0.186234,1.100171,0
20230621T100721,20230628T101631,7.0064,157,A5,-0.026712,0.341953,0
20230621T100721,20230628T101631,7.0064,158,A5,0.119423,0.346784,1
20230621T100721,20230628T101631,7.0064,159,A5,-0.204469,0.517318,0
20230621T100721,20230628T101631,7.0064,160,A5,-0.204569,1.208965,0
20230621T100721,20230629T100435,7.9981,1,A1,0.079713,1.038582,0
20230621T100721,20230629T100435,7.9981,4,A1,0.189611,0.084848,0
20230621T100721,20230629T100435,7.9981,6,A1,0.167398,0.056258,0
20230621T100721,20230629T100435,7.9981,8,A1,-0.304781,1.013186,0
20230621T100721,20230629T100435,7.9981,9,A1,0.584237,0.928421,1
20230621T100721,20230629T100435,7.9981,10,A1,0.354826,0.076040,1
20230621T100721,20230629T100435,7.9981,11,A1,0.729622,0.026413,0
20230621T100721,20230629T100435,7.9981,12,A1,-0.004791,0.073764,1
20230621T100721,20230629T100435,7.9981,13,A1,0.911272,0.003690,1
20230621T100721,20230629T100435,7.9981,14,A1,0.007807,0.248128,1
20230621T100721,20230629T100435,7.9981,15,A1,0.835407,0.140420,1
20230621T100721,20230629T100435,7.9981,17,A1,-0.317116,0.095610,0
20230621T100721,20230629T100435,7.9981,18,A1,0.155220,0.119136,0
20230621T100721,20230629T100435,7.9981,19,A1,0.117666,1.048507,0
20230621T100721,20230629T100435,7.9981,22,A1,0.766470,0.283326,0
20230621T100721,20230629T100435,7.9981,23,A1,0.417178,0.100008,1
20230621T100721,20230629T100435,7.9981,24,A1,-0.052979,0.589678,1
20230621T100721,20230629T100435,7.9981,26,A1,0.494815,0.169376,0
20230621T100721,20230629T100435,7.9981,27,A1,0.005073,0.061004,0
20230621T100721,20230629T100435,7.9981,28,A1,0.471794,1.017796,0
20230621T100721,20230629T100435,7.9981,29,A1,0.868488,0.814976,0
20230621T100721,20230629T100435,7.9981,30,A1,0.771304,0.000000,1
20230621T100721,20230629T100435,7.9981,31,A1,0.389072,0.297936,1
20230621T100721,20230629T100435,7.9981,32,A1,0.920714,0.104044,1
20230621T100721,20230629T100435,7.9981,36,A2,-0.195710,0.177709,0
20230621T100721,20230629T100435,7.9981,37,A2,0.293131,0.804467,0
20230621T100721,20230629T100435,7.9981,39,A2,-0.165320,0.353805,0
20230621T100721,20230629T100435,7.9981,40,A2,-0.120964,0.286012,0
20230621T100721,20230629T100435,7.9981,41,A2,0.644067,0.135708,1
20230621T100721,20230629T100435,7.9981,42,A2,-0.190047,0.118051,0
20230621T100721,20230629T100435,7.9981,43,A2,0.051302,1.024406,0
20230621T100721,20230629T100435,7.9981,44,A2,0.340413,0.162598,1
20230621T100721,20230629T100435,7.9981,46,A2,0.155948,0.394322,0
20230621T100721,20230629T100435,7.9981,47,A2,0.785840,0.000000,1
20230621T100721,20230629T100435,7.9981,48,A2,0.239734,0.356180,1
20230621T100721,20230629T100435,7.9981,49,A2,-0.065955,0.100979,1
20230621T100721,20230629T100435,7.9981,50,A2,0.064665,0.116381,1
20230621T100721,20230629T100435,7.9981,53,A2,0.213354,0.115035,0
20230621T100721,20230629T100435,7.9981,54,A2,0.244662,0.010297,1
20230621T100721,20230629T100435,7.9981,55,A2,0.006380,0.386910,0
20230621T100721,20230629T100435,7.9981,57,A2,0.175914,0.223877,1
20230621T100721,20230629T100435,7.9981,58,A2,0.131123,0.121710,1
20230621T100721,20230629T100435,7.9981,59,A2,0.116277,0.199098,0
20230621T100721,20230629T100435,7.9981,60,A2,0.362079,0.166053,1
20230621T100721,20230629T100435,7.9981,62,A2,0.810972,0.539942,1
20230621T100721,20230629T100435,7.9981,63,A2,0.718517,0.429089,1
20230621T100721,20230629T100435,7.9981,64,A2,0.711779,0.009793,1
20230621T100721,20230629T100435,7.9981,67,A3,0.397195,0.993582,1
20230621T100721,20230629T100435,7.9981,69,A3,0.512532,0.519748,1
20230621T100721,20230629T100435,7.9981,70,A3,0.639671,0.155356,1
20230621T100721,20230629T100435,7.9981,71,A3,0.902413,1.166858,0
20230621T100721,20230629T100435,7.9981,72,A3,0.078469,0.758742,1
20230621T100721,20230629T100435,7.9981,74,A3,0.135599,0.156565,0
20230621T100721,20230629T100435,7.9981,75,A3,-0.049323,1.024541,0
20230621T100721,20230629T100435,7.9981,76,A3,0.737624,0.133088,0
20230621T100721,20230629T100435,7.9981,77,A3,0.225798,1.186308,0
20230621T100721,20230629T100435,7.9981,78,A3,0.227444,0.312186,0
20230621T100721,20230629T100435,7.9981,80,A3,0.541962,0.078335,1
20230621T100721,20230629T100435,7.9981,81,A3,0.248847,0.237526,0
20230621T100721,20230629T100435,7.9981,82,A3,0.852011,0.129952,1
20230621T100721,20230629T100435,7.9981,83,A3,0.173522,0.204806,1
20230621T100721,20230629T100435,7.9981,84,A3,0.165603,1.062799,0
20230621T100721,20230629T100435,7.9981,85,A3,0.163269,0.243810,1
20230621T100721,20230629T100435,7.9981,86,A3,-0.280684,0.031205,1
20230621T100721,20230629T100435,7.9981,87,A3,0.389274,0.012916,1
20230621T100721,20230629T100435,7.9981,88,A3,0.182195,1.075406,0
20230621T100721,20230629T100435,7.9981,90,A3,0.150585,0.096769,1
20230621T100721,20230629T100435,7.9981,91,A3,0.008149,0.088862,0
20230621T100721,20230629T100435,7.9981,93,A3,-0.117625,0.015252,1
20230621T100721,20230629T100435,7.9981,95,A3,0.412997,0.373533,1
20230621T100721,20230629T100435,7.9981,97,A4,0.307573,0.024006,1
20230621T100721,20230629T100435,7.9981,98,A4,0.192682,0.450992,0
20230621T100721,20230629T100435,7.9981,100,A4,-0.047484,0.070808,0
20230621T100721,20230629T100435,7.9981,101,A4,-0.299187,0.042762,1
20230621T100721,20230629T100435,7.9981,102,A4,0.092991,0.047588,1
20230621T100721,20230629T100435,7.9981,103,A4,-0.082577,0.274028,0
20230621T100721,20230629T100435,7.9981,104,A4,0.033415,1.075514,0
20230621T100721,20230629T100435,7.9981,106,A4,-0.149969,0.667720,0
20230621T100721,20230629T100435,7.9981,107,A4,0.266339,0.380410,1
20230621T100721,20230629T100435,7.9981,108,A4,0.015790,1.087800,0
20230621T100721,20230629T100435,7.9981,109,A4,0.187206,0.437646,1
20230621T100721,20230629T100435,7.9981,110,A4,0.104291,0.399735,1
20230621T100721,20230629T100435,7.9981,111,A4,-0.049679,0.040684,1
20230621T100721,20230629T100435,7.9981,112,A4,0.017310,2.000000,0
20230621T100721,20230629T100435,7.9981,114,A4,0.001814,0.022537,1
20230621T100721,20230629T100435,7.9981,115,A4,-0.084284,0.096136,1
20230621T100721,20230629T100435,7.9981,118,A4,-0.008976,0.137435,0
20230621T100721,20230629T100435,7.9981,119,A4,0.219319,1.074355,0
20230621T100721,20230629T100435,7.9981,120,A4,0.352788,1.033790,0
20230621T100721,20230629T100435,7.9981,121,A4,0.699171,0.105038,1
20230621T100721,20230629T100435,7.9981,122,A4,0.746525,0.387581,1
20230621T100721,20230629T100435,7.9981,123,A4,-0.075355,0.349591,0
20230621T100721,20230629T100435,7.9981,124,A4,0.432629,0.285109,0
20230621T100721,20230629T100435,7.9981,125,A4,-0.172111,0.925452,1
20230621T100721,20230629T100435,7.9981,126,A4,0.064030,0.340882,0
20230621T100721,20230629T100435,7.9981,128,A4,0.288967,0.981105,1
20230621T100721,20230629T100435,7.9981,129,A5,-0.187545,0.499765,0
20230621T100721,20230629T100435,7.9981,130,A5,0.420890,0.527620,1
20230621T100721,20230629T100435,7.9981,133,A5,-0.017999,0.106284,0
20230621T100721,20230629T100435,7.9981,134,A5,0.216251,0.247288,1
20230621T100721,20230629T100435,7.9981,135,A5,0.100056,1.325579,0
20230621T100721,20230629T100435,7.9981,136,A5,0.115679,0.506555,0
20230621T100721,20230629T100435,7.9981,137,A5,0.786690,0.087318,1
20230621T100721,20230629T100435,7.9981,138,A5,-0.148014,0.049688,1
20230621T100721,20230629T100435,7.9981,141,A5,0.373064,0.335619,1
20230621T100721,20230629T100435,7.9981,142,A5,0.139686,1.020314,0
20230621T100721,20230629T100435,7.9981,143,A5,0.231503,0.000000,1
20230621T100721,20230629T100435,7.9981,144,A5,-0.096076,0.480167,0
20230621T100721,20230629T100435,7.9981,145,A5,0.555611,0.411510,0
20230621T100721,20230629T100435,7.9981,146,A5,0.243592,0.171318,1
20230621T100721,20230629T100435,7.9981,147,A5,0.863662,0.077208,1
20230621T100721,20230629T100435,7.9981,149,A5,0.039583,0.001619,1
20230621T100721,20230629T100435,7.9981,150,A5,-0.031338,0.034671,1
20230621T100721,20230629T100435,7.9981,151,A5,0.109437,0.327790,0
20230621T100721,20230629T100435,7.9981,152,A5,0.193762,0.123681,1
20230621T100721,20230629T100435,7.9981,153,A5,0.530431,0.148746,0
20230621T100721,20230629T100435,7.9981,157,A5,-0.338212,0.212795,1
20230621T100721,20230629T100435,7.9981,158,A5,0.214077,0.497633,0
20230621T100721,20230629T100435,7.9981,160,A5,0.107025,0.181661,1
20230621T100721,20230703T122644,12.0968,1,A1,-0.071808,1.021043,0
20230621T100721,20230703T122644,12.0968,3,A1,0.193825,0.168202,0
20230621T100721,20230703T122644,12.0968,4,A1,0.215952,0.011429,1
20230621T100721,20230703T122644,12.0968,6,A1,-0.099253,0.024533,0
20230621T100721,20230703T122644,12.0968,9,A1,0.234620,0.151359,0
20230621T100721,20230703T122644,12.0968,10,A1,0.482165,0.159692,1
20230621T100721,20230703T122644,12.0968,11,A1,0.832541,0.105380,1
20230621T100721,20230703T122644,12.0968,12,A1,0.094327,0.933169,0
20230621T100721,20230703T122644,12.0968,13,A1,0.930639,0.159430,1
20230621T100721,20230703T122644,12.0968,14,A1,0.340083,0.071556,0
20230621T100721,20230703T122644,12.0968,15,A1,0.730492,1.376868,0
20230621T100721,20230703T122644,12.0968,17,A1,0.117358,0.108445,0
20230621T100721,20230703T122644,12.0968,18,A1,0.082268,0.302926,1
20230621T100721,20230703T122644,12.0968,19,A1,0.213789,0.000000,1
20230621T100721,20230703T122644,12.0968,21,A1,0.008279,0.118315,0
20230621T100721,20230703T122644,12.0968,22,A1,0.793162,0.137919,1
20230621T100721,20230703T122644,12.0968,23,A1,0.367608,0.116723,1
20230621T100721,20230703T122644,12.0968,24,A1,-0.005225,0.582030,1
20230621T100721,20230703T122644,12.0968,26,A1,0.296560,0.040502,1
20230621T100721,20230703T122644,12.0968,27,A1,0.703497,0.498986,0
20230621T100721,20230703T122644,12.0968,28,A1,0.418138,0.067292,0
20230621T100721,20230703T122644,12.0968,29,A1,0.837037,0.215687,0
20230621T100721,20230703T122644,12.0968,30,A1,0.771989,0.000000,1
20230621T100721,20230703T122644,12.0968,31,A1,0.434135,0.257685,1
20230621T100721,20230703T122644,12.0968,32,A1,0.872735,0.246121,1
20230621T100721,20230703T122644,12.0968,33,A2,-0.308465,0.164084,1
20230621T100721,20230703T122644,12.0968,34,A2,0.285607,0.958436,1
20230621T100721,20230703T122644,12.0968,36,A2,-0.069274,0.937826,1
20230621T100721,20230703T122644,12.0968,37,A2,0.007172,0.080917,0
20230621T100721,20230703T122644,12.0968,39,A2,0.222071,0.522241,0
20230621T100721,20230703T122644,12.0968,40,A2,0.398021,0.080880,1
20230621T100721,20230703T122644,12.0968,41,A2,0.479395,0.763415,0
20230621T100721,20230703T122644,12.0968,42,A2,0.122087,0.593745,1
20230621T100721,20230703T122644,12.0968,43,A2,0.083917,0.411525,0
20230621T100721,20230703T122644,12.0968,44,A2,0.750038,0.010673,1
20230621T100721,20230703T122644,12.0968,45,A2,0.349684,0.350916,1
20230621T100721,20230703T122644,12.0968,46,A2,0.433111,0.257576,1
20230621T100721,20230703T122644,12.0968,47,A2,0.699565,0.491304,1
20230621T100721,20230703T122644,12.0968,49,A2,-0.132769,0.100305,1
20230621T100721,20230703T122644,12.0968,50,A2,0.146457,0.170167,1
20230621T100721,20230703T122644,12.0968,51,A2,0.422195,0.573162,0
20230621T100721,20230703T122644,12.0968,52,A2,0.135316,0.997822,1
20230621T100721,20230703T122644,12.0968,53,A2,0.065569,0.093891,0
20230621T100721,20230703T122644,12.0968,55,A2,0.131099,0.082394,1
20230621T100721,20230703T122644,12.0968,57,A2,0.140985,0.449045,0
20230621T100721,20230703T122644,12.0968,58,A2,-0.051902,0.382269,0
20230621T100721,20230703T122644,12.0968,59,A2,0.116355,0.260079,0
20230621T100721,20230703T122644,12.0968,60,A2,0.040783,0.268489,1
20230621T100721,20230703T122644,12.0968,62,A2,0.739372,0.164481,1
20230621T100721,20230703T122644,12.0968,63,A2,0.733161,0.022539,1
20230621T100721,20230703T122644,12.0968,64,A2,0.777845,0.783565,1
20230621T100721,20230703T122644,12.0968,65,A3,0.062423,0.679467,1
20230621T100721,20230703T122644,12.0968,66,A3,0.696828,0.224789,1
20230621T100721,20230703T122644,12.0968,69,A3,0.498500,0.138144,1
20230621T100721,20230703T122644,12.0968,70,A3,0.486321,0.715490,0
20230621T100721,20230703T122644,12.0968,72,A3,0.031415,0.043834,1
20230621T100721,20230703T122644,12.0968,73,A3,-0.225814,0.365790,1
20230621T100721,20230703T122644,12.0968,74,A3,0.032301,0.680602,1
20230621T100721,20230703T122644,12.0968,75,A3,0.120521,0.404342,1
20230621T100721,20230703T122644,12.0968,76,A3,0.408423,0.270586,0
20230621T100721,20230703T122644,12.0968,77,A3,0.564543,0.090646,1
20230621T100721,20230703T122644,12.0968,78,A3,-0.011709,0.519385,1
20230621T100721,20230703T122644,12.0968,79,A3,-0.183637,0.060138,0
20230621T100721,20230703T122644,12.0968,80,A3,0.694504,0.097673,1
20230621T100721,20230703T122644,12.0968,81,A3,0.030485,0.727295,1
20230621T100721,20230703T122644,12.0968,82,A3,0.734810,0.000000,1
20230621T100721,20230703T122644,12.0968,84,A3,0.577057,0.966119,1
20230621T100721,20230703T122644,12.0968,85,A3,-0.212823,1.418655,0
20230621T100721,20230703T122644,12.0968,86,A3,0.302196,0.000673,0
20230621T100721,20230703T122644,12.0968,87,A3,0.525126,1.232304,0
20230621T100721,20230703T122644,12.0968,88,A3,-0.067134,0.060788,1
20230621T100721,20230703T122644,12.0968,89,A3,0.125489,0.993549,1
20230621T100721,20230703T122644,12.0968,90,A3,0.092436,0.172850,1
20230621T100721,20230703T122644,12.0968,91,A3,0.083001,1.009671,0
20230621T100721,20230703T122644,12.0968,93,A3,-0.038671,0.023847,0
20230621T100721,20230703T122644,12.0968,94,A3,-0.016028,0.614690,1
20230621T100721,20230703T122644,12.0968,95,A3,0.825500,0.994757,1
20230621T100721,20230703T122644,12.0968,97,A4,0.285178,0.046946,1
20230621T100721,20230703T122644,12.0968,98,A4,0.301676,0.010054,1
20230621T100721,20230703T122644,12.0968,99,A4,0.212480,0.449321,1
20230621T100721,20230703T122644,12.0968,100,A4,0.040739,0.153944,0
20230621T100721,20230703T122644,12.0968,101,A4,0.046179,0.078816,0
20230621T100721,20230703T122644,12.0968,102,A4,-0.265580,0.262647,1
20230621T100721,20230703T122644,12.0968,103,A4,0.217615,0.312305,0
20230621T100721,20230703T122644,12.0968,104,A4,-0.156948,0.728474,0
20230621T100721,20230703T122644,12.0968,105,A4,0.124489,0.129723,0
20230621T100721,20230703T122644,12.0968,106,A4,0.148640,0.051448,1
20230621T100721,20230703T122644,12.0968,107,A4,0.142855,0.382077,1
20230621T100721,20230703T122644,12.0968,108,A4,-0.359027,1.027336,0
20230621T100721,20230703T122644,12.0968,109,A4,-0.149666,0.370958,1
20230621T100721,20230703T122644,12.0968,110,A4,-0.064672,0.062829,1
20230621T100721,20230703T122644,12.0968,111,A4,-0.057038,0.166125,0
20230621T100721,20230703T122644,12.0968,112,A4,0.243292,1.056043,0
20230621T100721,20230703T122644,12.0968,114,A4,-0.002049,0.043846,0
20230621T100721,20230703T122644,12.0968,118,A4,0.097674,0.177859,0
20230621T100721,20230703T122644,12.0968,119,A4,-0.036667,0.538052,0
20230621T100721,20230703T122644,12.0968,121,A4,0.725129,0.405000,1
20230621T100721,20230703T122644,12.0968,122,A4,0.685585,0.224512,1
20230621T100721,20230703T122644,12.0968,123,A4,-0.118964,0.322401,0
20230621T100721,20230703T122644,12.0968,124,A4,-0.042850,0.495762,0
20230621T100721,20230703T122644,12.0968,125,A4,-0.165830,0.928774,1
20230621T100721,20230703T122644,12.0968,126,A4,0.091144,0.577046,0
20230621T100721,20230703T122644,12.0968,128,A4,0.131774,0.336062,1
20230621T100721,20230703T122644,12.0968,130,A5,0.533740,0.084100,0
20230621T100721,20230703T122644,12.0968,132,A5,-0.006480,0.994178,1
20230621T100721,20230703T122644,12.0968,133,A5,0.193821,0.414813,1
20230621T100721,20230703T122644,12.0968,134,A5,0.552122,0.190528,1
20230621T100721,20230703T122644,12.0968,135,A5,0.001221,0.000000,1
20230621T100721,20230703T122644,12.0968,136,A5,0.362537,0.014518,1
20230621T100721,20230703T122644,12.0968,137,A5,0.736938,0.044567,1
20230621T100721,20230703T122644,12.0968,138,A5,0.524874,0.308463,1
20230621T100721,20230703T122644,12.0968,139,A5,0.844337,0.000000,1
20230621T100721,20230703T122644,12.0968,140,A5,0.645489,0.234659,0
20230621T100721,20230703T122644,12.0968,141,A5,0.308192,0.365526,1
20230621T100721,20230703T122644,12.0968,142,A5,0.235189,0.000000,1
20230621T100721,20230703T122644,12.0968,143,A5,-0.146422,1.047278,0
20230621T100721,20230703T122644,12.0968,144,A5,0.111959,0.425801,1
20230621T100721,20230703T122644,12.0968,145,A5,0.592852,0.030656,0
20230621T100721,20230703T122644,12.0968,146,A5,0.525279,0.098165,1
20230621T100721,20230703T122644,12.0968,147,A5,0.910389,0.814008,1
20230621T100721,20230703T122644,12.0968,149,A5,0.265875,0.039886,1
20230621T100721,20230703T122644,12.0968,150,A5,-0.219473,0.007610,1
20230621T100721,20230703T122644,12.0968,151,A5,0.008637,0.143693,0
20230621T100721,20230703T122644,12.0968,152,A5,-0.182798,1.151447,0
20230621T100721,20230703T122644,12.0968,153,A5,0.692154,0.044373,1
20230621T100721,20230703T122644,12.0968,154,A5,0.200582,0.087450,0
20230621T100721,20230703T122644,12.0968,155,A5,-0.170056,0.899829,1
20230621T100721,20230703T122644,12.0968,157,A5,0.169643,0.296187,0
20230621T100721,20230703T122644,12.0968,158,A5,-0.040279,0.253889,0
20230621T100721,20230703T122644,12.0968,159,A5,-0.106712,0.090160,1
20230621T100721,20230703T122644,12.0968,160,A5,0.141999,0.276650,0
20230622T111856,20230628T101631,5.9567,1,A1,0.324293,0.013115,1
20230622T111856,20230628T101631,5.9567,2,A1,-0.132534,0.003335,1
20230622T111856,20230628T101631,5.9567,3,A1,0.100755,0.076950,0
20230622T111856,20230628T101631,5.9567,4,A1,0.115632,0.721919,0
20230622T111856,20230628T101631,5.9567,6,A1,-0.106260,1.042307,0
20230622T111856,20230628T101631,5.9567,8,A1,0.349106,0.714222,1
20230622T111856,20230628T101631,5.9567,9,A1,0.321993,0.161020,1
20230622T111856,20230628T101631,5.9567,10,A1,0.593125,0.711051,1
20230622T111856,20230628T101631,5.9567,11,A1,0.856960,0.854620,1
20230622T111856,20230628T101631,5.9567,12,A1,0.734423,0.913854,1
20230622T111856,20230628T101631,5.9567,13,A1,0.968123,0.061732,0
20230622T111856,20230628T101631,5.9567,14,A1,0.344892,0.238148,1
20230622T111856,20230628T101631,5.9567,15,A1,0.609648,0.327925,1
20230622T111856,20230628T101631,5.9567,17,A1,0.345345,0.345970,0
20230622T111856,20230628T101631,5.9567,18,A1,0.273918,0.157124,1
20230622T111856,20230628T101631,5.9567,19,A1,0.251970,0.130354,1
20230622T111856,20230628T101631,5.9567,21,A1,0.582863,0.905804,0
20230622T111856,20230628T101631,5.9567,22,A1,0.609511,0.038380,1
20230622T111856,20230628T101631,5.9567,23,A1,0.058024,0.613963,1
20230622T111856,20230628T101631,5.9567,24,A1,0.349020,0.085321,1
20230622T111856,20230628T101631,5.9567,25,A1,0.290068,0.531852,1
20230622T111856,20230628T101631,5.9567,26,A1,0.694677,0.043812,0
20230622T111856,20230628T101631,5.9567,27,A1,0.578036,0.487827,0
20230622T111856,20230628T101631,5.9567,28,A1,0.111772,0.973820,1
20230622T111856,20230628T101631,5.9567,29,A1,0.918800,0.181246,1
20230622T111856,20230628T101631,5.9567,30,A1,0.872230,0.001560,1
20230622T111856,20230628T101631,5.9567,31,A1,0.731245,0.518342,0
20230622T111856,20230628T101631,5.9567,32,A1,0.830958,0.000000,1
20230622T111856,20230628T101631,5.9567,33,A2,-0.094760,0.272497,1
20230622T111856,20230628T101631,5.9567,34,A2,-0.104059,0.061143,0
20230622T111856,20230628T101631,5.9567,36,A2,-0.030007,1.401818,0
20230622T111856,20230628T101631,5.9567,37,A2,-0.295456,0.171711,0
20230622T111856,20230628T101631,5.9567,39,A2,0.103446,0.615038,0
20230622T111856,20230628T101631,5.9567,40,A2,0.135320,0.179166,0
20230622T111856,20230628T101631,5.9567,41,A2,0.510316,1.270570,0
20230622T111856,20230628T101631,5.9567,42,A2,0.137770,0.041226,1
20230622T111856,20230628T101631,5.9567,43,A2,0.566931,0.549683,0
20230622T111856,20230628T101631,5.9567,44,A2,0.781305,0.687510,1
20230622T111856,20230628T101631,5.9567,46,A2,0.202607,0.823278,1
20230622T111856,20230628T101631,5.9567,47,A2,0.593503,0.583271,1
20230622T111856,20230628T101631,5.9567,48,A2,-0.176262,1.261413,0
20230622T111856,20230628T101631,5.9567,49,A2,0.313631,0.736103,0
20230622T111856,20230628T101631,5.9567,51,A2,0.132243,0.213815,1
20230622T111856,20230628T101631,5.9567,52,A2,0.251703,0.989834,1
20230622T111856,20230628T101631,5.9567,53,A2,0.361722,0.378589,0
20230622T111856,20230628T101631,5.9567,54,A2,0.390430,0.366957,1
20230622T111856,20230628T101631,5.9567,55,A2,-0.036836,0.127723,1
20230622T111856,20230628T101631,5.9567,57,A2,-0.144317,0.720793,0
20230622T111856,20230628T101631,5.9567,58,A2,0.191026,0.015567,1
20230622T111856,20230628T101631,5.9567,59,A2,-0.045977,0.405930,0
20230622T111856,20230628T101631,5.9567,60,A2,0.069405,0.982081,0
20230622T111856,20230628T101631,5.9567,61,A2,0.696386,0.496532,1
20230622T111856,20230628T101631,5.9567,62,A2,0.799870,0.180763,1
20230622T111856,20230628T101631,5.9567,63,A2,0.905188,0.259983,0
20230622T111856,20230628T101631,5.9567,64,A2,0.811115,0.018771,1
20230622T111856,20230628T101631,5.9567,65,A3,0.408531,0.000000,1
20230622T111856,20230628T101631,5.9567,66,A3,0.762354,0.170278,1
20230622T111856,20230628T101631,5.9567,68,A3,0.742878,0.771790,1
20230622T111856,20230628T101631,5.9567,69,A3,0.647514,0.158560,1
20230622T111856,20230628T101631,5.9567,70,A3,0.704865,1.216644,0
20230622T111856,20230628T101631,5.9567,71,A3,0.962532,0.576158,1
20230622T111856,20230628T101631,5.9567,72,A3,-0.076340,0.056810,1
20230622T111856,20230628T101631,5.9567,73,A3,0.216576,1.054758,0
20230622T111856,20230628T101631,5.9567,74,A3,-0.203939,1.018421,0
20230622T111856,20230628T101631,5.9567,75,A3,0.031670,0.760113,1
20230622T111856,20230628T101631,5.9567,76,A3,0.271480,0.117836,1
20230622T111856,20230628T101631,5.9567,77,A3,0.546214,0.770774,1
20230622T111856,20230628T101631,5.9567,78,A3,0.029431,0.380770,1
20230622T111856,20230628T101631,5.9567,79,A3,-0.185674,0.222681,0
20230622T111856,20230628T101631,5.9567,80,A3,0.531144,0.109077,1
20230622T111856,20230628T101631,5.9567,81,A3,0.062682,0.296095,1
20230622T111856,20230628T101631,5.9567,82,A3,0.866545,0.000000,1
20230622T111856,20230628T101631,5.9567,83,A3,0.286504,0.425358,1
20230622T111856,20230628T101631,5.9567,84,A3,0.362244,0.301431,0
20230622T111856,20230628T101631,5.9567,85,A3,-0.166179,0.433606,1
20230622T111856,20230628T101631,5.9567,86,A3,-0.177079,0.021288,1
20230622T111856,20230628T101631,5.9567,87,A3,0.774553,0.621605,0
20230622T111856,20230628T101631,5.9567,88,A3,-0.101265,0.290090,0
20230622T111856,20230628T101631,5.9567,89,A3,0.233704,0.579331,0
20230622T111856,20230628T101631,5.9567,91,A3,-0.420351,0.347026,1
20230622T111856,20230628T101631,5.9567,93,A3,0.208514,0.621077,0
20230622T111856,20230628T101631,5.9567,94,A3,0.304673,0.069576,1
20230622T111856,20230628T101631,5.9567,95,A3,0.783107,0.409641,1
20230622T111856,20230628T101631,5.9567,96,A3,0.292177,0.178806,0
20230622T111856,20230628T101631,5.9567,97,A4,-0.058784,0.463920,0
20230622T111856,20230628T101631,5.9567,98,A4,0.336346,0.012415,1
20230622T111856,20230628T101631,5.9567,100,A4,-0.083957,0.292790,0
20230622T111856,20230628T101631,5.9567,101,A4,0.249833,0.224403,0
20230622T111856,20230628T101631,5.9567,102,A4,0.199588,0.038150,1
20230622T111856,20230628T101631,5.9567,103,A4,0.058811,0.389604,1
20230622T111856,20230628T101631,5.9567,104,A4,0.366283,0.288627,0
20230622T111856,20230628T101631,5.9567,105,A4,0.418878,0.198317,0
20230622T111856,20230628T101631,5.9567,106,A4,0.275522,0.769534,0
20230622T111856,20230628T101631,5.9567,107,A4,-0.240427,0.554818,0
20230622T111856,20230628T101631,5.9567,108,A4,0.163211,0.432516,1
20230622T111856,20230628T101631,5.9567,109,A4,-0.314617,0.666515,0
20230622T111856,20230628T101631,5.9567,110,A4,-0.086627,1.189603,0
20230622T111856,20230628T101631,5.9567,111,A4,0.180084,2.000000,0
20230622T111856,20230628T101631,5.9567,112,A4,0.122753,0.042133,1
20230622T111856,20230628T101631,5.9567,114,A4,0.218560,0.054279,1
20230622T111856,20230628T101631,5.9567,115,A4,0.175889,0.126876,0
20230622T111856,20230628T101631,5.9567,116,A4,0.013419,0.576396,1
20230622T111856,20230628T101631,5.9567,118,A4,0.508802,0.348024,0
20230622T111856,20230628T101631,5.9567,119,A4,-0.346041,0.286967,0
20230622T111856,20230628T101631,5.9567,120,A4,-0.009009,1.980444,0
20230622T111856,20230628T101631,5.9567,121,A4,0.801253,0.838869,1
20230622T111856,20230628T101631,5.9567,122,A4,0.745615,0.303940,1
20230622T111856,20230628T101631,5.9567,123,A4,0.234735,0.024694,1
20230622T111856,20230628T101631,5.9567,125,A4,-0.095504,0.016830,1
20230622T111856,20230628T101631,5.9567,126,A4,-0.155358,0.175560,0
20230622T111856,20230628T101631,5.9567,127,A4,-0.008524,1.464052,0
20230622T111856,20230628T101631,5.9567,130,A5,0.213900,0.242415,1
20230622T111856,20230628T101631,5.9567,132,A5,0.100853,0.271651,0
20230622T111856,20230628T101631,5.9567,133,A5,0.188044,0.195084,1
20230622T111856,20230628T101631,5.9567,134,A5,0.706938,0.041880,1
20230622T111856,20230628T101631,5.9567,135,A5,0.229768,0.085308,1
20230622T111856,20230628T101631,5.9567,136,A5,-0.228023,0.511948,0
20230622T111856,20230628T101631,5.9567,137,A5,0.570202,0.535229,0
20230622T111856,20230628T101631,5.9567,138,A5,-0.045407,0.067608,1
20230622T111856,20230628T101631,5.9567,139,A5,0.913289,0.081854,1
20230622T111856,20230628T101631,5.9567,140,A5,0.828015,0.135114,1
20230622T111856,20230628T101631,5.9567,141,A5,0.371758,0.814357,1
20230622T111856,20230628T101631,5.9567,142,A5,0.154085,0.327629,1
20230622T111856,20230628T101631,5.9567,143,A5,-0.483404,0.133167,1
20230622T111856,20230628T101631,5.9567,144,A5,-0.112842,0.378238,0
20230622T111856,20230628T101631,5.9567,145,A5,0.070455,0.422289,1
20230622T111856,20230628T101631,5.9567,146,A5,0.585975,0.846831,1
20230622T111856,20230628T101631,5.9567,147,A5,0.779262,0.020770,1
20230622T111856,20230628T101631,5.9567,149,A5,0.183369,1.895672,0
20230622T111856,20230628T101631,5.9567,150,A5,-0.279863,0.037827,0
20230622T111856,20230628T101631,5.9567,151,A5,-0.015982,0.328996,0
20230622T111856,20230628T101631,5.9567,152,A5,0.386353,0.015514,1
20230622T111856,20230628T101631,5.9567,153,A5,0.676806,0.200616,1
20230622T111856,20230628T101631,5.9567,154,A5,-0.264723,2.000000,0
20230622T111856,20230628T101631,5.9567,155,A5,0.205806,0.547562,1
20230622T111856,20230628T101631,5.9567,157,A5,0.418762,0.390455,1
20230622T111856,20230628T101631,5.9567,158,A5,0.031372,0.159197,1
20230622T111856,20230628T101631,5.9567,159,A5,-0.095171,0.064077,1
20230622T111856,20230628T101631,5.9567,160,A5,0.313705,1.207321,0
20230622T111856,20230629T100435,6.9484,1,A1,-0.336117,0.099468,1
20230622T111856,20230629T100435,6.9484,4,A1,0.310296,0.705502,0
20230622T111856,20230629T100435,6.9484,6,A1,-0.087535,0.007507,1
20230622T111856,20230629T100435,6.9484,8,A1,-0.077996,1.013186,0
20230622T111856,20230629T100435,6.9484,9,A1,0.351837,0.781293,1
20230622T111856,20230629T100435,6.9484,10,A1,0.267023,0.613642,1
20230622T111856,20230629T100435,6.9484,11,A1,0.482562,1.012678,0
20230622T111856,20230629T100435,6.9484,12,A1,0.029212,1.188378,0
20230622T111856,20230629T100435,6.9484,13,A1,0.937964,0.051596,0
20230622T111856,20230629T100435,6.9484,14,A1,0.042242,0.002647,1
20230622T111856,20230629T100435,6.9484,15,A1,0.561216,0.250056,1
20230622T111856,20230629T100435,6.9484,17,A1,0.124261,0.381944,0
20230622T111856,20230629T100435,6.9484,18,A1,0.287988,0.952478,0
20230622T111856,20230629T100435,6.9484,19,A1,-0.072937,0.645871,0
20230622T111856,20230629T100435,6.9484,22,A1,0.686268,0.552321,0
20230622T111856,20230629T100435,6.9484,23,A1,-0.222996,0.620771,1
20230622T111856,20230629T100435,6.9484,24,A1,0.167542,0.131061,1
20230622T111856,20230629T100435,6.9484,25,A1,-0.053212,0.251970,1
20230622T111856,20230629T100435,6.9484,26,A1,0.683308,0.135902,0
20230622T111856,20230629T100435,6.9484,27,A1,-0.079285,0.098694,0
20230622T111856,20230629T100435,6.9484,28,A1,-0.127079,2.000000,0
20230622T111856,20230629T100435,6.9484,29,A1,0.896220,0.504002,1
20230622T111856,20230629T100435,6.9484,30,A1,0.639289,0.001560,1
20230622T111856,20230629T100435,6.9484,31,A1,0.363255,0.220056,0
20230622T111856,20230629T100435,6.9484,32,A1,0.748806,0.320272,1
20230622T111856,20230629T100435,6.9484,36,A2,0.258052,1.115535,0
20230622T111856,20230629T100435,6.9484,37,A2,-0.078444,0.716209,1
20230622T111856,20230629T100435,6.9484,39,A2,0.120689,0.327842,0
20230622T111856,20230629T100435,6.9484,40,A2,-0.028001,0.344157,0
20230622T111856,20230629T100435,6.9484,41,A2,0.523740,0.588812,1
20230622T111856,20230629T100435,6.9484,42,A2,-0.075668,0.370504,0
20230622T111856,20230629T100435,6.9484,43,A2,0.550967,0.640133,1
20230622T111856,20230629T100435,6.9484,44,A2,0.458140,0.126093,1
20230622T111856,20230629T100435,6.9484,46,A2,0.191573,0.049747,0
20230622T111856,20230629T100435,6.9484,47,A2,0.719694,0.000000,1
20230622T111856,20230629T100435,6.9484,48,A2,0.125346,0.189631,1
20230622T111856,20230629T100435,6.9484,49,A2,-0.297762,0.738295,0
20230622T111856,20230629T100435,6.9484,50,A2,0.097681,0.548657,0
20230622T111856,20230629T100435,6.9484,53,A2,0.328662,0.280699,1
20230622T111856,20230629T100435,6.9484,54,A2,0.554558,0.456298,1
20230622T111856,20230629T100435,6.9484,55,A2,0.134447,0.540460,0
20230622T111856,20230629T100435,6.9484,57,A2,-0.099638,0.401758,1
20230622T111856,20230629T100435,6.9484,58,A2,-0.163771,0.609675,0
20230622T111856,20230629T100435,6.9484,59,A2,0.187272,0.014371,1
20230622T111856,20230629T100435,6.9484,60,A2,0.332575,0.363237,0
20230622T111856,20230629T100435,6.9484,61,A2,0.673413,0.070944,1
20230622T111856,20230629T100435,6.9484,62,A2,0.825385,0.506571,1
20230622T111856,20230629T100435,6.9484,63,A2,0.897298,0.481554,1
20230622T111856,20230629T100435,6.9484,64,A2,0.791589,0.177387,1
20230622T111856,20230629T100435,6.9484,67,A3,0.545278,0.328443,1
20230622T111856,20230629T100435,6.9484,69,A3,0.505078,0.136713,1
20230622T111856,20230629T100435,6.9484,70,A3,0.717286,1.330511,0
20230622T111856,20230629T100435,6.9484,71,A3,0.916953,1.067601,0
20230622T111856,20230629T100435,6.9484,72,A3,-0.116924,0.882226,0
20230622T111856,20230629T100435,6.9484,74,A3,-0.039923,1.004908,0
20230622T111856,20230629T100435,6.9484,75,A3,0.003600,0.264428,0
20230622T111856,20230629T100435,6.9484,76,A3,0.454567,0.191176,1
20230622T111856,20230629T100435,6.9484,77,A3,0.357164,1.159218,0
20230622T111856,20230629T100435,6.9484,78,A3,0.017048,0.596286,0
20230622T111856,20230629T100435,6.9484,80,A3,0.489153,0.073837,1
20230622T111856,20230629T100435,6.9484,81,A3,0.260672,0.350597,0
20230622T111856,20230629T100435,6.9484,82,A3,0.847375,0.129952,1
20230622T111856,20230629T100435,6.9484,83,A3,0.004210,0.280944,1
20230622T111856,20230629T100435,6.9484,84,A3,0.260737,0.247464,0
20230622T111856,20230629T100435,6.9484,85,A3,0.067741,0.401667,0
20230622T111856,20230629T100435,6.9484,86,A3,0.017873,0.182891,1
20230622T111856,20230629T100435,6.9484,87,A3,0.507093,0.075083,1
20230622T111856,20230629T100435,6.9484,88,A3,0.001042,0.923447,1
20230622T111856,20230629T100435,6.9484,90,A3,0.024393,0.273218,0
20230622T111856,20230629T100435,6.9484,91,A3,-0.002289,1.079192,0
20230622T111856,20230629T100435,6.9484,93,A3,0.186222,0.273561,1
20230622T111856,20230629T100435,6.9484,95,A3,0.744295,0.227878,1
20230622T111856,20230629T100435,6.9484,97,A4,0.153251,0.146075,0
20230622T111856,20230629T100435,6.9484,98,A4,0.200616,0.008047,1
20230622T111856,20230629T100435,6.9484,100,A4,0.065230,0.205333,1
20230622T111856,20230629T100435,6.9484,101,A4,0.097093,0.179368,0
20230622T111856,20230629T100435,6.9484,102,A4,0.238997,0.071313,1
20230622T111856,20230629T100435,6.9484,103,A4,-0.105983,0.160585,1
20230622T111856,20230629T100435,6.9484,104,A4,-0.340984,1.136148,0
20230622T111856,20230629T100435,6.9484,106,A4,-0.042236,0.131377,0
20230622T111856,20230629T100435,6.9484,107,A4,0.037143,0.213160,0
20230622T111856,20230629T100435,6.9484,108,A4,-0.099379,0.545697,1
20230622T111856,20230629T100435,6.9484,109,A4,0.082942,0.381179,1
20230622T111856,20230629T100435,6.9484,110,A4,-0.164237,0.314538,1
20230622T111856,20230629T100435,6.9484,111,A4,0.375117,1.054906,0
20230622T111856,20230629T100435,6.9484,112,A4,0.127523,0.915262,1
20230622T111856,20230629T100435,6.9484,114,A4,0.278151,0.092764,1
20230622T111856,20230629T100435,6.9484,115,A4,-0.028488,0.021626,1
20230622T111856,20230629T100435,6.9484,116,A4,-0.215250,0.590646,1
20230622T111856,20230629T100435,6.9484,118,A4,0.146242,0.153296,1
20230622T111856,20230629T100435,6.9484,119,A4,0.083553,1.159005,0
20230622T111856,20230629T100435,6.9484,120,A4,-0.030156,1.014235,0
20230622T111856,20230629T100435,6.9484,121,A4,0.583233,0.094615,1
20230622T111856,20230629T100435,6.9484,122,A4,0.664028,0.075860,1
20230622T111856,20230629T100435,6.9484,123,A4,0.164165,0.221210,0
20230622T111856,20230629T100435,6.9484,124,A4,-0.200430,0.099282,0
20230622T111856,20230629T100435,6.9484,125,A4,0.112214,0.020003,1
20230622T111856,20230629T100435,6.9484,126,A4,0.117412,0.195045,0
20230622T111856,20230629T100435,6.9484,127,A4,0.124510,0.454935,1
20230622T111856,20230629T100435,6.9484,128,A4,-0.015569,0.018446,1
20230622T111856,20230629T100435,6.9484,130,A5,0.032532,0.454019,1
20230622T111856,20230629T100435,6.9484,133,A5,-0.065413,0.723624,1
20230622T111856,20230629T100435,6.9484,134,A5,0.266259,0.023066,1
20230622T111856,20230629T100435,6.9484,135,A5,0.089657,0.100034,1
20230622T111856,20230629T100435,6.9484,136,A5,-0.143391,0.037520,0
20230622T111856,20230629T100435,6.9484,137,A5,0.590569,0.014346,1
20230622T111856,20230629T100435,6.9484,138,A5,-0.415651,0.095625,1
20230622T111856,20230629T100435,6.9484,141,A5,0.384287,0.101731,1
20230622T111856,20230629T100435,6.9484,142,A5,0.242754,0.443892,0
20230622T111856,20230629T100435,6.9484,143,A5,-0.090627,1.187449,0
20230622T111856,20230629T100435,6.9484,144,A5,-0.264228,0.171965,1
20230622T111856,20230629T100435,6.9484,145,A5,0.106177,0.178121,1
20230622T111856,20230629T100435,6.9484,146,A5,0.316195,0.742658,1
20230622T111856,20230629T100435,6.9484,147,A5,0.685483,0.064831,1
20230622T111856,20230629T100435,6.9484,149,A5,0.091696,0.992715,1
20230622T111856,20230629T100435,6.9484,150,A5,0.064046,0.017319,1
20230622T111856,20230629T100435,6.9484,151,A5,-0.000269,0.091125,1
20230622T111856,20230629T100435,6.9484,152,A5,0.185462,0.111153,1
20230622T111856,20230629T100435,6.9484,153,A5,0.026757,0.260633,0
20230622T111856,20230629T100435,6.9484,156,A5,0.137946,0.125045,1
20230622T111856,20230629T100435,6.9484,157,A5,-0.192570,0.519613,0
20230622T111856,20230629T100435,6.9484,158,A5,-0.397807,0.685220,0
20230622T111856,20230629T100435,6.9484,160,A5,0.066215,0.180018,1
20230622T111856,20230703T122644,11.0471,1,A1,0.194163,0.117008,1
20230622T111856,20230703T122644,11.0471,3,A1,0.251236,0.161841,0
20230622T111856,20230703T122644,11.0471,4,A1,0.428877,0.632082,1
20230622T111856,20230703T122644,11.0471,6,A1,-0.319362,0.039231,1
20230622T111856,20230703T122644,11.0471,9,A1,0.572608,0.298487,0
20230622T111856,20230703T122644,11.0471,10,A1,0.339439,0.697294,1
20230622T111856,20230703T122644,11.0471,11,A1,0.642835,0.880885,1
20230622T111856,20230703T122644,11.0471,12,A1,0.421965,0.328973,1
20230622T111856,20230703T122644,11.0471,13,A1,0.906113,0.214717,0
20230622T111856,20230703T122644,11.0471,14,A1,0.174027,0.317036,0
20230622T111856,20230703T122644,11.0471,15,A1,0.386514,1.486504,0
20230622T111856,20230703T122644,11.0471,17,A1,0.090675,0.394779,0
20230622T111856,20230703T122644,11.0471,18,A1,0.469733,0.530416,1
20230622T111856,20230703T122644,11.0471,19,A1,0.025205,0.402636,1
20230622T111856,20230703T122644,11.0471,21,A1,0.166239,0.931967,0
20230622T111856,20230703T122644,11.0471,22,A1,0.796052,0.406914,1
20230622T111856,20230703T122644,11.0471,23,A1,0.038229,0.637486,1
20230622T111856,20230703T122644,11.0471,24,A1,0.090230,0.123413,1
20230622T111856,20230703T122644,11.0471,26,A1,0.475862,0.007028,1
20230622T111856,20230703T122644,11.0471,27,A1,0.651383,0.536676,0
20230622T111856,20230703T122644,11.0471,28,A1,-0.282146,1.049497,0
20230622T111856,20230703T122644,11.0471,29,A1,0.916151,0.095288,1
20230622T111856,20230703T122644,11.0471,30,A1,0.698840,0.001560,1
20230622T111856,20230703T122644,11.0471,31,A1,0.565829,0.260307,0
20230622T111856,20230703T122644,11.0471,32,A1,0.669666,0.670437,1
20230622T111856,20230703T122644,11.0471,33,A2,-0.369967,0.289926,1
20230622T111856,20230703T122644,11.0471,34,A2,0.189754,0.078226,0
20230622T111856,20230703T122644,11.0471,35,A2,0.158505,0.091350,1
20230622T111856,20230703T122644,11.0471,36,A2,-0.226383,0.000000,1
20230622T111856,20230703T122644,11.0471,37,A2,-0.302329,0.007342,1
20230622T111856,20230703T122644,11.0471,39,A2,-0.011563,0.496278,0
20230622T111856,20230703T122644,11.0471,40,A2,0.032748,0.022735,1
20230622T111856,20230703T122644,11.0471,41,A2,0.568179,1.216519,0
20230622T111856,20230703T122644,11.0471,42,A2,0.047914,0.341293,1
20230622T111856,20230703T122644,11.0471,43,A2,0.213364,0.027251,1
20230622T111856,20230703T122644,11.0471,44,A2,0.811088,0.299364,1
20230622T111856,20230703T122644,11.0471,45,A2,0.546594,0.596252,1
20230622T111856,20230703T122644,11.0471,46,A2,0.186739,0.087000,1
20230622T111856,20230703T122644,11.0471,47,A2,0.603229,0.491304,1
20230622T111856,20230703T122644,11.0471,49,A2,0.044333,0.738968,0
20230622T111856,20230703T122644,11.0471,50,A2,-0.080495,0.835205,0
20230622T111856,20230703T122644,11.0471,51,A2,0.342424,0.484797,0
20230622T111856,20230703T122644,11.0471,52,A2,0.204522,0.012345,0
20230622T111856,20230703T122644,11.0471,53,A2,-0.016292,0.301843,1
20230622T111856,20230703T122644,11.0471,55,A2,0.015773,0.071156,1
20230622T111856,20230703T122644,11.0471,57,A2,-0.023849,0.626926,0
20230622T111856,20230703T122644,11.0471,58,A2,0.053382,0.105696,1
20230622T111856,20230703T122644,11.0471,59,A2,0.361238,0.046610,1
20230622T111856,20230703T122644,11.0471,60,A2,0.048260,0.797779,0
20230622T111856,20230703T122644,11.0471,62,A2,0.760966,0.131110,1
20230622T111856,20230703T122644,11.0471,63,A2,0.896551,0.075004,1
20230622T111856,20230703T122644,11.0471,64,A2,0.905212,0.615971,1
20230622T111856,20230703T122644,11.0471,65,A3,0.303801,0.000000,1
20230622T111856,20230703T122644,11.0471,66,A3,0.685141,0.093134,1
20230622T111856,20230703T122644,11.0471,68,A3,0.619078,0.000000,1
20230622T111856,20230703T122644,11.0471,69,A3,0.449289,0.518317,1
20230622T111856,20230703T122644,11.0471,70,A3,0.366734,0.770377,1
20230622T111856,20230703T122644,11.0471,72,A3,-0.411932,0.079650,0
20230622T111856,20230703T122644,11.0471,73,A3,0.274783,0.951731,1
20230622T111856,20230703T122644,11.0471,74,A3,-0.099149,0.167742,1
20230622T111856,20230703T122644,11.0471,75,A3,0.370664,0.355771,1
20230622T111856,20230703T122644,11.0471,76,A3,0.650676,0.053678,1
20230622T111856,20230703T122644,11.0471,77,A3,0.719194,0.063556,1
20230622T111856,20230703T122644,11.0471,78,A3,-0.176502,0.235284,1
20230622T111856,20230703T122644,11.0471,79,A3,-0.081773,0.053415,0
20230622T111856,20230703T122644,11.0471,80,A3,0.556880,0.093176,1
20230622T111856,20230703T122644,11.0471,81,A3,0.143710,0.614224,1
20230622T111856,20230703T122644,11.0471,82,A3,0.784421,0.000000,1
20230622T111856,20230703T122644,11.0471,84,A3,0.475965,0.150784,1
20230622T111856,20230703T122644,11.0471,85,A3,-0.434366,0.773178,1
20230622T111856,20230703T122644,11.0471,86,A3,0.130229,0.214769,0
20230622T111856,20230703T122644,11.0471,87,A3,0.635365,1.320304,0
20230622T111856,20230703T122644,11.0471,88,A3,0.047416,0.212747,0
20230622T111856,20230703T122644,11.0471,89,A3,-0.005778,0.561946,1
20230622T111856,20230703T122644,11.0471,90,A3,-0.129946,0.197138,0
20230622T111856,20230703T122644,11.0471,91,A3,-0.004235,2.000000,0
20230622T111856,20230703T122644,11.0471,93,A3,0.037979,0.312661,0
20230622T111856,20230703T122644,11.0471,94,A3,0.246571,0.514082,1
20230622T111856,20230703T122644,11.0471,95,A3,0.473263,0.849101,1
20230622T111856,20230703T122644,11.0471,97,A4,0.203147,0.217027,0
20230622T111856,20230703T122644,11.0471,98,A4,0.413878,0.452998,0
20230622T111856,20230703T122644,11.0471,99,A4,-0.023242,0.530309,0
20230622T111856,20230703T122644,11.0471,100,A4,0.203122,0.122198,1
20230622T111856,20230703T122644,11.0471,101,A4,0.112650,0.143314,1
20230622T111856,20230703T122644,11.0471,102,A4,-0.107651,0.381548,1
20230622T111856,20230703T122644,11.0471,103,A4,0.193120,0.122308,1
20230622T111856,20230703T122644,11.0471,104,A4,-0.032575,0.789108,0
20230622T111856,20230703T122644,11.0471,105,A4,0.321078,0.160024,0
20230622T111856,20230703T122644,11.0471,106,A4,-0.024215,0.587791,1
20230622T111856,20230703T122644,11.0471,107,A4,-0.116179,0.211493,0
20230622T111856,20230703T122644,11.0471,108,A4,0.330671,0.606161,1
20230622T111856,20230703T122644,11.0471,109,A4,-0.069794,0.314491,1
20230622T111856,20230703T122644,11.0471,110,A4,-0.099120,0.148026,1
20230622T111856,20230703T122644,11.0471,111,A4,0.131278,0.929465,1
20230622T111856,20230703T122644,11.0471,112,A4,-0.142294,0.028696,1
20230622T111856,20230703T122644,11.0471,114,A4,-0.016468,0.114073,0
20230622T111856,20230703T122644,11.0471,116,A4,0.079596,0.626686,0
20230622T111856,20230703T122644,11.0471,118,A4,0.066724,0.112871,1
20230622T111856,20230703T122644,11.0471,119,A4,0.082309,0.622703,0
20230622T111856,20230703T122644,11.0471,121,A4,0.841982,0.604653,1
20230622T111856,20230703T122644,11.0471,122,A4,0.825399,0.087209,1
20230622T111856,20230703T122644,11.0471,123,A4,0.276504,0.194020,0
20230622T111856,20230703T122644,11.0471,124,A4,-0.341525,0.309936,0
20230622T111856,20230703T122644,11.0471,125,A4,-0.014432,0.016681,1
20230622T111856,20230703T122644,11.0471,126,A4,-0.109703,0.431209,0
20230622T111856,20230703T122644,11.0471,127,A4,0.143186,0.651665,0
20230622T111856,20230703T122644,11.0471,128,A4,0.067663,0.626596,1
20230622T111856,20230703T122644,11.0471,130,A5,-0.030568,1.065740,0
20230622T111856,20230703T122644,11.0471,132,A5,-0.005299,1.063230,0
20230622T111856,20230703T122644,11.0471,133,A5,-0.347376,1.244722,0
20230622T111856,20230703T122644,11.0471,134,A5,0.547487,0.033694,1
20230622T111856,20230703T122644,11.0471,135,A5,0.251101,1.425613,0
20230622T111856,20230703T122644,11.0471,136,A5,0.291460,0.483553,1
20230622T111856,20230703T122644,11.0471,137,A5,0.548371,0.028405,1
20230622T111856,20230703T122644,11.0471,138,A5,0.411604,0.163151,1
20230622T111856,20230703T122644,11.0471,139,A5,0.843271,0.081854,1
20230622T111856,20230703T122644,11.0471,140,A5,0.734962,0.329164,0
20230622T111856,20230703T122644,11.0471,141,A5,0.099941,0.131639,1
20230622T111856,20230703T122644,11.0471,142,A5,0.409481,0.576422,1
20230622T111856,20230703T122644,11.0471,143,A5,0.219975,0.140171,1
20230622T111856,20230703T122644,11.0471,144,A5,0.025839,0.226330,0
20230622T111856,20230703T122644,11.0471,145,A5,0.226259,0.558976,1
20230622T111856,20230703T122644,11.0471,146,A5,0.567306,0.669505,1
20230622T111856,20230703T122644,11.0471,147,A5,0.734881,0.671969,1
20230622T111856,20230703T122644,11.0471,149,A5,0.000926,0.954449,1
20230622T111856,20230703T122644,11.0471,150,A5,-0.074588,0.009743,1
20230622T111856,20230703T122644,11.0471,151,A5,0.280010,0.275222,1
20230622T111856,20230703T122644,11.0471,152,A5,0.219273,1.138919,0
20230622T111856,20230703T122644,11.0471,153,A5,0.582018,0.067514,1
20230622T111856,20230703T122644,11.0471,154,A5,0.106668,0.983080,1
20230622T111856,20230703T122644,11.0471,155,A5,0.087719,1.452438,0
20230622T111856,20230703T122644,11.0471,156,A5,0.187340,0.708172,0
20230622T111856,20230703T122644,11.0471,157,A5,0.024026,0.436221,1
20230622T111856,20230703T122644,11.0471,158,A5,-0.227686,0.441475,0
20230622T111856,20230703T122644,11.0471,159,A5,-0.042893,0.543400,0
20230622T111856,20230703T122644,11.0471,160,A5,-0.139074,0.275007,0
20230628T101631,20230629T100435,0.9917,1,A1,0.261446,0.086353,1
20230628T101631,20230629T100435,0.9917,4,A1,0.233269,0.016418,1
20230628T101631,20230629T100435,0.9917,6,A1,-0.032558,1.034801,0
20230628T101631,20230629T100435,0.9917,8,A1,0.024466,0.298964,0
20230628T101631,20230629T100435,0.9917,9,A1,0.366859,0.620273,1
20230628T101631,20230629T100435,0.9917,10,A1,0.236936,0.097409,1
20230628T101631,20230629T100435,0.9917,11,A1,0.793222,0.158058,0
20230628T101631,20230629T100435,0.9917,12,A1,0.174740,0.274524,0
20230628T101631,20230629T100435,0.9917,13,A1,0.943751,0.010135,1
20230628T101631,20230629T100435,0.9917,14,A1,-0.016396,0.240795,1
20230628T101631,20230629T100435,0.9917,15,A1,0.894991,0.077869,1
20230628T101631,20230629T100435,0.9917,17,A1,0.256462,0.035975,1
20230628T101631,20230629T100435,0.9917,18,A1,0.313423,0.795354,0
20230628T101631,20230629T100435,0.9917,19,A1,0.220839,0.776226,0
20230628T101631,20230629T100435,0.9917,22,A1,0.477896,0.513942,0
20230628T101631,20230629T100435,0.9917,23,A1,-0.206997,0.006808,1
20230628T101631,20230629T100435,0.9917,24,A1,0.535071,0.045741,1
20230628T101631,20230629T100435,0.9917,25,A1,0.295056,0.783822,1
20230628T101631,20230629T100435,0.9917,26,A1,0.575927,0.092090,1
20230628T101631,20230629T100435,0.9917,27,A1,0.016367,0.389133,1
20230628T101631,20230629T100435,0.9917,28,A1,0.344669,1.026180,0
20230628T101631,20230629T100435,0.9917,29,A1,0.895906,0.685248,1
20230628T101631,20230629T100435,0.9917,30,A1,0.766302,0.000000,1
20230628T101631,20230629T100435,0.9917,31,A1,0.562920,0.298286,1
20230628T101631,20230629T100435,0.9917,32,A1,0.816500,0.320272,1
20230628T101631,20230629T100435,0.9917,36,A2,0.039753,0.286283,1
20230628T101631,20230629T100435,0.9917,37,A2,-0.073805,0.887920,0
20230628T101631,20230629T100435,0.9917,39,A2,0.296985,0.287197,1
20230628T101631,20230629T100435,0.9917,40,A2,0.215566,0.164990,1
20230628T101631,20230629T100435,0.9917,41,A2,0.339871,0.681757,0
20230628T101631,20230629T100435,0.9917,42,A2,0.043680,0.411730,0
20230628T101631,20230629T100435,0.9917,43,A2,0.318218,1.189816,0
20230628T101631,20230629T100435,0.9917,44,A2,0.335408,0.813603,1
20230628T101631,20230629T100435,0.9917,46,A2,0.198079,0.873025,0
20230628T101631,20230629T100435,0.9917,47,A2,0.824199,0.583271,1
20230628T101631,20230629T100435,0.9917,48,A2,-0.142421,1.071782,0
20230628T101631,20230629T100435,0.9917,49,A2,-0.138702,0.002192,1
20230628T101631,20230629T100435,0.9917,53,A2,0.115170,0.097890,0
20230628T101631,20230629T100435,0.9917,54,A2,0.159245,0.089341,1
20230628T101631,20230629T100435,0.9917,55,A2,-0.097979,0.412737,0
20230628T101631,20230629T100435,0.9917,57,A2,0.121703,0.319035,0
20230628T101631,20230629T100435,0.9917,58,A2,-0.003056,0.625242,0
20230628T101631,20230629T100435,0.9917,59,A2,0.196865,0.391559,0
20230628T101631,20230629T100435,0.9917,60,A2,0.572008,0.618843,1
20230628T101631,20230629T100435,0.9917,61,A2,0.691384,0.567476,1
20230628T101631,20230629T100435,0.9917,62,A2,0.755304,0.687334,1
20230628T101631,20230629T100435,0.9917,63,A2,0.863108,0.741537,0
20230628T101631,20230629T100435,0.9917,64,A2,0.788820,0.196158,1
20230628T101631,20230629T100435,0.9917,69,A3,0.538755,0.295273,1
20230628T101631,20230629T100435,0.9917,70,A3,0.709562,0.113867,1
20230628T101631,20230629T100435,0.9917,71,A3,0.869724,0.491443,0
20230628T101631,20230629T100435,0.9917,72,A3,0.228050,0.825416,0
20230628T101631,20230629T100435,0.9917,74,A3,-0.066221,0.013513,1
20230628T101631,20230629T100435,0.9917,75,A3,0.096769,1.024541,0
20230628T101631,20230629T100435,0.9917,76,A3,0.693130,0.073340,1
20230628T101631,20230629T100435,0.9917,77,A3,0.304585,1.929992,0
20230628T101631,20230629T100435,0.9917,78,A3,0.273460,0.215516,0
20230628T101631,20230629T100435,0.9917,80,A3,0.665030,0.182913,1
20230628T101631,20230629T100435,0.9917,81,A3,-0.020747,0.054502,0
20230628T101631,20230629T100435,0.9917,82,A3,0.886027,0.129952,1
20230628T101631,20230629T100435,0.9917,83,A3,0.329588,0.144414,1
20230628T101631,20230629T100435,0.9917,84,A3,0.211190,0.053967,1
20230628T101631,20230629T100435,0.9917,85,A3,0.016533,0.835273,0
20230628T101631,20230629T100435,0.9917,86,A3,0.159931,0.204178,1
20230628T101631,20230629T100435,0.9917,87,A3,0.673341,0.546521,0
20230628T101631,20230629T100435,0.9917,88,A3,-0.189578,1.213538,0
20230628T101631,20230629T100435,0.9917,91,A3,-0.045896,0.732166,0
20230628T101631,20230629T100435,0.9917,93,A3,0.261025,0.347515,0
20230628T101631,20230629T100435,0.9917,95,A3,0.681757,0.181764,1
20230628T101631,20230629T100435,0.9917,97,A4,0.005915,0.317845,1
20230628T101631,20230629T100435,0.9917,98,A4,-0.206960,0.004368,1
20230628T101631,20230629T100435,0.9917,100,A4,-0.189819,0.087457,0
20230628T101631,20230629T100435,0.9917,101,A4,0.065662,0.045035,1
20230628T101631,20230629T100435,0.9917,102,A4,0.126562,0.109463,1
20230628T101631,20230629T100435,0.9917,103,A4,0.162106,0.550189,1
20230628T101631,20230629T100435,0.9917,104,A4,-0.188454,0.847520,1
20230628T101631,20230629T100435,0.9917,106,A4,0.017647,0.638157,1
20230628T101631,20230629T100435,0.9917,107,A4,0.220749,0.341658,1
20230628T101631,20230629T100435,0.9917,108,A4,-0.039981,0.113182,1
20230628T101631,20230629T100435,0.9917,109,A4,-0.131158,1.047694,0
20230628T101631,20230629T100435,0.9917,110,A4,-0.295564,1.504141,0
20230628T101631,20230629T100435,0.9917,111,A4,0.234790,0.945094,1
20230628T101631,20230629T100435,0.9917,112,A4,0.290046,0.957395,1
20230628T101631,20230629T100435,0.9917,114,A4,0.124932,0.038486,1
20230628T101631,20230629T100435,0.9917,115,A4,0.000557,0.105250,0
20230628T101631,20230629T100435,0.9917,116,A4,0.270298,0.014251,1
20230628T101631,20230629T100435,0.9917,118,A4,-0.026600,0.194728,0
20230628T101631,20230629T100435,0.9917,119,A4,-0.033974,0.872038,1
20230628T101631,20230629T100435,0.9917,120,A4,0.039663,0.966210,1
20230628T101631,20230629T100435,0.9917,121,A4,0.693198,0.744254,1
20230628T101631,20230629T100435,0.9917,122,A4,0.809558,0.379800,1
20230628T101631,20230629T100435,0.9917,123,A4,0.268189,0.245904,0
20230628T101631,20230629T100435,0.9917,125,A4,-0.015065,0.003173,1
20230628T101631,20230629T100435,0.9917,126,A4,0.053769,0.019485,1
20230628T101631,20230629T100435,0.9917,127,A4,-0.005598,1.009118,0
20230628T101631,20230629T100435,0.9917,129,A5,0.235773,0.361234,1
20230628T101631,20230629T100435,0.9917,130,A5,0.775068,0.211604,1
20230628T101631,20230629T100435,0.9917,133,A5,0.094083,0.528540,1
20230628T101631,20230629T100435,0.9917,134,A5,0.303986,0.064946,1
20230628T101631,20230629T100435,0.9917,135,A5,0.183219,0.185342,1
20230628T101631,20230629T100435,0.9917,136,A5,-0.116376,0.474427,1
20230628T101631,20230629T100435,0.9917,137,A5,0.842933,0.549575,0
20230628T101631,20230629T100435,0.9917,138,A5,-0.065020,0.028017,1
20230628T101631,20230629T100435,0.9917,141,A5,0.356258,0.916089,1
20230628T101631,20230629T100435,0.9917,142,A5,0.130593,0.116263,0
20230628T101631,20230629T100435,0.9917,143,A5,-0.241861,1.054282,0
20230628T101631,20230629T100435,0.9917,144,A5,0.041069,0.206273,0
20230628T101631,20230629T100435,0.9917,145,A5,0.181687,0.600410,1
20230628T101631,20230629T100435,0.9917,146,A5,0.560399,0.104173,1
20230628T101631,20230629T100435,0.9917,147,A5,0.882420,0.085602,1
20230628T101631,20230629T100435,0.9917,149,A5,-0.000329,0.902956,0
20230628T101631,20230629T100435,0.9917,150,A5,-0.038371,0.020509,0
20230628T101631,20230629T100435,0.9917,151,A5,0.121415,0.237870,0
20230628T101631,20230629T100435,0.9917,152,A5,0.015468,0.126667,1
20230628T101631,20230629T100435,0.9917,153,A5,0.425761,0.461249,0
20230628T101631,20230629T100435,0.9917,157,A5,-0.122941,0.129158,0
20230628T101631,20230629T100435,0.9917,158,A5,-0.025320,0.844417,0
20230628T101631,20230629T100435,0.9917,160,A5,0.150460,1.027304,0
20230628T101631,20230703T122644,5.0904,1,A1,0.396271,0.103892,1
20230628T101631,20230703T122644,5.0904,3,A1,0.340373,0.084890,1
20230628T101631,20230703T122644,5.0904,4,A1,0.176032,0.089837,0
20230628T101631,20230703T122644,5.0904,6,A1,0.479101,1.003077,0
20230628T101631,20230703T122644,5.0904,9,A1,0.156574,0.459507,0
20230628T101631,20230703T122644,5.0904,10,A1,0.517144,0.013757,1
20230628T101631,20230703T122644,5.0904,11,A1,0.892474,0.026265,1
20230628T101631,20230703T122644,5.0904,12,A1,0.514368,0.584881,1
20230628T101631,20230703T122644,5.0904,13,A1,0.902098,0.152985,1
20230628T101631,20230703T122644,5.0904,14,A1,0.230261,0.078888,0
20230628T101631,20230703T122644,5.0904,15,A1,0.771313,1.158579,0
20230628T101631,20230703T122644,5.0904,17,A1,0.318668,0.048810,1
20230628T101631,20230703T122644,5.0904,18,A1,0.053255,0.373292,1
20230628T101631,20230703T122644,5.0904,19,A1,0.421505,0.272282,1
20230628T101631,20230703T122644,5.0904,21,A1,0.538943,0.026163,1
20230628T101631,20230703T122644,5.0904,22,A1,0.565436,0.368534,1
20230628T101631,20230703T122644,5.0904,23,A1,-0.139437,0.023523,1
20230628T101631,20230703T122644,5.0904,24,A1,0.042566,0.038093,1
20230628T101631,20230703T122644,5.0904,26,A1,0.640074,0.036784,0
20230628T101631,20230703T122644,5.0904,27,A1,0.790029,0.048849,1
20230628T101631,20230703T122644,5.0904,28,A1,0.302183,0.075676,0
20230628T101631,20230703T122644,5.0904,29,A1,0.851516,0.085958,1
20230628T101631,20230703T122644,5.0904,30,A1,0.806416,0.000000,1
20230628T101631,20230703T122644,5.0904,31,A1,0.733263,0.258036,1
20230628T101631,20230703T122644,5.0904,32,A1,0.740028,0.670437,1
20230628T101631,20230703T122644,5.0904,33,A2,0.327343,0.017429,1
20230628T101631,20230703T122644,5.0904,34,A2,-0.013254,0.017083,1
20230628T101631,20230703T122644,5.0904,36,A2,0.410920,1.401818,0
20230628T101631,20230703T122644,5.0904,37,A2,-0.094066,0.164370,0
20230628T101631,20230703T122644,5.0904,39,A2,0.238680,0.118761,1
20230628T101631,20230703T122644,5.0904,40,A2,0.134450,0.201902,0
20230628T101631,20230703T122644,5.0904,41,A2,0.491058,0.054051,1
20230628T101631,20230703T122644,5.0904,42,A2,-0.224530,0.300066,1
20230628T101631,20230703T122644,5.0904,43,A2,0.292066,0.576934,0
20230628T101631,20230703T122644,5.0904,44,A2,0.707168,0.986874,1
20230628T101631,20230703T122644,5.0904,46,A2,0.376945,0.736278,1
20230628T101631,20230703T122644,5.0904,47,A2,0.726997,0.091967,1
20230628T101631,20230703T122644,5.0904,49,A2,-0.089923,0.002866,1
20230628T101631,20230703T122644,5.0904,51,A2,0.407970,0.270983,0
20230628T101631,20230703T122644,5.0904,52,A2,0.227276,1.002178,0
20230628T101631,20230703T122644,5.0904,53,A2,0.114896,0.076745,0
20230628T101631,20230703T122644,5.0904,55,A2,0.314840,0.056567,1
20230628T101631,20230703T122644,5.0904,57,A2,-0.129759,0.093866,1
20230628T101631,20230703T122644,5.0904,58,A2,-0.065439,0.121263,1
20230628T101631,20230703T122644,5.0904,59,A2,0.091121,0.452540,0
20230628T101631,20230703T122644,5.0904,60,A2,-0.030740,0.184301,1
20230628T101631,20230703T122644,5.0904,62,A2,0.711295,0.311873,1
20230628T101631,20230703T122644,5.0904,63,A2,0.884074,0.334987,0
20230628T101631,20230703T122644,5.0904,64,A2,0.837976,0.597201,1
20230628T101631,20230703T122644,5.0904,65,A3,0.156971,0.000000,1
20230628T101631,20230703T122644,5.0904,66,A3,0.708204,0.263412,1
20230628T101631,20230703T122644,5.0904,68,A3,0.390732,0.771790,1
20230628T101631,20230703T122644,5.0904,69,A3,0.509185,0.676877,1
20230628T101631,20230703T122644,5.0904,70,A3,0.384533,0.446267,0
20230628T101631,20230703T122644,5.0904,72,A3,-0.141553,0.022840,0
20230628T101631,20230703T122644,5.0904,73,A3,0.112524,0.103027,0
20230628T101631,20230703T122644,5.0904,74,A3,-0.052081,0.850679,0
20230628T101631,20230703T122644,5.0904,75,A3,-0.061395,0.404342,1
20230628T101631,20230703T122644,5.0904,76,A3,0.230331,0.064158,1
20230628T101631,20230703T122644,5.0904,77,A3,0.539788,0.834330,1
20230628T101631,20230703T122644,5.0904,78,A3,-0.220928,0.616055,1
20230628T101631,20230703T122644,5.0904,79,A3,-0.425587,0.169266,1
20230628T101631,20230703T122644,5.0904,80,A3,0.560373,0.202252,1
20230628T101631,20230703T122644,5.0904,81,A3,-0.119918,0.910319,1
20230628T101631,20230703T122644,5.0904,82,A3,0.778705,0.000000,1
20230628T101631,20230703T122644,5.0904,84,A3,0.423501,0.150648,0
20230628T101631,20230703T122644,5.0904,85,A3,0.129382,0.339572,1
20230628T101631,20230703T122644,5.0904,86,A3,0.410310,0.236057,0
20230628T101631,20230703T122644,5.0904,87,A3,0.649647,0.698699,1
20230628T101631,20230703T122644,5.0904,88,A3,-0.469117,0.077343,1
20230628T101631,20230703T122644,5.0904,89,A3,-0.310347,0.017384,0
20230628T101631,20230703T122644,5.0904,91,A3,0.279841,1.652974,0
20230628T101631,20230703T122644,5.0904,93,A3,0.223345,0.308416,1
20230628T101631,20230703T122644,5.0904,94,A3,0.402505,0.583657,1
20230628T101631,20230703T122644,5.0904,95,A3,0.488272,0.439460,1
20230628T101631,20230703T122644,5.0904,97,A4,0.101610,0.246892,1
20230628T101631,20230703T122644,5.0904,98,A4,0.058955,0.465413,0
20230628T101631,20230703T122644,5.0904,100,A4,0.096284,0.170592,0
20230628T101631,20230703T122644,5.0904,101,A4,0.012037,0.081089,0
20230628T101631,20230703T122644,5.0904,102,A4,-0.240261,0.419698,1
20230628T101631,20230703T122644,5.0904,103,A4,-0.107784,0.511911,1
20230628T101631,20230703T122644,5.0904,104,A4,0.016687,0.500480,1
20230628T101631,20230703T122644,5.0904,105,A4,0.265248,0.038293,1
20230628T101631,20230703T122644,5.0904,106,A4,-0.387384,1.357325,0
20230628T101631,20230703T122644,5.0904,107,A4,0.292483,0.343325,1
20230628T101631,20230703T122644,5.0904,108,A4,0.035866,0.173645,1
20230628T101631,20230703T122644,5.0904,109,A4,-0.186106,0.981006,0
20230628T101631,20230703T122644,5.0904,110,A4,-0.020744,1.041577,0
20230628T101631,20230703T122644,5.0904,111,A4,0.253476,1.070535,0
20230628T101631,20230703T122644,5.0904,112,A4,-0.106407,0.013437,1
20230628T101631,20230703T122644,5.0904,114,A4,-0.147864,0.059794,0
20230628T101631,20230703T122644,5.0904,116,A4,0.089213,0.050291,0
20230628T101631,20230703T122644,5.0904,118,A4,-0.152283,0.235152,0
20230628T101631,20230703T122644,5.0904,119,A4,-0.198765,0.335735,1
20230628T101631,20230703T122644,5.0904,121,A4,0.689884,0.234216,1
20230628T101631,20230703T122644,5.0904,122,A4,0.780896,0.216731,1
20230628T101631,20230703T122644,5.0904,123,A4,0.057030,0.218714,0
20230628T101631,20230703T122644,5.0904,125,A4,0.152588,0.000149,1
20230628T101631,20230703T122644,5.0904,126,A4,-0.106794,0.255649,1
20230628T101631,20230703T122644,5.0904,127,A4,0.184716,0.812387,1
20230628T101631,20230703T122644,5.0904,130,A5,0.682414,0.823325,0
20230628T101631,20230703T122644,5.0904,132,A5,0.205671,0.791578,1
20230628T101631,20230703T122644,5.0904,133,A5,-0.195874,1.049638,0
20230628T101631,20230703T122644,5.0904,134,A5,0.573614,0.008186,1
20230628T101631,20230703T122644,5.0904,135,A5,-0.101595,1.510921,0
20230628T101631,20230703T122644,5.0904,136,A5,-0.203896,0.995501,0
20230628T101631,20230703T122644,5.0904,137,A5,0.686711,0.506824,0
20230628T101631,20230703T122644,5.0904,138,A5,0.165038,0.230759,1
20230628T101631,20230703T122644,5.0904,139,A5,0.785421,0.000000,1
20230628T101631,20230703T122644,5.0904,140,A5,0.639003,0.464278,0
20230628T101631,20230703T122644,5.0904,141,A5,0.305545,0.945996,1
20230628T101631,20230703T122644,5.0904,142,A5,0.269032,0.904050,1
20230628T101631,20230703T122644,5.0904,143,A5,-0.065819,0.007004,1
20230628T101631,20230703T122644,5.0904,144,A5,-0.274512,0.151908,1
20230628T101631,20230703T122644,5.0904,145,A5,0.324140,0.981265,1
20230628T101631,20230703T122644,5.0904,146,A5,0.558820,0.177325,1
20230628T101631,20230703T122644,5.0904,147,A5,0.877055,0.651198,1
20230628T101631,20230703T122644,5.0904,149,A5,0.333861,0.941223,0
20230628T101631,20230703T122644,5.0904,150,A5,-0.046384,0.047570,0
20230628T101631,20230703T122644,5.0904,151,A5,-0.126250,0.053773,0
20230628T101631,20230703T122644,5.0904,152,A5,-0.008630,1.154433,0
20230628T101631,20230703T122644,5.0904,153,A5,0.720874,0.268130,1
20230628T101631,20230703T122644,5.0904,154,A5,-0.124662,1.016920,0
20230628T101631,20230703T122644,5.0904,155,A5,0.246950,2.000000,0
20230628T101631,20230703T122644,5.0904,157,A5,0.043071,0.045766,1
20230628T101631,20230703T122644,5.0904,158,A5,-0.020116,0.600673,0
20230628T101631,20230703T122644,5.0904,159,A5,-0.062947,0.607478,0
20230628T101631,20230703T122644,5.0904,160,A5,-0.172715,0.932314,1
20230629T100435,20230703T122644,4.0987,1,A1,-0.171493,0.017540,1
20230629T100435,20230703T122644,4.0987,4,A1,0.102455,0.073420,0
20230629T100435,20230703T122644,4.0987,6,A1,-0.207319,0.031724,1
20230629T100435,20230703T122644,4.0987,9,A1,0.240940,1.079780,0
20230629T100435,20230703T122644,4.0987,10,A1,0.202059,0.083652,1
20230629T100435,20230703T122644,4.0987,11,A1,0.848102,0.131793,0
20230629T100435,20230703T122644,4.0987,12,A1,0.152213,0.859405,0
20230629T100435,20230703T122644,4.0987,13,A1,0.861273,0.163120,1
20230629T100435,20230703T122644,4.0987,14,A1,-0.122979,0.319684,0
20230629T100435,20230703T122644,4.0987,15,A1,0.767387,1.236448,0
20230629T100435,20230703T122644,4.0987,17,A1,-0.096606,0.012835,1
20230629T100435,20230703T122644,4.0987,18,A1,-0.257356,0.422063,0
20230629T100435,20230703T122644,4.0987,19,A1,0.287687,1.048507,0
20230629T100435,20230703T122644,4.0987,22,A1,0.834982,0.145407,0
20230629T100435,20230703T122644,4.0987,23,A1,0.258165,0.016715,1
20230629T100435,20230703T122644,4.0987,24,A1,-0.124369,0.007648,1
20230629T100435,20230703T122644,4.0987,26,A1,0.581659,0.128874,0
20230629T100435,20230703T122644,4.0987,27,A1,0.090710,0.437983,1
20230629T100435,20230703T122644,4.0987,28,A1,0.400041,0.950503,1
20230629T100435,20230703T122644,4.0987,29,A1,0.886515,0.599290,1
20230629T100435,20230703T122644,4.0987,30,A1,0.811107,0.000000,1
20230629T100435,20230703T122644,4.0987,31,A1,0.164430,0.040251,1
20230629T100435,20230703T122644,4.0987,32,A1,0.815262,0.350165,1
20230629T100435,20230703T122644,4.0987,36,A2,0.041127,1.115535,0
20230629T100435,20230703T122644,4.0987,37,A2,0.165965,0.723550,1
20230629T100435,20230703T122644,4.0987,39,A2,0.133236,0.168436,1
20230629T100435,20230703T122644,4.0987,40,A2,0.030566,0.366892,0
20230629T100435,20230703T122644,4.0987,41,A2,0.317183,0.627706,0
20230629T100435,20230703T122644,4.0987,42,A2,-0.107016,0.711797,0
20230629T100435,20230703T122644,4.0987,43,A2,0.225399,0.612882,1
20230629T100435,20230703T122644,4.0987,44,A2,0.361853,0.173271,1
20230629T100435,20230703T122644,4.0987,46,A2,0.119663,0.136747,0
20230629T100435,20230703T122644,4.0987,47,A2,0.723639,0.491304,1
20230629T100435,20230703T122644,4.0987,49,A2,0.058538,0.000673,1
20230629T100435,20230703T122644,4.0987,50,A2,-0.140969,0.286547,1
20230629T100435,20230703T122644,4.0987,53,A2,0.244162,0.021144,1
20230629T100435,20230703T122644,4.0987,55,A2,-0.089516,0.469304,0
20230629T100435,20230703T122644,4.0987,57,A2,-0.094146,0.225168,0
20230629T100435,20230703T122644,4.0987,58,A2,0.335027,0.503979,0
20230629T100435,20230703T122644,4.0987,59,A2,0.112152,0.060981,1
20230629T100435,20230703T122644,4.0987,60,A2,-0.158978,0.434542,1
20230629T100435,20230703T122644,4.0987,62,A2,0.745849,0.375461,1
20230629T100435,20230703T122644,4.0987,63,A2,0.892844,0.406550,1
20230629T100435,20230703T122644,4.0987,64,A2,0.836743,0.793359,1
20230629T100435,20230703T122644,4.0987,69,A3,0.346184,0.381604,1
20230629T100435,20230703T122644,4.0987,70,A3,0.475842,0.560133,0
20230629T100435,20230703T122644,4.0987,72,A3,0.257381,0.802576,1
20230629T100435,20230703T122644,4.0987,74,A3,0.179524,0.837166,0
20230629T100435,20230703T122644,4.0987,75,A3,0.188236,0.620199,0
20230629T100435,20230703T122644,4.0987,76,A3,0.506060,0.137498,1
20230629T100435,20230703T122644,4.0987,77,A3,0.405767,1.095662,0
20230629T100435,20230703T122644,4.0987,78,A3,-0.028852,0.831570,0
20230629T100435,20230703T122644,4.0987,80,A3,0.718196,0.019339,1
20230629T100435,20230703T122644,4.0987,81,A3,0.024831,0.964821,0
20230629T100435,20230703T122644,4.0987,82,A3,0.812238,0.129952,1
20230629T100435,20230703T122644,4.0987,84,A3,0.096269,0.096680,0
20230629T100435,20230703T122644,4.0987,85,A3,-0.031687,1.174845,0
20230629T100435,20230703T122644,4.0987,86,A3,0.162011,0.031879,0
20230629T100435,20230703T122644,4.0987,87,A3,0.508668,1.245221,0
20230629T100435,20230703T122644,4.0987,88,A3,0.244082,1.136195,0
20230629T100435,20230703T122644,4.0987,90,A3,0.180422,0.076080,1
20230629T100435,20230703T122644,4.0987,91,A3,-0.286223,0.920808,1
20230629T100435,20230703T122644,4.0987,93,A3,0.263999,0.039100,0
20230629T100435,20230703T122644,4.0987,95,A3,0.611968,0.621224,1
20230629T100435,20230703T122644,4.0987,97,A4,0.321865,0.070953,1
20230629T100435,20230703T122644,4.0987,98,A4,0.474710,0.461045,0
20230629T100435,20230703T122644,4.0987,100,A4,0.154602,0.083135,1
20230629T100435,20230703T122644,4.0987,101,A4,-0.011229,0.036055,0
20230629T100435,20230703T122644,4.0987,102,A4,-0.239494,0.310235,1
20230629T100435,20230703T122644,4.0987,103,A4,-0.297132,0.038277,1
20230629T100435,20230703T122644,4.0987,104,A4,0.027101,0.347040,1
20230629T100435,20230703T122644,4.0987,106,A4,-0.129299,0.719168,0
20230629T100435,20230703T122644,4.0987,107,A4,0.334836,0.001667,1
20230629T100435,20230703T122644,4.0987,108,A4,-0.126064,0.060464,1
20230629T100435,20230703T122644,4.0987,109,A4,-0.154788,0.066688,1
20230629T100435,20230703T122644,4.0987,110,A4,0.141679,0.462564,1
20230629T100435,20230703T122644,4.0987,111,A4,0.098394,0.125441,0
20230629T100435,20230703T122644,4.0987,112,A4,-0.231630,0.943957,1
20230629T100435,20230703T122644,4.0987,114,A4,-0.048226,0.021309,0
20230629T100435,20230703T122644,4.0987,116,A4,0.188113,0.036040,0
20230629T100435,20230703T122644,4.0987,118,A4,-0.083841,0.040425,1
20230629T100435,20230703T122644,4.0987,119,A4,-0.122111,0.536303,1
20230629T100435,20230703T122644,4.0987,121,A4,0.594839,0.510038,1
20230629T100435,20230703T122644,4.0987,122,A4,0.703175,0.163069,1
20230629T100435,20230703T122644,4.0987,123,A4,0.002239,0.027190,1
20230629T100435,20230703T122644,4.0987,124,A4,-0.031547,0.210654,1
20230629T100435,20230703T122644,4.0987,125,A4,0.239606,0.003322,1
20230629T100435,20230703T122644,4.0987,126,A4,-0.156457,0.236164,1
20230629T100435,20230703T122644,4.0987,127,A4,-0.010293,0.196731,0
20230629T100435,20230703T122644,4.0987,128,A4,-0.275151,0.645042,1
20230629T100435,20230703T122644,4.0987,130,A5,0.744509,0.611720,0
20230629T100435,20230703T122644,4.0987,133,A5,0.042462,0.521098,0
20230629T100435,20230703T122644,4.0987,134,A5,0.348179,0.056760,1
20230629T100435,20230703T122644,4.0987,135,A5,-0.160160,1.325579,0
20230629T100435,20230703T122644,4.0987,136,A5,-0.132780,0.521074,0
20230629T100435,20230703T122644,4.0987,137,A5,0.868642,0.042751,1
20230629T100435,20230703T122644,4.0987,138,A5,0.077269,0.258776,1
20230629T100435,20230703T122644,4.0987,141,A5,0.140489,0.029907,1
20230629T100435,20230703T122644,4.0987,142,A5,0.310378,1.020314,0
20230629T100435,20230703T122644,4.0987,143,A5,-0.028861,1.047278,0
20230629T100435,20230703T122644,4.0987,144,A5,-0.167351,0.054365,0
20230629T100435,20230703T122644,4.0987,145,A5,0.356815,0.380855,1
20230629T100435,20230703T122644,4.0987,146,A5,0.494079,0.073153,1
20230629T100435,20230703T122644,4.0987,147,A5,0.912919,0.736800,1
20230629T100435,20230703T122644,4.0987,149,A5,0.279810,0.038267,1
20230629T100435,20230703T122644,4.0987,150,A5,0.055570,0.027062,1
20230629T100435,20230703T122644,4.0987,151,A5,-0.113089,0.184097,1
20230629T100435,20230703T122644,4.0987,152,A5,-0.044721,1.027766,0
20230629T100435,20230703T122644,4.0987,153,A5,0.337356,0.193119,0
20230629T100435,20230703T122644,4.0987,156,A5,0.134448,0.583127,0
20230629T100435,20230703T122644,4.0987,157,A5,0.096003,0.083392,0
20230629T100435,20230703T122644,4.0987,158,A5,0.238488,0.243744,1
20230629T100435,20230703T122644,4.0987,160,A5,-0.323163,0.094989,0
