session_i,session_j,gap_days,channel,array_name,waveform_r,abs_delta_si,sign_match
20210204T131620,20210205T151709,1.0839,1,A1,-0.259664,1.992816,0
20210204T131620,20210205T151709,1.0839,2,A1,0.129269,0.968545,0
20210204T131620,20210205T151709,1.0839,3,A1,0.143015,0.684817,1
20210204T131620,20210205T151709,1.0839,4,A1,0.400779,0.305388,1
20210204T131620,20210205T151709,1.0839,5,A1,-0.032603,0.470533,0
20210204T131620,20210205T151709,1.0839,6,A1,0.558596,0.245246,0
20210204T131620,20210205T151709,1.0839,7,A1,0.299812,0.836676,1
20210204T131620,20210205T151709,1.0839,8,A1,0.378191,0.129209,0
20210204T131620,20210205T151709,1.0839,9,A1,0.270709,0.075191,1
20210204T131620,20210205T151709,1.0839,10,A1,0.842567,0.461105,1
20210204T131620,20210205T151709,1.0839,11,A1,0.033043,0.518024,1
20210204T131620,20210205T151709,1.0839,12,A1,0.888535,0.169763,1
20210204T131620,20210205T151709,1.0839,13,A1,0.045027,0.006738,1
20210204T131620,20210205T151709,1.0839,14,A1,0.654674,0.293540,1
20210204T131620,20210205T151709,1.0839,15,A1,0.571716,0.000000,1
20210204T131620,20210205T151709,1.0839,16,A1,0.546736,0.150790,1
20210204T131620,20210205T151709,1.0839,17,A1,0.196752,0.164120,0
20210204T131620,20210205T151709,1.0839,20,A1,0.785395,0.098152,1
20210204T131620,20210205T151709,1.0839,21,A1,-0.074419,0.352780,0
20210204T131620,20210205T151709,1.0839,24,A1,0.221690,0.355592,0
20210204T131620,20210205T151709,1.0839,26,A1,0.918204,0.000000,1
20210204T131620,20210205T151709,1.0839,27,A1,0.215082,0.353196,1
20210204T131620,20210205T151709,1.0839,28,A1,0.938954,0.000000,1
20210204T131620,20210205T151709,1.0839,29,A1,0.734913,0.000000,1
20210204T131620,20210205T151709,1.0839,31,A1,-0.344083,0.425248,0
20210204T131620,20210205T151709,1.0839,32,A1,0.707144,0.155066,1
20210204T131620,20210205T151709,1.0839,35,A2,0.452608,0.340439,0
20210204T131620,20210205T151709,1.0839,37,A2,-0.024073,0.000000,1
20210204T131620,20210205T151709,1.0839,41,A2,0.416399,0.000000,1
20210204T131620,20210205T151709,1.0839,53,A2,0.178159,0.147418,1
20210204T131620,20210205T151709,1.0839,55,A2,0.802811,0.082535,1
20210204T131620,20210205T151709,1.0839,57,A2,0.724867,0.051833,1
20210204T131620,20210205T151709,1.0839,59,A2,0.432171,0.023576,1
20210204T131620,20210205T151709,1.0839,62,A2,0.036362,0.091162,1
20210204T131620,20210205T151709,1.0839,64,A2,0.104597,0.249320,1
20210204T131620,20210205T151709,1.0839,65,A3,0.451499,0.555159,0
20210204T131620,20210205T151709,1.0839,66,A3,0.917830,0.399707,1
20210204T131620,20210205T151709,1.0839,67,A3,0.490816,0.081683,1
20210204T131620,20210205T151709,1.0839,69,A3,0.655022,0.461600,0
20210204T131620,20210205T151709,1.0839,71,A3,0.768315,0.566692,1
20210204T131620,20210205T151709,1.0839,73,A3,0.148359,0.072774,1
20210204T131620,20210205T151709,1.0839,77,A3,0.689203,0.011878,1
20210204T131620,20210205T151709,1.0839,89,A3,0.774204,0.026591,1
20210204T131620,20210205T151709,1.0839,93,A3,0.713072,0.053459,1
20210204T131620,20210205T151709,1.0839,95,A3,0.539424,0.207834,1
20210204T131620,20210205T151709,1.0839,97,A4,0.789949,0.020730,1
20210204T131620,20210205T151709,1.0839,98,A4,0.691318,0.090242,1
20210204T131620,20210205T151709,1.0839,99,A4,0.918004,0.051852,1
20210204T131620,20210205T151709,1.0839,100,A4,0.827116,0.237673,1
20210204T131620,20210205T151709,1.0839,101,A4,0.963689,0.215630,1
20210204T131620,20210205T151709,1.0839,102,A4,0.772472,0.009303,1
20210204T131620,20210205T151709,1.0839,103,A4,0.876710,0.027917,1
20210204T131620,20210205T151709,1.0839,104,A4,0.909526,0.000000,1
20210204T131620,20210205T151709,1.0839,107,A4,0.102283,0.069517,1
20210204T131620,20210205T151709,1.0839,113,A4,0.966758,0.226109,1
20210204T131620,20210205T151709,1.0839,114,A4,0.746021,0.014922,1
20210204T131620,20210205T151709,1.0839,115,A4,0.914086,0.000000,1
20210204T131620,20210205T151709,1.0839,116,A4,0.903617,0.015822,1
20210204T131620,20210205T151709,1.0839,117,A4,0.863505,0.006265,1
20210204T131620,20210205T151709,1.0839,118,A4,0.783589,0.074129,1
20210204T131620,20210205T151709,1.0839,119,A4,0.799483,0.153414,1
20210204T131620,20210205T151709,1.0839,120,A4,0.769261,0.057397,1
20210204T131620,20210205T151709,1.0839,121,A4,0.741678,0.132152,1
20210204T131620,20210205T151709,1.0839,122,A4,0.499538,0.006808,1
20210204T131620,20210205T151709,1.0839,123,A4,0.910587,0.010800,1
20210204T131620,20210205T151709,1.0839,124,A4,0.721467,0.098304,1
20210204T131620,20210205T151709,1.0839,125,A4,0.622551,0.007385,1
20210204T131620,20210205T151709,1.0839,126,A4,0.952397,0.045931,1
20210204T131620,20210205T151709,1.0839,127,A4,0.737687,0.046468,1
20210204T131620,20210205T151709,1.0839,128,A4,0.687768,0.559085,1
20210204T131620,20210205T151709,1.0839,129,A5,0.633785,0.060541,1
20210204T131620,20210205T151709,1.0839,130,A5,0.796557,0.254488,1
20210204T131620,20210205T151709,1.0839,131,A5,0.701422,0.044270,1
20210204T131620,20210205T151709,1.0839,132,A5,0.778936,0.000000,1
20210204T131620,20210205T151709,1.0839,133,A5,0.760578,0.000000,1
20210204T131620,20210205T151709,1.0839,134,A5,0.874544,0.401053,1
20210204T131620,20210205T151709,1.0839,135,A5,0.720442,0.002203,1
20210204T131620,20210205T151709,1.0839,136,A5,0.923917,0.000000,1
20210204T131620,20210205T151709,1.0839,137,A5,0.196821,0.035379,1
20210204T131620,20210205T151709,1.0839,143,A5,0.728622,0.018098,1
20210204T131620,20210205T151709,1.0839,145,A5,0.807225,0.122046,1
20210204T131620,20210205T151709,1.0839,146,A5,0.466781,0.084470,1
20210204T131620,20210205T151709,1.0839,147,A5,0.504589,0.632464,0
20210204T131620,20210205T151709,1.0839,149,A5,0.158494,0.015091,1
20210204T131620,20210205T151709,1.0839,150,A5,0.535658,0.384243,1
20210204T131620,20210205T151709,1.0839,151,A5,0.541536,0.002262,1
20210204T131620,20210205T151709,1.0839,152,A5,0.679553,0.011580,1
20210204T131620,20210205T151709,1.0839,153,A5,0.479137,0.178388,0
20210204T131620,20210205T151709,1.0839,154,A5,0.405974,0.064948,1
20210204T131620,20210205T151709,1.0839,158,A5,0.225570,0.423948,1
20210204T131620,20210205T151709,1.0839,159,A5,0.251530,0.599252,1
20210204T131620,20210205T151709,1.0839,160,A5,-0.145835,0.463067,0
20210204T131620,20210211T163501,7.1380,1,A1,0.214644,0.821440,1
20210204T131620,20210211T163501,7.1380,2,A1,-0.349039,1.658454,0
20210204T131620,20210211T163501,7.1380,3,A1,0.085678,0.684817,1
20210204T131620,20210211T163501,7.1380,4,A1,0.453491,0.382666,1
20210204T131620,20210211T163501,7.1380,5,A1,0.535412,0.759816,1
20210204T131620,20210211T163501,7.1380,6,A1,0.525542,0.260181,1
20210204T131620,20210211T163501,7.1380,7,A1,0.071824,0.765105,1
20210204T131620,20210211T163501,7.1380,8,A1,-0.218931,1.075089,0
20210204T131620,20210211T163501,7.1380,9,A1,0.037382,1.453294,0
20210204T131620,20210211T163501,7.1380,10,A1,0.670041,0.461105,1
20210204T131620,20210211T163501,7.1380,11,A1,0.285027,0.572591,0
20210204T131620,20210211T163501,7.1380,12,A1,0.888594,0.206799,1
20210204T131620,20210211T163501,7.1380,13,A1,-0.351852,0.353648,0
20210204T131620,20210211T163501,7.1380,14,A1,0.161539,0.072999,1
20210204T131620,20210211T163501,7.1380,15,A1,0.562212,0.000000,1
20210204T131620,20210211T163501,7.1380,16,A1,0.339856,0.919400,1
20210204T131620,20210211T163501,7.1380,17,A1,0.306885,0.619159,0
20210204T131620,20210211T163501,7.1380,20,A1,0.417776,0.215148,1
20210204T131620,20210211T163501,7.1380,21,A1,0.134547,0.741934,1
20210204T131620,20210211T163501,7.1380,24,A1,0.154716,0.280115,1
20210204T131620,20210211T163501,7.1380,26,A1,0.904663,0.000000,1
20210204T131620,20210211T163501,7.1380,27,A1,-0.007210,0.000000,1
20210204T131620,20210211T163501,7.1380,28,A1,0.578374,0.000000,1
20210204T131620,20210211T163501,7.1380,29,A1,-0.024505,2.000000,0
20210204T131620,20210211T163501,7.1380,31,A1,-0.121960,0.216551,1
20210204T131620,20210211T163501,7.1380,32,A1,0.549245,0.199611,1
20210204T131620,20210211T163501,7.1380,35,A2,-0.000752,0.167709,1
20210204T131620,20210211T163501,7.1380,37,A2,0.235686,0.611881,1
20210204T131620,20210211T163501,7.1380,41,A2,0.277665,0.000000,1
20210204T131620,20210211T163501,7.1380,53,A2,-0.099937,0.300418,1
20210204T131620,20210211T163501,7.1380,55,A2,0.867994,0.039871,1
20210204T131620,20210211T163501,7.1380,57,A2,0.476348,0.675699,1
20210204T131620,20210211T163501,7.1380,59,A2,0.405346,0.084047,1
20210204T131620,20210211T163501,7.1380,62,A2,-0.055374,0.333767,1
20210204T131620,20210211T163501,7.1380,64,A2,0.234130,0.155025,1
20210204T131620,20210211T163501,7.1380,65,A3,-0.330100,1.101525,0
20210204T131620,20210211T163501,7.1380,66,A3,0.866218,0.491636,1
20210204T131620,20210211T163501,7.1380,67,A3,-0.086506,0.347999,1
20210204T131620,20210211T163501,7.1380,69,A3,-0.244242,0.271822,0
20210204T131620,20210211T163501,7.1380,71,A3,0.413396,0.928818,0
20210204T131620,20210211T163501,7.1380,73,A3,0.179961,0.250635,1
20210204T131620,20210211T163501,7.1380,77,A3,0.147988,0.228947,1
20210204T131620,20210211T163501,7.1380,89,A3,0.118496,0.889653,0
20210204T131620,20210211T163501,7.1380,93,A3,0.486908,0.053736,1
20210204T131620,20210211T163501,7.1380,95,A3,-0.049358,0.096014,1
20210204T131620,20210211T163501,7.1380,97,A4,0.635187,0.022756,1
20210204T131620,20210211T163501,7.1380,98,A4,0.366168,0.269967,1
20210204T131620,20210211T163501,7.1380,99,A4,0.844543,0.041875,1
20210204T131620,20210211T163501,7.1380,100,A4,0.549236,0.098965,1
20210204T131620,20210211T163501,7.1380,101,A4,0.933906,0.119684,1
20210204T131620,20210211T163501,7.1380,102,A4,0.786691,0.162961,1
20210204T131620,20210211T163501,7.1380,103,A4,0.903658,0.001821,1
20210204T131620,20210211T163501,7.1380,104,A4,0.859334,0.180577,1
20210204T131620,20210211T163501,7.1380,107,A4,0.140253,0.016540,1
20210204T131620,20210211T163501,7.1380,113,A4,0.762015,0.351278,1
20210204T131620,20210211T163501,7.1380,114,A4,0.363163,0.293031,1
20210204T131620,20210211T163501,7.1380,115,A4,0.768143,0.000000,1
20210204T131620,20210211T163501,7.1380,116,A4,0.847734,0.051323,1
20210204T131620,20210211T163501,7.1380,117,A4,0.693188,0.057714,1
20210204T131620,20210211T163501,7.1380,118,A4,0.736890,0.110647,1
20210204T131620,20210211T163501,7.1380,119,A4,0.637238,0.268482,1
20210204T131620,20210211T163501,7.1380,120,A4,0.364894,0.091196,1
20210204T131620,20210211T163501,7.1380,121,A4,-0.021212,0.288981,1
20210204T131620,20210211T163501,7.1380,122,A4,0.242179,0.160319,0
20210204T131620,20210211T163501,7.1380,123,A4,0.452960,0.073493,1
20210204T131620,20210211T163501,7.1380,124,A4,0.702174,0.184286,1
20210204T131620,20210211T163501,7.1380,125,A4,0.705841,0.056963,1
20210204T131620,20210211T163501,7.1380,126,A4,0.703251,0.142101,0
20210204T131620,20210211T163501,7.1380,127,A4,0.630306,0.086973,1
20210204T131620,20210211T163501,7.1380,128,A4,0.283032,0.740440,1
20210204T131620,20210211T163501,7.1380,129,A5,-0.076654,1.520243,0
20210204T131620,20210211T163501,7.1380,130,A5,0.072942,0.614211,0
20210204T131620,20210211T163501,7.1380,131,A5,0.302830,0.059594,1
20210204T131620,20210211T163501,7.1380,132,A5,0.739937,0.000000,1
20210204T131620,20210211T163501,7.1380,133,A5,0.473440,0.634434,1
20210204T131620,20210211T163501,7.1380,134,A5,0.632157,0.000000,1
20210204T131620,20210211T163501,7.1380,135,A5,0.270959,0.082805,1
20210204T131620,20210211T163501,7.1380,136,A5,0.792765,0.248557,1
20210204T131620,20210211T163501,7.1380,137,A5,0.393528,0.063028,1
20210204T131620,20210211T163501,7.1380,143,A5,0.206010,0.418978,0
20210204T131620,20210211T163501,7.1380,145,A5,-0.454277,1.487313,0
20210204T131620,20210211T163501,7.1380,146,A5,0.463975,0.858188,0
20210204T131620,20210211T163501,7.1380,147,A5,0.143098,0.291419,1
20210204T131620,20210211T163501,7.1380,149,A5,0.092570,0.023770,1
20210204T131620,20210211T163501,7.1380,150,A5,0.416123,0.035041,1
20210204T131620,20210211T163501,7.1380,151,A5,0.358843,0.075323,1
20210204T131620,20210211T163501,7.1380,152,A5,0.254155,0.108828,1
20210204T131620,20210211T163501,7.1380,153,A5,0.058900,0.603835,0
20210204T131620,20210211T163501,7.1380,154,A5,0.313739,0.349738,0
20210204T131620,20210211T163501,7.1380,158,A5,0.013020,0.182364,0
20210204T131620,20210211T163501,7.1380,159,A5,0.318422,0.612526,1
20210204T131620,20210211T163501,7.1380,160,A5,0.220345,0.290879,1
20210204T131620,20210212T153711,8.0978,1,A1,0.148550,1.067632,0
20210204T131620,20210212T153711,8.0978,2,A1,-0.372440,1.658454,0
20210204T131620,20210212T153711,8.0978,3,A1,0.023596,1.076419,0
20210204T131620,20210212T153711,8.0978,4,A1,0.071499,0.301427,1
20210204T131620,20210212T153711,8.0978,5,A1,0.079439,0.090088,1
20210204T131620,20210212T153711,8.0978,6,A1,0.465557,0.207814,1
20210204T131620,20210212T153711,8.0978,7,A1,-0.024351,0.110400,1
20210204T131620,20210212T153711,8.0978,8,A1,-0.273698,1.075089,0
20210204T131620,20210212T153711,8.0978,9,A1,0.070642,0.297008,1
20210204T131620,20210212T153711,8.0978,10,A1,0.495404,0.461105,1
20210204T131620,20210212T153711,8.0978,11,A1,0.254372,1.481976,0
20210204T131620,20210212T153711,8.0978,12,A1,0.623912,0.140478,1
20210204T131620,20210212T153711,8.0978,13,A1,-0.217611,0.146277,0
20210204T131620,20210212T153711,8.0978,14,A1,-0.194207,0.139145,1
20210204T131620,20210212T153711,8.0978,15,A1,0.221745,1.237608,0
20210204T131620,20210212T153711,8.0978,16,A1,0.221584,0.242080,1
20210204T131620,20210212T153711,8.0978,17,A1,0.377474,1.058449,0
20210204T131620,20210212T153711,8.0978,20,A1,0.560148,0.246259,1
20210204T131620,20210212T153711,8.0978,21,A1,-0.406999,0.543594,1
20210204T131620,20210212T153711,8.0978,24,A1,0.177788,0.368919,0
20210204T131620,20210212T153711,8.0978,26,A1,0.910405,0.000000,1
20210204T131620,20210212T153711,8.0978,27,A1,0.034906,0.615759,1
20210204T131620,20210212T153711,8.0978,28,A1,0.588881,0.000000,1
20210204T131620,20210212T153711,8.0978,29,A1,-0.020989,2.000000,0
20210204T131620,20210212T153711,8.0978,31,A1,-0.355988,0.605542,0
20210204T131620,20210212T153711,8.0978,32,A1,0.360567,0.214320,1
20210204T131620,20210212T153711,8.0978,35,A2,0.010291,0.281657,0
20210204T131620,20210212T153711,8.0978,37,A2,0.274871,0.384394,1
20210204T131620,20210212T153711,8.0978,41,A2,0.455385,0.000000,1
20210204T131620,20210212T153711,8.0978,53,A2,-0.177275,0.390556,0
20210204T131620,20210212T153711,8.0978,55,A2,0.777461,0.135599,1
20210204T131620,20210212T153711,8.0978,57,A2,0.204682,0.381276,1
20210204T131620,20210212T153711,8.0978,59,A2,0.392618,0.075255,1
20210204T131620,20210212T153711,8.0978,62,A2,-0.018399,0.000000,1
20210204T131620,20210212T153711,8.0978,64,A2,-0.019318,0.186452,1
20210204T131620,20210212T153711,8.0978,65,A3,-0.245845,1.154530,0
20210204T131620,20210212T153711,8.0978,66,A3,0.369546,0.285619,1
20210204T131620,20210212T153711,8.0978,67,A3,-0.403879,0.656339,1
20210204T131620,20210212T153711,8.0978,69,A3,0.055274,0.437889,0
20210204T131620,20210212T153711,8.0978,71,A3,-0.017664,0.356828,1
20210204T131620,20210212T153711,8.0978,73,A3,-0.249710,0.348919,0
20210204T131620,20210212T153711,8.0978,77,A3,0.411715,0.606940,1
20210204T131620,20210212T153711,8.0978,89,A3,0.143547,0.050270,1
20210204T131620,20210212T153711,8.0978,93,A3,0.099566,0.153294,1
20210204T131620,20210212T153711,8.0978,95,A3,0.124445,0.019925,1
20210204T131620,20210212T153711,8.0978,97,A4,0.787841,0.052335,1
20210204T131620,20210212T153711,8.0978,98,A4,0.473884,0.062791,1
20210204T131620,20210212T153711,8.0978,99,A4,0.856330,0.108552,1
20210204T131620,20210212T153711,8.0978,100,A4,0.454338,0.104057,1
20210204T131620,20210212T153711,8.0978,101,A4,0.959575,0.113820,1
20210204T131620,20210212T153711,8.0978,102,A4,0.829475,0.265442,1
20210204T131620,20210212T153711,8.0978,103,A4,0.719518,0.036312,1
20210204T131620,20210212T153711,8.0978,104,A4,0.888620,0.014184,1
20210204T131620,20210212T153711,8.0978,107,A4,0.250425,0.014546,1
20210204T131620,20210212T153711,8.0978,113,A4,0.827791,0.271673,1
20210204T131620,20210212T153711,8.0978,114,A4,0.202298,0.386979,1
20210204T131620,20210212T153711,8.0978,115,A4,0.726999,0.000000,1
20210204T131620,20210212T153711,8.0978,116,A4,0.830990,0.101174,1
20210204T131620,20210212T153711,8.0978,117,A4,0.755098,0.072526,1
20210204T131620,20210212T153711,8.0978,118,A4,0.578941,0.001093,1
20210204T131620,20210212T153711,8.0978,119,A4,0.751871,0.243366,1
20210204T131620,20210212T153711,8.0978,120,A4,0.180681,0.107194,1
20210204T131620,20210212T153711,8.0978,121,A4,-0.185997,0.331447,1
20210204T131620,20210212T153711,8.0978,122,A4,0.102724,0.234576,0
20210204T131620,20210212T153711,8.0978,123,A4,0.407460,0.060102,1
20210204T131620,20210212T153711,8.0978,124,A4,0.683657,0.295799,1
20210204T131620,20210212T153711,8.0978,125,A4,0.601170,0.082702,1
20210204T131620,20210212T153711,8.0978,126,A4,0.543854,0.193626,0
20210204T131620,20210212T153711,8.0978,127,A4,0.315088,0.103570,1
20210204T131620,20210212T153711,8.0978,128,A4,0.389685,0.378045,1
20210204T131620,20210212T153711,8.0978,129,A5,0.137877,1.580539,0
20210204T131620,20210212T153711,8.0978,130,A5,0.155545,0.454491,1
20210204T131620,20210212T153711,8.0978,131,A5,0.329735,0.710268,1
20210204T131620,20210212T153711,8.0978,132,A5,0.722282,0.000000,1
20210204T131620,20210212T153711,8.0978,133,A5,0.513761,0.000000,1
20210204T131620,20210212T153711,8.0978,134,A5,0.515247,0.000000,1
20210204T131620,20210212T153711,8.0978,135,A5,0.622294,0.378176,1
20210204T131620,20210212T153711,8.0978,136,A5,0.803774,0.000000,1
20210204T131620,20210212T153711,8.0978,137,A5,0.446276,0.249733,1
20210204T131620,20210212T153711,8.0978,143,A5,0.206278,0.029267,1
20210204T131620,20210212T153711,8.0978,145,A5,-0.368105,1.237635,0
20210204T131620,20210212T153711,8.0978,146,A5,0.222737,0.937658,0
20210204T131620,20210212T153711,8.0978,147,A5,0.189398,0.283094,1
20210204T131620,20210212T153711,8.0978,149,A5,0.419548,0.322576,1
20210204T131620,20210212T153711,8.0978,150,A5,0.106088,0.360809,0
20210204T131620,20210212T153711,8.0978,151,A5,0.365604,0.055235,1
20210204T131620,20210212T153711,8.0978,152,A5,0.467258,0.127315,1
20210204T131620,20210212T153711,8.0978,153,A5,-0.044904,0.472067,0
20210204T131620,20210212T153711,8.0978,154,A5,0.470349,0.068578,1
20210204T131620,20210212T153711,8.0978,158,A5,0.021012,0.279504,1
20210204T131620,20210212T153711,8.0978,159,A5,0.146045,1.056099,0
20210204T131620,20210212T153711,8.0978,160,A5,0.364113,0.577915,0
20210204T131620,20210218T131636,14.0002,1,A1,0.137145,1.097564,0
20210204T131620,20210218T131636,14.0002,2,A1,-0.291227,1.658454,0
20210204T131620,20210218T131636,14.0002,3,A1,0.004657,0.586530,1
20210204T131620,20210218T131636,14.0002,4,A1,0.348282,0.399784,1
20210204T131620,20210218T131636,14.0002,5,A1,0.367912,0.583880,1
20210204T131620,20210218T131636,14.0002,6,A1,0.536864,1.081866,0
20210204T131620,20210218T131636,14.0002,7,A1,0.304308,0.311280,0
20210204T131620,20210218T131636,14.0002,8,A1,0.222233,0.344706,0
20210204T131620,20210218T131636,14.0002,9,A1,0.065403,0.792360,0
20210204T131620,20210218T131636,14.0002,10,A1,0.746154,0.461105,1
20210204T131620,20210218T131636,14.0002,11,A1,0.580870,1.481976,0
20210204T131620,20210218T131636,14.0002,12,A1,0.874151,0.004816,1
20210204T131620,20210218T131636,14.0002,13,A1,-0.030122,1.056089,0
20210204T131620,20210218T131636,14.0002,14,A1,0.105750,0.154837,1
20210204T131620,20210218T131636,14.0002,15,A1,0.200054,2.000000,0
20210204T131620,20210218T131636,14.0002,16,A1,-0.077751,0.142952,0
20210204T131620,20210218T131636,14.0002,17,A1,0.349404,0.374257,1
20210204T131620,20210218T131636,14.0002,20,A1,0.739913,0.067009,1
20210204T131620,20210218T131636,14.0002,21,A1,-0.123590,0.077834,1
20210204T131620,20210218T131636,14.0002,24,A1,0.007775,0.318715,0
20210204T131620,20210218T131636,14.0002,26,A1,0.930277,0.000000,1
20210204T131620,20210218T131636,14.0002,27,A1,-0.013489,0.881030,1
20210204T131620,20210218T131636,14.0002,28,A1,0.933031,0.000000,1
20210204T131620,20210218T131636,14.0002,29,A1,0.029187,2.000000,0
20210204T131620,20210218T131636,14.0002,31,A1,0.273540,0.257184,1
20210204T131620,20210218T131636,14.0002,32,A1,0.647446,0.051873,1
20210204T131620,20210218T131636,14.0002,35,A2,0.372482,0.309782,0
20210204T131620,20210218T131636,14.0002,37,A2,0.122444,0.846975,1
20210204T131620,20210218T131636,14.0002,41,A2,0.489991,0.788889,1
20210204T131620,20210218T131636,14.0002,53,A2,-0.107979,1.158246,0
20210204T131620,20210218T131636,14.0002,55,A2,0.806074,0.026310,0
20210204T131620,20210218T131636,14.0002,57,A2,0.298955,0.861863,0
20210204T131620,20210218T131636,14.0002,59,A2,-0.035289,0.841398,0
20210204T131620,20210218T131636,14.0002,62,A2,-0.058115,0.999642,1
20210204T131620,20210218T131636,14.0002,64,A2,0.111997,0.639140,1
20210204T131620,20210218T131636,14.0002,65,A3,0.328378,0.000526,1
20210204T131620,20210218T131636,14.0002,66,A3,0.283682,0.122097,1
20210204T131620,20210218T131636,14.0002,67,A3,0.255902,0.512504,0
20210204T131620,20210218T131636,14.0002,69,A3,0.301426,0.275908,0
20210204T131620,20210218T131636,14.0002,71,A3,0.239182,1.643172,0
20210204T131620,20210218T131636,14.0002,73,A3,0.171966,0.568749,0
20210204T131620,20210218T131636,14.0002,77,A3,0.226143,0.606940,1
20210204T131620,20210218T131636,14.0002,89,A3,0.032697,0.749158,0
20210204T131620,20210218T131636,14.0002,93,A3,0.575033,0.289294,1
20210204T131620,20210218T131636,14.0002,95,A3,-0.172067,1.329108,0
20210204T131620,20210218T131636,14.0002,97,A4,0.650086,0.020192,1
20210204T131620,20210218T131636,14.0002,98,A4,0.680857,0.139621,1
20210204T131620,20210218T131636,14.0002,99,A4,0.892753,0.174812,1
20210204T131620,20210218T131636,14.0002,100,A4,0.616992,0.104057,1
20210204T131620,20210218T131636,14.0002,101,A4,0.914160,0.037174,1
20210204T131620,20210218T131636,14.0002,102,A4,0.844371,0.491860,1
20210204T131620,20210218T131636,14.0002,103,A4,0.682592,0.063354,1
20210204T131620,20210218T131636,14.0002,104,A4,0.931685,0.000000,1
20210204T131620,20210218T131636,14.0002,107,A4,0.333767,0.111837,1
20210204T131620,20210218T131636,14.0002,113,A4,0.893251,0.411085,1
20210204T131620,20210218T131636,14.0002,114,A4,-0.047433,0.585085,0
20210204T131620,20210218T131636,14.0002,115,A4,0.897108,0.000000,1
20210204T131620,20210218T131636,14.0002,116,A4,0.814038,0.048043,1
20210204T131620,20210218T131636,14.0002,117,A4,0.731547,0.142851,1
20210204T131620,20210218T131636,14.0002,118,A4,0.718749,0.078379,1
20210204T131620,20210218T131636,14.0002,119,A4,0.692569,0.138301,1
20210204T131620,20210218T131636,14.0002,120,A4,0.089033,0.223664,1
20210204T131620,20210218T131636,14.0002,121,A4,0.285217,0.369892,0
20210204T131620,20210218T131636,14.0002,122,A4,0.092700,0.220998,0
20210204T131620,20210218T131636,14.0002,123,A4,0.279897,0.209384,1
20210204T131620,20210218T131636,14.0002,124,A4,0.321279,0.243064,0
20210204T131620,20210218T131636,14.0002,125,A4,0.645164,0.103765,1
20210204T131620,20210218T131636,14.0002,126,A4,0.580569,0.169076,0
20210204T131620,20210218T131636,14.0002,127,A4,0.271063,0.132140,1
20210204T131620,20210218T131636,14.0002,128,A4,0.550932,0.113187,1
20210204T131620,20210218T131636,14.0002,129,A5,0.296003,1.793059,0
20210204T131620,20210218T131636,14.0002,130,A5,-0.244260,1.059184,0
20210204T131620,20210218T131636,14.0002,131,A5,-0.270673,0.577005,1
20210204T131620,20210218T131636,14.0002,132,A5,0.623337,0.100945,1
20210204T131620,20210218T131636,14.0002,133,A5,0.664596,0.162975,1
20210204T131620,20210218T131636,14.0002,134,A5,0.573232,0.000000,1
20210204T131620,20210218T131636,14.0002,135,A5,0.431795,0.405945,0
20210204T131620,20210218T131636,14.0002,136,A5,0.895199,0.000000,1
20210204T131620,20210218T131636,14.0002,137,A5,0.194290,0.108089,0
20210204T131620,20210218T131636,14.0002,143,A5,0.142151,0.216320,1
20210204T131620,20210218T131636,14.0002,145,A5,0.442491,0.192190,1
20210204T131620,20210218T131636,14.0002,146,A5,0.241798,0.086825,1
20210204T131620,20210218T131636,14.0002,147,A5,0.334430,1.261818,0
20210204T131620,20210218T131636,14.0002,149,A5,0.468583,0.754315,1
20210204T131620,20210218T131636,14.0002,150,A5,0.243049,0.019457,1
20210204T131620,20210218T131636,14.0002,151,A5,-0.014707,0.189846,1
20210204T131620,20210218T131636,14.0002,152,A5,0.568963,0.114679,1
20210204T131620,20210218T131636,14.0002,153,A5,0.167589,0.425834,0
20210204T131620,20210218T131636,14.0002,154,A5,0.448219,0.055476,1
20210204T131620,20210218T131636,14.0002,158,A5,0.169191,0.891539,1
20210204T131620,20210218T131636,14.0002,159,A5,0.148182,0.895910,0
20210204T131620,20210218T131636,14.0002,160,A5,0.077046,0.384702,0
20210204T131620,20210219T145809,15.0707,1,A1,-0.413713,1.152227,0
20210204T131620,20210219T145809,15.0707,2,A1,-0.391467,1.658454,0
20210204T131620,20210219T145809,15.0707,3,A1,0.164213,0.684817,1
20210204T131620,20210219T145809,15.0707,4,A1,0.290793,0.560072,1
20210204T131620,20210219T145809,15.0707,5,A1,-0.129990,0.180157,1
20210204T131620,20210219T145809,15.0707,6,A1,0.525041,0.006303,1
20210204T131620,20210219T145809,15.0707,7,A1,-0.210759,0.836676,1
20210204T131620,20210219T145809,15.0707,8,A1,-0.218052,0.729441,0
20210204T131620,20210219T145809,15.0707,9,A1,0.065342,0.645212,0
20210204T131620,20210219T145809,15.0707,10,A1,0.632732,0.461105,1
20210204T131620,20210219T145809,15.0707,11,A1,0.563601,1.481976,0
20210204T131620,20210219T145809,15.0707,12,A1,0.788214,0.009874,1
20210204T131620,20210219T145809,15.0707,13,A1,-0.453397,0.645316,0
20210204T131620,20210219T145809,15.0707,14,A1,0.055314,0.238165,0
20210204T131620,20210219T145809,15.0707,15,A1,0.106027,2.000000,0
20210204T131620,20210219T145809,15.0707,16,A1,-0.049114,0.206158,0
20210204T131620,20210219T145809,15.0707,17,A1,0.305212,0.017738,1
20210204T131620,20210219T145809,15.0707,20,A1,0.629334,0.044241,1
20210204T131620,20210219T145809,15.0707,21,A1,-0.081073,0.101392,1
20210204T131620,20210219T145809,15.0707,24,A1,-0.099320,0.432864,0
20210204T131620,20210219T145809,15.0707,26,A1,0.897471,0.000000,1
20210204T131620,20210219T145809,15.0707,27,A1,0.032472,0.829837,1
20210204T131620,20210219T145809,15.0707,28,A1,0.898720,0.000000,1
20210204T131620,20210219T145809,15.0707,29,A1,0.402491,0.765392,1
20210204T131620,20210219T145809,15.0707,31,A1,0.230617,0.500482,0
20210204T131620,20210219T145809,15.0707,32,A1,0.598438,0.022465,1
20210204T131620,20210219T145809,15.0707,35,A2,0.288316,0.192820,1
20210204T131620,20210219T145809,15.0707,37,A2,0.083232,0.855632,1
20210204T131620,20210219T145809,15.0707,41,A2,0.439972,0.957289,1
20210204T131620,20210219T145809,15.0707,53,A2,-0.012869,0.103414,1
20210204T131620,20210219T145809,15.0707,55,A2,0.763132,0.034576,0
20210204T131620,20210219T145809,15.0707,57,A2,-0.061722,0.536263,0
20210204T131620,20210219T145809,15.0707,59,A2,0.368555,0.205932,0
20210204T131620,20210219T145809,15.0707,62,A2,0.239641,0.852669,1
20210204T131620,20210219T145809,15.0707,64,A2,-0.401371,0.533886,0
20210204T131620,20210219T145809,15.0707,65,A3,0.023388,0.780607,0
20210204T131620,20210219T145809,15.0707,66,A3,0.273268,0.491636,1
20210204T131620,20210219T145809,15.0707,67,A3,-0.180212,0.372077,0
20210204T131620,20210219T145809,15.0707,69,A3,0.000677,0.206865,0
20210204T131620,20210219T145809,15.0707,71,A3,0.041107,0.371455,1
20210204T131620,20210219T145809,15.0707,73,A3,-0.081541,1.336997,0
20210204T131620,20210219T145809,15.0707,77,A3,0.198416,0.244956,1
20210204T131620,20210219T145809,15.0707,89,A3,-0.091802,0.582372,0
20210204T131620,20210219T145809,15.0707,93,A3,0.119663,0.029550,1
20210204T131620,20210219T145809,15.0707,95,A3,-0.300932,0.270487,1
20210204T131620,20210219T145809,15.0707,97,A4,0.479727,0.118283,1
20210204T131620,20210219T145809,15.0707,98,A4,0.332942,0.296569,1
20210204T131620,20210219T145809,15.0707,99,A4,0.899348,0.062878,1
20210204T131620,20210219T145809,15.0707,100,A4,0.656087,0.118340,1
20210204T131620,20210219T145809,15.0707,101,A4,0.912425,0.290397,1
20210204T131620,20210219T145809,15.0707,102,A4,0.637906,0.037661,1
20210204T131620,20210219T145809,15.0707,103,A4,0.675138,0.093611,1
20210204T131620,20210219T145809,15.0707,104,A4,0.900940,0.083121,1
20210204T131620,20210219T145809,15.0707,107,A4,0.154357,0.177922,0
20210204T131620,20210219T145809,15.0707,113,A4,0.857795,0.486831,1
20210204T131620,20210219T145809,15.0707,114,A4,-0.506048,0.657742,0
20210204T131620,20210219T145809,15.0707,115,A4,0.808580,0.000000,1
20210204T131620,20210219T145809,15.0707,116,A4,0.820515,0.059697,1
20210204T131620,20210219T145809,15.0707,117,A4,0.628959,0.193064,1
20210204T131620,20210219T145809,15.0707,118,A4,0.404217,0.199654,1
20210204T131620,20210219T145809,15.0707,119,A4,0.429845,0.256804,1
20210204T131620,20210219T145809,15.0707,120,A4,-0.117010,0.095968,1
20210204T131620,20210219T145809,15.0707,121,A4,0.086253,0.427700,0
20210204T131620,20210219T145809,15.0707,122,A4,-0.075267,0.256312,0
20210204T131620,20210219T145809,15.0707,123,A4,0.357751,0.252010,0
20210204T131620,20210219T145809,15.0707,124,A4,0.300453,0.200562,0
20210204T131620,20210219T145809,15.0707,125,A4,0.696878,0.162640,0
20210204T131620,20210219T145809,15.0707,126,A4,0.639521,0.126326,0
20210204T131620,20210219T145809,15.0707,127,A4,0.407197,0.180024,1
20210204T131620,20210219T145809,15.0707,128,A4,0.147948,0.012339,1
20210204T131620,20210219T145809,15.0707,129,A5,-0.222063,1.056617,0
20210204T131620,20210219T145809,15.0707,130,A5,0.152872,0.545656,0
20210204T131620,20210219T145809,15.0707,131,A5,-0.286232,0.710268,1
20210204T131620,20210219T145809,15.0707,132,A5,0.409408,0.697208,1
20210204T131620,20210219T145809,15.0707,133,A5,0.552362,0.570707,1
20210204T131620,20210219T145809,15.0707,134,A5,0.448644,0.000000,1
20210204T131620,20210219T145809,15.0707,135,A5,0.697731,0.389265,0
20210204T131620,20210219T145809,15.0707,136,A5,0.840131,0.069213,1
20210204T131620,20210219T145809,15.0707,137,A5,0.003994,0.204972,0
20210204T131620,20210219T145809,15.0707,143,A5,-0.002579,0.329587,0
20210204T131620,20210219T145809,15.0707,145,A5,0.213092,0.441680,1
20210204T131620,20210219T145809,15.0707,146,A5,0.358664,1.069662,0
20210204T131620,20210219T145809,15.0707,147,A5,0.120939,0.429000,1
20210204T131620,20210219T145809,15.0707,149,A5,0.355241,0.580588,1
20210204T131620,20210219T145809,15.0707,150,A5,0.427726,0.045136,0
20210204T131620,20210219T145809,15.0707,151,A5,-0.043277,0.467098,0
20210204T131620,20210219T145809,15.0707,152,A5,0.415824,0.192622,0
20210204T131620,20210219T145809,15.0707,153,A5,0.324616,0.483853,0
20210204T131620,20210219T145809,15.0707,154,A5,0.298309,0.331941,0
20210204T131620,20210219T145809,15.0707,158,A5,0.228085,0.131647,0
20210204T131620,20210219T145809,15.0707,159,A5,0.160692,0.550222,1
20210204T131620,20210219T145809,15.0707,160,A5,-0.002624,0.623371,0
20210204T131620,20210610T132106,126.0033,1,A1,-0.028703,0.155884,1
20210204T131620,20210610T132106,126.0033,2,A1,-0.304474,0.341546,1
20210204T131620,20210610T132106,126.0033,3,A1,-0.104006,0.337841,0
20210204T131620,20210610T132106,126.0033,4,A1,-0.276966,1.097958,0
20210204T131620,20210610T132106,126.0033,5,A1,-0.158313,0.759816,1
20210204T131620,20210610T132106,126.0033,6,A1,-0.123813,0.553486,1
20210204T131620,20210610T132106,126.0033,7,A1,-0.127966,0.836676,1
20210204T131620,20210610T132106,126.0033,8,A1,-0.020197,0.831368,0
20210204T131620,20210610T132106,126.0033,9,A1,0.001387,0.791539,0
20210204T131620,20210610T132106,126.0033,10,A1,-0.331780,1.071050,0
20210204T131620,20210610T132106,126.0033,11,A1,0.073166,0.518024,1
20210204T131620,20210610T132106,126.0033,12,A1,-0.402511,0.749581,0
20210204T131620,20210610T132106,126.0033,13,A1,0.031841,0.521841,1
20210204T131620,20210610T132106,126.0033,14,A1,0.001140,0.829515,0
20210204T131620,20210610T132106,126.0033,15,A1,-0.097575,0.000000,1
20210204T131620,20210610T132106,126.0033,16,A1,0.038410,0.246863,0
20210204T131620,20210610T132106,126.0033,17,A1,-0.288553,0.223031,1
20210204T131620,20210610T132106,126.0033,20,A1,-0.573147,0.165519,1
20210204T131620,20210610T132106,126.0033,21,A1,0.179157,0.565474,0
20210204T131620,20210610T132106,126.0033,24,A1,-0.062772,1.157546,0
20210204T131620,20210610T132106,126.0033,26,A1,0.560974,0.000000,1
20210204T131620,20210610T132106,126.0033,27,A1,0.256944,2.000000,0
20210204T131620,20210610T132106,126.0033,28,A1,-0.164017,0.688962,1
20210204T131620,20210610T132106,126.0033,29,A1,-0.150250,2.000000,0
20210204T131620,20210610T132106,126.0033,31,A1,-0.290745,0.394915,0
20210204T131620,20210610T132106,126.0033,32,A1,-0.330998,1.072923,0
20210204T131620,20210610T132106,126.0033,35,A2,0.224395,0.233749,1
20210204T131620,20210610T132106,126.0033,37,A2,0.056069,1.394493,0
20210204T131620,20210610T132106,126.0033,41,A2,0.186120,0.871724,1
20210204T131620,20210610T132106,126.0033,53,A2,0.258893,0.841754,1
20210204T131620,20210610T132106,126.0033,55,A2,0.313033,0.052623,1
20210204T131620,20210610T132106,126.0033,57,A2,0.210149,0.206361,1
20210204T131620,20210610T132106,126.0033,59,A2,-0.222370,0.154583,1
20210204T131620,20210610T132106,126.0033,62,A2,-0.104401,0.971377,1
20210204T131620,20210610T132106,126.0033,64,A2,0.198030,0.314076,1
20210204T131620,20210610T132106,126.0033,65,A3,0.209124,0.143427,1
20210204T131620,20210610T132106,126.0033,66,A3,-0.143686,0.337340,1
20210204T131620,20210610T132106,126.0033,67,A3,0.069017,0.690594,0
20210204T131620,20210610T132106,126.0033,69,A3,0.193222,0.560930,0
20210204T131620,20210610T132106,126.0033,71,A3,0.083676,0.675110,0
20210204T131620,20210610T132106,126.0033,73,A3,0.448562,0.596820,1
20210204T131620,20210610T132106,126.0033,77,A3,0.224028,0.207884,1
20210204T131620,20210610T132106,126.0033,89,A3,-0.055758,0.135414,1
20210204T131620,20210610T132106,126.0033,93,A3,-0.181393,1.200575,0
20210204T131620,20210610T132106,126.0033,95,A3,0.082028,0.670892,1
20210204T131620,20210610T132106,126.0033,97,A4,0.709519,0.348066,1
20210204T131620,20210610T132106,126.0033,98,A4,0.187371,0.453499,0
20210204T131620,20210610T132106,126.0033,99,A4,0.407853,0.293938,1
20210204T131620,20210610T132106,126.0033,100,A4,-0.124027,0.776715,1
20210204T131620,20210610T132106,126.0033,101,A4,0.502983,0.901937,0
20210204T131620,20210610T132106,126.0033,102,A4,0.466698,0.332492,1
20210204T131620,20210610T132106,126.0033,103,A4,-0.099997,0.071687,0
20210204T131620,20210610T132106,126.0033,104,A4,0.276656,0.985532,1
20210204T131620,20210610T132106,126.0033,107,A4,0.232895,0.072256,1
20210204T131620,20210610T132106,126.0033,113,A4,0.342788,0.558647,1
20210204T131620,20210610T132106,126.0033,114,A4,-0.568826,0.672051,0
20210204T131620,20210610T132106,126.0033,115,A4,-0.060642,0.973968,1
20210204T131620,20210610T132106,126.0033,116,A4,-0.144439,0.429430,0
20210204T131620,20210610T132106,126.0033,117,A4,0.235906,0.302380,1
20210204T131620,20210610T132106,126.0033,118,A4,-0.312000,0.447647,0
20210204T131620,20210610T132106,126.0033,119,A4,-0.194574,0.798530,0
20210204T131620,20210610T132106,126.0033,120,A4,0.150760,0.124779,1
20210204T131620,20210610T132106,126.0033,121,A4,0.212735,0.379908,0
20210204T131620,20210610T132106,126.0033,122,A4,0.202586,0.011893,0
20210204T131620,20210610T132106,126.0033,123,A4,0.229807,0.410259,0
20210204T131620,20210610T132106,126.0033,124,A4,0.435804,0.133538,0
20210204T131620,20210610T132106,126.0033,125,A4,-0.541195,0.308005,0
20210204T131620,20210610T132106,126.0033,126,A4,0.805139,0.115026,0
20210204T131620,20210610T132106,126.0033,127,A4,-0.387374,0.177214,1
20210204T131620,20210610T132106,126.0033,128,A4,0.447667,0.967080,0
20210204T131620,20210610T132106,126.0033,129,A5,0.403030,0.181238,1
20210204T131620,20210610T132106,126.0033,130,A5,0.004211,0.798889,0
20210204T131620,20210610T132106,126.0033,131,A5,-0.069335,0.790806,0
20210204T131620,20210610T132106,126.0033,132,A5,0.359659,0.000000,1
20210204T131620,20210610T132106,126.0033,133,A5,0.143647,0.216856,1
20210204T131620,20210610T132106,126.0033,134,A5,0.138868,0.044854,1
20210204T131620,20210610T132106,126.0033,135,A5,0.289480,0.614921,1
20210204T131620,20210610T132106,126.0033,136,A5,0.742428,0.000000,1
20210204T131620,20210610T132106,126.0033,137,A5,0.572596,0.382341,0
20210204T131620,20210610T132106,126.0033,143,A5,0.245081,0.879740,1
20210204T131620,20210610T132106,126.0033,145,A5,-0.096644,1.118062,0
20210204T131620,20210610T132106,126.0033,146,A5,-0.121556,0.348534,0
20210204T131620,20210610T132106,126.0033,147,A5,-0.298872,0.240980,1
20210204T131620,20210610T132106,126.0033,149,A5,-0.122571,1.245685,0
20210204T131620,20210610T132106,126.0033,150,A5,-0.047090,1.034143,0
20210204T131620,20210610T132106,126.0033,151,A5,-0.162756,0.273794,1
20210204T131620,20210610T132106,126.0033,152,A5,-0.298357,0.025853,1
20210204T131620,20210610T132106,126.0033,153,A5,-0.324980,0.053860,1
20210204T131620,20210610T132106,126.0033,154,A5,0.132850,0.199785,0
20210204T131620,20210610T132106,126.0033,158,A5,0.041816,0.276136,0
20210204T131620,20210610T132106,126.0033,159,A5,-0.176719,1.274602,0
20210204T131620,20210610T132106,126.0033,160,A5,-0.064452,1.202918,0
20210204T131620,20210618T123111,133.9686,1,A1,-0.038518,1.332291,0
20210204T131620,20210618T123111,133.9686,2,A1,-0.027134,0.164752,1
20210204T131620,20210618T123111,133.9686,3,A1,0.000627,0.264631,1
20210204T131620,20210618T123111,133.9686,4,A1,-0.341727,1.694612,0
20210204T131620,20210618T123111,133.9686,5,A1,-0.221285,0.867483,0
20210204T131620,20210618T123111,133.9686,6,A1,0.139685,0.918134,1
20210204T131620,20210618T123111,133.9686,7,A1,-0.087916,0.443522,1
20210204T131620,20210618T123111,133.9686,8,A1,0.000820,1.075089,0
20210204T131620,20210618T123111,133.9686,9,A1,0.140516,0.359391,1
20210204T131620,20210618T123111,133.9686,10,A1,0.379178,0.117203,1
20210204T131620,20210618T123111,133.9686,11,A1,0.089025,0.308145,1
20210204T131620,20210618T123111,133.9686,12,A1,-0.600842,1.201051,0
20210204T131620,20210618T123111,133.9686,13,A1,0.026225,0.332810,1
20210204T131620,20210618T123111,133.9686,14,A1,0.132327,1.165842,0
20210204T131620,20210618T123111,133.9686,15,A1,0.031527,1.506772,0
20210204T131620,20210618T123111,133.9686,16,A1,-0.049114,0.063845,1
20210204T131620,20210618T123111,133.9686,17,A1,-0.219509,0.341177,1
20210204T131620,20210618T123111,133.9686,20,A1,-0.636799,0.005683,1
20210204T131620,20210618T123111,133.9686,21,A1,-0.170153,0.375216,0
20210204T131620,20210618T123111,133.9686,24,A1,-0.252916,0.831176,0
20210204T131620,20210618T123111,133.9686,26,A1,-0.328653,1.769151,0
20210204T131620,20210618T123111,133.9686,27,A1,0.160933,2.000000,0
20210204T131620,20210618T123111,133.9686,28,A1,-0.337279,0.981642,1
20210204T131620,20210618T123111,133.9686,29,A1,-0.199417,1.596317,0
20210204T131620,20210618T123111,133.9686,31,A1,-0.373058,0.701482,1
20210204T131620,20210618T123111,133.9686,32,A1,-0.588105,1.072923,0
20210204T131620,20210618T123111,133.9686,35,A2,0.361052,0.025729,1
20210204T131620,20210618T123111,133.9686,37,A2,0.106812,0.000000,1
20210204T131620,20210618T123111,133.9686,41,A2,-0.199448,1.197246,0
20210204T131620,20210618T123111,133.9686,53,A2,0.226487,0.841754,1
20210204T131620,20210618T123111,133.9686,55,A2,-0.280161,0.102958,1
20210204T131620,20210618T123111,133.9686,57,A2,-0.361557,0.173114,1
20210204T131620,20210618T123111,133.9686,59,A2,-0.034624,0.357317,0
20210204T131620,20210618T123111,133.9686,62,A2,0.250622,0.467350,1
20210204T131620,20210618T123111,133.9686,64,A2,-0.076705,0.639140,1
20210204T131620,20210618T123111,133.9686,65,A3,0.228247,0.047728,1
20210204T131620,20210618T123111,133.9686,66,A3,0.080284,0.316099,1
20210204T131620,20210618T123111,133.9686,67,A3,0.396171,0.656339,1
20210204T131620,20210618T123111,133.9686,69,A3,-0.344607,0.759108,0
20210204T131620,20210618T123111,133.9686,71,A3,0.126922,0.557537,1
20210204T131620,20210618T123111,133.9686,73,A3,-0.085166,0.413503,0
20210204T131620,20210618T123111,133.9686,77,A3,-0.048266,0.164388,1
20210204T131620,20210618T123111,133.9686,89,A3,0.024071,0.093793,1
20210204T131620,20210618T123111,133.9686,93,A3,0.019703,0.477976,0
20210204T131620,20210618T123111,133.9686,95,A3,-0.233016,0.396714,0
20210204T131620,20210618T123111,133.9686,97,A4,0.459363,0.065853,1
20210204T131620,20210618T123111,133.9686,98,A4,0.470400,0.255577,1
20210204T131620,20210618T123111,133.9686,99,A4,0.644176,0.075107,1
20210204T131620,20210618T123111,133.9686,100,A4,0.188198,0.992706,0
20210204T131620,20210618T123111,133.9686,101,A4,0.158524,0.481196,1
20210204T131620,20210618T123111,133.9686,102,A4,0.114385,0.825136,0
20210204T131620,20210618T123111,133.9686,103,A4,-0.510432,0.017371,1
20210204T131620,20210618T123111,133.9686,104,A4,0.688445,0.809222,1
20210204T131620,20210618T123111,133.9686,107,A4,-0.079455,0.620415,1
20210204T131620,20210618T123111,133.9686,113,A4,0.286864,0.714988,1
20210204T131620,20210618T123111,133.9686,114,A4,0.148854,0.458296,1
20210204T131620,20210618T123111,133.9686,115,A4,0.535862,0.949896,1
20210204T131620,20210618T123111,133.9686,116,A4,0.503306,0.277955,1
20210204T131620,20210618T123111,133.9686,117,A4,0.052713,0.475335,0
20210204T131620,20210618T123111,133.9686,118,A4,0.093094,0.561807,0
20210204T131620,20210618T123111,133.9686,119,A4,0.352989,0.752632,0
20210204T131620,20210618T123111,133.9686,120,A4,-0.176074,0.200873,0
20210204T131620,20210618T123111,133.9686,121,A4,-0.269581,0.410732,0
20210204T131620,20210618T123111,133.9686,122,A4,-0.356477,1.008447,0
20210204T131620,20210618T123111,133.9686,123,A4,0.484667,0.211784,1
20210204T131620,20210618T123111,133.9686,124,A4,0.181902,0.063322,1
20210204T131620,20210618T123111,133.9686,125,A4,0.648305,0.109834,0
20210204T131620,20210618T123111,133.9686,126,A4,0.570047,0.119412,0
20210204T131620,20210618T123111,133.9686,127,A4,-0.465068,0.637902,0
20210204T131620,20210618T123111,133.9686,128,A4,-0.353402,1.068626,0
20210204T131620,20210618T123111,133.9686,129,A5,0.006766,0.073722,1
20210204T131620,20210618T123111,133.9686,130,A5,0.021632,0.497703,1
20210204T131620,20210618T123111,133.9686,131,A5,0.006468,0.710268,1
20210204T131620,20210618T123111,133.9686,132,A5,-0.053929,0.588309,1
20210204T131620,20210618T123111,133.9686,133,A5,0.381705,0.616069,1
20210204T131620,20210618T123111,133.9686,134,A5,-0.017163,0.000000,1
20210204T131620,20210618T123111,133.9686,135,A5,0.294769,0.206923,1
20210204T131620,20210618T123111,133.9686,136,A5,0.565071,0.692095,1
20210204T131620,20210618T123111,133.9686,137,A5,-0.317554,1.086120,0
20210204T131620,20210618T123111,133.9686,143,A5,-0.149587,1.120260,0
20210204T131620,20210618T123111,133.9686,145,A5,0.214926,0.315463,1
20210204T131620,20210618T123111,133.9686,146,A5,-0.092977,0.130602,1
20210204T131620,20210618T123111,133.9686,147,A5,0.326730,0.815810,0
20210204T131620,20210618T123111,133.9686,149,A5,0.027287,0.754315,1
20210204T131620,20210618T123111,133.9686,150,A5,-0.251118,1.034143,0
20210204T131620,20210618T123111,133.9686,151,A5,0.225716,0.546385,1
20210204T131620,20210618T123111,133.9686,152,A5,0.108403,0.808534,1
20210204T131620,20210618T123111,133.9686,153,A5,-0.106195,0.855733,1
20210204T131620,20210618T123111,133.9686,154,A5,0.011272,0.828211,1
20210204T131620,20210618T123111,133.9686,158,A5,-0.039685,1.108461,0
20210204T131620,20210618T123111,133.9686,159,A5,0.057850,0.326338,1
20210204T131620,20210618T123111,133.9686,160,A5,-0.221395,0.621292,1
20210204T131620,20210623T140144,139.0315,1,A1,0.135384,0.007184,1
20210204T131620,20210623T140144,139.0315,2,A1,-0.034325,0.531799,1
20210204T131620,20210623T140144,139.0315,3,A1,-0.000467,0.726595,0
20210204T131620,20210623T140144,139.0315,4,A1,-0.325902,1.694612,0
20210204T131620,20210623T140144,139.0315,5,A1,0.153951,0.759816,1
20210204T131620,20210623T140144,139.0315,6,A1,-0.102225,0.450798,1
20210204T131620,20210623T140144,139.0315,7,A1,-0.132475,0.273674,1
20210204T131620,20210623T140144,139.0315,8,A1,-0.022615,1.075089,0
20210204T131620,20210623T140144,139.0315,9,A1,0.300208,0.257083,1
20210204T131620,20210623T140144,139.0315,10,A1,0.318855,0.791595,0
20210204T131620,20210623T140144,139.0315,11,A1,-0.189566,0.392876,1
20210204T131620,20210623T140144,139.0315,12,A1,-0.524519,1.201051,0
20210204T131620,20210623T140144,139.0315,13,A1,0.479262,0.024476,1
20210204T131620,20210623T140144,139.0315,14,A1,-0.166251,0.722268,1
20210204T131620,20210623T140144,139.0315,15,A1,0.115476,1.688083,0
20210204T131620,20210623T140144,139.0315,16,A1,0.139108,0.284092,0
20210204T131620,20210623T140144,139.0315,17,A1,-0.175221,0.941551,1
20210204T131620,20210623T140144,139.0315,20,A1,-0.467092,0.102771,1
20210204T131620,20210623T140144,139.0315,21,A1,-0.018096,0.599207,0
20210204T131620,20210623T140144,139.0315,24,A1,-0.163349,0.979094,0
20210204T131620,20210623T140144,139.0315,26,A1,0.703641,0.311438,1
20210204T131620,20210623T140144,139.0315,27,A1,0.225450,1.341690,0
20210204T131620,20210623T140144,139.0315,28,A1,-0.202674,1.218534,0
20210204T131620,20210623T140144,139.0315,29,A1,-0.155776,2.000000,0
20210204T131620,20210623T140144,139.0315,31,A1,-0.353576,0.240502,1
20210204T131620,20210623T140144,139.0315,32,A1,-0.593328,1.072923,0
20210204T131620,20210623T140144,139.0315,35,A2,0.048484,0.071741,1
20210204T131620,20210623T140144,139.0315,37,A2,0.358117,0.745959,1
20210204T131620,20210623T140144,139.0315,41,A2,-0.102260,0.999475,1
20210204T131620,20210623T140144,139.0315,53,A2,-0.134679,0.007214,1
20210204T131620,20210623T140144,139.0315,55,A2,0.072638,0.149009,0
20210204T131620,20210623T140144,139.0315,57,A2,-0.183065,1.049278,0
20210204T131620,20210623T140144,139.0315,59,A2,-0.208735,1.196118,0
20210204T131620,20210623T140144,139.0315,62,A2,-0.173160,0.693957,1
20210204T131620,20210623T140144,139.0315,64,A2,0.077562,0.114720,1
20210204T131620,20210623T140144,139.0315,65,A3,0.277181,0.070001,1
20210204T131620,20210623T140144,139.0315,66,A3,0.056969,0.381159,1
20210204T131620,20210623T140144,139.0315,67,A3,0.315294,1.343661,0
20210204T131620,20210623T140144,139.0315,69,A3,-0.042778,0.433276,0
20210204T131620,20210623T140144,139.0315,71,A3,-0.002508,0.662673,0
20210204T131620,20210623T140144,139.0315,73,A3,-0.048065,0.167695,1
20210204T131620,20210623T140144,139.0315,77,A3,-0.103333,0.165607,1
20210204T131620,20210623T140144,139.0315,89,A3,0.025952,0.515371,1
20210204T131620,20210623T140144,139.0315,93,A3,0.385100,0.770231,0
20210204T131620,20210623T140144,139.0315,95,A3,-0.358436,1.291171,0
20210204T131620,20210623T140144,139.0315,97,A4,0.209093,0.928962,0
20210204T131620,20210623T140144,139.0315,98,A4,0.058855,0.567912,1
20210204T131620,20210623T140144,139.0315,99,A4,-0.312949,0.662402,0
20210204T131620,20210623T140144,139.0315,100,A4,0.455556,0.750143,1
20210204T131620,20210623T140144,139.0315,101,A4,-0.259902,1.869335,0
20210204T131620,20210623T140144,139.0315,102,A4,0.199999,0.727056,0
20210204T131620,20210623T140144,139.0315,103,A4,-0.224336,0.155695,1
20210204T131620,20210623T140144,139.0315,104,A4,0.288877,0.993929,1
20210204T131620,20210623T140144,139.0315,107,A4,0.000660,0.828679,1
20210204T131620,20210623T140144,139.0315,113,A4,0.442335,0.749339,1
20210204T131620,20210623T140144,139.0315,114,A4,-0.066301,0.354077,1
20210204T131620,20210623T140144,139.0315,115,A4,0.160760,0.903226,1
20210204T131620,20210623T140144,139.0315,116,A4,-0.087064,1.352657,0
20210204T131620,20210623T140144,139.0315,117,A4,0.047903,0.458819,0
20210204T131620,20210623T140144,139.0315,118,A4,0.048517,0.505785,0
20210204T131620,20210623T140144,139.0315,119,A4,0.344782,0.905007,0
20210204T131620,20210623T140144,139.0315,120,A4,0.216749,0.814415,1
20210204T131620,20210623T140144,139.0315,121,A4,0.375361,0.433041,0
20210204T131620,20210623T140144,139.0315,122,A4,0.006964,0.991553,1
20210204T131620,20210623T140144,139.0315,123,A4,0.135281,0.205598,1
20210204T131620,20210623T140144,139.0315,124,A4,0.190585,0.058605,1
20210204T131620,20210623T140144,139.0315,125,A4,-0.101652,0.205732,0
20210204T131620,20210623T140144,139.0315,126,A4,-0.064940,0.185897,0
20210204T131620,20210623T140144,139.0315,127,A4,-0.366677,1.447550,0
20210204T131620,20210623T140144,139.0315,128,A4,0.135543,0.132423,1
20210204T131620,20210623T140144,139.0315,129,A5,-0.084498,1.195533,0
20210204T131620,20210623T140144,139.0315,130,A5,0.053630,1.350185,0
20210204T131620,20210623T140144,139.0315,131,A5,-0.297813,0.973352,0
20210204T131620,20210623T140144,139.0315,132,A5,0.117083,0.945988,1
20210204T131620,20210623T140144,139.0315,133,A5,-0.155157,1.196307,0
20210204T131620,20210623T140144,139.0315,134,A5,-0.098451,2.000000,0
20210204T131620,20210623T140144,139.0315,135,A5,0.260228,0.841041,0
20210204T131620,20210623T140144,139.0315,136,A5,0.374880,0.915171,1
20210204T131620,20210623T140144,139.0315,137,A5,-0.283124,0.028540,1
20210204T131620,20210623T140144,139.0315,143,A5,-0.290842,0.059425,1
20210204T131620,20210623T140144,139.0315,145,A5,0.014780,0.894810,0
20210204T131620,20210623T140144,139.0315,146,A5,-0.332586,0.340435,0
20210204T131620,20210623T140144,139.0315,147,A5,0.005994,0.631736,0
20210204T131620,20210623T140144,139.0315,149,A5,0.222609,0.511873,0
20210204T131620,20210623T140144,139.0315,150,A5,-0.049723,0.379114,0
20210204T131620,20210623T140144,139.0315,151,A5,0.125531,1.050590,0
20210204T131620,20210623T140144,139.0315,152,A5,0.196010,0.529137,0
20210204T131620,20210623T140144,139.0315,153,A5,-0.001747,0.471075,0
20210204T131620,20210623T140144,139.0315,154,A5,-0.246066,0.245043,0
20210204T131620,20210623T140144,139.0315,158,A5,0.269941,0.027957,1
20210204T131620,20210623T140144,139.0315,159,A5,-0.004041,0.595124,1
20210204T131620,20210623T140144,139.0315,160,A5,-0.163521,1.050942,0
20210204T131620,20210625T141512,141.0409,1,A1,-0.173102,0.604447,1
20210204T131620,20210625T141512,141.0409,2,A1,-0.296494,0.392862,1
20210204T131620,20210625T141512,141.0409,3,A1,0.105654,0.547150,0
20210204T131620,20210625T141512,141.0409,4,A1,-0.227364,1.694612,0
20210204T131620,20210625T141512,141.0409,5,A1,0.184996,0.618701,1
20210204T131620,20210625T141512,141.0409,6,A1,0.284650,0.465627,1
20210204T131620,20210625T141512,141.0409,7,A1,0.022330,0.836676,1
20210204T131620,20210625T141512,141.0409,8,A1,0.122054,1.075089,0
20210204T131620,20210625T141512,141.0409,9,A1,-0.226322,0.819264,0
20210204T131620,20210625T141512,141.0409,10,A1,0.347469,0.562385,0
20210204T131620,20210625T141512,141.0409,11,A1,0.042528,0.440521,1
20210204T131620,20210625T141512,141.0409,12,A1,-0.565210,1.201051,0
20210204T131620,20210625T141512,141.0409,13,A1,0.368572,0.416395,1
20210204T131620,20210625T141512,141.0409,14,A1,-0.013034,1.165842,0
20210204T131620,20210625T141512,141.0409,15,A1,0.207468,1.277702,0
20210204T131620,20210625T141512,141.0409,16,A1,0.268671,1.080600,0
20210204T131620,20210625T141512,141.0409,17,A1,-0.330658,0.776584,1
20210204T131620,20210625T141512,141.0409,20,A1,-0.403766,0.093709,1
20210204T131620,20210625T141512,141.0409,21,A1,-0.139722,1.164169,0
20210204T131620,20210625T141512,141.0409,24,A1,-0.292022,0.897276,0
20210204T131620,20210625T141512,141.0409,26,A1,-0.055821,0.646607,1
20210204T131620,20210625T141512,141.0409,27,A1,-0.018665,0.650779,1
20210204T131620,20210625T141512,141.0409,28,A1,-0.023037,1.502143,0
20210204T131620,20210625T141512,141.0409,29,A1,0.168895,1.304475,0
20210204T131620,20210625T141512,141.0409,31,A1,-0.405893,0.701482,1
20210204T131620,20210625T141512,141.0409,32,A1,-0.462123,1.072923,0
20210204T131620,20210625T141512,141.0409,35,A2,0.017237,0.422509,0
20210204T131620,20210625T141512,141.0409,37,A2,0.231302,0.000000,1
20210204T131620,20210625T141512,141.0409,41,A2,0.410534,1.270200,0
20210204T131620,20210625T141512,141.0409,53,A2,0.056334,0.554835,1
20210204T131620,20210625T141512,141.0409,55,A2,0.059292,0.556131,0
20210204T131620,20210625T141512,141.0409,57,A2,0.128578,1.324301,0
20210204T131620,20210625T141512,141.0409,59,A2,-0.169821,1.196118,0
20210204T131620,20210625T141512,141.0409,62,A2,0.090429,0.260111,1
20210204T131620,20210625T141512,141.0409,64,A2,0.354903,0.639140,1
20210204T131620,20210625T141512,141.0409,65,A3,-0.168654,0.431937,0
20210204T131620,20210625T141512,141.0409,66,A3,0.087674,0.189737,1
20210204T131620,20210625T141512,141.0409,67,A3,0.047773,1.343661,0
20210204T131620,20210625T141512,141.0409,69,A3,0.277116,0.323754,0
20210204T131620,20210625T141512,141.0409,71,A3,0.090122,0.356828,1
20210204T131620,20210625T141512,141.0409,73,A3,0.147926,0.777191,0
20210204T131620,20210625T141512,141.0409,77,A3,0.079914,0.620878,0
20210204T131620,20210625T141512,141.0409,89,A3,-0.005268,0.564333,0
20210204T131620,20210625T141512,141.0409,93,A3,0.393800,1.278770,0
20210204T131620,20210625T141512,141.0409,95,A3,-0.101374,1.329108,0
20210204T131620,20210625T141512,141.0409,97,A4,-0.405833,1.293971,0
20210204T131620,20210625T141512,141.0409,98,A4,-0.434855,1.365070,0
20210204T131620,20210625T141512,141.0409,99,A4,0.080811,0.771822,0
20210204T131620,20210625T141512,141.0409,100,A4,0.144086,0.398518,1
20210204T131620,20210625T141512,141.0409,101,A4,0.429351,0.062767,1
20210204T131620,20210625T141512,141.0409,102,A4,0.107331,1.449907,0
20210204T131620,20210625T141512,141.0409,103,A4,-0.184497,0.437144,1
20210204T131620,20210625T141512,141.0409,104,A4,0.175461,2.000000,0
20210204T131620,20210625T141512,141.0409,107,A4,0.133192,1.171321,0
20210204T131620,20210625T141512,141.0409,113,A4,-0.005580,0.806115,1
20210204T131620,20210625T141512,141.0409,114,A4,0.226489,0.581376,0
20210204T131620,20210625T141512,141.0409,115,A4,0.251691,0.959693,1
20210204T131620,20210625T141512,141.0409,116,A4,-0.064172,0.950048,0
20210204T131620,20210625T141512,141.0409,117,A4,-0.001075,0.402437,0
20210204T131620,20210625T141512,141.0409,118,A4,0.203409,0.444227,0
20210204T131620,20210625T141512,141.0409,119,A4,0.388999,0.975666,0
20210204T131620,20210625T141512,141.0409,120,A4,-0.358579,1.180532,0
20210204T131620,20210625T141512,141.0409,121,A4,0.396706,0.406397,0
20210204T131620,20210625T141512,141.0409,122,A4,0.035126,0.368996,1
20210204T131620,20210625T141512,141.0409,123,A4,0.456538,0.780429,1
20210204T131620,20210625T141512,141.0409,124,A4,0.089338,0.741844,0
20210204T131620,20210625T141512,141.0409,125,A4,-0.121282,1.103830,0
20210204T131620,20210625T141512,141.0409,126,A4,0.028684,0.575564,1
20210204T131620,20210625T141512,141.0409,127,A4,0.294115,1.447550,0
20210204T131620,20210625T141512,141.0409,128,A4,0.299394,0.417004,1
20210204T131620,20210625T141512,141.0409,129,A5,0.083120,0.206941,1
20210204T131620,20210625T141512,141.0409,130,A5,0.235903,0.317065,1
20210204T131620,20210625T141512,141.0409,131,A5,0.089593,1.289732,0
20210204T131620,20210625T141512,141.0409,132,A5,-0.199653,2.000000,0
20210204T131620,20210625T141512,141.0409,133,A5,-0.215295,1.433073,0
20210204T131620,20210625T141512,141.0409,134,A5,-0.258756,2.000000,0
20210204T131620,20210625T141512,141.0409,135,A5,0.255095,1.233268,0
20210204T131620,20210625T141512,141.0409,136,A5,0.325371,1.244271,0
20210204T131620,20210625T141512,141.0409,137,A5,0.163552,0.123069,1
20210204T131620,20210625T141512,141.0409,143,A5,0.307214,0.057379,1
20210204T131620,20210625T141512,141.0409,145,A5,0.213773,0.799764,0
20210204T131620,20210625T141512,141.0409,146,A5,0.089037,1.239816,0
20210204T131620,20210625T141512,141.0409,147,A5,-0.280502,0.384008,1
20210204T131620,20210625T141512,141.0409,149,A5,-0.027612,1.245685,0
20210204T131620,20210625T141512,141.0409,150,A5,0.286503,0.356318,1
20210204T131620,20210625T141512,141.0409,151,A5,0.281060,1.433469,0
20210204T131620,20210625T141512,141.0409,152,A5,0.353040,0.298773,0
20210204T131620,20210625T141512,141.0409,153,A5,0.012156,0.318345,0
20210204T131620,20210625T141512,141.0409,154,A5,-0.006418,1.171789,0
20210204T131620,20210625T141512,141.0409,158,A5,0.407031,0.891539,1
20210204T131620,20210625T141512,141.0409,159,A5,0.015906,1.673662,0
20210204T131620,20210625T141512,141.0409,160,A5,0.112946,1.038612,0
20210205T151709,20210211T163501,6.0541,1,A1,0.010039,1.171376,0
20210205T151709,20210211T163501,6.0541,2,A1,0.440284,0.689908,1
20210205T151709,20210211T163501,6.0541,3,A1,0.324913,0.000000,1
20210205T151709,20210211T163501,6.0541,4,A1,0.660375,0.688054,1
20210205T151709,20210211T163501,6.0541,5,A1,0.242783,1.230349,0
20210205T151709,20210211T163501,6.0541,6,A1,0.580034,0.505427,0
20210205T151709,20210211T163501,6.0541,7,A1,0.534845,0.071571,1
20210205T151709,20210211T163501,6.0541,8,A1,-0.151347,0.945879,1
20210205T151709,20210211T163501,6.0541,9,A1,-0.081707,1.378103,0
20210205T151709,20210211T163501,6.0541,10,A1,0.741749,0.000000,1
20210205T151709,20210211T163501,6.0541,11,A1,-0.071790,1.090615,0
20210205T151709,20210211T163501,6.0541,12,A1,0.935175,0.037036,1
20210205T151709,20210211T163501,6.0541,13,A1,0.015917,0.360386,0
20210205T151709,20210211T163501,6.0541,14,A1,0.244447,0.366539,1
20210205T151709,20210211T163501,6.0541,15,A1,0.527691,0.000000,1
20210205T151709,20210211T163501,6.0541,16,A1,0.757407,0.768610,1
20210205T151709,20210211T163501,6.0541,17,A1,0.216978,0.455039,1
20210205T151709,20210211T163501,6.0541,18,A1,-0.197109,0.443124,1
20210205T151709,20210211T163501,6.0541,19,A1,0.602215,0.728619,1
20210205T151709,20210211T163501,6.0541,20,A1,0.453526,0.116995,1
20210205T151709,20210211T163501,6.0541,21,A1,0.028368,1.094714,0
20210205T151709,20210211T163501,6.0541,22,A1,-0.127208,0.816659,1
20210205T151709,20210211T163501,6.0541,23,A1,0.143943,0.486376,0
20210205T151709,20210211T163501,6.0541,24,A1,0.412394,0.075476,0
20210205T151709,20210211T163501,6.0541,25,A1,-0.108947,1.858604,0
20210205T151709,20210211T163501,6.0541,26,A1,0.972144,0.000000,1
20210205T151709,20210211T163501,6.0541,27,A1,0.221136,0.353196,1
20210205T151709,20210211T163501,6.0541,28,A1,0.692855,0.000000,1
20210205T151709,20210211T163501,6.0541,29,A1,-0.041828,2.000000,0
20210205T151709,20210211T163501,6.0541,30,A1,0.409943,0.086398,1
20210205T151709,20210211T163501,6.0541,31,A1,0.290917,0.208697,0
20210205T151709,20210211T163501,6.0541,32,A1,0.832455,0.044545,1
20210205T151709,20210211T163501,6.0541,33,A2,0.095217,0.010213,1
20210205T151709,20210211T163501,6.0541,34,A2,-0.001820,1.154237,0
20210205T151709,20210211T163501,6.0541,35,A2,0.052436,0.172730,0
20210205T151709,20210211T163501,6.0541,36,A2,0.173039,0.186852,0
20210205T151709,20210211T163501,6.0541,37,A2,0.112665,0.611881,1
20210205T151709,20210211T163501,6.0541,38,A2,0.031511,0.997979,1
20210205T151709,20210211T163501,6.0541,39,A2,0.373284,0.077421,1
20210205T151709,20210211T163501,6.0541,40,A2,0.182508,0.000000,1
20210205T151709,20210211T163501,6.0541,41,A2,0.470153,0.000000,1
20210205T151709,20210211T163501,6.0541,42,A2,0.118948,0.134188,1
20210205T151709,20210211T163501,6.0541,43,A2,-0.029372,1.095179,0
20210205T151709,20210211T163501,6.0541,44,A2,-0.019203,0.125098,1
20210205T151709,20210211T163501,6.0541,45,A2,-0.086766,1.136351,0
20210205T151709,20210211T163501,6.0541,46,A2,0.350371,0.467596,1
20210205T151709,20210211T163501,6.0541,47,A2,-0.035562,0.947050,1
20210205T151709,20210211T163501,6.0541,48,A2,-0.037470,1.180031,0
20210205T151709,20210211T163501,6.0541,49,A2,0.487950,0.430538,1
20210205T151709,20210211T163501,6.0541,50,A2,0.032690,0.090703,1
20210205T151709,20210211T163501,6.0541,51,A2,0.129244,0.143302,1
20210205T151709,20210211T163501,6.0541,52,A2,0.662704,0.112172,0
20210205T151709,20210211T163501,6.0541,53,A2,0.044620,0.447836,1
20210205T151709,20210211T163501,6.0541,54,A2,0.498399,0.687179,1
20210205T151709,20210211T163501,6.0541,55,A2,0.684176,0.042664,1
20210205T151709,20210211T163501,6.0541,56,A2,0.314890,0.214458,0
20210205T151709,20210211T163501,6.0541,57,A2,0.641618,0.727532,1
20210205T151709,20210211T163501,6.0541,58,A2,0.103216,0.260392,1
20210205T151709,20210211T163501,6.0541,59,A2,0.499993,0.107623,1
20210205T151709,20210211T163501,6.0541,60,A2,0.095418,0.172358,0
20210205T151709,20210211T163501,6.0541,61,A2,0.030766,1.264383,0
20210205T151709,20210211T163501,6.0541,62,A2,-0.100080,0.242605,1
20210205T151709,20210211T163501,6.0541,63,A2,0.008215,0.310935,1
20210205T151709,20210211T163501,6.0541,64,A2,0.125302,0.094295,1
20210205T151709,20210211T163501,6.0541,65,A3,-0.218471,0.546366,1
20210205T151709,20210211T163501,6.0541,66,A3,0.928277,0.091929,1
20210205T151709,20210211T163501,6.0541,67,A3,0.016706,0.429682,1
20210205T151709,20210211T163501,6.0541,68,A3,0.166394,1.106670,0
20210205T151709,20210211T163501,6.0541,69,A3,-0.176223,0.189778,1
20210205T151709,20210211T163501,6.0541,70,A3,-0.356068,1.214315,0
20210205T151709,20210211T163501,6.0541,71,A3,0.405167,0.362127,0
20210205T151709,20210211T163501,6.0541,72,A3,-0.342077,2.000000,0
20210205T151709,20210211T163501,6.0541,73,A3,0.116351,0.177861,1
20210205T151709,20210211T163501,6.0541,74,A3,0.363832,0.071172,1
20210205T151709,20210211T163501,6.0541,75,A3,0.025128,0.350086,1
20210205T151709,20210211T163501,6.0541,76,A3,0.004625,0.899225,1
20210205T151709,20210211T163501,6.0541,77,A3,0.393557,0.217069,1
20210205T151709,20210211T163501,6.0541,78,A3,0.134750,0.479602,0
20210205T151709,20210211T163501,6.0541,79,A3,-0.041396,0.513778,1
20210205T151709,20210211T163501,6.0541,80,A3,-0.008172,0.403194,1
20210205T151709,20210211T163501,6.0541,81,A3,-0.135319,0.059613,1
20210205T151709,20210211T163501,6.0541,82,A3,0.002559,0.716617,1
20210205T151709,20210211T163501,6.0541,83,A3,0.074584,0.885654,1
20210205T151709,20210211T163501,6.0541,84,A3,0.584753,0.132659,1
20210205T151709,20210211T163501,6.0541,85,A3,-0.213868,0.891873,1
20210205T151709,20210211T163501,6.0541,86,A3,0.351416,0.161292,0
20210205T151709,20210211T163501,6.0541,87,A3,0.138048,0.844106,0
20210205T151709,20210211T163501,6.0541,88,A3,0.088687,0.899706,1
20210205T151709,20210211T163501,6.0541,89,A3,0.213110,0.916244,0
20210205T151709,20210211T163501,6.0541,90,A3,-0.205255,0.796640,1
20210205T151709,20210211T163501,6.0541,91,A3,-0.112468,0.072083,1
20210205T151709,20210211T163501,6.0541,92,A3,0.305183,0.255103,0
20210205T151709,20210211T163501,6.0541,93,A3,0.364962,0.107195,1
20210205T151709,20210211T163501,6.0541,94,A3,0.071380,0.348566,1
20210205T151709,20210211T163501,6.0541,95,A3,-0.077624,0.111820,1
20210205T151709,20210211T163501,6.0541,96,A3,0.167418,0.484816,0
20210205T151709,20210211T163501,6.0541,97,A4,0.716080,0.043486,1
20210205T151709,20210211T163501,6.0541,98,A4,0.231822,0.179725,1
20210205T151709,20210211T163501,6.0541,99,A4,0.924805,0.009977,1
20210205T151709,20210211T163501,6.0541,100,A4,0.792574,0.138707,1
20210205T151709,20210211T163501,6.0541,101,A4,0.953850,0.095946,1
20210205T151709,20210211T163501,6.0541,102,A4,0.869949,0.153658,1
20210205T151709,20210211T163501,6.0541,103,A4,0.873703,0.026096,1
20210205T151709,20210211T163501,6.0541,104,A4,0.892102,0.180577,1
20210205T151709,20210211T163501,6.0541,105,A4,-0.215893,0.101728,1
20210205T151709,20210211T163501,6.0541,106,A4,-0.225770,0.189656,1
20210205T151709,20210211T163501,6.0541,107,A4,0.246577,0.086057,1
20210205T151709,20210211T163501,6.0541,108,A4,0.225317,0.079648,1
20210205T151709,20210211T163501,6.0541,109,A4,-0.164715,0.572476,1
20210205T151709,20210211T163501,6.0541,110,A4,-0.188179,0.179214,1
20210205T151709,20210211T163501,6.0541,111,A4,0.362817,0.103477,1
20210205T151709,20210211T163501,6.0541,112,A4,0.397377,0.215722,1
20210205T151709,20210211T163501,6.0541,113,A4,0.830775,0.125169,1
20210205T151709,20210211T163501,6.0541,114,A4,0.427516,0.278110,1
20210205T151709,20210211T163501,6.0541,115,A4,0.866331,0.000000,1
20210205T151709,20210211T163501,6.0541,116,A4,0.882121,0.067145,1
20210205T151709,20210211T163501,6.0541,117,A4,0.719228,0.063980,1
20210205T151709,20210211T163501,6.0541,118,A4,0.702973,0.036518,1
20210205T151709,20210211T163501,6.0541,119,A4,0.735449,0.115068,1
20210205T151709,20210211T163501,6.0541,120,A4,0.349819,0.148593,1
20210205T151709,20210211T163501,6.0541,121,A4,0.207268,0.421133,1
20210205T151709,20210211T163501,6.0541,122,A4,0.278677,0.167127,0
20210205T151709,20210211T163501,6.0541,123,A4,0.561143,0.062693,1
20210205T151709,20210211T163501,6.0541,124,A4,0.853058,0.085981,1
20210205T151709,20210211T163501,6.0541,125,A4,0.594175,0.064348,1
20210205T151709,20210211T163501,6.0541,126,A4,0.735251,0.096170,0
20210205T151709,20210211T163501,6.0541,127,A4,0.698610,0.040506,1
20210205T151709,20210211T163501,6.0541,128,A4,0.588317,0.181356,1
20210205T151709,20210211T163501,6.0541,129,A5,0.195873,1.459701,0
20210205T151709,20210211T163501,6.0541,130,A5,-0.015975,0.359723,0
20210205T151709,20210211T163501,6.0541,131,A5,0.426516,0.015324,1
20210205T151709,20210211T163501,6.0541,132,A5,0.567220,0.000000,1
20210205T151709,20210211T163501,6.0541,133,A5,0.438186,0.634434,1
20210205T151709,20210211T163501,6.0541,134,A5,0.551958,0.401053,1
20210205T151709,20210211T163501,6.0541,135,A5,0.161858,0.085009,1
20210205T151709,20210211T163501,6.0541,136,A5,0.908676,0.248557,1
20210205T151709,20210211T163501,6.0541,137,A5,0.241637,0.098407,1
20210205T151709,20210211T163501,6.0541,138,A5,0.012815,0.833042,1
20210205T151709,20210211T163501,6.0541,139,A5,-0.170101,0.240378,0
20210205T151709,20210211T163501,6.0541,140,A5,0.278048,1.010685,0
20210205T151709,20210211T163501,6.0541,141,A5,0.051732,0.574440,0
20210205T151709,20210211T163501,6.0541,142,A5,-0.257558,0.774780,1
20210205T151709,20210211T163501,6.0541,143,A5,0.241402,0.400880,0
20210205T151709,20210211T163501,6.0541,144,A5,-0.224185,0.900990,0
20210205T151709,20210211T163501,6.0541,145,A5,-0.429857,1.365268,0
20210205T151709,20210211T163501,6.0541,146,A5,0.696986,0.773718,0
20210205T151709,20210211T163501,6.0541,147,A5,0.281970,0.341045,0
20210205T151709,20210211T163501,6.0541,148,A5,-0.068749,0.246306,0
20210205T151709,20210211T163501,6.0541,149,A5,0.635555,0.008679,1
20210205T151709,20210211T163501,6.0541,150,A5,0.282274,0.349202,1
20210205T151709,20210211T163501,6.0541,151,A5,0.505487,0.073061,1
20210205T151709,20210211T163501,6.0541,152,A5,0.292316,0.120408,1
20210205T151709,20210211T163501,6.0541,153,A5,0.424110,0.425446,1
20210205T151709,20210211T163501,6.0541,154,A5,0.616455,0.284790,0
20210205T151709,20210211T163501,6.0541,155,A5,0.046668,0.494545,0
20210205T151709,20210211T163501,6.0541,156,A5,0.205664,0.035262,1
20210205T151709,20210211T163501,6.0541,157,A5,-0.041751,0.058329,0
20210205T151709,20210211T163501,6.0541,158,A5,0.250831,0.606313,0
20210205T151709,20210211T163501,6.0541,159,A5,0.268575,0.013274,1
20210205T151709,20210211T163501,6.0541,160,A5,-0.061467,0.172189,0
20210205T151709,20210212T153711,7.0139,1,A1,0.302291,0.925184,1
20210205T151709,20210212T153711,7.0139,2,A1,0.530377,0.689908,1
20210205T151709,20210212T153711,7.0139,3,A1,-0.034245,1.761237,0
20210205T151709,20210212T153711,7.0139,4,A1,0.209896,0.606815,1
20210205T151709,20210212T153711,7.0139,5,A1,-0.091846,0.560621,0
20210205T151709,20210212T153711,7.0139,6,A1,0.464239,0.453060,0
20210205T151709,20210212T153711,7.0139,7,A1,0.386420,0.726276,1
20210205T151709,20210212T153711,7.0139,8,A1,-0.003302,0.945879,1
20210205T151709,20210212T153711,7.0139,9,A1,0.112984,0.221817,1
20210205T151709,20210212T153711,7.0139,10,A1,0.699547,0.000000,1
20210205T151709,20210212T153711,7.0139,11,A1,0.106556,2.000000,0
20210205T151709,20210212T153711,7.0139,12,A1,0.747097,0.029285,1
20210205T151709,20210212T153711,7.0139,13,A1,-0.221158,0.153014,0
20210205T151709,20210212T153711,7.0139,14,A1,0.120068,0.432685,1
20210205T151709,20210212T153711,7.0139,15,A1,0.036283,1.237608,0
20210205T151709,20210212T153711,7.0139,16,A1,0.703833,0.091290,1
20210205T151709,20210212T153711,7.0139,17,A1,0.082533,0.894329,1
20210205T151709,20210212T153711,7.0139,18,A1,-0.220710,0.041573,1
20210205T151709,20210212T153711,7.0139,19,A1,0.136914,0.962416,1
20210205T151709,20210212T153711,7.0139,20,A1,0.630397,0.148107,1
20210205T151709,20210212T153711,7.0139,21,A1,0.081789,0.896375,0
20210205T151709,20210212T153711,7.0139,22,A1,0.026058,0.324185,1
20210205T151709,20210212T153711,7.0139,23,A1,-0.011960,0.768281,1
20210205T151709,20210212T153711,7.0139,24,A1,0.057755,0.013328,1
20210205T151709,20210212T153711,7.0139,25,A1,0.127298,0.453932,1
20210205T151709,20210212T153711,7.0139,26,A1,0.962549,0.000000,1
20210205T151709,20210212T153711,7.0139,27,A1,0.200180,0.262564,1
20210205T151709,20210212T153711,7.0139,28,A1,0.668814,0.000000,1
20210205T151709,20210212T153711,7.0139,29,A1,-0.041236,2.000000,0
20210205T151709,20210212T153711,7.0139,30,A1,0.262941,0.087758,1
20210205T151709,20210212T153711,7.0139,31,A1,0.031563,0.180294,1
20210205T151709,20210212T153711,7.0139,32,A1,0.688485,0.059254,1
20210205T151709,20210212T153711,7.0139,33,A2,0.018016,0.269283,1
20210205T151709,20210212T153711,7.0139,34,A2,0.169355,0.086447,1
20210205T151709,20210212T153711,7.0139,35,A2,0.044239,0.058782,1
20210205T151709,20210212T153711,7.0139,36,A2,0.337773,0.134189,0
20210205T151709,20210212T153711,7.0139,37,A2,-0.121952,0.384394,1
20210205T151709,20210212T153711,7.0139,38,A2,0.008601,1.002021,0
20210205T151709,20210212T153711,7.0139,39,A2,0.403191,0.016188,1
20210205T151709,20210212T153711,7.0139,40,A2,0.140914,2.000000,0
20210205T151709,20210212T153711,7.0139,41,A2,0.454170,0.000000,1
20210205T151709,20210212T153711,7.0139,42,A2,0.010911,0.243340,1
20210205T151709,20210212T153711,7.0139,43,A2,0.038080,1.095179,0
20210205T151709,20210212T153711,7.0139,44,A2,0.022502,0.518198,0
20210205T151709,20210212T153711,7.0139,45,A2,0.138697,1.739923,0
20210205T151709,20210212T153711,7.0139,46,A2,0.090775,1.532404,0
20210205T151709,20210212T153711,7.0139,47,A2,0.139498,0.016996,1
20210205T151709,20210212T153711,7.0139,48,A2,0.253426,0.965262,0
20210205T151709,20210212T153711,7.0139,49,A2,0.436132,0.930810,1
20210205T151709,20210212T153711,7.0139,50,A2,0.238355,1.288621,0
20210205T151709,20210212T153711,7.0139,51,A2,-0.082985,1.545966,0
20210205T151709,20210212T153711,7.0139,52,A2,0.558633,0.186762,1
20210205T151709,20210212T153711,7.0139,53,A2,-0.095927,0.243137,0
20210205T151709,20210212T153711,7.0139,54,A2,0.356845,0.369259,1
20210205T151709,20210212T153711,7.0139,55,A2,0.600562,0.053064,1
20210205T151709,20210212T153711,7.0139,56,A2,0.182396,1.026507,0
20210205T151709,20210212T153711,7.0139,57,A2,0.475280,0.433109,1
20210205T151709,20210212T153711,7.0139,58,A2,-0.022317,0.446465,1
20210205T151709,20210212T153711,7.0139,59,A2,0.185693,0.051678,1
20210205T151709,20210212T153711,7.0139,60,A2,-0.132547,0.593432,1
20210205T151709,20210212T153711,7.0139,61,A2,-0.089373,1.786393,0
20210205T151709,20210212T153711,7.0139,62,A2,-0.311590,0.091162,1
20210205T151709,20210212T153711,7.0139,63,A2,-0.025677,0.629741,1
20210205T151709,20210212T153711,7.0139,64,A2,0.065474,0.435772,1
20210205T151709,20210212T153711,7.0139,65,A3,-0.171093,0.599371,1
20210205T151709,20210212T153711,7.0139,66,A3,0.407583,0.685326,1
20210205T151709,20210212T153711,7.0139,67,A3,-0.465807,0.738023,1
20210205T151709,20210212T153711,7.0139,68,A3,-0.028458,2.000000,0
20210205T151709,20210212T153711,7.0139,69,A3,-0.300564,0.023710,1
20210205T151709,20210212T153711,7.0139,70,A3,0.212130,0.000000,1
20210205T151709,20210212T153711,7.0139,71,A3,-0.012847,0.923519,1
20210205T151709,20210212T153711,7.0139,72,A3,0.129896,1.704563,0
20210205T151709,20210212T153711,7.0139,73,A3,0.186055,0.276145,0
20210205T151709,20210212T153711,7.0139,74,A3,0.267733,0.327691,1
20210205T151709,20210212T153711,7.0139,75,A3,-0.044685,1.460361,0
20210205T151709,20210212T153711,7.0139,76,A3,0.059489,0.542813,1
20210205T151709,20210212T153711,7.0139,77,A3,0.512915,0.618818,1
20210205T151709,20210212T153711,7.0139,78,A3,0.211148,0.227903,1
20210205T151709,20210212T153711,7.0139,79,A3,0.055433,0.816468,1
20210205T151709,20210212T153711,7.0139,80,A3,-0.149539,0.436558,1
20210205T151709,20210212T153711,7.0139,81,A3,-0.201124,0.165624,1
20210205T151709,20210212T153711,7.0139,82,A3,-0.000156,0.220535,1
20210205T151709,20210212T153711,7.0139,83,A3,-0.064005,2.000000,0
20210205T151709,20210212T153711,7.0139,84,A3,0.519215,0.161006,1
20210205T151709,20210212T153711,7.0139,85,A3,0.165583,2.000000,0
20210205T151709,20210212T153711,7.0139,86,A3,0.325474,0.695521,1
20210205T151709,20210212T153711,7.0139,87,A3,0.166405,0.687298,1
20210205T151709,20210212T153711,7.0139,88,A3,0.143025,0.936743,1
20210205T151709,20210212T153711,7.0139,89,A3,0.236111,0.076861,1
20210205T151709,20210212T153711,7.0139,90,A3,-0.051438,0.632629,1
20210205T151709,20210212T153711,7.0139,91,A3,0.018733,1.182923,0
20210205T151709,20210212T153711,7.0139,92,A3,-0.070952,1.250711,0
20210205T151709,20210212T153711,7.0139,93,A3,0.032877,0.206753,1
20210205T151709,20210212T153711,7.0139,94,A3,0.153263,0.544309,1
20210205T151709,20210212T153711,7.0139,95,A3,0.008679,0.187909,1
20210205T151709,20210212T153711,7.0139,96,A3,0.146233,0.451621,0
20210205T151709,20210212T153711,7.0139,97,A4,0.687445,0.073064,1
20210205T151709,20210212T153711,7.0139,98,A4,0.233949,0.027451,1
20210205T151709,20210212T153711,7.0139,99,A4,0.847655,0.056700,1
20210205T151709,20210212T153711,7.0139,100,A4,0.776277,0.341730,1
20210205T151709,20210212T153711,7.0139,101,A4,0.960831,0.329450,1
20210205T151709,20210212T153711,7.0139,102,A4,0.839115,0.256138,1
20210205T151709,20210212T153711,7.0139,103,A4,0.710026,0.064229,1
20210205T151709,20210212T153711,7.0139,104,A4,0.864241,0.014184,1
20210205T151709,20210212T153711,7.0139,105,A4,-0.161873,0.005518,1
20210205T151709,20210212T153711,7.0139,106,A4,0.187675,0.109343,1
20210205T151709,20210212T153711,7.0139,107,A4,0.329346,0.054971,1
20210205T151709,20210212T153711,7.0139,108,A4,0.057934,0.000000,1
20210205T151709,20210212T153711,7.0139,109,A4,0.183298,0.923975,0
20210205T151709,20210212T153711,7.0139,110,A4,0.167518,0.346664,0
20210205T151709,20210212T153711,7.0139,111,A4,0.546392,0.042668,1
20210205T151709,20210212T153711,7.0139,112,A4,0.242109,0.134912,1
20210205T151709,20210212T153711,7.0139,113,A4,0.869146,0.045564,1
20210205T151709,20210212T153711,7.0139,114,A4,0.315168,0.372057,1
20210205T151709,20210212T153711,7.0139,115,A4,0.824022,0.000000,1
20210205T151709,20210212T153711,7.0139,116,A4,0.842907,0.085353,1
20210205T151709,20210212T153711,7.0139,117,A4,0.748825,0.066260,1
20210205T151709,20210212T153711,7.0139,118,A4,0.584372,0.073036,1
20210205T151709,20210212T153711,7.0139,119,A4,0.872503,0.396779,1
20210205T151709,20210212T153711,7.0139,120,A4,0.409701,0.049797,1
20210205T151709,20210212T153711,7.0139,121,A4,-0.214177,0.463599,1
20210205T151709,20210212T153711,7.0139,122,A4,0.008691,0.241384,0
20210205T151709,20210212T153711,7.0139,123,A4,0.454805,0.070902,1
20210205T151709,20210212T153711,7.0139,124,A4,0.810324,0.197495,1
20210205T151709,20210212T153711,7.0139,125,A4,0.555234,0.075317,1
20210205T151709,20210212T153711,7.0139,126,A4,0.509044,0.147695,0
20210205T151709,20210212T153711,7.0139,127,A4,0.435555,0.057102,1
20210205T151709,20210212T153711,7.0139,128,A4,0.473184,0.181039,1
20210205T151709,20210212T153711,7.0139,129,A5,0.328269,1.519998,0
20210205T151709,20210212T153711,7.0139,130,A5,0.176752,0.200003,1
20210205T151709,20210212T153711,7.0139,131,A5,0.518554,0.665998,1
20210205T151709,20210212T153711,7.0139,132,A5,0.447647,0.000000,1
20210205T151709,20210212T153711,7.0139,133,A5,0.605572,0.000000,1
20210205T151709,20210212T153711,7.0139,134,A5,0.404997,0.401053,1
20210205T151709,20210212T153711,7.0139,135,A5,0.509093,0.375973,1
20210205T151709,20210212T153711,7.0139,136,A5,0.903524,0.000000,1
20210205T151709,20210212T153711,7.0139,137,A5,0.294956,0.285112,1
20210205T151709,20210212T153711,7.0139,138,A5,-0.019567,0.520310,0
20210205T151709,20210212T153711,7.0139,139,A5,-0.095694,0.172996,0
20210205T151709,20210212T153711,7.0139,140,A5,0.109209,1.343134,0
20210205T151709,20210212T153711,7.0139,141,A5,0.118368,0.250476,0
20210205T151709,20210212T153711,7.0139,142,A5,0.016944,0.265237,0
20210205T151709,20210212T153711,7.0139,143,A5,-0.072401,0.047365,1
20210205T151709,20210212T153711,7.0139,144,A5,0.060694,0.127291,1
20210205T151709,20210212T153711,7.0139,145,A5,-0.121126,1.115589,0
20210205T151709,20210212T153711,7.0139,146,A5,0.362560,0.853188,0
20210205T151709,20210212T153711,7.0139,147,A5,0.401535,0.349369,0
20210205T151709,20210212T153711,7.0139,148,A5,-0.221232,0.436143,1
20210205T151709,20210212T153711,7.0139,149,A5,0.432221,0.337668,1
20210205T151709,20210212T153711,7.0139,150,A5,-0.055303,0.745052,0
20210205T151709,20210212T153711,7.0139,151,A5,0.389478,0.057497,1
20210205T151709,20210212T153711,7.0139,152,A5,0.497755,0.115735,1
20210205T151709,20210212T153711,7.0139,153,A5,0.197073,0.293678,1
20210205T151709,20210212T153711,7.0139,154,A5,0.593325,0.133525,1
20210205T151709,20210212T153711,7.0139,155,A5,-0.127077,0.412816,1
20210205T151709,20210212T153711,7.0139,156,A5,0.000591,0.534030,0
20210205T151709,20210212T153711,7.0139,157,A5,-0.175388,0.307215,1
20210205T151709,20210212T153711,7.0139,158,A5,-0.153016,0.144444,1
20210205T151709,20210212T153711,7.0139,159,A5,0.134995,0.456847,0
20210205T151709,20210212T153711,7.0139,160,A5,0.142352,0.114848,1
20210205T151709,20210218T131636,12.9163,1,A1,-0.523131,0.895252,1
20210205T151709,20210218T131636,12.9163,2,A1,0.394671,0.689908,1
20210205T151709,20210218T131636,12.9163,3,A1,0.281510,0.098287,1
20210205T151709,20210218T131636,12.9163,4,A1,0.527711,0.705172,1
20210205T151709,20210218T131636,12.9163,5,A1,0.331288,1.054413,0
20210205T151709,20210218T131636,12.9163,6,A1,0.524698,0.836620,1
20210205T151709,20210218T131636,12.9163,7,A1,0.111196,1.147956,0
20210205T151709,20210218T131636,12.9163,8,A1,0.248454,0.215497,1
20210205T151709,20210218T131636,12.9163,9,A1,-0.086394,0.717169,0
20210205T151709,20210218T131636,12.9163,10,A1,0.875610,0.000000,1
20210205T151709,20210218T131636,12.9163,11,A1,0.306721,2.000000,0
20210205T151709,20210218T131636,12.9163,12,A1,0.909209,0.174579,1
20210205T151709,20210218T131636,12.9163,13,A1,-0.365447,1.062827,0
20210205T151709,20210218T131636,12.9163,14,A1,0.306282,0.448377,1
20210205T151709,20210218T131636,12.9163,15,A1,0.005666,2.000000,0
20210205T151709,20210218T131636,12.9163,16,A1,0.626199,0.293742,0
20210205T151709,20210218T131636,12.9163,17,A1,0.004359,0.538376,0
20210205T151709,20210218T131636,12.9163,18,A1,0.060253,0.720088,1
20210205T151709,20210218T131636,12.9163,19,A1,0.585524,0.985346,1
20210205T151709,20210218T131636,12.9163,20,A1,0.809513,0.165161,1
20210205T151709,20210218T131636,12.9163,21,A1,0.210697,0.274946,0
20210205T151709,20210218T131636,12.9163,22,A1,-0.279264,0.278253,0
20210205T151709,20210218T131636,12.9163,23,A1,-0.006075,0.088934,1
20210205T151709,20210218T131636,12.9163,24,A1,0.356480,0.036877,1
20210205T151709,20210218T131636,12.9163,25,A1,0.262210,0.166734,1
20210205T151709,20210218T131636,12.9163,26,A1,0.954100,0.000000,1
20210205T151709,20210218T131636,12.9163,27,A1,0.312234,0.527834,1
20210205T151709,20210218T131636,12.9163,28,A1,0.953322,0.000000,1
20210205T151709,20210218T131636,12.9163,29,A1,0.074327,2.000000,0
20210205T151709,20210218T131636,12.9163,30,A1,0.186014,0.286266,0
20210205T151709,20210218T131636,12.9163,31,A1,-0.289216,0.168065,0
20210205T151709,20210218T131636,12.9163,32,A1,0.799264,0.103193,1
20210205T151709,20210218T131636,12.9163,33,A2,0.156703,0.221747,1
20210205T151709,20210218T131636,12.9163,34,A2,0.234653,0.524868,0
20210205T151709,20210218T131636,12.9163,35,A2,0.192391,0.030657,1
20210205T151709,20210218T131636,12.9163,36,A2,0.058256,0.956073,1
20210205T151709,20210218T131636,12.9163,37,A2,0.132326,0.846975,1
20210205T151709,20210218T131636,12.9163,38,A2,-0.143025,0.106333,0
20210205T151709,20210218T131636,12.9163,39,A2,0.064244,0.238244,0
20210205T151709,20210218T131636,12.9163,40,A2,0.261584,0.778783,1
20210205T151709,20210218T131636,12.9163,41,A2,0.312417,0.788889,1
20210205T151709,20210218T131636,12.9163,42,A2,-0.096517,0.196013,0
20210205T151709,20210218T131636,12.9163,43,A2,0.084413,0.953607,0
20210205T151709,20210218T131636,12.9163,44,A2,-0.076998,1.144423,0
20210205T151709,20210218T131636,12.9163,45,A2,-0.072763,0.829196,0
20210205T151709,20210218T131636,12.9163,46,A2,0.092539,0.516283,1
20210205T151709,20210218T131636,12.9163,47,A2,0.186503,0.165155,0
20210205T151709,20210218T131636,12.9163,48,A2,0.177641,0.262537,1
20210205T151709,20210218T131636,12.9163,49,A2,0.574685,0.688461,1
20210205T151709,20210218T131636,12.9163,50,A2,0.024905,0.143691,1
20210205T151709,20210218T131636,12.9163,51,A2,0.293669,0.557722,0
20210205T151709,20210218T131636,12.9163,52,A2,0.650444,0.796388,1
20210205T151709,20210218T131636,12.9163,53,A2,0.101071,1.010828,0
20210205T151709,20210218T131636,12.9163,54,A2,0.362480,0.839467,1
20210205T151709,20210218T131636,12.9163,55,A2,0.545983,0.108845,0
20210205T151709,20210218T131636,12.9163,56,A2,0.238813,0.671038,0
20210205T151709,20210218T131636,12.9163,57,A2,0.469304,0.810030,0
20210205T151709,20210218T131636,12.9163,58,A2,-0.119019,0.469538,1
20210205T151709,20210218T131636,12.9163,59,A2,-0.297714,0.864974,0
20210205T151709,20210218T131636,12.9163,60,A2,0.103709,0.380352,0
20210205T151709,20210218T131636,12.9163,61,A2,0.309927,1.206743,0
20210205T151709,20210218T131636,12.9163,62,A2,-0.225618,0.908480,1
20210205T151709,20210218T131636,12.9163,63,A2,0.038861,0.949330,1
20210205T151709,20210218T131636,12.9163,64,A2,-0.073413,0.888460,1
20210205T151709,20210218T131636,12.9163,65,A3,0.365359,0.554633,0
20210205T151709,20210218T131636,12.9163,66,A3,0.260373,0.521804,1
20210205T151709,20210218T131636,12.9163,67,A3,0.161231,0.430821,0
20210205T151709,20210218T131636,12.9163,68,A3,-0.034915,0.000000,1
20210205T151709,20210218T131636,12.9163,69,A3,0.228093,0.185692,1
20210205T151709,20210218T131636,12.9163,70,A3,0.241221,1.422865,0
20210205T151709,20210218T131636,12.9163,71,A3,0.345425,1.076481,0
20210205T151709,20210218T131636,12.9163,72,A3,-0.068515,0.406961,1
20210205T151709,20210218T131636,12.9163,73,A3,-0.202952,0.495976,0
20210205T151709,20210218T131636,12.9163,74,A3,0.225571,0.144148,1
20210205T151709,20210218T131636,12.9163,75,A3,-0.441362,0.962220,0
20210205T151709,20210218T131636,12.9163,76,A3,0.084655,1.205362,0
20210205T151709,20210218T131636,12.9163,77,A3,0.330018,0.618818,1
20210205T151709,20210218T131636,12.9163,78,A3,0.270049,0.176200,1
20210205T151709,20210218T131636,12.9163,79,A3,-0.052059,0.048299,1
20210205T151709,20210218T131636,12.9163,80,A3,0.360916,0.353613,1
20210205T151709,20210218T131636,12.9163,81,A3,0.459315,0.502977,0
20210205T151709,20210218T131636,12.9163,82,A3,0.260316,0.000000,1
20210205T151709,20210218T131636,12.9163,83,A3,-0.173568,0.965317,1
20210205T151709,20210218T131636,12.9163,84,A3,0.297357,0.803410,1
20210205T151709,20210218T131636,12.9163,85,A3,0.014974,1.081208,0
20210205T151709,20210218T131636,12.9163,86,A3,-0.309358,0.924868,1
20210205T151709,20210218T131636,12.9163,87,A3,0.275161,0.902013,0
20210205T151709,20210218T131636,12.9163,88,A3,-0.026626,0.062510,1
20210205T151709,20210218T131636,12.9163,89,A3,-0.096029,0.775749,0
20210205T151709,20210218T131636,12.9163,90,A3,0.147482,0.419742,1
20210205T151709,20210218T131636,12.9163,91,A3,-0.090738,0.220049,0
20210205T151709,20210218T131636,12.9163,92,A3,0.112746,0.060398,1
20210205T151709,20210218T131636,12.9163,93,A3,0.450219,0.342752,1
20210205T151709,20210218T131636,12.9163,94,A3,-0.151086,1.455691,0
20210205T151709,20210218T131636,12.9163,95,A3,0.099513,1.121274,0
20210205T151709,20210218T131636,12.9163,96,A3,0.114789,0.462131,0
20210205T151709,20210218T131636,12.9163,97,A4,0.764762,0.040922,1
20210205T151709,20210218T131636,12.9163,98,A4,0.388914,0.049379,1
20210205T151709,20210218T131636,12.9163,99,A4,0.906998,0.122960,1
20210205T151709,20210218T131636,12.9163,100,A4,0.786525,0.341730,1
20210205T151709,20210218T131636,12.9163,101,A4,0.942318,0.252804,1
20210205T151709,20210218T131636,12.9163,102,A4,0.885163,0.482557,1
20210205T151709,20210218T131636,12.9163,103,A4,0.792907,0.091271,1
20210205T151709,20210218T131636,12.9163,104,A4,0.887658,0.000000,1
20210205T151709,20210218T131636,12.9163,105,A4,0.093062,0.270456,1
20210205T151709,20210218T131636,12.9163,106,A4,0.127609,0.566337,0
20210205T151709,20210218T131636,12.9163,107,A4,0.370114,0.042320,1
20210205T151709,20210218T131636,12.9163,108,A4,0.213686,0.000000,1
20210205T151709,20210218T131636,12.9163,109,A4,0.041167,0.325434,1
20210205T151709,20210218T131636,12.9163,110,A4,0.026153,0.311633,1
20210205T151709,20210218T131636,12.9163,111,A4,0.397337,0.139109,1
20210205T151709,20210218T131636,12.9163,112,A4,0.296156,0.340433,1
20210205T151709,20210218T131636,12.9163,113,A4,0.913198,0.184976,1
20210205T151709,20210218T131636,12.9163,114,A4,0.092448,0.570163,0
20210205T151709,20210218T131636,12.9163,115,A4,0.892516,0.000000,1
20210205T151709,20210218T131636,12.9163,116,A4,0.897216,0.032221,1
20210205T151709,20210218T131636,12.9163,117,A4,0.665385,0.149117,1
20210205T151709,20210218T131636,12.9163,118,A4,0.649742,0.004251,1
20210205T151709,20210218T131636,12.9163,119,A4,0.836532,0.291715,1
20210205T151709,20210218T131636,12.9163,120,A4,0.293469,0.166267,1
20210205T151709,20210218T131636,12.9163,121,A4,0.355175,0.502044,0
20210205T151709,20210218T131636,12.9163,122,A4,0.105814,0.227806,0
20210205T151709,20210218T131636,12.9163,123,A4,0.315468,0.198583,1
20210205T151709,20210218T131636,12.9163,124,A4,0.387517,0.341368,0
20210205T151709,20210218T131636,12.9163,125,A4,0.457099,0.096380,1
20210205T151709,20210218T131636,12.9163,126,A4,0.575735,0.123145,0
20210205T151709,20210218T131636,12.9163,127,A4,0.424533,0.085672,1
20210205T151709,20210218T131636,12.9163,128,A4,0.626669,0.445898,1
20210205T151709,20210218T131636,12.9163,129,A5,0.052694,1.732518,0
20210205T151709,20210218T131636,12.9163,130,A5,-0.129277,0.804696,0
20210205T151709,20210218T131636,12.9163,131,A5,-0.178684,0.532735,1
20210205T151709,20210218T131636,12.9163,132,A5,0.513358,0.100945,1
20210205T151709,20210218T131636,12.9163,133,A5,0.641553,0.162975,1
20210205T151709,20210218T131636,12.9163,134,A5,0.502869,0.401053,1
20210205T151709,20210218T131636,12.9163,135,A5,0.432059,0.408148,0
20210205T151709,20210218T131636,12.9163,136,A5,0.921350,0.000000,1
20210205T151709,20210218T131636,12.9163,137,A5,0.335047,0.072710,0
20210205T151709,20210218T131636,12.9163,138,A5,-0.291880,0.744913,0
20210205T151709,20210218T131636,12.9163,139,A5,0.036541,0.433869,0
20210205T151709,20210218T131636,12.9163,140,A5,-0.226903,0.000000,1
20210205T151709,20210218T131636,12.9163,141,A5,0.334630,0.073976,1
20210205T151709,20210218T131636,12.9163,142,A5,-0.104847,0.382049,0
20210205T151709,20210218T131636,12.9163,143,A5,0.206923,0.234418,1
20210205T151709,20210218T131636,12.9163,144,A5,-0.114929,0.491593,1
20210205T151709,20210218T131636,12.9163,145,A5,0.672766,0.070144,1
20210205T151709,20210218T131636,12.9163,146,A5,0.587491,0.002355,1
20210205T151709,20210218T131636,12.9163,147,A5,0.408088,0.629354,1
20210205T151709,20210218T131636,12.9163,148,A5,-0.033813,0.021001,1
20210205T151709,20210218T131636,12.9163,149,A5,0.414889,0.769407,1
20210205T151709,20210218T131636,12.9163,150,A5,0.548906,0.403700,1
20210205T151709,20210218T131636,12.9163,151,A5,0.305535,0.187584,1
20210205T151709,20210218T131636,12.9163,152,A5,0.543661,0.103099,1
20210205T151709,20210218T131636,12.9163,153,A5,0.327159,0.247445,1
20210205T151709,20210218T131636,12.9163,154,A5,0.765299,0.120424,1
20210205T151709,20210218T131636,12.9163,155,A5,-0.259111,0.544712,0
20210205T151709,20210218T131636,12.9163,156,A5,-0.191242,1.128141,0
20210205T151709,20210218T131636,12.9163,157,A5,0.015329,0.163555,0
20210205T151709,20210218T131636,12.9163,158,A5,0.066187,0.467591,1
20210205T151709,20210218T131636,12.9163,159,A5,0.383982,0.296658,0
20210205T151709,20210218T131636,12.9163,160,A5,0.150918,0.078365,1
20210205T151709,20210219T145809,13.9868,1,A1,-0.058684,0.840589,1
20210205T151709,20210219T145809,13.9868,2,A1,0.361609,0.689908,1
20210205T151709,20210219T145809,13.9868,3,A1,0.025318,0.000000,1
20210205T151709,20210219T145809,13.9868,4,A1,-0.039758,0.865460,1
20210205T151709,20210219T145809,13.9868,5,A1,-0.012520,0.290376,0
20210205T151709,20210219T145809,13.9868,6,A1,0.671638,0.238943,0
20210205T151709,20210219T145809,13.9868,7,A1,-0.232933,0.000000,1
20210205T151709,20210219T145809,13.9868,8,A1,-0.264910,0.600232,1
20210205T151709,20210219T145809,13.9868,9,A1,-0.097465,0.570021,0
20210205T151709,20210219T145809,13.9868,10,A1,0.737963,0.000000,1
20210205T151709,20210219T145809,13.9868,11,A1,-0.026849,2.000000,0
20210205T151709,20210219T145809,13.9868,12,A1,0.842732,0.179637,1
20210205T151709,20210219T145809,13.9868,13,A1,-0.158506,0.652054,0
20210205T151709,20210219T145809,13.9868,14,A1,0.083342,0.531705,0
20210205T151709,20210219T145809,13.9868,15,A1,-0.016489,2.000000,0
20210205T151709,20210219T145809,13.9868,16,A1,0.656786,0.356947,0
20210205T151709,20210219T145809,13.9868,17,A1,-0.155938,0.181858,0
20210205T151709,20210219T145809,13.9868,18,A1,0.101500,0.496436,0
20210205T151709,20210219T145809,13.9868,19,A1,0.497573,0.354020,1
20210205T151709,20210219T145809,13.9868,20,A1,0.772246,0.142393,1
20210205T151709,20210219T145809,13.9868,21,A1,0.185297,0.251388,0
20210205T151709,20210219T145809,13.9868,22,A1,-0.040670,0.086845,1
20210205T151709,20210219T145809,13.9868,23,A1,0.202065,0.763857,0
20210205T151709,20210219T145809,13.9868,24,A1,-0.281518,0.077273,1
20210205T151709,20210219T145809,13.9868,25,A1,0.052676,0.842944,1
20210205T151709,20210219T145809,13.9868,26,A1,0.965031,0.000000,1
20210205T151709,20210219T145809,13.9868,27,A1,0.230165,0.476641,1
20210205T151709,20210219T145809,13.9868,28,A1,0.922966,0.000000,1
20210205T151709,20210219T145809,13.9868,29,A1,0.263240,0.765392,1
20210205T151709,20210219T145809,13.9868,30,A1,0.067436,1.065638,0
20210205T151709,20210219T145809,13.9868,31,A1,0.059032,0.075234,1
20210205T151709,20210219T145809,13.9868,32,A1,0.681853,0.132601,1
20210205T151709,20210219T145809,13.9868,33,A2,0.011210,0.075312,1
20210205T151709,20210219T145809,13.9868,34,A2,-0.209462,0.345421,0
20210205T151709,20210219T145809,13.9868,35,A2,0.133850,0.147619,0
20210205T151709,20210219T145809,13.9868,36,A2,0.054150,0.019725,1
20210205T151709,20210219T145809,13.9868,37,A2,-0.145668,0.855632,1
20210205T151709,20210219T145809,13.9868,38,A2,0.027842,0.075511,0
20210205T151709,20210219T145809,13.9868,39,A2,0.391082,0.175561,0
20210205T151709,20210219T145809,13.9868,40,A2,-0.085434,0.425130,1
20210205T151709,20210219T145809,13.9868,41,A2,0.288665,0.957289,1
20210205T151709,20210219T145809,13.9868,42,A2,-0.169640,0.308355,1
20210205T151709,20210219T145809,13.9868,43,A2,0.217363,0.083730,1
20210205T151709,20210219T145809,13.9868,44,A2,-0.215850,0.104794,1
20210205T151709,20210219T145809,13.9868,45,A2,0.134283,0.745952,0
20210205T151709,20210219T145809,13.9868,46,A2,-0.099254,0.865333,0
20210205T151709,20210219T145809,13.9868,47,A2,0.195396,0.000764,1
20210205T151709,20210219T145809,13.9868,48,A2,0.122814,0.068883,1
20210205T151709,20210219T145809,13.9868,49,A2,0.452323,0.780959,1
20210205T151709,20210219T145809,13.9868,50,A2,0.206029,0.388876,0
20210205T151709,20210219T145809,13.9868,51,A2,-0.039193,0.351659,1
20210205T151709,20210219T145809,13.9868,52,A2,0.509332,0.161142,1
20210205T151709,20210219T145809,13.9868,53,A2,-0.029814,0.044004,1
20210205T151709,20210219T145809,13.9868,54,A2,-0.114858,0.399668,1
20210205T151709,20210219T145809,13.9868,55,A2,0.540660,0.117111,0
20210205T151709,20210219T145809,13.9868,56,A2,0.100747,0.676773,0
20210205T151709,20210219T145809,13.9868,57,A2,0.212664,0.484430,0
20210205T151709,20210219T145809,13.9868,58,A2,-0.155647,1.221238,0
20210205T151709,20210219T145809,13.9868,59,A2,0.243263,0.229508,0
20210205T151709,20210219T145809,13.9868,60,A2,0.108594,0.079403,0
20210205T151709,20210219T145809,13.9868,61,A2,0.211093,0.910671,1
20210205T151709,20210219T145809,13.9868,62,A2,0.059237,0.761507,1
20210205T151709,20210219T145809,13.9868,63,A2,0.205594,0.949330,1
20210205T151709,20210219T145809,13.9868,64,A2,-0.025910,0.284566,0
20210205T151709,20210219T145809,13.9868,65,A3,0.185084,0.225448,1
20210205T151709,20210219T145809,13.9868,66,A3,0.280875,0.091929,1
20210205T151709,20210219T145809,13.9868,67,A3,0.073528,0.290393,0
20210205T151709,20210219T145809,13.9868,68,A3,-0.347208,1.006119,0
20210205T151709,20210219T145809,13.9868,69,A3,0.224426,0.254735,1
20210205T151709,20210219T145809,13.9868,70,A3,0.050150,1.005071,0
20210205T151709,20210219T145809,13.9868,71,A3,0.197897,0.195237,1
20210205T151709,20210219T145809,13.9868,72,A3,-0.015855,1.361124,0
20210205T151709,20210219T145809,13.9868,73,A3,-0.161906,1.264223,0
20210205T151709,20210219T145809,13.9868,74,A3,-0.119195,0.075703,1
20210205T151709,20210219T145809,13.9868,75,A3,-0.245528,0.406749,1
20210205T151709,20210219T145809,13.9868,76,A3,-0.028857,1.038225,0
20210205T151709,20210219T145809,13.9868,77,A3,0.403018,0.256834,1
20210205T151709,20210219T145809,13.9868,78,A3,0.269468,0.036813,1
20210205T151709,20210219T145809,13.9868,79,A3,-0.269258,0.059500,1
20210205T151709,20210219T145809,13.9868,80,A3,-0.070740,0.371586,1
20210205T151709,20210219T145809,13.9868,81,A3,0.275509,0.203655,1
20210205T151709,20210219T145809,13.9868,82,A3,0.206646,0.915845,1
20210205T151709,20210219T145809,13.9868,83,A3,-0.062672,0.954282,1
20210205T151709,20210219T145809,13.9868,84,A3,0.313662,0.280407,0
20210205T151709,20210219T145809,13.9868,85,A3,-0.126756,0.818940,1
20210205T151709,20210219T145809,13.9868,86,A3,-0.150631,0.213982,0
20210205T151709,20210219T145809,13.9868,87,A3,0.089185,0.364712,0
20210205T151709,20210219T145809,13.9868,88,A3,-0.026971,0.862251,0
20210205T151709,20210219T145809,13.9868,89,A3,-0.046735,0.608963,0
20210205T151709,20210219T145809,13.9868,90,A3,0.205513,0.628987,1
20210205T151709,20210219T145809,13.9868,91,A3,0.077302,0.052072,1
20210205T151709,20210219T145809,13.9868,92,A3,-0.177315,0.265390,0
20210205T151709,20210219T145809,13.9868,93,A3,0.011486,0.023908,1
20210205T151709,20210219T145809,13.9868,94,A3,0.095755,0.310026,1
20210205T151709,20210219T145809,13.9868,95,A3,-0.330615,0.062653,1
20210205T151709,20210219T145809,13.9868,96,A3,-0.070590,0.125453,0
20210205T151709,20210219T145809,13.9868,97,A4,0.534037,0.139013,1
20210205T151709,20210219T145809,13.9868,98,A4,0.238668,0.206327,1
20210205T151709,20210219T145809,13.9868,99,A4,0.909164,0.114730,1
20210205T151709,20210219T145809,13.9868,100,A4,0.780946,0.119332,1
20210205T151709,20210219T145809,13.9868,101,A4,0.934564,0.074766,1
20210205T151709,20210219T145809,13.9868,102,A4,0.873701,0.028358,1
20210205T151709,20210219T145809,13.9868,103,A4,0.831158,0.121528,1
20210205T151709,20210219T145809,13.9868,104,A4,0.910010,0.083121,1
20210205T151709,20210219T145809,13.9868,105,A4,-0.243379,0.126526,1
20210205T151709,20210219T145809,13.9868,106,A4,-0.027596,0.327299,0
20210205T151709,20210219T145809,13.9868,107,A4,0.304641,0.108405,0
20210205T151709,20210219T145809,13.9868,108,A4,0.023431,0.897237,1
20210205T151709,20210219T145809,13.9868,109,A4,0.103576,0.100506,1
20210205T151709,20210219T145809,13.9868,110,A4,-0.057463,1.328953,0
20210205T151709,20210219T145809,13.9868,111,A4,0.241890,0.322464,0
20210205T151709,20210219T145809,13.9868,112,A4,0.097271,0.280683,1
20210205T151709,20210219T145809,13.9868,113,A4,0.906493,0.260723,1
20210205T151709,20210219T145809,13.9868,114,A4,-0.253499,0.642820,0
20210205T151709,20210219T145809,13.9868,115,A4,0.874060,0.000000,1
20210205T151709,20210219T145809,13.9868,116,A4,0.860235,0.075519,1
20210205T151709,20210219T145809,13.9868,117,A4,0.686987,0.199330,1
20210205T151709,20210219T145809,13.9868,118,A4,0.613892,0.125525,1
20210205T151709,20210219T145809,13.9868,119,A4,0.701596,0.103390,1
20210205T151709,20210219T145809,13.9868,120,A4,0.141979,0.038571,1
20210205T151709,20210219T145809,13.9868,121,A4,0.032894,0.559852,0
20210205T151709,20210219T145809,13.9868,122,A4,-0.146170,0.263120,0
20210205T151709,20210219T145809,13.9868,123,A4,0.357226,0.241210,0
20210205T151709,20210219T145809,13.9868,124,A4,0.410374,0.298866,0
20210205T151709,20210219T145809,13.9868,125,A4,0.674617,0.155256,0
20210205T151709,20210219T145809,13.9868,126,A4,0.626241,0.080395,0
20210205T151709,20210219T145809,13.9868,127,A4,0.375374,0.133556,1
20210205T151709,20210219T145809,13.9868,128,A4,0.358513,0.546746,1
20210205T151709,20210219T145809,13.9868,129,A5,-0.074346,0.996076,0
20210205T151709,20210219T145809,13.9868,130,A5,0.283681,0.291168,0
20210205T151709,20210219T145809,13.9868,131,A5,-0.286953,0.665998,1
20210205T151709,20210219T145809,13.9868,132,A5,0.358620,0.697208,1
20210205T151709,20210219T145809,13.9868,133,A5,0.747551,0.570707,1
20210205T151709,20210219T145809,13.9868,134,A5,0.524444,0.401053,1
20210205T151709,20210219T145809,13.9868,135,A5,0.412107,0.391469,0
20210205T151709,20210219T145809,13.9868,136,A5,0.908816,0.069213,1
20210205T151709,20210219T145809,13.9868,137,A5,0.431196,0.169593,0
20210205T151709,20210219T145809,13.9868,138,A5,-0.201722,0.154644,1
20210205T151709,20210219T145809,13.9868,139,A5,-0.167131,0.204293,0
20210205T151709,20210219T145809,13.9868,140,A5,0.160296,1.302178,0
20210205T151709,20210219T145809,13.9868,141,A5,0.334689,0.279096,1
20210205T151709,20210219T145809,13.9868,142,A5,-0.036930,0.262483,0
20210205T151709,20210219T145809,13.9868,143,A5,0.007553,0.311489,0
20210205T151709,20210219T145809,13.9868,144,A5,0.190912,0.010526,1
20210205T151709,20210219T145809,13.9868,145,A5,0.457497,0.319634,1
20210205T151709,20210219T145809,13.9868,146,A5,0.494871,0.985191,0
20210205T151709,20210219T145809,13.9868,147,A5,0.253892,0.203463,0
20210205T151709,20210219T145809,13.9868,148,A5,0.306657,0.305965,0
20210205T151709,20210219T145809,13.9868,149,A5,0.481797,0.595679,1
20210205T151709,20210219T145809,13.9868,150,A5,0.561327,0.429379,0
20210205T151709,20210219T145809,13.9868,151,A5,-0.031630,0.464836,0
20210205T151709,20210219T145809,13.9868,152,A5,0.241820,0.204203,0
20210205T151709,20210219T145809,13.9868,153,A5,0.215064,0.305465,1
20210205T151709,20210219T145809,13.9868,154,A5,0.592747,0.266994,0
20210205T151709,20210219T145809,13.9868,155,A5,0.125939,1.146425,0
20210205T151709,20210219T145809,13.9868,156,A5,0.178226,0.101658,1
20210205T151709,20210219T145809,13.9868,157,A5,-0.005395,0.024343,1
20210205T151709,20210219T145809,13.9868,158,A5,0.096496,0.555596,0
20210205T151709,20210219T145809,13.9868,159,A5,0.128927,0.049030,1
20210205T151709,20210219T145809,13.9868,160,A5,0.252442,0.160304,1
20210205T151709,20210610T132106,124.9194,1,A1,0.066314,1.836931,0
20210205T151709,20210610T132106,124.9194,2,A1,0.048657,1.310092,0
20210205T151709,20210610T132106,124.9194,3,A1,-0.105238,1.022659,0
20210205T151709,20210610T132106,124.9194,4,A1,-0.478318,1.403346,0
20210205T151709,20210610T132106,124.9194,5,A1,-0.369535,1.230349,0
20210205T151709,20210610T132106,124.9194,6,A1,-0.173324,0.798732,0
20210205T151709,20210610T132106,124.9194,7,A1,0.055469,0.000000,1
20210205T151709,20210610T132106,124.9194,8,A1,0.272530,0.702159,1
20210205T151709,20210610T132106,124.9194,9,A1,-0.074552,0.716348,0
20210205T151709,20210610T132106,124.9194,10,A1,-0.290751,1.532155,0
20210205T151709,20210610T132106,124.9194,11,A1,0.020159,0.000000,1
20210205T151709,20210610T132106,124.9194,12,A1,-0.383215,0.919344,0
20210205T151709,20210610T132106,124.9194,13,A1,0.206359,0.515104,1
20210205T151709,20210610T132106,124.9194,14,A1,-0.256662,1.123055,0
20210205T151709,20210610T132106,124.9194,15,A1,0.195156,0.000000,1
20210205T151709,20210610T132106,124.9194,16,A1,0.065604,0.397653,0
20210205T151709,20210610T132106,124.9194,17,A1,-0.407552,0.387150,0
20210205T151709,20210610T132106,124.9194,18,A1,0.237585,0.052741,1
20210205T151709,20210610T132106,124.9194,19,A1,0.444230,0.604889,1
20210205T151709,20210610T132106,124.9194,20,A1,-0.711093,0.263671,1
20210205T151709,20210610T132106,124.9194,21,A1,-0.345821,0.212694,1
20210205T151709,20210610T132106,124.9194,22,A1,-0.070541,0.494665,0
20210205T151709,20210610T132106,124.9194,23,A1,-0.248779,1.231719,0
20210205T151709,20210610T132106,124.9194,24,A1,0.261273,0.801954,1
20210205T151709,20210610T132106,124.9194,25,A1,-0.011593,0.657452,1
20210205T151709,20210610T132106,124.9194,26,A1,0.741011,0.000000,1
20210205T151709,20210610T132106,124.9194,27,A1,0.175553,1.646804,0
20210205T151709,20210610T132106,124.9194,28,A1,-0.089187,0.688962,1
20210205T151709,20210610T132106,124.9194,29,A1,-0.115267,2.000000,0
20210205T151709,20210610T132106,124.9194,30,A1,-0.260973,0.379293,1
20210205T151709,20210610T132106,124.9194,31,A1,-0.064119,0.030333,1
20210205T151709,20210610T132106,124.9194,32,A1,-0.626440,1.227989,0
20210205T151709,20210610T132106,124.9194,33,A2,0.244873,0.795355,1
20210205T151709,20210610T132106,124.9194,34,A2,-0.264607,0.630048,1
20210205T151709,20210610T132106,124.9194,35,A2,0.026604,0.106689,0
20210205T151709,20210610T132106,124.9194,36,A2,-0.012584,0.075343,0
20210205T151709,20210610T132106,124.9194,37,A2,-0.100994,1.394493,0
20210205T151709,20210610T132106,124.9194,38,A2,0.031388,0.153920,1
20210205T151709,20210610T132106,124.9194,39,A2,0.088130,0.069038,1
20210205T151709,20210610T132106,124.9194,40,A2,-0.094334,1.269915,0
20210205T151709,20210610T132106,124.9194,41,A2,0.385279,0.871724,1
20210205T151709,20210610T132106,124.9194,42,A2,0.184643,0.641226,0
20210205T151709,20210610T132106,124.9194,43,A2,0.247763,0.022720,1
20210205T151709,20210610T132106,124.9194,44,A2,0.254139,0.131575,1
20210205T151709,20210610T132106,124.9194,45,A2,-0.282928,0.942010,0
20210205T151709,20210610T132106,124.9194,46,A2,-0.004899,0.467596,1
20210205T151709,20210610T132106,124.9194,47,A2,0.252033,0.458760,0
20210205T151709,20210610T132106,124.9194,48,A2,-0.258231,0.819969,1
20210205T151709,20210610T132106,124.9194,49,A2,-0.288756,0.885882,0
20210205T151709,20210610T132106,124.9194,50,A2,0.205838,1.277878,0
20210205T151709,20210610T132106,124.9194,51,A2,-0.164184,0.256634,1
20210205T151709,20210610T132106,124.9194,52,A2,-0.086804,0.247446,1
20210205T151709,20210610T132106,124.9194,53,A2,-0.025129,0.989172,1
20210205T151709,20210610T132106,124.9194,54,A2,0.331081,0.373815,0
20210205T151709,20210610T132106,124.9194,55,A2,0.035185,0.029912,1
20210205T151709,20210610T132106,124.9194,56,A2,0.168299,0.076171,1
20210205T151709,20210610T132106,124.9194,57,A2,0.217396,0.154528,1
20210205T151709,20210610T132106,124.9194,58,A2,-0.149542,0.361054,1
20210205T151709,20210610T132106,124.9194,59,A2,-0.077295,0.178159,1
20210205T151709,20210610T132106,124.9194,60,A2,0.029844,0.178610,0
20210205T151709,20210610T132106,124.9194,61,A2,0.253030,1.598630,0
20210205T151709,20210610T132106,124.9194,62,A2,-0.251642,0.880215,1
20210205T151709,20210610T132106,124.9194,63,A2,-0.113879,0.584468,1
20210205T151709,20210610T132106,124.9194,64,A2,-0.016444,0.064756,1
20210205T151709,20210610T132106,124.9194,65,A3,-0.041192,0.411732,0
20210205T151709,20210610T132106,124.9194,66,A3,-0.070716,0.737046,1
20210205T151709,20210610T132106,124.9194,67,A3,-0.178895,0.608910,0
20210205T151709,20210610T132106,124.9194,68,A3,0.088092,0.836508,1
20210205T151709,20210610T132106,124.9194,69,A3,0.099990,0.099330,1
20210205T151709,20210610T132106,124.9194,70,A3,0.067356,0.000000,1
20210205T151709,20210610T132106,124.9194,71,A3,0.206163,0.108418,0
20210205T151709,20210610T132106,124.9194,72,A3,-0.087418,1.123050,0
20210205T151709,20210610T132106,124.9194,73,A3,0.336024,0.669594,1
20210205T151709,20210610T132106,124.9194,74,A3,-0.352074,1.158036,0
20210205T151709,20210610T132106,124.9194,75,A3,0.047608,0.539639,1
20210205T151709,20210610T132106,124.9194,76,A3,-0.045603,1.202141,0
20210205T151709,20210610T132106,124.9194,77,A3,0.304298,0.196006,1
20210205T151709,20210610T132106,124.9194,78,A3,0.052700,1.449185,0
20210205T151709,20210610T132106,124.9194,79,A3,-0.186252,0.514719,1
20210205T151709,20210610T132106,124.9194,80,A3,-0.316984,0.457363,1
20210205T151709,20210610T132106,124.9194,81,A3,-0.147932,0.698869,0
20210205T151709,20210610T132106,124.9194,82,A3,-0.179984,1.692022,0
20210205T151709,20210610T132106,124.9194,83,A3,-0.085291,1.441185,0
20210205T151709,20210610T132106,124.9194,84,A3,-0.250156,0.803410,1
20210205T151709,20210610T132106,124.9194,85,A3,0.181505,0.982655,1
20210205T151709,20210610T132106,124.9194,86,A3,-0.167438,1.075132,0
20210205T151709,20210610T132106,124.9194,87,A3,0.142094,0.126652,1
20210205T151709,20210610T132106,124.9194,88,A3,-0.253663,0.627665,1
20210205T151709,20210610T132106,124.9194,89,A3,-0.040558,0.162005,1
20210205T151709,20210610T132106,124.9194,90,A3,0.166694,0.796640,1
20210205T151709,20210610T132106,124.9194,91,A3,0.069822,0.114081,1
20210205T151709,20210610T132106,124.9194,92,A3,-0.064396,0.749289,1
20210205T151709,20210610T132106,124.9194,93,A3,-0.233502,1.147116,0
20210205T151709,20210610T132106,124.9194,94,A3,-0.247204,1.222176,0
20210205T151709,20210610T132106,124.9194,95,A3,0.275539,0.878726,1
20210205T151709,20210610T132106,124.9194,96,A3,-0.101624,0.673984,1
20210205T151709,20210610T132106,124.9194,97,A4,0.672434,0.327337,1
20210205T151709,20210610T132106,124.9194,98,A4,-0.122416,0.363258,0
20210205T151709,20210610T132106,124.9194,99,A4,0.455605,0.345790,1
20210205T151709,20210610T132106,124.9194,100,A4,0.153841,0.539042,1
20210205T151709,20210610T132106,124.9194,101,A4,0.543723,0.686307,0
20210205T151709,20210610T132106,124.9194,102,A4,0.510297,0.341795,1
20210205T151709,20210610T132106,124.9194,103,A4,-0.099086,0.043769,0
20210205T151709,20210610T132106,124.9194,104,A4,0.404423,0.985532,1
20210205T151709,20210610T132106,124.9194,105,A4,-0.068272,0.317071,1
20210205T151709,20210610T132106,124.9194,106,A4,0.049440,0.849253,0
20210205T151709,20210610T132106,124.9194,107,A4,0.030448,0.002739,1
20210205T151709,20210610T132106,124.9194,108,A4,0.021600,0.581611,1
20210205T151709,20210610T132106,124.9194,109,A4,0.209199,0.688886,1
20210205T151709,20210610T132106,124.9194,110,A4,0.056666,0.560776,0
20210205T151709,20210610T132106,124.9194,111,A4,0.335103,0.080848,1
20210205T151709,20210610T132106,124.9194,112,A4,-0.188577,0.431833,0
20210205T151709,20210610T132106,124.9194,113,A4,0.371688,0.332539,1
20210205T151709,20210610T132106,124.9194,114,A4,-0.280552,0.657129,0
20210205T151709,20210610T132106,124.9194,115,A4,0.043766,0.973968,1
20210205T151709,20210610T132106,124.9194,116,A4,-0.214311,0.445252,0
20210205T151709,20210610T132106,124.9194,117,A4,0.303362,0.308646,1
20210205T151709,20210610T132106,124.9194,118,A4,-0.376209,0.373519,0
20210205T151709,20210610T132106,124.9194,119,A4,-0.336123,0.645116,0
20210205T151709,20210610T132106,124.9194,120,A4,0.088405,0.182176,1
20210205T151709,20210610T132106,124.9194,121,A4,0.059055,0.512060,0
20210205T151709,20210610T132106,124.9194,122,A4,-0.155141,0.018701,0
20210205T151709,20210610T132106,124.9194,123,A4,0.101379,0.399459,0
20210205T151709,20210610T132106,124.9194,124,A4,0.444219,0.231843,0
20210205T151709,20210610T132106,124.9194,125,A4,-0.464560,0.300620,0
20210205T151709,20210610T132106,124.9194,126,A4,0.727883,0.069095,0
20210205T151709,20210610T132106,124.9194,127,A4,-0.266236,0.130746,1
20210205T151709,20210610T132106,124.9194,128,A4,0.303756,0.407996,0
20210205T151709,20210610T132106,124.9194,129,A5,0.553226,0.120697,1
20210205T151709,20210610T132106,124.9194,130,A5,-0.065172,0.544401,0
20210205T151709,20210610T132106,124.9194,131,A5,-0.106936,0.835076,0
20210205T151709,20210610T132106,124.9194,132,A5,0.298470,0.000000,1
20210205T151709,20210610T132106,124.9194,133,A5,0.328948,0.216856,1
20210205T151709,20210610T132106,124.9194,134,A5,0.259906,0.356200,1
20210205T151709,20210610T132106,124.9194,135,A5,0.205471,0.612718,1
20210205T151709,20210610T132106,124.9194,136,A5,0.798739,0.000000,1
20210205T151709,20210610T132106,124.9194,137,A5,0.401631,0.346962,0
20210205T151709,20210610T132106,124.9194,138,A5,-0.060280,0.976745,0
20210205T151709,20210610T132106,124.9194,139,A5,0.160873,0.026968,1
20210205T151709,20210610T132106,124.9194,140,A5,0.120389,0.823002,1
20210205T151709,20210610T132106,124.9194,141,A5,0.252711,0.138509,1
20210205T151709,20210610T132106,124.9194,142,A5,0.003724,0.347378,1
20210205T151709,20210610T132106,124.9194,143,A5,0.330276,0.897838,1
20210205T151709,20210610T132106,124.9194,144,A5,-0.220855,0.423945,1
20210205T151709,20210610T132106,124.9194,145,A5,-0.285709,0.996016,0
20210205T151709,20210610T132106,124.9194,146,A5,0.141395,0.264064,0
20210205T151709,20210610T132106,124.9194,147,A5,-0.149067,0.391483,0
20210205T151709,20210610T132106,124.9194,148,A5,-0.266642,1.026025,0
20210205T151709,20210610T132106,124.9194,149,A5,-0.041135,1.230593,0
20210205T151709,20210610T132106,124.9194,150,A5,-0.034765,1.418386,0
20210205T151709,20210610T132106,124.9194,151,A5,-0.001123,0.271532,1
20210205T151709,20210610T132106,124.9194,152,A5,-0.269798,0.014272,1
20210205T151709,20210610T132106,124.9194,153,A5,-0.188669,0.232248,0
20210205T151709,20210610T132106,124.9194,154,A5,-0.181807,0.134838,0
20210205T151709,20210610T132106,124.9194,155,A5,-0.138667,0.615334,0
20210205T151709,20210610T132106,124.9194,156,A5,0.124299,0.048860,1
20210205T151709,20210610T132106,124.9194,157,A5,0.035148,0.192247,0
20210205T151709,20210610T132106,124.9194,158,A5,-0.087338,0.700084,0
20210205T151709,20210610T132106,124.9194,159,A5,0.064431,0.675350,0
20210205T151709,20210610T132106,124.9194,160,A5,0.081938,0.739851,1
20210205T151709,20210618T123111,132.8847,1,A1,-0.056685,0.660525,1
20210205T151709,20210618T123111,132.8847,2,A1,0.367444,1.133298,0
20210205T151709,20210618T123111,132.8847,3,A1,-0.277658,0.420186,1
20210205T151709,20210618T123111,132.8847,4,A1,-0.707768,2.000000,0
20210205T151709,20210618T123111,132.8847,5,A1,0.193596,0.396950,1
20210205T151709,20210618T123111,132.8847,6,A1,0.319516,1.163380,0
20210205T151709,20210618T123111,132.8847,7,A1,0.324172,0.393154,1
20210205T151709,20210618T123111,132.8847,8,A1,0.062653,0.945879,1
20210205T151709,20210618T123111,132.8847,9,A1,0.323020,0.434582,1
20210205T151709,20210618T123111,132.8847,10,A1,0.257367,0.578308,1
20210205T151709,20210618T123111,132.8847,11,A1,0.156378,0.209879,1
20210205T151709,20210618T123111,132.8847,12,A1,-0.716578,1.370814,0
20210205T151709,20210618T123111,132.8847,13,A1,-0.107783,0.326072,1
20210205T151709,20210618T123111,132.8847,14,A1,-0.001349,1.459382,0
20210205T151709,20210618T123111,132.8847,15,A1,-0.177060,1.506772,0
20210205T151709,20210618T123111,132.8847,16,A1,0.257702,0.214635,1
20210205T151709,20210618T123111,132.8847,17,A1,-0.126449,0.505297,0
20210205T151709,20210618T123111,132.8847,18,A1,0.285185,0.546260,0
20210205T151709,20210618T123111,132.8847,19,A1,0.415894,0.135475,1
20210205T151709,20210618T123111,132.8847,20,A1,-0.676447,0.092470,1
20210205T151709,20210618T123111,132.8847,21,A1,-0.244171,0.022436,1
20210205T151709,20210618T123111,132.8847,22,A1,0.092491,0.162642,1
20210205T151709,20210618T123111,132.8847,23,A1,0.085585,0.164672,1
20210205T151709,20210618T123111,132.8847,24,A1,0.169736,0.475584,1
20210205T151709,20210618T123111,132.8847,25,A1,-0.069059,0.577076,1
20210205T151709,20210618T123111,132.8847,26,A1,-0.251676,1.769151,0
20210205T151709,20210618T123111,132.8847,27,A1,-0.000048,1.646804,0
20210205T151709,20210618T123111,132.8847,28,A1,-0.331393,0.981642,1
20210205T151709,20210618T123111,132.8847,29,A1,-0.062655,1.596317,0
20210205T151709,20210618T123111,132.8847,30,A1,-0.151444,0.162021,1
20210205T151709,20210618T123111,132.8847,31,A1,-0.094889,1.126730,0
20210205T151709,20210618T123111,132.8847,32,A1,-0.793085,1.227989,0
20210205T151709,20210618T123111,132.8847,33,A2,0.440233,0.795355,1
20210205T151709,20210618T123111,132.8847,34,A2,-0.148116,0.122165,1
20210205T151709,20210618T123111,132.8847,35,A2,0.152093,0.314710,0
20210205T151709,20210618T123111,132.8847,36,A2,0.327539,0.046604,0
20210205T151709,20210618T123111,132.8847,37,A2,-0.121213,0.000000,1
20210205T151709,20210618T123111,132.8847,38,A2,-0.178304,0.158836,1
20210205T151709,20210618T123111,132.8847,39,A2,-0.145001,0.456756,0
20210205T151709,20210618T123111,132.8847,40,A2,0.043964,0.268406,1
20210205T151709,20210618T123111,132.8847,41,A2,-0.163948,1.197246,0
20210205T151709,20210618T123111,132.8847,42,A2,-0.127208,1.175394,0
20210205T151709,20210618T123111,132.8847,43,A2,-0.049435,0.209189,1
20210205T151709,20210618T123111,132.8847,44,A2,0.239039,0.184999,0
20210205T151709,20210618T123111,132.8847,45,A2,0.179412,0.376389,1
20210205T151709,20210618T123111,132.8847,46,A2,0.117709,0.332002,1
20210205T151709,20210618T123111,132.8847,47,A2,-0.240328,0.947050,1
20210205T151709,20210618T123111,132.8847,48,A2,0.100917,0.095736,1
20210205T151709,20210618T123111,132.8847,49,A2,-0.071219,0.350708,0
20210205T151709,20210618T123111,132.8847,50,A2,0.048414,0.019225,1
20210205T151709,20210618T123111,132.8847,51,A2,0.057920,0.454034,1
20210205T151709,20210618T123111,132.8847,52,A2,-0.046563,0.415838,1
20210205T151709,20210618T123111,132.8847,53,A2,0.199393,0.989172,1
20210205T151709,20210618T123111,132.8847,54,A2,0.141987,0.133690,1
20210205T151709,20210618T123111,132.8847,55,A2,-0.322186,0.020423,1
20210205T151709,20210618T123111,132.8847,56,A2,0.271921,0.051603,0
20210205T151709,20210618T123111,132.8847,57,A2,-0.366436,0.224947,1
20210205T151709,20210618T123111,132.8847,58,A2,-0.057560,0.604670,0
20210205T151709,20210618T123111,132.8847,59,A2,-0.015176,0.380893,0
20210205T151709,20210618T123111,132.8847,60,A2,0.275190,0.052956,1
20210205T151709,20210618T123111,132.8847,61,A2,-0.023810,2.000000,0
20210205T151709,20210618T123111,132.8847,62,A2,-0.016102,0.376188,1
20210205T151709,20210618T123111,132.8847,63,A2,0.226379,0.546011,1
20210205T151709,20210618T123111,132.8847,64,A2,0.034652,0.888460,1
20210205T151709,20210618T123111,132.8847,65,A3,-0.017763,0.602887,0
20210205T151709,20210618T123111,132.8847,66,A3,0.170443,0.083608,1
20210205T151709,20210618T123111,132.8847,67,A3,0.131043,0.738023,1
20210205T151709,20210618T123111,132.8847,68,A3,0.071369,1.060802,0
20210205T151709,20210618T123111,132.8847,69,A3,-0.373521,0.297508,1
20210205T151709,20210618T123111,132.8847,70,A3,-0.056240,1.071874,0
20210205T151709,20210618T123111,132.8847,71,A3,0.115241,0.009155,1
20210205T151709,20210618T123111,132.8847,72,A3,-0.105113,0.937409,1
20210205T151709,20210618T123111,132.8847,73,A3,-0.191508,0.340730,0
20210205T151709,20210618T123111,132.8847,74,A3,0.075144,0.200927,0
20210205T151709,20210618T123111,132.8847,75,A3,0.036956,1.460361,0
20210205T151709,20210618T123111,132.8847,76,A3,-0.252315,1.588851,0
20210205T151709,20210618T123111,132.8847,77,A3,-0.167915,0.152510,1
20210205T151709,20210618T123111,132.8847,78,A3,-0.239750,0.529073,0
20210205T151709,20210618T123111,132.8847,79,A3,-0.146955,0.337546,0
20210205T151709,20210618T123111,132.8847,80,A3,0.091604,1.542637,0
20210205T151709,20210618T123111,132.8847,81,A3,-0.136461,0.156322,0
20210205T151709,20210618T123111,132.8847,82,A3,0.325578,0.000000,1
20210205T151709,20210618T123111,132.8847,83,A3,0.166723,0.000000,1
20210205T151709,20210618T123111,132.8847,84,A3,-0.155666,0.075674,1
20210205T151709,20210618T123111,132.8847,85,A3,-0.017914,1.252316,0
20210205T151709,20210618T123111,132.8847,86,A3,-0.123938,0.068469,1
20210205T151709,20210618T123111,132.8847,87,A3,-0.144477,0.224530,1
20210205T151709,20210618T123111,132.8847,88,A3,0.013810,0.121653,1
20210205T151709,20210618T123111,132.8847,89,A3,-0.034897,0.120384,1
20210205T151709,20210618T123111,132.8847,90,A3,-0.131489,0.102219,1
20210205T151709,20210618T123111,132.8847,91,A3,-0.088216,0.123579,1
20210205T151709,20210618T123111,132.8847,92,A3,0.017875,0.404746,0
20210205T151709,20210618T123111,132.8847,93,A3,0.152373,0.424518,0
20210205T151709,20210618T123111,132.8847,94,A3,-0.015216,0.463035,0
20210205T151709,20210618T123111,132.8847,95,A3,-0.195290,0.188880,0
20210205T151709,20210618T123111,132.8847,96,A3,-0.032292,0.071988,1
20210205T151709,20210618T123111,132.8847,97,A4,0.589261,0.045124,1
20210205T151709,20210618T123111,132.8847,98,A4,0.597140,0.165336,1
20210205T151709,20210618T123111,132.8847,99,A4,0.601496,0.126959,1
20210205T151709,20210618T123111,132.8847,100,A4,0.138574,0.755033,0
20210205T151709,20210618T123111,132.8847,101,A4,0.154326,0.265566,1
20210205T151709,20210618T123111,132.8847,102,A4,0.093423,0.834439,0
20210205T151709,20210618T123111,132.8847,103,A4,-0.403776,0.010546,1
20210205T151709,20210618T123111,132.8847,104,A4,0.603857,0.809222,1
20210205T151709,20210618T123111,132.8847,105,A4,0.233365,0.342238,1
20210205T151709,20210618T123111,132.8847,106,A4,-0.004214,0.223955,1
20210205T151709,20210618T123111,132.8847,107,A4,0.000798,0.689932,1
20210205T151709,20210618T123111,132.8847,108,A4,0.182467,1.051719,0
20210205T151709,20210618T123111,132.8847,109,A4,0.107096,1.749047,0
20210205T151709,20210618T123111,132.8847,110,A4,0.180624,0.222963,1
20210205T151709,20210618T123111,132.8847,111,A4,0.021989,0.109862,1
20210205T151709,20210618T123111,132.8847,112,A4,-0.112405,0.323941,1
20210205T151709,20210618T123111,132.8847,113,A4,0.348742,0.488880,1
20210205T151709,20210618T123111,132.8847,114,A4,0.316867,0.443374,1
20210205T151709,20210618T123111,132.8847,115,A4,0.596613,0.949896,1
20210205T151709,20210618T123111,132.8847,116,A4,0.700537,0.293777,1
20210205T151709,20210618T123111,132.8847,117,A4,0.181289,0.481601,0
20210205T151709,20210618T123111,132.8847,118,A4,0.106235,0.487679,0
20210205T151709,20210618T123111,132.8847,119,A4,0.583835,0.599218,0
20210205T151709,20210618T123111,132.8847,120,A4,-0.348211,0.258270,0
20210205T151709,20210618T123111,132.8847,121,A4,-0.223705,0.542884,0
20210205T151709,20210618T123111,132.8847,122,A4,-0.427836,1.015255,0
20210205T151709,20210618T123111,132.8847,123,A4,0.482255,0.222584,1
20210205T151709,20210618T123111,132.8847,124,A4,0.213172,0.161626,1
20210205T151709,20210618T123111,132.8847,125,A4,0.555407,0.102449,0
20210205T151709,20210618T123111,132.8847,126,A4,0.572432,0.073481,0
20210205T151709,20210618T123111,132.8847,127,A4,-0.484988,0.591435,0
20210205T151709,20210618T123111,132.8847,128,A4,-0.419138,0.509541,0
20210205T151709,20210618T123111,132.8847,129,A5,0.118000,0.013181,1
20210205T151709,20210618T123111,132.8847,130,A5,0.159871,0.752190,1
20210205T151709,20210618T123111,132.8847,131,A5,0.019425,0.665998,1
20210205T151709,20210618T123111,132.8847,132,A5,0.234593,0.588309,1
20210205T151709,20210618T123111,132.8847,133,A5,0.278487,0.616069,1
20210205T151709,20210618T123111,132.8847,134,A5,0.064686,0.401053,1
20210205T151709,20210618T123111,132.8847,135,A5,0.136265,0.209127,1
20210205T151709,20210618T123111,132.8847,136,A5,0.658782,0.692095,1
20210205T151709,20210618T123111,132.8847,137,A5,0.337364,1.050741,0
20210205T151709,20210618T123111,132.8847,138,A5,-0.100838,0.833042,1
20210205T151709,20210618T123111,132.8847,139,A5,-0.028688,0.221460,0
20210205T151709,20210618T123111,132.8847,140,A5,-0.142640,2.000000,0
20210205T151709,20210618T123111,132.8847,141,A5,-0.064511,0.301689,1
20210205T151709,20210618T123111,132.8847,142,A5,0.064281,1.096884,0
20210205T151709,20210618T123111,132.8847,143,A5,0.040095,1.102162,0
20210205T151709,20210618T123111,132.8847,144,A5,-0.126009,1.033181,0
20210205T151709,20210618T123111,132.8847,145,A5,0.199583,0.437509,1
20210205T151709,20210618T123111,132.8847,146,A5,-0.111426,0.215072,1
20210205T151709,20210618T123111,132.8847,147,A5,0.289566,0.183346,1
20210205T151709,20210618T123111,132.8847,148,A5,-0.138943,0.973975,1
20210205T151709,20210618T123111,132.8847,149,A5,0.085599,0.769407,1
20210205T151709,20210618T123111,132.8847,150,A5,0.171143,1.418386,0
20210205T151709,20210618T123111,132.8847,151,A5,-0.064516,0.548647,1
20210205T151709,20210618T123111,132.8847,152,A5,0.024089,0.796954,1
20210205T151709,20210618T123111,132.8847,153,A5,-0.061454,1.034121,0
20210205T151709,20210618T123111,132.8847,154,A5,0.063460,0.893158,1
20210205T151709,20210618T123111,132.8847,155,A5,-0.151764,0.511801,1
20210205T151709,20210618T123111,132.8847,156,A5,0.109770,0.146564,0
20210205T151709,20210618T123111,132.8847,157,A5,0.173503,1.012697,0
20210205T151709,20210618T123111,132.8847,158,A5,-0.063608,1.532409,0
20210205T151709,20210618T123111,132.8847,159,A5,0.098642,0.925590,1
20210205T151709,20210618T123111,132.8847,160,A5,0.274215,1.084359,0
20210205T151709,20210623T140144,137.9476,1,A1,-0.147159,2.000000,0
20210205T151709,20210623T140144,137.9476,2,A1,0.022365,0.436746,0
20210205T151709,20210623T140144,137.9476,3,A1,-0.327363,1.411413,0
20210205T151709,20210623T140144,137.9476,4,A1,-0.622353,2.000000,0
20210205T151709,20210623T140144,137.9476,5,A1,-0.012355,1.230349,0
20210205T151709,20210623T140144,137.9476,6,A1,-0.010426,0.696044,0
20210205T151709,20210623T140144,137.9476,7,A1,-0.310268,0.563002,1
20210205T151709,20210623T140144,137.9476,8,A1,0.172696,0.945879,1
20210205T151709,20210623T140144,137.9476,9,A1,0.241380,0.181892,1
20210205T151709,20210623T140144,137.9476,10,A1,0.351308,1.252700,0
20210205T151709,20210623T140144,137.9476,11,A1,0.209841,0.910900,1
20210205T151709,20210623T140144,137.9476,12,A1,-0.639658,1.370814,0
20210205T151709,20210623T140144,137.9476,13,A1,-0.030762,0.031214,1
20210205T151709,20210623T140144,137.9476,14,A1,-0.063112,0.428729,1
20210205T151709,20210623T140144,137.9476,15,A1,-0.074405,1.688083,0
20210205T151709,20210623T140144,137.9476,16,A1,0.091287,0.434882,0
20210205T151709,20210623T140144,137.9476,17,A1,-0.128068,1.105671,0
20210205T151709,20210623T140144,137.9476,18,A1,-0.200105,1.279912,0
20210205T151709,20210623T140144,137.9476,19,A1,0.223432,0.537032,1
20210205T151709,20210623T140144,137.9476,20,A1,-0.649039,0.200923,1
20210205T151709,20210623T140144,137.9476,21,A1,-0.234034,0.246426,1
20210205T151709,20210623T140144,137.9476,22,A1,0.296922,0.247456,0
20210205T151709,20210623T140144,137.9476,23,A1,0.177884,0.537762,0
20210205T151709,20210623T140144,137.9476,24,A1,0.041812,0.623502,1
20210205T151709,20210623T140144,137.9476,25,A1,0.200218,0.000000,1
20210205T151709,20210623T140144,137.9476,26,A1,0.651396,0.311438,1
20210205T151709,20210623T140144,137.9476,27,A1,0.270426,0.988494,0
20210205T151709,20210623T140144,137.9476,28,A1,-0.349536,1.218534,0
20210205T151709,20210623T140144,137.9476,29,A1,-0.104167,2.000000,0
20210205T151709,20210623T140144,137.9476,30,A1,-0.120945,0.584010,0
20210205T151709,20210623T140144,137.9476,31,A1,-0.065536,0.665750,0
20210205T151709,20210623T140144,137.9476,32,A1,-0.768105,1.227989,0
20210205T151709,20210623T140144,137.9476,33,A2,0.150081,0.261737,1
20210205T151709,20210623T140144,137.9476,34,A2,-0.036727,0.380835,1
20210205T151709,20210623T140144,137.9476,35,A2,0.044753,0.268698,0
20210205T151709,20210623T140144,137.9476,36,A2,0.064771,0.117390,1
20210205T151709,20210623T140144,137.9476,37,A2,0.299680,0.745959,1
20210205T151709,20210623T140144,137.9476,38,A2,0.486440,0.063087,1
20210205T151709,20210623T140144,137.9476,39,A2,0.357152,0.515992,1
20210205T151709,20210623T140144,137.9476,40,A2,-0.016625,0.000000,1
20210205T151709,20210623T140144,137.9476,41,A2,-0.212802,0.999475,1
20210205T151709,20210623T140144,137.9476,42,A2,-0.070989,0.296957,0
20210205T151709,20210623T140144,137.9476,43,A2,-0.061086,0.904821,1
20210205T151709,20210623T140144,137.9476,44,A2,-0.245568,0.376594,0
20210205T151709,20210623T140144,137.9476,45,A2,-0.154721,1.041496,0
20210205T151709,20210623T140144,137.9476,46,A2,-0.057247,1.532404,0
20210205T151709,20210623T140144,137.9476,47,A2,-0.026111,0.947050,1
20210205T151709,20210623T140144,137.9476,48,A2,0.005625,0.819969,1
20210205T151709,20210623T140144,137.9476,49,A2,-0.124515,1.069190,0
20210205T151709,20210623T140144,137.9476,50,A2,0.143645,0.149916,1
20210205T151709,20210623T140144,137.9476,51,A2,0.051345,0.454034,1
20210205T151709,20210623T140144,137.9476,52,A2,0.338721,0.949439,1
20210205T151709,20210623T140144,137.9476,53,A2,-0.013758,0.140204,1
20210205T151709,20210623T140144,137.9476,54,A2,-0.167471,0.344158,0
20210205T151709,20210623T140144,137.9476,55,A2,-0.127223,0.231544,0
20210205T151709,20210623T140144,137.9476,56,A2,0.440885,0.328721,0
20210205T151709,20210623T140144,137.9476,57,A2,-0.248111,0.997446,0
20210205T151709,20210623T140144,137.9476,58,A2,-0.018892,0.469538,1
20210205T151709,20210623T140144,137.9476,59,A2,-0.097568,1.219695,0
20210205T151709,20210623T140144,137.9476,60,A2,0.309593,0.487002,0
20210205T151709,20210623T140144,137.9476,61,A2,-0.054737,2.000000,0
20210205T151709,20210623T140144,137.9476,62,A2,0.258120,0.602795,1
20210205T151709,20210623T140144,137.9476,63,A2,-0.134541,0.949330,1
20210205T151709,20210623T140144,137.9476,64,A2,0.230879,0.364040,1
20210205T151709,20210623T140144,137.9476,65,A3,-0.131739,0.485158,0
20210205T151709,20210623T140144,137.9476,66,A3,0.011651,0.780865,1
20210205T151709,20210623T140144,137.9476,67,A3,0.136973,1.261977,0
20210205T151709,20210623T140144,137.9476,68,A3,-0.110958,1.408844,0
20210205T151709,20210623T140144,137.9476,69,A3,0.164982,0.028324,1
20210205T151709,20210623T140144,137.9476,70,A3,0.214602,0.892473,1
20210205T151709,20210623T140144,137.9476,71,A3,0.204655,0.095982,0
20210205T151709,20210623T140144,137.9476,72,A3,-0.042744,0.971795,1
20210205T151709,20210623T140144,137.9476,73,A3,0.341991,0.094921,1
20210205T151709,20210623T140144,137.9476,74,A3,-0.363396,0.205039,0
20210205T151709,20210623T140144,137.9476,75,A3,-0.137574,0.001409,1
20210205T151709,20210623T140144,137.9476,76,A3,0.058840,0.581209,1
20210205T151709,20210623T140144,137.9476,77,A3,-0.011448,0.153729,1
20210205T151709,20210623T140144,137.9476,78,A3,0.130812,0.599888,0
20210205T151709,20210623T140144,137.9476,79,A3,0.247532,0.227682,1
20210205T151709,20210623T140144,137.9476,80,A3,0.081351,0.611185,0
20210205T151709,20210623T140144,137.9476,81,A3,-0.014342,0.141163,1
20210205T151709,20210623T140144,137.9476,82,A3,-0.114148,1.285357,0
20210205T151709,20210623T140144,137.9476,83,A3,0.141325,0.000000,1
20210205T151709,20210623T140144,137.9476,84,A3,-0.000252,0.184027,1
20210205T151709,20210623T140144,137.9476,85,A3,0.148113,0.966469,1
20210205T151709,20210623T140144,137.9476,86,A3,0.330156,0.007260,1
20210205T151709,20210623T140144,137.9476,87,A3,0.016955,0.155883,1
20210205T151709,20210623T140144,137.9476,88,A3,0.063031,0.147472,0
20210205T151709,20210623T140144,137.9476,89,A3,0.144933,0.541962,1
20210205T151709,20210623T140144,137.9476,90,A3,-0.087782,1.203360,0
20210205T151709,20210623T140144,137.9476,91,A3,0.050665,0.428951,0
20210205T151709,20210623T140144,137.9476,92,A3,-0.077860,0.397250,0
20210205T151709,20210623T140144,137.9476,93,A3,0.536698,0.716772,0
20210205T151709,20210623T140144,137.9476,94,A3,-0.200205,0.321572,1
20210205T151709,20210623T140144,137.9476,95,A3,-0.372758,1.083337,0
20210205T151709,20210623T140144,137.9476,96,A3,-0.003252,0.068094,1
20210205T151709,20210623T140144,137.9476,97,A4,0.225634,0.949692,0
20210205T151709,20210623T140144,137.9476,98,A4,0.005761,0.658154,1
20210205T151709,20210623T140144,137.9476,99,A4,-0.266922,0.714254,0
20210205T151709,20210623T140144,137.9476,100,A4,0.551737,0.512470,1
20210205T151709,20210623T140144,137.9476,101,A4,-0.206967,1.653704,0
20210205T151709,20210623T140144,137.9476,102,A4,0.356399,0.736359,0
20210205T151709,20210623T140144,137.9476,103,A4,-0.174578,0.183612,1
20210205T151709,20210623T140144,137.9476,104,A4,0.209184,0.993929,1
20210205T151709,20210623T140144,137.9476,105,A4,0.337894,0.305712,1
20210205T151709,20210623T140144,137.9476,106,A4,-0.210628,0.494798,0
20210205T151709,20210623T140144,137.9476,107,A4,-0.343145,0.898196,1
20210205T151709,20210623T140144,137.9476,108,A4,-0.260168,0.000000,1
20210205T151709,20210623T140144,137.9476,109,A4,0.022133,1.032857,0
20210205T151709,20210623T140144,137.9476,110,A4,0.085890,0.340777,0
20210205T151709,20210623T140144,137.9476,111,A4,0.033029,0.145018,1
20210205T151709,20210623T140144,137.9476,112,A4,0.360180,0.212648,1
20210205T151709,20210623T140144,137.9476,113,A4,0.360828,0.523231,1
20210205T151709,20210623T140144,137.9476,114,A4,-0.004169,0.339156,1
20210205T151709,20210623T140144,137.9476,115,A4,0.204233,0.903226,1
20210205T151709,20210623T140144,137.9476,116,A4,-0.230737,1.368479,0
20210205T151709,20210623T140144,137.9476,117,A4,0.001566,0.465084,0
20210205T151709,20210623T140144,137.9476,118,A4,-0.058791,0.431657,0
20210205T151709,20210623T140144,137.9476,119,A4,0.325816,0.751593,0
20210205T151709,20210623T140144,137.9476,120,A4,0.238122,0.757018,1
20210205T151709,20210623T140144,137.9476,121,A4,0.316041,0.565193,0
20210205T151709,20210623T140144,137.9476,122,A4,0.012214,0.984745,1
20210205T151709,20210623T140144,137.9476,123,A4,0.017487,0.194797,1
20210205T151709,20210623T140144,137.9476,124,A4,-0.003544,0.039699,1
20210205T151709,20210623T140144,137.9476,125,A4,0.048545,0.198347,0
20210205T151709,20210623T140144,137.9476,126,A4,-0.054133,0.139966,0
20210205T151709,20210623T140144,137.9476,127,A4,-0.384692,1.401082,0
20210205T151709,20210623T140144,137.9476,128,A4,0.144508,0.426662,1
20210205T151709,20210623T140144,137.9476,129,A5,0.240890,1.134992,0
20210205T151709,20210623T140144,137.9476,130,A5,0.144640,1.095697,0
20210205T151709,20210623T140144,137.9476,131,A5,-0.106025,1.017621,0
20210205T151709,20210623T140144,137.9476,132,A5,0.232706,0.945988,1
20210205T151709,20210623T140144,137.9476,133,A5,0.084491,1.196307,0
20210205T151709,20210623T140144,137.9476,134,A5,-0.142660,1.598947,0
20210205T151709,20210623T140144,137.9476,135,A5,0.285816,0.843245,0
20210205T151709,20210623T140144,137.9476,136,A5,0.407337,0.915171,1
20210205T151709,20210623T140144,137.9476,137,A5,0.254244,0.006840,1
20210205T151709,20210623T140144,137.9476,138,A5,-0.321547,0.798038,0
20210205T151709,20210623T140144,137.9476,139,A5,-0.101060,0.000777,1
20210205T151709,20210623T140144,137.9476,140,A5,-0.230179,1.288569,0
20210205T151709,20210623T140144,137.9476,141,A5,0.234913,0.111300,1
20210205T151709,20210623T140144,137.9476,142,A5,0.169497,0.190343,0
20210205T151709,20210623T140144,137.9476,143,A5,-0.294966,0.077524,1
20210205T151709,20210623T140144,137.9476,144,A5,-0.097619,0.240679,1
20210205T151709,20210623T140144,137.9476,145,A5,0.178457,0.772764,0
20210205T151709,20210623T140144,137.9476,146,A5,0.031550,0.255965,0
20210205T151709,20210623T140144,137.9476,147,A5,0.183136,0.000728,1
20210205T151709,20210623T140144,137.9476,148,A5,0.146632,0.154963,0
20210205T151709,20210623T140144,137.9476,149,A5,-0.401269,0.496782,0
20210205T151709,20210623T140144,137.9476,150,A5,0.137366,0.763357,0
20210205T151709,20210623T140144,137.9476,151,A5,0.230587,1.048328,0
20210205T151709,20210623T140144,137.9476,152,A5,0.312782,0.540717,0
20210205T151709,20210623T140144,137.9476,153,A5,0.019006,0.292686,1
20210205T151709,20210623T140144,137.9476,154,A5,0.020483,0.180095,0
20210205T151709,20210623T140144,137.9476,155,A5,-0.025311,0.027926,1
20210205T151709,20210623T140144,137.9476,156,A5,0.134169,0.343086,1
20210205T151709,20210623T140144,137.9476,157,A5,-0.052466,0.052814,0
20210205T151709,20210623T140144,137.9476,158,A5,0.203171,0.395991,1
20210205T151709,20210623T140144,137.9476,159,A5,0.371426,0.004128,1
20210205T151709,20210623T140144,137.9476,160,A5,0.450657,0.587875,1
20210205T151709,20210625T141512,139.9570,1,A1,-0.016750,1.388369,0
20210205T151709,20210625T141512,139.9570,2,A1,0.261512,0.575683,0
20210205T151709,20210625T141512,139.9570,3,A1,0.116839,1.231967,0
20210205T151709,20210625T141512,139.9570,4,A1,-0.740394,2.000000,0
20210205T151709,20210625T141512,139.9570,5,A1,-0.164310,1.089234,0
20210205T151709,20210625T141512,139.9570,6,A1,0.366855,0.710873,0
20210205T151709,20210625T141512,139.9570,7,A1,0.186697,0.000000,1
20210205T151709,20210625T141512,139.9570,8,A1,0.212086,0.945879,1
20210205T151709,20210625T141512,139.9570,9,A1,-0.171909,0.744073,0
20210205T151709,20210625T141512,139.9570,10,A1,0.377361,1.023490,0
20210205T151709,20210625T141512,139.9570,11,A1,-0.122342,0.077503,1
20210205T151709,20210625T141512,139.9570,12,A1,-0.677330,1.370814,0
20210205T151709,20210625T141512,139.9570,13,A1,0.083433,0.409657,1
20210205T151709,20210625T141512,139.9570,14,A1,0.091415,1.459382,0
20210205T151709,20210625T141512,139.9570,15,A1,0.074435,1.277702,0
20210205T151709,20210625T141512,139.9570,16,A1,0.236737,1.231390,0
20210205T151709,20210625T141512,139.9570,17,A1,-0.035901,0.940704,0
20210205T151709,20210625T141512,139.9570,18,A1,0.075073,0.405189,0
20210205T151709,20210625T141512,139.9570,19,A1,0.434501,0.000000,1
20210205T151709,20210625T141512,139.9570,20,A1,-0.574228,0.191861,1
20210205T151709,20210625T141512,139.9570,21,A1,-0.141452,0.811388,1
20210205T151709,20210625T141512,139.9570,22,A1,0.315307,1.183341,0
20210205T151709,20210625T141512,139.9570,23,A1,0.150309,0.132140,1
20210205T151709,20210625T141512,139.9570,24,A1,0.037235,0.541684,1
20210205T151709,20210625T141512,139.9570,25,A1,-0.094579,0.000000,1
20210205T151709,20210625T141512,139.9570,26,A1,-0.061257,0.646607,1
20210205T151709,20210625T141512,139.9570,27,A1,-0.233032,0.297584,1
20210205T151709,20210625T141512,139.9570,28,A1,-0.246810,1.502143,0
20210205T151709,20210625T141512,139.9570,29,A1,0.121213,1.304475,0
20210205T151709,20210625T141512,139.9570,30,A1,-0.388703,0.001055,1
20210205T151709,20210625T141512,139.9570,31,A1,-0.176420,1.126730,0
20210205T151709,20210625T141512,139.9570,32,A1,-0.701198,1.227989,0
20210205T151709,20210625T141512,139.9570,33,A2,0.168911,0.450099,1
20210205T151709,20210625T141512,139.9570,34,A2,0.215830,0.647255,1
20210205T151709,20210625T141512,139.9570,35,A2,-0.126816,0.082070,1
20210205T151709,20210625T141512,139.9570,36,A2,0.302768,0.068328,1
20210205T151709,20210625T141512,139.9570,37,A2,0.025849,0.000000,1
20210205T151709,20210625T141512,139.9570,38,A2,0.177303,0.997979,1
20210205T151709,20210625T141512,139.9570,39,A2,0.227400,0.029226,1
20210205T151709,20210625T141512,139.9570,40,A2,-0.063210,2.000000,0
20210205T151709,20210625T141512,139.9570,41,A2,0.405726,1.270200,0
20210205T151709,20210625T141512,139.9570,42,A2,-0.053403,1.175394,0
20210205T151709,20210625T141512,139.9570,43,A2,-0.103434,0.086185,1
20210205T151709,20210625T141512,139.9570,44,A2,-0.187234,0.855577,1
20210205T151709,20210625T141512,139.9570,45,A2,0.147045,1.732022,0
20210205T151709,20210625T141512,139.9570,46,A2,0.216951,1.532404,0
20210205T151709,20210625T141512,139.9570,47,A2,0.207521,0.947050,1
20210205T151709,20210625T141512,139.9570,48,A2,0.178768,0.180772,0
20210205T151709,20210625T141512,139.9570,49,A2,-0.295659,1.069190,0
20210205T151709,20210625T141512,139.9570,50,A2,-0.049859,0.711379,1
20210205T151709,20210625T141512,139.9570,51,A2,0.123416,0.454034,1
20210205T151709,20210625T141512,139.9570,52,A2,0.227334,0.359236,1
20210205T151709,20210625T141512,139.9570,53,A2,0.115523,0.702254,1
20210205T151709,20210625T141512,139.9570,54,A2,-0.023965,0.439772,0
20210205T151709,20210625T141512,139.9570,55,A2,-0.110934,0.638666,0
20210205T151709,20210625T141512,139.9570,56,A2,0.134835,0.206018,0
20210205T151709,20210625T141512,139.9570,57,A2,0.037640,1.272468,0
20210205T151709,20210625T141512,139.9570,58,A2,-0.096762,1.530462,0
20210205T151709,20210625T141512,139.9570,59,A2,-0.023958,1.219695,0
20210205T151709,20210625T141512,139.9570,60,A2,-0.080466,0.041241,1
20210205T151709,20210625T141512,139.9570,61,A2,0.178373,0.821836,1
20210205T151709,20210625T141512,139.9570,62,A2,0.393395,0.168949,1
20210205T151709,20210625T141512,139.9570,63,A2,-0.205997,0.949330,1
20210205T151709,20210625T141512,139.9570,64,A2,0.042741,0.888460,1
20210205T151709,20210625T141512,139.9570,65,A3,0.205403,0.123222,1
20210205T151709,20210625T141512,139.9570,66,A3,0.173827,0.589444,1
20210205T151709,20210625T141512,139.9570,67,A3,0.109521,1.261977,0
20210205T151709,20210625T141512,139.9570,68,A3,0.170899,0.488036,1
20210205T151709,20210625T141512,139.9570,69,A3,0.262448,0.137846,1
20210205T151709,20210625T141512,139.9570,70,A3,-0.174840,0.954956,1
20210205T151709,20210625T141512,139.9570,71,A3,-0.207828,0.923519,1
20210205T151709,20210625T141512,139.9570,72,A3,-0.200637,0.000000,1
20210205T151709,20210625T141512,139.9570,73,A3,0.023662,0.704417,0
20210205T151709,20210625T141512,139.9570,74,A3,-0.154309,1.158036,0
20210205T151709,20210625T141512,139.9570,75,A3,-0.057571,0.395292,1
20210205T151709,20210625T141512,139.9570,76,A3,-0.154390,2.000000,0
20210205T151709,20210625T141512,139.9570,77,A3,-0.048932,0.609000,0
20210205T151709,20210625T141512,139.9570,78,A3,-0.176580,0.251029,1
20210205T151709,20210625T141512,139.9570,79,A3,-0.018376,0.484649,0
20210205T151709,20210625T141512,139.9570,80,A3,0.211034,0.921493,0
20210205T151709,20210625T141512,139.9570,81,A3,0.288989,0.256721,0
20210205T151709,20210625T141512,139.9570,82,A3,0.388150,1.599312,0
20210205T151709,20210625T141512,139.9570,83,A3,0.228205,0.799797,1
20210205T151709,20210625T141512,139.9570,84,A3,0.098376,0.451273,1
20210205T151709,20210625T141512,139.9570,85,A3,-0.083105,0.741297,1
20210205T151709,20210625T141512,139.9570,86,A3,-0.319568,0.055626,1
20210205T151709,20210625T141512,139.9570,87,A3,0.103306,0.191543,1
20210205T151709,20210625T141512,139.9570,88,A3,-0.019079,1.063257,0
20210205T151709,20210625T141512,139.9570,89,A3,-0.237469,0.590924,0
20210205T151709,20210625T141512,139.9570,90,A3,0.240358,0.173164,1
20210205T151709,20210625T141512,139.9570,91,A3,-0.090369,0.817077,1
20210205T151709,20210625T141512,139.9570,92,A3,-0.095140,0.135069,1
20210205T151709,20210625T141512,139.9570,93,A3,0.398123,1.225311,0
20210205T151709,20210625T141512,139.9570,94,A3,0.050094,1.455691,0
20210205T151709,20210625T141512,139.9570,95,A3,0.191464,1.121274,0
20210205T151709,20210625T141512,139.9570,96,A3,-0.104241,0.615937,1
20210205T151709,20210625T141512,139.9570,97,A4,-0.235394,1.314701,0
20210205T151709,20210625T141512,139.9570,98,A4,-0.189145,1.274828,0
20210205T151709,20210625T141512,139.9570,99,A4,0.043665,0.823674,0
20210205T151709,20210625T141512,139.9570,100,A4,0.181561,0.160845,1
20210205T151709,20210625T141512,139.9570,101,A4,0.348224,0.278397,1
20210205T151709,20210625T141512,139.9570,102,A4,0.134906,1.459210,0
20210205T151709,20210625T141512,139.9570,103,A4,0.006149,0.465062,1
20210205T151709,20210625T141512,139.9570,104,A4,0.202508,2.000000,0
20210205T151709,20210625T141512,139.9570,105,A4,-0.117216,0.969594,0
20210205T151709,20210625T141512,139.9570,106,A4,-0.037749,0.271914,1
20210205T151709,20210625T141512,139.9570,107,A4,0.177933,1.101804,0
20210205T151709,20210625T141512,139.9570,108,A4,0.154836,0.771523,1
20210205T151709,20210625T141512,139.9570,109,A4,-0.146386,1.428820,0
20210205T151709,20210625T141512,139.9570,110,A4,-0.287877,0.509214,0
20210205T151709,20210625T141512,139.9570,111,A4,0.096725,0.351254,0
20210205T151709,20210625T141512,139.9570,112,A4,0.205217,0.643246,1
20210205T151709,20210625T141512,139.9570,113,A4,0.044805,0.580006,1
20210205T151709,20210625T141512,139.9570,114,A4,0.359821,0.566455,0
20210205T151709,20210625T141512,139.9570,115,A4,0.237908,0.959693,1
20210205T151709,20210625T141512,139.9570,116,A4,-0.097994,0.965870,0
20210205T151709,20210625T141512,139.9570,117,A4,0.183279,0.408702,0
20210205T151709,20210625T141512,139.9570,118,A4,0.436630,0.370098,0
20210205T151709,20210625T141512,139.9570,119,A4,0.258723,0.822252,0
20210205T151709,20210625T141512,139.9570,120,A4,-0.240829,1.237928,0
20210205T151709,20210625T141512,139.9570,121,A4,0.385570,0.538549,0
20210205T151709,20210625T141512,139.9570,122,A4,0.114744,0.362188,1
20210205T151709,20210625T141512,139.9570,123,A4,0.434013,0.791230,1
20210205T151709,20210625T141512,139.9570,124,A4,0.086373,0.840148,0
20210205T151709,20210625T141512,139.9570,125,A4,0.031669,1.096445,0
20210205T151709,20210625T141512,139.9570,126,A4,0.010518,0.621495,1
20210205T151709,20210625T141512,139.9570,127,A4,0.293417,1.401082,0
20210205T151709,20210625T141512,139.9570,128,A4,0.245696,0.142081,1
20210205T151709,20210625T141512,139.9570,129,A5,0.373979,0.267482,1
20210205T151709,20210625T141512,139.9570,130,A5,0.107838,0.062577,1
20210205T151709,20210625T141512,139.9570,131,A5,0.127081,1.334002,0
20210205T151709,20210625T141512,139.9570,132,A5,0.014315,2.000000,0
20210205T151709,20210625T141512,139.9570,133,A5,-0.142468,1.433073,0
20210205T151709,20210625T141512,139.9570,134,A5,-0.252247,1.598947,0
20210205T151709,20210625T141512,139.9570,135,A5,0.135288,1.235471,0
20210205T151709,20210625T141512,139.9570,136,A5,0.313785,1.244271,0
20210205T151709,20210625T141512,139.9570,137,A5,-0.251443,0.158448,1
20210205T151709,20210625T141512,139.9570,138,A5,0.059688,0.847556,0
20210205T151709,20210625T141512,139.9570,139,A5,0.356365,0.136544,1
20210205T151709,20210625T141512,139.9570,140,A5,0.152618,0.467578,1
20210205T151709,20210625T141512,139.9570,141,A5,-0.176876,0.658854,0
20210205T151709,20210625T141512,139.9570,142,A5,0.095762,0.903116,1
20210205T151709,20210625T141512,139.9570,143,A5,0.099069,0.039281,1
20210205T151709,20210625T141512,139.9570,144,A5,-0.087277,1.541589,0
20210205T151709,20210625T141512,139.9570,145,A5,0.132347,0.677719,0
20210205T151709,20210625T141512,139.9570,146,A5,0.042148,1.155346,0
20210205T151709,20210625T141512,139.9570,147,A5,-0.097264,1.016472,0
20210205T151709,20210625T141512,139.9570,148,A5,0.115381,0.034178,0
20210205T151709,20210625T141512,139.9570,149,A5,0.014506,1.230593,0
20210205T151709,20210625T141512,139.9570,150,A5,0.179637,0.027925,1
20210205T151709,20210625T141512,139.9570,151,A5,0.463610,1.431207,0
20210205T151709,20210625T141512,139.9570,152,A5,0.413528,0.310353,0
20210205T151709,20210625T141512,139.9570,153,A5,0.066046,0.139957,1
20210205T151709,20210625T141512,139.9570,154,A5,0.156863,1.106842,0
20210205T151709,20210625T141512,139.9570,155,A5,0.195094,1.488199,0
20210205T151709,20210625T141512,139.9570,156,A5,0.091675,0.871859,1
20210205T151709,20210625T141512,139.9570,157,A5,0.145894,0.987303,1
20210205T151709,20210625T141512,139.9570,158,A5,0.137951,0.467591,1
20210205T151709,20210625T141512,139.9570,159,A5,0.448942,1.074410,0
20210205T151709,20210625T141512,139.9570,160,A5,0.087816,0.575545,1
20210211T163501,20210212T153711,0.9598,1,A1,-0.034955,0.246192,0
20210211T163501,20210212T153711,0.9598,2,A1,0.733312,0.000000,1
20210211T163501,20210212T153711,0.9598,3,A1,-0.032574,1.761237,0
20210211T163501,20210212T153711,0.9598,4,A1,0.219455,0.081238,1
20210211T163501,20210212T153711,0.9598,5,A1,-0.100490,0.669728,1
20210211T163501,20210212T153711,0.9598,6,A1,0.648891,0.052367,1
20210211T163501,20210212T153711,0.9598,7,A1,0.437492,0.654705,1
20210211T163501,20210212T153711,0.9598,8,A1,0.375934,0.000000,1
20210211T163501,20210212T153711,0.9598,9,A1,-0.136449,1.156286,0
20210211T163501,20210212T153711,0.9598,10,A1,0.632218,0.000000,1
20210211T163501,20210212T153711,0.9598,11,A1,-0.124306,0.909385,1
20210211T163501,20210212T153711,0.9598,12,A1,0.722531,0.066321,1
20210211T163501,20210212T153711,0.9598,13,A1,0.292281,0.207371,1
20210211T163501,20210212T153711,0.9598,14,A1,0.417052,0.066146,1
20210211T163501,20210212T153711,0.9598,15,A1,0.046831,1.237608,0
20210211T163501,20210212T153711,0.9598,16,A1,0.695695,0.677320,1
20210211T163501,20210212T153711,0.9598,17,A1,0.610633,0.439290,1
20210211T163501,20210212T153711,0.9598,18,A1,0.435469,0.401550,1
20210211T163501,20210212T153711,0.9598,19,A1,0.128380,0.233797,1
20210211T163501,20210212T153711,0.9598,20,A1,0.549792,0.031111,1
20210211T163501,20210212T153711,0.9598,21,A1,-0.045321,0.198339,1
20210211T163501,20210212T153711,0.9598,22,A1,0.198620,0.492474,1
20210211T163501,20210212T153711,0.9598,23,A1,0.185866,1.254657,0
20210211T163501,20210212T153711,0.9598,24,A1,0.450747,0.088804,0
20210211T163501,20210212T153711,0.9598,25,A1,0.053318,1.404672,0
20210211T163501,20210212T153711,0.9598,26,A1,0.980346,0.000000,1
20210211T163501,20210212T153711,0.9598,27,A1,0.614474,0.615759,1
20210211T163501,20210212T153711,0.9598,28,A1,0.777292,0.000000,1
20210211T163501,20210212T153711,0.9598,29,A1,0.685807,0.000000,1
20210211T163501,20210212T153711,0.9598,30,A1,0.235735,0.001360,1
20210211T163501,20210212T153711,0.9598,31,A1,-0.193846,0.388991,0
20210211T163501,20210212T153711,0.9598,32,A1,0.774853,0.014709,1
20210211T163501,20210212T153711,0.9598,33,A2,0.467076,0.259070,1
20210211T163501,20210212T153711,0.9598,34,A2,0.304007,1.067790,0
20210211T163501,20210212T153711,0.9598,35,A2,-0.127422,0.113948,0
20210211T163501,20210212T153711,0.9598,36,A2,0.237605,0.052663,1
20210211T163501,20210212T153711,0.9598,37,A2,0.099771,0.227487,1
20210211T163501,20210212T153711,0.9598,38,A2,-0.241573,2.000000,0
20210211T163501,20210212T153711,0.9598,39,A2,0.899772,0.093608,1
20210211T163501,20210212T153711,0.9598,40,A2,0.161611,2.000000,0
20210211T163501,20210212T153711,0.9598,41,A2,0.335028,0.000000,1
20210211T163501,20210212T153711,0.9598,42,A2,-0.209992,0.109151,1
20210211T163501,20210212T153711,0.9598,43,A2,-0.017554,0.000000,1
20210211T163501,20210212T153711,0.9598,44,A2,0.095076,0.643297,0
20210211T163501,20210212T153711,0.9598,45,A2,0.089629,0.603573,1
20210211T163501,20210212T153711,0.9598,46,A2,0.060486,2.000000,0
20210211T163501,20210212T153711,0.9598,47,A2,0.053679,0.964046,1
20210211T163501,20210212T153711,0.9598,48,A2,0.218607,0.214769,1
20210211T163501,20210212T153711,0.9598,49,A2,0.866202,0.500272,1
20210211T163501,20210212T153711,0.9598,50,A2,0.137169,1.379323,0
20210211T163501,20210212T153711,0.9598,51,A2,-0.270327,1.689268,0
20210211T163501,20210212T153711,0.9598,52,A2,0.486979,0.298934,0
20210211T163501,20210212T153711,0.9598,53,A2,-0.127036,0.690973,0
20210211T163501,20210212T153711,0.9598,54,A2,0.413691,0.317921,1
20210211T163501,20210212T153711,0.9598,55,A2,0.916371,0.095728,1
20210211T163501,20210212T153711,0.9598,56,A2,0.149691,0.812049,1
20210211T163501,20210212T153711,0.9598,57,A2,0.656465,0.294423,1
20210211T163501,20210212T153711,0.9598,58,A2,0.142697,0.186074,1
20210211T163501,20210212T153711,0.9598,59,A2,0.092815,0.159302,1
20210211T163501,20210212T153711,0.9598,60,A2,0.238227,0.765789,0
20210211T163501,20210212T153711,0.9598,61,A2,-0.284814,0.522010,1
20210211T163501,20210212T153711,0.9598,62,A2,0.411225,0.333767,1
20210211T163501,20210212T153711,0.9598,63,A2,0.136778,0.318806,1
20210211T163501,20210212T153711,0.9598,64,A2,-0.050150,0.341477,1
20210211T163501,20210212T153711,0.9598,65,A3,0.752777,0.053005,1
20210211T163501,20210212T153711,0.9598,66,A3,0.443785,0.777255,1
20210211T163501,20210212T153711,0.9598,67,A3,0.077863,0.308340,1
20210211T163501,20210212T153711,0.9598,68,A3,0.017184,0.893330,1
20210211T163501,20210212T153711,0.9598,69,A3,0.186808,0.166067,1
20210211T163501,20210212T153711,0.9598,70,A3,0.058677,1.214315,0
20210211T163501,20210212T153711,0.9598,71,A3,0.251288,1.285646,0
20210211T163501,20210212T153711,0.9598,72,A3,-0.030422,0.295437,1
20210211T163501,20210212T153711,0.9598,73,A3,-0.008500,0.098284,0
20210211T163501,20210212T153711,0.9598,74,A3,0.172340,0.256519,1
20210211T163501,20210212T153711,0.9598,75,A3,0.012141,1.110276,0
20210211T163501,20210212T153711,0.9598,76,A3,-0.552564,0.356412,1
20210211T163501,20210212T153711,0.9598,77,A3,0.438961,0.835887,1
20210211T163501,20210212T153711,0.9598,78,A3,0.329862,0.707506,0
20210211T163501,20210212T153711,0.9598,79,A3,0.263064,0.302690,1
20210211T163501,20210212T153711,0.9598,80,A3,0.272120,0.033364,1
20210211T163501,20210212T153711,0.9598,81,A3,0.240009,0.225238,1
20210211T163501,20210212T153711,0.9598,82,A3,0.210286,0.496082,1
20210211T163501,20210212T153711,0.9598,83,A3,0.221003,1.114346,0
20210211T163501,20210212T153711,0.9598,84,A3,0.157470,0.028347,1
20210211T163501,20210212T153711,0.9598,85,A3,-0.336886,1.108127,0
20210211T163501,20210212T153711,0.9598,86,A3,0.272419,0.856813,0
20210211T163501,20210212T153711,0.9598,87,A3,0.181541,1.531404,0
20210211T163501,20210212T153711,0.9598,88,A3,-0.213540,0.037038,1
20210211T163501,20210212T153711,0.9598,89,A3,-0.138419,0.839383,0
20210211T163501,20210212T153711,0.9598,90,A3,-0.066567,0.164011,1
20210211T163501,20210212T153711,0.9598,91,A3,-0.265617,1.110840,0
20210211T163501,20210212T153711,0.9598,92,A3,-0.348522,0.995608,1
20210211T163501,20210212T153711,0.9598,93,A3,0.622710,0.099558,1
20210211T163501,20210212T153711,0.9598,94,A3,0.120488,0.892874,1
20210211T163501,20210212T153711,0.9598,95,A3,0.208411,0.076090,1
20210211T163501,20210212T153711,0.9598,96,A3,0.104933,0.033195,1
20210211T163501,20210212T153711,0.9598,97,A4,0.686810,0.029578,1
20210211T163501,20210212T153711,0.9598,98,A4,0.841337,0.207176,1
20210211T163501,20210212T153711,0.9598,99,A4,0.863171,0.066677,1
20210211T163501,20210212T153711,0.9598,100,A4,0.847547,0.203023,1
20210211T163501,20210212T153711,0.9598,101,A4,0.924051,0.233504,1
20210211T163501,20210212T153711,0.9598,102,A4,0.853196,0.102481,1
20210211T163501,20210212T153711,0.9598,103,A4,0.786066,0.038133,1
20210211T163501,20210212T153711,0.9598,104,A4,0.868423,0.166394,1
20210211T163501,20210212T153711,0.9598,105,A4,0.551890,0.107246,1
20210211T163501,20210212T153711,0.9598,106,A4,0.123968,0.080313,1
20210211T163501,20210212T153711,0.9598,107,A4,0.587165,0.031086,1
20210211T163501,20210212T153711,0.9598,108,A4,0.038775,0.079648,1
20210211T163501,20210212T153711,0.9598,109,A4,0.136206,0.351499,0
20210211T163501,20210212T153711,0.9598,110,A4,-0.214768,0.167450,0
20210211T163501,20210212T153711,0.9598,111,A4,0.698420,0.060809,1
20210211T163501,20210212T153711,0.9598,112,A4,0.455027,0.080810,1
20210211T163501,20210212T153711,0.9598,113,A4,0.896596,0.079605,1
20210211T163501,20210212T153711,0.9598,114,A4,0.645008,0.093947,1
20210211T163501,20210212T153711,0.9598,115,A4,0.942687,0.000000,1
20210211T163501,20210212T153711,0.9598,116,A4,0.926373,0.152497,1
20210211T163501,20210212T153711,0.9598,117,A4,0.869052,0.130240,1
20210211T163501,20210212T153711,0.9598,118,A4,0.812895,0.109554,1
20210211T163501,20210212T153711,0.9598,119,A4,0.775000,0.511847,1
20210211T163501,20210212T153711,0.9598,120,A4,0.721956,0.198390,1
20210211T163501,20210212T153711,0.9598,121,A4,0.518608,0.042466,1
20210211T163501,20210212T153711,0.9598,122,A4,0.784692,0.074257,1
20210211T163501,20210212T153711,0.9598,123,A4,0.835378,0.133595,1
20210211T163501,20210212T153711,0.9598,124,A4,0.895831,0.111513,1
20210211T163501,20210212T153711,0.9598,125,A4,0.717005,0.139665,1
20210211T163501,20210212T153711,0.9598,126,A4,0.809513,0.051525,1
20210211T163501,20210212T153711,0.9598,127,A4,0.734714,0.016596,1
20210211T163501,20210212T153711,0.9598,128,A4,0.461110,0.362395,1
20210211T163501,20210212T153711,0.9598,129,A5,0.774593,0.060296,1
20210211T163501,20210212T153711,0.9598,130,A5,0.083252,0.159720,0
20210211T163501,20210212T153711,0.9598,131,A5,0.706839,0.650674,1
20210211T163501,20210212T153711,0.9598,132,A5,0.807269,0.000000,1
20210211T163501,20210212T153711,0.9598,133,A5,0.091110,0.634434,1
20210211T163501,20210212T153711,0.9598,134,A5,0.567976,0.000000,1
20210211T163501,20210212T153711,0.9598,135,A5,0.194290,0.460982,1
20210211T163501,20210212T153711,0.9598,136,A5,0.838618,0.248557,1
20210211T163501,20210212T153711,0.9598,137,A5,0.369708,0.186705,1
20210211T163501,20210212T153711,0.9598,138,A5,0.160178,1.353352,0
20210211T163501,20210212T153711,0.9598,139,A5,0.146650,0.067382,1
20210211T163501,20210212T153711,0.9598,140,A5,0.184546,0.332450,1
20210211T163501,20210212T153711,0.9598,141,A5,0.712993,0.323964,1
20210211T163501,20210212T153711,0.9598,142,A5,-0.216389,1.040017,0
20210211T163501,20210212T153711,0.9598,143,A5,0.317549,0.448245,0
20210211T163501,20210212T153711,0.9598,144,A5,0.261906,1.028280,0
20210211T163501,20210212T153711,0.9598,145,A5,0.278823,0.249678,1
20210211T163501,20210212T153711,0.9598,146,A5,0.554689,0.079471,1
20210211T163501,20210212T153711,0.9598,147,A5,0.232589,0.008324,1
20210211T163501,20210212T153711,0.9598,148,A5,0.421835,0.682449,0
20210211T163501,20210212T153711,0.9598,149,A5,0.211371,0.346347,1
20210211T163501,20210212T153711,0.9598,150,A5,0.549276,0.395850,0
20210211T163501,20210212T153711,0.9598,151,A5,0.400076,0.130557,1
20210211T163501,20210212T153711,0.9598,152,A5,0.474138,0.236143,1
20210211T163501,20210212T153711,0.9598,153,A5,0.299344,0.131768,1
20210211T163501,20210212T153711,0.9598,154,A5,0.301693,0.418316,0
20210211T163501,20210212T153711,0.9598,155,A5,-0.104335,0.081729,0
20210211T163501,20210212T153711,0.9598,156,A5,-0.135946,0.498768,0
20210211T163501,20210212T153711,0.9598,157,A5,0.309251,0.365545,0
20210211T163501,20210212T153711,0.9598,158,A5,0.134988,0.461869,0
20210211T163501,20210212T153711,0.9598,159,A5,0.157781,0.443573,0
20210211T163501,20210212T153711,0.9598,160,A5,0.322283,0.287037,0
20210211T163501,20210218T131636,6.8622,1,A1,0.106968,0.276124,0
20210211T163501,20210218T131636,6.8622,2,A1,0.539997,0.000000,1
20210211T163501,20210218T131636,6.8622,3,A1,0.015578,0.098287,1
20210211T163501,20210218T131636,6.8622,4,A1,0.675868,0.017118,1
20210211T163501,20210218T131636,6.8622,5,A1,0.319738,0.175936,1
20210211T163501,20210218T131636,6.8622,6,A1,0.491723,1.342048,0
20210211T163501,20210218T131636,6.8622,7,A1,0.203551,1.076385,0
20210211T163501,20210218T131636,6.8622,8,A1,0.036574,0.730383,1
20210211T163501,20210218T131636,6.8622,9,A1,-0.387546,0.660934,1
20210211T163501,20210218T131636,6.8622,10,A1,0.697834,0.000000,1
20210211T163501,20210218T131636,6.8622,11,A1,0.212394,0.909385,1
20210211T163501,20210218T131636,6.8622,12,A1,0.873546,0.211615,1
20210211T163501,20210218T131636,6.8622,13,A1,-0.032464,0.702441,1
20210211T163501,20210218T131636,6.8622,14,A1,0.290936,0.081838,1
20210211T163501,20210218T131636,6.8622,15,A1,0.068835,2.000000,0
20210211T163501,20210218T131636,6.8622,16,A1,0.604833,1.062352,0
20210211T163501,20210218T131636,6.8622,17,A1,0.228563,0.993416,0
20210211T163501,20210218T131636,6.8622,18,A1,0.286937,0.276964,1
20210211T163501,20210218T131636,6.8622,19,A1,0.471847,0.256728,1
20210211T163501,20210218T131636,6.8622,20,A1,0.440883,0.282157,1
20210211T163501,20210218T131636,6.8622,21,A1,0.004496,0.819768,1
20210211T163501,20210218T131636,6.8622,22,A1,-0.253434,1.094913,0
20210211T163501,20210218T131636,6.8622,23,A1,0.323771,0.397441,0
20210211T163501,20210218T131636,6.8622,24,A1,0.514955,0.038599,0
20210211T163501,20210218T131636,6.8622,25,A1,-0.064409,1.691870,0
20210211T163501,20210218T131636,6.8622,26,A1,0.938812,0.000000,1
20210211T163501,20210218T131636,6.8622,27,A1,0.024435,0.881030,1
20210211T163501,20210218T131636,6.8622,28,A1,0.644295,0.000000,1
20210211T163501,20210218T131636,6.8622,29,A1,0.349183,0.000000,1
20210211T163501,20210218T131636,6.8622,30,A1,0.314166,0.372664,0
20210211T163501,20210218T131636,6.8622,31,A1,-0.128386,0.040633,1
20210211T163501,20210218T131636,6.8622,32,A1,0.762724,0.147738,1
20210211T163501,20210218T131636,6.8622,33,A2,0.139607,0.211534,1
20210211T163501,20210218T131636,6.8622,34,A2,0.216742,0.629369,1
20210211T163501,20210218T131636,6.8622,35,A2,-0.040883,0.142073,0
20210211T163501,20210218T131636,6.8622,36,A2,0.421672,1.142925,0
20210211T163501,20210218T131636,6.8622,37,A2,-0.147414,0.235094,1
20210211T163501,20210218T131636,6.8622,38,A2,-0.055282,1.104311,0
20210211T163501,20210218T131636,6.8622,39,A2,0.757014,0.160823,0
20210211T163501,20210218T131636,6.8622,40,A2,0.204224,0.778783,1
20210211T163501,20210218T131636,6.8622,41,A2,0.374517,0.788889,1
20210211T163501,20210218T131636,6.8622,42,A2,0.003955,0.330202,0
20210211T163501,20210218T131636,6.8622,43,A2,-0.044153,0.141572,1
20210211T163501,20210218T131636,6.8622,44,A2,0.105309,1.269521,0
20210211T163501,20210218T131636,6.8622,45,A2,0.204631,0.307155,1
20210211T163501,20210218T131636,6.8622,46,A2,-0.049785,0.983880,1
20210211T163501,20210218T131636,6.8622,47,A2,-0.180232,1.112205,0
20210211T163501,20210218T131636,6.8622,48,A2,-0.298543,1.442568,0
20210211T163501,20210218T131636,6.8622,49,A2,0.787141,0.257923,1
20210211T163501,20210218T131636,6.8622,50,A2,0.039122,0.052988,1
20210211T163501,20210218T131636,6.8622,51,A2,0.115993,0.701024,0
20210211T163501,20210218T131636,6.8622,52,A2,0.630644,0.908560,0
20210211T163501,20210218T131636,6.8622,53,A2,0.129622,1.458664,0
20210211T163501,20210218T131636,6.8622,54,A2,0.680193,0.152288,1
20210211T163501,20210218T131636,6.8622,55,A2,0.850501,0.066182,0
20210211T163501,20210218T131636,6.8622,56,A2,0.042172,0.456579,1
20210211T163501,20210218T131636,6.8622,57,A2,0.408282,1.537561,0
20210211T163501,20210218T131636,6.8622,58,A2,0.064217,0.729930,1
20210211T163501,20210218T131636,6.8622,59,A2,-0.081753,0.757351,0
20210211T163501,20210218T131636,6.8622,60,A2,-0.120789,0.207994,1
20210211T163501,20210218T131636,6.8622,61,A2,0.310349,0.057639,1
20210211T163501,20210218T131636,6.8622,62,A2,-0.073045,0.665875,1
20210211T163501,20210218T131636,6.8622,63,A2,-0.012528,0.638395,1
20210211T163501,20210218T131636,6.8622,64,A2,0.128750,0.794165,1
20210211T163501,20210218T131636,6.8622,65,A3,-0.582158,1.100999,0
20210211T163501,20210218T131636,6.8622,66,A3,0.301026,0.613734,1
20210211T163501,20210218T131636,6.8622,67,A3,-0.146442,0.860503,0
20210211T163501,20210218T131636,6.8622,68,A3,0.071483,1.106670,0
20210211T163501,20210218T131636,6.8622,69,A3,0.115650,0.004085,1
20210211T163501,20210218T131636,6.8622,70,A3,0.017465,0.208551,1
20210211T163501,20210218T131636,6.8622,71,A3,0.230392,0.714354,1
20210211T163501,20210218T131636,6.8622,72,A3,0.051424,1.593039,0
20210211T163501,20210218T131636,6.8622,73,A3,0.131797,0.318114,0
20210211T163501,20210218T131636,6.8622,74,A3,0.182776,0.215321,1
20210211T163501,20210218T131636,6.8622,75,A3,0.012220,0.612134,0
20210211T163501,20210218T131636,6.8622,76,A3,-0.006544,0.306137,0
20210211T163501,20210218T131636,6.8622,77,A3,0.385072,0.835887,1
20210211T163501,20210218T131636,6.8622,78,A3,-0.114607,0.303402,0
20210211T163501,20210218T131636,6.8622,79,A3,0.281647,0.562076,1
20210211T163501,20210218T131636,6.8622,80,A3,0.039787,0.049581,1
20210211T163501,20210218T131636,6.8622,81,A3,-0.293153,0.443364,0
20210211T163501,20210218T131636,6.8622,82,A3,-0.037607,0.716617,1
20210211T163501,20210218T131636,6.8622,83,A3,0.032525,0.079663,1
20210211T163501,20210218T131636,6.8622,84,A3,0.221486,0.670750,1
20210211T163501,20210218T131636,6.8622,85,A3,0.119509,0.189335,0
20210211T163501,20210218T131636,6.8622,86,A3,-0.342836,1.086160,0
20210211T163501,20210218T131636,6.8622,87,A3,0.115171,0.057907,1
20210211T163501,20210218T131636,6.8622,88,A3,-0.078079,0.962216,1
20210211T163501,20210218T131636,6.8622,89,A3,-0.025392,0.140495,1
20210211T163501,20210218T131636,6.8622,90,A3,-0.288317,0.376898,1
20210211T163501,20210218T131636,6.8622,91,A3,0.177374,0.147966,0
20210211T163501,20210218T131636,6.8622,92,A3,-0.003553,0.194705,0
20210211T163501,20210218T131636,6.8622,93,A3,0.688035,0.235557,1
20210211T163501,20210218T131636,6.8622,94,A3,-0.087262,1.107126,0
20210211T163501,20210218T131636,6.8622,95,A3,-0.058187,1.233093,0
20210211T163501,20210218T131636,6.8622,96,A3,0.098154,0.022685,1
20210211T163501,20210218T131636,6.8622,97,A4,0.611861,0.002564,1
20210211T163501,20210218T131636,6.8622,98,A4,0.587751,0.130346,1
20210211T163501,20210218T131636,6.8622,99,A4,0.830265,0.132938,1
20210211T163501,20210218T131636,6.8622,100,A4,0.831805,0.203023,1
20210211T163501,20210218T131636,6.8622,101,A4,0.908381,0.156858,1
20210211T163501,20210218T131636,6.8622,102,A4,0.848672,0.328899,1
20210211T163501,20210218T131636,6.8622,103,A4,0.773444,0.065175,1
20210211T163501,20210218T131636,6.8622,104,A4,0.873631,0.180577,1
20210211T163501,20210218T131636,6.8622,105,A4,0.547697,0.372184,1
20210211T163501,20210218T131636,6.8622,106,A4,0.194433,0.755993,0
20210211T163501,20210218T131636,6.8622,107,A4,0.146660,0.128377,1
20210211T163501,20210218T131636,6.8622,108,A4,0.049549,0.079648,1
20210211T163501,20210218T131636,6.8622,109,A4,0.040090,0.247042,1
20210211T163501,20210218T131636,6.8622,110,A4,0.058973,0.132420,1
20210211T163501,20210218T131636,6.8622,111,A4,0.445125,0.035633,1
20210211T163501,20210218T131636,6.8622,112,A4,0.451123,0.124711,1
20210211T163501,20210218T131636,6.8622,113,A4,0.823411,0.059807,1
20210211T163501,20210218T131636,6.8622,114,A4,0.591429,0.292053,0
20210211T163501,20210218T131636,6.8622,115,A4,0.848705,0.000000,1
20210211T163501,20210218T131636,6.8622,116,A4,0.857468,0.099366,1
20210211T163501,20210218T131636,6.8622,117,A4,0.772681,0.085137,1
20210211T163501,20210218T131636,6.8622,118,A4,0.681731,0.032268,1
20210211T163501,20210218T131636,6.8622,119,A4,0.690582,0.406783,1
20210211T163501,20210218T131636,6.8622,120,A4,0.134622,0.314860,1
20210211T163501,20210218T131636,6.8622,121,A4,0.192622,0.080911,0
20210211T163501,20210218T131636,6.8622,122,A4,0.560429,0.060678,1
20210211T163501,20210218T131636,6.8622,123,A4,0.779679,0.135890,1
20210211T163501,20210218T131636,6.8622,124,A4,0.251155,0.427349,0
20210211T163501,20210218T131636,6.8622,125,A4,0.569223,0.160728,1
20210211T163501,20210218T131636,6.8622,126,A4,0.695159,0.026975,1
20210211T163501,20210218T131636,6.8622,127,A4,0.558288,0.045167,1
20210211T163501,20210218T131636,6.8622,128,A4,0.399114,0.627254,1
20210211T163501,20210218T131636,6.8622,129,A5,0.325311,0.272816,1
20210211T163501,20210218T131636,6.8622,130,A5,-0.061765,0.444973,1
20210211T163501,20210218T131636,6.8622,131,A5,0.043063,0.517411,1
20210211T163501,20210218T131636,6.8622,132,A5,0.694579,0.100945,1
20210211T163501,20210218T131636,6.8622,133,A5,0.273532,0.471459,1
20210211T163501,20210218T131636,6.8622,134,A5,0.488931,0.000000,1
20210211T163501,20210218T131636,6.8622,135,A5,0.133809,0.323139,0
20210211T163501,20210218T131636,6.8622,136,A5,0.859154,0.248557,1
20210211T163501,20210218T131636,6.8622,137,A5,0.184166,0.171117,0
20210211T163501,20210218T131636,6.8622,138,A5,0.063382,1.577955,0
20210211T163501,20210218T131636,6.8622,139,A5,0.141194,0.193491,1
20210211T163501,20210218T131636,6.8622,140,A5,0.069521,1.010685,0
20210211T163501,20210218T131636,6.8622,141,A5,0.387243,0.500465,0
20210211T163501,20210218T131636,6.8622,142,A5,-0.002247,1.156829,0
20210211T163501,20210218T131636,6.8622,143,A5,0.159879,0.635298,0
20210211T163501,20210218T131636,6.8622,144,A5,0.022605,0.409396,0
20210211T163501,20210218T131636,6.8622,145,A5,-0.193075,1.295124,0
20210211T163501,20210218T131636,6.8622,146,A5,0.478686,0.771363,0
20210211T163501,20210218T131636,6.8622,147,A5,0.324242,0.970399,0
20210211T163501,20210218T131636,6.8622,148,A5,0.018409,0.225305,0
20210211T163501,20210218T131636,6.8622,149,A5,0.222110,0.778086,1
20210211T163501,20210218T131636,6.8622,150,A5,0.335854,0.054498,1
20210211T163501,20210218T131636,6.8622,151,A5,0.369569,0.114524,1
20210211T163501,20210218T131636,6.8622,152,A5,0.140303,0.223507,1
20210211T163501,20210218T131636,6.8622,153,A5,0.434748,0.178001,1
20210211T163501,20210218T131636,6.8622,154,A5,0.684095,0.405214,0
20210211T163501,20210218T131636,6.8622,155,A5,-0.171365,0.050167,1
20210211T163501,20210218T131636,6.8622,156,A5,0.018673,1.092880,0
20210211T163501,20210218T131636,6.8622,157,A5,0.037978,0.105226,1
20210211T163501,20210218T131636,6.8622,158,A5,0.436070,1.073903,0
20210211T163501,20210218T131636,6.8622,159,A5,0.250066,0.283384,0
20210211T163501,20210218T131636,6.8622,160,A5,0.208424,0.093823,0
20210211T163501,20210219T145809,7.9327,1,A1,-0.304867,0.330787,0
20210211T163501,20210219T145809,7.9327,2,A1,0.727503,0.000000,1
20210211T163501,20210219T145809,7.9327,3,A1,-0.272376,0.000000,1
20210211T163501,20210219T145809,7.9327,4,A1,0.130056,0.177407,1
20210211T163501,20210219T145809,7.9327,5,A1,0.201466,0.939973,1
20210211T163501,20210219T145809,7.9327,6,A1,0.643994,0.266485,1
20210211T163501,20210219T145809,7.9327,7,A1,0.007610,0.071571,1
20210211T163501,20210219T145809,7.9327,8,A1,0.228627,0.345647,1
20210211T163501,20210219T145809,7.9327,9,A1,-0.415241,0.808081,1
20210211T163501,20210219T145809,7.9327,10,A1,0.704615,0.000000,1
20210211T163501,20210219T145809,7.9327,11,A1,0.525400,0.909385,1
20210211T163501,20210219T145809,7.9327,12,A1,0.817599,0.216673,1
20210211T163501,20210219T145809,7.9327,13,A1,0.429858,0.291668,1
20210211T163501,20210219T145809,7.9327,14,A1,0.536320,0.165166,0
20210211T163501,20210219T145809,7.9327,15,A1,0.043400,2.000000,0
20210211T163501,20210219T145809,7.9327,16,A1,0.679450,1.125558,0
20210211T163501,20210219T145809,7.9327,17,A1,0.230801,0.636897,0
20210211T163501,20210219T145809,7.9327,18,A1,0.149149,0.939560,0
20210211T163501,20210219T145809,7.9327,19,A1,0.445528,0.374599,1
20210211T163501,20210219T145809,7.9327,20,A1,0.407466,0.259389,1
20210211T163501,20210219T145809,7.9327,21,A1,0.150057,0.843325,1
20210211T163501,20210219T145809,7.9327,22,A1,0.093177,0.729815,1
20210211T163501,20210219T145809,7.9327,23,A1,0.176318,0.277481,1
20210211T163501,20210219T145809,7.9327,24,A1,0.096162,0.152749,0
20210211T163501,20210219T145809,7.9327,25,A1,0.155001,1.015660,0
20210211T163501,20210219T145809,7.9327,26,A1,0.966933,0.000000,1
20210211T163501,20210219T145809,7.9327,27,A1,0.242559,0.829837,1
20210211T163501,20210219T145809,7.9327,28,A1,0.703724,0.000000,1
20210211T163501,20210219T145809,7.9327,29,A1,0.331952,1.234608,0
20210211T163501,20210219T145809,7.9327,30,A1,-0.020259,1.152036,0
20210211T163501,20210219T145809,7.9327,31,A1,-0.049974,0.283931,0
20210211T163501,20210219T145809,7.9327,32,A1,0.744546,0.177146,1
20210211T163501,20210219T145809,7.9327,33,A2,0.461849,0.085525,1
20210211T163501,20210219T145809,7.9327,34,A2,-0.144574,0.808816,1
20210211T163501,20210219T145809,7.9327,35,A2,-0.048319,0.025111,1
20210211T163501,20210219T145809,7.9327,36,A2,-0.042752,0.206577,0
20210211T163501,20210219T145809,7.9327,37,A2,0.295579,0.243751,1
20210211T163501,20210219T145809,7.9327,38,A2,-0.191624,1.073490,0
20210211T163501,20210219T145809,7.9327,39,A2,0.825022,0.098141,0
20210211T163501,20210219T145809,7.9327,40,A2,-0.374591,0.425130,1
20210211T163501,20210219T145809,7.9327,41,A2,0.097620,0.957289,1
20210211T163501,20210219T145809,7.9327,42,A2,-0.144817,0.174166,1
20210211T163501,20210219T145809,7.9327,43,A2,-0.057899,1.011449,0
20210211T163501,20210219T145809,7.9327,44,A2,0.013254,0.020304,1
20210211T163501,20210219T145809,7.9327,45,A2,-0.074636,0.390399,1
20210211T163501,20210219T145809,7.9327,46,A2,0.002960,1.332929,0
20210211T163501,20210219T145809,7.9327,47,A2,-0.102296,0.947814,1
20210211T163501,20210219T145809,7.9327,48,A2,0.101430,1.111148,0
20210211T163501,20210219T145809,7.9327,49,A2,0.816278,0.350421,1
20210211T163501,20210219T145809,7.9327,50,A2,-0.123274,0.479579,0
20210211T163501,20210219T145809,7.9327,51,A2,-0.226132,0.494961,1
20210211T163501,20210219T145809,7.9327,52,A2,0.494026,0.273314,0
20210211T163501,20210219T145809,7.9327,53,A2,0.179324,0.403832,1
20210211T163501,20210219T145809,7.9327,54,A2,0.487741,0.287512,1
20210211T163501,20210219T145809,7.9327,55,A2,0.777773,0.074447,0
20210211T163501,20210219T145809,7.9327,56,A2,0.183610,0.462315,1
20210211T163501,20210219T145809,7.9327,57,A2,0.234802,1.211962,0
20210211T163501,20210219T145809,7.9327,58,A2,0.062833,0.960846,0
20210211T163501,20210219T145809,7.9327,59,A2,0.326445,0.121885,0
20210211T163501,20210219T145809,7.9327,60,A2,0.084242,0.092955,1
20210211T163501,20210219T145809,7.9327,61,A2,0.332343,0.353712,0
20210211T163501,20210219T145809,7.9327,62,A2,-0.427792,0.518902,1
20210211T163501,20210219T145809,7.9327,63,A2,0.417730,0.638395,1
20210211T163501,20210219T145809,7.9327,64,A2,-0.169536,0.378862,0
20210211T163501,20210219T145809,7.9327,65,A3,0.135575,0.320918,1
20210211T163501,20210219T145809,7.9327,66,A3,0.168492,0.000000,1
20210211T163501,20210219T145809,7.9327,67,A3,0.024839,0.720076,0
20210211T163501,20210219T145809,7.9327,68,A3,-0.116491,0.100551,1
20210211T163501,20210219T145809,7.9327,69,A3,0.279870,0.064957,1
20210211T163501,20210219T145809,7.9327,70,A3,-0.095057,0.209244,1
20210211T163501,20210219T145809,7.9327,71,A3,0.277720,0.557364,0
20210211T163501,20210219T145809,7.9327,72,A3,-0.023404,0.638876,1
20210211T163501,20210219T145809,7.9327,73,A3,0.253530,1.086362,0
20210211T163501,20210219T145809,7.9327,74,A3,0.157889,0.146875,1
20210211T163501,20210219T145809,7.9327,75,A3,-0.170750,0.056663,1
20210211T163501,20210219T145809,7.9327,76,A3,-0.049355,0.139000,0
20210211T163501,20210219T145809,7.9327,77,A3,0.384361,0.473903,1
20210211T163501,20210219T145809,7.9327,78,A3,-0.085494,0.442789,0
20210211T163501,20210219T145809,7.9327,79,A3,0.229589,0.454278,1
20210211T163501,20210219T145809,7.9327,80,A3,-0.127113,0.031608,1
20210211T163501,20210219T145809,7.9327,81,A3,0.071194,0.263268,1
20210211T163501,20210219T145809,7.9327,82,A3,0.394392,0.199228,1
20210211T163501,20210219T145809,7.9327,83,A3,0.291588,0.068627,1
20210211T163501,20210219T145809,7.9327,84,A3,0.280188,0.413066,0
20210211T163501,20210219T145809,7.9327,85,A3,0.266895,0.072932,1
20210211T163501,20210219T145809,7.9327,86,A3,0.078306,0.052690,1
20210211T163501,20210219T145809,7.9327,87,A3,-0.127032,0.479394,1
20210211T163501,20210219T145809,7.9327,88,A3,0.079273,1.761957,0
20210211T163501,20210219T145809,7.9327,89,A3,-0.064339,0.307281,1
20210211T163501,20210219T145809,7.9327,90,A3,0.091678,0.167653,1
20210211T163501,20210219T145809,7.9327,91,A3,-0.080297,0.020011,1
20210211T163501,20210219T145809,7.9327,92,A3,-0.156875,0.010287,1
20210211T163501,20210219T145809,7.9327,93,A3,0.384685,0.083287,1
20210211T163501,20210219T145809,7.9327,94,A3,0.054107,0.038540,1
20210211T163501,20210219T145809,7.9327,95,A3,0.224100,0.174472,1
20210211T163501,20210219T145809,7.9327,96,A3,-0.157647,0.359363,1
20210211T163501,20210219T145809,7.9327,97,A4,0.543744,0.095527,1
20210211T163501,20210219T145809,7.9327,98,A4,0.649558,0.026602,1
20210211T163501,20210219T145809,7.9327,99,A4,0.887057,0.104753,1
20210211T163501,20210219T145809,7.9327,100,A4,0.676795,0.019375,1
20210211T163501,20210219T145809,7.9327,101,A4,0.916863,0.170712,1
20210211T163501,20210219T145809,7.9327,102,A4,0.782543,0.125299,1
20210211T163501,20210219T145809,7.9327,103,A4,0.778986,0.095432,1
20210211T163501,20210219T145809,7.9327,104,A4,0.919722,0.097456,1
20210211T163501,20210219T145809,7.9327,105,A4,0.439737,0.024798,1
20210211T163501,20210219T145809,7.9327,106,A4,0.004383,0.516955,0
20210211T163501,20210219T145809,7.9327,107,A4,0.232103,0.194462,0
20210211T163501,20210219T145809,7.9327,108,A4,-0.069385,0.817590,1
20210211T163501,20210219T145809,7.9327,109,A4,-0.139666,0.672982,1
20210211T163501,20210219T145809,7.9327,110,A4,0.090264,1.149740,0
20210211T163501,20210219T145809,7.9327,111,A4,0.493059,0.218987,0
20210211T163501,20210219T145809,7.9327,112,A4,0.188723,0.064962,1
20210211T163501,20210219T145809,7.9327,113,A4,0.865236,0.135553,1
20210211T163501,20210219T145809,7.9327,114,A4,0.251386,0.364711,0
20210211T163501,20210219T145809,7.9327,115,A4,0.895177,0.000000,1
20210211T163501,20210219T145809,7.9327,116,A4,0.889023,0.008374,1
20210211T163501,20210219T145809,7.9327,117,A4,0.840756,0.135350,1
20210211T163501,20210219T145809,7.9327,118,A4,0.587821,0.089007,1
20210211T163501,20210219T145809,7.9327,119,A4,0.667653,0.011678,1
20210211T163501,20210219T145809,7.9327,120,A4,0.569825,0.187164,1
20210211T163501,20210219T145809,7.9327,121,A4,0.490304,0.138719,0
20210211T163501,20210219T145809,7.9327,122,A4,0.687988,0.095992,1
20210211T163501,20210219T145809,7.9327,123,A4,0.804316,0.178517,0
20210211T163501,20210219T145809,7.9327,124,A4,0.393609,0.384848,0
20210211T163501,20210219T145809,7.9327,125,A4,0.716226,0.219603,0
20210211T163501,20210219T145809,7.9327,126,A4,0.753636,0.015775,1
20210211T163501,20210219T145809,7.9327,127,A4,0.588480,0.093051,1
20210211T163501,20210219T145809,7.9327,128,A4,0.417120,0.728102,1
20210211T163501,20210219T145809,7.9327,129,A5,0.440049,0.463626,1
20210211T163501,20210219T145809,7.9327,130,A5,0.065220,0.068555,1
20210211T163501,20210219T145809,7.9327,131,A5,0.184796,0.650674,1
20210211T163501,20210219T145809,7.9327,132,A5,0.528398,0.697208,1
20210211T163501,20210219T145809,7.9327,133,A5,0.460153,0.063726,1
20210211T163501,20210219T145809,7.9327,134,A5,0.306752,0.000000,1
20210211T163501,20210219T145809,7.9327,135,A5,0.317032,0.306460,0
20210211T163501,20210219T145809,7.9327,136,A5,0.894242,0.179344,1
20210211T163501,20210219T145809,7.9327,137,A5,0.095663,0.268000,0
20210211T163501,20210219T145809,7.9327,138,A5,0.318623,0.987686,1
20210211T163501,20210219T145809,7.9327,139,A5,0.195029,0.036085,1
20210211T163501,20210219T145809,7.9327,140,A5,0.374438,0.291493,1
20210211T163501,20210219T145809,7.9327,141,A5,0.560839,0.853536,0
20210211T163501,20210219T145809,7.9327,142,A5,-0.228890,1.037263,0
20210211T163501,20210219T145809,7.9327,143,A5,0.038283,0.089391,1
20210211T163501,20210219T145809,7.9327,144,A5,-0.228839,0.911515,0
20210211T163501,20210219T145809,7.9327,145,A5,0.069135,1.045634,0
20210211T163501,20210219T145809,7.9327,146,A5,0.563987,0.211474,1
20210211T163501,20210219T145809,7.9327,147,A5,0.199662,0.137581,1
20210211T163501,20210219T145809,7.9327,148,A5,-0.018240,0.059659,1
20210211T163501,20210219T145809,7.9327,149,A5,0.198160,0.604358,1
20210211T163501,20210219T145809,7.9327,150,A5,0.577449,0.080177,0
20210211T163501,20210219T145809,7.9327,151,A5,0.051672,0.391775,0
20210211T163501,20210219T145809,7.9327,152,A5,0.000070,0.083794,0
20210211T163501,20210219T145809,7.9327,153,A5,0.297190,0.119982,1
20210211T163501,20210219T145809,7.9327,154,A5,0.423609,0.017797,1
20210211T163501,20210219T145809,7.9327,155,A5,0.038440,0.651880,1
20210211T163501,20210219T145809,7.9327,156,A5,0.022937,0.136920,1
20210211T163501,20210219T145809,7.9327,157,A5,0.118394,0.082672,0
20210211T163501,20210219T145809,7.9327,158,A5,0.341505,0.050717,1
20210211T163501,20210219T145809,7.9327,159,A5,0.444094,0.062304,1
20210211T163501,20210219T145809,7.9327,160,A5,0.136017,0.332492,0
20210211T163501,20210610T132106,118.8653,1,A1,-0.076552,0.665556,1
20210211T163501,20210610T132106,118.8653,2,A1,0.311883,2.000000,0
20210211T163501,20210610T132106,118.8653,3,A1,-0.202953,1.022659,0
20210211T163501,20210610T132106,118.8653,4,A1,-0.579526,0.715293,0
20210211T163501,20210610T132106,118.8653,5,A1,-0.132640,0.000000,1
20210211T163501,20210610T132106,118.8653,6,A1,0.138359,0.293304,1
20210211T163501,20210610T132106,118.8653,7,A1,0.084102,0.071571,1
20210211T163501,20210610T132106,118.8653,8,A1,0.554554,0.243721,1
20210211T163501,20210610T132106,118.8653,9,A1,-0.052155,0.661755,1
20210211T163501,20210610T132106,118.8653,10,A1,-0.117182,1.532155,0
20210211T163501,20210610T132106,118.8653,11,A1,-0.076043,1.090615,0
20210211T163501,20210610T132106,118.8653,12,A1,-0.313717,0.956380,0
20210211T163501,20210610T132106,118.8653,13,A1,0.256325,0.875489,0
20210211T163501,20210610T132106,118.8653,14,A1,-0.271876,0.756516,0
20210211T163501,20210610T132106,118.8653,15,A1,-0.165878,0.000000,1
20210211T163501,20210610T132106,118.8653,16,A1,-0.010752,1.166263,0
20210211T163501,20210610T132106,118.8653,17,A1,-0.213709,0.842190,0
20210211T163501,20210610T132106,118.8653,18,A1,-0.023346,0.495865,1
20210211T163501,20210610T132106,118.8653,19,A1,0.570579,0.123729,1
20210211T163501,20210610T132106,118.8653,20,A1,-0.090335,0.380667,1
20210211T163501,20210610T132106,118.8653,21,A1,0.112330,1.307408,0
20210211T163501,20210610T132106,118.8653,22,A1,-0.089556,1.311325,0
20210211T163501,20210610T132106,118.8653,23,A1,-0.142387,0.745343,1
20210211T163501,20210610T132106,118.8653,24,A1,0.398096,0.877430,0
20210211T163501,20210610T132106,118.8653,25,A1,-0.233471,1.201152,0
20210211T163501,20210610T132106,118.8653,26,A1,0.734696,0.000000,1
20210211T163501,20210610T132106,118.8653,27,A1,0.155003,2.000000,0
20210211T163501,20210610T132106,118.8653,28,A1,0.339784,0.688962,1
20210211T163501,20210610T132106,118.8653,29,A1,0.271020,0.000000,1
20210211T163501,20210610T132106,118.8653,30,A1,0.011231,0.292895,1
20210211T163501,20210610T132106,118.8653,31,A1,0.121338,0.178365,0
20210211T163501,20210610T132106,118.8653,32,A1,-0.677327,1.272534,0
20210211T163501,20210610T132106,118.8653,33,A2,0.069938,0.785142,1
20210211T163501,20210610T132106,118.8653,34,A2,-0.109570,1.784285,0
20210211T163501,20210610T132106,118.8653,35,A2,0.031666,0.066041,1
20210211T163501,20210610T132106,118.8653,36,A2,-0.307089,0.111509,1
20210211T163501,20210610T132106,118.8653,37,A2,-0.124985,0.782612,0
20210211T163501,20210610T132106,118.8653,38,A2,0.033967,0.844059,1
20210211T163501,20210610T132106,118.8653,39,A2,0.535235,0.146458,1
20210211T163501,20210610T132106,118.8653,40,A2,0.204922,1.269915,0
20210211T163501,20210610T132106,118.8653,41,A2,0.445509,0.871724,1
20210211T163501,20210610T132106,118.8653,42,A2,-0.248621,0.775415,0
20210211T163501,20210610T132106,118.8653,43,A2,0.083254,1.117899,0
20210211T163501,20210610T132106,118.8653,44,A2,0.080871,0.256673,1
20210211T163501,20210610T132106,118.8653,45,A2,0.212946,0.194340,1
20210211T163501,20210610T132106,118.8653,46,A2,0.132684,0.000000,1
20210211T163501,20210610T132106,118.8653,47,A2,-0.091494,1.405809,0
20210211T163501,20210610T132106,118.8653,48,A2,0.099433,2.000000,0
20210211T163501,20210610T132106,118.8653,49,A2,-0.304954,1.316420,0
20210211T163501,20210610T132106,118.8653,50,A2,-0.058638,1.368580,0
20210211T163501,20210610T132106,118.8653,51,A2,-0.097219,0.399936,1
20210211T163501,20210610T132106,118.8653,52,A2,-0.331699,0.359619,0
20210211T163501,20210610T132106,118.8653,53,A2,0.079766,0.541336,1
20210211T163501,20210610T132106,118.8653,54,A2,-0.100092,1.060994,0
20210211T163501,20210610T132106,118.8653,55,A2,0.413064,0.012752,1
20210211T163501,20210610T132106,118.8653,56,A2,0.253727,0.290629,0
20210211T163501,20210610T132106,118.8653,57,A2,0.176417,0.882059,1
20210211T163501,20210610T132106,118.8653,58,A2,0.130111,0.621446,1
20210211T163501,20210610T132106,118.8653,59,A2,-0.188121,0.070536,1
20210211T163501,20210610T132106,118.8653,60,A2,0.070372,0.006253,1
20210211T163501,20210610T132106,118.8653,61,A2,-0.044135,0.334248,1
20210211T163501,20210610T132106,118.8653,62,A2,-0.026730,0.637610,1
20210211T163501,20210610T132106,118.8653,63,A2,0.103317,0.273533,1
20210211T163501,20210610T132106,118.8653,64,A2,-0.029882,0.159051,1
20210211T163501,20210610T132106,118.8653,65,A3,-0.040960,0.958098,0
20210211T163501,20210610T132106,118.8653,66,A3,-0.053119,0.828976,1
20210211T163501,20210610T132106,118.8653,67,A3,-0.063560,1.038592,0
20210211T163501,20210610T132106,118.8653,68,A3,-0.110691,0.270162,0
20210211T163501,20210610T132106,118.8653,69,A3,-0.319361,0.289108,1
20210211T163501,20210610T132106,118.8653,70,A3,-0.006427,1.214315,0
20210211T163501,20210610T132106,118.8653,71,A3,-0.167953,0.253709,1
20210211T163501,20210610T132106,118.8653,72,A3,0.167982,0.876950,1
20210211T163501,20210610T132106,118.8653,73,A3,0.028888,0.847455,1
20210211T163501,20210610T132106,118.8653,74,A3,0.054069,1.229208,0
20210211T163501,20210610T132106,118.8653,75,A3,0.189213,0.889724,1
20210211T163501,20210610T132106,118.8653,76,A3,0.018027,0.302916,0
20210211T163501,20210610T132106,118.8653,77,A3,0.112570,0.021063,1
20210211T163501,20210610T132106,118.8653,78,A3,0.226970,0.969583,1
20210211T163501,20210610T132106,118.8653,79,A3,0.470921,0.000941,1
20210211T163501,20210610T132106,118.8653,80,A3,0.139270,0.860557,1
20210211T163501,20210610T132106,118.8653,81,A3,0.481498,0.639255,0
20210211T163501,20210610T132106,118.8653,82,A3,0.014594,0.975405,0
20210211T163501,20210610T132106,118.8653,83,A3,0.419602,0.555531,0
20210211T163501,20210610T132106,118.8653,84,A3,-0.209525,0.670750,1
20210211T163501,20210610T132106,118.8653,85,A3,-0.131886,0.090782,1
20210211T163501,20210610T132106,118.8653,86,A3,-0.007420,0.913840,1
20210211T163501,20210610T132106,118.8653,87,A3,-0.122098,0.970758,0
20210211T163501,20210610T132106,118.8653,88,A3,-0.231877,0.272041,1
20210211T163501,20210610T132106,118.8653,89,A3,0.093074,0.754240,0
20210211T163501,20210610T132106,118.8653,90,A3,-0.027426,0.000000,1
20210211T163501,20210610T132106,118.8653,91,A3,0.107639,0.041998,1
20210211T163501,20210610T132106,118.8653,92,A3,-0.156079,1.004392,0
20210211T163501,20210610T132106,118.8653,93,A3,-0.361507,1.254311,0
20210211T163501,20210610T132106,118.8653,94,A3,0.033752,0.873610,0
20210211T163501,20210610T132106,118.8653,95,A3,-0.044298,0.766907,1
20210211T163501,20210610T132106,118.8653,96,A3,-0.246637,1.158800,0
20210211T163501,20210610T132106,118.8653,97,A4,0.570526,0.370823,1
20210211T163501,20210610T132106,118.8653,98,A4,0.721998,0.183532,0
20210211T163501,20210610T132106,118.8653,99,A4,0.526538,0.335813,1
20210211T163501,20210610T132106,118.8653,100,A4,0.504988,0.677749,1
20210211T163501,20210610T132106,118.8653,101,A4,0.471686,0.782253,0
20210211T163501,20210610T132106,118.8653,102,A4,0.522731,0.495452,1
20210211T163501,20210610T132106,118.8653,103,A4,-0.213740,0.069865,0
20210211T163501,20210610T132106,118.8653,104,A4,0.477598,0.804955,1
20210211T163501,20210610T132106,118.8653,105,A4,0.384484,0.215343,1
20210211T163501,20210610T132106,118.8653,106,A4,-0.505291,1.038908,0
20210211T163501,20210610T132106,118.8653,107,A4,0.535937,0.088796,1
20210211T163501,20210610T132106,118.8653,108,A4,-0.031052,0.501964,1
20210211T163501,20210610T132106,118.8653,109,A4,0.068905,0.116411,1
20210211T163501,20210610T132106,118.8653,110,A4,0.044624,0.381562,0
20210211T163501,20210610T132106,118.8653,111,A4,0.235160,0.022628,1
20210211T163501,20210610T132106,118.8653,112,A4,-0.073283,0.216111,0
20210211T163501,20210610T132106,118.8653,113,A4,0.694676,0.207370,1
20210211T163501,20210610T132106,118.8653,114,A4,0.192392,0.379020,0
20210211T163501,20210610T132106,118.8653,115,A4,0.358908,0.973968,1
20210211T163501,20210610T132106,118.8653,116,A4,-0.071386,0.378107,0
20210211T163501,20210610T132106,118.8653,117,A4,0.696805,0.244666,1
20210211T163501,20210610T132106,118.8653,118,A4,-0.128475,0.337000,0
20210211T163501,20210610T132106,118.8653,119,A4,-0.129807,0.530048,0
20210211T163501,20210610T132106,118.8653,120,A4,0.458615,0.033583,1
20210211T163501,20210610T132106,118.8653,121,A4,0.184603,0.090927,0
20210211T163501,20210610T132106,118.8653,122,A4,0.284684,0.148427,1
20210211T163501,20210610T132106,118.8653,123,A4,-0.481720,0.336766,0
20210211T163501,20210610T132106,118.8653,124,A4,0.618083,0.317824,0
20210211T163501,20210610T132106,118.8653,125,A4,-0.580924,0.364968,0
20210211T163501,20210610T132106,118.8653,126,A4,0.691435,0.027075,1
20210211T163501,20210610T132106,118.8653,127,A4,-0.052003,0.090241,1
20210211T163501,20210610T132106,118.8653,128,A4,0.302544,0.226640,0
20210211T163501,20210610T132106,118.8653,129,A5,-0.179320,1.339005,0
20210211T163501,20210610T132106,118.8653,130,A5,0.283525,0.184678,1
20210211T163501,20210610T132106,118.8653,131,A5,-0.032723,0.850400,0
20210211T163501,20210610T132106,118.8653,132,A5,0.270288,0.000000,1
20210211T163501,20210610T132106,118.8653,133,A5,0.081404,0.417577,1
20210211T163501,20210610T132106,118.8653,134,A5,0.227267,0.044854,1
20210211T163501,20210610T132106,118.8653,135,A5,0.278023,0.697727,1
20210211T163501,20210610T132106,118.8653,136,A5,0.746234,0.248557,1
20210211T163501,20210610T132106,118.8653,137,A5,0.506165,0.445369,0
20210211T163501,20210610T132106,118.8653,138,A5,-0.038864,1.809787,0
20210211T163501,20210610T132106,118.8653,139,A5,0.041920,0.267346,0
20210211T163501,20210610T132106,118.8653,140,A5,0.040310,0.187683,0
20210211T163501,20210610T132106,118.8653,141,A5,-0.022187,0.712950,0
20210211T163501,20210610T132106,118.8653,142,A5,-0.252498,0.427402,1
20210211T163501,20210610T132106,118.8653,143,A5,-0.079804,1.298718,0
20210211T163501,20210610T132106,118.8653,144,A5,-0.072420,1.324934,0
20210211T163501,20210610T132106,118.8653,145,A5,0.340982,0.369252,1
20210211T163501,20210610T132106,118.8653,146,A5,-0.179767,0.509654,1
20210211T163501,20210610T132106,118.8653,147,A5,0.037305,0.050439,1
20210211T163501,20210610T132106,118.8653,148,A5,-0.072067,0.779719,1
20210211T163501,20210610T132106,118.8653,149,A5,-0.245677,1.221914,0
20210211T163501,20210610T132106,118.8653,150,A5,-0.182860,1.069184,0
20210211T163501,20210610T132106,118.8653,151,A5,-0.141215,0.198471,1
20210211T163501,20210610T132106,118.8653,152,A5,-0.111297,0.134680,1
20210211T163501,20210610T132106,118.8653,153,A5,-0.320325,0.657695,0
20210211T163501,20210610T132106,118.8653,154,A5,-0.393025,0.149952,1
20210211T163501,20210610T132106,118.8653,155,A5,-0.129563,0.120789,1
20210211T163501,20210610T132106,118.8653,156,A5,0.112348,0.013598,1
20210211T163501,20210610T132106,118.8653,157,A5,0.004881,0.133917,1
20210211T163501,20210610T132106,118.8653,158,A5,-0.356544,0.093772,1
20210211T163501,20210610T132106,118.8653,159,A5,0.028248,0.662076,0
20210211T163501,20210610T132106,118.8653,160,A5,0.061329,0.912039,0
20210211T163501,20210618T123111,126.8307,1,A1,0.229598,0.510850,0
20210211T163501,20210618T123111,126.8307,2,A1,0.383917,1.823206,0
20210211T163501,20210618T123111,126.8307,3,A1,-0.062902,0.420186,1
20210211T163501,20210618T123111,126.8307,4,A1,-0.733837,1.311946,0
20210211T163501,20210618T123111,126.8307,5,A1,-0.162301,1.627300,0
20210211T163501,20210618T123111,126.8307,6,A1,0.392704,0.657952,1
20210211T163501,20210618T123111,126.8307,7,A1,0.224940,0.321583,1
20210211T163501,20210618T123111,126.8307,8,A1,0.453665,0.000000,1
20210211T163501,20210618T123111,126.8307,9,A1,0.046373,1.812685,0
20210211T163501,20210618T123111,126.8307,10,A1,0.060108,0.578308,1
20210211T163501,20210618T123111,126.8307,11,A1,0.185035,0.880736,0
20210211T163501,20210618T123111,126.8307,12,A1,-0.731696,1.407850,0
20210211T163501,20210618T123111,126.8307,13,A1,0.151381,0.686458,0
20210211T163501,20210618T123111,126.8307,14,A1,0.086900,1.092843,0
20210211T163501,20210618T123111,126.8307,15,A1,0.129647,1.506772,0
20210211T163501,20210618T123111,126.8307,16,A1,0.383788,0.983245,1
20210211T163501,20210618T123111,126.8307,17,A1,-0.420687,0.960336,0
20210211T163501,20210618T123111,126.8307,18,A1,0.146684,0.989384,0
20210211T163501,20210618T123111,126.8307,19,A1,0.408051,0.593144,1
20210211T163501,20210618T123111,126.8307,20,A1,-0.001198,0.209465,1
20210211T163501,20210618T123111,126.8307,21,A1,0.021075,1.117149,0
20210211T163501,20210618T123111,126.8307,22,A1,0.053378,0.979302,1
20210211T163501,20210618T123111,126.8307,23,A1,0.297312,0.651048,0
20210211T163501,20210618T123111,126.8307,24,A1,0.320515,0.551060,0
20210211T163501,20210618T123111,126.8307,25,A1,0.000757,1.281528,0
20210211T163501,20210618T123111,126.8307,26,A1,-0.269766,1.769151,0
20210211T163501,20210618T123111,126.8307,27,A1,-0.115412,2.000000,0
20210211T163501,20210618T123111,126.8307,28,A1,-0.030684,0.981642,1
20210211T163501,20210618T123111,126.8307,29,A1,0.393255,0.403683,1
20210211T163501,20210618T123111,126.8307,30,A1,0.086646,0.075623,1
20210211T163501,20210618T123111,126.8307,31,A1,0.060905,0.918033,1
20210211T163501,20210618T123111,126.8307,32,A1,-0.749170,1.272534,0
20210211T163501,20210618T123111,126.8307,33,A2,0.241546,0.785142,1
20210211T163501,20210618T123111,126.8307,34,A2,-0.293885,1.276402,0
20210211T163501,20210618T123111,126.8307,35,A2,0.016592,0.141980,1
20210211T163501,20210618T123111,126.8307,36,A2,0.154789,0.140247,1
20210211T163501,20210618T123111,126.8307,37,A2,-0.100405,0.611881,1
20210211T163501,20210618T123111,126.8307,38,A2,-0.139817,0.839142,1
20210211T163501,20210618T123111,126.8307,39,A2,0.239582,0.379336,0
20210211T163501,20210618T123111,126.8307,40,A2,-0.024608,0.268406,1
20210211T163501,20210618T123111,126.8307,41,A2,-0.255144,1.197246,0
20210211T163501,20210618T123111,126.8307,42,A2,-0.158187,1.309583,0
20210211T163501,20210618T123111,126.8307,43,A2,0.064862,1.304368,0
20210211T163501,20210618T123111,126.8307,44,A2,0.092790,0.310098,0
20210211T163501,20210618T123111,126.8307,45,A2,-0.060850,0.759961,0
20210211T163501,20210618T123111,126.8307,46,A2,0.086769,0.799598,1
20210211T163501,20210618T123111,126.8307,47,A2,0.311041,0.000000,1
20210211T163501,20210618T123111,126.8307,48,A2,0.008511,1.084295,0
20210211T163501,20210618T123111,126.8307,49,A2,-0.345759,0.781245,0
20210211T163501,20210618T123111,126.8307,50,A2,-0.190715,0.071478,1
20210211T163501,20210618T123111,126.8307,51,A2,-0.237600,0.310732,1
20210211T163501,20210618T123111,126.8307,52,A2,-0.240172,0.528010,0
20210211T163501,20210618T123111,126.8307,53,A2,-0.020022,0.541336,1
20210211T163501,20210618T123111,126.8307,54,A2,0.171614,0.820869,1
20210211T163501,20210618T123111,126.8307,55,A2,-0.235013,0.063087,1
20210211T163501,20210618T123111,126.8307,56,A2,-0.070590,0.162855,1
20210211T163501,20210618T123111,126.8307,57,A2,-0.354631,0.502584,1
20210211T163501,20210618T123111,126.8307,58,A2,0.202140,0.344278,0
20210211T163501,20210618T123111,126.8307,59,A2,-0.157216,0.273270,0
20210211T163501,20210618T123111,126.8307,60,A2,-0.196983,0.119401,0
20210211T163501,20210618T123111,126.8307,61,A2,0.107956,0.735617,1
20210211T163501,20210618T123111,126.8307,62,A2,0.101068,0.133583,1
20210211T163501,20210618T123111,126.8307,63,A2,0.265490,0.235076,1
20210211T163501,20210618T123111,126.8307,64,A2,-0.013700,0.794165,1
20210211T163501,20210618T123111,126.8307,65,A3,0.071672,1.149253,0
20210211T163501,20210618T123111,126.8307,66,A3,0.208102,0.175537,1
20210211T163501,20210618T123111,126.8307,67,A3,0.164256,0.308340,1
20210211T163501,20210618T123111,126.8307,68,A3,0.011303,0.045868,1
20210211T163501,20210618T123111,126.8307,69,A3,0.066399,0.487286,1
20210211T163501,20210618T123111,126.8307,70,A3,0.223430,0.142441,1
20210211T163501,20210618T123111,126.8307,71,A3,0.202147,0.371282,0
20210211T163501,20210618T123111,126.8307,72,A3,-0.065834,1.062591,0
20210211T163501,20210618T123111,126.8307,73,A3,-0.125976,0.162868,0
20210211T163501,20210618T123111,126.8307,74,A3,0.363974,0.272099,0
20210211T163501,20210618T123111,126.8307,75,A3,0.055661,1.110276,0
20210211T163501,20210618T123111,126.8307,76,A3,-0.070978,0.689626,0
20210211T163501,20210618T123111,126.8307,77,A3,-0.332785,0.064559,1
20210211T163501,20210618T123111,126.8307,78,A3,0.160327,0.049471,1
20210211T163501,20210618T123111,126.8307,79,A3,-0.040075,0.851324,0
20210211T163501,20210618T123111,126.8307,80,A3,0.073123,1.139443,0
20210211T163501,20210618T123111,126.8307,81,A3,-0.014416,0.096708,0
20210211T163501,20210618T123111,126.8307,82,A3,0.085354,0.716617,1
20210211T163501,20210618T123111,126.8307,83,A3,0.232178,0.885654,1
20210211T163501,20210618T123111,126.8307,84,A3,-0.230085,0.208334,1
20210211T163501,20210618T123111,126.8307,85,A3,-0.084656,0.360444,0
20210211T163501,20210618T123111,126.8307,86,A3,-0.174742,0.092823,0
20210211T163501,20210618T123111,126.8307,87,A3,-0.299544,0.619576,0
20210211T163501,20210618T123111,126.8307,88,A3,-0.043353,0.778053,1
20210211T163501,20210618T123111,126.8307,89,A3,0.278365,0.795860,0
20210211T163501,20210618T123111,126.8307,90,A3,0.165775,0.898859,1
20210211T163501,20210618T123111,126.8307,91,A3,0.013884,0.195662,1
20210211T163501,20210618T123111,126.8307,92,A3,-0.002099,0.149643,1
20210211T163501,20210618T123111,126.8307,93,A3,-0.195022,0.531713,0
20210211T163501,20210618T123111,126.8307,94,A3,0.378485,0.114469,0
20210211T163501,20210618T123111,126.8307,95,A3,-0.238748,0.300700,0
20210211T163501,20210618T123111,126.8307,96,A3,0.130809,0.412828,0
20210211T163501,20210618T123111,126.8307,97,A4,0.377470,0.088610,1
20210211T163501,20210618T123111,126.8307,98,A4,0.147759,0.014389,1
20210211T163501,20210618T123111,126.8307,99,A4,0.633761,0.116982,1
20210211T163501,20210618T123111,126.8307,100,A4,0.015567,0.893740,0
20210211T163501,20210618T123111,126.8307,101,A4,0.212241,0.361512,1
20210211T163501,20210618T123111,126.8307,102,A4,0.079913,0.988096,0
20210211T163501,20210618T123111,126.8307,103,A4,-0.645448,0.015549,1
20210211T163501,20210618T123111,126.8307,104,A4,0.497759,0.628644,1
20210211T163501,20210618T123111,126.8307,105,A4,-0.138850,0.240510,1
20210211T163501,20210618T123111,126.8307,106,A4,0.065073,0.413611,1
20210211T163501,20210618T123111,126.8307,107,A4,-0.198999,0.603875,1
20210211T163501,20210618T123111,126.8307,108,A4,0.195795,0.972071,0
20210211T163501,20210618T123111,126.8307,109,A4,0.162680,1.176572,0
20210211T163501,20210618T123111,126.8307,110,A4,-0.066692,0.402177,1
20210211T163501,20210618T123111,126.8307,111,A4,-0.046747,0.006385,1
20210211T163501,20210618T123111,126.8307,112,A4,-0.099177,0.108219,1
20210211T163501,20210618T123111,126.8307,113,A4,0.673128,0.363710,1
20210211T163501,20210618T123111,126.8307,114,A4,0.559334,0.165265,1
20210211T163501,20210618T123111,126.8307,115,A4,0.664010,0.949896,1
20210211T163501,20210618T123111,126.8307,116,A4,0.491770,0.226632,1
20210211T163501,20210618T123111,126.8307,117,A4,0.198091,0.417621,0
20210211T163501,20210618T123111,126.8307,118,A4,-0.023594,0.451160,0
20210211T163501,20210618T123111,126.8307,119,A4,0.585670,0.484151,0
20210211T163501,20210618T123111,126.8307,120,A4,0.275277,0.109677,0
20210211T163501,20210618T123111,126.8307,121,A4,0.409538,0.121751,0
20210211T163501,20210618T123111,126.8307,122,A4,-0.238108,0.848128,1
20210211T163501,20210618T123111,126.8307,123,A4,0.222925,0.285277,1
20210211T163501,20210618T123111,126.8307,124,A4,0.251299,0.247608,1
20210211T163501,20210618T123111,126.8307,125,A4,0.625682,0.166796,0
20210211T163501,20210618T123111,126.8307,126,A4,0.460611,0.022689,1
20210211T163501,20210618T123111,126.8307,127,A4,-0.231273,0.550929,0
20210211T163501,20210618T123111,126.8307,128,A4,-0.285261,0.328185,0
20210211T163501,20210618T123111,126.8307,129,A5,-0.171811,1.446521,0
20210211T163501,20210618T123111,126.8307,130,A5,-0.007677,1.111913,0
20210211T163501,20210618T123111,126.8307,131,A5,-0.012808,0.650674,1
20210211T163501,20210618T123111,126.8307,132,A5,0.069124,0.588309,1
20210211T163501,20210618T123111,126.8307,133,A5,0.150035,0.018365,1
20210211T163501,20210618T123111,126.8307,134,A5,-0.286732,0.000000,1
20210211T163501,20210618T123111,126.8307,135,A5,0.021822,0.124118,1
20210211T163501,20210618T123111,126.8307,136,A5,0.638823,0.443539,1
20210211T163501,20210618T123111,126.8307,137,A5,-0.342042,1.149148,0
20210211T163501,20210618T123111,126.8307,138,A5,0.086369,0.000000,1
20210211T163501,20210618T123111,126.8307,139,A5,-0.130036,0.018919,1
20210211T163501,20210618T123111,126.8307,140,A5,-0.214966,0.989315,1
20210211T163501,20210618T123111,126.8307,141,A5,0.330446,0.876130,0
20210211T163501,20210618T123111,126.8307,142,A5,-0.093801,1.871664,0
20210211T163501,20210618T123111,126.8307,143,A5,-0.345320,0.701282,1
20210211T163501,20210618T123111,126.8307,144,A5,0.250303,0.132192,1
20210211T163501,20210618T123111,126.8307,145,A5,0.050839,1.802777,0
20210211T163501,20210618T123111,126.8307,146,A5,-0.288996,0.988789,0
20210211T163501,20210618T123111,126.8307,147,A5,0.203328,0.524391,0
20210211T163501,20210618T123111,126.8307,148,A5,-0.024078,1.220281,0
20210211T163501,20210618T123111,126.8307,149,A5,0.255310,0.778086,1
20210211T163501,20210618T123111,126.8307,150,A5,-0.012760,1.069184,0
20210211T163501,20210618T123111,126.8307,151,A5,-0.042612,0.621708,1
20210211T163501,20210618T123111,126.8307,152,A5,-0.075648,0.917362,1
20210211T163501,20210618T123111,126.8307,153,A5,-0.284642,1.459568,0
20210211T163501,20210618T123111,126.8307,154,A5,0.208337,1.177949,0
20210211T163501,20210618T123111,126.8307,155,A5,0.088858,1.006345,0
20210211T163501,20210618T123111,126.8307,156,A5,0.033253,0.111302,0
20210211T163501,20210618T123111,126.8307,157,A5,0.139330,0.954368,1
20210211T163501,20210618T123111,126.8307,158,A5,0.074667,0.926097,1
20210211T163501,20210618T123111,126.8307,159,A5,0.088688,0.938864,1
20210211T163501,20210618T123111,126.8307,160,A5,-0.008455,0.912170,1
20210211T163501,20210623T140144,131.8936,1,A1,0.011535,0.828624,1
20210211T163501,20210623T140144,131.8936,2,A1,0.305549,1.126655,0
20210211T163501,20210623T140144,131.8936,3,A1,0.121490,1.411413,0
20210211T163501,20210623T140144,131.8936,4,A1,-0.614714,1.311946,0
20210211T163501,20210623T140144,131.8936,5,A1,0.137316,0.000000,1
20210211T163501,20210623T140144,131.8936,6,A1,-0.163587,0.190616,1
20210211T163501,20210623T140144,131.8936,7,A1,-0.357930,0.491431,1
20210211T163501,20210623T140144,131.8936,8,A1,0.596321,0.000000,1
20210211T163501,20210623T140144,131.8936,9,A1,0.058193,1.196211,0
20210211T163501,20210623T140144,131.8936,10,A1,0.275303,1.252700,0
20210211T163501,20210623T140144,131.8936,11,A1,0.037851,0.179715,0
20210211T163501,20210623T140144,131.8936,12,A1,-0.610195,1.407850,0
20210211T163501,20210623T140144,131.8936,13,A1,-0.080996,0.329172,0
20210211T163501,20210623T140144,131.8936,14,A1,0.153044,0.795268,1
20210211T163501,20210623T140144,131.8936,15,A1,-0.122215,1.688083,0
20210211T163501,20210623T140144,131.8936,16,A1,-0.083831,1.203492,0
20210211T163501,20210623T140144,131.8936,17,A1,-0.184999,1.560710,0
20210211T163501,20210623T140144,131.8936,18,A1,0.193807,1.723036,0
20210211T163501,20210623T140144,131.8936,19,A1,0.377585,0.191586,1
20210211T163501,20210623T140144,131.8936,20,A1,-0.002500,0.317919,1
20210211T163501,20210623T140144,131.8936,21,A1,0.002442,1.341140,0
20210211T163501,20210623T140144,131.8936,22,A1,-0.093069,1.064116,0
20210211T163501,20210623T140144,131.8936,23,A1,0.114983,0.051386,1
20210211T163501,20210623T140144,131.8936,24,A1,0.065307,0.698978,0
20210211T163501,20210623T140144,131.8936,25,A1,-0.031908,1.858604,0
20210211T163501,20210623T140144,131.8936,26,A1,0.709738,0.311438,1
20210211T163501,20210623T140144,131.8936,27,A1,-0.232528,1.341690,0
20210211T163501,20210623T140144,131.8936,28,A1,-0.191385,1.218534,0
20210211T163501,20210623T140144,131.8936,29,A1,0.208934,0.000000,1
20210211T163501,20210623T140144,131.8936,30,A1,0.237367,0.670407,0
20210211T163501,20210623T140144,131.8936,31,A1,0.114999,0.457052,1
20210211T163501,20210623T140144,131.8936,32,A1,-0.705358,1.272534,0
20210211T163501,20210623T140144,131.8936,33,A2,0.058256,0.251524,1
20210211T163501,20210623T140144,131.8936,34,A2,0.150394,1.535072,0
20210211T163501,20210623T140144,131.8936,35,A2,-0.201683,0.095968,1
20210211T163501,20210623T140144,131.8936,36,A2,0.245233,0.304242,0
20210211T163501,20210623T140144,131.8936,37,A2,0.277454,0.134078,1
20210211T163501,20210623T140144,131.8936,38,A2,-0.133718,0.934892,1
20210211T163501,20210623T140144,131.8936,39,A2,0.549877,0.593412,1
20210211T163501,20210623T140144,131.8936,40,A2,0.137487,0.000000,1
20210211T163501,20210623T140144,131.8936,41,A2,-0.045676,0.999475,1
20210211T163501,20210623T140144,131.8936,42,A2,-0.083448,0.431145,0
20210211T163501,20210623T140144,131.8936,43,A2,0.187315,2.000000,0
20210211T163501,20210623T140144,131.8936,44,A2,0.094625,0.501692,0
20210211T163501,20210623T140144,131.8936,45,A2,0.256662,0.094854,1
20210211T163501,20210623T140144,131.8936,46,A2,-0.086700,2.000000,0
20210211T163501,20210623T140144,131.8936,47,A2,-0.144162,0.000000,1
20210211T163501,20210623T140144,131.8936,48,A2,-0.339610,2.000000,0
20210211T163501,20210623T140144,131.8936,49,A2,-0.490841,1.499728,0
20210211T163501,20210623T140144,131.8936,50,A2,-0.350529,0.240619,1
20210211T163501,20210623T140144,131.8936,51,A2,-0.356451,0.310732,1
20210211T163501,20210623T140144,131.8936,52,A2,0.403189,1.061611,0
20210211T163501,20210623T140144,131.8936,53,A2,0.087587,0.307632,1
20210211T163501,20210623T140144,131.8936,54,A2,-0.587635,1.031337,0
20210211T163501,20210623T140144,131.8936,55,A2,0.316582,0.188880,0
20210211T163501,20210623T140144,131.8936,56,A2,-0.001431,0.114263,1
20210211T163501,20210623T140144,131.8936,57,A2,-0.258840,1.724977,0
20210211T163501,20210623T140144,131.8936,58,A2,-0.022232,0.729930,1
20210211T163501,20210623T140144,131.8936,59,A2,0.115117,1.112071,0
20210211T163501,20210623T140144,131.8936,60,A2,0.218872,0.314644,1
20210211T163501,20210623T140144,131.8936,61,A2,0.177153,0.735617,1
20210211T163501,20210623T140144,131.8936,62,A2,0.082132,0.360189,1
20210211T163501,20210623T140144,131.8936,63,A2,0.133261,0.638395,1
20210211T163501,20210623T140144,131.8936,64,A2,0.143428,0.269745,1
20210211T163501,20210623T140144,131.8936,65,A3,-0.147774,1.031524,0
20210211T163501,20210623T140144,131.8936,66,A3,-0.001153,0.872795,1
20210211T163501,20210623T140144,131.8936,67,A3,-0.407216,1.691660,0
20210211T163501,20210623T140144,131.8936,68,A3,-0.151949,0.302174,1
20210211T163501,20210623T140144,131.8936,69,A3,-0.080228,0.161454,1
20210211T163501,20210623T140144,131.8936,70,A3,-0.144063,0.321842,0
20210211T163501,20210623T140144,131.8936,71,A3,0.127538,0.266145,1
20210211T163501,20210623T140144,131.8936,72,A3,0.153623,1.028205,0
20210211T163501,20210623T140144,131.8936,73,A3,0.150064,0.082940,1
20210211T163501,20210623T140144,131.8936,74,A3,-0.147359,0.276211,0
20210211T163501,20210623T140144,131.8936,75,A3,-0.138192,0.351495,1
20210211T163501,20210623T140144,131.8936,76,A3,0.161979,0.318016,1
20210211T163501,20210623T140144,131.8936,77,A3,-0.251514,0.063340,1
20210211T163501,20210623T140144,131.8936,78,A3,0.037480,0.120286,1
20210211T163501,20210623T140144,131.8936,79,A3,0.272585,0.286096,1
20210211T163501,20210623T140144,131.8936,80,A3,0.069119,0.207991,0
20210211T163501,20210623T140144,131.8936,81,A3,0.324519,0.200776,1
20210211T163501,20210623T140144,131.8936,82,A3,0.329843,0.568740,0
20210211T163501,20210623T140144,131.8936,83,A3,0.500815,0.885654,1
20210211T163501,20210623T140144,131.8936,84,A3,-0.185084,0.316686,1
20210211T163501,20210623T140144,131.8936,85,A3,0.348664,0.074597,1
20210211T163501,20210623T140144,131.8936,86,A3,0.181418,0.168552,0
20210211T163501,20210623T140144,131.8936,87,A3,-0.118529,0.688223,0
20210211T163501,20210623T140144,131.8936,88,A3,-0.046870,1.047178,0
20210211T163501,20210623T140144,131.8936,89,A3,0.337210,0.374282,0
20210211T163501,20210623T140144,131.8936,90,A3,0.172265,2.000000,0
20210211T163501,20210623T140144,131.8936,91,A3,-0.246550,0.356868,0
20210211T163501,20210623T140144,131.8936,92,A3,0.055842,0.142147,1
20210211T163501,20210623T140144,131.8936,93,A3,0.358869,0.823967,0
20210211T163501,20210623T140144,131.8936,94,A3,-0.108134,0.026994,1
20210211T163501,20210623T140144,131.8936,95,A3,0.272679,1.195156,0
20210211T163501,20210623T140144,131.8936,96,A3,-0.083108,0.416722,0
20210211T163501,20210623T140144,131.8936,97,A4,-0.058426,0.906206,0
20210211T163501,20210623T140144,131.8936,98,A4,0.128059,0.837879,1
20210211T163501,20210623T140144,131.8936,99,A4,-0.332643,0.704277,0
20210211T163501,20210623T140144,131.8936,100,A4,0.574823,0.651177,1
20210211T163501,20210623T140144,131.8936,101,A4,-0.177149,1.749650,0
20210211T163501,20210623T140144,131.8936,102,A4,0.285545,0.890017,0
20210211T163501,20210623T140144,131.8936,103,A4,-0.211133,0.157516,1
20210211T163501,20210623T140144,131.8936,104,A4,0.217002,0.813352,1
20210211T163501,20210623T140144,131.8936,105,A4,0.060365,0.407440,1
20210211T163501,20210623T140144,131.8936,106,A4,0.036931,0.684454,0
20210211T163501,20210623T140144,131.8936,107,A4,-0.553698,0.812139,1
20210211T163501,20210623T140144,131.8936,108,A4,-0.005368,0.079648,1
20210211T163501,20210623T140144,131.8936,109,A4,-0.198662,0.460382,0
20210211T163501,20210623T140144,131.8936,110,A4,0.100145,0.161563,0
20210211T163501,20210623T140144,131.8936,111,A4,-0.085947,0.248495,1
20210211T163501,20210623T140144,131.8936,112,A4,-0.068735,0.003074,1
20210211T163501,20210623T140144,131.8936,113,A4,0.495420,0.398062,1
20210211T163501,20210623T140144,131.8936,114,A4,-0.200449,0.061046,1
20210211T163501,20210623T140144,131.8936,115,A4,0.193361,0.903226,1
20210211T163501,20210623T140144,131.8936,116,A4,-0.136849,1.301334,0
20210211T163501,20210623T140144,131.8936,117,A4,-0.119200,0.401104,0
20210211T163501,20210623T140144,131.8936,118,A4,0.100212,0.395138,0
20210211T163501,20210623T140144,131.8936,119,A4,0.267616,0.636525,0
20210211T163501,20210623T140144,131.8936,120,A4,-0.054995,0.905611,1
20210211T163501,20210623T140144,131.8936,121,A4,-0.234288,0.144059,0
20210211T163501,20210623T140144,131.8936,122,A4,0.086191,1.151872,0
20210211T163501,20210623T140144,131.8936,123,A4,0.116546,0.132105,1
20210211T163501,20210623T140144,131.8936,124,A4,-0.013516,0.125680,1
20210211T163501,20210623T140144,131.8936,125,A4,-0.140886,0.262695,0
20210211T163501,20210623T140144,131.8936,126,A4,-0.239045,0.043797,1
20210211T163501,20210623T140144,131.8936,127,A4,-0.445708,1.360577,0
20210211T163501,20210623T140144,131.8936,128,A4,-0.283676,0.608017,1
20210211T163501,20210623T140144,131.8936,129,A5,-0.224633,0.324710,1
20210211T163501,20210623T140144,131.8936,130,A5,-0.271391,0.735974,1
20210211T163501,20210623T140144,131.8936,131,A5,-0.096327,1.032946,0
20210211T163501,20210623T140144,131.8936,132,A5,-0.024740,0.945988,1
20210211T163501,20210623T140144,131.8936,133,A5,0.117150,0.561873,0
20210211T163501,20210623T140144,131.8936,134,A5,-0.007488,2.000000,0
20210211T163501,20210623T140144,131.8936,135,A5,-0.170190,0.758236,0
20210211T163501,20210623T140144,131.8936,136,A5,0.530952,0.666615,1
20210211T163501,20210623T140144,131.8936,137,A5,0.009045,0.091568,1
20210211T163501,20210623T140144,131.8936,138,A5,-0.086634,1.631080,0
20210211T163501,20210623T140144,131.8936,139,A5,0.009180,0.241155,0
20210211T163501,20210623T140144,131.8936,140,A5,0.010334,0.277885,1
20210211T163501,20210623T140144,131.8936,141,A5,0.304271,0.463140,0
20210211T163501,20210623T140144,131.8936,142,A5,-0.297213,0.965123,0
20210211T163501,20210623T140144,131.8936,143,A5,-0.257737,0.478404,0
20210211T163501,20210623T140144,131.8936,144,A5,-0.296184,0.660310,0
20210211T163501,20210623T140144,131.8936,145,A5,-0.058930,0.592503,1
20210211T163501,20210623T140144,131.8936,146,A5,0.057903,0.517753,1
20210211T163501,20210623T140144,131.8936,147,A5,0.288792,0.340317,0
20210211T163501,20210623T140144,131.8936,148,A5,0.220379,0.091343,1
20210211T163501,20210623T140144,131.8936,149,A5,-0.324893,0.488103,0
20210211T163501,20210623T140144,131.8936,150,A5,-0.003485,0.414156,0
20210211T163501,20210623T140144,131.8936,151,A5,0.118293,0.975267,0
20210211T163501,20210623T140144,131.8936,152,A5,0.182981,0.420309,0
20210211T163501,20210623T140144,131.8936,153,A5,0.265645,0.132760,1
20210211T163501,20210623T140144,131.8936,154,A5,-0.077509,0.104695,1
20210211T163501,20210623T140144,131.8936,155,A5,0.199807,0.466618,0
20210211T163501,20210623T140144,131.8936,156,A5,0.337097,0.378348,1
20210211T163501,20210623T140144,131.8936,157,A5,-0.300018,0.005515,1
20210211T163501,20210623T140144,131.8936,158,A5,-0.057882,0.210321,0
20210211T163501,20210623T140144,131.8936,159,A5,0.184951,0.017402,1
20210211T163501,20210623T140144,131.8936,160,A5,-0.075586,0.760064,0
20210211T163501,20210625T141512,133.9029,1,A1,-0.068276,0.216994,1
20210211T163501,20210625T141512,133.9029,2,A1,0.688888,1.265591,0
20210211T163501,20210625T141512,133.9029,3,A1,0.297140,1.231967,0
20210211T163501,20210625T141512,133.9029,4,A1,-0.656698,1.311946,0
20210211T163501,20210625T141512,133.9029,5,A1,0.196304,0.141115,1
20210211T163501,20210625T141512,133.9029,6,A1,0.276277,0.205446,1
20210211T163501,20210625T141512,133.9029,7,A1,0.414051,0.071571,1
20210211T163501,20210625T141512,133.9029,8,A1,0.564938,0.000000,1
20210211T163501,20210625T141512,133.9029,9,A1,-0.100133,0.634030,1
20210211T163501,20210625T141512,133.9029,10,A1,0.178912,1.023490,0
20210211T163501,20210625T141512,133.9029,11,A1,0.097762,1.013112,0
20210211T163501,20210625T141512,133.9029,12,A1,-0.676098,1.407850,0
20210211T163501,20210625T141512,133.9029,13,A1,-0.366854,0.770043,0
20210211T163501,20210625T141512,133.9029,14,A1,0.061696,1.092843,0
20210211T163501,20210625T141512,133.9029,15,A1,0.212374,1.277702,0
20210211T163501,20210625T141512,133.9029,16,A1,0.027194,2.000000,0
20210211T163501,20210625T141512,133.9029,17,A1,-0.158464,1.395743,0
20210211T163501,20210625T141512,133.9029,18,A1,-0.012080,0.848313,0
20210211T163501,20210625T141512,133.9029,19,A1,0.478599,0.728619,1
20210211T163501,20210625T141512,133.9029,20,A1,0.013485,0.308856,1
20210211T163501,20210625T141512,133.9029,21,A1,-0.147537,1.906102,0
20210211T163501,20210625T141512,133.9029,22,A1,-0.326229,2.000000,0
20210211T163501,20210625T141512,133.9029,23,A1,-0.155224,0.354236,0
20210211T163501,20210625T141512,133.9029,24,A1,0.188851,0.617160,0
20210211T163501,20210625T141512,133.9029,25,A1,-0.102897,1.858604,0
20210211T163501,20210625T141512,133.9029,26,A1,-0.047672,0.646607,1
20210211T163501,20210625T141512,133.9029,27,A1,-0.115453,0.650779,1
20210211T163501,20210625T141512,133.9029,28,A1,-0.215558,1.502143,0
20210211T163501,20210625T141512,133.9029,29,A1,0.510718,0.695525,1
20210211T163501,20210625T141512,133.9029,30,A1,-0.000939,0.087452,1
20210211T163501,20210625T141512,133.9029,31,A1,0.071445,0.918033,1
20210211T163501,20210625T141512,133.9029,32,A1,-0.711899,1.272534,0
20210211T163501,20210625T141512,133.9029,33,A2,-0.003476,0.439886,1
20210211T163501,20210625T141512,133.9029,34,A2,-0.091915,1.801491,0
20210211T163501,20210625T141512,133.9029,35,A2,-0.136382,0.254800,0
20210211T163501,20210625T141512,133.9029,36,A2,0.451975,0.255180,0
20210211T163501,20210625T141512,133.9029,37,A2,0.081318,0.611881,1
20210211T163501,20210625T141512,133.9029,38,A2,0.217850,0.000000,1
20210211T163501,20210625T141512,133.9029,39,A2,0.179950,0.048195,1
20210211T163501,20210625T141512,133.9029,40,A2,0.114915,2.000000,0
20210211T163501,20210625T141512,133.9029,41,A2,0.101037,1.270200,0
20210211T163501,20210625T141512,133.9029,42,A2,-0.382223,1.309583,0
20210211T163501,20210625T141512,133.9029,43,A2,-0.039320,1.008994,0
20210211T163501,20210625T141512,133.9029,44,A2,0.128656,0.730479,1
20210211T163501,20210625T141512,133.9029,45,A2,0.201098,0.595672,1
20210211T163501,20210625T141512,133.9029,46,A2,-0.017771,2.000000,0
20210211T163501,20210625T141512,133.9029,47,A2,0.250784,0.000000,1
20210211T163501,20210625T141512,133.9029,48,A2,-0.220375,0.999258,1
20210211T163501,20210625T141512,133.9029,49,A2,-0.484979,1.499728,0
20210211T163501,20210625T141512,133.9029,50,A2,-0.026969,0.620677,1
20210211T163501,20210625T141512,133.9029,51,A2,0.183840,0.310732,1
20210211T163501,20210625T141512,133.9029,52,A2,0.145197,0.471408,0
20210211T163501,20210625T141512,133.9029,53,A2,0.086983,0.254417,1
20210211T163501,20210625T141512,133.9029,54,A2,-0.494874,1.126952,0
20210211T163501,20210625T141512,133.9029,55,A2,0.378906,0.596002,0
20210211T163501,20210625T141512,133.9029,56,A2,0.048633,0.008440,1
20210211T163501,20210625T141512,133.9029,57,A2,0.281223,2.000000,0
20210211T163501,20210625T141512,133.9029,58,A2,0.064369,1.270070,0
20210211T163501,20210625T141512,133.9029,59,A2,-0.073677,1.112071,0
20210211T163501,20210625T141512,133.9029,60,A2,0.097254,0.213598,0
20210211T163501,20210625T141512,133.9029,61,A2,-0.101450,0.442547,0
20210211T163501,20210625T141512,133.9029,62,A2,0.019492,0.073657,1
20210211T163501,20210625T141512,133.9029,63,A2,0.061341,0.638395,1
20210211T163501,20210625T141512,133.9029,64,A2,0.159653,0.794165,1
20210211T163501,20210625T141512,133.9029,65,A3,0.237747,0.669588,1
20210211T163501,20210625T141512,133.9029,66,A3,0.162526,0.681373,1
20210211T163501,20210625T141512,133.9029,67,A3,-0.247084,1.691660,0
20210211T163501,20210625T141512,133.9029,68,A3,0.293959,0.618634,0
20210211T163501,20210625T141512,133.9029,69,A3,-0.002093,0.051932,1
20210211T163501,20210625T141512,133.9029,70,A3,-0.067338,0.259358,0
20210211T163501,20210625T141512,133.9029,71,A3,-0.012901,1.285646,0
20210211T163501,20210625T141512,133.9029,72,A3,0.199017,2.000000,0
20210211T163501,20210625T141512,133.9029,73,A3,0.123600,0.526556,0
20210211T163501,20210625T141512,133.9029,74,A3,-0.283985,1.229208,0
20210211T163501,20210625T141512,133.9029,75,A3,0.064097,0.745378,1
20210211T163501,20210625T141512,133.9029,76,A3,0.096640,1.100775,0
20210211T163501,20210625T141512,133.9029,77,A3,-0.053694,0.391931,0
20210211T163501,20210625T141512,133.9029,78,A3,0.087093,0.228573,0
20210211T163501,20210625T141512,133.9029,79,A3,0.052408,0.998427,0
20210211T163501,20210625T141512,133.9029,80,A3,-0.139133,0.518300,0
20210211T163501,20210625T141512,133.9029,81,A3,-0.206452,0.197107,0
20210211T163501,20210625T141512,133.9029,82,A3,0.047299,0.882695,0
20210211T163501,20210625T141512,133.9029,83,A3,0.199792,0.085857,1
20210211T163501,20210625T141512,133.9029,84,A3,0.038853,0.318613,1
20210211T163501,20210625T141512,133.9029,85,A3,0.181130,0.150576,1
20210211T163501,20210625T141512,133.9029,86,A3,-0.081435,0.216918,0
20210211T163501,20210625T141512,133.9029,87,A3,-0.041117,0.652563,0
20210211T163501,20210625T141512,133.9029,88,A3,0.193083,1.962962,0
20210211T163501,20210625T141512,133.9029,89,A3,-0.106696,0.325320,1
20210211T163501,20210625T141512,133.9029,90,A3,0.172079,0.969804,1
20210211T163501,20210625T141512,133.9029,91,A3,-0.126554,0.889160,1
20210211T163501,20210625T141512,133.9029,92,A3,0.233373,0.120034,0
20210211T163501,20210625T141512,133.9029,93,A3,0.093333,1.332506,0
20210211T163501,20210625T141512,133.9029,94,A3,0.054097,1.107126,0
20210211T163501,20210625T141512,133.9029,95,A3,-0.145215,1.233093,0
20210211T163501,20210625T141512,133.9029,96,A3,-0.260593,1.100753,0
20210211T163501,20210625T141512,133.9029,97,A4,-0.247343,1.271215,0
20210211T163501,20210625T141512,133.9029,98,A4,-0.297724,1.095103,0
20210211T163501,20210625T141512,133.9029,99,A4,-0.073988,0.813696,0
20210211T163501,20210625T141512,133.9029,100,A4,0.174060,0.299552,1
20210211T163501,20210625T141512,133.9029,101,A4,0.405439,0.182451,1
20210211T163501,20210625T141512,133.9029,102,A4,0.176150,1.612868,0
20210211T163501,20210625T141512,133.9029,103,A4,-0.091157,0.438966,1
20210211T163501,20210625T141512,133.9029,104,A4,0.327042,1.819423,0
20210211T163501,20210625T141512,133.9029,105,A4,0.009717,0.867866,0
20210211T163501,20210625T141512,133.9029,106,A4,-0.316745,0.082258,1
20210211T163501,20210625T141512,133.9029,107,A4,0.190715,1.187861,0
20210211T163501,20210625T141512,133.9029,108,A4,0.160387,0.691875,1
20210211T163501,20210625T141512,133.9029,109,A4,-0.118134,0.856345,0
20210211T163501,20210625T141512,133.9029,110,A4,0.379070,0.330001,0
20210211T163501,20210625T141512,133.9029,111,A4,-0.122919,0.247777,0
20210211T163501,20210625T141512,133.9029,112,A4,0.185961,0.858968,1
20210211T163501,20210625T141512,133.9029,113,A4,0.407879,0.454837,1
20210211T163501,20210625T141512,133.9029,114,A4,0.332322,0.288345,0
20210211T163501,20210625T141512,133.9029,115,A4,0.085781,0.959693,1
20210211T163501,20210625T141512,133.9029,116,A4,-0.046214,0.898725,0
20210211T163501,20210625T141512,133.9029,117,A4,-0.027367,0.344722,0
20210211T163501,20210625T141512,133.9029,118,A4,0.195397,0.333580,0
20210211T163501,20210625T141512,133.9029,119,A4,0.297393,0.707184,0
20210211T163501,20210625T141512,133.9029,120,A4,-0.073364,1.089336,0
20210211T163501,20210625T141512,133.9029,121,A4,-0.144499,0.117416,0
20210211T163501,20210625T141512,133.9029,122,A4,0.094624,0.529316,0
20210211T163501,20210625T141512,133.9029,123,A4,0.320494,0.853923,1
20210211T163501,20210625T141512,133.9029,124,A4,0.124291,0.926129,0
20210211T163501,20210625T141512,133.9029,125,A4,-0.051907,1.160793,0
20210211T163501,20210625T141512,133.9029,126,A4,0.009881,0.717665,0
20210211T163501,20210625T141512,133.9029,127,A4,0.037118,1.360577,0
20210211T163501,20210625T141512,133.9029,128,A4,0.295574,0.323436,1
20210211T163501,20210625T141512,133.9029,129,A5,0.443046,1.727184,0
20210211T163501,20210625T141512,133.9029,130,A5,0.030078,0.297146,0
20210211T163501,20210625T141512,133.9029,131,A5,0.169449,1.349326,0
20210211T163501,20210625T141512,133.9029,132,A5,-0.217748,2.000000,0
20210211T163501,20210625T141512,133.9029,133,A5,-0.095522,0.798639,0
20210211T163501,20210625T141512,133.9029,134,A5,-0.238569,2.000000,0
20210211T163501,20210625T141512,133.9029,135,A5,-0.240941,1.150462,0
20210211T163501,20210625T141512,133.9029,136,A5,0.354840,0.995714,0
20210211T163501,20210625T141512,133.9029,137,A5,-0.029370,0.060041,1
20210211T163501,20210625T141512,133.9029,138,A5,-0.052282,1.680597,0
20210211T163501,20210625T141512,133.9029,139,A5,-0.025308,0.376922,0
20210211T163501,20210625T141512,133.9029,140,A5,0.053105,0.543106,0
20210211T163501,20210625T141512,133.9029,141,A5,0.223062,0.084414,1
20210211T163501,20210625T141512,133.9029,142,A5,0.130467,0.128336,1
20210211T163501,20210625T141512,133.9029,143,A5,0.063890,0.361599,0
20210211T163501,20210625T141512,133.9029,144,A5,0.040009,0.640600,1
20210211T163501,20210625T141512,133.9029,145,A5,-0.012800,0.687549,1
20210211T163501,20210625T141512,133.9029,146,A5,0.206339,0.381628,1
20210211T163501,20210625T141512,133.9029,147,A5,0.123353,0.675427,1
20210211T163501,20210625T141512,133.9029,148,A5,0.090140,0.212127,1
20210211T163501,20210625T141512,133.9029,149,A5,-0.133913,1.221914,0
20210211T163501,20210625T141512,133.9029,150,A5,0.090988,0.321277,1
20210211T163501,20210625T141512,133.9029,151,A5,0.333282,1.358147,0
20210211T163501,20210625T141512,133.9029,152,A5,0.248779,0.189945,0
20210211T163501,20210625T141512,133.9029,153,A5,-0.008430,0.285490,1
20210211T163501,20210625T141512,133.9029,154,A5,0.117255,0.822051,1
20210211T163501,20210625T141512,133.9029,155,A5,-0.068231,0.993655,1
20210211T163501,20210625T141512,133.9029,156,A5,0.094660,0.907120,1
20210211T163501,20210625T141512,133.9029,157,A5,-0.229083,1.045632,0
20210211T163501,20210625T141512,133.9029,158,A5,0.203233,1.073903,0
20210211T163501,20210625T141512,133.9029,159,A5,0.409741,1.061136,0
20210211T163501,20210625T141512,133.9029,160,A5,0.284137,0.747733,0
20210212T153711,20210218T131636,5.9024,1,A1,0.083135,0.029932,1
20210212T153711,20210218T131636,5.9024,2,A1,0.635045,0.000000,1
20210212T153711,20210218T131636,5.9024,3,A1,-0.233535,1.662950,0
20210212T153711,20210218T131636,5.9024,4,A1,0.187818,0.098356,1
20210212T153711,20210218T131636,5.9024,5,A1,-0.210590,0.493792,1
20210212T153711,20210218T131636,5.9024,6,A1,0.680415,1.289681,0
20210212T153711,20210218T131636,5.9024,7,A1,0.129952,0.421680,0
20210212T153711,20210218T131636,5.9024,8,A1,-0.185342,0.730383,1
20210212T153711,20210218T131636,5.9024,9,A1,0.435340,0.495351,0
20210212T153711,20210218T131636,5.9024,10,A1,0.736541,0.000000,1
20210212T153711,20210218T131636,5.9024,11,A1,0.216562,0.000000,1
20210212T153711,20210218T131636,5.9024,12,A1,0.689369,0.145294,1
20210212T153711,20210218T131636,5.9024,13,A1,0.150200,0.909813,1
20210212T153711,20210218T131636,5.9024,14,A1,0.081737,0.015692,1
20210212T153711,20210218T131636,5.9024,15,A1,-0.042969,0.762392,1
20210212T153711,20210218T131636,5.9024,16,A1,0.616629,0.385032,0
20210212T153711,20210218T131636,5.9024,17,A1,0.021274,1.432706,0
20210212T153711,20210218T131636,5.9024,18,A1,0.159909,0.678515,1
20210212T153711,20210218T131636,5.9024,19,A1,0.240163,0.022931,1
20210212T153711,20210218T131636,5.9024,20,A1,0.631049,0.313268,1
20210212T153711,20210218T131636,5.9024,21,A1,0.207231,0.621429,1
20210212T153711,20210218T131636,5.9024,22,A1,-0.039658,0.602439,0
20210212T153711,20210218T131636,5.9024,23,A1,-0.266162,0.857216,1
20210212T153711,20210218T131636,5.9024,24,A1,0.353018,0.050205,1
20210212T153711,20210218T131636,5.9024,25,A1,0.234120,0.287197,1
20210212T153711,20210218T131636,5.9024,26,A1,0.935125,0.000000,1
20210212T153711,20210218T131636,5.9024,27,A1,-0.035726,0.265271,1
20210212T153711,20210218T131636,5.9024,28,A1,0.636304,0.000000,1
20210212T153711,20210218T131636,5.9024,29,A1,0.525866,0.000000,1
20210212T153711,20210218T131636,5.9024,30,A1,-0.151531,0.374025,0
20210212T153711,20210218T131636,5.9024,31,A1,0.067290,0.348358,0
20210212T153711,20210218T131636,5.9024,32,A1,0.733760,0.162447,1
20210212T153711,20210218T131636,5.9024,33,A2,0.043061,0.047536,1
20210212T153711,20210218T131636,5.9024,34,A2,0.427190,0.438421,0
20210212T153711,20210218T131636,5.9024,35,A2,-0.063082,0.028125,1
20210212T153711,20210218T131636,5.9024,36,A2,0.307971,1.090262,0
20210212T153711,20210218T131636,5.9024,37,A2,0.047189,0.462581,1
20210212T153711,20210218T131636,5.9024,38,A2,0.260806,0.895689,1
20210212T153711,20210218T131636,5.9024,39,A2,0.725516,0.254431,0
20210212T153711,20210218T131636,5.9024,40,A2,0.067763,1.221217,0
20210212T153711,20210218T131636,5.9024,41,A2,0.508839,0.788889,1
20210212T153711,20210218T131636,5.9024,42,A2,-0.095175,0.439353,0
20210212T153711,20210218T131636,5.9024,43,A2,-0.061667,0.141572,1
20210212T153711,20210218T131636,5.9024,44,A2,0.183394,0.626224,1
20210212T153711,20210218T131636,5.9024,45,A2,-0.183760,0.910727,1
20210212T153711,20210218T131636,5.9024,46,A2,-0.173655,1.016120,0
20210212T153711,20210218T131636,5.9024,47,A2,-0.202630,0.148159,0
20210212T153711,20210218T131636,5.9024,48,A2,-0.021990,1.227799,0
20210212T153711,20210218T131636,5.9024,49,A2,0.641481,0.242349,1
20210212T153711,20210218T131636,5.9024,50,A2,-0.044845,1.432311,0
20210212T153711,20210218T131636,5.9024,51,A2,-0.087553,0.988245,1
20210212T153711,20210218T131636,5.9024,52,A2,0.512490,0.609626,1
20210212T153711,20210218T131636,5.9024,53,A2,-0.019599,0.767691,1
20210212T153711,20210218T131636,5.9024,54,A2,0.322037,0.470209,1
20210212T153711,20210218T131636,5.9024,55,A2,0.842675,0.161909,0
20210212T153711,20210218T131636,5.9024,56,A2,0.252081,0.355469,1
20210212T153711,20210218T131636,5.9024,57,A2,0.392760,1.243139,0
20210212T153711,20210218T131636,5.9024,58,A2,0.027693,0.916003,1
20210212T153711,20210218T131636,5.9024,59,A2,0.149687,0.916652,0
20210212T153711,20210218T131636,5.9024,60,A2,-0.026485,0.973783,0
20210212T153711,20210218T131636,5.9024,61,A2,-0.349192,0.579650,1
20210212T153711,20210218T131636,5.9024,62,A2,0.163814,0.999642,1
20210212T153711,20210218T131636,5.9024,63,A2,-0.110179,0.319589,1
20210212T153711,20210218T131636,5.9024,64,A2,-0.133993,0.452688,1
20210212T153711,20210218T131636,5.9024,65,A3,-0.453951,1.154004,0
20210212T153711,20210218T131636,5.9024,66,A3,-0.011520,0.163522,1
20210212T153711,20210218T131636,5.9024,67,A3,0.090676,1.168843,0
20210212T153711,20210218T131636,5.9024,68,A3,0.126723,2.000000,0
20210212T153711,20210218T131636,5.9024,69,A3,0.098935,0.161982,1
20210212T153711,20210218T131636,5.9024,70,A3,0.286351,1.422865,0
20210212T153711,20210218T131636,5.9024,71,A3,-0.047593,2.000000,0
20210212T153711,20210218T131636,5.9024,72,A3,-0.167505,1.297603,0
20210212T153711,20210218T131636,5.9024,73,A3,-0.167665,0.219830,1
20210212T153711,20210218T131636,5.9024,74,A3,0.059889,0.471839,1
20210212T153711,20210218T131636,5.9024,75,A3,-0.201782,0.498141,1
20210212T153711,20210218T131636,5.9024,76,A3,-0.297315,0.662548,0
20210212T153711,20210218T131636,5.9024,77,A3,0.871601,0.000000,1
20210212T153711,20210218T131636,5.9024,78,A3,0.136107,0.404104,1
20210212T153711,20210218T131636,5.9024,79,A3,0.241368,0.864767,1
20210212T153711,20210218T131636,5.9024,80,A3,0.012551,0.082945,1
20210212T153711,20210218T131636,5.9024,81,A3,-0.120375,0.668602,0
20210212T153711,20210218T131636,5.9024,82,A3,0.216919,0.220535,1
20210212T153711,20210218T131636,5.9024,83,A3,0.139112,1.034683,0
20210212T153711,20210218T131636,5.9024,84,A3,0.496612,0.642404,1
20210212T153711,20210218T131636,5.9024,85,A3,-0.156477,0.918792,1
20210212T153711,20210218T131636,5.9024,86,A3,-0.288106,0.229347,1
20210212T153711,20210218T131636,5.9024,87,A3,0.135824,1.589311,0
20210212T153711,20210218T131636,5.9024,88,A3,0.327060,0.999253,1
20210212T153711,20210218T131636,5.9024,89,A3,0.199859,0.698888,0
20210212T153711,20210218T131636,5.9024,90,A3,-0.208168,0.212887,1
20210212T153711,20210218T131636,5.9024,91,A3,-0.000173,0.962874,1
20210212T153711,20210218T131636,5.9024,92,A3,-0.132019,1.190313,0
20210212T153711,20210218T131636,5.9024,93,A3,0.473939,0.135999,1
20210212T153711,20210218T131636,5.9024,94,A3,-0.278042,2.000000,0
20210212T153711,20210218T131636,5.9024,95,A3,0.021359,1.309183,0
20210212T153711,20210218T131636,5.9024,96,A3,-0.148706,0.010510,1
20210212T153711,20210218T131636,5.9024,97,A4,0.704551,0.032142,1
20210212T153711,20210218T131636,5.9024,98,A4,0.685646,0.076830,1
20210212T153711,20210218T131636,5.9024,99,A4,0.872530,0.066260,1
20210212T153711,20210218T131636,5.9024,100,A4,0.759333,0.000000,1
20210212T153711,20210218T131636,5.9024,101,A4,0.951230,0.076646,1
20210212T153711,20210218T131636,5.9024,102,A4,0.836563,0.226419,1
20210212T153711,20210218T131636,5.9024,103,A4,0.813986,0.027042,1
20210212T153711,20210218T131636,5.9024,104,A4,0.867294,0.014184,1
20210212T153711,20210218T131636,5.9024,105,A4,0.426404,0.264938,1
20210212T153711,20210218T131636,5.9024,106,A4,0.264718,0.675680,0
20210212T153711,20210218T131636,5.9024,107,A4,0.141081,0.097291,1
20210212T153711,20210218T131636,5.9024,108,A4,0.090315,0.000000,1
20210212T153711,20210218T131636,5.9024,109,A4,0.059945,0.598541,0
20210212T153711,20210218T131636,5.9024,110,A4,0.039039,0.035030,0
20210212T153711,20210218T131636,5.9024,111,A4,0.560127,0.096442,1
20210212T153711,20210218T131636,5.9024,112,A4,0.517929,0.205521,1
20210212T153711,20210218T131636,5.9024,113,A4,0.840775,0.139412,1
20210212T153711,20210218T131636,5.9024,114,A4,0.494379,0.198106,0
20210212T153711,20210218T131636,5.9024,115,A4,0.850456,0.000000,1
20210212T153711,20210218T131636,5.9024,116,A4,0.846426,0.053131,1
20210212T153711,20210218T131636,5.9024,117,A4,0.834595,0.215377,1
20210212T153711,20210218T131636,5.9024,118,A4,0.772913,0.077287,1
20210212T153711,20210218T131636,5.9024,119,A4,0.776819,0.105064,1
20210212T153711,20210218T131636,5.9024,120,A4,0.451072,0.116470,1
20210212T153711,20210218T131636,5.9024,121,A4,-0.054240,0.038445,0
20210212T153711,20210218T131636,5.9024,122,A4,0.632907,0.013579,1
20210212T153711,20210218T131636,5.9024,123,A4,0.769461,0.269485,1
20210212T153711,20210218T131636,5.9024,124,A4,0.271347,0.538862,0
20210212T153711,20210218T131636,5.9024,125,A4,0.578147,0.021063,1
20210212T153711,20210218T131636,5.9024,126,A4,0.780497,0.024550,1
20210212T153711,20210218T131636,5.9024,127,A4,0.388685,0.028570,1
20210212T153711,20210218T131636,5.9024,128,A4,0.543065,0.264859,1
20210212T153711,20210218T131636,5.9024,129,A5,0.284339,0.212520,1
20210212T153711,20210218T131636,5.9024,130,A5,-0.097055,0.604693,0
20210212T153711,20210218T131636,5.9024,131,A5,0.278223,0.133263,1
20210212T153711,20210218T131636,5.9024,132,A5,0.642179,0.100945,1
20210212T153711,20210218T131636,5.9024,133,A5,0.527032,0.162975,1
20210212T153711,20210218T131636,5.9024,134,A5,0.339916,0.000000,1
20210212T153711,20210218T131636,5.9024,135,A5,0.165912,0.784121,0
20210212T153711,20210218T131636,5.9024,136,A5,0.802290,0.000000,1
20210212T153711,20210218T131636,5.9024,137,A5,0.041640,0.357822,0
20210212T153711,20210218T131636,5.9024,138,A5,0.263200,0.224603,1
20210212T153711,20210218T131636,5.9024,139,A5,0.143702,0.260873,1
20210212T153711,20210218T131636,5.9024,140,A5,0.228437,1.343134,0
20210212T153711,20210218T131636,5.9024,141,A5,0.409013,0.176500,0
20210212T153711,20210218T131636,5.9024,142,A5,0.271549,0.116811,1
20210212T153711,20210218T131636,5.9024,143,A5,-0.013498,0.187053,1
20210212T153711,20210218T131636,5.9024,144,A5,-0.007453,0.618884,1
20210212T153711,20210218T131636,5.9024,145,A5,0.054357,1.045445,0
20210212T153711,20210218T131636,5.9024,146,A5,0.210554,0.850833,0
20210212T153711,20210218T131636,5.9024,147,A5,0.412792,0.978723,0
20210212T153711,20210218T131636,5.9024,148,A5,0.009370,0.457144,1
20210212T153711,20210218T131636,5.9024,149,A5,0.631369,0.431739,1
20210212T153711,20210218T131636,5.9024,150,A5,0.163071,0.341352,0
20210212T153711,20210218T131636,5.9024,151,A5,0.297995,0.245081,1
20210212T153711,20210218T131636,5.9024,152,A5,0.251984,0.012636,1
20210212T153711,20210218T131636,5.9024,153,A5,0.212327,0.046233,1
20210212T153711,20210218T131636,5.9024,154,A5,0.484270,0.013101,1
20210212T153711,20210218T131636,5.9024,155,A5,0.278536,0.131896,0
20210212T153711,20210218T131636,5.9024,156,A5,-0.033840,0.594112,1
20210212T153711,20210218T131636,5.9024,157,A5,-0.028275,0.470771,0
20210212T153711,20210218T131636,5.9024,158,A5,0.203459,0.612035,1
20210212T153711,20210218T131636,5.9024,159,A5,0.371924,0.160190,1
20210212T153711,20210218T131636,5.9024,160,A5,0.202392,0.193213,1
20210212T153711,20210219T145809,6.9729,1,A1,0.005408,0.084595,1
20210212T153711,20210219T145809,6.9729,2,A1,0.718931,0.000000,1
20210212T153711,20210219T145809,6.9729,3,A1,-0.269082,1.761237,0
20210212T153711,20210219T145809,6.9729,4,A1,0.114107,0.258645,1
20210212T153711,20210219T145809,6.9729,5,A1,-0.433452,0.270245,1
20210212T153711,20210219T145809,6.9729,6,A1,0.576655,0.214118,1
20210212T153711,20210219T145809,6.9729,7,A1,0.228625,0.726276,1
20210212T153711,20210219T145809,6.9729,8,A1,0.301772,0.345647,1
20210212T153711,20210219T145809,6.9729,9,A1,0.355595,0.348204,0
20210212T153711,20210219T145809,6.9729,10,A1,0.682720,0.000000,1
20210212T153711,20210219T145809,6.9729,11,A1,-0.025728,0.000000,1
20210212T153711,20210219T145809,6.9729,12,A1,0.575873,0.150352,1
20210212T153711,20210219T145809,6.9729,13,A1,0.469567,0.499039,1
20210212T153711,20210219T145809,6.9729,14,A1,0.169608,0.099020,0
20210212T153711,20210219T145809,6.9729,15,A1,0.017370,0.762392,1
20210212T153711,20210219T145809,6.9729,16,A1,0.572605,0.448237,0
20210212T153711,20210219T145809,6.9729,17,A1,0.107901,1.076187,0
20210212T153711,20210219T145809,6.9729,18,A1,0.167449,0.538009,0
20210212T153711,20210219T145809,6.9729,19,A1,0.214991,0.608396,1
20210212T153711,20210219T145809,6.9729,20,A1,0.375747,0.290500,1
20210212T153711,20210219T145809,6.9729,21,A1,0.171519,0.644986,1
20210212T153711,20210219T145809,6.9729,22,A1,0.153375,0.237341,1
20210212T153711,20210219T145809,6.9729,23,A1,0.108962,1.532138,0
20210212T153711,20210219T145809,6.9729,24,A1,0.350774,0.063945,1
20210212T153711,20210219T145809,6.9729,25,A1,0.037754,0.389012,1
20210212T153711,20210219T145809,6.9729,26,A1,0.964946,0.000000,1
20210212T153711,20210219T145809,6.9729,27,A1,-0.026375,0.214078,1
20210212T153711,20210219T145809,6.9729,28,A1,0.659248,0.000000,1
20210212T153711,20210219T145809,6.9729,29,A1,0.414428,1.234608,0
20210212T153711,20210219T145809,6.9729,30,A1,0.083684,1.153396,0
20210212T153711,20210219T145809,6.9729,31,A1,-0.023691,0.105060,1
20210212T153711,20210219T145809,6.9729,32,A1,0.502909,0.191855,1
20210212T153711,20210219T145809,6.9729,33,A2,0.342220,0.344595,1
20210212T153711,20210219T145809,6.9729,34,A2,-0.062665,0.258974,0
20210212T153711,20210219T145809,6.9729,35,A2,-0.006552,0.088837,0
20210212T153711,20210219T145809,6.9729,36,A2,0.261117,0.153913,0
20210212T153711,20210219T145809,6.9729,37,A2,0.050677,0.471238,1
20210212T153711,20210219T145809,6.9729,38,A2,0.425230,0.926510,1
20210212T153711,20210219T145809,6.9729,39,A2,0.834451,0.191749,0
20210212T153711,20210219T145809,6.9729,40,A2,-0.152348,1.574870,0
20210212T153711,20210219T145809,6.9729,41,A2,0.340407,0.957289,1
20210212T153711,20210219T145809,6.9729,42,A2,0.138769,0.065015,1
20210212T153711,20210219T145809,6.9729,43,A2,-0.039799,1.011449,0
20210212T153711,20210219T145809,6.9729,44,A2,-0.111998,0.622993,0
20210212T153711,20210219T145809,6.9729,45,A2,0.005187,0.993971,1
20210212T153711,20210219T145809,6.9729,46,A2,0.093335,0.667071,1
20210212T153711,20210219T145809,6.9729,47,A2,0.154843,0.016232,1
20210212T153711,20210219T145809,6.9729,48,A2,-0.002446,0.896379,0
20210212T153711,20210219T145809,6.9729,49,A2,0.757410,0.149851,1
20210212T153711,20210219T145809,6.9729,50,A2,-0.021852,0.899744,1
20210212T153711,20210219T145809,6.9729,51,A2,-0.064297,1.194307,0
20210212T153711,20210219T145809,6.9729,52,A2,0.412240,0.025620,1
20210212T153711,20210219T145809,6.9729,53,A2,0.220707,0.287141,0
20210212T153711,20210219T145809,6.9729,54,A2,0.293419,0.030409,1
20210212T153711,20210219T145809,6.9729,55,A2,0.744324,0.170174,0
20210212T153711,20210219T145809,6.9729,56,A2,0.425155,0.349734,1
20210212T153711,20210219T145809,6.9729,57,A2,0.607453,0.917539,0
20210212T153711,20210219T145809,6.9729,58,A2,-0.058334,0.774772,0
20210212T153711,20210219T145809,6.9729,59,A2,0.114434,0.281186,0
20210212T153711,20210219T145809,6.9729,60,A2,0.434571,0.672834,0
20210212T153711,20210219T145809,6.9729,61,A2,-0.317053,0.875723,0
20210212T153711,20210219T145809,6.9729,62,A2,-0.191771,0.852669,1
20210212T153711,20210219T145809,6.9729,63,A2,0.160542,0.319589,1
20210212T153711,20210219T145809,6.9729,64,A2,0.004461,0.720338,0
20210212T153711,20210219T145809,6.9729,65,A3,0.171489,0.373923,1
20210212T153711,20210219T145809,6.9729,66,A3,-0.030597,0.777255,1
20210212T153711,20210219T145809,6.9729,67,A3,-0.282290,1.028416,0
20210212T153711,20210219T145809,6.9729,68,A3,0.299633,0.993881,1
20210212T153711,20210219T145809,6.9729,69,A3,-0.198120,0.231024,1
20210212T153711,20210219T145809,6.9729,70,A3,-0.207618,1.005071,0
20210212T153711,20210219T145809,6.9729,71,A3,0.145944,0.728282,1
20210212T153711,20210219T145809,6.9729,72,A3,-0.193429,0.343440,1
20210212T153711,20210219T145809,6.9729,73,A3,0.178888,0.988078,1
20210212T153711,20210219T145809,6.9729,74,A3,-0.036208,0.403394,1
20210212T153711,20210219T145809,6.9729,75,A3,-0.298468,1.053613,0
20210212T153711,20210219T145809,6.9729,76,A3,0.038506,0.495411,0
20210212T153711,20210219T145809,6.9729,77,A3,0.681489,0.361984,1
20210212T153711,20210219T145809,6.9729,78,A3,-0.043689,0.264717,1
20210212T153711,20210219T145809,6.9729,79,A3,0.088585,0.756968,1
20210212T153711,20210219T145809,6.9729,80,A3,0.114992,0.064972,1
20210212T153711,20210219T145809,6.9729,81,A3,-0.046194,0.038031,1
20210212T153711,20210219T145809,6.9729,82,A3,0.193167,0.695310,1
20210212T153711,20210219T145809,6.9729,83,A3,0.000489,1.045718,0
20210212T153711,20210219T145809,6.9729,84,A3,0.113214,0.441413,0
20210212T153711,20210219T145809,6.9729,85,A3,-0.189364,1.181060,0
20210212T153711,20210219T145809,6.9729,86,A3,-0.073009,0.909503,0
20210212T153711,20210219T145809,6.9729,87,A3,-0.090735,1.052010,0
20210212T153711,20210219T145809,6.9729,88,A3,-0.003881,1.798994,0
20210212T153711,20210219T145809,6.9729,89,A3,-0.001069,0.532102,0
20210212T153711,20210219T145809,6.9729,90,A3,0.230137,0.003642,1
20210212T153711,20210219T145809,6.9729,91,A3,0.041825,1.130851,0
20210212T153711,20210219T145809,6.9729,92,A3,0.097315,0.985321,1
20210212T153711,20210219T145809,6.9729,93,A3,0.506879,0.182845,1
20210212T153711,20210219T145809,6.9729,94,A3,0.146833,0.854335,1
20210212T153711,20210219T145809,6.9729,95,A3,-0.178630,0.250562,1
20210212T153711,20210219T145809,6.9729,96,A3,0.115619,0.326168,1
20210212T153711,20210219T145809,6.9729,97,A4,0.545107,0.065948,1
20210212T153711,20210219T145809,6.9729,98,A4,0.633889,0.233778,1
20210212T153711,20210219T145809,6.9729,99,A4,0.809181,0.171430,1
20210212T153711,20210219T145809,6.9729,100,A4,0.674742,0.222398,1
20210212T153711,20210219T145809,6.9729,101,A4,0.904975,0.404217,1
20210212T153711,20210219T145809,6.9729,102,A4,0.768348,0.227780,1
20210212T153711,20210219T145809,6.9729,103,A4,0.780212,0.057299,1
20210212T153711,20210219T145809,6.9729,104,A4,0.910902,0.068937,1
20210212T153711,20210219T145809,6.9729,105,A4,0.378053,0.132043,1
20210212T153711,20210219T145809,6.9729,106,A4,-0.001486,0.436642,0
20210212T153711,20210219T145809,6.9729,107,A4,0.136042,0.163376,0
20210212T153711,20210219T145809,6.9729,108,A4,0.205951,0.897237,1
20210212T153711,20210219T145809,6.9729,109,A4,-0.232161,1.024481,0
20210212T153711,20210219T145809,6.9729,110,A4,0.109357,0.982290,1
20210212T153711,20210219T145809,6.9729,111,A4,0.516350,0.279797,0
20210212T153711,20210219T145809,6.9729,112,A4,0.429470,0.145771,1
20210212T153711,20210219T145809,6.9729,113,A4,0.849357,0.215158,1
20210212T153711,20210219T145809,6.9729,114,A4,0.185291,0.270764,0
20210212T153711,20210219T145809,6.9729,115,A4,0.889525,0.000000,1
20210212T153711,20210219T145809,6.9729,116,A4,0.858650,0.160871,1
20210212T153711,20210219T145809,6.9729,117,A4,0.735310,0.265590,1
20210212T153711,20210219T145809,6.9729,118,A4,0.674964,0.198561,1
20210212T153711,20210219T145809,6.9729,119,A4,0.611488,0.500169,1
20210212T153711,20210219T145809,6.9729,120,A4,0.780170,0.011226,1
20210212T153711,20210219T145809,6.9729,121,A4,0.340431,0.096253,0
20210212T153711,20210219T145809,6.9729,122,A4,0.782091,0.021735,1
20210212T153711,20210219T145809,6.9729,123,A4,0.585051,0.312112,0
20210212T153711,20210219T145809,6.9729,124,A4,0.278528,0.496361,0
20210212T153711,20210219T145809,6.9729,125,A4,0.730335,0.079938,0
20210212T153711,20210219T145809,6.9729,126,A4,0.645645,0.067300,1
20210212T153711,20210219T145809,6.9729,127,A4,0.438146,0.076455,1
20210212T153711,20210219T145809,6.9729,128,A4,0.278668,0.365707,1
20210212T153711,20210219T145809,6.9729,129,A5,0.388318,0.523922,1
20210212T153711,20210219T145809,6.9729,130,A5,0.163107,0.091165,0
20210212T153711,20210219T145809,6.9729,131,A5,0.351908,0.000000,1
20210212T153711,20210219T145809,6.9729,132,A5,0.468870,0.697208,1
20210212T153711,20210219T145809,6.9729,133,A5,0.273055,0.570707,1
20210212T153711,20210219T145809,6.9729,134,A5,0.123782,0.000000,1
20210212T153711,20210219T145809,6.9729,135,A5,0.295491,0.767442,0
20210212T153711,20210219T145809,6.9729,136,A5,0.811054,0.069213,1
20210212T153711,20210219T145809,6.9729,137,A5,0.269124,0.454705,0
20210212T153711,20210219T145809,6.9729,138,A5,-0.132347,0.365666,0
20210212T153711,20210219T145809,6.9729,139,A5,-0.121691,0.031297,1
20210212T153711,20210219T145809,6.9729,140,A5,0.112435,0.040957,1
20210212T153711,20210219T145809,6.9729,141,A5,0.354789,0.529572,0
20210212T153711,20210219T145809,6.9729,142,A5,-0.055815,0.002755,1
20210212T153711,20210219T145809,6.9729,143,A5,-0.092613,0.358854,0
20210212T153711,20210219T145809,6.9729,144,A5,-0.024010,0.116765,1
20210212T153711,20210219T145809,6.9729,145,A5,0.300512,0.795955,0
20210212T153711,20210219T145809,6.9729,146,A5,0.324978,0.132003,1
20210212T153711,20210219T145809,6.9729,147,A5,0.116263,0.145906,1
20210212T153711,20210219T145809,6.9729,148,A5,0.149037,0.742108,0
20210212T153711,20210219T145809,6.9729,149,A5,0.585352,0.258012,1
20210212T153711,20210219T145809,6.9729,150,A5,0.358309,0.315673,1
20210212T153711,20210219T145809,6.9729,151,A5,0.090476,0.522333,0
20210212T153711,20210219T145809,6.9729,152,A5,0.359574,0.319938,0
20210212T153711,20210219T145809,6.9729,153,A5,0.284202,0.011786,1
20210212T153711,20210219T145809,6.9729,154,A5,0.298629,0.400519,0
20210212T153711,20210219T145809,6.9729,155,A5,0.015745,0.733609,0
20210212T153711,20210219T145809,6.9729,156,A5,0.014091,0.635688,0
20210212T153711,20210219T145809,6.9729,157,A5,0.102913,0.282872,1
20210212T153711,20210219T145809,6.9729,158,A5,0.233267,0.411152,0
20210212T153711,20210219T145809,6.9729,159,A5,0.220104,0.505877,0
20210212T153711,20210219T145809,6.9729,160,A5,0.338111,0.045456,1
20210212T153711,20210610T132106,117.9055,1,A1,-0.177199,0.911747,0
20210212T153711,20210610T132106,117.9055,2,A1,0.222737,2.000000,0
20210212T153711,20210610T132106,117.9055,3,A1,0.269194,0.738578,1
20210212T153711,20210610T132106,117.9055,4,A1,-0.165742,0.796531,0
20210212T153711,20210610T132106,117.9055,5,A1,-0.361093,0.669728,1
20210212T153711,20210610T132106,117.9055,6,A1,0.201287,0.345672,1
20210212T153711,20210610T132106,117.9055,7,A1,0.163921,0.726276,1
20210212T153711,20210610T132106,117.9055,8,A1,0.331082,0.243721,1
20210212T153711,20210610T132106,117.9055,9,A1,0.206054,0.494531,0
20210212T153711,20210610T132106,117.9055,10,A1,-0.220327,1.532155,0
20210212T153711,20210610T132106,117.9055,11,A1,0.084391,2.000000,0
20210212T153711,20210610T132106,117.9055,12,A1,-0.218310,0.890059,0
20210212T153711,20210610T132106,117.9055,13,A1,0.039507,0.668118,0
20210212T153711,20210610T132106,117.9055,14,A1,-0.164437,0.690370,0
20210212T153711,20210610T132106,117.9055,15,A1,-0.069408,1.237608,0
20210212T153711,20210610T132106,117.9055,16,A1,0.243846,0.488943,0
20210212T153711,20210610T132106,117.9055,17,A1,-0.376419,1.281480,0
20210212T153711,20210610T132106,117.9055,18,A1,0.045125,0.094314,1
20210212T153711,20210610T132106,117.9055,19,A1,0.164114,0.357526,1
20210212T153711,20210610T132106,117.9055,20,A1,-0.468876,0.411778,1
20210212T153711,20210610T132106,117.9055,21,A1,-0.039106,1.109069,0
20210212T153711,20210610T132106,117.9055,22,A1,0.040707,0.818851,0
20210212T153711,20210610T132106,117.9055,23,A1,-0.073475,2.000000,0
20210212T153711,20210610T132106,117.9055,24,A1,0.225454,0.788626,1
20210212T153711,20210610T132106,117.9055,25,A1,0.064786,0.203520,1
20210212T153711,20210610T132106,117.9055,26,A1,0.721344,0.000000,1
20210212T153711,20210610T132106,117.9055,27,A1,0.223748,1.384241,0
20210212T153711,20210610T132106,117.9055,28,A1,0.215513,0.688962,1
20210212T153711,20210610T132106,117.9055,29,A1,0.323885,0.000000,1
20210212T153711,20210610T132106,117.9055,30,A1,0.105794,0.291535,1
20210212T153711,20210610T132106,117.9055,31,A1,0.227435,0.210626,1
20210212T153711,20210610T132106,117.9055,32,A1,-0.552956,1.287243,0
20210212T153711,20210610T132106,117.9055,33,A2,0.016633,0.526072,1
20210212T153711,20210610T132106,117.9055,34,A2,-0.127016,0.716495,1
20210212T153711,20210610T132106,117.9055,35,A2,-0.092054,0.047907,0
20210212T153711,20210610T132106,117.9055,36,A2,0.050425,0.058845,1
20210212T153711,20210610T132106,117.9055,37,A2,0.090406,1.010098,0
20210212T153711,20210610T132106,117.9055,38,A2,-0.061542,1.155941,0
20210212T153711,20210610T132106,117.9055,39,A2,0.477505,0.052850,1
20210212T153711,20210610T132106,117.9055,40,A2,0.014575,0.730085,1
20210212T153711,20210610T132106,117.9055,41,A2,0.244920,0.871724,1
20210212T153711,20210610T132106,117.9055,42,A2,-0.004228,0.884566,0
20210212T153711,20210610T132106,117.9055,43,A2,-0.207782,1.117899,0
20210212T153711,20210610T132106,117.9055,44,A2,-0.054702,0.386623,0
20210212T153711,20210610T132106,117.9055,45,A2,0.000144,0.797913,1
20210212T153711,20210610T132106,117.9055,46,A2,-0.175334,2.000000,0
20210212T153711,20210610T132106,117.9055,47,A2,0.053865,0.441763,0
20210212T153711,20210610T132106,117.9055,48,A2,0.099252,1.785231,0
20210212T153711,20210610T132106,117.9055,49,A2,-0.328575,1.816692,0
20210212T153711,20210610T132106,117.9055,50,A2,0.167917,0.010743,1
20210212T153711,20210610T132106,117.9055,51,A2,0.312155,1.289332,0
20210212T153711,20210610T132106,117.9055,52,A2,-0.181311,0.060684,1
20210212T153711,20210610T132106,117.9055,53,A2,-0.049989,1.232309,0
20210212T153711,20210610T132106,117.9055,54,A2,0.164348,0.743073,0
20210212T153711,20210610T132106,117.9055,55,A2,0.496367,0.082976,1
20210212T153711,20210610T132106,117.9055,56,A2,0.340953,1.102678,0
20210212T153711,20210610T132106,117.9055,57,A2,0.281371,0.587637,1
20210212T153711,20210610T132106,117.9055,58,A2,0.159612,0.807519,1
20210212T153711,20210610T132106,117.9055,59,A2,-0.248265,0.229838,1
20210212T153711,20210610T132106,117.9055,60,A2,-0.105861,0.772042,0
20210212T153711,20210610T132106,117.9055,61,A2,0.197401,0.187763,1
20210212T153711,20210610T132106,117.9055,62,A2,0.030304,0.971377,1
20210212T153711,20210610T132106,117.9055,63,A2,0.039587,0.045273,1
20210212T153711,20210610T132106,117.9055,64,A2,0.045935,0.500528,1
20210212T153711,20210610T132106,117.9055,65,A3,0.040965,1.011103,0
20210212T153711,20210610T132106,117.9055,66,A3,0.083661,0.051721,1
20210212T153711,20210610T132106,117.9055,67,A3,-0.081018,1.346933,0
20210212T153711,20210610T132106,117.9055,68,A3,0.034437,1.163492,0
20210212T153711,20210610T132106,117.9055,69,A3,-0.088619,0.123040,1
20210212T153711,20210610T132106,117.9055,70,A3,0.270779,0.000000,1
20210212T153711,20210610T132106,117.9055,71,A3,0.059844,1.031938,0
20210212T153711,20210610T132106,117.9055,72,A3,0.274467,0.581513,1
20210212T153711,20210610T132106,117.9055,73,A3,-0.009544,0.945739,0
20210212T153711,20210610T132106,117.9055,74,A3,-0.052023,1.485727,0
20210212T153711,20210610T132106,117.9055,75,A3,0.106936,2.000000,0
20210212T153711,20210610T132106,117.9055,76,A3,-0.272895,0.659328,0
20210212T153711,20210610T132106,117.9055,77,A3,-0.029507,0.814824,1
20210212T153711,20210610T132106,117.9055,78,A3,0.290066,1.677088,0
20210212T153711,20210610T132106,117.9055,79,A3,0.015462,0.301750,1
20210212T153711,20210610T132106,117.9055,80,A3,0.138531,0.893921,1
20210212T153711,20210610T132106,117.9055,81,A3,0.253744,0.864493,0
20210212T153711,20210610T132106,117.9055,82,A3,0.190794,1.471487,0
20210212T153711,20210610T132106,117.9055,83,A3,-0.003114,0.558815,1
20210212T153711,20210610T132106,117.9055,84,A3,-0.310850,0.642404,1
20210212T153711,20210610T132106,117.9055,85,A3,-0.093350,1.017345,0
20210212T153711,20210610T132106,117.9055,86,A3,0.040232,1.770653,0
20210212T153711,20210610T132106,117.9055,87,A3,-0.255014,0.560646,1
20210212T153711,20210610T132106,117.9055,88,A3,0.248243,0.309079,1
20210212T153711,20210610T132106,117.9055,89,A3,0.180115,0.085144,1
20210212T153711,20210610T132106,117.9055,90,A3,-0.025551,0.164011,1
20210212T153711,20210610T132106,117.9055,91,A3,-0.162072,1.068841,0
20210212T153711,20210610T132106,117.9055,92,A3,0.102847,2.000000,0
20210212T153711,20210610T132106,117.9055,93,A3,-0.393397,1.353869,0
20210212T153711,20210610T132106,117.9055,94,A3,0.190815,1.766484,0
20210212T153711,20210610T132106,117.9055,95,A3,0.048910,0.690817,1
20210212T153711,20210610T132106,117.9055,96,A3,-0.211049,1.125606,0
20210212T153711,20210610T132106,117.9055,97,A4,0.606157,0.400401,1
20210212T153711,20210610T132106,117.9055,98,A4,0.646724,0.390709,0
20210212T153711,20210610T132106,117.9055,99,A4,0.574979,0.402490,1
20210212T153711,20210610T132106,117.9055,100,A4,0.507112,0.880772,1
20210212T153711,20210610T132106,117.9055,101,A4,0.516386,1.015757,0
20210212T153711,20210610T132106,117.9055,102,A4,0.671691,0.597933,1
20210212T153711,20210610T132106,117.9055,103,A4,-0.070886,0.107998,0
20210212T153711,20210610T132106,117.9055,104,A4,0.332421,0.971349,1
20210212T153711,20210610T132106,117.9055,105,A4,0.339641,0.322588,1
20210212T153711,20210610T132106,117.9055,106,A4,-0.043913,0.958595,0
20210212T153711,20210610T132106,117.9055,107,A4,0.602593,0.057710,1
20210212T153711,20210610T132106,117.9055,108,A4,0.092582,0.581611,1
20210212T153711,20210610T132106,117.9055,109,A4,0.247988,0.235088,0
20210212T153711,20210610T132106,117.9055,110,A4,-0.087618,0.214112,1
20210212T153711,20210610T132106,117.9055,111,A4,0.310088,0.038181,1
20210212T153711,20210610T132106,117.9055,112,A4,0.254837,0.296921,0
20210212T153711,20210610T132106,117.9055,113,A4,0.621705,0.286974,1
20210212T153711,20210610T132106,117.9055,114,A4,0.336392,0.285072,0
20210212T153711,20210610T132106,117.9055,115,A4,0.403598,0.973968,1
20210212T153711,20210610T132106,117.9055,116,A4,0.050380,0.530605,0
20210212T153711,20210610T132106,117.9055,117,A4,0.659481,0.374906,1
20210212T153711,20210610T132106,117.9055,118,A4,-0.388255,0.446554,0
20210212T153711,20210610T132106,117.9055,119,A4,-0.218348,1.041895,0
20210212T153711,20210610T132106,117.9055,120,A4,0.317200,0.231973,1
20210212T153711,20210610T132106,117.9055,121,A4,0.239918,0.048461,0
20210212T153711,20210610T132106,117.9055,122,A4,0.422741,0.222684,1
20210212T153711,20210610T132106,117.9055,123,A4,-0.449492,0.470361,0
20210212T153711,20210610T132106,117.9055,124,A4,0.432313,0.429337,0
20210212T153711,20210610T132106,117.9055,125,A4,-0.435569,0.225303,0
20210212T153711,20210610T132106,117.9055,126,A4,0.644585,0.078600,1
20210212T153711,20210610T132106,117.9055,127,A4,0.205378,0.073645,1
20210212T153711,20210610T132106,117.9055,128,A4,0.292086,0.589035,0
20210212T153711,20210610T132106,117.9055,129,A5,-0.030325,1.399301,0
20210212T153711,20210610T132106,117.9055,130,A5,-0.009517,0.344398,0
20210212T153711,20210610T132106,117.9055,131,A5,-0.095305,1.501074,0
20210212T153711,20210610T132106,117.9055,132,A5,0.399408,0.000000,1
20210212T153711,20210610T132106,117.9055,133,A5,0.310923,0.216856,1
20210212T153711,20210610T132106,117.9055,134,A5,0.215021,0.044854,1
20210212T153711,20210610T132106,117.9055,135,A5,0.303024,0.236745,1
20210212T153711,20210610T132106,117.9055,136,A5,0.704363,0.000000,1
20210212T153711,20210610T132106,117.9055,137,A5,0.190858,0.632074,0
20210212T153711,20210610T132106,117.9055,138,A5,0.107575,0.456434,1
20210212T153711,20210610T132106,117.9055,139,A5,-0.072911,0.199964,0
20210212T153711,20210610T132106,117.9055,140,A5,0.031475,0.520133,0
20210212T153711,20210610T132106,117.9055,141,A5,-0.023831,0.388986,0
20210212T153711,20210610T132106,117.9055,142,A5,0.406432,0.612615,0
20210212T153711,20210610T132106,117.9055,143,A5,-0.173708,0.850473,1
20210212T153711,20210610T132106,117.9055,144,A5,-0.056157,0.296654,1
20210212T153711,20210610T132106,117.9055,145,A5,-0.088370,0.119573,1
20210212T153711,20210610T132106,117.9055,146,A5,0.136596,0.589124,1
20210212T153711,20210610T132106,117.9055,147,A5,-0.043024,0.042114,1
20210212T153711,20210610T132106,117.9055,148,A5,0.072676,1.462168,0
20210212T153711,20210610T132106,117.9055,149,A5,0.092093,1.568261,0
20210212T153711,20210610T132106,117.9055,150,A5,-0.138028,0.673334,1
20210212T153711,20210610T132106,117.9055,151,A5,0.095574,0.329028,1
20210212T153711,20210610T132106,117.9055,152,A5,0.065801,0.101463,1
20210212T153711,20210610T132106,117.9055,153,A5,-0.008890,0.525926,0
20210212T153711,20210610T132106,117.9055,154,A5,-0.160474,0.268363,0
20210212T153711,20210610T132106,117.9055,155,A5,0.084889,0.202518,0
20210212T153711,20210610T132106,117.9055,156,A5,0.081026,0.485170,0
20210212T153711,20210610T132106,117.9055,157,A5,-0.109419,0.499462,0
20210212T153711,20210610T132106,117.9055,158,A5,0.106619,0.555640,0
20210212T153711,20210610T132106,117.9055,159,A5,0.223862,0.218503,1
20210212T153711,20210610T132106,117.9055,160,A5,0.066204,0.625003,1
20210212T153711,20210618T123111,125.8708,1,A1,0.123362,0.264659,1
20210212T153711,20210618T123111,125.8708,2,A1,0.434893,1.823206,0
20210212T153711,20210618T123111,125.8708,3,A1,-0.451045,1.341051,0
20210212T153711,20210618T123111,125.8708,4,A1,-0.194188,1.393185,0
20210212T153711,20210618T123111,125.8708,5,A1,-0.390637,0.957571,0
20210212T153711,20210618T123111,125.8708,6,A1,0.284027,0.710319,1
20210212T153711,20210618T123111,125.8708,7,A1,0.358173,0.333122,1
20210212T153711,20210618T123111,125.8708,8,A1,0.207730,0.000000,1
20210212T153711,20210618T123111,125.8708,9,A1,-0.273872,0.656399,1
20210212T153711,20210618T123111,125.8708,10,A1,-0.005470,0.578308,1
20210212T153711,20210618T123111,125.8708,11,A1,0.007781,1.790121,0
20210212T153711,20210618T123111,125.8708,12,A1,-0.448446,1.341529,0
20210212T153711,20210618T123111,125.8708,13,A1,0.125411,0.479086,0
20210212T153711,20210618T123111,125.8708,14,A1,-0.070571,1.026697,0
20210212T153711,20210618T123111,125.8708,15,A1,0.015088,0.269164,1
20210212T153711,20210618T123111,125.8708,16,A1,0.443811,0.305925,1
20210212T153711,20210618T123111,125.8708,17,A1,-0.293083,1.399626,0
20210212T153711,20210618T123111,125.8708,18,A1,0.056297,0.587833,0
20210212T153711,20210618T123111,125.8708,19,A1,0.108185,0.826941,1
20210212T153711,20210618T123111,125.8708,20,A1,-0.412495,0.240577,1
20210212T153711,20210618T123111,125.8708,21,A1,0.156984,0.918810,0
20210212T153711,20210618T123111,125.8708,22,A1,-0.027181,0.486828,1
20210212T153711,20210618T123111,125.8708,23,A1,0.259710,0.603609,1
20210212T153711,20210618T123111,125.8708,24,A1,0.316071,0.462257,1
20210212T153711,20210618T123111,125.8708,25,A1,-0.104427,0.123144,1
20210212T153711,20210618T123111,125.8708,26,A1,-0.334740,1.769151,0
20210212T153711,20210618T123111,125.8708,27,A1,-0.158211,1.384241,0
20210212T153711,20210618T123111,125.8708,28,A1,-0.128668,0.981642,1
20210212T153711,20210618T123111,125.8708,29,A1,0.318143,0.403683,1
20210212T153711,20210618T123111,125.8708,30,A1,-0.103459,0.074263,1
20210212T153711,20210618T123111,125.8708,31,A1,0.379526,1.307024,0
20210212T153711,20210618T123111,125.8708,32,A1,-0.561623,1.287243,0
20210212T153711,20210618T123111,125.8708,33,A2,0.268058,0.526072,1
20210212T153711,20210618T123111,125.8708,34,A2,-0.132533,0.208612,1
20210212T153711,20210618T123111,125.8708,35,A2,0.044481,0.255928,0
20210212T153711,20210618T123111,125.8708,36,A2,0.191099,0.087584,1
20210212T153711,20210618T123111,125.8708,37,A2,0.074938,0.384394,1
20210212T153711,20210618T123111,125.8708,38,A2,-0.106789,1.160858,0
20210212T153711,20210618T123111,125.8708,39,A2,0.371972,0.472944,0
20210212T153711,20210618T123111,125.8708,40,A2,0.027415,1.731594,0
20210212T153711,20210618T123111,125.8708,41,A2,0.013173,1.197246,0
20210212T153711,20210618T123111,125.8708,42,A2,0.280915,1.418734,0
20210212T153711,20210618T123111,125.8708,43,A2,-0.209751,1.304368,0
20210212T153711,20210618T123111,125.8708,44,A2,-0.192991,0.333199,1
20210212T153711,20210618T123111,125.8708,45,A2,0.427414,1.363534,0
20210212T153711,20210618T123111,125.8708,46,A2,-0.144308,1.200402,0
20210212T153711,20210618T123111,125.8708,47,A2,0.021777,0.964046,1
20210212T153711,20210618T123111,125.8708,48,A2,0.054344,0.869526,0
20210212T153711,20210618T123111,125.8708,49,A2,-0.329821,1.281518,0
20210212T153711,20210618T123111,125.8708,50,A2,-0.182124,1.307846,0
20210212T153711,20210618T123111,125.8708,51,A2,-0.124645,2.000000,0
20210212T153711,20210618T123111,125.8708,52,A2,-0.146167,0.229076,1
20210212T153711,20210618T123111,125.8708,53,A2,0.024011,1.232309,0
20210212T153711,20210618T123111,125.8708,54,A2,0.072454,0.502948,1
20210212T153711,20210618T123111,125.8708,55,A2,-0.119851,0.032640,1
20210212T153711,20210618T123111,125.8708,56,A2,0.140252,0.974904,1
20210212T153711,20210618T123111,125.8708,57,A2,-0.430242,0.208162,1
20210212T153711,20210618T123111,125.8708,58,A2,0.143206,0.158204,0
20210212T153711,20210618T123111,125.8708,59,A2,0.180364,0.432572,0
20210212T153711,20210618T123111,125.8708,60,A2,-0.085001,0.646388,1
20210212T153711,20210618T123111,125.8708,61,A2,0.183295,0.213607,1
20210212T153711,20210618T123111,125.8708,62,A2,0.000208,0.467350,1
20210212T153711,20210618T123111,125.8708,63,A2,-0.041030,0.083730,1
20210212T153711,20210618T123111,125.8708,64,A2,-0.004673,0.452688,1
20210212T153711,20210618T123111,125.8708,65,A3,0.099942,1.202258,0
20210212T153711,20210618T123111,125.8708,66,A3,-0.006989,0.601718,1
20210212T153711,20210618T123111,125.8708,67,A3,-0.236263,0.000000,1
20210212T153711,20210618T123111,125.8708,68,A3,0.175544,0.939198,1
20210212T153711,20210618T123111,125.8708,69,A3,0.058030,0.321218,1
20210212T153711,20210618T123111,125.8708,70,A3,0.238630,1.071874,0
20210212T153711,20210618T123111,125.8708,71,A3,-0.025496,0.914365,1
20210212T153711,20210618T123111,125.8708,72,A3,0.202155,0.767154,0
20210212T153711,20210618T123111,125.8708,73,A3,-0.046667,0.064584,1
20210212T153711,20210618T123111,125.8708,74,A3,-0.229068,0.528618,0
20210212T153711,20210618T123111,125.8708,75,A3,-0.354222,0.000000,1
20210212T153711,20210618T123111,125.8708,76,A3,0.260172,1.046038,0
20210212T153711,20210618T123111,125.8708,77,A3,-0.227038,0.771328,1
20210212T153711,20210618T123111,125.8708,78,A3,-0.048606,0.756976,0
20210212T153711,20210618T123111,125.8708,79,A3,0.171487,1.154015,0
20210212T153711,20210618T123111,125.8708,80,A3,-0.068677,1.106079,0
20210212T153711,20210618T123111,125.8708,81,A3,0.000307,0.321946,0
20210212T153711,20210618T123111,125.8708,82,A3,0.136929,0.220535,1
20210212T153711,20210618T123111,125.8708,83,A3,0.032083,2.000000,0
20210212T153711,20210618T123111,125.8708,84,A3,0.244835,0.236680,1
20210212T153711,20210618T123111,125.8708,85,A3,0.160227,0.747684,1
20210212T153711,20210618T123111,125.8708,86,A3,0.122454,0.763991,1
20210212T153711,20210618T123111,125.8708,87,A3,0.123744,0.911828,1
20210212T153711,20210618T123111,125.8708,88,A3,-0.070031,0.815091,1
20210212T153711,20210618T123111,125.8708,89,A3,0.123368,0.043523,1
20210212T153711,20210618T123111,125.8708,90,A3,-0.126056,0.734848,1
20210212T153711,20210618T123111,125.8708,91,A3,-0.097922,1.306502,0
20210212T153711,20210618T123111,125.8708,92,A3,0.147823,0.845965,1
20210212T153711,20210618T123111,125.8708,93,A3,-0.192906,0.631271,0
20210212T153711,20210618T123111,125.8708,94,A3,-0.068548,1.007344,0
20210212T153711,20210618T123111,125.8708,95,A3,-0.123355,0.376789,0
20210212T153711,20210618T123111,125.8708,96,A3,-0.044032,0.379634,0
20210212T153711,20210618T123111,125.8708,97,A4,0.372827,0.118188,1
20210212T153711,20210618T123111,125.8708,98,A4,0.244156,0.192787,1
20210212T153711,20210618T123111,125.8708,99,A4,0.673695,0.183659,1
20210212T153711,20210618T123111,125.8708,100,A4,-0.054295,1.096763,0
20210212T153711,20210618T123111,125.8708,101,A4,0.257928,0.595016,1
20210212T153711,20210618T123111,125.8708,102,A4,0.066222,1.090577,0
20210212T153711,20210618T123111,125.8708,103,A4,-0.403611,0.053683,1
20210212T153711,20210618T123111,125.8708,104,A4,0.546727,0.795038,1
20210212T153711,20210618T123111,125.8708,105,A4,-0.004523,0.347755,1
20210212T153711,20210618T123111,125.8708,106,A4,-0.100603,0.333298,1
20210212T153711,20210618T123111,125.8708,107,A4,-0.065041,0.634961,1
20210212T153711,20210618T123111,125.8708,108,A4,-0.016954,1.051719,0
20210212T153711,20210618T123111,125.8708,109,A4,0.162029,0.825073,1
20210212T153711,20210618T123111,125.8708,110,A4,0.095968,0.569627,0
20210212T153711,20210618T123111,125.8708,111,A4,-0.096000,0.067195,1
20210212T153711,20210618T123111,125.8708,112,A4,-0.162584,0.189029,1
20210212T153711,20210618T123111,125.8708,113,A4,0.629762,0.443315,1
20210212T153711,20210618T123111,125.8708,114,A4,0.496369,0.071318,1
20210212T153711,20210618T123111,125.8708,115,A4,0.746197,0.949896,1
20210212T153711,20210618T123111,125.8708,116,A4,0.492541,0.379130,1
20210212T153711,20210618T123111,125.8708,117,A4,0.164879,0.547861,0
20210212T153711,20210618T123111,125.8708,118,A4,-0.056550,0.560715,0
20210212T153711,20210618T123111,125.8708,119,A4,0.686846,0.995998,0
20210212T153711,20210618T123111,125.8708,120,A4,-0.096671,0.308067,0
20210212T153711,20210618T123111,125.8708,121,A4,0.671124,0.079284,0
20210212T153711,20210618T123111,125.8708,122,A4,0.003332,0.773871,1
20210212T153711,20210618T123111,125.8708,123,A4,0.271740,0.151682,1
20210212T153711,20210618T123111,125.8708,124,A4,0.321423,0.359121,1
20210212T153711,20210618T123111,125.8708,125,A4,0.598317,0.027132,0
20210212T153711,20210618T123111,125.8708,126,A4,0.412423,0.074214,1
20210212T153711,20210618T123111,125.8708,127,A4,-0.074520,0.534333,0
20210212T153711,20210618T123111,125.8708,128,A4,-0.134001,0.690580,0
20210212T153711,20210618T123111,125.8708,129,A5,-0.240965,1.506817,0
20210212T153711,20210618T123111,125.8708,130,A5,0.161425,0.952193,1
20210212T153711,20210618T123111,125.8708,131,A5,-0.081169,0.000000,1
20210212T153711,20210618T123111,125.8708,132,A5,-0.012006,0.588309,1
20210212T153711,20210618T123111,125.8708,133,A5,0.363353,0.616069,1
20210212T153711,20210618T123111,125.8708,134,A5,-0.274652,0.000000,1
20210212T153711,20210618T123111,125.8708,135,A5,0.126725,0.585100,1
20210212T153711,20210618T123111,125.8708,136,A5,0.602674,0.692095,1
20210212T153711,20210618T123111,125.8708,137,A5,-0.048859,1.335853,0
20210212T153711,20210618T123111,125.8708,138,A5,-0.082577,1.353352,0
20210212T153711,20210618T123111,125.8708,139,A5,-0.128317,0.048464,1
20210212T153711,20210618T123111,125.8708,140,A5,0.007788,0.656866,1
20210212T153711,20210618T123111,125.8708,141,A5,0.109588,0.552165,0
20210212T153711,20210618T123111,125.8708,142,A5,0.266125,0.831646,1
20210212T153711,20210618T123111,125.8708,143,A5,-0.307612,1.149527,0
20210212T153711,20210618T123111,125.8708,144,A5,0.092267,1.160472,0
20210212T153711,20210618T123111,125.8708,145,A5,-0.216669,1.553098,0
20210212T153711,20210618T123111,125.8708,146,A5,-0.248638,1.068260,0
20210212T153711,20210618T123111,125.8708,147,A5,0.453402,0.532715,0
20210212T153711,20210618T123111,125.8708,148,A5,-0.176798,0.537832,1
20210212T153711,20210618T123111,125.8708,149,A5,-0.046455,0.431739,1
20210212T153711,20210618T123111,125.8708,150,A5,0.236579,0.673334,1
20210212T153711,20210618T123111,125.8708,151,A5,0.090559,0.491150,1
20210212T153711,20210618T123111,125.8708,152,A5,0.094626,0.681219,1
20210212T153711,20210618T123111,125.8708,153,A5,0.105810,1.327800,0
20210212T153711,20210618T123111,125.8708,154,A5,0.041050,0.759633,1
20210212T153711,20210618T123111,125.8708,155,A5,0.043080,0.924617,1
20210212T153711,20210618T123111,125.8708,156,A5,-0.192128,0.387466,1
20210212T153711,20210618T123111,125.8708,157,A5,0.216236,1.319913,0
20210212T153711,20210618T123111,125.8708,158,A5,0.080336,1.387965,0
20210212T153711,20210618T123111,125.8708,159,A5,-0.146007,1.382437,0
20210212T153711,20210618T123111,125.8708,160,A5,0.002966,1.199207,0
20210212T153711,20210623T140144,130.9337,1,A1,0.269317,1.074816,0
20210212T153711,20210623T140144,130.9337,2,A1,0.116799,1.126655,0
20210212T153711,20210623T140144,130.9337,3,A1,0.275510,0.349824,1
20210212T153711,20210623T140144,130.9337,4,A1,-0.196640,1.393185,0
20210212T153711,20210623T140144,130.9337,5,A1,0.076378,0.669728,1
20210212T153711,20210623T140144,130.9337,6,A1,-0.333198,0.242983,1
20210212T153711,20210623T140144,130.9337,7,A1,-0.157357,0.163274,1
20210212T153711,20210623T140144,130.9337,8,A1,0.357926,0.000000,1
20210212T153711,20210623T140144,130.9337,9,A1,0.061802,0.039925,1
20210212T153711,20210623T140144,130.9337,10,A1,0.441025,1.252700,0
20210212T153711,20210623T140144,130.9337,11,A1,-0.195733,1.089100,0
20210212T153711,20210623T140144,130.9337,12,A1,-0.337255,1.341529,0
20210212T153711,20210623T140144,130.9337,13,A1,-0.110389,0.121800,0
20210212T153711,20210623T140144,130.9337,14,A1,0.127964,0.861414,1
20210212T153711,20210623T140144,130.9337,15,A1,0.171027,0.450475,1
20210212T153711,20210623T140144,130.9337,16,A1,0.226844,0.526172,0
20210212T153711,20210623T140144,130.9337,17,A1,-0.110012,2.000000,0
20210212T153711,20210623T140144,130.9337,18,A1,0.437233,1.321485,0
20210212T153711,20210623T140144,130.9337,19,A1,0.171308,0.425383,1
20210212T153711,20210623T140144,130.9337,20,A1,-0.376808,0.349030,1
20210212T153711,20210623T140144,130.9337,21,A1,0.127631,1.142801,0
20210212T153711,20210623T140144,130.9337,22,A1,-0.216195,0.571642,0
20210212T153711,20210623T140144,130.9337,23,A1,0.144368,1.306043,0
20210212T153711,20210623T140144,130.9337,24,A1,0.177107,0.610175,1
20210212T153711,20210623T140144,130.9337,25,A1,0.112989,0.453932,1
20210212T153711,20210623T140144,130.9337,26,A1,0.721429,0.311438,1
20210212T153711,20210623T140144,130.9337,27,A1,-0.039166,0.725931,0
20210212T153711,20210623T140144,130.9337,28,A1,-0.311227,1.218534,0
20210212T153711,20210623T140144,130.9337,29,A1,0.093097,0.000000,1
20210212T153711,20210623T140144,130.9337,30,A1,-0.231020,0.671768,0
20210212T153711,20210623T140144,130.9337,31,A1,0.309359,0.846043,0
20210212T153711,20210623T140144,130.9337,32,A1,-0.528804,1.287243,0
20210212T153711,20210623T140144,130.9337,33,A2,0.199969,0.007546,1
20210212T153711,20210623T140144,130.9337,34,A2,-0.140539,0.467282,1
20210212T153711,20210623T140144,130.9337,35,A2,-0.067883,0.209916,0
20210212T153711,20210623T140144,130.9337,36,A2,0.323653,0.251579,0
20210212T153711,20210623T140144,130.9337,37,A2,0.364928,0.361565,1
20210212T153711,20210623T140144,130.9337,38,A2,-0.041362,1.065108,0
20210212T153711,20210623T140144,130.9337,39,A2,0.594418,0.499804,1
20210212T153711,20210623T140144,130.9337,40,A2,-0.097616,2.000000,0
20210212T153711,20210623T140144,130.9337,41,A2,-0.056354,0.999475,1
20210212T153711,20210623T140144,130.9337,42,A2,-0.117511,0.540297,0
20210212T153711,20210623T140144,130.9337,43,A2,-0.018606,2.000000,0
20210212T153711,20210623T140144,130.9337,44,A2,-0.007355,0.141605,1
20210212T153711,20210623T140144,130.9337,45,A2,-0.022852,0.698427,1
20210212T153711,20210623T140144,130.9337,46,A2,0.003637,0.000000,1
20210212T153711,20210623T140144,130.9337,47,A2,-0.071852,0.964046,1
20210212T153711,20210623T140144,130.9337,48,A2,-0.016508,1.785231,0
20210212T153711,20210623T140144,130.9337,49,A2,-0.478042,2.000000,0
20210212T153711,20210623T140144,130.9337,50,A2,-0.050062,1.138704,0
20210212T153711,20210623T140144,130.9337,51,A2,0.073440,2.000000,0
20210212T153711,20210623T140144,130.9337,52,A2,0.484655,0.762677,1
20210212T153711,20210623T140144,130.9337,53,A2,0.083213,0.383341,0
20210212T153711,20210623T140144,130.9337,54,A2,-0.439864,0.713417,0
20210212T153711,20210623T140144,130.9337,55,A2,0.426104,0.284608,0
20210212T153711,20210623T140144,130.9337,56,A2,0.261052,0.697786,1
20210212T153711,20210623T140144,130.9337,57,A2,-0.132422,1.430555,0
20210212T153711,20210623T140144,130.9337,58,A2,-0.118322,0.916003,1
20210212T153711,20210623T140144,130.9337,59,A2,-0.046871,1.271373,0
20210212T153711,20210623T140144,130.9337,60,A2,-0.044305,1.080433,0
20210212T153711,20210623T140144,130.9337,61,A2,-0.046989,0.213607,1
20210212T153711,20210623T140144,130.9337,62,A2,-0.199010,0.693957,1
20210212T153711,20210623T140144,130.9337,63,A2,0.018675,0.319589,1
20210212T153711,20210623T140144,130.9337,64,A2,0.035921,0.071732,1
20210212T153711,20210623T140144,130.9337,65,A3,-0.042476,1.084529,0
20210212T153711,20210623T140144,130.9337,66,A3,-0.051508,0.095540,1
20210212T153711,20210623T140144,130.9337,67,A3,-0.180669,2.000000,0
20210212T153711,20210623T140144,130.9337,68,A3,-0.154885,0.591156,1
20210212T153711,20210623T140144,130.9337,69,A3,-0.145415,0.004613,1
20210212T153711,20210623T140144,130.9337,70,A3,0.081127,0.892473,1
20210212T153711,20210623T140144,130.9337,71,A3,-0.195748,1.019501,0
20210212T153711,20210623T140144,130.9337,72,A3,0.084876,0.732769,0
20210212T153711,20210623T140144,130.9337,73,A3,-0.101667,0.181224,0
20210212T153711,20210623T140144,130.9337,74,A3,0.041702,0.532730,0
20210212T153711,20210623T140144,130.9337,75,A3,0.191410,1.461771,0
20210212T153711,20210623T140144,130.9337,76,A3,-0.154014,0.038396,1
20210212T153711,20210623T140144,130.9337,77,A3,-0.441049,0.772547,1
20210212T153711,20210623T140144,130.9337,78,A3,0.128037,0.827792,0
20210212T153711,20210623T140144,130.9337,79,A3,-0.010756,0.588787,1
20210212T153711,20210623T140144,130.9337,80,A3,-0.146561,0.174627,0
20210212T153711,20210623T140144,130.9337,81,A3,0.111973,0.024461,1
20210212T153711,20210623T140144,130.9337,82,A3,0.180675,1.064822,0
20210212T153711,20210623T140144,130.9337,83,A3,0.294139,2.000000,0
20210212T153711,20210623T140144,130.9337,84,A3,0.151137,0.345033,1
20210212T153711,20210623T140144,130.9337,85,A3,0.122763,1.033531,0
20210212T153711,20210623T140144,130.9337,86,A3,0.146142,0.688261,1
20210212T153711,20210623T140144,130.9337,87,A3,-0.009421,0.843181,1
20210212T153711,20210623T140144,130.9337,88,A3,-0.014722,1.084216,0
20210212T153711,20210623T140144,130.9337,89,A3,0.006385,0.465101,1
20210212T153711,20210623T140144,130.9337,90,A3,0.183058,1.835989,0
20210212T153711,20210623T140144,130.9337,91,A3,0.271026,0.753972,1
20210212T153711,20210623T140144,130.9337,92,A3,-0.086428,0.853460,1
20210212T153711,20210623T140144,130.9337,93,A3,-0.142491,0.923525,0
20210212T153711,20210623T140144,130.9337,94,A3,0.094510,0.865880,1
20210212T153711,20210623T140144,130.9337,95,A3,0.133040,1.271246,0
20210212T153711,20210623T140144,130.9337,96,A3,0.112877,0.383527,0
20210212T153711,20210623T140144,130.9337,97,A4,0.078916,0.876628,0
20210212T153711,20210623T140144,130.9337,98,A4,-0.003884,0.630703,1
20210212T153711,20210623T140144,130.9337,99,A4,-0.252281,0.770954,0
20210212T153711,20210623T140144,130.9337,100,A4,0.410168,0.854200,1
20210212T153711,20210623T140144,130.9337,101,A4,-0.238211,1.983155,0
20210212T153711,20210623T140144,130.9337,102,A4,0.365853,0.992498,0
20210212T153711,20210623T140144,130.9337,103,A4,0.120427,0.119383,1
20210212T153711,20210623T140144,130.9337,104,A4,0.292581,0.979745,1
20210212T153711,20210623T140144,130.9337,105,A4,0.332627,0.300194,1
20210212T153711,20210623T140144,130.9337,106,A4,0.245614,0.604141,0
20210212T153711,20210623T140144,130.9337,107,A4,-0.245458,0.843225,1
20210212T153711,20210623T140144,130.9337,108,A4,0.123275,0.000000,1
20210212T153711,20210623T140144,130.9337,109,A4,-0.118097,0.108883,1
20210212T153711,20210623T140144,130.9337,110,A4,0.159155,0.005887,1
20210212T153711,20210623T140144,130.9337,111,A4,-0.187569,0.187686,1
20210212T153711,20210623T140144,130.9337,112,A4,-0.143470,0.077736,1
20210212T153711,20210623T140144,130.9337,113,A4,0.469856,0.477666,1
20210212T153711,20210623T140144,130.9337,114,A4,-0.119970,0.032901,1
20210212T153711,20210623T140144,130.9337,115,A4,0.280978,0.903226,1
20210212T153711,20210623T140144,130.9337,116,A4,-0.137027,1.453832,0
20210212T153711,20210623T140144,130.9337,117,A4,0.016098,0.531344,0
20210212T153711,20210623T140144,130.9337,118,A4,0.269568,0.504693,0
20210212T153711,20210623T140144,130.9337,119,A4,0.283745,1.148372,0
20210212T153711,20210623T140144,130.9337,120,A4,0.044401,0.707221,1
20210212T153711,20210623T140144,130.9337,121,A4,-0.102923,0.101593,0
20210212T153711,20210623T140144,130.9337,122,A4,-0.017956,1.226129,0
20210212T153711,20210623T140144,130.9337,123,A4,0.087430,0.265699,1
20210212T153711,20210623T140144,130.9337,124,A4,0.002136,0.237193,1
20210212T153711,20210623T140144,130.9337,125,A4,-0.005224,0.123030,0
20210212T153711,20210623T140144,130.9337,126,A4,-0.187865,0.007729,1
20210212T153711,20210623T140144,130.9337,127,A4,-0.259353,1.343981,0
20210212T153711,20210623T140144,130.9337,128,A4,-0.258440,0.245622,1
20210212T153711,20210623T140144,130.9337,129,A5,-0.066560,0.385006,1
20210212T153711,20210623T140144,130.9337,130,A5,-0.155330,0.895694,0
20210212T153711,20210623T140144,130.9337,131,A5,-0.085137,1.683620,0
20210212T153711,20210623T140144,130.9337,132,A5,-0.105161,0.945988,1
20210212T153711,20210623T140144,130.9337,133,A5,0.182928,1.196307,0
20210212T153711,20210623T140144,130.9337,134,A5,-0.074267,2.000000,0
20210212T153711,20210623T140144,130.9337,135,A5,0.189000,1.219218,0
20210212T153711,20210623T140144,130.9337,136,A5,0.397292,0.915171,1
20210212T153711,20210623T140144,130.9337,137,A5,0.208295,0.278272,1
20210212T153711,20210623T140144,130.9337,138,A5,-0.041318,0.277727,1
20210212T153711,20210623T140144,130.9337,139,A5,0.281899,0.173773,0
20210212T153711,20210623T140144,130.9337,140,A5,-0.001464,0.054565,1
20210212T153711,20210623T140144,130.9337,141,A5,0.390810,0.139176,0
20210212T153711,20210623T140144,130.9337,142,A5,0.465366,0.074894,1
20210212T153711,20210623T140144,130.9337,143,A5,-0.142510,0.030158,1
20210212T153711,20210623T140144,130.9337,144,A5,-0.028970,0.367970,1
20210212T153711,20210623T140144,130.9337,145,A5,0.106806,0.342825,1
20210212T153711,20210623T140144,130.9337,146,A5,0.118010,0.597223,1
20210212T153711,20210623T140144,130.9337,147,A5,0.129884,0.348642,0
20210212T153711,20210623T140144,130.9337,148,A5,0.022852,0.591106,0
20210212T153711,20210623T140144,130.9337,149,A5,-0.166792,0.834449,0
20210212T153711,20210623T140144,130.9337,150,A5,-0.013464,0.018306,1
20210212T153711,20210623T140144,130.9337,151,A5,0.057795,1.105824,0
20210212T153711,20210623T140144,130.9337,152,A5,0.296721,0.656452,0
20210212T153711,20210623T140144,130.9337,153,A5,0.196961,0.000992,1
20210212T153711,20210623T140144,130.9337,154,A5,-0.098600,0.313620,0
20210212T153711,20210623T140144,130.9337,155,A5,-0.015911,0.384889,1
20210212T153711,20210623T140144,130.9337,156,A5,-0.156278,0.877116,0
20210212T153711,20210623T140144,130.9337,157,A5,-0.378997,0.360029,0
20210212T153711,20210623T140144,130.9337,158,A5,-0.297106,0.251547,1
20210212T153711,20210623T140144,130.9337,159,A5,0.080478,0.460975,0
20210212T153711,20210623T140144,130.9337,160,A5,0.114740,0.473027,1
20210212T153711,20210625T141512,132.9431,1,A1,0.118779,0.463185,0
20210212T153711,20210625T141512,132.9431,2,A1,0.474866,1.265591,0
20210212T153711,20210625T141512,132.9431,3,A1,0.026705,0.529269,1
20210212T153711,20210625T141512,132.9431,4,A1,-0.292994,1.393185,0
20210212T153711,20210625T141512,132.9431,5,A1,0.059878,0.528613,1
20210212T153711,20210625T141512,132.9431,6,A1,0.247116,0.257813,1
20210212T153711,20210625T141512,132.9431,7,A1,0.116862,0.726276,1
20210212T153711,20210625T141512,132.9431,8,A1,0.290492,0.000000,1
20210212T153711,20210625T141512,132.9431,9,A1,-0.212424,0.522256,0
20210212T153711,20210625T141512,132.9431,10,A1,0.168560,1.023490,0
20210212T153711,20210625T141512,132.9431,11,A1,0.142580,1.922497,0
20210212T153711,20210625T141512,132.9431,12,A1,-0.424573,1.341529,0
20210212T153711,20210625T141512,132.9431,13,A1,-0.285071,0.562672,0
20210212T153711,20210625T141512,132.9431,14,A1,0.023990,1.026697,0
20210212T153711,20210625T141512,132.9431,15,A1,0.035680,0.040095,1
20210212T153711,20210625T141512,132.9431,16,A1,0.200637,1.322680,0
20210212T153711,20210625T141512,132.9431,17,A1,-0.476537,1.835033,0
20210212T153711,20210625T141512,132.9431,18,A1,0.246979,0.446762,0
20210212T153711,20210625T141512,132.9431,19,A1,0.125453,0.962416,1
20210212T153711,20210625T141512,132.9431,20,A1,-0.515864,0.339968,1
20210212T153711,20210625T141512,132.9431,21,A1,0.092198,1.707763,0
20210212T153711,20210625T141512,132.9431,22,A1,-0.105668,1.507526,0
20210212T153711,20210625T141512,132.9431,23,A1,-0.263612,0.900421,1
20210212T153711,20210625T141512,132.9431,24,A1,0.212841,0.528356,1
20210212T153711,20210625T141512,132.9431,25,A1,0.114215,0.453932,1
20210212T153711,20210625T141512,132.9431,26,A1,0.005522,0.646607,1
20210212T153711,20210625T141512,132.9431,27,A1,-0.017946,0.035020,1
20210212T153711,20210625T141512,132.9431,28,A1,-0.183781,1.502143,0
20210212T153711,20210625T141512,132.9431,29,A1,0.526037,0.695525,1
20210212T153711,20210625T141512,132.9431,30,A1,-0.362314,0.088813,1
20210212T153711,20210625T141512,132.9431,31,A1,0.370169,1.307024,0
20210212T153711,20210625T141512,132.9431,32,A1,-0.575839,1.287243,0
20210212T153711,20210625T141512,132.9431,33,A2,0.123078,0.180816,1
20210212T153711,20210625T141512,132.9431,34,A2,0.326310,0.733701,1
20210212T153711,20210625T141512,132.9431,35,A2,0.084766,0.140852,1
20210212T153711,20210625T141512,132.9431,36,A2,0.299148,0.202516,0
20210212T153711,20210625T141512,132.9431,37,A2,0.135114,0.384394,1
20210212T153711,20210625T141512,132.9431,38,A2,0.014810,2.000000,0
20210212T153711,20210625T141512,132.9431,39,A2,0.134123,0.045414,1
20210212T153711,20210625T141512,132.9431,40,A2,0.071410,0.000000,1
20210212T153711,20210625T141512,132.9431,41,A2,0.328555,1.270200,0
20210212T153711,20210625T141512,132.9431,42,A2,0.116179,1.418734,0
20210212T153711,20210625T141512,132.9431,43,A2,-0.018497,1.008994,0
20210212T153711,20210625T141512,132.9431,44,A2,0.077900,1.373776,0
20210212T153711,20210625T141512,132.9431,45,A2,0.248447,0.007901,1
20210212T153711,20210625T141512,132.9431,46,A2,0.193387,0.000000,1
20210212T153711,20210625T141512,132.9431,47,A2,0.002287,0.964046,1
20210212T153711,20210625T141512,132.9431,48,A2,-0.090433,0.784489,1
20210212T153711,20210625T141512,132.9431,49,A2,-0.493718,2.000000,0
20210212T153711,20210625T141512,132.9431,50,A2,-0.185486,2.000000,0
20210212T153711,20210625T141512,132.9431,51,A2,-0.079165,2.000000,0
20210212T153711,20210625T141512,132.9431,52,A2,0.260575,0.172474,1
20210212T153711,20210625T141512,132.9431,53,A2,-0.086907,0.945391,0
20210212T153711,20210625T141512,132.9431,54,A2,-0.332173,0.809031,0
20210212T153711,20210625T141512,132.9431,55,A2,0.330562,0.691730,0
20210212T153711,20210625T141512,132.9431,56,A2,0.127962,0.820489,1
20210212T153711,20210625T141512,132.9431,57,A2,0.163814,1.705577,0
20210212T153711,20210625T141512,132.9431,58,A2,0.235961,1.083997,0
20210212T153711,20210625T141512,132.9431,59,A2,0.228422,1.271373,0
20210212T153711,20210625T141512,132.9431,60,A2,-0.133861,0.552191,1
20210212T153711,20210625T141512,132.9431,61,A2,-0.006840,0.964558,0
20210212T153711,20210625T141512,132.9431,62,A2,-0.173464,0.260111,1
20210212T153711,20210625T141512,132.9431,63,A2,0.194910,0.319589,1
20210212T153711,20210625T141512,132.9431,64,A2,-0.126547,0.452688,1
20210212T153711,20210625T141512,132.9431,65,A3,0.310917,0.722594,1
20210212T153711,20210625T141512,132.9431,66,A3,0.221877,0.095882,1
20210212T153711,20210625T141512,132.9431,67,A3,-0.006554,2.000000,0
20210212T153711,20210625T141512,132.9431,68,A3,-0.114311,1.511964,0
20210212T153711,20210625T141512,132.9431,69,A3,0.233158,0.114135,1
20210212T153711,20210625T141512,132.9431,70,A3,0.014200,0.954956,1
20210212T153711,20210625T141512,132.9431,71,A3,0.101973,0.000000,1
20210212T153711,20210625T141512,132.9431,72,A3,0.247764,1.704563,0
20210212T153711,20210625T141512,132.9431,73,A3,0.142551,0.428272,1
20210212T153711,20210625T141512,132.9431,74,A3,-0.138620,1.485727,0
20210212T153711,20210625T141512,132.9431,75,A3,0.253531,1.855654,0
20210212T153711,20210625T141512,132.9431,76,A3,-0.147040,1.457187,0
20210212T153711,20210625T141512,132.9431,77,A3,-0.113999,1.227818,0
20210212T153711,20210625T141512,132.9431,78,A3,0.004012,0.478933,1
20210212T153711,20210625T141512,132.9431,79,A3,0.067869,1.301117,0
20210212T153711,20210625T141512,132.9431,80,A3,0.023208,0.484936,0
20210212T153711,20210625T141512,132.9431,81,A3,-0.147780,0.422345,0
20210212T153711,20210625T141512,132.9431,82,A3,-0.072706,1.378777,0
20210212T153711,20210625T141512,132.9431,83,A3,0.039023,1.200203,0
20210212T153711,20210625T141512,132.9431,84,A3,0.171827,0.290267,1
20210212T153711,20210625T141512,132.9431,85,A3,-0.121685,1.258703,0
20210212T153711,20210625T141512,132.9431,86,A3,0.025020,0.639896,1
20210212T153711,20210625T141512,132.9431,87,A3,0.056762,0.878841,1
20210212T153711,20210625T141512,132.9431,88,A3,-0.228960,2.000000,0
20210212T153711,20210625T141512,132.9431,89,A3,-0.219896,0.514063,0
20210212T153711,20210625T141512,132.9431,90,A3,-0.337336,0.805793,1
20210212T153711,20210625T141512,132.9431,91,A3,0.142599,2.000000,0
20210212T153711,20210625T141512,132.9431,92,A3,-0.172219,1.115642,0
20210212T153711,20210625T141512,132.9431,93,A3,-0.037738,1.432064,0
20210212T153711,20210625T141512,132.9431,94,A3,-0.108448,2.000000,0
20210212T153711,20210625T141512,132.9431,95,A3,0.016816,1.309183,0
20210212T153711,20210625T141512,132.9431,96,A3,0.069283,1.067558,0
20210212T153711,20210625T141512,132.9431,97,A4,-0.305572,1.241636,0
20210212T153711,20210625T141512,132.9431,98,A4,-0.310665,1.302279,0
20210212T153711,20210625T141512,132.9431,99,A4,0.011020,0.880374,0
20210212T153711,20210625T141512,132.9431,100,A4,0.239644,0.502575,1
20210212T153711,20210625T141512,132.9431,101,A4,0.388065,0.051053,1
20210212T153711,20210625T141512,132.9431,102,A4,0.257783,1.715349,0
20210212T153711,20210625T141512,132.9431,103,A4,0.126290,0.400833,1
20210212T153711,20210625T141512,132.9431,104,A4,0.310366,1.985816,0
20210212T153711,20210625T141512,132.9431,105,A4,-0.309165,0.975112,0
20210212T153711,20210625T141512,132.9431,106,A4,-0.101023,0.162571,1
20210212T153711,20210625T141512,132.9431,107,A4,0.097252,1.156775,0
20210212T153711,20210625T141512,132.9431,108,A4,-0.105398,0.771523,1
20210212T153711,20210625T141512,132.9431,109,A4,-0.125980,0.504846,1
20210212T153711,20210625T141512,132.9431,110,A4,-0.238662,0.162551,1
20210212T153711,20210625T141512,132.9431,111,A4,-0.064796,0.308586,0
20210212T153711,20210625T141512,132.9431,112,A4,0.107867,0.778158,1
20210212T153711,20210625T141512,132.9431,113,A4,0.279044,0.534442,1
20210212T153711,20210625T141512,132.9431,114,A4,0.256674,0.194398,0
20210212T153711,20210625T141512,132.9431,115,A4,0.151397,0.959693,1
20210212T153711,20210625T141512,132.9431,116,A4,-0.008137,1.051222,0
20210212T153711,20210625T141512,132.9431,117,A4,0.062737,0.474962,0
20210212T153711,20210625T141512,132.9431,118,A4,0.157276,0.443134,0
20210212T153711,20210625T141512,132.9431,119,A4,0.346200,1.219031,0
20210212T153711,20210625T141512,132.9431,120,A4,0.030142,1.287726,0
20210212T153711,20210625T141512,132.9431,121,A4,-0.052822,0.074950,0
20210212T153711,20210625T141512,132.9431,122,A4,0.061089,0.603573,0
20210212T153711,20210625T141512,132.9431,123,A4,0.230651,0.720328,1
20210212T153711,20210625T141512,132.9431,124,A4,0.182772,1.037642,0
20210212T153711,20210625T141512,132.9431,125,A4,0.059853,1.021128,0
20210212T153711,20210625T141512,132.9431,126,A4,-0.051622,0.769190,0
20210212T153711,20210625T141512,132.9431,127,A4,-0.186443,1.343981,0
20210212T153711,20210625T141512,132.9431,128,A4,0.159935,0.038959,1
20210212T153711,20210625T141512,132.9431,129,A5,0.393171,1.787480,0
20210212T153711,20210625T141512,132.9431,130,A5,0.192078,0.137426,1
20210212T153711,20210625T141512,132.9431,131,A5,-0.066659,2.000000,0
20210212T153711,20210625T141512,132.9431,132,A5,-0.434374,2.000000,0
20210212T153711,20210625T141512,132.9431,133,A5,-0.047842,1.433073,0
20210212T153711,20210625T141512,132.9431,134,A5,-0.159491,2.000000,0
20210212T153711,20210625T141512,132.9431,135,A5,-0.001662,1.611444,0
20210212T153711,20210625T141512,132.9431,136,A5,0.317139,1.244271,0
20210212T153711,20210625T141512,132.9431,137,A5,-0.226712,0.126664,1
20210212T153711,20210625T141512,132.9431,138,A5,-0.139619,0.327245,1
20210212T153711,20210625T141512,132.9431,139,A5,0.124074,0.309540,0
20210212T153711,20210625T141512,132.9431,140,A5,0.205915,0.875556,0
20210212T153711,20210625T141512,132.9431,141,A5,0.129053,0.408378,1
20210212T153711,20210625T141512,132.9431,142,A5,0.032348,1.168354,0
20210212T153711,20210625T141512,132.9431,143,A5,0.163594,0.086646,1
20210212T153711,20210625T141512,132.9431,144,A5,0.124536,1.668880,0
20210212T153711,20210625T141512,132.9431,145,A5,-0.176000,0.437870,1
20210212T153711,20210625T141512,132.9431,146,A5,0.050913,0.302158,1
20210212T153711,20210625T141512,132.9431,147,A5,0.170379,0.667103,1
20210212T153711,20210625T141512,132.9431,148,A5,-0.066688,0.470322,0
20210212T153711,20210625T141512,132.9431,149,A5,-0.115167,1.568261,0
20210212T153711,20210625T141512,132.9431,150,A5,-0.258411,0.717127,0
20210212T153711,20210625T141512,132.9431,151,A5,0.209960,1.488704,0
20210212T153711,20210625T141512,132.9431,152,A5,0.370556,0.426088,0
20210212T153711,20210625T141512,132.9431,153,A5,-0.104488,0.153721,1
20210212T153711,20210625T141512,132.9431,154,A5,0.163800,1.240367,0
20210212T153711,20210625T141512,132.9431,155,A5,-0.114367,1.075383,0
20210212T153711,20210625T141512,132.9431,156,A5,0.151983,1.405888,0
20210212T153711,20210625T141512,132.9431,157,A5,0.168764,0.680087,1
20210212T153711,20210625T141512,132.9431,158,A5,0.289934,0.612035,1
20210212T153711,20210625T141512,132.9431,159,A5,0.376683,0.617563,1
20210212T153711,20210625T141512,132.9431,160,A5,0.380542,0.460697,1
20210218T131636,20210219T145809,1.0705,1,A1,0.336535,0.054663,1
20210218T131636,20210219T145809,1.0705,2,A1,0.856663,0.000000,1
20210218T131636,20210219T145809,1.0705,3,A1,0.085013,0.098287,1
20210218T131636,20210219T145809,1.0705,4,A1,0.161899,0.160289,1
20210218T131636,20210219T145809,1.0705,5,A1,0.147464,0.764037,1
20210218T131636,20210219T145809,1.0705,6,A1,0.646720,1.075563,0
20210218T131636,20210219T145809,1.0705,7,A1,0.193127,1.147956,0
20210218T131636,20210219T145809,1.0705,8,A1,-0.163969,0.384735,1
20210218T131636,20210219T145809,1.0705,9,A1,0.448307,0.147147,1
20210218T131636,20210219T145809,1.0705,10,A1,0.855534,0.000000,1
20210218T131636,20210219T145809,1.0705,11,A1,0.419824,0.000000,1
20210218T131636,20210219T145809,1.0705,12,A1,0.830217,0.005058,1
20210218T131636,20210219T145809,1.0705,13,A1,0.201557,0.410774,1
20210218T131636,20210219T145809,1.0705,14,A1,0.472705,0.083328,0
20210218T131636,20210219T145809,1.0705,15,A1,0.247378,0.000000,1
20210218T131636,20210219T145809,1.0705,16,A1,0.884936,0.063206,1
20210218T131636,20210219T145809,1.0705,17,A1,0.505250,0.356519,1
20210218T131636,20210219T145809,1.0705,18,A1,0.284374,1.216524,0
20210218T131636,20210219T145809,1.0705,19,A1,0.548429,0.631327,1
20210218T131636,20210219T145809,1.0705,20,A1,0.739147,0.022768,1
20210218T131636,20210219T145809,1.0705,21,A1,0.192889,0.023558,1
20210218T131636,20210219T145809,1.0705,22,A1,-0.190315,0.365098,0
20210218T131636,20210219T145809,1.0705,23,A1,0.161725,0.674922,0
20210218T131636,20210219T145809,1.0705,24,A1,0.148715,0.114150,1
20210218T131636,20210219T145809,1.0705,25,A1,0.134366,0.676210,1
20210218T131636,20210219T145809,1.0705,26,A1,0.942815,0.000000,1
20210218T131636,20210219T145809,1.0705,27,A1,0.524007,0.051193,1
20210218T131636,20210219T145809,1.0705,28,A1,0.916810,0.000000,1
20210218T131636,20210219T145809,1.0705,29,A1,0.444147,1.234608,0
20210218T131636,20210219T145809,1.0705,30,A1,0.069047,0.779372,1
20210218T131636,20210219T145809,1.0705,31,A1,0.107083,0.243298,0
20210218T131636,20210219T145809,1.0705,32,A1,0.668469,0.029408,1
20210218T131636,20210219T145809,1.0705,33,A2,0.152060,0.297059,1
20210218T131636,20210219T145809,1.0705,34,A2,-0.104702,0.179447,1
20210218T131636,20210219T145809,1.0705,35,A2,0.067264,0.116962,0
20210218T131636,20210219T145809,1.0705,36,A2,0.215909,0.936348,1
20210218T131636,20210219T145809,1.0705,37,A2,-0.120515,0.008657,1
20210218T131636,20210219T145809,1.0705,38,A2,0.105050,0.030821,1
20210218T131636,20210219T145809,1.0705,39,A2,0.855730,0.062683,1
20210218T131636,20210219T145809,1.0705,40,A2,-0.358332,0.353653,1
20210218T131636,20210219T145809,1.0705,41,A2,0.350627,0.168401,1
20210218T131636,20210219T145809,1.0705,42,A2,-0.214101,0.504368,0
20210218T131636,20210219T145809,1.0705,43,A2,-0.379246,0.869877,0
20210218T131636,20210219T145809,1.0705,44,A2,-0.260378,1.249217,0
20210218T131636,20210219T145809,1.0705,45,A2,0.348178,0.083244,1
20210218T131636,20210219T145809,1.0705,46,A2,0.087887,0.349050,0
20210218T131636,20210219T145809,1.0705,47,A2,-0.006433,0.164391,0
20210218T131636,20210219T145809,1.0705,48,A2,0.213239,0.331420,1
20210218T131636,20210219T145809,1.0705,49,A2,0.835458,0.092498,1
20210218T131636,20210219T145809,1.0705,50,A2,0.075765,0.532567,0
20210218T131636,20210219T145809,1.0705,51,A2,-0.089009,0.206062,0
20210218T131636,20210219T145809,1.0705,52,A2,0.395685,0.635246,1
20210218T131636,20210219T145809,1.0705,53,A2,0.172417,1.054832,0
20210218T131636,20210219T145809,1.0705,54,A2,0.588650,0.439799,1
20210218T131636,20210219T145809,1.0705,55,A2,0.860301,0.008265,1
20210218T131636,20210219T145809,1.0705,56,A2,0.111006,0.005735,1
20210218T131636,20210219T145809,1.0705,57,A2,0.567844,0.325600,1
20210218T131636,20210219T145809,1.0705,58,A2,0.028772,1.690775,0
20210218T131636,20210219T145809,1.0705,59,A2,0.143434,0.635466,1
20210218T131636,20210219T145809,1.0705,60,A2,0.247852,0.300949,1
20210218T131636,20210219T145809,1.0705,61,A2,-0.157270,0.296073,0
20210218T131636,20210219T145809,1.0705,62,A2,0.113808,0.146973,1
20210218T131636,20210219T145809,1.0705,63,A2,0.215159,0.000000,1
20210218T131636,20210219T145809,1.0705,64,A2,-0.111041,1.173026,0
20210218T131636,20210219T145809,1.0705,65,A3,-0.186587,0.780081,0
20210218T131636,20210219T145809,1.0705,66,A3,0.087128,0.613734,1
20210218T131636,20210219T145809,1.0705,67,A3,-0.244915,0.140427,1
20210218T131636,20210219T145809,1.0705,68,A3,-0.145293,1.006119,0
20210218T131636,20210219T145809,1.0705,69,A3,0.242659,0.069043,1
20210218T131636,20210219T145809,1.0705,70,A3,-0.125885,0.417794,1
20210218T131636,20210219T145809,1.0705,71,A3,0.193075,1.271718,0
20210218T131636,20210219T145809,1.0705,72,A3,0.222748,0.954163,0
20210218T131636,20210219T145809,1.0705,73,A3,-0.074184,0.768248,1
20210218T131636,20210219T145809,1.0705,74,A3,-0.289677,0.068446,1
20210218T131636,20210219T145809,1.0705,75,A3,0.236381,0.555471,0
20210218T131636,20210219T145809,1.0705,76,A3,-0.227272,0.167137,1
20210218T131636,20210219T145809,1.0705,77,A3,0.625137,0.361984,1
20210218T131636,20210219T145809,1.0705,78,A3,0.079034,0.139387,1
20210218T131636,20210219T145809,1.0705,79,A3,0.239734,0.107798,1
20210218T131636,20210219T145809,1.0705,80,A3,0.217220,0.017973,1
20210218T131636,20210219T145809,1.0705,81,A3,0.166407,0.706632,0
20210218T131636,20210219T145809,1.0705,82,A3,-0.089128,0.915845,1
20210218T131636,20210219T145809,1.0705,83,A3,0.134123,0.011035,1
20210218T131636,20210219T145809,1.0705,84,A3,0.424315,1.083817,0
20210218T131636,20210219T145809,1.0705,85,A3,-0.023774,0.262268,0
20210218T131636,20210219T145809,1.0705,86,A3,0.072900,1.138850,0
20210218T131636,20210219T145809,1.0705,87,A3,0.223436,0.537301,1
20210218T131636,20210219T145809,1.0705,88,A3,0.113981,0.799741,0
20210218T131636,20210219T145809,1.0705,89,A3,0.193904,0.166786,1
20210218T131636,20210219T145809,1.0705,90,A3,-0.226498,0.209245,1
20210218T131636,20210219T145809,1.0705,91,A3,-0.240503,0.167977,0
20210218T131636,20210219T145809,1.0705,92,A3,0.014873,0.204992,0
20210218T131636,20210219T145809,1.0705,93,A3,0.343087,0.318844,1
20210218T131636,20210219T145809,1.0705,94,A3,0.131331,1.145665,0
20210218T131636,20210219T145809,1.0705,95,A3,0.213693,1.058621,0
20210218T131636,20210219T145809,1.0705,96,A3,-0.195921,0.336678,1
20210218T131636,20210219T145809,1.0705,97,A4,0.616344,0.098091,1
20210218T131636,20210219T145809,1.0705,98,A4,0.541523,0.156948,1
20210218T131636,20210219T145809,1.0705,99,A4,0.897021,0.237690,1
20210218T131636,20210219T145809,1.0705,100,A4,0.717869,0.222398,1
20210218T131636,20210219T145809,1.0705,101,A4,0.874991,0.327570,1
20210218T131636,20210219T145809,1.0705,102,A4,0.817239,0.454199,1
20210218T131636,20210219T145809,1.0705,103,A4,0.914567,0.030257,1
20210218T131636,20210219T145809,1.0705,104,A4,0.903283,0.083121,1
20210218T131636,20210219T145809,1.0705,105,A4,0.377319,0.396981,1
20210218T131636,20210219T145809,1.0705,106,A4,0.133692,0.239038,1
20210218T131636,20210219T145809,1.0705,107,A4,0.474515,0.066085,0
20210218T131636,20210219T145809,1.0705,108,A4,0.169592,0.897237,1
20210218T131636,20210219T145809,1.0705,109,A4,0.182446,0.425940,1
20210218T131636,20210219T145809,1.0705,110,A4,0.380058,1.017320,0
20210218T131636,20210219T145809,1.0705,111,A4,0.274640,0.183355,0
20210218T131636,20210219T145809,1.0705,112,A4,0.209302,0.059750,1
20210218T131636,20210219T145809,1.0705,113,A4,0.874930,0.075746,1
20210218T131636,20210219T145809,1.0705,114,A4,0.696799,0.072657,1
20210218T131636,20210219T145809,1.0705,115,A4,0.853432,0.000000,1
20210218T131636,20210219T145809,1.0705,116,A4,0.847570,0.107740,1
20210218T131636,20210219T145809,1.0705,117,A4,0.792260,0.050213,1
20210218T131636,20210219T145809,1.0705,118,A4,0.696939,0.121274,1
20210218T131636,20210219T145809,1.0705,119,A4,0.782225,0.395105,1
20210218T131636,20210219T145809,1.0705,120,A4,0.649163,0.127696,1
20210218T131636,20210219T145809,1.0705,121,A4,0.184902,0.057808,1
20210218T131636,20210219T145809,1.0705,122,A4,0.701828,0.035314,1
20210218T131636,20210219T145809,1.0705,123,A4,0.759876,0.042626,0
20210218T131636,20210219T145809,1.0705,124,A4,0.581668,0.042502,1
20210218T131636,20210219T145809,1.0705,125,A4,0.657453,0.058875,0
20210218T131636,20210219T145809,1.0705,126,A4,0.739493,0.042750,1
20210218T131636,20210219T145809,1.0705,127,A4,0.482950,0.047884,1
20210218T131636,20210219T145809,1.0705,128,A4,0.553130,0.100848,1
20210218T131636,20210219T145809,1.0705,129,A5,-0.153747,0.736442,1
20210218T131636,20210219T145809,1.0705,130,A5,0.349663,0.513528,1
20210218T131636,20210219T145809,1.0705,131,A5,0.732549,0.133263,1
20210218T131636,20210219T145809,1.0705,132,A5,0.349708,0.596262,1
20210218T131636,20210219T145809,1.0705,133,A5,0.517723,0.407733,1
20210218T131636,20210219T145809,1.0705,134,A5,0.260106,0.000000,1
20210218T131636,20210219T145809,1.0705,135,A5,0.634160,0.016680,1
20210218T131636,20210219T145809,1.0705,136,A5,0.913728,0.069213,1
20210218T131636,20210219T145809,1.0705,137,A5,0.130905,0.096883,1
20210218T131636,20210219T145809,1.0705,138,A5,-0.081462,0.590269,0
20210218T131636,20210219T145809,1.0705,139,A5,0.004197,0.229576,1
20210218T131636,20210219T145809,1.0705,140,A5,-0.143110,1.302178,0
20210218T131636,20210219T145809,1.0705,141,A5,0.377353,0.353072,1
20210218T131636,20210219T145809,1.0705,142,A5,-0.359935,0.119566,1
20210218T131636,20210219T145809,1.0705,143,A5,-0.113876,0.545907,0
20210218T131636,20210219T145809,1.0705,144,A5,0.007276,0.502119,1
20210218T131636,20210219T145809,1.0705,145,A5,0.548617,0.249490,1
20210218T131636,20210219T145809,1.0705,146,A5,0.434836,0.982836,0
20210218T131636,20210219T145809,1.0705,147,A5,-0.137351,0.832817,0
20210218T131636,20210219T145809,1.0705,148,A5,0.043763,0.284964,0
20210218T131636,20210219T145809,1.0705,149,A5,0.840260,0.173727,1
20210218T131636,20210219T145809,1.0705,150,A5,0.573393,0.025679,0
20210218T131636,20210219T145809,1.0705,151,A5,-0.005450,0.277252,0
20210218T131636,20210219T145809,1.0705,152,A5,0.481087,0.307301,0
20210218T131636,20210219T145809,1.0705,153,A5,0.422371,0.058019,1
20210218T131636,20210219T145809,1.0705,154,A5,0.493539,0.387418,0
20210218T131636,20210219T145809,1.0705,155,A5,0.247434,0.601713,1
20210218T131636,20210219T145809,1.0705,156,A5,0.070571,1.229799,0
20210218T131636,20210219T145809,1.0705,157,A5,-0.109045,0.187898,0
20210218T131636,20210219T145809,1.0705,158,A5,0.136804,1.023186,0
20210218T131636,20210219T145809,1.0705,159,A5,0.399506,0.345687,0
20210218T131636,20210219T145809,1.0705,160,A5,-0.068540,0.238669,1
20210218T131636,20210610T132106,112.0031,1,A1,-0.075877,0.941680,0
20210218T131636,20210610T132106,112.0031,2,A1,-0.089828,2.000000,0
20210218T131636,20210610T132106,112.0031,3,A1,-0.215266,0.924372,0
20210218T131636,20210610T132106,112.0031,4,A1,-0.691964,0.698175,0
20210218T131636,20210610T132106,112.0031,5,A1,0.006342,0.175936,1
20210218T131636,20210610T132106,112.0031,6,A1,0.196426,1.635352,0
20210218T131636,20210610T132106,112.0031,7,A1,0.059727,1.147956,0
20210218T131636,20210610T132106,112.0031,8,A1,0.012480,0.486662,1
20210218T131636,20210610T132106,112.0031,9,A1,0.384100,0.000820,1
20210218T131636,20210610T132106,112.0031,10,A1,-0.146814,1.532155,0
20210218T131636,20210610T132106,112.0031,11,A1,-0.121437,2.000000,0
20210218T131636,20210610T132106,112.0031,12,A1,-0.432235,0.744765,0
20210218T131636,20210610T132106,112.0031,13,A1,-0.230453,1.577931,0
20210218T131636,20210610T132106,112.0031,14,A1,-0.122827,0.674678,0
20210218T131636,20210610T132106,112.0031,15,A1,0.159116,2.000000,0
20210218T131636,20210610T132106,112.0031,16,A1,0.064834,0.103911,1
20210218T131636,20210610T132106,112.0031,17,A1,-0.079696,0.151226,1
20210218T131636,20210610T132106,112.0031,18,A1,-0.084929,0.772829,1
20210218T131636,20210610T132106,112.0031,19,A1,0.166122,0.380457,1
20210218T131636,20210610T132106,112.0031,20,A1,-0.582149,0.098510,1
20210218T131636,20210610T132106,112.0031,21,A1,-0.239695,0.487640,0
20210218T131636,20210610T132106,112.0031,22,A1,0.189074,0.216412,1
20210218T131636,20210610T132106,112.0031,23,A1,-0.130313,1.142784,0
20210218T131636,20210610T132106,112.0031,24,A1,0.126222,0.838831,1
20210218T131636,20210610T132106,112.0031,25,A1,0.003291,0.490717,1
20210218T131636,20210610T132106,112.0031,26,A1,0.662744,0.000000,1
20210218T131636,20210610T132106,112.0031,27,A1,0.047672,1.118970,0
20210218T131636,20210610T132106,112.0031,28,A1,-0.091702,0.688962,1
20210218T131636,20210610T132106,112.0031,29,A1,0.227634,0.000000,1
20210218T131636,20210610T132106,112.0031,30,A1,0.029822,0.665560,0
20210218T131636,20210610T132106,112.0031,31,A1,-0.248067,0.137732,0
20210218T131636,20210610T132106,112.0031,32,A1,-0.584778,1.124796,0
20210218T131636,20210610T132106,112.0031,33,A2,-0.191037,0.573608,1
20210218T131636,20210610T132106,112.0031,34,A2,-0.166188,1.154916,0
20210218T131636,20210610T132106,112.0031,35,A2,0.102514,0.076032,0
20210218T131636,20210610T132106,112.0031,36,A2,-0.235604,1.031416,0
20210218T131636,20210610T132106,112.0031,37,A2,-0.269944,0.547518,0
20210218T131636,20210610T132106,112.0031,38,A2,0.084055,0.260253,0
20210218T131636,20210610T132106,112.0031,39,A2,0.443005,0.307281,0
20210218T131636,20210610T132106,112.0031,40,A2,-0.015450,0.491131,0
20210218T131636,20210610T132106,112.0031,41,A2,0.037742,0.082836,1
20210218T131636,20210610T132106,112.0031,42,A2,-0.030399,0.445213,1
20210218T131636,20210610T132106,112.0031,43,A2,-0.021963,0.976328,0
20210218T131636,20210610T132106,112.0031,44,A2,0.253045,1.012848,0
20210218T131636,20210610T132106,112.0031,45,A2,0.052858,0.112815,1
20210218T131636,20210610T132106,112.0031,46,A2,0.264789,0.983880,1
20210218T131636,20210610T132106,112.0031,47,A2,0.159233,0.293604,1
20210218T131636,20210610T132106,112.0031,48,A2,0.097458,0.557432,1
20210218T131636,20210610T132106,112.0031,49,A2,-0.445657,1.574343,0
20210218T131636,20210610T132106,112.0031,50,A2,-0.217147,1.421568,0
20210218T131636,20210610T132106,112.0031,51,A2,-0.068546,0.301088,0
20210218T131636,20210610T132106,112.0031,52,A2,-0.173284,0.548941,1
20210218T131636,20210610T132106,112.0031,53,A2,-0.270822,2.000000,0
20210218T131636,20210610T132106,112.0031,54,A2,-0.284006,1.213282,0
20210218T131636,20210610T132106,112.0031,55,A2,0.452266,0.078933,0
20210218T131636,20210610T132106,112.0031,56,A2,-0.064661,0.747208,0
20210218T131636,20210610T132106,112.0031,57,A2,0.193677,0.655502,0
20210218T131636,20210610T132106,112.0031,58,A2,-0.262821,0.108484,1
20210218T131636,20210610T132106,112.0031,59,A2,0.000890,0.686815,0
20210218T131636,20210610T132106,112.0031,60,A2,-0.003645,0.201741,1
20210218T131636,20210610T132106,112.0031,61,A2,0.073070,0.391887,1
20210218T131636,20210610T132106,112.0031,62,A2,0.015343,0.028265,1
20210218T131636,20210610T132106,112.0031,63,A2,-0.227702,0.364862,1
20210218T131636,20210610T132106,112.0031,64,A2,-0.103273,0.953216,1
20210218T131636,20210610T132106,112.0031,65,A3,-0.023859,0.142901,1
20210218T131636,20210610T132106,112.0031,66,A3,-0.146360,0.215242,1
20210218T131636,20210610T132106,112.0031,67,A3,-0.074123,0.178090,1
20210218T131636,20210610T132106,112.0031,68,A3,0.299205,0.836508,1
20210218T131636,20210610T132106,112.0031,69,A3,0.013886,0.285022,1
20210218T131636,20210610T132106,112.0031,70,A3,-0.018209,1.422865,0
20210218T131636,20210610T132106,112.0031,71,A3,-0.172897,0.968062,1
20210218T131636,20210610T132106,112.0031,72,A3,-0.189055,0.716090,0
20210218T131636,20210610T132106,112.0031,73,A3,-0.062566,1.165569,0
20210218T131636,20210610T132106,112.0031,74,A3,-0.350828,1.013888,0
20210218T131636,20210610T132106,112.0031,75,A3,-0.112361,1.501859,0
20210218T131636,20210610T132106,112.0031,76,A3,0.135034,0.003220,1
20210218T131636,20210610T132106,112.0031,77,A3,-0.022406,0.814824,1
20210218T131636,20210610T132106,112.0031,78,A3,0.011597,1.272985,0
20210218T131636,20210610T132106,112.0031,79,A3,-0.056357,0.563017,1
20210218T131636,20210610T132106,112.0031,80,A3,-0.249414,0.810976,1
20210218T131636,20210610T132106,112.0031,81,A3,-0.261423,0.195891,1
20210218T131636,20210610T132106,112.0031,82,A3,-0.066651,1.692022,0
20210218T131636,20210610T132106,112.0031,83,A3,-0.002451,0.475868,0
20210218T131636,20210610T132106,112.0031,84,A3,-0.322572,0.000000,1
20210218T131636,20210610T132106,112.0031,85,A3,-0.049686,0.098553,0
20210218T131636,20210610T132106,112.0031,86,A3,-0.094500,2.000000,0
20210218T131636,20210610T132106,112.0031,87,A3,0.093596,1.028665,0
20210218T131636,20210610T132106,112.0031,88,A3,0.181483,0.690175,1
20210218T131636,20210610T132106,112.0031,89,A3,0.218102,0.613744,0
20210218T131636,20210610T132106,112.0031,90,A3,0.158177,0.376898,1
20210218T131636,20210610T132106,112.0031,91,A3,-0.258284,0.105968,0
20210218T131636,20210610T132106,112.0031,92,A3,-0.057070,0.809687,1
20210218T131636,20210610T132106,112.0031,93,A3,-0.302057,1.489868,0
20210218T131636,20210610T132106,112.0031,94,A3,-0.017813,0.233516,1
20210218T131636,20210610T132106,112.0031,95,A3,0.045944,2.000000,0
20210218T131636,20210610T132106,112.0031,96,A3,-0.006658,1.136115,0
20210218T131636,20210610T132106,112.0031,97,A4,0.535622,0.368259,1
20210218T131636,20210610T132106,112.0031,98,A4,0.495792,0.313878,0
20210218T131636,20210610T132106,112.0031,99,A4,0.506278,0.468750,1
20210218T131636,20210610T132106,112.0031,100,A4,0.406607,0.880772,1
20210218T131636,20210610T132106,112.0031,101,A4,0.467192,0.939111,0
20210218T131636,20210610T132106,112.0031,102,A4,0.498772,0.824352,1
20210218T131636,20210610T132106,112.0031,103,A4,-0.104422,0.135040,0
20210218T131636,20210610T132106,112.0031,104,A4,0.257506,0.985532,1
20210218T131636,20210610T132106,112.0031,105,A4,0.293819,0.587526,1
20210218T131636,20210610T132106,112.0031,106,A4,0.027450,0.282916,1
20210218T131636,20210610T132106,112.0031,107,A4,0.131779,0.039581,1
20210218T131636,20210610T132106,112.0031,108,A4,0.150541,0.581611,1
20210218T131636,20210610T132106,112.0031,109,A4,-0.116152,0.363453,1
20210218T131636,20210610T132106,112.0031,110,A4,-0.188710,0.249142,0
20210218T131636,20210610T132106,112.0031,111,A4,0.250543,0.058261,1
20210218T131636,20210610T132106,112.0031,112,A4,0.170093,0.091400,0
20210218T131636,20210610T132106,112.0031,113,A4,0.369651,0.147562,1
20210218T131636,20210610T132106,112.0031,114,A4,0.596773,0.086966,1
20210218T131636,20210610T132106,112.0031,115,A4,0.127437,0.973968,1
20210218T131636,20210610T132106,112.0031,116,A4,-0.174217,0.477473,0
20210218T131636,20210610T132106,112.0031,117,A4,0.549940,0.159529,1
20210218T131636,20210610T132106,112.0031,118,A4,-0.520365,0.369268,0
20210218T131636,20210610T132106,112.0031,119,A4,-0.216556,0.936831,0
20210218T131636,20210610T132106,112.0031,120,A4,0.483459,0.348443,1
20210218T131636,20210610T132106,112.0031,121,A4,-0.277784,0.010016,1
20210218T131636,20210610T132106,112.0031,122,A4,0.040758,0.209105,1
20210218T131636,20210610T132106,112.0031,123,A4,-0.684504,0.200875,0
20210218T131636,20210610T132106,112.0031,124,A4,0.022923,0.109525,1
20210218T131636,20210610T132106,112.0031,125,A4,-0.657249,0.204240,0
20210218T131636,20210610T132106,112.0031,126,A4,0.577750,0.054050,1
20210218T131636,20210610T132106,112.0031,127,A4,0.234979,0.045074,1
20210218T131636,20210610T132106,112.0031,128,A4,0.389477,0.853894,0
20210218T131636,20210610T132106,112.0031,129,A5,-0.104268,1.611821,0
20210218T131636,20210610T132106,112.0031,130,A5,-0.401422,0.260295,1
20210218T131636,20210610T132106,112.0031,131,A5,-0.092932,1.367811,0
20210218T131636,20210610T132106,112.0031,132,A5,0.122180,0.100945,1
20210218T131636,20210610T132106,112.0031,133,A5,0.106742,0.053882,1
20210218T131636,20210610T132106,112.0031,134,A5,0.043656,0.044854,1
20210218T131636,20210610T132106,112.0031,135,A5,0.077735,1.020866,0
20210218T131636,20210610T132106,112.0031,136,A5,0.727851,0.000000,1
20210218T131636,20210610T132106,112.0031,137,A5,0.514894,0.274252,1
20210218T131636,20210610T132106,112.0031,138,A5,-0.009752,0.231832,1
20210218T131636,20210610T132106,112.0031,139,A5,-0.110845,0.460837,0
20210218T131636,20210610T132106,112.0031,140,A5,0.046604,0.823002,1
20210218T131636,20210610T132106,112.0031,141,A5,0.071340,0.212485,1
20210218T131636,20210610T132106,112.0031,142,A5,-0.003450,0.729426,0
20210218T131636,20210610T132106,112.0031,143,A5,-0.076896,0.663420,1
20210218T131636,20210610T132106,112.0031,144,A5,0.142528,0.915538,1
20210218T131636,20210610T132106,112.0031,145,A5,-0.348293,0.925872,0
20210218T131636,20210610T132106,112.0031,146,A5,0.139144,0.261709,0
20210218T131636,20210610T132106,112.0031,147,A5,0.034602,1.020838,0
20210218T131636,20210610T132106,112.0031,148,A5,-0.242025,1.005024,0
20210218T131636,20210610T132106,112.0031,149,A5,0.050846,2.000000,0
20210218T131636,20210610T132106,112.0031,150,A5,0.101010,1.014686,0
20210218T131636,20210610T132106,112.0031,151,A5,0.110319,0.083948,1
20210218T131636,20210610T132106,112.0031,152,A5,-0.038582,0.088827,1
20210218T131636,20210610T132106,112.0031,153,A5,-0.427059,0.479693,0
20210218T131636,20210610T132106,112.0031,154,A5,-0.138717,0.255262,0
20210218T131636,20210610T132106,112.0031,155,A5,0.129058,0.070622,1
20210218T131636,20210610T132106,112.0031,156,A5,-0.301662,1.079282,0
20210218T131636,20210610T132106,112.0031,157,A5,-0.122050,0.028691,1
20210218T131636,20210610T132106,112.0031,158,A5,-0.006508,1.167675,0
20210218T131636,20210610T132106,112.0031,159,A5,-0.024038,0.378692,1
20210218T131636,20210610T132106,112.0031,160,A5,0.073014,0.818216,1
20210218T131636,20210618T123111,119.9685,1,A1,0.129497,0.234727,1
20210218T131636,20210618T123111,119.9685,2,A1,-0.027337,1.823206,0
20210218T131636,20210618T123111,119.9685,3,A1,0.044963,0.321899,1
20210218T131636,20210618T123111,119.9685,4,A1,-0.628998,1.294828,0
20210218T131636,20210618T123111,119.9685,5,A1,-0.136589,1.451363,0
20210218T131636,20210618T123111,119.9685,6,A1,0.170425,2.000000,0
20210218T131636,20210618T123111,119.9685,7,A1,0.108423,0.754802,0
20210218T131636,20210618T123111,119.9685,8,A1,0.332088,0.730383,1
20210218T131636,20210618T123111,119.9685,9,A1,-0.305315,1.151750,0
20210218T131636,20210618T123111,119.9685,10,A1,0.256284,0.578308,1
20210218T131636,20210618T123111,119.9685,11,A1,-0.004064,1.790121,0
20210218T131636,20210618T123111,119.9685,12,A1,-0.654885,1.196235,0
20210218T131636,20210618T123111,119.9685,13,A1,-0.153664,1.388899,0
20210218T131636,20210618T123111,119.9685,14,A1,-0.374686,1.011005,0
20210218T131636,20210618T123111,119.9685,15,A1,-0.034599,0.493228,1
20210218T131636,20210618T123111,119.9685,16,A1,0.300995,0.079107,0
20210218T131636,20210618T123111,119.9685,17,A1,-0.067412,0.033080,1
20210218T131636,20210618T123111,119.9685,18,A1,0.483367,1.266348,0
20210218T131636,20210618T123111,119.9685,19,A1,0.294376,0.849872,1
20210218T131636,20210618T123111,119.9685,20,A1,-0.473609,0.072692,1
20210218T131636,20210618T123111,119.9685,21,A1,-0.202367,0.297382,0
20210218T131636,20210618T123111,119.9685,22,A1,-0.207493,0.115611,0
20210218T131636,20210618T123111,119.9685,23,A1,0.118542,0.253607,1
20210218T131636,20210618T123111,119.9685,24,A1,0.083992,0.512461,1
20210218T131636,20210618T123111,119.9685,25,A1,-0.031641,0.410342,1
20210218T131636,20210618T123111,119.9685,26,A1,-0.302068,1.769151,0
20210218T131636,20210618T123111,119.9685,27,A1,-0.039918,1.118970,0
20210218T131636,20210618T123111,119.9685,28,A1,-0.260729,0.981642,1
20210218T131636,20210618T123111,119.9685,29,A1,0.196842,0.403683,1
20210218T131636,20210618T123111,119.9685,30,A1,-0.040906,0.448287,0
20210218T131636,20210618T123111,119.9685,31,A1,0.153450,0.958666,1
20210218T131636,20210618T123111,119.9685,32,A1,-0.677092,1.124796,0
20210218T131636,20210618T123111,119.9685,33,A2,0.089906,0.573608,1
20210218T131636,20210618T123111,119.9685,34,A2,-0.313501,0.647033,0
20210218T131636,20210618T123111,119.9685,35,A2,0.085197,0.284053,0
20210218T131636,20210618T123111,119.9685,36,A2,0.058578,1.002678,0
20210218T131636,20210618T123111,119.9685,37,A2,-0.007110,0.846975,1
20210218T131636,20210618T123111,119.9685,38,A2,-0.018193,0.265169,0
20210218T131636,20210618T123111,119.9685,39,A2,0.316652,0.218513,1
20210218T131636,20210618T123111,119.9685,40,A2,0.176586,0.510377,1
20210218T131636,20210618T123111,119.9685,41,A2,-0.177572,0.408357,0
20210218T131636,20210618T123111,119.9685,42,A2,-0.144445,0.979381,1
20210218T131636,20210618T123111,119.9685,43,A2,0.098894,1.162797,0
20210218T131636,20210618T123111,119.9685,44,A2,-0.181726,0.959424,1
20210218T131636,20210618T123111,119.9685,45,A2,-0.099620,0.452806,0
20210218T131636,20210618T123111,119.9685,46,A2,0.109038,0.184281,1
20210218T131636,20210618T123111,119.9685,47,A2,-0.082144,1.112205,0
20210218T131636,20210618T123111,119.9685,48,A2,0.149268,0.358273,1
20210218T131636,20210618T123111,119.9685,49,A2,-0.277525,1.039168,0
20210218T131636,20210618T123111,119.9685,50,A2,-0.072299,0.124466,1
20210218T131636,20210618T123111,119.9685,51,A2,0.075111,1.011755,0
20210218T131636,20210618T123111,119.9685,52,A2,-0.069526,0.380550,1
20210218T131636,20210618T123111,119.9685,53,A2,-0.076814,2.000000,0
20210218T131636,20210618T123111,119.9685,54,A2,0.237809,0.973157,1
20210218T131636,20210618T123111,119.9685,55,A2,0.041368,0.129269,0
20210218T131636,20210618T123111,119.9685,56,A2,0.086288,0.619435,1
20210218T131636,20210618T123111,119.9685,57,A2,-0.235738,1.034977,0
20210218T131636,20210618T123111,119.9685,58,A2,-0.011104,1.074208,0
20210218T131636,20210618T123111,119.9685,59,A2,-0.092733,0.484081,1
20210218T131636,20210618T123111,119.9685,60,A2,-0.111304,0.327395,0
20210218T131636,20210618T123111,119.9685,61,A2,-0.064082,0.793257,1
20210218T131636,20210618T123111,119.9685,62,A2,0.025676,0.532292,1
20210218T131636,20210618T123111,119.9685,63,A2,-0.240352,0.403319,1
20210218T131636,20210618T123111,119.9685,64,A2,-0.057847,0.000000,1
20210218T131636,20210618T123111,119.9685,65,A3,0.089424,0.048254,1
20210218T131636,20210618T123111,119.9685,66,A3,0.133762,0.438196,1
20210218T131636,20210618T123111,119.9685,67,A3,0.086815,1.168843,0
20210218T131636,20210618T123111,119.9685,68,A3,0.107556,1.060802,0
20210218T131636,20210618T123111,119.9685,69,A3,-0.255393,0.483200,1
20210218T131636,20210618T123111,119.9685,70,A3,0.208350,0.350991,1
20210218T131636,20210618T123111,119.9685,71,A3,0.168751,1.085635,0
20210218T131636,20210618T123111,119.9685,72,A3,-0.103614,0.530449,1
20210218T131636,20210618T123111,119.9685,73,A3,0.082949,0.155246,1
20210218T131636,20210618T123111,119.9685,74,A3,-0.156381,0.056778,0
20210218T131636,20210618T123111,119.9685,75,A3,0.253030,0.498141,1
20210218T131636,20210618T123111,119.9685,76,A3,0.116542,0.383489,1
20210218T131636,20210618T123111,119.9685,77,A3,-0.312242,0.771328,1
20210218T131636,20210618T123111,119.9685,78,A3,-0.107569,0.352873,0
20210218T131636,20210618T123111,119.9685,79,A3,-0.211967,0.289248,0
20210218T131636,20210618T123111,119.9685,80,A3,-0.018373,1.189024,0
20210218T131636,20210618T123111,119.9685,81,A3,-0.240868,0.346656,1
20210218T131636,20210618T123111,119.9685,82,A3,0.176154,0.000000,1
20210218T131636,20210618T123111,119.9685,83,A3,0.030908,0.965317,1
20210218T131636,20210618T123111,119.9685,84,A3,0.189427,0.879084,1
20210218T131636,20210618T123111,119.9685,85,A3,0.038535,0.171108,1
20210218T131636,20210618T123111,119.9685,86,A3,-0.040119,0.993337,1
20210218T131636,20210618T123111,119.9685,87,A3,-0.066314,0.677483,0
20210218T131636,20210618T123111,119.9685,88,A3,-0.049702,0.184163,1
20210218T131636,20210618T123111,119.9685,89,A3,0.091880,0.655365,0
20210218T131636,20210618T123111,119.9685,90,A3,-0.060722,0.521961,1
20210218T131636,20210618T123111,119.9685,91,A3,0.237441,0.343628,0
20210218T131636,20210618T123111,119.9685,92,A3,-0.253672,0.344348,0
20210218T131636,20210618T123111,119.9685,93,A3,-0.230317,0.767270,0
20210218T131636,20210618T123111,119.9685,94,A3,-0.005902,0.992656,1
20210218T131636,20210618T123111,119.9685,95,A3,0.063972,0.932394,1
20210218T131636,20210618T123111,119.9685,96,A3,0.212658,0.390144,0
20210218T131636,20210618T123111,119.9685,97,A4,0.412709,0.086046,1
20210218T131636,20210618T123111,119.9685,98,A4,0.186366,0.115957,1
20210218T131636,20210618T123111,119.9685,99,A4,0.637995,0.249919,1
20210218T131636,20210618T123111,119.9685,100,A4,-0.024707,1.096763,0
20210218T131636,20210618T123111,119.9685,101,A4,0.278620,0.518370,1
20210218T131636,20210618T123111,119.9685,102,A4,0.017769,1.316996,0
20210218T131636,20210618T123111,119.9685,103,A4,-0.294307,0.080724,1
20210218T131636,20210618T123111,119.9685,104,A4,0.720656,0.809222,1
20210218T131636,20210618T123111,119.9685,105,A4,-0.018446,0.612693,1
20210218T131636,20210618T123111,119.9685,106,A4,-0.124083,0.342382,0
20210218T131636,20210618T123111,119.9685,107,A4,-0.056778,0.732252,1
20210218T131636,20210618T123111,119.9685,108,A4,-0.096228,1.051719,0
20210218T131636,20210618T123111,119.9685,109,A4,0.025471,1.423614,0
20210218T131636,20210618T123111,119.9685,110,A4,-0.039755,0.534597,1
20210218T131636,20210618T123111,119.9685,111,A4,0.269656,0.029247,1
20210218T131636,20210618T123111,119.9685,112,A4,0.188038,0.016492,1
20210218T131636,20210618T123111,119.9685,113,A4,0.425200,0.303903,1
20210218T131636,20210618T123111,119.9685,114,A4,0.475840,0.126789,0
20210218T131636,20210618T123111,119.9685,115,A4,0.701575,0.949896,1
20210218T131636,20210618T123111,119.9685,116,A4,0.623706,0.325998,1
20210218T131636,20210618T123111,119.9685,117,A4,0.284472,0.332484,0
20210218T131636,20210618T123111,119.9685,118,A4,0.214391,0.483428,0
20210218T131636,20210618T123111,119.9685,119,A4,0.409124,0.890933,0
20210218T131636,20210618T123111,119.9685,120,A4,-0.196654,0.424537,0
20210218T131636,20210618T123111,119.9685,121,A4,-0.047887,0.040840,1
20210218T131636,20210618T123111,119.9685,122,A4,0.117224,0.787449,1
20210218T131636,20210618T123111,119.9685,123,A4,0.234913,0.421168,1
20210218T131636,20210618T123111,119.9685,124,A4,-0.121057,0.179741,0
20210218T131636,20210618T123111,119.9685,125,A4,0.280344,0.006068,0
20210218T131636,20210618T123111,119.9685,126,A4,0.545757,0.049664,1
20210218T131636,20210618T123111,119.9685,127,A4,-0.229353,0.505762,0
20210218T131636,20210618T123111,119.9685,128,A4,-0.317264,0.955439,0
20210218T131636,20210618T123111,119.9685,129,A5,-0.331202,1.719337,0
20210218T131636,20210618T123111,119.9685,130,A5,0.078587,1.556887,0
20210218T131636,20210618T123111,119.9685,131,A5,-0.144062,0.133263,1
20210218T131636,20210618T123111,119.9685,132,A5,-0.030897,0.487363,1
20210218T131636,20210618T123111,119.9685,133,A5,0.093244,0.453094,1
20210218T131636,20210618T123111,119.9685,134,A5,0.007194,0.000000,1
20210218T131636,20210618T123111,119.9685,135,A5,0.142140,0.199021,0
20210218T131636,20210618T123111,119.9685,136,A5,0.719108,0.692095,1
20210218T131636,20210618T123111,119.9685,137,A5,-0.093520,0.978031,1
20210218T131636,20210618T123111,119.9685,138,A5,-0.090393,1.577955,0
20210218T131636,20210618T123111,119.9685,139,A5,0.037886,0.212409,1
20210218T131636,20210618T123111,119.9685,140,A5,-0.175512,2.000000,0
20210218T131636,20210618T123111,119.9685,141,A5,0.011161,0.375665,1
20210218T131636,20210618T123111,119.9685,142,A5,0.187960,0.714835,1
20210218T131636,20210618T123111,119.9685,143,A5,-0.007400,1.336580,0
20210218T131636,20210618T123111,119.9685,144,A5,0.168446,0.541588,0
20210218T131636,20210618T123111,119.9685,145,A5,0.166246,0.507653,1
20210218T131636,20210618T123111,119.9685,146,A5,-0.137654,0.217427,1
20210218T131636,20210618T123111,119.9685,147,A5,0.287314,0.446008,1
20210218T131636,20210618T123111,119.9685,148,A5,0.037102,0.994976,1
20210218T131636,20210618T123111,119.9685,149,A5,-0.068941,0.000000,1
20210218T131636,20210618T123111,119.9685,150,A5,0.156876,1.014686,0
20210218T131636,20210618T123111,119.9685,151,A5,-0.338164,0.736231,1
20210218T131636,20210618T123111,119.9685,152,A5,0.112747,0.693855,1
20210218T131636,20210618T123111,119.9685,153,A5,-0.038444,1.281567,0
20210218T131636,20210618T123111,119.9685,154,A5,0.052749,0.772734,1
20210218T131636,20210618T123111,119.9685,155,A5,-0.202568,1.056512,0
20210218T131636,20210618T123111,119.9685,156,A5,0.048316,0.981577,1
20210218T131636,20210618T123111,119.9685,157,A5,0.137083,0.849142,1
20210218T131636,20210618T123111,119.9685,158,A5,0.055410,2.000000,0
20210218T131636,20210618T123111,119.9685,159,A5,-0.160951,1.222248,0
20210218T131636,20210618T123111,119.9685,160,A5,0.106105,1.005993,0
20210218T131636,20210623T140144,125.0313,1,A1,0.057792,1.104748,0
20210218T131636,20210623T140144,125.0313,2,A1,-0.297233,1.126655,0
20210218T131636,20210623T140144,125.0313,3,A1,-0.132277,1.313126,0
20210218T131636,20210623T140144,125.0313,4,A1,-0.552670,1.294828,0
20210218T131636,20210623T140144,125.0313,5,A1,-0.086050,0.175936,1
20210218T131636,20210623T140144,125.0313,6,A1,-0.223787,1.532664,0
20210218T131636,20210623T140144,125.0313,7,A1,-0.166961,0.584954,0
20210218T131636,20210623T140144,125.0313,8,A1,0.099568,0.730383,1
20210218T131636,20210623T140144,125.0313,9,A1,0.013572,0.535277,0
20210218T131636,20210623T140144,125.0313,10,A1,0.337251,1.252700,0
20210218T131636,20210623T140144,125.0313,11,A1,-0.136364,1.089100,0
20210218T131636,20210623T140144,125.0313,12,A1,-0.558212,1.196235,0
20210218T131636,20210623T140144,125.0313,13,A1,-0.064220,1.031613,0
20210218T131636,20210623T140144,125.0313,14,A1,-0.007590,0.877105,1
20210218T131636,20210623T140144,125.0313,15,A1,-0.038182,0.311917,1
20210218T131636,20210623T140144,125.0313,16,A1,-0.052438,0.141140,1
20210218T131636,20210623T140144,125.0313,17,A1,-0.089124,0.567294,1
20210218T131636,20210623T140144,125.0313,18,A1,0.274002,2.000000,0
20210218T131636,20210623T140144,125.0313,19,A1,0.244181,0.448314,1
20210218T131636,20210623T140144,125.0313,20,A1,-0.419904,0.035762,1
20210218T131636,20210623T140144,125.0313,21,A1,0.040382,0.521372,0
20210218T131636,20210623T140144,125.0313,22,A1,-0.108498,0.030797,1
20210218T131636,20210623T140144,125.0313,23,A1,0.189048,0.448827,0
20210218T131636,20210623T140144,125.0313,24,A1,-0.095665,0.660379,1
20210218T131636,20210623T140144,125.0313,25,A1,-0.025669,0.166734,1
20210218T131636,20210623T140144,125.0313,26,A1,0.676543,0.311438,1
20210218T131636,20210623T140144,125.0313,27,A1,-0.138576,0.460660,0
20210218T131636,20210623T140144,125.0313,28,A1,-0.294783,1.218534,0
20210218T131636,20210623T140144,125.0313,29,A1,0.085066,0.000000,1
20210218T131636,20210623T140144,125.0313,30,A1,-0.084012,0.297743,1
20210218T131636,20210623T140144,125.0313,31,A1,0.252550,0.497685,1
20210218T131636,20210623T140144,125.0313,32,A1,-0.692993,1.124796,0
20210218T131636,20210623T140144,125.0313,33,A2,-0.029021,0.039990,1
20210218T131636,20210623T140144,125.0313,34,A2,-0.108809,0.905703,0
20210218T131636,20210623T140144,125.0313,35,A2,0.172263,0.238041,0
20210218T131636,20210623T140144,125.0313,36,A2,0.020589,0.838683,1
20210218T131636,20210623T140144,125.0313,37,A2,-0.055345,0.101016,1
20210218T131636,20210623T140144,125.0313,38,A2,-0.091956,0.169420,0
20210218T131636,20210623T140144,125.0313,39,A2,0.413936,0.754235,0
20210218T131636,20210623T140144,125.0313,40,A2,-0.170811,0.778783,1
20210218T131636,20210623T140144,125.0313,41,A2,-0.063871,0.210587,1
20210218T131636,20210623T140144,125.0313,42,A2,0.080555,0.100944,1
20210218T131636,20210623T140144,125.0313,43,A2,-0.139003,1.858428,0
20210218T131636,20210623T140144,125.0313,44,A2,-0.052113,0.767829,1
20210218T131636,20210623T140144,125.0313,45,A2,0.324100,0.212300,1
20210218T131636,20210623T140144,125.0313,46,A2,0.219159,1.016120,0
20210218T131636,20210623T140144,125.0313,47,A2,0.072406,1.112205,0
20210218T131636,20210623T140144,125.0313,48,A2,0.097802,0.557432,1
20210218T131636,20210623T140144,125.0313,49,A2,-0.388725,1.757651,0
20210218T131636,20210623T140144,125.0313,50,A2,-0.090746,0.293607,1
20210218T131636,20210623T140144,125.0313,51,A2,0.017620,1.011755,0
20210218T131636,20210623T140144,125.0313,52,A2,0.277755,0.153051,1
20210218T131636,20210623T140144,125.0313,53,A2,0.234335,1.151032,0
20210218T131636,20210623T140144,125.0313,54,A2,-0.475171,1.183625,0
20210218T131636,20210623T140144,125.0313,55,A2,0.349644,0.122699,1
20210218T131636,20210623T140144,125.0313,56,A2,0.112247,0.342317,1
20210218T131636,20210623T140144,125.0313,57,A2,-0.005296,0.187416,1
20210218T131636,20210623T140144,125.0313,58,A2,-0.151161,0.000000,1
20210218T131636,20210623T140144,125.0313,59,A2,0.301693,0.354721,1
20210218T131636,20210623T140144,125.0313,60,A2,-0.104027,0.106650,1
20210218T131636,20210623T140144,125.0313,61,A2,-0.064859,0.793257,1
20210218T131636,20210623T140144,125.0313,62,A2,-0.032912,0.305686,1
20210218T131636,20210623T140144,125.0313,63,A2,-0.074768,0.000000,1
20210218T131636,20210623T140144,125.0313,64,A2,0.237269,0.524420,1
20210218T131636,20210623T140144,125.0313,65,A3,0.083489,0.069475,1
20210218T131636,20210623T140144,125.0313,66,A3,-0.172359,0.259061,1
20210218T131636,20210623T140144,125.0313,67,A3,0.243803,0.831157,1
20210218T131636,20210623T140144,125.0313,68,A3,-0.143161,1.408844,0
20210218T131636,20210623T140144,125.0313,69,A3,-0.081123,0.157368,1
20210218T131636,20210623T140144,125.0313,70,A3,0.053351,0.530392,0
20210218T131636,20210623T140144,125.0313,71,A3,-0.064427,0.980499,1
20210218T131636,20210623T140144,125.0313,72,A3,0.140099,0.564834,1
20210218T131636,20210623T140144,125.0313,73,A3,-0.101217,0.401054,0
20210218T131636,20210623T140144,125.0313,74,A3,-0.062072,0.060891,0
20210218T131636,20210623T140144,125.0313,75,A3,-0.148719,0.963629,0
20210218T131636,20210623T140144,125.0313,76,A3,0.018743,0.624152,0
20210218T131636,20210623T140144,125.0313,77,A3,-0.540701,0.772547,1
20210218T131636,20210623T140144,125.0313,78,A3,0.037288,0.423688,0
20210218T131636,20210623T140144,125.0313,79,A3,0.064040,0.275980,1
20210218T131636,20210623T140144,125.0313,80,A3,-0.043857,0.257572,0
20210218T131636,20210623T140144,125.0313,81,A3,-0.359013,0.644140,0
20210218T131636,20210623T140144,125.0313,82,A3,0.137669,1.285357,0
20210218T131636,20210623T140144,125.0313,83,A3,0.108358,0.965317,1
20210218T131636,20210623T140144,125.0313,84,A3,0.000249,0.987437,1
20210218T131636,20210623T140144,125.0313,85,A3,-0.036500,0.114739,0
20210218T131636,20210623T140144,125.0313,86,A3,0.013470,0.917608,1
20210218T131636,20210623T140144,125.0313,87,A3,0.266898,0.746130,0
20210218T131636,20210623T140144,125.0313,88,A3,0.198728,0.084963,0
20210218T131636,20210623T140144,125.0313,89,A3,-0.275009,0.233787,0
20210218T131636,20210623T140144,125.0313,90,A3,-0.236888,1.623102,0
20210218T131636,20210623T140144,125.0313,91,A3,0.149189,0.208902,1
20210218T131636,20210623T140144,125.0313,92,A3,-0.168693,0.336853,0
20210218T131636,20210623T140144,125.0313,93,A3,0.409460,1.059525,0
20210218T131636,20210623T140144,125.0313,94,A3,-0.083668,1.134120,0
20210218T131636,20210623T140144,125.0313,95,A3,-0.200402,0.037937,1
20210218T131636,20210623T140144,125.0313,96,A3,0.135344,0.394037,0
20210218T131636,20210623T140144,125.0313,97,A4,0.132570,0.908770,0
20210218T131636,20210623T140144,125.0313,98,A4,0.249420,0.707533,1
20210218T131636,20210623T140144,125.0313,99,A4,-0.318430,0.837215,0
20210218T131636,20210623T140144,125.0313,100,A4,0.552851,0.854200,1
20210218T131636,20210623T140144,125.0313,101,A4,-0.150316,1.906508,0
20210218T131636,20210623T140144,125.0313,102,A4,0.359255,1.218917,0
20210218T131636,20210623T140144,125.0313,103,A4,0.118311,0.092341,1
20210218T131636,20210623T140144,125.0313,104,A4,0.320829,0.993929,1
20210218T131636,20210623T140144,125.0313,105,A4,0.417722,0.035256,1
20210218T131636,20210623T140144,125.0313,106,A4,0.113292,0.071539,1
20210218T131636,20210623T140144,125.0313,107,A4,0.054977,0.940516,1
20210218T131636,20210623T140144,125.0313,108,A4,0.178264,0.000000,1
20210218T131636,20210623T140144,125.0313,109,A4,0.361629,0.707424,0
20210218T131636,20210623T140144,125.0313,110,A4,-0.079518,0.029143,0
20210218T131636,20210623T140144,125.0313,111,A4,-0.031750,0.284127,1
20210218T131636,20210623T140144,125.0313,112,A4,0.013612,0.127785,1
20210218T131636,20210623T140144,125.0313,113,A4,0.422623,0.338254,1
20210218T131636,20210623T140144,125.0313,114,A4,0.128222,0.231008,0
20210218T131636,20210623T140144,125.0313,115,A4,0.259007,0.903226,1
20210218T131636,20210623T140144,125.0313,116,A4,-0.239803,1.400700,0
20210218T131636,20210623T140144,125.0313,117,A4,0.126017,0.315968,0
20210218T131636,20210623T140144,125.0313,118,A4,0.236944,0.427406,0
20210218T131636,20210623T140144,125.0313,119,A4,0.237762,1.043308,0
20210218T131636,20210623T140144,125.0313,120,A4,0.053292,0.590751,1
20210218T131636,20210623T140144,125.0313,121,A4,0.086091,0.063148,1
20210218T131636,20210623T140144,125.0313,122,A4,0.124057,1.212551,0
20210218T131636,20210623T140144,125.0313,123,A4,0.268624,0.003786,1
20210218T131636,20210623T140144,125.0313,124,A4,0.184496,0.301669,0
20210218T131636,20210623T140144,125.0313,125,A4,0.167746,0.101967,0
20210218T131636,20210623T140144,125.0313,126,A4,-0.326397,0.016821,1
20210218T131636,20210623T140144,125.0313,127,A4,0.005730,1.315410,0
20210218T131636,20210623T140144,125.0313,128,A4,0.066897,0.019236,1
20210218T131636,20210623T140144,125.0313,129,A5,-0.434458,0.597526,1
20210218T131636,20210623T140144,125.0313,130,A5,0.303507,0.291001,1
20210218T131636,20210623T140144,125.0313,131,A5,0.049844,1.550356,0
20210218T131636,20210623T140144,125.0313,132,A5,0.002333,0.845043,1
20210218T131636,20210623T140144,125.0313,133,A5,-0.069883,1.033332,0
20210218T131636,20210623T140144,125.0313,134,A5,-0.113210,2.000000,0
20210218T131636,20210623T140144,125.0313,135,A5,0.401426,0.435097,1
20210218T131636,20210623T140144,125.0313,136,A5,0.537012,0.915171,1
20210218T131636,20210623T140144,125.0313,137,A5,0.345931,0.079550,0
20210218T131636,20210623T140144,125.0313,138,A5,-0.121349,0.053125,1
20210218T131636,20210623T140144,125.0313,139,A5,-0.059044,0.434646,0
20210218T131636,20210623T140144,125.0313,140,A5,0.064445,1.288569,0
20210218T131636,20210623T140144,125.0313,141,A5,0.343024,0.037325,1
20210218T131636,20210623T140144,125.0313,142,A5,0.173777,0.191706,1
20210218T131636,20210623T140144,125.0313,143,A5,-0.219376,0.156894,1
20210218T131636,20210623T140144,125.0313,144,A5,0.060616,0.250914,1
20210218T131636,20210623T140144,125.0313,145,A5,0.251664,0.702620,0
20210218T131636,20210623T140144,125.0313,146,A5,0.005864,0.253610,0
20210218T131636,20210623T140144,125.0313,147,A5,0.225394,0.630082,1
20210218T131636,20210623T140144,125.0313,148,A5,-0.177598,0.133962,0
20210218T131636,20210623T140144,125.0313,149,A5,-0.031666,1.266189,0
20210218T131636,20210623T140144,125.0313,150,A5,0.304863,0.359658,0
20210218T131636,20210623T140144,125.0313,151,A5,0.038033,0.860744,0
20210218T131636,20210623T140144,125.0313,152,A5,0.267771,0.643816,0
20210218T131636,20210623T140144,125.0313,153,A5,0.276595,0.045241,1
20210218T131636,20210623T140144,125.0313,154,A5,0.028067,0.300519,0
20210218T131636,20210623T140144,125.0313,155,A5,-0.341679,0.516785,0
20210218T131636,20210623T140144,125.0313,156,A5,-0.340220,1.471228,0
20210218T131636,20210623T140144,125.0313,157,A5,-0.009469,0.110741,1
20210218T131636,20210623T140144,125.0313,158,A5,-0.140695,0.863582,1
20210218T131636,20210623T140144,125.0313,159,A5,0.169494,0.300786,0
20210218T131636,20210623T140144,125.0313,160,A5,0.257531,0.666241,1
20210218T131636,20210625T141512,127.0407,1,A1,-0.137834,0.493117,0
20210218T131636,20210625T141512,127.0407,2,A1,0.385151,1.265591,0
20210218T131636,20210625T141512,127.0407,3,A1,-0.151902,1.133680,0
20210218T131636,20210625T141512,127.0407,4,A1,-0.646937,1.294828,0
20210218T131636,20210625T141512,127.0407,5,A1,0.022102,0.034821,1
20210218T131636,20210625T141512,127.0407,6,A1,0.303272,1.547494,0
20210218T131636,20210625T141512,127.0407,7,A1,-0.056580,1.147956,0
20210218T131636,20210625T141512,127.0407,8,A1,0.292777,0.730383,1
20210218T131636,20210625T141512,127.0407,9,A1,-0.371113,0.026905,1
20210218T131636,20210625T141512,127.0407,10,A1,0.302808,1.023490,0
20210218T131636,20210625T141512,127.0407,11,A1,0.108882,1.922497,0
20210218T131636,20210625T141512,127.0407,12,A1,-0.673210,1.196235,0
20210218T131636,20210625T141512,127.0407,13,A1,-0.156457,1.472485,0
20210218T131636,20210625T141512,127.0407,14,A1,-0.116990,1.011005,0
20210218T131636,20210625T141512,127.0407,15,A1,0.420774,0.722298,1
20210218T131636,20210625T141512,127.0407,16,A1,0.140185,0.937648,1
20210218T131636,20210625T141512,127.0407,17,A1,0.054458,0.402327,1
20210218T131636,20210625T141512,127.0407,18,A1,0.290167,1.125277,0
20210218T131636,20210625T141512,127.0407,19,A1,0.502064,0.985346,1
20210218T131636,20210625T141512,127.0407,20,A1,-0.383150,0.026699,1
20210218T131636,20210625T141512,127.0407,21,A1,0.104448,1.086334,0
20210218T131636,20210625T141512,127.0407,22,A1,-0.055622,0.905087,1
20210218T131636,20210625T141512,127.0407,23,A1,0.100530,0.043205,1
20210218T131636,20210625T141512,127.0407,24,A1,0.070567,0.578561,1
20210218T131636,20210625T141512,127.0407,25,A1,0.304562,0.166734,1
20210218T131636,20210625T141512,127.0407,26,A1,0.052593,0.646607,1
20210218T131636,20210625T141512,127.0407,27,A1,-0.103565,0.230250,1
20210218T131636,20210625T141512,127.0407,28,A1,-0.197252,1.502143,0
20210218T131636,20210625T141512,127.0407,29,A1,0.209655,0.695525,1
20210218T131636,20210625T141512,127.0407,30,A1,0.111463,0.285212,0
20210218T131636,20210625T141512,127.0407,31,A1,0.086975,0.958666,1
20210218T131636,20210625T141512,127.0407,32,A1,-0.648291,1.124796,0
20210218T131636,20210625T141512,127.0407,33,A2,0.286887,0.228352,1
20210218T131636,20210625T141512,127.0407,34,A2,0.161407,1.172123,0
20210218T131636,20210625T141512,127.0407,35,A2,0.007268,0.112727,1
20210218T131636,20210625T141512,127.0407,36,A2,0.089342,0.887745,1
20210218T131636,20210625T141512,127.0407,37,A2,0.137466,0.846975,1
20210218T131636,20210625T141512,127.0407,38,A2,-0.029269,1.104311,0
20210218T131636,20210625T141512,127.0407,39,A2,0.181395,0.209018,0
20210218T131636,20210625T141512,127.0407,40,A2,0.030616,1.221217,0
20210218T131636,20210625T141512,127.0407,41,A2,0.077034,0.481312,0
20210218T131636,20210625T141512,127.0407,42,A2,0.204614,0.979381,1
20210218T131636,20210625T141512,127.0407,43,A2,-0.054648,0.867422,0
20210218T131636,20210625T141512,127.0407,44,A2,0.411842,2.000000,0
20210218T131636,20210625T141512,127.0407,45,A2,-0.169402,0.902827,1
20210218T131636,20210625T141512,127.0407,46,A2,0.231469,1.016120,0
20210218T131636,20210625T141512,127.0407,47,A2,-0.228396,1.112205,0
20210218T131636,20210625T141512,127.0407,48,A2,0.135389,0.443309,0
20210218T131636,20210625T141512,127.0407,49,A2,-0.379646,1.757651,0
20210218T131636,20210625T141512,127.0407,50,A2,-0.113768,0.567689,1
20210218T131636,20210625T141512,127.0407,51,A2,0.149758,1.011755,0
20210218T131636,20210625T141512,127.0407,52,A2,0.462669,0.437152,1
20210218T131636,20210625T141512,127.0407,53,A2,-0.043448,1.713082,0
20210218T131636,20210625T141512,127.0407,54,A2,-0.410694,1.279240,0
20210218T131636,20210625T141512,127.0407,55,A2,0.251209,0.529821,1
20210218T131636,20210625T141512,127.0407,56,A2,0.123771,0.465020,1
20210218T131636,20210625T141512,127.0407,57,A2,0.268561,0.462439,1
20210218T131636,20210625T141512,127.0407,58,A2,0.291000,2.000000,0
20210218T131636,20210625T141512,127.0407,59,A2,0.179258,0.354721,1
20210218T131636,20210625T141512,127.0407,60,A2,0.001971,0.421592,0
20210218T131636,20210625T141512,127.0407,61,A2,0.168566,0.384908,0
20210218T131636,20210625T141512,127.0407,62,A2,-0.046321,0.739532,1
20210218T131636,20210625T141512,127.0407,63,A2,-0.031544,0.000000,1
20210218T131636,20210625T141512,127.0407,64,A2,0.231209,0.000000,1
20210218T131636,20210625T141512,127.0407,65,A3,-0.019659,0.431410,0
20210218T131636,20210625T141512,127.0407,66,A3,-0.207067,0.067639,1
20210218T131636,20210625T141512,127.0407,67,A3,0.309947,0.831157,1
20210218T131636,20210625T141512,127.0407,68,A3,0.019968,0.488036,1
20210218T131636,20210625T141512,127.0407,69,A3,-0.070231,0.047847,1
20210218T131636,20210625T141512,127.0407,70,A3,-0.339086,0.467909,0
20210218T131636,20210625T141512,127.0407,71,A3,-0.062887,2.000000,0
20210218T131636,20210625T141512,127.0407,72,A3,-0.069369,0.406961,1
20210218T131636,20210625T141512,127.0407,73,A3,-0.305497,0.208442,1
20210218T131636,20210625T141512,127.0407,74,A3,0.143976,1.013888,0
20210218T131636,20210625T141512,127.0407,75,A3,-0.165735,1.357512,0
20210218T131636,20210625T141512,127.0407,76,A3,-0.012726,0.794638,1
20210218T131636,20210625T141512,127.0407,77,A3,-0.182945,1.227818,0
20210218T131636,20210625T141512,127.0407,78,A3,-0.211515,0.074829,1
20210218T131636,20210625T141512,127.0407,79,A3,-0.070463,0.436351,0
20210218T131636,20210625T141512,127.0407,80,A3,0.120444,0.567881,0
20210218T131636,20210625T141512,127.0407,81,A3,0.295005,0.246256,1
20210218T131636,20210625T141512,127.0407,82,A3,0.130817,1.599312,0
20210218T131636,20210625T141512,127.0407,83,A3,-0.218869,0.165520,1
20210218T131636,20210625T141512,127.0407,84,A3,0.086704,0.352137,1
20210218T131636,20210625T141512,127.0407,85,A3,0.059891,0.339911,0
20210218T131636,20210625T141512,127.0407,86,A3,0.234903,0.869242,1
20210218T131636,20210625T141512,127.0407,87,A3,0.111267,0.710470,0
20210218T131636,20210625T141512,127.0407,88,A3,-0.066253,1.000747,0
20210218T131636,20210625T141512,127.0407,89,A3,-0.071536,0.184825,1
20210218T131636,20210625T141512,127.0407,90,A3,0.137709,0.592906,1
20210218T131636,20210625T141512,127.0407,91,A3,0.307971,1.037126,0
20210218T131636,20210625T141512,127.0407,92,A3,-0.025068,0.074671,1
20210218T131636,20210625T141512,127.0407,93,A3,0.134535,1.568064,0
20210218T131636,20210625T141512,127.0407,94,A3,0.051356,0.000000,1
20210218T131636,20210625T141512,127.0407,95,A3,0.377453,0.000000,1
20210218T131636,20210625T141512,127.0407,96,A3,-0.077400,1.078068,0
20210218T131636,20210625T141512,127.0407,97,A4,-0.097378,1.273779,0
20210218T131636,20210625T141512,127.0407,98,A4,-0.273495,1.225449,0
20210218T131636,20210625T141512,127.0407,99,A4,0.035539,0.946634,0
20210218T131636,20210625T141512,127.0407,100,A4,0.094772,0.502575,1
20210218T131636,20210625T141512,127.0407,101,A4,0.343588,0.025593,1
20210218T131636,20210625T141512,127.0407,102,A4,0.243044,1.941767,0
20210218T131636,20210625T141512,127.0407,103,A4,0.329389,0.373791,1
20210218T131636,20210625T141512,127.0407,104,A4,0.245403,2.000000,0
20210218T131636,20210625T141512,127.0407,105,A4,0.104441,1.240049,0
20210218T131636,20210625T141512,127.0407,106,A4,-0.059074,0.838251,0
20210218T131636,20210625T141512,127.0407,107,A4,0.266233,1.059484,0
20210218T131636,20210625T141512,127.0407,108,A4,-0.145847,0.771523,1
20210218T131636,20210625T141512,127.0407,109,A4,-0.081988,1.103386,0
20210218T131636,20210625T141512,127.0407,110,A4,0.260735,0.197581,0
20210218T131636,20210625T141512,127.0407,111,A4,-0.003214,0.212144,0
20210218T131636,20210625T141512,127.0407,112,A4,0.132829,0.983679,1
20210218T131636,20210625T141512,127.0407,113,A4,0.210390,0.395030,1
20210218T131636,20210625T141512,127.0407,114,A4,0.260356,0.003708,1
20210218T131636,20210625T141512,127.0407,115,A4,0.236562,0.959693,1
20210218T131636,20210625T141512,127.0407,116,A4,-0.006574,0.998091,0
20210218T131636,20210625T141512,127.0407,117,A4,0.257902,0.259585,0
20210218T131636,20210625T141512,127.0407,118,A4,0.063536,0.365848,0
20210218T131636,20210625T141512,127.0407,119,A4,0.272999,1.113967,0
20210218T131636,20210625T141512,127.0407,120,A4,-0.135207,1.404196,0
20210218T131636,20210625T141512,127.0407,121,A4,0.104089,0.036505,1
20210218T131636,20210625T141512,127.0407,122,A4,-0.091924,0.589994,0
20210218T131636,20210625T141512,127.0407,123,A4,0.032367,0.989813,1
20210218T131636,20210625T141512,127.0407,124,A4,-0.126030,0.498780,1
20210218T131636,20210625T141512,127.0407,125,A4,-0.025549,1.000065,0
20210218T131636,20210625T141512,127.0407,126,A4,0.045304,0.744640,0
20210218T131636,20210625T141512,127.0407,127,A4,-0.208267,1.315410,0
20210218T131636,20210625T141512,127.0407,128,A4,0.103246,0.303817,1
20210218T131636,20210625T141512,127.0407,129,A5,0.106008,2.000000,0
20210218T131636,20210625T141512,127.0407,130,A5,-0.300249,0.742119,0
20210218T131636,20210625T141512,127.0407,131,A5,-0.259572,1.866737,0
20210218T131636,20210625T141512,127.0407,132,A5,-0.231630,1.899055,0
20210218T131636,20210625T141512,127.0407,133,A5,-0.144812,1.270098,0
20210218T131636,20210625T141512,127.0407,134,A5,-0.179269,2.000000,0
20210218T131636,20210625T141512,127.0407,135,A5,0.439189,0.827323,1
20210218T131636,20210625T141512,127.0407,136,A5,0.342840,1.244271,0
20210218T131636,20210625T141512,127.0407,137,A5,-0.120630,0.231158,0
20210218T131636,20210625T141512,127.0407,138,A5,-0.198160,0.102642,1
20210218T131636,20210625T141512,127.0407,139,A5,0.067006,0.570413,0
20210218T131636,20210625T141512,127.0407,140,A5,0.339265,0.467578,1
20210218T131636,20210625T141512,127.0407,141,A5,0.110896,0.584878,0
20210218T131636,20210625T141512,127.0407,142,A5,0.030694,1.285165,0
20210218T131636,20210625T141512,127.0407,143,A5,-0.075816,0.273699,1
20210218T131636,20210625T141512,127.0407,144,A5,0.082239,1.049996,0
20210218T131636,20210625T141512,127.0407,145,A5,0.059058,0.607575,0
20210218T131636,20210625T141512,127.0407,146,A5,0.025740,1.152991,0
20210218T131636,20210625T141512,127.0407,147,A5,-0.014991,1.645826,0
20210218T131636,20210625T141512,127.0407,148,A5,0.019058,0.013178,0
20210218T131636,20210625T141512,127.0407,149,A5,0.140129,2.000000,0
20210218T131636,20210625T141512,127.0407,150,A5,-0.187546,0.375775,1
20210218T131636,20210625T141512,127.0407,151,A5,0.429214,1.243623,0
20210218T131636,20210625T141512,127.0407,152,A5,0.227483,0.413452,0
20210218T131636,20210625T141512,127.0407,153,A5,0.183910,0.107488,1
20210218T131636,20210625T141512,127.0407,154,A5,0.197423,1.227266,0
20210218T131636,20210625T141512,127.0407,155,A5,0.198405,0.943488,1
20210218T131636,20210625T141512,127.0407,156,A5,0.092322,2.000000,0
20210218T131636,20210625T141512,127.0407,157,A5,-0.009234,1.150858,0
20210218T131636,20210625T141512,127.0407,158,A5,0.315276,0.000000,1
20210218T131636,20210625T141512,127.0407,159,A5,0.308050,0.777752,1
20210218T131636,20210625T141512,127.0407,160,A5,0.413400,0.653910,1
20210219T145809,20210610T132106,110.9326,1,A1,0.060266,0.996342,0
20210219T145809,20210610T132106,110.9326,2,A1,0.121332,2.000000,0
20210219T145809,20210610T132106,110.9326,3,A1,-0.176976,1.022659,0
20210219T145809,20210610T132106,110.9326,4,A1,-0.072743,0.537886,0
20210219T145809,20210610T132106,110.9326,5,A1,0.442384,0.939973,1
20210219T145809,20210610T132106,110.9326,6,A1,0.040965,0.559789,1
20210219T145809,20210610T132106,110.9326,7,A1,0.356230,0.000000,1
20210219T145809,20210610T132106,110.9326,8,A1,0.047490,0.101927,1
20210219T145809,20210610T132106,110.9326,9,A1,0.070830,0.146327,1
20210219T145809,20210610T132106,110.9326,10,A1,-0.100698,1.532155,0
20210219T145809,20210610T132106,110.9326,11,A1,-0.075760,2.000000,0
20210219T145809,20210610T132106,110.9326,12,A1,-0.322208,0.739707,0
20210219T145809,20210610T132106,110.9326,13,A1,-0.025348,1.167157,0
20210219T145809,20210610T132106,110.9326,14,A1,-0.114296,0.591350,1
20210219T145809,20210610T132106,110.9326,15,A1,-0.223745,2.000000,0
20210219T145809,20210610T132106,110.9326,16,A1,0.089810,0.040706,1
20210219T145809,20210610T132106,110.9326,17,A1,-0.047014,0.205293,1
20210219T145809,20210610T132106,110.9326,18,A1,0.353116,0.443695,0
20210219T145809,20210610T132106,110.9326,19,A1,0.368443,0.250870,1
20210219T145809,20210610T132106,110.9326,20,A1,-0.599815,0.121278,1
20210219T145809,20210610T132106,110.9326,21,A1,0.128597,0.464083,0
20210219T145809,20210610T132106,110.9326,22,A1,-0.338227,0.581510,0
20210219T145809,20210610T132106,110.9326,23,A1,-0.392776,0.467862,1
20210219T145809,20210610T132106,110.9326,24,A1,0.143180,0.724681,1
20210219T145809,20210610T132106,110.9326,25,A1,-0.173229,0.185492,1
20210219T145809,20210610T132106,110.9326,26,A1,0.769149,0.000000,1
20210219T145809,20210610T132106,110.9326,27,A1,0.078413,1.170163,0
20210219T145809,20210610T132106,110.9326,28,A1,-0.011981,0.688962,1
20210219T145809,20210610T132106,110.9326,29,A1,0.137845,1.234608,0
20210219T145809,20210610T132106,110.9326,30,A1,-0.282330,1.444931,0
20210219T145809,20210610T132106,110.9326,31,A1,-0.064656,0.105566,1
20210219T145809,20210610T132106,110.9326,32,A1,-0.509811,1.095388,0
20210219T145809,20210610T132106,110.9326,33,A2,0.108805,0.870667,1
20210219T145809,20210610T132106,110.9326,34,A2,-0.079384,0.975469,0
20210219T145809,20210610T132106,110.9326,35,A2,-0.073023,0.040930,1
20210219T145809,20210610T132106,110.9326,36,A2,-0.088682,0.095068,0
20210219T145809,20210610T132106,110.9326,37,A2,-0.110326,0.538861,0
20210219T145809,20210610T132106,110.9326,38,A2,-0.005935,0.229431,0
20210219T145809,20210610T132106,110.9326,39,A2,0.480021,0.244599,0
20210219T145809,20210610T132106,110.9326,40,A2,-0.291577,0.844785,0
20210219T145809,20210610T132106,110.9326,41,A2,0.325155,0.085565,1
20210219T145809,20210610T132106,110.9326,42,A2,-0.052325,0.949581,0
20210219T145809,20210610T132106,110.9326,43,A2,0.326852,0.106450,1
20210219T145809,20210610T132106,110.9326,44,A2,-0.211367,0.236369,1
20210219T145809,20210610T132106,110.9326,45,A2,-0.036363,0.196059,1
20210219T145809,20210610T132106,110.9326,46,A2,0.081098,1.332929,0
20210219T145809,20210610T132106,110.9326,47,A2,0.081653,0.457996,0
20210219T145809,20210610T132106,110.9326,48,A2,-0.095953,0.888852,1
20210219T145809,20210610T132106,110.9326,49,A2,-0.405621,1.666841,0
20210219T145809,20210610T132106,110.9326,50,A2,0.169773,0.889001,1
20210219T145809,20210610T132106,110.9326,51,A2,0.168937,0.095025,1
20210219T145809,20210610T132106,110.9326,52,A2,0.056052,0.086305,1
20210219T145809,20210610T132106,110.9326,53,A2,-0.079031,0.945168,1
20210219T145809,20210610T132106,110.9326,54,A2,-0.307954,0.773482,0
20210219T145809,20210610T132106,110.9326,55,A2,0.475307,0.087199,0
20210219T145809,20210610T132106,110.9326,56,A2,0.298825,0.752943,0
20210219T145809,20210610T132106,110.9326,57,A2,0.268560,0.329903,0
20210219T145809,20210610T132106,110.9326,58,A2,-0.119297,1.582291,0
20210219T145809,20210610T132106,110.9326,59,A2,-0.210325,0.051349,0
20210219T145809,20210610T132106,110.9326,60,A2,-0.197089,0.099208,1
20210219T145809,20210610T132106,110.9326,61,A2,-0.081818,0.687960,0
20210219T145809,20210610T132106,110.9326,62,A2,-0.024826,0.118707,1
20210219T145809,20210610T132106,110.9326,63,A2,-0.052628,0.364862,1
20210219T145809,20210610T132106,110.9326,64,A2,-0.312736,0.219810,0
20210219T145809,20210610T132106,110.9326,65,A3,0.113200,0.637180,0
20210219T145809,20210610T132106,110.9326,66,A3,-0.133779,0.828976,1
20210219T145809,20210610T132106,110.9326,67,A3,-0.070951,0.318517,1
20210219T145809,20210610T132106,110.9326,68,A3,0.015203,0.169611,0
20210219T145809,20210610T132106,110.9326,69,A3,-0.070865,0.354065,1
20210219T145809,20210610T132106,110.9326,70,A3,0.228027,1.005071,0
20210219T145809,20210610T132106,110.9326,71,A3,0.007533,0.303655,0
20210219T145809,20210610T132106,110.9326,72,A3,-0.178308,0.238073,1
20210219T145809,20210610T132106,110.9326,73,A3,0.050192,1.933817,0
20210219T145809,20210610T132106,110.9326,74,A3,0.286773,1.082333,0
20210219T145809,20210610T132106,110.9326,75,A3,-0.098759,0.946387,1
20210219T145809,20210610T132106,110.9326,76,A3,-0.085704,0.163917,1
20210219T145809,20210610T132106,110.9326,77,A3,0.126942,0.452840,1
20210219T145809,20210610T132106,110.9326,78,A3,0.008223,1.412372,0
20210219T145809,20210610T132106,110.9326,79,A3,-0.098949,0.455219,1
20210219T145809,20210610T132106,110.9326,80,A3,-0.105864,0.828949,1
20210219T145809,20210610T132106,110.9326,81,A3,-0.077321,0.902524,0
20210219T145809,20210610T132106,110.9326,82,A3,0.140878,0.776177,0
20210219T145809,20210610T132106,110.9326,83,A3,0.076913,0.486903,0
20210219T145809,20210610T132106,110.9326,84,A3,-0.175316,1.083817,0
20210219T145809,20210610T132106,110.9326,85,A3,-0.214232,0.163715,1
20210219T145809,20210610T132106,110.9326,86,A3,-0.171692,0.861150,1
20210219T145809,20210610T132106,110.9326,87,A3,0.032281,0.491364,0
20210219T145809,20210610T132106,110.9326,88,A3,0.207856,1.489916,0
20210219T145809,20210610T132106,110.9326,89,A3,0.172013,0.446959,0
20210219T145809,20210610T132106,110.9326,90,A3,0.015695,0.167653,1
20210219T145809,20210610T132106,110.9326,91,A3,-0.155698,0.062010,1
20210219T145809,20210610T132106,110.9326,92,A3,0.385510,1.014679,0
20210219T145809,20210610T132106,110.9326,93,A3,-0.093291,1.171025,0
20210219T145809,20210610T132106,110.9326,94,A3,0.131521,0.912150,0
20210219T145809,20210610T132106,110.9326,95,A3,0.114087,0.941379,1
20210219T145809,20210610T132106,110.9326,96,A3,-0.246202,0.799437,0
20210219T145809,20210610T132106,110.9326,97,A4,0.424000,0.466349,1
20210219T145809,20210610T132106,110.9326,98,A4,0.386553,0.156931,0
20210219T145809,20210610T132106,110.9326,99,A4,0.438780,0.231060,1
20210219T145809,20210610T132106,110.9326,100,A4,0.223000,0.658374,1
20210219T145809,20210610T132106,110.9326,101,A4,0.506541,0.611541,0
20210219T145809,20210610T132106,110.9326,102,A4,0.452916,0.370153,1
20210219T145809,20210610T132106,110.9326,103,A4,-0.062976,0.165297,0
20210219T145809,20210610T132106,110.9326,104,A4,0.382700,0.902411,1
20210219T145809,20210610T132106,110.9326,105,A4,-0.041400,0.190545,1
20210219T145809,20210610T132106,110.9326,106,A4,0.316648,0.521953,1
20210219T145809,20210610T132106,110.9326,107,A4,0.104568,0.105666,0
20210219T145809,20210610T132106,110.9326,108,A4,0.122306,0.315626,1
20210219T145809,20210610T132106,110.9326,109,A4,0.056239,0.789393,1
20210219T145809,20210610T132106,110.9326,110,A4,-0.014199,0.768178,1
20210219T145809,20210610T132106,110.9326,111,A4,-0.117529,0.241616,0
20210219T145809,20210610T132106,110.9326,112,A4,0.107276,0.151150,0
20210219T145809,20210610T132106,110.9326,113,A4,0.454970,0.071816,1
20210219T145809,20210610T132106,110.9326,114,A4,0.717622,0.014309,1
20210219T145809,20210610T132106,110.9326,115,A4,0.171743,0.973968,1
20210219T145809,20210610T132106,110.9326,116,A4,-0.073764,0.369734,0
20210219T145809,20210610T132106,110.9326,117,A4,0.521976,0.109316,1
20210219T145809,20210610T132106,110.9326,118,A4,-0.465636,0.247993,0
20210219T145809,20210610T132106,110.9326,119,A4,-0.282893,0.541726,0
20210219T145809,20210610T132106,110.9326,120,A4,0.461369,0.220747,1
20210219T145809,20210610T132106,110.9326,121,A4,0.207560,0.047792,1
20210219T145809,20210610T132106,110.9326,122,A4,0.284432,0.244419,1
20210219T145809,20210610T132106,110.9326,123,A4,-0.397609,0.158249,1
20210219T145809,20210610T132106,110.9326,124,A4,0.223528,0.067024,1
20210219T145809,20210610T132106,110.9326,125,A4,-0.656871,0.145365,1
20210219T145809,20210610T132106,110.9326,126,A4,0.556493,0.011300,1
20210219T145809,20210610T132106,110.9326,127,A4,-0.130133,0.002810,1
20210219T145809,20210610T132106,110.9326,128,A4,0.041846,0.954742,0
20210219T145809,20210610T132106,110.9326,129,A5,-0.073485,0.875379,0
20210219T145809,20210610T132106,110.9326,130,A5,-0.104512,0.253234,1
20210219T145809,20210610T132106,110.9326,131,A5,0.053262,1.501074,0
20210219T145809,20210610T132106,110.9326,132,A5,0.142475,0.697208,1
20210219T145809,20210610T132106,110.9326,133,A5,0.056419,0.353851,1
20210219T145809,20210610T132106,110.9326,134,A5,-0.035634,0.044854,1
20210219T145809,20210610T132106,110.9326,135,A5,0.127982,1.004187,0
20210219T145809,20210610T132106,110.9326,136,A5,0.735665,0.069213,1
20210219T145809,20210610T132106,110.9326,137,A5,0.214451,0.177369,1
20210219T145809,20210610T132106,110.9326,138,A5,-0.098209,0.822101,0
20210219T145809,20210610T132106,110.9326,139,A5,-0.011159,0.231260,0
20210219T145809,20210610T132106,110.9326,140,A5,0.011141,0.479176,0
20210219T145809,20210610T132106,110.9326,141,A5,0.123341,0.140587,1
20210219T145809,20210610T132106,110.9326,142,A5,0.117111,0.609860,0
20210219T145809,20210610T132106,110.9326,143,A5,0.266256,1.209327,0
20210219T145809,20210610T132106,110.9326,144,A5,0.220211,0.413419,1
20210219T145809,20210610T132106,110.9326,145,A5,-0.351092,0.676382,0
20210219T145809,20210610T132106,110.9326,146,A5,0.082608,0.721127,1
20210219T145809,20210610T132106,110.9326,147,A5,-0.128817,0.188020,1
20210219T145809,20210610T132106,110.9326,148,A5,0.020406,0.720060,1
20210219T145809,20210610T132106,110.9326,149,A5,0.101969,1.826273,0
20210219T145809,20210610T132106,110.9326,150,A5,-0.134669,0.989007,1
20210219T145809,20210610T132106,110.9326,151,A5,0.092791,0.193304,0
20210219T145809,20210610T132106,110.9326,152,A5,-0.135066,0.218475,0
20210219T145809,20210610T132106,110.9326,153,A5,-0.184930,0.537713,0
20210219T145809,20210610T132106,110.9326,154,A5,-0.179107,0.132156,1
20210219T145809,20210610T132106,110.9326,155,A5,0.056925,0.531091,1
20210219T145809,20210610T132106,110.9326,156,A5,0.087408,0.150517,1
20210219T145809,20210610T132106,110.9326,157,A5,-0.096976,0.216590,0
20210219T145809,20210610T132106,110.9326,158,A5,-0.009772,0.144489,1
20210219T145809,20210610T132106,110.9326,159,A5,0.136615,0.724380,0
20210219T145809,20210610T132106,110.9326,160,A5,0.187296,0.579547,1
20210219T145809,20210618T123111,118.8979,1,A1,0.043077,0.180064,1
20210219T145809,20210618T123111,118.8979,2,A1,0.135769,1.823206,0
20210219T145809,20210618T123111,118.8979,3,A1,0.372292,0.420186,1
20210219T145809,20210618T123111,118.8979,4,A1,0.095434,1.134540,0
20210219T145809,20210618T123111,118.8979,5,A1,0.134803,0.687326,0
20210219T145809,20210618T123111,118.8979,6,A1,0.200187,0.924437,1
20210219T145809,20210618T123111,118.8979,7,A1,0.211695,0.393154,1
20210219T145809,20210618T123111,118.8979,8,A1,0.198645,0.345647,1
20210219T145809,20210618T123111,118.8979,9,A1,-0.184273,1.004603,0
20210219T145809,20210618T123111,118.8979,10,A1,0.217602,0.578308,1
20210219T145809,20210618T123111,118.8979,11,A1,-0.048594,1.790121,0
20210219T145809,20210618T123111,118.8979,12,A1,-0.631470,1.191177,0
20210219T145809,20210618T123111,118.8979,13,A1,0.042909,0.978126,0
20210219T145809,20210618T123111,118.8979,14,A1,-0.197669,0.927677,1
20210219T145809,20210618T123111,118.8979,15,A1,0.037715,0.493228,1
20210219T145809,20210618T123111,118.8979,16,A1,0.353232,0.142313,0
20210219T145809,20210618T123111,118.8979,17,A1,-0.288769,0.323439,1
20210219T145809,20210618T123111,118.8979,18,A1,0.105996,0.049824,1
20210219T145809,20210618T123111,118.8979,19,A1,0.350754,0.218545,1
20210219T145809,20210618T123111,118.8979,20,A1,-0.500003,0.049924,1
20210219T145809,20210618T123111,118.8979,21,A1,0.127269,0.273824,0
20210219T145809,20210618T123111,118.8979,22,A1,0.183214,0.249487,1
20210219T145809,20210618T123111,118.8979,23,A1,0.364765,0.928529,0
20210219T145809,20210618T123111,118.8979,24,A1,0.209315,0.398311,1
20210219T145809,20210618T123111,118.8979,25,A1,-0.012069,0.265868,1
20210219T145809,20210618T123111,118.8979,26,A1,-0.203309,1.769151,0
20210219T145809,20210618T123111,118.8979,27,A1,0.013946,1.170163,0
20210219T145809,20210618T123111,118.8979,28,A1,-0.210121,0.981642,1
20210219T145809,20210618T123111,118.8979,29,A1,0.037830,0.830925,0
20210219T145809,20210618T123111,118.8979,30,A1,0.153356,1.227659,0
20210219T145809,20210618T123111,118.8979,31,A1,0.037574,1.201964,0
20210219T145809,20210618T123111,118.8979,32,A1,-0.652075,1.095388,0
20210219T145809,20210618T123111,118.8979,33,A2,0.293284,0.870667,1
20210219T145809,20210618T123111,118.8979,34,A2,0.181361,0.467586,0
20210219T145809,20210618T123111,118.8979,35,A2,0.102779,0.167091,1
20210219T145809,20210618T123111,118.8979,36,A2,0.063763,0.066329,0
20210219T145809,20210618T123111,118.8979,37,A2,0.094936,0.855632,1
20210219T145809,20210618T123111,118.8979,38,A2,-0.115310,0.234348,0
20210219T145809,20210618T123111,118.8979,39,A2,0.369561,0.281195,1
20210219T145809,20210618T123111,118.8979,40,A2,-0.110861,0.156724,1
20210219T145809,20210618T123111,118.8979,41,A2,-0.109065,0.239957,0
20210219T145809,20210618T123111,118.8979,42,A2,0.396302,1.483749,0
20210219T145809,20210618T123111,118.8979,43,A2,-0.021147,0.292919,1
20210219T145809,20210618T123111,118.8979,44,A2,-0.239619,0.289793,0
20210219T145809,20210618T123111,118.8979,45,A2,-0.108191,0.369562,0
20210219T145809,20210618T123111,118.8979,46,A2,0.188828,0.533331,0
20210219T145809,20210618T123111,118.8979,47,A2,-0.241489,0.947814,1
20210219T145809,20210618T123111,118.8979,48,A2,0.166745,0.026853,1
20210219T145809,20210618T123111,118.8979,49,A2,-0.351664,1.131666,0
20210219T145809,20210618T123111,118.8979,50,A2,-0.007301,0.408101,0
20210219T145809,20210618T123111,118.8979,51,A2,0.153246,0.805693,1
20210219T145809,20210618T123111,118.8979,52,A2,0.120061,0.254696,1
20210219T145809,20210618T123111,118.8979,53,A2,0.020395,0.945168,1
20210219T145809,20210618T123111,118.8979,54,A2,0.183008,0.533357,1
20210219T145809,20210618T123111,118.8979,55,A2,-0.104444,0.137534,0
20210219T145809,20210618T123111,118.8979,56,A2,0.056782,0.625170,1
20210219T145809,20210618T123111,118.8979,57,A2,-0.301202,0.709378,0
20210219T145809,20210618T123111,118.8979,58,A2,-0.045624,0.616568,1
20210219T145809,20210618T123111,118.8979,59,A2,0.017168,0.151385,1
20210219T145809,20210618T123111,118.8979,60,A2,-0.120820,0.026447,0
20210219T145809,20210618T123111,118.8979,61,A2,-0.143559,1.089329,0
20210219T145809,20210618T123111,118.8979,62,A2,-0.107012,0.385319,1
20210219T145809,20210618T123111,118.8979,63,A2,0.297452,0.403319,1
20210219T145809,20210618T123111,118.8979,64,A2,0.269443,1.173026,0
20210219T145809,20210618T123111,118.8979,65,A3,-0.282231,0.828335,0
20210219T145809,20210618T123111,118.8979,66,A3,0.166131,0.175537,1
20210219T145809,20210618T123111,118.8979,67,A3,-0.068762,1.028416,0
20210219T145809,20210618T123111,118.8979,68,A3,-0.167199,0.054683,1
20210219T145809,20210618T123111,118.8979,69,A3,-0.152929,0.552243,1
20210219T145809,20210618T123111,118.8979,70,A3,-0.380340,0.066803,1
20210219T145809,20210618T123111,118.8979,71,A3,0.091016,0.186082,1
20210219T145809,20210618T123111,118.8979,72,A3,0.058063,0.423714,0
20210219T145809,20210618T123111,118.8979,73,A3,-0.078830,0.923494,1
20210219T145809,20210618T123111,118.8979,74,A3,0.059303,0.125224,0
20210219T145809,20210618T123111,118.8979,75,A3,0.093629,1.053613,0
20210219T145809,20210618T123111,118.8979,76,A3,-0.201590,0.550626,1
20210219T145809,20210618T123111,118.8979,77,A3,-0.141195,0.409344,1
20210219T145809,20210618T123111,118.8979,78,A3,-0.164240,0.492260,0
20210219T145809,20210618T123111,118.8979,79,A3,-0.010740,0.397046,0
20210219T145809,20210618T123111,118.8979,80,A3,-0.170737,1.171051,0
20210219T145809,20210618T123111,118.8979,81,A3,0.009334,0.359976,0
20210219T145809,20210618T123111,118.8979,82,A3,0.182608,0.915845,1
20210219T145809,20210618T123111,118.8979,83,A3,0.264960,0.954282,1
20210219T145809,20210618T123111,118.8979,84,A3,-0.278486,0.204733,0
20210219T145809,20210618T123111,118.8979,85,A3,0.132655,0.433376,0
20210219T145809,20210618T123111,118.8979,86,A3,-0.133570,0.145513,0
20210219T145809,20210618T123111,118.8979,87,A3,-0.119122,0.140182,0
20210219T145809,20210618T123111,118.8979,88,A3,-0.067284,0.983904,0
20210219T145809,20210618T123111,118.8979,89,A3,-0.018498,0.488579,0
20210219T145809,20210618T123111,118.8979,90,A3,-0.174346,0.731206,1
20210219T145809,20210618T123111,118.8979,91,A3,-0.108895,0.175651,1
20210219T145809,20210618T123111,118.8979,92,A3,0.038687,0.139357,1
20210219T145809,20210618T123111,118.8979,93,A3,-0.063748,0.448426,0
20210219T145809,20210618T123111,118.8979,94,A3,0.021936,0.153009,0
20210219T145809,20210618T123111,118.8979,95,A3,-0.063328,0.126227,0
20210219T145809,20210618T123111,118.8979,96,A3,0.002575,0.053465,0
20210219T145809,20210618T123111,118.8979,97,A4,0.461213,0.184136,1
20210219T145809,20210618T123111,118.8979,98,A4,0.225050,0.040991,1
20210219T145809,20210618T123111,118.8979,99,A4,0.634995,0.012229,1
20210219T145809,20210618T123111,118.8979,100,A4,-0.036582,0.874365,0
20210219T145809,20210618T123111,118.8979,101,A4,0.106426,0.190800,1
20210219T145809,20210618T123111,118.8979,102,A4,0.009888,0.862797,0
20210219T145809,20210618T123111,118.8979,103,A4,-0.329649,0.110982,1
20210219T145809,20210618T123111,118.8979,104,A4,0.589817,0.726101,1
20210219T145809,20210618T123111,118.8979,105,A4,-0.332792,0.215712,1
20210219T145809,20210618T123111,118.8979,106,A4,0.005216,0.103344,0
20210219T145809,20210618T123111,118.8979,107,A4,0.012154,0.798337,0
20210219T145809,20210618T123111,118.8979,108,A4,-0.143685,0.154481,0
20210219T145809,20210618T123111,118.8979,109,A4,0.232663,1.849554,0
20210219T145809,20210618T123111,118.8979,110,A4,-0.048074,1.551917,0
20210219T145809,20210618T123111,118.8979,111,A4,-0.216404,0.212602,0
20210219T145809,20210618T123111,118.8979,112,A4,-0.303609,0.043258,1
20210219T145809,20210618T123111,118.8979,113,A4,0.472986,0.228157,1
20210219T145809,20210618T123111,118.8979,114,A4,0.368443,0.199446,0
20210219T145809,20210618T123111,118.8979,115,A4,0.687374,0.949896,1
20210219T145809,20210618T123111,118.8979,116,A4,0.539462,0.218258,1
20210219T145809,20210618T123111,118.8979,117,A4,0.271117,0.282271,0
20210219T145809,20210618T123111,118.8979,118,A4,-0.044506,0.362154,0
20210219T145809,20210618T123111,118.8979,119,A4,0.512541,0.495828,0
20210219T145809,20210618T123111,118.8979,120,A4,0.084665,0.296841,0
20210219T145809,20210618T123111,118.8979,121,A4,0.493823,0.016968,1
20210219T145809,20210618T123111,118.8979,122,A4,0.161750,0.752136,1
20210219T145809,20210618T123111,118.8979,123,A4,0.125213,0.463794,0
20210219T145809,20210618T123111,118.8979,124,A4,-0.016997,0.137240,0
20210219T145809,20210618T123111,118.8979,125,A4,0.461203,0.052807,1
20210219T145809,20210618T123111,118.8979,126,A4,0.406116,0.006914,1
20210219T145809,20210618T123111,118.8979,127,A4,-0.188009,0.457878,0
20210219T145809,20210618T123111,118.8979,128,A4,-0.473366,1.056287,0
20210219T145809,20210618T123111,118.8979,129,A5,0.142818,0.982895,0
20210219T145809,20210618T123111,118.8979,130,A5,0.142845,1.043358,0
20210219T145809,20210618T123111,118.8979,131,A5,-0.127930,0.000000,1
20210219T145809,20210618T123111,118.8979,132,A5,-0.066576,0.108899,1
20210219T145809,20210618T123111,118.8979,133,A5,0.087186,0.045362,1
20210219T145809,20210618T123111,118.8979,134,A5,-0.040297,0.000000,1
20210219T145809,20210618T123111,118.8979,135,A5,0.336786,0.182342,0
20210219T145809,20210618T123111,118.8979,136,A5,0.683090,0.622882,1
20210219T145809,20210618T123111,118.8979,137,A5,0.288269,0.881148,1
20210219T145809,20210618T123111,118.8979,138,A5,0.048464,0.987686,1
20210219T145809,20210618T123111,118.8979,139,A5,0.215332,0.017167,1
20210219T145809,20210618T123111,118.8979,140,A5,-0.166286,0.697822,1
20210219T145809,20210618T123111,118.8979,141,A5,0.278267,0.022593,1
20210219T145809,20210618T123111,118.8979,142,A5,0.109121,0.834401,1
20210219T145809,20210618T123111,118.8979,143,A5,0.182604,0.790673,1
20210219T145809,20210618T123111,118.8979,144,A5,-0.030232,1.043707,0
20210219T145809,20210618T123111,118.8979,145,A5,-0.008806,0.757143,1
20210219T145809,20210618T123111,118.8979,146,A5,-0.031176,1.200263,0
20210219T145809,20210618T123111,118.8979,147,A5,0.100853,0.386809,0
20210219T145809,20210618T123111,118.8979,148,A5,-0.040216,1.279940,0
20210219T145809,20210618T123111,118.8979,149,A5,0.003093,0.173727,1
20210219T145809,20210618T123111,118.8979,150,A5,0.007166,0.989007,1
20210219T145809,20210618T123111,118.8979,151,A5,0.112231,1.013483,0
20210219T145809,20210618T123111,118.8979,152,A5,0.207844,1.001156,0
20210219T145809,20210618T123111,118.8979,153,A5,0.092229,1.339586,0
20210219T145809,20210618T123111,118.8979,154,A5,0.319695,1.160152,0
20210219T145809,20210618T123111,118.8979,155,A5,-0.025779,1.658226,0
20210219T145809,20210618T123111,118.8979,156,A5,-0.006114,0.248222,0
20210219T145809,20210618T123111,118.8979,157,A5,-0.024970,1.037040,0
20210219T145809,20210618T123111,118.8979,158,A5,0.163414,0.976814,1
20210219T145809,20210618T123111,118.8979,159,A5,-0.065333,0.876560,1
20210219T145809,20210618T123111,118.8979,160,A5,-0.074705,1.244662,0
20210219T145809,20210623T140144,123.9608,1,A1,-0.053935,1.159411,0
20210219T145809,20210623T140144,123.9608,2,A1,-0.047571,1.126655,0
20210219T145809,20210623T140144,123.9608,3,A1,-0.104087,1.411413,0
20210219T145809,20210623T140144,123.9608,4,A1,0.061343,1.134540,0
20210219T145809,20210623T140144,123.9608,5,A1,-0.051092,0.939973,1
20210219T145809,20210623T140144,123.9608,6,A1,-0.212629,0.457101,1
20210219T145809,20210623T140144,123.9608,7,A1,0.115360,0.563002,1
20210219T145809,20210623T140144,123.9608,8,A1,0.101867,0.345647,1
20210219T145809,20210623T140144,123.9608,9,A1,-0.292934,0.388130,0
20210219T145809,20210623T140144,123.9608,10,A1,0.412694,1.252700,0
20210219T145809,20210623T140144,123.9608,11,A1,-0.194663,1.089100,0
20210219T145809,20210623T140144,123.9608,12,A1,-0.447334,1.191177,0
20210219T145809,20210623T140144,123.9608,13,A1,-0.104310,0.620840,0
20210219T145809,20210623T140144,123.9608,14,A1,0.134644,0.960433,0
20210219T145809,20210623T140144,123.9608,15,A1,0.182985,0.311917,1
20210219T145809,20210623T140144,123.9608,16,A1,-0.135132,0.077934,1
20210219T145809,20210623T140144,123.9608,17,A1,-0.248369,0.923813,1
20210219T145809,20210623T140144,123.9608,18,A1,0.170038,0.783476,1
20210219T145809,20210623T140144,123.9608,19,A1,0.176867,0.183013,1
20210219T145809,20210623T140144,123.9608,20,A1,-0.454292,0.058530,1
20210219T145809,20210623T140144,123.9608,21,A1,0.056583,0.497815,0
20210219T145809,20210623T140144,123.9608,22,A1,-0.260733,0.334301,0
20210219T145809,20210623T140144,123.9608,23,A1,0.340766,0.226095,1
20210219T145809,20210623T140144,123.9608,24,A1,0.248985,0.546229,1
20210219T145809,20210623T140144,123.9608,25,A1,-0.275380,0.842944,1
20210219T145809,20210623T140144,123.9608,26,A1,0.726009,0.311438,1
20210219T145809,20210623T140144,123.9608,27,A1,-0.195569,0.511853,0
20210219T145809,20210623T140144,123.9608,28,A1,-0.242731,1.218534,0
20210219T145809,20210623T140144,123.9608,29,A1,-0.028956,1.234608,0
20210219T145809,20210623T140144,123.9608,30,A1,0.197416,0.481629,1
20210219T145809,20210623T140144,123.9608,31,A1,0.084524,0.740984,0
20210219T145809,20210623T140144,123.9608,32,A1,-0.636690,1.095388,0
20210219T145809,20210623T140144,123.9608,33,A2,0.032707,0.337049,1
20210219T145809,20210623T140144,123.9608,34,A2,0.010254,0.726256,0
20210219T145809,20210623T140144,123.9608,35,A2,-0.111072,0.121079,1
20210219T145809,20210623T140144,123.9608,36,A2,-0.390426,0.097666,1
20210219T145809,20210623T140144,123.9608,37,A2,0.154152,0.109673,1
20210219T145809,20210623T140144,123.9608,38,A2,-0.089002,0.138598,0
20210219T145809,20210623T140144,123.9608,39,A2,0.490253,0.691553,0
20210219T145809,20210623T140144,123.9608,40,A2,0.100340,0.425130,1
20210219T145809,20210623T140144,123.9608,41,A2,0.135814,0.042186,1
20210219T145809,20210623T140144,123.9608,42,A2,0.041359,0.605312,0
20210219T145809,20210623T140144,123.9608,43,A2,0.226096,0.988551,1
20210219T145809,20210623T140144,123.9608,44,A2,0.423365,0.481388,0
20210219T145809,20210623T140144,123.9608,45,A2,0.110308,0.295544,1
20210219T145809,20210623T140144,123.9608,46,A2,0.097145,0.667071,1
20210219T145809,20210623T140144,123.9608,47,A2,-0.094041,0.947814,1
20210219T145809,20210623T140144,123.9608,48,A2,-0.051824,0.888852,1
20210219T145809,20210623T140144,123.9608,49,A2,-0.515625,1.850149,0
20210219T145809,20210623T140144,123.9608,50,A2,-0.037037,0.238960,0
20210219T145809,20210623T140144,123.9608,51,A2,-0.078744,0.805693,1
20210219T145809,20210623T140144,123.9608,52,A2,0.463842,0.788297,1
20210219T145809,20210623T140144,123.9608,53,A2,0.187764,0.096200,1
20210219T145809,20210623T140144,123.9608,54,A2,-0.523508,0.743826,0
20210219T145809,20210623T140144,123.9608,55,A2,0.382757,0.114433,1
20210219T145809,20210623T140144,123.9608,56,A2,0.248619,0.348052,1
20210219T145809,20210623T140144,123.9608,57,A2,0.062074,0.513015,1
20210219T145809,20210623T140144,123.9608,58,A2,-0.024595,1.690775,0
20210219T145809,20210623T140144,123.9608,59,A2,0.037187,0.990187,1
20210219T145809,20210623T140144,123.9608,60,A2,-0.017789,0.407599,1
20210219T145809,20210623T140144,123.9608,61,A2,-0.177336,1.089329,0
20210219T145809,20210623T140144,123.9608,62,A2,-0.330128,0.158713,1
20210219T145809,20210623T140144,123.9608,63,A2,0.147022,0.000000,1
20210219T145809,20210623T140144,123.9608,64,A2,0.068312,0.648607,0
20210219T145809,20210623T140144,123.9608,65,A3,0.201423,0.710606,0
20210219T145809,20210623T140144,123.9608,66,A3,0.051213,0.872795,1
20210219T145809,20210623T140144,123.9608,67,A3,-0.160416,0.971584,1
20210219T145809,20210623T140144,123.9608,68,A3,0.090618,0.402725,1
20210219T145809,20210623T140144,123.9608,69,A3,-0.092849,0.226411,1
20210219T145809,20210623T140144,123.9608,70,A3,0.156094,0.112598,0
20210219T145809,20210623T140144,123.9608,71,A3,0.214825,0.291219,0
20210219T145809,20210623T140144,123.9608,72,A3,0.172740,0.389329,0
20210219T145809,20210623T140144,123.9608,73,A3,-0.085184,1.169302,0
20210219T145809,20210623T140144,123.9608,74,A3,0.151620,0.129336,0
20210219T145809,20210623T140144,123.9608,75,A3,-0.032481,0.408158,1
20210219T145809,20210623T140144,123.9608,76,A3,0.311544,0.457015,0
20210219T145809,20210623T140144,123.9608,77,A3,-0.252698,0.410563,1
20210219T145809,20210623T140144,123.9608,78,A3,-0.017602,0.563075,0
20210219T145809,20210623T140144,123.9608,79,A3,-0.165637,0.168182,1
20210219T145809,20210623T140144,123.9608,80,A3,-0.099375,0.239599,0
20210219T145809,20210623T140144,123.9608,81,A3,-0.212150,0.062492,1
20210219T145809,20210623T140144,123.9608,82,A3,0.057187,0.369512,0
20210219T145809,20210623T140144,123.9608,83,A3,0.084946,0.954282,1
20210219T145809,20210623T140144,123.9608,84,A3,-0.287312,0.096380,0
20210219T145809,20210623T140144,123.9608,85,A3,-0.113282,0.147529,1
20210219T145809,20210623T140144,123.9608,86,A3,-0.217705,0.221242,0
20210219T145809,20210623T140144,123.9608,87,A3,0.235928,0.208829,0
20210219T145809,20210623T140144,123.9608,88,A3,0.058792,0.714779,1
20210219T145809,20210623T140144,123.9608,89,A3,-0.000315,0.067001,0
20210219T145809,20210623T140144,123.9608,90,A3,0.132735,1.832347,0
20210219T145809,20210623T140144,123.9608,91,A3,-0.412166,0.376880,0
20210219T145809,20210623T140144,123.9608,92,A3,0.069879,0.131861,1
20210219T145809,20210623T140144,123.9608,93,A3,-0.062300,0.740681,0
20210219T145809,20210623T140144,123.9608,94,A3,-0.175030,0.011546,1
20210219T145809,20210623T140144,123.9608,95,A3,0.265130,1.020684,0
20210219T145809,20210623T140144,123.9608,96,A3,0.022336,0.057359,0
20210219T145809,20210623T140144,123.9608,97,A4,0.050566,0.810679,0
20210219T145809,20210623T140144,123.9608,98,A4,0.091075,0.864481,1
20210219T145809,20210623T140144,123.9608,99,A4,-0.274877,0.599524,0
20210219T145809,20210623T140144,123.9608,100,A4,0.397187,0.631802,1
20210219T145809,20210623T140144,123.9608,101,A4,-0.236026,1.578938,0
20210219T145809,20210623T140144,123.9608,102,A4,0.492309,0.764718,0
20210219T145809,20210623T140144,123.9608,103,A4,0.035448,0.062084,1
20210219T145809,20210623T140144,123.9608,104,A4,0.266027,0.910808,1
20210219T145809,20210623T140144,123.9608,105,A4,0.121139,0.432237,1
20210219T145809,20210623T140144,123.9608,106,A4,0.040099,0.167499,1
20210219T145809,20210623T140144,123.9608,107,A4,-0.142065,1.006601,0
20210219T145809,20210623T140144,123.9608,108,A4,-0.036714,0.897237,1
20210219T145809,20210623T140144,123.9608,109,A4,0.358972,1.133364,0
20210219T145809,20210623T140144,123.9608,110,A4,0.044019,0.988177,1
20210219T145809,20210623T140144,123.9608,111,A4,-0.253078,0.467482,0
20210219T145809,20210623T140144,123.9608,112,A4,-0.000075,0.068036,1
20210219T145809,20210623T140144,123.9608,113,A4,0.474848,0.262508,1
20210219T145809,20210623T140144,123.9608,114,A4,0.103228,0.303665,0
20210219T145809,20210623T140144,123.9608,115,A4,0.152790,0.903226,1
20210219T145809,20210623T140144,123.9608,116,A4,-0.140025,1.292961,0
20210219T145809,20210623T140144,123.9608,117,A4,0.062527,0.265755,0
20210219T145809,20210623T140144,123.9608,118,A4,0.102036,0.306132,0
20210219T145809,20210623T140144,123.9608,119,A4,0.190320,0.648203,0
20210219T145809,20210623T140144,123.9608,120,A4,-0.065035,0.718447,1
20210219T145809,20210623T140144,123.9608,121,A4,0.271692,0.005341,1
20210219T145809,20210623T140144,123.9608,122,A4,0.073275,1.247864,0
20210219T145809,20210623T140144,123.9608,123,A4,0.270834,0.046412,0
20210219T145809,20210623T140144,123.9608,124,A4,-0.017984,0.259167,0
20210219T145809,20210623T140144,123.9608,125,A4,0.108610,0.043092,1
20210219T145809,20210623T140144,123.9608,126,A4,-0.253493,0.059572,1
20210219T145809,20210623T140144,123.9608,127,A4,-0.425630,1.267526,0
20210219T145809,20210623T140144,123.9608,128,A4,-0.190379,0.120084,1
20210219T145809,20210623T140144,123.9608,129,A5,0.088296,0.138916,1
20210219T145809,20210623T140144,123.9608,130,A5,0.425680,0.804530,1
20210219T145809,20210623T140144,123.9608,131,A5,0.026600,1.683620,0
20210219T145809,20210623T140144,123.9608,132,A5,0.069812,0.248780,1
20210219T145809,20210623T140144,123.9608,133,A5,0.027583,0.625599,0
20210219T145809,20210623T140144,123.9608,134,A5,0.125317,2.000000,0
20210219T145809,20210623T140144,123.9608,135,A5,0.289819,0.451776,1
20210219T145809,20210623T140144,123.9608,136,A5,0.541181,0.845959,1
20210219T145809,20210623T140144,123.9608,137,A5,0.189518,0.176433,0
20210219T145809,20210623T140144,123.9608,138,A5,-0.022878,0.643394,0
20210219T145809,20210623T140144,123.9608,139,A5,-0.236812,0.205069,0
20210219T145809,20210623T140144,123.9608,140,A5,0.190329,0.013608,1
20210219T145809,20210623T140144,123.9608,141,A5,0.053641,0.390397,1
20210219T145809,20210623T140144,123.9608,142,A5,-0.035886,0.072140,1
20210219T145809,20210623T140144,123.9608,143,A5,0.289085,0.389013,0
20210219T145809,20210623T140144,123.9608,144,A5,0.251028,0.251205,1
20210219T145809,20210623T140144,123.9608,145,A5,0.262885,0.453130,0
20210219T145809,20210623T140144,123.9608,146,A5,0.220402,0.729226,1
20210219T145809,20210623T140144,123.9608,147,A5,0.065271,0.202736,0
20210219T145809,20210623T140144,123.9608,148,A5,0.054310,0.151002,1
20210219T145809,20210623T140144,123.9608,149,A5,-0.116576,1.092461,0
20210219T145809,20210623T140144,123.9608,150,A5,-0.020007,0.333978,1
20210219T145809,20210623T140144,123.9608,151,A5,0.110393,0.583492,1
20210219T145809,20210623T140144,123.9608,152,A5,0.235813,0.336515,1
20210219T145809,20210623T140144,123.9608,153,A5,0.257448,0.012779,1
20210219T145809,20210623T140144,123.9608,154,A5,-0.047961,0.086899,1
20210219T145809,20210623T140144,123.9608,155,A5,-0.159272,1.118498,0
20210219T145809,20210623T140144,123.9608,156,A5,0.177100,0.241428,1
20210219T145809,20210623T140144,123.9608,157,A5,0.034713,0.077157,0
20210219T145809,20210623T140144,123.9608,158,A5,-0.036371,0.159604,0
20210219T145809,20210623T140144,123.9608,159,A5,0.043149,0.044902,1
20210219T145809,20210623T140144,123.9608,160,A5,-0.033894,0.427571,1
20210219T145809,20210625T141512,125.9702,1,A1,0.115968,0.547780,0
20210219T145809,20210625T141512,125.9702,2,A1,0.561133,1.265591,0
20210219T145809,20210625T141512,125.9702,3,A1,-0.101916,1.231967,0
20210219T145809,20210625T141512,125.9702,4,A1,0.096435,1.134540,0
20210219T145809,20210625T141512,125.9702,5,A1,0.000051,0.798858,1
20210219T145809,20210625T141512,125.9702,6,A1,0.518879,0.471931,1
20210219T145809,20210625T141512,125.9702,7,A1,-0.118495,0.000000,1
20210219T145809,20210625T141512,125.9702,8,A1,-0.130010,0.345647,1
20210219T145809,20210625T141512,125.9702,9,A1,-0.190732,0.174052,1
20210219T145809,20210625T141512,125.9702,10,A1,0.258762,1.023490,0
20210219T145809,20210625T141512,125.9702,11,A1,-0.061334,1.922497,0
20210219T145809,20210625T141512,125.9702,12,A1,-0.583483,1.191177,0
20210219T145809,20210625T141512,125.9702,13,A1,-0.409877,1.061711,0
20210219T145809,20210625T141512,125.9702,14,A1,-0.041637,0.927677,1
20210219T145809,20210625T141512,125.9702,15,A1,0.194995,0.722298,1
20210219T145809,20210625T141512,125.9702,16,A1,0.068251,0.874442,1
20210219T145809,20210625T141512,125.9702,17,A1,-0.240027,0.758846,1
20210219T145809,20210625T141512,125.9702,18,A1,-0.175420,0.091247,1
20210219T145809,20210625T141512,125.9702,19,A1,0.506746,0.354020,1
20210219T145809,20210625T141512,125.9702,20,A1,-0.347864,0.049468,1
20210219T145809,20210625T141512,125.9702,21,A1,-0.112431,1.062777,0
20210219T145809,20210625T141512,125.9702,22,A1,-0.049776,1.270185,0
20210219T145809,20210625T141512,125.9702,23,A1,0.184923,0.631717,0
20210219T145809,20210625T141512,125.9702,24,A1,0.306844,0.464411,1
20210219T145809,20210625T141512,125.9702,25,A1,-0.139130,0.842944,1
20210219T145809,20210625T141512,125.9702,26,A1,0.019552,0.646607,1
20210219T145809,20210625T141512,125.9702,27,A1,-0.033850,0.179058,1
20210219T145809,20210625T141512,125.9702,28,A1,-0.196823,1.502143,0
20210219T145809,20210625T141512,125.9702,29,A1,0.348238,0.539083,0
20210219T145809,20210625T141512,125.9702,30,A1,-0.094734,1.064584,0
20210219T145809,20210625T141512,125.9702,31,A1,0.124870,1.201964,0
20210219T145809,20210625T141512,125.9702,32,A1,-0.624962,1.095388,0
20210219T145809,20210625T141512,125.9702,33,A2,0.190955,0.525411,1
20210219T145809,20210625T141512,125.9702,34,A2,-0.006214,0.992676,0
20210219T145809,20210625T141512,125.9702,35,A2,0.059957,0.229689,0
20210219T145809,20210625T141512,125.9702,36,A2,-0.260596,0.048603,1
20210219T145809,20210625T141512,125.9702,37,A2,-0.051738,0.855632,1
20210219T145809,20210625T141512,125.9702,38,A2,0.285172,1.073490,0
20210219T145809,20210625T141512,125.9702,39,A2,0.169434,0.146335,0
20210219T145809,20210625T141512,125.9702,40,A2,-0.092018,1.574870,0
20210219T145809,20210625T141512,125.9702,41,A2,0.540477,0.312911,0
20210219T145809,20210625T141512,125.9702,42,A2,-0.244410,1.483749,0
20210219T145809,20210625T141512,125.9702,43,A2,0.120153,0.002455,1
20210219T145809,20210625T141512,125.9702,44,A2,-0.164202,0.750783,1
20210219T145809,20210625T141512,125.9702,45,A2,-0.010114,0.986071,1
20210219T145809,20210625T141512,125.9702,46,A2,-0.010522,0.667071,1
20210219T145809,20210625T141512,125.9702,47,A2,0.072449,0.947814,1
20210219T145809,20210625T141512,125.9702,48,A2,0.104726,0.111890,0
20210219T145809,20210625T141512,125.9702,49,A2,-0.521674,1.850149,0
20210219T145809,20210625T141512,125.9702,50,A2,0.042571,1.100256,0
20210219T145809,20210625T141512,125.9702,51,A2,-0.168511,0.805693,1
20210219T145809,20210625T141512,125.9702,52,A2,0.256673,0.198094,1
20210219T145809,20210625T141512,125.9702,53,A2,0.365656,0.658249,1
20210219T145809,20210625T141512,125.9702,54,A2,-0.601545,0.839440,0
20210219T145809,20210625T141512,125.9702,55,A2,0.229118,0.521555,1
20210219T145809,20210625T141512,125.9702,56,A2,0.176773,0.470755,1
20210219T145809,20210625T141512,125.9702,57,A2,0.120528,0.788038,1
20210219T145809,20210625T141512,125.9702,58,A2,0.118069,0.309225,1
20210219T145809,20210625T141512,125.9702,59,A2,0.183435,0.990187,1
20210219T145809,20210625T141512,125.9702,60,A2,-0.060722,0.120644,0
20210219T145809,20210625T141512,125.9702,61,A2,0.160710,0.088835,1
20210219T145809,20210625T141512,125.9702,62,A2,-0.212319,0.592559,1
20210219T145809,20210625T141512,125.9702,63,A2,0.397601,0.000000,1
20210219T145809,20210625T141512,125.9702,64,A2,-0.067841,1.173026,0
20210219T145809,20210625T141512,125.9702,65,A3,0.044317,0.348670,1
20210219T145809,20210625T141512,125.9702,66,A3,0.070550,0.681373,1
20210219T145809,20210625T141512,125.9702,67,A3,0.241654,0.971584,1
20210219T145809,20210625T141512,125.9702,68,A3,-0.124017,0.518083,0
20210219T145809,20210625T141512,125.9702,69,A3,-0.146738,0.116889,1
20210219T145809,20210625T141512,125.9702,70,A3,0.122680,0.050115,0
20210219T145809,20210625T141512,125.9702,71,A3,-0.404769,0.728282,1
20210219T145809,20210625T141512,125.9702,72,A3,0.137583,1.361124,0
20210219T145809,20210625T141512,125.9702,73,A3,0.220310,0.559806,1
20210219T145809,20210625T141512,125.9702,74,A3,-0.099070,1.082333,0
20210219T145809,20210625T141512,125.9702,75,A3,-0.170518,0.802041,1
20210219T145809,20210625T141512,125.9702,76,A3,0.247675,0.961775,1
20210219T145809,20210625T141512,125.9702,77,A3,-0.251154,0.865834,0
20210219T145809,20210625T141512,125.9702,78,A3,-0.108478,0.214216,1
20210219T145809,20210625T141512,125.9702,79,A3,0.166367,0.544149,0
20210219T145809,20210625T141512,125.9702,80,A3,0.091887,0.549907,0
20210219T145809,20210625T141512,125.9702,81,A3,0.096809,0.460376,0
20210219T145809,20210625T141512,125.9702,82,A3,-0.009975,0.683467,0
20210219T145809,20210625T141512,125.9702,83,A3,0.046659,0.154484,1
20210219T145809,20210625T141512,125.9702,84,A3,0.064998,0.731680,0
20210219T145809,20210625T141512,125.9702,85,A3,0.085570,0.077644,1
20210219T145809,20210625T141512,125.9702,86,A3,0.050566,0.269608,0
20210219T145809,20210625T141512,125.9702,87,A3,-0.172079,0.173169,0
20210219T145809,20210625T141512,125.9702,88,A3,-0.198306,0.201006,1
20210219T145809,20210625T141512,125.9702,89,A3,0.133236,0.018039,1
20210219T145809,20210625T141512,125.9702,90,A3,-0.291251,0.802151,1
20210219T145809,20210625T141512,125.9702,91,A3,0.097358,0.869149,1
20210219T145809,20210625T141512,125.9702,92,A3,-0.255724,0.130321,0
20210219T145809,20210625T141512,125.9702,93,A3,0.206944,1.249220,0
20210219T145809,20210625T141512,125.9702,94,A3,0.209176,1.145665,0
20210219T145809,20210625T141512,125.9702,95,A3,0.317174,1.058621,0
20210219T145809,20210625T141512,125.9702,96,A3,0.113942,0.741390,0
20210219T145809,20210625T141512,125.9702,97,A4,0.034241,1.175688,0
20210219T145809,20210625T141512,125.9702,98,A4,-0.215450,1.068501,0
20210219T145809,20210625T141512,125.9702,99,A4,0.061345,0.708944,0
20210219T145809,20210625T141512,125.9702,100,A4,0.044643,0.280177,1
20210219T145809,20210625T141512,125.9702,101,A4,0.319440,0.353163,1
20210219T145809,20210625T141512,125.9702,102,A4,0.210685,1.487569,0
20210219T145809,20210625T141512,125.9702,103,A4,0.269940,0.343534,1
20210219T145809,20210625T141512,125.9702,104,A4,0.280204,1.916879,0
20210219T145809,20210625T141512,125.9702,105,A4,-0.058414,0.843068,0
20210219T145809,20210625T141512,125.9702,106,A4,-0.200803,0.599213,0
20210219T145809,20210625T141512,125.9702,107,A4,0.032427,0.993399,1
20210219T145809,20210625T141512,125.9702,108,A4,-0.027766,0.125714,1
20210219T145809,20210625T141512,125.9702,109,A4,-0.152751,1.529326,0
20210219T145809,20210625T141512,125.9702,110,A4,0.056440,0.819739,1
20210219T145809,20210625T141512,125.9702,111,A4,-0.013284,0.028789,1
20210219T145809,20210625T141512,125.9702,112,A4,0.078799,0.923929,1
20210219T145809,20210625T141512,125.9702,113,A4,0.197303,0.319283,1
20210219T145809,20210625T141512,125.9702,114,A4,0.129278,0.076366,1
20210219T145809,20210625T141512,125.9702,115,A4,0.081988,0.959693,1
20210219T145809,20210625T141512,125.9702,116,A4,0.020222,0.890351,0
20210219T145809,20210625T141512,125.9702,117,A4,0.153957,0.209372,0
20210219T145809,20210625T141512,125.9702,118,A4,0.153771,0.244573,0
20210219T145809,20210625T141512,125.9702,119,A4,0.227952,0.718862,0
20210219T145809,20210625T141512,125.9702,120,A4,-0.005712,1.276499,0
20210219T145809,20210625T141512,125.9702,121,A4,0.163372,0.021303,1
20210219T145809,20210625T141512,125.9702,122,A4,0.081925,0.625308,0
20210219T145809,20210625T141512,125.9702,123,A4,0.129820,1.032439,0
20210219T145809,20210625T141512,125.9702,124,A4,-0.079370,0.541282,1
20210219T145809,20210625T141512,125.9702,125,A4,-0.011706,0.941190,1
20210219T145809,20210625T141512,125.9702,126,A4,0.131700,0.701890,0
20210219T145809,20210625T141512,125.9702,127,A4,0.030665,1.267526,0
20210219T145809,20210625T141512,125.9702,128,A4,0.102335,0.404666,1
20210219T145809,20210625T141512,125.9702,129,A5,0.024025,1.263558,0
20210219T145809,20210625T141512,125.9702,130,A5,-0.237715,0.228591,0
20210219T145809,20210625T141512,125.9702,131,A5,-0.283111,2.000000,0
20210219T145809,20210625T141512,125.9702,132,A5,-0.153049,1.302792,0
20210219T145809,20210625T141512,125.9702,133,A5,-0.118466,0.862366,0
20210219T145809,20210625T141512,125.9702,134,A5,0.115190,2.000000,0
20210219T145809,20210625T141512,125.9702,135,A5,0.375242,0.844003,1
20210219T145809,20210625T141512,125.9702,136,A5,0.317246,1.175058,0
20210219T145809,20210625T141512,125.9702,137,A5,-0.264091,0.328041,0
20210219T145809,20210625T141512,125.9702,138,A5,-0.084804,0.692911,0
20210219T145809,20210625T141512,125.9702,139,A5,-0.190267,0.340837,0
20210219T145809,20210625T141512,125.9702,140,A5,-0.140403,0.834599,0
20210219T145809,20210625T141512,125.9702,141,A5,0.281246,0.937950,0
20210219T145809,20210625T141512,125.9702,142,A5,0.012861,1.165599,0
20210219T145809,20210625T141512,125.9702,143,A5,0.081671,0.272208,0
20210219T145809,20210625T141512,125.9702,144,A5,-0.259422,1.552115,0
20210219T145809,20210625T141512,125.9702,145,A5,-0.105274,0.358085,0
20210219T145809,20210625T141512,125.9702,146,A5,0.005600,0.170155,1
20210219T145809,20210625T141512,125.9702,147,A5,0.062985,0.813009,1
20210219T145809,20210625T141512,125.9702,148,A5,0.273186,0.271786,1
20210219T145809,20210625T141512,125.9702,149,A5,0.066663,1.826273,0
20210219T145809,20210625T141512,125.9702,150,A5,-0.063166,0.401455,0
20210219T145809,20210625T141512,125.9702,151,A5,0.205677,0.966371,1
20210219T145809,20210625T141512,125.9702,152,A5,-0.053077,0.106150,1
20210219T145809,20210625T141512,125.9702,153,A5,-0.139853,0.165508,1
20210219T145809,20210625T141512,125.9702,154,A5,0.118489,0.839848,1
20210219T145809,20210625T141512,125.9702,155,A5,0.180509,0.341774,1
20210219T145809,20210625T141512,125.9702,156,A5,0.419505,0.770201,1
20210219T145809,20210625T141512,125.9702,157,A5,-0.061313,0.962960,1
20210219T145809,20210625T141512,125.9702,158,A5,0.174746,1.023186,0
20210219T145809,20210625T141512,125.9702,159,A5,0.320459,1.123440,0
20210219T145809,20210625T141512,125.9702,160,A5,0.142855,0.415241,1
20210610T132106,20210618T123111,7.9653,1,A1,0.332750,1.176406,0
20210610T132106,20210618T123111,7.9653,2,A1,0.336581,0.176794,1
20210610T132106,20210618T123111,7.9653,3,A1,-0.210607,0.602473,0
20210610T132106,20210618T123111,7.9653,4,A1,0.658142,0.596654,1
20210610T132106,20210618T123111,7.9653,5,A1,-0.033765,1.627300,0
20210610T132106,20210618T123111,7.9653,6,A1,0.021327,0.364648,1
20210610T132106,20210618T123111,7.9653,7,A1,-0.096490,0.393154,1
20210610T132106,20210618T123111,7.9653,8,A1,0.571322,0.243721,1
20210610T132106,20210618T123111,7.9653,9,A1,0.125630,1.150930,0
20210610T132106,20210618T123111,7.9653,10,A1,0.155573,0.953847,0
20210610T132106,20210618T123111,7.9653,11,A1,0.073214,0.209879,1
20210610T132106,20210618T123111,7.9653,12,A1,0.451224,0.451470,1
20210610T132106,20210618T123111,7.9653,13,A1,-0.153051,0.189032,1
20210610T132106,20210618T123111,7.9653,14,A1,0.150905,0.336327,1
20210610T132106,20210618T123111,7.9653,15,A1,-0.198864,1.506772,0
20210610T132106,20210618T123111,7.9653,16,A1,0.384084,0.183018,0
20210610T132106,20210618T123111,7.9653,17,A1,0.313196,0.118146,1
20210610T132106,20210618T123111,7.9653,18,A1,-0.053722,0.493519,0
20210610T132106,20210618T123111,7.9653,19,A1,0.446035,0.469415,1
20210610T132106,20210618T123111,7.9653,20,A1,0.776859,0.171202,1
20210610T132106,20210618T123111,7.9653,21,A1,-0.115698,0.190259,1
20210610T132106,20210618T123111,7.9653,22,A1,-0.161943,0.332023,0
20210610T132106,20210618T123111,7.9653,23,A1,-0.328488,1.396391,0
20210610T132106,20210618T123111,7.9653,24,A1,0.827090,0.326370,1
20210610T132106,20210618T123111,7.9653,25,A1,0.224430,0.080376,1
20210610T132106,20210618T123111,7.9653,26,A1,0.011783,1.769151,0
20210610T132106,20210618T123111,7.9653,27,A1,0.275282,0.000000,1
20210610T132106,20210618T123111,7.9653,28,A1,0.611296,0.292680,1
20210610T132106,20210618T123111,7.9653,29,A1,0.016881,0.403683,1
20210610T132106,20210618T123111,7.9653,30,A1,0.352164,0.217272,1
20210610T132106,20210618T123111,7.9653,31,A1,0.355606,1.096398,0
20210610T132106,20210618T123111,7.9653,32,A1,0.910401,0.000000,1
20210610T132106,20210618T123111,7.9653,33,A2,0.268353,0.000000,1
20210610T132106,20210618T123111,7.9653,34,A2,0.304142,0.507883,1
20210610T132106,20210618T123111,7.9653,35,A2,0.034178,0.208020,1
20210610T132106,20210618T123111,7.9653,36,A2,0.293823,0.028739,1
20210610T132106,20210618T123111,7.9653,37,A2,0.160110,1.394493,0
20210610T132106,20210618T123111,7.9653,38,A2,0.098887,0.004916,1
20210610T132106,20210618T123111,7.9653,39,A2,0.206025,0.525794,0
20210610T132106,20210618T123111,7.9653,40,A2,0.187302,1.001509,0
20210610T132106,20210618T123111,7.9653,41,A2,0.108012,0.325522,0
20210610T132106,20210618T123111,7.9653,42,A2,-0.117358,0.534168,1
20210610T132106,20210618T123111,7.9653,43,A2,0.172855,0.186469,1
20210610T132106,20210618T123111,7.9653,44,A2,0.117702,0.053424,0
20210610T132106,20210618T123111,7.9653,45,A2,0.105155,0.565621,0
20210610T132106,20210618T123111,7.9653,46,A2,0.186337,0.799598,1
20210610T132106,20210618T123111,7.9653,47,A2,0.070127,1.405809,0
20210610T132106,20210618T123111,7.9653,48,A2,-0.215450,0.915705,1
20210610T132106,20210618T123111,7.9653,49,A2,0.256271,0.535174,1
20210610T132106,20210618T123111,7.9653,50,A2,0.138850,1.297103,0
20210610T132106,20210618T123111,7.9653,51,A2,-0.011984,0.710668,1
20210610T132106,20210618T123111,7.9653,52,A2,0.227715,0.168392,1
20210610T132106,20210618T123111,7.9653,53,A2,0.258373,0.000000,1
20210610T132106,20210618T123111,7.9653,54,A2,0.220089,0.240125,0
20210610T132106,20210618T123111,7.9653,55,A2,0.146880,0.050335,1
20210610T132106,20210618T123111,7.9653,56,A2,0.257899,0.127773,0
20210610T132106,20210618T123111,7.9653,57,A2,-0.036633,0.379475,1
20210610T132106,20210618T123111,7.9653,58,A2,0.097215,0.965724,0
20210610T132106,20210618T123111,7.9653,59,A2,-0.053847,0.202734,0
20210610T132106,20210618T123111,7.9653,60,A2,0.004899,0.125654,0
20210610T132106,20210618T123111,7.9653,61,A2,0.008099,0.401370,1
20210610T132106,20210618T123111,7.9653,62,A2,-0.083997,0.504027,1
20210610T132106,20210618T123111,7.9653,63,A2,-0.070574,0.038457,1
20210610T132106,20210618T123111,7.9653,64,A2,0.010618,0.953216,1
20210610T132106,20210618T123111,7.9653,65,A3,0.303530,0.191155,1
20210610T132106,20210618T123111,7.9653,66,A3,0.183393,0.653439,1
20210610T132106,20210618T123111,7.9653,67,A3,0.210327,1.346933,0
20210610T132106,20210618T123111,7.9653,68,A3,0.199351,0.224293,0
20210610T132106,20210618T123111,7.9653,69,A3,0.073667,0.198178,1
20210610T132106,20210618T123111,7.9653,70,A3,-0.161004,1.071874,0
20210610T132106,20210618T123111,7.9653,71,A3,-0.000361,0.117573,0
20210610T132106,20210618T123111,7.9653,72,A3,0.173430,0.185641,0
20210610T132106,20210618T123111,7.9653,73,A3,-0.234856,1.010323,0
20210610T132106,20210618T123111,7.9653,74,A3,0.098460,0.957109,1
20210610T132106,20210618T123111,7.9653,75,A3,-0.046092,2.000000,0
20210610T132106,20210618T123111,7.9653,76,A3,0.157590,0.386710,1
20210610T132106,20210618T123111,7.9653,77,A3,0.016730,0.043496,1
20210610T132106,20210618T123111,7.9653,78,A3,-0.010911,0.920112,1
20210610T132106,20210618T123111,7.9653,79,A3,-0.022518,0.852265,0
20210610T132106,20210618T123111,7.9653,80,A3,0.195951,2.000000,0
20210610T132106,20210618T123111,7.9653,81,A3,0.253577,0.542547,1
20210610T132106,20210618T123111,7.9653,82,A3,0.014553,1.692022,0
20210610T132106,20210618T123111,7.9653,83,A3,-0.029680,1.441185,0
20210610T132106,20210618T123111,7.9653,84,A3,-0.310625,0.879084,1
20210610T132106,20210618T123111,7.9653,85,A3,0.088524,0.269661,0
20210610T132106,20210618T123111,7.9653,86,A3,-0.187148,1.006663,0
20210610T132106,20210618T123111,7.9653,87,A3,-0.152312,0.351182,1
20210610T132106,20210618T123111,7.9653,88,A3,0.166418,0.506012,1
20210610T132106,20210618T123111,7.9653,89,A3,-0.003509,0.041621,1
20210610T132106,20210618T123111,7.9653,90,A3,0.200812,0.898859,1
20210610T132106,20210618T123111,7.9653,91,A3,-0.115421,0.237661,1
20210610T132106,20210618T123111,7.9653,92,A3,0.094545,1.154035,0
20210610T132106,20210618T123111,7.9653,93,A3,0.114569,0.722599,1
20210610T132106,20210618T123111,7.9653,94,A3,-0.187079,0.759141,1
20210610T132106,20210618T123111,7.9653,95,A3,-0.366896,1.067606,0
20210610T132106,20210618T123111,7.9653,96,A3,-0.312668,0.745972,1
20210610T132106,20210618T123111,7.9653,97,A4,0.691704,0.282213,1
20210610T132106,20210618T123111,7.9653,98,A4,-0.079411,0.197922,0
20210610T132106,20210618T123111,7.9653,99,A4,0.464343,0.218831,1
20210610T132106,20210618T123111,7.9653,100,A4,-0.079515,0.215991,0
20210610T132106,20210618T123111,7.9653,101,A4,-0.065124,0.420741,0
20210610T132106,20210618T123111,7.9653,102,A4,0.256655,0.492644,0
20210610T132106,20210618T123111,7.9653,103,A4,0.485449,0.054316,0
20210610T132106,20210618T123111,7.9653,104,A4,0.171097,0.176311,1
20210610T132106,20210618T123111,7.9653,105,A4,0.024709,0.025167,1
20210610T132106,20210618T123111,7.9653,106,A4,0.015127,0.625298,0
20210610T132106,20210618T123111,7.9653,107,A4,-0.216431,0.692671,1
20210610T132106,20210618T123111,7.9653,108,A4,-0.045109,0.470107,0
20210610T132106,20210618T123111,7.9653,109,A4,0.217165,1.060161,0
20210610T132106,20210618T123111,7.9653,110,A4,-0.126104,0.783739,0
20210610T132106,20210618T123111,7.9653,111,A4,0.156410,0.029014,1
20210610T132106,20210618T123111,7.9653,112,A4,0.188186,0.107892,0
20210610T132106,20210618T123111,7.9653,113,A4,0.873623,0.156341,1
20210610T132106,20210618T123111,7.9653,114,A4,0.284589,0.213755,0
20210610T132106,20210618T123111,7.9653,115,A4,0.205664,0.024072,1
20210610T132106,20210618T123111,7.9653,116,A4,-0.223155,0.151475,0
20210610T132106,20210618T123111,7.9653,117,A4,0.286626,0.172955,0
20210610T132106,20210618T123111,7.9653,118,A4,-0.127980,0.114160,1
20210610T132106,20210618T123111,7.9653,119,A4,-0.166427,0.045898,1
20210610T132106,20210618T123111,7.9653,120,A4,0.445228,0.076094,0
20210610T132106,20210618T123111,7.9653,121,A4,0.271074,0.030824,1
20210610T132106,20210618T123111,7.9653,122,A4,0.110675,0.996554,1
20210610T132106,20210618T123111,7.9653,123,A4,-0.091687,0.622043,0
20210610T132106,20210618T123111,7.9653,124,A4,0.076006,0.070216,0
20210610T132106,20210618T123111,7.9653,125,A4,-0.147868,0.198172,1
20210610T132106,20210618T123111,7.9653,126,A4,0.436850,0.004386,1
20210610T132106,20210618T123111,7.9653,127,A4,0.138762,0.460688,0
20210610T132106,20210618T123111,7.9653,128,A4,0.282031,0.101546,1
20210610T132106,20210618T123111,7.9653,129,A5,0.257251,0.107516,1
20210610T132106,20210618T123111,7.9653,130,A5,-0.017945,1.296592,0
20210610T132106,20210618T123111,7.9653,131,A5,-0.291023,1.501074,0
20210610T132106,20210618T123111,7.9653,132,A5,0.220025,0.588309,1
20210610T132106,20210618T123111,7.9653,133,A5,0.027028,0.399212,1
20210610T132106,20210618T123111,7.9653,134,A5,0.151618,0.044854,1
20210610T132106,20210618T123111,7.9653,135,A5,-0.166858,0.821845,1
20210610T132106,20210618T123111,7.9653,136,A5,0.360298,0.692095,1
20210610T132106,20210618T123111,7.9653,137,A5,-0.228420,0.703779,1
20210610T132106,20210618T123111,7.9653,138,A5,0.133182,1.809787,0
20210610T132106,20210618T123111,7.9653,139,A5,-0.062206,0.248427,0
20210610T132106,20210618T123111,7.9653,140,A5,0.145937,1.176998,0
20210610T132106,20210618T123111,7.9653,141,A5,0.232378,0.163180,1
20210610T132106,20210618T123111,7.9653,142,A5,0.383953,1.444261,0
20210610T132106,20210618T123111,7.9653,143,A5,0.115838,2.000000,0
20210610T132106,20210618T123111,7.9653,144,A5,0.226320,1.457126,0
20210610T132106,20210618T123111,7.9653,145,A5,0.408188,1.433525,0
20210610T132106,20210618T123111,7.9653,146,A5,0.307193,0.479136,0
20210610T132106,20210618T123111,7.9653,147,A5,-0.212830,0.574830,0
20210610T132106,20210618T123111,7.9653,148,A5,0.068822,2.000000,0
20210610T132106,20210618T123111,7.9653,149,A5,-0.225889,2.000000,0
20210610T132106,20210618T123111,7.9653,150,A5,-0.332792,0.000000,1
20210610T132106,20210618T123111,7.9653,151,A5,0.034357,0.820179,1
20210610T132106,20210618T123111,7.9653,152,A5,-0.085478,0.782681,1
20210610T132106,20210618T123111,7.9653,153,A5,0.359158,0.801873,1
20210610T132106,20210618T123111,7.9653,154,A5,0.020449,1.027996,0
20210610T132106,20210618T123111,7.9653,155,A5,0.123879,1.127135,0
20210610T132106,20210618T123111,7.9653,156,A5,-0.045619,0.097705,0
20210610T132106,20210618T123111,7.9653,157,A5,-0.223853,0.820451,1
20210610T132106,20210618T123111,7.9653,158,A5,-0.011802,0.832325,1
20210610T132106,20210618T123111,7.9653,159,A5,0.145050,1.600940,0
20210610T132106,20210618T123111,7.9653,160,A5,0.004205,1.824209,0
20210610T132106,20210623T140144,13.0282,1,A1,-0.113035,0.163069,1
20210610T132106,20210623T140144,13.0282,2,A1,0.342751,0.873345,1
20210610T132106,20210623T140144,13.0282,3,A1,0.066996,0.388754,1
20210610T132106,20210623T140144,13.0282,4,A1,0.592847,0.596654,1
20210610T132106,20210623T140144,13.0282,5,A1,-0.089815,0.000000,1
20210610T132106,20210623T140144,13.0282,6,A1,0.013449,0.102688,1
20210610T132106,20210623T140144,13.0282,7,A1,-0.075445,0.563002,1
20210610T132106,20210623T140144,13.0282,8,A1,0.705790,0.243721,1
20210610T132106,20210623T140144,13.0282,9,A1,0.151968,0.534457,0
20210610T132106,20210623T140144,13.0282,10,A1,0.038264,0.279455,1
20210610T132106,20210623T140144,13.0282,11,A1,-0.002891,0.910900,1
20210610T132106,20210623T140144,13.0282,12,A1,0.339668,0.451470,1
20210610T132106,20210623T140144,13.0282,13,A1,0.022323,0.546318,1
20210610T132106,20210623T140144,13.0282,14,A1,-0.158667,1.551784,0
20210610T132106,20210623T140144,13.0282,15,A1,-0.180966,1.688083,0
20210610T132106,20210623T140144,13.0282,16,A1,0.054067,0.037229,1
20210610T132106,20210623T140144,13.0282,17,A1,0.185558,0.718520,1
20210610T132106,20210623T140144,13.0282,18,A1,0.013662,1.227171,0
20210610T132106,20210623T140144,13.0282,19,A1,0.444214,0.067857,1
20210610T132106,20210623T140144,13.0282,20,A1,0.754769,0.062748,1
20210610T132106,20210623T140144,13.0282,21,A1,-0.082206,0.033732,1
20210610T132106,20210623T140144,13.0282,22,A1,-0.082019,0.247209,1
20210610T132106,20210623T140144,13.0282,23,A1,-0.208258,0.693957,1
20210610T132106,20210623T140144,13.0282,24,A1,0.747058,0.178452,1
20210610T132106,20210623T140144,13.0282,25,A1,0.161122,0.657452,1
20210610T132106,20210623T140144,13.0282,26,A1,0.483518,0.311438,1
20210610T132106,20210623T140144,13.0282,27,A1,0.222658,0.658310,1
20210610T132106,20210623T140144,13.0282,28,A1,0.416693,0.529572,0
20210610T132106,20210623T140144,13.0282,29,A1,0.365343,0.000000,1
20210610T132106,20210623T140144,13.0282,30,A1,-0.114658,0.963303,0
20210610T132106,20210623T140144,13.0282,31,A1,0.208597,0.635417,0
20210610T132106,20210623T140144,13.0282,32,A1,0.877486,0.000000,1
20210610T132106,20210623T140144,13.0282,33,A2,0.389399,0.533618,1
20210610T132106,20210623T140144,13.0282,34,A2,0.216453,0.249213,1
20210610T132106,20210623T140144,13.0282,35,A2,0.159533,0.162009,1
20210610T132106,20210623T140144,13.0282,36,A2,0.236383,0.192734,0
20210610T132106,20210623T140144,13.0282,37,A2,0.076097,0.648533,0
20210610T132106,20210623T140144,13.0282,38,A2,0.125168,0.090833,1
20210610T132106,20210623T140144,13.0282,39,A2,0.318765,0.446954,1
20210610T132106,20210623T140144,13.0282,40,A2,-0.083046,1.269915,0
20210610T132106,20210623T140144,13.0282,41,A2,0.222344,0.127751,1
20210610T132106,20210623T140144,13.0282,42,A2,0.169895,0.344269,1
20210610T132106,20210623T140144,13.0282,43,A2,-0.027042,0.882101,1
20210610T132106,20210623T140144,13.0282,44,A2,0.137899,0.245019,0
20210610T132106,20210623T140144,13.0282,45,A2,0.225843,0.099486,1
20210610T132106,20210623T140144,13.0282,46,A2,-0.081515,2.000000,0
20210610T132106,20210623T140144,13.0282,47,A2,-0.065046,1.405809,0
20210610T132106,20210623T140144,13.0282,48,A2,-0.156093,0.000000,1
20210610T132106,20210623T140144,13.0282,49,A2,0.469239,0.183308,1
20210610T132106,20210623T140144,13.0282,50,A2,0.301245,1.127961,0
20210610T132106,20210623T140144,13.0282,51,A2,-0.080020,0.710668,1
20210610T132106,20210623T140144,13.0282,52,A2,0.089608,0.701993,1
20210610T132106,20210623T140144,13.0282,53,A2,-0.219972,0.848968,1
20210610T132106,20210623T140144,13.0282,54,A2,0.223628,0.029656,1
20210610T132106,20210623T140144,13.0282,55,A2,0.441066,0.201632,0
20210610T132106,20210623T140144,13.0282,56,A2,0.282804,0.404891,0
20210610T132106,20210623T140144,13.0282,57,A2,0.422422,0.842918,0
20210610T132106,20210623T140144,13.0282,58,A2,-0.025245,0.108484,1
20210610T132106,20210623T140144,13.0282,59,A2,0.127895,1.041535,0
20210610T132106,20210623T140144,13.0282,60,A2,0.181532,0.308391,1
20210610T132106,20210623T140144,13.0282,61,A2,-0.018764,0.401370,1
20210610T132106,20210623T140144,13.0282,62,A2,0.043388,0.277420,1
20210610T132106,20210623T140144,13.0282,63,A2,-0.116445,0.364862,1
20210610T132106,20210623T140144,13.0282,64,A2,0.126512,0.428796,1
20210610T132106,20210623T140144,13.0282,65,A3,0.263366,0.073426,1
20210610T132106,20210623T140144,13.0282,66,A3,-0.067814,0.043819,1
20210610T132106,20210623T140144,13.0282,67,A3,0.134895,0.653067,1
20210610T132106,20210623T140144,13.0282,68,A3,-0.019075,0.572335,0
20210610T132106,20210623T140144,13.0282,69,A3,0.070536,0.127654,1
20210610T132106,20210623T140144,13.0282,70,A3,0.036136,0.892473,1
20210610T132106,20210623T140144,13.0282,71,A3,0.003790,0.012437,1
20210610T132106,20210623T140144,13.0282,72,A3,-0.037112,0.151256,0
20210610T132106,20210623T140144,13.0282,73,A3,-0.095216,0.764515,1
20210610T132106,20210623T140144,13.0282,74,A3,-0.011204,0.952997,1
20210610T132106,20210623T140144,13.0282,75,A3,-0.146534,0.538229,1
20210610T132106,20210623T140144,13.0282,76,A3,-0.210275,0.620932,0
20210610T132106,20210623T140144,13.0282,77,A3,-0.136361,0.042277,1
20210610T132106,20210623T140144,13.0282,78,A3,0.259662,0.849297,1
20210610T132106,20210623T140144,13.0282,79,A3,-0.049734,0.287037,1
20210610T132106,20210623T140144,13.0282,80,A3,0.200687,1.068548,0
20210610T132106,20210623T140144,13.0282,81,A3,0.357073,0.840032,0
20210610T132106,20210623T140144,13.0282,82,A3,0.104261,0.406665,1
20210610T132106,20210623T140144,13.0282,83,A3,0.047620,1.441185,0
20210610T132106,20210623T140144,13.0282,84,A3,0.017005,0.987437,1
20210610T132106,20210623T140144,13.0282,85,A3,-0.254636,0.016186,1
20210610T132106,20210623T140144,13.0282,86,A3,0.114648,1.082392,0
20210610T132106,20210623T140144,13.0282,87,A3,-0.105534,0.282535,1
20210610T132106,20210623T140144,13.0282,88,A3,-0.037343,0.775137,0
20210610T132106,20210623T140144,13.0282,89,A3,-0.103428,0.379958,1
20210610T132106,20210623T140144,13.0282,90,A3,-0.062928,2.000000,0
20210610T132106,20210623T140144,13.0282,91,A3,0.090891,0.314870,0
20210610T132106,20210623T140144,13.0282,92,A3,-0.029951,1.146540,0
20210610T132106,20210623T140144,13.0282,93,A3,0.175124,0.430344,1
20210610T132106,20210623T140144,13.0282,94,A3,0.056933,0.900604,0
20210610T132106,20210623T140144,13.0282,95,A3,-0.212327,1.962063,0
20210610T132106,20210623T140144,13.0282,96,A3,-0.172173,0.742079,1
20210610T132106,20210623T140144,13.0282,97,A4,0.141561,1.277029,0
20210610T132106,20210623T140144,13.0282,98,A4,0.079766,1.021411,0
20210610T132106,20210623T140144,13.0282,99,A4,-0.270099,0.368464,0
20210610T132106,20210623T140144,13.0282,100,A4,0.042595,0.026572,1
20210610T132106,20210623T140144,13.0282,101,A4,-0.093957,0.967397,1
20210610T132106,20210623T140144,13.0282,102,A4,0.267165,0.394565,0
20210610T132106,20210623T140144,13.0282,103,A4,0.012265,0.227381,0
20210610T132106,20210623T140144,13.0282,104,A4,-0.140925,0.008396,1
20210610T132106,20210623T140144,13.0282,105,A4,0.241145,0.622782,1
20210610T132106,20210623T140144,13.0282,106,A4,-0.109209,0.354454,1
20210610T132106,20210623T140144,13.0282,107,A4,-0.186471,0.900935,1
20210610T132106,20210623T140144,13.0282,108,A4,0.087315,0.581611,1
20210610T132106,20210623T140144,13.0282,109,A4,-0.198912,0.343971,0
20210610T132106,20210623T140144,13.0282,110,A4,0.144051,0.219999,1
20210610T132106,20210623T140144,13.0282,111,A4,-0.241920,0.225867,1
20210610T132106,20210623T140144,13.0282,112,A4,-0.269792,0.219185,0
20210610T132106,20210623T140144,13.0282,113,A4,0.565845,0.190692,1
20210610T132106,20210623T140144,13.0282,114,A4,0.158393,0.317974,0
20210610T132106,20210623T140144,13.0282,115,A4,0.070784,0.070742,1
20210610T132106,20210623T140144,13.0282,116,A4,-0.319961,0.923227,1
20210610T132106,20210623T140144,13.0282,117,A4,-0.139322,0.156438,0
20210610T132106,20210623T140144,13.0282,118,A4,-0.190571,0.058138,1
20210610T132106,20210623T140144,13.0282,119,A4,-0.330482,0.106477,1
20210610T132106,20210623T140144,13.0282,120,A4,-0.099814,0.939194,1
20210610T132106,20210623T140144,13.0282,121,A4,0.025850,0.053132,1
20210610T132106,20210623T140144,13.0282,122,A4,-0.036615,1.003446,0
20210610T132106,20210623T140144,13.0282,123,A4,-0.179462,0.204661,0
20210610T132106,20210623T140144,13.0282,124,A4,-0.057631,0.192144,0
20210610T132106,20210623T140144,13.0282,125,A4,-0.038993,0.102273,1
20210610T132106,20210623T140144,13.0282,126,A4,-0.005129,0.070872,1
20210610T132106,20210623T140144,13.0282,127,A4,0.453275,1.270336,0
20210610T132106,20210623T140144,13.0282,128,A4,-0.172604,0.834657,0
20210610T132106,20210623T140144,13.0282,129,A5,0.318808,1.014295,0
20210610T132106,20210623T140144,13.0282,130,A5,-0.081340,0.551296,1
20210610T132106,20210623T140144,13.0282,131,A5,0.018872,0.182546,1
20210610T132106,20210623T140144,13.0282,132,A5,-0.204005,0.945988,1
20210610T132106,20210623T140144,13.0282,133,A5,0.140519,0.979450,0
20210610T132106,20210623T140144,13.0282,134,A5,-0.005791,1.955146,0
20210610T132106,20210623T140144,13.0282,135,A5,-0.242119,1.455963,0
20210610T132106,20210623T140144,13.0282,136,A5,0.312547,0.915171,1
20210610T132106,20210623T140144,13.0282,137,A5,0.010663,0.353801,0
20210610T132106,20210623T140144,13.0282,138,A5,0.190545,0.178707,1
20210610T132106,20210623T140144,13.0282,139,A5,0.154128,0.026191,1
20210610T132106,20210623T140144,13.0282,140,A5,-0.120223,0.465568,0
20210610T132106,20210623T140144,13.0282,141,A5,-0.031094,0.249810,1
20210610T132106,20210623T140144,13.0282,142,A5,0.461255,0.537721,0
20210610T132106,20210623T140144,13.0282,143,A5,-0.090892,0.820314,1
20210610T132106,20210623T140144,13.0282,144,A5,0.072916,0.664624,1
20210610T132106,20210623T140144,13.0282,145,A5,0.033449,0.223252,1
20210610T132106,20210623T140144,13.0282,146,A5,0.079002,0.008099,1
20210610T132106,20210623T140144,13.0282,147,A5,0.059477,0.390756,0
20210610T132106,20210623T140144,13.0282,148,A5,0.026581,0.871062,1
20210610T132106,20210623T140144,13.0282,149,A5,0.151347,0.733811,1
20210610T132106,20210623T140144,13.0282,150,A5,-0.032854,0.655029,1
20210610T132106,20210623T140144,13.0282,151,A5,-0.072165,0.776796,0
20210610T132106,20210623T140144,13.0282,152,A5,-0.198608,0.554990,0
20210610T132106,20210623T140144,13.0282,153,A5,-0.163217,0.524934,0
20210610T132106,20210623T140144,13.0282,154,A5,-0.069197,0.045257,1
20210610T132106,20210623T140144,13.0282,155,A5,0.062055,0.587408,0
20210610T132106,20210623T140144,13.0282,156,A5,0.096296,0.391946,1
20210610T132106,20210623T140144,13.0282,157,A5,0.158478,0.139433,1
20210610T132106,20210623T140144,13.0282,158,A5,-0.138022,0.304093,0
20210610T132106,20210623T140144,13.0282,159,A5,-0.108073,0.679478,0
20210610T132106,20210623T140144,13.0282,160,A5,0.200092,0.151975,1
20210610T132106,20210625T141512,15.0376,1,A1,-0.246208,0.448562,1
20210610T132106,20210625T141512,15.0376,2,A1,0.468197,0.734409,1
20210610T132106,20210625T141512,15.0376,3,A1,0.242359,0.209309,1
20210610T132106,20210625T141512,15.0376,4,A1,0.633478,0.596654,1
20210610T132106,20210625T141512,15.0376,5,A1,-0.035494,0.141115,1
20210610T132106,20210625T141512,15.0376,6,A1,-0.039251,0.087859,1
20210610T132106,20210625T141512,15.0376,7,A1,-0.115095,0.000000,1
20210610T132106,20210625T141512,15.0376,8,A1,0.566405,0.243721,1
20210610T132106,20210625T141512,15.0376,9,A1,-0.210454,0.027725,1
20210610T132106,20210625T141512,15.0376,10,A1,-0.200293,0.508665,1
20210610T132106,20210625T141512,15.0376,11,A1,-0.286898,0.077503,1
20210610T132106,20210625T141512,15.0376,12,A1,0.329583,0.451470,1
20210610T132106,20210625T141512,15.0376,13,A1,-0.120058,0.105446,1
20210610T132106,20210625T141512,15.0376,14,A1,-0.034428,0.336327,1
20210610T132106,20210625T141512,15.0376,15,A1,-0.011196,1.277702,0
20210610T132106,20210625T141512,15.0376,16,A1,0.217670,0.833737,1
20210610T132106,20210625T141512,15.0376,17,A1,0.120958,0.553553,1
20210610T132106,20210625T141512,15.0376,18,A1,-0.049236,0.352448,0
20210610T132106,20210625T141512,15.0376,19,A1,0.490904,0.604889,1
20210610T132106,20210625T141512,15.0376,20,A1,0.753784,0.071810,1
20210610T132106,20210625T141512,15.0376,21,A1,0.001801,0.598694,1
20210610T132106,20210625T141512,15.0376,22,A1,-0.172694,0.688675,1
20210610T132106,20210625T141512,15.0376,23,A1,0.032361,1.099579,0
20210610T132106,20210625T141512,15.0376,24,A1,0.724526,0.260270,1
20210610T132106,20210625T141512,15.0376,25,A1,0.365154,0.657452,1
20210610T132106,20210625T141512,15.0376,26,A1,0.025183,0.646607,1
20210610T132106,20210625T141512,15.0376,27,A1,0.358331,1.349221,0
20210610T132106,20210625T141512,15.0376,28,A1,0.103042,0.813181,0
20210610T132106,20210625T141512,15.0376,29,A1,0.195717,0.695525,1
20210610T132106,20210625T141512,15.0376,30,A1,-0.047603,0.380348,1
20210610T132106,20210625T141512,15.0376,31,A1,0.421092,1.096398,0
20210610T132106,20210625T141512,15.0376,32,A1,0.899546,0.000000,1
20210610T132106,20210625T141512,15.0376,33,A2,0.389409,0.345256,1
20210610T132106,20210625T141512,15.0376,34,A2,-0.021631,0.017207,1
20210610T132106,20210625T141512,15.0376,35,A2,0.009563,0.188760,0
20210610T132106,20210625T141512,15.0376,36,A2,-0.100761,0.143671,0
20210610T132106,20210625T141512,15.0376,37,A2,-0.164005,1.394493,0
20210610T132106,20210625T141512,15.0376,38,A2,0.100155,0.844059,1
20210610T132106,20210625T141512,15.0376,39,A2,-0.054753,0.098264,1
20210610T132106,20210625T141512,15.0376,40,A2,-0.136403,0.730085,1
20210610T132106,20210625T141512,15.0376,41,A2,0.321526,0.398476,0
20210610T132106,20210625T141512,15.0376,42,A2,0.231293,0.534168,1
20210610T132106,20210625T141512,15.0376,43,A2,0.295948,0.108905,1
20210610T132106,20210625T141512,15.0376,44,A2,0.237155,0.987152,1
20210610T132106,20210625T141512,15.0376,45,A2,0.083855,0.790012,1
20210610T132106,20210625T141512,15.0376,46,A2,0.178291,2.000000,0
20210610T132106,20210625T141512,15.0376,47,A2,0.080685,1.405809,0
20210610T132106,20210625T141512,15.0376,48,A2,-0.215868,1.000742,0
20210610T132106,20210625T141512,15.0376,49,A2,0.524236,0.183308,1
20210610T132106,20210625T141512,15.0376,50,A2,-0.161398,1.989257,0
20210610T132106,20210625T141512,15.0376,51,A2,-0.144309,0.710668,1
20210610T132106,20210625T141512,15.0376,52,A2,-0.033218,0.111789,1
20210610T132106,20210625T141512,15.0376,53,A2,0.235039,0.286918,1
20210610T132106,20210625T141512,15.0376,54,A2,0.176884,0.065958,1
20210610T132106,20210625T141512,15.0376,55,A2,0.282746,0.608754,0
20210610T132106,20210625T141512,15.0376,56,A2,-0.088855,0.282189,0
20210610T132106,20210625T141512,15.0376,57,A2,0.216338,1.117941,0
20210610T132106,20210625T141512,15.0376,58,A2,-0.117599,1.891516,0
20210610T132106,20210625T141512,15.0376,59,A2,0.151918,1.041535,0
20210610T132106,20210625T141512,15.0376,60,A2,-0.243691,0.219851,0
20210610T132106,20210625T141512,15.0376,61,A2,0.187679,0.776795,0
20210610T132106,20210625T141512,15.0376,62,A2,-0.081239,0.711266,1
20210610T132106,20210625T141512,15.0376,63,A2,-0.081338,0.364862,1
20210610T132106,20210625T141512,15.0376,64,A2,-0.059375,0.953216,1
20210610T132106,20210625T141512,15.0376,65,A3,-0.202700,0.288509,0
20210610T132106,20210625T141512,15.0376,66,A3,0.006301,0.147603,1
20210610T132106,20210625T141512,15.0376,67,A3,-0.123450,0.653067,1
20210610T132106,20210625T141512,15.0376,68,A3,-0.344933,0.348472,1
20210610T132106,20210625T141512,15.0376,69,A3,0.218447,0.237176,1
20210610T132106,20210625T141512,15.0376,70,A3,0.068031,0.954956,1
20210610T132106,20210625T141512,15.0376,71,A3,-0.244394,1.031938,0
20210610T132106,20210625T141512,15.0376,72,A3,-0.162687,1.123050,0
20210610T132106,20210625T141512,15.0376,73,A3,0.127134,1.374011,0
20210610T132106,20210625T141512,15.0376,74,A3,0.236398,0.000000,1
20210610T132106,20210625T141512,15.0376,75,A3,0.179290,0.144346,1
20210610T132106,20210625T141512,15.0376,76,A3,0.250931,0.797859,1
20210610T132106,20210625T141512,15.0376,77,A3,-0.109401,0.412994,0
20210610T132106,20210625T141512,15.0376,78,A3,0.484047,1.198156,0
20210610T132106,20210625T141512,15.0376,79,A3,0.061472,0.999368,0
20210610T132106,20210625T141512,15.0376,80,A3,0.265230,1.378857,0
20210610T132106,20210625T141512,15.0376,81,A3,-0.240736,0.442148,1
20210610T132106,20210625T141512,15.0376,82,A3,-0.061164,0.092710,1
20210610T132106,20210625T141512,15.0376,83,A3,0.076504,0.641388,0
20210610T132106,20210625T141512,15.0376,84,A3,-0.020386,0.352137,1
20210610T132106,20210625T141512,15.0376,85,A3,0.119568,0.241358,1
20210610T132106,20210625T141512,15.0376,86,A3,-0.091534,1.130758,0
20210610T132106,20210625T141512,15.0376,87,A3,-0.234862,0.318195,1
20210610T132106,20210625T141512,15.0376,88,A3,-0.129907,1.690921,0
20210610T132106,20210625T141512,15.0376,89,A3,0.269132,0.428919,0
20210610T132106,20210625T141512,15.0376,90,A3,0.164792,0.969804,1
20210610T132106,20210625T141512,15.0376,91,A3,-0.225878,0.931159,1
20210610T132106,20210625T141512,15.0376,92,A3,-0.214272,0.884358,1
20210610T132106,20210625T141512,15.0376,93,A3,-0.087492,0.078195,1
20210610T132106,20210625T141512,15.0376,94,A3,-0.153546,0.233516,1
20210610T132106,20210625T141512,15.0376,95,A3,0.098294,2.000000,0
20210610T132106,20210625T141512,15.0376,96,A3,0.178504,0.058048,1
20210610T132106,20210625T141512,15.0376,97,A4,-0.215334,1.642037,0
20210610T132106,20210625T141512,15.0376,98,A4,-0.301729,0.911571,1
20210610T132106,20210625T141512,15.0376,99,A4,-0.149401,0.477884,0
20210610T132106,20210625T141512,15.0376,100,A4,-0.070593,0.378197,1
20210610T132106,20210625T141512,15.0376,101,A4,0.398656,0.964704,0
20210610T132106,20210625T141512,15.0376,102,A4,0.415913,1.117416,0
20210610T132106,20210625T141512,15.0376,103,A4,0.132525,0.508831,0
20210610T132106,20210625T141512,15.0376,104,A4,0.194184,1.014468,0
20210610T132106,20210625T141512,15.0376,105,A4,0.112385,0.652523,0
20210610T132106,20210625T141512,15.0376,106,A4,0.074018,1.121166,0
20210610T132106,20210625T141512,15.0376,107,A4,0.120209,1.099065,0
20210610T132106,20210625T141512,15.0376,108,A4,-0.071604,0.189911,1
20210610T132106,20210625T141512,15.0376,109,A4,-0.279576,0.739934,0
20210610T132106,20210625T141512,15.0376,110,A4,0.016816,0.051561,1
20210610T132106,20210625T141512,15.0376,111,A4,0.170598,0.270405,0
20210610T132106,20210625T141512,15.0376,112,A4,-0.080996,1.075079,0
20210610T132106,20210625T141512,15.0376,113,A4,0.573494,0.247467,1
20210610T132106,20210625T141512,15.0376,114,A4,-0.159109,0.090675,1
20210610T132106,20210625T141512,15.0376,115,A4,0.079562,0.014274,1
20210610T132106,20210625T141512,15.0376,116,A4,-0.056509,0.520618,1
20210610T132106,20210625T141512,15.0376,117,A4,0.106237,0.100056,0
20210610T132106,20210625T141512,15.0376,118,A4,-0.238784,0.003420,1
20210610T132106,20210625T141512,15.0376,119,A4,0.145139,0.177136,1
20210610T132106,20210625T141512,15.0376,120,A4,-0.380361,1.055753,0
20210610T132106,20210625T141512,15.0376,121,A4,-0.105740,0.026489,1
20210610T132106,20210625T141512,15.0376,122,A4,-0.025549,0.380889,0
20210610T132106,20210625T141512,15.0376,123,A4,0.112714,1.190688,0
20210610T132106,20210625T141512,15.0376,124,A4,0.180518,0.608305,1
20210610T132106,20210625T141512,15.0376,125,A4,-0.047304,0.795825,1
20210610T132106,20210625T141512,15.0376,126,A4,-0.108476,0.690590,0
20210610T132106,20210625T141512,15.0376,127,A4,-0.689513,1.270336,0
20210610T132106,20210625T141512,15.0376,128,A4,0.331598,0.550076,0
20210610T132106,20210625T141512,15.0376,129,A5,0.073573,0.388179,1
20210610T132106,20210625T141512,15.0376,130,A5,0.251646,0.481824,0
20210610T132106,20210625T141512,15.0376,131,A5,-0.052523,0.498926,1
20210610T132106,20210625T141512,15.0376,132,A5,-0.089435,2.000000,0
20210610T132106,20210625T141512,15.0376,133,A5,0.112150,1.216216,0
20210610T132106,20210625T141512,15.0376,134,A5,-0.176982,1.955146,0
20210610T132106,20210625T141512,15.0376,135,A5,-0.150765,1.848189,0
20210610T132106,20210625T141512,15.0376,136,A5,0.235428,1.244271,0
20210610T132106,20210625T141512,15.0376,137,A5,0.096371,0.505410,0
20210610T132106,20210625T141512,15.0376,138,A5,0.262233,0.129189,1
20210610T132106,20210625T141512,15.0376,139,A5,0.210208,0.109576,1
20210610T132106,20210625T141512,15.0376,140,A5,0.172868,0.355423,1
20210610T132106,20210625T141512,15.0376,141,A5,-0.154054,0.797364,0
20210610T132106,20210625T141512,15.0376,142,A5,-0.088437,0.555739,1
20210610T132106,20210625T141512,15.0376,143,A5,0.015593,0.937119,1
20210610T132106,20210625T141512,15.0376,144,A5,0.027195,1.965534,0
20210610T132106,20210625T141512,15.0376,145,A5,0.605929,0.318297,1
20210610T132106,20210625T141512,15.0376,146,A5,-0.163459,0.891282,1
20210610T132106,20210625T141512,15.0376,147,A5,0.288951,0.624988,1
20210610T132106,20210625T141512,15.0376,148,A5,-0.036589,0.991846,1
20210610T132106,20210625T141512,15.0376,149,A5,0.186641,0.000000,1
20210610T132106,20210625T141512,15.0376,150,A5,-0.014290,1.390462,0
20210610T132106,20210625T141512,15.0376,151,A5,0.289717,1.159675,0
20210610T132106,20210625T141512,15.0376,152,A5,-0.137663,0.324625,0
20210610T132106,20210625T141512,15.0376,153,A5,-0.227923,0.372205,0
20210610T132106,20210625T141512,15.0376,154,A5,-0.233822,0.972004,1
20210610T132106,20210625T141512,15.0376,155,A5,0.224225,0.872865,1
20210610T132106,20210625T141512,15.0376,156,A5,-0.092671,0.920718,1
20210610T132106,20210625T141512,15.0376,157,A5,0.184339,1.179549,0
20210610T132106,20210625T141512,15.0376,158,A5,0.040529,1.167675,0
20210610T132106,20210625T141512,15.0376,159,A5,0.185593,0.399060,1
20210610T132106,20210625T141512,15.0376,160,A5,0.073796,0.164306,1
20210618T123111,20210623T140144,5.0629,1,A1,-0.017036,1.339475,0
20210618T123111,20210623T140144,5.0629,2,A1,0.374819,0.696551,1
20210618T123111,20210623T140144,5.0629,3,A1,-0.033049,0.991227,0
20210618T123111,20210623T140144,5.0629,4,A1,0.765916,0.000000,1
20210618T123111,20210623T140144,5.0629,5,A1,0.013167,1.627300,0
20210618T123111,20210623T140144,5.0629,6,A1,-0.023835,0.467336,1
20210618T123111,20210623T140144,5.0629,7,A1,0.021567,0.169848,1
20210618T123111,20210623T140144,5.0629,8,A1,0.652528,0.000000,1
20210618T123111,20210623T140144,5.0629,9,A1,0.308172,0.616473,1
20210618T123111,20210623T140144,5.0629,10,A1,-0.052316,0.674392,0
20210618T123111,20210623T140144,5.0629,11,A1,0.246966,0.701021,1
20210618T123111,20210623T140144,5.0629,12,A1,0.571005,0.000000,1
20210618T123111,20210623T140144,5.0629,13,A1,0.217993,0.357286,1
20210618T123111,20210623T140144,5.0629,14,A1,0.069887,1.888110,0
20210618T123111,20210623T140144,5.0629,15,A1,0.227545,0.181311,1
20210618T123111,20210623T140144,5.0629,16,A1,-0.026212,0.220247,0
20210618T123111,20210623T140144,5.0629,17,A1,0.491226,0.600374,1
20210618T123111,20210623T140144,5.0629,18,A1,0.112434,0.733652,1
20210618T123111,20210623T140144,5.0629,19,A1,0.644796,0.401558,1
20210618T123111,20210623T140144,5.0629,20,A1,0.794547,0.108454,1
20210618T123111,20210623T140144,5.0629,21,A1,0.120441,0.223991,1
20210618T123111,20210623T140144,5.0629,22,A1,-0.041789,0.084814,0
20210618T123111,20210623T140144,5.0629,23,A1,0.388294,0.702434,0
20210618T123111,20210623T140144,5.0629,24,A1,0.835221,0.147918,1
20210618T123111,20210623T140144,5.0629,25,A1,-0.160211,0.577076,1
20210618T123111,20210623T140144,5.0629,26,A1,-0.190859,1.457713,0
20210618T123111,20210623T140144,5.0629,27,A1,-0.058988,0.658310,1
20210618T123111,20210623T140144,5.0629,28,A1,0.644225,0.236892,0
20210618T123111,20210623T140144,5.0629,29,A1,0.300203,0.403683,1
20210618T123111,20210623T140144,5.0629,30,A1,0.359204,0.746031,0
20210618T123111,20210623T140144,5.0629,31,A1,0.817935,0.460981,1
20210618T123111,20210623T140144,5.0629,32,A1,0.965661,0.000000,1
20210618T123111,20210623T140144,5.0629,33,A2,0.378442,0.533618,1
20210618T123111,20210623T140144,5.0629,34,A2,0.129360,0.258670,1
20210618T123111,20210623T140144,5.0629,35,A2,-0.177938,0.046012,1
20210618T123111,20210623T140144,5.0629,36,A2,0.307520,0.163995,0
20210618T123111,20210623T140144,5.0629,37,A2,0.271996,0.745959,1
20210618T123111,20210623T140144,5.0629,38,A2,-0.000176,0.095749,1
20210618T123111,20210623T140144,5.0629,39,A2,-0.016420,0.972748,0
20210618T123111,20210623T140144,5.0629,40,A2,-0.053777,0.268406,1
20210618T123111,20210623T140144,5.0629,41,A2,0.170099,0.197771,0
20210618T123111,20210623T140144,5.0629,42,A2,0.078101,0.878437,1
20210618T123111,20210623T140144,5.0629,43,A2,0.233518,0.695632,1
20210618T123111,20210623T140144,5.0629,44,A2,-0.014717,0.191594,1
20210618T123111,20210623T140144,5.0629,45,A2,0.073550,0.665107,0
20210618T123111,20210623T140144,5.0629,46,A2,-0.046711,1.200402,0
20210618T123111,20210623T140144,5.0629,47,A2,-0.057729,0.000000,1
20210618T123111,20210623T140144,5.0629,48,A2,-0.235390,0.915705,1
20210618T123111,20210623T140144,5.0629,49,A2,0.266707,0.718482,1
20210618T123111,20210623T140144,5.0629,50,A2,0.357047,0.169141,1
20210618T123111,20210623T140144,5.0629,51,A2,0.034492,0.000000,1
20210618T123111,20210623T140144,5.0629,52,A2,0.014941,0.533601,1
20210618T123111,20210623T140144,5.0629,53,A2,-0.022065,0.848968,1
20210618T123111,20210623T140144,5.0629,54,A2,0.202634,0.210468,0
20210618T123111,20210623T140144,5.0629,55,A2,0.103931,0.251967,0
20210618T123111,20210623T140144,5.0629,56,A2,0.426491,0.277118,1
20210618T123111,20210623T140144,5.0629,57,A2,0.273052,1.222393,0
20210618T123111,20210623T140144,5.0629,58,A2,-0.077847,1.074208,0
20210618T123111,20210623T140144,5.0629,59,A2,-0.169366,0.838801,1
20210618T123111,20210623T140144,5.0629,60,A2,0.037700,0.434046,0
20210618T123111,20210623T140144,5.0629,61,A2,0.149111,0.000000,1
20210618T123111,20210623T140144,5.0629,62,A2,0.210391,0.226606,1
20210618T123111,20210623T140144,5.0629,63,A2,0.094223,0.403319,1
20210618T123111,20210623T140144,5.0629,64,A2,0.369567,0.524420,1
20210618T123111,20210623T140144,5.0629,65,A3,0.212347,0.117729,1
20210618T123111,20210623T140144,5.0629,66,A3,-0.001430,0.697258,1
20210618T123111,20210623T140144,5.0629,67,A3,-0.079642,2.000000,0
20210618T123111,20210623T140144,5.0629,68,A3,-0.106043,0.348042,1
20210618T123111,20210623T140144,5.0629,69,A3,0.051546,0.325832,1
20210618T123111,20210623T140144,5.0629,70,A3,-0.094658,0.179401,0
20210618T123111,20210623T140144,5.0629,71,A3,0.075155,0.105137,0
20210618T123111,20210623T140144,5.0629,72,A3,0.229233,0.034385,1
20210618T123111,20210623T140144,5.0629,73,A3,0.045565,0.245809,0
20210618T123111,20210623T140144,5.0629,74,A3,-0.026653,0.004113,1
20210618T123111,20210623T140144,5.0629,75,A3,-0.245605,1.461771,0
20210618T123111,20210623T140144,5.0629,76,A3,-0.230307,1.007642,0
20210618T123111,20210623T140144,5.0629,77,A3,0.123866,0.001219,1
20210618T123111,20210623T140144,5.0629,78,A3,-0.045036,0.070815,1
20210618T123111,20210623T140144,5.0629,79,A3,-0.139014,0.565228,0
20210618T123111,20210623T140144,5.0629,80,A3,0.319273,0.931452,1
20210618T123111,20210623T140144,5.0629,81,A3,-0.071622,0.297484,0
20210618T123111,20210623T140144,5.0629,82,A3,-0.210683,1.285357,0
20210618T123111,20210623T140144,5.0629,83,A3,0.436642,0.000000,1
20210618T123111,20210623T140144,5.0629,84,A3,0.186732,0.108353,1
20210618T123111,20210623T140144,5.0629,85,A3,-0.127378,0.285847,0
20210618T123111,20210623T140144,5.0629,86,A3,-0.130237,0.075730,1
20210618T123111,20210623T140144,5.0629,87,A3,0.255920,0.068647,1
20210618T123111,20210623T140144,5.0629,88,A3,-0.070582,0.269125,0
20210618T123111,20210623T140144,5.0629,89,A3,0.186680,0.421578,1
20210618T123111,20210623T140144,5.0629,90,A3,0.021174,1.101141,0
20210618T123111,20210623T140144,5.0629,91,A3,0.081967,0.552531,0
20210618T123111,20210623T140144,5.0629,92,A3,0.070086,0.007496,1
20210618T123111,20210623T140144,5.0629,93,A3,-0.007221,0.292255,1
20210618T123111,20210623T140144,5.0629,94,A3,-0.000868,0.141463,0
20210618T123111,20210623T140144,5.0629,95,A3,0.234588,0.894457,1
20210618T123111,20210623T140144,5.0629,96,A3,0.194903,0.003893,1
20210618T123111,20210623T140144,5.0629,97,A4,0.228828,0.994816,0
20210618T123111,20210623T140144,5.0629,98,A4,0.038438,0.823490,1
20210618T123111,20210623T140144,5.0629,99,A4,-0.260514,0.587295,0
20210618T123111,20210623T140144,5.0629,100,A4,0.073172,0.242563,0
20210618T123111,20210623T140144,5.0629,101,A4,-0.091594,1.388138,0
20210618T123111,20210623T140144,5.0629,102,A4,-0.153344,0.098079,1
20210618T123111,20210623T140144,5.0629,103,A4,0.303350,0.173066,1
20210618T123111,20210623T140144,5.0629,104,A4,0.193546,0.184707,1
20210618T123111,20210623T140144,5.0629,105,A4,-0.099643,0.647949,1
20210618T123111,20210623T140144,5.0629,106,A4,0.069899,0.270843,0
20210618T123111,20210623T140144,5.0629,107,A4,0.024568,0.208264,1
20210618T123111,20210623T140144,5.0629,108,A4,0.047090,1.051719,0
20210618T123111,20210623T140144,5.0629,109,A4,-0.240119,0.716190,1
20210618T123111,20210623T140144,5.0629,110,A4,0.240454,0.563740,0
20210618T123111,20210623T140144,5.0629,111,A4,-0.125625,0.254880,1
20210618T123111,20210623T140144,5.0629,112,A4,0.201563,0.111293,1
20210618T123111,20210623T140144,5.0629,113,A4,0.513937,0.034351,1
20210618T123111,20210623T140144,5.0629,114,A4,-0.130544,0.104219,1
20210618T123111,20210623T140144,5.0629,115,A4,0.311334,0.046670,1
20210618T123111,20210623T140144,5.0629,116,A4,-0.388303,1.074702,0
20210618T123111,20210623T140144,5.0629,117,A4,0.023664,0.016516,1
20210618T123111,20210623T140144,5.0629,118,A4,0.071741,0.056022,1
20210618T123111,20210623T140144,5.0629,119,A4,0.303162,0.152375,1
20210618T123111,20210623T140144,5.0629,120,A4,-0.311034,1.015288,0
20210618T123111,20210623T140144,5.0629,121,A4,0.067295,0.022309,1
20210618T123111,20210623T140144,5.0629,122,A4,0.078644,2.000000,0
20210618T123111,20210623T140144,5.0629,123,A4,0.068832,0.417382,1
20210618T123111,20210623T140144,5.0629,124,A4,0.119931,0.121928,1
20210618T123111,20210623T140144,5.0629,125,A4,-0.090500,0.095898,1
20210618T123111,20210623T140144,5.0629,126,A4,-0.183015,0.066486,1
20210618T123111,20210623T140144,5.0629,127,A4,0.194110,0.809648,1
20210618T123111,20210623T140144,5.0629,128,A4,-0.060122,0.936203,0
20210618T123111,20210623T140144,5.0629,129,A5,0.262382,1.121811,0
20210618T123111,20210623T140144,5.0629,130,A5,-0.049911,1.847888,0
20210618T123111,20210623T140144,5.0629,131,A5,0.341180,1.683620,0
20210618T123111,20210623T140144,5.0629,132,A5,0.085417,0.357679,1
20210618T123111,20210623T140144,5.0629,133,A5,0.121677,0.580238,0
20210618T123111,20210623T140144,5.0629,134,A5,0.097795,2.000000,0
20210618T123111,20210623T140144,5.0629,135,A5,0.297975,0.634118,0
20210618T123111,20210623T140144,5.0629,136,A5,0.477631,0.223076,1
20210618T123111,20210623T140144,5.0629,137,A5,0.164425,1.057580,0
20210618T123111,20210623T140144,5.0629,138,A5,-0.058012,1.631080,0
20210618T123111,20210623T140144,5.0629,139,A5,-0.319322,0.222236,0
20210618T123111,20210623T140144,5.0629,140,A5,0.247002,0.711431,1
20210618T123111,20210623T140144,5.0629,141,A5,0.084390,0.412990,1
20210618T123111,20210623T140144,5.0629,142,A5,0.444573,0.906541,1
20210618T123111,20210623T140144,5.0629,143,A5,-0.039165,1.179686,0
20210618T123111,20210623T140144,5.0629,144,A5,0.214665,0.792502,0
20210618T123111,20210623T140144,5.0629,145,A5,-0.169771,1.210273,0
20210618T123111,20210623T140144,5.0629,146,A5,0.115062,0.471037,0
20210618T123111,20210623T140144,5.0629,147,A5,0.247964,0.184074,1
20210618T123111,20210623T140144,5.0629,148,A5,0.034379,1.128938,0
20210618T123111,20210623T140144,5.0629,149,A5,-0.003295,1.266189,0
20210618T123111,20210623T140144,5.0629,150,A5,0.178561,0.655029,1
20210618T123111,20210623T140144,5.0629,151,A5,0.346855,1.596975,0
20210618T123111,20210623T140144,5.0629,152,A5,-0.062322,1.337671,0
20210618T123111,20210623T140144,5.0629,153,A5,-0.163662,1.326808,0
20210618T123111,20210623T140144,5.0629,154,A5,-0.086590,1.073253,0
20210618T123111,20210623T140144,5.0629,155,A5,0.424157,0.539727,1
20210618T123111,20210623T140144,5.0629,156,A5,-0.075006,0.489650,0
20210618T123111,20210623T140144,5.0629,157,A5,-0.281369,0.959883,1
20210618T123111,20210623T140144,5.0629,158,A5,-0.237561,1.136418,0
20210618T123111,20210623T140144,5.0629,159,A5,-0.007083,0.921462,1
20210618T123111,20210623T140144,5.0629,160,A5,0.143971,1.672234,0
20210618T123111,20210625T141512,7.0722,1,A1,0.043431,0.727844,0
20210618T123111,20210625T141512,7.0722,2,A1,0.391480,0.557615,1
20210618T123111,20210625T141512,7.0722,3,A1,-0.121843,0.811782,0
20210618T123111,20210625T141512,7.0722,4,A1,0.839464,0.000000,1
20210618T123111,20210625T141512,7.0722,5,A1,-0.250919,1.486184,0
20210618T123111,20210625T141512,7.0722,6,A1,0.071672,0.452506,1
20210618T123111,20210625T141512,7.0722,7,A1,-0.003366,0.393154,1
20210618T123111,20210625T141512,7.0722,8,A1,0.716154,0.000000,1
20210618T123111,20210625T141512,7.0722,9,A1,0.075319,1.178655,0
20210618T123111,20210625T141512,7.0722,10,A1,0.043459,0.445182,0
20210618T123111,20210625T141512,7.0722,11,A1,0.115708,0.132376,1
20210618T123111,20210625T141512,7.0722,12,A1,0.538266,0.000000,1
20210618T123111,20210625T141512,7.0722,13,A1,0.253706,0.083586,1
20210618T123111,20210625T141512,7.0722,14,A1,0.069027,0.000000,1
20210618T123111,20210625T141512,7.0722,15,A1,-0.022351,0.229069,1
20210618T123111,20210625T141512,7.0722,16,A1,0.108727,1.016755,0
20210618T123111,20210625T141512,7.0722,17,A1,0.363771,0.435407,1
20210618T123111,20210625T141512,7.0722,18,A1,0.101205,0.141071,1
20210618T123111,20210625T141512,7.0722,19,A1,0.562859,0.135475,1
20210618T123111,20210625T141512,7.0722,20,A1,0.776558,0.099391,1
20210618T123111,20210625T141512,7.0722,21,A1,0.134953,0.788953,1
20210618T123111,20210625T141512,7.0722,22,A1,0.028159,1.020698,0
20210618T123111,20210625T141512,7.0722,23,A1,0.211157,0.296812,1
20210618T123111,20210625T141512,7.0722,24,A1,0.874692,0.066100,1
20210618T123111,20210625T141512,7.0722,25,A1,0.046930,0.577076,1
20210618T123111,20210625T141512,7.0722,26,A1,-0.177821,1.122544,0
20210618T123111,20210625T141512,7.0722,27,A1,0.365826,1.349221,0
20210618T123111,20210625T141512,7.0722,28,A1,0.369391,0.520501,0
20210618T123111,20210625T141512,7.0722,29,A1,0.081365,0.291842,1
20210618T123111,20210625T141512,7.0722,30,A1,0.140978,0.163075,1
20210618T123111,20210625T141512,7.0722,31,A1,0.881313,0.000000,1
20210618T123111,20210625T141512,7.0722,32,A1,0.939808,0.000000,1
20210618T123111,20210625T141512,7.0722,33,A2,0.279879,0.345256,1
20210618T123111,20210625T141512,7.0722,34,A2,-0.042931,0.525090,1
20210618T123111,20210625T141512,7.0722,35,A2,-0.018180,0.396780,0
20210618T123111,20210625T141512,7.0722,36,A2,0.297545,0.114932,0
20210618T123111,20210625T141512,7.0722,37,A2,0.063426,0.000000,1
20210618T123111,20210625T141512,7.0722,38,A2,-0.084337,0.839142,1
20210618T123111,20210625T141512,7.0722,39,A2,-0.281515,0.427530,0
20210618T123111,20210625T141512,7.0722,40,A2,-0.059548,1.731594,0
20210618T123111,20210625T141512,7.0722,41,A2,-0.034920,0.072955,1
20210618T123111,20210625T141512,7.0722,42,A2,-0.025084,0.000000,1
20210618T123111,20210625T141512,7.0722,43,A2,0.291680,0.295375,1
20210618T123111,20210625T141512,7.0722,44,A2,-0.218509,1.040576,0
20210618T123111,20210625T141512,7.0722,45,A2,0.238421,1.355633,0
20210618T123111,20210625T141512,7.0722,46,A2,-0.223788,1.200402,0
20210618T123111,20210625T141512,7.0722,47,A2,0.068920,0.000000,1
20210618T123111,20210625T141512,7.0722,48,A2,0.095786,0.085036,0
20210618T123111,20210625T141512,7.0722,49,A2,0.430034,0.718482,1
20210618T123111,20210625T141512,7.0722,50,A2,0.480479,0.692154,1
20210618T123111,20210625T141512,7.0722,51,A2,-0.010823,0.000000,1
20210618T123111,20210625T141512,7.0722,52,A2,-0.061310,0.056602,1
20210618T123111,20210625T141512,7.0722,53,A2,0.241590,0.286918,1
20210618T123111,20210625T141512,7.0722,54,A2,-0.021324,0.306083,0
20210618T123111,20210625T141512,7.0722,55,A2,-0.168155,0.659089,0
20210618T123111,20210625T141512,7.0722,56,A2,-0.001507,0.154415,1
20210618T123111,20210625T141512,7.0722,57,A2,-0.096215,1.497416,0
20210618T123111,20210625T141512,7.0722,58,A2,0.121455,0.925792,1
20210618T123111,20210625T141512,7.0722,59,A2,0.264200,0.838801,1
20210618T123111,20210625T141512,7.0722,60,A2,-0.220048,0.094197,1
20210618T123111,20210625T141512,7.0722,61,A2,-0.261498,1.178164,0
20210618T123111,20210625T141512,7.0722,62,A2,0.258034,0.207240,1
20210618T123111,20210625T141512,7.0722,63,A2,0.086524,0.403319,1
20210618T123111,20210625T141512,7.0722,64,A2,0.071466,0.000000,1
20210618T123111,20210625T141512,7.0722,65,A3,0.170811,0.479665,0
20210618T123111,20210625T141512,7.0722,66,A3,0.006376,0.505836,1
20210618T123111,20210625T141512,7.0722,67,A3,-0.066858,2.000000,0
20210618T123111,20210625T141512,7.0722,68,A3,-0.109197,0.572766,0
20210618T123111,20210625T141512,7.0722,69,A3,-0.111057,0.435353,1
20210618T123111,20210625T141512,7.0722,70,A3,-0.078383,0.116918,0
20210618T123111,20210625T141512,7.0722,71,A3,0.102298,0.914365,1
20210618T123111,20210625T141512,7.0722,72,A3,0.047937,0.937409,1
20210618T123111,20210625T141512,7.0722,73,A3,-0.150570,0.363687,1
20210618T123111,20210625T141512,7.0722,74,A3,-0.062083,0.957109,1
20210618T123111,20210625T141512,7.0722,75,A3,-0.263006,1.855654,0
20210618T123111,20210625T141512,7.0722,76,A3,0.155215,0.411149,1
20210618T123111,20210625T141512,7.0722,77,A3,0.067007,0.456490,0
20210618T123111,20210625T141512,7.0722,78,A3,0.067962,0.278044,0
20210618T123111,20210625T141512,7.0722,79,A3,0.003253,0.147103,1
20210618T123111,20210625T141512,7.0722,80,A3,0.406868,0.621143,1
20210618T123111,20210625T141512,7.0722,81,A3,0.082283,0.100399,1
20210618T123111,20210625T141512,7.0722,82,A3,0.100900,1.599312,0
20210618T123111,20210625T141512,7.0722,83,A3,0.027751,0.799797,1
20210618T123111,20210625T141512,7.0722,84,A3,-0.029904,0.526947,1
20210618T123111,20210625T141512,7.0722,85,A3,0.107372,0.511020,0
20210618T123111,20210625T141512,7.0722,86,A3,0.151010,0.124095,1
20210618T123111,20210625T141512,7.0722,87,A3,0.302931,0.032987,1
20210618T123111,20210625T141512,7.0722,88,A3,-0.251470,1.184909,0
20210618T123111,20210625T141512,7.0722,89,A3,-0.175877,0.470540,0
20210618T123111,20210625T141512,7.0722,90,A3,0.139972,0.070945,1
20210618T123111,20210625T141512,7.0722,91,A3,0.209796,0.693498,1
20210618T123111,20210625T141512,7.0722,92,A3,0.297618,0.269677,0
20210618T123111,20210625T141512,7.0722,93,A3,0.175321,0.800794,1
20210618T123111,20210625T141512,7.0722,94,A3,0.147607,0.992656,1
20210618T123111,20210625T141512,7.0722,95,A3,-0.085727,0.932394,1
20210618T123111,20210625T141512,7.0722,96,A3,-0.261390,0.687924,1
20210618T123111,20210625T141512,7.0722,97,A4,-0.068220,1.359824,0
20210618T123111,20210625T141512,7.0722,98,A4,-0.234957,1.109493,0
20210618T123111,20210625T141512,7.0722,99,A4,0.016516,0.696715,0
20210618T123111,20210625T141512,7.0722,100,A4,0.005770,0.594188,0
20210618T123111,20210625T141512,7.0722,101,A4,0.403610,0.543963,1
20210618T123111,20210625T141512,7.0722,102,A4,0.156251,0.624772,1
20210618T123111,20210625T141512,7.0722,103,A4,0.366733,0.454515,1
20210618T123111,20210625T141512,7.0722,104,A4,0.138025,1.190778,0
20210618T123111,20210625T141512,7.0722,105,A4,0.058019,0.627356,0
20210618T123111,20210625T141512,7.0722,106,A4,-0.140308,0.495869,1
20210618T123111,20210625T141512,7.0722,107,A4,0.175791,1.791736,0
20210618T123111,20210625T141512,7.0722,108,A4,0.019140,0.280196,0
20210618T123111,20210625T141512,7.0722,109,A4,-0.293134,0.320227,1
20210618T123111,20210625T141512,7.0722,110,A4,-0.072163,0.732178,0
20210618T123111,20210625T141512,7.0722,111,A4,-0.192267,0.241391,0
20210618T123111,20210625T141512,7.0722,112,A4,-0.019922,0.967187,1
20210618T123111,20210625T141512,7.0722,113,A4,0.587411,0.091126,1
20210618T123111,20210625T141512,7.0722,114,A4,0.171832,0.123080,0
20210618T123111,20210625T141512,7.0722,115,A4,0.121430,0.009798,1
20210618T123111,20210625T141512,7.0722,116,A4,-0.047429,0.672093,0
20210618T123111,20210625T141512,7.0722,117,A4,0.340056,0.072899,1
20210618T123111,20210625T141512,7.0722,118,A4,-0.035929,0.117580,1
20210618T123111,20210625T141512,7.0722,119,A4,0.391274,0.223034,1
20210618T123111,20210625T141512,7.0722,120,A4,-0.115244,0.979659,1
20210618T123111,20210625T141512,7.0722,121,A4,0.060804,0.004334,1
20210618T123111,20210625T141512,7.0722,122,A4,-0.119282,1.377443,0
20210618T123111,20210625T141512,7.0722,123,A4,0.105890,0.568645,1
20210618T123111,20210625T141512,7.0722,124,A4,0.243912,0.678521,0
20210618T123111,20210625T141512,7.0722,125,A4,-0.247536,0.993996,1
20210618T123111,20210625T141512,7.0722,126,A4,0.149676,0.694976,0
20210618T123111,20210625T141512,7.0722,127,A4,-0.052938,0.809648,1
20210618T123111,20210625T141512,7.0722,128,A4,0.076964,0.651622,0
20210618T123111,20210625T141512,7.0722,129,A5,-0.124449,0.280663,1
20210618T123111,20210625T141512,7.0722,130,A5,-0.177181,0.814767,1
20210618T123111,20210625T141512,7.0722,131,A5,0.134974,2.000000,0
20210618T123111,20210625T141512,7.0722,132,A5,0.133329,1.411691,0
20210618T123111,20210625T141512,7.0722,133,A5,-0.112709,0.817004,0
20210618T123111,20210625T141512,7.0722,134,A5,0.311253,2.000000,0
20210618T123111,20210625T141512,7.0722,135,A5,0.131136,1.026345,0
20210618T123111,20210625T141512,7.0722,136,A5,0.313734,0.552176,0
20210618T123111,20210625T141512,7.0722,137,A5,-0.411699,1.209189,0
20210618T123111,20210625T141512,7.0722,138,A5,0.156759,1.680597,0
20210618T123111,20210625T141512,7.0722,139,A5,0.148754,0.358004,0
20210618T123111,20210625T141512,7.0722,140,A5,0.132303,1.532422,0
20210618T123111,20210625T141512,7.0722,141,A5,0.085508,0.960543,0
20210618T123111,20210625T141512,7.0722,142,A5,0.258155,2.000000,0
20210618T123111,20210625T141512,7.0722,143,A5,-0.142990,1.062881,0
20210618T123111,20210625T141512,7.0722,144,A5,0.299916,0.508408,1
20210618T123111,20210625T141512,7.0722,145,A5,0.807034,1.115228,0
20210618T123111,20210625T141512,7.0722,146,A5,0.034179,1.370418,0
20210618T123111,20210625T141512,7.0722,147,A5,0.234897,1.199818,0
20210618T123111,20210625T141512,7.0722,148,A5,-0.037466,1.008154,0
20210618T123111,20210625T141512,7.0722,149,A5,-0.002520,2.000000,0
20210618T123111,20210625T141512,7.0722,150,A5,-0.365222,1.390462,0
20210618T123111,20210625T141512,7.0722,151,A5,-0.204658,1.979854,0
20210618T123111,20210625T141512,7.0722,152,A5,0.418038,1.107307,0
20210618T123111,20210625T141512,7.0722,153,A5,-0.252239,1.174078,0
20210618T123111,20210625T141512,7.0722,154,A5,0.017254,2.000000,0
20210618T123111,20210625T141512,7.0722,155,A5,-0.228869,2.000000,0
20210618T123111,20210625T141512,7.0722,156,A5,0.074621,1.018423,0
20210618T123111,20210625T141512,7.0722,157,A5,0.074994,2.000000,0
20210618T123111,20210625T141512,7.0722,158,A5,0.140570,2.000000,0
20210618T123111,20210625T141512,7.0722,159,A5,0.244401,2.000000,0
20210618T123111,20210625T141512,7.0722,160,A5,0.403786,1.659903,0
20210623T140144,20210625T141512,2.0094,1,A1,0.364413,0.611631,1
20210623T140144,20210625T141512,2.0094,2,A1,0.227034,0.138936,1
20210623T140144,20210625T141512,2.0094,3,A1,0.112526,0.179445,1
20210623T140144,20210625T141512,2.0094,4,A1,0.796923,0.000000,1
20210623T140144,20210625T141512,2.0094,5,A1,0.322566,0.141115,1
20210623T140144,20210625T141512,2.0094,6,A1,-0.196780,0.014830,1
20210623T140144,20210625T141512,2.0094,7,A1,-0.010734,0.563002,1
20210623T140144,20210625T141512,2.0094,8,A1,0.760287,0.000000,1
20210623T140144,20210625T141512,2.0094,9,A1,-0.016602,0.562182,0
20210623T140144,20210625T141512,2.0094,10,A1,0.135739,0.229209,1
20210623T140144,20210625T141512,2.0094,11,A1,-0.109494,0.833397,1
20210623T140144,20210625T141512,2.0094,12,A1,0.555842,0.000000,1
20210623T140144,20210625T141512,2.0094,13,A1,0.275115,0.440872,1
20210623T140144,20210625T141512,2.0094,14,A1,-0.272411,1.888110,0
20210623T140144,20210625T141512,2.0094,15,A1,-0.032860,0.410381,1
20210623T140144,20210625T141512,2.0094,16,A1,0.284641,0.796508,1
20210623T140144,20210625T141512,2.0094,17,A1,0.206639,0.164967,1
20210623T140144,20210625T141512,2.0094,18,A1,0.005895,0.874723,1
20210623T140144,20210625T141512,2.0094,19,A1,0.717226,0.537032,1
20210623T140144,20210625T141512,2.0094,20,A1,0.801995,0.009063,1
20210623T140144,20210625T141512,2.0094,21,A1,0.161500,0.564962,1
20210623T140144,20210625T141512,2.0094,22,A1,-0.072644,0.935884,1
20210623T140144,20210625T141512,2.0094,23,A1,0.125260,0.405622,0
20210623T140144,20210625T141512,2.0094,24,A1,0.814901,0.081818,1
20210623T140144,20210625T141512,2.0094,25,A1,0.130874,0.000000,1
20210623T140144,20210625T141512,2.0094,26,A1,0.106068,0.335169,1
20210623T140144,20210625T141512,2.0094,27,A1,0.144019,0.690910,0
20210623T140144,20210625T141512,2.0094,28,A1,0.637779,0.283608,1
20210623T140144,20210625T141512,2.0094,29,A1,0.201975,0.695525,1
20210623T140144,20210625T141512,2.0094,30,A1,0.090858,0.582955,0
20210623T140144,20210625T141512,2.0094,31,A1,0.787677,0.460981,1
20210623T140144,20210625T141512,2.0094,32,A1,0.949550,0.000000,1
20210623T140144,20210625T141512,2.0094,33,A2,0.313042,0.188362,1
20210623T140144,20210625T141512,2.0094,34,A2,-0.072231,0.266420,1
20210623T140144,20210625T141512,2.0094,35,A2,-0.305399,0.350768,0
20210623T140144,20210625T141512,2.0094,36,A2,0.678816,0.049063,1
20210623T140144,20210625T141512,2.0094,37,A2,0.259711,0.745959,1
20210623T140144,20210625T141512,2.0094,38,A2,-0.052887,0.934892,1
20210623T140144,20210625T141512,2.0094,39,A2,0.185262,0.545218,1
20210623T140144,20210625T141512,2.0094,40,A2,-0.101424,2.000000,0
20210623T140144,20210625T141512,2.0094,41,A2,0.114759,0.270725,0
20210623T140144,20210625T141512,2.0094,42,A2,0.119598,0.878437,1
20210623T140144,20210625T141512,2.0094,43,A2,0.482006,0.991006,1
20210623T140144,20210625T141512,2.0094,44,A2,0.018639,1.232171,0
20210623T140144,20210625T141512,2.0094,45,A2,0.007534,0.690526,1
20210623T140144,20210625T141512,2.0094,46,A2,0.385664,0.000000,1
20210623T140144,20210625T141512,2.0094,47,A2,0.044823,0.000000,1
20210623T140144,20210625T141512,2.0094,48,A2,0.272994,1.000742,0
20210623T140144,20210625T141512,2.0094,49,A2,0.657555,0.000000,1
20210623T140144,20210625T141512,2.0094,50,A2,-0.190681,0.861296,1
20210623T140144,20210625T141512,2.0094,51,A2,-0.091590,0.000000,1
20210623T140144,20210625T141512,2.0094,52,A2,0.309557,0.590203,1
20210623T140144,20210625T141512,2.0094,53,A2,0.209227,0.562049,1
20210623T140144,20210625T141512,2.0094,54,A2,0.711523,0.095614,1
20210623T140144,20210625T141512,2.0094,55,A2,0.436994,0.407122,1
20210623T140144,20210625T141512,2.0094,56,A2,0.371201,0.122703,1
20210623T140144,20210625T141512,2.0094,57,A2,0.141403,0.275023,1
20210623T140144,20210625T141512,2.0094,58,A2,-0.026606,2.000000,0
20210623T140144,20210625T141512,2.0094,59,A2,0.276796,0.000000,1
20210623T140144,20210625T141512,2.0094,60,A2,-0.095883,0.528243,0
20210623T140144,20210625T141512,2.0094,61,A2,-0.344600,1.178164,0
20210623T140144,20210625T141512,2.0094,62,A2,0.232036,0.433846,1
20210623T140144,20210625T141512,2.0094,63,A2,0.153586,0.000000,1
20210623T140144,20210625T141512,2.0094,64,A2,0.289587,0.524420,1
20210623T140144,20210625T141512,2.0094,65,A3,-0.075366,0.361936,0
20210623T140144,20210625T141512,2.0094,66,A3,-0.103182,0.191422,1
20210623T140144,20210625T141512,2.0094,67,A3,0.297816,0.000000,1
20210623T140144,20210625T141512,2.0094,68,A3,-0.022480,0.920808,0
20210623T140144,20210625T141512,2.0094,69,A3,0.080221,0.109522,1
20210623T140144,20210625T141512,2.0094,70,A3,-0.149901,0.062483,1
20210623T140144,20210625T141512,2.0094,71,A3,-0.059670,1.019501,0
20210623T140144,20210625T141512,2.0094,72,A3,0.334528,0.971795,1
20210623T140144,20210625T141512,2.0094,73,A3,-0.066120,0.609496,0
20210623T140144,20210625T141512,2.0094,74,A3,0.036301,0.952997,1
20210623T140144,20210625T141512,2.0094,75,A3,0.081317,0.393883,1
20210623T140144,20210625T141512,2.0094,76,A3,-0.002379,1.418791,0
20210623T140144,20210625T141512,2.0094,77,A3,-0.075697,0.455271,0
20210623T140144,20210625T141512,2.0094,78,A3,0.047659,0.348859,0
20210623T140144,20210625T141512,2.0094,79,A3,-0.122699,0.712331,0
20210623T140144,20210625T141512,2.0094,80,A3,0.044377,0.310308,1
20210623T140144,20210625T141512,2.0094,81,A3,-0.327144,0.397884,0
20210623T140144,20210625T141512,2.0094,82,A3,-0.225629,0.313955,1
20210623T140144,20210625T141512,2.0094,83,A3,0.029215,0.799797,1
20210623T140144,20210625T141512,2.0094,84,A3,0.034875,0.635300,1
20210623T140144,20210625T141512,2.0094,85,A3,-0.059737,0.225173,1
20210623T140144,20210625T141512,2.0094,86,A3,0.271954,0.048366,1
20210623T140144,20210625T141512,2.0094,87,A3,0.208695,0.035660,1
20210623T140144,20210625T141512,2.0094,88,A3,0.147953,0.915784,1
20210623T140144,20210625T141512,2.0094,89,A3,-0.166575,0.048962,0
20210623T140144,20210625T141512,2.0094,90,A3,-0.003724,1.030196,0
20210623T140144,20210625T141512,2.0094,91,A3,0.242104,1.246028,0
20210623T140144,20210625T141512,2.0094,92,A3,0.196409,0.262182,0
20210623T140144,20210625T141512,2.0094,93,A3,0.104580,0.508539,1
20210623T140144,20210625T141512,2.0094,94,A3,-0.324630,1.134120,0
20210623T140144,20210625T141512,2.0094,95,A3,0.054182,0.037937,1
20210623T140144,20210625T141512,2.0094,96,A3,-0.146363,0.684031,1
20210623T140144,20210625T141512,2.0094,97,A4,0.086530,0.365009,1
20210623T140144,20210625T141512,2.0094,98,A4,-0.174933,1.932982,0
20210623T140144,20210625T141512,2.0094,99,A4,0.083043,0.109419,1
20210623T140144,20210625T141512,2.0094,100,A4,0.135001,0.351625,1
20210623T140144,20210625T141512,2.0094,101,A4,-0.180809,1.932101,0
20210623T140144,20210625T141512,2.0094,102,A4,0.316749,0.722851,1
20210623T140144,20210625T141512,2.0094,103,A4,0.584989,0.281450,1
20210623T140144,20210625T141512,2.0094,104,A4,0.057228,1.006071,0
20210623T140144,20210625T141512,2.0094,105,A4,-0.248733,1.275305,0
20210623T140144,20210625T141512,2.0094,106,A4,-0.209495,0.766712,0
20210623T140144,20210625T141512,2.0094,107,A4,-0.177138,2.000000,0
20210623T140144,20210625T141512,2.0094,108,A4,-0.146115,0.771523,1
20210623T140144,20210625T141512,2.0094,109,A4,0.104221,0.395963,1
20210623T140144,20210625T141512,2.0094,110,A4,-0.185143,0.168438,1
20210623T140144,20210625T141512,2.0094,111,A4,-0.179317,0.496272,0
20210623T140144,20210625T141512,2.0094,112,A4,-0.017511,0.855894,1
20210623T140144,20210625T141512,2.0094,113,A4,0.379218,0.056775,1
20210623T140144,20210625T141512,2.0094,114,A4,-0.192044,0.227299,0
20210623T140144,20210625T141512,2.0094,115,A4,0.052515,0.056468,1
20210623T140144,20210625T141512,2.0094,116,A4,0.002849,0.402609,1
20210623T140144,20210625T141512,2.0094,117,A4,0.215533,0.056382,1
20210623T140144,20210625T141512,2.0094,118,A4,-0.258441,0.061558,1
20210623T140144,20210625T141512,2.0094,119,A4,0.192489,0.070659,1
20210623T140144,20210625T141512,2.0094,120,A4,-0.147686,1.994947,0
20210623T140144,20210625T141512,2.0094,121,A4,0.783507,0.026643,1
20210623T140144,20210625T141512,2.0094,122,A4,0.110198,0.622557,1
20210623T140144,20210625T141512,2.0094,123,A4,0.241010,0.986027,1
20210623T140144,20210625T141512,2.0094,124,A4,-0.103259,0.800449,0
20210623T140144,20210625T141512,2.0094,125,A4,0.011997,0.898098,1
20210623T140144,20210625T141512,2.0094,126,A4,0.271402,0.761461,0
20210623T140144,20210625T141512,2.0094,127,A4,-0.293483,0.000000,1
20210623T140144,20210625T141512,2.0094,128,A4,-0.123903,0.284581,1
20210623T140144,20210625T141512,2.0094,129,A5,0.037124,1.402474,0
20210623T140144,20210625T141512,2.0094,130,A5,-0.176567,1.033120,0
20210623T140144,20210625T141512,2.0094,131,A5,0.089695,0.316380,1
20210623T140144,20210625T141512,2.0094,132,A5,-0.110054,1.054012,0
20210623T140144,20210625T141512,2.0094,133,A5,0.273318,0.236766,1
20210623T140144,20210625T141512,2.0094,134,A5,0.309023,0.000000,1
20210623T140144,20210625T141512,2.0094,135,A5,0.544813,0.392227,1
20210623T140144,20210625T141512,2.0094,136,A5,0.441372,0.329100,0
20210623T140144,20210625T141512,2.0094,137,A5,-0.041188,0.151608,1
20210623T140144,20210625T141512,2.0094,138,A5,0.104799,0.049518,1
20210623T140144,20210625T141512,2.0094,139,A5,0.120427,0.135767,1
20210623T140144,20210625T141512,2.0094,140,A5,0.241676,0.820991,0
20210623T140144,20210625T141512,2.0094,141,A5,-0.142838,0.547554,0
20210623T140144,20210625T141512,2.0094,142,A5,0.091188,1.093459,0
20210623T140144,20210625T141512,2.0094,143,A5,0.055198,0.116804,1
20210623T140144,20210625T141512,2.0094,144,A5,0.083563,1.300910,0
20210623T140144,20210625T141512,2.0094,145,A5,-0.044756,0.095046,1
20210623T140144,20210625T141512,2.0094,146,A5,-0.082339,0.899381,1
20210623T140144,20210625T141512,2.0094,147,A5,0.233981,1.015744,0
20210623T140144,20210625T141512,2.0094,148,A5,-0.024665,0.120785,1
20210623T140144,20210625T141512,2.0094,149,A5,0.111910,0.733811,1
20210623T140144,20210625T141512,2.0094,150,A5,0.097730,0.735433,0
20210623T140144,20210625T141512,2.0094,151,A5,0.065151,0.382880,1
20210623T140144,20210625T141512,2.0094,152,A5,0.077671,0.230364,1
20210623T140144,20210625T141512,2.0094,153,A5,0.092885,0.152729,1
20210623T140144,20210625T141512,2.0094,154,A5,0.124867,0.926747,1
20210623T140144,20210625T141512,2.0094,155,A5,0.028987,1.460273,0
20210623T140144,20210625T141512,2.0094,156,A5,-0.015920,0.528772,1
20210623T140144,20210625T141512,2.0094,157,A5,-0.061555,1.040117,0
20210623T140144,20210625T141512,2.0094,158,A5,0.214392,0.863582,1
20210623T140144,20210625T141512,2.0094,159,A5,0.313186,1.078538,0
20210623T140144,20210625T141512,2.0094,160,A5,0.154769,0.012331,1
