session_id,channel,array_name,si_a,si_b,delta_si,waveform_r,sign_a,sign_b,sign_flip,task_evoked_a,task_evoked_b
20210401T124246.A_Elmo.B_KN.SCP_01,1,A1,0.450476169178804,0.14892422875011824,-0.30155194042868577,0.3185685784580845,1,1,0,1,1
20210401T124246.A_Elmo.B_KN.SCP_01,2,A1,0.054472343937513,-0.15673574003854807,-0.21120808397606106,-0.15761231722287902,1,-1,1,1,1
20210401T124246.A_Elmo.B_KN.SCP_01,3,A1,-0.14066248594077754,-1.0,-0.8593375140592224,-0.1915143404761865,-1,-1,0,0,0
20210401T124246.A_Elmo.B_KN.SCP_01,4,A1,-0.1299021415673897,-0.7628754172309216,-0.6329732756635319,0.03622203775572641,-1,-1,0,1,1
20210401T124246.A_Elmo.B_KN.SCP_01,5,A1,0.0889701736293575,-0.08934930375945775,-0.17831947738881526,0.1626243187849713,1,-1,1,0,1
20210401T124246.A_Elmo.B_KN.SCP_01,6,A1,-1.0,-1.0,0.0,0.4485824832306285,-1,-1,0,1,1
20210401T124246.A_Elmo.B_KN.SCP_01,7,A1,-1.0,-0.11407558699766722,0.8859244130023328,-0.08968475966777685,-1,-1,0,1,0
20210401T124246.A_Elmo.B_KN.SCP_01,8,A1,-0.38301977101134604,-0.6109518063482484,-0.22793203533690237,0.5068673896333291,-1,-1,0,1,1
20210401T124246.A_Elmo.B_KN.SCP_01,9,A1,0.09054948504395012,-1.0,-1.09054948504395,0.06423377985870854,1,-1,1,1,0
20210401T124246.A_Elmo.B_KN.SCP_01,10,A1,-1.0,-0.5415021944763148,0.45849780552368524,0.6876113884704567,-1,-1,0,1,1
20210401T124246.A_Elmo.B_KN.SCP_01,11,A1,1.0,0.6088199032886109,-0.3911800967113891,0.0313703874970917,1,1,0,0,0
20210401T124246.A_Elmo.B_KN.SCP_01,12,A1,-0.5366248551662747,-0.49958315492366584,0.03704170024260883,0.4088441395966523,-1,-1,0,1,1
20210401T124246.A_Elmo.B_KN.SCP_01,13,A1,-0.6749433370780975,-0.22966086041817244,0.44528247665992504,0.4924360335476169,-1,-1,0,1,1
20210401T124246.A_Elmo.B_KN.SCP_01,14,A1,-0.25036219702898943,-0.09160743312414782,0.1587547639048416,0.29499663011724947,-1,-1,0,1,1
20210401T124246.A_Elmo.B_KN.SCP_01,15,A1,-0.9077820660422091,-1.0,-0.09221793395779088,-0.03918719467759686,-1,-1,0,0,0
20210401T124246.A_Elmo.B_KN.SCP_01,16,A1,-0.027926633808421582,0.6642587150405496,0.6921853488489711,0.3334934939356675,-1,1,1,1,1
20210401T124246.A_Elmo.B_KN.SCP_01,17,A1,0.4166778197513725,-0.014028872352322542,-0.43070669210369505,0.1486810699476407,1,-1,1,1,0
20210401T124246.A_Elmo.B_KN.SCP_01,18,A1,1.0,0.5729886347375979,-0.42701136526240213,0.24354385843765303,1,1,0,1,1
20210401T124246.A_Elmo.B_KN.SCP_01,19,A1,-0.030283222356226037,-0.43898649439886567,-0.4087032720426396,0.32487525923890487,-1,-1,0,1,1
20210401T124246.A_Elmo.B_KN.SCP_01,20,A1,0.6198004566386656,0.6306782548340361,0.010877798195370492,0.7549343294471021,1,1,0,1,1
20210401T124246.A_Elmo.B_KN.SCP_01,21,A1,-0.4854729423623346,-0.6746518519035011,-0.18917890954116645,0.12652850459292567,-1,-1,0,0,0
20210401T124246.A_Elmo.B_KN.SCP_01,22,A1,1.0,1.0,0.0,0.29708956086818783,1,1,0,0,0
20210401T124246.A_Elmo.B_KN.SCP_01,23,A1,-0.3173701026734947,-0.20516270867249342,0.11220739400100127,0.4299029604386478,-1,-1,0,1,1
20210401T124246.A_Elmo.B_KN.SCP_01,24,A1,-0.09123330394314606,0.6417049415523872,0.7329382454955333,-0.1066284826678224,-1,1,1,1,1
20210401T124246.A_Elmo.B_KN.SCP_01,25,A1,-0.6439182696522417,-1.0,-0.35608173034775825,0.07584170932389009,-1,-1,0,0,0
20210401T124246.A_Elmo.B_KN.SCP_01,26,A1,1.0,1.0,0.0,0.6546502262132263,1,1,0,1,1
20210401T124246.A_Elmo.B_KN.SCP_01,27,A1,-0.6786211181251901,-0.1737832354624487,0.5048378826627414,0.0036507618385443496,-1,-1,0,0,0
20210401T124246.A_Elmo.B_KN.SCP_01,28,A1,-0.9976153021813502,-1.0,-0.002384697818649806,0.6512653511485376,-1,-1,0,1,1
20210401T124246.A_Elmo.B_KN.SCP_01,29,A1,-0.4590137583835768,-0.6529068855390728,-0.19389312715549606,-0.15165751246065445,-1,-1,0,0,0
20210401T124246.A_Elmo.B_KN.SCP_01,30,A1,-0.03764549153775137,-0.639192000195444,-0.6015465086576927,0.07857486389310295,-1,-1,0,1,0
20210401T124246.A_Elmo.B_KN.SCP_01,31,A1,-0.6679666926928784,-0.19481944438795182,0.4731472483049266,-0.283631436083224,-1,-1,0,0,1
20210401T124246.A_Elmo.B_KN.SCP_01,32,A1,-0.37405225354255295,-0.9609447715999108,-0.5868925180573579,0.7073289363139651,-1,-1,0,1,1
20210401T124246.A_Elmo.B_KN.SCP_01,33,A2,-0.14375809878044302,-0.24582807296350842,-0.1020699741830654,-0.12512988490652124,-1,-1,0,1,1
20210401T124246.A_Elmo.B_KN.SCP_01,34,A2,0.06149014581968144,0.3829167241594422,0.3214265783397608,-0.020392532648739185,1,1,0,0,0
20210401T124246.A_Elmo.B_KN.SCP_01,35,A2,-0.0912429505837216,-0.03917449277821406,0.05206845780550754,0.05727745714328132,-1,-1,0,1,0
20210401T124246.A_Elmo.B_KN.SCP_01,36,A2,-0.24535037552609557,-0.3731708029714851,-0.12782042744538952,0.26234639119430353,-1,-1,0,0,0
20210401T124246.A_Elmo.B_KN.SCP_01,37,A2,0.4345428253622091,0.04609490898848373,-0.3884479163737254,0.056549742241633796,1,1,0,0,0
20210401T124246.A_Elmo.B_KN.SCP_01,38,A2,-0.5315952341883183,-0.5698562105691972,-0.038260976380878886,0.005658633467325802,-1,-1,0,0,0
20210401T124246.A_Elmo.B_KN.SCP_01,39,A2,-0.2356113264121602,0.11236257149944584,0.34797389791160604,0.09524649492372463,-1,1,1,1,1
20210401T124246.A_Elmo.B_KN.SCP_01,40,A2,-1.0,-0.13349492828162723,0.8665050717183728,-0.11108159681233903,-1,-1,0,0,0
20210401T124246.A_Elmo.B_KN.SCP_01,41,A2,0.0796026626677324,-0.6148197529046565,-0.6944224155723889,0.27682829649244983,1,-1,1,1,1
20210401T124246.A_Elmo.B_KN.SCP_01,42,A2,0.2340153868562193,0.3378097153086456,0.10379432845242631,0.0018343692419446255,1,1,0,0,0
20210401T124246.A_Elmo.B_KN.SCP_01,43,A2,-0.025254950601064072,0.05735647628894973,0.0826114268900138,-0.161639595340206,-1,1,1,0,0
20210401T124246.A_Elmo.B_KN.SCP_01,44,A2,-0.009202517765219898,-0.28282095669687535,-0.27361843893165544,0.20128812321233577,-1,-1,0,0,0
20210401T124246.A_Elmo.B_KN.SCP_01,45,A2,-1.0,-1.0,0.0,-0.1408542031727252,-1,-1,0,0,0
20210401T124246.A_Elmo.B_KN.SCP_01,46,A2,-0.22525515465768106,-0.006442686706844281,0.21881246795083678,-0.0722502153144009,-1,-1,0,0,0
20210401T124246.A_Elmo.B_KN.SCP_01,47,A2,-0.4689866696371103,0.0747730909108464,0.5437597605479567,0.17428451713319854,-1,1,1,0,0
20210401T124246.A_Elmo.B_KN.SCP_01,48,A2,-0.8197346921613833,0.08895404724538628,0.9086887394067695,0.03131826100960712,-1,1,1,0,0
20210401T124246.A_Elmo.B_KN.SCP_01,49,A2,-0.6171364063090291,-1.0,-0.3828635936909709,0.08516556874201715,-1,-1,0,1,0
20210401T124246.A_Elmo.B_KN.SCP_01,50,A2,-1.0,0.33414021896151236,1.3341402189615124,-0.23683066495880886,-1,1,1,1,1
20210401T124246.A_Elmo.B_KN.SCP_01,51,A2,-0.2030911760013953,0.36235712884337157,0.5654483048447669,-0.3250586647687314,-1,1,1,1,0
20210401T124246.A_Elmo.B_KN.SCP_01,52,A2,-0.744978379441552,0.3499871173027971,1.094965496744349,-0.16316281854804077,-1,1,1,0,0
20210401T124246.A_Elmo.B_KN.SCP_01,53,A2,-1.0,0.06919446632150919,1.0691944663215092,0.16976940977520974,-1,1,1,1,0
20210401T124246.A_Elmo.B_KN.SCP_01,54,A2,-1.0,0.2802298484373988,1.2802298484373988,0.07378269337689132,-1,1,1,1,1
20210401T124246.A_Elmo.B_KN.SCP_01,55,A2,0.092989166123326,0.48420827606321537,0.3912191099398894,0.5975957671620964,1,1,0,1,1
20210401T124246.A_Elmo.B_KN.SCP_01,56,A2,-0.41460804336600027,-0.13933362609185918,0.2752744172741411,0.01478971601750629,-1,-1,0,1,1
20210401T124246.A_Elmo.B_KN.SCP_01,57,A2,-0.26942271226772685,0.18460867334463205,0.4540313856123589,-0.2796370718398186,-1,1,1,1,0
20210401T124246.A_Elmo.B_KN.SCP_01,58,A2,1.0,0.09776080558308653,-0.9022391944169135,0.05434830721243916,1,1,0,0,0
20210401T124246.A_Elmo.B_KN.SCP_01,59,A2,-0.18977381453843803,-0.23247139846466935,-0.042697583926231325,-0.16035661929349657,-1,-1,0,1,1
20210401T124246.A_Elmo.B_KN.SCP_01,60,A2,0.2754687235048346,-0.6469259545070297,-0.9223946780118644,-0.1554313601432823,1,-1,1,0,0
20210401T124246.A_Elmo.B_KN.SCP_01,61,A2,-0.02881835896408667,0.16612409192078356,0.19494245088487022,-0.2152911204323797,-1,1,1,0,0
20210401T124246.A_Elmo.B_KN.SCP_01,62,A2,-1.0,0.2960869527030729,1.296086952703073,0.020120482240528786,-1,1,1,0,0
20210401T124246.A_Elmo.B_KN.SCP_01,63,A2,-0.3222781162380828,-0.3808293861067915,-0.05855126986870873,0.32917187861127023,-1,-1,0,1,0
20210401T124246.A_Elmo.B_KN.SCP_01,64,A2,1.0,-0.1472904911921355,-1.1472904911921356,-0.018744269041421374,1,-1,1,0,0
20210401T124246.A_Elmo.B_KN.SCP_01,65,A3,-0.4635314677436651,0.07360274765323971,0.5371342153969048,-0.0538585327733661,-1,1,1,1,0
20210401T124246.A_Elmo.B_KN.SCP_01,66,A3,-0.2509585814741257,0.21825726478922458,0.4692158462633503,-0.006973112232857303,-1,1,1,0,0
20210401T124246.A_Elmo.B_KN.SCP_01,67,A3,0.07648344540498078,0.18279851499729036,0.10631506959230957,0.19650154979159662,1,1,0,0,0
20210401T124246.A_Elmo.B_KN.SCP_01,68,A3,0.14387296816166198,-0.239782800002723,-0.38365576816438496,0.09500875138239047,1,-1,1,0,0
20210401T124246.A_Elmo.B_KN.SCP_01,69,A3,-0.14737530465474277,-0.009114268224069856,0.13826103643067292,-0.13265459839892374,-1,-1,0,0,0
20210401T124246.A_Elmo.B_KN.SCP_01,70,A3,-0.01575036994811113,-0.005888048958216229,0.009862320989894903,-0.4034568723607133,-1,-1,0,0,0
20210401T124246.A_Elmo.B_KN.SCP_01,71,A3,0.03179622834169132,0.09696368925877358,0.06516746091708225,0.1855979506008329,1,1,0,0,0
20210401T124246.A_Elmo.B_KN.SCP_01,72,A3,0.5512531887459957,0.050939620727431,-0.5003135680185647,-0.2410213237609805,1,1,0,0,0
20210401T124246.A_Elmo.B_KN.SCP_01,73,A3,-0.5801249924189203,0.7134855666407155,1.2936105590596358,0.16736462385057668,-1,1,1,0,0
20210401T124246.A_Elmo.B_KN.SCP_01,74,A3,-0.23711059489522932,0.4850521928879955,0.7221627877832248,0.009433734467323644,-1,1,1,0,0
20210401T124246.A_Elmo.B_KN.SCP_01,75,A3,0.19338918020405343,0.0611223278407216,-0.13226685236333183,0.058082168348153045,1,1,0,0,0
20210401T124246.A_Elmo.B_KN.SCP_01,76,A3,-0.7860504796009721,1.0,1.7860504796009722,0.25742237415787134,-1,1,1,0,0
20210401T124246.A_Elmo.B_KN.SCP_01,77,A3,1.0,0.1747442186401385,-0.8252557813598616,-0.08909540499164613,1,1,0,0,0
20210401T124246.A_Elmo.B_KN.SCP_01,78,A3,-0.2613109165405257,-0.06751914159352666,0.193791774946999,0.3114380895548826,-1,-1,0,0,0
20210401T124246.A_Elmo.B_KN.SCP_01,79,A3,-0.873659630147112,0.12747353385003157,1.0011331639971437,0.12541523352644363,-1,1,1,0,0
20210401T124246.A_Elmo.B_KN.SCP_01,80,A3,-0.23700552763934501,0.07127093800761672,0.30827646564696176,-0.0836576534805447,-1,1,1,0,0
20210401T124246.A_Elmo.B_KN.SCP_01,81,A3,0.3818531965247269,0.30390945626953053,-0.07794374025519635,0.3492419176934601,1,1,0,1,1
20210401T124246.A_Elmo.B_KN.SCP_01,82,A3,1.0,0.26255174973110434,-0.7374482502688957,-0.00594797693832612,1,1,0,0,0
20210401T124246.A_Elmo.B_KN.SCP_01,83,A3,1.0,-0.6045126537519507,-1.6045126537519507,0.24919562590155567,1,-1,1,0,0
20210401T124246.A_Elmo.B_KN.SCP_01,84,A3,-0.32497984280306175,-0.12121609978880842,0.20376374301425332,0.14150471416831656,-1,-1,0,0,0
20210401T124246.A_Elmo.B_KN.SCP_01,85,A3,-0.27578521895234065,-0.34987955223211636,-0.07409433327977571,-0.13815802276155692,-1,-1,0,0,0
20210401T124246.A_Elmo.B_KN.SCP_01,86,A3,0.10285296410659844,-0.7948235586753964,-0.897676522781995,0.07868588737659062,1,-1,1,0,0
20210401T124246.A_Elmo.B_KN.SCP_01,87,A3,1.0,-0.6040202560399676,-1.6040202560399677,-0.08683873009431047,1,-1,1,0,0
20210401T124246.A_Elmo.B_KN.SCP_01,88,A3,0.322970711077067,0.018791364442845584,-0.3041793466342214,-0.02761938334694904,1,1,0,0,0
20210401T124246.A_Elmo.B_KN.SCP_01,89,A3,-0.5278516769934023,-0.011060395440735449,0.5167912815526668,0.4232503714539488,-1,-1,0,0,0
20210401T124246.A_Elmo.B_KN.SCP_01,90,A3,-0.07444564275337344,-0.007134385194440056,0.06731125755893339,0.13891333355311467,-1,-1,0,0,0
20210401T124246.A_Elmo.B_KN.SCP_01,91,A3,0.1155953526067423,0.2141770171719044,0.09858166456516211,0.1908970709395178,1,1,0,0,0
20210401T124246.A_Elmo.B_KN.SCP_01,92,A3,-0.1563359319658517,-0.15078737385564325,0.005548558110208435,-0.11121334848089463,-1,-1,0,0,0
20210401T124246.A_Elmo.B_KN.SCP_01,93,A3,1.0,0.2810347516925573,-0.7189652483074427,0.11224115889022916,1,1,0,0,0
20210401T124246.A_Elmo.B_KN.SCP_01,94,A3,-0.32225089814933994,0.06080867045284844,0.38305956860218837,0.19730259208192688,-1,1,1,0,0
20210401T124246.A_Elmo.B_KN.SCP_01,95,A3,0.0890867578719005,-0.09493503190596977,-0.18402178977787026,0.09121961204540989,1,-1,1,0,0
20210401T124246.A_Elmo.B_KN.SCP_01,96,A3,0.08950591758248874,0.1332079988364243,0.04370208125393557,0.06973736482685561,1,1,0,0,0
20210401T124246.A_Elmo.B_KN.SCP_01,97,A4,0.30899096531756615,0.6754549958163698,0.36646403049880366,0.683869068834781,1,1,0,1,1
20210401T124246.A_Elmo.B_KN.SCP_01,98,A4,0.22338832595429256,0.2232750270333422,-0.00011329892095035543,0.5793755632826432,1,1,0,1,1
20210401T124246.A_Elmo.B_KN.SCP_01,99,A4,0.06050425575547722,-0.15901092334831274,-0.21951517910378995,0.8635076151659727,1,-1,1,1,1
20210401T124246.A_Elmo.B_KN.SCP_01,100,A4,0.02717006145047556,0.21365282416673992,0.18648276271626435,0.22276773870898994,1,1,0,1,1
20210401T124246.A_Elmo.B_KN.SCP_01,101,A4,-0.13194780259140956,-0.06322795904469253,0.06871984354671704,0.7307140345607188,-1,-1,0,1,1
20210401T124246.A_Elmo.B_KN.SCP_01,102,A4,0.051269962218110005,-0.07730706011626792,-0.12857702233437793,0.24538607220019443,1,-1,1,1,1
20210401T124246.A_Elmo.B_KN.SCP_01,103,A4,0.12340396876592882,0.028706233110126395,-0.09469773565580243,-0.022014671747835703,1,1,0,1,1
20210401T124246.A_Elmo.B_KN.SCP_01,104,A4,-0.152729485109796,-0.17810223655503002,-0.025372751445234015,0.42360948895982686,-1,-1,0,1,1
20210401T124246.A_Elmo.B_KN.SCP_01,105,A4,0.003194209472825453,1.0,0.9968057905271746,0.14066295434396306,1,1,0,1,1
20210401T124246.A_Elmo.B_KN.SCP_01,106,A4,0.02806809958188681,0.22237192209460177,0.19430382251271497,0.3426583371436372,1,1,0,1,1
20210401T124246.A_Elmo.B_KN.SCP_01,107,A4,-0.0088211113982998,0.024354040557935067,0.03317515195623487,0.28604543394545645,-1,1,1,1,1
20210401T124246.A_Elmo.B_KN.SCP_01,108,A4,-0.033324699249087104,0.15144211277562405,0.18476681202471115,0.30116488071149966,-1,1,1,0,0
20210401T124246.A_Elmo.B_KN.SCP_01,109,A4,-0.0137836212940176,-0.46657522023945924,-0.45279159894544163,-0.09249606810633475,-1,-1,0,1,1
20210401T124246.A_Elmo.B_KN.SCP_01,110,A4,-0.4802266571055433,-0.3346392463825952,0.14558741072294812,0.1707091927985888,-1,-1,0,0,1
20210401T124246.A_Elmo.B_KN.SCP_01,111,A4,0.029072742155495174,0.07289620697879537,0.0438234648233002,0.2963555775568014,1,1,0,1,1
20210401T124246.A_Elmo.B_KN.SCP_01,112,A4,0.12511203499270515,0.27881372215385003,0.15370168716114488,-0.03679960302768021,1,1,0,1,1
20210401T124246.A_Elmo.B_KN.SCP_01,113,A4,0.5149350225884914,0.8791324529683042,0.3641974303798128,0.8365047180866434,1,1,0,1,1
20210401T124246.A_Elmo.B_KN.SCP_01,114,A4,0.08155679523616138,0.29919378982766265,0.21763699459150126,0.0834922704363214,1,1,0,1,1
20210401T124246.A_Elmo.B_KN.SCP_01,115,A4,-0.05969798227816993,0.08998417894508662,0.14968216122325656,0.7072883015063278,-1,1,1,1,1
20210401T124246.A_Elmo.B_KN.SCP_01,116,A4,0.03591096846163262,0.026082010009658017,-0.009828958451974606,-0.00489366085648423,1,1,0,1,1
20210401T124246.A_Elmo.B_KN.SCP_01,117,A4,-0.10732609990256838,0.0746525891148955,0.1819786890174639,0.4934230286064162,-1,1,1,1,1
20210401T124246.A_Elmo.B_KN.SCP_01,118,A4,0.00592504583401378,-0.0021770930045412157,-0.008102138838554996,0.6263694408187873,1,-1,1,1,1
20210401T124246.A_Elmo.B_KN.SCP_01,119,A4,0.03949736487461562,0.13681754591430234,0.09732018103968672,0.35915792131779795,1,1,0,1,1
20210401T124246.A_Elmo.B_KN.SCP_01,120,A4,0.03250282146267885,0.08598151548657505,0.053478694023896205,0.26965776474846886,1,1,0,1,1
20210401T124246.A_Elmo.B_KN.SCP_01,121,A4,0.11516854098095192,0.2965496858390792,0.18138114485812729,0.5810107906455784,1,1,0,1,1
20210401T124246.A_Elmo.B_KN.SCP_01,122,A4,-0.009615147724751319,0.15659906531384873,0.16621421303860007,0.6161277127537602,-1,1,1,1,1
20210401T124246.A_Elmo.B_KN.SCP_01,123,A4,0.022044469738926407,0.1401010805169002,0.1180566107779738,0.4704827611431566,1,1,0,1,1
20210401T124246.A_Elmo.B_KN.SCP_01,124,A4,0.25807592019146136,0.28738631568502,0.029310395493558627,0.5571473339637503,1,1,0,1,1
20210401T124246.A_Elmo.B_KN.SCP_01,125,A4,0.0242215664022395,0.009982755888172847,-0.014238810514066651,0.5515046818985021,1,1,0,1,1
20210401T124246.A_Elmo.B_KN.SCP_01,126,A4,-0.19449114589740849,-0.13604137053832485,0.05844977535908363,0.5123958414194826,-1,-1,0,1,1
20210401T124246.A_Elmo.B_KN.SCP_01,127,A4,0.09755351964152317,0.21259559717266013,0.11504207753113696,-0.023458067951001124,1,1,0,1,1
20210401T124246.A_Elmo.B_KN.SCP_01,128,A4,0.15724437274732952,0.3959311239110563,0.23868675116372676,0.4402716912993507,1,1,0,1,1
20210401T124246.A_Elmo.B_KN.SCP_01,129,A5,0.21578000314008458,-0.24744704122232222,-0.4632270443624068,-0.1359692574741435,1,-1,1,1,0
20210401T124246.A_Elmo.B_KN.SCP_01,130,A5,-0.1266785058945141,1.0,1.1266785058945141,0.05432254422816129,-1,1,1,1,1
20210401T124246.A_Elmo.B_KN.SCP_01,131,A5,0.017521868415416527,0.20370352017278948,0.18618165175737295,-0.03259097210157636,1,1,0,1,1
20210401T124246.A_Elmo.B_KN.SCP_01,132,A5,1.0,1.0,0.0,0.16495939406945884,1,1,0,1,1
20210401T124246.A_Elmo.B_KN.SCP_01,133,A5,0.8782325110866938,0.672001813774623,-0.20623069731207078,0.15047240063589284,1,1,0,1,1
20210401T124246.A_Elmo.B_KN.SCP_01,134,A5,0.36511526061345806,0.4654499989833611,0.10033473836990303,0.13353000720054767,1,1,0,1,1
20210401T124246.A_Elmo.B_KN.SCP_01,135,A5,0.23685730857763113,0.7289564740440432,0.4920991654664121,0.1917463720589981,1,1,0,1,1
20210401T124246.A_Elmo.B_KN.SCP_01,136,A5,0.38575967954224666,0.7159847488897249,0.3302250693474782,0.08238163897044865,1,1,0,1,1
20210401T124246.A_Elmo.B_KN.SCP_01,137,A5,-0.34114648178621343,0.6730472731652071,1.0141937549514206,0.37795596527525155,-1,1,1,0,0
20210401T124246.A_Elmo.B_KN.SCP_01,138,A5,-0.8941302764633006,0.15431566399128854,1.0484459404545892,-0.1979310875291033,-1,1,1,0,0
20210401T124246.A_Elmo.B_KN.SCP_01,139,A5,0.05862440876098329,0.03629493624318281,-0.022329472517800486,-0.3176210450822424,1,1,0,0,0
20210401T124246.A_Elmo.B_KN.SCP_01,140,A5,0.982072156620324,0.10621616696358738,-0.8758559896567366,-0.07363506513248777,1,1,0,0,0
20210401T124246.A_Elmo.B_KN.SCP_01,141,A5,1.0,-0.07919619763039502,-1.079196197630395,-0.04792413527520497,1,-1,1,0,0
20210401T124246.A_Elmo.B_KN.SCP_01,142,A5,0.15125063784835766,0.1219177070696163,-0.029332930778741356,0.0987158081698217,1,1,0,0,0
20210401T124246.A_Elmo.B_KN.SCP_01,143,A5,1.0,0.2024214703058704,-0.7975785296941296,0.05489241267755544,1,1,0,0,0
20210401T124246.A_Elmo.B_KN.SCP_01,144,A5,-1.0,-0.8567386583036701,0.14326134169632987,0.20342553620459877,-1,-1,0,0,0
20210401T124246.A_Elmo.B_KN.SCP_01,145,A5,-0.401590807986177,-0.38414548183592023,0.01744532615025679,0.6369176632866778,-1,-1,0,1,1
20210401T124246.A_Elmo.B_KN.SCP_01,146,A5,-1.0,-1.0,0.0,-0.08152853321904319,-1,-1,0,0,1
20210401T124246.A_Elmo.B_KN.SCP_01,147,A5,0.06397158342833978,-0.3110216435667946,-0.3749932269951344,0.07084378658935259,1,-1,1,0,0
20210401T124246.A_Elmo.B_KN.SCP_01,148,A5,0.058894403546978856,-0.09858672791596751,-0.15748113146294637,0.0029813053037252503,1,-1,1,0,0
20210401T124246.A_Elmo.B_KN.SCP_01,149,A5,0.5383299777833939,0.0355405609208045,-0.5027894168625894,0.3075383832947677,1,1,0,1,1
20210401T124246.A_Elmo.B_KN.SCP_01,150,A5,-0.18429112835913483,0.48145357111578513,0.66574469947492,0.06273200303897819,-1,1,1,1,1
20210401T124246.A_Elmo.B_KN.SCP_01,151,A5,0.8383514040877299,0.3061774651993381,-0.5321739388883918,-0.06088120729125442,1,1,0,0,0
20210401T124246.A_Elmo.B_KN.SCP_01,152,A5,-0.07775061824700503,-0.8048729272988596,-0.7271223090518546,-0.18783357676622953,-1,-1,0,1,1
20210401T124246.A_Elmo.B_KN.SCP_01,153,A5,-0.23194834021968352,0.17975600034941766,0.4117043405691012,0.20287456943187462,-1,1,1,1,0
20210401T124246.A_Elmo.B_KN.SCP_01,154,A5,-0.026305178401418116,-0.07070408722801572,-0.0443989088265976,0.07687490554689051,-1,-1,0,1,1
20210401T124246.A_Elmo.B_KN.SCP_01,155,A5,0.08605141069672037,-0.8036978809438675,-0.8897492916405879,-0.04937704979833944,1,-1,1,0,0
20210401T124246.A_Elmo.B_KN.SCP_01,156,A5,-1.0,0.2597339255137533,1.2597339255137534,0.3548345052899185,-1,1,1,0,0
20210401T124246.A_Elmo.B_KN.SCP_01,157,A5,0.017908472194842685,0.40489856347957454,0.38699009128473183,0.0322146979760461,1,1,0,0,0
20210401T124246.A_Elmo.B_KN.SCP_01,158,A5,0.7165627539459247,0.11720549161508513,-0.5993572623308396,-0.004490955268446772,1,1,0,0,0
20210401T124246.A_Elmo.B_KN.SCP_01,159,A5,0.061269407225590614,0.0616464469634228,0.00037703973783218686,-0.27357704402251926,1,1,0,0,0
20210401T124246.A_Elmo.B_KN.SCP_01,160,A5,0.6184750086441916,0.49908327733087743,-0.11939173131331415,0.30753466800855495,1,1,0,1,1
20210416T105525.A_Elmo.B_KN.SCP_01,1,A1,-1.0,-0.2134621433184694,0.7865378566815306,0.41729232912949715,-1,-1,0,1,0
20210416T105525.A_Elmo.B_KN.SCP_01,2,A1,-0.1983153167876152,-1.0,-0.8016846832123848,0.028764631481197258,-1,-1,0,1,1
20210416T105525.A_Elmo.B_KN.SCP_01,3,A1,-1.0,-0.4127686605515682,0.5872313394484319,0.28318260446117793,-1,-1,0,0,1
20210416T105525.A_Elmo.B_KN.SCP_01,4,A1,-0.5368530075864201,-1.0,-0.4631469924135799,0.030083190091018987,-1,-1,0,1,1
20210416T105525.A_Elmo.B_KN.SCP_01,5,A1,-0.26287878483526733,-0.20846061978335792,0.05441816505190941,0.044793615664658205,-1,-1,0,1,0
20210416T105525.A_Elmo.B_KN.SCP_01,6,A1,-1.0,-0.4118039504753015,0.5881960495246985,0.16133083716500662,-1,-1,0,1,0
20210416T105525.A_Elmo.B_KN.SCP_01,7,A1,-1.0,-0.9490089373513927,0.05099106264860731,0.26865122222646004,-1,-1,0,1,1
20210416T105525.A_Elmo.B_KN.SCP_01,8,A1,-0.133441124627414,-0.08911182259258155,0.04432930203483246,0.43391377751598187,-1,-1,0,1,1
20210416T105525.A_Elmo.B_KN.SCP_01,9,A1,-0.22512764655886316,-1.0,-0.7748723534411368,0.19924969416952446,-1,-1,0,0,0
20210416T105525.A_Elmo.B_KN.SCP_01,10,A1,-1.0,-1.0,0.0,0.3074089639658664,-1,-1,0,1,1
20210416T105525.A_Elmo.B_KN.SCP_01,11,A1,0.017157256105913888,-1.0,-1.017157256105914,0.18715226364456877,1,-1,1,1,0
20210416T105525.A_Elmo.B_KN.SCP_01,12,A1,-0.5162814353591889,-0.41305261906169444,0.10322881629749447,0.6138923082961358,-1,-1,0,1,1
20210416T105525.A_Elmo.B_KN.SCP_01,13,A1,-0.9227221356422199,-1.0,-0.07727786435778006,-0.09354852440616541,-1,-1,0,1,1
20210416T105525.A_Elmo.B_KN.SCP_01,14,A1,0.0023815380714275716,0.005191472219016498,0.002809934147588926,0.06303173566237762,1,1,0,0,1
20210416T105525.A_Elmo.B_KN.SCP_01,15,A1,0.044364446494187956,0.01847975515829175,-0.025884691335896205,0.17572072842423436,1,1,0,1,0
20210416T105525.A_Elmo.B_KN.SCP_01,16,A1,0.8053682219436984,0.27994993346963704,-0.5254182884740614,0.25550083290597037,1,1,0,1,1
20210416T105525.A_Elmo.B_KN.SCP_01,17,A1,-1.0,-0.08118697096521987,0.9188130290347801,-0.2776551006970174,-1,-1,0,1,0
20210416T105525.A_Elmo.B_KN.SCP_01,18,A1,-0.18903437948023244,-0.23042738085295547,-0.04139300137272303,-0.22700908504321285,-1,-1,0,0,0
20210416T105525.A_Elmo.B_KN.SCP_01,19,A1,-0.2639555946508061,-0.3860811828291223,-0.1221255881783162,0.28191607791924916,-1,-1,0,1,1
20210416T105525.A_Elmo.B_KN.SCP_01,20,A1,0.012876347792498017,-0.042551288614606796,-0.05542763640710481,0.5692387393975802,1,-1,1,1,1
20210416T105525.A_Elmo.B_KN.SCP_01,21,A1,-0.11977477906121525,0.1607016074070071,0.28047638646822237,0.04562676122095075,-1,1,1,0,0
20210416T105525.A_Elmo.B_KN.SCP_01,22,A1,0.138536500171396,0.07073808084246327,-0.06779841932893271,0.3119725315460911,1,1,0,0,0
20210416T105525.A_Elmo.B_KN.SCP_01,23,A1,0.02201113211891342,-0.2424215129398359,-0.2644326450587493,0.045330576462473335,1,-1,1,0,0
20210416T105525.A_Elmo.B_KN.SCP_01,24,A1,-0.15384319618952502,0.2432939281459197,0.39713712433544474,-0.030466928139837333,-1,1,1,1,1
20210416T105525.A_Elmo.B_KN.SCP_01,25,A1,-0.4582697072493387,0.049268639301468846,0.5075383465508075,-0.03962823909771344,-1,1,1,1,0
20210416T105525.A_Elmo.B_KN.SCP_01,26,A1,1.0,1.0,0.0,0.6137188480749372,1,1,0,1,1
20210416T105525.A_Elmo.B_KN.SCP_01,27,A1,-1.0,-0.24133660239424048,0.7586633976057595,-0.25897106944545184,-1,-1,0,0,0
20210416T105525.A_Elmo.B_KN.SCP_01,28,A1,-1.0,-1.0,0.0,0.7509131808637376,-1,-1,0,1,1
20210416T105525.A_Elmo.B_KN.SCP_01,29,A1,0.4550951461054864,0.3745398075252,-0.0805553385802864,-0.09665467245025004,1,1,0,1,1
20210416T105525.A_Elmo.B_KN.SCP_01,30,A1,-0.0358235365014432,1.0,1.0358235365014432,0.31443110302251687,-1,1,1,0,0
20210416T105525.A_Elmo.B_KN.SCP_01,31,A1,-0.0865222836738984,-0.28319405689888316,-0.19667177322498475,0.18604664250799555,-1,-1,0,1,1
20210416T105525.A_Elmo.B_KN.SCP_01,32,A1,-0.3571303385366082,-0.281986207703001,0.07514413083360721,0.5026838018174001,-1,-1,0,1,1
20210416T105525.A_Elmo.B_KN.SCP_01,33,A2,-0.44105456998879977,0.40945842884785355,0.8505129988366533,0.409021644946833,-1,1,1,0,0
20210416T105525.A_Elmo.B_KN.SCP_01,34,A2,0.14697403962231503,0.002801905893853196,-0.14417213372846183,-0.26792056557117966,1,1,0,0,0
20210416T105525.A_Elmo.B_KN.SCP_01,35,A2,-0.24668122424368755,-0.5294140560088494,-0.28273283176516184,-0.21236755129204596,-1,-1,0,0,0
20210416T105525.A_Elmo.B_KN.SCP_01,36,A2,0.0008388736332361458,0.06418268133661922,0.06334380770338308,-0.16532569089366472,1,1,0,0,0
20210416T105525.A_Elmo.B_KN.SCP_01,37,A2,-1.0,-0.11516697970424895,0.8848330202957511,-0.07962488020205286,-1,-1,0,0,0
20210416T105525.A_Elmo.B_KN.SCP_01,38,A2,-1.0,-1.0,0.0,0.03364579124361007,-1,-1,0,0,0
20210416T105525.A_Elmo.B_KN.SCP_01,39,A2,-0.19388938039337908,-0.6215904114300312,-0.42770103103665214,0.1289015120048801,-1,-1,0,1,1
20210416T105525.A_Elmo.B_KN.SCP_01,40,A2,1.0,-0.10766797101398898,-1.107667971013989,0.07957044443676199,1,-1,1,0,0
20210416T105525.A_Elmo.B_KN.SCP_01,41,A2,-0.40517397128848354,-0.13869202437142011,0.2664819469170634,0.12830338417598178,-1,-1,0,1,1
20210416T105525.A_Elmo.B_KN.SCP_01,42,A2,-0.2884735299614007,0.19714292129947103,0.4856164512608717,0.2513457177086458,-1,1,1,0,0
20210416T105525.A_Elmo.B_KN.SCP_01,43,A2,-0.8257489393837698,0.5901191547642648,1.4158680941480346,-0.3736663404517577,-1,1,1,0,0
20210416T105525.A_Elmo.B_KN.SCP_01,44,A2,0.2687375110926469,-0.11616670670841528,-0.38490421780106215,0.07151499166794285,1,-1,1,0,0
20210416T105525.A_Elmo.B_KN.SCP_01,45,A2,0.07566658505279454,-0.01939284292625057,-0.09505942797904511,-0.14080692194193295,1,-1,1,0,0
20210416T105525.A_Elmo.B_KN.SCP_01,46,A2,-1.0,1.0,2.0,0.007047160022443459,-1,1,1,0,0
20210416T105525.A_Elmo.B_KN.SCP_01,47,A2,-1.0,-1.0,0.0,0.07974066421155002,-1,-1,0,0,0
20210416T105525.A_Elmo.B_KN.SCP_01,48,A2,-0.3183201223139725,0.12351991227033494,0.44184003458430743,0.08905175693583905,-1,1,1,0,0
20210416T105525.A_Elmo.B_KN.SCP_01,49,A2,-0.24917545850555453,0.32967605725331595,0.5788515157588705,0.21803512222298702,-1,1,1,1,0
20210416T105525.A_Elmo.B_KN.SCP_01,50,A2,-0.707409090133378,0.05065851443036454,0.7580676045637426,-0.19444411674540327,-1,1,1,1,1
20210416T105525.A_Elmo.B_KN.SCP_01,51,A2,0.0490938531459721,0.007745345342113372,-0.04134850780385873,-0.05694139488951575,1,1,0,0,0
20210416T105525.A_Elmo.B_KN.SCP_01,52,A2,-1.0,0.2512079045620279,1.251207904562028,0.10623156302296727,-1,1,1,0,0
20210416T105525.A_Elmo.B_KN.SCP_01,53,A2,-0.34246136487149076,0.0882160518141995,0.43067741668569026,0.16844601204398424,-1,1,1,0,0
20210416T105525.A_Elmo.B_KN.SCP_01,54,A2,-1.0,-0.0036138981692813046,0.9963861018307187,0.05202379642670606,-1,-1,0,1,1
20210416T105525.A_Elmo.B_KN.SCP_01,55,A2,-0.13192872356369995,-0.037994411772604195,0.09393431179109575,0.5877505391135162,-1,-1,0,1,1
20210416T105525.A_Elmo.B_KN.SCP_01,56,A2,-0.564408877558724,-0.24119914059048073,0.3232097369682433,0.4115991110894524,-1,-1,0,0,0
20210416T105525.A_Elmo.B_KN.SCP_01,57,A2,-0.1251945213849886,0.26375062150787515,0.38894514289286375,0.02865675296452054,-1,1,1,0,1
20210416T105525.A_Elmo.B_KN.SCP_01,58,A2,1.0,-1.0,-2.0,0.15344655534814544,1,-1,1,0,0
20210416T105525.A_Elmo.B_KN.SCP_01,59,A2,-0.13872502721545477,-0.2812143526803692,-0.14248932546491444,0.0192876369117785,-1,-1,0,1,1
20210416T105525.A_Elmo.B_KN.SCP_01,60,A2,-0.35924515771211346,-0.03766513690046086,0.3215800208116526,0.128301743235292,-1,-1,0,0,0
20210416T105525.A_Elmo.B_KN.SCP_01,61,A2,-0.15230706814809733,0.011266405856446879,0.1635734740045442,-0.09377957346969833,-1,1,1,0,0
20210416T105525.A_Elmo.B_KN.SCP_01,62,A2,-0.5965102085479993,0.17900631524487903,0.7755165237928783,-0.21519011899332716,-1,1,1,0,0
20210416T105525.A_Elmo.B_KN.SCP_01,63,A2,-1.0,-1.0,0.0,0.008082608017402992,-1,-1,0,0,1
20210416T105525.A_Elmo.B_KN.SCP_01,64,A2,-1.0,0.6848096605946938,1.6848096605946938,-0.15127164696776504,-1,1,1,0,0
20210416T105525.A_Elmo.B_KN.SCP_01,65,A3,0.013660086052869945,0.08131051994556074,0.06765043389269079,0.2969683826300699,1,1,0,1,1
20210416T105525.A_Elmo.B_KN.SCP_01,66,A3,-1.0,-0.1489706600446078,0.8510293399553922,-0.050643963402688695,-1,-1,0,1,0
20210416T105525.A_Elmo.B_KN.SCP_01,67,A3,-0.04618772379069311,0.035077220585089955,0.08126494437578306,-0.008793056027646294,-1,1,1,0,0
20210416T105525.A_Elmo.B_KN.SCP_01,68,A3,-0.44320617683330105,-0.08650927205501521,0.35669690477828586,-0.20032757485825145,-1,-1,0,0,0
20210416T105525.A_Elmo.B_KN.SCP_01,69,A3,-0.6139701139136314,0.007125709827336177,0.6210958237409676,-0.3910605180675848,-1,1,1,1,1
20210416T105525.A_Elmo.B_KN.SCP_01,70,A3,0.163605249957165,0.20699617625542294,0.04339092629825794,0.14268654223115063,1,1,0,0,0
20210416T105525.A_Elmo.B_KN.SCP_01,71,A3,0.4781660577059451,-0.22901413419134475,-0.7071801918972899,-0.10162081870251252,1,-1,1,0,0
20210416T105525.A_Elmo.B_KN.SCP_01,72,A3,1.0,-0.5538549685730836,-1.5538549685730836,-0.532476565765885,1,-1,1,0,0
20210416T105525.A_Elmo.B_KN.SCP_01,73,A3,-1.0,-0.20371965536794778,0.7962803446320522,0.11081297087202886,-1,-1,0,0,0
20210416T105525.A_Elmo.B_KN.SCP_01,74,A3,-0.6055299910893814,-0.6226282951971439,-0.017098304107762474,0.1692445561245571,-1,-1,0,0,0
20210416T105525.A_Elmo.B_KN.SCP_01,75,A3,-1.0,-1.0,0.0,-0.24365784379148483,-1,-1,0,0,0
20210416T105525.A_Elmo.B_KN.SCP_01,76,A3,-1.0,0.037535203139840725,1.0375352031398408,-0.33038351823762796,-1,1,1,0,0
20210416T105525.A_Elmo.B_KN.SCP_01,77,A3,-0.04106577166023669,-0.19827770133560627,-0.15721192967536957,-0.08202743133858752,-1,-1,0,1,1
20210416T105525.A_Elmo.B_KN.SCP_01,78,A3,-1.0,-0.24739571142710856,0.7526042885728914,-0.07790008171568742,-1,-1,0,0,0
20210416T105525.A_Elmo.B_KN.SCP_01,79,A3,-0.6335075902346277,-0.4497879801069718,0.18371961012765586,-0.12800969946819984,-1,-1,0,0,0
20210416T105525.A_Elmo.B_KN.SCP_01,80,A3,-0.3812633953674119,0.12377640255071963,0.5050397979181315,-0.037074366792601225,-1,1,1,0,0
20210416T105525.A_Elmo.B_KN.SCP_01,81,A3,-0.6236773133568458,-0.15476518233356149,0.46891213102328433,0.5674318480872184,-1,-1,0,1,1
20210416T105525.A_Elmo.B_KN.SCP_01,82,A3,-0.015809969466276556,0.2707944562548736,0.28660442572115014,0.03148259673427509,-1,1,1,0,0
20210416T105525.A_Elmo.B_KN.SCP_01,83,A3,0.1512648221544449,-1.0,-1.1512648221544448,0.17419821531006127,1,-1,1,1,0
20210416T105525.A_Elmo.B_KN.SCP_01,84,A3,-0.4811397249040258,0.24138740583269344,0.7225271307367193,0.12869871460415483,-1,1,1,0,0
20210416T105525.A_Elmo.B_KN.SCP_01,85,A3,-1.0,0.7729502994193514,1.7729502994193513,0.22470396458031788,-1,1,1,0,0
20210416T105525.A_Elmo.B_KN.SCP_01,86,A3,0.685049912902879,-0.02609272483535444,-0.7111426377382334,0.2827544682638923,1,-1,1,0,0
20210416T105525.A_Elmo.B_KN.SCP_01,87,A3,0.3951237207268384,0.1432789105535316,-0.2518448101733068,-0.24202967257241692,1,1,0,0,0
20210416T105525.A_Elmo.B_KN.SCP_01,88,A3,-0.9173461468541487,-0.2663817133320164,0.6509644335221323,-0.02846537002540831,-1,-1,0,0,0
20210416T105525.A_Elmo.B_KN.SCP_01,89,A3,0.5234442425172877,0.007070008878728723,-0.5163742336385589,-0.24731651650977277,1,1,0,0,0
20210416T105525.A_Elmo.B_KN.SCP_01,90,A3,0.9558095517440187,0.4477437573430708,-0.5080657944009479,0.06855210334710994,1,1,0,0,0
20210416T105525.A_Elmo.B_KN.SCP_01,91,A3,-0.16179824884229171,0.029872223715129136,0.19167047255742084,0.09957082639979258,-1,1,1,0,0
20210416T105525.A_Elmo.B_KN.SCP_01,92,A3,0.627719246419255,0.2855366924183969,-0.3421825540008581,-0.09151615762710798,1,1,0,0,0
20210416T105525.A_Elmo.B_KN.SCP_01,93,A3,-0.5990542160817197,-0.15417601070146056,0.44487820538025913,-0.05365063162401464,-1,-1,0,0,0
20210416T105525.A_Elmo.B_KN.SCP_01,94,A3,-0.6126367642448697,0.279811090981551,0.8924478552264207,0.12436756412765579,-1,1,1,0,0
20210416T105525.A_Elmo.B_KN.SCP_01,95,A3,-0.21056074256860055,-0.0535119718989834,0.15704877066961714,-0.05797212542443915,-1,-1,0,0,0
20210416T105525.A_Elmo.B_KN.SCP_01,96,A3,-0.877343718476463,0.12142461128531126,0.9987683297617742,-0.11048334439879004,-1,1,1,0,0
20210416T105525.A_Elmo.B_KN.SCP_01,97,A4,0.38405010094172953,1.0,0.6159498990582705,0.5731815652398928,1,1,0,1,1
20210416T105525.A_Elmo.B_KN.SCP_01,98,A4,0.02228126993878435,-0.13342749403069196,-0.1557087639694763,0.2328989516655129,1,-1,1,1,1
20210416T105525.A_Elmo.B_KN.SCP_01,99,A4,0.02882105693342851,-1.0,-1.0288210569334284,0.7510427183241805,1,-1,1,1,1
20210416T105525.A_Elmo.B_KN.SCP_01,100,A4,0.027314328106538895,1.0,0.9726856718934611,0.14808453275402195,1,1,0,1,1
20210416T105525.A_Elmo.B_KN.SCP_01,101,A4,-0.1784141037231486,0.437205776477746,0.6156198802008945,0.5261768063344887,-1,1,1,1,1
20210416T105525.A_Elmo.B_KN.SCP_01,102,A4,0.0536923168927196,0.8250871711542692,0.7713948542615496,-0.34647334328586077,1,1,0,1,1
20210416T105525.A_Elmo.B_KN.SCP_01,103,A4,0.07867365816093823,0.367171150802645,0.28849749264170677,-0.15299486615649058,1,1,0,1,1
20210416T105525.A_Elmo.B_KN.SCP_01,104,A4,-0.1291436203884096,0.09642363264609671,0.2255672530345063,0.09299849935237907,-1,1,1,1,1
20210416T105525.A_Elmo.B_KN.SCP_01,105,A4,-0.1320194668446543,0.07786127896964297,0.20988074581429728,0.048046257674199316,-1,1,1,1,1
20210416T105525.A_Elmo.B_KN.SCP_01,106,A4,-0.12403946822925652,0.35365379910906325,0.47769326733831974,0.31188519515126883,-1,1,1,1,1
20210416T105525.A_Elmo.B_KN.SCP_01,107,A4,-0.402661729168678,1.0,1.402661729168678,-0.11426400302214407,-1,1,1,1,1
20210416T105525.A_Elmo.B_KN.SCP_01,108,A4,-0.24855186460101933,-0.2925576868595682,-0.04400582225854885,0.34828761194501806,-1,-1,0,0,0
20210416T105525.A_Elmo.B_KN.SCP_01,109,A4,-0.4301191997529309,0.004403140281612485,0.4345223400345434,0.06903605828739998,-1,1,1,1,1
20210416T105525.A_Elmo.B_KN.SCP_01,110,A4,-0.3577876552885147,0.0609549275603339,0.4187425828488486,0.12097889288719366,-1,1,1,1,1
20210416T105525.A_Elmo.B_KN.SCP_01,111,A4,-0.045326130168816585,0.00020918955065794741,0.04553531971947453,0.19572008884497813,-1,1,1,1,1
20210416T105525.A_Elmo.B_KN.SCP_01,112,A4,-0.17903957269130624,-0.03451998298090386,0.14451958971040238,-0.14072300884858213,-1,-1,0,1,1
20210416T105525.A_Elmo.B_KN.SCP_01,113,A4,0.4304508089388775,1.0,0.5695491910611226,0.7687059319033407,1,1,0,1,1
20210416T105525.A_Elmo.B_KN.SCP_01,114,A4,-0.10972376875977248,0.0532547267331685,0.16297849549294097,-0.025666304076703887,-1,1,1,1,1
20210416T105525.A_Elmo.B_KN.SCP_01,115,A4,0.10452364201543582,0.1921577747233945,0.08763413270795867,0.24547168688739454,1,1,0,1,1
20210416T105525.A_Elmo.B_KN.SCP_01,116,A4,0.1704290802049479,1.0,0.829570919795052,0.2749050175062255,1,1,0,1,1
20210416T105525.A_Elmo.B_KN.SCP_01,117,A4,-0.05946827056128186,0.3476022141446891,0.40707048470597096,0.47740545622988156,-1,1,1,1,1
20210416T105525.A_Elmo.B_KN.SCP_01,118,A4,-0.216718432667422,0.05618165205299644,0.27290008472041843,0.5849505532647918,-1,1,1,1,1
20210416T105525.A_Elmo.B_KN.SCP_01,119,A4,0.1021672676752551,1.0,0.8978327323247449,-0.10467160876858678,1,1,0,1,1
20210416T105525.A_Elmo.B_KN.SCP_01,120,A4,-0.21788825127523143,0.39538981103693094,0.6132780623121623,0.2409889603776042,-1,1,1,1,1
20210416T105525.A_Elmo.B_KN.SCP_01,121,A4,-0.22896608722931286,0.050387527067395785,0.27935361429670863,0.3893435214412906,-1,1,1,1,1
20210416T105525.A_Elmo.B_KN.SCP_01,122,A4,-0.23470163495057236,-0.04602362780558832,0.18867800714498403,0.44029970815370045,-1,-1,0,1,1
20210416T105525.A_Elmo.B_KN.SCP_01,123,A4,-0.03621336737808249,0.1398981127643947,0.17611148014247718,0.4005775378436135,-1,1,1,1,1
20210416T105525.A_Elmo.B_KN.SCP_01,124,A4,0.02519130554753876,0.30148126852353635,0.2762899629759976,0.40892315062939116,1,1,0,1,1
20210416T105525.A_Elmo.B_KN.SCP_01,125,A4,-0.390887636160766,-0.2884288690210829,0.1024587671396831,0.7553013287854056,-1,-1,0,1,1
20210416T105525.A_Elmo.B_KN.SCP_01,126,A4,-0.09612119038818491,0.011380381518842589,0.1075015719070275,0.587839524195569,-1,1,1,1,1
20210416T105525.A_Elmo.B_KN.SCP_01,127,A4,-0.03264922978353702,0.12361802049349191,0.15626725027702892,0.5054883778793757,-1,1,1,1,1
20210416T105525.A_Elmo.B_KN.SCP_01,128,A4,-0.10213046979294275,0.08540726102365238,0.18753773081659514,0.4554599112988603,-1,1,1,1,1
20210423T105645.A_Elmo.B_KN.SCP_01,1,A1,-0.18586710607842608,-0.25804693179253685,-0.07217982571411077,-0.013697168771213741,-1,-1,0,0,0
20210423T105645.A_Elmo.B_KN.SCP_01,2,A1,1.0,0.6183406173887126,-0.3816593826112874,0.2520081751243065,1,1,0,1,0
20210423T105645.A_Elmo.B_KN.SCP_01,3,A1,-0.3203672138246888,-0.0095573566439513,0.3108098571807375,0.13108623837742528,-1,-1,0,0,0
20210423T105645.A_Elmo.B_KN.SCP_01,4,A1,-0.6113922967507418,-0.6607239255895838,-0.04933162883884201,0.12972946440353503,-1,-1,0,1,1
20210423T105645.A_Elmo.B_KN.SCP_01,5,A1,-0.0460292606749538,0.007915646330232567,0.053944907005186366,-0.10720067598826089,-1,1,1,1,0
20210423T105645.A_Elmo.B_KN.SCP_01,6,A1,0.4891653020720092,-0.22091689270030543,-0.7100821947723146,-0.04393147908588485,1,-1,1,0,0
20210423T105645.A_Elmo.B_KN.SCP_01,7,A1,-1.0,-0.4147852077498761,0.5852147922501238,0.06645206829403769,-1,-1,0,1,1
20210423T105645.A_Elmo.B_KN.SCP_01,8,A1,-0.20652501002182175,-0.06814951559498555,0.1383754944268362,-0.04213085186024429,-1,-1,0,0,0
20210423T105645.A_Elmo.B_KN.SCP_01,9,A1,-0.31123287769399766,0.06572521236734799,0.3769580900613456,0.0769254706156677,-1,1,1,0,0
20210423T105645.A_Elmo.B_KN.SCP_01,10,A1,-1.0,-0.4863714675970657,0.5136285324029344,0.5197685256514689,-1,-1,0,1,1
20210423T105645.A_Elmo.B_KN.SCP_01,11,A1,-1.0,-0.08061204812298724,0.9193879518770127,0.25765318959454164,-1,-1,0,1,0
20210423T105645.A_Elmo.B_KN.SCP_01,12,A1,-0.6904566564837828,-0.2575554966704004,0.43290115981338245,0.43165210946589605,-1,-1,0,1,1
20210423T105645.A_Elmo.B_KN.SCP_01,13,A1,-0.6673344274182301,-1.0,-0.3326655725817699,0.17776386138012534,-1,-1,0,1,1
20210423T105645.A_Elmo.B_KN.SCP_01,14,A1,-0.7600308073704909,0.029167037278061195,0.7891978446485521,-0.024006869532514012,-1,1,1,1,1
20210423T105645.A_Elmo.B_KN.SCP_01,15,A1,-0.029107708406325938,-0.013175299291201523,0.015932409115124415,-0.03795488489634833,-1,-1,0,0,0
20210423T105645.A_Elmo.B_KN.SCP_01,16,A1,0.29501638734352414,0.011732717616298146,-0.283283669727226,-0.3053858547959727,1,1,0,1,1
20210423T105645.A_Elmo.B_KN.SCP_01,17,A1,-0.32101746195726977,-0.016415656994256126,0.30460180496301364,-0.08566758012920637,-1,-1,0,1,0
20210423T105645.A_Elmo.B_KN.SCP_01,18,A1,-0.5345765602487164,-0.30603490714775494,0.22854165310096142,-0.13019277148849312,-1,-1,0,0,0
20210423T105645.A_Elmo.B_KN.SCP_01,19,A1,-0.12717505469136223,-1.0,-0.8728249453086377,0.3426157334612399,-1,-1,0,1,1
20210423T105645.A_Elmo.B_KN.SCP_01,20,A1,-0.04833914368983347,-0.3517067761960627,-0.3033676325062292,0.39153988817720525,-1,-1,0,1,1
20210423T105645.A_Elmo.B_KN.SCP_01,21,A1,-0.8063013960688911,-0.3399770320166594,0.46632436405223165,-0.22041596157024393,-1,-1,0,0,1
20210423T105645.A_Elmo.B_KN.SCP_01,22,A1,-0.07965090666806268,0.26368786169113784,0.3433387683592005,-0.039253286041039455,-1,1,1,0,1
20210423T105645.A_Elmo.B_KN.SCP_01,23,A1,0.31367905287871634,0.15359276951722886,-0.16008628336148747,0.4079556402920627,1,1,0,0,1
20210423T105645.A_Elmo.B_KN.SCP_01,24,A1,-0.0817235491706184,-0.14922175529284545,-0.06749820612222705,0.3325239108798066,-1,-1,0,0,0
20210423T105645.A_Elmo.B_KN.SCP_01,25,A1,-1.0,-0.27054000897748065,0.7294599910225193,0.02449452581731199,-1,-1,0,0,0
20210423T105645.A_Elmo.B_KN.SCP_01,26,A1,1.0,1.0,0.0,0.554432588537682,1,1,0,1,1
20210423T105645.A_Elmo.B_KN.SCP_01,27,A1,-1.0,-0.2306758431130201,0.7693241568869799,0.21585888176478032,-1,-1,0,0,0
20210423T105645.A_Elmo.B_KN.SCP_01,28,A1,-1.0,-1.0,0.0,0.9371558841231096,-1,-1,0,1,1
20210423T105645.A_Elmo.B_KN.SCP_01,29,A1,0.11059373768339725,0.1496037027159425,0.03900996503254525,0.15533812172699024,1,1,0,1,0
20210423T105645.A_Elmo.B_KN.SCP_01,30,A1,-0.013416643260090585,-0.0056580724724793405,0.007758570787611245,0.05937379395726883,-1,-1,0,0,0
20210423T105645.A_Elmo.B_KN.SCP_01,31,A1,0.10328799012340052,0.04220003595741797,-0.061087954165982554,0.3384569202768835,1,1,0,1,1
20210423T105645.A_Elmo.B_KN.SCP_01,32,A1,-0.02304138393654463,-0.34872882822966733,-0.3256874442931227,-0.4197591796684096,-1,-1,0,1,1
20210423T105645.A_Elmo.B_KN.SCP_01,33,A2,0.41971781244834205,1.0,0.580282187551658,0.08453073669244496,1,1,0,1,1
20210423T105645.A_Elmo.B_KN.SCP_01,34,A2,-0.007492898459343384,-0.010308934556428524,-0.0028160360970851395,-0.3219369527824872,-1,-1,0,0,0
20210423T105645.A_Elmo.B_KN.SCP_01,35,A2,0.45853953573881456,0.2190512826684566,-0.23948825307035795,0.023872248513042694,1,1,0,0,0
20210423T105645.A_Elmo.B_KN.SCP_01,36,A2,0.02677855761549149,1.0,0.9732214423845085,0.06566645592010822,1,1,0,1,1
20210423T105645.A_Elmo.B_KN.SCP_01,37,A2,-0.3410858928788695,-0.05838677109962632,0.28269912177924317,0.16343579249890217,-1,-1,0,0,0
20210423T105645.A_Elmo.B_KN.SCP_01,38,A2,0.05932423496342015,-0.10842804520845403,-0.16775228017187419,-0.265986957003558,1,-1,1,0,0
20210423T105645.A_Elmo.B_KN.SCP_01,39,A2,-0.056735666844570515,0.38245725584966433,0.4391929226942348,0.36967046053910146,-1,1,1,1,1
20210423T105645.A_Elmo.B_KN.SCP_01,40,A2,-0.2487325009766136,-0.32771392443141134,-0.07898142345479775,-0.05702581329231471,-1,-1,0,0,0
20210423T105645.A_Elmo.B_KN.SCP_01,41,A2,-0.17518822316832428,-0.011887805311159428,0.16330041785716484,0.48349893513243347,-1,-1,0,1,1
20210423T105645.A_Elmo.B_KN.SCP_01,42,A2,-0.6111928540250489,-1.0,-0.38880714597495114,0.014770196108616955,-1,-1,0,0,0
20210423T105645.A_Elmo.B_KN.SCP_01,43,A2,0.018299833377448272,-0.007046386333717646,-0.025346219711165918,0.024351537271287124,1,-1,1,0,0
20210423T105645.A_Elmo.B_KN.SCP_01,44,A2,0.15134259359653188,-0.05926417450686154,-0.2106067681033934,0.04321636688210442,1,-1,1,0,0
20210423T105645.A_Elmo.B_KN.SCP_01,45,A2,1.0,-0.051253462620752296,-1.0512534626207524,-0.048852055913205496,1,-1,1,0,0
20210423T105645.A_Elmo.B_KN.SCP_01,46,A2,-0.06228882509237596,-0.02520929000539108,0.03707953508698488,-0.05045519663322493,-1,-1,0,0,0
20210423T105645.A_Elmo.B_KN.SCP_01,47,A2,-1.0,0.31755389315677685,1.3175538931567767,-0.18355820073441032,-1,1,1,0,0
20210423T105645.A_Elmo.B_KN.SCP_01,48,A2,-0.5954255303988155,-0.05016592084645824,0.5452596095523573,0.14715196673936137,-1,-1,0,0,0
20210423T105645.A_Elmo.B_KN.SCP_01,49,A2,-0.0950101009411881,0.4435917352128237,0.5386018361540118,0.06246528750734698,-1,1,1,1,1
20210423T105645.A_Elmo.B_KN.SCP_01,50,A2,-0.18188833237231997,0.31890767470140136,0.5007960070737213,-0.07401583688055798,-1,1,1,0,0
20210423T105645.A_Elmo.B_KN.SCP_01,51,A2,-0.13857765465848462,-0.5939092134897072,-0.45533155883122256,0.29603087716695914,-1,-1,0,0,0
20210423T105645.A_Elmo.B_KN.SCP_01,52,A2,-0.045505996379780166,0.9036343246023404,0.9491403209821205,-0.2564969222750857,-1,1,1,1,1
20210423T105645.A_Elmo.B_KN.SCP_01,53,A2,0.03363781679229251,0.05984109316295407,0.02620327637066156,-0.15651203841134953,1,1,0,0,0
20210423T105645.A_Elmo.B_KN.SCP_01,54,A2,-0.39967041269848186,0.30740079590135033,0.7070712085998322,-0.05405642306276117,-1,1,1,1,1
20210423T105645.A_Elmo.B_KN.SCP_01,55,A2,0.08226638516263461,1.0,0.9177336148373654,0.5711331377481456,1,1,0,1,1
20210423T105645.A_Elmo.B_KN.SCP_01,56,A2,-0.09447608951428374,0.13153076252759804,0.22600685204188178,0.08211641423325584,-1,1,1,1,0
20210423T105645.A_Elmo.B_KN.SCP_01,57,A2,0.0025439403129401085,-0.014357426807586846,-0.016901367120526953,-0.16523574145048722,1,-1,1,0,0
20210423T105645.A_Elmo.B_KN.SCP_01,58,A2,-0.02727143161214937,0.6349386261195957,0.6622100577317451,0.3030853000611313,-1,1,1,0,0
20210423T105645.A_Elmo.B_KN.SCP_01,59,A2,-0.3693096347459265,0.10726282881949535,0.4765724635654218,0.18798159047572505,-1,1,1,1,1
20210423T105645.A_Elmo.B_KN.SCP_01,60,A2,0.05314235612024968,0.44525248867183465,0.39211013255158494,-0.0928241806712502,1,1,0,0,0
20210423T105645.A_Elmo.B_KN.SCP_01,61,A2,-0.38303040835975305,-0.12276474859591925,0.2602656597638338,0.2178792550389101,-1,-1,0,0,0
20210423T105645.A_Elmo.B_KN.SCP_01,62,A2,-0.07018870750361417,-0.19567212389887842,-0.12548341639526425,-0.0058951438186552905,-1,-1,0,0,0
20210423T105645.A_Elmo.B_KN.SCP_01,63,A2,-1.0,-1.0,0.0,0.38295681002930815,-1,-1,0,0,1
20210423T105645.A_Elmo.B_KN.SCP_01,64,A2,-0.08634556006075096,0.2563956772177334,0.3427412372784843,0.1567512180895282,-1,1,1,0,0
20210423T105645.A_Elmo.B_KN.SCP_01,65,A3,0.6652467323801142,-0.26816451985575407,-0.9334112522358683,0.08331068270498113,1,-1,1,1,1
20210423T105645.A_Elmo.B_KN.SCP_01,66,A3,0.027727398641966744,-0.001540192877112183,-0.029267591519078928,-0.2041822571229308,1,-1,1,0,0
20210423T105645.A_Elmo.B_KN.SCP_01,67,A3,-1.0,0.05328401489756875,1.0532840148975688,-0.30155632706830837,-1,1,1,0,0
20210423T105645.A_Elmo.B_KN.SCP_01,68,A3,0.008404930249596444,-0.09356573121440616,-0.1019706614640026,0.0970330769516601,1,-1,1,0,0
20210423T105645.A_Elmo.B_KN.SCP_01,69,A3,-0.696580407065521,-0.0647310809025163,0.6318493261630047,-0.03844697276598682,-1,-1,0,0,0
20210423T105645.A_Elmo.B_KN.SCP_01,70,A3,0.008908121518839024,0.10273255263676338,0.09382443111792436,0.04822831321824532,1,1,0,0,0
20210423T105645.A_Elmo.B_KN.SCP_01,71,A3,0.3116270335535044,-0.047552967827870635,-0.35918000138137507,-0.08140199310687334,1,-1,1,0,0
20210423T105645.A_Elmo.B_KN.SCP_01,72,A3,-1.0,0.09349136619332371,1.0934913661933237,-0.005334475276115782,-1,1,1,0,0
20210423T105645.A_Elmo.B_KN.SCP_01,73,A3,-0.5206111392822634,0.4013169602610946,0.9219280995433581,0.14598391771182267,-1,1,1,0,0
20210423T105645.A_Elmo.B_KN.SCP_01,74,A3,-0.288077861029295,-0.03659772078000531,0.25148014024928966,-0.022489979843792727,-1,-1,0,0,0
20210423T105645.A_Elmo.B_KN.SCP_01,75,A3,-0.08541309460726645,-0.6126100344664815,-0.5271969398592151,-0.2611385341831256,-1,-1,0,0,0
20210423T105645.A_Elmo.B_KN.SCP_01,76,A3,-0.11076065199776083,-0.04847416571983941,0.062286486277921424,0.041913453980884315,-1,-1,0,0,0
20210423T105645.A_Elmo.B_KN.SCP_01,77,A3,0.13003321784381702,-0.010406053517545817,-0.14043927136136283,0.014146373852715341,1,-1,1,1,0
20210423T105645.A_Elmo.B_KN.SCP_01,78,A3,-0.12729962945221693,-0.01984432447368373,0.1074553049785332,0.048778181357735345,-1,-1,0,0,0
20210423T105645.A_Elmo.B_KN.SCP_01,79,A3,-1.0,0.04544429252940832,1.0454442925294083,0.1295885169608133,-1,1,1,0,0
20210423T105645.A_Elmo.B_KN.SCP_01,80,A3,0.06639293300031139,-0.006658294802771849,-0.07305122780308324,-0.18061952640411286,1,-1,1,0,0
20210423T105645.A_Elmo.B_KN.SCP_01,81,A3,-0.5765479534721357,-0.38490977082290445,0.19163818264923127,0.4024178092839598,-1,-1,0,1,1
20210423T105645.A_Elmo.B_KN.SCP_01,82,A3,-1.0,-0.11823205987641307,0.881767940123587,0.23365257717073726,-1,-1,0,0,0
20210423T105645.A_Elmo.B_KN.SCP_01,83,A3,-0.05520815577950971,-0.025575081660145917,0.029633074119363792,0.2600193351079648,-1,-1,0,0,0
20210423T105645.A_Elmo.B_KN.SCP_01,84,A3,-0.10486516615246291,0.013271616804918744,0.11813678295738166,-0.02471809524524591,-1,1,1,0,1
20210423T105645.A_Elmo.B_KN.SCP_01,85,A3,-1.0,0.11299572910449954,1.1129957291044996,0.18128112544386502,-1,1,1,0,0
20210423T105645.A_Elmo.B_KN.SCP_01,86,A3,-0.19360554067175748,0.15410662441550238,0.3477121650872599,-0.005045871534286576,-1,1,1,0,0
20210423T105645.A_Elmo.B_KN.SCP_01,87,A3,0.04411188631415407,0.00755373536828324,-0.036558150945870824,-0.09340286400310406,1,1,0,0,0
20210423T105645.A_Elmo.B_KN.SCP_01,88,A3,-0.5576928370174686,-0.5054548517335237,0.052237985283944965,-0.139305716772857,-1,-1,0,0,0
20210423T105645.A_Elmo.B_KN.SCP_01,89,A3,0.02406009884924176,-0.0036151979089326406,-0.0276752967581744,0.05150889437099822,1,-1,1,0,0
20210423T105645.A_Elmo.B_KN.SCP_01,90,A3,-0.0606725397876163,-0.027399121394161622,0.033273418393454685,0.43101419728893464,-1,-1,0,0,0
20210423T105645.A_Elmo.B_KN.SCP_01,91,A3,-0.17081357774301617,-0.08916897578223713,0.08164460196077904,0.032349543521412186,-1,-1,0,0,0
20210423T105645.A_Elmo.B_KN.SCP_01,92,A3,-0.012483057810905647,0.009660965258639253,0.0221440230695449,0.1546870222447126,-1,1,1,0,0
20210423T105645.A_Elmo.B_KN.SCP_01,93,A3,0.09212474387228947,0.38552900700054155,0.2934042631282521,0.1742161527321721,1,1,0,0,0
20210423T105645.A_Elmo.B_KN.SCP_01,94,A3,-0.6725651872157118,0.009565417910290934,0.6821306051260028,0.10161943224542912,-1,1,1,0,0
20210423T105645.A_Elmo.B_KN.SCP_01,95,A3,-1.0,0.6055964637940806,1.6055964637940807,-0.19484567195166508,-1,1,1,0,0
20210423T105645.A_Elmo.B_KN.SCP_01,96,A3,-0.014011039872032489,0.14426583660686929,0.15827687647890176,0.06554754399940353,-1,1,1,0,0
20210423T105645.A_Elmo.B_KN.SCP_01,97,A4,0.9964876487909704,1.0,0.003512351209029596,0.7856314200467344,1,1,0,1,1
20210423T105645.A_Elmo.B_KN.SCP_01,98,A4,0.1805607803822207,0.12661846273041297,-0.053942317651807736,0.26240986752021944,1,1,0,1,1
20210423T105645.A_Elmo.B_KN.SCP_01,99,A4,0.17796004698526197,-1.0,-1.177960046985262,0.44572026499801554,1,-1,1,1,1
20210423T105645.A_Elmo.B_KN.SCP_01,100,A4,0.10728117248176867,0.8750122051628173,0.7677310326810486,0.3167621418820142,1,1,0,1,1
20210423T105645.A_Elmo.B_KN.SCP_01,101,A4,0.032365721612476576,0.09679327395816348,0.0644275523456869,0.5574651677157128,1,1,0,1,1
20210423T105645.A_Elmo.B_KN.SCP_01,102,A4,0.0957783955481769,1.0,0.9042216044518231,-0.0029082891358537264,1,1,0,1,1
20210423T105645.A_Elmo.B_KN.SCP_01,103,A4,0.4560248842727515,0.850566134044637,0.3945412497718855,-0.07151522243228697,1,1,0,1,1
20210423T105645.A_Elmo.B_KN.SCP_01,104,A4,0.019066839887499156,0.15573260536224343,0.13666576547474427,0.5994100799075549,1,1,0,1,1
20210423T105645.A_Elmo.B_KN.SCP_01,105,A4,0.0677642228340269,1.0,0.9322357771659731,0.04919524091220247,1,1,0,1,1
20210423T105645.A_Elmo.B_KN.SCP_01,106,A4,0.11628117535790587,-0.006284881430088765,-0.12256605678799463,0.14140252281292506,1,-1,1,1,1
20210423T105645.A_Elmo.B_KN.SCP_01,107,A4,0.5866573465990811,1.0,0.4133426534009189,0.10255280552692236,1,1,0,1,1
20210423T105645.A_Elmo.B_KN.SCP_01,108,A4,0.14534563677228682,0.02709916950744656,-0.11824646726484025,0.13797547439856447,1,1,0,1,0
20210423T105645.A_Elmo.B_KN.SCP_01,109,A4,0.29515034103863447,-0.19614006049747645,-0.4912904015361109,0.07516269820717994,1,-1,1,1,1
20210423T105645.A_Elmo.B_KN.SCP_01,110,A4,0.10311357463429001,-1.0,-1.10311357463429,0.08620820883360003,1,-1,1,1,0
20210423T105645.A_Elmo.B_KN.SCP_01,111,A4,0.46147952453803526,0.041692839739140224,-0.419786684798895,-0.001557301044977294,1,1,0,1,1
20210423T105645.A_Elmo.B_KN.SCP_01,112,A4,-0.001299378516275297,-0.03975619110022452,-0.03845681258394922,0.18572573634163225,-1,-1,0,1,1
20210423T105645.A_Elmo.B_KN.SCP_01,113,A4,0.33891208990959176,0.697491871237964,0.3585797813283722,0.6420804310277914,1,1,0,1,1
20210423T105645.A_Elmo.B_KN.SCP_01,114,A4,0.20592753577106196,0.11231894388928651,-0.09360859188177545,0.1463485326012385,1,1,0,1,1
20210423T105645.A_Elmo.B_KN.SCP_01,115,A4,0.22844270854320942,0.362023574580785,0.13358086603757557,0.3658148739696642,1,1,0,1,1
20210423T105645.A_Elmo.B_KN.SCP_01,116,A4,0.3621822709193284,0.4551311577381144,0.09294888681878599,0.03040661713187883,1,1,0,1,1
20210423T105645.A_Elmo.B_KN.SCP_01,117,A4,0.13883160170029418,0.06915088271190928,-0.0696807189883849,0.3748138191813096,1,1,0,1,1
20210423T105645.A_Elmo.B_KN.SCP_01,118,A4,0.05780478582602142,0.11170191349528308,0.053897127669261656,0.7515721680898775,1,1,0,1,1
20210423T105645.A_Elmo.B_KN.SCP_01,119,A4,0.21409744704719175,0.8030040444555815,0.5889065974083898,0.18389585072156533,1,1,0,1,1
20210423T105645.A_Elmo.B_KN.SCP_01,120,A4,-0.0774674899555618,0.14049724453848975,0.21796473449405154,0.4255418530961176,-1,1,1,1,1
20210423T105645.A_Elmo.B_KN.SCP_01,121,A4,0.06686876989762755,-0.050212913365269285,-0.11708168326289684,0.16671203499250334,1,-1,1,1,1
20210423T105645.A_Elmo.B_KN.SCP_01,122,A4,-0.0742695496443496,-0.007660266759707976,0.06660928288464163,0.3563267567425976,-1,-1,0,1,1
20210423T105645.A_Elmo.B_KN.SCP_01,123,A4,0.18515867261703264,0.4593819398742913,0.27422326725725865,0.3117970303177966,1,1,0,1,1
20210423T105645.A_Elmo.B_KN.SCP_01,124,A4,0.19832513130942153,0.21534245772939523,0.017017326419973694,0.3587249046797389,1,1,0,1,1
20210423T105645.A_Elmo.B_KN.SCP_01,125,A4,-0.032367635295371296,-0.10634153435007344,-0.07397389905470214,0.03092420828630332,-1,-1,0,1,1
20210423T105645.A_Elmo.B_KN.SCP_01,126,A4,0.20762508247123446,0.14121819704241967,-0.06640688542881479,0.02632745185068193,1,1,0,1,1
20210423T105645.A_Elmo.B_KN.SCP_01,127,A4,0.048495674073440034,0.07184420529273518,0.023348531219295143,0.1589287150543338,1,1,0,1,1
20210423T105645.A_Elmo.B_KN.SCP_01,128,A4,0.32407557750553306,0.3002909319837813,-0.023784645521751746,-0.028659580215012418,1,1,0,1,1
20210423T105645.A_Elmo.B_KN.SCP_01,129,A5,-0.0529608983170528,0.026011844451012504,0.0789727427680653,0.12350592036153367,-1,1,1,1,1
20210423T105645.A_Elmo.B_KN.SCP_01,130,A5,0.20703159193596518,-0.3795537426800323,-0.5865853346159975,0.01620928451600329,1,-1,1,1,1
20210423T105645.A_Elmo.B_KN.SCP_01,131,A5,0.1666697095731973,-0.06791467615787959,-0.23458438573107687,0.0031663250179319,1,-1,1,1,1
20210423T105645.A_Elmo.B_KN.SCP_01,132,A5,-0.009920395665033182,-0.14253524033803278,-0.13261484467299958,0.12110384426139743,-1,-1,0,1,1
20210423T105645.A_Elmo.B_KN.SCP_01,133,A5,0.511020731020596,0.32848164960543463,-0.18253908141516134,-0.10125292718843044,1,1,0,1,1
20210423T105645.A_Elmo.B_KN.SCP_01,134,A5,0.023070373105327138,0.013552295853533187,-0.00951807725179395,0.017334621448503697,1,1,0,1,1
20210423T105645.A_Elmo.B_KN.SCP_01,135,A5,0.050844431297495496,0.01191741325014761,-0.03892701804734788,0.4181414239677306,1,1,0,1,1
20210423T105645.A_Elmo.B_KN.SCP_01,136,A5,0.33536296736089166,0.38706518966272413,0.05170222230183247,-0.23138724810556716,1,1,0,1,1
20210423T105645.A_Elmo.B_KN.SCP_01,137,A5,1.0,0.14189181978469298,-0.858108180215307,0.11094867653396062,1,1,0,1,1
20210423T105645.A_Elmo.B_KN.SCP_01,138,A5,-0.6014114925789583,-0.6809230368750971,-0.07951154429613883,-0.08361703282284501,-1,-1,0,0,0
20210423T105645.A_Elmo.B_KN.SCP_01,139,A5,-0.3015231947710678,-0.3567873654235258,-0.05526417065245798,0.20956342370809997,-1,-1,0,1,1
20210423T105645.A_Elmo.B_KN.SCP_01,140,A5,-0.148558480979837,0.0035144650652089854,0.152072946045046,-0.1728136547563391,-1,1,1,0,0
20210423T105645.A_Elmo.B_KN.SCP_01,141,A5,-0.17674849791992825,-0.03721319832441307,0.1395352995955152,-0.14257750157889643,-1,-1,0,0,0
20210423T105645.A_Elmo.B_KN.SCP_01,142,A5,0.0454709409800618,-0.02136064649275164,-0.06683158747281344,0.28688847629889025,1,-1,1,0,1
20210423T105645.A_Elmo.B_KN.SCP_01,143,A5,-0.2756087080149283,0.008076069847483434,0.28368477786241175,-0.2175695161208868,-1,1,1,1,1
20210423T105645.A_Elmo.B_KN.SCP_01,144,A5,-0.07786087827697016,0.007807294233694563,0.08566817251066472,0.06245042348940222,-1,1,1,0,0
20210423T105645.A_Elmo.B_KN.SCP_01,145,A5,0.04004494460176159,-0.0360987629187011,-0.07614370752046269,-0.035653407382806944,1,-1,1,1,1
20210423T105645.A_Elmo.B_KN.SCP_01,146,A5,-0.2658180261376444,-0.26230343826918007,0.003514587868464314,0.14774415144623793,-1,-1,0,0,1
20210423T105645.A_Elmo.B_KN.SCP_01,147,A5,0.12933925501077934,0.35750186233558745,0.22816260732480811,-0.18110546318136606,1,1,0,0,1
20210423T105645.A_Elmo.B_KN.SCP_01,148,A5,0.047849555144795455,-0.003952598833004805,-0.05180215397780026,0.1265230680709977,1,-1,1,0,0
20210423T105645.A_Elmo.B_KN.SCP_01,149,A5,-0.4656069748074924,-0.23476529425658713,0.2308416805509053,0.19048285383345534,-1,-1,0,0,0
20210423T105645.A_Elmo.B_KN.SCP_01,150,A5,0.011857853286013636,-0.05657031686000422,-0.06842817014601786,-0.033218931009561324,1,-1,1,1,0
20210423T105645.A_Elmo.B_KN.SCP_01,151,A5,0.0704641268320442,-0.36684347050933613,-0.43730759734138036,0.12412944667063168,1,-1,1,1,0
20210423T105645.A_Elmo.B_KN.SCP_01,152,A5,0.17965142141777982,-0.3144684403463881,-0.4941198617641679,0.14432379148753094,1,-1,1,1,1
20210423T105645.A_Elmo.B_KN.SCP_01,153,A5,-0.3340705880138601,-0.7070373402036669,-0.37296675218980685,0.15961465954484258,-1,-1,0,0,0
20210423T105645.A_Elmo.B_KN.SCP_01,154,A5,-0.2860475538767132,-0.059734184195232465,0.22631336968148075,-0.002910271121091472,-1,-1,0,1,1
20210423T105645.A_Elmo.B_KN.SCP_01,155,A5,-0.2424232697446993,-0.37372166287588604,-0.13129839313118674,-0.0341799006456576,-1,-1,0,1,1
20210423T105645.A_Elmo.B_KN.SCP_01,156,A5,-0.11712831998052858,0.019079447069006952,0.13620776704953552,0.04501398100072546,-1,1,1,0,0
20210423T105645.A_Elmo.B_KN.SCP_01,157,A5,0.08981012556358095,-0.025288708698365005,-0.11509883426194595,-0.02281875144629982,1,-1,1,0,0
20210423T105645.A_Elmo.B_KN.SCP_01,158,A5,-0.3435945380274757,-0.028050085363589543,0.31554445266388614,-0.06005919294290209,-1,-1,0,0,0
20210423T105645.A_Elmo.B_KN.SCP_01,159,A5,-0.16030076744416205,-0.17945129460357953,-0.01915052715941748,0.03226472916263748,-1,-1,0,1,0
20210423T105645.A_Elmo.B_KN.SCP_01,160,A5,-0.5447977860902066,0.23232872216485964,0.7771265082550662,0.031240530729384555,-1,1,1,0,0
20210520T120659.A_Elmo.B_KN.SCP_01,1,A1,0.26298249732092227,1.0,0.7370175026790777,0.14421351084486597,1,1,0,0,1
20210520T120659.A_Elmo.B_KN.SCP_01,2,A1,-0.5289084698713005,0.2675519427166121,0.7964604125879126,-0.07720696453103117,-1,1,1,1,1
20210520T120659.A_Elmo.B_KN.SCP_01,3,A1,-0.2800784671013145,-0.052024820727277904,0.2280536463740366,0.1787578255838468,-1,-1,0,1,1
20210520T120659.A_Elmo.B_KN.SCP_01,4,A1,0.192352751998174,1.0,0.807647248001826,0.5060681094535956,1,1,0,1,1
20210520T120659.A_Elmo.B_KN.SCP_01,5,A1,-0.33356586108791314,1.0,1.333565861087913,0.23984027211722223,-1,1,1,1,1
20210520T120659.A_Elmo.B_KN.SCP_01,6,A1,0.00898668198298655,-1.0,-1.0089866819829865,0.05880889226531933,1,-1,1,0,1
20210520T120659.A_Elmo.B_KN.SCP_01,7,A1,-0.37622785588848984,-1.0,-0.6237721441115102,0.03430579329706967,-1,-1,0,1,0
20210520T120659.A_Elmo.B_KN.SCP_01,8,A1,-0.4586885009309277,-1.0,-0.5413114990690723,0.2923629819575297,-1,-1,0,1,1
20210520T120659.A_Elmo.B_KN.SCP_01,9,A1,0.3963279540129424,1.0,0.6036720459870576,0.19822153804749226,1,1,0,0,0
20210520T120659.A_Elmo.B_KN.SCP_01,10,A1,-0.5554260938803303,-0.9230987724920479,-0.3676726786117176,0.35091580776176784,-1,-1,0,1,0
20210520T120659.A_Elmo.B_KN.SCP_01,11,A1,-0.21081979241461468,-0.42364997493932754,-0.21283018252471286,0.2701117803354283,-1,-1,0,0,1
20210520T120659.A_Elmo.B_KN.SCP_01,12,A1,-0.45288205750269056,-0.2149806708494834,0.23790138665320715,0.562315405711339,-1,-1,0,1,1
20210520T120659.A_Elmo.B_KN.SCP_01,13,A1,-0.08001509101691355,0.02709788368158952,0.10711297469850307,0.2127075595450399,-1,1,1,1,1
20210520T120659.A_Elmo.B_KN.SCP_01,14,A1,-0.08139071098623031,1.0,1.0813907109862304,-0.30034822483707563,-1,1,1,1,1
20210520T120659.A_Elmo.B_KN.SCP_01,15,A1,1.0,0.38096940381440525,-0.6190305961855948,-0.3883556668704084,1,1,0,1,0
20210520T120659.A_Elmo.B_KN.SCP_01,16,A1,-0.1266909784844546,-0.11676131081866573,0.009929667665788872,-0.31250753681149407,-1,-1,0,1,1
20210520T120659.A_Elmo.B_KN.SCP_01,17,A1,-1.0,-0.08090362431682727,0.9190963756831727,0.12949814257034883,-1,-1,0,1,1
20210520T120659.A_Elmo.B_KN.SCP_01,18,A1,-0.46988885629818666,-1.0,-0.5301111437018133,0.15384743146987312,-1,-1,0,1,1
20210520T120659.A_Elmo.B_KN.SCP_01,19,A1,-1.0,-1.0,0.0,0.08198586511747177,-1,-1,0,1,1
20210520T120659.A_Elmo.B_KN.SCP_01,20,A1,-0.08599396995155253,0.0772194681827296,0.16321343813428213,0.8543667708832703,-1,1,1,1,1
20210520T120659.A_Elmo.B_KN.SCP_01,21,A1,-0.6129366439898342,-1.0,-0.38706335601016584,0.3392459537957408,-1,-1,0,1,1
20210520T120659.A_Elmo.B_KN.SCP_01,22,A1,-1.0,0.028224968044242797,1.0282249680442428,0.1409827785657205,-1,1,1,0,1
20210520T120659.A_Elmo.B_KN.SCP_01,23,A1,-1.0,-1.0,0.0,0.7672442798817252,-1,-1,0,1,1
20210520T120659.A_Elmo.B_KN.SCP_01,24,A1,1.0,-1.0,-2.0,-0.06534497251353183,1,-1,1,1,1
20210520T120659.A_Elmo.B_KN.SCP_01,25,A1,-1.0,-1.0,0.0,0.34301931910089933,-1,-1,0,1,0
20210520T120659.A_Elmo.B_KN.SCP_01,26,A1,1.0,1.0,0.0,0.9352988733842555,1,1,0,1,1
20210520T120659.A_Elmo.B_KN.SCP_01,27,A1,-1.0,-1.0,0.0,0.47326852163759814,-1,-1,0,1,1
20210520T120659.A_Elmo.B_KN.SCP_01,28,A1,-1.0,-1.0,0.0,0.847423206661066,-1,-1,0,1,1
20210520T120659.A_Elmo.B_KN.SCP_01,29,A1,-0.2168948676870417,0.45833691810328836,0.67523178579033,0.14177224094756216,-1,1,1,1,1
20210520T120659.A_Elmo.B_KN.SCP_01,30,A1,1.0,0.05415725925391229,-0.9458427407460877,0.07097404649614943,1,1,0,1,0
20210520T120659.A_Elmo.B_KN.SCP_01,31,A1,-0.01747294229891802,0.11096161613972379,0.12843455843864182,0.2945668356081364,-1,1,1,1,0
20210520T120659.A_Elmo.B_KN.SCP_01,32,A1,0.9347250679791268,0.1034774595991098,-0.831247608380017,-0.15611090954025922,1,1,0,1,1
20210520T120659.A_Elmo.B_KN.SCP_01,33,A2,-0.4346690617153615,1.0,1.4346690617153615,0.29420334385054675,-1,1,1,1,1
20210520T120659.A_Elmo.B_KN.SCP_01,34,A2,-0.2969520002411395,-0.2134710498158466,0.08348095042529288,0.3056001732762798,-1,-1,0,1,1
20210520T120659.A_Elmo.B_KN.SCP_01,35,A2,-0.9175494315906765,-0.17565964474424914,0.7418897868464274,-0.1408534544684747,-1,-1,0,0,1
20210520T120659.A_Elmo.B_KN.SCP_01,36,A2,-0.008187936214243309,1.0,1.0081879362142434,0.18718284727680462,-1,1,1,1,1
20210520T120659.A_Elmo.B_KN.SCP_01,37,A2,-1.0,0.06514121938734885,1.0651412193873488,-0.023960108042331778,-1,1,1,0,0
20210520T120659.A_Elmo.B_KN.SCP_01,38,A2,-0.220356304956086,-0.4501985758957411,-0.2298422709396551,-0.2746474726921857,-1,-1,0,0,0
20210520T120659.A_Elmo.B_KN.SCP_01,39,A2,-0.025224082701097862,0.6022162035461663,0.6274402862472642,0.2764746082891233,-1,1,1,1,1
20210520T120659.A_Elmo.B_KN.SCP_01,40,A2,-0.04732873884468523,-0.016027291323125116,0.03130144752156011,0.256916440378947,-1,-1,0,0,0
20210520T120659.A_Elmo.B_KN.SCP_01,41,A2,-0.9655935372534551,-0.24549651016241308,0.7200970270910421,0.8348541409303194,-1,-1,0,1,1
20210520T120659.A_Elmo.B_KN.SCP_01,42,A2,-0.19571841051644817,-0.033665188100003976,0.1620532224164442,-0.39033337626429315,-1,-1,0,0,0
20210520T120659.A_Elmo.B_KN.SCP_01,43,A2,-1.0,-0.5359343865892129,0.4640656134107871,0.16788558666161155,-1,-1,0,0,0
20210520T120659.A_Elmo.B_KN.SCP_01,44,A2,-1.0,-1.0,0.0,0.009717908230144578,-1,-1,0,0,0
20210520T120659.A_Elmo.B_KN.SCP_01,45,A2,-0.20937728578426004,-0.6700537557066768,-0.46067646992241673,0.27762877031993066,-1,-1,0,0,0
20210520T120659.A_Elmo.B_KN.SCP_01,46,A2,-1.0,-1.0,0.0,-0.034803449324112286,-1,-1,0,1,0
20210520T120659.A_Elmo.B_KN.SCP_01,47,A2,-1.0,-0.4650426233637884,0.5349573766362117,-0.04808663982306795,-1,-1,0,0,0
20210520T120659.A_Elmo.B_KN.SCP_01,48,A2,0.04061143726157289,-0.04158651117234112,-0.08219794843391401,-0.08738455026951503,1,-1,1,0,0
20210520T120659.A_Elmo.B_KN.SCP_01,49,A2,-0.5639687737597286,-0.2779256934065514,0.28604308035317727,0.5777875090262262,-1,-1,0,1,1
20210520T120659.A_Elmo.B_KN.SCP_01,50,A2,0.40467530531828705,-0.21524906797901514,-0.6199243732973022,0.04692219524238599,1,-1,1,0,0
20210520T120659.A_Elmo.B_KN.SCP_01,51,A2,-0.7255001289340764,0.002193142944228082,0.7276932718783046,-0.1311585424510287,-1,1,1,0,0
20210520T120659.A_Elmo.B_KN.SCP_01,52,A2,-0.4642297944937564,0.7774534474997711,1.2416832419935275,-0.13060960343485514,-1,1,1,1,1
20210520T120659.A_Elmo.B_KN.SCP_01,53,A2,-0.12563447517763304,-0.016114665342666215,0.10951980983496683,0.11495533513278558,-1,-1,0,1,0
20210520T120659.A_Elmo.B_KN.SCP_01,54,A2,-0.34461327901920874,0.04040595844766555,0.3850192374668743,-0.39544392335439327,-1,1,1,1,1
20210520T120659.A_Elmo.B_KN.SCP_01,55,A2,-0.2256803599215864,0.11393526544352765,0.339615625365114,0.6059299552536859,-1,1,1,1,1
20210520T120659.A_Elmo.B_KN.SCP_01,56,A2,-0.33846624952932264,0.2226127944021328,0.5610790439314555,0.2570392630409787,-1,1,1,1,1
20210520T120659.A_Elmo.B_KN.SCP_01,57,A2,-0.2787513958607588,0.2809743048973919,0.5597257007581506,0.2076088910356142,-1,1,1,1,1
20210520T120659.A_Elmo.B_KN.SCP_01,58,A2,-1.0,0.2337703811020389,1.2337703811020388,-0.03758404105184598,-1,1,1,0,0
20210520T120659.A_Elmo.B_KN.SCP_01,59,A2,-0.2724743367102909,0.025645916564302883,0.2981202532745938,0.2347285999497351,-1,1,1,1,1
20210520T120659.A_Elmo.B_KN.SCP_01,60,A2,-1.0,-0.35580138816069656,0.6441986118393035,-0.025862340809873038,-1,-1,0,0,0
20210520T120659.A_Elmo.B_KN.SCP_01,61,A2,0.23260869329646666,0.5374218296046206,0.30481313630815393,0.24372825937006726,1,1,0,0,0
20210520T120659.A_Elmo.B_KN.SCP_01,62,A2,-0.12254879467424283,-0.010498369893099546,0.11205042478114328,0.0728127322361704,-1,-1,0,0,0
20210520T120659.A_Elmo.B_KN.SCP_01,63,A2,-0.13763853778395174,-0.3857005273341468,-0.24806198955019504,0.3104258896287634,-1,-1,0,0,1
20210520T120659.A_Elmo.B_KN.SCP_01,64,A2,-0.5008537815266767,-0.003746889194832694,0.497106892331844,0.2819349719275613,-1,-1,0,1,0
20210520T120659.A_Elmo.B_KN.SCP_01,65,A3,-0.41001631557468293,0.6106007860691728,1.0206171016438557,0.33743244104824044,-1,1,1,1,1
20210520T120659.A_Elmo.B_KN.SCP_01,66,A3,-0.02129436008570665,0.02736001391265526,0.04865437399836191,-0.2417976507044651,-1,1,1,0,0
20210520T120659.A_Elmo.B_KN.SCP_01,67,A3,-0.2909509377840851,0.4435002314236672,0.7344511692077522,0.25411102306276645,-1,1,1,0,0
20210520T120659.A_Elmo.B_KN.SCP_01,68,A3,0.04852686938827218,0.044630736234528304,-0.003896133153743875,-0.31648859521937533,1,1,0,0,0
20210520T120659.A_Elmo.B_KN.SCP_01,69,A3,0.0009560802077439483,0.17103776532705808,0.17008168511931412,0.6657814333754499,1,1,0,1,1
20210520T120659.A_Elmo.B_KN.SCP_01,70,A3,0.13538768266654522,0.07664858478529106,-0.05873909788125416,-0.009382405224538988,1,1,0,0,0
20210520T120659.A_Elmo.B_KN.SCP_01,71,A3,1.0,0.29027743122648364,-0.7097225687735164,0.13677483074652313,1,1,0,0,0
20210520T120659.A_Elmo.B_KN.SCP_01,72,A3,-0.027790322114215213,-0.04082098681933614,-0.013030664705120924,0.06891607000746638,-1,-1,0,0,0
20210520T120659.A_Elmo.B_KN.SCP_01,73,A3,-1.0,-0.16509402723195862,0.8349059727680413,0.3210361622236604,-1,-1,0,0,0
20210520T120659.A_Elmo.B_KN.SCP_01,74,A3,-0.04252385806747034,0.10807646393147548,0.15060032199894582,-0.010519837188728409,-1,1,1,0,0
20210520T120659.A_Elmo.B_KN.SCP_01,75,A3,-0.13006735064488395,0.0013940941154521364,0.13146144476033608,-0.1733776038370367,-1,1,1,0,0
20210520T120659.A_Elmo.B_KN.SCP_01,76,A3,-0.035399660632805,0.12441506338571515,0.15981472401852015,-0.09135920330476566,-1,1,1,0,0
20210520T120659.A_Elmo.B_KN.SCP_01,77,A3,-0.08921084647159198,0.05899973151991454,0.14821057799150653,0.1545349874707225,-1,1,1,0,1
20210520T120659.A_Elmo.B_KN.SCP_01,78,A3,-0.15624620931475935,0.3501039440438764,0.5063501533586358,0.07208681549203112,-1,1,1,0,1
20210520T120659.A_Elmo.B_KN.SCP_01,79,A3,-0.11720520500062996,0.07053480134417903,0.18774000634480897,-0.20344914260166475,-1,1,1,0,1
20210520T120659.A_Elmo.B_KN.SCP_01,80,A3,-0.9085493059902392,0.629301656837131,1.5378509628273702,-0.03016981330047009,-1,1,1,0,0
20210520T120659.A_Elmo.B_KN.SCP_01,81,A3,-0.14962653255006123,0.07598568217713542,0.22561221472719664,0.13690756941444027,-1,1,1,0,0
20210520T120659.A_Elmo.B_KN.SCP_01,82,A3,-0.18135776772792844,0.021159865072487263,0.2025176328004157,0.09238194564926622,-1,1,1,0,0
20210520T120659.A_Elmo.B_KN.SCP_01,83,A3,0.00710995124138834,-0.3269355767210394,-0.33404552796242776,-0.0758689362097161,1,-1,1,0,0
20210520T120659.A_Elmo.B_KN.SCP_01,84,A3,0.028459004790033722,0.1934580520213465,0.16499904723131278,0.0868190266168475,1,1,0,0,0
20210520T120659.A_Elmo.B_KN.SCP_01,85,A3,-0.28330459591873963,0.30931515158620193,0.5926197475049415,0.10636075912352234,-1,1,1,0,0
20210520T120659.A_Elmo.B_KN.SCP_01,86,A3,-0.2622740896452881,-1.0,-0.7377259103547119,-0.22714696032835305,-1,-1,0,0,0
20210520T120659.A_Elmo.B_KN.SCP_01,87,A3,-0.3106071368728259,-0.2861748889696779,0.024432247903147963,0.5096233325083993,-1,-1,0,0,0
20210520T120659.A_Elmo.B_KN.SCP_01,88,A3,0.11157127050865233,0.04447921764726144,-0.06709205286139089,0.19953333084892072,1,1,0,0,0
20210520T120659.A_Elmo.B_KN.SCP_01,89,A3,-1.0,-1.0,0.0,0.21677422532865653,-1,-1,0,0,0
20210520T120659.A_Elmo.B_KN.SCP_01,90,A3,0.44257416967397245,0.0357153999430933,-0.40685876973087914,0.22697332460077926,1,1,0,0,0
20210520T120659.A_Elmo.B_KN.SCP_01,91,A3,-0.12205548284308447,0.14170894562660616,0.2637644284696906,0.016824823059098586,-1,1,1,0,0
20210520T120659.A_Elmo.B_KN.SCP_01,92,A3,-0.16992645093185577,-0.2798633459367411,-0.10993689500488535,0.08955368989181735,-1,-1,0,0,0
20210520T120659.A_Elmo.B_KN.SCP_01,93,A3,-1.0,-0.6215629035827367,0.3784370964172633,-0.05156696341883566,-1,-1,0,0,0
20210520T120659.A_Elmo.B_KN.SCP_01,94,A3,-0.011454512041473143,-0.12558186935944476,-0.11412735731797162,0.03077518007723303,-1,-1,0,0,0
20210520T120659.A_Elmo.B_KN.SCP_01,95,A3,-1.0,1.0,2.0,-0.3807406269432273,-1,1,1,0,0
20210520T120659.A_Elmo.B_KN.SCP_01,96,A3,-1.0,-0.605731201375622,0.394268798624378,0.10596003235966737,-1,-1,0,0,0
20210520T120659.A_Elmo.B_KN.SCP_01,97,A4,0.18910616890383217,1.0,0.8108938310961679,0.3999706158756214,1,1,0,1,1
20210520T120659.A_Elmo.B_KN.SCP_01,98,A4,0.06615748161658633,0.15042279338742634,0.08426531177084001,0.4817634178425956,1,1,0,1,1
20210520T120659.A_Elmo.B_KN.SCP_01,99,A4,-0.14173428305939695,-0.33126368255784583,-0.18952939949844888,0.5168803182531948,-1,-1,0,1,1
20210520T120659.A_Elmo.B_KN.SCP_01,100,A4,-0.1383876068272427,-0.01243014442490182,0.12595746240234088,0.5692051131371644,-1,-1,0,1,1
20210520T120659.A_Elmo.B_KN.SCP_01,101,A4,0.02916386822609442,0.17717164804526722,0.1480077798191728,0.5451660703876232,1,1,0,1,1
20210520T120659.A_Elmo.B_KN.SCP_01,102,A4,-0.06483231727666143,0.01945319461761356,0.084285511894275,0.6223768076525025,-1,1,1,1,1
20210520T120659.A_Elmo.B_KN.SCP_01,103,A4,-0.07618626076030989,0.3236422691347435,0.39982852989505335,0.4443164045215853,-1,1,1,1,1
20210520T120659.A_Elmo.B_KN.SCP_01,104,A4,-0.2016248682465155,-0.004967376992484393,0.1966574912540311,0.265731252316046,-1,-1,0,1,1
20210520T120659.A_Elmo.B_KN.SCP_01,105,A4,-0.1326667484420488,0.2060903190299405,0.3387570674719893,0.2206228643123962,-1,1,1,1,1
20210520T120659.A_Elmo.B_KN.SCP_01,106,A4,-0.366409728219022,-0.14256929376952948,0.22384043444949253,0.49014580473486424,-1,-1,0,1,1
20210520T120659.A_Elmo.B_KN.SCP_01,107,A4,0.19458302202288263,0.6622476758325041,0.46766465380962147,0.6087817335140213,1,1,0,1,1
20210520T120659.A_Elmo.B_KN.SCP_01,108,A4,-0.018094769942574567,-0.06619009636852995,-0.048095326425955376,0.1394045998398586,-1,-1,0,1,1
20210520T120659.A_Elmo.B_KN.SCP_01,109,A4,-0.46010038240027945,0.03411387258640943,0.49421425498668886,-0.1235227713238935,-1,1,1,1,1
20210520T120659.A_Elmo.B_KN.SCP_01,110,A4,-0.36573260672199254,-0.1269789036638809,0.23875370305811164,0.21105840549195468,-1,-1,0,1,1
20210520T120659.A_Elmo.B_KN.SCP_01,111,A4,-0.21046879444265562,-0.17410748218113484,0.036361312261520784,0.41409779694288057,-1,-1,0,1,1
20210520T120659.A_Elmo.B_KN.SCP_01,112,A4,-0.15128577015836667,-0.06237427992908105,0.08891149022928561,0.3930260929178025,-1,-1,0,1,1
20210520T120659.A_Elmo.B_KN.SCP_01,113,A4,0.018416916406543953,0.3324888920771998,0.3140719756706558,0.7827607603015164,1,1,0,1,1
20210520T120659.A_Elmo.B_KN.SCP_01,114,A4,0.012773351527671376,0.24130248163058463,0.22852913010291326,0.26885214896515597,1,1,0,1,1
20210520T120659.A_Elmo.B_KN.SCP_01,115,A4,-0.06296849033764813,0.09635016112764634,0.15931865146529448,0.21054758042580837,-1,1,1,1,1
20210520T120659.A_Elmo.B_KN.SCP_01,116,A4,-0.23017638077704358,-0.0873697735266413,0.14280660725040228,0.22393816212584416,-1,-1,0,1,1
20210520T120659.A_Elmo.B_KN.SCP_01,117,A4,-0.12135874420688089,-0.049010296622949624,0.07234844758393127,0.6677557819861181,-1,-1,0,1,1
20210520T120659.A_Elmo.B_KN.SCP_01,118,A4,-0.13202500852307164,0.0519090070102422,0.18393401553331384,0.3938246507721456,-1,1,1,1,1
20210520T120659.A_Elmo.B_KN.SCP_01,119,A4,-0.038888006757849876,0.1853000157034714,0.22418802246132127,0.2808259028720894,-1,1,1,1,1
20210520T120659.A_Elmo.B_KN.SCP_01,120,A4,-0.28652069866422053,-0.1837753442218388,0.10274535444238173,0.4709512785940374,-1,-1,0,1,1
20210520T120659.A_Elmo.B_KN.SCP_01,121,A4,-0.27868033170768114,-0.34907831588086,-0.07039798417317888,0.8372942724193265,-1,-1,0,1,1
20210520T120659.A_Elmo.B_KN.SCP_01,122,A4,-0.08292304037952981,-0.030287475405505113,0.052635564974024704,0.7466669745541141,-1,-1,0,1,1
20210520T120659.A_Elmo.B_KN.SCP_01,123,A4,-0.27395445715671884,-0.2459915043597776,0.02796295279694125,0.7508547740793842,-1,-1,0,1,1
20210520T120659.A_Elmo.B_KN.SCP_01,124,A4,-0.0860588917802425,-0.11113920463640277,-0.025080312856160275,0.5096907162385745,-1,-1,0,1,1
20210520T120659.A_Elmo.B_KN.SCP_01,125,A4,-0.05671302809709012,0.05259121810310121,0.10930424620019133,0.718645219210598,-1,1,1,1,1
20210520T120659.A_Elmo.B_KN.SCP_01,126,A4,-0.21324872530028854,-0.4867821139250755,-0.27353338862478693,0.8856411598359486,-1,-1,0,1,1
20210520T120659.A_Elmo.B_KN.SCP_01,127,A4,0.44453780658474346,0.5926324796528545,0.14809467306811103,0.5894878294709216,1,1,0,1,1
20210520T120659.A_Elmo.B_KN.SCP_01,128,A4,-0.3717105890077522,-0.503667759364322,-0.13195717035656973,0.5601852647722294,-1,-1,0,1,1
20210520T120659.A_Elmo.B_KN.SCP_01,129,A5,-0.0694026153739558,-0.31475231987382685,-0.24534970449987104,0.26385890962828423,-1,-1,0,0,1
20210520T120659.A_Elmo.B_KN.SCP_01,130,A5,-0.1644292354835344,-0.18227099187218332,-0.017841756388648905,-0.04698033273322796,-1,-1,0,1,1
20210520T120659.A_Elmo.B_KN.SCP_01,131,A5,-0.05352551361174755,-0.0209159194676342,0.03260959414411335,0.5415904950360689,-1,-1,0,1,1
20210520T120659.A_Elmo.B_KN.SCP_01,132,A5,-0.48596766134506914,0.08463586986919641,0.5706035312142655,0.12495277907510419,-1,1,1,1,1
20210520T120659.A_Elmo.B_KN.SCP_01,133,A5,0.2607679902822712,0.4197322925774493,0.1589643022951781,0.007957318263589074,1,1,0,1,1
20210520T120659.A_Elmo.B_KN.SCP_01,134,A5,-0.2516552225654525,0.19960063848550247,0.45125586105095494,-0.31791010672815495,-1,1,1,1,1
20210520T120659.A_Elmo.B_KN.SCP_01,135,A5,-0.04670907546862891,0.022377764392325115,0.06908683986095403,0.09839146733009191,-1,1,1,1,1
20210520T120659.A_Elmo.B_KN.SCP_01,136,A5,0.018829880752379353,0.5826868787382449,0.5638569979858655,-0.1473216042706198,1,1,0,1,1
20210520T120659.A_Elmo.B_KN.SCP_01,137,A5,-1.0,-0.627083391201703,0.372916608798297,0.586077995256695,-1,-1,0,0,1
20210520T120659.A_Elmo.B_KN.SCP_01,138,A5,-1.0,-1.0,0.0,0.18362859496763856,-1,-1,0,0,1
20210520T120659.A_Elmo.B_KN.SCP_01,139,A5,-1.0,-0.7441887530938239,0.25581124690617607,0.4953896716634039,-1,-1,0,1,0
20210520T120659.A_Elmo.B_KN.SCP_01,140,A5,-0.38976556410657315,1.0,1.3897655641065731,0.38868273871163006,-1,1,1,0,0
20210520T120659.A_Elmo.B_KN.SCP_01,141,A5,-0.1813436156481747,-0.3025618054249315,-0.1212181897767568,0.2196181676953274,-1,-1,0,1,1
20210520T120659.A_Elmo.B_KN.SCP_01,142,A5,1.0,-1.0,-2.0,0.27622913123538706,1,-1,1,0,0
20210520T120659.A_Elmo.B_KN.SCP_01,143,A5,0.17504410298257145,1.0,0.8249558970174286,-0.20975464900867608,1,1,0,0,1
20210520T120659.A_Elmo.B_KN.SCP_01,144,A5,-1.0,0.13749535626877935,1.1374953562687793,-0.43138534652409455,-1,1,1,1,0
20210520T120659.A_Elmo.B_KN.SCP_01,145,A5,-0.23765794730223785,-1.0,-0.7623420526977621,0.6842993101147974,-1,-1,0,1,1
20210520T120659.A_Elmo.B_KN.SCP_01,146,A5,0.007616758541514297,0.2128749305221545,0.2052581719806402,0.12269887965128816,1,1,0,0,0
20210520T120659.A_Elmo.B_KN.SCP_01,147,A5,-0.13691184854232885,-0.5503197462922788,-0.4134078977499499,0.2528608176214572,-1,-1,0,0,1
20210520T120659.A_Elmo.B_KN.SCP_01,148,A5,0.005112142229247098,-0.07078810475307781,-0.0759002469823249,0.06619004355380652,1,-1,1,0,0
20210520T120659.A_Elmo.B_KN.SCP_01,149,A5,-0.16695304414870413,-0.6635024645147324,-0.4965494203660282,-0.13525720399266755,-1,-1,0,0,0
20210520T120659.A_Elmo.B_KN.SCP_01,150,A5,-0.05103535168576543,-0.05834932920075537,-0.007313977514989939,0.23388881777535891,-1,-1,0,1,1
20210520T120659.A_Elmo.B_KN.SCP_01,151,A5,-0.14220947576764453,-0.11949839068874643,0.022711085078898102,-0.1999396694909381,-1,-1,0,1,1
20210520T120659.A_Elmo.B_KN.SCP_01,152,A5,-0.9985784475849152,-0.07899620103893212,0.9195822465459831,-0.12774636951428914,-1,-1,0,1,1
20210520T120659.A_Elmo.B_KN.SCP_01,153,A5,-0.6660192029488818,-0.08999441867167965,0.5760247842772022,0.21069070510537105,-1,-1,0,1,1
20210520T120659.A_Elmo.B_KN.SCP_01,154,A5,-0.13318080555830794,-1.0,-0.8668191944416921,-0.05368594212990339,-1,-1,0,1,1
20210520T120659.A_Elmo.B_KN.SCP_01,155,A5,-0.6923026935286096,0.306483139752873,0.9987858332814826,0.06692061966660211,-1,1,1,1,1
20210520T120659.A_Elmo.B_KN.SCP_01,156,A5,-0.08880386259214003,0.0158760363145371,0.10467989890667713,0.24133268145953246,-1,1,1,1,0
20210520T120659.A_Elmo.B_KN.SCP_01,157,A5,1.0,0.06389832996894797,-0.936101670031052,-0.1905489436700064,1,1,0,1,1
20210520T120659.A_Elmo.B_KN.SCP_01,158,A5,-0.83717478695518,0.35622721139535934,1.1934019983505393,-0.10942279624824457,-1,1,1,0,0
20210520T120659.A_Elmo.B_KN.SCP_01,159,A5,-1.0,-0.07744700168868145,0.9225529983113185,-0.06952722434721055,-1,-1,0,0,0
20210520T120659.A_Elmo.B_KN.SCP_01,160,A5,0.3621103038466484,0.26173591906044735,-0.10037438478620103,0.19785382760178366,1,1,0,1,1
20210604T143542.A_Elmo.B_KN.SCP_01,1,A1,-0.18271358981318675,-0.5524518220439142,-0.36973823223072744,0.23382309695922562,-1,-1,0,1,1
20210604T143542.A_Elmo.B_KN.SCP_01,2,A1,-0.21323430358701753,-0.2584828962831073,-0.045248592696089746,0.2283523321359973,-1,-1,0,1,1
20210604T143542.A_Elmo.B_KN.SCP_01,3,A1,-0.721647804156482,-1.0,-0.278352195843518,0.04896745261091897,-1,-1,0,1,0
20210604T143542.A_Elmo.B_KN.SCP_01,4,A1,0.378295293581585,0.4602477356082775,0.0819524420266925,0.21824962424743014,1,1,0,1,1
20210604T143542.A_Elmo.B_KN.SCP_01,5,A1,-1.0,0.2382216714444629,1.238221671444463,0.20264220720922882,-1,1,1,1,1
20210604T143542.A_Elmo.B_KN.SCP_01,6,A1,-1.0,0.057832222050698524,1.0578322220506986,0.008685171556813438,-1,1,1,1,0
20210604T143542.A_Elmo.B_KN.SCP_01,7,A1,0.46523236280455876,0.4523794697235118,-0.012852893081046979,-0.07245283672951205,1,1,0,1,0
20210604T143542.A_Elmo.B_KN.SCP_01,8,A1,-0.2893808929272859,-1.0,-0.7106191070727141,0.041489134455382715,-1,-1,0,1,1
20210604T143542.A_Elmo.B_KN.SCP_01,9,A1,-0.5394730620355621,-0.5403072182475295,-0.0008341562119673629,0.08583058003058239,-1,-1,0,0,1
20210604T143542.A_Elmo.B_KN.SCP_01,10,A1,-0.12564297683093692,0.6734870705136046,0.7991300473445415,0.3110351040984495,-1,1,1,1,1
20210604T143542.A_Elmo.B_KN.SCP_01,11,A1,-0.21275893002948476,-0.2874707977536347,-0.07471186772414995,0.027602233532342212,-1,-1,0,1,0
20210604T143542.A_Elmo.B_KN.SCP_01,12,A1,0.5506303221288622,1.0,0.4493696778711378,-0.3065051063349752,1,1,0,1,1
20210604T143542.A_Elmo.B_KN.SCP_01,13,A1,-0.023532546231161817,1.0,1.0235325462311617,-0.0815302225010252,-1,1,1,1,1
20210604T143542.A_Elmo.B_KN.SCP_01,14,A1,0.17047655110235826,-0.07668135042850492,-0.2471579015308632,-0.2548300585619616,1,-1,1,1,1
20210604T143542.A_Elmo.B_KN.SCP_01,15,A1,-0.04812709900450298,1.0,1.048127099004503,0.14396454657439414,-1,1,1,0,0
20210604T143542.A_Elmo.B_KN.SCP_01,16,A1,0.010860197424344326,-1.0,-1.0108601974243443,0.2568235943012948,1,-1,1,1,1
20210604T143542.A_Elmo.B_KN.SCP_01,17,A1,-1.0,0.17133102093559913,1.1713310209355992,-0.25135933823786305,-1,1,1,1,1
20210604T143542.A_Elmo.B_KN.SCP_01,18,A1,0.09341712051955843,-0.5105472274845497,-0.6039643480041081,0.16529985068285696,1,-1,1,1,0
20210604T143542.A_Elmo.B_KN.SCP_01,19,A1,-1.0,-0.5121180198699774,0.4878819801300226,0.458404276945864,-1,-1,0,1,1
20210604T143542.A_Elmo.B_KN.SCP_01,20,A1,0.004492638408557104,-0.4881190316665177,-0.49261167007507484,0.27640126912495117,1,-1,1,1,1
20210604T143542.A_Elmo.B_KN.SCP_01,21,A1,-1.0,-0.1585973967630572,0.8414026032369428,-0.42805473113423387,-1,-1,0,1,0
20210604T143542.A_Elmo.B_KN.SCP_01,22,A1,-0.13413622483411083,-0.010374255105278797,0.12376196972883204,-0.3117887665561292,-1,-1,0,0,0
20210604T143542.A_Elmo.B_KN.SCP_01,23,A1,-0.20608770068772148,-0.0937854122068349,0.11230228848088658,0.5159944450294864,-1,-1,0,1,1
20210604T143542.A_Elmo.B_KN.SCP_01,24,A1,-0.03349701411306404,-1.0,-0.966502985886936,0.1821536259832102,-1,-1,0,1,1
20210604T143542.A_Elmo.B_KN.SCP_01,25,A1,-0.29197019104230987,0.00099770273523784,0.2929678937775477,0.05609947670816211,-1,1,1,0,0
20210604T143542.A_Elmo.B_KN.SCP_01,26,A1,0.9571900521299571,0.07410105457297375,-0.8830889975569833,0.10950263592054175,1,1,0,1,0
20210604T143542.A_Elmo.B_KN.SCP_01,27,A1,0.4536869304770858,0.20341373107375751,-0.25027319940332826,-0.1178283659667977,1,1,0,0,0
20210604T143542.A_Elmo.B_KN.SCP_01,28,A1,-1.0,-1.0,0.0,0.7197540381776449,-1,-1,0,1,1
20210604T143542.A_Elmo.B_KN.SCP_01,29,A1,0.018054642546480933,0.19423407552003855,0.17617943297355762,0.1457634582970847,1,1,0,1,1
20210604T143542.A_Elmo.B_KN.SCP_01,30,A1,0.3726527866387238,1.0,0.6273472133612762,-0.15656907296664402,1,1,0,1,0
20210604T143542.A_Elmo.B_KN.SCP_01,31,A1,-1.0,0.041655376894846705,1.0416553768948467,0.41325881615982546,-1,1,1,1,1
20210604T143542.A_Elmo.B_KN.SCP_01,32,A1,1.0,0.4106313585322233,-0.5893686414677767,0.743015105062072,1,1,0,1,1
20210604T143542.A_Elmo.B_KN.SCP_01,33,A2,-0.7573243422337177,-1.0,-0.2426756577662823,0.5686394651705957,-1,-1,0,1,1
20210604T143542.A_Elmo.B_KN.SCP_01,34,A2,-0.5783469173734485,-0.879557247107768,-0.3012103297343195,0.2869626208205128,-1,-1,0,0,1
20210604T143542.A_Elmo.B_KN.SCP_01,35,A2,-0.22078828230800102,1.0,1.220788282308001,-0.0904159179903206,-1,1,1,1,0
20210604T143542.A_Elmo.B_KN.SCP_01,36,A2,0.10488281076943637,0.0823735064722973,-0.02250930429713907,-0.22457554980696176,1,1,0,1,1
20210604T143542.A_Elmo.B_KN.SCP_01,37,A2,-0.16849366075875166,-0.3154783296275546,-0.14698466886880296,0.2729134907118746,-1,-1,0,0,0
20210604T143542.A_Elmo.B_KN.SCP_01,38,A2,-1.0,-0.4450567162823318,0.5549432837176682,0.15813886108444064,-1,-1,0,0,0
20210604T143542.A_Elmo.B_KN.SCP_01,39,A2,-0.04859364521319101,1.0,1.048593645213191,0.2386382745850059,-1,1,1,0,1
20210604T143542.A_Elmo.B_KN.SCP_01,40,A2,-0.028921888043008676,-0.06352471636292767,-0.034602828319918996,0.3992837421152654,-1,-1,0,1,1
20210604T143542.A_Elmo.B_KN.SCP_01,41,A2,-1.0,-0.6886493771181366,0.31135062288186344,0.28499324846413304,-1,-1,0,1,1
20210604T143542.A_Elmo.B_KN.SCP_01,42,A2,0.29325543364418505,-0.03625695522369357,-0.3295123888678786,0.37339128573304203,1,-1,1,0,0
20210604T143542.A_Elmo.B_KN.SCP_01,43,A2,-0.057129469094392045,-1.0,-0.9428705309056079,-0.09840989171015635,-1,-1,0,1,1
20210604T143542.A_Elmo.B_KN.SCP_01,44,A2,-0.4380574409066601,-0.9274669304077225,-0.48940948950106244,-0.09777116833747312,-1,-1,0,0,0
20210604T143542.A_Elmo.B_KN.SCP_01,45,A2,1.0,0.4470853336211084,-0.5529146663788915,-0.12110925353167906,1,1,0,0,0
20210604T143542.A_Elmo.B_KN.SCP_01,46,A2,1.0,0.9382711853341139,-0.06172881466588609,-0.0632228224969974,1,1,0,0,0
20210604T143542.A_Elmo.B_KN.SCP_01,47,A2,0.042468172981408515,0.5241146944960197,0.4816465215146111,0.10873876079923653,1,1,0,0,0
20210604T143542.A_Elmo.B_KN.SCP_01,48,A2,-0.2391405771848868,-0.13651670736251573,0.10262386982237107,0.20384520569185463,-1,-1,0,0,0
20210604T143542.A_Elmo.B_KN.SCP_01,49,A2,-0.7069908020446943,0.02762009682950041,0.7346108988741947,0.3883160179391079,-1,1,1,1,1
20210604T143542.A_Elmo.B_KN.SCP_01,50,A2,0.11069332877443826,1.0,0.8893066712255617,-0.20881401985441211,1,1,0,0,0
20210604T143542.A_Elmo.B_KN.SCP_01,51,A2,1.0,0.19926580838637822,-0.8007341916136218,0.02958829809593299,1,1,0,0,0
20210604T143542.A_Elmo.B_KN.SCP_01,52,A2,-0.7533315345567154,-0.02637215899653365,0.7269593755601818,-0.07664025135856721,-1,-1,0,1,1
20210604T143542.A_Elmo.B_KN.SCP_01,53,A2,0.7755307470606914,0.08921819207000746,-0.6863125549906839,0.03105740583043453,1,1,0,0,0
20210604T143542.A_Elmo.B_KN.SCP_01,54,A2,-0.1937961443303517,0.5596532540321989,0.7534493983625505,0.060720222162614135,-1,1,1,1,1
20210604T143542.A_Elmo.B_KN.SCP_01,55,A2,-0.5334462306358044,0.07670748572595748,0.6101537163617619,-0.15537490108839377,-1,1,1,1,1
20210604T143542.A_Elmo.B_KN.SCP_01,56,A2,-0.32604014180991653,-0.06596081961277522,0.2600793221971413,0.20026949472169278,-1,-1,0,1,1
20210604T143542.A_Elmo.B_KN.SCP_01,57,A2,-0.05867416589268241,0.32012170055434824,0.37879586644703067,0.22054198255440358,-1,1,1,1,1
20210604T143542.A_Elmo.B_KN.SCP_01,58,A2,1.0,0.3754687041381923,-0.6245312958618077,0.030824231508683023,1,1,0,0,0
20210604T143542.A_Elmo.B_KN.SCP_01,59,A2,0.40070638235281697,-0.14995632739032388,-0.5506627097431409,0.27724468414805714,1,-1,1,1,1
20210604T143542.A_Elmo.B_KN.SCP_01,60,A2,-0.12167492855385874,-0.03758383298257439,0.08409109557128436,0.0668343664552764,-1,-1,0,0,0
20210604T143542.A_Elmo.B_KN.SCP_01,61,A2,-0.24129454743455075,0.16008355689509848,0.40137810432964927,-0.09659821497659393,-1,1,1,0,0
20210604T143542.A_Elmo.B_KN.SCP_01,62,A2,-0.10480414752722265,-0.0861252289642405,0.01867891856298215,0.21496553255939013,-1,-1,0,0,0
20210604T143542.A_Elmo.B_KN.SCP_01,63,A2,-0.1940134481560474,-0.03971322050548399,0.15430022765056342,0.19574488666510073,-1,-1,0,0,0
20210604T143542.A_Elmo.B_KN.SCP_01,64,A2,-0.5681271887974831,1.0,1.568127188797483,0.09669380528306054,-1,1,1,0,0
20210604T143542.A_Elmo.B_KN.SCP_01,65,A3,-1.0,-0.264601105604619,0.735398894395381,-0.10587745168128407,-1,-1,0,0,0
20210604T143542.A_Elmo.B_KN.SCP_01,66,A3,-0.23049688679574484,0.153243267991436,0.3837401547871808,0.18950152339386944,-1,1,1,0,0
20210604T143542.A_Elmo.B_KN.SCP_01,67,A3,-1.0,0.09570575845567632,1.0957057584556764,-0.051143888730675775,-1,1,1,0,0
20210604T143542.A_Elmo.B_KN.SCP_01,68,A3,-0.2796727107295396,-0.034122911246207525,0.24554979948333205,-0.19888892555955576,-1,-1,0,0,0
20210604T143542.A_Elmo.B_KN.SCP_01,69,A3,-1.0,-0.03763980844954247,0.9623601915504575,-0.05381812161811629,-1,-1,0,0,0
20210604T143542.A_Elmo.B_KN.SCP_01,70,A3,-0.8867508892779429,-0.23006396998091946,0.6566869192970234,0.1703922963210647,-1,-1,0,0,0
20210604T143542.A_Elmo.B_KN.SCP_01,71,A3,-0.906834701024184,0.000843185738502341,0.9076778867626863,0.35526773423793373,-1,1,1,0,0
20210604T143542.A_Elmo.B_KN.SCP_01,72,A3,-0.44415781391682885,0.31721735229232045,0.7613751662091492,-0.41979803531000986,-1,1,1,0,0
20210604T143542.A_Elmo.B_KN.SCP_01,73,A3,-1.0,0.13898794409968845,1.1389879440996884,-0.1352657155327493,-1,1,1,0,0
20210604T143542.A_Elmo.B_KN.SCP_01,74,A3,-1.0,-0.6714426900040804,0.3285573099959196,0.13617458558549142,-1,-1,0,0,0
20210604T143542.A_Elmo.B_KN.SCP_01,75,A3,-0.880377360958939,-0.04411976982502254,0.8362575911339165,-0.01409692324164892,-1,-1,0,0,0
20210604T143542.A_Elmo.B_KN.SCP_01,76,A3,-0.5835180068947797,-0.12561675339460687,0.45790125350017286,0.01890637254372862,-1,-1,0,0,0
20210604T143542.A_Elmo.B_KN.SCP_01,77,A3,-1.0,0.019947345863290788,1.0199473458632908,-0.261738310366116,-1,1,1,0,0
20210604T143542.A_Elmo.B_KN.SCP_01,78,A3,-0.07189862381594793,0.008418207820978517,0.08031683163692645,-0.23438867417013512,-1,1,1,0,0
20210604T143542.A_Elmo.B_KN.SCP_01,79,A3,-1.0,0.14680766933019535,1.1468076693301954,-0.1451476653129366,-1,1,1,0,0
20210604T143542.A_Elmo.B_KN.SCP_01,80,A3,-1.0,-0.3468786779731952,0.6531213220268048,0.020012201410130666,-1,-1,0,0,0
20210604T143542.A_Elmo.B_KN.SCP_01,81,A3,-1.0,0.04818717916967283,1.0481871791696729,-0.03078207429683988,-1,1,1,0,0
20210604T143542.A_Elmo.B_KN.SCP_01,82,A3,-1.0,0.1384738182014606,1.1384738182014607,0.034159993848040505,-1,1,1,0,0
20210604T143542.A_Elmo.B_KN.SCP_01,83,A3,-1.0,-1.0,0.0,0.5973785712349033,-1,-1,0,1,0
20210604T143542.A_Elmo.B_KN.SCP_01,84,A3,-0.5848344301942595,-0.05848321646298585,0.5263512137312737,0.08444343180899812,-1,-1,0,1,0
20210604T143542.A_Elmo.B_KN.SCP_01,85,A3,-1.0,-0.1854932056471642,0.8145067943528358,-0.12896826124595492,-1,-1,0,0,0
20210604T143542.A_Elmo.B_KN.SCP_01,86,A3,-0.6821657344190245,-0.1524680979906975,0.529697636428327,-0.13213202058574897,-1,-1,0,0,0
20210604T143542.A_Elmo.B_KN.SCP_01,87,A3,-1.0,0.11443555051010208,1.114435550510102,0.13156174931940223,-1,1,1,0,0
20210604T143542.A_Elmo.B_KN.SCP_01,88,A3,-1.0,0.48977844022534167,1.4897784402253418,-0.02421872062831416,-1,1,1,1,0
20210604T143542.A_Elmo.B_KN.SCP_01,89,A3,-0.6691381712060638,-0.20198096308608005,0.46715720811998374,-0.3370090885176239,-1,-1,0,0,0
20210604T143542.A_Elmo.B_KN.SCP_01,90,A3,-1.0,-0.6364689960774708,0.36353100392252924,-0.2642572699228817,-1,-1,0,0,0
20210604T143542.A_Elmo.B_KN.SCP_01,91,A3,-0.05685878342458833,0.038511430605624696,0.09537021403021304,0.02951714621990533,-1,1,1,0,0
20210604T143542.A_Elmo.B_KN.SCP_01,92,A3,-0.19259933143727254,0.026469033454309315,0.21906836489158185,-0.13230102218757103,-1,1,1,0,0
20210604T143542.A_Elmo.B_KN.SCP_01,93,A3,-0.1533659132671203,-0.00031465825642098747,0.1530512550106993,-0.07496229029918283,-1,-1,0,0,0
20210604T143542.A_Elmo.B_KN.SCP_01,94,A3,-0.9191753481196085,-0.10747754137910223,0.8116978067405063,-0.021251453325140685,-1,-1,0,0,0
20210604T143542.A_Elmo.B_KN.SCP_01,95,A3,-0.8516319599024944,0.07776912620241871,0.9294010861049131,-0.015144867319497572,-1,1,1,0,0
20210604T143542.A_Elmo.B_KN.SCP_01,96,A3,-1.0,0.4325623948971148,1.432562394897115,-0.00803412263079793,-1,1,1,0,0
20210604T143542.A_Elmo.B_KN.SCP_01,97,A4,0.4777747211576855,1.0,0.5222252788423145,-0.1807844283825976,1,1,0,1,1
20210604T143542.A_Elmo.B_KN.SCP_01,98,A4,-0.0913587118901695,-0.520618955672789,-0.4292602437826195,0.6277138260020882,-1,-1,0,1,1
20210604T143542.A_Elmo.B_KN.SCP_01,99,A4,-0.41758958728497436,-1.0,-0.5824104127150256,0.659633155720831,-1,-1,0,1,1
20210604T143542.A_Elmo.B_KN.SCP_01,100,A4,0.2864813624506238,1.0,0.7135186375493763,-0.25572007510337386,1,1,0,1,1
20210604T143542.A_Elmo.B_KN.SCP_01,101,A4,0.508220332362007,1.0,0.49177966763799297,0.1748924661511276,1,1,0,1,1
20210604T143542.A_Elmo.B_KN.SCP_01,102,A4,-0.1371723060636023,0.08055091755791895,0.21772322362152124,0.5632718787176684,-1,1,1,1,1
20210604T143542.A_Elmo.B_KN.SCP_01,103,A4,-0.10248760290434979,-0.11104799373115787,-0.008560390826808081,0.16210340306015714,-1,-1,0,1,1
20210604T143542.A_Elmo.B_KN.SCP_01,104,A4,-0.7030233900063722,-1.0,-0.29697660999362785,-0.4533140028822341,-1,-1,0,1,1
20210604T143542.A_Elmo.B_KN.SCP_01,105,A4,-0.1274382713367347,-0.23118464363099406,-0.10374637229425937,-0.11399618967340146,-1,-1,0,1,1
20210604T143542.A_Elmo.B_KN.SCP_01,106,A4,-0.10798701849795157,-0.39765878443135577,-0.2896717659334042,0.4432538399503257,-1,-1,0,1,1
20210604T143542.A_Elmo.B_KN.SCP_01,107,A4,-0.19378548706655616,-0.1527304369986311,0.041055050067925064,0.11534245879432443,-1,-1,0,1,1
20210604T143542.A_Elmo.B_KN.SCP_01,108,A4,-0.1316932706024312,-0.1046481343090897,0.027045136293341487,-0.2640096625048911,-1,-1,0,1,1
20210604T143542.A_Elmo.B_KN.SCP_01,109,A4,-0.09668863902782356,-0.9106841571292623,-0.8139955181014388,-0.1876176951717264,-1,-1,0,1,1
20210604T143542.A_Elmo.B_KN.SCP_01,110,A4,-0.11639815796867387,-0.7712569113180111,-0.6548587533493373,-0.06866525743242036,-1,-1,0,1,1
20210604T143542.A_Elmo.B_KN.SCP_01,111,A4,-0.08803018261137079,-0.06742002046258772,0.02061016214878307,-0.14632645295000982,-1,-1,0,1,1
20210604T143542.A_Elmo.B_KN.SCP_01,112,A4,-0.11786413708047967,-0.1391518148483134,-0.021287677767833732,0.13843787972253155,-1,-1,0,1,1
20210604T143542.A_Elmo.B_KN.SCP_01,113,A4,0.3156285253814015,0.3904765343699085,0.07484800898850696,-0.01059125521270157,1,1,0,1,1
20210604T143542.A_Elmo.B_KN.SCP_01,114,A4,-0.25812361161927855,-0.4061491853970126,-0.14802557377773407,0.7257997171000102,-1,-1,0,1,1
20210604T143542.A_Elmo.B_KN.SCP_01,115,A4,0.10207670060613673,0.28294227382727805,0.18086557322114133,-0.4437621027300661,1,1,0,1,1
20210604T143542.A_Elmo.B_KN.SCP_01,116,A4,-0.20817357708622447,-0.14961461908025675,0.05855895800596772,0.18477966280208086,-1,-1,0,1,1
20210604T143542.A_Elmo.B_KN.SCP_01,117,A4,-0.05461470505372256,-0.09448920417671777,-0.03987449912299521,0.5363099363270846,-1,-1,0,1,1
20210604T143542.A_Elmo.B_KN.SCP_01,118,A4,-0.12481316802036041,-0.08973411083199517,0.03507905718836524,0.6222244367461753,-1,-1,0,1,1
20210604T143542.A_Elmo.B_KN.SCP_01,119,A4,-0.029642305624523718,0.0040842654248954245,0.033726571049419146,0.770767549971591,-1,1,1,1,1
20210604T143542.A_Elmo.B_KN.SCP_01,120,A4,-0.024473511709809423,-0.09629029393275462,-0.0718167822229452,0.1621517013801719,-1,-1,0,1,1
20210604T143542.A_Elmo.B_KN.SCP_01,121,A4,-0.19428465636886003,-0.4677562748574129,-0.27347161848855284,0.5447379870018194,-1,-1,0,1,1
20210604T143542.A_Elmo.B_KN.SCP_01,122,A4,-0.026811513257861137,-0.056842761618870474,-0.030031248361009337,0.745682185826784,-1,-1,0,1,1
20210604T143542.A_Elmo.B_KN.SCP_01,123,A4,-0.16588657467296794,-1.0,-0.834113425327032,0.6806221196236253,-1,-1,0,1,1
20210604T143542.A_Elmo.B_KN.SCP_01,124,A4,0.01687904221122516,-0.12535353576716626,-0.14223257797839142,0.49424354151888417,1,-1,1,1,1
20210604T143542.A_Elmo.B_KN.SCP_01,125,A4,-0.06919113478885124,-0.12403900976401627,-0.05484787497516504,0.567537650041465,-1,-1,0,1,1
20210604T143542.A_Elmo.B_KN.SCP_01,126,A4,-0.12567220731270776,-0.44906686019401987,-0.3233946528813121,0.6548590425901858,-1,-1,0,1,1
20210604T143542.A_Elmo.B_KN.SCP_01,127,A4,0.15390986042338883,-0.019970379501720977,-0.17388023992510981,0.7521535221572719,1,-1,1,1,1
20210604T143542.A_Elmo.B_KN.SCP_01,128,A4,-0.20178534602060982,-0.2718529254395987,-0.07006757941898889,0.510552881864829,-1,-1,0,1,1
20210604T143542.A_Elmo.B_KN.SCP_01,129,A5,-1.0,-0.026719341172435164,0.9732806588275649,0.07326027148589988,-1,-1,0,1,0
20210604T143542.A_Elmo.B_KN.SCP_01,130,A5,-1.0,0.5204824160483238,1.5204824160483237,-0.052862010226100146,-1,1,1,1,1
20210604T143542.A_Elmo.B_KN.SCP_01,131,A5,-1.0,0.0744225578760536,1.0744225578760536,-0.15435903143303153,-1,1,1,1,1
20210604T143542.A_Elmo.B_KN.SCP_01,132,A5,-0.21951294120669754,1.0,1.2195129412066976,0.21630776647033934,-1,1,1,1,1
20210604T143542.A_Elmo.B_KN.SCP_01,133,A5,0.11688493097710903,1.0,0.8831150690228909,0.3945262405670588,1,1,0,1,1
20210604T143542.A_Elmo.B_KN.SCP_01,134,A5,-0.7557922167987685,-0.24302409743196848,0.5127681193668,0.3456035814501946,-1,-1,0,1,1
20210604T143542.A_Elmo.B_KN.SCP_01,135,A5,-1.0,0.28565730168636827,1.2856573016863684,0.33180411002900057,-1,1,1,1,1
20210604T143542.A_Elmo.B_KN.SCP_01,136,A5,1.0,0.4582787572812516,-0.5417212427187483,0.20731362712998724,1,1,0,1,1
20210604T143542.A_Elmo.B_KN.SCP_01,137,A5,-0.5672589204491494,-0.06152160047689158,0.5057373199722578,0.5943221640989972,-1,-1,0,1,1
20210604T143542.A_Elmo.B_KN.SCP_01,138,A5,-0.5130107354422111,0.011484712394016808,0.5244954478362279,-0.22033154609386368,-1,1,1,0,0
20210604T143542.A_Elmo.B_KN.SCP_01,139,A5,-0.19308745381313766,-0.03821634990240464,0.15487110391073303,-0.08619480060685451,-1,-1,0,0,0
20210604T143542.A_Elmo.B_KN.SCP_01,140,A5,-1.0,-0.019628175434965183,0.9803718245650348,0.14253606422770487,-1,-1,0,1,0
20210604T143542.A_Elmo.B_KN.SCP_01,141,A5,-1.0,0.14719456970385117,1.1471945697038513,0.25383805724239134,-1,1,1,1,1
20210604T143542.A_Elmo.B_KN.SCP_01,142,A5,-1.0,-0.054294177706302044,0.9457058222936979,0.5608863804924239,-1,-1,0,1,1
20210604T143542.A_Elmo.B_KN.SCP_01,143,A5,-1.0,-1.0,0.0,-0.14407900728210052,-1,-1,0,1,0
20210604T143542.A_Elmo.B_KN.SCP_01,144,A5,-1.0,-0.053468376806316414,0.9465316231936836,-0.1343468591035198,-1,-1,0,0,0
20210604T143542.A_Elmo.B_KN.SCP_01,145,A5,-0.3602240092927016,-0.11479834490572945,0.24542566438697216,0.25463840953378325,-1,-1,0,1,1
20210604T143542.A_Elmo.B_KN.SCP_01,146,A5,-1.0,-0.499682511908496,0.500317488091504,0.20138506637296635,-1,-1,0,1,1
20210604T143542.A_Elmo.B_KN.SCP_01,147,A5,-0.7256210119597126,-0.09188450940134765,0.633736502558365,0.08622508306929139,-1,-1,0,0,0
20210604T143542.A_Elmo.B_KN.SCP_01,148,A5,-1.0,0.5353464114124602,1.5353464114124602,0.1258306212028838,-1,1,1,1,0
20210604T143542.A_Elmo.B_KN.SCP_01,149,A5,-0.8678069414183794,-0.5921914746868221,0.27561546673155735,0.2901269920272583,-1,-1,0,1,0
20210604T143542.A_Elmo.B_KN.SCP_01,150,A5,-1.0,-0.8009561645941604,0.1990438354058396,0.02595471986348649,-1,-1,0,1,0
20210604T143542.A_Elmo.B_KN.SCP_01,151,A5,-1.0,0.10761229412401806,1.107612294124018,0.5666805585901051,-1,1,1,1,1
20210604T143542.A_Elmo.B_KN.SCP_01,152,A5,-0.8446865412144238,0.012763918781000787,0.8574504599954246,0.5801282574265954,-1,1,1,1,1
20210604T143542.A_Elmo.B_KN.SCP_01,153,A5,-1.0,1.0,2.0,0.1280357618646078,-1,1,1,1,1
20210604T143542.A_Elmo.B_KN.SCP_01,154,A5,-0.8997662993334476,0.147646612509799,1.0474129118432467,0.26226295929993243,-1,1,1,1,1
20210604T143542.A_Elmo.B_KN.SCP_01,155,A5,-1.0,-0.08971911188719005,0.9102808881128099,0.20751167518375085,-1,-1,0,1,1
20210604T143542.A_Elmo.B_KN.SCP_01,156,A5,0.06240477839707911,0.24025372541475667,0.17784894701767756,0.25355923120863344,1,1,0,1,1
20210604T143542.A_Elmo.B_KN.SCP_01,157,A5,-1.0,-0.24665991127548167,0.7533400887245183,0.3377791844457488,-1,-1,0,1,1
20210604T143542.A_Elmo.B_KN.SCP_01,158,A5,-1.0,-0.4944545439916298,0.5055454560083702,0.8045353979803995,-1,-1,0,1,1
20210604T143542.A_Elmo.B_KN.SCP_01,159,A5,-1.0,-0.12438031606205947,0.8756196839379405,0.3404917562396506,-1,-1,0,1,1
20210604T143542.A_Elmo.B_KN.SCP_01,160,A5,-1.0,-0.20997421327721338,0.7900257867227867,0.26181703127432787,-1,-1,0,1,0
20210708T131736.A_Elmo.B_KN.SCP_01,1,A1,-0.6098914317015812,0.933379512218712,1.5432709439202932,-0.11389079898763191,-1,1,1,1,1
20210708T131736.A_Elmo.B_KN.SCP_01,2,A1,0.17166658044384148,-0.27995583479545877,-0.45162241523930025,0.13736139684590648,1,-1,1,1,1
20210708T131736.A_Elmo.B_KN.SCP_01,3,A1,1.0,1.0,0.0,0.20452401035786544,1,1,0,0,1
20210708T131736.A_Elmo.B_KN.SCP_01,4,A1,1.0,1.0,0.0,0.6964076687682464,1,1,0,1,1
20210708T131736.A_Elmo.B_KN.SCP_01,5,A1,-0.24946060607167792,0.230186488068608,0.47964709414028595,0.1829976814860198,-1,1,1,1,1
20210708T131736.A_Elmo.B_KN.SCP_01,6,A1,-1.0,-0.1472883408915011,0.8527116591084989,0.30157028294070276,-1,-1,0,1,1
20210708T131736.A_Elmo.B_KN.SCP_01,7,A1,0.27788498790619154,1.0,0.7221150120938085,-0.05484570272097696,1,1,0,0,0
20210708T131736.A_Elmo.B_KN.SCP_01,8,A1,-1.0,-1.0,0.0,0.6968741418717209,-1,-1,0,1,1
20210708T131736.A_Elmo.B_KN.SCP_01,9,A1,0.20519636488523213,-1.0,-1.2051963648852322,-0.06602533764687027,1,-1,1,0,1
20210708T131736.A_Elmo.B_KN.SCP_01,10,A1,-0.2219117316952998,-0.35160606011021306,-0.12969432841491327,-0.043911362644088375,-1,-1,0,1,1
20210708T131736.A_Elmo.B_KN.SCP_01,11,A1,0.24860285455747322,0.5265930814848743,0.27799022692740105,0.15416415979265427,1,1,0,1,1
20210708T131736.A_Elmo.B_KN.SCP_01,12,A1,1.0,0.21811480886880064,-0.7818851911311994,0.30326269564842423,1,1,0,1,1
20210708T131736.A_Elmo.B_KN.SCP_01,13,A1,0.598977937037364,1.0,0.401022062962636,0.0025188786003045053,1,1,0,1,1
20210708T131736.A_Elmo.B_KN.SCP_01,14,A1,-0.31520587879198286,-1.0,-0.6847941212080171,-0.17061922899914392,-1,-1,0,1,0
20210708T131736.A_Elmo.B_KN.SCP_01,15,A1,0.3619952329292417,0.5864949214397609,0.2244996885105192,-0.15652678456917046,1,1,0,1,1
20210708T131736.A_Elmo.B_KN.SCP_01,16,A1,-0.5988325788414561,0.10709567248470493,0.7059282513261611,0.21809375629461378,-1,1,1,1,1
20210708T131736.A_Elmo.B_KN.SCP_01,17,A1,-0.1751009409693785,0.05665425449499865,0.23175519546437715,-0.06634507949424483,-1,1,1,1,1
20210708T131736.A_Elmo.B_KN.SCP_01,18,A1,-0.15331371519499912,-0.8701769363122243,-0.7168632211172251,0.20691174094805911,-1,-1,0,1,1
20210708T131736.A_Elmo.B_KN.SCP_01,19,A1,-0.5352235373689238,-1.0,-0.4647764626310762,0.7693855295821442,-1,-1,0,1,1
20210708T131736.A_Elmo.B_KN.SCP_01,20,A1,-0.5677805207750255,-1.0,-0.4322194792249745,0.7123178032610563,-1,-1,0,1,1
20210708T131736.A_Elmo.B_KN.SCP_01,21,A1,-0.8571635196885083,-0.06854442247124289,0.7886190972172654,0.10032653721279276,-1,-1,0,1,1
20210708T131736.A_Elmo.B_KN.SCP_01,22,A1,-1.0,-1.0,0.0,0.13041176266432697,-1,-1,0,0,0
20210708T131736.A_Elmo.B_KN.SCP_01,23,A1,0.06188074246110657,0.06143162923005409,-0.0004491132310524837,0.32022001528460775,1,1,0,1,1
20210708T131736.A_Elmo.B_KN.SCP_01,24,A1,-0.6645680388656148,-1.0,-0.3354319611343852,0.7868460085223364,-1,-1,0,1,1
20210708T131736.A_Elmo.B_KN.SCP_01,25,A1,-1.0,-0.21997529921762418,0.7800247007823758,-0.019695214498796427,-1,-1,0,1,1
20210708T131736.A_Elmo.B_KN.SCP_01,26,A1,-1.0,-1.0,0.0,0.7535007971519428,-1,-1,0,1,1
20210708T131736.A_Elmo.B_KN.SCP_01,27,A1,1.0,0.23689311976172636,-0.7631068802382737,0.43079885005208174,1,1,0,1,1
20210708T131736.A_Elmo.B_KN.SCP_01,28,A1,0.29129609802885365,0.010971586106522237,-0.28032451192233143,0.5972578892498317,1,1,0,1,1
20210708T131736.A_Elmo.B_KN.SCP_01,29,A1,0.1284859155588678,-0.48064209158975385,-0.6091280071486216,0.15603424261944626,1,-1,1,1,1
20210708T131736.A_Elmo.B_KN.SCP_01,30,A1,-0.32597567600284516,-0.47663348538851413,-0.15065780938566897,0.05612653847838274,-1,-1,0,1,1
20210708T131736.A_Elmo.B_KN.SCP_01,31,A1,-0.07377511289466576,-0.2621357901265905,-0.18836067723192473,-0.03774382647371541,-1,-1,0,1,1
20210708T131736.A_Elmo.B_KN.SCP_01,32,A1,1.0,0.05389100141584156,-0.9461089985841584,0.18429297759119223,1,1,0,1,1
20210708T131736.A_Elmo.B_KN.SCP_01,33,A2,-0.6205208510387057,-1.0,-0.3794791489612943,0.149510742588412,-1,-1,0,1,1
20210708T131736.A_Elmo.B_KN.SCP_01,34,A2,0.10881783866157939,0.06921033390800713,-0.03960750475357226,0.24970300939332185,1,1,0,1,1
20210708T131736.A_Elmo.B_KN.SCP_01,35,A2,0.044597004446440096,-1.0,-1.04459700444644,0.0710881342098149,1,-1,1,0,0
20210708T131736.A_Elmo.B_KN.SCP_01,36,A2,0.1480544735310499,0.35923237218811827,0.21117789865706837,0.6598988160206748,1,1,0,1,1
20210708T131736.A_Elmo.B_KN.SCP_01,37,A2,-0.3492878258257019,-0.19660626966245068,0.15268155616325121,0.05121838363593312,-1,-1,0,1,1
20210708T131736.A_Elmo.B_KN.SCP_01,38,A2,-0.17000869694509194,-0.1364299070384697,0.03357878990662225,-0.29949167480227623,-1,-1,0,1,1
20210708T131736.A_Elmo.B_KN.SCP_01,39,A2,-0.5234943128093256,-0.21861220632313771,0.30488210648618785,0.13724556735842963,-1,-1,0,1,1
20210708T131736.A_Elmo.B_KN.SCP_01,40,A2,-0.15404266957696078,-0.12114968427044352,0.032892985306517256,-0.06211649788209072,-1,-1,0,0,0
20210708T131736.A_Elmo.B_KN.SCP_01,41,A2,0.2530050277581565,1.0,0.7469949722418435,0.05810489511772344,1,1,0,1,1
20210708T131736.A_Elmo.B_KN.SCP_01,42,A2,0.019921141470256826,0.015071280216776057,-0.00484986125348077,0.3605884011231598,1,1,0,0,1
20210708T131736.A_Elmo.B_KN.SCP_01,43,A2,-0.5340842116938896,-0.5880161267614507,-0.05393191506756101,0.5328205543647526,-1,-1,0,1,1
20210708T131736.A_Elmo.B_KN.SCP_01,44,A2,-0.36842543143645756,-0.05021928142421214,0.3182061500122454,0.19643347274387263,-1,-1,0,0,0
20210708T131736.A_Elmo.B_KN.SCP_01,45,A2,0.1381576580821048,0.5116436370998031,0.3734859790176983,0.010056568026923797,1,1,0,0,1
20210708T131736.A_Elmo.B_KN.SCP_01,46,A2,-0.5091602542197557,0.22258964421122424,0.73174989843098,0.014296806496414892,-1,1,1,0,0
20210708T131736.A_Elmo.B_KN.SCP_01,47,A2,0.040297493213319026,0.018761748014961555,-0.02153574519835747,0.2772944873407063,1,1,0,0,0
20210708T131736.A_Elmo.B_KN.SCP_01,48,A2,0.8116970676872687,0.0081619373801493,-0.8035351303071194,0.2432595811118921,1,1,0,0,0
20210708T131736.A_Elmo.B_KN.SCP_01,49,A2,-0.8538998974478686,-1.0,-0.14610010255213135,0.3146879889639104,-1,-1,0,1,1
20210708T131736.A_Elmo.B_KN.SCP_01,50,A2,1.0,-0.6536297870489209,-1.653629787048921,0.21303637345238866,1,-1,1,0,1
20210708T131736.A_Elmo.B_KN.SCP_01,51,A2,-1.0,-0.013484970258266206,0.9865150297417338,-0.04069029800702526,-1,-1,0,0,0
20210708T131736.A_Elmo.B_KN.SCP_01,52,A2,-0.5825774362041714,-0.2036123821287365,0.37896505407543485,0.035663219735795434,-1,-1,0,1,1
20210708T131736.A_Elmo.B_KN.SCP_01,53,A2,-1.0,-0.8372961376322707,0.16270386236772927,0.3789068936582303,-1,-1,0,1,1
20210708T131736.A_Elmo.B_KN.SCP_01,54,A2,0.2684474731103625,1.0,0.7315525268896375,0.2720685361648611,1,1,0,1,1
20210708T131736.A_Elmo.B_KN.SCP_01,55,A2,-0.21584495208628407,-0.19005401365396826,0.025790938432315808,-0.031553779127457264,-1,-1,0,1,1
20210708T131736.A_Elmo.B_KN.SCP_01,56,A2,0.32940570809369896,0.23062729261104242,-0.09877841548265653,0.18320437185201877,1,1,0,1,1
20210708T131736.A_Elmo.B_KN.SCP_01,57,A2,1.0,0.031867938833134386,-0.9681320611668656,-0.08860302799173825,1,1,0,1,1
20210708T131736.A_Elmo.B_KN.SCP_01,58,A2,-0.7999549626971065,0.3778256587504067,1.1777806214475133,0.10558689121018376,-1,1,1,0,0
20210708T131736.A_Elmo.B_KN.SCP_01,59,A2,-1.0,-0.2895449849662199,0.7104550150337801,0.15997853571963708,-1,-1,0,1,1
20210708T131736.A_Elmo.B_KN.SCP_01,60,A2,0.13223454472222074,-0.028878502295157593,-0.16111304701737833,0.060209454048667115,1,-1,1,0,0
20210708T131736.A_Elmo.B_KN.SCP_01,61,A2,0.3123509968351127,0.07281195959751995,-0.23953903723759273,-0.038762658758412456,1,1,0,0,0
20210708T131736.A_Elmo.B_KN.SCP_01,62,A2,-0.8627053812293012,-0.1648232231272903,0.6978821581020109,0.0666610199538527,-1,-1,0,0,0
20210708T131736.A_Elmo.B_KN.SCP_01,63,A2,-0.4112409889720084,-0.1271055658727113,0.28413542309929707,-0.023415999117075294,-1,-1,0,1,0
20210708T131736.A_Elmo.B_KN.SCP_01,64,A2,-0.4584577379302136,-0.13272401389692354,0.32573372403329004,-0.07997504617408209,-1,-1,0,0,0
20210708T131736.A_Elmo.B_KN.SCP_01,65,A3,-0.2517064387465959,0.09002020482815513,0.341726643574751,0.2044417516396406,-1,1,1,0,0
20210708T131736.A_Elmo.B_KN.SCP_01,66,A3,-1.0,-0.6961365182593097,0.30386348174069033,-0.238656251886524,-1,-1,0,0,0
20210708T131736.A_Elmo.B_KN.SCP_01,67,A3,0.003234402913318286,-0.05303661044702269,-0.056271013360340974,-0.09479701767529163,1,-1,1,0,0
20210708T131736.A_Elmo.B_KN.SCP_01,68,A3,0.7451978807891416,-0.08433024323569863,-0.8295281240248402,0.10519293691395948,1,-1,1,0,0
20210708T131736.A_Elmo.B_KN.SCP_01,69,A3,-0.4310722866927519,-0.1769636746331878,0.2541086120595641,-0.37104048203756124,-1,-1,0,0,0
20210708T131736.A_Elmo.B_KN.SCP_01,70,A3,-0.15335874762050256,1.0,1.1533587476205025,-0.08497941570112377,-1,1,1,0,0
20210708T131736.A_Elmo.B_KN.SCP_01,71,A3,1.0,-0.040450150539582314,-1.0404501505395822,-0.23026179766978216,1,-1,1,0,0
20210708T131736.A_Elmo.B_KN.SCP_01,72,A3,-0.15849066994885774,0.014485430422080786,0.17297610037093852,-0.1772824491877057,-1,1,1,0,0
20210708T131736.A_Elmo.B_KN.SCP_01,73,A3,-0.3701064784549704,0.617976207241892,0.9880826856968623,-0.0500863778622341,-1,1,1,0,0
20210708T131736.A_Elmo.B_KN.SCP_01,74,A3,-0.10171035279073719,-0.03088326021637671,0.07082709257436048,0.07647172355626883,-1,-1,0,0,0
20210708T131736.A_Elmo.B_KN.SCP_01,75,A3,0.017447559819784478,0.03914801411937681,0.02170045429959233,-0.1427114798724193,1,1,0,0,0
20210708T131736.A_Elmo.B_KN.SCP_01,76,A3,-1.0,-0.15430858969699068,0.8456914103030093,-0.1767701377486718,-1,-1,0,0,0
20210708T131736.A_Elmo.B_KN.SCP_01,77,A3,-0.027503552967493565,-0.1444100221880657,-0.11690646922057213,-0.02182672036428233,-1,-1,0,0,0
20210708T131736.A_Elmo.B_KN.SCP_01,78,A3,-0.055672405743427036,-0.037231129655611504,0.018441276087815532,0.0915082477314493,-1,-1,0,0,0
20210708T131736.A_Elmo.B_KN.SCP_01,79,A3,-0.06025917415324708,0.008840165633074675,0.06909933978632175,0.08574826466072645,-1,1,1,0,0
20210708T131736.A_Elmo.B_KN.SCP_01,80,A3,0.18874570475737887,-0.21225203357568373,-0.4009977383330626,-0.1815762171878793,1,-1,1,0,0
20210708T131736.A_Elmo.B_KN.SCP_01,81,A3,0.12166189389629617,0.10728538884946917,-0.014376505046826998,0.4092724710178773,1,1,0,0,0
20210708T131736.A_Elmo.B_KN.SCP_01,82,A3,-0.07169634361168453,0.10977254573284548,0.18146888934453,0.18140065934602978,-1,1,1,0,0
20210708T131736.A_Elmo.B_KN.SCP_01,83,A3,-0.01521674224416342,-0.6536172154802895,-0.638400473236126,0.10927514501121618,-1,-1,0,0,0
20210708T131736.A_Elmo.B_KN.SCP_01,84,A3,-0.050787974059791255,0.03462104231321054,0.0854090163730018,-0.019560106255828703,-1,1,1,0,0
20210708T131736.A_Elmo.B_KN.SCP_01,85,A3,0.018104038420592238,-0.13408052735222262,-0.15218456577281486,-0.09734153152787044,1,-1,1,0,0
20210708T131736.A_Elmo.B_KN.SCP_01,86,A3,0.04206541149146361,-1.0,-1.0420654114914636,0.013227147715666826,1,-1,1,0,0
20210708T131736.A_Elmo.B_KN.SCP_01,87,A3,0.050656726066981066,0.04997688069750367,-0.0006798453694773984,-0.18023658615407992,1,1,0,0,0
20210708T131736.A_Elmo.B_KN.SCP_01,88,A3,0.31872766992218776,0.23085544200676036,-0.0878722279154274,-0.010376500142896266,1,1,0,0,0
20210708T131736.A_Elmo.B_KN.SCP_01,89,A3,0.1128367406177587,-0.02400304417328319,-0.1368397847910419,0.02072292031439972,1,-1,1,0,0
20210708T131736.A_Elmo.B_KN.SCP_01,90,A3,-0.35278982474086107,0.17718680964853908,0.5299766343894001,0.01207447845231547,-1,1,1,0,0
20210708T131736.A_Elmo.B_KN.SCP_01,91,A3,0.0044480439745451595,-0.04673152225450323,-0.05117956622904839,0.14654968165593982,1,-1,1,0,0
20210708T131736.A_Elmo.B_KN.SCP_01,92,A3,-0.10963742795983661,0.17784801537144945,0.28748544333128606,0.06903379985965355,-1,1,1,0,0
20210708T131736.A_Elmo.B_KN.SCP_01,93,A3,-0.0014404011242236292,0.018781739750863845,0.020222140875087474,0.16026769877466013,-1,1,1,0,0
20210708T131736.A_Elmo.B_KN.SCP_01,94,A3,0.9273628653950897,-0.10597455671841498,-1.0333374221135048,0.19809085662972958,1,-1,1,0,0
20210708T131736.A_Elmo.B_KN.SCP_01,95,A3,-0.03294044044456451,0.09610525439249863,0.12904569483706313,0.013877928821087659,-1,1,1,0,0
20210708T131736.A_Elmo.B_KN.SCP_01,96,A3,-0.06600308495465691,0.02389337638270399,0.0898964613373609,0.08129173919085088,-1,1,1,0,0
20210708T131736.A_Elmo.B_KN.SCP_01,97,A4,-0.4757644459760206,-0.07632886611570573,0.39943557986031486,0.2381885702666855,-1,-1,0,1,0
20210708T131736.A_Elmo.B_KN.SCP_01,98,A4,1.0,-0.49835704065283365,-1.4983570406528337,-0.14941205694821508,1,-1,1,0,0
20210708T131736.A_Elmo.B_KN.SCP_01,99,A4,0.22561269192357816,0.20495511476697187,-0.020657577156606294,-0.14734183322002806,1,1,0,0,0
20210708T131736.A_Elmo.B_KN.SCP_01,100,A4,-1.0,0.9693145565700857,1.9693145565700858,0.030618266091968317,-1,1,1,0,0
20210708T131736.A_Elmo.B_KN.SCP_01,101,A4,1.0,0.024545845526422864,-0.9754541544735771,0.06580310427687233,1,1,0,1,0
20210708T131736.A_Elmo.B_KN.SCP_01,102,A4,-0.08941652639568595,-0.1913147704997976,-0.10189824410411163,0.08159001800369026,-1,-1,0,0,0
20210708T131736.A_Elmo.B_KN.SCP_01,103,A4,0.07752942624943103,-0.4382449809103387,-0.5157744071597697,-0.033173168452983945,1,-1,1,1,1
20210708T131736.A_Elmo.B_KN.SCP_01,104,A4,-0.02837954955252549,0.07368419885299754,0.10206374840552303,-0.06515090302548251,-1,1,1,0,1
20210708T131736.A_Elmo.B_KN.SCP_01,105,A4,-0.4788135761944572,-0.02405979029777534,0.45475378589668186,0.0882722068042293,-1,-1,0,0,0
20210708T131736.A_Elmo.B_KN.SCP_01,106,A4,0.0291721843704244,-0.09079597210025485,-0.11996815647067925,-0.15441470879244729,1,-1,1,0,0
20210708T131736.A_Elmo.B_KN.SCP_01,107,A4,0.18657845248848168,-1.0,-1.1865784524884817,0.09210405025613075,1,-1,1,0,0
20210708T131736.A_Elmo.B_KN.SCP_01,108,A4,-0.08377793076253373,0.0015631857258584232,0.08534111648839215,-0.1351458324466925,-1,1,1,0,0
20210708T131736.A_Elmo.B_KN.SCP_01,109,A4,0.11632215592961866,-1.0,-1.1163221559296186,-0.02060373543287389,1,-1,1,0,0
20210708T131736.A_Elmo.B_KN.SCP_01,110,A4,0.02925263227154498,0.0529994333247057,0.023746801053160717,-0.23661454367460344,1,1,0,0,0
20210708T131736.A_Elmo.B_KN.SCP_01,111,A4,-0.7676165886961386,0.1725520146481291,0.9401686033442677,0.004918374725858606,-1,1,1,0,0
20210708T131736.A_Elmo.B_KN.SCP_01,112,A4,-1.0,-0.22002824799258852,0.7799717520074114,-0.08421051298106845,-1,-1,0,0,0
20210708T131736.A_Elmo.B_KN.SCP_01,113,A4,0.01931127856029007,-0.05753916103069719,-0.07685043959098727,-0.12915611497941673,1,-1,1,1,1
20210708T131736.A_Elmo.B_KN.SCP_01,114,A4,-0.08193196945776002,0.053861842071062024,0.13579381152882203,0.022490040024618532,-1,1,1,0,0
20210708T131736.A_Elmo.B_KN.SCP_01,115,A4,-0.12708908091940982,0.1295105957152768,0.25659967663468664,-0.054522733285202116,-1,1,1,1,1
20210708T131736.A_Elmo.B_KN.SCP_01,116,A4,-0.32545899341698215,-0.22527921265560275,0.1001797807613794,-0.21085441570184968,-1,-1,0,0,0
20210708T131736.A_Elmo.B_KN.SCP_01,117,A4,-0.06137668277480167,-0.039124476571840976,0.022252206202960693,0.019319382437159062,-1,-1,0,1,1
20210708T131736.A_Elmo.B_KN.SCP_01,118,A4,-0.1244861438457173,-0.24131285802076177,-0.11682671417504448,-0.06314978739706706,-1,-1,0,1,0
20210708T131736.A_Elmo.B_KN.SCP_01,119,A4,-1.0,-1.0,0.0,0.599119685246428,-1,-1,0,1,1
20210708T131736.A_Elmo.B_KN.SCP_01,120,A4,-0.0594210329023355,-0.11411467325895572,-0.05469364035662022,-0.18130203438920509,-1,-1,0,1,1
20210708T131736.A_Elmo.B_KN.SCP_01,121,A4,-0.5903053936698072,-0.7440012752866811,-0.15369588161687397,-0.04735500458320057,-1,-1,0,0,0
20210708T131736.A_Elmo.B_KN.SCP_01,122,A4,-0.0319914398416684,0.04174472693556923,0.07373616677723763,0.10595500927987152,-1,1,1,0,0
20210708T131736.A_Elmo.B_KN.SCP_01,123,A4,-0.13580717267927067,0.01700746746003174,0.1528146401393024,0.017663070352089406,-1,1,1,0,0
20210708T131736.A_Elmo.B_KN.SCP_01,124,A4,0.03665077636826669,-0.061093365529756145,-0.09774414189802283,-0.3321919792417109,1,-1,1,0,0
20210708T131736.A_Elmo.B_KN.SCP_01,125,A4,-0.045984164655998076,-0.3507171964535613,-0.3047330317975632,0.00026186532027000714,-1,-1,0,0,0
20210708T131736.A_Elmo.B_KN.SCP_01,126,A4,-0.3091764953623535,0.29836423895044784,0.6075407343128013,0.18636306886979714,-1,1,1,0,0
20210708T131736.A_Elmo.B_KN.SCP_01,127,A4,-0.7057905479732559,-1.0,-0.2942094520267441,0.016205051190548516,-1,-1,0,0,0
20210708T131736.A_Elmo.B_KN.SCP_01,128,A4,-1.0,-0.07198519548619914,0.9280148045138008,-0.30046592446467274,-1,-1,0,0,0
20210708T131736.A_Elmo.B_KN.SCP_01,129,A5,0.44837171297236067,0.13093555586272726,-0.3174361571096334,-0.00849685873672693,1,1,0,0,0
20210708T131736.A_Elmo.B_KN.SCP_01,130,A5,0.6787396289990552,0.07952069768553553,-0.5992189313135197,0.2332137716284021,1,1,0,0,0
20210708T131736.A_Elmo.B_KN.SCP_01,131,A5,0.4711584194688806,-0.17076931759520672,-0.6419277370640873,0.08113102511874132,1,-1,1,1,1
20210708T131736.A_Elmo.B_KN.SCP_01,132,A5,0.4186822127752812,0.3483861012727267,-0.07029611150255455,-0.18505140560330044,1,1,0,0,0
20210708T131736.A_Elmo.B_KN.SCP_01,133,A5,0.0488440686070319,-1.0,-1.048844068607032,0.029102584624518767,1,-1,1,1,1
20210708T131736.A_Elmo.B_KN.SCP_01,134,A5,0.456793508158671,-0.3222862189812771,-0.7790797271399481,0.18275111981216557,1,-1,1,1,1
20210708T131736.A_Elmo.B_KN.SCP_01,135,A5,-0.2476644929200458,-1.0,-0.7523355070799542,0.5201201694262507,-1,-1,0,1,1
20210708T131736.A_Elmo.B_KN.SCP_01,136,A5,0.14585525525244455,-0.3338645423074861,-0.47971979755993066,0.27661053777202177,1,-1,1,1,1
20210708T131736.A_Elmo.B_KN.SCP_01,137,A5,1.0,0.7610338881940261,-0.23896611180597394,0.09110930950959517,1,1,0,0,0
20210708T131736.A_Elmo.B_KN.SCP_01,138,A5,0.052791179584243265,-0.0028079665477601444,-0.05559914613200341,0.25386938861824504,1,-1,1,0,0
20210708T131736.A_Elmo.B_KN.SCP_01,139,A5,1.0,-0.3792588564436318,-1.3792588564436317,0.026010162246585606,1,-1,1,0,0
20210708T131736.A_Elmo.B_KN.SCP_01,140,A5,0.39229480206856177,-0.08642565261728008,-0.47872045468584185,-0.16634185066731128,1,-1,1,0,0
20210708T131736.A_Elmo.B_KN.SCP_01,141,A5,0.5609009510046505,0.02794315108446454,-0.532957799920186,-0.15319285426138687,1,1,0,0,0
20210708T131736.A_Elmo.B_KN.SCP_01,142,A5,0.5456959421104082,-0.018266548486481016,-0.5639624905968892,0.637333270119249,1,-1,1,1,1
20210708T131736.A_Elmo.B_KN.SCP_01,143,A5,1.0,-0.038379856258236186,-1.0383798562582363,-0.05795704716732814,1,-1,1,0,0
20210708T131736.A_Elmo.B_KN.SCP_01,144,A5,1.0,-1.0,-2.0,-0.003488678449493409,1,-1,1,0,0
20210708T131736.A_Elmo.B_KN.SCP_01,145,A5,0.06964096335676061,-0.3808027042259199,-0.4504436675826805,-0.16009219523323828,1,-1,1,1,1
20210708T131736.A_Elmo.B_KN.SCP_01,146,A5,0.9244949080109173,-0.6106488852102676,-1.5351437932211849,0.17932464851307517,1,-1,1,1,1
20210708T131736.A_Elmo.B_KN.SCP_01,147,A5,0.8896448350481053,-0.39016921780702274,-1.279814052855128,0.06001499554929589,1,-1,1,1,1
20210708T131736.A_Elmo.B_KN.SCP_01,148,A5,0.6569200994400618,-0.06931278798924932,-0.7262328874293111,0.1442927626635261,1,-1,1,0,0
20210708T131736.A_Elmo.B_KN.SCP_01,149,A5,0.4779724386296086,-0.070792431481348,-0.5487648701109566,-0.06191993826207936,1,-1,1,1,1
20210708T131736.A_Elmo.B_KN.SCP_01,150,A5,1.0,-0.20989289990037505,-1.209892899900375,-0.058006545314245074,1,-1,1,0,0
20210708T131736.A_Elmo.B_KN.SCP_01,151,A5,0.5587109288960181,-0.22003051624297443,-0.7787414451389926,0.08209802314479485,1,-1,1,0,0
20210708T131736.A_Elmo.B_KN.SCP_01,152,A5,0.6367088881521059,-1.0,-1.636708888152106,-0.1945240956833955,1,-1,1,0,0
20210708T131736.A_Elmo.B_KN.SCP_01,153,A5,0.5341059942594586,-0.9294696745560623,-1.4635756688155208,0.18649098525733707,1,-1,1,1,1
20210708T131736.A_Elmo.B_KN.SCP_01,154,A5,0.38256427475317156,0.07247110936846785,-0.3100931653847037,-0.11862923940682091,1,1,0,0,0
20210708T131736.A_Elmo.B_KN.SCP_01,155,A5,0.549794243826403,-0.30680029866870084,-0.8565945424951038,0.2808705678504906,1,-1,1,0,0
20210708T131736.A_Elmo.B_KN.SCP_01,156,A5,0.5792933910255822,0.05270666070105628,-0.526586730324526,0.028137688436788943,1,1,0,0,0
20210708T131736.A_Elmo.B_KN.SCP_01,157,A5,0.6606642668312424,0.12329970268850589,-0.5373645641427365,0.18969862168351717,1,1,0,0,0
20210708T131736.A_Elmo.B_KN.SCP_01,158,A5,1.0,-0.1379774300084201,-1.1379774300084202,0.1512048795523013,1,-1,1,1,0
20210708T131736.A_Elmo.B_KN.SCP_01,159,A5,0.5878048477547944,-0.008385138539209927,-0.5961899862940043,0.4471047006127858,1,-1,1,0,0
20210708T131736.A_Elmo.B_KN.SCP_01,160,A5,0.9403581143425791,-0.34328841814517,-1.283646532487749,0.29645134635030373,1,-1,1,0,0
20210709T103307.A_Elmo.B_ST.SCP_01,1,A1,-0.20818805832951975,-0.32208938526227465,-0.1139013269327549,-0.001181447087792704,-1,-1,0,1,0
20210709T103307.A_Elmo.B_ST.SCP_01,2,A1,-0.564188873296146,0.2485101088170077,0.8126989821131536,0.2450439914609306,-1,1,1,1,1
20210709T103307.A_Elmo.B_ST.SCP_01,3,A1,-1.0,-0.3205287736163965,0.6794712263836036,-0.06178854891305674,-1,-1,0,0,1
20210709T103307.A_Elmo.B_ST.SCP_01,4,A1,1.0,1.0,0.0,0.6694391647270073,1,1,0,1,1
20210709T103307.A_Elmo.B_ST.SCP_01,5,A1,-0.9389849177547542,0.16820716825969562,1.1071920860144497,0.019546430265708473,-1,1,1,1,1
20210709T103307.A_Elmo.B_ST.SCP_01,6,A1,-1.0,-0.42969618928775244,0.5703038107122476,0.2956326793392261,-1,-1,0,1,1
20210709T103307.A_Elmo.B_ST.SCP_01,7,A1,-0.7060017404522685,-0.28862344945747886,0.4173782909947896,0.021138128193127066,-1,-1,0,1,1
20210709T103307.A_Elmo.B_ST.SCP_01,8,A1,-1.0,-1.0,0.0,0.771217930585381,-1,-1,0,1,1
20210709T103307.A_Elmo.B_ST.SCP_01,9,A1,-1.0,-0.3357240673672507,0.6642759326327493,0.06255828401868968,-1,-1,0,1,1
20210709T103307.A_Elmo.B_ST.SCP_01,10,A1,-0.5659527230900292,-0.4441253710819552,0.12182735200807399,-0.1675360431108689,-1,-1,0,1,1
20210709T103307.A_Elmo.B_ST.SCP_01,11,A1,-1.0,-1.0,0.0,0.07799480763290136,-1,-1,0,1,1
20210709T103307.A_Elmo.B_ST.SCP_01,12,A1,1.0,1.0,0.0,0.23418149166760277,1,1,0,1,1
20210709T103307.A_Elmo.B_ST.SCP_01,13,A1,-1.0,0.024314824817196077,1.024314824817196,-0.1402888453730471,-1,1,1,1,1
20210709T103307.A_Elmo.B_ST.SCP_01,14,A1,-0.7367606384811677,-1.0,-0.2632393615188323,0.3153924657379808,-1,-1,0,1,1
20210709T103307.A_Elmo.B_ST.SCP_01,15,A1,0.8963731486873547,-0.28875670958396127,-1.1851298582713161,-0.32552324629223933,1,-1,1,0,0
20210709T103307.A_Elmo.B_ST.SCP_01,16,A1,-1.0,1.0,2.0,0.276796411078481,-1,1,1,1,1
20210709T103307.A_Elmo.B_ST.SCP_01,17,A1,-0.18981334159468102,-0.14948222399024275,0.04033111760443828,-0.05239138102166778,-1,-1,0,1,1
20210709T103307.A_Elmo.B_ST.SCP_01,18,A1,-0.52424487038022,-0.4766686971038122,0.04757617327640784,0.2467571922763168,-1,-1,0,1,1
20210709T103307.A_Elmo.B_ST.SCP_01,19,A1,-0.3520079633248504,-0.5282317282679518,-0.17622376494310144,0.7044640535905315,-1,-1,0,1,1
20210709T103307.A_Elmo.B_ST.SCP_01,20,A1,-0.5512170544184889,-1.0,-0.4487829455815111,0.6460156841286371,-1,-1,0,1,1
20210709T103307.A_Elmo.B_ST.SCP_01,21,A1,-1.0,-0.1047456266954529,0.895254373304547,0.06746646449886276,-1,-1,0,1,1
20210709T103307.A_Elmo.B_ST.SCP_01,22,A1,-0.5684778755182126,-0.7862828491926048,-0.21780497367439222,0.45591735226838453,-1,-1,0,1,0
20210709T103307.A_Elmo.B_ST.SCP_01,23,A1,0.13062395447968606,-0.07353091792012985,-0.2041548723998159,0.044213331476581394,1,-1,1,1,0
20210709T103307.A_Elmo.B_ST.SCP_01,24,A1,-1.0,-1.0,0.0,0.7575601043324899,-1,-1,0,1,1
20210709T103307.A_Elmo.B_ST.SCP_01,25,A1,-0.5322881868277319,1.0,1.5322881868277318,-0.04636492849749179,-1,1,1,1,1
20210709T103307.A_Elmo.B_ST.SCP_01,26,A1,-0.06488939233038865,0.01323583919402397,0.07812523152441261,0.4830749651368033,-1,1,1,1,1
20210709T103307.A_Elmo.B_ST.SCP_01,27,A1,0.21627722015546946,0.3685284503337013,0.15225123017823183,-0.009438541145302872,1,1,0,1,1
20210709T103307.A_Elmo.B_ST.SCP_01,28,A1,0.538846513505336,-0.0358211049921314,-0.5746676184974674,0.40915714804498193,1,-1,1,1,1
20210709T103307.A_Elmo.B_ST.SCP_01,29,A1,0.41425872919548945,-0.12578370539999628,-0.5400424345954857,-0.13876724619006883,1,-1,1,1,1
20210709T103307.A_Elmo.B_ST.SCP_01,30,A1,-1.0,-0.5257741204002748,0.4742258795997252,0.14391488546486553,-1,-1,0,0,0
20210709T103307.A_Elmo.B_ST.SCP_01,31,A1,-0.4680975247272341,-1.0,-0.5319024752727659,-0.0653291434656148,-1,-1,0,1,1
20210709T103307.A_Elmo.B_ST.SCP_01,32,A1,1.0,0.18283597003669003,-0.81716402996331,0.25490326674066077,1,1,0,1,1
20210709T103307.A_Elmo.B_ST.SCP_01,33,A2,-1.0,-0.6798022612518567,0.3201977387481433,-0.07321035927449408,-1,-1,0,1,1
20210709T103307.A_Elmo.B_ST.SCP_01,34,A2,-1.0,0.11060189869389347,1.1106018986938935,0.10902187968214822,-1,1,1,1,1
20210709T103307.A_Elmo.B_ST.SCP_01,35,A2,-1.0,0.07496567941699703,1.074965679416997,0.03267975131143062,-1,1,1,1,1
20210709T103307.A_Elmo.B_ST.SCP_01,36,A2,0.09440253796015549,0.24972076148685626,0.15531822352670077,0.16831054709720905,1,1,0,1,1
20210709T103307.A_Elmo.B_ST.SCP_01,37,A2,-1.0,-0.7858326838182977,0.21416731618170226,0.5599669866688186,-1,-1,0,1,0
20210709T103307.A_Elmo.B_ST.SCP_01,38,A2,-0.07263346181809287,-0.2596446396305001,-0.18701117781240723,0.34144810671591425,-1,-1,0,1,0
20210709T103307.A_Elmo.B_ST.SCP_01,39,A2,-0.36462031593785627,-1.0,-0.6353796840621437,-0.2945950653096613,-1,-1,0,1,1
20210709T103307.A_Elmo.B_ST.SCP_01,40,A2,-0.9831551399978448,0.33086302288796,1.3140181628858048,0.03252184940960829,-1,1,1,0,0
20210709T103307.A_Elmo.B_ST.SCP_01,41,A2,0.39782714154902643,-0.11353929197149991,-0.5113664335205264,0.04457762909110752,1,-1,1,1,1
20210709T103307.A_Elmo.B_ST.SCP_01,42,A2,0.3995728847462062,-0.6130538640456293,-1.0126267487918357,0.18925603932164625,1,-1,1,0,0
20210709T103307.A_Elmo.B_ST.SCP_01,43,A2,-0.6300607571808923,-0.4449475482217352,0.18511320895915706,0.32093590505157504,-1,-1,0,1,1
20210709T103307.A_Elmo.B_ST.SCP_01,44,A2,-0.40557251673705474,0.3757279374728406,0.7813004542098954,-0.127181085915562,-1,1,1,0,0
20210709T103307.A_Elmo.B_ST.SCP_01,45,A2,-0.93158305162036,-1.0,-0.06841694837963996,0.29523839732373747,-1,-1,0,0,0
20210709T103307.A_Elmo.B_ST.SCP_01,46,A2,-0.5897363187728963,-0.08039772418010267,0.5093385945927936,0.31360881662650975,-1,-1,0,0,0
20210709T103307.A_Elmo.B_ST.SCP_01,47,A2,-1.0,-1.0,0.0,0.11914493127588502,-1,-1,0,1,0
20210709T103307.A_Elmo.B_ST.SCP_01,48,A2,-0.12580452782586585,-0.2972651471731456,-0.17146061934727977,0.24323394717053187,-1,-1,0,0,0
20210709T103307.A_Elmo.B_ST.SCP_01,49,A2,-0.8286764689484691,-1.0,-0.17132353105153086,0.4667711116067679,-1,-1,0,1,1
20210709T103307.A_Elmo.B_ST.SCP_01,50,A2,0.7341175250579557,-1.0,-1.7341175250579557,-0.04553850544629595,1,-1,1,0,0
20210709T103307.A_Elmo.B_ST.SCP_01,51,A2,-1.0,-1.0,0.0,0.3861691334008593,-1,-1,0,1,1
20210709T103307.A_Elmo.B_ST.SCP_01,52,A2,-0.2135832299694641,-0.4945622463348426,-0.2809790163653785,-0.16453184943579682,-1,-1,0,1,1
20210709T103307.A_Elmo.B_ST.SCP_01,53,A2,-1.0,-0.18888092926305913,0.8111190707369409,0.03921703051064752,-1,-1,0,1,1
20210709T103307.A_Elmo.B_ST.SCP_01,54,A2,0.0706002815296298,1.0,0.9293997184703702,0.29053759837563603,1,1,0,1,1
20210709T103307.A_Elmo.B_ST.SCP_01,55,A2,-0.24574055111262005,1.0,1.24574055111262,-0.2363697726174619,-1,1,1,1,1
20210709T103307.A_Elmo.B_ST.SCP_01,56,A2,0.07782260547436765,0.13776079970999025,0.059938194235622605,-0.18496415455196785,1,1,0,1,1
20210709T103307.A_Elmo.B_ST.SCP_01,57,A2,0.26179705580241597,-0.4468864044351877,-0.7086834602376036,0.15937913333260112,1,-1,1,1,0
20210709T103307.A_Elmo.B_ST.SCP_01,58,A2,-0.21015191526695454,0.663115369691441,0.8732672849583956,0.10844717604005302,-1,1,1,0,0
20210709T103307.A_Elmo.B_ST.SCP_01,59,A2,0.28763511754501153,-0.06539294322869399,-0.3530280607737055,-0.25722051095064663,1,-1,1,1,0
20210709T103307.A_Elmo.B_ST.SCP_01,60,A2,-0.11303501159315874,-0.011368656534190443,0.10166635505896829,0.12447962149497381,-1,-1,0,0,0
20210709T103307.A_Elmo.B_ST.SCP_01,61,A2,-0.5713105299134398,0.08449284894900444,0.6558033788624442,0.017634892660657674,-1,1,1,1,0
20210709T103307.A_Elmo.B_ST.SCP_01,62,A2,-0.5936509164323712,-0.2299538370569197,0.3636970793754515,0.13939125753269097,-1,-1,0,0,0
20210709T103307.A_Elmo.B_ST.SCP_01,63,A2,-0.14084418629687692,-0.22188802384868575,-0.08104383755180883,0.03965361233784446,-1,-1,0,1,1
20210709T103307.A_Elmo.B_ST.SCP_01,64,A2,-0.274637410522637,-1.0,-0.725362589477363,0.30158834806962426,-1,-1,0,1,0
20210709T103307.A_Elmo.B_ST.SCP_01,65,A3,0.09747756460479408,0.17449615215097097,0.0770185875461769,0.08820900149115833,1,1,0,0,0
20210709T103307.A_Elmo.B_ST.SCP_01,66,A3,-0.5429770813103838,0.08583552882104324,0.6288126101314271,0.2063978559718238,-1,1,1,0,0
20210709T103307.A_Elmo.B_ST.SCP_01,67,A3,-0.30643300589322625,-1.0,-0.6935669941067737,0.044701183341381207,-1,-1,0,0,0
20210709T103307.A_Elmo.B_ST.SCP_01,68,A3,-0.08286658831763463,0.13520763555667462,0.21807422387430925,-0.06613044354393136,-1,1,1,0,0
20210709T103307.A_Elmo.B_ST.SCP_01,69,A3,0.12618831519523332,-0.15613637387518817,-0.2823246890704215,-0.00922862301667649,1,-1,1,0,0
20210709T103307.A_Elmo.B_ST.SCP_01,70,A3,-1.0,0.011451734302433,1.011451734302433,0.008910908140861228,-1,1,1,0,0
20210709T103307.A_Elmo.B_ST.SCP_01,71,A3,0.2052160140483679,0.06331144561837629,-0.1419045684299916,0.23861118254838715,1,1,0,0,0
20210709T103307.A_Elmo.B_ST.SCP_01,72,A3,0.3540459889070846,0.7295736046001207,0.37552761569303605,0.20601193494648654,1,1,0,0,0
20210709T103307.A_Elmo.B_ST.SCP_01,73,A3,-0.3054975730118391,-0.9588608336887974,-0.6533632606769583,-0.2203675608939546,-1,-1,0,0,0
20210709T103307.A_Elmo.B_ST.SCP_01,74,A3,0.030702993768471534,-0.08212403007246608,-0.11282702384093761,0.0770765963659876,1,-1,1,0,0
20210709T103307.A_Elmo.B_ST.SCP_01,75,A3,-0.5103442989062242,1.0,1.5103442989062241,0.40556391915213275,-1,1,1,0,0
20210709T103307.A_Elmo.B_ST.SCP_01,76,A3,-0.08184998721006195,-0.01672797055555511,0.06512201665450684,0.25593227472795527,-1,-1,0,0,0
20210709T103307.A_Elmo.B_ST.SCP_01,77,A3,0.3184178606479596,1.0,0.6815821393520404,0.16535329739711555,1,1,0,0,0
20210709T103307.A_Elmo.B_ST.SCP_01,78,A3,0.1955090522769783,-0.0492387672633363,-0.2447478195403146,0.3340954156165924,1,-1,1,0,0
20210709T103307.A_Elmo.B_ST.SCP_01,79,A3,-1.0,0.29347136388725187,1.293471363887252,-0.24410321995829784,-1,1,1,0,0
20210709T103307.A_Elmo.B_ST.SCP_01,80,A3,-0.14834651118111952,0.06726396857179348,0.215610479752913,0.12057172028294304,-1,1,1,0,0
20210709T103307.A_Elmo.B_ST.SCP_01,81,A3,-1.0,0.14498257158619998,1.1449825715861999,-0.20408264923443575,-1,1,1,0,0
20210709T103307.A_Elmo.B_ST.SCP_01,82,A3,-0.1597532934753676,0.033611060807855475,0.19336435428322307,-0.0518079018164222,-1,1,1,0,0
20210709T103307.A_Elmo.B_ST.SCP_01,83,A3,-0.2681480151740608,-0.07757997427501365,0.19056804089904714,0.4039142859171396,-1,-1,0,1,1
20210709T103307.A_Elmo.B_ST.SCP_01,84,A3,0.12645914309125636,0.2941628857408849,0.16770374264962853,0.13605354637204015,1,1,0,0,0
20210709T103307.A_Elmo.B_ST.SCP_01,85,A3,-0.19476545219284927,-0.0007240216237023922,0.19404143056914688,-0.22378572974752242,-1,-1,0,0,0
20210709T103307.A_Elmo.B_ST.SCP_01,86,A3,-0.009877131437226563,-0.7256163760131635,-0.715739244575937,0.12162212354936798,-1,-1,0,0,0
20210709T103307.A_Elmo.B_ST.SCP_01,87,A3,-0.004950624555425577,0.018217699283337444,0.023168323838763022,-0.10883940971010718,-1,1,1,0,0
20210709T103307.A_Elmo.B_ST.SCP_01,88,A3,-0.5183154141926641,-0.103408504608759,0.41490690958390514,0.6052206188323048,-1,-1,0,1,0
20210709T103307.A_Elmo.B_ST.SCP_01,89,A3,0.16331895357871623,0.030498257319714853,-0.1328206962590014,0.2659692352377708,1,1,0,0,0
20210709T103307.A_Elmo.B_ST.SCP_01,90,A3,-0.05289962149843192,0.15902404168744205,0.21192366318587397,0.05547255344353324,-1,1,1,0,0
20210709T103307.A_Elmo.B_ST.SCP_01,91,A3,0.028958774904064403,-0.022914126079642737,-0.05187290098370714,-0.26135010581457147,1,-1,1,0,0
20210709T103307.A_Elmo.B_ST.SCP_01,92,A3,-0.28093027014054256,0.21309717723003913,0.4940274473705817,0.26255604922018394,-1,1,1,0,0
20210709T103307.A_Elmo.B_ST.SCP_01,93,A3,0.027028511598364655,-0.14614203435617015,-0.1731705459545348,-0.2324644013154552,1,-1,1,0,0
20210709T103307.A_Elmo.B_ST.SCP_01,94,A3,1.0,1.0,0.0,-0.06115633351564846,1,1,0,0,0
20210709T103307.A_Elmo.B_ST.SCP_01,95,A3,-0.15283065703936924,0.09503656354581189,0.24786722058518112,0.023911408157305487,-1,1,1,0,0
20210709T103307.A_Elmo.B_ST.SCP_01,96,A3,-1.0,0.07163257662449253,1.0716325766244925,-0.17170555353883213,-1,1,1,0,0
20210709T103307.A_Elmo.B_ST.SCP_01,97,A4,-0.3321299267875132,0.12349438136738784,0.455624308154901,0.16879933779981338,-1,1,1,1,1
20210709T103307.A_Elmo.B_ST.SCP_01,98,A4,0.263134772745878,0.30920177902310236,0.046067006277224376,-0.23680991270764384,1,1,0,0,0
20210709T103307.A_Elmo.B_ST.SCP_01,99,A4,0.07659521724992242,-0.004484190388483391,-0.08107940763840582,-0.1755176834547163,1,-1,1,0,0
20210709T103307.A_Elmo.B_ST.SCP_01,100,A4,0.40376495423460385,0.03806026696907095,-0.3657046872655329,-0.09788456826760593,1,1,0,0,0
20210709T103307.A_Elmo.B_ST.SCP_01,101,A4,-1.0,-0.001343797037479457,0.9986562029625206,0.08783614903157536,-1,-1,0,1,0
20210709T103307.A_Elmo.B_ST.SCP_01,102,A4,0.15916449144666642,0.041643047603525926,-0.11752144384314049,-0.40183271651537433,1,1,0,1,1
20210709T103307.A_Elmo.B_ST.SCP_01,103,A4,-0.07192789692091635,-0.02246069456641291,0.04946720235450344,-0.02641044103047842,-1,-1,0,1,1
20210709T103307.A_Elmo.B_ST.SCP_01,104,A4,0.17775087365898642,-0.14379947986556096,-0.3215503535245474,0.2745592885771259,1,-1,1,0,0
20210709T103307.A_Elmo.B_ST.SCP_01,105,A4,-0.5988268057942258,-0.16849980246044738,0.4303270033337784,-0.03400180642832979,-1,-1,0,0,0
20210709T103307.A_Elmo.B_ST.SCP_01,106,A4,-0.5724284112794991,-0.1085139102753441,0.463914501004155,0.6237299477801622,-1,-1,0,1,1
20210709T103307.A_Elmo.B_ST.SCP_01,107,A4,-0.05497040337072057,-0.36377055769461475,-0.3088001543238942,-0.15693370635256487,-1,-1,0,0,0
20210709T103307.A_Elmo.B_ST.SCP_01,108,A4,-0.33871507726819944,-0.012565070541039489,0.32615000672715994,-0.376578710824214,-1,-1,0,0,0
20210709T103307.A_Elmo.B_ST.SCP_01,109,A4,-0.008311056544964167,0.4064104125516062,0.41472146909657037,-0.05969129740569875,-1,1,1,0,0
20210709T103307.A_Elmo.B_ST.SCP_01,110,A4,-0.06114303905231046,0.06289014240997,0.12403318146228046,0.07335621744203379,-1,1,1,0,0
20210709T103307.A_Elmo.B_ST.SCP_01,111,A4,-0.15754881275421875,0.03821294148193492,0.19576175423615366,0.23563996111735724,-1,1,1,0,0
20210709T103307.A_Elmo.B_ST.SCP_01,112,A4,-0.026629629610658387,-0.129784516706467,-0.10315488709580863,0.09829391710816532,-1,-1,0,0,0
20210709T103307.A_Elmo.B_ST.SCP_01,113,A4,-0.00470394735695217,-0.037467875647191284,-0.032763928290239115,-0.13795363747561556,-1,-1,0,1,1
20210709T103307.A_Elmo.B_ST.SCP_01,114,A4,0.010757291690447585,0.03581682993134476,0.025059538240897176,-0.3345395252776851,1,1,0,1,0
20210709T103307.A_Elmo.B_ST.SCP_01,115,A4,0.052381923649015616,-0.38618617422175894,-0.43856809787077455,-0.0662165441219892,1,-1,1,1,1
20210709T103307.A_Elmo.B_ST.SCP_01,116,A4,-0.23958252416952358,0.01531594175962694,0.2548984659291505,0.4483677485856644,-1,1,1,0,1
20210709T103307.A_Elmo.B_ST.SCP_01,117,A4,-0.24260839883194257,-0.21889402962186477,0.0237143692100778,0.18029036577936525,-1,-1,0,1,1
20210709T103307.A_Elmo.B_ST.SCP_01,118,A4,-0.3167211746844771,0.9636781999749133,1.2803993746593905,0.5522387529471557,-1,1,1,0,0
20210709T103307.A_Elmo.B_ST.SCP_01,119,A4,-1.0,-1.0,0.0,0.6063663899575146,-1,-1,0,1,1
20210709T103307.A_Elmo.B_ST.SCP_01,120,A4,-0.09574323826200563,-0.04730955807815247,0.04843368018385316,0.6130364571399288,-1,-1,0,0,0
20210709T103307.A_Elmo.B_ST.SCP_01,121,A4,-0.6854310426354466,-0.751283366772156,-0.06585232413670938,-0.044005805731344654,-1,-1,0,0,0
20210709T103307.A_Elmo.B_ST.SCP_01,122,A4,-0.08824274251235777,-1.0,-0.9117572574876422,0.20823453905997075,-1,-1,0,0,0
20210709T103307.A_Elmo.B_ST.SCP_01,123,A4,-0.1458204034890321,0.4349853900639826,0.5808057935530148,0.42887678103898985,-1,1,1,0,0
20210709T103307.A_Elmo.B_ST.SCP_01,124,A4,0.03547984739094308,-0.09338892658483787,-0.12886877397578095,0.16624555452425047,1,-1,1,0,0
20210709T103307.A_Elmo.B_ST.SCP_01,125,A4,-1.0,-0.5655094657468558,0.4344905342531442,-0.1482359882026104,-1,-1,0,0,0
20210709T103307.A_Elmo.B_ST.SCP_01,126,A4,0.0006264005015612235,0.02041530199442545,0.019788901492864226,0.1018876976300736,1,1,0,1,0
20210709T103307.A_Elmo.B_ST.SCP_01,127,A4,1.0,-0.7149551021024071,-1.7149551021024072,-0.01722234628627007,1,-1,1,0,0
20210709T103307.A_Elmo.B_ST.SCP_01,128,A4,-0.00843268752039032,0.06265479789323203,0.07108748541362235,-0.09943532057295323,-1,1,1,0,0
20210709T103307.A_Elmo.B_ST.SCP_01,129,A5,-0.0356961324940389,-0.1708836349100815,-0.1351875024160426,0.009496242539025729,-1,-1,0,0,0
20210709T103307.A_Elmo.B_ST.SCP_01,130,A5,-0.21087341541038895,-0.4200033616664041,-0.20912994625601516,-0.15607843061512292,-1,-1,0,0,0
20210709T103307.A_Elmo.B_ST.SCP_01,131,A5,-0.22502255146401706,-0.11058861850100918,0.11443393296300788,-0.32238003951544075,-1,-1,0,1,1
20210709T103307.A_Elmo.B_ST.SCP_01,132,A5,-0.04548828764416448,0.05989479537778369,0.10538308302194817,0.28588763285606383,-1,1,1,0,0
20210709T103307.A_Elmo.B_ST.SCP_01,133,A5,-0.29978283812082973,-1.0,-0.7002171618791703,0.16349372916012156,-1,-1,0,1,1
20210709T103307.A_Elmo.B_ST.SCP_01,134,A5,-0.13979375891228532,-0.3545677059331727,-0.2147739470208874,-0.2443368334781297,-1,-1,0,1,1
20210709T103307.A_Elmo.B_ST.SCP_01,135,A5,-0.6440184325636682,-1.0,-0.3559815674363318,0.014889397875642203,-1,-1,0,1,1
20210709T103307.A_Elmo.B_ST.SCP_01,136,A5,-0.16516577933169233,-0.46340849347804075,-0.2982427141463484,0.23817706959487647,-1,-1,0,1,1
20210709T103307.A_Elmo.B_ST.SCP_01,137,A5,0.09273514848853616,0.016522896136700223,-0.07621225235183593,-0.3223264894939174,1,1,0,0,0
20210709T103307.A_Elmo.B_ST.SCP_01,138,A5,-0.8554105196322492,1.0,1.8554105196322492,0.24579380339943396,-1,1,1,0,0
20210709T103307.A_Elmo.B_ST.SCP_01,139,A5,-0.23253208554054158,-0.08437765057206129,0.1481544349684803,0.0013161012461800784,-1,-1,0,0,0
20210709T103307.A_Elmo.B_ST.SCP_01,140,A5,0.3969921944251717,-0.07016342566853484,-0.46715562009370654,0.06225116247543499,1,-1,1,0,0
20210709T103307.A_Elmo.B_ST.SCP_01,141,A5,-0.053545377558727306,-0.036244000921111345,0.01730137663761596,0.23384269276728994,-1,-1,0,1,1
20210709T103307.A_Elmo.B_ST.SCP_01,142,A5,-0.12525300151794916,-0.054960147530741625,0.07029285398720753,0.3884961595667053,-1,-1,0,1,1
20210709T103307.A_Elmo.B_ST.SCP_01,143,A5,-0.10542831183960463,-0.10100161975756433,0.004426692082040301,0.22521719726992925,-1,-1,0,0,0
20210709T103307.A_Elmo.B_ST.SCP_01,144,A5,-0.07048278767748646,-0.018080775920519265,0.052402011756967196,-0.2553313587920089,-1,-1,0,0,0
20210709T103307.A_Elmo.B_ST.SCP_01,145,A5,-0.4921203380062597,-0.11461106785922913,0.37750927014703056,0.702740438201935,-1,-1,0,1,1
20210709T103307.A_Elmo.B_ST.SCP_01,146,A5,-0.13310192554367348,-0.3792725966785171,-0.24617067113484362,0.2129758209047784,-1,-1,0,1,1
20210709T103307.A_Elmo.B_ST.SCP_01,147,A5,-0.4547964678824653,-0.34751578202735217,0.10728068585511313,-0.21244784973690695,-1,-1,0,1,1
20210709T103307.A_Elmo.B_ST.SCP_01,148,A5,-0.007602173888764496,-0.17133154645121124,-0.16372937256244674,-0.45579770199276726,-1,-1,0,0,0
20210709T103307.A_Elmo.B_ST.SCP_01,149,A5,-0.6106871697526552,-0.49176445558022086,0.11892271417243439,-0.08284172808673287,-1,-1,0,0,0
20210709T103307.A_Elmo.B_ST.SCP_01,150,A5,-1.0,-0.6030390912119651,0.3969609087880349,0.08368551206614726,-1,-1,0,0,0
20210709T103307.A_Elmo.B_ST.SCP_01,151,A5,-0.21206645247457187,-0.43207637993852155,-0.22000992746394968,0.008397289752444928,-1,-1,0,0,0
20210709T103307.A_Elmo.B_ST.SCP_01,152,A5,-1.0,-0.03822674413589242,0.9617732558641076,0.16870114177689313,-1,-1,0,1,0
20210709T103307.A_Elmo.B_ST.SCP_01,153,A5,-0.2527384793703045,-1.0,-0.7472615206296955,-0.21475248774355848,-1,-1,0,1,0
20210709T103307.A_Elmo.B_ST.SCP_01,154,A5,-0.09324657677990543,-0.017272483066476135,0.0759740937134293,0.20631208867355535,-1,-1,0,0,0
20210709T103307.A_Elmo.B_ST.SCP_01,155,A5,-0.10466475330165122,0.16714380069487814,0.27180855399652937,0.0026945201365959344,-1,1,1,0,0
20210709T103307.A_Elmo.B_ST.SCP_01,156,A5,-0.08989351187352927,-0.03248750473979647,0.057406007133732805,0.09028171781265384,-1,-1,0,0,0
20210709T103307.A_Elmo.B_ST.SCP_01,157,A5,-0.12829869034968022,-0.12863807562329235,-0.00033938527361213056,0.15267650205575017,-1,-1,0,0,0
20210709T103307.A_Elmo.B_ST.SCP_01,158,A5,-0.3499397833925342,-0.019235729066993633,0.33070405432554056,0.4301836453095705,-1,-1,0,0,0
20210709T103307.A_Elmo.B_ST.SCP_01,159,A5,-0.07825018493043581,-0.059019582868096526,0.019230602062339286,-0.22228672010481013,-1,-1,0,0,0
20210709T103307.A_Elmo.B_ST.SCP_01,160,A5,-0.21900227927873295,-0.11450739987845113,0.10449487940028182,0.23366224640630823,-1,-1,0,0,0
20210715T105108.A_Elmo.B_ST.SCP_01,1,A1,-1.0,1.0,2.0,0.08042355035775094,-1,1,1,1,0
20210715T105108.A_Elmo.B_ST.SCP_01,2,A1,-0.6845124054720495,-1.0,-0.3154875945279505,-0.016787735571510396,-1,-1,0,1,0
20210715T105108.A_Elmo.B_ST.SCP_01,3,A1,0.3611641478190316,-0.3462028097300186,-0.7073669575490502,0.013672815179530864,1,-1,1,1,0
20210715T105108.A_Elmo.B_ST.SCP_01,4,A1,1.0,1.0,0.0,0.33919330352488597,1,1,0,1,0
20210715T105108.A_Elmo.B_ST.SCP_01,5,A1,-0.5885567715527816,-1.0,-0.41144322844721837,0.21224986197039725,-1,-1,0,1,0
20210715T105108.A_Elmo.B_ST.SCP_01,6,A1,-0.993044898777785,0.08603075105596357,1.0790756498337486,0.1216269285808752,-1,1,1,1,0
20210715T105108.A_Elmo.B_ST.SCP_01,7,A1,-1.0,1.0,2.0,-0.1470374930082094,-1,1,1,1,0
20210715T105108.A_Elmo.B_ST.SCP_01,8,A1,-1.0,-1.0,0.0,0.6073001295354528,-1,-1,0,1,1
20210715T105108.A_Elmo.B_ST.SCP_01,9,A1,-1.0,-0.22692091200210904,0.7730790879978909,0.09609161588512162,-1,-1,0,1,0
20210715T105108.A_Elmo.B_ST.SCP_01,10,A1,-0.920563281943328,-1.0,-0.07943671805667196,0.15957772721647334,-1,-1,0,1,0
20210715T105108.A_Elmo.B_ST.SCP_01,11,A1,-1.0,0.41566263329021874,1.4156626332902187,-0.12183333902586974,-1,1,1,1,0
20210715T105108.A_Elmo.B_ST.SCP_01,12,A1,1.0,-0.05364627895954947,-1.0536462789595495,-0.23378145182271198,1,-1,1,1,1
20210715T105108.A_Elmo.B_ST.SCP_01,13,A1,-0.3384319027169101,0.21861804298163576,0.5570499456985458,0.024033411557389292,-1,1,1,1,0
20210715T105108.A_Elmo.B_ST.SCP_01,14,A1,-0.10232921669699838,-1.0,-0.8976707833030017,-0.04164197623768208,-1,-1,0,1,0
20210715T105108.A_Elmo.B_ST.SCP_01,15,A1,-0.11391668448342748,0.4297818075304705,0.543698492013898,-0.17827898470659698,-1,1,1,1,0
20210715T105108.A_Elmo.B_ST.SCP_01,16,A1,-0.8136374743239745,0.23038717933671277,1.0440246536606872,-0.0859180545212455,-1,1,1,1,0
20210715T105108.A_Elmo.B_ST.SCP_01,17,A1,-1.0,0.17061321487548806,1.170613214875488,0.4556893326938324,-1,1,1,1,0
20210715T105108.A_Elmo.B_ST.SCP_01,18,A1,-1.0,1.0,2.0,-0.2306922794783691,-1,1,1,1,0
20210715T105108.A_Elmo.B_ST.SCP_01,19,A1,-0.2026211311375846,-0.5220868082708444,-0.3194656771332598,0.6663412915544635,-1,-1,0,1,0
20210715T105108.A_Elmo.B_ST.SCP_01,20,A1,-0.6443437132762238,-1.0,-0.35565628672377625,0.4683572711301305,-1,-1,0,1,1
20210715T105108.A_Elmo.B_ST.SCP_01,21,A1,-0.22727140947181249,-0.8049303512420941,-0.5776589417702817,0.12512418933965208,-1,-1,0,1,0
20210715T105108.A_Elmo.B_ST.SCP_01,22,A1,-0.27457938255289405,0.07385314442845294,0.34843252698134697,-0.22175044832786597,-1,1,1,0,0
20210715T105108.A_Elmo.B_ST.SCP_01,23,A1,-1.0,0.18731003368822274,1.1873100336882227,0.28658900505114754,-1,1,1,1,0
20210715T105108.A_Elmo.B_ST.SCP_01,24,A1,-1.0,-0.8948865757580473,0.10511342424195269,0.40702569920382164,-1,-1,0,1,1
20210715T105108.A_Elmo.B_ST.SCP_01,25,A1,-0.15317753573931572,-0.31969966384963844,-0.16652212811032271,-0.05028516107489274,-1,-1,0,1,0
20210715T105108.A_Elmo.B_ST.SCP_01,26,A1,-1.0,-1.0,0.0,0.12219149164892636,-1,-1,0,1,0
20210715T105108.A_Elmo.B_ST.SCP_01,27,A1,1.0,0.7129093939046227,-0.2870906060953773,0.12730223953876998,1,1,0,0,0
20210715T105108.A_Elmo.B_ST.SCP_01,28,A1,0.7072617442886936,-0.2589729335634336,-0.9662346778521271,0.44812005360383145,1,-1,1,1,1
20210715T105108.A_Elmo.B_ST.SCP_01,29,A1,-1.0,1.0,2.0,-0.12560115477667794,-1,1,1,1,0
20210715T105108.A_Elmo.B_ST.SCP_01,30,A1,-0.5154686054077409,-0.4958037589580951,0.01966484644964578,-0.23237539542871222,-1,-1,0,1,0
20210715T105108.A_Elmo.B_ST.SCP_01,31,A1,-0.10904251886926693,1.0,1.109042518869267,0.2554778025140198,-1,1,1,0,0
20210715T105108.A_Elmo.B_ST.SCP_01,32,A1,1.0,0.26539010551521075,-0.7346098944847892,0.02121469980483453,1,1,0,1,0
20210715T105108.A_Elmo.B_ST.SCP_01,33,A2,-1.0,-1.0,0.0,-0.07379015120984558,-1,-1,0,1,1
20210715T105108.A_Elmo.B_ST.SCP_01,34,A2,0.09605261283324347,1.0,0.9039473871667565,-0.1523955946198717,1,1,0,1,0
20210715T105108.A_Elmo.B_ST.SCP_01,35,A2,1.0,-0.09367608389399645,-1.0936760838939965,-0.328768589644715,1,-1,1,0,0
20210715T105108.A_Elmo.B_ST.SCP_01,36,A2,0.052757536393321446,0.6033433211768705,0.550585784783549,-0.02231518954494703,1,1,0,1,1
20210715T105108.A_Elmo.B_ST.SCP_01,37,A2,-1.0,1.0,2.0,-0.24790121422056732,-1,1,1,0,0
20210715T105108.A_Elmo.B_ST.SCP_01,38,A2,-1.0,0.07148076237976608,1.0714807623797662,0.17944021207030758,-1,1,1,0,0
20210715T105108.A_Elmo.B_ST.SCP_01,39,A2,-0.3881172448967707,0.3547969963364971,0.7429142412332678,-0.01246360238692802,-1,1,1,1,0
20210715T105108.A_Elmo.B_ST.SCP_01,40,A2,-1.0,-0.19930775825432817,0.8006922417456719,0.031580421063062664,-1,-1,0,0,0
20210715T105108.A_Elmo.B_ST.SCP_01,41,A2,-0.49406694609661495,1.0,1.494066946096615,-0.32435693638409313,-1,1,1,1,0
20210715T105108.A_Elmo.B_ST.SCP_01,42,A2,0.5096083166659444,0.6730611787914863,0.1634528621255419,0.21568606217434072,1,1,0,0,0
20210715T105108.A_Elmo.B_ST.SCP_01,43,A2,-0.650813063565371,0.4700676315304271,1.1208806950957981,0.15694692778218183,-1,1,1,1,1
20210715T105108.A_Elmo.B_ST.SCP_01,44,A2,-0.08172092972433967,0.012112568186566518,0.09383349791090619,0.1799193946735938,-1,1,1,0,0
20210715T105108.A_Elmo.B_ST.SCP_01,45,A2,-0.6445736551793064,-0.027346008783333,0.6172276463959734,0.1539904645741798,-1,-1,0,0,0
20210715T105108.A_Elmo.B_ST.SCP_01,46,A2,-0.4790399711156748,1.0,1.4790399711156748,-0.2545691675764258,-1,1,1,0,0
20210715T105108.A_Elmo.B_ST.SCP_01,47,A2,-0.3426838828512945,-0.3202486370096043,0.022435245841690155,0.45663274468841675,-1,-1,0,0,0
20210715T105108.A_Elmo.B_ST.SCP_01,48,A2,-1.0,-0.07316239801977371,0.9268376019802262,0.2481412208409055,-1,-1,0,0,0
20210715T105108.A_Elmo.B_ST.SCP_01,49,A2,-1.0,-1.0,0.0,0.24373791216421464,-1,-1,0,1,0
20210715T105108.A_Elmo.B_ST.SCP_01,50,A2,-0.25939645163267316,1.0,1.2593964516326732,0.09903460562146345,-1,1,1,1,0
20210715T105108.A_Elmo.B_ST.SCP_01,51,A2,-1.0,0.10879843160111449,1.1087984316011146,-0.09522518173652571,-1,1,1,0,0
20210715T105108.A_Elmo.B_ST.SCP_01,52,A2,-0.3403332720297806,0.08227078518050025,0.4226040572102808,0.1177277795127405,-1,1,1,1,0
20210715T105108.A_Elmo.B_ST.SCP_01,53,A2,-0.13901482299959667,0.03342934646035861,0.17244416945995528,-0.12666266107134785,-1,1,1,1,0
20210715T105108.A_Elmo.B_ST.SCP_01,54,A2,0.1393713683836268,1.0,0.8606286316163732,0.278040971122422,1,1,0,1,1
20210715T105108.A_Elmo.B_ST.SCP_01,55,A2,-0.5538878395354648,0.5336202635886648,1.0875081031241296,0.1561476996909504,-1,1,1,1,1
20210715T105108.A_Elmo.B_ST.SCP_01,56,A2,-0.05333714331945553,0.4293146997343226,0.4826518430537782,-0.15988622388187182,-1,1,1,1,0
20210715T105108.A_Elmo.B_ST.SCP_01,57,A2,-1.0,0.019569569210073363,1.0195695692100735,0.14530205103469243,-1,1,1,1,0
20210715T105108.A_Elmo.B_ST.SCP_01,58,A2,-1.0,0.4545015976071436,1.4545015976071436,0.14087462382805593,-1,1,1,0,0
20210715T105108.A_Elmo.B_ST.SCP_01,59,A2,-1.0,0.5631774259672195,1.5631774259672195,0.12865526060347765,-1,1,1,1,0
20210715T105108.A_Elmo.B_ST.SCP_01,60,A2,-0.6956563277587342,-1.0,-0.3043436722412658,-0.239954074233635,-1,-1,0,1,0
20210715T105108.A_Elmo.B_ST.SCP_01,61,A2,-0.10335338337851706,-0.31849872038541904,-0.21514533700690197,0.03207569656325559,-1,-1,0,0,0
20210715T105108.A_Elmo.B_ST.SCP_01,62,A2,0.28629624970866985,-1.0,-1.2862962497086698,0.2602968813021963,1,-1,1,0,0
20210715T105108.A_Elmo.B_ST.SCP_01,63,A2,-1.0,-0.9204882124571107,0.07951178754288935,0.18120640135859234,-1,-1,0,1,0
20210715T105108.A_Elmo.B_ST.SCP_01,64,A2,-1.0,0.18164150116530522,1.1816415011653052,-0.13276815820048152,-1,1,1,1,0
20210715T105108.A_Elmo.B_ST.SCP_01,65,A3,0.1468523566708667,0.5922698464668318,0.44541748979596507,-0.04506322909873365,1,1,0,0,0
20210715T105108.A_Elmo.B_ST.SCP_01,66,A3,-0.9462778410569525,0.05494356328190015,1.0012214043388525,0.023137318528013286,-1,1,1,0,0
20210715T105108.A_Elmo.B_ST.SCP_01,67,A3,0.040170995185055756,-0.07765165080107438,-0.11782264598613013,0.2682519376663464,1,-1,1,0,0
20210715T105108.A_Elmo.B_ST.SCP_01,68,A3,0.15734579469561724,0.025601862865858274,-0.13174393182975896,-0.2162780221753461,1,1,0,0,0
20210715T105108.A_Elmo.B_ST.SCP_01,69,A3,1.0,0.14707432969647333,-0.8529256703035266,-0.20059691029882426,1,1,0,0,0
20210715T105108.A_Elmo.B_ST.SCP_01,70,A3,0.3071316106969951,-0.9173622829905275,-1.2244938936875225,-0.10967644821476089,1,-1,1,0,0
20210715T105108.A_Elmo.B_ST.SCP_01,71,A3,0.5615274050260729,0.047999229055639026,-0.5135281759704339,-0.04681202672145481,1,1,0,0,0
20210715T105108.A_Elmo.B_ST.SCP_01,72,A3,1.0,-0.34098285680825013,-1.34098285680825,0.15643631719604906,1,-1,1,0,0
20210715T105108.A_Elmo.B_ST.SCP_01,73,A3,-0.23314512706547338,-0.048017639240288054,0.18512748782518534,-0.0265301608841174,-1,-1,0,0,0
20210715T105108.A_Elmo.B_ST.SCP_01,74,A3,0.6613309095531708,-0.7313785726021731,-1.3927094821553438,0.04693805499245404,1,-1,1,0,0
20210715T105108.A_Elmo.B_ST.SCP_01,75,A3,-1.0,0.9130473205421443,1.9130473205421443,0.06718003418104593,-1,1,1,0,0
20210715T105108.A_Elmo.B_ST.SCP_01,76,A3,0.3991322568252536,0.3918334921448439,-0.007298764680409686,0.2628353117853554,1,1,0,0,0
20210715T105108.A_Elmo.B_ST.SCP_01,77,A3,1.0,1.0,0.0,-0.03437802777322093,1,1,0,0,0
20210715T105108.A_Elmo.B_ST.SCP_01,78,A3,1.0,-1.0,-2.0,0.03613386544398623,1,-1,1,0,0
20210715T105108.A_Elmo.B_ST.SCP_01,79,A3,0.24679355983177814,0.09457973992830968,-0.15221381990346847,-0.20450933884247421,1,1,0,0,0
20210715T105108.A_Elmo.B_ST.SCP_01,80,A3,0.04235484395729348,1.0,0.9576451560427065,-0.034557269312398456,1,1,0,0,0
20210715T105108.A_Elmo.B_ST.SCP_01,81,A3,-1.0,0.004220183996070954,1.004220183996071,0.30738901293214344,-1,1,1,0,0
20210715T105108.A_Elmo.B_ST.SCP_01,82,A3,-1.0,-0.3991108516092063,0.6008891483907937,0.13175251601202023,-1,-1,0,0,0
20210715T105108.A_Elmo.B_ST.SCP_01,83,A3,-0.3940574328337495,0.10359244466876584,0.4976498775025153,0.30429692074787595,-1,1,1,0,0
20210715T105108.A_Elmo.B_ST.SCP_01,84,A3,1.0,-0.410078648893219,-1.410078648893219,0.006613025783187973,1,-1,1,0,0
20210715T105108.A_Elmo.B_ST.SCP_01,85,A3,-1.0,0.5750338622195066,1.5750338622195066,0.04059753742846254,-1,1,1,0,0
20210715T105108.A_Elmo.B_ST.SCP_01,86,A3,0.1357857043169795,0.13828545403820017,0.002499749721220662,0.17270771620037323,1,1,0,0,0
20210715T105108.A_Elmo.B_ST.SCP_01,87,A3,-0.5455982129395538,0.15069419020661262,0.6962924031461664,-0.04909485658846496,-1,1,1,0,0
20210715T105108.A_Elmo.B_ST.SCP_01,88,A3,-0.9115862383874336,0.01138274001077973,0.9229689783982133,-0.07400778050819999,-1,1,1,0,0
20210715T105108.A_Elmo.B_ST.SCP_01,89,A3,0.2042519429177222,0.10138803384145116,-0.10286390907627103,0.10986315154371369,1,1,0,0,0
20210715T105108.A_Elmo.B_ST.SCP_01,90,A3,-0.46322532217673523,0.07736895285388284,0.5405942750306181,-0.12108431886337687,-1,1,1,0,0
20210715T105108.A_Elmo.B_ST.SCP_01,91,A3,-1.0,0.1526300753826629,1.1526300753826628,-0.28104290986358643,-1,1,1,0,0
20210715T105108.A_Elmo.B_ST.SCP_01,92,A3,-0.9605268606273417,0.03744070365446035,0.9979675642818021,0.07020406302697146,-1,1,1,0,0
20210715T105108.A_Elmo.B_ST.SCP_01,93,A3,0.28087837537514065,-0.00025593539827295416,-0.2811343107734136,0.0037746327254247203,1,-1,1,0,0
20210715T105108.A_Elmo.B_ST.SCP_01,94,A3,-1.0,0.5463280292045433,1.5463280292045432,-0.1622839351819359,-1,1,1,0,0
20210715T105108.A_Elmo.B_ST.SCP_01,95,A3,1.0,1.0,0.0,-0.06347451106331867,1,1,0,0,0
20210715T105108.A_Elmo.B_ST.SCP_01,96,A3,0.222774452260057,-0.07946194232051138,-0.3022363945805684,-0.2130682531139041,1,-1,1,0,0
20210715T105108.A_Elmo.B_ST.SCP_01,97,A4,0.563980635979765,-0.3883401511293596,-0.9523207871091246,0.018645274126677103,1,-1,1,0,0
20210715T105108.A_Elmo.B_ST.SCP_01,98,A4,0.443092427972713,-1.0,-1.4430924279727129,-0.06311816085403112,1,-1,1,0,0
20210715T105108.A_Elmo.B_ST.SCP_01,99,A4,0.5107754790104644,0.28918359797659143,-0.22159188103387295,-0.10143671909178116,1,1,0,0,0
20210715T105108.A_Elmo.B_ST.SCP_01,100,A4,-0.18658254359373555,-0.13754164661042068,0.049040896983314874,0.21409635636040952,-1,-1,0,0,0
20210715T105108.A_Elmo.B_ST.SCP_01,101,A4,0.14194529854897944,-0.0911751133836854,-0.23312041193266486,-0.10947785013711449,1,-1,1,1,0
20210715T105108.A_Elmo.B_ST.SCP_01,102,A4,0.14565869833344713,0.015189576153913397,-0.13046912217953374,0.12597991654610866,1,1,0,0,0
20210715T105108.A_Elmo.B_ST.SCP_01,103,A4,0.3337983685399273,0.833280507084325,0.4994821385443977,-0.13085315461160896,1,1,0,0,0
20210715T105108.A_Elmo.B_ST.SCP_01,104,A4,-0.1635236363410139,-0.147866458106763,0.015657178234250918,0.30802736313969514,-1,-1,0,0,0
20210715T105108.A_Elmo.B_ST.SCP_01,105,A4,-0.7619204282420505,-0.06316675943291737,0.6987536688091331,-0.2208491150386778,-1,-1,0,0,0
20210715T105108.A_Elmo.B_ST.SCP_01,106,A4,-0.9868427338074661,-0.005051938169837989,0.9817907956376282,-0.12490213066953122,-1,-1,0,0,0
20210715T105108.A_Elmo.B_ST.SCP_01,107,A4,-0.9931267622853661,-0.009282109787422834,0.9838446524979433,-0.21469229811913773,-1,-1,0,0,0
20210715T105108.A_Elmo.B_ST.SCP_01,108,A4,-0.8499521929154644,-0.03207738548534937,0.8178748074301151,-0.3689980652072388,-1,-1,0,0,0
20210715T105108.A_Elmo.B_ST.SCP_01,109,A4,1.0,-0.2050327065320162,-1.205032706532016,-0.36003735573799633,1,-1,1,0,0
20210715T105108.A_Elmo.B_ST.SCP_01,110,A4,-1.0,0.09338303514153308,1.093383035141533,-0.3055631234776914,-1,1,1,0,0
20210715T105108.A_Elmo.B_ST.SCP_01,111,A4,-0.9841510755393427,-0.2584796646063827,0.72567141093296,0.07502319005705888,-1,-1,0,0,0
20210715T105108.A_Elmo.B_ST.SCP_01,112,A4,1.0,-0.08043162416894657,-1.0804316241689467,-0.08888269775004559,1,-1,1,0,0
20210715T105108.A_Elmo.B_ST.SCP_01,113,A4,-0.0434498571054185,0.064287473625157,0.1077373307305755,-0.23336839564552816,-1,1,1,1,1
20210715T105108.A_Elmo.B_ST.SCP_01,114,A4,-0.18398622821182462,-0.0470553084917841,0.1369309197200405,-0.1386432142541833,-1,-1,0,0,0
20210715T105108.A_Elmo.B_ST.SCP_01,115,A4,-1.0,-0.8998114308031843,0.10018856919681574,0.06569705754411624,-1,-1,0,0,0
20210715T105108.A_Elmo.B_ST.SCP_01,116,A4,-0.20930716506409253,-0.03758652116757933,0.1717206438965132,-0.0242779035908206,-1,-1,0,0,0
20210715T105108.A_Elmo.B_ST.SCP_01,117,A4,-1.0,-0.22141746630217052,0.7785825336978295,0.04026360409485045,-1,-1,0,1,0
20210715T105108.A_Elmo.B_ST.SCP_01,118,A4,-1.0,0.2024467168862413,1.2024467168862414,-0.16396757668045558,-1,1,1,0,0
20210715T105108.A_Elmo.B_ST.SCP_01,119,A4,-0.45103548566098556,-0.05693582652233057,0.39409965913865497,-0.029068415692586124,-1,-1,0,1,0
20210715T105108.A_Elmo.B_ST.SCP_01,120,A4,-1.0,-0.24691235272305412,0.7530876472769459,-0.22836909751311807,-1,-1,0,1,0
20210715T105108.A_Elmo.B_ST.SCP_01,121,A4,-0.7282592960215301,0.08290948915929217,0.8111687851808222,-0.16021735321368588,-1,1,1,0,0
20210715T105108.A_Elmo.B_ST.SCP_01,122,A4,1.0,0.6512336152303166,-0.34876638476968336,0.4299954859789535,1,1,0,0,0
20210715T105108.A_Elmo.B_ST.SCP_01,123,A4,0.7150137146842555,-0.2584957224296401,-0.9735094371138955,-0.19740076981456267,1,-1,1,0,0
20210715T105108.A_Elmo.B_ST.SCP_01,124,A4,0.09975410734645784,1.0,0.9002458926535422,0.04354784094240825,1,1,0,0,0
20210715T105108.A_Elmo.B_ST.SCP_01,125,A4,-0.46112960690072247,0.7538050840457582,1.2149346909464807,0.23729453550806875,-1,1,1,0,0
20210715T105108.A_Elmo.B_ST.SCP_01,126,A4,0.33748651113894895,-0.01872205846803173,-0.35620856960698066,0.046565263426215475,1,-1,1,0,0
20210715T105108.A_Elmo.B_ST.SCP_01,127,A4,0.9033700123632598,0.23654858814458132,-0.6668214242186784,-0.2760885515619852,1,1,0,0,0
20210715T105108.A_Elmo.B_ST.SCP_01,128,A4,-1.0,0.5215180271884019,1.521518027188402,0.03593648331890804,-1,1,1,0,0
20210715T105108.A_Elmo.B_ST.SCP_01,129,A5,-1.0,-0.07506914659239206,0.924930853407608,0.42045147598549104,-1,-1,0,1,0
20210715T105108.A_Elmo.B_ST.SCP_01,130,A5,0.5633018988508675,-1.0,-1.5633018988508676,0.1058973857265915,1,-1,1,0,0
20210715T105108.A_Elmo.B_ST.SCP_01,131,A5,-1.0,0.7527311086436174,1.7527311086436175,-0.05036491446170434,-1,1,1,0,0
20210715T105108.A_Elmo.B_ST.SCP_01,132,A5,-0.32853804076634346,-0.21832454030714096,0.1102135004592025,-0.23134591941452556,-1,-1,0,0,0
20210715T105108.A_Elmo.B_ST.SCP_01,133,A5,-0.6496886750387459,0.2431392591629141,0.8928279342016601,0.08584047081354136,-1,1,1,1,0
20210715T105108.A_Elmo.B_ST.SCP_01,134,A5,-1.0,-0.8870071448329196,0.11299285516708035,0.2998436948815478,-1,-1,0,0,0
20210715T105108.A_Elmo.B_ST.SCP_01,135,A5,-0.9917532383053843,-1.0,-0.00824676169461569,0.25826347653881443,-1,-1,0,1,1
20210715T105108.A_Elmo.B_ST.SCP_01,136,A5,-0.2553457773982041,-1.0,-0.7446542226017959,-0.26736254657436254,-1,-1,0,1,0
20210715T105108.A_Elmo.B_ST.SCP_01,137,A5,0.9184547561888563,0.03497934314336152,-0.8834754130454948,-0.044642660281862936,1,1,0,0,0
20210715T105108.A_Elmo.B_ST.SCP_01,138,A5,0.3179655676911746,0.03186243925728836,-0.28610312843388624,-0.018548410032042113,1,1,0,0,0
20210715T105108.A_Elmo.B_ST.SCP_01,139,A5,-0.18934711089088185,-0.06772765191883863,0.12161945897204322,-0.05909421066269194,-1,-1,0,0,0
20210715T105108.A_Elmo.B_ST.SCP_01,140,A5,0.43967230658899653,-0.18131161394367665,-0.6209839205326732,0.13705568401922608,1,-1,1,0,0
20210715T105108.A_Elmo.B_ST.SCP_01,141,A5,1.0,-0.014902204899277127,-1.014902204899277,0.05203875554486287,1,-1,1,0,0
20210715T105108.A_Elmo.B_ST.SCP_01,142,A5,1.0,0.046842223955281335,-0.9531577760447186,0.14581673479818807,1,1,0,0,0
20210715T105108.A_Elmo.B_ST.SCP_01,143,A5,0.22337203142983436,0.0252849005339464,-0.19808713089588798,0.11827978773107208,1,1,0,0,0
20210715T105108.A_Elmo.B_ST.SCP_01,144,A5,1.0,-0.6547649580776101,-1.6547649580776103,0.2786926634804468,1,-1,1,0,0
20210715T105108.A_Elmo.B_ST.SCP_01,145,A5,-0.36420681253369863,0.035439046218137586,0.3996458587518362,-0.007687072904993765,-1,1,1,1,0
20210715T105108.A_Elmo.B_ST.SCP_01,146,A5,0.1494263617703128,-0.052346510380409675,-0.20177287215072248,-0.03369477239734356,1,-1,1,1,1
20210715T105108.A_Elmo.B_ST.SCP_01,147,A5,-0.36747887273691937,-0.46263082015396984,-0.09515194741705046,-0.10658640906010944,-1,-1,0,1,0
20210715T105108.A_Elmo.B_ST.SCP_01,148,A5,1.0,-0.2052703479543775,-1.2052703479543776,-0.06691117900742306,1,-1,1,0,0
20210715T105108.A_Elmo.B_ST.SCP_01,149,A5,-0.14596054697252786,0.012770917245374647,0.15873146421790252,-0.043225976636327657,-1,1,1,0,0
20210715T105108.A_Elmo.B_ST.SCP_01,150,A5,1.0,0.8659266093623823,-0.1340733906376177,0.46715125585138295,1,1,0,0,0
20210715T105108.A_Elmo.B_ST.SCP_01,151,A5,-1.0,-0.3589727962802174,0.6410272037197826,-0.2970338850880652,-1,-1,0,0,0
20210715T105108.A_Elmo.B_ST.SCP_01,152,A5,-0.4193124439038226,-0.10679924462992926,0.3125131992738933,0.012158561001826933,-1,-1,0,1,0
20210715T105108.A_Elmo.B_ST.SCP_01,153,A5,0.26973152780968396,-0.48696428430211103,-0.756695812111795,-0.26313231999092446,1,-1,1,0,0
20210715T105108.A_Elmo.B_ST.SCP_01,154,A5,-1.0,-0.12685021024871881,0.8731497897512812,0.026713827227657437,-1,-1,0,0,0
20210715T105108.A_Elmo.B_ST.SCP_01,155,A5,1.0,-0.5544058948560047,-1.5544058948560047,-0.003714841457310607,1,-1,1,0,0
20210715T105108.A_Elmo.B_ST.SCP_01,156,A5,0.3052727651901954,0.022712390656733226,-0.28256037453346217,0.009231216944943721,1,1,0,0,0
20210715T105108.A_Elmo.B_ST.SCP_01,157,A5,-0.5649409220792377,-1.0,-0.43505907792076226,-0.22944029705478866,-1,-1,0,0,0
20210715T105108.A_Elmo.B_ST.SCP_01,158,A5,-0.4055913384267684,0.12249224667462724,0.5280835851013956,-0.20449993224196011,-1,1,1,0,0
20210715T105108.A_Elmo.B_ST.SCP_01,159,A5,-0.5341847137542975,-0.4494806558788719,0.08470405787542562,-0.22788365682676973,-1,-1,0,0,0
20210715T105108.A_Elmo.B_ST.SCP_01,160,A5,-0.29750778508930215,0.10187582948459278,0.39938361457389493,-0.13770231580618067,-1,1,1,0,0
20210716T103652.A_Elmo.B_KN.SCP_01,1,A1,-1.0,-0.0020193476120618273,0.9979806523879382,-0.17556504376744297,-1,-1,0,1,0
20210716T103652.A_Elmo.B_KN.SCP_01,2,A1,-0.6971254576401552,0.34204296167275305,1.0391684193129083,0.39156624546315194,-1,1,1,1,0
20210716T103652.A_Elmo.B_KN.SCP_01,3,A1,-1.0,-0.3832995031120433,0.6167004968879567,-0.03224132052122923,-1,-1,0,1,0
20210716T103652.A_Elmo.B_KN.SCP_01,4,A1,1.0,-0.7066204760555089,-1.7066204760555088,0.5131944321590164,1,-1,1,1,0
20210716T103652.A_Elmo.B_KN.SCP_01,5,A1,-1.0,-0.36402611574334726,0.6359738842566527,0.24038799551262205,-1,-1,0,1,1
20210716T103652.A_Elmo.B_KN.SCP_01,6,A1,-1.0,-0.19330601342062984,0.8066939865793702,0.23135865753829465,-1,-1,0,1,0
20210716T103652.A_Elmo.B_KN.SCP_01,7,A1,-1.0,-1.0,0.0,-0.28206925959633516,-1,-1,0,1,0
20210716T103652.A_Elmo.B_KN.SCP_01,8,A1,-1.0,-1.0,0.0,0.46841525560771563,-1,-1,0,1,1
20210716T103652.A_Elmo.B_KN.SCP_01,9,A1,-1.0,-0.22709988535907946,0.7729001146409206,0.11148410718665681,-1,-1,0,1,0
20210716T103652.A_Elmo.B_KN.SCP_01,10,A1,-0.9204239195304998,-0.6085066265149999,0.3119172930155,0.4093561887053272,-1,-1,0,1,0
20210716T103652.A_Elmo.B_KN.SCP_01,11,A1,-1.0,-1.0,0.0,0.35063159948530304,-1,-1,0,1,0
20210716T103652.A_Elmo.B_KN.SCP_01,12,A1,1.0,-0.7219709131954205,-1.7219709131954204,-0.14390141473028278,1,-1,1,1,0
20210716T103652.A_Elmo.B_KN.SCP_01,13,A1,-1.0,-0.14368823106652479,0.8563117689334752,-0.018564908801951628,-1,-1,0,1,0
20210716T103652.A_Elmo.B_KN.SCP_01,14,A1,-1.0,-1.0,0.0,-0.06105884474997899,-1,-1,0,1,1
20210716T103652.A_Elmo.B_KN.SCP_01,15,A1,-1.0,-1.0,0.0,0.10734740332059732,-1,-1,0,1,0
20210716T103652.A_Elmo.B_KN.SCP_01,16,A1,-1.0,1.0,2.0,0.11917026708328017,-1,1,1,1,0
20210716T103652.A_Elmo.B_KN.SCP_01,17,A1,-1.0,-0.07688945140029045,0.9231105485997095,0.15817582533676186,-1,-1,0,1,0
20210716T103652.A_Elmo.B_KN.SCP_01,18,A1,-0.6042909441470512,-1.0,-0.3957090558529488,-0.06434202150397324,-1,-1,0,1,0
20210716T103652.A_Elmo.B_KN.SCP_01,19,A1,-0.1659995911176502,-0.41443363191980775,-0.24843404080215756,0.45845728377032485,-1,-1,0,1,0
20210716T103652.A_Elmo.B_KN.SCP_01,20,A1,-0.6459441723136872,-1.0,-0.35405582768631283,0.5642991029158291,-1,-1,0,1,1
20210716T103652.A_Elmo.B_KN.SCP_01,21,A1,-0.7051286606375401,-0.7084863644108751,-0.003357703773334997,0.372726794863848,-1,-1,0,1,0
20210716T103652.A_Elmo.B_KN.SCP_01,22,A1,-0.0689381600770224,1.0,1.0689381600770225,0.1319696990678435,-1,1,1,1,0
20210716T103652.A_Elmo.B_KN.SCP_01,23,A1,-0.7977338942161493,-0.23775897284029374,0.5599749213758556,0.07183006797924768,-1,-1,0,1,0
20210716T103652.A_Elmo.B_KN.SCP_01,24,A1,-1.0,-1.0,0.0,0.4113246058861725,-1,-1,0,1,1
20210716T103652.A_Elmo.B_KN.SCP_01,25,A1,-0.23234090272492566,-0.1115146299235826,0.12082627280134306,0.05797482854458661,-1,-1,0,1,0
20210716T103652.A_Elmo.B_KN.SCP_01,26,A1,-0.6906708979300717,-1.0,-0.30932910206992825,0.4756573052864036,-1,-1,0,1,0
20210716T103652.A_Elmo.B_KN.SCP_01,27,A1,-0.24890786061757803,1.0,1.248907860617578,0.2019010297261971,-1,1,1,1,0
20210716T103652.A_Elmo.B_KN.SCP_01,28,A1,-0.6298400321142046,-0.32811188792358403,0.30172814419062055,0.41147929529053245,-1,-1,0,1,1
20210716T103652.A_Elmo.B_KN.SCP_01,29,A1,-0.9325976111387068,0.044728860565180155,0.9773264717038869,0.26332646372833796,-1,1,1,1,0
20210716T103652.A_Elmo.B_KN.SCP_01,30,A1,-1.0,-0.46697494201013096,0.533025057989869,-0.14637720540930058,-1,-1,0,1,0
20210716T103652.A_Elmo.B_KN.SCP_01,31,A1,0.012204341112221694,0.24324010958053274,0.23103576846831106,-0.23732293106527566,1,1,0,1,0
20210716T103652.A_Elmo.B_KN.SCP_01,32,A1,1.0,0.1380610560947732,-0.8619389439052267,-0.1215119757831365,1,1,0,1,0
20210716T103652.A_Elmo.B_KN.SCP_01,33,A2,-1.0,-1.0,0.0,0.1472378729610492,-1,-1,0,1,0
20210716T103652.A_Elmo.B_KN.SCP_01,34,A2,0.041404539340691264,0.5871817051860716,0.5457771658453804,0.31247613574605093,1,1,0,1,0
20210716T103652.A_Elmo.B_KN.SCP_01,35,A2,-0.7759211502644725,-1.0,-0.2240788497355275,-0.089563088207165,-1,-1,0,1,0
20210716T103652.A_Elmo.B_KN.SCP_01,36,A2,0.11544741433025525,0.1588191476539832,0.04337173332372794,0.09591719511996256,1,1,0,1,1
20210716T103652.A_Elmo.B_KN.SCP_01,37,A2,1.0,0.5307764488574322,-0.46922355114256775,0.031279802534531234,1,1,0,1,0
20210716T103652.A_Elmo.B_KN.SCP_01,38,A2,-1.0,0.07925392314336561,1.0792539231433655,0.3364835089920221,-1,1,1,0,0
20210716T103652.A_Elmo.B_KN.SCP_01,39,A2,-0.356379977718151,-0.1396229722434413,0.2167570054747097,-0.34946178439148706,-1,-1,0,1,0
20210716T103652.A_Elmo.B_KN.SCP_01,40,A2,-0.27871582042454635,1.0,1.2787158204245463,0.0300979923663108,-1,1,1,0,0
20210716T103652.A_Elmo.B_KN.SCP_01,41,A2,1.0,0.159586949517021,-0.840413050482979,0.05729504483823453,1,1,0,1,0
20210716T103652.A_Elmo.B_KN.SCP_01,42,A2,-1.0,0.25296165087861955,1.2529616508786194,-0.015614959832826805,-1,1,1,0,0
20210716T103652.A_Elmo.B_KN.SCP_01,43,A2,-0.628400637407711,-1.0,-0.371599362592289,0.16216201101977754,-1,-1,0,1,1
20210716T103652.A_Elmo.B_KN.SCP_01,44,A2,-0.9079497736980009,-0.10500899305492384,0.8029407806430771,-0.1515997760902327,-1,-1,0,1,0
20210716T103652.A_Elmo.B_KN.SCP_01,45,A2,1.0,-0.024626570470112998,-1.024626570470113,0.17239711078639483,1,-1,1,0,0
20210716T103652.A_Elmo.B_KN.SCP_01,46,A2,-0.8375369995078153,-0.8647076723852638,-0.027170672877448454,0.08175462503939605,-1,-1,0,1,0
20210716T103652.A_Elmo.B_KN.SCP_01,47,A2,0.2977360994980226,-0.33429375964632774,-0.6320298591443503,-0.2257482895312633,1,-1,1,0,0
20210716T103652.A_Elmo.B_KN.SCP_01,48,A2,-0.1480565064115752,-0.03588716548870921,0.11216934092286598,-0.1742324904885748,-1,-1,0,0,0
20210716T103652.A_Elmo.B_KN.SCP_01,49,A2,-1.0,0.3722817090816516,1.3722817090816517,-0.13505330356841538,-1,1,1,1,0
20210716T103652.A_Elmo.B_KN.SCP_01,50,A2,0.28014530361489964,-0.5288333105029419,-0.8089786141178416,0.3200332127174699,1,-1,1,1,0
20210716T103652.A_Elmo.B_KN.SCP_01,51,A2,0.4573907546066591,1.0,0.5426092453933409,0.07051671761887325,1,1,0,1,0
20210716T103652.A_Elmo.B_KN.SCP_01,52,A2,-0.4796046010399193,-1.0,-0.5203953989600807,0.005858199173992219,-1,-1,0,1,0
20210716T103652.A_Elmo.B_KN.SCP_01,53,A2,-0.06495233631853499,0.49898237848472954,0.5639347148032645,-0.3193263920170938,-1,1,1,1,0
20210716T103652.A_Elmo.B_KN.SCP_01,54,A2,0.0899545308393966,0.847714541049909,0.7577600102105123,0.11693056300985781,1,1,0,1,1
20210716T103652.A_Elmo.B_KN.SCP_01,55,A2,-0.17774405902702134,0.7272472889610305,0.9049913479880518,0.10897455859775097,-1,1,1,1,0
20210716T103652.A_Elmo.B_KN.SCP_01,56,A2,0.017685271334881476,-0.5188284857717564,-0.536513757106638,0.327105472696976,1,-1,1,1,0
20210716T103652.A_Elmo.B_KN.SCP_01,57,A2,-0.9706387012409811,0.22277869177555473,1.1934173930165357,-0.08443625721086542,-1,1,1,1,0
20210716T103652.A_Elmo.B_KN.SCP_01,58,A2,-0.7169473351643227,-1.0,-0.28305266483567726,-0.17638405595101855,-1,-1,0,0,0
20210716T103652.A_Elmo.B_KN.SCP_01,59,A2,0.05757286342104347,-0.09194133123422697,-0.14951419465527044,0.08355439714142056,1,-1,1,1,0
20210716T103652.A_Elmo.B_KN.SCP_01,60,A2,-0.0352898828157413,-0.11047889594697727,-0.07518901313123597,-0.1341094929932887,-1,-1,0,0,0
20210716T103652.A_Elmo.B_KN.SCP_01,61,A2,-1.0,-0.45404671675691693,0.5459532832430831,0.05007438732403717,-1,-1,0,0,0
20210716T103652.A_Elmo.B_KN.SCP_01,62,A2,0.3797724842066886,-1.0,-1.3797724842066885,-0.05408421854532516,1,-1,1,0,0
20210716T103652.A_Elmo.B_KN.SCP_01,63,A2,-1.0,-1.0,0.0,-0.11968369474663784,-1,-1,0,1,0
20210716T103652.A_Elmo.B_KN.SCP_01,64,A2,-1.0,-0.2053698485134474,0.7946301514865526,0.2750748869859734,-1,-1,0,1,0
20210716T103652.A_Elmo.B_KN.SCP_01,65,A3,1.0,-0.012256459230693281,-1.0122564592306933,-0.05844074191503912,1,-1,1,0,0
20210716T103652.A_Elmo.B_KN.SCP_01,66,A3,-1.0,0.16620863977194159,1.1662086397719416,-0.1029661569101216,-1,1,1,0,0
20210716T103652.A_Elmo.B_KN.SCP_01,67,A3,-0.1293219185147688,-1.0,-0.8706780814852312,-0.193561080343513,-1,-1,0,1,0
20210716T103652.A_Elmo.B_KN.SCP_01,68,A3,-0.8351156963574192,0.24320578850774238,1.0783214848651617,0.41293171833553455,-1,1,1,0,0
20210716T103652.A_Elmo.B_KN.SCP_01,69,A3,-0.26533652214348596,0.07253471603257299,0.33787123817605896,0.2222118350437006,-1,1,1,0,0
20210716T103652.A_Elmo.B_KN.SCP_01,70,A3,-0.2373407165831617,-0.014696896709151051,0.22264381987401063,0.15161295391597435,-1,-1,0,0,0
20210716T103652.A_Elmo.B_KN.SCP_01,71,A3,-0.4405284973495878,0.019933888112477257,0.4604623854620651,-0.3867764599772423,-1,1,1,0,0
20210716T103652.A_Elmo.B_KN.SCP_01,72,A3,0.49742259213140794,0.11181390426226742,-0.3856086878691405,0.22703247333072482,1,1,0,0,0
20210716T103652.A_Elmo.B_KN.SCP_01,73,A3,0.0700115472538228,-0.06239869922315592,-0.13241024647697872,0.14118908860463156,1,-1,1,0,0
20210716T103652.A_Elmo.B_KN.SCP_01,74,A3,-1.0,-0.38495153128740167,0.6150484687125983,0.10411891983544368,-1,-1,0,0,0
20210716T103652.A_Elmo.B_KN.SCP_01,75,A3,-1.0,0.672428500097594,1.672428500097594,-0.3753440158998893,-1,1,1,0,0
20210716T103652.A_Elmo.B_KN.SCP_01,76,A3,-1.0,-0.31395283713436783,0.6860471628656322,0.49732520816292536,-1,-1,0,1,1
20210716T103652.A_Elmo.B_KN.SCP_01,77,A3,-1.0,-0.3210676934769059,0.6789323065230941,0.20428959892359075,-1,-1,0,0,0
20210716T103652.A_Elmo.B_KN.SCP_01,78,A3,1.0,-0.007198405345148124,-1.0071984053451482,-0.1340934801981639,1,-1,1,0,0
20210716T103652.A_Elmo.B_KN.SCP_01,79,A3,1.0,-1.0,-2.0,-0.23508735962014057,1,-1,1,0,0
20210716T103652.A_Elmo.B_KN.SCP_01,80,A3,1.0,0.019972239006102527,-0.9800277609938974,-0.2721100430913505,1,1,0,0,0
20210716T103652.A_Elmo.B_KN.SCP_01,81,A3,-0.2500189182840219,-0.30623471873602753,-0.05621580045200564,0.15889605996663006,-1,-1,0,0,0
20210716T103652.A_Elmo.B_KN.SCP_01,82,A3,-0.5136119705354378,-0.08624743596446117,0.4273645345709767,-0.045372696756975986,-1,-1,0,0,0
20210716T103652.A_Elmo.B_KN.SCP_01,83,A3,0.10301336106073457,-0.05988287016887923,-0.1628962312296138,-0.1920144833644911,1,-1,1,0,0
20210716T103652.A_Elmo.B_KN.SCP_01,84,A3,-1.0,-0.059984591667715366,0.9400154083322846,-0.09501688986539217,-1,-1,0,0,0
20210716T103652.A_Elmo.B_KN.SCP_01,85,A3,1.0,-0.0820517662138011,-1.0820517662138012,-0.26611242086061143,1,-1,1,0,0
20210716T103652.A_Elmo.B_KN.SCP_01,86,A3,-1.0,0.012169517929456287,1.0121695179294563,0.2233104576483195,-1,1,1,0,0
20210716T103652.A_Elmo.B_KN.SCP_01,87,A3,-1.0,1.0,2.0,-0.10280703603134445,-1,1,1,0,0
20210716T103652.A_Elmo.B_KN.SCP_01,88,A3,0.37789654703261205,0.2253326678840729,-0.15256387914853914,0.2640369273905186,1,1,0,1,0
20210716T103652.A_Elmo.B_KN.SCP_01,89,A3,1.0,-0.036809914517048486,-1.0368099145170484,-0.03175767561174772,1,-1,1,0,0
20210716T103652.A_Elmo.B_KN.SCP_01,90,A3,1.0,-0.06272348793393426,-1.0627234879339342,-0.26302704346740546,1,-1,1,0,0
20210716T103652.A_Elmo.B_KN.SCP_01,91,A3,-0.09382737513638423,0.015082420216569548,0.10890979535295378,-0.052578933008839916,-1,1,1,0,0
20210716T103652.A_Elmo.B_KN.SCP_01,92,A3,-1.0,-0.12930128518595183,0.8706987148140481,-0.05410447012565232,-1,-1,0,0,0
20210716T103652.A_Elmo.B_KN.SCP_01,93,A3,1.0,-0.09918132007260214,-1.0991813200726022,0.30749678260143126,1,-1,1,0,0
20210716T103652.A_Elmo.B_KN.SCP_01,94,A3,-1.0,-1.0,0.0,-0.15845952153133255,-1,-1,0,0,0
20210716T103652.A_Elmo.B_KN.SCP_01,95,A3,-1.0,-0.6411944995784403,0.3588055004215597,0.1316296520822058,-1,-1,0,0,0
20210716T103652.A_Elmo.B_KN.SCP_01,96,A3,0.29998067156369695,0.11897566684551766,-0.1810050047181793,0.18986960509916423,1,1,0,0,0
20210716T103652.A_Elmo.B_KN.SCP_01,97,A4,1.0,0.08713983794762477,-0.9128601620523752,0.16706899791674756,1,1,0,0,0
20210716T103652.A_Elmo.B_KN.SCP_01,98,A4,-1.0,0.40037020622649616,1.4003702062264962,0.17886218981601218,-1,1,1,0,0
20210716T103652.A_Elmo.B_KN.SCP_01,99,A4,-1.0,-0.5031856570757505,0.49681434292424953,0.22105560600132546,-1,-1,0,1,0
20210716T103652.A_Elmo.B_KN.SCP_01,100,A4,0.06459560723492193,-0.6364576697239421,-0.7010532769588641,-0.21394250115927138,1,-1,1,0,0
20210716T103652.A_Elmo.B_KN.SCP_01,101,A4,-1.0,0.16394055201282823,1.1639405520128283,-0.08440043129998429,-1,1,1,0,0
20210716T103652.A_Elmo.B_KN.SCP_01,102,A4,-0.9919052477887104,-0.09266349877653168,0.8992417490121787,0.008565945521410552,-1,-1,0,1,0
20210716T103652.A_Elmo.B_KN.SCP_01,103,A4,-0.13231620389118792,0.2588574724365313,0.3911736763277192,0.23877607036445284,-1,1,1,0,0
20210716T103652.A_Elmo.B_KN.SCP_01,104,A4,-1.0,1.0,2.0,-0.004424232662799392,-1,1,1,0,0
20210716T103652.A_Elmo.B_KN.SCP_01,105,A4,-1.0,0.3045272607670918,1.3045272607670917,-0.003676982124760156,-1,1,1,0,0
20210716T103652.A_Elmo.B_KN.SCP_01,106,A4,1.0,0.04350147461626228,-0.9564985253837377,0.28531382170232034,1,1,0,0,0
20210716T103652.A_Elmo.B_KN.SCP_01,107,A4,-0.47106573290895964,-0.6037576079423905,-0.13269187503343088,-0.09200511289673771,-1,-1,0,0,0
20210716T103652.A_Elmo.B_KN.SCP_01,108,A4,-0.8597743581859613,-0.10405912205175599,0.7557152361342052,-0.19458088674514976,-1,-1,0,0,0
20210716T103652.A_Elmo.B_KN.SCP_01,109,A4,-1.0,-0.2800358882598965,0.7199641117401034,-0.2853913209768282,-1,-1,0,0,0
20210716T103652.A_Elmo.B_KN.SCP_01,110,A4,-0.05134715024035073,-0.013294012728379241,0.03805313751197149,-0.11780439517933049,-1,-1,0,0,0
20210716T103652.A_Elmo.B_KN.SCP_01,111,A4,-1.0,0.22299250030638254,1.2229925003063826,-0.10424728401048955,-1,1,1,0,0
20210716T103652.A_Elmo.B_KN.SCP_01,112,A4,-0.6682347211416001,-0.04736693131514938,0.6208677898264507,0.12022060863450618,-1,-1,0,0,0
20210716T103652.A_Elmo.B_KN.SCP_01,113,A4,-0.2355436385276628,0.23283294729315687,0.46837658582081965,0.08083977837210102,-1,1,1,1,1
20210716T103652.A_Elmo.B_KN.SCP_01,114,A4,-0.614886914359622,-0.17134153568211474,0.4435453786775072,0.2756114308928969,-1,-1,0,0,0
20210716T103652.A_Elmo.B_KN.SCP_01,115,A4,-0.10245097599303966,-0.7485528471890539,-0.6461018711960143,-0.21595297130367147,-1,-1,0,1,0
20210716T103652.A_Elmo.B_KN.SCP_01,116,A4,-0.30999558742675337,0.21207158596922024,0.5220671733959736,0.09836898786700499,-1,1,1,0,0
20210716T103652.A_Elmo.B_KN.SCP_01,117,A4,0.034373396929780364,0.1858027814759671,0.15142938454618673,-0.21586486063231583,1,1,0,1,0
20210716T103652.A_Elmo.B_KN.SCP_01,118,A4,0.5590305286267871,-0.8767347109569756,-1.4357652395837628,-0.02999524210911156,1,-1,1,0,0
20210716T103652.A_Elmo.B_KN.SCP_01,119,A4,0.06888276153967127,-0.08614435620199833,-0.1550271177416696,-0.2685696202698242,1,-1,1,1,0
20210716T103652.A_Elmo.B_KN.SCP_01,120,A4,0.06358185057600223,-0.1468695916862237,-0.21045144226222595,0.11341117315576414,1,-1,1,0,0
20210716T103652.A_Elmo.B_KN.SCP_01,121,A4,-1.0,0.979288190300081,1.979288190300081,0.03506308708384895,-1,1,1,0,0
20210716T103652.A_Elmo.B_KN.SCP_01,122,A4,-1.0,1.0,2.0,-0.251721592091341,-1,1,1,0,0
20210716T103652.A_Elmo.B_KN.SCP_01,123,A4,0.15494811996641067,0.07638869057900015,-0.07855942938741052,-0.06504570719056049,1,1,0,0,0
20210716T103652.A_Elmo.B_KN.SCP_01,124,A4,-0.07736702806236438,-1.0,-0.9226329719376356,-0.14057149777725186,-1,-1,0,0,0
20210716T103652.A_Elmo.B_KN.SCP_01,125,A4,1.0,1.0,0.0,0.09284539109625829,1,1,0,0,0
20210716T103652.A_Elmo.B_KN.SCP_01,126,A4,1.0,-0.3842298316791416,-1.3842298316791415,-0.10924872965956586,1,-1,1,0,0
20210716T103652.A_Elmo.B_KN.SCP_01,127,A4,-0.4532413595027953,1.0,1.4532413595027953,-0.16576955623511733,-1,1,1,0,0
20210716T103652.A_Elmo.B_KN.SCP_01,128,A4,0.8677060541951493,-0.10158275481135758,-0.9692888090065069,0.027558069164593576,1,-1,1,0,0
20210716T103652.A_Elmo.B_KN.SCP_01,129,A5,0.048680077570680186,-0.18560340515620327,-0.23428348272688346,-0.16738742545731425,1,-1,1,1,0
20210716T103652.A_Elmo.B_KN.SCP_01,130,A5,-1.0,0.03913352863040638,1.0391335286304064,0.08541729385623917,-1,1,1,0,0
20210716T103652.A_Elmo.B_KN.SCP_01,131,A5,0.008948076475711964,-0.4554005809188911,-0.464348657394603,0.023467730380141143,1,-1,1,1,0
20210716T103652.A_Elmo.B_KN.SCP_01,132,A5,-0.4705010923054009,-0.6720937984386034,-0.20159270613320251,0.2102465928589618,-1,-1,0,0,0
20210716T103652.A_Elmo.B_KN.SCP_01,133,A5,-0.5522922221902664,-0.023926779005224615,0.5283654431850417,0.22450640816571935,-1,-1,0,1,0
20210716T103652.A_Elmo.B_KN.SCP_01,134,A5,-0.6247962211162523,-0.19878376893178068,0.42601245218447165,0.2503788845318583,-1,-1,0,1,0
20210716T103652.A_Elmo.B_KN.SCP_01,135,A5,-0.7427608740959466,-1.0,-0.2572391259040534,0.294898982548905,-1,-1,0,1,1
20210716T103652.A_Elmo.B_KN.SCP_01,136,A5,-0.09516277656916229,0.23350627532981566,0.32866905189897794,-0.0018412586732119635,-1,1,1,1,0
20210716T103652.A_Elmo.B_KN.SCP_01,137,A5,-0.4340048057975726,-0.1383415525055151,0.2956632532920575,-0.28747862492150017,-1,-1,0,0,0
20210716T103652.A_Elmo.B_KN.SCP_01,138,A5,-0.3630741427639031,-0.016318668168016682,0.3467554745958864,-0.32458983925908735,-1,-1,0,0,0
20210716T103652.A_Elmo.B_KN.SCP_01,139,A5,0.1950477205946439,-8.58094019514193e-05,-0.1951335299965953,-0.16282675115229378,1,-1,1,0,0
20210716T103652.A_Elmo.B_KN.SCP_01,140,A5,-1.0,-1.0,0.0,-0.13091124797908676,-1,-1,0,0,0
20210716T103652.A_Elmo.B_KN.SCP_01,141,A5,-0.5393868786718446,-0.2571409151737299,0.28224596349811476,-0.2915098097973986,-1,-1,0,0,0
20210716T103652.A_Elmo.B_KN.SCP_01,142,A5,-1.0,-0.13992318055281308,0.860076819447187,0.2518744380349468,-1,-1,0,0,0
20210716T103652.A_Elmo.B_KN.SCP_01,143,A5,-1.0,-0.12620783475319153,0.8737921652468085,-0.19193643267105404,-1,-1,0,0,0
20210716T103652.A_Elmo.B_KN.SCP_01,144,A5,-1.0,0.24421591247454857,1.2442159124745487,0.044241839380085184,-1,1,1,0,0
20210716T103652.A_Elmo.B_KN.SCP_01,145,A5,-0.34350569398044595,-1.0,-0.656494306019554,0.45805844755813957,-1,-1,0,1,0
20210716T103652.A_Elmo.B_KN.SCP_01,146,A5,0.25945363153751755,-0.5856181293408561,-0.8450717608783737,-0.2974302921275722,1,-1,1,1,0
20210716T103652.A_Elmo.B_KN.SCP_01,147,A5,-0.808986343603721,-0.050306580027489195,0.7586797635762318,-0.07694566296604052,-1,-1,0,1,0
20210716T103652.A_Elmo.B_KN.SCP_01,148,A5,-1.0,-0.08505004500960812,0.9149499549903919,0.12479809695716802,-1,-1,0,0,0
20210716T103652.A_Elmo.B_KN.SCP_01,149,A5,-0.48891095870934814,0.22216806667890063,0.7110790253882487,0.0118040366658817,-1,1,1,1,0
20210716T103652.A_Elmo.B_KN.SCP_01,150,A5,-0.28374817767548116,-0.5621566464595369,-0.27840846878405573,0.42060663432379863,-1,-1,0,0,0
20210716T103652.A_Elmo.B_KN.SCP_01,151,A5,-0.41569687389572946,0.1090518553221527,0.5247487292178822,0.24978581482231402,-1,1,1,0,0
20210716T103652.A_Elmo.B_KN.SCP_01,152,A5,0.4991309856597613,0.23894475641857335,-0.26018622924118795,-0.0937311173030399,1,1,0,0,0
20210716T103652.A_Elmo.B_KN.SCP_01,153,A5,-0.20452699003062932,-0.2792700370889157,-0.07474304705828635,0.09289338502867144,-1,-1,0,1,0
20210716T103652.A_Elmo.B_KN.SCP_01,154,A5,-1.0,-0.5335347584046652,0.46646524159533476,-0.04963527028161569,-1,-1,0,0,0
20210716T103652.A_Elmo.B_KN.SCP_01,155,A5,-1.0,-0.12695357846045122,0.8730464215395488,-0.03887435377000276,-1,-1,0,0,0
20210716T103652.A_Elmo.B_KN.SCP_01,156,A5,-0.7379201227719676,-0.009744249165652637,0.728175873606315,0.3301419458671532,-1,-1,0,0,0
20210716T103652.A_Elmo.B_KN.SCP_01,157,A5,-0.16660951910169455,0.037076598510571164,0.2036861176122657,-0.03978849331089008,-1,1,1,0,0
20210716T103652.A_Elmo.B_KN.SCP_01,158,A5,0.13622248759297184,0.8011998074614963,0.6649773198685245,-0.11909128929670848,1,1,0,0,0
20210716T103652.A_Elmo.B_KN.SCP_01,159,A5,-0.34942502317897245,0.6275263072160224,0.9769513303949948,0.16649744798859406,-1,1,1,1,0
20210716T103652.A_Elmo.B_KN.SCP_01,160,A5,-0.5907488868829917,-0.29725748532720286,0.2934914015557888,-0.03127168152936436,-1,-1,0,0,0
