session_id,channel,array_name,si_a,si_b,delta_si,waveform_r,sign_a,sign_b,sign_flip,task_evoked_a,task_evoked_b
20210204T131620.A_Elmo.B_DL.SCP_01,1,A1,-0.6105893974654308,-0.08938080536157003,0.5212085921038608,0.056126771285793665,-1,-1,0,1,0
20210204T131620.A_Elmo.B_DL.SCP_01,2,A1,-0.3109727123867279,-0.9352002053214503,-0.6242274929347225,-0.08957412777177556,-1,-1,0,1,1
20210204T131620.A_Elmo.B_DL.SCP_01,3,A1,-0.18213578821805168,0.11743764796267665,0.29957343618072835,0.14864863329044348,-1,1,1,1,0
20210204T131620.A_Elmo.B_DL.SCP_01,4,A1,-0.05081654122887631,0.090963047099208,0.1417795883280843,-0.045817033025527434,-1,1,1,1,1
20210204T131620.A_Elmo.B_DL.SCP_01,5,A1,-0.3129092557896344,0.4725067061522152,0.7854159619418496,0.23816550439877804,-1,1,1,1,0
20210204T131620.A_Elmo.B_DL.SCP_01,6,A1,0.3392777192417142,-0.36532978267008653,-0.7046075019118008,-0.11815614643391939,1,-1,1,1,0
20210204T131620.A_Elmo.B_DL.SCP_01,7,A1,-0.1912034379079536,0.5261471072347103,0.7173505451426638,0.4098984375797809,-1,1,1,1,0
20210204T131620.A_Elmo.B_DL.SCP_01,8,A1,-0.16100351873150828,-0.012843688015095585,0.1481598307164127,0.07596931010845842,-1,-1,0,1,1
20210204T131620.A_Elmo.B_DL.SCP_01,9,A1,0.14033794035132763,-0.04204164625864249,-0.1823795866099701,0.005531871682576556,1,-1,1,1,0
20210204T131620.A_Elmo.B_DL.SCP_01,10,A1,-0.1899133868398901,-1.0,-0.8100866131601099,0.16821496111700748,-1,-1,0,1,1
20210204T131620.A_Elmo.B_DL.SCP_01,11,A1,-0.01971516922411639,-1.0,-0.9802848307758836,0.0812985958945423,-1,-1,0,1,0
20210204T131620.A_Elmo.B_DL.SCP_01,12,A1,-0.1398340128120465,-0.12970180525576155,0.010132207556284939,0.24170629976189312,-1,-1,0,1,1
20210204T131620.A_Elmo.B_DL.SCP_01,13,A1,0.05473242077799981,-1.0,-1.0547324207779998,0.24624101952116825,1,-1,1,1,0
20210204T131620.A_Elmo.B_DL.SCP_01,14,A1,-0.2171556819695038,-0.15145966419041154,0.06569601777909226,0.26275090323814837,-1,-1,0,1,1
20210204T131620.A_Elmo.B_DL.SCP_01,15,A1,0.7754254255931239,-0.9023227177527722,-1.677748143345896,-0.07752705205322732,1,-1,1,1,0
20210204T131620.A_Elmo.B_DL.SCP_01,16,A1,-0.36709951860302076,-0.004468199644668002,0.36263131895835277,0.20194365993686858,-1,-1,0,1,1
20210204T131620.A_Elmo.B_DL.SCP_01,17,A1,-0.4345090430372151,1.0,1.4345090430372152,0.06828390550908947,-1,1,1,1,0
20210204T131620.A_Elmo.B_DL.SCP_01,20,A1,-0.4142056403769897,-0.2271246206040568,0.1870810197729329,0.5024659432716563,-1,-1,0,1,1
20210204T131620.A_Elmo.B_DL.SCP_01,21,A1,-0.16451529586665764,-0.5810813974140487,-0.4165661015473911,-0.02490118371190287,-1,-1,0,1,0
20210204T131620.A_Elmo.B_DL.SCP_01,24,A1,0.5839177584461368,0.35752136540558743,-0.22639639304054937,0.2810744883415556,1,1,0,1,1
20210204T131620.A_Elmo.B_DL.SCP_01,26,A1,1.0,1.0,0.0,0.6401921245366992,1,1,0,1,1
20210204T131620.A_Elmo.B_DL.SCP_01,27,A1,-0.07891256382278974,1.0,1.0789125638227897,-0.2138285080555894,-1,1,1,1,0
20210204T131620.A_Elmo.B_DL.SCP_01,28,A1,-1.0,-0.6027860570513931,0.3972139429486069,0.4977089954804825,-1,-1,0,1,1
20210204T131620.A_Elmo.B_DL.SCP_01,29,A1,-0.570724012351436,-1.0,-0.429275987648564,0.28183679320826177,-1,-1,0,1,1
20210204T131620.A_Elmo.B_DL.SCP_01,31,A1,-0.6430187587914817,-0.6992584090839953,-0.05623965029251354,0.1466709858193646,-1,-1,0,1,0
20210204T131620.A_Elmo.B_DL.SCP_01,32,A1,-0.16593568877811024,-0.14010159003904066,0.025834098739069583,-0.07750602823687604,-1,-1,0,1,1
20210204T131620.A_Elmo.B_DL.SCP_01,35,A2,-0.32259940235002843,-0.15512111680364984,0.16747828554637859,-0.16197940368974456,-1,-1,0,1,1
20210204T131620.A_Elmo.B_DL.SCP_01,37,A2,-0.22652808557567047,-0.3140306728158821,-0.08750258724021162,0.14338355007052184,-1,-1,0,1,1
20210204T131620.A_Elmo.B_DL.SCP_01,41,A2,-0.37099341604376346,-0.26332828425226434,0.10766513179149911,0.14911434134576435,-1,-1,0,1,0
20210204T131620.A_Elmo.B_DL.SCP_01,53,A2,-0.20207889390447856,0.08080479350295666,0.2828836874074352,-0.06999855949187139,-1,1,1,1,0
20210204T131620.A_Elmo.B_DL.SCP_01,55,A2,-0.4267300083681019,-1.0,-0.5732699916318982,0.6342169871082483,-1,-1,0,1,1
20210204T131620.A_Elmo.B_DL.SCP_01,57,A2,-1.0,0.0346908048544476,1.0346908048544476,-0.15533660416757472,-1,1,1,1,1
20210204T131620.A_Elmo.B_DL.SCP_01,59,A2,-0.8568070486744147,-0.6257700779200902,0.2310369707543245,0.21083971071171478,-1,-1,0,1,1
20210204T131620.A_Elmo.B_DL.SCP_01,62,A2,-0.3096757811801388,-0.06463209935140818,0.2450436818287306,-0.14211263819175501,-1,-1,0,1,1
20210204T131620.A_Elmo.B_DL.SCP_01,64,A2,0.02824176652567408,0.49781364381447263,0.46957187728879857,0.31886316952606086,1,1,0,1,0
20210204T131620.A_Elmo.B_DL.SCP_01,65,A3,0.23957809745895708,-0.21764027484996565,-0.4572183723089227,0.5906714532701063,1,-1,1,1,1
20210204T131620.A_Elmo.B_DL.SCP_01,66,A3,-0.5968430912388784,-1.0,-0.40315690876112165,0.8100983605879775,-1,-1,0,1,1
20210204T131620.A_Elmo.B_DL.SCP_01,67,A3,0.616293775134701,1.0,0.38370622486529904,0.7503612675471304,1,1,0,1,1
20210204T131620.A_Elmo.B_DL.SCP_01,69,A3,0.13783801972101592,-0.2755985619942426,-0.41343658171525854,0.7011212796599574,1,-1,1,1,1
20210204T131620.A_Elmo.B_DL.SCP_01,71,A3,0.9346142441049045,-0.029523769760247832,-0.9641380138651523,0.7484699740891297,1,-1,1,1,1
20210204T131620.A_Elmo.B_DL.SCP_01,73,A3,0.1515067458948539,-0.529180132483593,-0.6806868783784469,0.632158733755448,1,-1,1,1,1
20210204T131620.A_Elmo.B_DL.SCP_01,77,A3,0.13800883004484807,-0.04753972191635404,-0.18554855196120212,0.6933003841774867,1,-1,1,1,1
20210204T131620.A_Elmo.B_DL.SCP_01,89,A3,0.6959932221272569,1.0,0.3040067778727431,0.7761962358108444,1,1,0,1,1
20210204T131620.A_Elmo.B_DL.SCP_01,93,A3,0.5514068068334163,0.8163862128491834,0.2649794060157672,0.5222910118905133,1,1,0,1,1
20210204T131620.A_Elmo.B_DL.SCP_01,95,A3,0.3102019140892581,-1.0,-1.3102019140892582,0.652616517985426,1,-1,1,1,1
20210204T131620.A_Elmo.B_DL.SCP_01,97,A4,0.06168774913215746,0.7252582144859586,0.6635704653538012,0.41286717987295507,1,1,0,1,1
20210204T131620.A_Elmo.B_DL.SCP_01,98,A4,-0.12278918849517897,-1.0,-0.877210811504821,0.008115459032471342,-1,-1,0,1,1
20210204T131620.A_Elmo.B_DL.SCP_01,99,A4,-0.11300442370415832,0.2954932434732442,0.4084976671774025,-0.291274592967731,-1,1,1,1,1
20210204T131620.A_Elmo.B_DL.SCP_01,100,A4,0.14349806311210184,0.47129992591543324,0.3278018628033314,0.2386265498143961,1,1,0,1,1
20210204T131620.A_Elmo.B_DL.SCP_01,101,A4,0.07889920309776717,1.0,0.9211007969022328,0.18102463825939713,1,1,0,1,1
20210204T131620.A_Elmo.B_DL.SCP_01,102,A4,-0.21718476381903384,-1.0,-0.7828152361809662,0.549263844846573,-1,-1,0,1,1
20210204T131620.A_Elmo.B_DL.SCP_01,103,A4,-0.3443468499477436,-1.0,-0.6556531500522564,0.5897325931255747,-1,-1,0,1,1
20210204T131620.A_Elmo.B_DL.SCP_01,104,A4,-0.3614000829114123,1.0,1.3614000829114123,0.041704226231836804,-1,1,1,1,1
20210204T131620.A_Elmo.B_DL.SCP_01,107,A4,-0.14710824263992564,-0.2964512436107411,-0.14934300097081546,0.2691473243501287,-1,-1,0,1,1
20210204T131620.A_Elmo.B_DL.SCP_01,113,A4,0.2357662576944612,0.5251998640751402,0.289433606380679,0.7406572304667339,1,1,0,1,1
20210204T131620.A_Elmo.B_DL.SCP_01,114,A4,0.03289855918388538,1.0,0.9671014408161146,0.35956661266912004,1,1,0,1,1
20210204T131620.A_Elmo.B_DL.SCP_01,115,A4,0.47751410631441366,1.0,0.5224858936855863,0.7311635772927191,1,1,0,1,1
20210204T131620.A_Elmo.B_DL.SCP_01,116,A4,-0.1584805420312651,0.24120295440015968,0.39968349643142476,0.22907438271719724,-1,1,1,1,1
20210204T131620.A_Elmo.B_DL.SCP_01,117,A4,-0.3857947855551328,-0.35762695011486384,0.028167835440268962,0.40212767672213,-1,-1,0,1,1
20210204T131620.A_Elmo.B_DL.SCP_01,118,A4,-0.19187254020916927,-0.05226644244064387,0.1396060977685254,0.20262340742188645,-1,-1,0,1,1
20210204T131620.A_Elmo.B_DL.SCP_01,119,A4,-0.2916510219629163,-1.0,-0.7083489780370837,0.3501407024035665,-1,-1,0,1,1
20210204T131620.A_Elmo.B_DL.SCP_01,120,A4,-0.8785334512613906,0.006959825230827267,0.8854932764922179,0.3771162198187959,-1,1,1,1,1
20210204T131620.A_Elmo.B_DL.SCP_01,121,A4,0.024272246151651654,0.1159192145004942,0.09164696834884253,-0.5725027137686446,1,1,0,1,1
20210204T131620.A_Elmo.B_DL.SCP_01,122,A4,-0.23178486671399398,-0.039463451651120085,0.1923214150628739,0.1474914466210157,-1,-1,0,1,1
20210204T131620.A_Elmo.B_DL.SCP_01,123,A4,-0.2873114393568625,-0.42250270658450795,-0.13519126722764546,0.7078671578567768,-1,-1,0,1,1
20210204T131620.A_Elmo.B_DL.SCP_01,124,A4,-0.3973252539319424,-0.21178118819941597,0.18554406573252644,0.4430498242688876,-1,-1,0,1,1
20210204T131620.A_Elmo.B_DL.SCP_01,125,A4,-0.28362073543653565,-0.11223004566571328,0.1713906897708224,0.259633444774239,-1,-1,0,1,1
20210204T131620.A_Elmo.B_DL.SCP_01,126,A4,-0.2091535358263364,-0.05116506449830583,0.15798847132803057,0.39463984028325505,-1,-1,0,1,1
20210204T131620.A_Elmo.B_DL.SCP_01,127,A4,-0.10469730176014129,-0.1360843516893686,-0.03138704992922732,0.36318549095790353,-1,-1,0,1,1
20210204T131620.A_Elmo.B_DL.SCP_01,128,A4,-0.15590440579504036,-0.08251088389196615,0.07339352190307422,0.1268068379002895,-1,-1,0,1,1
20210204T131620.A_Elmo.B_DL.SCP_01,129,A5,-0.16680634187840687,-1.0,-0.8331936581215931,-0.026690812629209693,-1,-1,0,1,1
20210204T131620.A_Elmo.B_DL.SCP_01,130,A5,0.1417707282335875,0.09965973312035074,-0.04211099511323675,0.5278571106381564,1,1,0,1,1
20210204T131620.A_Elmo.B_DL.SCP_01,131,A5,-0.0659035652724599,-1.0,-0.9340964347275401,0.17941586983677407,-1,-1,0,1,1
20210204T131620.A_Elmo.B_DL.SCP_01,132,A5,1.0,0.33272615189409777,-0.6672738481059022,0.4906355206187555,1,1,0,1,1
20210204T131620.A_Elmo.B_DL.SCP_01,133,A5,-0.08526443500558996,-0.6793809846779811,-0.5941165496723911,0.3010025206180238,-1,-1,0,1,1
20210204T131620.A_Elmo.B_DL.SCP_01,134,A5,0.15383597861777967,0.7884377529207185,0.6346017743029388,0.3027673413614183,1,1,0,1,1
20210204T131620.A_Elmo.B_DL.SCP_01,135,A5,-0.5265447794787149,-0.8038608142387331,-0.2773160347600182,0.6297847968399104,-1,-1,0,1,1
20210204T131620.A_Elmo.B_DL.SCP_01,136,A5,0.15348010657964034,0.10997958224492022,-0.043500524334720125,-0.011788137714924731,1,1,0,1,1
20210204T131620.A_Elmo.B_DL.SCP_01,137,A5,-0.4155786652508451,-0.9128184584401625,-0.49723979318931744,0.09807341604968171,-1,-1,0,1,1
20210204T131620.A_Elmo.B_DL.SCP_01,143,A5,-1.0,-0.5044284662644254,0.4955715337355746,0.3735737082352293,-1,-1,0,1,0
20210204T131620.A_Elmo.B_DL.SCP_01,145,A5,-0.01662474274823407,-0.3236428650981928,-0.30701812234995873,0.3586784410135308,-1,-1,0,1,1
20210204T131620.A_Elmo.B_DL.SCP_01,146,A5,-0.7124759476599388,-0.29137917372989863,0.4210967739300402,0.08261950471507197,-1,-1,0,1,1
20210204T131620.A_Elmo.B_DL.SCP_01,147,A5,-0.8284871265725781,-0.40241863772858233,0.42606848884399573,0.006354087849228511,-1,-1,0,1,0
20210204T131620.A_Elmo.B_DL.SCP_01,149,A5,-0.4849583363134387,-0.4361992352952057,0.048759101018233,0.06429410703796563,-1,-1,0,1,1
20210204T131620.A_Elmo.B_DL.SCP_01,150,A5,-0.3460082876186458,-1.0,-0.6539917123813541,-0.03816831661370598,-1,-1,0,1,1
20210204T131620.A_Elmo.B_DL.SCP_01,151,A5,-0.15119059197506796,0.21054463221609324,0.3617352241911612,0.32661103622533405,-1,1,1,1,1
20210204T131620.A_Elmo.B_DL.SCP_01,152,A5,-0.46876918636500126,-0.0828068869972759,0.38596229936772536,0.43615062895854356,-1,-1,0,1,1
20210204T131620.A_Elmo.B_DL.SCP_01,153,A5,-0.18986206342333797,0.25517889237431773,0.4450409557976557,0.27768736579794573,-1,1,1,1,1
20210204T131620.A_Elmo.B_DL.SCP_01,154,A5,-0.09722649620243085,-0.2562375604529153,-0.15901106425048445,0.14911635128153156,-1,-1,0,1,1
20210204T131620.A_Elmo.B_DL.SCP_01,158,A5,-0.3568229457155911,-0.5170014518998842,-0.16017850618429313,-0.21690702435811313,-1,-1,0,1,0
20210204T131620.A_Elmo.B_DL.SCP_01,159,A5,-0.398841280839627,-0.007738822714021249,0.39110245812560573,0.02626916502074443,-1,-1,0,1,1
20210204T131620.A_Elmo.B_DL.SCP_01,160,A5,-0.018025685801819864,-0.16613343879966413,-0.14810775299784426,-0.015347942102759754,-1,-1,0,1,0
20210205T151709.A_Elmo.B_DL.SCP_01,1,A1,1.0,0.08706032834841775,-0.9129396716515823,0.6338658380458364,1,1,0,1,1
20210205T151709.A_Elmo.B_DL.SCP_01,2,A1,-0.18933768205008863,-0.15878533850939514,0.0305523435406935,0.15425396053675933,-1,-1,0,1,1
20210205T151709.A_Elmo.B_DL.SCP_01,3,A1,-0.49295291300510585,-0.4292272475787493,0.06372566542635655,0.25777724540325464,-1,-1,0,1,1
20210205T151709.A_Elmo.B_DL.SCP_01,4,A1,-0.23309020748442147,-0.23688890884848082,-0.0037987013640593537,0.2041828502053618,-1,-1,0,1,1
20210205T151709.A_Elmo.B_DL.SCP_01,5,A1,-0.2160533758234322,-0.9071053148260387,-0.6910519390026065,-0.08268935529740863,-1,-1,0,1,0
20210205T151709.A_Elmo.B_DL.SCP_01,6,A1,-0.10423688858836962,-0.19859705266598532,-0.0943601640776157,0.15102321324803555,-1,-1,0,1,1
20210205T151709.A_Elmo.B_DL.SCP_01,7,A1,-0.15891965502016048,0.08757496997996124,0.2464946250001217,0.0113816885293391,-1,1,1,1,1
20210205T151709.A_Elmo.B_DL.SCP_01,8,A1,0.18320853819763094,0.2288926725035836,0.04568413430595267,0.2787224690514404,1,1,0,1,1
20210205T151709.A_Elmo.B_DL.SCP_01,9,A1,1.0,-1.0,-2.0,0.016197021754050658,1,-1,1,1,1
20210205T151709.A_Elmo.B_DL.SCP_01,10,A1,0.044123571239960725,-0.9632098723199685,-1.0073334435599293,0.03456129115920493,1,-1,1,1,0
20210205T151709.A_Elmo.B_DL.SCP_01,11,A1,0.0214897158951639,-0.05695584882151057,-0.07844556471667447,-0.050398954898653106,1,-1,1,1,0
20210205T151709.A_Elmo.B_DL.SCP_01,12,A1,-0.16961048324168054,-0.6711511961535184,-0.5015407129118379,0.30569817227482604,-1,-1,0,1,1
20210205T151709.A_Elmo.B_DL.SCP_01,13,A1,0.3126922616764677,0.5344903037529145,0.22179804207644682,0.12021363892020569,1,1,0,1,1
20210205T151709.A_Elmo.B_DL.SCP_01,14,A1,-0.24817136321898864,-1.0,-0.7518286367810114,0.18573630420452564,-1,-1,0,1,1
20210205T151709.A_Elmo.B_DL.SCP_01,15,A1,0.3323183796696748,0.3322442831236648,-7.409654601003846e-05,0.34157971989343716,1,1,0,1,1
20210205T151709.A_Elmo.B_DL.SCP_01,16,A1,0.1367003710607851,0.17476580040500608,0.038065429344221,0.32844104385307105,1,1,0,1,1
20210205T151709.A_Elmo.B_DL.SCP_01,17,A1,-0.28648544252318886,0.3544260881131895,0.6409115306363784,-0.0028996897207784924,-1,1,1,1,0
20210205T151709.A_Elmo.B_DL.SCP_01,18,A1,-0.0038202725400518656,-0.075689789366311,-0.07186951682625914,0.02563545081196987,-1,-1,0,1,1
20210205T151709.A_Elmo.B_DL.SCP_01,19,A1,-0.19846090846192907,-0.026501663201692605,0.17195924526023645,0.5908847745353982,-1,-1,0,1,1
20210205T151709.A_Elmo.B_DL.SCP_01,20,A1,-0.39603286104406155,-0.279405042799584,0.11662781824447754,0.8976735025876704,-1,-1,0,1,1
20210205T151709.A_Elmo.B_DL.SCP_01,21,A1,-0.6485412141863903,-1.0,-0.3514587858136097,0.016226086905858604,-1,-1,0,1,1
20210205T151709.A_Elmo.B_DL.SCP_01,22,A1,-0.089018957004968,-0.050167267943108496,0.0388516890618595,0.3840105149461692,-1,-1,0,1,0
20210205T151709.A_Elmo.B_DL.SCP_01,23,A1,-0.36428640859639677,-0.05624010054010792,0.30804630805628885,0.04774680659330756,-1,-1,0,1,1
20210205T151709.A_Elmo.B_DL.SCP_01,24,A1,0.8745611333627713,0.710116892448816,-0.16444424091395526,0.8652292659369332,1,1,0,1,1
20210205T151709.A_Elmo.B_DL.SCP_01,25,A1,0.18531428958633156,-1.0,-1.1853142895863316,0.1852130287187442,1,-1,1,1,1
20210205T151709.A_Elmo.B_DL.SCP_01,26,A1,1.0,1.0,0.0,0.8358535248090173,1,1,0,1,1
20210205T151709.A_Elmo.B_DL.SCP_01,27,A1,-0.1072606307236292,0.43875038611256856,0.5460110168361978,0.33415786589264773,-1,1,1,1,0
20210205T151709.A_Elmo.B_DL.SCP_01,28,A1,-1.0,-0.60056675128802,0.39943324871198005,0.6466598714756915,-1,-1,0,1,1
20210205T151709.A_Elmo.B_DL.SCP_01,29,A1,-0.48435464742024786,-1.0,-0.5156453525797522,0.40784181798838104,-1,-1,0,1,1
20210205T151709.A_Elmo.B_DL.SCP_01,30,A1,-0.11821990571170625,0.15298492522162752,0.27120483093333375,-0.011290598913246656,-1,1,1,1,1
20210205T151709.A_Elmo.B_DL.SCP_01,31,A1,0.40673718961713895,-0.8914801682215261,-1.298217357838665,0.14564712191999102,1,-1,1,1,1
20210205T151709.A_Elmo.B_DL.SCP_01,32,A1,0.03157772758024669,0.2731130677758054,0.24153534019555872,0.3751439250322297,1,1,0,1,1
20210205T151709.A_Elmo.B_DL.SCP_01,33,A2,-0.5056767460638928,-0.23313601878856066,0.27254072727533213,0.5993087024519413,-1,-1,0,1,1
20210205T151709.A_Elmo.B_DL.SCP_01,34,A2,-0.03965161994391559,-0.02026479550998554,0.019386824433930052,0.13779254441560532,-1,-1,0,1,0
20210205T151709.A_Elmo.B_DL.SCP_01,35,A2,-0.4322024593821233,0.07568466340964086,0.5078871227917642,-0.11582594568799731,-1,1,1,1,1
20210205T151709.A_Elmo.B_DL.SCP_01,36,A2,-0.5101981283653705,0.30284892808617625,0.8130470564515467,-0.005386491599996208,-1,1,1,1,1
20210205T151709.A_Elmo.B_DL.SCP_01,37,A2,-0.28560490770651253,-0.08851790990783746,0.19708699779867506,0.31524977895221074,-1,-1,0,1,1
20210205T151709.A_Elmo.B_DL.SCP_01,38,A2,-0.5394270847130116,0.20417737522918816,0.7436044599421998,0.03922528732490551,-1,1,1,0,0
20210205T151709.A_Elmo.B_DL.SCP_01,39,A2,-0.8856380184829993,-1.0,-0.11436198151700072,0.7039546761395236,-1,-1,0,1,1
20210205T151709.A_Elmo.B_DL.SCP_01,40,A2,-0.019677045388989185,0.16163922047530366,0.18131626586429284,-0.04830871397618973,-1,1,1,0,0
20210205T151709.A_Elmo.B_DL.SCP_01,41,A2,-0.17757013605857427,0.1428251673406807,0.320395303399255,0.38961801190832,-1,1,1,1,1
20210205T151709.A_Elmo.B_DL.SCP_01,42,A2,0.28414822543468604,-0.10777371357139641,-0.39192193900608246,0.1897110906663225,1,-1,1,0,0
20210205T151709.A_Elmo.B_DL.SCP_01,43,A2,-0.005299280523482599,-0.02999527840129232,-0.024695997877809718,0.06236099983438253,-1,-1,0,1,0
20210205T151709.A_Elmo.B_DL.SCP_01,44,A2,-0.325346799984112,-0.12879530517102303,0.19655149481308895,0.1423707844481511,-1,-1,0,0,0
20210205T151709.A_Elmo.B_DL.SCP_01,45,A2,-0.28866658548513874,0.3612731811890679,0.6499397666742066,0.06558886354013747,-1,1,1,0,0
20210205T151709.A_Elmo.B_DL.SCP_01,46,A2,-1.0,-0.5035837549014056,0.4964162450985944,0.1945673326845127,-1,-1,0,0,0
20210205T151709.A_Elmo.B_DL.SCP_01,47,A2,0.9728376844703089,0.15112150902710708,-0.8217161754432019,-0.04287119185571488,1,1,0,0,0
20210205T151709.A_Elmo.B_DL.SCP_01,48,A2,-0.21838810436508369,-0.713091755802395,-0.4947036514373113,-0.1847642397421941,-1,-1,0,0,0
20210205T151709.A_Elmo.B_DL.SCP_01,49,A2,-0.5787181347638806,-0.2065750793931663,0.37214305537071424,-0.04960636989424751,-1,-1,0,1,1
20210205T151709.A_Elmo.B_DL.SCP_01,50,A2,-0.0849378169916793,0.3526796469479507,0.43761746393962997,0.05624655256077484,-1,1,1,0,0
20210205T151709.A_Elmo.B_DL.SCP_01,51,A2,-0.2799386565362019,-0.8140754164578854,-0.5341367599216835,0.15290997475847254,-1,-1,0,1,0
20210205T151709.A_Elmo.B_DL.SCP_01,52,A2,-0.1761091225030817,0.06667369425645112,0.2427828167595328,0.24611674146662857,-1,1,1,1,1
20210205T151709.A_Elmo.B_DL.SCP_01,53,A2,-0.17697137300668841,-0.8185722748590946,-0.6416009018524061,-0.22660055752286518,-1,-1,0,1,1
20210205T151709.A_Elmo.B_DL.SCP_01,54,A2,0.016913831607099906,1.0,0.9830861683929001,0.7220012497828086,1,1,0,1,1
20210205T151709.A_Elmo.B_DL.SCP_01,55,A2,-0.41773330980757745,-0.3626289308586704,0.05510437894890707,0.852580797692092,-1,-1,0,1,1
20210205T151709.A_Elmo.B_DL.SCP_01,56,A2,-0.348993784840366,-0.16614909959371246,0.1828446852466535,-0.3014291201505748,-1,-1,0,1,0
20210205T151709.A_Elmo.B_DL.SCP_01,57,A2,-0.5649200051162654,-0.06009502722599503,0.5048249778902704,0.20513957114194536,-1,-1,0,1,1
20210205T151709.A_Elmo.B_DL.SCP_01,58,A2,1.0,-1.0,-2.0,-0.16952796336888448,1,-1,1,0,0
20210205T151709.A_Elmo.B_DL.SCP_01,59,A2,-1.0,-1.0,0.0,0.4085700492006807,-1,-1,0,1,1
20210205T151709.A_Elmo.B_DL.SCP_01,60,A2,-0.2046396947164502,-0.10316935885955077,0.10147033585689942,0.060410920285293934,-1,-1,0,0,0
20210205T151709.A_Elmo.B_DL.SCP_01,61,A2,-1.0,-1.0,0.0,0.18066592805735124,-1,-1,0,0,0
20210205T151709.A_Elmo.B_DL.SCP_01,62,A2,-0.30067458095960276,-0.015049965826313454,0.2856246151332893,0.34306158246358676,-1,-1,0,1,1
20210205T151709.A_Elmo.B_DL.SCP_01,63,A2,-0.1979145088215391,-0.03023048873867426,0.16768402008286484,-0.08628618236361016,-1,-1,0,0,0
20210205T151709.A_Elmo.B_DL.SCP_01,64,A2,-0.0464185809398156,-0.05405974574722199,-0.007641164807406391,-0.18645293548860964,-1,-1,0,1,0
20210205T151709.A_Elmo.B_DL.SCP_01,65,A3,-0.8342617734581367,-0.8646737435622761,-0.03041197010413943,0.5712338019531581,-1,-1,0,1,1
20210205T151709.A_Elmo.B_DL.SCP_01,66,A3,-0.9947682751271182,-0.912993327878432,0.08177494724868617,0.9344602161698181,-1,-1,0,1,1
20210205T151709.A_Elmo.B_DL.SCP_01,67,A3,0.20926556577751557,0.4575185064426122,0.24825294066509665,0.31259882498194574,1,1,0,1,1
20210205T151709.A_Elmo.B_DL.SCP_01,68,A3,-0.32508960134928705,0.4949959185758808,0.8200855199251679,-0.08170675744220464,-1,1,1,0,0
20210205T151709.A_Elmo.B_DL.SCP_01,69,A3,-0.6727281042683673,-1.0,-0.32727189573163273,0.7016762507853068,-1,-1,0,1,1
20210205T151709.A_Elmo.B_DL.SCP_01,70,A3,-1.0,-0.005713590943571106,0.9942864090564288,0.2843384163726105,-1,-1,0,0,0
20210205T151709.A_Elmo.B_DL.SCP_01,71,A3,0.0028594126761794566,-0.0618738907873677,-0.06473330346354715,0.8304789569068876,1,-1,1,1,1
20210205T151709.A_Elmo.B_DL.SCP_01,72,A3,-0.7017431767677083,-0.38139185402651493,0.3203513227411933,0.26489506479225766,-1,-1,0,1,0
20210205T151709.A_Elmo.B_DL.SCP_01,73,A3,-0.1608991643728658,1.0,1.1608991643728659,-0.11891450032324878,-1,1,1,1,1
20210205T151709.A_Elmo.B_DL.SCP_01,74,A3,-0.04778432562517781,0.04872249514048671,0.09650682076566452,0.0950396097706335,-1,1,1,0,0
20210205T151709.A_Elmo.B_DL.SCP_01,75,A3,-0.37037749555989924,-0.5729815675574806,-0.2026040719975814,0.3356625780787473,-1,-1,0,1,1
20210205T151709.A_Elmo.B_DL.SCP_01,76,A3,0.40783764651534254,-0.17616591381981728,-0.5840035603351599,0.12645399975258761,1,-1,1,1,0
20210205T151709.A_Elmo.B_DL.SCP_01,77,A3,0.06525605680383043,-1.0,-1.0652560568038305,0.5224439712629145,1,-1,1,1,1
20210205T151709.A_Elmo.B_DL.SCP_01,78,A3,1.0,-0.4042671538987207,-1.4042671538987208,-0.08530330132155457,1,-1,1,0,0
20210205T151709.A_Elmo.B_DL.SCP_01,79,A3,-0.9796298128473052,-0.25993967657686223,0.719690136270443,0.24313819294452013,-1,-1,0,0,0
20210205T151709.A_Elmo.B_DL.SCP_01,80,A3,0.6643911770813204,0.17767038084930234,-0.48672079623201814,-0.005366312777680517,1,1,0,1,1
20210205T151709.A_Elmo.B_DL.SCP_01,81,A3,-0.17360261792430068,0.33985547622089046,0.5134580941451912,0.1693788529995224,-1,1,1,1,1
20210205T151709.A_Elmo.B_DL.SCP_01,82,A3,-0.7373982807585772,-1.0,-0.26260171924142284,0.15311350082779251,-1,-1,0,0,0
20210205T151709.A_Elmo.B_DL.SCP_01,83,A3,-0.16934499066245948,1.0,1.1693449906624596,0.055682982552010755,-1,1,1,0,0
20210205T151709.A_Elmo.B_DL.SCP_01,84,A3,-0.44130230692692435,-0.0692715700417588,0.3720307368851655,0.6073241248995674,-1,-1,0,1,1
20210205T151709.A_Elmo.B_DL.SCP_01,85,A3,0.0752833421647067,-0.16346573258717595,-0.23874907475188265,-0.21629121648291827,1,-1,1,0,0
20210205T151709.A_Elmo.B_DL.SCP_01,86,A3,0.8217573628051359,-0.018958977352832796,-0.8407163401579687,0.03292845495514445,1,-1,1,1,0
20210205T151709.A_Elmo.B_DL.SCP_01,87,A3,-1.0,0.2763882347730067,1.2763882347730067,-0.3073481228442464,-1,1,1,1,0
20210205T151709.A_Elmo.B_DL.SCP_01,88,A3,0.07322872832661477,0.1211840407225179,0.04795531239590313,-0.05779062351388246,1,1,0,0,0
20210205T151709.A_Elmo.B_DL.SCP_01,89,A3,0.5319881769514604,0.9388761767905424,0.40688799983908197,0.8254952927385689,1,1,0,1,1
20210205T151709.A_Elmo.B_DL.SCP_01,90,A3,0.07695776232008526,0.0012837647788326812,-0.07567399754125258,0.5797488649145003,1,1,0,1,0
20210205T151709.A_Elmo.B_DL.SCP_01,91,A3,0.7089676175051861,0.014331043370920407,-0.6946365741342657,0.0807157800411317,1,1,0,0,0
20210205T151709.A_Elmo.B_DL.SCP_01,92,A3,-0.14407314235548346,-0.09131642771600551,0.05275671463947795,-0.208642056892327,-1,-1,0,0,0
20210205T151709.A_Elmo.B_DL.SCP_01,93,A3,0.6228738183104889,0.32719101296350417,-0.29568280534698477,0.2532713740005426,1,1,0,1,1
20210205T151709.A_Elmo.B_DL.SCP_01,94,A3,0.8195042415671798,-1.0,-1.8195042415671798,0.20663174830716427,1,-1,1,0,0
20210205T151709.A_Elmo.B_DL.SCP_01,95,A3,0.02753394088110281,0.8970322170575535,0.8694982761764507,0.7136170928013988,1,1,0,1,1
20210205T151709.A_Elmo.B_DL.SCP_01,96,A3,0.16085897562398366,-0.008874788355130862,-0.16973376397911452,0.15395913944752498,1,-1,1,0,0
20210205T151709.A_Elmo.B_DL.SCP_01,97,A4,0.06744745560893675,0.260355402131818,0.19290794652288126,0.5758398892226982,1,1,0,1,1
20210205T151709.A_Elmo.B_DL.SCP_01,98,A4,-0.11977580356305169,-0.10293726926934242,0.016838534293709267,0.35111999445837755,-1,-1,0,1,1
20210205T151709.A_Elmo.B_DL.SCP_01,99,A4,-0.04547884192804088,0.11678836432325305,0.16226720625129393,-0.019377228606041953,-1,1,1,1,1
20210205T151709.A_Elmo.B_DL.SCP_01,100,A4,0.31049576435069187,0.9716529814085223,0.6611572170578304,0.39352936880876155,1,1,0,1,1
20210205T151709.A_Elmo.B_DL.SCP_01,101,A4,0.08725619514133537,0.6102696550694052,0.5230134599280698,0.4282737768909089,1,1,0,1,1
20210205T151709.A_Elmo.B_DL.SCP_01,102,A4,-0.1373430212132936,0.3132077699879429,0.45055079120123653,0.3653654878413098,-1,1,1,1,1
20210205T151709.A_Elmo.B_DL.SCP_01,103,A4,-0.2738961397117628,-1.0,-0.7261038602882373,0.21359375303980138,-1,-1,0,1,1
20210205T151709.A_Elmo.B_DL.SCP_01,104,A4,-0.2584251299879852,1.0,1.2584251299879852,0.11818045448325838,-1,1,1,1,1
20210205T151709.A_Elmo.B_DL.SCP_01,105,A4,-0.713017091150666,-0.3552547518143924,0.3577623393362736,0.19559036289133316,-1,-1,0,1,1
20210205T151709.A_Elmo.B_DL.SCP_01,106,A4,-0.06693072865022529,-0.1268336905322441,-0.059902961882018824,-0.023058064460069957,-1,-1,0,1,1
20210205T151709.A_Elmo.B_DL.SCP_01,107,A4,-0.05784021789135557,-0.8512688245147003,-0.7934286066233447,0.43220725847255365,-1,-1,0,1,1
20210205T151709.A_Elmo.B_DL.SCP_01,108,A4,1.0,-0.11320037935427099,-1.113200379354271,0.303068451191017,1,-1,1,1,0
20210205T151709.A_Elmo.B_DL.SCP_01,109,A4,-0.23248368580831952,-0.14677399347257758,0.08570969233574194,0.22505798562872228,-1,-1,0,1,1
20210205T151709.A_Elmo.B_DL.SCP_01,110,A4,-0.011686731059308206,-0.034420256677356195,-0.02273352561804799,-0.00519041034776875,-1,-1,0,1,1
20210205T151709.A_Elmo.B_DL.SCP_01,111,A4,-0.2440780521290097,-0.041786165415440266,0.20229188671356946,0.22364634667804847,-1,-1,0,1,1
20210205T151709.A_Elmo.B_DL.SCP_01,112,A4,-0.07021089770313058,-0.11444659426180769,-0.04423569655867711,0.2904199130203319,-1,-1,0,1,1
20210205T151709.A_Elmo.B_DL.SCP_01,113,A4,0.23887751704311935,0.6347351550480189,0.3958576380048996,0.8721310876902006,1,1,0,1,1
20210205T151709.A_Elmo.B_DL.SCP_01,114,A4,0.24088124417065723,0.0999437411744768,-0.14093750299618044,0.4299834456395805,1,1,0,1,1
20210205T151709.A_Elmo.B_DL.SCP_01,115,A4,0.5322045376596505,0.9134358304019555,0.38123129274230505,0.8554266847777676,1,1,0,1,1
20210205T151709.A_Elmo.B_DL.SCP_01,116,A4,-0.0833288751465546,0.17736454807656415,0.2606934232231187,0.3650206788385124,-1,1,1,1,1
20210205T151709.A_Elmo.B_DL.SCP_01,117,A4,-0.5846059583421536,-0.14011344163916314,0.4444925167029904,0.788869746874277,-1,-1,0,1,1
20210205T151709.A_Elmo.B_DL.SCP_01,118,A4,-0.19137345294281374,-0.20161504422779053,-0.010241591284976787,0.41054596752318623,-1,-1,0,1,1
20210205T151709.A_Elmo.B_DL.SCP_01,119,A4,-0.04853101584374595,0.146847499905629,0.19537851574937495,-0.01909678858661188,-1,1,1,1,1
20210205T151709.A_Elmo.B_DL.SCP_01,120,A4,-0.8324130549306531,-0.44578546025349913,0.38662759467715396,0.8467307400544015,-1,-1,0,1,1
20210205T151709.A_Elmo.B_DL.SCP_01,121,A4,0.047283570479368375,-0.0016911219584442518,-0.04897469243781263,0.0911313236029836,1,-1,1,1,1
20210205T151709.A_Elmo.B_DL.SCP_01,122,A4,-0.17887543442972173,-0.08690989189919382,0.09196554253052791,0.6306332757899968,-1,-1,0,1,1
20210205T151709.A_Elmo.B_DL.SCP_01,123,A4,-0.22685973217401495,-0.22969160577698844,-0.0028318736029734892,0.7412154305643744,-1,-1,0,1,1
20210205T151709.A_Elmo.B_DL.SCP_01,124,A4,-0.2449601327708089,-0.07849591552743178,0.16646421724337712,0.25719408803250104,-1,-1,0,1,1
20210205T151709.A_Elmo.B_DL.SCP_01,125,A4,-0.2888141033937825,-0.3305340854188588,-0.04171998202507632,0.7913318326315956,-1,-1,0,1,1
20210205T151709.A_Elmo.B_DL.SCP_01,126,A4,-0.17094561396598276,-0.052080495104372314,0.11886511886161044,0.8215276274395241,-1,-1,0,1,1
20210205T151709.A_Elmo.B_DL.SCP_01,127,A4,-0.03415278129021228,0.15103282103034577,0.18518560232055803,0.7621140158023892,-1,1,1,1,1
20210205T151709.A_Elmo.B_DL.SCP_01,128,A4,-0.12917801438981064,0.04626912391037682,0.17544713830018746,0.31301618693194994,-1,1,1,1,1
20210205T151709.A_Elmo.B_DL.SCP_01,129,A5,0.29435564639553474,0.35037094189360923,0.05601529549807449,0.41758877963030683,1,1,0,1,1
20210205T151709.A_Elmo.B_DL.SCP_01,130,A5,0.38600872935539726,0.14822857372483034,-0.23778015563056693,0.4589585509879738,1,1,0,1,1
20210205T151709.A_Elmo.B_DL.SCP_01,131,A5,0.5392651943154027,1.0,0.46073480568459735,0.4625713490284097,1,1,0,1,1
20210205T151709.A_Elmo.B_DL.SCP_01,132,A5,1.0,1.0,0.0,0.8994500501314505,1,1,0,1,1
20210205T151709.A_Elmo.B_DL.SCP_01,133,A5,0.7984533599487875,0.587209310011169,-0.21124404993761847,0.6361580181499228,1,1,0,1,1
20210205T151709.A_Elmo.B_DL.SCP_01,134,A5,0.35182490082461565,0.7800789995720088,0.4282540987473931,0.5052884103820867,1,1,0,1,1
20210205T151709.A_Elmo.B_DL.SCP_01,135,A5,-0.035197032754564296,0.496955462845445,0.5321524956000093,0.648528202056962,-1,1,1,1,1
20210205T151709.A_Elmo.B_DL.SCP_01,136,A5,0.36494376012438906,0.5936941655435277,0.22875040541913866,0.5430278217203537,1,1,0,1,1
20210205T151709.A_Elmo.B_DL.SCP_01,137,A5,-0.17499545990725798,-0.7457265676572229,-0.5707311077499649,0.26161605525818193,-1,-1,0,1,1
20210205T151709.A_Elmo.B_DL.SCP_01,138,A5,0.03153332173673417,1.0,0.9684666782632658,0.04718163801910398,1,1,0,0,0
20210205T151709.A_Elmo.B_DL.SCP_01,139,A5,-0.17977206572334753,0.16646494844222418,0.34623701416557173,-0.10285586397061412,-1,1,1,0,0
20210205T151709.A_Elmo.B_DL.SCP_01,140,A5,-0.3011590949089307,-0.12130683470672858,0.17985226020220213,0.0558264522493985,-1,-1,0,1,0
20210205T151709.A_Elmo.B_DL.SCP_01,141,A5,-0.32695255061985157,-0.7218540980447112,-0.39490154742485967,0.32045356039890116,-1,-1,0,1,1
20210205T151709.A_Elmo.B_DL.SCP_01,142,A5,0.014240561347516716,-0.053327484777491975,-0.06756804612500869,-0.09762903970752006,1,-1,1,0,0
20210205T151709.A_Elmo.B_DL.SCP_01,143,A5,-1.0,-1.0,0.0,0.3293600221080032,-1,-1,0,1,1
20210205T151709.A_Elmo.B_DL.SCP_01,144,A5,-1.0,-1.0,0.0,0.2420413735834747,-1,-1,0,1,0
20210205T151709.A_Elmo.B_DL.SCP_01,145,A5,0.19265343479745917,0.09133809600429899,-0.10131533879316018,0.09684186330565464,1,1,0,1,1
20210205T151709.A_Elmo.B_DL.SCP_01,146,A5,-0.554693824538248,-1.0,-0.445306175461752,0.1840399276702135,-1,-1,0,1,1
20210205T151709.A_Elmo.B_DL.SCP_01,147,A5,-0.5355141111319488,-0.10922474437816469,0.4262893667537841,0.3324176889218624,-1,-1,0,1,0
20210205T151709.A_Elmo.B_DL.SCP_01,148,A5,-0.6492451481062725,-0.4004199686906745,0.24882517941559806,0.14497772467851344,-1,-1,0,1,0
20210205T151709.A_Elmo.B_DL.SCP_01,149,A5,-0.03220237976966735,-0.05106199092579703,-0.018859611156129684,0.25336073349632154,-1,-1,0,1,1
20210205T151709.A_Elmo.B_DL.SCP_01,150,A5,-0.41163989389377054,0.0775507062279844,0.48919060012175497,0.19135830415539834,-1,1,1,1,1
20210205T151709.A_Elmo.B_DL.SCP_01,151,A5,-0.005166687581851277,-0.041036829394695204,-0.035870141812843925,0.11157852533955663,-1,-1,0,1,1
20210205T151709.A_Elmo.B_DL.SCP_01,152,A5,-0.37940385313411334,-0.10120789089652861,0.27819596223758475,0.37928475410708024,-1,-1,0,1,1
20210205T151709.A_Elmo.B_DL.SCP_01,153,A5,-0.232448342298172,1.0,1.232448342298172,0.20407546697637077,-1,1,1,1,1
20210205T151709.A_Elmo.B_DL.SCP_01,154,A5,0.25011299311328655,0.3478099124796954,0.09769691936640884,0.2401505588992238,1,1,0,1,1
20210205T151709.A_Elmo.B_DL.SCP_01,155,A5,0.6898565255556527,1.0,0.3101434744443473,0.4367950816368516,1,1,0,1,1
20210205T151709.A_Elmo.B_DL.SCP_01,156,A5,-0.11666679725092295,0.053047495423279536,0.1697142926742025,0.2267734863687665,-1,1,1,0,0
20210205T151709.A_Elmo.B_DL.SCP_01,157,A5,-1.0,0.04080689021515463,1.0408068902151546,0.08606676004598438,-1,1,1,1,1
20210205T151709.A_Elmo.B_DL.SCP_01,158,A5,0.41758978247017864,-0.07745280507836529,-0.4950425875485439,-0.17464895474948028,1,-1,1,0,0
20210205T151709.A_Elmo.B_DL.SCP_01,159,A5,-0.09959956975940677,0.007701909816343725,0.1073014795757505,0.17201200591574425,-1,1,1,0,0
20210205T151709.A_Elmo.B_DL.SCP_01,160,A5,0.4533724276131619,-0.22377372393320358,-0.6771461515463655,-0.16882219881564325,1,-1,1,0,0
20210211T163501.A_Elmo.B_DL.SCP_01,1,A1,0.5094206764633546,0.5049366350571627,-0.004484041406191963,-0.22884403541655046,1,1,0,0,0
20210211T163501.A_Elmo.B_DL.SCP_01,2,A1,-0.14245059195138293,-0.15604540716907409,-0.013594815217691153,0.29273750400990656,-1,-1,0,1,1
20210211T163501.A_Elmo.B_DL.SCP_01,3,A1,-0.2554014698279242,0.16075613233543537,0.4161576021633596,-0.0005365085486996134,-1,1,1,1,0
20210211T163501.A_Elmo.B_DL.SCP_01,4,A1,0.12826415213611314,-0.2635425649035413,-0.3918067170396544,-0.22487725388804017,1,-1,1,1,1
20210211T163501.A_Elmo.B_DL.SCP_01,5,A1,0.4350396053120779,0.2639614716388844,-0.17107813367319352,0.17956811915580217,1,1,0,1,0
20210211T163501.A_Elmo.B_DL.SCP_01,6,A1,0.07672757810074059,-0.028204742030793022,-0.10493232013153361,0.0009814773758854871,1,-1,1,1,0
20210211T163501.A_Elmo.B_DL.SCP_01,7,A1,-0.09847235955969003,-0.10700819638011626,-0.008535836820426232,0.1596741148400159,-1,-1,0,1,0
20210211T163501.A_Elmo.B_DL.SCP_01,8,A1,0.5859959268873264,0.5343010344379515,-0.05169489244937486,-0.0725750936993521,1,1,0,1,0
20210211T163501.A_Elmo.B_DL.SCP_01,9,A1,0.1382432381913914,-0.4019608033691755,-0.5402040415605669,0.030259065098154743,1,-1,1,1,0
20210211T163501.A_Elmo.B_DL.SCP_01,10,A1,-0.03455353632075495,-0.9171436951693427,-0.8825901588485877,0.32332636580861746,-1,-1,0,1,0
20210211T163501.A_Elmo.B_DL.SCP_01,11,A1,0.07175249380701372,-1.0,-1.0717524938070138,-0.005113598413095895,1,-1,1,1,0
20210211T163501.A_Elmo.B_DL.SCP_01,12,A1,-0.29950370263944376,-0.6664461753635649,-0.3669424727241211,0.3361473829548702,-1,-1,0,1,1
20210211T163501.A_Elmo.B_DL.SCP_01,13,A1,-0.07609382143230986,-1.0,-0.9239061785676901,0.013182332656416258,-1,-1,0,1,1
20210211T163501.A_Elmo.B_DL.SCP_01,14,A1,0.3643901621008754,0.3287263700382823,-0.03566379206259307,-0.16410515087695815,1,1,0,1,0
20210211T163501.A_Elmo.B_DL.SCP_01,15,A1,0.24910402037559276,-0.40824804217438854,-0.6573520625499814,-0.15107360839590775,1,-1,1,0,0
20210211T163501.A_Elmo.B_DL.SCP_01,16,A1,-0.10066062836694656,0.07986141073437045,0.180522039101317,0.09296190910655293,-1,1,1,1,1
20210211T163501.A_Elmo.B_DL.SCP_01,17,A1,0.23367751221886687,-0.060923910990222555,-0.29460142320908944,0.2110986584688998,1,-1,1,1,0
20210211T163501.A_Elmo.B_DL.SCP_01,18,A1,0.5245731354058982,-1.0,-1.5245731354058982,-0.04038809277227335,1,-1,1,1,0
20210211T163501.A_Elmo.B_DL.SCP_01,19,A1,-1.0,-0.2256811143655375,0.7743188856344625,0.011484936885894104,-1,-1,0,1,0
20210211T163501.A_Elmo.B_DL.SCP_01,20,A1,-0.177046954945896,-0.3264985891464499,-0.1494516342005539,-0.2660139056139424,-1,-1,0,1,1
20210211T163501.A_Elmo.B_DL.SCP_01,21,A1,-0.057941763206856005,0.6971573942317669,0.7550991574386229,0.047411744892254436,-1,1,1,1,0
20210211T163501.A_Elmo.B_DL.SCP_01,22,A1,-0.8110722861545737,-0.2613976479886184,0.5496746381659553,0.047621670908203004,-1,-1,0,1,0
20210211T163501.A_Elmo.B_DL.SCP_01,23,A1,1.0,0.7559760760997397,-0.2440239239002603,0.351796794649776,1,1,0,1,0
20210211T163501.A_Elmo.B_DL.SCP_01,24,A1,0.7616308615967557,0.4288772044285583,-0.33275365716819744,0.5247809325804594,1,1,0,1,1
20210211T163501.A_Elmo.B_DL.SCP_01,25,A1,0.3019348463986673,-0.2102168344476947,-0.512151680846362,0.06982778612760616,1,-1,1,1,0
20210211T163501.A_Elmo.B_DL.SCP_01,26,A1,1.0,1.0,0.0,0.7005226387332399,1,1,0,1,1
20210211T163501.A_Elmo.B_DL.SCP_01,27,A1,0.09480568446779401,0.2437349836493149,0.14892929918152087,-0.16446143004891767,1,1,0,1,0
20210211T163501.A_Elmo.B_DL.SCP_01,28,A1,-1.0,-0.42990020221646635,0.5700997977835336,0.130318680442954,-1,-1,0,1,1
20210211T163501.A_Elmo.B_DL.SCP_01,29,A1,1.0,0.3772594246484315,-0.6227405753515685,0.3218426727377745,1,1,0,1,1
20210211T163501.A_Elmo.B_DL.SCP_01,30,A1,-0.17764923892506707,-1.0,-0.822350761074933,0.37530900430315345,-1,-1,0,1,0
20210211T163501.A_Elmo.B_DL.SCP_01,31,A1,0.908313808407036,-1.0,-1.9083138084070361,-0.2123484092626873,1,-1,1,1,0
20210211T163501.A_Elmo.B_DL.SCP_01,32,A1,0.006352151946956298,-0.4572395432592531,-0.4635916952062094,0.16578453474424176,1,-1,1,1,0
20210211T163501.A_Elmo.B_DL.SCP_01,33,A2,-1.0,-1.0,0.0,-0.04177367132439877,-1,-1,0,1,0
20210211T163501.A_Elmo.B_DL.SCP_01,34,A2,-1.0,1.0,2.0,0.24121142055650435,-1,1,1,1,0
20210211T163501.A_Elmo.B_DL.SCP_01,35,A2,-0.13720700017488344,-0.5535551288696304,-0.416348128694747,0.1236615357050269,-1,-1,0,1,0
20210211T163501.A_Elmo.B_DL.SCP_01,36,A2,0.040767912749709236,-1.0,-1.0407679127497091,-0.07347750141163155,1,-1,1,1,0
20210211T163501.A_Elmo.B_DL.SCP_01,37,A2,-0.08676538878843262,-0.5294684420695303,-0.4427030532810976,-0.27012012062624213,-1,-1,0,1,0
20210211T163501.A_Elmo.B_DL.SCP_01,38,A2,-0.31194116089278223,-1.0,-0.6880588391072178,-0.20970520488970393,-1,-1,0,0,0
20210211T163501.A_Elmo.B_DL.SCP_01,39,A2,-1.0,-1.0,0.0,0.4491104203524305,-1,-1,0,1,0
20210211T163501.A_Elmo.B_DL.SCP_01,40,A2,-0.8908883377640991,-1.0,-0.10911166223590085,0.10100255030327158,-1,-1,0,0,0
20210211T163501.A_Elmo.B_DL.SCP_01,41,A2,0.6459575459368909,-1.0,-1.645957545936891,0.25547591999071867,1,-1,1,1,0
20210211T163501.A_Elmo.B_DL.SCP_01,42,A2,1.0,-1.0,-2.0,0.18330704283895438,1,-1,1,0,0
20210211T163501.A_Elmo.B_DL.SCP_01,43,A2,1.0,-0.8329639260783305,-1.8329639260783304,-0.06647022694626904,1,-1,1,0,0
20210211T163501.A_Elmo.B_DL.SCP_01,44,A2,-1.0,-0.376276788400974,0.623723211599026,0.3681710592580287,-1,-1,0,0,0
20210211T163501.A_Elmo.B_DL.SCP_01,45,A2,-0.11933232914278054,-1.0,-0.8806676708572194,-0.006240239879913886,-1,-1,0,1,0
20210211T163501.A_Elmo.B_DL.SCP_01,46,A2,1.0,1.0,0.0,-0.055037131124809374,1,1,0,0,0
20210211T163501.A_Elmo.B_DL.SCP_01,47,A2,-0.1923143017181853,1.0,1.1923143017181852,-0.045328044496217273,-1,1,1,0,0
20210211T163501.A_Elmo.B_DL.SCP_01,48,A2,-1.0,-1.0,0.0,0.09401450080858091,-1,-1,0,0,0
20210211T163501.A_Elmo.B_DL.SCP_01,49,A2,-1.0,-1.0,0.0,0.25528609122260537,-1,-1,0,1,0
20210211T163501.A_Elmo.B_DL.SCP_01,50,A2,0.1258204181428454,-1.0,-1.1258204181428453,0.04186132755626772,1,-1,1,1,0
20210211T163501.A_Elmo.B_DL.SCP_01,51,A2,-0.373377768615816,1.0,1.373377768615816,0.1972170989410718,-1,1,1,1,0
20210211T163501.A_Elmo.B_DL.SCP_01,52,A2,0.19796096584858247,1.0,0.8020390341514175,0.11755631000975134,1,1,0,1,0
20210211T163501.A_Elmo.B_DL.SCP_01,53,A2,-0.23996875205601662,-0.9819883035205257,-0.742019551464509,-0.16071706883783535,-1,-1,0,0,0
20210211T163501.A_Elmo.B_DL.SCP_01,54,A2,0.2834146109011107,0.020656957754063912,-0.2627576531470468,0.5280193562462693,1,1,0,1,1
20210211T163501.A_Elmo.B_DL.SCP_01,55,A2,-0.32384981799400087,-1.0,-0.6761501820059992,0.7428116029065027,-1,-1,0,1,1
20210211T163501.A_Elmo.B_DL.SCP_01,56,A2,-1.0,0.9279015450601144,1.9279015450601142,-0.048509813049879315,-1,1,1,1,0
20210211T163501.A_Elmo.B_DL.SCP_01,57,A2,-0.49144790893006624,-0.08285912557965718,0.40858878335040905,-0.2591781552943065,-1,-1,0,1,0
20210211T163501.A_Elmo.B_DL.SCP_01,58,A2,0.6192656424530795,-0.20110878512403854,-0.820374427577118,-0.16104876622184733,1,-1,1,1,0
20210211T163501.A_Elmo.B_DL.SCP_01,59,A2,-0.9642013361604717,-0.2134104467910628,0.7507908893694089,0.27319628284826203,-1,-1,0,1,0
20210211T163501.A_Elmo.B_DL.SCP_01,60,A2,1.0,1.0,0.0,0.0458302031546672,1,1,0,1,0
20210211T163501.A_Elmo.B_DL.SCP_01,61,A2,0.5516387411837032,-1.0,-1.5516387411837032,0.035066770449774735,1,-1,1,1,0
20210211T163501.A_Elmo.B_DL.SCP_01,62,A2,1.0,0.29885133498137895,-0.701148665018621,0.37671191219864897,1,1,0,1,0
20210211T163501.A_Elmo.B_DL.SCP_01,63,A2,-1.0,-1.0,0.0,-0.20053054415977375,-1,-1,0,1,0
20210211T163501.A_Elmo.B_DL.SCP_01,64,A2,0.05306821197145666,-1.0,-1.0530682119714567,-0.05861710454101475,1,-1,1,1,0
20210211T163501.A_Elmo.B_DL.SCP_01,65,A3,-1.0,-0.3927530315419041,0.6072469684580959,0.2719921420868999,-1,-1,0,1,1
20210211T163501.A_Elmo.B_DL.SCP_01,66,A3,-1.0,-1.0,0.0,0.6356576232645447,-1,-1,0,1,0
20210211T163501.A_Elmo.B_DL.SCP_01,67,A3,-1.0,0.4641572946576429,1.4641572946576429,0.4782148613546431,-1,1,1,0,0
20210211T163501.A_Elmo.B_DL.SCP_01,68,A3,0.4931540047379201,-0.9125299985166211,-1.4056840032545412,-0.05331060060276121,1,-1,1,1,0
20210211T163501.A_Elmo.B_DL.SCP_01,69,A3,0.29175126775988486,-0.38404764385862794,-0.6757989116185128,0.14520275805767044,1,-1,1,1,0
20210211T163501.A_Elmo.B_DL.SCP_01,70,A3,-1.0,-0.27025288599791586,0.7297471140020841,-0.15722272443957794,-1,-1,0,0,0
20210211T163501.A_Elmo.B_DL.SCP_01,71,A3,0.38112055199275924,0.04183445443610146,-0.3392860975566578,0.2878074997245225,1,1,0,1,0
20210211T163501.A_Elmo.B_DL.SCP_01,72,A3,-0.6655473967845856,1.0,1.6655473967845857,-0.06384195094216459,-1,1,1,0,0
20210211T163501.A_Elmo.B_DL.SCP_01,73,A3,-0.18751620362791988,-1.0,-0.8124837963720801,-0.31501799986244433,-1,-1,0,1,0
20210211T163501.A_Elmo.B_DL.SCP_01,74,A3,0.2910261764913085,0.14135825721658254,-0.14966791927472597,-0.05134943847518661,1,1,0,0,0
20210211T163501.A_Elmo.B_DL.SCP_01,75,A3,1.0,0.18154875081622399,-0.818451249183776,-0.020230482466623987,1,1,0,0,0
20210211T163501.A_Elmo.B_DL.SCP_01,76,A3,1.0,1.0,0.0,-0.13071642954804708,1,1,0,1,0
20210211T163501.A_Elmo.B_DL.SCP_01,77,A3,-1.0,-1.0,0.0,0.24454508010726447,-1,-1,0,1,0
20210211T163501.A_Elmo.B_DL.SCP_01,78,A3,-0.4817427067900165,0.6695427480092063,1.1512854547992228,0.16902002928761328,-1,1,1,1,0
20210211T163501.A_Elmo.B_DL.SCP_01,79,A3,-1.0,0.38016162337537635,1.3801616233753764,-0.09146650893166454,-1,1,1,0,0
20210211T163501.A_Elmo.B_DL.SCP_01,80,A3,1.0,-1.0,-2.0,0.08477711998294347,1,-1,1,1,0
20210211T163501.A_Elmo.B_DL.SCP_01,81,A3,1.0,-0.8588916255244888,-1.858891625524489,0.2272309435600308,1,-1,1,1,0
20210211T163501.A_Elmo.B_DL.SCP_01,82,A3,-0.3644452047113798,0.8336375800986926,1.1980827848100724,-0.114822852681474,-1,1,1,0,0
20210211T163501.A_Elmo.B_DL.SCP_01,83,A3,-0.2904628712726386,-0.9920961917581762,-0.7016333204855376,0.11524413231615896,-1,-1,0,1,0
20210211T163501.A_Elmo.B_DL.SCP_01,84,A3,-0.21684904521893114,0.27556939631524213,0.49241844153417325,-0.1655784190233683,-1,1,1,1,0
20210211T163501.A_Elmo.B_DL.SCP_01,85,A3,-1.0,-0.02241787250896411,0.9775821274910359,-0.08074913021778854,-1,-1,0,0,0
20210211T163501.A_Elmo.B_DL.SCP_01,86,A3,0.1898756613877652,0.026256117580072937,-0.16361954380769228,0.19081938296374695,1,1,0,0,0
20210211T163501.A_Elmo.B_DL.SCP_01,87,A3,0.4846923674743321,-0.10650832152948098,-0.5912006890038131,-0.08631228174502785,1,-1,1,1,0
20210211T163501.A_Elmo.B_DL.SCP_01,88,A3,-1.0,-0.3661296073484353,0.6338703926515648,-0.17557263211058,-1,-1,0,1,0
20210211T163501.A_Elmo.B_DL.SCP_01,89,A3,-1.0,-0.4294887957620499,0.5705112042379501,0.008242047304685288,-1,-1,0,1,0
20210211T163501.A_Elmo.B_DL.SCP_01,90,A3,1.0,0.24955788187845548,-0.7504421181215445,-0.20370167083020296,1,1,0,0,0
20210211T163501.A_Elmo.B_DL.SCP_01,91,A3,-1.0,-0.2664365103787229,0.733563489621277,0.34050541838986537,-1,-1,0,0,0
20210211T163501.A_Elmo.B_DL.SCP_01,92,A3,-0.15102500131435392,0.5996098667404992,0.7506348680548531,0.13373601159534027,-1,1,1,0,0
20210211T163501.A_Elmo.B_DL.SCP_01,93,A3,0.20833715379996154,-0.09863324346654084,-0.3069703972665024,0.18616493888447624,1,-1,1,1,1
20210211T163501.A_Elmo.B_DL.SCP_01,94,A3,0.617726562677215,-0.40319968295081526,-1.0209262456280304,0.045262496206742976,1,-1,1,1,0
20210211T163501.A_Elmo.B_DL.SCP_01,95,A3,-1.0,0.4507655347889354,1.4507655347889354,-0.28224121142931896,-1,1,1,0,0
20210211T163501.A_Elmo.B_DL.SCP_01,96,A3,1.0,-0.516112668264106,-1.516112668264106,-0.14580529369466064,1,-1,1,1,0
20210211T163501.A_Elmo.B_DL.SCP_01,97,A4,0.19121975363937949,-0.13301300742363875,-0.32423276106301824,0.31568600906600397,1,-1,1,1,1
20210211T163501.A_Elmo.B_DL.SCP_01,98,A4,-0.44315732875949915,-0.5056454090716851,-0.062488080312185945,0.10999582012857878,-1,-1,0,1,1
20210211T163501.A_Elmo.B_DL.SCP_01,99,A4,0.07075540922832102,0.4325658751322806,0.3618104659039596,-0.3127983709378698,1,1,0,1,1
20210211T163501.A_Elmo.B_DL.SCP_01,100,A4,0.7516649914604869,1.0,0.24833500853951307,-0.13411644097824812,1,1,0,1,1
20210211T163501.A_Elmo.B_DL.SCP_01,101,A4,0.7106118635103174,1.0,0.28938813648968265,0.011869104939884589,1,1,0,1,1
20210211T163501.A_Elmo.B_DL.SCP_01,102,A4,-0.0922811289309857,0.03943387183651621,0.13171500076750192,0.19055911987065643,-1,1,1,1,1
20210211T163501.A_Elmo.B_DL.SCP_01,103,A4,-0.23010310506470538,-1.0,-0.7698968949352947,0.29721281413104816,-1,-1,0,1,1
20210211T163501.A_Elmo.B_DL.SCP_01,104,A4,-0.2725432135435568,0.6335117917062265,0.9060550052497833,-0.2679124772213601,-1,1,1,1,1
20210211T163501.A_Elmo.B_DL.SCP_01,105,A4,0.492285145549893,0.22729668583555002,-0.264988459714343,-0.027238016505340832,1,1,0,1,0
20210211T163501.A_Elmo.B_DL.SCP_01,106,A4,-0.3179013827939019,-0.9906869161448038,-0.6727855333509019,-0.005608806453522801,-1,-1,0,1,0
20210211T163501.A_Elmo.B_DL.SCP_01,107,A4,-0.20639850770545035,-1.0,-0.7936014922945497,0.19699545311521807,-1,-1,0,1,1
20210211T163501.A_Elmo.B_DL.SCP_01,108,A4,-0.6849470179117583,-0.28424962086149386,0.4006973970502644,-0.0542880056936355,-1,-1,0,0,0
20210211T163501.A_Elmo.B_DL.SCP_01,109,A4,-0.545491195999438,-0.3003344443141785,0.24515675168525947,0.3162188733733283,-1,-1,0,1,0
20210211T163501.A_Elmo.B_DL.SCP_01,110,A4,-1.0,0.40395922277989804,1.403959222779898,0.0262810126875498,-1,1,1,1,0
20210211T163501.A_Elmo.B_DL.SCP_01,111,A4,-0.35068560850626157,-0.15240465053711585,0.19828095796914572,-0.13767143283502525,-1,-1,0,1,1
20210211T163501.A_Elmo.B_DL.SCP_01,112,A4,-0.1114068556769696,-0.0628269184488517,0.0485799372281179,0.2170892585393133,-1,-1,0,1,1
20210211T163501.A_Elmo.B_DL.SCP_01,113,A4,0.1871505045435354,0.03867498557978185,-0.14847551896375355,-0.04249891239783104,1,1,0,1,1
20210211T163501.A_Elmo.B_DL.SCP_01,114,A4,-0.12025388315970244,-0.9804877638673474,-0.860233880707645,0.18084388438689206,-1,-1,0,1,1
20210211T163501.A_Elmo.B_DL.SCP_01,115,A4,0.4118502055209962,0.5373678216247763,0.12551761610378004,0.45715538263800715,1,1,0,1,1
20210211T163501.A_Elmo.B_DL.SCP_01,116,A4,-0.07171219897420589,-0.27205829589514086,-0.20034609692093497,0.019370319633723997,-1,-1,0,1,1
20210211T163501.A_Elmo.B_DL.SCP_01,117,A4,-1.0,-0.9404151483947147,0.05958485160528526,0.5172528423971954,-1,-1,0,1,1
20210211T163501.A_Elmo.B_DL.SCP_01,118,A4,-0.23986804190288688,-0.7744667977606342,-0.5345987558577473,0.1389706646815627,-1,-1,0,1,1
20210211T163501.A_Elmo.B_DL.SCP_01,119,A4,1.0,0.18463473831449642,-0.8153652616855036,-0.028228236926131817,1,1,0,1,1
20210211T163501.A_Elmo.B_DL.SCP_01,120,A4,-0.8826219433073104,-0.6123675663212292,0.2702543769860811,0.3058042345426333,-1,-1,0,1,1
20210211T163501.A_Elmo.B_DL.SCP_01,121,A4,-0.10444631988786626,-0.47800733552082636,-0.37356101563296007,0.312597100767596,-1,-1,0,1,1
20210211T163501.A_Elmo.B_DL.SCP_01,122,A4,0.0757192151374038,0.2817022963551984,0.20598308121779457,0.009453491335920106,1,1,0,1,1
20210211T163501.A_Elmo.B_DL.SCP_01,123,A4,-0.09427894944566938,0.19503562037002814,0.28931456981569753,-0.05117232752583497,-1,1,1,1,1
20210211T163501.A_Elmo.B_DL.SCP_01,124,A4,-0.04756462225188743,-0.26590583335121987,-0.21834121109933244,-0.0904432181724757,-1,-1,0,1,1
20210211T163501.A_Elmo.B_DL.SCP_01,125,A4,-0.23162445704394571,-0.3052670241489004,-0.07364256710495468,0.12302447933505276,-1,-1,0,1,1
20210211T163501.A_Elmo.B_DL.SCP_01,126,A4,-0.26735708168015165,-0.13917785203550342,0.12817922964464823,0.18123494742748195,-1,-1,0,1,1
20210211T163501.A_Elmo.B_DL.SCP_01,127,A4,-0.008377318742138868,0.23455466917394238,0.24293198791608125,-0.1454301757816587,-1,1,1,1,1
20210211T163501.A_Elmo.B_DL.SCP_01,128,A4,-0.1455390958198484,-0.05919728523097873,0.08634181058886967,0.1277157454934277,-1,-1,0,1,1
20210211T163501.A_Elmo.B_DL.SCP_01,129,A5,-1.0,-1.0,0.0,0.42701938260094685,-1,-1,0,1,0
20210211T163501.A_Elmo.B_DL.SCP_01,130,A5,-0.4092371434693677,-1.0,-0.5907628565306323,0.003553893714515668,-1,-1,0,1,0
20210211T163501.A_Elmo.B_DL.SCP_01,131,A5,0.14488008862782695,0.6230713046656157,0.4781912160377887,0.2571125562742147,1,1,0,1,1
20210211T163501.A_Elmo.B_DL.SCP_01,132,A5,1.0,0.7312399463115699,-0.26876005368843014,0.5845986932193278,1,1,0,1,1
20210211T163501.A_Elmo.B_DL.SCP_01,133,A5,1.0,-0.7340828007402866,-1.7340828007402866,0.11628849436838368,1,-1,1,1,1
20210211T163501.A_Elmo.B_DL.SCP_01,134,A5,0.6071661333049189,0.9382687272926133,0.3311025939876945,0.07033282921897668,1,1,0,1,1
20210211T163501.A_Elmo.B_DL.SCP_01,135,A5,-0.6661491046388021,-1.0,-0.33385089536119794,0.2096994887324507,-1,-1,0,1,0
20210211T163501.A_Elmo.B_DL.SCP_01,136,A5,0.13059441652221698,0.07006553792212974,-0.06052887860008724,-0.1747705260974638,1,1,0,1,1
20210211T163501.A_Elmo.B_DL.SCP_01,137,A5,-0.35431885069203334,0.3163404481107438,0.6706592988027771,0.20137880700078425,-1,1,1,1,0
20210211T163501.A_Elmo.B_DL.SCP_01,138,A5,1.0,1.0,0.0,-0.26032781875163274,1,1,0,0,0
20210211T163501.A_Elmo.B_DL.SCP_01,139,A5,1.0,0.7498335649944255,-0.25016643500557445,0.007548851115949014,1,1,0,0,0
20210211T163501.A_Elmo.B_DL.SCP_01,140,A5,0.42803800065754594,1.0,0.5719619993424541,-0.08866390060076153,1,1,0,0,0
20210211T163501.A_Elmo.B_DL.SCP_01,141,A5,-1.0,-0.05524807991812142,0.9447519200818786,0.08055758866152651,-1,-1,0,1,0
20210211T163501.A_Elmo.B_DL.SCP_01,142,A5,-1.0,-0.6430651909141918,0.3569348090858082,-0.1357398542654612,-1,-1,0,0,0
20210211T163501.A_Elmo.B_DL.SCP_01,143,A5,1.0,0.8462238531769717,-0.15377614682302831,-0.2658874341535946,1,1,0,0,0
20210211T163501.A_Elmo.B_DL.SCP_01,144,A5,-1.0,-1.0,0.0,0.1971616571242772,-1,-1,0,0,0
20210211T163501.A_Elmo.B_DL.SCP_01,145,A5,-0.2932082204778952,-0.9177090728717167,-0.6245008523938215,0.11025116482731277,-1,-1,0,1,0
20210211T163501.A_Elmo.B_DL.SCP_01,146,A5,-1.0,-1.0,0.0,0.32227302649920014,-1,-1,0,1,1
20210211T163501.A_Elmo.B_DL.SCP_01,147,A5,-0.7264434679576938,1.0,1.7264434679576937,-0.1853343402634635,-1,1,1,0,0
20210211T163501.A_Elmo.B_DL.SCP_01,148,A5,-1.0,0.4505692559172623,1.4505692559172623,0.007886795612735151,-1,1,1,0,0
20210211T163501.A_Elmo.B_DL.SCP_01,149,A5,0.45434523343484917,-0.08990357343626315,-0.5442488068711123,0.09735639453697405,1,-1,1,1,0
20210211T163501.A_Elmo.B_DL.SCP_01,150,A5,-0.27740757254472986,0.5299624703765662,0.807370042921296,-0.2901087991691205,-1,1,1,1,0
20210211T163501.A_Elmo.B_DL.SCP_01,151,A5,-0.10161979877917496,-0.5402522479252192,-0.43863244914604427,-0.1363338428492093,-1,-1,0,1,0
20210211T163501.A_Elmo.B_DL.SCP_01,152,A5,-0.7102826303330704,-0.5038180242653187,0.20646460606775163,0.23404993361542184,-1,-1,0,1,1
20210211T163501.A_Elmo.B_DL.SCP_01,153,A5,-0.7274640827850029,0.5684086736710643,1.2958727564560673,0.1777340682611264,-1,1,1,1,0
20210211T163501.A_Elmo.B_DL.SCP_01,154,A5,-0.2943596722850959,-0.6260343087721143,-0.3316746364870184,0.09091435596621315,-1,-1,0,1,0
20210211T163501.A_Elmo.B_DL.SCP_01,155,A5,0.03494312397691771,0.6319383719982091,0.5969952480212914,0.16519139111151032,1,1,0,1,0
20210211T163501.A_Elmo.B_DL.SCP_01,156,A5,-0.8503093459091878,0.2957811565587549,1.1460905024679429,-0.09169881889468501,-1,1,1,0,0
20210211T163501.A_Elmo.B_DL.SCP_01,157,A5,0.6899438230641664,1.0,0.31005617693583365,-0.05411907593829675,1,1,0,0,0
20210211T163501.A_Elmo.B_DL.SCP_01,158,A5,0.9466325867515902,-0.5238072267943157,-1.470439813545906,0.22144554054806154,1,-1,1,1,0
20210211T163501.A_Elmo.B_DL.SCP_01,159,A5,-0.2897715936290024,-0.0866990661890926,0.2030725274399098,0.10616932833160982,-1,-1,0,1,0
20210211T163501.A_Elmo.B_DL.SCP_01,160,A5,0.41930709782267706,0.026519492381378747,-0.3927876054412983,0.04818857031775484,1,1,0,1,0
20210218T131636.A_Elmo.B_FS.SCP_01,1,A1,0.14435835233902078,-0.06456689792128367,-0.20892525026030445,0.062024184319446264,1,-1,1,1,1
20210218T131636.A_Elmo.B_FS.SCP_01,2,A1,0.5329367510375507,0.41100144249318304,-0.12193530854436763,0.5632332871103236,1,1,0,1,1
20210218T131636.A_Elmo.B_FS.SCP_01,3,A1,0.7282155315665619,0.09495634293515409,-0.6332591886314078,0.20449687680068324,1,1,0,1,1
20210218T131636.A_Elmo.B_FS.SCP_01,4,A1,-0.2118907069793008,-0.012710034741109323,0.19918067223819147,0.10779326100231192,-1,-1,0,1,1
20210218T131636.A_Elmo.B_FS.SCP_01,5,A1,1.0,0.03624586441218679,-0.9637541355878132,0.0925925826553058,1,1,0,1,0
20210218T131636.A_Elmo.B_FS.SCP_01,6,A1,0.19807207302783886,0.061096619511963365,-0.13697545351587548,0.22997559463722006,1,1,0,1,1
20210218T131636.A_Elmo.B_FS.SCP_01,7,A1,0.45654605514224683,-0.19489604591970816,-0.651442101061955,-0.06241673855997025,1,-1,1,0,0
20210218T131636.A_Elmo.B_FS.SCP_01,8,A1,-0.14940064945044745,0.18219416644282682,0.3315948158932743,0.16162522374880553,-1,1,1,0,1
20210218T131636.A_Elmo.B_FS.SCP_01,9,A1,0.5512973543789235,0.04702160921840418,-0.5042757451605193,-0.09345031762174148,1,1,0,0,0
20210218T131636.A_Elmo.B_FS.SCP_01,10,A1,-1.0,-1.0,0.0,-0.14775943566577426,-1,-1,0,1,1
20210218T131636.A_Elmo.B_FS.SCP_01,11,A1,-1.0,-1.0,0.0,-0.04093276776087701,-1,-1,0,1,1
20210218T131636.A_Elmo.B_FS.SCP_01,12,A1,-0.3272843662634887,-0.20362288099994635,0.12366148526354237,0.29302598597942997,-1,-1,0,1,1
20210218T131636.A_Elmo.B_FS.SCP_01,13,A1,-0.1377921502485484,0.06930332914424296,0.20709547939279138,-0.06447369018792394,-1,1,1,1,1
20210218T131636.A_Elmo.B_FS.SCP_01,14,A1,0.008414013979407498,0.09097259127179536,0.08255857729238786,0.2687702426621647,1,1,0,1,1
20210218T131636.A_Elmo.B_FS.SCP_01,15,A1,-0.3409558322181441,-0.07695623850415505,0.263999593713989,-0.12585550994436656,-1,-1,0,0,1
20210218T131636.A_Elmo.B_FS.SCP_01,16,A1,-0.3779578434576478,-0.13936853848514713,0.2385893049725007,0.11347290051313691,-1,-1,0,1,1
20210218T131636.A_Elmo.B_FS.SCP_01,17,A1,-0.05487408216070944,-1.0,-0.9451259178392906,0.08867217251140899,-1,-1,0,1,1
20210218T131636.A_Elmo.B_FS.SCP_01,18,A1,0.3241387391164405,0.37018703323531227,0.04604829411887179,0.27008772851052326,1,1,0,0,1
20210218T131636.A_Elmo.B_FS.SCP_01,19,A1,0.6941212544386898,0.2030656489162747,-0.49105560552241506,0.06678119859858718,1,1,0,1,1
20210218T131636.A_Elmo.B_FS.SCP_01,20,A1,-0.22935915102733437,-0.13746919097967322,0.09188996004766115,0.7574705193192692,-1,-1,0,1,1
20210218T131636.A_Elmo.B_FS.SCP_01,21,A1,-0.14940688415037925,-1.0,-0.8505931158496207,0.09856819935131343,-1,-1,0,1,0
20210218T131636.A_Elmo.B_FS.SCP_01,22,A1,0.04698210565633789,0.0006062679887776545,-0.04637583766756023,-0.07245657533968768,1,1,0,0,0
20210218T131636.A_Elmo.B_FS.SCP_01,23,A1,-0.10829159109529508,0.04672172084119755,0.15501331193649265,0.23828197164090145,-1,1,1,0,0
20210218T131636.A_Elmo.B_FS.SCP_01,24,A1,0.8726292343532873,0.7958078525098994,-0.07682138184338794,0.8864842261346629,1,1,0,1,1
20210218T131636.A_Elmo.B_FS.SCP_01,25,A1,0.32067782994723243,0.13496663990773725,-0.18571119003949518,0.09819624107145423,1,1,0,0,0
20210218T131636.A_Elmo.B_FS.SCP_01,26,A1,1.0,1.0,0.0,0.7994404378710251,1,1,0,1,1
20210218T131636.A_Elmo.B_FS.SCP_01,27,A1,1.0,0.10809637064067701,-0.891903629359323,-0.07402278277016851,1,1,0,1,0
20210218T131636.A_Elmo.B_FS.SCP_01,28,A1,-1.0,-0.9459194865208249,0.054080513479175085,0.5586016357677626,-1,-1,0,1,1
20210218T131636.A_Elmo.B_FS.SCP_01,29,A1,1.0,0.7577202988941075,-0.24227970110589248,0.5685905756487687,1,1,0,1,1
20210218T131636.A_Elmo.B_FS.SCP_01,30,A1,1.0,0.5129188119431369,-0.48708118805686307,-0.029999284143622774,1,1,0,1,1
20210218T131636.A_Elmo.B_FS.SCP_01,31,A1,0.623099050862069,-0.298393642382062,-0.921492693244131,0.17245887257123427,1,-1,1,1,1
20210218T131636.A_Elmo.B_FS.SCP_01,32,A1,1.0,-0.08327391202589751,-1.0832739120258976,0.15606275270562045,1,-1,1,1,1
20210218T131636.A_Elmo.B_FS.SCP_01,33,A2,1.0,0.5851888258931004,-0.4148111741068996,-0.003109424873422267,1,1,0,1,1
20210218T131636.A_Elmo.B_FS.SCP_01,34,A2,0.04190255608320142,-0.08928018834630765,-0.13118274442950906,-0.028529440347215093,1,-1,1,1,1
20210218T131636.A_Elmo.B_FS.SCP_01,35,A2,0.048746637511457275,0.33612755740018674,0.2873809198887295,0.29844182200506664,1,1,0,1,1
20210218T131636.A_Elmo.B_FS.SCP_01,36,A2,1.0,0.2614300760569762,-0.7385699239430238,0.13398055516666948,1,1,0,1,1
20210218T131636.A_Elmo.B_FS.SCP_01,37,A2,-0.21024558809259858,-0.6582804509542945,-0.44803486286169597,0.01984276462912407,-1,-1,0,0,0
20210218T131636.A_Elmo.B_FS.SCP_01,38,A2,-0.16505619795415397,0.023847884374115853,0.18890408232826983,0.06984793249770255,-1,1,1,0,0
20210218T131636.A_Elmo.B_FS.SCP_01,39,A2,-0.6458424067518411,-1.0,-0.3541575932481589,0.7416889811258416,-1,-1,0,1,1
20210218T131636.A_Elmo.B_FS.SCP_01,40,A2,0.023860819035796694,-1.0,-1.0238608190357967,-0.11405064127474242,1,-1,1,0,0
20210218T131636.A_Elmo.B_FS.SCP_01,41,A2,-1.0,0.2661807192800898,1.2661807192800898,0.339695545594893,-1,1,1,1,1
20210218T131636.A_Elmo.B_FS.SCP_01,42,A2,0.10187407342570973,-0.028292986032010258,-0.13016705945771997,0.09958927298519889,1,-1,1,0,0
20210218T131636.A_Elmo.B_FS.SCP_01,43,A2,-0.6546406473380694,-0.27053880774004374,0.38410183959802563,0.18868800804982133,-1,-1,0,0,0
20210218T131636.A_Elmo.B_FS.SCP_01,44,A2,-0.7320980785544066,-0.7545191693705968,-0.02242109081619026,0.0003762682081269616,-1,-1,0,0,0
20210218T131636.A_Elmo.B_FS.SCP_01,45,A2,-0.08281790981742336,-0.3544851385096848,-0.27166722869226145,-0.06929985014816628,-1,-1,0,0,0
20210218T131636.A_Elmo.B_FS.SCP_01,46,A2,-0.06259817555358949,-0.09200638999756411,-0.029408214443974623,0.10493236957068061,-1,-1,0,0,0
20210218T131636.A_Elmo.B_FS.SCP_01,47,A2,1.0,-0.2439469583329013,-1.2439469583329013,0.1868730531973216,1,-1,1,0,0
20210218T131636.A_Elmo.B_FS.SCP_01,48,A2,0.0523956223101346,-1.0,-1.0523956223101345,-0.01592916258016986,1,-1,1,0,0
20210218T131636.A_Elmo.B_FS.SCP_01,49,A2,-0.5984002171920455,-1.0,-0.4015997828079545,0.8117575089950495,-1,-1,0,1,1
20210218T131636.A_Elmo.B_FS.SCP_01,50,A2,-0.0703457427780957,0.20169591135258336,0.27204165413067904,-0.023023875279478166,-1,1,1,0,0
20210218T131636.A_Elmo.B_FS.SCP_01,51,A2,0.12269933928624578,0.16900565831991327,0.046306319033667484,0.16096764145502385,1,1,0,0,0
20210218T131636.A_Elmo.B_FS.SCP_01,52,A2,1.0,0.20084670650453149,-0.7991532934954685,0.4259862684662098,1,1,0,1,0
20210218T131636.A_Elmo.B_FS.SCP_01,53,A2,1.0,0.006710502381180428,-0.9932894976188196,-0.09577369960891173,1,1,0,1,0
20210218T131636.A_Elmo.B_FS.SCP_01,54,A2,0.3780217519367041,1.0,0.6219782480632958,0.4848314362990701,1,1,0,1,1
20210218T131636.A_Elmo.B_FS.SCP_01,55,A2,-0.1423000835932359,-1.0,-0.8576999164067641,0.8168362791585475,-1,-1,0,1,1
20210218T131636.A_Elmo.B_FS.SCP_01,56,A2,-0.7236923456171681,-0.07899531099502634,0.6446970346221418,0.1577511392414518,-1,-1,0,0,0
20210218T131636.A_Elmo.B_FS.SCP_01,57,A2,-0.4157247959223888,-0.25292246592878354,0.16280232999360528,0.4900387311598894,-1,-1,0,1,1
20210218T131636.A_Elmo.B_FS.SCP_01,58,A2,0.54903268165003,-0.20383047661427559,-0.7528631582643056,-0.11247643049426681,1,-1,1,0,0
20210218T131636.A_Elmo.B_FS.SCP_01,59,A2,-1.0,-1.0,0.0,0.42944507023871337,-1,-1,0,1,1
20210218T131636.A_Elmo.B_FS.SCP_01,60,A2,-0.2110664836274656,-0.0780303528283231,0.1330361307991425,-0.1602873477790426,-1,-1,0,0,0
20210218T131636.A_Elmo.B_FS.SCP_01,61,A2,-1.0,-0.2940073381080975,0.7059926618919026,0.16352364780532952,-1,-1,0,0,0
20210218T131636.A_Elmo.B_FS.SCP_01,62,A2,-0.020028978812216366,0.41588394334922424,0.4359129221614406,-0.12610303861896482,-1,1,1,0,0
20210218T131636.A_Elmo.B_FS.SCP_01,63,A2,-1.0,-0.7309631868385414,0.26903681316145855,0.14338604337963687,-1,-1,0,1,1
20210218T131636.A_Elmo.B_FS.SCP_01,64,A2,-0.20961531660565194,-0.33967905174892893,-0.130063735143277,0.22322614433606058,-1,-1,0,1,0
20210218T131636.A_Elmo.B_FS.SCP_01,65,A3,0.3140950609816475,0.3278625390775781,0.013767478095930596,0.2897244623820691,1,1,0,1,1
20210218T131636.A_Elmo.B_FS.SCP_01,66,A3,-0.35458293528223034,-0.5176949474492084,-0.16311201216697807,0.44210455233780743,-1,-1,0,1,1
20210218T131636.A_Elmo.B_FS.SCP_01,67,A3,-0.027175829775411713,1.0,1.0271758297754117,-0.13371725771723109,-1,1,1,0,0
20210218T131636.A_Elmo.B_FS.SCP_01,68,A3,-0.03844513855193589,0.022373908345416388,0.06081904689735228,-0.04773121741107649,-1,1,1,0,0
20210218T131636.A_Elmo.B_FS.SCP_01,69,A3,0.05628984525197416,-0.3648086545316048,-0.421098499783579,0.0013440030614026805,1,-1,1,0,0
20210218T131636.A_Elmo.B_FS.SCP_01,70,A3,-0.10810673268450421,-0.04850623891693387,0.059600493767570345,0.07793560930785974,-1,-1,0,0,0
20210218T131636.A_Elmo.B_FS.SCP_01,71,A3,-0.07922833507230118,-0.2396703520723558,-0.16044201700005462,0.0985013787398954,-1,-1,0,1,1
20210218T131636.A_Elmo.B_FS.SCP_01,72,A3,0.14774352120679565,-0.3926089701754066,-0.5403524913822022,-0.19815948747676176,1,-1,1,0,0
20210218T131636.A_Elmo.B_FS.SCP_01,73,A3,-1.0,-0.0237813562676193,0.9762186437323807,0.10983552937720313,-1,-1,0,0,1
20210218T131636.A_Elmo.B_FS.SCP_01,74,A3,0.03658893930860659,-0.03600809094273677,-0.07259703025134337,0.12016882889769354,1,-1,1,0,0
20210218T131636.A_Elmo.B_FS.SCP_01,75,A3,1.0,0.31314960878847187,-0.6868503912115281,0.23128827251604164,1,1,0,1,1
20210218T131636.A_Elmo.B_FS.SCP_01,76,A3,-0.014470065354550879,-0.17053792170883997,-0.1560678563542891,0.46376083872960555,-1,-1,0,0,0
20210218T131636.A_Elmo.B_FS.SCP_01,77,A3,0.4380966468211199,0.6084797129335606,0.17038306611244075,0.2390693605183474,1,1,0,1,1
20210218T131636.A_Elmo.B_FS.SCP_01,78,A3,-0.09083742357288374,-0.28765382883050067,-0.19681640525761693,0.10566031462115638,-1,-1,0,1,1
20210218T131636.A_Elmo.B_FS.SCP_01,79,A3,1.0,-0.14774017914079574,-1.1477401791407957,0.28554782712401505,1,-1,1,1,1
20210218T131636.A_Elmo.B_FS.SCP_01,80,A3,1.0,-0.06645598467995116,-1.066455984679951,-0.03336548403572677,1,-1,1,0,1
20210218T131636.A_Elmo.B_FS.SCP_01,81,A3,0.2455597851564645,-0.07682705645084088,-0.3223868416073054,0.007347912758422766,1,-1,1,1,1
20210218T131636.A_Elmo.B_FS.SCP_01,82,A3,-0.06076133017158722,0.055801000721301446,0.11656233089288867,-0.01735593865025533,-1,1,1,0,0
20210218T131636.A_Elmo.B_FS.SCP_01,83,A3,-0.0625156829699775,-0.2989460573637911,-0.2364303743938136,0.03530020807376355,-1,-1,0,0,1
20210218T131636.A_Elmo.B_FS.SCP_01,84,A3,0.07478096331785138,-0.21948941613465836,-0.2942703794525097,-0.04055542059103361,1,-1,1,0,1
20210218T131636.A_Elmo.B_FS.SCP_01,85,A3,0.14577751775648992,-0.15994756673816754,-0.30572508449465746,0.012301181752533693,1,-1,1,0,0
20210218T131636.A_Elmo.B_FS.SCP_01,86,A3,-0.3645081761846836,0.10505680990948187,0.46956498609416547,0.062085035063245766,-1,1,1,0,0
20210218T131636.A_Elmo.B_FS.SCP_01,87,A3,-1.0,-1.0,0.0,-0.17933203795406016,-1,-1,0,0,0
20210218T131636.A_Elmo.B_FS.SCP_01,88,A3,-0.0321544269480798,0.13631350173818013,0.16846792868625993,-0.10530799270161398,-1,1,1,0,0
20210218T131636.A_Elmo.B_FS.SCP_01,89,A3,0.01072317926960828,0.29569349247203647,0.28497031320242816,-0.016134190421089423,1,1,0,0,0
20210218T131636.A_Elmo.B_FS.SCP_01,90,A3,0.1142041054683506,-1.0,-1.1142041054683507,0.08076438353790652,1,-1,1,0,0
20210218T131636.A_Elmo.B_FS.SCP_01,91,A3,0.032036584515214524,0.17295643939950503,0.1409198548842905,-0.14553892814488298,1,1,0,1,0
20210218T131636.A_Elmo.B_FS.SCP_01,92,A3,0.1862627269843409,0.5796698259055895,0.3934070989212486,-0.0893116349584671,1,1,0,0,0
20210218T131636.A_Elmo.B_FS.SCP_01,93,A3,-0.012829305912989381,0.05421970455019724,0.06704901046318662,-0.24423674316393978,-1,1,1,1,1
20210218T131636.A_Elmo.B_FS.SCP_01,94,A3,0.8917668814553262,-0.16693518676347058,-1.0587020682187969,-0.34813749845072983,1,-1,1,0,1
20210218T131636.A_Elmo.B_FS.SCP_01,95,A3,-0.12220666659214305,-0.4457643817361424,-0.32355771514399934,0.15641304193327615,-1,-1,0,0,1
20210218T131636.A_Elmo.B_FS.SCP_01,96,A3,-0.14263463528667322,0.026335964525333773,0.168970599812007,-0.0822359275953599,-1,1,1,0,0
20210218T131636.A_Elmo.B_FS.SCP_01,97,A4,0.22131647630980056,0.3619516538966502,0.14063517758684962,0.5643727578402117,1,1,0,1,1
20210218T131636.A_Elmo.B_FS.SCP_01,98,A4,-0.03082617706142431,0.22859459410549196,0.25942077116691625,0.27014071264450035,-1,1,1,1,1
20210218T131636.A_Elmo.B_FS.SCP_01,99,A4,0.21924462541382567,0.6862040093104251,0.46695938389659947,0.2046690464229518,1,1,0,1,1
20210218T131636.A_Elmo.B_FS.SCP_01,100,A4,0.831260922992394,1.0,0.16873907700760604,0.554283635880894,1,1,0,1,1
20210218T131636.A_Elmo.B_FS.SCP_01,101,A4,0.5288671892648933,1.0,0.4711328107351067,0.7939245274763618,1,1,0,1,1
20210218T131636.A_Elmo.B_FS.SCP_01,102,A4,0.12725247869285825,0.3293051902225812,0.20205271152972296,0.3740420383300087,1,1,0,1,1
20210218T131636.A_Elmo.B_FS.SCP_01,103,A4,-0.23184153285025214,-1.0,-0.7681584671497479,0.31072124243392857,-1,-1,0,1,1
20210218T131636.A_Elmo.B_FS.SCP_01,104,A4,-0.010207368495233937,1.0,1.010207368495234,0.14955530657842972,-1,1,1,1,1
20210218T131636.A_Elmo.B_FS.SCP_01,105,A4,-0.018396821105142656,-0.11509544907080412,-0.09669862796566146,0.10723536260466945,-1,-1,0,1,1
20210218T131636.A_Elmo.B_FS.SCP_01,106,A4,-0.16307018745692475,-0.19144289719682467,-0.028372709739899915,0.4827326770765245,-1,-1,0,1,1
20210218T131636.A_Elmo.B_FS.SCP_01,107,A4,-0.09034719776579686,-0.3445413566006753,-0.25419415883487845,0.5015495790183646,-1,-1,0,1,1
20210218T131636.A_Elmo.B_FS.SCP_01,108,A4,-0.8295005897264819,0.06307732876608022,0.8925779184925621,-0.09555007290590653,-1,1,1,1,1
20210218T131636.A_Elmo.B_FS.SCP_01,109,A4,-0.1371764150729442,-0.017135232518940068,0.12004118255400413,0.28753182741255484,-1,-1,0,1,1
20210218T131636.A_Elmo.B_FS.SCP_01,110,A4,-0.36573485573901565,-0.11646457405247723,0.24927028168653842,-0.06111976702355286,-1,-1,0,1,1
20210218T131636.A_Elmo.B_FS.SCP_01,111,A4,-0.17087237569783756,-0.017396866033283758,0.1534755096645538,0.5736230923224275,-1,-1,0,1,1
20210218T131636.A_Elmo.B_FS.SCP_01,112,A4,0.045867726689418596,0.014913714813824882,-0.030954011875593712,0.40675391796477434,1,1,0,1,1
20210218T131636.A_Elmo.B_FS.SCP_01,113,A4,0.1748103056503524,0.3196673808512137,0.1448570752008613,0.6844984294247783,1,1,0,1,1
20210218T131636.A_Elmo.B_FS.SCP_01,114,A4,-0.2990095520564653,-0.38353708410656806,-0.08452753205010277,0.7885087112054104,-1,-1,0,1,1
20210218T131636.A_Elmo.B_FS.SCP_01,115,A4,0.39175063108369124,0.6713967811548184,0.27964615007112714,0.8069056607406804,1,1,0,1,1
20210218T131636.A_Elmo.B_FS.SCP_01,116,A4,0.06263735260023906,0.3895423585035442,0.3269050059033051,0.4176002831006304,1,1,0,1,1
20210218T131636.A_Elmo.B_FS.SCP_01,117,A4,-0.420214583058568,-1.0,-0.579785416941432,0.927804940251729,-1,-1,0,1,1
20210218T131636.A_Elmo.B_FS.SCP_01,118,A4,-0.059695028239392364,-0.1790158779895472,-0.11932084975015485,0.8095867369059117,-1,-1,0,1,1
20210218T131636.A_Elmo.B_FS.SCP_01,119,A4,0.4381570350247035,1.0,0.5618429649752965,0.4824888650816185,1,1,0,1,1
20210218T131636.A_Elmo.B_FS.SCP_01,120,A4,-0.7046301146916867,-0.4622891130535658,0.2423410016381209,0.911028569493048,-1,-1,0,1,1
20210218T131636.A_Elmo.B_FS.SCP_01,121,A4,-0.1692094502998111,-0.1631729176209788,0.006036532678832307,0.4967355361686229,-1,-1,0,1,1
20210218T131636.A_Elmo.B_FS.SCP_01,122,A4,0.15412301031615547,0.2463265852185731,0.09220357490241762,0.8169318642305167,1,1,0,1,1
20210218T131636.A_Elmo.B_FS.SCP_01,123,A4,-0.029086136867958773,-0.10802252174885253,-0.07893638488089376,-0.3175799578927153,-1,-1,0,1,1
20210218T131636.A_Elmo.B_FS.SCP_01,124,A4,-0.0012092795011515568,0.03711623967941393,0.03832551918056549,0.7281340725925354,-1,1,1,1,1
20210218T131636.A_Elmo.B_FS.SCP_01,125,A4,-0.086267847868451,-0.11528981238708942,-0.02902196451863842,0.3519921848898559,-1,-1,0,1,1
20210218T131636.A_Elmo.B_FS.SCP_01,126,A4,-0.04125337392773531,-0.05035068911967212,-0.009097315191936815,0.8632658136936323,-1,-1,0,1,1
20210218T131636.A_Elmo.B_FS.SCP_01,127,A4,0.07847303294206588,0.1329146150409894,0.05444158209892351,0.5599667067091292,1,1,0,1,1
20210218T131636.A_Elmo.B_FS.SCP_01,128,A4,0.04859802295130878,0.19864456359474214,0.15004654064343337,0.4213887544289765,1,1,0,1,1
20210218T131636.A_Elmo.B_FS.SCP_01,129,A5,-1.0,-1.0,0.0,0.5151331556823593,-1,-1,0,1,1
20210218T131636.A_Elmo.B_FS.SCP_01,130,A5,-0.10475545541041414,-0.27303470443308886,-0.16827924902267472,-0.016395008145617552,-1,-1,0,1,1
20210218T131636.A_Elmo.B_FS.SCP_01,131,A5,0.0973211993279868,0.4603396796921145,0.36301848036412765,0.772634084798758,1,1,0,1,1
20210218T131636.A_Elmo.B_FS.SCP_01,132,A5,1.0,1.0,0.0,0.35067020078556804,1,1,0,1,1
20210218T131636.A_Elmo.B_FS.SCP_01,133,A5,0.2878000406309643,1.0,0.7121999593690357,0.5033069004301352,1,1,0,1,1
20210218T131636.A_Elmo.B_FS.SCP_01,134,A5,0.9080102772210122,1.0,0.09198972277898776,0.3251468971001765,1,1,0,1,1
20210218T131636.A_Elmo.B_FS.SCP_01,135,A5,-0.19526397881145996,-1.0,-0.80473602118854,0.6757945067789753,-1,-1,0,1,1
20210218T131636.A_Elmo.B_FS.SCP_01,136,A5,0.3051508146343956,1.0,0.6948491853656045,0.7456129171908722,1,1,0,1,1
20210218T131636.A_Elmo.B_FS.SCP_01,137,A5,-0.864398654193617,0.007945969084879514,0.8723446232784966,0.055444741814734355,-1,1,1,0,1
20210218T131636.A_Elmo.B_FS.SCP_01,138,A5,0.4090992366010068,0.00399831556718475,-0.405100921033822,-0.07538355634877543,1,1,0,0,0
20210218T131636.A_Elmo.B_FS.SCP_01,139,A5,1.0,-0.10781873783043189,-1.1078187378304318,0.22712074290790923,1,-1,1,0,0
20210218T131636.A_Elmo.B_FS.SCP_01,140,A5,-1.0,-0.17108663556130388,0.8289133644386961,-0.062462240599253906,-1,-1,0,0,0
20210218T131636.A_Elmo.B_FS.SCP_01,141,A5,-0.10687274748879852,-0.13486980756813582,-0.027997060079337305,0.09605343792449184,-1,-1,0,1,1
20210218T131636.A_Elmo.B_FS.SCP_01,142,A5,1.0,0.0894272180244203,-0.9105727819755797,-0.05876008987103134,1,1,0,0,0
20210218T131636.A_Elmo.B_FS.SCP_01,143,A5,-0.8552842968014402,-0.5010919699920883,0.354192326809352,0.012229917742227467,-1,-1,0,1,0
20210218T131636.A_Elmo.B_FS.SCP_01,144,A5,-0.1468038739026124,-0.004019217801924476,0.14278465610068794,0.06327697297588347,-1,-1,0,0,0
20210218T131636.A_Elmo.B_FS.SCP_01,145,A5,0.10278143033876012,1.0,0.8972185696612399,0.07558304041543165,1,1,0,1,1
20210218T131636.A_Elmo.B_FS.SCP_01,146,A5,0.395731068006159,-0.02026789890971258,-0.41599896691587157,0.2888258197827089,1,-1,1,1,1
20210218T131636.A_Elmo.B_FS.SCP_01,147,A5,-0.39650524835907963,-0.5429858592660116,-0.14648061090693199,-0.020020157644231894,-1,-1,0,0,1
20210218T131636.A_Elmo.B_FS.SCP_01,148,A5,-0.2819368089232394,-0.3166655801826007,-0.0347287712593613,0.031679449383257535,-1,-1,0,1,1
20210218T131636.A_Elmo.B_FS.SCP_01,149,A5,0.5219152907688129,0.48981446572742476,-0.03210082504138817,0.9097958531802083,1,1,0,1,1
20210218T131636.A_Elmo.B_FS.SCP_01,150,A5,-0.12834972058641464,0.18934338944478024,0.3176931100311949,0.36027175890993174,-1,1,1,1,1
20210218T131636.A_Elmo.B_FS.SCP_01,151,A5,-0.14557581352291807,0.4074416095541903,0.5530174230771083,0.150981667918131,-1,1,1,1,1
20210218T131636.A_Elmo.B_FS.SCP_01,152,A5,-0.15535922119938134,-0.5176900901535528,-0.3623308689541715,0.4748834506885649,-1,-1,0,1,1
20210218T131636.A_Elmo.B_FS.SCP_01,153,A5,-0.3446638532955633,-0.06824239234151584,0.27642146095404746,0.1832576316265896,-1,-1,0,1,1
20210218T131636.A_Elmo.B_FS.SCP_01,154,A5,-0.17704545013760206,-0.7334667287377781,-0.556421278600176,0.45405996008498434,-1,-1,0,1,1
20210218T131636.A_Elmo.B_FS.SCP_01,155,A5,0.11749219206225374,-0.0027387155322651418,-0.12023090759451888,-0.3161632668151678,1,-1,1,0,1
20210218T131636.A_Elmo.B_FS.SCP_01,156,A5,1.0,-0.3273866958338717,-1.3273866958338716,-0.2808412826014181,1,-1,1,1,0
20210218T131636.A_Elmo.B_FS.SCP_01,157,A5,0.02962010068654785,0.17605497682589316,0.1464348761393453,-0.18326416593291323,1,1,0,0,0
20210218T131636.A_Elmo.B_FS.SCP_01,158,A5,-0.10339545760089323,-0.302421646118521,-0.19902618851762777,-0.05760572652072239,-1,-1,0,1,1
20210218T131636.A_Elmo.B_FS.SCP_01,159,A5,-0.004108388589193102,-0.3331567883828257,-0.3290483997936326,0.03420151221854529,-1,-1,0,1,1
20210218T131636.A_Elmo.B_FS.SCP_01,160,A5,-0.6845511907864357,0.12317238274756068,0.8077235735339964,-0.10130795208656668,-1,1,1,1,1
20210219T145809.A_Elmo.B_DL.SCP_01,1,A1,0.055571652957598645,0.06059749501174851,0.005025842054149868,-0.12744534051677545,1,1,0,1,1
20210219T145809.A_Elmo.B_DL.SCP_01,2,A1,1.0,0.45533454102075754,-0.5446654589792425,0.7855732952409232,1,1,0,1,1
20210219T145809.A_Elmo.B_DL.SCP_01,3,A1,-1.0,1.0,2.0,0.09600460471108661,-1,1,1,1,0
20210219T145809.A_Elmo.B_DL.SCP_01,4,A1,-0.987401264635611,-0.005951299801814516,0.9814499648337964,-0.03026542216297706,-1,-1,0,1,1
20210219T145809.A_Elmo.B_DL.SCP_01,5,A1,0.0921663933388571,0.031710723759585516,-0.06045566957927158,-0.048285440981155954,1,1,0,1,1
20210219T145809.A_Elmo.B_DL.SCP_01,6,A1,0.15112623374573397,-0.46236733975405736,-0.6134935734997913,-0.07667028300126554,1,-1,1,1,0
20210219T145809.A_Elmo.B_DL.SCP_01,7,A1,0.058349049156479184,0.5314515866204379,0.4731025374639587,0.1308516315554175,1,1,0,0,0
20210219T145809.A_Elmo.B_DL.SCP_01,8,A1,0.16273246598840332,-0.059890371482256545,-0.22262283747065986,-0.3038570979792599,1,-1,1,0,1
20210219T145809.A_Elmo.B_DL.SCP_01,9,A1,1.0,0.3577970176281416,-0.6422029823718585,0.2954035967582203,1,1,0,1,1
20210219T145809.A_Elmo.B_DL.SCP_01,10,A1,-0.7171887106655933,-1.0,-0.2828112893344067,-0.03803755977487549,-1,-1,0,1,1
20210219T145809.A_Elmo.B_DL.SCP_01,11,A1,-1.0,-1.0,0.0,0.28195729806352354,-1,-1,0,1,0
20210219T145809.A_Elmo.B_DL.SCP_01,12,A1,-0.40871996061103993,-0.014966351116907623,0.3937536094941323,0.5862827783907225,-1,-1,0,1,1
20210219T145809.A_Elmo.B_DL.SCP_01,13,A1,0.016710475417517072,-1.0,-1.0167104754175171,-0.21502286176461,1,-1,1,1,1
20210219T145809.A_Elmo.B_DL.SCP_01,14,A1,-0.9821485532220681,0.46392028912101196,1.44606884234308,-0.14046032676288467,-1,1,1,1,1
20210219T145809.A_Elmo.B_DL.SCP_01,15,A1,0.05028614514141596,-1.0,-1.050286145141416,0.13760043020004156,1,-1,1,0,0
20210219T145809.A_Elmo.B_DL.SCP_01,16,A1,-1.0,-0.11793304218806026,0.8820669578119398,0.22612685901106144,-1,-1,0,1,1
20210219T145809.A_Elmo.B_DL.SCP_01,17,A1,0.3122311690154462,-1.0,-1.3122311690154462,0.07042416820237582,1,-1,1,1,0
20210219T145809.A_Elmo.B_DL.SCP_01,18,A1,0.04867501883285775,0.26543750776387415,0.2167624889310164,0.0241534411059849,1,1,0,1,1
20210219T145809.A_Elmo.B_DL.SCP_01,19,A1,-0.05588550169208435,0.47733177659380815,0.5332172782858925,0.017672680491971064,-1,1,1,1,1
20210219T145809.A_Elmo.B_DL.SCP_01,20,A1,-0.15581029661559284,-0.03863800323037077,0.11717229338522207,0.5774094634249117,-1,-1,0,1,1
20210219T145809.A_Elmo.B_DL.SCP_01,21,A1,-0.14312731385705724,-0.03551330242375977,0.10761401143329746,0.012125223578360333,-1,-1,0,0,1
20210219T145809.A_Elmo.B_DL.SCP_01,22,A1,-0.06750265597728279,-0.003492340699350873,0.06401031527793191,-0.11658333384493377,-1,-1,0,0,1
20210219T145809.A_Elmo.B_DL.SCP_01,23,A1,-0.15819696483706003,-0.35743265504833976,-0.19923569021127974,0.25462336583022765,-1,-1,0,1,0
20210219T145809.A_Elmo.B_DL.SCP_01,24,A1,1.0,0.5769198256993872,-0.42308017430061284,0.8388924235937799,1,1,0,1,1
20210219T145809.A_Elmo.B_DL.SCP_01,25,A1,-1.0,0.3132240945456782,1.3132240945456781,0.1111044353061339,-1,1,1,0,0
20210219T145809.A_Elmo.B_DL.SCP_01,26,A1,1.0,1.0,0.0,0.8771477136361306,1,1,0,1,1
20210219T145809.A_Elmo.B_DL.SCP_01,27,A1,0.2441910407606901,0.0901526396261039,-0.1540384011345862,-0.11904336276443812,1,1,0,1,0
20210219T145809.A_Elmo.B_DL.SCP_01,28,A1,-1.0,-1.0,0.0,0.6435072149751414,-1,-1,0,1,1
20210219T145809.A_Elmo.B_DL.SCP_01,29,A1,0.6198323865307158,0.19789232650775343,-0.42194006002296236,-0.3391331648540572,1,1,0,1,0
20210219T145809.A_Elmo.B_DL.SCP_01,30,A1,0.012234065389152485,0.08208465274575645,0.06985058735660396,-0.0032748491142041737,1,1,0,1,1
20210219T145809.A_Elmo.B_DL.SCP_01,31,A1,-0.09441939829341171,0.12493515974678464,0.21935455804019635,-0.038477520684660274,-1,1,1,1,0
20210219T145809.A_Elmo.B_DL.SCP_01,32,A1,-0.8235295503268226,0.12104378443134013,0.9445733347581627,0.23701764349936613,-1,1,1,1,1
20210219T145809.A_Elmo.B_DL.SCP_01,33,A2,0.1910911351053421,0.3067446776902672,0.1156535425849251,0.16446958322292685,1,1,0,1,1
20210219T145809.A_Elmo.B_DL.SCP_01,34,A2,-0.1811254492652543,-0.05581359674217338,0.12531185252308094,0.10737365332715494,-1,-1,0,1,1
20210219T145809.A_Elmo.B_DL.SCP_01,35,A2,0.166975465375684,0.5033676629983266,0.3363921976226426,0.07509689479988209,1,1,0,1,1
20210219T145809.A_Elmo.B_DL.SCP_01,36,A2,0.10399713263162873,0.427433060367937,0.32343592773630825,0.0230480949175807,1,1,0,1,1
20210219T145809.A_Elmo.B_DL.SCP_01,37,A2,0.05207108706912997,-0.04344896021822702,-0.095520047287357,0.2053349200000572,1,-1,1,0,0
20210219T145809.A_Elmo.B_DL.SCP_01,38,A2,-0.031693262696764424,-0.012516966228002184,0.01917629646876224,-0.025388141528206665,-1,-1,0,0,0
20210219T145809.A_Elmo.B_DL.SCP_01,39,A2,-0.21263872812563941,-1.0,-0.7873612718743606,0.66474511853614,-1,-1,0,1,1
20210219T145809.A_Elmo.B_DL.SCP_01,40,A2,-0.1662586466319294,0.10268089968054267,0.2689395463124721,0.04408017474679555,-1,1,1,0,0
20210219T145809.A_Elmo.B_DL.SCP_01,41,A2,1.0,0.42008391687426033,-0.5799160831257397,0.3634699920768391,1,1,0,1,1
20210219T145809.A_Elmo.B_DL.SCP_01,42,A2,0.5683696600440795,-0.41640225319727564,-0.9847719132413552,0.029020143721460383,1,-1,1,0,0
20210219T145809.A_Elmo.B_DL.SCP_01,43,A2,-0.021254885981090522,0.1781221723853078,0.19937705836639832,0.2642408517675112,-1,1,1,0,0
20210219T145809.A_Elmo.B_DL.SCP_01,44,A2,-0.2908095480595374,-0.29570122652967756,-0.0048916784701401594,-0.019908450844178756,-1,-1,0,0,0
20210219T145809.A_Elmo.B_DL.SCP_01,45,A2,-0.06637425570756245,-1.0,-0.9336257442924376,0.15771846663335307,-1,-1,0,1,0
20210219T145809.A_Elmo.B_DL.SCP_01,46,A2,0.12979180548514901,0.7063297570268163,0.5765379515416673,0.3648762688521964,1,1,0,0,0
20210219T145809.A_Elmo.B_DL.SCP_01,47,A2,0.08387875548387269,0.006911566283586462,-0.07696718920028622,0.2680840986149453,1,1,0,0,0
20210219T145809.A_Elmo.B_DL.SCP_01,48,A2,-0.12558654704663788,0.4753475900666019,0.6009341371132397,-0.32341606855346283,-1,1,1,0,0
20210219T145809.A_Elmo.B_DL.SCP_01,49,A2,-0.8053392014627448,-1.0,-0.19466079853725515,0.6897330985753598,-1,-1,0,1,1
20210219T145809.A_Elmo.B_DL.SCP_01,50,A2,0.23538522291825917,-0.034431196636978904,-0.26981641955523805,0.4414748649305131,1,-1,1,1,0
20210219T145809.A_Elmo.B_DL.SCP_01,51,A2,-0.09076222182826585,0.5808335634081957,0.6715957852364616,-0.0858034833852402,-1,1,1,1,1
20210219T145809.A_Elmo.B_DL.SCP_01,52,A2,0.12508980795310817,0.07846337878098622,-0.04662642917212195,0.12354477682184155,1,1,0,1,1
20210219T145809.A_Elmo.B_DL.SCP_01,53,A2,0.6249761809909663,0.16976313642767918,-0.45521304456328715,0.060534278697238306,1,1,0,0,0
20210219T145809.A_Elmo.B_DL.SCP_01,54,A2,0.44886271045380743,1.0,0.5511372895461926,0.5234362931990495,1,1,0,1,1
20210219T145809.A_Elmo.B_DL.SCP_01,55,A2,-0.16455045346699268,-0.18032029669572702,-0.015769843228734343,0.8080673981930482,-1,-1,0,1,1
20210219T145809.A_Elmo.B_DL.SCP_01,56,A2,0.05381397240009253,0.751604397488718,0.6977904250886254,-0.20550311013332548,1,1,0,1,0
20210219T145809.A_Elmo.B_DL.SCP_01,57,A2,0.10582918670341872,0.08651049324437447,-0.019318693459044245,-0.0361558389134567,1,1,0,1,1
20210219T145809.A_Elmo.B_DL.SCP_01,58,A2,-0.9608799217765551,0.6520156916019133,1.6128956133784684,0.0011315795642465544,-1,1,1,0,0
20210219T145809.A_Elmo.B_DL.SCP_01,59,A2,-0.6299285388767984,-1.0,-0.37007146112320155,0.2706133690576998,-1,-1,0,1,1
20210219T145809.A_Elmo.B_DL.SCP_01,60,A2,0.003194615706991654,0.04546028842168236,0.0422656727146907,-0.07256155503888685,1,1,0,0,0
20210219T145809.A_Elmo.B_DL.SCP_01,61,A2,-0.041869709442081654,0.036474341219507524,0.07834405066158917,-0.0508981024364389,-1,1,1,0,0
20210219T145809.A_Elmo.B_DL.SCP_01,62,A2,-0.028877026257288455,-0.09637575965668269,-0.06749873339939423,-0.15842565569203051,-1,-1,0,0,0
20210219T145809.A_Elmo.B_DL.SCP_01,63,A2,-1.0,-0.11970544748638558,0.8802945525136144,-0.16115985203443536,-1,-1,0,1,1
20210219T145809.A_Elmo.B_DL.SCP_01,64,A2,-0.07278285442176209,-0.09518736917169439,-0.022404514749932297,-0.02187324987184088,-1,-1,0,1,0
20210219T145809.A_Elmo.B_DL.SCP_01,65,A3,0.9870765093429807,0.0453651083132224,-0.9417114010297584,0.25891895165640955,1,1,0,1,1
20210219T145809.A_Elmo.B_DL.SCP_01,66,A3,-0.25414626934578777,-0.034297893505322384,0.21984837584046538,0.07235457861372699,-1,-1,0,1,1
20210219T145809.A_Elmo.B_DL.SCP_01,67,A3,0.027263060053916738,-0.09610684780864746,-0.1233699078625642,0.11584071828166953,1,-1,1,0,0
20210219T145809.A_Elmo.B_DL.SCP_01,68,A3,0.011530356723893187,-0.06275335247112854,-0.07428370919502172,-0.37404183167546046,1,-1,1,0,0
20210219T145809.A_Elmo.B_DL.SCP_01,69,A3,-0.01605300047357467,-0.05230205561910669,-0.03624905514553202,0.0753005047525544,-1,-1,0,1,0
20210219T145809.A_Elmo.B_DL.SCP_01,70,A3,0.027609234489921777,-0.06066400530525687,-0.08827323979517865,0.08853908254268321,1,-1,1,0,0
20210219T145809.A_Elmo.B_DL.SCP_01,71,A3,-0.0760034174427221,-0.10884867392658998,-0.03284525648386788,0.33748831165429466,-1,-1,0,1,1
20210219T145809.A_Elmo.B_DL.SCP_01,72,A3,0.11478681813595137,0.05540478117977094,-0.05938203695618043,0.012727162590520586,1,1,0,0,0
20210219T145809.A_Elmo.B_DL.SCP_01,73,A3,-0.5591996802884074,1.0,1.5591996802884074,-0.11953408515798242,-1,1,1,0,0
20210219T145809.A_Elmo.B_DL.SCP_01,74,A3,0.026556971393972843,-0.001628556564583651,-0.028185527958556493,0.22193273151609172,1,-1,1,0,0
20210219T145809.A_Elmo.B_DL.SCP_01,75,A3,0.14497681284985442,0.20701354389618307,0.06203673104632865,0.17250910720586465,1,1,0,1,0
20210219T145809.A_Elmo.B_DL.SCP_01,76,A3,0.010426062118303181,-0.08568935320919753,-0.09611541532750072,-0.19944397341191575,1,-1,1,0,0
20210219T145809.A_Elmo.B_DL.SCP_01,77,A3,0.15403073928961059,-0.6016453930095,-0.7556761322991106,-0.0436870348656946,1,-1,1,1,1
20210219T145809.A_Elmo.B_DL.SCP_01,78,A3,1.0,0.016065027330244338,-0.9839349726697557,-0.22338154853834924,1,1,0,1,0
20210219T145809.A_Elmo.B_DL.SCP_01,79,A3,1.0,-0.3287507480694757,-1.3287507480694756,-0.011096364146079075,1,-1,1,1,0
20210219T145809.A_Elmo.B_DL.SCP_01,80,A3,0.87271340582073,0.4492342933697755,-0.4234791124509545,-0.24321111109176152,1,1,0,0,0
20210219T145809.A_Elmo.B_DL.SCP_01,81,A3,0.06105339195880761,0.5315639550820157,0.4705105631232081,0.32814170512880314,1,1,0,1,1
20210219T145809.A_Elmo.B_DL.SCP_01,82,A3,-1.0,-0.2513737215013057,0.7486262784986943,-0.12557946489187966,-1,-1,0,0,0
20210219T145809.A_Elmo.B_DL.SCP_01,83,A3,0.011310585125896966,0.057755403702316827,0.04644481857641986,0.6084492237012183,1,1,0,1,1
20210219T145809.A_Elmo.B_DL.SCP_01,84,A3,0.1191942310477947,0.043518640137709105,-0.07567559091008559,0.09667144583910729,1,1,0,1,0
20210219T145809.A_Elmo.B_DL.SCP_01,85,A3,0.08783112084703214,-0.27305155777897766,-0.3608826786260098,-0.25955937207237967,1,-1,1,0,0
20210219T145809.A_Elmo.B_DL.SCP_01,86,A3,-0.6983406576400767,-1.0,-0.3016593423599233,-0.2669462384564597,-1,-1,0,0,0
20210219T145809.A_Elmo.B_DL.SCP_01,87,A3,0.026236806580669784,-0.008573141752585067,-0.03480994833325485,0.22544650694003898,1,-1,1,0,0
20210219T145809.A_Elmo.B_DL.SCP_01,88,A3,0.07488246973817456,-0.029587624549465005,-0.10447009428763956,-0.23972040656711605,1,-1,1,0,0
20210219T145809.A_Elmo.B_DL.SCP_01,89,A3,0.060863945429183865,0.24553466704426755,0.1846707216150837,-0.14385325343347566,1,1,0,0,0
20210219T145809.A_Elmo.B_DL.SCP_01,90,A3,-0.21376983477468395,-1.0,-0.7862301652253161,0.12876780585490294,-1,-1,0,0,0
20210219T145809.A_Elmo.B_DL.SCP_01,91,A3,0.0012708247188358097,0.05973139986629393,0.05846057514745812,0.05552012490660212,1,1,0,1,0
20210219T145809.A_Elmo.B_DL.SCP_01,92,A3,-0.2601814277942954,0.09210881954589366,0.35229024734018904,-0.34264267637173473,-1,1,1,0,0
20210219T145809.A_Elmo.B_DL.SCP_01,93,A3,0.10201624778140106,-1.0,-1.102016247781401,0.19858952459813983,1,-1,1,1,1
20210219T145809.A_Elmo.B_DL.SCP_01,94,A3,-0.15942778506589195,-0.1757505482906573,-0.016322763224765363,-0.12712716962515608,-1,-1,0,1,1
20210219T145809.A_Elmo.B_DL.SCP_01,95,A3,-0.009137985032441034,0.06042993829574391,0.06956792332818494,0.4113433960017757,-1,1,1,1,0
20210219T145809.A_Elmo.B_DL.SCP_01,96,A3,0.025505389147639227,0.03787858623716947,0.012373197089530243,0.028943766640407632,1,1,0,0,0
20210219T145809.A_Elmo.B_DL.SCP_01,97,A4,0.2971628789233571,0.32018304247907703,0.023020163555719952,0.8223815587366052,1,1,0,1,1
20210219T145809.A_Elmo.B_DL.SCP_01,98,A4,-0.006902400172064186,-0.14854678922505982,-0.14164438905299562,0.5661908143948555,-1,-1,0,1,1
20210219T145809.A_Elmo.B_DL.SCP_01,99,A4,0.11821104321476612,0.23621556530931662,0.11800452209455049,0.45833440452976476,1,1,0,1,1
20210219T145809.A_Elmo.B_DL.SCP_01,100,A4,0.5882123115589676,0.9845465128346202,0.39633420127565266,0.7114520146992868,1,1,0,1,1
20210219T145809.A_Elmo.B_DL.SCP_01,101,A4,0.2450458062788097,0.5747998240239931,0.3297540177451834,0.6881203819909093,1,1,0,1,1
20210219T145809.A_Elmo.B_DL.SCP_01,102,A4,0.10972744571722166,0.19147582215538475,0.08174837643816309,0.26599422591702154,1,1,0,1,1
20210219T145809.A_Elmo.B_DL.SCP_01,103,A4,-0.10968107390168672,-0.579364314687157,-0.4696832407854703,0.026586997163088065,-1,-1,0,1,1
20210219T145809.A_Elmo.B_DL.SCP_01,104,A4,0.1294492406653069,0.018278836899390572,-0.11117040376591635,0.2790570924463626,1,1,0,1,1
20210219T145809.A_Elmo.B_DL.SCP_01,105,A4,-0.05939137186535497,-1.0,-0.9406086281346451,0.20298414333792575,-1,-1,0,1,1
20210219T145809.A_Elmo.B_DL.SCP_01,106,A4,-0.019588979786160362,0.1351767046169272,0.15476568440308758,0.18265028173382405,-1,1,1,1,1
20210219T145809.A_Elmo.B_DL.SCP_01,107,A4,-0.08986604464613819,-0.19791608923497606,-0.10805004458883787,-0.09268186948154958,-1,-1,0,1,1
20210219T145809.A_Elmo.B_DL.SCP_01,108,A4,0.051831818337957705,0.15398495384535854,0.10215313550740084,-0.25606317790793914,1,1,0,1,1
20210219T145809.A_Elmo.B_DL.SCP_01,109,A4,-0.6869155847626631,-0.14859978505173657,0.5383157997109266,0.04226808454768093,-1,-1,0,1,1
20210219T145809.A_Elmo.B_DL.SCP_01,110,A4,0.270010439313434,-0.009565702520509619,-0.27957614183394364,0.5859184631988383,1,-1,1,1,1
20210219T145809.A_Elmo.B_DL.SCP_01,111,A4,-0.1861127326055534,-0.10024100187123525,0.08587173073431814,0.4293560524402666,-1,-1,0,1,1
20210219T145809.A_Elmo.B_DL.SCP_01,112,A4,0.07209704384703573,0.053919790816780534,-0.0181772530302552,0.45707454358623156,1,1,0,1,1
20210219T145809.A_Elmo.B_DL.SCP_01,113,A4,0.26008949839230144,0.2511365873042067,-0.008952911088094762,0.7845525589277569,1,1,0,1,1
20210219T145809.A_Elmo.B_DL.SCP_01,114,A4,-0.2923251783671672,-0.17578957867605657,0.11653559969111063,0.7138096703182888,-1,-1,0,1,1
20210219T145809.A_Elmo.B_DL.SCP_01,115,A4,0.4791384067467997,1.0,0.5208615932532004,0.776380104531206,1,1,0,1,1
20210219T145809.A_Elmo.B_DL.SCP_01,116,A4,0.10277486452272683,0.0970762838946365,-0.0056985806280903245,0.4011664483812827,1,1,0,1,1
20210219T145809.A_Elmo.B_DL.SCP_01,117,A4,-0.29740810394991557,-1.0,-0.7025918960500844,0.9048957713413964,-1,-1,0,1,1
20210219T145809.A_Elmo.B_DL.SCP_01,118,A4,0.0042073939499160445,-0.4220286726557047,-0.42623606660562074,0.6573333442708512,1,-1,1,1,1
20210219T145809.A_Elmo.B_DL.SCP_01,119,A4,0.32959359021034,1.0,0.67040640978966,0.2086793270861011,1,1,0,1,1
20210219T145809.A_Elmo.B_DL.SCP_01,120,A4,-0.4426885142572105,-0.5309626131193657,-0.08827409886215515,0.8214225630193185,-1,-1,0,1,1
20210219T145809.A_Elmo.B_DL.SCP_01,121,A4,0.03419274253426925,-0.13242849742644902,-0.16662123996071826,0.6079067098941181,1,-1,1,1,1
20210219T145809.A_Elmo.B_DL.SCP_01,122,A4,0.29617249712817406,0.21957233648406269,-0.07660016064411138,0.9587044407004154,1,1,0,1,1
20210219T145809.A_Elmo.B_DL.SCP_01,123,A4,-0.013241333545741564,-0.07791733145396743,-0.06467599790822587,0.32993166262759144,-1,-1,0,1,1
20210219T145809.A_Elmo.B_DL.SCP_01,124,A4,0.035183164802063245,-0.020186006823232086,-0.05536917162529533,0.5604762107886665,1,-1,1,1,1
20210219T145809.A_Elmo.B_DL.SCP_01,125,A4,-0.05382977640720781,-0.09049214511792447,-0.03666236871071666,0.31643544993933226,-1,-1,0,1,1
20210219T145809.A_Elmo.B_DL.SCP_01,126,A4,0.03959495727175151,-0.022077391270301595,-0.061672348542053106,0.8354736591523816,1,-1,1,1,1
20210219T145809.A_Elmo.B_DL.SCP_01,127,A4,0.20271287015139244,0.23832121272345685,0.03560834257206441,0.6491438139035081,1,1,0,1,1
20210219T145809.A_Elmo.B_DL.SCP_01,128,A4,0.08218606006090577,0.08727572194485024,0.0050896618839444685,0.5675409917640026,1,1,0,1,1
20210219T145809.A_Elmo.B_DL.SCP_01,129,A5,-0.25729054198645446,-0.7799588702153543,-0.5226683282288997,0.4468258648678878,-1,-1,0,1,1
20210219T145809.A_Elmo.B_DL.SCP_01,130,A5,0.02315170206590292,-0.12256868093464235,-0.14572038300054527,0.18610822580847522,1,-1,1,1,1
20210219T145809.A_Elmo.B_DL.SCP_01,131,A5,0.44956304481989773,0.025905741950343356,-0.4236573028695544,0.6718780698591728,1,1,0,1,1
20210219T145809.A_Elmo.B_DL.SCP_01,132,A5,0.7501764832976829,0.436313895004277,-0.31386258829340596,0.14137343053753534,1,1,0,1,1
20210219T145809.A_Elmo.B_DL.SCP_01,133,A5,0.4599349843372846,1.0,0.5400650156627154,0.3917031694012675,1,1,0,1,1
20210219T145809.A_Elmo.B_DL.SCP_01,134,A5,1.0,0.07926247981116055,-0.9207375201888395,0.14062072790806074,1,1,0,1,1
20210219T145809.A_Elmo.B_DL.SCP_01,135,A5,-0.15861208348662484,-1.0,-0.8413879165133752,0.5306100756549778,-1,-1,0,1,1
20210219T145809.A_Elmo.B_DL.SCP_01,136,A5,0.3090779547881211,0.8090798189191454,0.5000018641310242,0.7647382486167533,1,1,0,1,1
20210219T145809.A_Elmo.B_DL.SCP_01,137,A5,-1.0,0.6701736922407525,1.6701736922407524,0.07241650460078741,-1,1,1,1,0
20210219T145809.A_Elmo.B_DL.SCP_01,138,A5,-0.01713620483558568,-0.0023968062264825203,0.01473939860910316,-0.0969012578685407,-1,-1,0,0,0
20210219T145809.A_Elmo.B_DL.SCP_01,139,A5,-0.23609578416013344,-0.6482135130961765,-0.41211772893604304,-0.10206690388003242,-1,-1,0,0,0
20210219T145809.A_Elmo.B_DL.SCP_01,140,A5,-0.5956553537846153,-0.5098301149198455,0.08582523886476978,-0.023725764390391677,-1,-1,0,0,0
20210219T145809.A_Elmo.B_DL.SCP_01,141,A5,-0.9872147612755118,-0.2698842529997083,0.7173305082758035,0.3479606659408021,-1,-1,0,1,1
20210219T145809.A_Elmo.B_DL.SCP_01,142,A5,0.22825518586927193,-1.0,-1.2282551858692718,0.07243213643465855,1,-1,1,0,0
20210219T145809.A_Elmo.B_DL.SCP_01,143,A5,0.12391506057486651,-0.26924358268944687,-0.3931586432643134,0.022752330849569742,1,-1,1,1,1
20210219T145809.A_Elmo.B_DL.SCP_01,144,A5,1.0,-1.0,-2.0,-0.10672135638008712,1,-1,1,0,0
20210219T145809.A_Elmo.B_DL.SCP_01,145,A5,0.1040489892529551,1.0,0.8959510107470449,0.5259218444893146,1,1,0,1,1
20210219T145809.A_Elmo.B_DL.SCP_01,146,A5,-0.08586214585500661,-0.36053229371670836,-0.27467014786170174,0.09958827067970803,-1,-1,0,1,1
20210219T145809.A_Elmo.B_DL.SCP_01,147,A5,-0.1406573361803772,-0.3012166968063858,-0.1605593606260086,-0.2434877234193248,-1,-1,0,1,0
20210219T145809.A_Elmo.B_DL.SCP_01,148,A5,0.32753461801844536,0.11319792096792669,-0.21433669705051867,-0.011837670650613365,1,1,0,0,1
20210219T145809.A_Elmo.B_DL.SCP_01,149,A5,0.0721147277504961,0.2875221624955726,0.2154074347450765,0.6067652506465758,1,1,0,1,1
20210219T145809.A_Elmo.B_DL.SCP_01,150,A5,0.8773391623732301,-0.10636185383765132,-0.9837010162108814,0.4044339173281151,1,-1,1,1,1
20210219T145809.A_Elmo.B_DL.SCP_01,151,A5,-0.018895278478029003,0.06267006884198419,0.08156534732001319,0.13969368726263318,-1,1,1,0,1
20210219T145809.A_Elmo.B_DL.SCP_01,152,A5,-0.06093085054986825,-0.13376566220536276,-0.07283481165549452,0.21220784334971726,-1,-1,0,1,1
20210219T145809.A_Elmo.B_DL.SCP_01,153,A5,-0.17145203438918458,-0.521353348688222,-0.3499013142990375,0.049912684560414096,-1,-1,0,1,1
20210219T145809.A_Elmo.B_DL.SCP_01,154,A5,-0.11540092430182441,0.15882031778354175,0.27422124208536613,-0.04841320513904197,-1,1,1,1,1
20210219T145809.A_Elmo.B_DL.SCP_01,155,A5,1.0,-0.17880481805118345,-1.1788048180511834,0.2387431897654783,1,-1,1,1,1
20210219T145809.A_Elmo.B_DL.SCP_01,156,A5,-0.10651541866045416,0.003966579642195375,0.11048199830264954,0.06524803497647004,-1,1,1,0,0
20210219T145809.A_Elmo.B_DL.SCP_01,157,A5,0.06623864492460506,0.08611852079284617,0.01987987586824111,-0.15068440921359064,1,1,0,0,0
20210219T145809.A_Elmo.B_DL.SCP_01,158,A5,-0.03378327709442011,0.11276359655234143,0.14654687364676156,-0.007065149219813677,-1,1,1,0,0
20210219T145809.A_Elmo.B_DL.SCP_01,159,A5,0.608658067699505,-0.5031488889150595,-1.1118069566145645,0.13299453291970614,1,-1,1,1,1
20210219T145809.A_Elmo.B_DL.SCP_01,160,A5,0.3032159433048249,0.19952017064558336,-0.10369577265924151,0.06322958785520229,1,1,0,1,1
20210610T132106.A_Elmo.B_ST.SCP_01,1,A1,-1.0,-0.18431709747872332,0.8156829025212766,0.14737180786647625,-1,-1,0,1,0
20210610T132106.A_Elmo.B_ST.SCP_01,2,A1,-0.3157392347812163,-0.06154190821931316,0.25419732656190314,-0.048553539411078296,-1,-1,0,1,0
20210610T132106.A_Elmo.B_ST.SCP_01,3,A1,-0.355110118698347,0.6362329518524673,0.9913430705508144,-0.08326367290323176,-1,1,1,1,1
20210610T132106.A_Elmo.B_ST.SCP_01,4,A1,-0.7105835958056402,-0.7550773137016495,-0.04449371789600931,0.39073454893324433,-1,-1,0,1,1
20210610T132106.A_Elmo.B_ST.SCP_01,5,A1,-0.48126837442704334,-1.0,-0.5187316255729566,0.03716648714396542,-1,-1,0,0,1
20210610T132106.A_Elmo.B_ST.SCP_01,6,A1,0.13517794782358628,-0.22719793785976186,-0.3623758856833481,0.09912341583994076,1,-1,1,1,0
20210610T132106.A_Elmo.B_ST.SCP_01,7,A1,-0.03672725054589224,-0.9633011772892454,-0.9265739267433531,0.06469955547613727,-1,-1,0,0,0
20210610T132106.A_Elmo.B_ST.SCP_01,8,A1,-0.18601600996731427,-0.29045187941177303,-0.10443586944445876,-0.030598795676114853,-1,-1,0,1,0
20210610T132106.A_Elmo.B_ST.SCP_01,9,A1,-1.0,0.1742796542129206,1.1742796542129206,0.043737784111845375,-1,1,1,0,0
20210610T132106.A_Elmo.B_ST.SCP_01,10,A1,-0.3208266299761115,-0.4027196751234986,-0.0818930451473871,-0.023284291415474417,-1,-1,0,1,0
20210610T132106.A_Elmo.B_ST.SCP_01,11,A1,-0.03257252847754763,0.048266278299959685,0.08083880677750732,0.00028602124474860026,-1,1,1,1,0
20210610T132106.A_Elmo.B_ST.SCP_01,12,A1,0.08826348301183434,0.12917715428940757,0.04091367127757323,-0.2411264858409133,1,1,0,1,1
20210610T132106.A_Elmo.B_ST.SCP_01,13,A1,-0.13369654456818508,0.04688804790765847,0.18058459247584355,-0.0096678949199467,-1,1,1,1,0
20210610T132106.A_Elmo.B_ST.SCP_01,14,A1,-0.2144034169133314,-0.08103351002633816,0.13336990688699324,0.025611496947508212,-1,-1,0,1,0
20210610T132106.A_Elmo.B_ST.SCP_01,15,A1,0.1722597451495434,0.5203417882473842,0.3480820430978408,0.12208562644035778,1,1,0,0,0
20210610T132106.A_Elmo.B_ST.SCP_01,16,A1,-0.3725973738277962,0.8163535826807051,1.1889509565085012,-0.08912197177917085,-1,1,1,1,1
20210610T132106.A_Elmo.B_ST.SCP_01,17,A1,-0.1326879505974988,-0.1629542591509595,-0.030266308553460713,-0.0545363164765312,-1,-1,0,1,0
20210610T132106.A_Elmo.B_ST.SCP_01,18,A1,0.22005527908849926,-1.0,-1.2200552790884993,0.2574833304341466,1,-1,1,0,0
20210610T132106.A_Elmo.B_ST.SCP_01,19,A1,-1.0,-0.02355667379008348,0.9764433262099165,0.3858395397145833,-1,-1,0,1,1
20210610T132106.A_Elmo.B_ST.SCP_01,20,A1,-0.5140075732653642,-0.5503677622178852,-0.03636018895252102,0.7063673256848193,-1,-1,0,1,1
20210610T132106.A_Elmo.B_ST.SCP_01,21,A1,-0.6546597545930752,0.053922412301275445,0.7085821668943507,-0.026825271062359747,-1,1,1,1,0
20210610T132106.A_Elmo.B_ST.SCP_01,22,A1,-0.3553464685220997,0.09437460532139279,0.4497210738434925,-0.23330804682298742,-1,1,1,1,0
20210610T132106.A_Elmo.B_ST.SCP_01,23,A1,0.06604080546959322,0.5618375429324615,0.49579673746286823,-0.20047122843925416,1,1,0,1,1
20210610T132106.A_Elmo.B_ST.SCP_01,24,A1,-1.0,-1.0,0.0,0.22601125088868929,-1,-1,0,1,0
20210610T132106.A_Elmo.B_ST.SCP_01,25,A1,-0.17106635127229225,0.0429568085865565,0.21402315985884873,0.004704705540464564,-1,1,1,0,0
20210610T132106.A_Elmo.B_ST.SCP_01,26,A1,-0.05514651262488,0.004148227079397283,0.05929473970427728,0.15625763333581372,-1,1,1,1,0
20210610T132106.A_Elmo.B_ST.SCP_01,27,A1,0.9502230940603976,0.4794748310752826,-0.470748262985115,-0.10984046452916152,1,1,0,0,0
20210610T132106.A_Elmo.B_ST.SCP_01,28,A1,0.16982843039264028,0.19307839875440352,0.02324996836176324,0.12327623951694598,1,1,0,1,1
20210610T132106.A_Elmo.B_ST.SCP_01,29,A1,-0.12779847122205545,-1.0,-0.8722015287779445,0.11637562341971416,-1,-1,0,1,0
20210610T132106.A_Elmo.B_ST.SCP_01,30,A1,-0.41218276230159845,-1.0,-0.5878172376984016,0.016684026889496335,-1,-1,0,1,0
20210610T132106.A_Elmo.B_ST.SCP_01,31,A1,-0.23524485455588814,-0.042722689541943866,0.19252216501394429,0.2948335722848681,-1,-1,0,1,1
20210610T132106.A_Elmo.B_ST.SCP_01,32,A1,1.0,0.43367494371443366,-0.5663250562855664,0.47868261961643543,1,1,0,1,1
20210610T132106.A_Elmo.B_ST.SCP_01,33,A2,-0.46747754730658936,-1.0,-0.5325224526934107,-0.2063075621928336,-1,-1,0,1,1
20210610T132106.A_Elmo.B_ST.SCP_01,34,A2,-0.16486990943171032,-0.4274837090662526,-0.2626137996345423,0.21180773195091446,-1,-1,0,1,0
20210610T132106.A_Elmo.B_ST.SCP_01,35,A2,-0.22175195048630245,-0.05205941949566228,0.16969253099064016,-0.09961273843127913,-1,-1,0,0,0
20210610T132106.A_Elmo.B_ST.SCP_01,36,A2,-0.011285060659352104,-0.36988774128414253,-0.35860268062479045,0.20156624376575266,-1,-1,0,1,1
20210610T132106.A_Elmo.B_ST.SCP_01,37,A2,1.0,-0.003337014383422812,-1.0033370143834228,0.30884558455025857,1,-1,1,0,0
20210610T132106.A_Elmo.B_ST.SCP_01,38,A2,-0.3098654776240023,-0.03845365891038807,0.2714118187136142,-0.06180715616513478,-1,-1,0,0,0
20210610T132106.A_Elmo.B_ST.SCP_01,39,A2,0.3391483520507998,-1.0,-1.3391483520507999,0.15051647441996358,1,-1,1,1,1
20210610T132106.A_Elmo.B_ST.SCP_01,40,A2,-1.0,-0.2708416328941332,0.7291583671058668,-0.07916362071598629,-1,-1,0,0,0
20210610T132106.A_Elmo.B_ST.SCP_01,41,A2,-0.4892217208961308,0.02537517495708877,0.5145968958532195,0.18710522077860225,-1,1,1,1,1
20210610T132106.A_Elmo.B_ST.SCP_01,42,A2,0.997694275506295,-1.0,-1.997694275506295,0.22985739146284748,1,-1,1,1,0
20210610T132106.A_Elmo.B_ST.SCP_01,43,A2,-0.7936686542341749,0.3606617984963849,1.1543304527305598,0.10177021672004069,-1,1,1,1,1
20210610T132106.A_Elmo.B_ST.SCP_01,44,A2,-0.0131790175237811,-0.7837125780324904,-0.7705335605087092,0.1970319790103119,-1,-1,0,0,0
20210610T132106.A_Elmo.B_ST.SCP_01,45,A2,-0.00033397397930187873,0.0531675498690488,0.05350152384835068,-0.05971270893767418,-1,1,1,0,0
20210610T132106.A_Elmo.B_ST.SCP_01,46,A2,-0.9197519412649015,-1.0,-0.08024805873509855,0.13665450673157012,-1,-1,0,1,0
20210610T132106.A_Elmo.B_ST.SCP_01,47,A2,-0.9798306296300383,-1.0,-0.020169370369961692,0.1150411389720974,-1,-1,0,0,0
20210610T132106.A_Elmo.B_ST.SCP_01,48,A2,-1.0,-1.0,0.0,0.13826464773900957,-1,-1,0,1,0
20210610T132106.A_Elmo.B_ST.SCP_01,49,A2,-0.4626873435283739,-0.6565524053767293,-0.19386506184835545,0.12110511693043863,-1,-1,0,1,1
20210610T132106.A_Elmo.B_ST.SCP_01,50,A2,0.24301443147926535,-0.48317200452120357,-0.726186436000469,-0.1819169992796384,1,-1,1,0,0
20210610T132106.A_Elmo.B_ST.SCP_01,51,A2,-0.9709115054977808,0.7251176077303633,1.696029113228144,-0.15384854305975434,-1,1,1,0,0
20210610T132106.A_Elmo.B_ST.SCP_01,52,A2,-0.0732129439909824,-1.0,-0.9267870560090176,0.02637675565263692,-1,-1,0,0,0
20210610T132106.A_Elmo.B_ST.SCP_01,53,A2,-1.0,0.14293005806943956,1.1429300580694395,0.02406080273800044,-1,1,1,0,0
20210610T132106.A_Elmo.B_ST.SCP_01,54,A2,-0.09903271562350173,1.0,1.0990327156235018,0.09397408535997659,-1,1,1,1,1
20210610T132106.A_Elmo.B_ST.SCP_01,55,A2,-0.4793700477282545,-1.0,-0.5206299522717455,0.38032055005579707,-1,-1,0,1,1
20210610T132106.A_Elmo.B_ST.SCP_01,56,A2,-0.5296134978686161,0.014225628805212867,0.5438391266738289,0.5246150708493809,-1,1,1,1,1
20210610T132106.A_Elmo.B_ST.SCP_01,57,A2,-0.3133700576158678,0.054543977215697724,0.3679140348315655,0.13701934245936692,-1,1,1,1,0
20210610T132106.A_Elmo.B_ST.SCP_01,58,A2,1.0,0.05647732901657174,-0.9435226709834282,0.0573232386048122,1,1,0,0,0
20210610T132106.A_Elmo.B_ST.SCP_01,59,A2,-0.12966853236053583,0.06286840745200586,0.1925369398125417,0.24509464185019939,-1,1,1,0,0
20210610T132106.A_Elmo.B_ST.SCP_01,60,A2,-0.2223425514369467,-0.025650055842866643,0.19669249559408006,0.1820157288937921,-1,-1,0,0,0
20210610T132106.A_Elmo.B_ST.SCP_01,61,A2,-1.0,-0.37815736129541544,0.6218426387045846,0.1524357471989538,-1,-1,0,0,0
20210610T132106.A_Elmo.B_ST.SCP_01,62,A2,-0.015308712276931502,0.006730991902858371,0.022039704179789874,-0.08213195693930325,-1,1,1,0,0
20210610T132106.A_Elmo.B_ST.SCP_01,63,A2,-0.28642569208159185,-0.2804580506019309,0.005967641479660946,-0.014821593954490156,-1,-1,0,0,0
20210610T132106.A_Elmo.B_ST.SCP_01,64,A2,0.17026750689753395,0.052277460576034156,-0.11799004632149979,-0.02802999787138953,1,1,0,0,0
20210610T132106.A_Elmo.B_ST.SCP_01,65,A3,-1.0,0.4621766834325017,1.4621766834325016,-0.2537562531415367,-1,1,1,0,0
20210610T132106.A_Elmo.B_ST.SCP_01,66,A3,-0.1311930725141148,0.05511994865054537,0.18631302116466017,0.029794932811774495,-1,1,1,0,0
20210610T132106.A_Elmo.B_ST.SCP_01,67,A3,-0.029690081466575324,0.5964029268300929,0.6260930082966683,-0.1819470936899903,-1,1,1,0,0
20210610T132106.A_Elmo.B_ST.SCP_01,68,A3,-0.10620422780694301,-0.23717063672744892,-0.13096640892050593,-0.2433211188985062,-1,-1,0,0,0
20210610T132106.A_Elmo.B_ST.SCP_01,69,A3,1.0,-0.434853091139481,-1.434853091139481,0.002137654363149789,1,-1,1,0,0
20210610T132106.A_Elmo.B_ST.SCP_01,70,A3,1.0,0.43789298110778657,-0.5621070188922135,0.07885565451820999,1,1,0,0,0
20210610T132106.A_Elmo.B_ST.SCP_01,71,A3,0.1176622688074351,0.029263990633461422,-0.08839827817397368,-0.04568860219738415,1,1,0,0,0
20210610T132106.A_Elmo.B_ST.SCP_01,72,A3,-0.04556610124869931,0.0022750770104974696,0.04784117825919678,0.18558471009526206,-1,1,1,0,0
20210610T132106.A_Elmo.B_ST.SCP_01,73,A3,-0.36723042052976146,-0.15279812375063265,0.2144322967791288,-0.08709484483741664,-1,-1,0,0,0
20210610T132106.A_Elmo.B_ST.SCP_01,74,A3,-0.5303943785213063,0.3769926075343946,0.9073869860557009,0.3614905266213418,-1,1,1,0,0
20210610T132106.A_Elmo.B_ST.SCP_01,75,A3,0.06614394973234942,-0.2787069122842908,-0.3448508620166402,0.19760435780166954,1,-1,1,1,0
20210610T132106.A_Elmo.B_ST.SCP_01,76,A3,-1.0,0.3376963819547238,1.3376963819547238,-0.006877246178082866,-1,1,1,1,0
20210610T132106.A_Elmo.B_ST.SCP_01,77,A3,0.014256068544844486,-0.287215247501242,-0.30147131604608646,-0.04578899339258668,1,-1,1,0,0
20210610T132106.A_Elmo.B_ST.SCP_01,78,A3,-0.04489504995130129,-0.26095281356578975,-0.21605776361448847,0.31060883769079595,-1,-1,0,1,0
20210610T132106.A_Elmo.B_ST.SCP_01,79,A3,-0.25935518922626377,-0.13510261938154894,0.12425256984471483,0.21791043164895912,-1,-1,0,0,0
20210610T132106.A_Elmo.B_ST.SCP_01,80,A3,0.46582050541727354,-0.7228209158635815,-1.1886414212808551,-0.24385362715306186,1,-1,1,0,0
20210610T132106.A_Elmo.B_ST.SCP_01,81,A3,-0.6949117641080628,-0.2501545900846525,0.44475717402341025,-0.3006602527196323,-1,-1,0,1,0
20210610T132106.A_Elmo.B_ST.SCP_01,82,A3,-0.5436598008851826,-0.1457207281183202,0.3979390727668624,-0.09733848454782001,-1,-1,0,0,0
20210610T132106.A_Elmo.B_ST.SCP_01,83,A3,-0.4258980087100112,-0.09832001578877025,0.32757799292124096,-0.12288091134100439,-1,-1,0,1,0
20210610T132106.A_Elmo.B_ST.SCP_01,84,A3,-0.08434991653909253,-0.625668470329764,-0.5413185537906715,0.07962982323137313,-1,-1,0,0,0
20210610T132106.A_Elmo.B_ST.SCP_01,85,A3,-0.013152046764554618,-0.07109329282894541,-0.0579412460643908,-0.18606847392275383,-1,-1,0,0,0
20210610T132106.A_Elmo.B_ST.SCP_01,86,A3,-0.38059399656091675,-0.11813879261154257,0.26245520394937416,-0.041645924847613626,-1,-1,0,0,0
20210610T132106.A_Elmo.B_ST.SCP_01,87,A3,-0.5384875790022394,0.6095625314374434,1.1480501104396827,-0.2048854613824803,-1,1,1,0,1
20210610T132106.A_Elmo.B_ST.SCP_01,88,A3,-0.398639702447947,-0.07763885380838488,0.32100084863956213,-0.1490650203096361,-1,-1,0,1,0
20210610T132106.A_Elmo.B_ST.SCP_01,89,A3,-0.07541769101418382,0.07715883506152638,0.1525765260757102,-0.054898601731176055,-1,1,1,0,0
20210610T132106.A_Elmo.B_ST.SCP_01,90,A3,-0.05051568527352081,0.006274197611677389,0.0567898828851982,-0.025915739645705222,-1,1,1,1,0
20210610T132106.A_Elmo.B_ST.SCP_01,91,A3,-1.0,-1.0,0.0,0.16377197176643635,-1,-1,0,0,0
20210610T132106.A_Elmo.B_ST.SCP_01,92,A3,-1.0,-0.46064973255084624,0.5393502674491537,0.38599501829737626,-1,-1,0,0,0
20210610T132106.A_Elmo.B_ST.SCP_01,93,A3,-0.11112433673435454,-0.0066229239997299735,0.10450141273462457,-0.20707133945200318,-1,-1,0,0,0
20210610T132106.A_Elmo.B_ST.SCP_01,94,A3,0.02303054331664125,0.014895517526415535,-0.008135025790225714,-0.10783368818085366,1,1,0,0,0
20210610T132106.A_Elmo.B_ST.SCP_01,95,A3,-0.15443574842371555,0.27150871385676,0.42594446228047556,-0.12519578468746356,-1,1,1,0,0
20210610T132106.A_Elmo.B_ST.SCP_01,96,A3,0.3823211486470124,0.6072267885603728,0.22490563991336043,-0.19083248951415152,1,1,0,0,0
20210610T132106.A_Elmo.B_ST.SCP_01,97,A4,0.017274224165935617,-0.10802753250151646,-0.12530175666745208,0.2911418496679915,1,-1,1,1,1
20210610T132106.A_Elmo.B_ST.SCP_01,98,A4,-0.17282899847981578,-0.08159925090678241,0.09122974757303337,0.49478611013269735,-1,-1,0,1,1
20210610T132106.A_Elmo.B_ST.SCP_01,99,A4,-0.1864805941030851,-0.6008462759570705,-0.4143656818539854,0.6313328997868103,-1,-1,0,1,1
20210610T132106.A_Elmo.B_ST.SCP_01,100,A4,-0.202486071927589,0.1531933812179137,0.3556794531455027,0.2641822981703075,-1,1,1,1,1
20210610T132106.A_Elmo.B_ST.SCP_01,101,A4,-0.14991015528470775,0.2740444583112115,0.42395461359591924,0.444267890174441,-1,1,1,1,1
20210610T132106.A_Elmo.B_ST.SCP_01,102,A4,-0.3579243588680237,-0.1525805234300098,0.2053438354380139,0.5283644356369843,-1,-1,0,1,1
20210610T132106.A_Elmo.B_ST.SCP_01,103,A4,-0.2145164128386771,0.43935355059374476,0.6538699634324219,0.35743686365309957,-1,1,1,1,1
20210610T132106.A_Elmo.B_ST.SCP_01,104,A4,-0.31163202563916675,-1.0,-0.6883679743608333,0.7013692344021244,-1,-1,0,1,1
20210610T132106.A_Elmo.B_ST.SCP_01,105,A4,-0.07421736155961758,0.20785355711999617,0.28207091867961376,0.41050113460694304,-1,1,1,1,1
20210610T132106.A_Elmo.B_ST.SCP_01,106,A4,-0.3030857909460618,-1.0,-0.6969142090539382,0.1534625264409004,-1,-1,0,1,1
20210610T132106.A_Elmo.B_ST.SCP_01,107,A4,-0.2610513048322742,-0.36059353711518427,-0.09954223228291009,0.31774947842635654,-1,-1,0,1,1
20210610T132106.A_Elmo.B_ST.SCP_01,108,A4,-0.06341723638924635,-1.0,-0.9365827636107537,0.0864474175920951,-1,-1,0,1,1
20210610T132106.A_Elmo.B_ST.SCP_01,109,A4,-0.11067760903051982,-0.12605191982257713,-0.01537431079205731,0.40079367657177073,-1,-1,0,1,1
20210610T132106.A_Elmo.B_ST.SCP_01,110,A4,-0.16551159034708376,0.24874539176483695,0.41425698211192075,0.23834957891813469,-1,1,1,1,1
20210610T132106.A_Elmo.B_ST.SCP_01,111,A4,-0.0794599291868166,-0.09340218261911797,-0.013942253432301363,0.36441379151975234,-1,-1,0,1,1
20210610T132106.A_Elmo.B_ST.SCP_01,112,A4,-0.12875387363492927,-0.09957087430501926,0.029182999329910003,0.48182430410416466,-1,-1,0,1,1
20210610T132106.A_Elmo.B_ST.SCP_01,113,A4,-0.04852248131628218,-0.289740220450747,-0.24121773913446481,0.5311470204395476,-1,-1,0,1,1
20210610T132106.A_Elmo.B_ST.SCP_01,114,A4,-0.29790502673197683,-0.422421768093948,-0.12451674136197116,0.8345213955454015,-1,-1,0,1,1
20210610T132106.A_Elmo.B_ST.SCP_01,115,A4,-0.14124798894626145,-0.551297646558103,-0.41004965761184153,0.634780763241222,-1,-1,0,1,1
20210610T132106.A_Elmo.B_ST.SCP_01,116,A4,-0.32075754805730594,-0.6932717120176551,-0.3725141639603492,0.7909686185189377,-1,-1,0,1,1
20210610T132106.A_Elmo.B_ST.SCP_01,117,A4,-0.5657719060704702,-1.0,-0.43422809392952977,0.7022356371267058,-1,-1,0,1,1
20210610T132106.A_Elmo.B_ST.SCP_01,118,A4,-0.3029474414499665,-0.2568901998348692,0.04605724161509728,0.8649739130303215,-1,-1,0,1,1
20210610T132106.A_Elmo.B_ST.SCP_01,119,A4,-0.3834795674333497,-0.26896130142872565,0.11451826600462406,0.5810520405706532,-1,-1,0,1,1
20210610T132106.A_Elmo.B_ST.SCP_01,120,A4,-0.014190916689914445,-0.17130057247098004,-0.1571096557810656,0.6627028739480854,-1,-1,0,1,1
20210610T132106.A_Elmo.B_ST.SCP_01,121,A4,-0.20039612441980129,-0.5659273564202988,-0.36553123200049753,0.4764420531401429,-1,-1,0,1,1
20210610T132106.A_Elmo.B_ST.SCP_01,122,A4,-0.10688733878187108,-0.20704270181205833,-0.10015536303018725,0.6594046626140384,-1,-1,0,1,1
20210610T132106.A_Elmo.B_ST.SCP_01,123,A4,-0.305180792066363,-0.8797159981012675,-0.5745352060349045,0.8341583027780824,-1,-1,0,1,1
20210610T132106.A_Elmo.B_ST.SCP_01,124,A4,-0.23132759472904793,-0.32019060126640125,-0.08886300653735332,0.555549896056762,-1,-1,0,1,1
20210610T132106.A_Elmo.B_ST.SCP_01,125,A4,-0.268949605750761,-0.6494688729190645,-0.38051926716830353,0.8278151148849902,-1,-1,0,1,1
20210610T132106.A_Elmo.B_ST.SCP_01,126,A4,-0.07703895985804628,-0.35749031749802923,-0.28045135763998297,0.5937920199488612,-1,-1,0,1,1
20210610T132106.A_Elmo.B_ST.SCP_01,127,A4,0.011850653785561579,-0.1437494744399123,-0.15560012822547387,0.6402379744636733,1,-1,1,1,1
20210610T132106.A_Elmo.B_ST.SCP_01,128,A4,-0.15940078998144097,-0.0295549739309391,0.12984581605050188,0.3864898228596164,-1,-1,0,1,1
20210610T132106.A_Elmo.B_ST.SCP_01,129,A5,1.0,1.0,0.0,0.3091237654839392,1,1,0,0,0
20210610T132106.A_Elmo.B_ST.SCP_01,130,A5,-0.6605094193394837,0.4193670790655023,1.079876498404986,-0.05448189310798515,-1,1,1,1,0
20210610T132106.A_Elmo.B_ST.SCP_01,131,A5,-0.1400140414199332,-0.10388088138036439,0.03613316003956882,0.3073091966149564,-1,-1,0,0,0
20210610T132106.A_Elmo.B_ST.SCP_01,132,A5,-1.0,-0.3421146716981475,0.6578853283018524,0.32345106537905005,-1,-1,0,1,0
20210610T132106.A_Elmo.B_ST.SCP_01,133,A5,0.01607959636101062,-0.03222591897627912,-0.04830551533728974,0.13083651551055708,1,-1,1,1,0
20210610T132106.A_Elmo.B_ST.SCP_01,134,A5,0.3952417628990132,-0.29780264255914396,-0.6930444054581572,-0.3637225634829047,1,-1,1,1,0
20210610T132106.A_Elmo.B_ST.SCP_01,135,A5,0.30842640638651286,1.0,0.6915735936134871,0.163079044053725,1,1,0,1,1
20210610T132106.A_Elmo.B_ST.SCP_01,136,A5,0.27228029860672226,-0.19174134639573606,-0.46402164500245835,0.5977844878411569,1,-1,1,1,1
20210610T132106.A_Elmo.B_ST.SCP_01,137,A5,-0.5305755955874196,-1.0,-0.4694244044125804,0.6864432730799087,-1,-1,0,1,1
20210610T132106.A_Elmo.B_ST.SCP_01,138,A5,1.0,-0.16834973896486433,-1.1683497389648643,0.2083295454194885,1,-1,1,0,0
20210610T132106.A_Elmo.B_ST.SCP_01,139,A5,-0.1685679301766766,-0.19971511191894203,-0.03114718174226544,0.03166704438433604,-1,-1,0,0,0
20210610T132106.A_Elmo.B_ST.SCP_01,140,A5,1.0,-0.5088698962381901,-1.5088698962381901,-0.15516227368254867,1,-1,1,0,0
20210610T132106.A_Elmo.B_ST.SCP_01,141,A5,0.007972641297667888,-0.019237367279611985,-0.02721000857727987,-0.007086137331871364,1,-1,1,0,0
20210610T132106.A_Elmo.B_ST.SCP_01,142,A5,-0.03342833375280188,0.007469161708862786,0.04089749546166467,0.23112283819801963,-1,1,1,1,0
20210610T132106.A_Elmo.B_ST.SCP_01,143,A5,-0.6968207283482566,0.5399984695500429,1.2368191978982996,0.056508317472444655,-1,1,1,0,0
20210610T132106.A_Elmo.B_ST.SCP_01,144,A5,-0.98023515396113,0.5757603312825689,1.5559954852436988,-0.10744706350308586,-1,1,1,0,0
20210610T132106.A_Elmo.B_ST.SCP_01,145,A5,-0.6711527855760074,0.1608290445933164,0.8319818301693238,0.6520018891900965,-1,1,1,1,0
20210610T132106.A_Elmo.B_ST.SCP_01,146,A5,1.0,0.7316438802428161,-0.2683561197571839,0.14113810601409407,1,1,0,0,0
20210610T132106.A_Elmo.B_ST.SCP_01,147,A5,0.11997708197946223,-0.03047036305873059,-0.15044744503819282,-0.0077037892757961125,1,-1,1,0,0
20210610T132106.A_Elmo.B_ST.SCP_01,148,A5,-1.0,-1.0,0.0,-0.09376900938874162,-1,-1,0,0,0
20210610T132106.A_Elmo.B_ST.SCP_01,149,A5,-0.48452419864015905,-0.755720456870785,-0.271196258230626,0.1626118888995032,-1,-1,0,0,0
20210610T132106.A_Elmo.B_ST.SCP_01,150,A5,0.49331479478307216,0.16745371829318592,-0.32586107648988627,0.01869261512215944,1,1,0,0,0
20210610T132106.A_Elmo.B_ST.SCP_01,151,A5,-0.38049886035846653,1.0,1.3804988603584665,-0.036433541048058064,-1,1,1,0,0
20210610T132106.A_Elmo.B_ST.SCP_01,152,A5,-0.17996317057509187,-1.0,-0.8200368294249081,0.0387771314717732,-1,-1,0,1,0
20210610T132106.A_Elmo.B_ST.SCP_01,153,A5,-0.15715315234579366,0.45421330403827964,0.6113664563840733,0.05533426401412935,-1,1,1,0,0
20210610T132106.A_Elmo.B_ST.SCP_01,154,A5,-0.6201059182278987,-0.7908820905855807,-0.17077617235768194,-0.022917209202057132,-1,-1,0,1,0
20210610T132106.A_Elmo.B_ST.SCP_01,155,A5,1.0,-0.45811028056162983,-1.45811028056163,0.3649475133895869,1,-1,1,1,0
20210610T132106.A_Elmo.B_ST.SCP_01,156,A5,0.1962989405196515,0.03183106932413504,-0.16446787119551645,0.08514898535727705,1,1,0,0,0
20210610T132106.A_Elmo.B_ST.SCP_01,157,A5,-0.8502933730741469,0.005501789834653328,0.8557951629088002,0.08267366621482228,-1,1,1,0,0
20210610T132106.A_Elmo.B_ST.SCP_01,158,A5,1.0,-0.3196844439797919,-1.319684443979792,0.21694058796713003,1,-1,1,0,0
20210610T132106.A_Elmo.B_ST.SCP_01,159,A5,0.7377833123838202,-0.26164466317258517,-0.9994279755564054,0.07478407597980478,1,-1,1,0,0
20210610T132106.A_Elmo.B_ST.SCP_01,160,A5,0.07712686742688964,-0.163671073096759,-0.2407979405236486,0.19601488311311446,1,-1,1,0,0
20210618T123111.A_Elmo.B_ST.SCP_01,1,A1,0.36256703215947744,-0.418483127458565,-0.7810501596180424,0.1356430715293357,1,-1,1,1,1
20210618T123111.A_Elmo.B_ST.SCP_01,2,A1,0.07885693996344831,0.3149226018706042,0.23606566190715592,0.027352931667363307,1,1,0,0,0
20210618T123111.A_Elmo.B_ST.SCP_01,3,A1,0.3496411418453788,-0.20720873571711443,-0.5568498775624933,-0.04229359154312194,1,-1,1,1,1
20210618T123111.A_Elmo.B_ST.SCP_01,4,A1,1.0,0.4177098323625093,-0.5822901676374908,0.27381241795122574,1,1,0,1,1
20210618T123111.A_Elmo.B_ST.SCP_01,5,A1,1.0,0.4012993518575099,-0.5987006481424901,0.07831908095724424,1,1,0,1,1
20210618T123111.A_Elmo.B_ST.SCP_01,6,A1,-0.8715255093752402,-0.002820263506648143,0.8687052458685921,-0.0804610334234855,-1,-1,0,1,1
20210618T123111.A_Elmo.B_ST.SCP_01,7,A1,-0.6524765061121858,-1.0,-0.3475234938878142,-0.11970044666618576,-1,-1,0,0,0
20210618T123111.A_Elmo.B_ST.SCP_01,8,A1,-0.298316532511688,-1.0,-0.701683467488312,0.5913778833057427,-1,-1,0,1,1
20210618T123111.A_Elmo.B_ST.SCP_01,9,A1,0.15533963507486087,0.3045622670016923,0.14922263192683144,0.048495337475091875,1,1,0,1,1
20210618T123111.A_Elmo.B_ST.SCP_01,10,A1,-1.0,-1.0,0.0,0.19420242703467763,-1,-1,0,1,0
20210618T123111.A_Elmo.B_ST.SCP_01,11,A1,1.0,-0.28711058437537434,-1.2871105843753743,-0.13513352033834514,1,-1,1,0,1
20210618T123111.A_Elmo.B_ST.SCP_01,12,A1,0.32886284052025927,-0.07641215936741233,-0.40527499988767157,-0.13098885600276833,1,-1,1,1,1
20210618T123111.A_Elmo.B_ST.SCP_01,13,A1,0.4449416884510238,0.6452428367538627,0.20030114830283896,0.23660306495295694,1,1,0,0,0
20210618T123111.A_Elmo.B_ST.SCP_01,14,A1,-0.06950169715004807,-0.3793909107025477,-0.30988921355249965,-0.2078566338626913,-1,-1,0,0,0
20210618T123111.A_Elmo.B_ST.SCP_01,15,A1,1.0,-0.6441898992974671,-1.644189899297467,0.08701382330400269,1,-1,1,0,0
20210618T123111.A_Elmo.B_ST.SCP_01,16,A1,0.3584238599936296,0.36556434199433663,0.007140482000707049,-0.16138056353598285,1,1,0,1,1
20210618T123111.A_Elmo.B_ST.SCP_01,17,A1,-1.0,-1.0,0.0,0.46223151799446005,-1,-1,0,1,1
20210618T123111.A_Elmo.B_ST.SCP_01,18,A1,-0.2193557218988008,-0.3999942346527155,-0.1806385127539147,-0.06042244216435047,-1,-1,0,1,1
20210618T123111.A_Elmo.B_ST.SCP_01,19,A1,0.1102275120928033,-0.6160452326537754,-0.7262727447465788,0.5099625994255689,1,-1,1,1,1
20210618T123111.A_Elmo.B_ST.SCP_01,20,A1,-0.4106193874358946,-0.8037762477367724,-0.39315686030087776,0.8089191565620433,-1,-1,0,1,1
20210618T123111.A_Elmo.B_ST.SCP_01,21,A1,-0.44961721058436693,-0.9016367024706794,-0.45201949188631246,0.4993614321808355,-1,-1,0,0,1
20210618T123111.A_Elmo.B_ST.SCP_01,22,A1,0.101326614802817,-0.16338748491779453,-0.26471409972061155,0.04799518016869959,1,-1,1,0,0
20210618T123111.A_Elmo.B_ST.SCP_01,23,A1,-0.44400007570762123,-1.0,-0.5559999242923788,0.7336082787727203,-1,-1,0,1,1
20210618T123111.A_Elmo.B_ST.SCP_01,24,A1,-1.0,-1.0,0.0,0.3612086346594653,-1,-1,0,1,1
20210618T123111.A_Elmo.B_ST.SCP_01,25,A1,-0.23672049024040995,-0.44872101260054614,-0.2120005223601362,0.21718836369915126,-1,-1,0,0,1
20210618T123111.A_Elmo.B_ST.SCP_01,26,A1,-0.8577956896664501,-0.7327696297765451,0.125026059889905,0.12404879580467477,-1,-1,0,1,1
20210618T123111.A_Elmo.B_ST.SCP_01,27,A1,-0.26150555607989984,0.38142659260316464,0.6429321486830645,0.16425895578178534,-1,1,1,0,1
20210618T123111.A_Elmo.B_ST.SCP_01,28,A1,-1.0,0.07604443762961094,1.076044437629611,0.10539260372255028,-1,1,1,1,1
20210618T123111.A_Elmo.B_ST.SCP_01,29,A1,0.14359912297567795,-1.0,-1.143599122975678,-0.17748721361574127,1,-1,1,0,0
20210618T123111.A_Elmo.B_ST.SCP_01,30,A1,0.1291253879545473,-0.009855356646273409,-0.13898074460082072,-0.14559179659906749,1,-1,1,1,1
20210618T123111.A_Elmo.B_ST.SCP_01,31,A1,-0.30568074114809723,-1.0,-0.6943192588519027,0.7349533211142214,-1,-1,0,1,1
20210618T123111.A_Elmo.B_ST.SCP_01,32,A1,1.0,0.5383003672804371,-0.46169963271956294,0.6809979301852326,1,1,0,1,1
20210618T123111.A_Elmo.B_ST.SCP_01,33,A2,-0.4454051370702415,-0.1661749655660505,0.279230171504191,0.1099284623567288,-1,-1,0,1,1
20210618T123111.A_Elmo.B_ST.SCP_01,34,A2,-0.1803787587846254,-1.0,-0.8196212412153746,-0.044498612794864924,-1,-1,0,1,0
20210618T123111.A_Elmo.B_ST.SCP_01,35,A2,-0.2944645656986884,-1.0,-0.7055354343013116,0.3303805374295529,-1,-1,0,0,0
20210618T123111.A_Elmo.B_ST.SCP_01,36,A2,-0.09256909475868964,0.07352538989605717,0.1660944846547468,0.007243075142306234,-1,1,1,1,1
20210618T123111.A_Elmo.B_ST.SCP_01,37,A2,-0.20023170309225669,0.029103802938497327,0.229335506030754,-0.06507032934321745,-1,1,1,0,0
20210618T123111.A_Elmo.B_ST.SCP_01,38,A2,-0.19383164820261223,0.1602394422948176,0.3540710904974298,-0.04915614104780772,-1,1,1,0,0
20210618T123111.A_Elmo.B_ST.SCP_01,39,A2,-0.23239757361433555,-0.3472202214622184,-0.11482264784788287,0.13370311578567862,-1,-1,0,1,1
20210618T123111.A_Elmo.B_ST.SCP_01,40,A2,-0.35075998671535147,-0.061640876212182456,0.289119110503169,0.17976353588590563,-1,-1,0,0,0
20210618T123111.A_Elmo.B_ST.SCP_01,41,A2,-1.0,-1.0,0.0,0.3536270047216621,-1,-1,0,1,1
20210618T123111.A_Elmo.B_ST.SCP_01,42,A2,-0.27893735768329553,-1.0,-0.7210626423167045,-0.010799427228465622,-1,-1,0,0,0
20210618T123111.A_Elmo.B_ST.SCP_01,43,A2,-0.36450837285395193,-0.3624233841819784,0.002084988671973542,0.3209304600624754,-1,-1,0,1,1
20210618T123111.A_Elmo.B_ST.SCP_01,44,A2,-0.3275541330796301,-0.19569260369619756,0.13186152938343254,-0.05947132952448541,-1,-1,0,0,0
20210618T123111.A_Elmo.B_ST.SCP_01,45,A2,-0.45729932640288884,-0.9790476334414124,-0.5217483070385236,0.13144343612408713,-1,-1,0,0,0
20210618T123111.A_Elmo.B_ST.SCP_01,46,A2,0.21231461554559272,-0.06395881416518075,-0.27627342971077345,0.06743415557777323,1,-1,1,0,0
20210618T123111.A_Elmo.B_ST.SCP_01,47,A2,-0.3215083300783542,-0.6683726242297241,-0.3468642941513699,0.1455097962796434,-1,-1,0,0,0
20210618T123111.A_Elmo.B_ST.SCP_01,48,A2,-0.17839879209922238,-0.0928099056795032,0.08558888641971918,0.1982202518800226,-1,-1,0,1,0
20210618T123111.A_Elmo.B_ST.SCP_01,49,A2,-0.4924670355600598,-1.0,-0.5075329644399402,0.4206950289498954,-1,-1,0,1,1
20210618T123111.A_Elmo.B_ST.SCP_01,50,A2,-0.05131883199276332,1.0,1.0513188319927633,0.02953088793375312,-1,1,1,0,0
20210618T123111.A_Elmo.B_ST.SCP_01,51,A2,-1.0,-0.4120112424182712,0.5879887575817289,-0.04227326243218566,-1,-1,0,0,0
20210618T123111.A_Elmo.B_ST.SCP_01,52,A2,-0.4875327967881135,-0.20080879820987038,0.28672399857824316,0.25189398911125166,-1,-1,0,1,0
20210618T123111.A_Elmo.B_ST.SCP_01,53,A2,-0.6585402284197777,0.0718422655116118,0.7303824939313894,0.3177846018068793,-1,1,1,0,0
20210618T123111.A_Elmo.B_ST.SCP_01,54,A2,-0.03556901141112001,0.056875810060497134,0.09244482147161714,0.44444195865472536,-1,1,1,1,1
20210618T123111.A_Elmo.B_ST.SCP_01,55,A2,-0.6313285167887233,-0.782742627536014,-0.15141411074729072,0.374865663813188,-1,-1,0,1,1
20210618T123111.A_Elmo.B_ST.SCP_01,56,A2,-0.2373340263900993,0.5220593760488889,0.7593934024389881,-0.01758315992041419,-1,1,1,1,0
20210618T123111.A_Elmo.B_ST.SCP_01,57,A2,1.0,0.1570349068739476,-0.8429650931260524,0.20289615924524562,1,1,0,1,1
20210618T123111.A_Elmo.B_ST.SCP_01,58,A2,0.02526563616913444,-0.05420049384004209,-0.07946613000917653,-0.026852254543796045,1,-1,1,0,0
20210618T123111.A_Elmo.B_ST.SCP_01,59,A2,0.030960518472020398,-0.018065969657089457,-0.049026488129109855,0.20445975490427348,1,-1,1,0,0
20210618T123111.A_Elmo.B_ST.SCP_01,60,A2,-0.009076490889294795,-0.014744932080304009,-0.005668441191009213,0.03992744759672926,-1,-1,0,0,0
20210618T123111.A_Elmo.B_ST.SCP_01,61,A2,0.21528087013781794,-1.0,-1.215280870137818,-0.21919789383733457,1,-1,1,0,0
20210618T123111.A_Elmo.B_ST.SCP_01,62,A2,0.0555574188370557,-0.11896680450747145,-0.17452422334452716,-0.039552138579165536,1,-1,1,0,1
20210618T123111.A_Elmo.B_ST.SCP_01,63,A2,-0.9208708580540801,-1.0,-0.07912914194591991,-0.5576317059412695,-1,-1,0,0,0
20210618T123111.A_Elmo.B_ST.SCP_01,64,A2,0.12526499727167778,0.9198928159431271,0.7946278186714493,-0.12322456831943442,1,1,0,0,0
20210618T123111.A_Elmo.B_ST.SCP_01,65,A3,0.33633819773208445,0.12997283046776195,-0.2063653672643225,0.022669944723928467,1,1,0,0,0
20210618T123111.A_Elmo.B_ST.SCP_01,66,A3,-0.2282570373822643,0.12375041325212802,0.3520074506343923,0.1444179868096735,-1,1,1,0,0
20210618T123111.A_Elmo.B_ST.SCP_01,67,A3,-0.8137863683883452,-0.5100788401150798,0.3037075282732654,0.17364948162368748,-1,-1,0,0,0
20210618T123111.A_Elmo.B_ST.SCP_01,68,A3,-0.42496266164620017,0.5904262332468209,1.015388894893021,-0.09636795456771521,-1,1,1,0,0
20210618T123111.A_Elmo.B_ST.SCP_01,69,A3,-0.7014988422485515,-1.0,-0.2985011577514485,0.2896035950578847,-1,-1,0,0,0
20210618T123111.A_Elmo.B_ST.SCP_01,70,A3,-0.0645132104976443,-0.143179788867967,-0.0786665783703227,-0.041338032430573865,-1,-1,0,0,0
20210618T123111.A_Elmo.B_ST.SCP_01,71,A3,0.6041887441999095,0.20112986686896542,-0.40305887733094414,-0.12739151918565592,1,1,0,0,0
20210618T123111.A_Elmo.B_ST.SCP_01,72,A3,-0.11357908822093843,0.060718956619714035,0.17429804484065248,0.12793841642880166,-1,1,1,0,0
20210618T123111.A_Elmo.B_ST.SCP_01,73,A3,0.1056681361826594,-0.015416886266126766,-0.12108502244878616,0.06667517941498445,1,-1,1,0,0
20210618T123111.A_Elmo.B_ST.SCP_01,74,A3,0.0006301790492771833,-0.0667744435171941,-0.06740462256647128,-0.10822233579979008,1,-1,1,0,0
20210618T123111.A_Elmo.B_ST.SCP_01,75,A3,-0.17367612625917628,0.48798208293805495,0.6616582091972312,0.05357314134738342,-1,1,1,0,0
20210618T123111.A_Elmo.B_ST.SCP_01,76,A3,-0.22063636338700432,0.15620124996394594,0.37683761335095023,-0.01979944837608275,-1,1,1,0,0
20210618T123111.A_Elmo.B_ST.SCP_01,77,A3,0.30709698344664277,-0.29723244996687165,-0.6043294334135144,-0.04990540395479967,1,-1,1,0,0
20210618T123111.A_Elmo.B_ST.SCP_01,78,A3,0.1053475768846569,0.15164218884085226,0.04629461195619536,-0.03312417998352378,1,1,0,0,0
20210618T123111.A_Elmo.B_ST.SCP_01,79,A3,0.1659541217828012,-0.5062058188958457,-0.6721599406786469,0.048553249305653016,1,-1,1,0,0
20210618T123111.A_Elmo.B_ST.SCP_01,80,A3,-0.6401893561385645,1.0,1.6401893561385645,-0.1998317448731239,-1,1,1,0,0
20210618T123111.A_Elmo.B_ST.SCP_01,81,A3,0.00871036551674414,-0.035863257516546614,-0.04457362303329075,0.21072780865893337,1,-1,1,0,0
20210618T123111.A_Elmo.B_ST.SCP_01,82,A3,0.06905449127196678,0.1862887924580453,0.11723430118607853,0.004957770024594601,1,1,0,0,0
20210618T123111.A_Elmo.B_ST.SCP_01,83,A3,-0.4683963409884837,-0.4274849258043958,0.04091141518408792,0.15639757525906037,-1,-1,0,0,0
20210618T123111.A_Elmo.B_ST.SCP_01,84,A3,0.15001034287849546,0.060666789656775945,-0.08934355322171952,0.13813516407612542,1,1,0,0,0
20210618T123111.A_Elmo.B_ST.SCP_01,85,A3,0.2870697154396101,-0.017929670571747942,-0.304999386011358,-0.10273580746226407,1,-1,1,0,0
20210618T123111.A_Elmo.B_ST.SCP_01,86,A3,-0.2698722419126169,-0.13593334883070093,0.13393889308191595,0.2034435233108243,-1,-1,0,0,0
20210618T123111.A_Elmo.B_ST.SCP_01,87,A3,-0.021945012016379856,-0.1424100105293331,-0.12046499851295325,0.03459090778228014,-1,-1,0,0,0
20210618T123111.A_Elmo.B_ST.SCP_01,88,A3,0.21113249083786984,-0.13981718617055136,-0.35094967700842117,0.11242265236699767,1,-1,1,0,0
20210618T123111.A_Elmo.B_ST.SCP_01,89,A3,1.0,-0.1641613326380003,-1.1641613326380003,0.3423622562380868,1,-1,1,0,0
20210618T123111.A_Elmo.B_ST.SCP_01,90,A3,0.010059146838797122,-0.0033504559332315333,-0.013409602772028656,-0.17887059875282657,1,-1,1,0,0
20210618T123111.A_Elmo.B_ST.SCP_01,91,A3,-0.10155703135421344,-0.11167399967840812,-0.010116968324194675,-0.01570638279219106,-1,-1,0,0,0
20210618T123111.A_Elmo.B_ST.SCP_01,92,A3,-0.04994987041497005,0.06444972526604968,0.11439959568101973,0.2123538435871368,-1,1,1,0,0
20210618T123111.A_Elmo.B_ST.SCP_01,93,A3,-0.26890354862820265,-0.13289617759764083,0.13600737103056182,-0.11107922949839137,-1,-1,0,0,0
20210618T123111.A_Elmo.B_ST.SCP_01,94,A3,-0.002834375564766396,0.01714352984353609,0.019977905408302486,0.003741365384843848,-1,1,1,0,0
20210618T123111.A_Elmo.B_ST.SCP_01,95,A3,0.03288023942190124,-0.06274122287570412,-0.09562146229760536,0.15585071978481121,1,-1,1,0,0
20210618T123111.A_Elmo.B_ST.SCP_01,96,A3,-0.23744975941239901,-0.014048302932805285,0.22340145647959372,0.2416926516275487,-1,-1,0,0,0
20210618T123111.A_Elmo.B_ST.SCP_01,97,A4,0.5297974682170523,-0.2880921230152983,-0.8178895912323506,0.23029278041860168,1,-1,1,1,1
20210618T123111.A_Elmo.B_ST.SCP_01,98,A4,0.025949663579687015,0.04037128410700445,0.014421620527317432,0.1151227334582735,1,1,0,1,1
20210618T123111.A_Elmo.B_ST.SCP_01,99,A4,0.2321271884904039,0.11485379493641337,-0.11727339355399052,0.3656529087157439,1,1,0,1,1
20210618T123111.A_Elmo.B_ST.SCP_01,100,A4,0.005000072695523804,0.01578158236423083,0.010781509668707025,0.13760693986577094,1,1,0,1,1
20210618T123111.A_Elmo.B_ST.SCP_01,101,A4,1.0,0.8701788408566555,-0.12982115914334447,0.5373352537204075,1,1,0,1,1
20210618T123111.A_Elmo.B_ST.SCP_01,102,A4,-0.07396228081177496,-0.12158752539393626,-0.0476252445821613,-0.010333495057176453,-1,-1,0,1,1
20210618T123111.A_Elmo.B_ST.SCP_01,103,A4,-0.39112201787017686,-0.8638991364567264,-0.4727771185865496,0.6096259907475495,-1,-1,0,1,1
20210618T123111.A_Elmo.B_ST.SCP_01,104,A4,0.13892151574161257,0.2844068061799389,0.14548529043832634,0.31289799428323906,1,1,0,1,1
20210618T123111.A_Elmo.B_ST.SCP_01,105,A4,-0.1104071678074402,-0.0745963699625788,0.035810797844861395,0.31745725907359434,-1,-1,0,1,1
20210618T123111.A_Elmo.B_ST.SCP_01,106,A4,0.02490413843605894,0.0014562210313195545,-0.023447917404739387,0.3876843361327159,1,1,0,0,0
20210618T123111.A_Elmo.B_ST.SCP_01,107,A4,0.027555932033354446,-0.18648422545299329,-0.21404015748634772,0.04903341807876398,1,-1,1,1,0
20210618T123111.A_Elmo.B_ST.SCP_01,108,A4,-0.017386067736005362,0.018432104665550435,0.0358181724015558,0.10389218008986895,-1,1,1,1,0
20210618T123111.A_Elmo.B_ST.SCP_01,109,A4,0.4236795957210884,-0.11082856739585119,-0.5345081631169396,0.14624015548538222,1,-1,1,0,0
20210618T123111.A_Elmo.B_ST.SCP_01,110,A4,0.06009741189083345,-0.20375816066427027,-0.2638555725551037,0.33670744934472113,1,-1,1,0,0
20210618T123111.A_Elmo.B_ST.SCP_01,111,A4,-0.05623459320649499,-0.20115503280500754,-0.14492043959851256,0.045268502278765305,-1,-1,0,0,0
20210618T123111.A_Elmo.B_ST.SCP_01,112,A4,0.016728560509713813,-0.34854504477452175,-0.3652736052842356,-0.22257171587544672,1,-1,1,0,0
20210618T123111.A_Elmo.B_ST.SCP_01,113,A4,-0.1280640732909928,-1.0,-0.8719359267090072,0.6326852662878667,-1,-1,0,1,1
20210618T123111.A_Elmo.B_ST.SCP_01,114,A4,-0.034877810537808106,-1.0,-0.9651221894621919,0.27409757718663896,-1,-1,0,1,1
20210618T123111.A_Elmo.B_ST.SCP_01,115,A4,-0.028181308267790202,-0.3420673363374008,-0.3138860280696106,0.6138192283808627,-1,-1,0,1,1
20210618T123111.A_Elmo.B_ST.SCP_01,116,A4,-0.013932878273644377,0.15458865256980048,0.16852153084344484,0.6421352558716984,-1,1,1,1,1
20210618T123111.A_Elmo.B_ST.SCP_01,117,A4,-0.021125328914797042,-0.3680893374630706,-0.3469640085482736,0.3566594558099794,-1,-1,0,1,1
20210618T123111.A_Elmo.B_ST.SCP_01,118,A4,-0.4430686132220903,-0.6381786254189749,-0.19511001219688456,0.6770781945905435,-1,-1,0,1,1
20210618T123111.A_Elmo.B_ST.SCP_01,119,A4,-0.19068190684895184,-0.192103733337477,-0.001421826488525152,0.524937427352257,-1,-1,0,1,1
20210618T123111.A_Elmo.B_ST.SCP_01,120,A4,-0.07812714601869392,-0.38940207338739247,-0.31127492736869855,0.5706854826775392,-1,-1,0,1,1
20210618T123111.A_Elmo.B_ST.SCP_01,121,A4,-0.4696113617711406,-0.9375318615008686,-0.46792049972972805,0.8846966890426329,-1,-1,0,1,1
20210618T123111.A_Elmo.B_ST.SCP_01,122,A4,0.3021810409456724,0.15416959599519045,-0.14801144495048194,-0.07297606889453959,1,1,0,1,1
20210618T123111.A_Elmo.B_ST.SCP_01,123,A4,0.457648459575981,0.14108310497740584,-0.31656535459857515,-0.03517920523878259,1,1,0,1,1
20210618T123111.A_Elmo.B_ST.SCP_01,124,A4,-0.20347062712619332,0.029621811490252337,0.23309243861644566,-0.028139043521098632,-1,1,1,1,1
20210618T123111.A_Elmo.B_ST.SCP_01,125,A4,-0.23320011659593415,-0.35768648818902254,-0.1244863715930884,0.7410564842355285,-1,-1,0,1,1
20210618T123111.A_Elmo.B_ST.SCP_01,126,A4,-0.04970996690877319,-0.08296715148505183,-0.033257184576278645,0.06057410772812669,-1,-1,0,1,1
20210618T123111.A_Elmo.B_ST.SCP_01,127,A4,-0.31314744768818487,-0.5472570995389567,-0.23410965185077187,0.7751011202008621,-1,-1,0,1,1
20210618T123111.A_Elmo.B_ST.SCP_01,128,A4,-0.30166825453480894,0.44122100271369746,0.7428892572485064,0.22855644165238798,-1,1,1,0,1
20210618T123111.A_Elmo.B_ST.SCP_01,129,A5,0.1776278906430587,-0.1438616128806563,-0.32148950352371497,0.03994085507263107,1,-1,1,0,0
20210618T123111.A_Elmo.B_ST.SCP_01,130,A5,0.17585855888167448,0.06112073143560647,-0.114737827446068,0.2979216771452613,1,1,0,0,0
20210618T123111.A_Elmo.B_ST.SCP_01,131,A5,1.0,-0.37335263759642606,-1.373352637596426,0.336787268433576,1,-1,1,0,0
20210618T123111.A_Elmo.B_ST.SCP_01,132,A5,0.20002085240161158,-0.41843433023411547,-0.6184551826357271,-0.0032548920572911897,1,-1,1,0,0
20210618T123111.A_Elmo.B_ST.SCP_01,133,A5,0.18870901261954418,-0.09632506851898814,-0.28503408113853235,-0.049754031478274854,1,-1,1,0,1
20210618T123111.A_Elmo.B_ST.SCP_01,134,A5,0.7759466816050992,-0.5353483602739197,-1.3112950418790188,0.09434677575981751,1,-1,1,0,0
20210618T123111.A_Elmo.B_ST.SCP_01,135,A5,-0.11398818461543055,-0.47440643134711435,-0.3604182467316838,0.25282087214934024,-1,-1,0,1,1
20210618T123111.A_Elmo.B_ST.SCP_01,136,A5,0.042022440803259405,-0.0967041863884106,-0.13872662719167,0.14691772461190594,1,-1,1,1,0
20210618T123111.A_Elmo.B_ST.SCP_01,137,A5,-0.0002167877440067942,-0.07296555361920752,-0.07274876587520072,0.2541233795372873,-1,-1,0,0,0
20210618T123111.A_Elmo.B_ST.SCP_01,138,A5,0.054568961981244384,-0.17366404328045904,-0.22823300526170343,0.12415764529070597,1,-1,1,0,0
20210618T123111.A_Elmo.B_ST.SCP_01,139,A5,-0.008172418992896825,0.14227895572719618,0.150451374720093,-0.07336586499963652,-1,1,1,0,0
20210618T123111.A_Elmo.B_ST.SCP_01,140,A5,0.005937355953175113,0.026430584138274663,0.02049322818509955,-0.27164873113249977,1,1,0,0,0
20210618T123111.A_Elmo.B_ST.SCP_01,141,A5,1.0,-0.26702894890278,-1.26702894890278,-0.03444953870340667,1,-1,1,0,0
20210618T123111.A_Elmo.B_ST.SCP_01,142,A5,0.30242697029136545,-0.0147555067114915,-0.31718247700285696,0.2697317910912039,1,-1,1,1,1
20210618T123111.A_Elmo.B_ST.SCP_01,143,A5,0.04325170162777525,-0.033390740143872576,-0.07664244177164783,-0.08631353789779002,1,-1,1,1,0
20210618T123111.A_Elmo.B_ST.SCP_01,144,A5,-0.017049163682088524,0.002646407681876384,0.01969557136396491,0.022676541640142097,-1,1,1,0,0
20210618T123111.A_Elmo.B_ST.SCP_01,145,A5,0.4568220038775887,-0.020943121016571666,-0.47776512489416034,0.5550999299047067,1,-1,1,1,1
20210618T123111.A_Elmo.B_ST.SCP_01,146,A5,-0.13788833177881268,0.08628144971627094,0.22416978149508363,0.17121631521766598,-1,1,1,0,1
20210618T123111.A_Elmo.B_ST.SCP_01,147,A5,-0.11858069850794617,-0.06517267572280304,0.05340802278514313,0.08616609537606901,-1,-1,0,0,0
20210618T123111.A_Elmo.B_ST.SCP_01,148,A5,1.0,-0.02132448080398411,-1.021324480803984,0.11627262956082543,1,-1,1,0,0
20210618T123111.A_Elmo.B_ST.SCP_01,149,A5,-0.12554094364052756,-0.3816830042792356,-0.25614206063870804,-0.11086106396053128,-1,-1,0,0,0
20210618T123111.A_Elmo.B_ST.SCP_01,150,A5,-0.6323769365244151,-0.8344645634331604,-0.20208762690874538,0.19447089717621785,-1,-1,0,0,0
20210618T123111.A_Elmo.B_ST.SCP_01,151,A5,0.5202703478856552,0.053337022807844116,-0.46693332507781105,0.2446398511213101,1,1,0,0,0
20210618T123111.A_Elmo.B_ST.SCP_01,152,A5,-1.0,0.16580902956488094,1.1658090295648809,0.08377166218172515,-1,1,1,0,0
20210618T123111.A_Elmo.B_ST.SCP_01,153,A5,0.49317946023485254,0.03207807840831083,-0.4611013818265417,0.03373181777864087,1,1,0,0,0
20210618T123111.A_Elmo.B_ST.SCP_01,154,A5,0.3080295701740993,-0.2177259296701062,-0.5257554998442056,0.2960973162949369,1,-1,1,0,0
20210618T123111.A_Elmo.B_ST.SCP_01,155,A5,0.578174809236659,-0.09871033887380362,-0.6768851481104626,0.030988099831706202,1,-1,1,0,0
20210618T123111.A_Elmo.B_ST.SCP_01,156,A5,-0.017526080805342827,-0.0032774521730008954,0.014248628632341932,0.047860073192176965,-1,-1,0,0,0
20210618T123111.A_Elmo.B_ST.SCP_01,157,A5,0.09891384657565505,0.11534064564642545,0.016426799070770395,-0.12013552717953034,1,1,0,0,0
20210618T123111.A_Elmo.B_ST.SCP_01,158,A5,0.00676292026079941,-0.08385745371053951,-0.09062037397133893,-0.23898579028081715,1,-1,1,0,0
20210618T123111.A_Elmo.B_ST.SCP_01,159,A5,0.27481109929346076,-0.033732743272672644,-0.30854384256613343,-0.26014378133463756,1,-1,1,0,0
20210618T123111.A_Elmo.B_ST.SCP_01,160,A5,0.1091445116730129,-0.045959176474979005,-0.1551036881479919,0.4249857696389839,1,-1,1,0,0
20210623T140144.A_Elmo.B_ST.SCP_01,1,A1,-0.027140943435970084,0.6881610280337603,0.7153019714697304,0.13129158328187454,-1,1,1,1,1
20210623T140144.A_Elmo.B_ST.SCP_01,2,A1,0.10983700911333842,0.1899286002792558,0.08009159116591737,-0.040287750220136996,1,1,0,1,0
20210623T140144.A_Elmo.B_ST.SCP_01,3,A1,-0.7932629188906881,-1.0,-0.20673708110931188,-0.012746681248814047,-1,-1,0,1,1
20210623T140144.A_Elmo.B_ST.SCP_01,4,A1,1.0,0.46855642262797176,-0.5314435773720283,-0.017868436666377562,1,1,0,1,1
20210623T140144.A_Elmo.B_ST.SCP_01,5,A1,0.02585690250018162,0.182764386585177,0.15690748408499539,0.17915585906434087,1,1,0,1,1
20210623T140144.A_Elmo.B_ST.SCP_01,6,A1,-0.1081685604654239,-0.41431823865871337,-0.3061496781932895,0.11261101830797803,-1,-1,0,1,0
20210623T140144.A_Elmo.B_ST.SCP_01,7,A1,-0.2714501692567328,0.41251083977399966,0.6839610090307324,-0.037766948094953796,-1,1,1,1,0
20210623T140144.A_Elmo.B_ST.SCP_01,8,A1,-0.24816986836648935,-1.0,-0.7518301316335106,0.4851414223271643,-1,-1,0,1,1
20210623T140144.A_Elmo.B_ST.SCP_01,9,A1,0.3792656347367033,0.3125760879260769,-0.06668954681062644,0.5672949788273272,1,1,0,1,1
20210623T140144.A_Elmo.B_ST.SCP_01,10,A1,0.05934475862395121,-0.0759167458055724,-0.13526150442952362,0.04818462850771217,1,-1,1,1,0
20210623T140144.A_Elmo.B_ST.SCP_01,11,A1,0.09501269505585973,-0.7060321967977883,-0.801044891853648,0.05655876808510662,1,-1,1,1,0
20210623T140144.A_Elmo.B_ST.SCP_01,12,A1,0.19366308538781948,0.054580974546493376,-0.1390821108413261,0.13226989179453094,1,1,0,1,1
20210623T140144.A_Elmo.B_ST.SCP_01,13,A1,0.11887478705471777,0.1531818293729607,0.03430704231824294,0.060623505456806843,1,1,0,1,0
20210623T140144.A_Elmo.B_ST.SCP_01,14,A1,-0.11447048520915364,0.1305837499943747,0.24505423520352831,-0.40392566009853964,-1,1,1,1,0
20210623T140144.A_Elmo.B_ST.SCP_01,15,A1,0.08143950085731083,0.614585924244909,0.5331464233875982,0.44336920802151986,1,1,0,0,0
20210623T140144.A_Elmo.B_ST.SCP_01,16,A1,-0.16967061405600786,0.009626680384162303,0.17929729444017017,0.04940498470275177,-1,1,1,1,0
20210623T140144.A_Elmo.B_ST.SCP_01,17,A1,-1.0,-1.0,0.0,0.49691608530442233,-1,-1,0,1,1
20210623T140144.A_Elmo.B_ST.SCP_01,18,A1,0.1299589384214159,-0.1252194374476965,-0.2551783758691124,0.1505264352758208,1,-1,1,1,1
20210623T140144.A_Elmo.B_ST.SCP_01,19,A1,-0.3058876585650668,-0.13019371865292903,0.17569393991213775,0.5654026155800699,-1,-1,0,1,1
20210623T140144.A_Elmo.B_ST.SCP_01,20,A1,-0.42654207480745077,-0.7753600085754723,-0.3488179337680215,0.9207531729410208,-1,-1,0,1,1
20210623T140144.A_Elmo.B_ST.SCP_01,21,A1,-1.0,-1.0,0.0,0.16385708999166695,-1,-1,0,0,0
20210623T140144.A_Elmo.B_ST.SCP_01,22,A1,-0.031576675933089264,-0.039587636293054757,-0.008010960359965492,0.3084650722012656,-1,-1,0,0,0
20210623T140144.A_Elmo.B_ST.SCP_01,23,A1,-0.44883142057901043,-0.4447693981383207,0.004062022440689705,0.47274009032108444,-1,-1,0,1,1
20210623T140144.A_Elmo.B_ST.SCP_01,24,A1,-1.0,-1.0,0.0,0.5460685187670353,-1,-1,0,1,1
20210623T140144.A_Elmo.B_ST.SCP_01,25,A1,-0.6816316706853331,-0.6089832152135626,0.07264845547177057,0.31697949423485916,-1,-1,0,0,0
20210623T140144.A_Elmo.B_ST.SCP_01,26,A1,-0.12084624495076567,0.0731017940898375,0.19394803904060315,0.07091103919063398,-1,1,1,1,0
20210623T140144.A_Elmo.B_ST.SCP_01,27,A1,0.1045049268832244,0.4093196826219255,0.3048147557387011,-0.18525537564604289,1,1,0,0,0
20210623T140144.A_Elmo.B_ST.SCP_01,28,A1,1.0,0.17668962685565595,-0.8233103731443441,0.554340439551319,1,1,0,1,1
20210623T140144.A_Elmo.B_ST.SCP_01,29,A1,-0.14777098582919487,0.16937459469351565,0.3171455805227105,-0.25438142534310537,-1,1,1,1,1
20210623T140144.A_Elmo.B_ST.SCP_01,30,A1,0.1529845890135959,-0.07051921523059941,-0.2235038042441953,-0.03297590229216042,1,-1,1,1,0
20210623T140144.A_Elmo.B_ST.SCP_01,31,A1,-0.6624639556157922,0.19367076836655614,0.8561347239823484,0.4925107371837024,-1,1,1,1,1
20210623T140144.A_Elmo.B_ST.SCP_01,32,A1,1.0,0.6586568262723548,-0.3413431737276452,0.7248384711273126,1,1,0,1,1
20210623T140144.A_Elmo.B_ST.SCP_01,33,A2,-0.6532122517805894,-0.8731089833686893,-0.21989673158809986,0.6763020498833489,-1,-1,0,1,1
20210623T140144.A_Elmo.B_ST.SCP_01,34,A2,-0.224080546211159,-0.18179902746032073,0.04228151875083827,-0.07188947831083754,-1,-1,0,0,1
20210623T140144.A_Elmo.B_ST.SCP_01,35,A2,-1.0,-0.5949907617572198,0.40500923824278023,0.05475283393283462,-1,-1,0,0,0
20210623T140144.A_Elmo.B_ST.SCP_01,36,A2,-0.024146065018984184,0.20186654411442373,0.22601260913340793,0.1392317754248863,-1,1,1,1,1
20210623T140144.A_Elmo.B_ST.SCP_01,37,A2,-0.2659493502653811,-0.05856894345521432,0.20738040681016676,0.05526839564072094,-1,-1,0,0,0
20210623T140144.A_Elmo.B_ST.SCP_01,38,A2,-0.08013375928993402,-0.0747544487334635,0.005379310556470521,0.08370790331356688,-1,-1,0,0,0
20210623T140144.A_Elmo.B_ST.SCP_01,39,A2,-0.34309751964296314,-0.33063443827640676,0.012463081366556383,0.08785355983870105,-1,-1,0,1,0
20210623T140144.A_Elmo.B_ST.SCP_01,40,A2,1.0,-0.44030549269337754,-1.4403054926933776,0.003828742358808279,1,-1,1,0,0
20210623T140144.A_Elmo.B_ST.SCP_01,41,A2,-0.44931666883189275,0.7928873427689067,1.2422040116007995,0.1571633977860776,-1,1,1,1,1
20210623T140144.A_Elmo.B_ST.SCP_01,42,A2,-0.6648136065971644,-1.0,-0.3351863934028356,-0.2624938666597068,-1,-1,0,1,0
20210623T140144.A_Elmo.B_ST.SCP_01,43,A2,-0.4392624033951896,-0.05822798129625149,0.3810344220989381,0.018408058941949787,-1,-1,0,1,1
20210623T140144.A_Elmo.B_ST.SCP_01,44,A2,-0.45925024593142094,0.024988464734142676,0.4842387106655636,0.01297475812795093,-1,1,1,0,0
20210623T140144.A_Elmo.B_ST.SCP_01,45,A2,-0.04496310833690538,0.0997903646734369,0.14475347301034228,0.02674458719277516,-1,1,1,0,0
20210623T140144.A_Elmo.B_ST.SCP_01,46,A2,-0.23377705329635853,-0.319661773508474,-0.08588472021211549,0.298537213226509,-1,-1,0,1,0
20210623T140144.A_Elmo.B_ST.SCP_01,47,A2,-0.02214246023277315,-0.4375816686310118,-0.4154392083982386,0.13153626507586338,-1,-1,0,1,0
20210623T140144.A_Elmo.B_ST.SCP_01,48,A2,-1.0,0.013196066890929295,1.0131960668909292,0.20645906965967234,-1,1,1,0,0
20210623T140144.A_Elmo.B_ST.SCP_01,49,A2,-0.13331081205701306,-0.9503227205417656,-0.8170119084847525,0.0739910323801014,-1,-1,0,1,1
20210623T140144.A_Elmo.B_ST.SCP_01,50,A2,-0.22751596503489507,-0.028111602360244837,0.19940436267465023,0.03267555237781353,-1,-1,0,1,0
20210623T140144.A_Elmo.B_ST.SCP_01,51,A2,0.25699982233414,-0.23741863267796734,-0.49441845501210735,-0.14448631393392194,1,-1,1,0,0
20210623T140144.A_Elmo.B_ST.SCP_01,52,A2,0.11729825887578223,-0.08619343540699208,-0.2034916942827743,-0.18703702112508375,1,-1,1,1,0
20210623T140144.A_Elmo.B_ST.SCP_01,53,A2,0.14782841665374363,-1.0,-1.1478284166537436,0.2750685275455393,1,-1,1,0,0
20210623T140144.A_Elmo.B_ST.SCP_01,54,A2,0.07375727948928806,1.0,0.926242720510712,0.50678019263052,1,1,0,1,1
20210623T140144.A_Elmo.B_ST.SCP_01,55,A2,-0.20765475771339903,-1.0,-0.792345242286601,0.44212802353912817,-1,-1,0,1,1
20210623T140144.A_Elmo.B_ST.SCP_01,56,A2,1.0,-0.07391446423844798,-1.073914464238448,0.12637657075208983,1,-1,1,1,1
20210623T140144.A_Elmo.B_ST.SCP_01,57,A2,0.10790283535835676,0.13690839242452685,0.029005557066170085,0.1939380651815248,1,1,0,1,1
20210623T140144.A_Elmo.B_ST.SCP_01,58,A2,0.6762001485707855,-0.09200271793710088,-0.7682028665078864,-0.14960317344061294,1,-1,1,1,0
20210623T140144.A_Elmo.B_ST.SCP_01,59,A2,-1.0,0.03453674901660204,1.034536749016602,0.3295447942121943,-1,1,1,0,0
20210623T140144.A_Elmo.B_ST.SCP_01,60,A2,0.023241793059643075,0.044933919920725124,0.02169212686108205,0.06822799480713991,1,1,0,0,0
20210623T140144.A_Elmo.B_ST.SCP_01,61,A2,-0.4859881454414189,-0.008384676723777157,0.4776034687176417,-0.2688790746999997,-1,-1,0,0,0
20210623T140144.A_Elmo.B_ST.SCP_01,62,A2,-0.028958415112854956,0.03591632298187713,0.06487473809473208,0.2225478828279171,-1,1,1,1,0
20210623T140144.A_Elmo.B_ST.SCP_01,63,A2,-1.0,-0.8733060566050347,0.1266939433949653,0.30467965186848345,-1,-1,0,1,0
20210623T140144.A_Elmo.B_ST.SCP_01,64,A2,-1.0,-0.043653569660788885,0.9563464303392111,0.3365016104023283,-1,-1,0,0,0
20210623T140144.A_Elmo.B_ST.SCP_01,65,A3,0.13395161441316333,0.006040314480986319,-0.127911299932177,-0.036717811729775944,1,1,0,1,0
20210623T140144.A_Elmo.B_ST.SCP_01,66,A3,-0.19390474840401256,0.13346513288557302,0.32736988128958555,0.08819556673822211,-1,1,1,0,0
20210623T140144.A_Elmo.B_ST.SCP_01,67,A3,-0.1695739784866286,1.0,1.1695739784866286,-0.12104638319147806,-1,1,1,0,0
20210623T140144.A_Elmo.B_ST.SCP_01,68,A3,1.0,0.4908954144431522,-0.5091045855568478,-0.10722224700373606,1,1,0,0,0
20210623T140144.A_Elmo.B_ST.SCP_01,69,A3,0.02220450344888348,-0.0341211409853224,-0.05632564443420588,0.16106998860184438,1,-1,1,0,0
20210623T140144.A_Elmo.B_ST.SCP_01,70,A3,0.004499388961878441,-0.014663109344060364,-0.019162498305938806,0.06224571222269667,1,-1,1,0,0
20210623T140144.A_Elmo.B_ST.SCP_01,71,A3,-1.0,0.05862078308460262,1.0586207830846026,0.07150292393788468,-1,1,1,0,0
20210623T140144.A_Elmo.B_ST.SCP_01,72,A3,0.037574894325769326,-0.0011789936212505722,-0.0387538879470199,-0.003001402431430572,1,-1,1,0,0
20210623T140144.A_Elmo.B_ST.SCP_01,73,A3,0.25498738545721245,0.03408905838225546,-0.220898327074957,0.29361623017284705,1,1,0,0,0
20210623T140144.A_Elmo.B_ST.SCP_01,74,A3,0.21249236892943066,-0.014872771045991736,-0.2273651399754224,0.010637108457656252,1,-1,1,0,0
20210623T140144.A_Elmo.B_ST.SCP_01,75,A3,-0.9414128041175702,0.5446156496058129,1.486028453723383,0.12825082292326043,-1,1,1,0,0
20210623T140144.A_Elmo.B_ST.SCP_01,76,A3,0.18605684464782318,0.3568942421881792,0.17083739754035604,0.061755824459744625,1,1,0,1,0
20210623T140144.A_Elmo.B_ST.SCP_01,77,A3,-0.2629003492726468,0.497775668215207,0.7606760174878539,-0.04731680892860269,-1,1,1,1,0
20210623T140144.A_Elmo.B_ST.SCP_01,78,A3,0.06555406765610014,0.016040388484348068,-0.049513679171752076,-0.15414424397681611,1,1,0,0,0
20210623T140144.A_Elmo.B_ST.SCP_01,79,A3,-0.2933112458729934,0.19443684457289015,0.4877480904458835,-0.15438218458739647,-1,1,1,0,0
20210623T140144.A_Elmo.B_ST.SCP_01,80,A3,0.07410315120027625,0.01912438289281399,-0.054978768307462254,0.22720893484966614,1,1,0,0,0
20210623T140144.A_Elmo.B_ST.SCP_01,81,A3,0.010734460376152178,0.09933882377316106,0.08860436339700888,0.17029985402288256,1,1,0,1,0
20210623T140144.A_Elmo.B_ST.SCP_01,82,A3,-0.09043248423124256,0.22648919278966223,0.3169216770209048,0.28767141917708666,-1,1,1,1,0
20210623T140144.A_Elmo.B_ST.SCP_01,83,A3,-1.0,0.8157595245815997,1.8157595245815998,0.22032561495351558,-1,1,1,1,0
20210623T140144.A_Elmo.B_ST.SCP_01,84,A3,-0.030648911699315738,0.13856835051600067,0.1692172622153164,-0.09870881841915904,-1,1,1,0,0
20210623T140144.A_Elmo.B_ST.SCP_01,85,A3,-0.6322315686875386,-0.32453189338218086,0.30769967530535774,-0.09761025690359197,-1,-1,0,0,0
20210623T140144.A_Elmo.B_ST.SCP_01,86,A3,0.14313761730281083,0.05940013059701826,-0.08373748670579256,0.22090441580779,1,1,0,0,0
20210623T140144.A_Elmo.B_ST.SCP_01,87,A3,0.06440030624142616,-0.04682075935931558,-0.11122106560074174,-0.04935664841417376,1,-1,1,0,0
20210623T140144.A_Elmo.B_ST.SCP_01,88,A3,-0.13168305294491714,0.06762114905880923,0.19930420200372637,0.023249979798176494,-1,1,1,1,0
20210623T140144.A_Elmo.B_ST.SCP_01,89,A3,0.07262124361541633,0.10115998278586791,0.028538739170451577,0.12718972219590735,1,1,0,0,0
20210623T140144.A_Elmo.B_ST.SCP_01,90,A3,0.5610095080660781,-0.18431000079220536,-0.7453195088582835,-0.12494156191666163,1,-1,1,0,0
20210623T140144.A_Elmo.B_ST.SCP_01,91,A3,0.004200650922436898,0.05591016116321166,0.05170951024077476,0.1309372577445826,1,1,0,0,0
20210623T140144.A_Elmo.B_ST.SCP_01,92,A3,0.12485403000100706,0.12582612723867584,0.0009720972376687786,-0.07939469261833433,1,1,0,0,0
20210623T140144.A_Elmo.B_ST.SCP_01,93,A3,-1.0,-0.20575054436710602,0.794249455632894,0.08259361450685447,-1,-1,0,0,0
20210623T140144.A_Elmo.B_ST.SCP_01,94,A3,0.12464819227817031,0.0040969082752109216,-0.12055128400295939,-0.09619506846489076,1,1,0,0,0
20210623T140144.A_Elmo.B_ST.SCP_01,95,A3,0.014208300150041294,-0.2950926043573033,-0.3093009045073446,-0.047979805778955796,1,-1,1,0,0
20210623T140144.A_Elmo.B_ST.SCP_01,96,A3,-0.02321991736131886,-0.08587330244404992,-0.06265338508273106,0.1567800194276209,-1,-1,0,0,0
20210623T140144.A_Elmo.B_ST.SCP_01,97,A4,0.15367346648899755,-0.9694571924161852,-1.1231306589051828,0.12541825961264308,1,-1,1,0,0
20210623T140144.A_Elmo.B_ST.SCP_01,98,A4,-0.3754013063504552,0.3457594621189528,0.721160768469408,-0.4068820194809195,-1,1,1,0,0
20210623T140144.A_Elmo.B_ST.SCP_01,99,A4,0.25222070003999636,1.0,0.7477792999600037,0.13829278904135778,1,1,0,0,0
20210623T140144.A_Elmo.B_ST.SCP_01,100,A4,-0.03726654596136116,0.05742681238837039,0.09469335834973155,0.12488426928827624,-1,1,1,0,0
20210623T140144.A_Elmo.B_ST.SCP_01,101,A4,-0.37156768271581386,-0.11397746406148951,0.25759021865432435,0.014055806920304361,-1,-1,0,0,0
20210623T140144.A_Elmo.B_ST.SCP_01,102,A4,-0.06577615909694792,0.10524693232346476,0.17102309142041267,0.1456597046953889,-1,1,1,0,0
20210623T140144.A_Elmo.B_ST.SCP_01,103,A4,0.10846149072967942,0.1788978231428611,0.07043633241318167,0.6473864430186211,1,1,0,1,1
20210623T140144.A_Elmo.B_ST.SCP_01,104,A4,-0.056112162700943706,-0.0162548518147937,0.03985731088615001,0.021778337193008295,-1,-1,0,0,0
20210623T140144.A_Elmo.B_ST.SCP_01,105,A4,-0.27073342169876646,1.0,1.2707334216987665,0.1826513056385764,-1,1,1,0,0
20210623T140144.A_Elmo.B_ST.SCP_01,106,A4,0.10572041274486045,0.17888820822265447,0.07316779547779402,-0.06504389911036505,1,1,0,1,0
20210623T140144.A_Elmo.B_ST.SCP_01,107,A4,1.0,0.495919594296277,-0.5040804057037229,0.15842614265297852,1,1,0,0,0
20210623T140144.A_Elmo.B_ST.SCP_01,108,A4,1.0,-1.0,-2.0,0.008033943302338226,1,-1,1,0,0
20210623T140144.A_Elmo.B_ST.SCP_01,109,A4,-0.25023546086460563,0.4634699502075918,0.7137054110721974,-0.20828262316321186,-1,1,1,0,0
20210623T140144.A_Elmo.B_ST.SCP_01,110,A4,-0.15775232635861014,-0.9491320796807554,-0.7913797533221453,-0.47707472578697346,-1,-1,0,0,0
20210623T140144.A_Elmo.B_ST.SCP_01,111,A4,0.8050175362385074,0.11053987687769687,-0.6944776593608105,-0.050708335576925945,1,1,0,1,0
20210623T140144.A_Elmo.B_ST.SCP_01,112,A4,0.12191154920450213,0.07861036115360766,-0.043301188050894474,0.12272489125938388,1,1,0,0,0
20210623T140144.A_Elmo.B_ST.SCP_01,113,A4,0.1085940348453121,-0.00972924137403825,-0.11832327621935035,0.6163534620844603,1,-1,1,1,1
20210623T140144.A_Elmo.B_ST.SCP_01,114,A4,0.9657454243622812,0.1452240601550781,-0.8205213642072031,0.007473751852539534,1,1,0,1,1
20210623T140144.A_Elmo.B_ST.SCP_01,115,A4,-0.3762664839462438,-0.3183248374681192,0.05794164647812461,-0.1091845247658859,-1,-1,0,1,1
20210623T140144.A_Elmo.B_ST.SCP_01,116,A4,-0.689241924786085,-0.09934804626705786,0.5898938785190272,0.028630603234220765,-1,-1,0,1,0
20210623T140144.A_Elmo.B_ST.SCP_01,117,A4,-0.2664359527680874,-0.3460753935426508,-0.07963944077456342,0.6852869369933227,-1,-1,0,1,1
20210623T140144.A_Elmo.B_ST.SCP_01,118,A4,-0.3414405945522186,0.06041773588691297,0.40185833043913155,-0.28051789142905587,-1,1,1,0,0
20210623T140144.A_Elmo.B_ST.SCP_01,119,A4,-0.008205081993033544,-0.3651446286469104,-0.35693954665387684,0.5763918059518549,-1,-1,0,1,1
20210623T140144.A_Elmo.B_ST.SCP_01,120,A4,-0.3543404632434782,0.3710596077360201,0.7254000709794983,0.06531843988823473,-1,1,1,1,0
20210623T140144.A_Elmo.B_ST.SCP_01,121,A4,0.3203769543246393,0.3481201025911499,0.027743148266510587,0.18524780600892413,1,1,0,1,1
20210623T140144.A_Elmo.B_ST.SCP_01,122,A4,0.21463784852661086,-0.10494839302113544,-0.3195862415477463,0.20394365847573684,1,-1,1,0,0
20210623T140144.A_Elmo.B_ST.SCP_01,123,A4,0.10200468456520356,0.11532287357829034,0.013318189013086776,0.12855794279133237,1,1,0,0,0
20210623T140144.A_Elmo.B_ST.SCP_01,124,A4,0.011979398060558756,-0.17811533604138768,-0.19009473410194644,-0.241376201912292,1,-1,1,0,0
20210623T140144.A_Elmo.B_ST.SCP_01,125,A4,0.29236441251506695,-0.040303947674998994,-0.33266836019006596,0.16322849094305408,1,-1,1,0,0
20210623T140144.A_Elmo.B_ST.SCP_01,126,A4,0.022149314319852217,-0.005939816146282139,-0.028089130466134357,0.13249276531881432,1,-1,1,0,0
20210623T140144.A_Elmo.B_ST.SCP_01,127,A4,0.16921314256945577,0.17736954724365137,0.008156404674195594,0.21431322414056916,1,1,0,1,0
20210623T140144.A_Elmo.B_ST.SCP_01,128,A4,0.6724428866716567,0.08287410537181523,-0.5895687812998415,0.02982373037229001,1,1,0,0,0
20210623T140144.A_Elmo.B_ST.SCP_01,129,A5,0.5252294222119664,0.12394745622955908,-0.4012819659824074,-0.1317162297447212,1,1,0,0,0
20210623T140144.A_Elmo.B_ST.SCP_01,130,A5,0.15899175885139755,0.8198014891048568,0.6608097302534592,0.03139495443353276,1,1,0,0,0
20210623T140144.A_Elmo.B_ST.SCP_01,131,A5,1.0,-0.42952640710005324,-1.4295264071000533,0.15968163724409332,1,-1,1,0,1
20210623T140144.A_Elmo.B_ST.SCP_01,132,A5,-0.020472282007266366,-0.056583224355389004,-0.036110942348122635,0.14705684491922716,-1,-1,0,0,0
20210623T140144.A_Elmo.B_ST.SCP_01,133,A5,-0.14598755307187403,-1.0,-0.854012446928126,0.24757479024226692,-1,-1,0,1,0
20210623T140144.A_Elmo.B_ST.SCP_01,134,A5,-0.3098877079492151,-1.0,-0.690112292050785,-0.09884571317454773,-1,-1,0,0,0
20210623T140144.A_Elmo.B_ST.SCP_01,135,A5,-0.8115571898879369,-1.0,-0.1884428101120631,0.5739649719336635,-1,-1,0,1,1
20210623T140144.A_Elmo.B_ST.SCP_01,136,A5,0.18946621935994057,-0.0535438968491022,-0.24301011620904278,-0.07826530392454287,1,-1,1,0,0
20210623T140144.A_Elmo.B_ST.SCP_01,137,A5,0.02322534354655835,-0.16037358461313395,-0.1835989281596923,-0.10168529347849702,1,-1,1,0,0
20210623T140144.A_Elmo.B_ST.SCP_01,138,A5,0.07464213661596202,0.02288696547975647,-0.05175517113620555,0.03518588084497362,1,1,0,0,0
20210623T140144.A_Elmo.B_ST.SCP_01,139,A5,0.19363157521737573,0.5305472640904088,0.336915688873033,0.211010814879773,1,1,0,0,0
20210623T140144.A_Elmo.B_ST.SCP_01,140,A5,0.051168022581543904,-0.2871635964155951,-0.338331618997139,0.08803109657172654,1,-1,1,0,0
20210623T140144.A_Elmo.B_ST.SCP_01,141,A5,0.031135525358988714,-0.0010599077625267164,-0.03219543312151543,-0.3387153909119182,1,-1,1,0,0
20210623T140144.A_Elmo.B_ST.SCP_01,142,A5,-0.08866080892481559,-0.013572362584014577,0.07508844634080102,0.13428105822182373,-1,-1,0,0,0
20210623T140144.A_Elmo.B_ST.SCP_01,143,A5,-1.0,-0.4926945059883527,0.5073054940116473,0.14102444069808578,-1,-1,0,0,0
20210623T140144.A_Elmo.B_ST.SCP_01,144,A5,-0.04575025468552083,-0.05240793380620679,-0.006657679120685961,0.035976620458734856,-1,-1,0,0,0
20210623T140144.A_Elmo.B_ST.SCP_01,145,A5,-1.0,-1.0,0.0,0.03486462092857238,-1,-1,0,1,1
20210623T140144.A_Elmo.B_ST.SCP_01,146,A5,0.19869280633598246,-0.000270911698216875,-0.19896371803419935,0.26682627109390544,1,-1,1,1,1
20210623T140144.A_Elmo.B_ST.SCP_01,147,A5,0.028118534766606362,0.015159457040931308,-0.012959077725675054,0.17793215277367228,1,1,0,0,0
20210623T140144.A_Elmo.B_ST.SCP_01,148,A5,0.056935230179756685,-0.09537472283120081,-0.1523099530109575,0.4422050211049878,1,-1,1,0,0
20210623T140144.A_Elmo.B_ST.SCP_01,149,A5,-0.4322686948803424,-0.2105093438248345,0.22175935105550793,0.12299259829980044,-1,-1,0,0,0
20210623T140144.A_Elmo.B_ST.SCP_01,150,A5,0.5764141788317267,-0.10074636774392962,-0.6771605465756564,-0.017854165774885855,1,-1,1,0,0
20210623T140144.A_Elmo.B_ST.SCP_01,151,A5,-0.02369307110322517,-0.5882736133357105,-0.5645805422324853,0.31200070113963163,-1,-1,0,0,0
20210623T140144.A_Elmo.B_ST.SCP_01,152,A5,0.02785878924790226,-0.41648151138070305,-0.4443403006286053,-0.14151202137789934,1,-1,1,0,0
20210623T140144.A_Elmo.B_ST.SCP_01,153,A5,-0.010686928953036976,0.2547768124581505,0.26546374141118745,0.1187810530087405,-1,1,1,0,0
20210623T140144.A_Elmo.B_ST.SCP_01,154,A5,-0.10477374133801491,0.21916221224757043,0.32393595358558536,0.23832173550981472,-1,1,1,0,0
20210623T140144.A_Elmo.B_ST.SCP_01,155,A5,0.1299619381403603,-0.15380878591767552,-0.28377072405803583,-0.0742604731859896,1,-1,1,0,0
20210623T140144.A_Elmo.B_ST.SCP_01,156,A5,0.23869588364726485,-0.08211558446478605,-0.3208114681120509,-0.12761792704324107,1,-1,1,0,0
20210623T140144.A_Elmo.B_ST.SCP_01,157,A5,0.26831440180904126,0.07723581004027212,-0.19107859176876912,0.14687130368655585,1,1,0,0,0
20210623T140144.A_Elmo.B_ST.SCP_01,158,A5,-0.8740286569065197,-0.5224284218318428,0.35160023507467686,0.022973506535269746,-1,-1,0,0,0
20210623T140144.A_Elmo.B_ST.SCP_01,159,A5,0.05897186481955925,0.07775546328966611,0.018783598470106855,-0.054296029118725775,1,1,0,0,0
20210623T140144.A_Elmo.B_ST.SCP_01,160,A5,-0.3837219720593529,-0.2969604915103172,0.08676148054903565,0.35525945024025213,-1,-1,0,0,0
20210625T141512.A_Elmo.B_KN.SCP_01,1,A1,0.22542088037720961,-0.5543075833223021,-0.7797284636995118,-0.31932444283453276,1,-1,1,1,0
20210625T141512.A_Elmo.B_KN.SCP_01,2,A1,0.051683336436783925,-1.0,-1.051683336436784,0.1577713139666059,1,-1,1,1,0
20210625T141512.A_Elmo.B_KN.SCP_01,3,A1,0.8270092186706292,-1.0,-1.827009218670629,0.17548386871942515,1,-1,1,1,0
20210625T141512.A_Elmo.B_KN.SCP_01,4,A1,1.0,-0.13688047410232826,-1.1368804741023282,0.1513424089715078,1,-1,1,1,0
20210625T141512.A_Elmo.B_KN.SCP_01,5,A1,0.520296738287075,-1.0,-1.5202967382870751,0.37084119855992964,1,-1,1,1,0
20210625T141512.A_Elmo.B_KN.SCP_01,6,A1,0.034257418077516255,-1.0,-1.0342574180775164,-0.046475078505819827,1,-1,1,1,0
20210625T141512.A_Elmo.B_KN.SCP_01,7,A1,0.07992773477073617,-1.0,-1.0799277347707361,0.05696246580641519,1,-1,1,0,0
20210625T141512.A_Elmo.B_KN.SCP_01,8,A1,-0.3502916596069641,-1.0,-0.6497083403930359,0.15051547041577895,-1,-1,0,1,0
20210625T141512.A_Elmo.B_KN.SCP_01,9,A1,-1.0,-1.0,0.0,0.3542777864563737,-1,-1,0,1,0
20210625T141512.A_Elmo.B_KN.SCP_01,10,A1,0.9131362313965711,-1.0,-1.913136231396571,0.05206466524441616,1,-1,1,1,0
20210625T141512.A_Elmo.B_KN.SCP_01,11,A1,-0.09437054823258138,0.31002016486905765,0.40439071310163904,-0.09969117784180251,-1,1,1,1,0
20210625T141512.A_Elmo.B_KN.SCP_01,12,A1,1.0,-0.27857418612473883,-1.2785741861247388,-0.050547800366993065,1,-1,1,1,0
20210625T141512.A_Elmo.B_KN.SCP_01,13,A1,0.034177747317621986,-1.0,-1.034177747317622,0.23321109569253218,1,-1,1,1,0
20210625T141512.A_Elmo.B_KN.SCP_01,14,A1,-0.3678856122216182,-0.27226259241455614,0.09562301980706206,-0.08455000086407286,-1,-1,0,0,0
20210625T141512.A_Elmo.B_KN.SCP_01,15,A1,0.48662996950590837,-1.0,-1.4866299695059084,0.06880532311509063,1,-1,1,0,0
20210625T141512.A_Elmo.B_KN.SCP_01,16,A1,0.11518106718864342,1.0,0.8848189328113566,0.08764532110165672,1,1,0,0,0
20210625T141512.A_Elmo.B_KN.SCP_01,17,A1,-1.0,-1.0,0.0,0.11071205562804765,-1,-1,0,1,0
20210625T141512.A_Elmo.B_KN.SCP_01,18,A1,0.1692008436463564,-1.0,-1.1692008436463563,-0.11968179021509268,1,-1,1,1,0
20210625T141512.A_Elmo.B_KN.SCP_01,19,A1,-0.9903111025109982,-1.0,-0.009688897489001813,0.4358351229471366,-1,-1,0,1,0
20210625T141512.A_Elmo.B_KN.SCP_01,20,A1,-0.4308967994424059,-0.46448668197474524,-0.033589882532339355,0.4109692598765976,-1,-1,0,1,1
20210625T141512.A_Elmo.B_KN.SCP_01,21,A1,-0.30682767828630314,-0.1368988550413701,0.16992882324493305,-0.2076324749525235,-1,-1,0,0,0
20210625T141512.A_Elmo.B_KN.SCP_01,22,A1,-1.0,-0.5794351182516693,0.42056488174833073,0.12131364785221206,-1,-1,0,0,0
20210625T141512.A_Elmo.B_KN.SCP_01,23,A1,0.20168477140031887,-0.7032202473909599,-0.9049050187912788,-0.25211567197825907,1,-1,1,1,0
20210625T141512.A_Elmo.B_KN.SCP_01,24,A1,-1.0,-1.0,0.0,0.3125119275767075,-1,-1,0,1,0
20210625T141512.A_Elmo.B_KN.SCP_01,25,A1,0.1893116001028794,-0.4362738521239188,-0.6255854522267982,-0.21575862232861737,1,-1,1,1,0
20210625T141512.A_Elmo.B_KN.SCP_01,26,A1,0.16199372474607768,0.004047107846400543,-0.15794661689967712,-0.07493423843103089,1,1,0,0,0
20210625T141512.A_Elmo.B_KN.SCP_01,27,A1,0.13804612677997496,-0.2647082488102691,-0.4027543755902441,0.18483425235873177,1,-1,1,1,0
20210625T141512.A_Elmo.B_KN.SCP_01,28,A1,-0.16499857116510921,0.06097854692542703,0.22597711809053625,0.15381088590336792,-1,1,1,1,1
20210625T141512.A_Elmo.B_KN.SCP_01,29,A1,0.15631743296054793,-1.0,-1.156317432960548,-0.06674061229494467,1,-1,1,0,0
20210625T141512.A_Elmo.B_KN.SCP_01,30,A1,-1.0,-0.15349653381470377,0.8465034661852963,-0.08230777091264484,-1,-1,0,0,0
20210625T141512.A_Elmo.B_KN.SCP_01,31,A1,-0.36251834325227794,-1.0,-0.6374816567477221,0.4829522618542033,-1,-1,0,1,0
20210625T141512.A_Elmo.B_KN.SCP_01,32,A1,1.0,0.12646414894632987,-0.8735358510536702,0.058227422816089336,1,1,0,1,0
20210625T141512.A_Elmo.B_KN.SCP_01,33,A2,-0.7075598445456012,-1.0,-0.29244015545439883,-0.03309470750936673,-1,-1,0,1,1
20210625T141512.A_Elmo.B_KN.SCP_01,34,A2,0.02969337978650071,0.25842760142219673,0.228734221635696,-0.06819097250394732,1,1,0,1,0
20210625T141512.A_Elmo.B_KN.SCP_01,35,A2,0.029804119166588337,-0.3439949732769361,-0.37379909244352444,-0.1300853393267862,1,-1,1,0,0
20210625T141512.A_Elmo.B_KN.SCP_01,36,A2,-0.04104153954171641,-0.37766563565023314,-0.33662409610851673,-0.09641513897805742,-1,-1,0,1,1
20210625T141512.A_Elmo.B_KN.SCP_01,37,A2,-0.5934533658929476,-0.753912789675947,-0.16045942378299938,-0.010137007223210773,-1,-1,0,0,0
20210625T141512.A_Elmo.B_KN.SCP_01,38,A2,1.0,0.4187395836385178,-0.5812604163614822,-0.10585917307650632,1,1,0,1,0
20210625T141512.A_Elmo.B_KN.SCP_01,39,A2,-0.5882814687527892,-1.0,-0.4117185312472108,0.27114099259906477,-1,-1,0,1,0
20210625T141512.A_Elmo.B_KN.SCP_01,40,A2,-1.0,0.0901099257218468,1.0901099257218467,-0.1678021013408801,-1,1,1,0,0
20210625T141512.A_Elmo.B_KN.SCP_01,41,A2,-0.7837805201064222,-0.36370952901559755,0.42007099109082463,0.21846017784749075,-1,-1,0,1,0
20210625T141512.A_Elmo.B_KN.SCP_01,42,A2,-1.0,-0.33885842319131204,0.6611415768086879,-0.10400115550222491,-1,-1,0,0,0
20210625T141512.A_Elmo.B_KN.SCP_01,43,A2,-0.0777463591292244,-0.12780809463792356,-0.05006173550869916,0.03155426720480935,-1,-1,0,1,0
20210625T141512.A_Elmo.B_KN.SCP_01,44,A2,-0.8834018539630781,-0.3402055888136964,0.5431962651493818,0.07540824261715363,-1,-1,0,0,0
20210625T141512.A_Elmo.B_KN.SCP_01,45,A2,-1.0,-1.0,0.0,0.2859280071660782,-1,-1,0,0,0
20210625T141512.A_Elmo.B_KN.SCP_01,46,A2,-1.0,-0.5443154515151739,0.4556845484848261,-0.13616306532459188,-1,-1,0,0,0
20210625T141512.A_Elmo.B_KN.SCP_01,47,A2,-0.26259998537226087,-1.0,-0.7374000146277391,0.006242930113064641,-1,-1,0,0,0
20210625T141512.A_Elmo.B_KN.SCP_01,48,A2,-0.4378049354056988,-0.0592114757331015,0.37859345967259733,0.1358188891586123,-1,-1,0,0,0
20210625T141512.A_Elmo.B_KN.SCP_01,49,A2,-0.5984852937208023,0.6819671052224218,1.2804523989432242,0.026068630071840612,-1,1,1,1,0
20210625T141512.A_Elmo.B_KN.SCP_01,50,A2,-0.001133486062639246,0.19675842787834974,0.19789191394098898,0.14287419479492983,-1,1,1,0,0
20210625T141512.A_Elmo.B_KN.SCP_01,51,A2,-0.9898387072533024,1.0,1.9898387072533024,0.0049330132784676526,-1,1,1,0,0
20210625T141512.A_Elmo.B_KN.SCP_01,52,A2,-0.8663602390195456,0.11202267121274673,0.9783829102322923,0.23788966889050525,-1,1,1,0,0
20210625T141512.A_Elmo.B_KN.SCP_01,53,A2,-0.31922344598808045,-0.420359889576487,-0.10113644358840657,0.09531565688747773,-1,-1,0,0,0
20210625T141512.A_Elmo.B_KN.SCP_01,54,A2,0.02586546042452324,0.4056307878218122,0.37976532739728897,0.3004743571245212,1,1,0,1,1
20210625T141512.A_Elmo.B_KN.SCP_01,55,A2,-0.2172906082150478,0.5149904038573919,0.7322810120724397,0.1611872774917127,-1,1,1,1,1
20210625T141512.A_Elmo.B_KN.SCP_01,56,A2,-0.22656016272188362,0.3443756035592439,0.5709357662811275,-0.13636515486741876,-1,1,1,1,0
20210625T141512.A_Elmo.B_KN.SCP_01,57,A2,0.1724318005947904,-0.10083937957994649,-0.2732711801747369,-0.028659358506165463,1,-1,1,1,0
20210625T141512.A_Elmo.B_KN.SCP_01,58,A2,-1.0,-0.41028984673403385,0.5897101532659661,-0.03708489190558401,-1,-1,0,0,0
20210625T141512.A_Elmo.B_KN.SCP_01,59,A2,0.4627889094376131,-1.0,-1.462788909437613,0.20238072495371995,1,-1,1,1,0
20210625T141512.A_Elmo.B_KN.SCP_01,60,A2,-0.14239150060296354,0.02419053125584218,0.1665820318588057,0.12698154305316148,-1,1,1,0,0
20210625T141512.A_Elmo.B_KN.SCP_01,61,A2,0.13590829393176232,0.5549042457849537,0.4189959518531914,0.020103286831950767,1,1,0,0,0
20210625T141512.A_Elmo.B_KN.SCP_01,62,A2,-0.8061680115997473,0.544201235313667,1.3503692469134143,-0.25168541190329263,-1,1,1,0,0
20210625T141512.A_Elmo.B_KN.SCP_01,63,A2,-0.3469446919480756,-0.22392545634480399,0.1230192356032716,-0.07539387639648938,-1,-1,0,0,0
20210625T141512.A_Elmo.B_KN.SCP_01,64,A2,0.30188105890096956,-1.0,-1.3018810589009695,-0.09435558774626858,1,-1,1,0,0
20210625T141512.A_Elmo.B_KN.SCP_01,65,A3,1.0,-0.32222589513165323,-1.3222258951316532,-0.07379354237098695,1,-1,1,1,0
20210625T141512.A_Elmo.B_KN.SCP_01,66,A3,1.0,-1.0,-2.0,-0.02823342968708988,1,-1,1,0,0
20210625T141512.A_Elmo.B_KN.SCP_01,67,A3,-0.24562412567864966,-0.25747298070922076,-0.011848855030571093,0.06618305284513559,-1,-1,0,0,0
20210625T141512.A_Elmo.B_KN.SCP_01,68,A3,1.0,-0.8446277181880756,-1.8446277181880757,0.01581620327359421,1,-1,1,0,0
20210625T141512.A_Elmo.B_KN.SCP_01,69,A3,-0.019951199926727104,0.013811420588948667,0.03376262051567577,0.08857005663751577,-1,1,1,0,0
20210625T141512.A_Elmo.B_KN.SCP_01,70,A3,0.28452997320353046,-0.05369856692772678,-0.33822854013125725,0.02585029366612519,1,-1,1,0,0
20210625T141512.A_Elmo.B_KN.SCP_01,71,A3,0.6985326093481685,-0.41138481114976433,-1.1099174204979327,-0.12482765423708767,1,-1,1,0,0
20210625T141512.A_Elmo.B_KN.SCP_01,72,A3,0.8298266293196261,-0.0006765638958520082,-0.8305031932154782,0.06785119191883021,1,-1,1,0,0
20210625T141512.A_Elmo.B_KN.SCP_01,73,A3,-0.1845136183480636,0.02719722521249984,0.21171084356056344,0.18546724686576194,-1,1,1,0,0
20210625T141512.A_Elmo.B_KN.SCP_01,74,A3,-1.0,0.4629474054294576,1.4629474054294576,-0.13252466197195434,-1,1,1,0,0
20210625T141512.A_Elmo.B_KN.SCP_01,75,A3,-0.25489257622835354,0.2307443043216035,0.485636880549957,-0.08138441231442807,-1,1,1,0,0
20210625T141512.A_Elmo.B_KN.SCP_01,76,A3,0.7429989207652461,-0.36453644826082,-1.107535369026066,0.294371382525601,1,-1,1,1,0
20210625T141512.A_Elmo.B_KN.SCP_01,77,A3,-0.5033796319937603,-0.15920843158769526,0.3441712004060651,0.1542815666797616,-1,-1,0,0,0
20210625T141512.A_Elmo.B_KN.SCP_01,78,A3,-0.06032557865478636,-0.03206614533032386,0.0282594333244625,0.2686561127626798,-1,-1,0,0,0
20210625T141512.A_Elmo.B_KN.SCP_01,79,A3,0.4641634491786185,-1.0,-1.4641634491786184,0.04622619801575259,1,-1,1,1,0
20210625T141512.A_Elmo.B_KN.SCP_01,80,A3,-0.7443844302844157,-0.09178247926274546,0.6526019510216703,-0.16203810774261906,-1,-1,0,0,0
20210625T141512.A_Elmo.B_KN.SCP_01,81,A3,0.4364530668250271,-0.394180065555804,-0.8306331323808311,-0.10378662982282323,1,-1,1,0,0
20210625T141512.A_Elmo.B_KN.SCP_01,82,A3,-0.36228724739041723,-0.5467754836076822,-0.184488236217265,-0.10742885515816099,-1,-1,0,0,0
20210625T141512.A_Elmo.B_KN.SCP_01,83,A3,0.08840261773150014,-0.08267015859791216,-0.1710727763294123,0.1681362266609809,1,-1,1,0,0
20210625T141512.A_Elmo.B_KN.SCP_01,84,A3,-0.41968990145753576,-0.5253089423144658,-0.10561904085693002,0.1862873512921359,-1,-1,0,0,0
20210625T141512.A_Elmo.B_KN.SCP_01,85,A3,-0.21093675339094053,-0.20268429598874144,0.008252457402199098,0.04537078954872934,-1,-1,0,0,0
20210625T141512.A_Elmo.B_KN.SCP_01,86,A3,0.4202377431209857,-0.3899432738576043,-0.81018101697859,0.15706824108073889,1,-1,1,0,0
20210625T141512.A_Elmo.B_KN.SCP_01,87,A3,0.3671385637799276,-0.047581527128093666,-0.41472009090802125,0.05097632419580219,1,-1,1,0,0
20210625T141512.A_Elmo.B_KN.SCP_01,88,A3,-1.0,0.1684598950834386,1.1684598950834386,-0.034936062688047505,-1,1,1,1,0
20210625T141512.A_Elmo.B_KN.SCP_01,89,A3,0.9971658751541929,-0.16687826216654972,-1.1640441373207426,-0.07737577071164677,1,-1,1,0,0
20210625T141512.A_Elmo.B_KN.SCP_01,90,A3,0.24864884995648465,0.0026425042710266264,-0.246006345685458,0.24350311190921436,1,1,0,1,0
20210625T141512.A_Elmo.B_KN.SCP_01,91,A3,-0.3028136552440805,-0.00446368452252483,0.29834997072155567,0.03866121604202696,-1,-1,0,0,0
20210625T141512.A_Elmo.B_KN.SCP_01,92,A3,0.07656891460812491,-0.05631442560924085,-0.13288334021736575,-0.06719933694759787,1,-1,1,0,0
20210625T141512.A_Elmo.B_KN.SCP_01,93,A3,0.8794856235699011,-0.46841998925108874,-1.3479056128209899,0.20156149717021266,1,-1,1,0,0
20210625T141512.A_Elmo.B_KN.SCP_01,94,A3,-0.13005312503007654,-0.25947287403414726,-0.12941974900407072,-0.0944184370272097,-1,-1,0,0,0
20210625T141512.A_Elmo.B_KN.SCP_01,95,A3,0.7661640730611657,-1.0,-1.7661640730611659,0.07477373131045743,1,-1,1,0,0
20210625T141512.A_Elmo.B_KN.SCP_01,96,A3,0.011052025426649174,-0.2378323594265613,-0.2488843848532105,0.6657050283288583,1,-1,1,1,0
20210625T141512.A_Elmo.B_KN.SCP_01,97,A4,-0.05629913122419603,-0.1368199666242312,-0.08052083540003518,0.21097205606582434,-1,-1,0,1,0
20210625T141512.A_Elmo.B_KN.SCP_01,98,A4,-0.09986900658152179,-1.0,-0.9001309934184782,0.32786721522536133,-1,-1,0,0,0
20210625T141512.A_Elmo.B_KN.SCP_01,99,A4,-0.21222889281953242,0.13649911399646128,0.3487280068159937,-0.04493735018425273,-1,1,1,0,0
20210625T141512.A_Elmo.B_KN.SCP_01,100,A4,0.10799297891906595,-0.010263864474972817,-0.11825684339403877,-0.34137929544464857,1,-1,1,0,0
20210625T141512.A_Elmo.B_KN.SCP_01,101,A4,0.1951862698464591,-0.26259422797996773,-0.4577804978264268,-0.04944946611190148,1,-1,1,1,0
20210625T141512.A_Elmo.B_KN.SCP_01,102,A4,-0.38589675084380193,-1.0,-0.6141032491561981,0.03842147250382247,-1,-1,0,0,0
20210625T141512.A_Elmo.B_KN.SCP_01,103,A4,0.2237141808256474,0.26371756830486914,0.04000338747922175,0.1872615677299009,1,1,0,1,1
20210625T141512.A_Elmo.B_KN.SCP_01,104,A4,0.4036967252757893,-0.19343572478932308,-0.5971324500651124,0.05461662515113305,1,-1,1,0,0
20210625T141512.A_Elmo.B_KN.SCP_01,105,A4,1.0,-0.5937371826526215,-1.5937371826526214,0.1435058473970564,1,-1,1,0,0
20210625T141512.A_Elmo.B_KN.SCP_01,106,A4,-0.004377499412769822,-0.8086880490659663,-0.8043105496531965,0.20592909370395893,-1,-1,0,0,0
20210625T141512.A_Elmo.B_KN.SCP_01,107,A4,-0.29100362784513834,-0.8827314738051178,-0.5917278459599795,-0.08119618104555991,-1,-1,0,0,0
20210625T141512.A_Elmo.B_KN.SCP_01,108,A4,-0.4355454256284308,-0.029336182966675263,0.4062092426617555,0.2593472785799113,-1,-1,0,0,0
20210625T141512.A_Elmo.B_KN.SCP_01,109,A4,0.7856449911844168,-0.5934490212215394,-1.379094012405956,0.009233828017833927,1,-1,1,0,0
20210625T141512.A_Elmo.B_KN.SCP_01,110,A4,-0.25861962966209534,-0.11362959360522304,0.1449900360568723,0.05475900746814756,-1,-1,0,0,0
20210625T141512.A_Elmo.B_KN.SCP_01,111,A4,-0.6731265721091423,-0.25396614142190393,0.41916043068723835,-0.27421047561557943,-1,-1,0,0,0
20210625T141512.A_Elmo.B_KN.SCP_01,112,A4,-1.0,-0.09133318127337653,0.9086668187266235,0.00800064014492983,-1,-1,0,0,0
20210625T141512.A_Elmo.B_KN.SCP_01,113,A4,0.005896224184844127,-0.7095111767300762,-0.7154074009149204,0.34376649069323206,1,-1,1,1,1
20210625T141512.A_Elmo.B_KN.SCP_01,114,A4,-0.08068354472938802,-0.6655579212491404,-0.5848743765197524,0.10642570244706455,-1,-1,0,1,0
20210625T141512.A_Elmo.B_KN.SCP_01,115,A4,-0.16677849855370477,-0.08370223040038939,0.08307626815331538,0.26594546490122417,-1,-1,0,1,0
20210625T141512.A_Elmo.B_KN.SCP_01,116,A4,-0.09570055444589225,-1.0,-0.9042994455541078,0.04543105744390896,-1,-1,0,1,0
20210625T141512.A_Elmo.B_KN.SCP_01,117,A4,-0.45159076396337916,-0.19266985607283635,0.2589209078905428,0.04019586474752346,-1,-1,0,1,0
20210625T141512.A_Elmo.B_KN.SCP_01,118,A4,-0.19046976419908487,-1.0,-0.8095302358009151,0.14480163831130072,-1,-1,0,1,0
20210625T141512.A_Elmo.B_KN.SCP_01,119,A4,0.06713922601245374,1.0,0.9328607739875463,-0.20802343935248027,1,1,0,1,1
20210625T141512.A_Elmo.B_KN.SCP_01,120,A4,-1.0,-0.02652753109153626,0.9734724689084637,0.3170238775540325,-1,-1,0,0,0
20210625T141512.A_Elmo.B_KN.SCP_01,121,A4,-0.01566028425919557,0.7461749281097793,0.7618352123689748,0.19509043317858182,-1,1,1,1,0
20210625T141512.A_Elmo.B_KN.SCP_01,122,A4,-0.23061739233618667,0.8178486312654973,1.048466023601684,0.0932588106544876,-1,1,1,0,0
20210625T141512.A_Elmo.B_KN.SCP_01,123,A4,-0.04810036716344252,-0.1925156140907996,-0.14441524692735708,0.24504212287663055,-1,-1,0,0,0
20210625T141512.A_Elmo.B_KN.SCP_01,124,A4,0.8240865959096896,-0.31213194338009626,-1.136218539289786,0.12962361415527443,1,-1,1,0,0
20210625T141512.A_Elmo.B_KN.SCP_01,125,A4,-0.5079126281570608,-0.29923890898385913,0.2086737191732017,0.14223413249406477,-1,-1,0,0,0
20210625T141512.A_Elmo.B_KN.SCP_01,126,A4,-0.02047420582474977,1.0,1.0204742058247498,0.049274892744474226,-1,1,1,0,0
20210625T141512.A_Elmo.B_KN.SCP_01,127,A4,-0.8000312982719828,-1.0,-0.19996870172801717,0.4037622266894009,-1,-1,0,1,0
20210625T141512.A_Elmo.B_KN.SCP_01,128,A4,0.3010889402955665,0.641965162833641,0.34087622253807454,-0.08575213573506704,1,1,0,0,0
20210625T141512.A_Elmo.B_KN.SCP_01,129,A5,1.0,-1.0,-2.0,0.18873034620313955,1,-1,1,0,0
20210625T141512.A_Elmo.B_KN.SCP_01,130,A5,-1.0,-0.5553767449285328,0.44462325507146716,-0.11213355173412347,-1,-1,0,0,0
20210625T141512.A_Elmo.B_KN.SCP_01,131,A5,-1.0,-1.0,0.0,0.2625302076166633,-1,-1,0,0,0
20210625T141512.A_Elmo.B_KN.SCP_01,132,A5,-0.04730698047600295,0.30147730427747377,0.3487842847534767,0.01889689630091474,-1,1,1,0,0
20210625T141512.A_Elmo.B_KN.SCP_01,133,A5,-0.46069033214457644,-0.729478493770197,-0.2687881616256206,-0.20501842662413128,-1,-1,0,0,0
20210625T141512.A_Elmo.B_KN.SCP_01,134,A5,-1.0,-1.0,0.0,0.23460637254235134,-1,-1,0,0,0
20210625T141512.A_Elmo.B_KN.SCP_01,135,A5,-0.7745975158168136,-1.0,-0.22540248418318642,0.011414943075786154,-1,-1,0,1,0
20210625T141512.A_Elmo.B_KN.SCP_01,136,A5,1.0,0.4191443332290131,-0.5808556667709869,0.14393559023068836,1,1,0,1,0
20210625T141512.A_Elmo.B_KN.SCP_01,137,A5,-0.7351540773390745,-0.07513975981834949,0.6600143175207249,0.0027537171542609375,-1,-1,0,0,0
20210625T141512.A_Elmo.B_KN.SCP_01,138,A5,-1.0,0.03449508083661592,1.034495080836616,0.03870521661504887,-1,1,1,0,0
20210625T141512.A_Elmo.B_KN.SCP_01,139,A5,0.04128330965869058,-0.012924804567959327,-0.05420811422664991,-0.2452245026130502,1,-1,1,0,0
20210625T141512.A_Elmo.B_KN.SCP_01,140,A5,0.2119310226927165,-0.03699398721502789,-0.24892500990774438,-0.21533669070317077,1,-1,1,0,0
20210625T141512.A_Elmo.B_KN.SCP_01,141,A5,0.14470909042200683,-0.16457344860436654,-0.30928253902637337,0.06176803588242902,1,-1,1,0,0
20210625T141512.A_Elmo.B_KN.SCP_01,142,A5,-0.30538599825589013,-0.09673022713024049,0.20865577112564965,-0.09159711429117073,-1,-1,0,0,0
20210625T141512.A_Elmo.B_KN.SCP_01,143,A5,-1.0,-0.2702127934601622,0.7297872065398379,-0.009310634449526513,-1,-1,0,0,0
20210625T141512.A_Elmo.B_KN.SCP_01,144,A5,0.5654367642641552,-0.35851237729719465,-0.9239491415613499,0.08085445956878905,1,-1,1,0,0
20210625T141512.A_Elmo.B_KN.SCP_01,145,A5,1.0,-0.7156262201973729,-1.7156262201973729,0.14370131290316263,1,-1,1,1,0
20210625T141512.A_Elmo.B_KN.SCP_01,146,A5,1.0,0.254937486730759,-0.745062513269241,0.07874885359743868,1,1,0,1,0
20210625T141512.A_Elmo.B_KN.SCP_01,147,A5,-1.0,-1.0,0.0,0.2978586354403746,-1,-1,0,1,0
20210625T141512.A_Elmo.B_KN.SCP_01,148,A5,1.0,-0.6389214277880794,-1.6389214277880795,0.12634912277317373,1,-1,1,0,0
20210625T141512.A_Elmo.B_KN.SCP_01,149,A5,1.0,-1.0,-2.0,0.20313950803415606,1,-1,1,0,0
20210625T141512.A_Elmo.B_KN.SCP_01,150,A5,-1.0,-1.0,0.0,-0.07696285862997763,-1,-1,0,0,0
20210625T141512.A_Elmo.B_KN.SCP_01,151,A5,0.1749193377682241,-1.0,-1.174919337768224,0.12944562233926793,1,-1,1,1,0
20210625T141512.A_Elmo.B_KN.SCP_01,152,A5,-0.8484181887104532,-0.6656253896618601,0.18279279904859302,-0.290970015761348,-1,-1,0,0,0
20210625T141512.A_Elmo.B_KN.SCP_01,153,A5,-1.0,-1.0,0.0,-0.1428951587995677,-1,-1,0,0,0
20210625T141512.A_Elmo.B_KN.SCP_01,154,A5,-1.0,0.12892638589851677,1.1289263858985168,0.03319443957835088,-1,1,1,1,0
20210625T141512.A_Elmo.B_KN.SCP_01,155,A5,-0.3849923190026301,-1.0,-0.6150076809973699,-0.010630890788030447,-1,-1,0,0,0
20210625T141512.A_Elmo.B_KN.SCP_01,156,A5,1.0,-0.7411599324082898,-1.7411599324082898,0.15108992929695048,1,-1,1,0,0
20210625T141512.A_Elmo.B_KN.SCP_01,157,A5,-1.0,-0.6106897210796968,0.38931027892030323,0.05604540379903079,-1,-1,0,0,0
20210625T141512.A_Elmo.B_KN.SCP_01,158,A5,-1.0,-0.3926263923832945,0.6073736076167056,0.41969285784124855,-1,-1,0,0,0
20210625T141512.A_Elmo.B_KN.SCP_01,159,A5,-0.37094599069897355,-1.0,-0.6290540093010264,0.2394415335107418,-1,-1,0,1,0
20210625T141512.A_Elmo.B_KN.SCP_01,160,A5,1.0,-1.0,-2.0,0.33895009120050396,1,-1,1,1,0
