session_id,channel,array_name,si_a,si_b,delta_si,waveform_r,sign_a,sign_b,sign_flip,task_evoked_a,task_evoked_b
20210204T131620.A_Elmo.B_DL.SCP_01,1,A1,-0.9928157859249306,-0.6105893974654308,0.38222638845949974,-0.035761386216754475,-1,-1,0,1,1
20210204T131620.A_Elmo.B_DL.SCP_01,2,A1,-0.6584536625198325,-0.3109727123867279,0.3474809501331046,0.01741144022120467,-1,-1,0,1,1
20210204T131620.A_Elmo.B_DL.SCP_01,3,A1,-0.31518272934678127,-0.18213578821805168,0.13304694112872958,0.12957785177035266,-1,-1,0,1,1
20210204T131620.A_Elmo.B_DL.SCP_01,4,A1,-0.6946117767156629,-0.05081654122887631,0.6437952354867865,0.3720056749085383,-1,-1,0,1,1
20210204T131620.A_Elmo.B_DL.SCP_01,5,A1,-0.24018372116252382,-0.3129092557896344,-0.0727255346271106,-0.07312378019028715,-1,-1,0,1,1
20210204T131620.A_Elmo.B_DL.SCP_01,6,A1,-0.08186630965804267,0.3392777192417142,0.4211440288997569,0.27270123787884615,-1,1,1,1,1
20210204T131620.A_Elmo.B_DL.SCP_01,7,A1,-0.1633237102586322,-0.1912034379079536,-0.027879727649321395,0.2807661156239199,-1,-1,0,1,1
20210204T131620.A_Elmo.B_DL.SCP_01,8,A1,0.07508854082305592,-0.16100351873150828,-0.2360920595545642,-0.22763100342107687,1,-1,1,1,1
20210204T131620.A_Elmo.B_DL.SCP_01,9,A1,0.4532938230180883,0.14033794035132763,-0.31295588266676067,0.12985316606846745,1,1,0,0,1
20210204T131620.A_Elmo.B_DL.SCP_01,10,A1,-0.5388948974861488,-0.1899133868398901,0.3489815106462587,-0.663204642702292,-1,-1,0,1,1
20210204T131620.A_Elmo.B_DL.SCP_01,11,A1,-0.4819758234158007,-0.01971516922411639,0.46226065419168433,0.47931484687971926,-1,-1,0,1,1
20210204T131620.A_Elmo.B_DL.SCP_01,12,A1,-0.20105069053718702,-0.1398340128120465,0.06121667772514053,-0.16243027286012243,-1,-1,0,1,1
20210204T131620.A_Elmo.B_DL.SCP_01,13,A1,0.05608933009503222,0.05473242077799981,-0.0013569093170324106,0.6819465308141972,1,1,0,1,1
20210204T131620.A_Elmo.B_DL.SCP_01,14,A1,-0.1658420051037434,-0.2171556819695038,-0.05131367686576041,-0.06554534611333153,-1,-1,0,1,1
20210204T131620.A_Elmo.B_DL.SCP_01,15,A1,1.0,0.7754254255931239,-0.22457457440687612,0.40395164940990785,1,1,0,1,1
20210204T131620.A_Elmo.B_DL.SCP_01,16,A1,0.08060007913310736,-0.36709951860302076,-0.4476995977361281,0.5877522943280321,1,-1,1,1,1
20210204T131620.A_Elmo.B_DL.SCP_01,17,A1,-0.05844907230019506,-0.4345090430372151,-0.37605997073702,0.12149572938072625,-1,-1,0,1,1
20210204T131620.A_Elmo.B_DL.SCP_01,20,A1,-0.2556099380268405,-0.4142056403769897,-0.1585957023501492,0.6852292876934076,-1,-1,0,1,1
20210204T131620.A_Elmo.B_DL.SCP_01,21,A1,0.25806646660345806,-0.16451529586665764,-0.4225817624701157,0.21974101825523834,1,-1,1,0,1
20210204T131620.A_Elmo.B_DL.SCP_01,24,A1,0.31787959198613225,0.5839177584461368,0.26603816646000455,0.3349480309142078,1,1,0,1,1
20210204T131620.A_Elmo.B_DL.SCP_01,26,A1,1.0,1.0,0.0,0.8012884450187707,1,1,0,1,1
20210204T131620.A_Elmo.B_DL.SCP_01,27,A1,-1.0,-0.07891256382278974,0.9210874361772102,0.4573428947892836,-1,-1,0,1,1
20210204T131620.A_Elmo.B_DL.SCP_01,28,A1,-1.0,-1.0,0.0,-0.12291803789362864,-1,-1,0,1,1
20210204T131620.A_Elmo.B_DL.SCP_01,29,A1,-1.0,-0.570724012351436,0.429275987648564,-0.17495043010760664,-1,-1,0,1,1
20210204T131620.A_Elmo.B_DL.SCP_01,31,A1,-0.2985178548857921,-0.6430187587914817,-0.34450090390568966,-0.09164704576885074,-1,-1,0,1,1
20210204T131620.A_Elmo.B_DL.SCP_01,32,A1,-0.07292329126210897,-0.16593568877811024,-0.09301239751600127,-0.4236166825417634,-1,-1,0,1,1
20210204T131620.A_Elmo.B_DL.SCP_01,35,A2,-0.26525877447432544,-0.32259940235002843,-0.05734062787570299,0.10975587122740299,-1,-1,0,1,1
20210204T131620.A_Elmo.B_DL.SCP_01,37,A2,-1.0,-0.22652808557567047,0.7734719144243295,0.2198794791011863,-1,-1,0,1,1
20210204T131620.A_Elmo.B_DL.SCP_01,41,A2,1.0,-0.37099341604376346,-1.3709934160437633,-0.28057166492155183,1,-1,1,1,1
20210204T131620.A_Elmo.B_DL.SCP_01,53,A2,-0.15824633779677857,-0.20207889390447856,-0.04383255610769998,-0.27878372173560967,-1,-1,0,1,1
20210204T131620.A_Elmo.B_DL.SCP_01,55,A2,0.01949109670372645,-0.4267300083681019,-0.44622110507182833,0.6407030172128539,1,-1,1,1,1
20210204T131620.A_Elmo.B_DL.SCP_01,57,A2,0.32430141865764556,-1.0,-1.3243014186576456,-0.1292066056655138,1,-1,1,1,1
20210204T131620.A_Elmo.B_DL.SCP_01,59,A2,0.19611831572997174,-0.8568070486744147,-1.0529253644043863,-0.13518869503454223,1,-1,1,1,1
20210204T131620.A_Elmo.B_DL.SCP_01,62,A2,-1.0,-0.3096757811801388,0.6903242188198613,-0.17868333077026263,-1,-1,0,1,1
20210204T131620.A_Elmo.B_DL.SCP_01,64,A2,-0.36086017260678055,0.02824176652567408,0.3891019391324546,0.47948225341482587,-1,1,1,1,1
20210204T131620.A_Elmo.B_DL.SCP_01,65,A3,0.15453028635194682,0.23957809745895708,0.08504781110701026,0.29003838809394344,1,1,0,1,1
20210204T131620.A_Elmo.B_DL.SCP_01,66,A3,-0.5083638538786774,-0.5968430912388784,-0.08847923736020091,0.7826859754643382,-1,-1,0,1,1
20210204T131620.A_Elmo.B_DL.SCP_01,67,A3,0.343660607281935,0.616293775134701,0.272633167852766,0.6000140283876373,1,1,0,1,1
20210204T131620.A_Elmo.B_DL.SCP_01,69,A3,0.16565590493916973,0.13783801972101592,-0.027817885218153815,0.5457818179051703,1,1,0,1,1
20210204T131620.A_Elmo.B_DL.SCP_01,71,A3,0.6431720703785678,0.9346142441049045,0.29144217372633663,0.6726178067823032,1,1,0,1,1
20210204T131620.A_Elmo.B_DL.SCP_01,73,A3,0.3369969836854712,0.1515067458948539,-0.1854902377906173,0.41904583862801204,1,1,0,1,1
20210204T131620.A_Elmo.B_DL.SCP_01,77,A3,0.39306041354216065,0.13800883004484807,-0.2550515834973126,0.23980409139065353,1,1,0,1,1
20210204T131620.A_Elmo.B_DL.SCP_01,89,A3,0.5437177043848983,0.6959932221272569,0.1522755177423586,0.4281909099161676,1,1,0,1,1
20210204T131620.A_Elmo.B_DL.SCP_01,93,A3,0.27877000927579704,0.5514068068334163,0.2726367975576192,0.4259086180780572,1,1,0,1,1
20210204T131620.A_Elmo.B_DL.SCP_01,95,A3,0.32910771837871694,0.3102019140892581,-0.018905804289458816,0.49056255154644796,1,1,0,1,1
20210204T131620.A_Elmo.B_DL.SCP_01,97,A4,0.43614941598430207,0.06168774913215746,-0.3744616668521446,0.0038566751455008344,1,1,0,1,1
20210204T131620.A_Elmo.B_DL.SCP_01,98,A4,0.3650700021665573,-0.12278918849517897,-0.4878591906617362,-0.16318278405398784,1,-1,1,1,1
20210204T131620.A_Elmo.B_DL.SCP_01,99,A4,0.32020096800894676,-0.11300442370415832,-0.43320539171310507,-0.2790440229669716,1,-1,1,1,1
20210204T131620.A_Elmo.B_DL.SCP_01,100,A4,0.8959425893652415,0.14349806311210184,-0.7524445262531396,0.4119484097913794,1,1,0,1,1
20210204T131620.A_Elmo.B_DL.SCP_01,101,A4,0.8693345655649906,0.07889920309776717,-0.7904353624672233,0.03249470936170201,1,1,0,1,1
20210204T131620.A_Elmo.B_DL.SCP_01,102,A4,0.4499072229554086,-0.21718476381903384,-0.6670919867744425,-0.294170501783752,1,-1,1,1,1
20210204T131620.A_Elmo.B_DL.SCP_01,103,A4,0.056836303830668705,-0.3443468499477436,-0.4011831537784123,-0.03523179986755937,1,-1,1,1,1
20210204T131620.A_Elmo.B_DL.SCP_01,104,A4,1.0,-0.3614000829114123,-1.3614000829114123,-0.5191601226301553,1,-1,1,1,1
20210204T131620.A_Elmo.B_DL.SCP_01,107,A4,0.17132108243175406,-0.14710824263992564,-0.3184293250716797,-0.25722460862064483,1,-1,1,1,1
20210204T131620.A_Elmo.B_DL.SCP_01,113,A4,0.8427700162771478,0.2357662576944612,-0.6070037585826866,0.761661953440652,1,1,0,1,1
20210204T131620.A_Elmo.B_DL.SCP_01,114,A4,0.45895067680686374,0.03289855918388538,-0.42605211762297834,0.3596028978048828,1,1,0,1,1
20210204T131620.A_Elmo.B_DL.SCP_01,115,A4,1.0,0.47751410631441366,-0.5224858936855863,0.7658915369618284,1,1,0,1,1
20210204T131620.A_Elmo.B_DL.SCP_01,116,A4,0.35265738543276687,-0.1584805420312651,-0.511137927464032,-0.18524232979059801,1,-1,1,1,1
20210204T131620.A_Elmo.B_DL.SCP_01,117,A4,0.33482774722341374,-0.3857947855551328,-0.7206225327785465,-0.27659333225791055,1,-1,1,1,1
20210204T131620.A_Elmo.B_DL.SCP_01,118,A4,0.4163472293534714,-0.19187254020916927,-0.6082197695626407,-0.039494548683666704,1,-1,1,1,1
20210204T131620.A_Elmo.B_DL.SCP_01,119,A4,0.7517027334331229,-0.2916510219629163,-1.0433537553960393,-0.1156062883706378,1,-1,1,1,1
20210204T131620.A_Elmo.B_DL.SCP_01,120,A4,0.1855850213131875,-0.8785334512613906,-1.064118472574578,0.45303321760671167,1,-1,1,1,1
20210204T131620.A_Elmo.B_DL.SCP_01,121,A4,0.34915456347595014,0.024272246151651654,-0.3248823173242985,0.4766507213650555,1,1,0,1,1
20210204T131620.A_Elmo.B_DL.SCP_01,122,A4,-0.008447021374844661,-0.23178486671399398,-0.22333784533914933,0.19277466512908722,-1,-1,0,1,1
20210204T131620.A_Elmo.B_DL.SCP_01,123,A4,0.21957062834658986,-0.2873114393568625,-0.5068820677034523,0.10578232156802818,1,-1,1,1,1
20210204T131620.A_Elmo.B_DL.SCP_01,124,A4,0.11334040222137885,-0.3973252539319424,-0.5106656561533213,0.3514852169581946,1,-1,1,1,1
20210204T131620.A_Elmo.B_DL.SCP_01,125,A4,0.10382997490983868,-0.28362073543653565,-0.38745071034637435,-0.6487386517146795,1,-1,1,1,1
20210204T131620.A_Elmo.B_DL.SCP_01,126,A4,0.07278049855676676,-0.2091535358263364,-0.28193403438310316,-0.0452523110820119,1,-1,1,1,1
20210204T131620.A_Elmo.B_DL.SCP_01,127,A4,0.4475500535019807,-0.10469730176014129,-0.552247355262122,0.47759422222729814,1,-1,1,1,1
20210204T131620.A_Elmo.B_DL.SCP_01,128,A4,0.9294284669061431,-0.15590440579504036,-1.0853328727011835,-0.49234899547393435,1,-1,1,1,1
20210204T131620.A_Elmo.B_DL.SCP_01,129,A5,0.7930590716296748,-0.16680634187840687,-0.9598654135080817,0.0823187866614139,1,-1,1,1,1
20210204T131620.A_Elmo.B_DL.SCP_01,130,A5,0.5022973280030848,0.1417707282335875,-0.3605265997694973,0.5710297495004433,1,1,0,1,1
20210204T131620.A_Elmo.B_DL.SCP_01,131,A5,0.2897320605006748,-0.0659035652724599,-0.3556356257731347,0.3879372251809663,1,-1,1,1,1
20210204T131620.A_Elmo.B_DL.SCP_01,132,A5,1.0,1.0,0.0,0.7816018347890991,1,1,0,1,1
20210204T131620.A_Elmo.B_DL.SCP_01,133,A5,1.0,-0.08526443500558996,-1.08526443500559,-0.2931420054598504,1,-1,1,1,1
20210204T131620.A_Elmo.B_DL.SCP_01,134,A5,1.0,0.15383597861777967,-0.8461640213822204,0.33390159320037843,1,1,0,1,1
20210204T131620.A_Elmo.B_DL.SCP_01,135,A5,0.3850785858129416,-0.5265447794787149,-0.9116233652916566,0.14887481441729672,1,-1,1,1,1
20210204T131620.A_Elmo.B_DL.SCP_01,136,A5,1.0,0.15348010657964034,-0.8465198934203597,0.6413545935804577,1,1,0,1,1
20210204T131620.A_Elmo.B_DL.SCP_01,137,A5,-0.08612009316206694,-0.4155786652508451,-0.32945857208877816,0.2142249158870048,-1,-1,0,1,1
20210204T131620.A_Elmo.B_DL.SCP_01,143,A5,-0.12026034001696771,-1.0,-0.8797396599830323,0.3949720721822668,-1,-1,0,1,1
20210204T131620.A_Elmo.B_DL.SCP_01,145,A5,0.6845367817533569,-0.016624742748233983,-0.7011615245015909,0.44077777579429706,1,-1,1,1,1
20210204T131620.A_Elmo.B_DL.SCP_01,146,A5,0.23981624564967732,-0.7124759476599388,-0.9522921933096161,0.11489520789195513,1,-1,1,1,1
20210204T131620.A_Elmo.B_DL.SCP_01,147,A5,-0.6159915836523756,-0.8284871265725781,-0.21249554292020245,0.21034340647445493,-1,-1,0,1,1
20210204T131620.A_Elmo.B_DL.SCP_01,149,A5,0.24568473183691364,-0.4849583363134387,-0.7306430681503524,-0.18833067773385614,1,-1,1,1,1
20210204T131620.A_Elmo.B_DL.SCP_01,150,A5,0.03414314097333731,-0.3460082876186458,-0.38015142859198314,0.06678430734035452,1,-1,1,1,1
20210204T131620.A_Elmo.B_DL.SCP_01,151,A5,0.4334692303177204,-0.15119059197506796,-0.5846598222927883,-0.0035569571783940993,1,-1,1,1,1
20210204T131620.A_Elmo.B_DL.SCP_01,152,A5,0.19146612915994884,-0.46876918636500126,-0.6602353155249501,-0.3629006615229843,1,-1,1,1,1
20210204T131620.A_Elmo.B_DL.SCP_01,153,A5,0.1442670165437164,-0.18986206342333797,-0.3341290799670544,0.43220728022761773,1,-1,1,1,1
20210204T131620.A_Elmo.B_DL.SCP_01,154,A5,0.17178933308617858,-0.09722649620243085,-0.26901582928860945,0.12955357582906213,1,-1,1,1,1
20210204T131620.A_Elmo.B_DL.SCP_01,158,A5,-0.10846111755599049,-0.3568229457155911,-0.24836182815960062,-0.13722971554057137,-1,-1,0,1,1
20210204T131620.A_Elmo.B_DL.SCP_01,159,A5,0.673661882944354,-0.398841280839627,-1.072503163783981,-0.11452267815141155,1,-1,1,1,1
20210204T131620.A_Elmo.B_DL.SCP_01,160,A5,0.3787084348593886,-0.018025685801819864,-0.39673412066120844,0.10800701156072331,1,-1,1,1,1
20210205T151709.A_Elmo.B_DL.SCP_01,1,A1,1.0,1.0,0.0,0.5834951837434162,1,1,0,1,1
20210205T151709.A_Elmo.B_DL.SCP_01,2,A1,0.31009157685976907,-0.18933768205008863,-0.4994292589098577,-0.3963751909044327,1,-1,1,1,1
20210205T151709.A_Elmo.B_DL.SCP_01,3,A1,-1.0,-0.49295291300510585,0.5070470869948942,0.4322257218544435,-1,-1,0,1,1
20210205T151709.A_Elmo.B_DL.SCP_01,4,A1,-1.0,-0.23309020748442147,0.7669097925155786,0.31671031160797275,-1,-1,0,1,1
20210205T151709.A_Elmo.B_DL.SCP_01,5,A1,0.23034939874451738,-0.2160533758234322,-0.4464027745679496,-0.027588792451706395,1,-1,1,1,1
20210205T151709.A_Elmo.B_DL.SCP_01,6,A1,0.16337952534630049,-0.10423688858836962,-0.2676164139346701,-0.38821902270089526,1,-1,1,1,1
20210205T151709.A_Elmo.B_DL.SCP_01,7,A1,-1.0,-0.15891965502016048,0.8410803449798395,0.34507024929222363,-1,-1,0,1,1
20210205T151709.A_Elmo.B_DL.SCP_01,8,A1,-0.0541205416853977,0.18320853819763094,0.23732907988302865,0.31522927271401047,-1,1,1,0,1
20210205T151709.A_Elmo.B_DL.SCP_01,9,A1,0.37810287822724065,1.0,0.6218971217727594,0.193989243913074,1,1,0,1,1
20210205T151709.A_Elmo.B_DL.SCP_01,10,A1,-1.0,0.044123571239960725,1.0441235712399608,-0.3483698506783832,-1,1,1,1,1
20210205T151709.A_Elmo.B_DL.SCP_01,11,A1,-1.0,0.0214897158951639,1.021489715895164,0.20817494591953595,-1,1,1,1,1
20210205T151709.A_Elmo.B_DL.SCP_01,12,A1,-0.3708137945456809,-0.16961048324168054,0.20120331130400038,-0.28347787467320384,-1,-1,0,1,1
20210205T151709.A_Elmo.B_DL.SCP_01,13,A1,0.06282722536788063,0.3126922616764677,0.24986503630858706,0.33851483319834796,1,1,0,1,1
20210205T151709.A_Elmo.B_DL.SCP_01,14,A1,-0.4593817201244936,-0.24817136321898864,0.21121035690550494,-0.003177999371896254,-1,-1,0,1,1
20210205T151709.A_Elmo.B_DL.SCP_01,15,A1,1.0,0.3323183796696748,-0.6676816203303252,0.34708453862656574,1,1,0,1,1
20210205T151709.A_Elmo.B_DL.SCP_01,16,A1,0.23138980413548693,0.1367003710607851,-0.09468943307470185,0.16036364852468027,1,1,0,1,1
20210205T151709.A_Elmo.B_DL.SCP_01,17,A1,0.10567051368745412,-0.28648544252318886,-0.392155956210643,0.07523557257237586,1,-1,1,1,1
20210205T151709.A_Elmo.B_DL.SCP_01,18,A1,0.2799123139277827,-0.0038202725400518656,-0.28373258646783456,0.2849675372226531,1,-1,1,1,1
20210205T151709.A_Elmo.B_DL.SCP_01,19,A1,-1.0,-0.19846090846192907,0.8015390915380709,0.6154980635332185,-1,-1,0,1,1
20210205T151709.A_Elmo.B_DL.SCP_01,20,A1,-0.15745767795140078,-0.39603286104406155,-0.23857518309266076,0.8817784849938535,-1,-1,0,1,1
20210205T151709.A_Elmo.B_DL.SCP_01,21,A1,-0.09471383365184947,-0.6485412141863903,-0.5538273805345408,0.004821498556205488,-1,-1,0,1,1
20210205T151709.A_Elmo.B_DL.SCP_01,22,A1,0.1833405136160262,-0.089018957004968,-0.2723594706209942,0.4139446357436804,1,-1,1,1,1
20210205T151709.A_Elmo.B_DL.SCP_01,23,A1,-0.23171857559366446,-0.36428640859639677,-0.1325678330027323,-0.02286445563513143,-1,-1,0,1,1
20210205T151709.A_Elmo.B_DL.SCP_01,24,A1,-0.03771203433403495,0.8745611333627713,0.9122731676968062,0.40048623622321916,-1,1,1,1,1
20210205T151709.A_Elmo.B_DL.SCP_01,25,A1,-1.0,0.18531428958633156,1.1853142895863316,0.1833110350277174,-1,1,1,1,1
20210205T151709.A_Elmo.B_DL.SCP_01,26,A1,1.0,1.0,0.0,0.7537677110244094,1,1,0,1,1
20210205T151709.A_Elmo.B_DL.SCP_01,27,A1,-0.6468044455831697,-0.1072606307236292,0.5395438148595405,0.2543644851204237,-1,-1,0,1,1
20210205T151709.A_Elmo.B_DL.SCP_01,28,A1,-1.0,-1.0,0.0,-0.11602480194014161,-1,-1,0,1,1
20210205T151709.A_Elmo.B_DL.SCP_01,29,A1,-1.0,-0.48435464742024786,0.5156453525797522,-0.12671702735415688,-1,-1,0,1,1
20210205T151709.A_Elmo.B_DL.SCP_01,30,A1,-0.06563816248417698,-0.11821990571170625,-0.05258174322752927,-0.05886944338573112,-1,-1,0,1,1
20210205T151709.A_Elmo.B_DL.SCP_01,31,A1,0.12673021549395985,0.40673718961713895,0.2800069741231791,0.5806515982341173,1,1,0,1,1
20210205T151709.A_Elmo.B_DL.SCP_01,32,A1,-0.22798890951044767,0.03157772758024669,0.2595666370906944,-0.5259334070327037,-1,1,1,1,1
20210205T151709.A_Elmo.B_DL.SCP_01,33,A2,-0.20464506866440962,-0.5056767460638928,-0.30103167739948317,0.16914541722126214,-1,-1,0,1,1
20210205T151709.A_Elmo.B_DL.SCP_01,34,A2,-0.15423675516765356,-0.03965161994391559,0.11458513522373798,-0.15752464955693235,-1,-1,0,1,1
20210205T151709.A_Elmo.B_DL.SCP_01,35,A2,0.07517983050657974,-0.4322024593821233,-0.507382289888703,0.03262439572442881,1,-1,1,1,1
20210205T151709.A_Elmo.B_DL.SCP_01,36,A2,-0.04392680078870024,-0.5101981283653705,-0.4662713275766702,0.09590955795253757,-1,-1,0,1,1
20210205T151709.A_Elmo.B_DL.SCP_01,37,A2,-1.0,-0.28560490770651253,0.7143950922934874,0.07860627507206494,-1,-1,0,1,1
20210205T151709.A_Elmo.B_DL.SCP_01,38,A2,-0.0020214044566190677,-0.5394270847130116,-0.5374056802563926,0.18868233427718506,-1,-1,0,1,0
20210205T151709.A_Elmo.B_DL.SCP_01,39,A2,-0.14081588704657896,-0.8856380184829993,-0.7448221314364203,0.5461383730073963,-1,-1,0,1,1
20210205T151709.A_Elmo.B_DL.SCP_01,40,A2,-1.0,-0.019677045388989185,0.9803229546110108,-0.132959276535021,-1,-1,0,0,0
20210205T151709.A_Elmo.B_DL.SCP_01,41,A2,1.0,-0.17757013605857427,-1.1775701360585742,-0.400897182764414,1,-1,1,1,1
20210205T151709.A_Elmo.B_DL.SCP_01,42,A2,0.17539444049695124,0.28414822543468604,0.1087537849377348,0.06254506826863826,1,1,0,0,0
20210205T151709.A_Elmo.B_DL.SCP_01,43,A2,-0.09517905939656901,-0.005299280523482599,0.08987977887308642,-0.17165096295908738,-1,-1,0,0,1
20210205T151709.A_Elmo.B_DL.SCP_01,44,A2,0.14442296226350881,-0.325346799984112,-0.4697697622476208,0.2231532369077084,1,-1,1,0,0
20210205T151709.A_Elmo.B_DL.SCP_01,45,A2,0.7399231589091546,-0.28866658548513874,-1.0285897443942933,0.15077318144634574,1,-1,1,0,0
20210205T151709.A_Elmo.B_DL.SCP_01,46,A2,0.5324035989358928,-1.0,-1.5324035989358928,-0.024717917455327837,1,-1,1,0,0
20210205T151709.A_Elmo.B_DL.SCP_01,47,A2,-0.052950296774081244,0.9728376844703089,1.0257879812443902,0.18255427795296525,-1,1,1,0,0
20210205T151709.A_Elmo.B_DL.SCP_01,48,A2,-0.1800305869444486,-0.21838810436508369,-0.03835751742063509,0.08641647372789872,-1,-1,0,0,0
20210205T151709.A_Elmo.B_DL.SCP_01,49,A2,0.06919004667954265,-0.5787181347638806,-0.6479081814434232,-0.1101239465706576,1,-1,1,1,1
20210205T151709.A_Elmo.B_DL.SCP_01,50,A2,-0.2886205128000531,-0.0849378169916793,0.20368269580837378,0.2652103159384455,-1,-1,0,0,0
20210205T151709.A_Elmo.B_DL.SCP_01,51,A2,-0.5459663483881149,-0.2799386565362019,0.26602769185191294,0.13983530157689977,-1,-1,0,1,1
20210205T151709.A_Elmo.B_DL.SCP_01,52,A2,-0.05056085817794004,-0.1761091225030817,-0.12554826432514166,0.25949609176601407,-1,-1,0,1,1
20210205T151709.A_Elmo.B_DL.SCP_01,53,A2,-0.010827962258136219,-0.17697137300668841,-0.16614341074855218,0.1366308142592144,-1,-1,0,1,1
20210205T151709.A_Elmo.B_DL.SCP_01,54,A2,-0.1605329175099357,0.016913831607099906,0.17744674911703562,0.20585396954011478,-1,1,1,1,1
20210205T151709.A_Elmo.B_DL.SCP_01,55,A2,0.10202601142034293,-0.41773330980757745,-0.5197593212279203,0.2660405060119632,1,-1,1,1,1
20210205T151709.A_Elmo.B_DL.SCP_01,56,A2,0.026507003640931406,-0.348993784840366,-0.37550078848129737,0.11110644012334625,1,-1,1,1,1
20210205T151709.A_Elmo.B_DL.SCP_01,57,A2,0.27246843326801873,-0.5649200051162654,-0.8373884383842841,0.23000687323281616,1,-1,1,1,1
20210205T151709.A_Elmo.B_DL.SCP_01,58,A2,0.5304622973619528,1.0,0.46953770263804717,-0.3827061320527878,1,1,0,0,0
20210205T151709.A_Elmo.B_DL.SCP_01,59,A2,0.21969459589953613,-1.0,-1.2196945958995362,-0.3924082223546459,1,-1,1,1,1
20210205T151709.A_Elmo.B_DL.SCP_01,60,A2,-0.07241739110895054,-0.2046396947164502,-0.13222230360749965,0.15216465909927343,-1,-1,0,0,0
20210205T151709.A_Elmo.B_DL.SCP_01,61,A2,1.0,-1.0,-2.0,-0.1347799730347445,1,-1,1,0,0
20210205T151709.A_Elmo.B_DL.SCP_01,62,A2,-0.9088379932166756,-0.30067458095960276,0.6081634122570728,0.3931551272506584,-1,-1,0,1,1
20210205T151709.A_Elmo.B_DL.SCP_01,63,A2,-0.05066998159934639,-0.1979145088215391,-0.14724452722219272,-0.17995247385468627,-1,-1,0,0,0
20210205T151709.A_Elmo.B_DL.SCP_01,64,A2,-0.11153991047377709,-0.0464185809398156,0.06512132953396149,0.2744549838009344,-1,-1,0,1,1
20210205T151709.A_Elmo.B_DL.SCP_01,65,A3,-0.40062854198782033,-0.8342617734581367,-0.43363323147031635,0.6087740627324741,-1,-1,0,1,1
20210205T151709.A_Elmo.B_DL.SCP_01,66,A3,-0.9080705185237203,-0.9947682751271182,-0.08669775660339785,0.8661799947642094,-1,-1,0,1,1
20210205T151709.A_Elmo.B_DL.SCP_01,67,A3,0.26197735074188605,0.20926556577751557,-0.052711784964370484,0.22503601333222983,1,1,0,1,1
20210205T151709.A_Elmo.B_DL.SCP_01,68,A3,-1.0,-0.32508960134928705,0.674910398650713,-0.04985093914954679,-1,-1,0,1,0
20210205T151709.A_Elmo.B_DL.SCP_01,69,A3,-0.29594388050267595,-0.6727281042683673,-0.3767842237656913,0.641422855827353,-1,-1,0,1,1
20210205T151709.A_Elmo.B_DL.SCP_01,70,A3,-1.0,-1.0,0.0,0.16037076152766117,-1,-1,0,0,0
20210205T151709.A_Elmo.B_DL.SCP_01,71,A3,0.0764805526389102,0.0028594126761794566,-0.07362113996273074,0.7191063509119372,1,1,0,1,1
20210205T151709.A_Elmo.B_DL.SCP_01,72,A3,-1.0,-0.7017431767677083,0.29825682323229175,-0.24674998965832776,-1,-1,0,0,1
20210205T151709.A_Elmo.B_DL.SCP_01,73,A3,0.2642232644544204,-0.1608991643728658,-0.42512242882728624,0.20750828778765787,1,-1,1,1,1
20210205T151709.A_Elmo.B_DL.SCP_01,74,A3,-0.15803585065873849,-0.04778432562517781,0.11025152503356067,0.11794833545688865,-1,-1,0,1,0
20210205T151709.A_Elmo.B_DL.SCP_01,75,A3,-0.46036131806432,-0.37037749555989924,0.08998382250442077,-0.032906129641366653,-1,-1,0,1,1
20210205T151709.A_Elmo.B_DL.SCP_01,76,A3,1.0,0.40783764651534254,-0.5921623534846574,0.06803588647128342,1,1,0,0,1
20210205T151709.A_Elmo.B_DL.SCP_01,77,A3,0.38118232736014784,0.06525605680383043,-0.3159262705563174,-0.07895800492159576,1,1,0,1,1
20210205T151709.A_Elmo.B_DL.SCP_01,78,A3,0.4491849482216043,1.0,0.5508150517783956,-0.1580914190729937,1,1,0,0,0
20210205T151709.A_Elmo.B_DL.SCP_01,79,A3,0.18353187496112097,-0.9796298128473052,-1.163161687808426,0.17597426952381773,1,-1,1,1,0
20210205T151709.A_Elmo.B_DL.SCP_01,80,A3,0.5426368594519928,0.6643911770813204,0.12175431762932765,0.36436879582929466,1,1,0,1,1
20210205T151709.A_Elmo.B_DL.SCP_01,81,A3,0.12252080870160444,-0.17360261792430068,-0.29612342662590513,-0.12457274592253362,1,-1,1,1,1
20210205T151709.A_Elmo.B_DL.SCP_01,82,A3,-1.0,-0.7373982807585772,0.26260171924142284,0.14891854143279695,-1,-1,0,1,0
20210205T151709.A_Elmo.B_DL.SCP_01,83,A3,-1.0,-0.16934499066245948,0.8306550093375406,0.17373781798402962,-1,-1,0,1,0
20210205T151709.A_Elmo.B_DL.SCP_01,84,A3,-0.1965904568886996,-0.44130230692692435,-0.24471185003822474,0.5536567120912074,-1,-1,0,1,1
20210205T151709.A_Elmo.B_DL.SCP_01,85,A3,-1.0,0.0752833421647067,1.0752833421647068,0.05671679998077078,-1,1,1,0,0
20210205T151709.A_Elmo.B_DL.SCP_01,86,A3,-0.07513200745825444,0.8217573628051359,0.8968893702633903,0.002853782423696368,-1,1,1,1,1
20210205T151709.A_Elmo.B_DL.SCP_01,87,A3,0.3127022963891751,-1.0,-1.3127022963891752,-0.05242415490054863,1,-1,1,0,1
20210205T151709.A_Elmo.B_DL.SCP_01,88,A3,-0.06325657218219785,0.07322872832661477,0.13648530050881263,0.09680408016296563,-1,1,1,0,0
20210205T151709.A_Elmo.B_DL.SCP_01,89,A3,0.5703088454992458,0.5319881769514604,-0.038320668547785375,0.5432619726330592,1,1,0,1,1
20210205T151709.A_Elmo.B_DL.SCP_01,90,A3,-0.20335997432002156,0.07695776232008526,0.28031773664010684,0.28785833063885896,-1,1,1,1,1
20210205T151709.A_Elmo.B_DL.SCP_01,91,A3,-0.18292294043064852,0.7089676175051861,0.8918905579358346,-0.04418536762001079,-1,1,1,0,0
20210205T151709.A_Elmo.B_DL.SCP_01,92,A3,0.25071090560636883,-0.14407314235548346,-0.3947840479618523,-0.1687219218992395,1,-1,1,0,0
20210205T151709.A_Elmo.B_DL.SCP_01,93,A3,0.22531125668685215,0.6228738183104889,0.3975625616236368,0.40727594199167194,1,1,0,1,1
20210205T151709.A_Elmo.B_DL.SCP_01,94,A3,0.4556913326128561,0.8195042415671798,0.3638129089543237,0.2439380122956435,1,1,0,1,0
20210205T151709.A_Elmo.B_DL.SCP_01,95,A3,0.12127370350016754,0.02753394088110281,-0.09373976261906473,0.40754681999683706,1,1,0,1,1
20210205T151709.A_Elmo.B_DL.SCP_01,96,A3,-0.118466470500375,0.16085897562398366,0.27932544612435867,0.2050379997263519,-1,1,1,1,0
20210205T151709.A_Elmo.B_DL.SCP_01,97,A4,0.4568793218288605,0.06744745560893675,-0.38943186621992376,-0.030123319410219642,1,1,0,1,1
20210205T151709.A_Elmo.B_DL.SCP_01,98,A4,0.27482827100024504,-0.11977580356305169,-0.3946040745632967,0.1377860375671313,1,-1,1,1,1
20210205T151709.A_Elmo.B_DL.SCP_01,99,A4,0.37205276373823376,-0.04547884192804088,-0.4175316056662746,0.22417776230530873,1,-1,1,1,1
20210205T151709.A_Elmo.B_DL.SCP_01,100,A4,0.658270073910138,0.31049576435069187,-0.34777430955944616,0.36931155606542754,1,1,0,1,1
20210205T151709.A_Elmo.B_DL.SCP_01,101,A4,0.6537043693608597,0.08725619514133537,-0.5664481742195244,0.5446287919130487,1,1,0,1,1
20210205T151709.A_Elmo.B_DL.SCP_01,102,A4,0.45921027312627644,-0.1373430212132936,-0.59655329433957,-0.3164868524879369,1,-1,1,1,1
20210205T151709.A_Elmo.B_DL.SCP_01,103,A4,0.028918974921199592,-0.2738961397117628,-0.3028151146329624,-0.04993657913134355,1,-1,1,1,1
20210205T151709.A_Elmo.B_DL.SCP_01,104,A4,1.0,-0.2584251299879852,-1.2584251299879852,-0.5825556352666832,1,-1,1,1,1
20210205T151709.A_Elmo.B_DL.SCP_01,105,A4,0.38394271763192955,-0.713017091150666,-1.0969598087825956,0.05563965651388093,1,-1,1,1,1
20210205T151709.A_Elmo.B_DL.SCP_01,106,A4,0.2254832636081707,-0.06693072865022529,-0.292413992258396,0.0428159017589269,1,-1,1,1,1
20210205T151709.A_Elmo.B_DL.SCP_01,107,A4,0.1018038082889387,-0.05784021789135557,-0.15964402618029427,0.08268024468563083,1,-1,1,1,1
20210205T151709.A_Elmo.B_DL.SCP_01,108,A4,1.0,1.0,0.0,0.03691443450357059,1,1,0,1,1
20210205T151709.A_Elmo.B_DL.SCP_01,109,A4,0.7490473403078927,-0.23248368580831952,-0.9815310261162122,0.06403542436600464,1,-1,1,1,1
20210205T151709.A_Elmo.B_DL.SCP_01,110,A4,0.3289534750367846,-0.011686731059308206,-0.34064020609609286,-0.12093003077308598,1,-1,1,1,1
20210205T151709.A_Elmo.B_DL.SCP_01,111,A4,0.167466397194296,-0.2440780521290097,-0.4115444493233057,-0.3106564354478559,1,-1,1,1,1
20210205T151709.A_Elmo.B_DL.SCP_01,112,A4,0.356754013854575,-0.07021089770313058,-0.42696491155770555,-0.36412350565603163,1,-1,1,1,1
20210205T151709.A_Elmo.B_DL.SCP_01,113,A4,0.6166615064713482,0.23887751704311935,-0.3777839894282289,0.767151013241919,1,1,0,1,1
20210205T151709.A_Elmo.B_DL.SCP_01,114,A4,0.44402899339012986,0.24088124417065723,-0.20314774921947262,0.240828716537902,1,1,0,1,1
20210205T151709.A_Elmo.B_DL.SCP_01,115,A4,1.0,0.5322045376596505,-0.4677954623403495,0.5529727416670461,1,1,0,1,1
20210205T151709.A_Elmo.B_DL.SCP_01,116,A4,0.36847919927340267,-0.0833288751465546,-0.4518080744199573,-0.29057481139191965,1,-1,1,1,1
20210205T151709.A_Elmo.B_DL.SCP_01,117,A4,0.34109307650819887,-0.5846059583421536,-0.9256990348503524,-0.12134656431102914,1,-1,1,1,1
20210205T151709.A_Elmo.B_DL.SCP_01,118,A4,0.34221866860739,-0.19137345294281374,-0.5335921215502037,-0.34877393867120826,1,-1,1,1,1
20210205T151709.A_Elmo.B_DL.SCP_01,119,A4,0.5982889893458002,-0.04853101584374595,-0.6468200051895462,-0.18366580797326693,1,-1,1,1,1
20210205T151709.A_Elmo.B_DL.SCP_01,120,A4,0.24298166101776275,-0.8324130549306531,-1.0753947159484158,0.15905431062333086,1,-1,1,1,1
20210205T151709.A_Elmo.B_DL.SCP_01,121,A4,0.48130656513185927,0.047283570479368375,-0.4340229946524909,-0.24252723563662612,1,1,0,1,1
20210205T151709.A_Elmo.B_DL.SCP_01,122,A4,-0.015255044276318963,-0.17887543442972173,-0.16362039015340277,0.43810249103929827,-1,-1,0,1,1
20210205T151709.A_Elmo.B_DL.SCP_01,123,A4,0.20877026020744652,-0.22685973217401495,-0.4356299923814615,-0.24226691268787312,1,-1,1,1,1
20210205T151709.A_Elmo.B_DL.SCP_01,124,A4,0.21164453798794156,-0.2449601327708089,-0.45660467075875044,0.26806269891555734,1,-1,1,1,1
20210205T151709.A_Elmo.B_DL.SCP_01,125,A4,0.09644507161472324,-0.2888141033937825,-0.3852591750085057,-0.1818614647843738,1,-1,1,1,1
20210205T151709.A_Elmo.B_DL.SCP_01,126,A4,0.026849446886347113,-0.17094561396598276,-0.19779506085232987,0.14595871244956282,1,-1,1,1,1
20210205T151709.A_Elmo.B_DL.SCP_01,127,A4,0.40108222020501505,-0.03415278129021228,-0.4352350014952273,0.2772583820915076,1,-1,1,1,1
20210205T151709.A_Elmo.B_DL.SCP_01,128,A4,0.3703437029393492,-0.12917801438981064,-0.49952171732915984,-0.39356945728481907,1,-1,1,1,1
20210205T151709.A_Elmo.B_DL.SCP_01,129,A5,0.7325176700119113,0.29435564639553474,-0.4381620236163765,0.6496495515029229,1,1,0,1,1
20210205T151709.A_Elmo.B_DL.SCP_01,130,A5,0.24780955155032372,0.38600872935539726,0.13819917780507354,0.47098480074739335,1,1,0,1,1
20210205T151709.A_Elmo.B_DL.SCP_01,131,A5,0.33400161794280137,0.5392651943154027,0.2052635763726013,0.7263171302151465,1,1,0,1,1
20210205T151709.A_Elmo.B_DL.SCP_01,132,A5,1.0,1.0,0.0,0.8156972391621455,1,1,0,1,1
20210205T151709.A_Elmo.B_DL.SCP_01,133,A5,1.0,0.7984533599487875,-0.20154664005121248,0.7376919386830609,1,1,0,1,1
20210205T151709.A_Elmo.B_DL.SCP_01,134,A5,0.5989468196659075,0.35182490082461565,-0.2471219188412918,0.7398865095356316,1,1,0,1,1
20210205T151709.A_Elmo.B_DL.SCP_01,135,A5,0.387281972256364,-0.035197032754564296,-0.42247900501092833,0.1573781465218755,1,-1,1,1,1
20210205T151709.A_Elmo.B_DL.SCP_01,136,A5,1.0,0.36494376012438906,-0.635056239875611,0.8320665178016003,1,1,0,1,1
20210205T151709.A_Elmo.B_DL.SCP_01,137,A5,-0.05074075392226983,-0.17499545990725798,-0.12425470598498815,0.3171734618888545,-1,-1,0,1,1
20210205T151709.A_Elmo.B_DL.SCP_01,138,A5,0.1669580422367544,0.03153332173673417,-0.13542472050002022,0.01598539264416813,1,1,0,0,0
20210205T151709.A_Elmo.B_DL.SCP_01,139,A5,-0.04132035176794333,-0.17977206572334753,-0.1384517139554042,0.0277730199366522,-1,-1,0,1,0
20210205T151709.A_Elmo.B_DL.SCP_01,140,A5,-1.0,-0.3011590949089307,0.6988409050910693,0.10514755947611464,-1,-1,0,1,1
20210205T151709.A_Elmo.B_DL.SCP_01,141,A5,0.1646588251454081,-0.32695255061985157,-0.4916113757652597,0.2932612754757514,1,-1,1,1,1
20210205T151709.A_Elmo.B_DL.SCP_01,142,A5,-0.0968836599770059,0.014240561347516716,0.11112422132452263,-0.05374750155988998,-1,1,1,0,0
20210205T151709.A_Elmo.B_DL.SCP_01,143,A5,-0.10216194911997124,-1.0,-0.8978380508800288,0.4973016800821939,-1,-1,0,1,1
20210205T151709.A_Elmo.B_DL.SCP_01,144,A5,-0.5760552842759947,-1.0,-0.42394471572400527,0.45766871411953736,-1,-1,0,0,1
20210205T151709.A_Elmo.B_DL.SCP_01,145,A5,0.5624910329000312,0.19265343479745917,-0.36983759810257205,0.48096229703829557,1,1,0,1,1
20210205T151709.A_Elmo.B_DL.SCP_01,146,A5,0.15534614502251348,-0.554693824538248,-0.7100399695607615,0.08052308452413447,1,-1,1,1,1
20210205T151709.A_Elmo.B_DL.SCP_01,147,A5,0.016471968650815814,-0.5355141111319488,-0.5519860797827646,0.13982816949236204,1,-1,1,1,1
20210205T151709.A_Elmo.B_DL.SCP_01,148,A5,0.02602494986326472,-0.6492451481062725,-0.6752700979695373,0.03038518269516237,1,-1,1,1,1
20210205T151709.A_Elmo.B_DL.SCP_01,149,A5,0.23059333263703488,-0.03220237976966735,-0.26279571240670224,0.16623028605818632,1,-1,1,1,1
20210205T151709.A_Elmo.B_DL.SCP_01,150,A5,0.4183861314670452,-0.41163989389377054,-0.8300260253608157,-0.23203442313873468,1,-1,1,1,1
20210205T151709.A_Elmo.B_DL.SCP_01,151,A5,0.4312073183080927,-0.005166687581851277,-0.436374005889944,0.1743559052133055,1,-1,1,1,1
20210205T151709.A_Elmo.B_DL.SCP_01,152,A5,0.2030463942669867,-0.37940385313411334,-0.5824502474011001,-0.2698675317972971,1,-1,1,1,1
20210205T151709.A_Elmo.B_DL.SCP_01,153,A5,-0.03412145818607739,-0.232448342298172,-0.1983268841120946,0.33397812536597604,-1,-1,0,1,1
20210205T151709.A_Elmo.B_DL.SCP_01,154,A5,0.10684153188614885,0.25011299311328655,0.1432714612271377,0.39948699719170594,1,1,0,1,1
20210205T151709.A_Elmo.B_DL.SCP_01,155,A5,0.4881992456624324,0.6898565255556527,0.2016572798932203,0.596852182896488,1,1,0,1,1
20210205T151709.A_Elmo.B_DL.SCP_01,156,A5,-0.128141495862294,-0.11666679725092295,0.011474698611371056,0.0007734798136103619,-1,-1,0,1,0
20210205T151709.A_Elmo.B_DL.SCP_01,157,A5,-0.012697478730382043,-1.0,-0.9873025212696179,0.11065229966579836,-1,-1,0,1,1
20210205T151709.A_Elmo.B_DL.SCP_01,158,A5,-0.5324093783829223,0.41758978247017864,0.949999160853101,0.29401320618015414,-1,1,1,1,0
20210205T151709.A_Elmo.B_DL.SCP_01,159,A5,0.07440978484563758,-0.09959956975940677,-0.17400935460504435,0.1260297638059613,1,-1,1,1,0
20210205T151709.A_Elmo.B_DL.SCP_01,160,A5,-0.08435874475992465,0.4533724276131619,0.5377311723730865,-0.08139637889021568,-1,1,1,1,0
20210211T163501.A_Elmo.B_DL.SCP_01,1,A1,-0.1713755120366659,0.5094206764633546,0.6807961885000205,0.3302269625876536,-1,1,1,1,0
20210211T163501.A_Elmo.B_DL.SCP_01,2,A1,1.0,-0.14245059195138293,-1.142450591951383,0.6053425908138026,1,-1,1,1,1
20210211T163501.A_Elmo.B_DL.SCP_01,3,A1,-1.0,-0.2554014698279242,0.7445985301720758,0.21962745179786616,-1,-1,0,1,1
20210211T163501.A_Elmo.B_DL.SCP_01,4,A1,-0.3119462626651599,0.12826415213611314,0.44021041480127304,-0.252659610458519,-1,1,1,1,1
20210211T163501.A_Elmo.B_DL.SCP_01,5,A1,-1.0,0.4350396053120779,1.435039605312078,0.18592591074137513,-1,1,1,1,1
20210211T163501.A_Elmo.B_DL.SCP_01,6,A1,-0.3420477111909444,0.07672757810074059,0.418775289291685,0.1393508960232632,-1,1,1,1,1
20210211T163501.A_Elmo.B_DL.SCP_01,7,A1,-0.9284289253851791,-0.09847235955969003,0.829956565825489,0.2608452191513799,-1,-1,0,1,1
20210211T163501.A_Elmo.B_DL.SCP_01,8,A1,-1.0,0.5859959268873264,1.5859959268873265,-0.5671525597372845,-1,1,1,1,1
20210211T163501.A_Elmo.B_DL.SCP_01,9,A1,-1.0,0.1382432381913914,1.1382432381913914,0.1327429217852343,-1,1,1,1,1
20210211T163501.A_Elmo.B_DL.SCP_01,10,A1,-1.0,-0.03455353632075495,0.965446463679245,-0.27480072234876063,-1,-1,0,1,1
20210211T163501.A_Elmo.B_DL.SCP_01,11,A1,0.090615154883457,0.07175249380701372,-0.018862661076443285,-0.12482620637115241,1,1,0,0,1
20210211T163501.A_Elmo.B_DL.SCP_01,12,A1,-0.4078497516731841,-0.29950370263944376,0.10834604903374034,-0.33872838194397936,-1,-1,0,1,1
20210211T163501.A_Elmo.B_DL.SCP_01,13,A1,-0.29755853312765934,-0.07609382143230986,0.22146471169534948,-0.39365573093610046,-1,-1,0,1,1
20210211T163501.A_Elmo.B_DL.SCP_01,14,A1,-0.09284265344274184,0.3643901621008754,0.4572328155436172,0.1675932496840023,-1,1,1,1,1
20210211T163501.A_Elmo.B_DL.SCP_01,15,A1,1.0,0.24910402037559276,-0.7508959796244072,0.18517211829163596,1,1,0,1,0
20210211T163501.A_Elmo.B_DL.SCP_01,16,A1,1.0,-0.10066062836694656,-1.1006606283669464,0.26291819810260075,1,-1,1,1,1
20210211T163501.A_Elmo.B_DL.SCP_01,17,A1,0.560709641907806,0.23367751221886687,-0.32703212968893913,0.32639268912103525,1,1,0,1,1
20210211T163501.A_Elmo.B_DL.SCP_01,18,A1,0.7230358195421012,0.5245731354058982,-0.19846268413620294,0.5187241346275612,1,1,0,1,1
20210211T163501.A_Elmo.B_DL.SCP_01,19,A1,-0.27138131368606244,-1.0,-0.7286186863139376,0.12681114652075007,-1,-1,0,1,1
20210211T163501.A_Elmo.B_DL.SCP_01,20,A1,-0.04046221672525094,-0.177046954945896,-0.13658473822064507,0.47055183348047497,-1,-1,0,1,1
20210211T163501.A_Elmo.B_DL.SCP_01,21,A1,1.0,-0.057941763206856005,-1.057941763206856,0.06170460928905218,1,-1,1,1,1
20210211T163501.A_Elmo.B_DL.SCP_01,22,A1,1.0,-0.8110722861545737,-1.8110722861545736,0.013151244765500692,1,-1,1,1,1
20210211T163501.A_Elmo.B_DL.SCP_01,23,A1,0.25465695809229444,1.0,0.7453430419077056,0.05909752607484245,1,1,0,1,1
20210211T163501.A_Elmo.B_DL.SCP_01,24,A1,0.037764114362084794,0.7616308615967557,0.7238667472346709,0.40949231330357005,1,1,0,1,1
20210211T163501.A_Elmo.B_DL.SCP_01,25,A1,0.8586042306914046,0.3019348463986673,-0.5566693842927373,-0.052825883401758235,1,1,0,0,1
20210211T163501.A_Elmo.B_DL.SCP_01,26,A1,1.0,1.0,0.0,0.9128501182114211,1,1,0,1,1
20210211T163501.A_Elmo.B_DL.SCP_01,27,A1,-1.0,0.09480568446779401,1.094805684467794,-0.46238055296188396,-1,1,1,1,1
20210211T163501.A_Elmo.B_DL.SCP_01,28,A1,-1.0,-1.0,0.0,0.11324630212878614,-1,-1,0,1,1
20210211T163501.A_Elmo.B_DL.SCP_01,29,A1,1.0,1.0,0.0,0.7184071085019875,1,1,0,1,1
20210211T163501.A_Elmo.B_DL.SCP_01,30,A1,-0.1520358806312754,-0.17764923892506707,-0.02561335829379166,-0.5405773756923311,-1,-1,0,1,1
20210211T163501.A_Elmo.B_DL.SCP_01,31,A1,-0.08196696648773528,0.908313808407036,0.9902807748947713,0.29500783801487035,-1,1,1,0,1
20210211T163501.A_Elmo.B_DL.SCP_01,32,A1,-0.2725339175118821,0.006352151946956298,0.2788860694588384,0.4576231955252533,-1,1,1,1,1
20210211T163501.A_Elmo.B_DL.SCP_01,33,A2,-0.21485829707442003,-1.0,-0.7851417029255799,0.13895491846732064,-1,-1,0,1,1
20210211T163501.A_Elmo.B_DL.SCP_01,34,A2,1.0,-1.0,-2.0,0.2999487658257107,1,-1,1,1,1
20210211T163501.A_Elmo.B_DL.SCP_01,35,A2,-0.09754993123427594,-0.13720700017488344,-0.0396570689406075,0.03466339908031091,-1,-1,0,1,1
20210211T163501.A_Elmo.B_DL.SCP_01,36,A2,0.14292501921545703,0.040767912749709236,-0.1021571064657478,0.08852546497975841,1,1,0,1,1
20210211T163501.A_Elmo.B_DL.SCP_01,37,A2,-0.38811898153461394,-0.08676538878843254,0.3013535927461814,0.24069639778107552,-1,-1,0,1,1
20210211T163501.A_Elmo.B_DL.SCP_01,38,A2,-1.0,-0.31194116089278223,0.6880588391072178,-0.12880701958455182,-1,-1,0,0,0
20210211T163501.A_Elmo.B_DL.SCP_01,39,A2,-0.06339529273554849,-1.0,-0.9366047072644516,0.8058669676611602,-1,-1,0,1,1
20210211T163501.A_Elmo.B_DL.SCP_01,40,A2,-1.0,-0.8908883377640991,0.10911166223590085,-0.09398211623460807,-1,-1,0,0,0
20210211T163501.A_Elmo.B_DL.SCP_01,41,A2,1.0,0.6459575459368909,-0.3540424540631091,0.09199841485125476,1,1,0,1,1
20210211T163501.A_Elmo.B_DL.SCP_01,42,A2,0.30958281388839565,1.0,0.6904171861116044,-0.19297491045593693,1,1,0,0,0
20210211T163501.A_Elmo.B_DL.SCP_01,43,A2,1.0,1.0,0.0,0.05789779858420754,1,1,0,0,0
20210211T163501.A_Elmo.B_DL.SCP_01,44,A2,0.2695214132554162,-1.0,-1.2695214132554162,-0.0666457859726982,1,-1,1,0,0
20210211T163501.A_Elmo.B_DL.SCP_01,45,A2,-0.39642734690601583,-0.11933232914278054,0.2770950177632353,-0.008924497933779129,-1,-1,0,1,1
20210211T163501.A_Elmo.B_DL.SCP_01,46,A2,1.0,1.0,0.0,0.01274525819261945,1,1,0,0,0
20210211T163501.A_Elmo.B_DL.SCP_01,47,A2,-1.0,-0.1923143017181853,0.8076856982818147,-0.16599187070658317,-1,-1,0,0,0
20210211T163501.A_Elmo.B_DL.SCP_01,48,A2,1.0,-1.0,-2.0,-0.08280805225079786,1,-1,1,0,0
20210211T163501.A_Elmo.B_DL.SCP_01,49,A2,0.499727727795981,-1.0,-1.499727727795981,-0.4728144113075915,1,-1,1,1,1
20210211T163501.A_Elmo.B_DL.SCP_01,50,A2,-0.3793230951408976,0.1258204181428454,0.505143513283743,0.08786105218370394,-1,1,1,1,1
20210211T163501.A_Elmo.B_DL.SCP_01,51,A2,-0.6892684066683884,-0.373377768615816,0.3158906380525724,0.12842521305901056,-1,-1,0,1,1
20210211T163501.A_Elmo.B_DL.SCP_01,52,A2,0.061611360805921195,0.19796096584858247,0.13634960504266128,0.41418078407007763,1,1,0,1,1
20210211T163501.A_Elmo.B_DL.SCP_01,53,A2,-0.4586642453994264,-0.23996875205601662,0.2186954933434098,0.45432981671965383,-1,-1,0,1,0
20210211T163501.A_Elmo.B_DL.SCP_01,54,A2,-0.8477123034864026,0.2834146109011107,1.1311269143875133,0.30145705168851955,-1,1,1,1,1
20210211T163501.A_Elmo.B_DL.SCP_01,55,A2,0.0593622365172461,-0.32384981799400087,-0.38321205451124696,0.7607747416719443,1,-1,1,1,1
20210211T163501.A_Elmo.B_DL.SCP_01,56,A2,-0.18795110304222318,-1.0,-0.8120488969577768,-0.016367329047348014,-1,-1,0,1,1
20210211T163501.A_Elmo.B_DL.SCP_01,57,A2,1.0,-0.49144790893006624,-1.4914479089300663,-0.35473100431957943,1,-1,1,1,1
20210211T163501.A_Elmo.B_DL.SCP_01,58,A2,0.27007037169928794,0.6192656424530795,0.34919527075379153,0.009281476628313393,1,1,0,0,1
20210211T163501.A_Elmo.B_DL.SCP_01,59,A2,0.1120713210091901,-0.9642013361604717,-1.0762726571696617,-0.3525612136424419,1,-1,1,1,1
20210211T163501.A_Elmo.B_DL.SCP_01,60,A2,0.09994015937245772,1.0,0.9000598406275423,0.15642473860851996,1,1,0,0,1
20210211T163501.A_Elmo.B_DL.SCP_01,61,A2,-0.26438284444942334,0.551638741183703,0.8160215856331263,0.059471459944287826,-1,1,1,0,1
20210211T163501.A_Elmo.B_DL.SCP_01,62,A2,-0.6662329027981407,1.0,1.6662329027981406,-0.3205924261511629,-1,1,1,1,1
20210211T163501.A_Elmo.B_DL.SCP_01,63,A2,-0.36160499960679243,-1.0,-0.6383950003932075,0.06813903422159194,-1,-1,0,1,1
20210211T163501.A_Elmo.B_DL.SCP_01,64,A2,-0.20583523165600856,0.05306821197145666,0.2589034436274652,-0.16457428033287505,-1,1,1,0,1
20210211T163501.A_Elmo.B_DL.SCP_01,65,A3,-0.9469947405833992,-1.0,-0.053005259416600836,0.7979173658694085,-1,-1,0,1,1
20210211T163501.A_Elmo.B_DL.SCP_01,66,A3,-1.0,-1.0,0.0,0.8237559266462059,-1,-1,0,1,1
20210211T163501.A_Elmo.B_DL.SCP_01,67,A3,0.6916595006320455,-1.0,-1.6916595006320456,0.3620191297983274,1,-1,1,1,0
20210211T163501.A_Elmo.B_DL.SCP_01,68,A3,0.10667006183973003,0.4931540047379201,0.38648394289819005,-0.06211798073442487,1,1,0,1,1
20210211T163501.A_Elmo.B_DL.SCP_01,69,A3,-0.10616620274326131,0.29175126775988486,0.3979174705031462,0.4314462611347802,-1,1,1,1,1
20210211T163501.A_Elmo.B_DL.SCP_01,70,A3,0.21431466990135098,-1.0,-1.214314669901351,0.4101026882188584,1,-1,1,0,0
20210211T163501.A_Elmo.B_DL.SCP_01,71,A3,-0.28564642097283965,0.38112055199275924,0.666766972965599,0.3621677659903167,-1,1,1,1,1
20210211T163501.A_Elmo.B_DL.SCP_01,72,A3,1.0,-0.6655473967845856,-1.6655473967845857,-0.017162914489071254,1,-1,1,0,0
20210211T163501.A_Elmo.B_DL.SCP_01,73,A3,0.08636205147586928,-0.18751620362791988,-0.27387825510378916,0.34059109189736436,1,-1,1,1,1
20210211T163501.A_Elmo.B_DL.SCP_01,74,A3,-0.22920823827176068,0.2910261764913085,0.5202344147630692,0.026397192842448403,-1,1,1,0,0
20210211T163501.A_Elmo.B_DL.SCP_01,75,A3,-0.11027568610569227,1.0,1.1102756861056924,0.03176596773965091,-1,1,1,1,0
20210211T163501.A_Elmo.B_DL.SCP_01,76,A3,0.10077502867490022,1.0,0.8992249713250998,-0.027629021817776434,1,1,0,1,1
20210211T163501.A_Elmo.B_DL.SCP_01,77,A3,0.16411310559002212,-1.0,-1.164113105590022,0.3881611263616758,1,-1,1,1,1
20210211T163501.A_Elmo.B_DL.SCP_01,78,A3,-0.03041724996554616,-0.4817427067900165,-0.45132545682447034,0.08648572176223443,-1,-1,0,1,1
20210211T163501.A_Elmo.B_DL.SCP_01,79,A3,0.6973097302535363,-1.0,-1.6973097302535363,-0.05878467552498492,1,-1,1,1,0
20210211T163501.A_Elmo.B_DL.SCP_01,80,A3,0.13944309270252192,1.0,0.8605569072974781,-0.04106151477995957,1,1,0,1,1
20210211T163501.A_Elmo.B_DL.SCP_01,81,A3,0.06290738619155416,1.0,0.9370926138084459,0.049611301445743765,1,1,0,1,1
20210211T163501.A_Elmo.B_DL.SCP_01,82,A3,-0.28338278667585276,-0.3644452047113798,-0.08106241803552705,0.10761490238570112,-1,-1,0,0,0
20210211T163501.A_Elmo.B_DL.SCP_01,83,A3,-0.11434585612912351,-0.2904628712726386,-0.17611701514351508,0.3628470940134954,-1,-1,0,1,1
20210211T163501.A_Elmo.B_DL.SCP_01,84,A3,-0.32924961879873377,-0.21684904521893114,0.11240057357980263,0.008728959125059405,-1,-1,0,1,1
20210211T163501.A_Elmo.B_DL.SCP_01,85,A3,-0.10812730094908261,-1.0,-0.8918726990509174,-0.0778580289471671,-1,-1,0,0,0
20210211T163501.A_Elmo.B_DL.SCP_01,86,A3,0.08615987325568099,0.1898756613877652,0.10371578813208422,0.22763409884015934,1,1,0,1,0
20210211T163501.A_Elmo.B_DL.SCP_01,87,A3,-0.5314040654107637,0.4846923674743321,1.0160964328850959,-0.032599913623818665,-1,1,1,0,1
20210211T163501.A_Elmo.B_DL.SCP_01,88,A3,-0.9629624848985849,-1.0,-0.037037515101415064,0.45064551477710707,-1,-1,0,0,1
20210211T163501.A_Elmo.B_DL.SCP_01,89,A3,-0.34593535006427073,-1.0,-0.6540646499357292,0.10722803479674227,-1,-1,0,1,1
20210211T163501.A_Elmo.B_DL.SCP_01,90,A3,-1.0,1.0,2.0,-0.042666726010847596,-1,1,1,0,0
20210211T163501.A_Elmo.B_DL.SCP_01,91,A3,-0.11083990287077476,-1.0,-0.8891600971292253,-0.16635857853152242,-1,-1,0,0,0
20210211T163501.A_Elmo.B_DL.SCP_01,92,A3,-0.004392276350860833,-0.15102500131435392,-0.14663272496349308,-0.28312224654243634,-1,-1,0,0,0
20210211T163501.A_Elmo.B_DL.SCP_01,93,A3,0.3325064389443424,0.20833715379996154,-0.12416928514438086,0.7224884720370637,1,1,0,1,1
20210211T163501.A_Elmo.B_DL.SCP_01,94,A3,0.10712552068223193,0.617726562677215,0.5106010419949831,-0.19957554215574302,1,1,0,1,1
20210211T163501.A_Elmo.B_DL.SCP_01,95,A3,0.23309333581568648,-1.0,-1.2330933358156866,-0.28975066599239796,1,-1,1,1,0
20210211T163501.A_Elmo.B_DL.SCP_01,96,A3,0.36634960682218864,1.0,0.6336503931778114,0.17975539266643273,1,1,0,0,1
20210211T163501.A_Elmo.B_DL.SCP_01,97,A4,0.4133930805127834,0.19121975363937949,-0.2221733268734039,0.06941422032421232,1,1,0,1,1
20210211T163501.A_Elmo.B_DL.SCP_01,98,A4,0.09510316380790616,-0.44315732875949915,-0.5382604925674053,0.10951576264757652,1,-1,1,1,1
20210211T163501.A_Elmo.B_DL.SCP_01,99,A4,0.3620756683016958,0.07075540922832102,-0.2913202590733748,-0.10799581483085231,1,1,0,1,1
20210211T163501.A_Elmo.B_DL.SCP_01,100,A4,0.7969772940015911,0.7516649914604869,-0.04531230254110419,0.22313925638276513,1,1,0,1,1
20210211T163501.A_Elmo.B_DL.SCP_01,101,A4,0.7496503772211454,0.7106118635103174,-0.039038513710828004,0.21560057747176506,1,1,0,1,1
20210211T163501.A_Elmo.B_DL.SCP_01,102,A4,0.6128681317181044,-0.0922811289309857,-0.7051492606490901,-0.38205381960071444,1,-1,1,1,1
20210211T163501.A_Elmo.B_DL.SCP_01,103,A4,0.055014888336029986,-0.23010310506470538,-0.28511799340073535,0.15305919888555145,1,-1,1,1,1
20210211T163501.A_Elmo.B_DL.SCP_01,104,A4,0.8194226960563844,-0.2725432135435568,-1.0919659095999412,-0.42000774426806803,1,-1,1,1,1
20210211T163501.A_Elmo.B_DL.SCP_01,105,A4,0.2822146724571341,0.492285145549893,0.2100704730927589,-0.17178795430930602,1,1,0,1,1
20210211T163501.A_Elmo.B_DL.SCP_01,106,A4,0.4151391006280492,-0.3179013827939019,-0.733040483421951,0.20419977033612247,1,-1,1,1,1
20210211T163501.A_Elmo.B_DL.SCP_01,107,A4,0.1878607813579968,-0.20639850770545035,-0.39425928906344715,0.2481941223659648,1,-1,1,1,1
20210211T163501.A_Elmo.B_DL.SCP_01,108,A4,0.9203523598067075,-0.6849470179117583,-1.6052993777184659,-0.026691543221345985,1,-1,1,1,0
20210211T163501.A_Elmo.B_DL.SCP_01,109,A4,0.176571833825235,-0.545491195999438,-0.722063029824673,-0.1257537199058954,1,-1,1,1,1
20210211T163501.A_Elmo.B_DL.SCP_01,110,A4,0.14973977635782976,-1.0,-1.1497397763578299,-0.09078113049637719,1,-1,1,1,1
20210211T163501.A_Elmo.B_DL.SCP_01,111,A4,0.06398968713921555,-0.35068560850626157,-0.4146752956454771,-0.14234003206050902,1,-1,1,1,1
20210211T163501.A_Elmo.B_DL.SCP_01,112,A4,0.14103244115703192,-0.1114068556769696,-0.2524392968340015,-0.20013852581859093,1,-1,1,1,1
20210211T163501.A_Elmo.B_DL.SCP_01,113,A4,0.49149235279675385,0.1871505045435354,-0.3043418482532184,0.30783207613233055,1,1,0,1,1
20210211T163501.A_Elmo.B_DL.SCP_01,114,A4,0.16591930186106152,-0.12025388315970244,-0.28617318502076394,0.2991159587922142,1,-1,1,1,1
20210211T163501.A_Elmo.B_DL.SCP_01,115,A4,1.0,0.4118502055209962,-0.5881497944790037,0.49446586853771807,1,1,0,1,1
20210211T163501.A_Elmo.B_DL.SCP_01,116,A4,0.30133431954401074,-0.07171219897420589,-0.37304651851821663,-0.4960324577268257,1,-1,1,1,1
20210211T163501.A_Elmo.B_DL.SCP_01,117,A4,0.2771133599071476,-1.0,-1.2771133599071476,0.05927897616209194,1,-1,1,1,1
20210211T163501.A_Elmo.B_DL.SCP_01,118,A4,0.30570020167091133,-0.23986804190288688,-0.5455682435737982,-0.4301296439864637,1,-1,1,1,1
20210211T163501.A_Elmo.B_DL.SCP_01,119,A4,0.48322119857926893,1.0,0.5167788014207311,0.17215266717799732,1,1,0,1,1
20210211T163501.A_Elmo.B_DL.SCP_01,120,A4,0.09438907151969284,-0.8826219433073104,-0.9770110148270033,-0.31714221073165794,1,-1,1,1,1
20210211T163501.A_Elmo.B_DL.SCP_01,121,A4,0.06017333066795257,-0.10444631988786626,-0.16461965055581884,0.16173237167774587,1,-1,1,1,1
20210211T163501.A_Elmo.B_DL.SCP_01,122,A4,0.15187230478331387,0.0757192151374038,-0.07615308964591007,0.20367144022060069,1,1,0,1,1
20210211T163501.A_Elmo.B_DL.SCP_01,123,A4,0.14607728026516345,-0.09427894944566938,-0.2403562297108328,0.6024864426952395,1,-1,1,1,1
20210211T163501.A_Elmo.B_DL.SCP_01,124,A4,0.2976259308953988,-0.04756462225188743,-0.3451905531472862,0.11356558856324471,1,-1,1,1,1
20210211T163501.A_Elmo.B_DL.SCP_01,125,A4,0.1607927295827689,-0.23162445704394571,-0.39241718662671465,-0.5533717351149995,1,-1,1,1,1
20210211T163501.A_Elmo.B_DL.SCP_01,126,A4,-0.06932021980560216,-0.26735708168015165,-0.1980368618745495,0.32185256591963657,-1,-1,0,1,1
20210211T163501.A_Elmo.B_DL.SCP_01,127,A4,0.36057656704992846,-0.008377318742138868,-0.36895388579206734,0.06060036368642085,1,-1,1,1,1
20210211T163501.A_Elmo.B_DL.SCP_01,128,A4,0.18898813585862997,-0.1455390958198484,-0.33452723167847837,-0.028306936661977165,1,-1,1,1,1
20210211T163501.A_Elmo.B_DL.SCP_01,129,A5,-0.7271837515848846,-1.0,-0.2728162484151154,0.8251872413999864,-1,-1,0,1,1
20210211T163501.A_Elmo.B_DL.SCP_01,130,A5,-0.11191348350671922,-0.4092371434693677,-0.2973236599626485,0.224640065254851,-1,-1,0,1,1
20210211T163501.A_Elmo.B_DL.SCP_01,131,A5,0.34932589013511,0.14488008862782695,-0.20444580150728306,0.6791187760685444,1,1,0,1,1
20210211T163501.A_Elmo.B_DL.SCP_01,132,A5,1.0,1.0,0.0,0.7860367105096372,1,1,0,1,1
20210211T163501.A_Elmo.B_DL.SCP_01,133,A5,0.3655663715184991,1.0,0.6344336284815009,0.09789457414336476,1,1,0,1,1
20210211T163501.A_Elmo.B_DL.SCP_01,134,A5,1.0,0.6071661333049189,-0.39283386669508114,0.21539014167434736,1,1,0,1,1
20210211T163501.A_Elmo.B_DL.SCP_01,135,A5,0.3022730858293379,-0.6661491046388021,-0.9684221904681399,0.3464670599940528,1,-1,1,1,1
20210211T163501.A_Elmo.B_DL.SCP_01,136,A5,0.7514434995412057,0.13059441652221698,-0.6208490830189888,0.17005803184167081,1,1,0,1,1
20210211T163501.A_Elmo.B_DL.SCP_01,137,A5,-0.1491482151681876,-0.35431885069203334,-0.20517063552384573,0.35739610501628466,-1,-1,0,1,1
20210211T163501.A_Elmo.B_DL.SCP_01,138,A5,1.0,1.0,0.0,0.055900527492157015,1,1,0,0,0
20210211T163501.A_Elmo.B_DL.SCP_01,139,A5,0.1990576790077312,1.0,0.8009423209922688,-0.08485758412598332,1,1,0,1,0
20210211T163501.A_Elmo.B_DL.SCP_01,140,A5,0.010684826569250494,0.42803800065754594,0.4173531740882954,0.09632632611409898,1,1,0,1,1
20210211T163501.A_Elmo.B_DL.SCP_01,141,A5,-0.4097814552407422,-1.0,-0.5902185447592578,0.8318890635199159,-1,-1,0,1,1
20210211T163501.A_Elmo.B_DL.SCP_01,142,A5,-0.8716637346220075,-1.0,-0.12833626537799248,0.03597859000943948,-1,-1,0,0,0
20210211T163501.A_Elmo.B_DL.SCP_01,143,A5,0.2987179514814759,1.0,0.701282048518524,0.2611501576137515,1,1,0,1,0
20210211T163501.A_Elmo.B_DL.SCP_01,144,A5,0.3249342669140925,-1.0,-1.3249342669140924,0.20522904536013664,1,-1,1,0,0
20210211T163501.A_Elmo.B_DL.SCP_01,145,A5,-0.8027765472137524,-0.2932082204778952,0.5095683267358572,0.4337505651605403,-1,-1,0,1,1
20210211T163501.A_Elmo.B_DL.SCP_01,146,A5,-0.6183715653939316,-1.0,-0.38162843460606843,0.7093705189952398,-1,-1,0,1,1
20210211T163501.A_Elmo.B_DL.SCP_01,147,A5,-0.32457261877825444,-0.7264434679576938,-0.4018708491794393,0.07782313583148913,-1,-1,0,1,0
20210211T163501.A_Elmo.B_DL.SCP_01,148,A5,-0.2202810112638592,-1.0,-0.7797189887361408,-0.13494382243072275,-1,-1,0,1,0
20210211T163501.A_Elmo.B_DL.SCP_01,149,A5,0.22191438344530914,0.45434523343484917,0.23243084998954003,0.23232961140535122,1,1,0,1,1
20210211T163501.A_Elmo.B_DL.SCP_01,150,A5,0.069184290290452,-0.27740757254472986,-0.34659186283518184,0.18785123104659784,1,-1,1,1,1
20210211T163501.A_Elmo.B_DL.SCP_01,151,A5,0.35814662326657454,-0.10161979877917496,-0.45976642204574947,0.19200365445725265,1,-1,1,1,1
20210211T163501.A_Elmo.B_DL.SCP_01,152,A5,0.08263820361974603,-0.7102826303330704,-0.7929208339528164,0.3341764820248315,1,-1,1,1,1
20210211T163501.A_Elmo.B_DL.SCP_01,153,A5,-0.45956791355011023,-0.7274640827850029,-0.2678961692348926,0.18653061790453457,-1,-1,0,1,1
20210211T163501.A_Elmo.B_DL.SCP_01,154,A5,-0.17794859699132295,-0.2943596722850959,-0.11641107529377295,0.621597161164141,-1,-1,0,1,1
20210211T163501.A_Elmo.B_DL.SCP_01,155,A5,-0.006345414805185547,0.03494312397691771,0.04128853878210326,0.01275933771203876,-1,1,1,1,1
20210211T163501.A_Elmo.B_DL.SCP_01,156,A5,-0.09287957749953107,-0.8503093459091878,-0.7574297684096567,0.15941569065904446,-1,-1,0,0,0
20210211T163501.A_Elmo.B_DL.SCP_01,157,A5,0.04563190670991684,0.6899438230641664,0.6443119163542496,-0.2603474401887488,1,1,0,1,0
20210211T163501.A_Elmo.B_DL.SCP_01,158,A5,0.07390325259361732,0.9466325867515902,0.8727293341579729,-0.006739933640151593,1,1,0,1,1
20210211T163501.A_Elmo.B_DL.SCP_01,159,A5,0.06113598651293974,-0.2897715936290024,-0.3509075801419421,-0.02110555907568692,1,-1,1,1,1
20210211T163501.A_Elmo.B_DL.SCP_01,160,A5,0.08782978285689282,0.41930709782267706,0.33147731496578425,-0.09411977250136265,1,1,0,1,1
20210212T153711.A_Elmo.B_DL.SCP_01,1,A1,0.074816091454328,-0.22369171492324813,-0.2985078063775761,-0.03751944354195227,1,-1,1,0,0
20210212T153711.A_Elmo.B_DL.SCP_01,2,A1,1.0,-0.26650780609979424,-1.2665078060997943,-0.036129707609868424,1,-1,1,1,1
20210212T153711.A_Elmo.B_DL.SCP_01,3,A1,0.7612367108797672,-0.0897778341461226,-0.8510145450258898,0.26940149230155974,1,-1,1,1,1
20210212T153711.A_Elmo.B_DL.SCP_01,4,A1,-0.393184696770283,-0.1492813843709399,0.2439033123993431,0.15072512535627156,-1,-1,0,1,1
20210212T153711.A_Elmo.B_DL.SCP_01,5,A1,-0.33027168920687394,0.10004817131476192,0.43031986052163584,-0.15200289359906566,-1,1,1,0,1
20210212T153711.A_Elmo.B_DL.SCP_01,6,A1,-0.28968065302054297,-0.4472700209009012,-0.1575893678803582,0.24083617637756727,-1,-1,0,1,1
20210212T153711.A_Elmo.B_DL.SCP_01,7,A1,-0.2737235656399415,0.09129930468149539,0.3650228703214369,-0.0074659151601118665,-1,1,1,1,1
20210212T153711.A_Elmo.B_DL.SCP_01,8,A1,-1.0,1.0,2.0,-0.3571686349251612,-1,1,1,0,1
20210212T153711.A_Elmo.B_DL.SCP_01,9,A1,0.15628578420007888,0.48508245659382826,0.3287966723937494,-0.14533886758428793,1,1,0,1,1
20210212T153711.A_Elmo.B_DL.SCP_01,10,A1,-1.0,-0.9476863316552203,0.052313668344779685,0.36290940467991833,-1,-1,0,1,1
20210212T153711.A_Elmo.B_DL.SCP_01,11,A1,1.0,0.2095131140203115,-0.7904868859796885,0.34041549516310704,1,1,0,1,1
20210212T153711.A_Elmo.B_DL.SCP_01,12,A1,-0.3415288591242356,-0.17207559014520812,0.16945326897902746,-0.1675471765475664,-1,-1,0,1,1
20210212T153711.A_Elmo.B_DL.SCP_01,13,A1,-0.09018718581430411,0.141696226404752,0.23188341221905612,-0.06787613873132924,-1,1,1,1,1
20210212T153711.A_Elmo.B_DL.SCP_01,14,A1,-0.026696674257916046,0.07942669948962858,0.10612337374754463,0.37107133484483495,-1,1,1,1,1
20210212T153711.A_Elmo.B_DL.SCP_01,15,A1,-0.23760770135164333,0.255719544112288,0.4933272454639313,-0.19959438586204167,-1,1,1,0,0
20210212T153711.A_Elmo.B_DL.SCP_01,16,A1,0.3226797821247906,0.10286762041161653,-0.21981216171317408,0.2705973691483072,1,1,0,1,1
20210212T153711.A_Elmo.B_DL.SCP_01,17,A1,1.0,0.12498008959860633,-0.8750199104013937,0.3268486444760598,1,1,0,0,1
20210212T153711.A_Elmo.B_DL.SCP_01,18,A1,0.32148541738585096,0.4940107277396665,0.17252531035381552,0.36436575333450744,1,1,0,1,1
20210212T153711.A_Elmo.B_DL.SCP_01,19,A1,-0.03758440743891689,0.6451027225753841,0.682687130014301,0.1678330602688116,-1,1,1,1,1
20210212T153711.A_Elmo.B_DL.SCP_01,20,A1,-0.009350719670864987,-0.19614744024079883,-0.18679672056993385,0.5323910869411852,-1,-1,0,1,1
20210212T153711.A_Elmo.B_DL.SCP_01,21,A1,0.8016609403251282,-0.3337895506800352,-1.1354504910051635,-0.02369793873344307,1,-1,1,0,1
20210212T153711.A_Elmo.B_DL.SCP_01,22,A1,0.5075258385041352,0.2782824209434413,-0.22924341756069394,0.33402423300359685,1,1,0,0,1
20210212T153711.A_Elmo.B_DL.SCP_01,23,A1,-1.0,0.28516675185926427,1.2851667518592642,-0.40689978047761566,-1,1,1,1,1
20210212T153711.A_Elmo.B_DL.SCP_01,24,A1,-0.051039739048902306,0.7698136463926027,0.8208533854415051,0.3281552125541479,-1,1,1,1,1
20210212T153711.A_Elmo.B_DL.SCP_01,25,A1,-0.5460681610460052,0.899105059326907,1.4451732203729122,-0.24580081303708434,-1,1,1,0,0
20210212T153711.A_Elmo.B_DL.SCP_01,26,A1,1.0,1.0,0.0,0.860900555213195,1,1,0,1,1
20210212T153711.A_Elmo.B_DL.SCP_01,27,A1,-0.38424076821917974,-0.16208070393777513,0.2221600642814046,-0.2962553786099838,-1,-1,0,1,1
20210212T153711.A_Elmo.B_DL.SCP_01,28,A1,-1.0,-1.0,0.0,-0.12415389523641836,-1,-1,0,1,1
20210212T153711.A_Elmo.B_DL.SCP_01,29,A1,1.0,1.0,0.0,0.5398005003663198,1,1,0,1,1
20210212T153711.A_Elmo.B_DL.SCP_01,30,A1,-0.15339634681564404,0.11172372441844829,0.2651200712340923,-0.35089524247251563,-1,1,1,1,1
20210212T153711.A_Elmo.B_DL.SCP_01,31,A1,0.30702400140619407,-1.0,-1.307024001406194,-0.3725758935865339,1,-1,1,0,0
20210212T153711.A_Elmo.B_DL.SCP_01,32,A1,-0.28724304976314424,-0.007455735492262009,0.2797873142708822,-0.25489140312646835,-1,-1,0,1,1
20210212T153711.A_Elmo.B_DL.SCP_01,33,A2,-0.4739282638598737,-1.0,-0.5260717361401264,0.03501266203132921,-1,-1,0,1,1
20210212T153711.A_Elmo.B_DL.SCP_01,34,A2,-0.06778994230434184,-0.8951544633403745,-0.8273645210360326,-0.06819819653111032,-1,-1,0,0,1
20210212T153711.A_Elmo.B_DL.SCP_01,35,A2,0.01639776916753357,-0.03239467394174995,-0.04879244310928352,-0.25853127028843204,1,-1,1,1,1
20210212T153711.A_Elmo.B_DL.SCP_01,36,A2,0.09026177338404326,-0.6470078914830095,-0.7372696648670528,0.09804615958703847,1,-1,1,1,1
20210212T153711.A_Elmo.B_DL.SCP_01,37,A2,-0.6156056750915411,-1.0,-0.38439432490845893,0.060318878569693916,-1,-1,0,1,0
20210212T153711.A_Elmo.B_DL.SCP_01,38,A2,1.0,0.8384267727310898,-0.1615732272689102,-0.08151552767510678,1,1,0,0,0
20210212T153711.A_Elmo.B_DL.SCP_01,39,A2,-0.15700341040634908,-1.0,-0.8429965895936509,0.6374282240737074,-1,-1,0,1,1
20210212T153711.A_Elmo.B_DL.SCP_01,40,A2,1.0,0.5236713364839019,-0.47632866351609815,0.07099138626032268,1,1,0,0,0
20210212T153711.A_Elmo.B_DL.SCP_01,41,A2,1.0,-0.07034142385654105,-1.070341423856541,-0.2857293773509104,1,-1,1,1,1
20210212T153711.A_Elmo.B_DL.SCP_01,42,A2,0.4187341647002783,-0.07282197658485322,-0.49155614128513153,0.22570461307649528,1,-1,1,0,0
20210212T153711.A_Elmo.B_DL.SCP_01,43,A2,1.0,1.0,0.0,-0.10009811202574256,1,1,0,0,0
20210212T153711.A_Elmo.B_DL.SCP_01,44,A2,-0.3737755118469358,-1.0,-0.6262244881530642,-0.157485034185839,-1,-1,0,0,0
20210212T153711.A_Elmo.B_DL.SCP_01,45,A2,-1.0,1.0,2.0,-0.0389000974795872,-1,1,1,0,0
20210212T153711.A_Elmo.B_DL.SCP_01,46,A2,-1.0,0.25796986877305955,1.2579698687730596,0.17416971518265928,-1,1,1,0,0
20210212T153711.A_Elmo.B_DL.SCP_01,47,A2,-0.03595412491830813,0.6386231172158019,0.6745772421341101,-0.0030086102223236917,-1,1,1,0,0
20210212T153711.A_Elmo.B_DL.SCP_01,48,A2,0.7852309659111429,0.8348388252811145,0.049607859369971585,-0.08718426173316693,1,1,0,0,0
20210212T153711.A_Elmo.B_DL.SCP_01,49,A2,1.0,-1.0,-2.0,-0.5732753818580384,1,-1,1,1,1
20210212T153711.A_Elmo.B_DL.SCP_01,50,A2,1.0,-0.8042542897014724,-1.8042542897014724,0.07267727126275965,1,-1,1,0,0
20210212T153711.A_Elmo.B_DL.SCP_01,51,A2,1.0,-0.0015478563201856694,-1.0015478563201856,0.13713705580383337,1,-1,1,0,1
20210212T153711.A_Elmo.B_DL.SCP_01,52,A2,-0.23732293833943838,-0.02846061883119702,0.20886231950824136,0.3274797933588503,-1,-1,0,1,1
20210212T153711.A_Elmo.B_DL.SCP_01,53,A2,0.2323092439617924,-0.0142846176493673,-0.2465938616111597,0.09171955999942545,1,-1,1,0,0
20210212T153711.A_Elmo.B_DL.SCP_01,54,A2,-0.5297914766132442,0.1812730174281918,0.711064494041436,0.37744076308994046,-1,1,1,1,1
20210212T153711.A_Elmo.B_DL.SCP_01,55,A2,0.15508976928198293,-0.32696879183449057,-0.4820585611164735,0.8971939907430797,1,-1,1,1,1
20210212T153711.A_Elmo.B_DL.SCP_01,56,A2,-1.0,0.0632733342830665,1.0632733342830665,0.2643209091969446,-1,1,1,1,1
20210212T153711.A_Elmo.B_DL.SCP_01,57,A2,0.7055774581870445,-0.4747286563197067,-1.1803061145067513,-0.5235296580116566,1,-1,1,1,1
20210212T153711.A_Elmo.B_DL.SCP_01,58,A2,0.08399682685120735,-1.0,-1.0839968268512075,0.0015790130033627118,1,-1,1,0,0
20210212T153711.A_Elmo.B_DL.SCP_01,59,A2,0.27137290336692843,-1.0,-1.2713729033669283,-0.15304990917720337,1,-1,1,1,1
20210212T153711.A_Elmo.B_DL.SCP_01,60,A2,-0.665848998987174,1.0,1.6658489989871739,-0.2758738909046077,-1,1,1,0,0
20210212T153711.A_Elmo.B_DL.SCP_01,61,A2,-0.7863933064251887,0.7104539438928532,1.4968472503180419,-0.1886371408495773,-1,1,1,0,0
20210212T153711.A_Elmo.B_DL.SCP_01,62,A2,-1.0,-1.0,0.0,-0.22989363124632953,-1,-1,0,0,0
20210212T153711.A_Elmo.B_DL.SCP_01,63,A2,-0.680410724233263,-0.1914777590959144,0.4889329651373486,-0.01306884080762833,-1,-1,0,1,0
20210212T153711.A_Elmo.B_DL.SCP_01,64,A2,-0.5473119710970412,-1.0,-0.4526880289029588,-0.2861971600292821,-1,-1,0,0,0
20210212T153711.A_Elmo.B_DL.SCP_01,65,A3,-1.0,-1.0,0.0,0.4480883694518123,-1,-1,0,1,1
20210212T153711.A_Elmo.B_DL.SCP_01,66,A3,-0.2227447097531191,-1.0,-0.7772552902468809,0.15612335054303525,-1,-1,0,1,0
20210212T153711.A_Elmo.B_DL.SCP_01,67,A3,1.0,0.42818699646348807,-0.5718130035365119,-0.22769986695875147,1,1,0,0,0
20210212T153711.A_Elmo.B_DL.SCP_01,68,A3,1.0,-0.10059700947649845,-1.1005970094764985,0.2315176867276301,1,-1,1,0,0
20210212T153711.A_Elmo.B_DL.SCP_01,69,A3,-0.2722335431859932,-0.9389854277303675,-0.6667518845443743,0.06471714039883533,-1,-1,0,1,1
20210212T153711.A_Elmo.B_DL.SCP_01,70,A3,-1.0,1.0,2.0,0.0931124224319908,-1,1,1,0,0
20210212T153711.A_Elmo.B_DL.SCP_01,71,A3,1.0,0.6936608075962432,-0.30633919240375684,-0.0746883243446233,1,1,0,1,0
20210212T153711.A_Elmo.B_DL.SCP_01,72,A3,0.7045633991570145,-0.4947680473910593,-1.1993314465480738,-0.09791427705530541,1,-1,1,0,0
20210212T153711.A_Elmo.B_DL.SCP_01,73,A3,-0.011922127247134217,-1.0,-0.9880778727528657,-0.14965590301015053,-1,-1,0,1,1
20210212T153711.A_Elmo.B_DL.SCP_01,74,A3,-0.4857269024291213,-0.33208891404069185,0.15363798838842946,-0.05951208826642821,-1,-1,0,0,0
20210212T153711.A_Elmo.B_DL.SCP_01,75,A3,1.0,0.7489034790526266,-0.25109652094737345,0.11212744162930471,1,1,0,0,0
20210212T153711.A_Elmo.B_DL.SCP_01,76,A3,0.4571865847398817,-1.0,-1.4571865847398817,0.051468110932115556,1,-1,1,0,0
20210212T153711.A_Elmo.B_DL.SCP_01,77,A3,1.0,1.0,0.0,0.26000569282540814,1,1,0,1,1
20210212T153711.A_Elmo.B_DL.SCP_01,78,A3,0.677088325405156,1.0,0.32291167459484404,0.3277376168704071,1,1,0,0,0
20210212T153711.A_Elmo.B_DL.SCP_01,79,A3,1.0,-0.41091798207362185,-1.410917982073622,-0.23351053900536176,1,-1,1,1,0
20210212T153711.A_Elmo.B_DL.SCP_01,80,A3,0.10607894560849172,0.14179322404272035,0.03571427843422863,0.1647562593608206,1,1,0,1,0
20210212T153711.A_Elmo.B_DL.SCP_01,81,A3,0.2881450363652322,-1.0,-1.2881450363652323,0.09195496531780122,1,-1,1,1,0
20210212T153711.A_Elmo.B_DL.SCP_01,82,A3,-0.779465158029481,-0.8625874551059705,-0.08312229707648944,0.22500720798094143,-1,-1,0,0,0
20210212T153711.A_Elmo.B_DL.SCP_01,83,A3,1.0,-0.05669117324639155,-1.0566911732463915,0.04662537671987767,1,-1,1,1,1
20210212T153711.A_Elmo.B_DL.SCP_01,84,A3,-0.35759644589091566,-0.8863474895711593,-0.5287510436802436,0.3628508993679775,-1,-1,0,1,1
20210212T153711.A_Elmo.B_DL.SCP_01,85,A3,1.0,-0.10378033949339857,-1.1037803394933985,-0.12735093709552858,1,-1,1,0,0
20210212T153711.A_Elmo.B_DL.SCP_01,86,A3,-0.7706534536531406,-0.8551084822777911,-0.08445502862465049,0.26757502068415845,-1,-1,0,0,0
20210212T153711.A_Elmo.B_DL.SCP_01,87,A3,1.0,0.27168148581046764,-0.7283185141895323,0.02985447088346447,1,1,0,0,0
20210212T153711.A_Elmo.B_DL.SCP_01,88,A3,-1.0,1.0,2.0,-0.010783584526082936,-1,1,1,0,0
20210212T153711.A_Elmo.B_DL.SCP_01,89,A3,0.49344811520085974,0.3467847816538128,-0.14666333354704691,0.027227665521602225,1,1,0,0,0
20210212T153711.A_Elmo.B_DL.SCP_01,90,A3,-0.8359892941262955,-0.39640620548344296,0.43958308864285256,0.2141597175799678,-1,-1,0,0,0
20210212T153711.A_Elmo.B_DL.SCP_01,91,A3,1.0,-0.14214265957696995,-1.14214265957697,0.10348038858202288,1,-1,1,0,0
20210212T153711.A_Elmo.B_DL.SCP_01,92,A3,-1.0,1.0,2.0,-0.06461247423219361,-1,1,1,0,0
20210212T153711.A_Elmo.B_DL.SCP_01,93,A3,0.43206433118799437,0.29324788899905424,-0.13881644218894013,0.5030038924312349,1,1,0,1,1
20210212T153711.A_Elmo.B_DL.SCP_01,94,A3,1.0,-0.2703551859230438,-1.2703551859230438,-0.13705786726920227,1,-1,1,1,1
20210212T153711.A_Elmo.B_DL.SCP_01,95,A3,0.3091831739963687,-0.3454757848417096,-0.6546589588380782,-0.0812976217648072,1,-1,1,1,0
20210212T153711.A_Elmo.B_DL.SCP_01,96,A3,0.3331549953322912,-0.32095430790564783,-0.654109303237939,0.047290666992057764,1,-1,1,0,0
20210212T153711.A_Elmo.B_DL.SCP_01,97,A4,0.38381488087368065,0.0455478746885408,-0.33826700618513983,0.004127188705614846,1,1,0,1,1
20210212T153711.A_Elmo.B_DL.SCP_01,98,A4,0.302279293665403,-0.3853574867015511,-0.6876367803669541,-0.14029127281415144,1,-1,1,1,1
20210212T153711.A_Elmo.B_DL.SCP_01,99,A4,0.4287527850107459,-0.0032438302193273714,-0.43199661523007327,-0.15043120467369717,1,-1,1,1,1
20210212T153711.A_Elmo.B_DL.SCP_01,100,A4,1.0,0.3093136444974352,-0.6906863555025649,0.25977875703853903,1,1,0,1,1
20210212T153711.A_Elmo.B_DL.SCP_01,101,A4,0.9831546776616449,0.1160660027199889,-0.867088674941656,0.28416992942433394,1,1,0,1,1
20210212T153711.A_Elmo.B_DL.SCP_01,102,A4,0.7153487600979216,-0.04549952210734104,-0.7608482822052627,-0.18340735167315583,1,-1,1,1,1
20210212T153711.A_Elmo.B_DL.SCP_01,103,A4,0.0931479961282466,-0.3246702277186224,-0.417818223846869,-0.2724117507167352,1,-1,1,1,1
20210212T153711.A_Elmo.B_DL.SCP_01,104,A4,0.9858163483504989,-0.2225162956758253,-1.2083326440263242,-0.35239338234717765,1,-1,1,1,1
20210212T153711.A_Elmo.B_DL.SCP_01,105,A4,0.3894605278976589,-0.32154185558824605,-0.7110023834859049,-0.24187881832359576,1,-1,1,1,1
20210212T153711.A_Elmo.B_DL.SCP_01,106,A4,0.3348259543034749,-0.18082190299341352,-0.5156478572968884,-0.052069615583597635,1,-1,1,1,1
20210212T153711.A_Elmo.B_DL.SCP_01,107,A4,0.15677487095521514,-0.12580618468126217,-0.2825810556364773,-0.3636253214715629,1,-1,1,1,1
20210212T153711.A_Elmo.B_DL.SCP_01,108,A4,1.0,1.0,0.0,-0.18768578098195818,1,1,0,0,0
20210212T153711.A_Elmo.B_DL.SCP_01,109,A4,-0.17492726714280363,-0.14042481510794794,0.03450245203485569,-0.06697408383947143,-1,-1,0,1,1
20210212T153711.A_Elmo.B_DL.SCP_01,110,A4,-0.01771009133688409,0.09866354830348864,0.11637363964037273,0.22787621996481083,-1,1,1,1,0
20210212T153711.A_Elmo.B_DL.SCP_01,111,A4,0.1247988147182733,-0.3343370326000073,-0.4591358473182806,-0.09201809833557138,1,-1,1,1,1
20210212T153711.A_Elmo.B_DL.SCP_01,112,A4,0.2218422093099581,-0.11611371162803945,-0.33795592093799753,0.3599865335072536,1,-1,1,1,1
20210212T153711.A_Elmo.B_DL.SCP_01,113,A4,0.5710970268702917,0.025863026672938074,-0.5452340001973537,0.403893646403773,1,1,0,1,1
20210212T153711.A_Elmo.B_DL.SCP_01,114,A4,0.0719721450159275,-0.23840249154597876,-0.3103746365619062,-0.17680964887423717,1,-1,1,1,1
20210212T153711.A_Elmo.B_DL.SCP_01,115,A4,1.0,0.26982880534121306,-0.730171194658787,0.3167494334098737,1,1,0,1,1
20210212T153711.A_Elmo.B_DL.SCP_01,116,A4,0.4538317670251972,-0.13628842768458796,-0.5901201947097852,-0.12632906355208393,1,-1,1,1,1
20210212T153711.A_Elmo.B_DL.SCP_01,117,A4,0.40735331311549505,-0.4622024789893806,-0.8695557921048757,-0.30416774858376266,1,-1,1,1,1
20210212T153711.A_Elmo.B_DL.SCP_01,118,A4,0.41525449130244396,-0.31692215229109877,-0.7321766435935427,-0.5133528935472702,1,-1,1,1,1
20210212T153711.A_Elmo.B_DL.SCP_01,119,A4,0.9950682468571913,-0.07113832857214758,-1.0662065754293388,0.05624519665295968,1,-1,1,1,1
20210212T153711.A_Elmo.B_DL.SCP_01,120,A4,0.2927789839654931,-0.7932267267676807,-1.0860057107331738,-0.6618232655882168,1,-1,1,1,1
20210212T153711.A_Elmo.B_DL.SCP_01,121,A4,0.017707164074139015,-0.3405239702874757,-0.35823113436161474,0.09645105692051445,1,-1,1,1,1
20210212T153711.A_Elmo.B_DL.SCP_01,122,A4,0.22612937799955812,0.04696087213715252,-0.1791685058624056,0.21755857760097927,1,1,0,1,1
20210212T153711.A_Elmo.B_DL.SCP_01,123,A4,0.2796722423941528,-0.10001943819811895,-0.37969168059227176,0.6241066740361989,1,-1,1,1,1
20210212T153711.A_Elmo.B_DL.SCP_01,124,A4,0.40913914591582545,-0.10716510248245292,-0.5163042483982784,0.4944275997986734,1,-1,1,1,1
20210212T153711.A_Elmo.B_DL.SCP_01,125,A4,0.02112790715410526,-0.23279830341105268,-0.25392621056515796,-0.5136974473601276,1,-1,1,1,1
20210212T153711.A_Elmo.B_DL.SCP_01,126,A4,-0.12084567000442004,-0.3054491369162043,-0.18460346691178425,0.6051367783409649,-1,-1,0,1,1
20210212T153711.A_Elmo.B_DL.SCP_01,127,A4,0.34398052396058476,-0.04726890048189761,-0.39124942444248234,0.002528311307140937,1,-1,1,1,1
20210212T153711.A_Elmo.B_DL.SCP_01,128,A4,0.5513831836543613,-0.18347542133505074,-0.7348586049894121,-0.1023690207023616,1,-1,1,1,1
20210212T153711.A_Elmo.B_DL.SCP_01,129,A5,-0.7874802433586822,-1.0,-0.21251975664131784,0.6943249279432466,-1,-1,0,1,1
20210212T153711.A_Elmo.B_DL.SCP_01,130,A5,0.047806564625673086,-0.442000043859799,-0.4898066084854721,0.16028633900565334,1,-1,1,1,1
20210212T153711.A_Elmo.B_DL.SCP_01,131,A5,1.0,0.1479593821999914,-0.8520406178000086,0.5193176894931675,1,1,0,1,1
20210212T153711.A_Elmo.B_DL.SCP_01,132,A5,1.0,1.0,0.0,0.7682017215528819,1,1,0,1,1
20210212T153711.A_Elmo.B_DL.SCP_01,133,A5,1.0,0.22187480956141753,-0.7781251904385824,0.2451494754913316,1,1,0,1,1
20210212T153711.A_Elmo.B_DL.SCP_01,134,A5,1.0,1.0,0.0,0.36697302662784365,1,1,0,1,1
20210212T153711.A_Elmo.B_DL.SCP_01,135,A5,0.7632550029182044,-0.36110547682368516,-1.1243604797418896,0.13252401473433872,1,-1,1,1,1
20210212T153711.A_Elmo.B_DL.SCP_01,136,A5,1.0,0.23772420397602465,-0.7622757960239753,0.538720716069451,1,1,0,1,1
20210212T153711.A_Elmo.B_DL.SCP_01,137,A5,-0.3358527458147881,-0.016491707447124106,0.319361038367664,0.26554188745358737,-1,-1,0,1,0
20210212T153711.A_Elmo.B_DL.SCP_01,138,A5,-0.3533523393072976,0.3336294169629828,0.6869817562702805,-0.16919466786438403,-1,1,1,0,0
20210212T153711.A_Elmo.B_DL.SCP_01,139,A5,0.13167541465038804,0.8737610069265183,0.7420855922761302,-0.04448284583028131,1,1,0,0,1
20210212T153711.A_Elmo.B_DL.SCP_01,140,A5,0.3431343782509327,-1.0,-1.3431343782509326,-0.2836074806154002,1,-1,1,0,0
20210212T153711.A_Elmo.B_DL.SCP_01,141,A5,-0.08581739735203738,-1.0,-0.9141826026479626,0.5274442750173569,-1,-1,0,1,1
20210212T153711.A_Elmo.B_DL.SCP_01,142,A5,0.16835358766789532,-0.028163969769343117,-0.19651755743723845,-0.01472135449993866,1,-1,1,0,0
20210212T153711.A_Elmo.B_DL.SCP_01,143,A5,-0.14952734179954177,-0.22579320566719782,-0.07626586386765605,0.10472469430498653,-1,-1,0,0,1
20210212T153711.A_Elmo.B_DL.SCP_01,144,A5,-0.7033458493701473,-1.0,-0.2966541506298527,0.18830830204791552,-1,-1,0,1,1
20210212T153711.A_Elmo.B_DL.SCP_01,145,A5,-0.5530980691632358,-0.3209842269273877,0.23211384223584808,0.3938310134602145,-1,-1,0,1,1
20210212T153711.A_Elmo.B_DL.SCP_01,146,A5,-0.6978421710838639,-0.8795750609990178,-0.1817328899151539,0.4964042977412227,-1,-1,0,1,1
20210212T153711.A_Elmo.B_DL.SCP_01,147,A5,-0.3328970839972643,-1.0,-0.6671029160027357,0.29147359757939656,-1,-1,0,1,1
20210212T153711.A_Elmo.B_DL.SCP_01,148,A5,0.46216817345932404,-1.0,-1.462168173459324,-0.5756980551660063,1,-1,1,0,0
20210212T153711.A_Elmo.B_DL.SCP_01,149,A5,0.5682608945872075,-0.09966503108268049,-0.667925925669888,0.20837527755322577,1,-1,1,1,1
20210212T153711.A_Elmo.B_DL.SCP_01,150,A5,-0.32666582197435623,-0.21871371438698126,0.10795210758737497,-0.024962430291638308,-1,-1,0,1,1
20210212T153711.A_Elmo.B_DL.SCP_01,151,A5,0.48870396399374477,0.08083045565495549,-0.40787350833878927,0.21915179606330693,1,1,0,1,1
20210212T153711.A_Elmo.B_DL.SCP_01,152,A5,0.31878134976450256,-0.5677056090917685,-0.886486958856271,-0.21412758754424788,1,-1,1,1,1
20210212T153711.A_Elmo.B_DL.SCP_01,153,A5,-0.3277997864534566,-1.0,-0.6722002135465435,0.08953192136594758,-1,-1,0,1,1
20210212T153711.A_Elmo.B_DL.SCP_01,154,A5,0.2403669324465745,-1.0,-1.2403669324465745,0.0002867950592187844,1,-1,1,1,1
20210212T153711.A_Elmo.B_DL.SCP_01,155,A5,0.07538343602129854,-0.03270107847817766,-0.1080845144994762,-0.05772246941028111,1,-1,1,1,0
20210212T153711.A_Elmo.B_DL.SCP_01,156,A5,0.40588831375814133,-0.2904761008645304,-0.6963644146226717,0.30118545250433537,1,-1,1,0,0
20210212T153711.A_Elmo.B_DL.SCP_01,157,A5,-0.3199125965492359,-1.0,-0.6800874034507641,-0.14572065698576767,-1,-1,0,0,0
20210212T153711.A_Elmo.B_DL.SCP_01,158,A5,-0.38796536006677423,-0.9056080076580433,-0.517642647591269,-0.12091284489635314,-1,-1,0,0,1
20210212T153711.A_Elmo.B_DL.SCP_01,159,A5,-0.38243746704453757,-1.0,-0.6175625329554624,0.2067820544016283,-1,-1,0,0,0
20210212T153711.A_Elmo.B_DL.SCP_01,160,A5,-0.19920672339059953,0.5656622710168498,0.7648689944074494,-0.09343353490927842,-1,1,1,0,0
20210218T131636.A_Elmo.B_FS.SCP_01,1,A1,0.10474815965514743,0.14435835233902078,0.03961019268387335,0.2839277101063734,1,1,0,1,1
20210218T131636.A_Elmo.B_FS.SCP_01,2,A1,1.0,0.5329367510375507,-0.46706324896244933,0.5023091275546664,1,1,0,1,1
20210218T131636.A_Elmo.B_FS.SCP_01,3,A1,-0.9017129564422494,0.7282155315665619,1.6299284880088112,-0.23833116691470102,-1,1,1,0,1
20210218T131636.A_Elmo.B_FS.SCP_01,4,A1,-0.29482827577814696,-0.2118907069793008,0.08293756879884617,-0.1993418739543723,-1,-1,0,1,1
20210218T131636.A_Elmo.B_FS.SCP_01,5,A1,-0.8240635357321093,1.0,1.8240635357321093,0.1039707029858397,-1,1,1,0,1
20210218T131636.A_Elmo.B_FS.SCP_01,6,A1,1.0,0.19807207302783886,-0.8019279269721611,0.2758061109086897,1,1,0,1,1
20210218T131636.A_Elmo.B_FS.SCP_01,7,A1,0.14795615211936988,0.45654605514224683,0.3085899030228769,0.03030837975636687,1,1,0,0,0
20210218T131636.A_Elmo.B_FS.SCP_01,8,A1,-0.2696174644478478,-0.14940064945044737,0.12021681499740042,-0.052616137595554495,-1,-1,0,0,0
20210218T131636.A_Elmo.B_FS.SCP_01,9,A1,-0.3390657006580035,0.5512973543789235,0.890363055036927,-0.13351151549969964,-1,1,1,1,0
20210218T131636.A_Elmo.B_FS.SCP_01,10,A1,-1.0,-1.0,0.0,-0.26836759343737515,-1,-1,0,1,1
20210218T131636.A_Elmo.B_FS.SCP_01,11,A1,1.0,-1.0,-2.0,0.3904780416247794,1,-1,1,1,1
20210218T131636.A_Elmo.B_FS.SCP_01,12,A1,-0.19623516932529145,-0.3272843662634887,-0.13104919693819728,-0.33240533831413627,-1,-1,0,1,1
20210218T131636.A_Elmo.B_FS.SCP_01,13,A1,-1.0,-0.1377921502485484,0.8622078497514516,-0.14795192002008872,-1,-1,0,1,1
20210218T131636.A_Elmo.B_FS.SCP_01,14,A1,-0.011005107921973718,0.008414013979407498,0.019419121901381217,-0.09247999964282431,-1,1,1,1,1
20210218T131636.A_Elmo.B_FS.SCP_01,15,A1,-1.0,-0.3409558322181441,0.6590441677818559,-0.0025512533994616897,-1,-1,0,0,0
20210218T131636.A_Elmo.B_FS.SCP_01,16,A1,-0.06235189534923691,-0.3779578434576478,-0.3156059481084109,-0.0694934607018599,-1,-1,0,1,1
20210218T131636.A_Elmo.B_FS.SCP_01,17,A1,-0.43270586282041773,-0.05487408216070944,0.3778317806597083,-0.029383995455912595,-1,-1,0,0,1
20210218T131636.A_Elmo.B_FS.SCP_01,18,A1,1.0,0.3241387391164405,-0.6758612608835595,0.3462182129706894,1,1,0,0,0
20210218T131636.A_Elmo.B_FS.SCP_01,19,A1,-0.014653680740370571,0.6941212544386898,0.7087749351790603,0.20187601340421005,-1,1,1,1,1
20210218T131636.A_Elmo.B_FS.SCP_01,20,A1,-0.32261915851781314,-0.22935915102733437,0.09326000749047877,0.6827826691320493,-1,-1,0,1,1
20210218T131636.A_Elmo.B_FS.SCP_01,21,A1,0.18023215418344715,-0.14940688415037925,-0.3296390383338264,0.26352290608197304,1,-1,1,0,1
20210218T131636.A_Elmo.B_FS.SCP_01,22,A1,-0.09491275691838261,0.04698210565633789,0.1418948625747205,-0.05934098101880941,-1,1,1,0,0
20210218T131636.A_Elmo.B_FS.SCP_01,23,A1,-0.14278412100571825,-0.10829159109529508,0.03449252991042316,-0.1763827418603495,-1,-1,0,0,0
20210218T131636.A_Elmo.B_FS.SCP_01,24,A1,-0.0008350049977547788,0.8726292343532873,0.8734642393510421,0.15222333873496433,-1,1,1,0,1
20210218T131636.A_Elmo.B_FS.SCP_01,25,A1,-0.8332655688210102,0.32067782994723243,1.1539433987682426,-0.04047392360151862,-1,1,1,0,0
20210218T131636.A_Elmo.B_FS.SCP_01,26,A1,1.0,1.0,0.0,0.820658802195822,1,1,0,1,1
20210218T131636.A_Elmo.B_FS.SCP_01,27,A1,-0.11897009475082299,1.0,1.118970094750823,-0.17515442096804312,-1,1,1,0,1
20210218T131636.A_Elmo.B_FS.SCP_01,28,A1,-1.0,-1.0,0.0,0.05671473789067227,-1,-1,0,1,1
20210218T131636.A_Elmo.B_FS.SCP_01,29,A1,1.0,1.0,0.0,0.42564170868910917,1,1,0,1,1
20210218T131636.A_Elmo.B_FS.SCP_01,30,A1,0.22062822824877526,1.0,0.7793717717512247,0.026887693010777286,1,1,0,0,1
20210218T131636.A_Elmo.B_FS.SCP_01,31,A1,-0.041334292299461506,0.623099050862069,0.6644333431615305,0.012445509729739476,-1,1,1,0,1
20210218T131636.A_Elmo.B_FS.SCP_01,32,A1,-0.12479631882340099,1.0,1.124796318823401,-0.22879131453924406,-1,1,1,1,1
20210218T131636.A_Elmo.B_FS.SCP_01,33,A2,-0.42639207733882467,1.0,1.4263920773388246,0.03994178622578779,-1,1,1,1,1
20210218T131636.A_Elmo.B_FS.SCP_01,34,A2,0.3706313656142894,0.04190255608320142,-0.32872880953108796,-0.19647502193546046,1,1,0,1,1
20210218T131636.A_Elmo.B_FS.SCP_01,35,A2,0.044522803733671915,0.048746637511457275,0.00422383377778536,-0.3625856585016806,1,1,0,1,1
20210218T131636.A_Elmo.B_FS.SCP_01,36,A2,-1.0,1.0,2.0,-0.050988884125419,-1,1,1,1,1
20210218T131636.A_Elmo.B_FS.SCP_01,37,A2,-0.15302501201389065,-0.21024558809259858,-0.057220576078707924,-0.23762374523458538,-1,-1,0,0,0
20210218T131636.A_Elmo.B_FS.SCP_01,38,A2,0.10431131843100137,-0.16505619795415397,-0.2693675163851553,-0.057926107870703354,1,-1,1,0,0
20210218T131636.A_Elmo.B_FS.SCP_01,39,A2,0.09742801604308547,-0.6458424067518411,-0.7432704227949266,0.6911746891494839,1,-1,1,1,1
20210218T131636.A_Elmo.B_FS.SCP_01,40,A2,-0.22121660076086383,0.023860819035796694,0.24507741979666053,-0.1634382489533589,-1,1,1,0,0
20210218T131636.A_Elmo.B_FS.SCP_01,41,A2,0.21111139543070392,-1.0,-1.211111395430704,0.29695787172674865,1,-1,1,1,1
20210218T131636.A_Elmo.B_FS.SCP_01,42,A2,-0.02061868619405189,0.10187407342570973,0.12249275961976161,0.17679135736883228,-1,1,1,0,0
20210218T131636.A_Elmo.B_FS.SCP_01,43,A2,0.8584284167124271,-0.6546406473380694,-1.5130690640504965,0.2983242863057292,1,-1,1,0,0
20210218T131636.A_Elmo.B_FS.SCP_01,44,A2,-1.0,-0.7320980785544066,0.26790192144559344,-0.11317157018611032,-1,-1,0,0,0
20210218T131636.A_Elmo.B_FS.SCP_01,45,A2,-0.08927256392359499,-0.08281790981742336,0.006454654106171631,0.2836844192716993,-1,-1,0,0,0
20210218T131636.A_Elmo.B_FS.SCP_01,46,A2,0.0161204618720181,-0.06259817555358949,-0.07871863742560758,-0.16509050024160607,1,-1,1,0,0
20210218T131636.A_Elmo.B_FS.SCP_01,47,A2,0.11220488235268726,1.0,0.8877951176473128,0.02551142295874354,1,1,0,0,0
20210218T131636.A_Elmo.B_FS.SCP_01,48,A2,-0.44256759208339586,0.0523956223101346,0.49496321439353047,-0.010300329320702321,-1,1,1,1,0
20210218T131636.A_Elmo.B_FS.SCP_01,49,A2,0.7576506284786491,-0.5984002171920455,-1.3560508456706946,-0.3399590816839623,1,-1,1,1,1
20210218T131636.A_Elmo.B_FS.SCP_01,50,A2,-0.4323113454098271,-0.0703457427780957,0.3619656026317314,0.019995260733958086,-1,-1,0,0,0
20210218T131636.A_Elmo.B_FS.SCP_01,51,A2,0.011755248800609122,0.12269933928624578,0.11094409048563666,-0.2652159824629022,1,1,0,0,0
20210218T131636.A_Elmo.B_FS.SCP_01,52,A2,-0.8469485352802576,1.0,1.8469485352802577,0.403116127630409,-1,1,1,1,1
20210218T131636.A_Elmo.B_FS.SCP_01,53,A2,1.0,1.0,0.0,0.044584707293169525,1,1,0,0,1
20210218T131636.A_Elmo.B_FS.SCP_01,54,A2,-1.0,0.3780217519367041,1.3780217519367042,-0.32312763751834855,-1,1,1,1,1
20210218T131636.A_Elmo.B_FS.SCP_01,55,A2,-0.006819326330070308,-0.1423000835932359,-0.13548075726316558,0.8537585812907273,-1,-1,0,1,1
20210218T131636.A_Elmo.B_FS.SCP_01,56,A2,-0.6445305718791497,-0.7236923456171681,-0.07916177373801836,0.1606358536299926,-1,-1,0,1,0
20210218T131636.A_Elmo.B_FS.SCP_01,57,A2,-0.5375612326774311,-0.4157247959223888,0.12183643675504224,0.22011749648510215,-1,-1,0,1,1
20210218T131636.A_Elmo.B_FS.SCP_01,58,A2,1.0,0.54903268165003,-0.45096731834996995,0.3045503430742247,1,1,0,0,0
20210218T131636.A_Elmo.B_FS.SCP_01,59,A2,-0.6452793958904195,-1.0,-0.3547206041095805,0.15396714394791197,-1,-1,0,1,1
20210218T131636.A_Elmo.B_FS.SCP_01,60,A2,0.30793416474080204,-0.2110664836274656,-0.5190006483682676,0.14954500985217992,1,-1,1,0,0
20210218T131636.A_Elmo.B_FS.SCP_01,61,A2,-0.20674336764154763,-1.0,-0.7932566323584523,0.03252281571252538,-1,-1,0,0,0
20210218T131636.A_Elmo.B_FS.SCP_01,62,A2,-0.0003576802039053581,-0.020028978812216366,-0.01967129860831101,0.10404316966427704,-1,-1,0,0,0
20210218T131636.A_Elmo.B_FS.SCP_01,63,A2,-1.0,-1.0,0.0,-0.11561121261534922,-1,-1,0,1,1
20210218T131636.A_Elmo.B_FS.SCP_01,64,A2,-1.0,-0.20961531660565194,0.7903846833943481,0.18464648540669648,-1,-1,0,0,0
20210218T131636.A_Elmo.B_FS.SCP_01,65,A3,0.15400399795565833,0.3140950609816475,0.1600910630259892,0.00503488219899819,1,1,0,1,1
20210218T131636.A_Elmo.B_FS.SCP_01,66,A3,-0.3862664752853726,-0.35458293528223034,0.031683540003142274,0.29573210092015373,-1,-1,0,0,1
20210218T131636.A_Elmo.B_FS.SCP_01,67,A3,-0.1688433272835776,-0.027175829775411713,0.14166749750816587,0.12061107177313651,-1,-1,0,0,0
20210218T131636.A_Elmo.B_FS.SCP_01,68,A3,-1.0,-0.03844513855193589,0.9615548614480641,0.09399648453724106,-1,-1,0,0,0
20210218T131636.A_Elmo.B_FS.SCP_01,69,A3,-0.1102516529104863,0.05628984525197416,0.16654149816246047,-0.09395609315887113,-1,1,1,1,0
20210218T131636.A_Elmo.B_FS.SCP_01,70,A3,0.4228654800483897,-0.10810673268450421,-0.530972212732894,0.0013917675157751267,1,-1,1,0,0
20210218T131636.A_Elmo.B_FS.SCP_01,71,A3,-1.0,-0.07922833507230118,0.9207716649276988,0.30015419431962337,-1,-1,0,1,1
20210218T131636.A_Elmo.B_FS.SCP_01,72,A3,-0.5930391163554869,0.14774352120679565,0.7407826375622826,-0.128313897857941,-1,1,1,0,0
20210218T131636.A_Elmo.B_FS.SCP_01,73,A3,-0.2317523830851076,-1.0,-0.7682476169148924,-0.25425394140300106,-1,-1,0,0,0
20210218T131636.A_Elmo.B_FS.SCP_01,74,A3,-0.013887581909921837,0.03658893930860659,0.05047652121852843,0.16698507879351704,-1,1,1,0,0
20210218T131636.A_Elmo.B_FS.SCP_01,75,A3,0.5018586577861213,1.0,0.49814134221387874,0.4215698907491096,1,1,0,1,1
20210218T131636.A_Elmo.B_FS.SCP_01,76,A3,-0.20536153487933814,-0.014470065354550879,0.19089146952478725,0.2819909132995104,-1,-1,0,1,0
20210218T131636.A_Elmo.B_FS.SCP_01,77,A3,1.0,0.4380966468211199,-0.5619033531788802,0.6671025153851247,1,1,0,1,1
20210218T131636.A_Elmo.B_FS.SCP_01,78,A3,0.27298464529802796,-0.09083742357288374,-0.36382206887091173,-0.04978560616883371,1,-1,1,1,1
20210218T131636.A_Elmo.B_FS.SCP_01,79,A3,0.13523329362697906,1.0,0.8647667063730209,0.0010622939402719666,1,1,0,0,1
20210218T131636.A_Elmo.B_FS.SCP_01,80,A3,0.1890241131981709,1.0,0.8109758868018291,-0.07159615252201,1,1,0,1,0
20210218T131636.A_Elmo.B_FS.SCP_01,81,A3,-0.38045656495048435,0.2455597851564645,0.6260163501069489,-0.12735934095146356,-1,1,1,1,1
20210218T131636.A_Elmo.B_FS.SCP_01,82,A3,-1.0,-0.06076133017158722,0.9392386698284128,-0.10251180585022084,-1,-1,0,0,0
20210218T131636.A_Elmo.B_FS.SCP_01,83,A3,-0.03468297234747293,-0.0625156829699775,-0.027832710622504572,-0.08604781617319959,-1,-1,0,0,0
20210218T131636.A_Elmo.B_FS.SCP_01,84,A3,-1.0,0.07478096331785138,1.0747809633178513,0.10834264704173396,-1,1,1,1,0
20210218T131636.A_Elmo.B_FS.SCP_01,85,A3,0.08120809408604643,0.14577751775648992,0.0645694236704435,0.1871820790681115,1,1,0,0,0
20210218T131636.A_Elmo.B_FS.SCP_01,86,A3,-1.0,-0.3645081761846836,0.6354918238153164,0.1276851622828444,-1,-1,0,0,0
20210218T131636.A_Elmo.B_FS.SCP_01,87,A3,-0.589310975143027,-1.0,-0.410689024856973,0.24281128412028813,-1,-1,0,0,0
20210218T131636.A_Elmo.B_FS.SCP_01,88,A3,-0.0007466055241382544,-0.0321544269480798,-0.03140782142394155,0.20018142133070663,-1,-1,0,0,0
20210218T131636.A_Elmo.B_FS.SCP_01,89,A3,-0.20544005797823767,0.01072317926960828,0.21616323724784595,-0.030444660161333518,-1,1,1,0,0
20210218T131636.A_Elmo.B_FS.SCP_01,90,A3,-0.6231023708617852,0.1142041054683506,0.7373064763301358,-0.07158734061305749,-1,1,1,0,0
20210218T131636.A_Elmo.B_FS.SCP_01,91,A3,0.037126044509442624,0.032036584515214524,-0.0050894599942281,0.10200621969150858,1,1,0,1,1
20210218T131636.A_Elmo.B_FS.SCP_01,92,A3,0.19031304104060975,0.1862627269843409,-0.00405031405626885,0.011487584432136719,1,1,0,0,0
20210218T131636.A_Elmo.B_FS.SCP_01,93,A3,0.5680635356093069,-0.012829305912989381,-0.5808928415222963,0.38930196236024683,1,-1,1,1,1
20210218T131636.A_Elmo.B_FS.SCP_01,94,A3,-1.0,0.8917668814553262,1.8917668814553261,-0.2030388258417315,-1,1,1,1,0
20210218T131636.A_Elmo.B_FS.SCP_01,95,A3,-1.0,-0.12220666659214305,0.8777933334078569,0.09937044849372371,-1,-1,0,1,0
20210218T131636.A_Elmo.B_FS.SCP_01,96,A3,0.3436647923423164,-0.14263463528667322,-0.4862994276289896,0.20991741902624855,1,-1,1,0,0
20210218T131636.A_Elmo.B_FS.SCP_01,97,A4,0.415957340364801,0.22131647630980056,-0.19464086405500042,0.22473985571294386,1,1,0,1,1
20210218T131636.A_Elmo.B_FS.SCP_01,98,A4,0.2254490846729431,-0.03082617706142431,-0.25627526173436743,0.3209991612710704,1,-1,1,1,1
20210218T131636.A_Elmo.B_FS.SCP_01,99,A4,0.49501325220215836,0.21924462541382567,-0.2757686267883327,0.06552803985306853,1,1,0,1,1
20210218T131636.A_Elmo.B_FS.SCP_01,100,A4,1.0,0.831260922992394,-0.16873907700760604,0.3028828657579137,1,1,0,1,1
20210218T131636.A_Elmo.B_FS.SCP_01,101,A4,0.9065083667056315,0.5288671892648933,-0.3776411774407382,0.3393158208773364,1,1,0,1,1
20210218T131636.A_Elmo.B_FS.SCP_01,102,A4,0.9417674358387279,0.12725247869285825,-0.8145149571458696,0.2098045475664518,1,1,0,1,1
20210218T131636.A_Elmo.B_FS.SCP_01,103,A4,0.12018988451679893,-0.23184153285025214,-0.35203141736705107,-0.2066747142072582,1,-1,1,1,1
20210218T131636.A_Elmo.B_FS.SCP_01,104,A4,1.0,-0.010207368495233937,-1.010207368495234,-0.508159501736726,1,-1,1,1,1
20210218T131636.A_Elmo.B_FS.SCP_01,105,A4,0.6543983229509497,-0.018396821105142656,-0.6727951440560923,-0.16649046349858704,1,-1,1,1,1
20210218T131636.A_Elmo.B_FS.SCP_01,106,A4,-0.3408537591326317,-0.16307018745692475,0.17778357167570696,-0.020660524750782408,-1,-1,0,1,1
20210218T131636.A_Elmo.B_FS.SCP_01,107,A4,0.059483698809873906,-0.09034719776579686,-0.14983089657567078,-0.029472939565534446,1,-1,1,1,1
20210218T131636.A_Elmo.B_FS.SCP_01,108,A4,1.0,-0.8295005897264819,-1.8295005897264818,0.04877079402810346,1,-1,1,1,1
20210218T131636.A_Elmo.B_FS.SCP_01,109,A4,0.4236135298012274,-0.1371764150729442,-0.5607899448741716,-0.042055272898079914,1,-1,1,1,1
20210218T131636.A_Elmo.B_FS.SCP_01,110,A4,0.017320129736178417,-0.36573485573901565,-0.38305498547519407,0.22300835273062852,1,-1,1,1,1
20210218T131636.A_Elmo.B_FS.SCP_01,111,A4,0.028357167792756502,-0.17087237569783756,-0.19922954349059407,0.2747204808478148,1,-1,1,1,1
20210218T131636.A_Elmo.B_FS.SCP_01,112,A4,0.01632130733232321,0.045867726689418596,0.029546419357095385,0.3289870758376245,1,1,0,1,1
20210218T131636.A_Elmo.B_FS.SCP_01,113,A4,0.43168513850150836,0.1748103056503524,-0.256874832851156,0.5316912039808342,1,1,0,1,1
20210218T131636.A_Elmo.B_FS.SCP_01,114,A4,-0.12613410223751162,-0.2990095520564653,-0.17287544981895367,0.44650195446923546,-1,-1,0,1,1
20210218T131636.A_Elmo.B_FS.SCP_01,115,A4,1.0,0.39175063108369124,-0.6082493689163088,0.6213836037282044,1,1,0,1,1
20210218T131636.A_Elmo.B_FS.SCP_01,116,A4,0.4007004938602968,0.06263735260023906,-0.33806314126005776,0.2527741949742967,1,1,0,1,1
20210218T131636.A_Elmo.B_FS.SCP_01,117,A4,0.19197647365909076,-0.420214583058568,-0.6121910567176587,0.01047366215536979,1,-1,1,1,1
20210218T131636.A_Elmo.B_FS.SCP_01,118,A4,0.33796789131102245,-0.059695028239392364,-0.39766291955041483,-0.33273952930914424,1,-1,1,1,1
20210218T131636.A_Elmo.B_FS.SCP_01,119,A4,0.8900037470363409,0.4381570350247035,-0.4518467120116374,-0.22846183313284885,1,1,0,1,1
20210218T131636.A_Elmo.B_FS.SCP_01,120,A4,0.4092489120001913,-0.7046301146916867,-1.1138790266918779,-0.43446241821924614,1,-1,1,1,1
20210218T131636.A_Elmo.B_FS.SCP_01,121,A4,-0.02073760148292303,-0.1692094502998111,-0.14847184881688807,-0.13599886933710292,-1,-1,0,1,1
20210218T131636.A_Elmo.B_FS.SCP_01,122,A4,0.21255053963225917,0.15412301031615547,-0.058427529316103705,0.4058722290493728,1,1,0,1,1
20210218T131636.A_Elmo.B_FS.SCP_01,123,A4,0.010186833515937334,-0.029086136867958773,-0.03927297038389611,0.6187674677279587,1,-1,1,1,1
20210218T131636.A_Elmo.B_FS.SCP_01,124,A4,-0.1297231910807575,-0.0012092795011515568,0.12851391157960596,-0.15453518538221248,-1,-1,0,1,1
20210218T131636.A_Elmo.B_FS.SCP_01,125,A4,6.467413496452828e-05,-0.086267847868451,-0.08633252200341553,0.11387282403413382,1,-1,1,1,1
20210218T131636.A_Elmo.B_FS.SCP_01,126,A4,-0.0962954909018887,-0.04125337392773531,0.05504211697415339,0.5285773707637905,-1,-1,0,1,1
20210218T131636.A_Elmo.B_FS.SCP_01,127,A4,0.31541003241755683,0.07847303294206588,-0.23693699947549096,-0.07814338042632202,1,1,0,1,1
20210218T131636.A_Elmo.B_FS.SCP_01,128,A4,0.8162417337307897,0.04859802295130878,-0.7676437107794809,0.11683468168188438,1,1,0,1,1
20210218T131636.A_Elmo.B_FS.SCP_01,129,A5,-1.0,-1.0,0.0,0.4014730592786788,-1,-1,0,1,1
20210218T131636.A_Elmo.B_FS.SCP_01,130,A5,-0.5568865949857627,-0.10475545541041414,0.4521311395753485,0.17289370699888337,-1,-1,0,1,1
20210218T131636.A_Elmo.B_FS.SCP_01,131,A5,0.8667367067562776,0.0973211993279868,-0.7694155074282908,0.6715433241151476,1,1,0,1,1
20210218T131636.A_Elmo.B_FS.SCP_01,132,A5,0.8990545742344813,1.0,0.10094542576551868,0.6317669971770422,1,1,0,1,1
20210218T131636.A_Elmo.B_FS.SCP_01,133,A5,0.8370253469465971,0.2878000406309643,-0.5492253063156328,0.578315668511451,1,1,0,1,1
20210218T131636.A_Elmo.B_FS.SCP_01,134,A5,1.0,0.9080102772210122,-0.09198972277898776,0.5263394341590515,1,1,0,1,1
20210218T131636.A_Elmo.B_FS.SCP_01,135,A5,-0.020866255063207387,-0.19526397881145996,-0.17439772374825258,-0.05896170215872686,-1,-1,0,1,1
20210218T131636.A_Elmo.B_FS.SCP_01,136,A5,1.0,0.3051508146343956,-0.6948491853656045,0.8019873371432612,1,1,0,1,1
20210218T131636.A_Elmo.B_FS.SCP_01,137,A5,0.021969224123064138,-0.864398654193617,-0.8863678783166812,0.2820653440597688,1,-1,1,1,0
20210218T131636.A_Elmo.B_FS.SCP_01,138,A5,-0.5779550422143425,0.4090992366010068,0.9870542788153492,-0.29031659377216246,-1,1,1,0,0
20210218T131636.A_Elmo.B_FS.SCP_01,139,A5,0.392548532513024,1.0,0.607451467486976,0.0794149802080711,1,1,0,0,0
20210218T131636.A_Elmo.B_FS.SCP_01,140,A5,-1.0,-1.0,0.0,0.22056473450235217,-1,-1,0,0,0
20210218T131636.A_Elmo.B_FS.SCP_01,141,A5,0.09068304804156511,-0.10687274748879852,-0.19755579553036362,0.4063608036955377,1,-1,1,1,1
20210218T131636.A_Elmo.B_FS.SCP_01,142,A5,0.28516484815703785,1.0,0.7148351518429621,0.006675659926262085,1,1,0,0,0
20210218T131636.A_Elmo.B_FS.SCP_01,143,A5,-0.3365800143162873,-0.8552842968014402,-0.5187042824851529,0.0544310041163992,-1,-1,0,1,1
20210218T131636.A_Elmo.B_FS.SCP_01,144,A5,-0.08446193030053671,-0.1468038739026124,-0.06234194360207569,0.2893006235790327,-1,-1,0,0,0
20210218T131636.A_Elmo.B_FS.SCP_01,145,A5,0.4923469740258688,0.10278143033876012,-0.38956554368710866,0.26547863694562895,1,1,0,1,1
20210218T131636.A_Elmo.B_FS.SCP_01,146,A5,0.1529910187977282,0.395731068006159,0.24274004920843079,0.38216343130790487,1,1,0,1,1
20210218T131636.A_Elmo.B_FS.SCP_01,147,A5,0.6458262808871112,-0.39650524835907963,-1.0423315292461908,0.04585934056933855,1,-1,1,1,1
20210218T131636.A_Elmo.B_FS.SCP_01,148,A5,0.005024076192903442,-0.2819368089232394,-0.28696088511614287,0.09927888199259315,1,-1,1,1,1
20210218T131636.A_Elmo.B_FS.SCP_01,149,A5,1.0,0.5219152907688129,-0.47808470923118707,0.7852895919529578,1,1,0,1,1
20210218T131636.A_Elmo.B_FS.SCP_01,150,A5,0.014686326817256531,-0.12834972058641464,-0.14303604740367118,0.1654189927200971,1,-1,1,1,1
20210218T131636.A_Elmo.B_FS.SCP_01,151,A5,0.24362311826282712,-0.14557581352291807,-0.38919893178574516,0.049160897692986774,1,-1,1,1,1
20210218T131636.A_Elmo.B_FS.SCP_01,152,A5,0.3061452396697538,-0.15535922119938134,-0.46150446086913516,0.11199471217500251,1,-1,1,1,1
20210218T131636.A_Elmo.B_FS.SCP_01,153,A5,-0.2815668223533921,-0.3446638532955633,-0.06309703094217123,-0.20291562418692835,-1,-1,0,1,1
20210218T131636.A_Elmo.B_FS.SCP_01,154,A5,0.22726566294934242,-0.17704545013760206,-0.40431111308694445,0.5291901723719857,1,-1,1,1,1
20210218T131636.A_Elmo.B_FS.SCP_01,155,A5,-0.056512345135249296,0.11749219206225374,0.17400453719750303,0.15097014457519192,-1,1,1,1,0
20210218T131636.A_Elmo.B_FS.SCP_01,156,A5,1.0,1.0,0.0,0.3464671996325341,1,1,0,0,0
20210218T131636.A_Elmo.B_FS.SCP_01,157,A5,0.15085791105853988,0.02962010068654785,-0.12123781037199202,-0.18581715776785465,1,1,0,1,0
20210218T131636.A_Elmo.B_FS.SCP_01,158,A5,-1.0,-0.10339545760089323,0.8966045423991068,0.07487976967631867,-1,-1,0,0,1
20210218T131636.A_Elmo.B_FS.SCP_01,159,A5,-0.22224792289243975,-0.004108388589193102,0.21813953430324665,0.4440696668269818,-1,-1,0,1,1
20210218T131636.A_Elmo.B_FS.SCP_01,160,A5,-0.005993255127436014,-0.6845511907864357,-0.6785579356589997,0.0686585753951675,-1,-1,0,1,0
20210219T145809.A_Elmo.B_DL.SCP_01,1,A1,0.15941101928027587,0.055571652957598645,-0.10383936632267723,-0.07424841122704726,1,1,0,1,1
20210219T145809.A_Elmo.B_DL.SCP_01,2,A1,1.0,1.0,0.0,0.7600395119699783,1,1,0,1,1
20210219T145809.A_Elmo.B_DL.SCP_01,3,A1,-1.0,-1.0,0.0,-0.31746398927153024,-1,-1,0,0,1
20210219T145809.A_Elmo.B_DL.SCP_01,4,A1,-0.13453952716098333,-0.987401264635611,-0.8528617374746277,0.20880716265960775,-1,-1,0,1,1
20210219T145809.A_Elmo.B_DL.SCP_01,5,A1,-0.0600268800109735,0.0921663933388571,0.1521932733498306,0.05224961445445643,-1,1,1,1,1
20210219T145809.A_Elmo.B_DL.SCP_01,6,A1,-0.07556297816484972,0.15112623374573397,0.2266892119105837,0.33647930870109793,-1,1,1,1,1
20210219T145809.A_Elmo.B_DL.SCP_01,7,A1,-1.0,0.058349049156479184,1.058349049156479,0.29728623858775566,-1,1,1,0,0
20210219T145809.A_Elmo.B_DL.SCP_01,8,A1,-0.6543527161151671,0.16273246598840332,0.8170851821035704,0.039709980039416296,-1,1,1,0,0
20210219T145809.A_Elmo.B_DL.SCP_01,9,A1,-0.19191856769376164,1.0,1.1919185676937616,0.5298647587570824,-1,1,1,0,1
20210219T145809.A_Elmo.B_DL.SCP_01,10,A1,-1.0,-0.7171887106655933,0.2828112893344067,0.6197070215911721,-1,-1,0,1,1
20210219T145809.A_Elmo.B_DL.SCP_01,11,A1,1.0,-1.0,-2.0,-0.011948701805048563,1,-1,1,1,1
20210219T145809.A_Elmo.B_DL.SCP_01,12,A1,-0.19117703906687578,-0.40871996061103993,-0.21754292154416416,-0.651780705304685,-1,-1,0,1,1
20210219T145809.A_Elmo.B_DL.SCP_01,13,A1,-0.5892264726316406,0.016710475417517072,0.6059369480491577,0.04824511582208179,-1,1,1,1,1
20210219T145809.A_Elmo.B_DL.SCP_01,14,A1,0.07232293123320656,-0.9821485532220681,-1.0544714844552747,0.10574932721173581,1,-1,1,1,1
20210219T145809.A_Elmo.B_DL.SCP_01,15,A1,-1.0,0.05028614514141596,1.050286145141416,-0.26295060236067425,-1,1,1,0,0
20210219T145809.A_Elmo.B_DL.SCP_01,16,A1,-0.12555755853729586,-1.0,-0.8744424414627041,0.3177477832494838,-1,-1,0,1,1
20210219T145809.A_Elmo.B_DL.SCP_01,17,A1,-0.07618698806672841,0.3122311690154462,0.3884181570821746,0.024947712154600267,-1,1,1,1,1
20210219T145809.A_Elmo.B_DL.SCP_01,18,A1,-0.21652406240047944,0.04867501883285775,0.2651990812333372,0.0009966147719279068,-1,1,1,1,1
20210219T145809.A_Elmo.B_DL.SCP_01,19,A1,-0.6459804154852973,-0.05588550169208435,0.5900949137932129,-0.20539281534053633,-1,-1,0,1,1
20210219T145809.A_Elmo.B_DL.SCP_01,20,A1,-0.29985080354410276,-0.15581029661559284,0.14404050692850992,0.27249837038432756,-1,-1,0,1,1
20210219T145809.A_Elmo.B_DL.SCP_01,21,A1,0.15667452431302653,-0.14312731385705724,-0.29980183817008377,0.3238928254022647,1,-1,1,0,1
20210219T145809.A_Elmo.B_DL.SCP_01,22,A1,0.27018502642089065,-0.06750265597728279,-0.3376876823981734,-0.19117111371715848,1,-1,1,0,0
20210219T145809.A_Elmo.B_DL.SCP_01,23,A1,0.5321379938863795,-0.15819696483706003,-0.6903349587234395,0.06793009228015762,1,-1,1,0,1
20210219T145809.A_Elmo.B_DL.SCP_01,24,A1,-0.11498483883405197,1.0,1.114984838834052,-0.27445927950549504,-1,1,1,0,1
20210219T145809.A_Elmo.B_DL.SCP_01,25,A1,-0.15705574710957365,-1.0,-0.8429442528904263,0.06051162576864573,-1,-1,0,0,0
20210219T145809.A_Elmo.B_DL.SCP_01,26,A1,1.0,1.0,0.0,0.7446832667580473,1,1,0,1,1
20210219T145809.A_Elmo.B_DL.SCP_01,27,A1,-0.170163060449656,0.2441910407606901,0.4143541012103461,-0.1253036355052577,-1,1,1,0,1
20210219T145809.A_Elmo.B_DL.SCP_01,28,A1,-1.0,-1.0,0.0,0.26470743093428767,-1,-1,0,1,1
20210219T145809.A_Elmo.B_DL.SCP_01,29,A1,-0.23460817573622636,0.6198323865307158,0.8544405622669422,-0.18741551018958932,-1,1,1,1,1
20210219T145809.A_Elmo.B_DL.SCP_01,30,A1,1.0,0.012234065389152485,-0.9877659346108475,0.22911107173843498,1,1,0,0,1
20210219T145809.A_Elmo.B_DL.SCP_01,31,A1,0.20196408442163336,-0.09441939829341171,-0.29638348271504505,-0.05592401273850715,1,-1,1,0,1
20210219T145809.A_Elmo.B_DL.SCP_01,32,A1,-0.09538838991606553,-0.8235295503268226,-0.728141160410757,-0.10625431525834848,-1,-1,0,1,1
20210219T145809.A_Elmo.B_DL.SCP_01,33,A2,-0.12933324968194476,0.1910911351053421,0.32042438478728685,-0.07970150007702008,-1,1,1,1,1
20210219T145809.A_Elmo.B_DL.SCP_01,34,A2,0.19118424796585112,-0.1811254492652543,-0.3723096972311054,-0.17179131300182385,1,-1,1,1,1
20210219T145809.A_Elmo.B_DL.SCP_01,35,A2,-0.07243913498752486,0.166975465375684,0.23941460036320886,-0.2433611392785646,-1,1,1,1,1
20210219T145809.A_Elmo.B_DL.SCP_01,36,A2,-0.06365157624618169,0.10399713263162873,0.16764870887781042,-0.10456909010610117,-1,1,1,1,1
20210219T145809.A_Elmo.B_DL.SCP_01,37,A2,-0.14436797922376668,0.05207108706912997,0.19643906629289665,-0.48004462794787106,-1,1,1,0,0
20210219T145809.A_Elmo.B_DL.SCP_01,38,A2,0.07349008879737275,-0.031693262696764424,-0.10518335149413717,-0.1445899072280163,1,-1,1,0,0
20210219T145809.A_Elmo.B_DL.SCP_01,39,A2,0.03474549857586481,-0.21263872812563941,-0.24738422670150423,0.6742443389433863,1,-1,1,1,1
20210219T145809.A_Elmo.B_DL.SCP_01,40,A2,-0.5748700652770896,-0.1662586466319294,0.4086114186451602,0.2760447162064606,-1,-1,0,0,0
20210219T145809.A_Elmo.B_DL.SCP_01,41,A2,0.04271064503535501,1.0,0.957289354964645,-0.19660812987608767,1,1,0,0,1
20210219T145809.A_Elmo.B_DL.SCP_01,42,A2,0.48374907418852975,0.5683696600440795,0.08462058585554977,0.463703882470572,1,1,0,0,0
20210219T145809.A_Elmo.B_DL.SCP_01,43,A2,-0.011448753097567429,-0.021254885981090522,-0.009806132883523094,0.04404780390082404,-1,-1,0,0,0
20210219T145809.A_Elmo.B_DL.SCP_01,44,A2,0.24921717104469493,-0.2908095480595374,-0.5400267191042323,-0.2992055276331113,1,-1,1,0,0
20210219T145809.A_Elmo.B_DL.SCP_01,45,A2,-0.006028649401729663,-0.06637425570756245,-0.060345606305832786,0.1421223310546815,-1,-1,0,0,0
20210219T145809.A_Elmo.B_DL.SCP_01,46,A2,-0.3329293544183121,0.12979180548514901,0.46272115990346113,0.16157838196742766,-1,1,1,0,0
20210219T145809.A_Elmo.B_DL.SCP_01,47,A2,-0.05218645114047631,0.08387875548387269,0.136065206624349,-0.15597096730830454,-1,1,1,0,0
20210219T145809.A_Elmo.B_DL.SCP_01,48,A2,-0.11114788900872591,-0.12558654704663788,-0.014438658037911972,0.02868661658862531,-1,-1,0,0,0
20210219T145809.A_Elmo.B_DL.SCP_01,49,A2,0.8501487639275337,-0.8053392014627448,-1.6554879653902785,-0.3557658977754203,1,-1,1,1,1
20210219T145809.A_Elmo.B_DL.SCP_01,50,A2,0.1002558267832922,0.23538522291825917,0.13512939613496697,-0.1955319649355467,1,1,0,0,1
20210219T145809.A_Elmo.B_DL.SCP_01,51,A2,-0.19430714371634777,-0.09076222182826585,0.10354492188808193,0.09109349335574168,-1,-1,0,0,1
20210219T145809.A_Elmo.B_DL.SCP_01,52,A2,-0.21170274485131196,0.12508980795310817,0.3367925528044201,0.2079153524181701,-1,1,1,1,1
20210219T145809.A_Elmo.B_DL.SCP_01,53,A2,-0.05483201393124802,0.6249761809909663,0.6798081949222143,-0.0724101970305982,-1,1,1,1,0
20210219T145809.A_Elmo.B_DL.SCP_01,54,A2,-0.5602005330102844,0.44886271045380743,1.0090632434640918,-0.12712500589512585,-1,1,1,1,1
20210219T145809.A_Elmo.B_DL.SCP_01,55,A2,-0.015084631575680019,-0.16455045346699268,-0.14946582189131266,0.7876751326551503,-1,-1,0,1,1
20210219T145809.A_Elmo.B_DL.SCP_01,56,A2,-0.6502656578728919,0.05381397240009253,0.7040796302729845,0.17961262579784576,-1,1,1,1,1
20210219T145809.A_Elmo.B_DL.SCP_01,57,A2,-0.21196168957937925,0.10582918670341872,0.31779087628279795,-0.18641395699619473,-1,1,1,1,1
20210219T145809.A_Elmo.B_DL.SCP_01,58,A2,-0.6907754486515894,-0.9608799217765551,-0.27010447312496577,0.18930693863465342,-1,-1,0,0,0
20210219T145809.A_Elmo.B_DL.SCP_01,59,A2,-0.00981339461014883,-0.6299285388767984,-0.6201151442666496,0.04570267886453122,-1,-1,0,1,1
20210219T145809.A_Elmo.B_DL.SCP_01,60,A2,0.00698534296226525,0.003194615706991654,-0.0037907272552735963,-0.11709326259490963,1,1,0,0,0
20210219T145809.A_Elmo.B_DL.SCP_01,61,A2,0.0893294984756348,-0.041869709442081654,-0.13119920791771644,-0.21474815056073576,1,-1,1,0,0
20210219T145809.A_Elmo.B_DL.SCP_01,62,A2,-0.1473305445721298,-0.028877026257288455,0.11845351831484134,0.05545077217045758,-1,-1,0,0,0
20210219T145809.A_Elmo.B_DL.SCP_01,63,A2,-1.0,-1.0,0.0,0.24904124194150687,-1,-1,0,1,1
20210219T145809.A_Elmo.B_DL.SCP_01,64,A2,0.17302629896391256,-0.07278285442176209,-0.24580915338567466,-0.17253481872745946,1,-1,1,0,1
20210219T145809.A_Elmo.B_DL.SCP_01,65,A3,-0.6260766450163332,0.9870765093429807,1.6131531543593138,0.3780011936799116,-1,1,1,1,1
20210219T145809.A_Elmo.B_DL.SCP_01,66,A3,-1.0,-0.25414626934578777,0.7458537306542122,-0.19084532645297844,-1,-1,0,1,1
20210219T145809.A_Elmo.B_DL.SCP_01,67,A3,-0.028416106208885242,0.027263060053916738,0.05567916626280198,-0.35058888528746257,-1,1,1,0,0
20210219T145809.A_Elmo.B_DL.SCP_01,68,A3,0.006119252624019224,0.011530356723893187,0.005411104099873963,-0.05568229711717981,1,1,0,0,0
20210219T145809.A_Elmo.B_DL.SCP_01,69,A3,-0.04120910254024024,-0.01605300047357467,0.02515610206666557,0.3352699726684368,-1,-1,0,1,1
20210219T145809.A_Elmo.B_DL.SCP_01,70,A3,0.005071091416404214,0.027609234489921777,0.022538143073517564,-0.2067814298400494,1,1,0,0,0
20210219T145809.A_Elmo.B_DL.SCP_01,71,A3,0.2717175347485752,-0.0760034174427221,-0.3477209521912973,-0.24430675047727282,1,-1,1,1,1
20210219T145809.A_Elmo.B_DL.SCP_01,72,A3,0.36112376994410716,0.11478681813595137,-0.2463369518081558,-0.051963844093573894,1,1,0,0,0
20210219T145809.A_Elmo.B_DL.SCP_01,73,A3,-1.0,-0.5591996802884074,0.4408003197115926,-0.12322890526446514,-1,-1,0,0,0
20210219T145809.A_Elmo.B_DL.SCP_01,74,A3,-0.08233315464190942,0.026556971393972843,0.10889012603588226,-0.09555501311965835,-1,1,1,0,0
20210219T145809.A_Elmo.B_DL.SCP_01,75,A3,-0.05361266681965595,0.14497681284985442,0.19858947966951038,-0.060686427480547575,-1,1,1,0,0
20210219T145809.A_Elmo.B_DL.SCP_01,76,A3,-0.03822463134973844,0.010426062118303181,0.04865069346804162,-0.017340818010914465,-1,1,1,0,0
20210219T145809.A_Elmo.B_DL.SCP_01,77,A3,0.6380162846242075,0.15403073928961059,-0.48398554533459687,0.21758146214528187,1,1,0,1,1
20210219T145809.A_Elmo.B_DL.SCP_01,78,A3,0.4123718162102831,1.0,0.5876281837897168,0.1880068825336949,1,1,0,1,1
20210219T145809.A_Elmo.B_DL.SCP_01,79,A3,0.2430316496750071,1.0,0.7569683503249929,0.1924992400053218,1,1,0,1,1
20210219T145809.A_Elmo.B_DL.SCP_01,80,A3,0.17105082335559615,0.87271340582073,0.7016625824651338,0.29489775506358007,1,1,0,0,0
20210219T145809.A_Elmo.B_DL.SCP_01,81,A3,0.3261756962587313,0.06105339195880761,-0.2651223042999237,0.27303109979481077,1,1,0,1,1
20210219T145809.A_Elmo.B_DL.SCP_01,82,A3,-0.08415517709091845,-1.0,-0.9158448229090815,0.19559055837555256,-1,-1,0,0,0
20210219T145809.A_Elmo.B_DL.SCP_01,83,A3,-0.04571846023455553,0.011310585125896966,0.057029045360452495,0.5192029421557818,-1,1,1,1,1
20210219T145809.A_Elmo.B_DL.SCP_01,84,A3,0.08381670750163185,0.1191942310477947,0.035377523546162845,0.07740878410483208,1,1,0,1,1
20210219T145809.A_Elmo.B_DL.SCP_01,85,A3,-0.1810595606511474,0.08783112084703214,0.2688906814981795,0.31048290977513215,-1,1,1,0,0
20210219T145809.A_Elmo.B_DL.SCP_01,86,A3,0.1388500307955684,-0.6983406576400767,-0.837190688435645,0.2036172770145158,1,-1,1,0,0
20210219T145809.A_Elmo.B_DL.SCP_01,87,A3,-0.052009828459271754,0.026236806580669784,0.07824663503994153,0.33312740919989847,-1,1,1,0,0
20210219T145809.A_Elmo.B_DL.SCP_01,88,A3,0.798994430159414,0.07488246973817456,-0.7241119604212394,0.10134630718914545,1,1,0,0,0
20210219T145809.A_Elmo.B_DL.SCP_01,89,A3,-0.038654328943013676,0.060863945429183865,0.09951827437219754,-0.2726675457244105,-1,1,1,0,0
20210219T145809.A_Elmo.B_DL.SCP_01,90,A3,-0.8323472132500153,-0.21376983477468395,0.6185773784753313,0.08251543285248295,-1,-1,0,0,0
20210219T145809.A_Elmo.B_DL.SCP_01,91,A3,-0.1308512452090521,0.0012708247188358097,0.13212206992788791,-0.23950323615377161,-1,1,1,0,1
20210219T145809.A_Elmo.B_DL.SCP_01,92,A3,-0.01467890340961241,-0.2601814277942954,-0.24550252438468295,-0.11604561018667582,-1,-1,0,0,0
20210219T145809.A_Elmo.B_DL.SCP_01,93,A3,0.24921955027336445,0.10201624778140106,-0.1472033024919634,0.2078604376705677,1,1,0,1,1
20210219T145809.A_Elmo.B_DL.SCP_01,94,A3,0.14566544853085317,-0.15942778506589195,-0.3050932335967451,0.02015126245823068,1,-1,1,1,1
20210219T145809.A_Elmo.B_DL.SCP_01,95,A3,0.05862102003121982,-0.009137985032441034,-0.06775900506366085,0.23786896684767292,1,-1,1,0,1
20210219T145809.A_Elmo.B_DL.SCP_01,96,A3,0.006986655358763449,0.025505389147639227,0.01851873378887578,0.2896156470967866,1,1,0,0,0
20210219T145809.A_Elmo.B_DL.SCP_01,97,A4,0.3178665358046121,0.2971628789233571,-0.020703656881255028,0.3876286774988719,1,1,0,1,1
20210219T145809.A_Elmo.B_DL.SCP_01,98,A4,0.06850133707812169,-0.006902400172064186,-0.07540373725018587,0.3505122756232059,1,-1,1,1,1
20210219T145809.A_Elmo.B_DL.SCP_01,99,A4,0.25732312496267634,0.11821104321476612,-0.13911208174791023,0.6231116503863111,1,1,0,1,1
20210219T145809.A_Elmo.B_DL.SCP_01,100,A4,0.7776022901908616,0.5882123115589676,-0.189389978631894,0.4218431978185636,1,1,0,1,1
20210219T145809.A_Elmo.B_DL.SCP_01,101,A4,0.5789380281604095,0.2450458062788097,-0.33389222188159984,0.36186826312638454,1,1,0,1,1
20210219T145809.A_Elmo.B_DL.SCP_01,102,A4,0.487568675558182,0.10972744571722166,-0.37784122984096036,0.12332202163669646,1,1,0,1,1
20210219T145809.A_Elmo.B_DL.SCP_01,103,A4,0.150447118828723,-0.10968107390168672,-0.2601281927304097,0.040403017822882956,1,-1,1,1,1
20210219T145809.A_Elmo.B_DL.SCP_01,104,A4,0.9168790566899899,0.1294492406653069,-0.787429816024683,-0.27692189033544473,1,1,0,1,1
20210219T145809.A_Elmo.B_DL.SCP_01,105,A4,0.2574171140171808,-0.05939137186535497,-0.3168084858825358,-0.17153664791483036,1,-1,1,1,1
20210219T145809.A_Elmo.B_DL.SCP_01,106,A4,-0.10181580823927078,-0.019588979786160362,0.08222682845311041,0.010855218681642931,-1,-1,0,1,1
20210219T145809.A_Elmo.B_DL.SCP_01,107,A4,-0.0066010041802239475,-0.08986604464613819,-0.08326504046591424,0.29310214542544993,-1,-1,0,1,1
20210219T145809.A_Elmo.B_DL.SCP_01,108,A4,0.10276263165734802,0.051831818337957705,-0.05093081331939031,-0.09129016804544798,1,1,0,0,1
20210219T145809.A_Elmo.B_DL.SCP_01,109,A4,0.8495535512254365,-0.6869155847626631,-1.5364691359880998,0.2820897741599313,1,-1,1,1,1
20210219T145809.A_Elmo.B_DL.SCP_01,110,A4,-1.0,0.270010439313434,1.270010439313434,-0.09007645692660078,-1,1,1,1,1
20210219T145809.A_Elmo.B_DL.SCP_01,111,A4,-0.15499773314859058,-0.1861127326055534,-0.031114999456962805,0.4436067141146244,-1,-1,0,1,1
20210219T145809.A_Elmo.B_DL.SCP_01,112,A4,0.07607094081111249,0.07209704384703573,-0.0039738969640767535,0.4258286027320452,1,1,0,1,1
20210219T145809.A_Elmo.B_DL.SCP_01,113,A4,0.3559389347035565,0.26008949839230144,-0.09584943631125503,0.6778181993971446,1,1,0,1,1
20210219T145809.A_Elmo.B_DL.SCP_01,114,A4,-0.1987913989666013,-0.2923251783671672,-0.0935337794005659,0.7533681210384631,-1,-1,0,1,1
20210219T145809.A_Elmo.B_DL.SCP_01,115,A4,1.0,0.4791384067467997,-0.5208615932532004,0.6870953010502457,1,1,0,1,1
20210219T145809.A_Elmo.B_DL.SCP_01,116,A4,0.2929605292164054,0.10277486452272683,-0.1901856646936786,-0.11722988624677996,1,1,0,1,1
20210219T145809.A_Elmo.B_DL.SCP_01,117,A4,0.14176349974981042,-0.29740810394991557,-0.43917160369972597,0.303104342237208,1,-1,1,1,1
20210219T145809.A_Elmo.B_DL.SCP_01,118,A4,0.21669340155091962,0.0042073939499160445,-0.21248600760100358,-0.11511441118646924,1,1,0,1,1
20210219T145809.A_Elmo.B_DL.SCP_01,119,A4,0.4948988732358365,0.32959359021034,-0.16530528302549646,-0.07996722969746109,1,1,0,1,1
20210219T145809.A_Elmo.B_DL.SCP_01,120,A4,0.28155269584317655,-0.4426885142572105,-0.724241210100387,-0.6183534525218972,1,-1,1,1,1
20210219T145809.A_Elmo.B_DL.SCP_01,121,A4,-0.07854535184173236,0.03419274253426925,0.11273809437600162,-0.04064865497104225,-1,1,1,1,1
20210219T145809.A_Elmo.B_DL.SCP_01,122,A4,0.24786449645364936,0.29617249712817406,0.048308000674524704,0.6136084345598246,1,1,0,1,1
20210219T145809.A_Elmo.B_DL.SCP_01,123,A4,-0.03243942085343166,-0.013241333545741564,0.019198087307690098,-0.2865602017829487,-1,-1,0,1,1
20210219T145809.A_Elmo.B_DL.SCP_01,124,A4,-0.08722161321564348,0.035183164802063245,0.12240477801770672,0.2770905315510847,-1,1,1,1,1
20210219T145809.A_Elmo.B_DL.SCP_01,125,A4,-0.05881049319290826,-0.05382977640720781,0.004980716785700445,0.029864106158072806,-1,-1,0,1,1
20210219T145809.A_Elmo.B_DL.SCP_01,126,A4,-0.05354540034933737,0.03959495727175151,0.09314035762108888,0.587267478918135,-1,1,1,1,1
20210219T145809.A_Elmo.B_DL.SCP_01,127,A4,0.26752591585125585,0.20271287015139253,-0.06481304569986332,0.3621488026287875,1,1,0,1,1
20210219T145809.A_Elmo.B_DL.SCP_01,128,A4,0.9170899176192852,0.08218606006090577,-0.8349038575583794,0.40190028808148337,1,1,0,1,1
20210219T145809.A_Elmo.B_DL.SCP_01,129,A5,-0.2635580140806447,-0.25729054198645446,0.006267472094190263,0.3651884890358844,-1,-1,0,1,1
20210219T145809.A_Elmo.B_DL.SCP_01,130,A5,-0.04335820326161342,0.02315170206590292,0.06650990532751634,0.1186202758807461,-1,1,1,1,1
20210219T145809.A_Elmo.B_DL.SCP_01,131,A5,1.0,0.44956304481989773,-0.5504369551801023,0.4864254571725832,1,1,0,1,1
20210219T145809.A_Elmo.B_DL.SCP_01,132,A5,0.30279213006602745,0.7501764832976829,0.4473843532316555,0.344845483102254,1,1,0,1,1
20210219T145809.A_Elmo.B_DL.SCP_01,133,A5,0.4292928281711036,0.4599349843372846,0.03064215616618099,0.2321258820871872,1,1,0,1,1
20210219T145809.A_Elmo.B_DL.SCP_01,134,A5,1.0,1.0,0.0,0.4546715727937001,1,1,0,1,1
20210219T145809.A_Elmo.B_DL.SCP_01,135,A5,-0.004186636806793483,-0.15861208348662484,-0.15442544667983135,0.31139053832569114,-1,-1,0,1,1
20210219T145809.A_Elmo.B_DL.SCP_01,136,A5,0.9307872741135486,0.3090779547881211,-0.6217093193254275,0.8226963214510963,1,1,0,1,1
20210219T145809.A_Elmo.B_DL.SCP_01,137,A5,0.11885207636252675,-1.0,-1.1188520763625267,-0.1170598844871409,1,-1,1,1,1
20210219T145809.A_Elmo.B_DL.SCP_01,138,A5,0.012313974201894543,-0.01713620483558568,-0.02945017903748022,0.02758082963537756,1,-1,1,0,0
20210219T145809.A_Elmo.B_DL.SCP_01,139,A5,0.16297228491522076,-0.23609578416013344,-0.3990680690753542,-0.0010884115142901314,1,-1,1,0,0
20210219T145809.A_Elmo.B_DL.SCP_01,140,A5,0.3021777693092531,-0.5956553537846153,-0.8978331230938684,-0.29485310418346883,1,-1,1,0,0
20210219T145809.A_Elmo.B_DL.SCP_01,141,A5,0.4437549548792316,-0.9872147612755118,-1.4309697161547434,0.5237667233935632,1,-1,1,1,1
20210219T145809.A_Elmo.B_DL.SCP_01,142,A5,0.16559885483787,0.22825518586927193,0.06265633103140192,-0.024036715740892115,1,1,0,0,0
20210219T145809.A_Elmo.B_DL.SCP_01,143,A5,0.20932692881092918,0.12391506057486651,-0.08541186823606267,-0.08076301207416366,1,1,0,1,1
20210219T145809.A_Elmo.B_DL.SCP_01,144,A5,-0.5865810668383126,1.0,1.5865810668383125,-0.2658912155620884,-1,1,1,0,0
20210219T145809.A_Elmo.B_DL.SCP_01,145,A5,0.2428572019528533,0.1040489892529551,-0.13880821269989818,0.2610384533084317,1,1,0,1,1
20210219T145809.A_Elmo.B_DL.SCP_01,146,A5,-0.8298452721971022,-0.08586214585500661,0.7439831263420956,0.12969227312589113,-1,-1,0,1,1
20210219T145809.A_Elmo.B_DL.SCP_01,147,A5,-0.18699115729001595,-0.1406573361803772,0.04633382110963874,-0.08982531240652052,-1,-1,0,0,0
20210219T145809.A_Elmo.B_DL.SCP_01,148,A5,-0.2799400082019603,0.32753461801844536,0.6074746262204056,-0.14870816842841583,-1,1,1,0,0
20210219T145809.A_Elmo.B_DL.SCP_01,149,A5,0.8262725534323738,0.0721147277504961,-0.7541578256818777,0.36397679540817535,1,1,0,1,1
20210219T145809.A_Elmo.B_DL.SCP_01,150,A5,-0.010992926706351984,0.8773391623732301,0.888332089079582,0.4030537327723883,-1,1,1,1,1
20210219T145809.A_Elmo.B_DL.SCP_01,151,A5,-0.033628766500855715,-0.018895278478029003,0.014733488022826712,0.17251431371072193,-1,-1,0,1,0
20210219T145809.A_Elmo.B_DL.SCP_01,152,A5,-0.001156179193614677,-0.06093085054986825,-0.05977467135625357,-0.024969502339566917,-1,-1,0,1,1
20210219T145809.A_Elmo.B_DL.SCP_01,153,A5,-0.3395860812351155,-0.17145203438918458,0.16813404684593095,0.06659079219315145,-1,-1,0,1,1
20210219T145809.A_Elmo.B_DL.SCP_01,154,A5,-0.16015200173766986,-0.11540092430182441,0.04475107743584544,0.24611748359267635,-1,-1,0,1,1
20210219T145809.A_Elmo.B_DL.SCP_01,155,A5,-0.6582256506448046,1.0,1.6582256506448045,0.1512798219534857,-1,1,1,1,1
20210219T145809.A_Elmo.B_DL.SCP_01,156,A5,-0.22979937527718006,-0.10651541866045416,0.12328395661672589,-0.031223199541584767,-1,-1,0,0,0
20210219T145809.A_Elmo.B_DL.SCP_01,157,A5,-0.03704041115316054,0.06623864492460506,0.10327905607776561,-0.05440087543107446,-1,1,1,0,0
20210219T145809.A_Elmo.B_DL.SCP_01,158,A5,0.023186199993590666,-0.03378327709442011,-0.05696947708801078,0.27907078151073345,1,-1,1,1,1
20210219T145809.A_Elmo.B_DL.SCP_01,159,A5,0.12343955471153252,0.608658067699505,0.48521851298797253,-0.017146283518597896,1,1,0,1,1
20210219T145809.A_Elmo.B_DL.SCP_01,160,A5,-0.24466236019441048,0.3032159433048249,0.5478783034992354,0.2734363360945524,-1,1,1,1,1
20210610T132106.A_Elmo.B_ST.SCP_01,1,A1,-0.8369313950327749,-1.0,-0.16306860496722508,-0.1689649118632803,-1,-1,0,0,1
20210610T132106.A_Elmo.B_ST.SCP_01,2,A1,-1.0,-0.3157392347812163,0.6842607652187838,0.03813451506396346,-1,-1,0,1,1
20210610T132106.A_Elmo.B_ST.SCP_01,3,A1,0.022658560198519348,-0.355110118698347,-0.3777686788968664,-0.09735935669703767,1,-1,1,0,1
20210610T132106.A_Elmo.B_ST.SCP_01,4,A1,0.4033463959701691,-0.7105835958056402,-1.1139299917758092,0.3522837390688671,1,-1,1,1,1
20210610T132106.A_Elmo.B_ST.SCP_01,5,A1,-1.0,-0.48126837442704334,0.5187316255729566,0.12552902372212968,-1,-1,0,0,0
20210610T132106.A_Elmo.B_ST.SCP_01,6,A1,-0.635352198921331,0.13517794782358628,0.7705301467449173,-0.2457715315191351,-1,1,1,1,1
20210610T132106.A_Elmo.B_ST.SCP_01,7,A1,-1.0,-0.03672725054589224,0.9632727494541078,0.053609475244696767,-1,-1,0,1,0
20210610T132106.A_Elmo.B_ST.SCP_01,8,A1,-0.7562793785464461,-0.18601600996731427,0.5702633685791318,0.25949325786632615,-1,-1,0,1,1
20210610T132106.A_Elmo.B_ST.SCP_01,9,A1,-0.3382454380165805,-1.0,-0.6617545619834195,0.10290259881329901,-1,-1,0,0,0
20210610T132106.A_Elmo.B_ST.SCP_01,10,A1,0.5321553415083383,-0.3208266299761115,-0.8529819714844498,-0.11456180686669624,1,-1,1,1,1
20210610T132106.A_Elmo.B_ST.SCP_01,11,A1,-1.0,-0.03257252847754763,0.9674274715224523,0.18554250680093912,-1,-1,0,1,1
20210610T132106.A_Elmo.B_ST.SCP_01,12,A1,0.548529859990861,0.08826348301183434,-0.46026637697902667,-0.16065560622578237,1,1,0,1,1
20210610T132106.A_Elmo.B_ST.SCP_01,13,A1,0.577930736266041,-0.13369654456818508,-0.7116272808342261,-0.1951798085376947,1,-1,1,1,1
20210610T132106.A_Elmo.B_ST.SCP_01,14,A1,0.6636733469447603,-0.2144034169133314,-0.8780767638580917,-0.022917301728750228,1,-1,1,1,1
20210610T132106.A_Elmo.B_ST.SCP_01,15,A1,1.0,0.1722597451495434,-0.8277402548504567,-0.09993533007054438,1,1,0,0,0
20210610T132106.A_Elmo.B_ST.SCP_01,16,A1,-0.1662632363396907,-0.3725973738277962,-0.20633413748810547,-0.1997723750712761,-1,-1,0,1,1
20210610T132106.A_Elmo.B_ST.SCP_01,17,A1,-0.2814799084809392,-0.1326879505974988,0.14879195788344038,-0.00804875142609816,-1,-1,0,1,1
20210610T132106.A_Elmo.B_ST.SCP_01,18,A1,0.2271710347873708,0.22005527908849926,-0.007115755698871545,0.1465221078023029,1,1,0,0,0
20210610T132106.A_Elmo.B_ST.SCP_01,19,A1,-0.39511067888634954,-1.0,-0.6048893211136505,0.4361790386236235,-1,-1,0,1,1
20210610T132106.A_Elmo.B_ST.SCP_01,20,A1,-0.4211288298352977,-0.5140075732653642,-0.09287874343006647,0.11175972113589988,-1,-1,0,1,1
20210610T132106.A_Elmo.B_ST.SCP_01,21,A1,-0.30740799958078624,-0.6546597545930752,-0.347251755012289,0.28831328203512163,-1,-1,0,1,1
20210610T132106.A_Elmo.B_ST.SCP_01,22,A1,-0.3113247598840294,-0.3553464685220997,-0.04402170863807031,0.024097560644976763,-1,-1,0,0,1
20210610T132106.A_Elmo.B_ST.SCP_01,23,A1,1.0,0.06604080546959322,-0.9339591945304068,0.25721513954701153,1,1,0,1,1
20210610T132106.A_Elmo.B_ST.SCP_01,24,A1,-0.8396659591685799,-1.0,-0.1603340408314201,0.19509939752517585,-1,-1,0,1,1
20210610T132106.A_Elmo.B_ST.SCP_01,25,A1,-0.34254814383076215,-0.17106635127229225,0.1714817925584699,0.0060025101302879445,-1,-1,0,1,0
20210610T132106.A_Elmo.B_ST.SCP_01,26,A1,1.0,-0.05514651262488,-1.05514651262488,-0.2162573579439197,1,-1,1,1,1
20210610T132106.A_Elmo.B_ST.SCP_01,27,A1,1.0,0.9502230940603976,-0.04977690593960238,0.010443137498618672,1,1,0,1,0
20210610T132106.A_Elmo.B_ST.SCP_01,28,A1,-0.3110380391518985,0.16982843039264028,0.48086646954453877,-0.13094376109798672,-1,1,1,1,1
20210610T132106.A_Elmo.B_ST.SCP_01,29,A1,1.0,-0.12779847122205545,-1.1277984712220555,-0.02937776922771917,1,-1,1,1,1
20210610T132106.A_Elmo.B_ST.SCP_01,30,A1,-0.44493137558777357,-0.41218276230159845,0.03274861328617512,-0.1332638538290297,-1,-1,0,0,1
20210610T132106.A_Elmo.B_ST.SCP_01,31,A1,0.09639759745980582,-0.23524485455588814,-0.331642452015694,0.048160647378011325,1,-1,1,1,1
20210610T132106.A_Elmo.B_ST.SCP_01,32,A1,1.0,1.0,0.0,0.08850927659178859,1,1,0,1,1
20210610T132106.A_Elmo.B_ST.SCP_01,33,A2,-1.0,-0.46747754730658936,0.5325224526934107,-0.022340861719436788,-1,-1,0,1,1
20210610T132106.A_Elmo.B_ST.SCP_01,34,A2,-0.7842847960040951,-0.16486990943171032,0.6194148865723847,0.3597302160006778,-1,-1,0,1,1
20210610T132106.A_Elmo.B_ST.SCP_01,35,A2,-0.03150937313058858,-0.22175195048630245,-0.19024257735571387,-0.1666323349729708,-1,-1,0,1,0
20210610T132106.A_Elmo.B_ST.SCP_01,36,A2,0.03141642484420611,-0.011285060659352104,-0.04270148550355822,-0.2109502134555769,1,-1,1,1,1
20210610T132106.A_Elmo.B_ST.SCP_01,37,A2,0.3944926733296447,1.0,0.6055073266703552,0.0642604816473894,1,1,0,0,0
20210610T132106.A_Elmo.B_ST.SCP_01,38,A2,-0.1559412069204032,-0.3098654776240023,-0.1539242707035991,0.012164162245520676,-1,-1,0,0,0
20210610T132106.A_Elmo.B_ST.SCP_01,39,A2,-0.2098533989997328,0.3391483520507998,0.5490017510505326,-0.14248834216040432,-1,1,1,1,1
20210610T132106.A_Elmo.B_ST.SCP_01,40,A2,0.26991482671421313,-1.0,-1.269914826714213,-0.11205033315574486,1,-1,1,0,0
20210610T132106.A_Elmo.B_ST.SCP_01,41,A2,0.12827566021183906,-0.4892217208961308,-0.6174973811079698,0.3670938446238193,1,-1,1,1,1
20210610T132106.A_Elmo.B_ST.SCP_01,42,A2,-0.4658318815907433,0.997694275506295,1.4635261570970384,-0.10747229585818548,-1,1,1,0,1
20210610T132106.A_Elmo.B_ST.SCP_01,43,A2,-0.11789908845119101,-0.7936686542341749,-0.6757695657829839,0.1656166882317825,-1,-1,0,1,1
20210610T132106.A_Elmo.B_ST.SCP_01,44,A2,0.012847973671962503,-0.0131790175237811,-0.0260269911957436,-0.0245228114765798,1,-1,1,0,0
20210610T132106.A_Elmo.B_ST.SCP_01,45,A2,-0.20208717958010738,-0.00033397397930187873,0.2017532056008055,0.09071278727692328,-1,-1,0,0,0
20210610T132106.A_Elmo.B_ST.SCP_01,46,A2,1.0,-0.9197519412649015,-1.9197519412649013,-0.15720333064377628,1,-1,1,0,1
20210610T132106.A_Elmo.B_ST.SCP_01,47,A2,0.4058092866814941,-0.9798306296300383,-1.3856399163115323,-0.19386444933570451,1,-1,1,0,0
20210610T132106.A_Elmo.B_ST.SCP_01,48,A2,-1.0,-1.0,0.0,0.2862020323932752,-1,-1,0,0,1
20210610T132106.A_Elmo.B_ST.SCP_01,49,A2,-0.8166921599246828,-0.4626873435283739,0.35400481639630893,0.22465374139483812,-1,-1,0,1,1
20210610T132106.A_Elmo.B_ST.SCP_01,50,A2,0.9892570239291502,0.24301443147926535,-0.7462425924498848,-0.08710692984315666,1,1,0,0,0
20210610T132106.A_Elmo.B_ST.SCP_01,51,A2,-0.28933249942416805,-0.9709115054977808,-0.6815790060736128,-0.07152406885880805,-1,-1,0,0,0
20210610T132106.A_Elmo.B_ST.SCP_01,52,A2,-0.29800725570614983,-0.0732129439909824,0.22479431171516745,-0.3160007043436011,-1,-1,0,1,0
20210610T132106.A_Elmo.B_ST.SCP_01,53,A2,-1.0,-1.0,0.0,0.20394991324952025,-1,-1,0,0,0
20210610T132106.A_Elmo.B_ST.SCP_01,54,A2,0.2132815862067045,-0.09903271562350173,-0.31231430183020625,0.24547403891394484,1,-1,1,1,1
20210610T132106.A_Elmo.B_ST.SCP_01,55,A2,0.07211399825378953,-0.4793700477282545,-0.551484045982044,0.08812206612804574,1,-1,1,1,1
20210610T132106.A_Elmo.B_ST.SCP_01,56,A2,0.10267782980350196,-0.5296134978686161,-0.632291327672118,0.10550946655852353,1,-1,1,1,1
20210610T132106.A_Elmo.B_ST.SCP_01,57,A2,0.11794084795815485,-0.3133700576158678,-0.43131090557402263,0.06125320773752554,1,-1,1,1,0
20210610T132106.A_Elmo.B_ST.SCP_01,58,A2,0.8915160209665485,1.0,0.10848397903345153,-0.17971583333325078,1,1,0,0,0
20210610T132106.A_Elmo.B_ST.SCP_01,59,A2,0.04153511576230138,-0.12966853236053583,-0.1712036481228372,0.08639763673533545,1,-1,1,1,0
20210610T132106.A_Elmo.B_ST.SCP_01,60,A2,0.10619310113779379,-0.2223425514369467,-0.3285356525747405,-0.15766932310425238,1,-1,1,0,0
20210610T132106.A_Elmo.B_ST.SCP_01,61,A2,-0.5986303912829118,-1.0,-0.40136960871708816,0.02883054947845089,-1,-1,0,0,0
20210610T132106.A_Elmo.B_ST.SCP_01,62,A2,-0.028623159550573506,-0.015308712276931502,0.013314447273642003,-0.23317125927216759,-1,-1,0,0,0
20210610T132106.A_Elmo.B_ST.SCP_01,63,A2,-0.6351376770507192,-0.28642569208159185,0.34871198496912736,0.18833811387675842,-1,-1,0,0,0
20210610T132106.A_Elmo.B_ST.SCP_01,64,A2,-0.046784146819036546,0.17026750689753395,0.21705165371657048,-0.11710671441399914,-1,1,1,0,0
20210610T132106.A_Elmo.B_ST.SCP_01,65,A3,0.011102958312061843,-1.0,-1.0111029583120619,-0.20596965782704132,1,-1,1,0,0
20210610T132106.A_Elmo.B_ST.SCP_01,66,A3,-0.17102420482897115,-0.1311930725141148,0.039831132314856355,0.08069063567420705,-1,-1,0,0,0
20210610T132106.A_Elmo.B_ST.SCP_01,67,A3,-0.3469329194036956,-0.029690081466575324,0.31724283793712027,0.11628138983383789,-1,-1,0,0,0
20210610T132106.A_Elmo.B_ST.SCP_01,68,A3,-0.16349150384235406,-0.10620422780694301,0.05728727603541105,-0.13353347754279396,-1,-1,0,0,0
20210610T132106.A_Elmo.B_ST.SCP_01,69,A3,-0.3952738811422165,1.0,1.3952738811422165,0.0773801130291359,-1,1,1,0,0
20210610T132106.A_Elmo.B_ST.SCP_01,70,A3,-1.0,1.0,2.0,0.020266904455684683,-1,1,1,0,0
20210610T132106.A_Elmo.B_ST.SCP_01,71,A3,-0.03193789233538249,0.1176622688074351,0.1496001611428176,0.22781529535880238,-1,1,1,0,0
20210610T132106.A_Elmo.B_ST.SCP_01,72,A3,0.12305048504122573,-0.04556610124869931,-0.16861658628992504,-0.06682578119324571,1,-1,1,0,0
20210610T132106.A_Elmo.B_ST.SCP_01,73,A3,0.9338170124292491,-0.36723042052976146,-1.3010474329590105,0.05817532130198841,1,-1,1,0,0
20210610T132106.A_Elmo.B_ST.SCP_01,74,A3,1.0,-0.5303943785213063,-1.5303943785213063,0.12417834241020143,1,-1,1,0,0
20210610T132106.A_Elmo.B_ST.SCP_01,75,A3,-1.0,0.06614394973234942,1.0661439497323495,0.0911556942435376,-1,1,1,0,1
20210610T132106.A_Elmo.B_ST.SCP_01,76,A3,-0.2021411333400629,-1.0,-0.7978588666599371,0.09535779201268842,-1,-1,0,0,1
20210610T132106.A_Elmo.B_ST.SCP_01,77,A3,0.18517616467905493,0.014256068544844486,-0.17092009613421044,-0.42239739566641504,1,1,0,0,0
20210610T132106.A_Elmo.B_ST.SCP_01,78,A3,-1.0,-0.04489504995130129,0.9551049500486987,-0.2268563230803273,-1,-1,0,0,1
20210610T132106.A_Elmo.B_ST.SCP_01,79,A3,0.6982504657059213,-0.25935518922626377,-0.9576056549321851,0.48685834325028177,1,-1,1,0,0
20210610T132106.A_Elmo.B_ST.SCP_01,80,A3,1.0,0.46582050541727354,-0.5341794945827265,0.06091209304803186,1,1,0,0,0
20210610T132106.A_Elmo.B_ST.SCP_01,81,A3,-0.5763480392244675,-0.6949117641080628,-0.11856372488359523,0.3713769754705144,-1,-1,0,0,1
20210610T132106.A_Elmo.B_ST.SCP_01,82,A3,0.6920222301476265,-0.5436598008851826,-1.2356820310328092,0.20499290554425623,1,-1,1,0,0
20210610T132106.A_Elmo.B_ST.SCP_01,83,A3,0.44118494478055076,-0.4258980087100112,-0.867082953490562,0.23170736201206651,1,-1,1,0,1
20210610T132106.A_Elmo.B_ST.SCP_01,84,A3,-1.0,-0.08434991653909253,0.9156500834609075,0.2718084541023185,-1,-1,0,0,0
20210610T132106.A_Elmo.B_ST.SCP_01,85,A3,-0.017345001697764952,-0.013152046764554618,0.004192954933210334,0.033539372424262165,-1,-1,0,0,0
20210610T132106.A_Elmo.B_ST.SCP_01,86,A3,1.0,-0.38059399656091675,-1.3805939965609166,-0.08598313650866023,1,-1,1,0,0
20210610T132106.A_Elmo.B_ST.SCP_01,87,A3,0.43935409446704976,-0.5384875790022394,-0.9778416734692892,0.018269268336956256,1,-1,1,0,0
20210610T132106.A_Elmo.B_ST.SCP_01,88,A3,-0.690921211967811,-0.398639702447947,0.292281509519864,-0.027472513143703338,-1,-1,0,0,1
20210610T132106.A_Elmo.B_ST.SCP_01,89,A3,0.40830418420128883,-0.07541769101418382,-0.48372187521547266,0.02417571611344831,1,-1,1,0,0
20210610T132106.A_Elmo.B_ST.SCP_01,90,A3,-1.0,-0.05051568527352081,0.9494843147264792,0.010025759475019528,-1,-1,0,0,1
20210610T132106.A_Elmo.B_ST.SCP_01,91,A3,-0.06884149819923205,-1.0,-0.931158501800768,-0.2296779952255904,-1,-1,0,0,0
20210610T132106.A_Elmo.B_ST.SCP_01,92,A3,1.0,-1.0,-2.0,-0.1442809069288651,1,-1,1,0,0
20210610T132106.A_Elmo.B_ST.SCP_01,93,A3,-0.9218049632091064,-0.11112433673435454,0.8106806264747519,0.038381692932907704,-1,-1,0,0,0
20210610T132106.A_Elmo.B_ST.SCP_01,94,A3,-0.7664844879894313,0.02303054331664125,0.7895150313060725,-0.13022550272411298,-1,1,1,0,0
20210610T132106.A_Elmo.B_ST.SCP_01,95,A3,1.0,-0.15443574842371555,-1.1544357484237155,0.12618293326361002,1,-1,1,0,0
20210610T132106.A_Elmo.B_ST.SCP_01,96,A3,-0.7924505891491646,0.3823211486470124,1.1747717377961768,-0.06498640159651879,-1,1,1,0,0
20210610T132106.A_Elmo.B_ST.SCP_01,97,A4,0.7842159024125396,0.017274224165935617,-0.766941678246604,0.5245095435630419,1,1,0,1,1
20210610T132106.A_Elmo.B_ST.SCP_01,98,A4,-0.08842922940152019,-0.17282899847981578,-0.08439976907829559,0.579839466136049,-1,-1,0,1,1
20210610T132106.A_Elmo.B_ST.SCP_01,99,A4,0.026263088231668907,-0.1864805941030851,-0.212743682334754,-0.09344508132162044,1,-1,1,1,1
20210610T132106.A_Elmo.B_ST.SCP_01,100,A4,0.11922787463518938,-0.202486071927589,-0.3217139465627784,-0.0569749299422441,1,-1,1,1,1
20210610T132106.A_Elmo.B_ST.SCP_01,101,A4,-0.03260258962913942,-0.14991015528470775,-0.11730756565556832,-0.34178960521003177,-1,-1,0,1,1
20210610T132106.A_Elmo.B_ST.SCP_01,102,A4,0.11741564156083024,-0.3579243588680237,-0.47534000042885394,-0.10616558437906042,1,-1,1,1,1
20210610T132106.A_Elmo.B_ST.SCP_01,103,A4,-0.014850196224993022,-0.2145164128386771,-0.19966621661368406,-0.16500967748105588,-1,-1,0,1,1
20210610T132106.A_Elmo.B_ST.SCP_01,104,A4,0.014467583557709243,-0.31163202563916675,-0.326099609196876,-0.08870472886940156,1,-1,1,1,1
20210610T132106.A_Elmo.B_ST.SCP_01,105,A4,0.06687212179400512,-0.07421736155961758,-0.1410894833536227,-0.21266287152448696,1,-1,1,1,1
20210610T132106.A_Elmo.B_ST.SCP_01,106,A4,-0.6237692827178851,-0.3030857909460618,0.3206834917718233,0.07116775353642493,-1,-1,0,1,1
20210610T132106.A_Elmo.B_ST.SCP_01,107,A4,0.09906468631563427,-0.2610513048322742,-0.36011599114790843,0.3437669116209262,1,-1,1,1,1
20210610T132106.A_Elmo.B_ST.SCP_01,108,A4,0.41838853520220276,-0.06341723638924635,-0.4818057715914491,-0.26990093290568284,1,-1,1,1,1
20210610T132106.A_Elmo.B_ST.SCP_01,109,A4,0.06016100475708147,-0.11067760903051982,-0.1708386137876013,0.015111980803220182,1,-1,1,1,1
20210610T132106.A_Elmo.B_ST.SCP_01,110,A4,-0.23182227998002394,-0.16551159034708376,0.06631068963294018,0.09482626916485638,-1,-1,0,1,1
20210610T132106.A_Elmo.B_ST.SCP_01,111,A4,0.08661804545030467,-0.0794599291868166,-0.16607797463712126,-0.07378010091825846,1,-1,1,1,1
20210610T132106.A_Elmo.B_ST.SCP_01,112,A4,-0.07507879165583006,-0.12875387363492927,-0.053675081979099204,0.24518941775385186,-1,-1,0,1,1
20210610T132106.A_Elmo.B_ST.SCP_01,113,A4,0.2841227315614708,-0.04852248131628218,-0.33264521287775295,0.530461593196449,1,-1,1,1,1
20210610T132106.A_Elmo.B_ST.SCP_01,114,A4,-0.21310029422809532,-0.29790502673197683,-0.08480473250388151,0.7158450463412673,-1,-1,0,1,1
20210610T132106.A_Elmo.B_ST.SCP_01,115,A4,0.0260322960416557,-0.14124798894626145,-0.16728028498791714,0.29529217224284326,1,-1,1,1,1
20210610T132106.A_Elmo.B_ST.SCP_01,116,A4,-0.07677300407122783,-0.32075754805730594,-0.2439845439860781,0.5638086174417336,-1,-1,0,1,1
20210610T132106.A_Elmo.B_ST.SCP_01,117,A4,0.0324473596817783,-0.5657719060704702,-0.5982192657522485,0.277627616327152,1,-1,1,1,1
20210610T132106.A_Elmo.B_ST.SCP_01,118,A4,-0.031299879846374605,-0.3029474414499665,-0.2716475616035919,0.3797763792064649,-1,-1,0,1,1
20210610T132106.A_Elmo.B_ST.SCP_01,119,A4,-0.04682708212786526,-0.3834795674333497,-0.3366524853054845,0.12448833775451656,-1,-1,0,1,1
20210610T132106.A_Elmo.B_ST.SCP_01,120,A4,0.060806112559215156,-0.014190916689914445,-0.0749970292491296,-0.3510208270091488,1,-1,1,1,1
20210610T132106.A_Elmo.B_ST.SCP_01,121,A4,-0.030753569612738237,-0.20039612441980129,-0.16964255480706306,0.2074478251644989,-1,-1,0,1,1
20210610T132106.A_Elmo.B_ST.SCP_01,122,A4,0.0034455299543241316,-0.10688733878187108,-0.11033286873619522,0.3501968298449177,1,-1,1,1,1
20210610T132106.A_Elmo.B_ST.SCP_01,123,A4,-0.1906883740597204,-0.305180792066363,-0.11449241800664262,0.5033812819221481,-1,-1,0,1,1
20210610T132106.A_Elmo.B_ST.SCP_01,124,A4,-0.02019808385415112,-0.23132759472904793,-0.21112951087489681,0.2816667092982342,-1,-1,0,1,1
20210610T132106.A_Elmo.B_ST.SCP_01,125,A4,-0.20417533179956746,-0.268949605750761,-0.06477427395119353,0.7537876111714173,-1,-1,0,1,1
20210610T132106.A_Elmo.B_ST.SCP_01,126,A4,-0.04224523770332032,-0.07703895985804628,-0.03479372215472596,0.36210363543463425,-1,-1,0,1,1
20210610T132106.A_Elmo.B_ST.SCP_01,127,A4,0.27033601760755127,0.011850653785561579,-0.25848536382198967,0.09912389344795249,1,1,0,1,1
20210610T132106.A_Elmo.B_ST.SCP_01,128,A4,-0.03765180167846183,-0.15940078998144097,-0.12174898830297914,-0.09878622979568838,-1,-1,0,1,1
20210610T132106.A_Elmo.B_ST.SCP_01,129,A5,0.6118210173338509,1.0,0.38817898266614914,0.26821473019963477,1,1,0,1,0
20210610T132106.A_Elmo.B_ST.SCP_01,130,A5,-0.2965917943454688,-0.6605094193394837,-0.3639176249940149,-0.1627499732249323,-1,-1,0,1,1
20210610T132106.A_Elmo.B_ST.SCP_01,131,A5,-0.501073994876785,-0.1400140414199332,0.3610599534568517,0.0761793757717421,-1,-1,0,0,0
20210610T132106.A_Elmo.B_ST.SCP_01,132,A5,1.0,-1.0,-2.0,-0.14731664394691482,1,-1,1,1,1
20210610T132106.A_Elmo.B_ST.SCP_01,133,A5,0.7831437461356793,0.01607959636101062,-0.7670641497746686,0.20684299766281034,1,1,0,1,1
20210610T132106.A_Elmo.B_ST.SCP_01,134,A5,0.9551463964794622,0.3952417628990132,-0.559904633580449,-0.16757810806053225,1,1,0,1,1
20210610T132106.A_Elmo.B_ST.SCP_01,135,A5,1.0,0.30842640638651286,-0.6915735936134871,0.24895838433003778,1,1,0,1,1
20210610T132106.A_Elmo.B_ST.SCP_01,136,A5,1.0,0.27228029860672226,-0.7277197013932777,0.4967008989967211,1,1,0,1,1
20210610T132106.A_Elmo.B_ST.SCP_01,137,A5,0.29622079264209183,-0.5305755955874196,-0.8267963882295115,0.7170483228825305,1,-1,1,1,1
20210610T132106.A_Elmo.B_ST.SCP_01,138,A5,-0.8097867292448815,1.0,1.8097867292448815,-0.4075519778590532,-1,1,1,0,0
20210610T132106.A_Elmo.B_ST.SCP_01,139,A5,-0.06828820330092213,-0.1685679301766766,-0.10027972687575447,-0.22544300045683238,-1,-1,0,0,0
20210610T132106.A_Elmo.B_ST.SCP_01,140,A5,-0.17699842712820205,1.0,1.1769984271282021,-0.15779374442060393,-1,1,1,0,0
20210610T132106.A_Elmo.B_ST.SCP_01,141,A5,0.3031683090323813,0.007972641297667888,-0.2951956677347134,0.16359632956518017,1,1,0,0,0
20210610T132106.A_Elmo.B_ST.SCP_01,142,A5,-0.4442613828582233,-0.03342833375280188,0.4108330491054214,0.15562575018499528,-1,-1,0,1,1
20210610T132106.A_Elmo.B_ST.SCP_01,143,A5,-1.0,-0.6968207283482566,0.3031792716517434,0.1316787946957945,-1,-1,0,0,0
20210610T132106.A_Elmo.B_ST.SCP_01,144,A5,-1.0,-0.98023515396113,0.019764846038869965,0.030508547479410356,-1,-1,0,0,0
20210610T132106.A_Elmo.B_ST.SCP_01,145,A5,-0.4335248496057641,-0.6711527855760074,-0.23762793597024334,0.5273011867526869,-1,-1,0,1,1
20210610T132106.A_Elmo.B_ST.SCP_01,146,A5,-0.10871803187291265,1.0,1.1087180318729126,0.054048017875395746,-1,1,1,0,0
20210610T132106.A_Elmo.B_ST.SCP_01,147,A5,-0.37501153050705366,0.11997708197946223,0.4949886124865159,0.16032659217793402,-1,1,1,0,0
20210610T132106.A_Elmo.B_ST.SCP_01,148,A5,-1.0,-1.0,0.0,-0.19166046491216207,-1,-1,0,0,0
20210610T132106.A_Elmo.B_ST.SCP_01,149,A5,-1.0,-0.48452419864015905,0.515475801359841,0.04651433461501915,-1,-1,0,0,0
20210610T132106.A_Elmo.B_ST.SCP_01,150,A5,-1.0,0.49331479478307216,1.493314794783072,-0.1217147275195285,-1,1,1,0,0
20210610T132106.A_Elmo.B_ST.SCP_01,151,A5,0.1596754964208984,-0.38049886035846653,-0.5401743567793649,0.04812010766525451,1,-1,1,1,0
20210610T132106.A_Elmo.B_ST.SCP_01,152,A5,0.21731868318364092,-0.17996317057509187,-0.3972818537587328,-0.0888018204451287,1,-1,1,1,1
20210610T132106.A_Elmo.B_ST.SCP_01,153,A5,0.19812661840718443,-0.15715315234579366,-0.3552797707529781,0.04292883581533412,1,-1,1,0,0
20210610T132106.A_Elmo.B_ST.SCP_01,154,A5,-0.027996108599410444,-0.6201059182278987,-0.5921098096284882,-0.024750891750113725,-1,-1,0,1,1
20210610T132106.A_Elmo.B_ST.SCP_01,155,A5,-0.12713484132242558,1.0,1.1271348413224256,0.28098826061885607,-1,1,1,1,1
20210610T132106.A_Elmo.B_ST.SCP_01,156,A5,-0.07928193640857249,0.1962989405196515,0.275580876928224,0.3732290916387821,-1,1,1,1,0
20210610T132106.A_Elmo.B_ST.SCP_01,157,A5,0.17954932394319095,-0.8502933730741469,-1.0298426970173378,0.10053979005709782,1,-1,1,0,0
20210610T132106.A_Elmo.B_ST.SCP_01,158,A5,0.16767502816826985,1.0,0.8323249718317302,-0.1563036852906351,1,1,0,0,0
20210610T132106.A_Elmo.B_ST.SCP_01,159,A5,-0.6009399823922004,0.7377833123838202,1.3387232947760206,0.23043711001333084,-1,1,1,0,0
20210610T132106.A_Elmo.B_ST.SCP_01,160,A5,-0.8242093095844537,0.07712686742688964,0.9013361770113434,-0.1361325540042993,-1,1,1,0,0
20210618T123111.A_Elmo.B_ST.SCP_01,1,A1,0.3394748993670458,0.36256703215947744,0.023092132792431663,-0.30859573125012874,1,1,0,1,1
20210618T123111.A_Elmo.B_ST.SCP_01,2,A1,-0.8232061011232501,0.07885693996344831,0.9020630410866984,0.11069982863926392,-1,1,1,0,0
20210618T123111.A_Elmo.B_ST.SCP_01,3,A1,-0.5798141622436331,0.3496411418453788,0.9294553040890119,0.03572909112023407,-1,1,1,0,1
20210618T123111.A_Elmo.B_ST.SCP_01,4,A1,1.0,1.0,0.0,0.509161574606398,1,1,0,1,1
20210618T123111.A_Elmo.B_ST.SCP_01,5,A1,0.6272995087638282,1.0,0.37270049123617177,0.6130253386578882,1,1,0,0,1
20210618T123111.A_Elmo.B_ST.SCP_01,6,A1,-1.0,-0.8715255093752402,0.1284744906247598,-0.061158636292020375,-1,-1,0,1,1
20210618T123111.A_Elmo.B_ST.SCP_01,7,A1,-0.6068460020255068,-0.6524765061121858,-0.045630504086679013,-0.08234596153884523,-1,-1,0,1,0
20210618T123111.A_Elmo.B_ST.SCP_01,8,A1,-1.0,-0.298316532511688,0.701683467488312,0.5556230256915743,-1,-1,0,1,1
20210618T123111.A_Elmo.B_ST.SCP_01,9,A1,0.8126847635733697,0.15533963507486087,-0.6573451284985088,0.5926093188059742,1,1,0,1,1
20210618T123111.A_Elmo.B_ST.SCP_01,10,A1,-0.42169178756483816,-1.0,-0.5783082124351618,-0.12825047646394924,-1,-1,0,1,1
20210618T123111.A_Elmo.B_ST.SCP_01,11,A1,-0.790121056276584,1.0,1.790121056276584,-0.04471315373122192,-1,1,1,1,0
20210618T123111.A_Elmo.B_ST.SCP_01,12,A1,1.0,0.32886284052025927,-0.6711371594797407,0.07274822145225734,1,1,0,1,1
20210618T123111.A_Elmo.B_ST.SCP_01,13,A1,0.38889906589286805,0.4449416884510238,0.05604262255815573,0.19275361653591697,1,1,0,1,0
20210618T123111.A_Elmo.B_ST.SCP_01,14,A1,1.0,-0.06950169715004807,-1.0695016971500482,0.10270887449887552,1,-1,1,0,0
20210618T123111.A_Elmo.B_ST.SCP_01,15,A1,-0.5067717840485017,1.0,1.5067717840485018,-0.17314116761272044,-1,1,1,0,0
20210618T123111.A_Elmo.B_ST.SCP_01,16,A1,0.0167551827809109,0.3584238599936296,0.34166867721271865,0.3635422496141497,1,1,0,1,1
20210618T123111.A_Elmo.B_ST.SCP_01,17,A1,-0.3996259937054772,-1.0,-0.6003740062945229,-0.010291689596436915,-1,-1,0,1,1
20210618T123111.A_Elmo.B_ST.SCP_01,18,A1,-0.2663477806487432,-0.2193557218988008,0.04699205874994242,0.08958680198621272,-1,-1,0,1,1
20210618T123111.A_Elmo.B_ST.SCP_01,19,A1,-0.8645252881259992,0.1102275120928033,0.9747528002188025,0.38606351632011265,-1,1,1,1,1
20210618T123111.A_Elmo.B_ST.SCP_01,20,A1,-0.24992728638311423,-0.4106193874358946,-0.16069210105278037,0.47654588362134237,-1,-1,0,1,1
20210618T123111.A_Elmo.B_ST.SCP_01,21,A1,-0.11714937228805983,-0.44961721058436693,-0.3324678382963071,-0.19073828401862328,-1,-1,0,1,1
20210618T123111.A_Elmo.B_ST.SCP_01,22,A1,0.02069819878455753,0.101326614802817,0.08062841601825947,0.15917631582316827,1,1,0,0,0
20210618T123111.A_Elmo.B_ST.SCP_01,23,A1,-0.39639082854011626,-0.44400007570762123,-0.047609247167504976,0.4885642980724558,-1,-1,0,1,1
20210618T123111.A_Elmo.B_ST.SCP_01,24,A1,-0.5132962942885166,-1.0,-0.48670370571148336,0.520250611026115,-1,-1,0,1,1
20210618T123111.A_Elmo.B_ST.SCP_01,25,A1,-0.4229237965220419,-0.23672049024040995,0.18620330628163193,0.17977130257540072,-1,-1,0,1,0
20210618T123111.A_Elmo.B_ST.SCP_01,26,A1,-0.7691513098097036,-0.8577956896664501,-0.08864437985674656,0.2343706947931855,-1,-1,0,1,1
20210618T123111.A_Elmo.B_ST.SCP_01,27,A1,1.0,-0.26150555607989984,-1.2615055560798998,0.10427382013644243,1,-1,1,0,0
20210618T123111.A_Elmo.B_ST.SCP_01,28,A1,-0.018357754082466638,-1.0,-0.9816422459175334,0.4888381507956602,-1,-1,0,1,1
20210618T123111.A_Elmo.B_ST.SCP_01,29,A1,0.5963171265980474,0.14359912297567795,-0.4527180036223694,0.06927996437459286,1,1,0,1,0
20210618T123111.A_Elmo.B_ST.SCP_01,30,A1,-0.22765905823764185,0.1291253879545473,0.3567844461921892,0.004962259382114358,-1,1,1,0,1
20210618T123111.A_Elmo.B_ST.SCP_01,31,A1,-1.0,-0.30568074114809723,0.6943192588519027,0.8753186402142596,-1,-1,0,1,1
20210618T123111.A_Elmo.B_ST.SCP_01,32,A1,1.0,1.0,0.0,0.19576958121746865,1,1,0,1,1
20210618T123111.A_Elmo.B_ST.SCP_01,33,A2,-1.0,-0.4454051370702415,0.5545948629297586,0.062520685353647,-1,-1,0,1,1
20210618T123111.A_Elmo.B_ST.SCP_01,34,A2,-0.276401896150731,-0.1803787587846254,0.09602313736610563,-0.0036315598774112265,-1,-1,0,1,1
20210618T123111.A_Elmo.B_ST.SCP_01,35,A2,-0.23952983096237618,-0.2944645656986884,-0.05493473473631222,0.1014429199256239,-1,-1,0,1,0
20210618T123111.A_Elmo.B_ST.SCP_01,36,A2,0.0026776745038302853,-0.09256909475868964,-0.09524676926251993,0.23342138810826096,1,-1,1,1,1
20210618T123111.A_Elmo.B_ST.SCP_01,37,A2,-1.0,-0.20023170309225669,0.7997682969077433,-0.24766952040487075,-1,-1,0,0,0
20210618T123111.A_Elmo.B_ST.SCP_01,38,A2,-0.160857653389992,-0.19383164820261223,-0.03297399481262023,-0.22631777807388692,-1,-1,0,0,0
20210618T123111.A_Elmo.B_ST.SCP_01,39,A2,0.31594060412831937,-0.23239757361433555,-0.5483381777426549,-0.22948642032074748,1,-1,1,1,1
20210618T123111.A_Elmo.B_ST.SCP_01,40,A2,-0.7315938073951098,-0.35075998671535147,0.38083382067975835,0.15966439867801957,-1,-1,0,0,0
20210618T123111.A_Elmo.B_ST.SCP_01,41,A2,-0.19724586940749697,-1.0,-0.802754130592503,0.12440049385579925,-1,-1,0,1,1
20210618T123111.A_Elmo.B_ST.SCP_01,42,A2,-1.0,-0.27893735768329553,0.7210626423167045,0.1434421940287772,-1,-1,0,0,0
20210618T123111.A_Elmo.B_ST.SCP_01,43,A2,-0.30436823781834077,-0.36450837285395193,-0.060140135035611164,0.13723260955763025,-1,-1,0,1,1
20210618T123111.A_Elmo.B_ST.SCP_01,44,A2,-0.04057615927186897,-0.3275541330796301,-0.28697797380776113,-0.06863176758367856,-1,-1,0,0,0
20210618T123111.A_Elmo.B_ST.SCP_01,45,A2,0.36353375101230695,-0.45729932640288884,-0.8208330774151957,-0.06768634618729893,1,-1,1,0,0
20210618T123111.A_Elmo.B_ST.SCP_01,46,A2,0.20040188242893747,0.21231461554559272,0.01191273311665525,0.07826396342301169,1,1,0,0,0
20210618T123111.A_Elmo.B_ST.SCP_01,47,A2,-1.0,-0.3215083300783542,0.6784916699216458,-0.011878347535220742,-1,-1,0,0,0
20210618T123111.A_Elmo.B_ST.SCP_01,48,A2,-0.08429466777967042,-0.17839879209922238,-0.09410412431955197,0.2026345642759203,-1,-1,0,0,1
20210618T123111.A_Elmo.B_ST.SCP_01,49,A2,-0.28151767587426274,-0.4924670355600598,-0.21094935968579703,0.29023560853154196,-1,-1,0,1,1
20210618T123111.A_Elmo.B_ST.SCP_01,50,A2,-0.3078455596744617,-0.05131883199276332,0.2565267276816984,0.03432265154928953,-1,-1,0,0,0
20210618T123111.A_Elmo.B_ST.SCP_01,51,A2,-1.0,-1.0,0.0,0.09423151658645004,-1,-1,0,0,0
20210618T123111.A_Elmo.B_ST.SCP_01,52,A2,-0.46639898007853897,-0.4875327967881135,-0.021133816709574538,-0.23250165357718505,-1,-1,0,1,1
20210618T123111.A_Elmo.B_ST.SCP_01,53,A2,-1.0,-0.6585402284197777,0.34145977158022234,0.010948746190714889,-1,-1,0,0,0
20210618T123111.A_Elmo.B_ST.SCP_01,54,A2,-0.026843071523371755,-0.03556901141112001,-0.008725939887748255,0.2939088879926477,-1,-1,0,1,1
20210618T123111.A_Elmo.B_ST.SCP_01,55,A2,0.1224494401160316,-0.6313285167887233,-0.7537779569047549,-0.1451624763637008,1,-1,1,1,1
20210618T123111.A_Elmo.B_ST.SCP_01,56,A2,-0.025095627074673728,-0.2373340263900993,-0.21223839931542557,0.2217750895855594,-1,-1,0,1,1
20210618T123111.A_Elmo.B_ST.SCP_01,57,A2,0.4974158910822364,1.0,0.5025841089177636,-0.16951782274667565,1,1,0,1,1
20210618T123111.A_Elmo.B_ST.SCP_01,58,A2,-0.07420756321123287,0.02526563616913444,0.0994731993803673,-0.09416010200974036,-1,1,1,0,0
20210618T123111.A_Elmo.B_ST.SCP_01,59,A2,-0.1611987317148093,0.030960518472020398,0.1921592501868297,0.12408919592247072,-1,1,1,1,0
20210618T123111.A_Elmo.B_ST.SCP_01,60,A2,-0.01946118577878133,-0.009076490889294795,0.010384694889486535,0.10618950117992572,-1,-1,0,0,0
20210618T123111.A_Elmo.B_ST.SCP_01,61,A2,-1.0,0.21528087013781794,1.215280870137818,-0.08652430570427166,-1,1,1,0,0
20210618T123111.A_Elmo.B_ST.SCP_01,62,A2,-0.5326497579574175,0.0555574188370557,0.5882071767944732,0.19310106235513017,-1,1,1,0,0
20210618T123111.A_Elmo.B_ST.SCP_01,63,A2,-0.596680570419817,-0.9208708580540804,-0.3241902876342634,-0.4463778392808489,-1,-1,0,0,0
20210618T123111.A_Elmo.B_ST.SCP_01,64,A2,-1.0,0.12526499727167778,1.1252649972716777,0.29658688189754645,-1,1,1,0,0
20210618T123111.A_Elmo.B_ST.SCP_01,65,A3,0.20225817252079067,0.33633819773208445,0.13408002521129378,0.2245470153496726,1,1,0,0,0
20210618T123111.A_Elmo.B_ST.SCP_01,66,A3,-0.8244627072462085,-0.2282570373822643,0.5962056698639442,0.13199170246663738,-1,-1,0,0,0
20210618T123111.A_Elmo.B_ST.SCP_01,67,A3,1.0,-0.8137863683883452,-1.813786368388345,0.19245211877973928,1,-1,1,0,0
20210618T123111.A_Elmo.B_ST.SCP_01,68,A3,0.060801930778674455,-0.42496266164620017,-0.48576459242487463,-0.1563132195066577,1,-1,1,0,0
20210618T123111.A_Elmo.B_ST.SCP_01,69,A3,-0.5934517178894368,-0.7014988422485515,-0.10804712435911468,0.10385075333541295,-1,-1,0,0,0
20210618T123111.A_Elmo.B_ST.SCP_01,70,A3,0.07187416967206416,-0.0645132104976443,-0.13638738016970847,-0.012778509658438844,1,-1,1,0,0
20210618T123111.A_Elmo.B_ST.SCP_01,71,A3,0.08563523080627566,0.6041887441999095,0.5185535133936339,-0.12097061528793063,1,1,0,0,0
20210618T123111.A_Elmo.B_ST.SCP_01,72,A3,-0.06259059810656552,-0.11357908822093843,-0.05098849011437291,0.008878582555788064,-1,-1,0,0,0
20210618T123111.A_Elmo.B_ST.SCP_01,73,A3,-0.07650643212677942,0.1056681361826594,0.18217456830943882,-0.00080187858436046,-1,1,1,0,0
20210618T123111.A_Elmo.B_ST.SCP_01,74,A3,0.04289065136569979,0.0006301790492771833,-0.04226047231642261,-0.0401112749053891,1,1,0,0,0
20210618T123111.A_Elmo.B_ST.SCP_01,75,A3,1.0,-0.17367612625917628,-1.1736761262591764,0.2268226234821538,1,-1,1,0,0
20210618T123111.A_Elmo.B_ST.SCP_01,76,A3,-0.5888510228935595,-0.22063636338700432,0.3682146595065552,0.08711263289468286,-1,-1,0,0,0
20210618T123111.A_Elmo.B_ST.SCP_01,77,A3,0.2286721232109231,0.30709698344664277,0.07842486023571968,0.09233730224223614,1,1,0,0,0
20210618T123111.A_Elmo.B_ST.SCP_01,78,A3,-0.07988788657897575,0.1053475768846569,0.18523546346363265,-0.03212799611891181,-1,1,1,0,0
20210618T123111.A_Elmo.B_ST.SCP_01,79,A3,-0.15401457707215263,0.1659541217828012,0.3199686988549538,0.29046995916619617,-1,1,1,0,0
20210618T123111.A_Elmo.B_ST.SCP_01,80,A3,-1.0,-0.6401893561385645,0.35981064386143546,0.3066800916670629,-1,-1,0,0,1
20210618T123111.A_Elmo.B_ST.SCP_01,81,A3,-0.0338007474040508,0.00871036551674414,0.04251111292079494,-0.02057213285407719,-1,1,1,0,0
20210618T123111.A_Elmo.B_ST.SCP_01,82,A3,-1.0,0.06905449127196678,1.0690544912719668,-0.19139513942572844,-1,1,1,0,0
20210618T123111.A_Elmo.B_ST.SCP_01,83,A3,-1.0,-0.4683963409884837,0.5316036590115163,-0.16952892347983908,-1,-1,0,0,0
20210618T123111.A_Elmo.B_ST.SCP_01,84,A3,-0.12091607334938166,0.15001034287849546,0.2709264162278771,0.045258638314119415,-1,1,1,0,0
20210618T123111.A_Elmo.B_ST.SCP_01,85,A3,0.25231630015291523,0.2870697154396101,0.034753415286694844,-0.21183272667624062,1,1,0,0,0
20210618T123111.A_Elmo.B_ST.SCP_01,86,A3,-0.006662640098169913,-0.2698722419126169,-0.26320960181444697,-0.27563826667443947,-1,-1,0,0,0
20210618T123111.A_Elmo.B_ST.SCP_01,87,A3,0.08817221362542196,-0.021945012016379856,-0.11011722564180182,-0.19006915577523892,1,-1,1,0,0
20210618T123111.A_Elmo.B_ST.SCP_01,88,A3,-0.18490919415542412,0.21113249083786984,0.39604168499329395,0.09081168905976209,-1,1,1,0,0
20210618T123111.A_Elmo.B_ST.SCP_01,89,A3,0.4499249267133121,1.0,0.5500750732866879,-0.028335621891238803,1,1,0,0,0
20210618T123111.A_Elmo.B_ST.SCP_01,90,A3,-0.10114092390898433,0.010059146838797122,0.11120007074778145,0.054612876363856665,-1,1,1,0,0
20210618T123111.A_Elmo.B_ST.SCP_01,91,A3,-0.3065022253406929,-0.10155703135421344,0.20494519398647942,0.2008381081543124,-1,-1,0,0,0
20210618T123111.A_Elmo.B_ST.SCP_01,92,A3,-0.15403544519317494,-0.04994987041497005,0.10408557477820489,-0.06504728600473905,-1,-1,0,0,0
20210618T123111.A_Elmo.B_ST.SCP_01,93,A3,-0.19920638384831751,-0.26890354862820265,-0.06969716477988513,0.0353005250913806,-1,-1,0,0,0
20210618T123111.A_Elmo.B_ST.SCP_01,94,A3,-0.007343531129410964,-0.002834375564766396,0.004509155564644568,0.0067137022813687774,-1,-1,0,0,0
20210618T123111.A_Elmo.B_ST.SCP_01,95,A3,-0.0676062002194417,0.03288023942190124,0.10048643964134295,0.008641811989581468,-1,1,1,0,0
20210618T123111.A_Elmo.B_ST.SCP_01,96,A3,-0.04647877068601692,-0.23744975941239901,-0.1909709887263821,-0.06310660401506496,-1,-1,0,0,0
20210618T123111.A_Elmo.B_ST.SCP_01,97,A4,0.5020028896567303,0.5297974682170523,0.02779457856032197,0.3960469865246338,1,1,0,1,1
20210618T123111.A_Elmo.B_ST.SCP_01,98,A4,0.10949251390061,0.025949663579687015,-0.08354285032092298,0.06389239913141342,1,1,0,1,1
20210618T123111.A_Elmo.B_ST.SCP_01,99,A4,0.24509391424728327,0.2321271884904039,-0.012966725756879377,0.2670180583904108,1,1,0,1,1
20210618T123111.A_Elmo.B_ST.SCP_01,100,A4,-0.09676300758251309,0.005000072695523804,0.10176308027803689,0.05188649547968271,-1,1,1,1,1
20210618T123111.A_Elmo.B_ST.SCP_01,101,A4,0.3881381780824124,1.0,0.6118618219175875,0.3653803622936558,1,1,0,1,1
20210618T123111.A_Elmo.B_ST.SCP_01,102,A4,-0.37522832720130445,-0.07396228081177496,0.3012660463895295,0.050566135058659305,-1,-1,0,1,1
20210618T123111.A_Elmo.B_ST.SCP_01,103,A4,0.03946544695074972,-0.39112201787017686,-0.4305874648209266,0.0538442181406163,1,-1,1,1,1
20210618T123111.A_Elmo.B_ST.SCP_01,104,A4,0.19077823967860583,0.13892151574161257,-0.051856723936993254,0.5197087464674276,1,1,0,1,1
20210618T123111.A_Elmo.B_ST.SCP_01,105,A4,0.041705058814213734,-0.1104071678074402,-0.15211222662165394,0.02706365980411933,1,-1,1,1,1
20210618T123111.A_Elmo.B_ST.SCP_01,106,A4,0.0015283356189198483,0.02490413843605894,0.023375802817139094,0.09811994052275434,1,1,0,0,0
20210618T123111.A_Elmo.B_ST.SCP_01,107,A4,0.7917359314016632,0.027555932033354446,-0.7641799993683087,0.13763072945975827,1,1,0,0,1
20210618T123111.A_Elmo.B_ST.SCP_01,108,A4,-0.051718808999043235,-0.017386067736005362,0.03433274126303787,0.16017158676653867,-1,-1,0,0,1
20210618T123111.A_Elmo.B_ST.SCP_01,109,A4,-1.0,0.4236795957210884,1.4236795957210884,-0.07897091846905142,-1,1,1,0,0
20210618T123111.A_Elmo.B_ST.SCP_01,110,A4,0.551916895948907,0.06009741189083345,-0.4918194840580736,0.09360282914664778,1,1,0,0,0
20210618T123111.A_Elmo.B_ST.SCP_01,111,A4,0.05760431038785513,-0.05623459320649499,-0.11383890359435012,0.21052995373995081,1,-1,1,0,0
20210618T123111.A_Elmo.B_ST.SCP_01,112,A4,0.03281302203522616,0.016728560509713813,-0.016084461525512347,0.09527672453030936,1,1,0,0,0
20210618T123111.A_Elmo.B_ST.SCP_01,113,A4,0.1277819391110139,-0.1280640732909928,-0.2558460124020067,-0.3525662512082843,1,-1,1,1,1
20210618T123111.A_Elmo.B_ST.SCP_01,114,A4,0.0006545998187526257,-0.034877810537808106,-0.03553241035656073,-0.3050821227749285,1,-1,1,1,1
20210618T123111.A_Elmo.B_ST.SCP_01,115,A4,0.050104341710667376,-0.028181308267790202,-0.07828564997845758,0.27438858243106257,1,-1,1,1,1
20210618T123111.A_Elmo.B_ST.SCP_01,116,A4,0.0747020494069688,-0.013932878273644377,-0.08863492768061318,0.21865218906394113,1,-1,1,1,1
20210618T123111.A_Elmo.B_ST.SCP_01,117,A4,-0.1405075313025576,-0.021125328914797042,0.11938220238776057,-0.3763354867349749,-1,-1,0,1,1
20210618T123111.A_Elmo.B_ST.SCP_01,118,A4,-0.14546020347526856,-0.4430686132220903,-0.29760840974682173,0.04239711868861055,-1,-1,0,1,1
20210618T123111.A_Elmo.B_ST.SCP_01,119,A4,-0.0009294242865352756,-0.19068190684895184,-0.18975248256241656,0.035319180613821485,-1,-1,0,1,1
20210618T123111.A_Elmo.B_ST.SCP_01,120,A4,-0.015288158773949836,-0.07812714601869392,-0.06283898724474409,0.399618469736137,-1,-1,0,1,1
20210618T123111.A_Elmo.B_ST.SCP_01,121,A4,-0.061577180214325546,-0.4696113617711406,-0.40803418155681503,0.5217070190762224,-1,-1,0,1,1
20210618T123111.A_Elmo.B_ST.SCP_01,122,A4,1.0,0.3021810409456724,-0.6978189590543276,-0.23205099022265033,1,1,0,1,1
20210618T123111.A_Elmo.B_ST.SCP_01,123,A4,0.4313546894912112,0.457648459575981,0.026293770084769796,-0.09675625269938501,1,1,0,1,1
20210618T123111.A_Elmo.B_ST.SCP_01,124,A4,0.050018154648037924,-0.20347062712619332,-0.25348878177423123,0.059018466599091525,1,-1,1,1,1
20210618T123111.A_Elmo.B_ST.SCP_01,125,A4,-0.006003629189457975,-0.23320011659593415,-0.22719648740647616,-0.005132064577363103,-1,-1,0,1,1
20210618T123111.A_Elmo.B_ST.SCP_01,126,A4,-0.04663137854943183,-0.04970996690877319,-0.0030785883593413624,0.22071830560970215,-1,-1,0,1,1
20210618T123111.A_Elmo.B_ST.SCP_01,127,A4,-0.1903524017897418,-0.31314744768818487,-0.12279504589844306,0.479065793523487,-1,-1,0,1,1
20210618T123111.A_Elmo.B_ST.SCP_01,128,A4,-0.13919730854495393,-0.30166825453480894,-0.162470945989855,-0.17085522945930684,-1,-1,0,0,0
20210618T123111.A_Elmo.B_ST.SCP_01,129,A5,0.7193370257356736,0.1776278906430587,-0.5417091350926149,0.2907984286970041,1,1,0,0,0
20210618T123111.A_Elmo.B_ST.SCP_01,130,A5,1.0,0.17585855888167448,-0.8241414411183255,0.04307376507192617,1,1,0,0,0
20210618T123111.A_Elmo.B_ST.SCP_01,131,A5,1.0,1.0,0.0,0.14502173580427585,1,1,0,0,0
20210618T123111.A_Elmo.B_ST.SCP_01,132,A5,0.4116910954043956,0.20002085240161158,-0.211670243002784,0.02212473541638428,1,1,0,0,0
20210618T123111.A_Elmo.B_ST.SCP_01,133,A5,0.38393127798918675,0.18870901261954418,-0.19522226536964257,0.1590198991031253,1,1,0,1,0
20210618T123111.A_Elmo.B_ST.SCP_01,134,A5,1.0,0.7759466816050992,-0.22405331839490084,0.10765907680059764,1,1,0,1,0
20210618T123111.A_Elmo.B_ST.SCP_01,135,A5,0.1781552039844917,-0.11398818461543055,-0.2921433885999222,0.18391767211053892,1,-1,1,1,1
20210618T123111.A_Elmo.B_ST.SCP_01,136,A5,0.30790495882712,0.042022440803259405,-0.2658825180238606,0.15197335204897625,1,1,0,1,1
20210618T123111.A_Elmo.B_ST.SCP_01,137,A5,1.0,-0.0002167877440067942,-1.0002167877440067,0.04224091749052708,1,-1,1,0,0
20210618T123111.A_Elmo.B_ST.SCP_01,138,A5,1.0,0.054568961981244384,-0.9454310380187556,0.16084426014382155,1,1,0,0,0
20210618T123111.A_Elmo.B_ST.SCP_01,139,A5,0.18013917555859155,-0.008172418992896825,-0.18831159455148838,-0.29355665029684697,1,-1,1,0,0
20210618T123111.A_Elmo.B_ST.SCP_01,140,A5,1.0,0.005937355953175113,-0.9940626440468249,0.1567957131571226,1,1,0,0,0
20210618T123111.A_Elmo.B_ST.SCP_01,141,A5,0.46634807274884976,1.0,0.5336519272511502,-0.09779983337702787,1,1,0,0,0
20210618T123111.A_Elmo.B_ST.SCP_01,142,A5,1.0,0.30242697029136545,-0.6975730297086346,-0.009719286241418133,1,1,0,1,1
20210618T123111.A_Elmo.B_ST.SCP_01,143,A5,1.0,0.04325170162777525,-0.9567482983722247,0.2994807652868969,1,1,0,0,1
20210618T123111.A_Elmo.B_ST.SCP_01,144,A5,0.4571261305917182,-0.017049163682088524,-0.4741752942738067,-0.028473752770074575,1,-1,1,0,0
20210618T123111.A_Elmo.B_ST.SCP_01,145,A5,1.0,0.4568220038775887,-0.5431779961224112,0.4756575356595851,1,1,0,1,1
20210618T123111.A_Elmo.B_ST.SCP_01,146,A5,0.3704178496074114,-0.13788833177881268,-0.5083061813862241,0.2592094102955484,1,-1,1,1,0
20210618T123111.A_Elmo.B_ST.SCP_01,147,A5,0.199818306583443,-0.11858069850794617,-0.3183990050913892,0.03187327642941782,1,-1,1,0,0
20210618T123111.A_Elmo.B_ST.SCP_01,148,A5,1.0,1.0,0.0,0.14955003803047665,1,1,0,0,0
20210618T123111.A_Elmo.B_ST.SCP_01,149,A5,1.0,-0.12554094364052756,-1.1255409436405275,-0.12463610106873937,1,-1,1,0,0
20210618T123111.A_Elmo.B_ST.SCP_01,150,A5,-1.0,-0.6323769365244151,0.36762306347558493,-0.12260588593487101,-1,-1,0,0,0
20210618T123111.A_Elmo.B_ST.SCP_01,151,A5,0.9798543313038797,0.5202703478856552,-0.4595839834182245,0.45666065820472046,1,1,0,0,0
20210618T123111.A_Elmo.B_ST.SCP_01,152,A5,1.0,-1.0,-2.0,0.12381937461785467,1,-1,1,0,0
20210618T123111.A_Elmo.B_ST.SCP_01,153,A5,1.0,0.49317946023485254,-0.5068205397651475,0.07675660900557663,1,1,0,1,0
20210618T123111.A_Elmo.B_ST.SCP_01,154,A5,1.0,0.3080295701740993,-0.6919704298259006,0.08272872562796661,1,1,0,0,0
20210618T123111.A_Elmo.B_ST.SCP_01,155,A5,1.0,0.578174809236659,-0.421825190763341,-0.21480728693208326,1,1,0,0,0
20210618T123111.A_Elmo.B_ST.SCP_01,156,A5,0.01842262614564006,-0.017526080805342827,-0.03594870695098289,-0.08917794784159878,1,-1,1,0,0
20210618T123111.A_Elmo.B_ST.SCP_01,157,A5,1.0,0.09891384657565505,-0.901086153424345,-0.015567912643398301,1,1,0,0,0
20210618T123111.A_Elmo.B_ST.SCP_01,158,A5,1.0,0.00676292026079941,-0.9932370797392006,-0.04797197991675736,1,1,0,0,0
20210618T123111.A_Elmo.B_ST.SCP_01,159,A5,1.0,0.27481109929346076,-0.7251889007065393,-0.25151479735977256,1,1,0,0,1
20210618T123111.A_Elmo.B_ST.SCP_01,160,A5,1.0,0.1091445116730129,-0.8908554883269871,-0.16335422820080184,1,1,0,0,0
20210623T140144.A_Elmo.B_ST.SCP_01,1,A1,-1.0,-0.027140943435970084,0.9728590565640299,0.1348538958611193,-1,-1,0,1,1
20210623T140144.A_Elmo.B_ST.SCP_01,2,A1,-0.12665490321567643,0.10983700911333842,0.23649191232901484,0.2694220880832473,-1,1,1,0,1
20210623T140144.A_Elmo.B_ST.SCP_01,3,A1,0.4114126724514595,-0.7932629188906881,-1.2046755913421476,0.33068104071983995,1,-1,1,0,1
20210623T140144.A_Elmo.B_ST.SCP_01,4,A1,1.0,1.0,0.0,0.45147005700443915,1,1,0,1,1
20210623T140144.A_Elmo.B_ST.SCP_01,5,A1,-1.0,0.02585690250018162,1.0258569025001816,-0.29700354468039675,-1,1,1,1,1
20210623T140144.A_Elmo.B_ST.SCP_01,6,A1,-0.5326641198066369,-0.1081685604654239,0.42449555934121297,0.11073716148266725,-1,-1,0,1,1
20210623T140144.A_Elmo.B_ST.SCP_01,7,A1,-0.43699758467687844,-0.2714501692567328,0.16554741542014562,0.372747306616402,-1,-1,0,0,1
20210623T140144.A_Elmo.B_ST.SCP_01,8,A1,-1.0,-0.24816986836648935,0.7518301316335106,0.24827400527866583,-1,-1,0,1,1
20210623T140144.A_Elmo.B_ST.SCP_01,9,A1,0.19621128397098006,0.3792656347367033,0.18305435076572327,0.3669950690584397,1,1,0,1,1
20210623T140144.A_Elmo.B_ST.SCP_01,10,A1,0.2526999184759554,0.05934475862395121,-0.1933551598520042,0.12577860413925207,1,1,0,1,1
20210623T140144.A_Elmo.B_ST.SCP_01,11,A1,-0.08909979855826781,0.09501269505585973,0.18411249361412754,-0.09528923514184875,-1,1,1,1,1
20210623T140144.A_Elmo.B_ST.SCP_01,12,A1,1.0,0.19366308538781948,-0.8063369146121805,-0.23752788670433256,1,1,0,1,1
20210623T140144.A_Elmo.B_ST.SCP_01,13,A1,0.031613039805833805,0.11887478705471777,0.08726174724888397,0.2762463194458643,1,1,0,1,1
20210623T140144.A_Elmo.B_ST.SCP_01,14,A1,-0.888110223656907,-0.11447048520915364,0.7736397384477534,0.14098533428487478,-1,-1,0,0,1
20210623T140144.A_Elmo.B_ST.SCP_01,15,A1,-0.6880831760571484,0.08143950085731083,0.7695226769144592,0.350331102252132,-1,1,1,0,0
20210623T140144.A_Elmo.B_ST.SCP_01,16,A1,-0.2034919068763944,-0.16967061405600786,0.03382129282038654,0.2630991937623554,-1,-1,0,1,1
20210623T140144.A_Elmo.B_ST.SCP_01,17,A1,-1.0,-1.0,0.0,-0.19056756993236007,-1,-1,0,1,1
20210623T140144.A_Elmo.B_ST.SCP_01,18,A1,-1.0,0.1299589384214159,1.129958938421416,0.27280298417963156,-1,1,1,1,1
20210623T140144.A_Elmo.B_ST.SCP_01,19,A1,-0.46296770721127656,-0.3058876585650668,0.15708004864620978,0.26103213317266816,-1,-1,0,1,1
20210623T140144.A_Elmo.B_ST.SCP_01,20,A1,-0.3583811219844953,-0.42654207480745077,-0.06816095282295548,0.4486609583743257,-1,-1,0,1,1
20210623T140144.A_Elmo.B_ST.SCP_01,21,A1,-0.3411402987881477,-1.0,-0.6588597012118522,-0.007231673267790147,-1,-1,0,1,0
20210623T140144.A_Elmo.B_ST.SCP_01,22,A1,-0.06411597623465552,-0.031576675933089264,0.03253930030156626,0.013560621513293805,-1,-1,0,0,0
20210623T140144.A_Elmo.B_ST.SCP_01,23,A1,0.30604318981735845,-0.44883142057901043,-0.7548746103963688,0.2097111931933863,1,-1,1,1,1
20210623T140144.A_Elmo.B_ST.SCP_01,24,A1,-0.6612142437695322,-1.0,-0.3387857562304678,0.3945583902824873,-1,-1,0,1,1
20210623T140144.A_Elmo.B_ST.SCP_01,25,A1,-1.0,-0.6816316706853331,0.31836832931466685,-0.06386670309551147,-1,-1,0,0,0
20210623T140144.A_Elmo.B_ST.SCP_01,26,A1,0.6885621868548053,-0.12084624495076567,-0.809408431805571,0.03826697620572084,1,-1,1,1,1
20210623T140144.A_Elmo.B_ST.SCP_01,27,A1,0.3416897843985328,0.1045049268832244,-0.23718485751530843,0.11457384951568778,1,1,0,0,0
20210623T140144.A_Elmo.B_ST.SCP_01,28,A1,0.21853443332263897,1.0,0.781465566677361,0.5208656707942019,1,1,0,1,1
20210623T140144.A_Elmo.B_ST.SCP_01,29,A1,1.0,-0.14777098582919487,-1.147770985829195,0.14219639292425915,1,-1,1,1,1
20210623T140144.A_Elmo.B_ST.SCP_01,30,A1,0.5183714437344118,0.1529845890135959,-0.3653868547208159,-0.03685393611238088,1,1,0,0,1
20210623T140144.A_Elmo.B_ST.SCP_01,31,A1,-0.5390194355155126,-0.6624639556157922,-0.12344452010027962,0.7573703273044903,-1,-1,0,1,1
20210623T140144.A_Elmo.B_ST.SCP_01,32,A1,1.0,1.0,0.0,0.170813377001518,1,1,0,1,1
20210623T140144.A_Elmo.B_ST.SCP_01,33,A2,-0.4663819177238087,-0.6532122517805894,-0.18683033405678068,0.3612086884081937,-1,-1,0,1,1
20210623T140144.A_Elmo.B_ST.SCP_01,34,A2,-0.5350717862856336,-0.224080546211159,0.31099124007447454,0.354038743002013,-1,-1,0,1,0
20210623T140144.A_Elmo.B_ST.SCP_01,35,A2,-0.19351813966317014,-1.0,-0.8064818603368299,-0.23695699966962225,-1,-1,0,0,0
20210623T140144.A_Elmo.B_ST.SCP_01,36,A2,-0.16131726121939258,-0.024146065018984184,0.1371711962004084,0.10128205542566471,-1,-1,0,1,1
20210623T140144.A_Elmo.B_ST.SCP_01,37,A2,-0.2540406389925048,-0.2659493502653811,-0.011908711272876293,0.26360570371216013,-1,-1,0,0,0
20210623T140144.A_Elmo.B_ST.SCP_01,38,A2,-0.06510825678508303,-0.08013375928993402,-0.01502550250485099,0.19262400283403128,-1,-1,0,0,0
20210623T140144.A_Elmo.B_ST.SCP_01,39,A2,-0.6568073907639492,-0.34309751964296314,0.3137098711209861,0.15356380675643225,-1,-1,0,1,1
20210623T140144.A_Elmo.B_ST.SCP_01,40,A2,-1.0,1.0,2.0,-0.003413806009324399,-1,1,1,0,0
20210623T140144.A_Elmo.B_ST.SCP_01,41,A2,0.0005248556072866145,-0.44931666883189275,-0.44984152443917935,0.2491818208189826,1,-1,1,1,1
20210623T140144.A_Elmo.B_ST.SCP_01,42,A2,-0.12156250210637587,-0.6648136065971644,-0.5432511044907885,0.13136725391527468,-1,-1,0,0,1
20210623T140144.A_Elmo.B_ST.SCP_01,43,A2,-1.0,-0.4392624033951896,0.5607375966048104,0.15378421149505733,-1,-1,0,1,1
20210623T140144.A_Elmo.B_ST.SCP_01,44,A2,-0.23217061924328367,-0.45925024593142094,-0.22707962668813728,-0.20705248053282224,-1,-1,0,0,0
20210623T140144.A_Elmo.B_ST.SCP_01,45,A2,-0.30157298379099773,-0.04496310833690538,0.25660987545409236,0.3778773475034204,-1,-1,0,0,0
20210623T140144.A_Elmo.B_ST.SCP_01,46,A2,-1.0,-0.23377705329635853,0.7662229467036414,0.28324764943190567,-1,-1,0,0,1
20210623T140144.A_Elmo.B_ST.SCP_01,47,A2,-1.0,-0.02214246023277315,0.9778575397672269,0.03508667193170489,-1,-1,0,0,1
20210623T140144.A_Elmo.B_ST.SCP_01,48,A2,-1.0,-1.0,0.0,0.2186206786364648,-1,-1,0,0,0
20210623T140144.A_Elmo.B_ST.SCP_01,49,A2,-1.0,-0.13331081205701306,0.866689187942987,-0.005816362530682949,-1,-1,0,1,1
20210623T140144.A_Elmo.B_ST.SCP_01,50,A2,-0.13870407595245574,-0.22751596503489507,-0.08881188908243934,0.1507700427117119,-1,-1,0,1,1
20210623T140144.A_Elmo.B_ST.SCP_01,51,A2,-1.0,0.25699982233414,1.2569998223341399,0.0625592381947147,-1,1,1,1,0
20210623T140144.A_Elmo.B_ST.SCP_01,52,A2,-1.0,0.11729825887578223,1.1172982588757823,-0.11915127591443839,-1,1,1,1,0
20210623T140144.A_Elmo.B_ST.SCP_01,53,A2,-0.15103204115456315,0.1478284166537435,0.2988604578083066,-0.33874879032462174,-1,1,1,0,0
20210623T140144.A_Elmo.B_ST.SCP_01,54,A2,0.18362512237290649,0.07375727948928806,-0.10986784288361842,0.3100896213152041,1,1,0,1,1
20210623T140144.A_Elmo.B_ST.SCP_01,55,A2,-0.129517967231221,-0.20765475771339903,-0.07813679048217803,0.3408302078127875,-1,-1,0,1,1
20210623T140144.A_Elmo.B_ST.SCP_01,56,A2,-0.3022136079748582,1.0,1.302213607974858,-0.18879701636544052,-1,1,1,1,1
20210623T140144.A_Elmo.B_ST.SCP_01,57,A2,-0.7249770667369726,0.10790283535835676,0.8328799020953294,0.058844072371832576,-1,1,1,1,1
20210623T140144.A_Elmo.B_ST.SCP_01,58,A2,1.0,0.6762001485707855,-0.3237998514292145,0.28668256707604495,1,1,0,0,0
20210623T140144.A_Elmo.B_ST.SCP_01,59,A2,-1.0,-1.0,0.0,0.2421842268667339,-1,-1,0,1,1
20210623T140144.A_Elmo.B_ST.SCP_01,60,A2,0.41458440816405645,0.023241793059643075,-0.39134261510441337,-0.08537829191011123,1,1,0,0,0
20210623T140144.A_Elmo.B_ST.SCP_01,61,A2,-1.0,-0.4859881454414189,0.5140118545585811,-0.06337214560872745,-1,-1,0,0,0
20210623T140144.A_Elmo.B_ST.SCP_01,62,A2,-0.3060434922971553,-0.028958415112854956,0.2770850771843003,0.3748577412873324,-1,-1,0,0,1
20210623T140144.A_Elmo.B_ST.SCP_01,63,A2,-1.0,-1.0,0.0,0.12656558613201618,-1,-1,0,0,1
20210623T140144.A_Elmo.B_ST.SCP_01,64,A2,-0.4755803994386666,-1.0,-0.5244196005613334,0.16864783184104545,-1,-1,0,0,0
20210623T140144.A_Elmo.B_ST.SCP_01,65,A3,0.08452937173569716,0.13395161441316333,0.04942224267746617,0.0865639878108596,1,1,0,0,1
20210623T140144.A_Elmo.B_ST.SCP_01,66,A3,-0.12720505032244156,-0.19390474840401256,-0.066699698081571,0.11651131086147676,-1,-1,0,0,0
20210623T140144.A_Elmo.B_ST.SCP_01,67,A3,-1.0,-0.1695739784866286,0.8304260215133714,0.3703791600281848,-1,-1,0,0,0
20210623T140144.A_Elmo.B_ST.SCP_01,68,A3,0.40884387349815166,1.0,0.5911561265018483,0.09129617434165761,1,1,0,0,0
20210623T140144.A_Elmo.B_ST.SCP_01,69,A3,-0.26762008909944973,0.02220450344888348,0.2898245925483332,-0.17424070974324776,-1,1,1,0,0
20210623T140144.A_Elmo.B_ST.SCP_01,70,A3,-0.10752701918768447,0.004499388961878441,0.11202640814956291,-0.23808065175519713,-1,1,1,0,0
20210623T140144.A_Elmo.B_ST.SCP_01,71,A3,-0.01950137847404891,-1.0,-0.9804986215259511,-0.13166684492703895,-1,-1,0,0,0
20210623T140144.A_Elmo.B_ST.SCP_01,72,A3,-0.028205106211040436,0.037574894325769326,0.06578000053680977,-0.07784324780484893,-1,1,1,0,0
20210623T140144.A_Elmo.B_ST.SCP_01,73,A3,0.16930207707750852,0.25498738545721245,0.08568530837970392,0.09056052979661203,1,1,0,0,0
20210623T140144.A_Elmo.B_ST.SCP_01,74,A3,0.04700315685062641,0.21249236892943066,0.16548921207880424,0.08946468977144245,1,1,0,0,0
20210623T140144.A_Elmo.B_ST.SCP_01,75,A3,-0.46177067859299814,-0.9414128041175702,-0.4796421255245721,-0.25811037752159505,-1,-1,0,0,0
20210623T140144.A_Elmo.B_ST.SCP_01,76,A3,0.41879057521383145,0.18605684464782318,-0.23273373056600827,-0.1538856480377369,1,1,0,0,1
20210623T140144.A_Elmo.B_ST.SCP_01,77,A3,0.22745322453189518,-0.2629003492726468,-0.49035357380454203,0.5266478328440773,1,-1,1,0,1
20210623T140144.A_Elmo.B_ST.SCP_01,78,A3,-0.15070327318457608,0.06555406765610014,0.21625734084067622,0.006493453234166051,-1,1,1,0,0
20210623T140144.A_Elmo.B_ST.SCP_01,79,A3,0.41121345589205643,-0.2933112458729934,-0.7045247017650498,-0.20345691226272333,1,-1,1,0,0
20210623T140144.A_Elmo.B_ST.SCP_01,80,A3,-0.06854828390645047,0.07410315120027625,0.14265143510672673,0.27171097380825115,-1,1,1,0,0
20210623T140144.A_Elmo.B_ST.SCP_01,81,A3,0.263683581431832,0.010734460376152178,-0.25294912105567985,0.05927249779684592,1,1,0,0,1
20210623T140144.A_Elmo.B_ST.SCP_01,82,A3,0.28535718913751784,-0.09043248423124256,-0.3757896733687604,-0.0002605462922205217,1,-1,1,0,1
20210623T140144.A_Elmo.B_ST.SCP_01,83,A3,-1.0,-1.0,0.0,0.3353927846452872,-1,-1,0,0,1
20210623T140144.A_Elmo.B_ST.SCP_01,84,A3,-0.012563264109630162,-0.030648911699315738,-0.018085647589685575,-0.17532126792934244,-1,-1,0,0,0
20210623T140144.A_Elmo.B_ST.SCP_01,85,A3,-0.03353078774926,-0.6322315686875386,-0.5987007809382786,0.31541091866274146,-1,-1,0,0,0
20210623T140144.A_Elmo.B_ST.SCP_01,86,A3,-0.082392227021907,0.14313761730281083,0.22552984432471784,-0.2207930515858742,-1,1,1,0,0
20210623T140144.A_Elmo.B_ST.SCP_01,87,A3,0.156819117130877,0.06440030624142616,-0.09241881088945085,0.30206758701294323,1,1,0,0,0
20210623T140144.A_Elmo.B_ST.SCP_01,88,A3,0.0842159052469135,-0.13168305294491714,-0.21589895819183064,0.319717954183226,1,-1,1,0,1
20210623T140144.A_Elmo.B_ST.SCP_01,89,A3,0.02834664664619765,0.07262124361541633,0.04427459696921868,0.09512817876035624,1,1,0,0,0
20210623T140144.A_Elmo.B_ST.SCP_01,90,A3,1.0,0.5610095080660781,-0.4389904919339219,0.14268085114254397,1,1,0,0,0
20210623T140144.A_Elmo.B_ST.SCP_01,91,A3,0.2460284973144611,0.004200650922436898,-0.2418278463920242,-0.16099142085023516,1,1,0,0,0
20210623T140144.A_Elmo.B_ST.SCP_01,92,A3,-0.14653951386345895,0.12485403000100706,0.271393543864466,0.2859145755117396,-1,1,1,0,0
20210623T140144.A_Elmo.B_ST.SCP_01,93,A3,-0.4914610401443271,-1.0,-0.5085389598556729,0.10448453654093093,-1,-1,0,0,0
20210623T140144.A_Elmo.B_ST.SCP_01,94,A3,0.13411969583445327,0.12464819227817031,-0.009471503556282956,0.2907875363258226,1,1,0,0,0
20210623T140144.A_Elmo.B_ST.SCP_01,95,A3,-0.962063140867196,0.014208300150041294,0.9762714410172373,0.17981597627884296,-1,1,1,0,0
20210623T140144.A_Elmo.B_ST.SCP_01,96,A3,-0.05037201698939864,-0.02321991736131886,0.027152099628079778,-0.05954374458422095,-1,-1,0,0,0
20210623T140144.A_Elmo.B_ST.SCP_01,97,A4,-0.4928128982302167,0.15367346648899755,0.6464863647192143,-0.08613329818447985,-1,1,1,1,0
20210623T140144.A_Elmo.B_ST.SCP_01,98,A4,0.932982227517401,-0.3754013063504552,-1.3083835338678562,-0.17849294698289442,1,-1,1,1,0
20210623T140144.A_Elmo.B_ST.SCP_01,99,A4,-0.34220130208650484,0.25222070003999636,0.5944220021265012,0.101386555426719,-1,1,1,0,0
20210623T140144.A_Elmo.B_ST.SCP_01,100,A4,0.14580001180580787,-0.03726654596136116,-0.18306655776716904,-0.0979673035257592,1,-1,1,1,0
20210623T140144.A_Elmo.B_ST.SCP_01,101,A4,-1.0,-0.37156768271581386,0.6284323172841861,0.267545595975097,-1,-1,0,1,0
20210623T140144.A_Elmo.B_ST.SCP_01,102,A4,-0.27714911918410096,-0.06577615909694792,0.21137296008715303,0.015823006026078557,-1,-1,0,1,0
20210623T140144.A_Elmo.B_ST.SCP_01,103,A4,0.21253124260302633,0.10846149072967942,-0.10406975187334691,-0.0668112461699859,1,1,0,1,1
20210623T140144.A_Elmo.B_ST.SCP_01,104,A4,0.006071148460351451,-0.056112162700943706,-0.062183311161295156,0.01580631268081834,1,-1,1,0,0
20210623T140144.A_Elmo.B_ST.SCP_01,105,A4,0.6896542546414574,-0.27073342169876646,-0.9603876763402238,-0.07501584833181346,1,-1,1,1,0
20210623T140144.A_Elmo.B_ST.SCP_01,106,A4,-0.26931490713409667,0.10572041274486045,0.3750353198789571,0.22190108822014132,-1,1,1,0,1
20210623T140144.A_Elmo.B_ST.SCP_01,107,A4,1.0,1.0,0.0,-0.155666047504967,1,1,0,0,0
20210623T140144.A_Elmo.B_ST.SCP_01,108,A4,1.0,1.0,0.0,0.040241118825309084,1,1,0,0,0
20210623T140144.A_Elmo.B_ST.SCP_01,109,A4,-0.28380999759990005,-0.2502354608646057,0.03357453673529437,0.12375081467897091,-1,-1,0,0,0
20210623T140144.A_Elmo.B_ST.SCP_01,110,A4,-0.011823086995078278,-0.15775232635861014,-0.14592923936353186,0.08274256386006945,-1,-1,0,0,0
20210623T140144.A_Elmo.B_ST.SCP_01,111,A4,0.3124846076598154,0.8050175362385074,0.49253292857869196,-0.05470371752141302,1,1,0,1,1
20210623T140144.A_Elmo.B_ST.SCP_01,112,A4,0.14410646851154948,0.12191154920450213,-0.022194919307047353,-0.10053519825938777,1,1,0,0,0
20210623T140144.A_Elmo.B_ST.SCP_01,113,A4,0.09343082907948154,0.1085940348453121,0.015163205765830565,0.0100461087949907,1,1,0,1,1
20210623T140144.A_Elmo.B_ST.SCP_01,114,A4,0.1048734002942117,0.9657454243622812,0.8608720240680695,0.30032877525519097,1,1,0,1,1
20210623T140144.A_Elmo.B_ST.SCP_01,115,A4,0.09677413658567939,-0.3762664839462438,-0.4730406205319232,-0.3451267345842668,1,-1,1,1,1
20210623T140144.A_Elmo.B_ST.SCP_01,116,A4,-1.0,-0.689241924786085,0.31075807521391496,-0.012553080946913361,-1,-1,0,1,1
20210623T140144.A_Elmo.B_ST.SCP_01,117,A4,-0.12399106544785664,-0.2664359527680874,-0.14244488732023075,0.001556458303795935,-1,-1,0,1,1
20210623T140144.A_Elmo.B_ST.SCP_01,118,A4,-0.08943815939201237,-0.3414405945522186,-0.2520024351602062,-0.018990671078157148,-1,-1,0,1,0
20210623T140144.A_Elmo.B_ST.SCP_01,119,A4,-0.1533039767761793,-0.008205081993033544,0.14509889478314575,0.2624729135441279,-1,-1,0,1,1
20210623T140144.A_Elmo.B_ST.SCP_01,120,A4,1.0,-0.3543404632434782,-1.3543404632434781,0.26857168329412023,1,-1,1,0,1
20210623T140144.A_Elmo.B_ST.SCP_01,121,A4,-0.08388601361714984,0.3203769543246393,0.4042629679417892,0.3040707116452735,-1,1,1,1,1
20210623T140144.A_Elmo.B_ST.SCP_01,122,A4,-1.0,0.21463784852661086,1.214637848526611,0.018100427759905214,-1,1,1,0,0
20210623T140144.A_Elmo.B_ST.SCP_01,123,A4,0.01397277806808943,0.10200468456520356,0.08803190649711413,-0.08218986598283104,1,1,0,0,0
20210623T140144.A_Elmo.B_ST.SCP_01,124,A4,0.1719457281455118,0.011979398060558756,-0.15996633008495303,0.03488277682142595,1,1,0,0,0
20210623T140144.A_Elmo.B_ST.SCP_01,125,A4,-0.10190200023065463,0.29236441251506695,0.3942664127457216,-0.20502031050510822,-1,1,1,0,0
20210623T140144.A_Elmo.B_ST.SCP_01,126,A4,-0.11311690888241518,0.022149314319852217,0.1352662232022674,0.16856337818916337,-1,1,1,0,0
20210623T140144.A_Elmo.B_ST.SCP_01,127,A4,-1.0,0.16921314256945577,1.1692131425694559,0.07836550995949444,-1,1,1,0,1
20210623T140144.A_Elmo.B_ST.SCP_01,128,A4,0.7970055860429748,0.6724428866716567,-0.12456269937131803,0.3129453004417802,1,1,0,0,0
20210623T140144.A_Elmo.B_ST.SCP_01,129,A5,-0.40247413719448916,0.5252294222119664,0.9277035594064555,-0.2803303501867522,-1,1,1,1,0
20210623T140144.A_Elmo.B_ST.SCP_01,130,A5,-0.8478877106859478,0.15899175885139755,1.0068794695373453,0.08074477043376319,-1,1,1,0,0
20210623T140144.A_Elmo.B_ST.SCP_01,131,A5,-0.6836197282429555,1.0,1.6836197282429555,-0.08494424087799311,-1,1,1,1,0
20210623T140144.A_Elmo.B_ST.SCP_01,132,A5,0.054011865948868316,-0.020472282007266366,-0.07448414795613469,0.03804935199665017,1,-1,1,0,0
20210623T140144.A_Elmo.B_ST.SCP_01,133,A5,-0.1963065921601371,-0.14598755307187403,0.05031903908826307,-0.3035620941288069,-1,-1,0,1,1
20210623T140144.A_Elmo.B_ST.SCP_01,134,A5,-1.0,-0.3098877079492151,0.690112292050785,0.3225107195338106,-1,-1,0,0,0
20210623T140144.A_Elmo.B_ST.SCP_01,135,A5,-0.4559627916309154,-0.8115571898879369,-0.3555943982570215,0.24330594916574785,-1,-1,0,1,1
20210623T140144.A_Elmo.B_ST.SCP_01,136,A5,0.08482867512581418,0.18946621935994057,0.10463754423412638,0.17421014383019445,1,1,0,1,0
20210623T140144.A_Elmo.B_ST.SCP_01,137,A5,-0.057580492464065505,0.02322534354655835,0.08080583601062385,0.01218602939512067,-1,1,1,0,0
20210623T140144.A_Elmo.B_ST.SCP_01,138,A5,-0.6310797397664324,0.07464213661596202,0.7057218763823944,0.2791346041266564,-1,1,1,0,0
20210623T140144.A_Elmo.B_ST.SCP_01,139,A5,-0.042097162321288,0.19363157521737573,0.23572873753866372,-0.11373177049872495,-1,1,1,0,0
20210623T140144.A_Elmo.B_ST.SCP_01,140,A5,0.288569357370389,0.051168022581543904,-0.23740133478884512,-0.13690227428262836,1,1,0,0,0
20210623T140144.A_Elmo.B_ST.SCP_01,141,A5,0.05335833358161485,0.031135525358988714,-0.022222808222626133,0.07509570621867967,1,1,0,0,0
20210623T140144.A_Elmo.B_ST.SCP_01,142,A5,0.09345917068872116,-0.08866080892481559,-0.18211997961353676,-0.12399591683918129,1,-1,1,0,0
20210623T140144.A_Elmo.B_ST.SCP_01,143,A5,-0.1796857244965038,-1.0,-0.8203142755034962,-0.08092799611906144,-1,-1,0,0,0
20210623T140144.A_Elmo.B_ST.SCP_01,144,A5,-0.3353762231242968,-0.04575025468552083,0.28962596843877597,-0.09170844647062654,-1,-1,0,0,0
20210623T140144.A_Elmo.B_ST.SCP_01,145,A5,-0.2102732909597841,-1.0,-0.7897267090402159,0.13699397048630285,-1,-1,0,1,1
20210623T140144.A_Elmo.B_ST.SCP_01,146,A5,-0.10061898776751779,0.19869280633598246,0.2993117941035003,0.12506477719514006,-1,1,1,1,1
20210623T140144.A_Elmo.B_ST.SCP_01,147,A5,0.015744463610124482,0.028118534766606362,0.01237407115648188,0.04969264936080505,1,1,0,0,0
20210623T140144.A_Elmo.B_ST.SCP_01,148,A5,-0.12893823877112023,0.056935230179756685,0.18587346895087692,0.09573425797235435,-1,1,1,0,0
20210623T140144.A_Elmo.B_ST.SCP_01,149,A5,-0.26618850683810064,-0.4322686948803424,-0.16608018804224178,-0.004629409677724699,-1,-1,0,0,0
20210623T140144.A_Elmo.B_ST.SCP_01,150,A5,-0.34497134088238074,0.5764141788317267,0.9213855197141074,-0.22639288554194323,-1,1,1,0,0
20210623T140144.A_Elmo.B_ST.SCP_01,151,A5,-0.6171204798113875,-0.02369307110322517,0.5934274087081624,0.172883993966087,-1,-1,0,1,0
20210623T140144.A_Elmo.B_ST.SCP_01,152,A5,-0.3376708465239632,0.02785878924790226,0.3655296357718654,-0.16683899880163802,-1,1,1,0,0
20210623T140144.A_Elmo.B_ST.SCP_01,153,A5,-0.32680753791344735,-0.010686928953036976,0.3161206089604104,0.14516178289186327,-1,-1,0,1,0
20210623T140144.A_Elmo.B_ST.SCP_01,154,A5,-0.07325345708556438,-0.10477374133801491,-0.03152028425245053,-0.1288018128980696,-1,-1,0,0,0
20210623T140144.A_Elmo.B_ST.SCP_01,155,A5,0.4602727742781195,0.1299619381403603,-0.33031083613775925,-0.3133561389107376,1,1,0,0,0
20210623T140144.A_Elmo.B_ST.SCP_01,156,A5,-0.47122759625901817,0.23869588364726485,0.709923479906283,-0.041383004517546736,-1,1,1,0,0
20210623T140144.A_Elmo.B_ST.SCP_01,157,A5,0.04011662807406531,0.26831440180904126,0.22819777373497596,0.002798990823203905,1,1,0,0,0
20210623T140144.A_Elmo.B_ST.SCP_01,158,A5,-0.13641802834001507,-0.8740286569065197,-0.7376106285665046,-0.2933833604842522,-1,-1,0,0,0
20210623T140144.A_Elmo.B_ST.SCP_01,159,A5,0.07853757770760024,0.05897186481955925,-0.019565712888040987,-0.2055167622379822,1,1,0,0,0
20210623T140144.A_Elmo.B_ST.SCP_01,160,A5,-0.6722338228873379,-0.3837219720593529,0.28851185082798503,0.012346616029235544,-1,-1,0,0,0
20210625T141512.A_Elmo.B_KN.SCP_01,1,A1,-0.38836923352170705,0.22542088037720961,0.6137901138989167,-0.11536576596371856,-1,1,1,1,1
20210625T141512.A_Elmo.B_KN.SCP_01,2,A1,-0.26559124765069364,0.051683336436783925,0.31727458408747755,0.23457252229935208,-1,1,1,1,1
20210625T141512.A_Elmo.B_KN.SCP_01,3,A1,0.23196748480511778,0.8270092186706292,0.5950417338655114,0.07445933740690171,1,1,0,1,1
20210625T141512.A_Elmo.B_KN.SCP_01,4,A1,1.0,1.0,0.0,0.055405840811595296,1,1,0,1,1
20210625T141512.A_Elmo.B_KN.SCP_01,5,A1,-0.8588848238499547,0.520296738287075,1.3791815621370298,-0.21405034923111252,-1,1,1,1,1
20210625T141512.A_Elmo.B_KN.SCP_01,6,A1,-0.5474936688631648,0.034257418077516255,0.581751086940681,0.03342519386572338,-1,1,1,0,1
20210625T141512.A_Elmo.B_KN.SCP_01,7,A1,-1.0,0.07992773477073617,1.0799277347707361,-0.11794952888492408,-1,1,1,1,1
20210625T141512.A_Elmo.B_KN.SCP_01,8,A1,-1.0,-0.3502916596069641,0.6497083403930359,0.36502987696045497,-1,-1,0,1,1
20210625T141512.A_Elmo.B_KN.SCP_01,9,A1,-0.36597027079625005,-1.0,-0.63402972920375,0.27027871448253626,-1,-1,0,0,1
20210625T141512.A_Elmo.B_KN.SCP_01,10,A1,0.023490421693804296,0.9131362313965711,0.8896458097027667,-0.14086607743327326,1,1,0,1,1
20210625T141512.A_Elmo.B_KN.SCP_01,11,A1,-0.9224969082403397,-0.09437054823258138,0.8281263600077583,0.13127363710379952,-1,-1,0,1,1
20210625T141512.A_Elmo.B_KN.SCP_01,12,A1,1.0,1.0,0.0,-0.02218361213507594,1,1,0,1,1
20210625T141512.A_Elmo.B_KN.SCP_01,13,A1,0.47248459242857144,0.034177747317621986,-0.4383068451109495,0.46663948538094924,1,1,0,1,1
20210625T141512.A_Elmo.B_KN.SCP_01,14,A1,1.0,-0.3678856122216182,-1.367885612221618,0.1101504642938571,1,-1,1,0,0
20210625T141512.A_Elmo.B_KN.SCP_01,15,A1,-0.27770230285590486,0.48662996950590837,0.7643322723618132,0.13351833359675402,-1,1,1,0,0
20210625T141512.A_Elmo.B_KN.SCP_01,16,A1,-1.0,0.11518106718864342,1.1151810671886435,0.26672338860032013,-1,1,1,1,0
20210625T141512.A_Elmo.B_KN.SCP_01,17,A1,-0.835033005703471,-1.0,-0.16496699429652895,-0.1911129733617434,-1,-1,0,1,1
20210625T141512.A_Elmo.B_KN.SCP_01,18,A1,-0.1252769768239539,0.1692008436463564,0.2944778204703103,-0.047862706612089786,-1,1,1,1,1
20210625T141512.A_Elmo.B_KN.SCP_01,19,A1,-1.0,-0.9903111025109982,0.009688897489001813,0.7903232760853971,-1,-1,0,1,1
20210625T141512.A_Elmo.B_KN.SCP_01,20,A1,-0.34931850500967315,-0.4308967994424059,-0.08157829443273273,0.7185996324932711,-1,-1,0,1,1
20210625T141512.A_Elmo.B_KN.SCP_01,21,A1,-0.9061022934872843,-0.30682767828630314,0.5992746152009811,-0.06893884906471233,-1,-1,0,0,0
20210625T141512.A_Elmo.B_KN.SCP_01,22,A1,-1.0,-1.0,0.0,0.2640051693846411,-1,-1,0,0,0
20210625T141512.A_Elmo.B_KN.SCP_01,23,A1,-0.09957884337978669,0.20168477140031887,0.30126361478010555,0.1282407052059179,-1,1,1,1,1
20210625T141512.A_Elmo.B_KN.SCP_01,24,A1,-0.5793961068545471,-1.0,-0.4206038931454529,0.49782997916214694,-1,-1,0,1,1
20210625T141512.A_Elmo.B_KN.SCP_01,25,A1,-1.0,0.1893116001028794,1.1893116001028794,-0.14189801829004162,-1,1,1,1,1
20210625T141512.A_Elmo.B_KN.SCP_01,26,A1,0.3533929212487224,0.16199372474607768,-0.19139919650264473,-0.06350802561568325,1,1,0,1,0
20210625T141512.A_Elmo.B_KN.SCP_01,27,A1,-0.3492205818426368,0.13804612677997496,0.4872667086226118,0.21805219604121298,-1,1,1,0,1
20210625T141512.A_Elmo.B_KN.SCP_01,28,A1,0.5021428192702585,-0.16499857116510921,-0.6671413904353677,0.431942651737114,1,-1,1,1,1
20210625T141512.A_Elmo.B_KN.SCP_01,29,A1,0.3044748800656851,0.15631743296054793,-0.1481574471051372,0.21601127705466094,1,1,0,1,0
20210625T141512.A_Elmo.B_KN.SCP_01,30,A1,-0.0645835760399045,-1.0,-0.9354164239600955,0.08489537436863184,-1,-1,0,0,0
20210625T141512.A_Elmo.B_KN.SCP_01,31,A1,-1.0,-0.36251834325227794,0.6374816567477221,0.8228861589402746,-1,-1,0,1,1
20210625T141512.A_Elmo.B_KN.SCP_01,32,A1,1.0,1.0,0.0,0.09286304524110715,1,1,0,1,1
20210625T141512.A_Elmo.B_KN.SCP_01,33,A2,-0.6547439859107661,-0.7075598445456012,-0.05281585863483507,0.18959424306616612,-1,-1,0,1,1
20210625T141512.A_Elmo.B_KN.SCP_01,34,A2,-0.8014914368726245,0.02969337978650071,0.8311848166591251,-0.38866690820983446,-1,1,1,1,1
20210625T141512.A_Elmo.B_KN.SCP_01,35,A2,0.157250254632421,0.029804119166588337,-0.12744613546583267,-0.13516031809134904,1,1,0,0,0
20210625T141512.A_Elmo.B_KN.SCP_01,36,A2,-0.11225454746970429,-0.04104153954171641,0.07121300792798788,0.18290296685408214,-1,-1,0,1,1
20210625T141512.A_Elmo.B_KN.SCP_01,37,A2,-1.0,-0.5934533658929476,0.4065466341070524,0.15341076518804947,-1,-1,0,1,0
20210625T141512.A_Elmo.B_KN.SCP_01,38,A2,-1.0,1.0,2.0,0.2265306229966952,-1,1,1,0,1
20210625T141512.A_Elmo.B_KN.SCP_01,39,A2,-0.11158985460792949,-0.5882814687527892,-0.4766916141448597,-0.10980366441001643,-1,-1,0,1,1
20210625T141512.A_Elmo.B_KN.SCP_01,40,A2,1.0,-1.0,-2.0,0.24378777967042045,1,-1,1,0,0
20210625T141512.A_Elmo.B_KN.SCP_01,41,A2,-0.27020042813223555,-0.7837805201064222,-0.5135800919741866,-0.08558608157900537,-1,-1,0,1,1
20210625T141512.A_Elmo.B_KN.SCP_01,42,A2,-1.0,-1.0,0.0,-0.011364037439073247,-1,-1,0,0,0
20210625T141512.A_Elmo.B_KN.SCP_01,43,A2,-0.008993649991656041,-0.0777463591292244,-0.06875270913756835,0.23397872899341315,-1,-1,0,1,1
20210625T141512.A_Elmo.B_KN.SCP_01,44,A2,1.0,-0.8834018539630781,-1.8834018539630781,-0.39763532296986526,1,-1,1,0,0
20210625T141512.A_Elmo.B_KN.SCP_01,45,A2,-0.9920991652786468,-1.0,-0.007900834721353167,-0.06406238821512754,-1,-1,0,0,0
20210625T141512.A_Elmo.B_KN.SCP_01,46,A2,-1.0,-1.0,0.0,0.03662420161911143,-1,-1,0,0,0
20210625T141512.A_Elmo.B_KN.SCP_01,47,A2,-1.0,-0.26259998537226087,0.7374000146277391,0.45250468492258145,-1,-1,0,0,0
20210625T141512.A_Elmo.B_KN.SCP_01,48,A2,0.0007417629602591586,-0.4378049354056988,-0.438546698365958,0.15455716635583386,1,-1,1,0,0
20210625T141512.A_Elmo.B_KN.SCP_01,49,A2,-1.0,-0.5984852937208023,0.4015147062791977,0.1781229917677072,-1,-1,0,1,1
20210625T141512.A_Elmo.B_KN.SCP_01,50,A2,-1.0,-0.001133486062639246,0.9988665139373607,0.06957746180473065,-1,-1,0,0,0
20210625T141512.A_Elmo.B_KN.SCP_01,51,A2,-1.0,-0.9898387072533024,0.010161292746697637,-0.07076803524588973,-1,-1,0,0,0
20210625T141512.A_Elmo.B_KN.SCP_01,52,A2,-0.40979673144615825,-0.8663602390195456,-0.4565635075733874,-0.19592263722704648,-1,-1,0,1,0
20210625T141512.A_Elmo.B_KN.SCP_01,53,A2,-0.7130815062550944,-0.31922344598808033,0.39385806026701403,0.07339612203346797,-1,-1,0,1,0
20210625T141512.A_Elmo.B_KN.SCP_01,54,A2,0.27923957524500664,0.02586546042452324,-0.2533741148204834,0.2803448535400903,1,1,0,1,1
20210625T141512.A_Elmo.B_KN.SCP_01,55,A2,-0.5366400321366126,-0.2172906082150478,0.3193494239215648,0.3176277124301483,-1,-1,0,1,1
20210625T141512.A_Elmo.B_KN.SCP_01,56,A2,-0.1795109418801313,-0.22656016272188362,-0.04704922084175231,0.18502866427707645,-1,-1,0,1,1
20210625T141512.A_Elmo.B_KN.SCP_01,57,A2,-1.0,0.1724318005947904,1.1724318005947905,-0.3574289272369521,-1,1,1,1,1
20210625T141512.A_Elmo.B_KN.SCP_01,58,A2,-1.0,-1.0,0.0,-0.14832670598012504,-1,-1,0,0,0
20210625T141512.A_Elmo.B_KN.SCP_01,59,A2,-1.0,0.4627889094376131,1.462788909437613,0.15529336285411655,-1,1,1,1,1
20210625T141512.A_Elmo.B_KN.SCP_01,60,A2,-0.11365818087252275,-0.14239150060296354,-0.0287333197304408,-0.07919315313329428,-1,-1,0,0,0
20210625T141512.A_Elmo.B_KN.SCP_01,61,A2,0.17816438333388462,0.13590829393176232,-0.042256089402122304,-0.1340941464033378,1,1,0,0,0
20210625T141512.A_Elmo.B_KN.SCP_01,62,A2,-0.7398894727172058,-0.8061680115997473,-0.06627853888254143,-0.15808198431406253,-1,-1,0,0,0
20210625T141512.A_Elmo.B_KN.SCP_01,63,A2,-1.0,-0.3469446919480756,0.6530553080519244,0.3576175998633807,-1,-1,0,0,0
20210625T141512.A_Elmo.B_KN.SCP_01,64,A2,-1.0,0.30188105890096956,1.3018810589009695,-0.22779298629374364,-1,1,1,0,0
20210625T141512.A_Elmo.B_KN.SCP_01,65,A3,-0.27740636144850145,1.0,1.2774063614485014,-0.15438536896427757,-1,1,1,0,1
20210625T141512.A_Elmo.B_KN.SCP_01,66,A3,-0.318627010297518,1.0,1.318627010297518,-0.07701389737205731,-1,1,1,0,0
20210625T141512.A_Elmo.B_KN.SCP_01,67,A3,-1.0,-0.24562412567864966,0.7543758743213503,0.14468001608924883,-1,-1,0,0,0
20210625T141512.A_Elmo.B_KN.SCP_01,68,A3,-0.5119638227196271,1.0,1.5119638227196273,0.14525147105866262,-1,1,1,0,0
20210625T141512.A_Elmo.B_KN.SCP_01,69,A3,-0.1580982914459163,-0.019951199926727104,0.1381470915191892,-0.04291828958092254,-1,-1,0,0,0
20210625T141512.A_Elmo.B_KN.SCP_01,70,A3,-0.045043768939752614,0.28452997320353046,0.32957374214328305,0.0934764702159468,-1,1,1,0,0
20210625T141512.A_Elmo.B_KN.SCP_01,71,A3,1.0,0.6985326093481685,-0.3014673906518315,-0.011187588108959949,1,1,0,0,0
20210625T141512.A_Elmo.B_KN.SCP_01,72,A3,-1.0,0.8298266293196261,1.8298266293196261,0.14243896833024677,-1,1,1,0,0
20210625T141512.A_Elmo.B_KN.SCP_01,73,A3,-0.4401939031004114,-0.1845136183480636,0.25568028475234783,-0.11541964998913176,-1,-1,0,0,0
20210625T141512.A_Elmo.B_KN.SCP_01,74,A3,1.0,-1.0,-2.0,-0.1551950327757547,1,-1,1,0,0
20210625T141512.A_Elmo.B_KN.SCP_01,75,A3,-0.8556537794506003,-0.25489257622835354,0.6007612032222467,0.17939519130083637,-1,-1,0,0,0
20210625T141512.A_Elmo.B_KN.SCP_01,76,A3,-1.0,0.7429989207652461,1.742998920765246,0.07678974678509298,-1,1,1,0,1
20210625T141512.A_Elmo.B_KN.SCP_01,77,A3,-0.2278177159891653,-0.5033796319937603,-0.275561916004595,-0.088731500278439,-1,-1,0,0,0
20210625T141512.A_Elmo.B_KN.SCP_01,78,A3,0.19815582335181803,-0.06032557865478636,-0.2584814020066044,0.10231506614895701,1,-1,1,0,0
20210625T141512.A_Elmo.B_KN.SCP_01,79,A3,-0.30111737997481475,0.4641634491786185,0.7652808291534332,0.16114763906513455,-1,1,1,0,1
20210625T141512.A_Elmo.B_KN.SCP_01,80,A3,-0.37885660196716614,-0.7443844302844157,-0.36552782831724956,0.07457686702805294,-1,-1,0,0,0
20210625T141512.A_Elmo.B_KN.SCP_01,81,A3,-0.13420007303185816,0.4364530668250271,0.5706531398568853,0.3529324791699849,-1,1,1,0,0
20210625T141512.A_Elmo.B_KN.SCP_01,82,A3,0.599311940726032,-0.36228724739041723,-0.9615991881164492,-0.08986436658226431,1,-1,1,0,0
20210625T141512.A_Elmo.B_KN.SCP_01,83,A3,-0.20020273606067915,0.08840261773150014,0.2886053537921793,0.1261584868742447,-1,1,1,0,0
20210625T141512.A_Elmo.B_KN.SCP_01,84,A3,-0.6478630518931336,-0.41968990145753576,0.22817315043559788,0.255641189440077,-1,-1,0,0,0
20210625T141512.A_Elmo.B_KN.SCP_01,85,A3,-0.25870339133647346,-0.21093675339094053,0.04776663794553293,-0.019410954954091265,-1,-1,0,0,0
20210625T141512.A_Elmo.B_KN.SCP_01,86,A3,-0.13075791936970058,0.4202377431209857,0.5509956624906863,-0.012134108947048822,-1,1,1,0,0
20210625T141512.A_Elmo.B_KN.SCP_01,87,A3,0.12115903057861026,0.3671385637799276,0.24597953320131732,-0.24401822190175787,1,1,0,0,0
20210625T141512.A_Elmo.B_KN.SCP_01,88,A3,1.0,-1.0,-2.0,0.177496607054584,1,-1,1,0,1
20210625T141512.A_Elmo.B_KN.SCP_01,89,A3,-0.02061503890163384,0.9971658751541929,1.0177809140558267,-0.01635415944643792,-1,1,1,0,0
20210625T141512.A_Elmo.B_KN.SCP_01,90,A3,-0.03019630074857394,0.24864884995648465,0.2788451507050586,0.22600422062020933,-1,1,1,0,0
20210625T141512.A_Elmo.B_KN.SCP_01,91,A3,-1.0,-0.3028136552440805,0.6971863447559195,-0.07884568400172075,-1,-1,0,0,0
20210625T141512.A_Elmo.B_KN.SCP_01,92,A3,0.11564202784440977,0.07656891460812491,-0.03907311323628486,-0.1207065697594359,1,1,0,0,0
20210625T141512.A_Elmo.B_KN.SCP_01,93,A3,-1.0,0.8794856235699011,1.8794856235699011,0.11382435665647872,-1,1,1,0,0
20210625T141512.A_Elmo.B_KN.SCP_01,94,A3,-1.0,-0.13005312503007654,0.8699468749699235,-0.04175462202311216,-1,-1,0,0,0
20210625T141512.A_Elmo.B_KN.SCP_01,95,A3,-1.0,0.7661640730611657,1.7661640730611659,-0.2990975808453456,-1,1,1,0,0
20210625T141512.A_Elmo.B_KN.SCP_01,96,A3,-0.7344029888447017,0.011052025426649174,0.7454550142713509,0.5773550295906557,-1,1,1,0,1
20210625T141512.A_Elmo.B_KN.SCP_01,97,A4,-0.8578214478086416,-0.05629913122419603,0.8015223165844455,0.22358313376696531,-1,-1,0,0,0
20210625T141512.A_Elmo.B_KN.SCP_01,98,A4,-1.0,-0.09986900658152179,0.9001309934184782,0.26996073229978457,-1,-1,0,1,0
20210625T141512.A_Elmo.B_KN.SCP_01,99,A4,-0.45162074748487985,-0.21222889281953242,0.23939185466534743,0.19065235520188534,-1,-1,0,1,0
20210625T141512.A_Elmo.B_KN.SCP_01,100,A4,0.4974249015942148,0.10799297891906595,-0.38943192267514887,0.29857844340885725,1,1,0,0,0
20210625T141512.A_Elmo.B_KN.SCP_01,101,A4,0.932101192096124,0.1951862698464591,-0.7369149222496649,0.13028245662798985,1,1,0,1,1
20210625T141512.A_Elmo.B_KN.SCP_01,102,A4,-1.0,-0.38589675084380193,0.6141032491561981,-0.009235662179760677,-1,-1,0,0,0
20210625T141512.A_Elmo.B_KN.SCP_01,103,A4,0.49398075775575356,0.2237141808256474,-0.27026657693010614,0.07505701264864727,1,1,0,1,1
20210625T141512.A_Elmo.B_KN.SCP_01,104,A4,-1.0,0.4036967252757893,1.4036967252757893,-0.1355671585785106,-1,1,1,0,0
20210625T141512.A_Elmo.B_KN.SCP_01,105,A4,-0.5856510917993342,1.0,1.5856510917993343,0.14898882282020154,-1,1,1,1,0
20210625T141512.A_Elmo.B_KN.SCP_01,106,A4,0.49739689186353486,-0.004377499412769822,-0.5017743912763046,0.05452097041223172,1,-1,1,0,0
20210625T141512.A_Elmo.B_KN.SCP_01,107,A4,-1.0,-0.29100362784513834,0.7089963721548617,0.14885289432555143,-1,-1,0,0,0
20210625T141512.A_Elmo.B_KN.SCP_01,108,A4,0.228477087316588,-0.4355454256284308,-0.6640225129450188,0.2840580812384354,1,-1,1,0,0
20210625T141512.A_Elmo.B_KN.SCP_01,109,A4,-0.6797728151395583,0.7856449911844168,1.4654178063239751,0.02819213522917396,-1,1,1,0,0
20210625T141512.A_Elmo.B_KN.SCP_01,110,A4,-0.18026102233508173,-0.25861962966209534,-0.07835860732701361,-0.09396720294121365,-1,-1,0,1,0
20210625T141512.A_Elmo.B_KN.SCP_01,111,A4,-0.18378715134183563,-0.6731265721091423,-0.48933942076730663,0.5157308209651733,-1,-1,0,0,0
20210625T141512.A_Elmo.B_KN.SCP_01,112,A4,1.0,-1.0,-2.0,0.4676887840131016,1,-1,1,0,0
20210625T141512.A_Elmo.B_KN.SCP_01,113,A4,0.03665549719095622,0.005896224184844127,-0.03075927300611209,0.06719737819028342,1,1,0,1,1
20210625T141512.A_Elmo.B_KN.SCP_01,114,A4,-0.12242565850205284,-0.08068354472938802,0.04174211377266482,0.21681568171076682,-1,-1,0,1,1
20210625T141512.A_Elmo.B_KN.SCP_01,115,A4,0.04030655980972859,-0.16677849855370477,-0.20708505836343336,0.03455226182195138,1,-1,1,1,1
20210625T141512.A_Elmo.B_KN.SCP_01,116,A4,-0.5973906035186587,-0.09570055444589225,0.5016900490727665,0.11380411719739338,-1,-1,0,1,1
20210625T141512.A_Elmo.B_KN.SCP_01,117,A4,-0.06760892650481025,-0.45159076396337916,-0.3839818374585689,0.04735758469052736,-1,-1,0,1,1
20210625T141512.A_Elmo.B_KN.SCP_01,118,A4,-0.027879718103994294,-0.19046976419908487,-0.1625900460950906,0.19452257782012525,-1,-1,0,1,1
20210625T141512.A_Elmo.B_KN.SCP_01,119,A4,-0.22396316693054744,0.06713922601245374,0.29110239294300116,0.11149515070142868,-1,1,1,1,1
20210625T141512.A_Elmo.B_KN.SCP_01,120,A4,-0.9949466964830368,-1.0,-0.0050533035169632035,0.12382608905950991,-1,-1,0,0,0
20210625T141512.A_Elmo.B_KN.SCP_01,121,A4,-0.057242850083947645,-0.01566028425919557,0.041582565824752074,0.2753718275249731,-1,-1,0,1,1
20210625T141512.A_Elmo.B_KN.SCP_01,122,A4,-0.3774434740926441,-0.23061739233618667,0.14682608175645745,-0.29862605105507845,-1,-1,0,0,0
20210625T141512.A_Elmo.B_KN.SCP_01,123,A4,1.0,-0.04810036716344252,-1.0481003671634426,0.009120927130238475,1,-1,1,0,0
20210625T141512.A_Elmo.B_KN.SCP_01,124,A4,-0.6285032767643376,0.8240865959096896,1.4525898726740272,0.38975025530667623,-1,1,1,0,0
20210625T141512.A_Elmo.B_KN.SCP_01,125,A4,-1.0,-0.5079126281570608,0.49208737184293916,0.19662627226417348,-1,-1,0,0,0
20210625T141512.A_Elmo.B_KN.SCP_01,126,A4,0.6483444343783134,-0.02047420582474977,-0.6688186402030631,0.11467393634743678,1,-1,1,0,0
20210625T141512.A_Elmo.B_KN.SCP_01,127,A4,-1.0,-0.8000312982719828,0.19996870172801717,0.4963917835435904,-1,-1,0,1,1
20210625T141512.A_Elmo.B_KN.SCP_01,128,A4,0.512424391627726,0.3010889402955665,-0.21133545133215953,0.44514815112375367,1,1,0,1,0
20210625T141512.A_Elmo.B_KN.SCP_01,129,A5,1.0,1.0,0.0,0.366204692783636,1,1,0,0,0
20210625T141512.A_Elmo.B_KN.SCP_01,130,A5,0.185232537463616,-1.0,-1.185232537463616,-0.08247868260377349,1,-1,1,0,0
20210625T141512.A_Elmo.B_KN.SCP_01,131,A5,-1.0,-1.0,0.0,0.20726041388467586,-1,-1,0,0,0
20210625T141512.A_Elmo.B_KN.SCP_01,132,A5,-1.0,-0.04730698047600295,0.9526930195239971,0.16559605777236583,-1,-1,0,0,0
20210625T141512.A_Elmo.B_KN.SCP_01,133,A5,-0.433072690705257,-0.46069033214457644,-0.02761764143931944,0.02996249322124631,-1,-1,0,1,0
20210625T141512.A_Elmo.B_KN.SCP_01,134,A5,-1.0,-1.0,0.0,0.21979502429413406,-1,-1,0,0,0
20210625T141512.A_Elmo.B_KN.SCP_01,135,A5,-0.8481893859583179,-0.7745975158168136,0.07359187014150437,0.3335471138007623,-1,-1,0,1,1
20210625T141512.A_Elmo.B_KN.SCP_01,136,A5,-0.2442709304730316,1.0,1.2442709304730317,0.25618275385566436,-1,1,1,1,1
20210625T141512.A_Elmo.B_KN.SCP_01,137,A5,-0.20918895915189295,-0.7351540773390745,-0.5259651181871815,-0.14126272819705574,-1,-1,0,0,0
20210625T141512.A_Elmo.B_KN.SCP_01,138,A5,-0.680597475094201,-1.0,-0.319402524905799,0.21098115341945636,-1,-1,0,0,0
20210625T141512.A_Elmo.B_KN.SCP_01,139,A5,-0.17786442942004618,0.04128330965869058,0.21914773907873675,-0.10989241162894092,-1,1,1,0,0
20210625T141512.A_Elmo.B_KN.SCP_01,140,A5,-0.5324215390343745,0.2119310226927165,0.744352561727091,-0.18638739082070704,-1,1,1,0,0
20210625T141512.A_Elmo.B_KN.SCP_01,141,A5,-0.4941951914441892,0.14470909042200683,0.6389042818661961,-0.1437136133097579,-1,1,1,0,0
20210625T141512.A_Elmo.B_KN.SCP_01,142,A5,-1.0,-0.30538599825589013,0.6946140017441098,-0.008328117727397905,-1,-1,0,0,0
20210625T141512.A_Elmo.B_KN.SCP_01,143,A5,-0.06288144212989333,-1.0,-0.9371185578701067,0.0810943940605304,-1,-1,0,0,0
20210625T141512.A_Elmo.B_KN.SCP_01,144,A5,0.9655341910533459,0.5654367642641552,-0.4000974267891907,0.20797075771295484,1,1,0,0,0
20210625T141512.A_Elmo.B_KN.SCP_01,145,A5,-0.11522763891839234,1.0,1.1152276389183924,0.6389009890286985,-1,1,1,1,1
20210625T141512.A_Elmo.B_KN.SCP_01,146,A5,-1.0,1.0,2.0,0.08357045066301867,-1,1,1,0,1
20210625T141512.A_Elmo.B_KN.SCP_01,147,A5,-1.0,-1.0,0.0,0.2555149281324406,-1,-1,0,0,1
20210625T141512.A_Elmo.B_KN.SCP_01,148,A5,-0.008153515510962104,1.0,1.008153515510962,-0.2931479180311556,-1,1,1,0,0
20210625T141512.A_Elmo.B_KN.SCP_01,149,A5,-1.0,1.0,2.0,0.23196117770131766,-1,1,1,0,0
20210625T141512.A_Elmo.B_KN.SCP_01,150,A5,0.3904616151933466,-1.0,-1.3904616151933467,0.24659611248471996,1,-1,1,0,0
20210625T141512.A_Elmo.B_KN.SCP_01,151,A5,-1.0,0.1749193377682241,1.174919337768224,-0.08939425652717128,-1,1,1,1,1
20210625T141512.A_Elmo.B_KN.SCP_01,152,A5,-0.10730654720650382,-0.8484181887104532,-0.7411116415039494,0.10515056703662315,-1,-1,0,0,0
20210625T141512.A_Elmo.B_KN.SCP_01,153,A5,-0.17407837532070772,-1.0,-0.8259216246792923,-0.12173925451570637,-1,-1,0,1,0
20210625T141512.A_Elmo.B_KN.SCP_01,154,A5,-1.0,-1.0,0.0,-0.09321933581120524,-1,-1,0,0,1
20210625T141512.A_Elmo.B_KN.SCP_01,155,A5,-1.0,-0.3849923190026301,0.6150076809973699,-0.1609957146232125,-1,-1,0,0,0
20210625T141512.A_Elmo.B_KN.SCP_01,156,A5,-1.0,1.0,2.0,0.2850061671921504,-1,1,1,0,0
20210625T141512.A_Elmo.B_KN.SCP_01,157,A5,-1.0,-1.0,0.0,-0.11752112770875417,-1,-1,0,0,0
20210625T141512.A_Elmo.B_KN.SCP_01,158,A5,-1.0,-1.0,0.0,0.3612263562322494,-1,-1,0,0,0
20210625T141512.A_Elmo.B_KN.SCP_01,159,A5,-1.0,-0.37094599069897355,0.6290540093010264,0.5157756745880759,-1,-1,0,0,1
20210625T141512.A_Elmo.B_KN.SCP_01,160,A5,-0.6599032817686469,1.0,1.659903281768647,0.438408178035707,-1,1,1,0,1
