session_i,session_j,gap_days,channel,array_name,waveform_r,abs_delta_si,sign_match
20230607T115959,20230609T101610,1.9279,1,A1,0.046656,1.243918,0
20230607T115959,20230609T101610,1.9279,4,A1,0.098804,0.220782,1
20230607T115959,20230609T101610,1.9279,6,A1,0.285626,0.919406,1
20230607T115959,20230609T101610,1.9279,8,A1,0.041152,1.045009,0
20230607T115959,20230609T101610,1.9279,9,A1,0.682601,0.007148,1
20230607T115959,20230609T101610,1.9279,10,A1,0.370742,0.332807,1
20230607T115959,20230609T101610,1.9279,11,A1,0.879664,0.230573,1
20230607T115959,20230609T101610,1.9279,12,A1,0.409660,0.190197,1
20230607T115959,20230609T101610,1.9279,13,A1,0.585460,0.193025,1
20230607T115959,20230609T101610,1.9279,14,A1,-0.048639,0.182103,1
20230607T115959,20230609T101610,1.9279,15,A1,0.650077,0.000000,1
20230607T115959,20230609T101610,1.9279,16,A1,0.231477,0.451803,1
20230607T115959,20230609T101610,1.9279,17,A1,0.314444,0.545647,1
20230607T115959,20230609T101610,1.9279,18,A1,0.722336,0.020847,1
20230607T115959,20230609T101610,1.9279,19,A1,0.361866,0.232235,0
20230607T115959,20230609T101610,1.9279,22,A1,0.127522,0.957826,1
20230607T115959,20230609T101610,1.9279,23,A1,0.518877,0.143110,1
20230607T115959,20230609T101610,1.9279,24,A1,0.457281,0.195885,0
20230607T115959,20230609T101610,1.9279,25,A1,0.620477,0.780985,0
20230607T115959,20230609T101610,1.9279,26,A1,0.396204,0.015663,1
20230607T115959,20230609T101610,1.9279,27,A1,0.499824,0.000000,1
20230607T115959,20230609T101610,1.9279,28,A1,0.585228,0.067412,1
20230607T115959,20230609T101610,1.9279,29,A1,0.783062,0.368610,1
20230607T115959,20230609T101610,1.9279,30,A1,0.901461,0.000000,1
20230607T115959,20230609T101610,1.9279,31,A1,0.542535,0.108689,1
20230607T115959,20230609T101610,1.9279,32,A1,0.537878,0.115338,1
20230607T115959,20230609T101610,1.9279,36,A2,-0.095114,0.000000,1
20230607T115959,20230609T101610,1.9279,37,A2,-0.124888,0.500412,1
20230607T115959,20230609T101610,1.9279,38,A2,0.634685,0.031184,1
20230607T115959,20230609T101610,1.9279,39,A2,0.469879,0.067033,1
20230607T115959,20230609T101610,1.9279,40,A2,0.267166,0.193923,1
20230607T115959,20230609T101610,1.9279,41,A2,0.505237,0.104325,1
20230607T115959,20230609T101610,1.9279,42,A2,0.107451,0.000000,1
20230607T115959,20230609T101610,1.9279,43,A2,0.784867,0.016702,1
20230607T115959,20230609T101610,1.9279,44,A2,-0.045100,0.284563,0
20230607T115959,20230609T101610,1.9279,45,A2,0.464702,0.995996,1
20230607T115959,20230609T101610,1.9279,46,A2,0.097468,0.294390,1
20230607T115959,20230609T101610,1.9279,47,A2,0.918154,0.000000,1
20230607T115959,20230609T101610,1.9279,48,A2,0.006773,0.250638,1
20230607T115959,20230609T101610,1.9279,49,A2,0.273336,0.770888,1
20230607T115959,20230609T101610,1.9279,51,A2,-0.223230,0.446425,0
20230607T115959,20230609T101610,1.9279,52,A2,0.131100,0.348413,1
20230607T115959,20230609T101610,1.9279,53,A2,-0.397644,1.407946,0
20230607T115959,20230609T101610,1.9279,54,A2,0.119202,1.174708,0
20230607T115959,20230609T101610,1.9279,55,A2,-0.212310,0.349817,1
20230607T115959,20230609T101610,1.9279,57,A2,-0.339718,0.087413,1
20230607T115959,20230609T101610,1.9279,58,A2,0.423031,0.075987,0
20230607T115959,20230609T101610,1.9279,59,A2,0.442956,0.088203,1
20230607T115959,20230609T101610,1.9279,60,A2,0.283769,0.037098,1
20230607T115959,20230609T101610,1.9279,62,A2,0.604376,0.123809,1
20230607T115959,20230609T101610,1.9279,63,A2,0.653283,0.016574,1
20230607T115959,20230609T101610,1.9279,64,A2,0.516495,0.514508,1
20230607T115959,20230609T101610,1.9279,65,A3,0.375270,0.243025,0
20230607T115959,20230609T101610,1.9279,66,A3,0.490294,0.513924,0
20230607T115959,20230609T101610,1.9279,68,A3,0.811239,0.511688,1
20230607T115959,20230609T101610,1.9279,69,A3,0.624150,0.084148,1
20230607T115959,20230609T101610,1.9279,70,A3,0.821136,0.667517,1
20230607T115959,20230609T101610,1.9279,71,A3,0.841431,0.806518,1
20230607T115959,20230609T101610,1.9279,72,A3,0.033517,1.485392,0
20230607T115959,20230609T101610,1.9279,73,A3,0.061042,1.027466,0
20230607T115959,20230609T101610,1.9279,74,A3,0.091869,0.818770,1
20230607T115959,20230609T101610,1.9279,75,A3,0.228327,0.282702,0
20230607T115959,20230609T101610,1.9279,76,A3,0.728345,0.645340,0
20230607T115959,20230609T101610,1.9279,77,A3,0.073387,0.373157,1
20230607T115959,20230609T101610,1.9279,78,A3,0.594479,1.200115,0
20230607T115959,20230609T101610,1.9279,79,A3,0.314584,0.903001,0
20230607T115959,20230609T101610,1.9279,80,A3,0.608742,0.000000,1
20230607T115959,20230609T101610,1.9279,81,A3,0.603453,0.753342,1
20230607T115959,20230609T101610,1.9279,82,A3,0.816411,0.006177,1
20230607T115959,20230609T101610,1.9279,83,A3,0.080469,1.181942,0
20230607T115959,20230609T101610,1.9279,84,A3,0.737857,0.162835,1
20230607T115959,20230609T101610,1.9279,85,A3,0.706154,0.132607,1
20230607T115959,20230609T101610,1.9279,87,A3,0.670602,0.314288,1
20230607T115959,20230609T101610,1.9279,88,A3,0.244171,0.493503,1
20230607T115959,20230609T101610,1.9279,89,A3,0.410882,0.257778,1
20230607T115959,20230609T101610,1.9279,90,A3,0.236231,0.356433,0
20230607T115959,20230609T101610,1.9279,92,A3,0.073741,0.566682,1
20230607T115959,20230609T101610,1.9279,93,A3,0.750789,0.201134,1
20230607T115959,20230609T101610,1.9279,94,A3,0.627479,2.000000,0
20230607T115959,20230609T101610,1.9279,95,A3,0.659625,0.000000,1
20230607T115959,20230609T101610,1.9279,96,A3,0.723893,1.268002,0
20230607T115959,20230609T101610,1.9279,97,A4,0.208957,0.582662,0
20230607T115959,20230609T101610,1.9279,98,A4,0.028312,0.834652,1
20230607T115959,20230609T101610,1.9279,99,A4,0.384848,0.913752,1
20230607T115959,20230609T101610,1.9279,100,A4,-0.127592,0.493712,1
20230607T115959,20230609T101610,1.9279,101,A4,-0.325581,0.822025,0
20230607T115959,20230609T101610,1.9279,102,A4,0.230774,0.518253,0
20230607T115959,20230609T101610,1.9279,104,A4,-0.245653,0.852331,1
20230607T115959,20230609T101610,1.9279,105,A4,0.282671,0.218495,1
20230607T115959,20230609T101610,1.9279,106,A4,-0.037031,0.376788,1
20230607T115959,20230609T101610,1.9279,107,A4,0.122535,0.970506,0
20230607T115959,20230609T101610,1.9279,108,A4,-0.170773,1.095042,0
20230607T115959,20230609T101610,1.9279,109,A4,0.090837,1.981841,0
20230607T115959,20230609T101610,1.9279,110,A4,0.043198,0.541290,1
20230607T115959,20230609T101610,1.9279,111,A4,-0.290189,1.195805,0
20230607T115959,20230609T101610,1.9279,112,A4,0.071925,0.066539,1
20230607T115959,20230609T101610,1.9279,114,A4,0.180608,1.317438,0
20230607T115959,20230609T101610,1.9279,116,A4,0.223567,0.861223,1
20230607T115959,20230609T101610,1.9279,118,A4,-0.117751,0.786130,1
20230607T115959,20230609T101610,1.9279,119,A4,-0.003490,0.057396,1
20230607T115959,20230609T101610,1.9279,121,A4,0.835219,0.296840,1
20230607T115959,20230609T101610,1.9279,122,A4,0.852627,0.151421,1
20230607T115959,20230609T101610,1.9279,123,A4,-0.215372,0.475882,1
20230607T115959,20230609T101610,1.9279,124,A4,0.139292,0.920208,0
20230607T115959,20230609T101610,1.9279,125,A4,-0.382353,1.586712,0
20230607T115959,20230609T101610,1.9279,126,A4,-0.308758,1.064641,0
20230607T115959,20230609T101610,1.9279,127,A4,-0.060554,0.009856,1
20230607T115959,20230609T101610,1.9279,129,A5,0.222713,0.140233,1
20230607T115959,20230609T101610,1.9279,130,A5,0.352359,1.269915,0
20230607T115959,20230609T101610,1.9279,132,A5,0.057215,1.043307,0
20230607T115959,20230609T101610,1.9279,133,A5,0.453516,0.365696,1
20230607T115959,20230609T101610,1.9279,134,A5,0.532222,0.557224,1
20230607T115959,20230609T101610,1.9279,135,A5,0.064433,0.206988,1
20230607T115959,20230609T101610,1.9279,136,A5,0.200339,0.892545,1
20230607T115959,20230609T101610,1.9279,137,A5,0.009784,0.967972,1
20230607T115959,20230609T101610,1.9279,138,A5,0.343421,1.464037,0
20230607T115959,20230609T101610,1.9279,141,A5,0.463138,0.013165,1
20230607T115959,20230609T101610,1.9279,142,A5,0.344048,0.655362,1
20230607T115959,20230609T101610,1.9279,143,A5,-0.254584,0.734875,1
20230607T115959,20230609T101610,1.9279,145,A5,0.173741,0.022708,1
20230607T115959,20230609T101610,1.9279,146,A5,0.940169,0.188335,1
20230607T115959,20230609T101610,1.9279,147,A5,0.225456,1.124483,0
20230607T115959,20230609T101610,1.9279,148,A5,0.591308,0.446833,1
20230607T115959,20230609T101610,1.9279,150,A5,-0.331096,0.722331,0
20230607T115959,20230609T101610,1.9279,151,A5,-0.013599,0.731837,1
20230607T115959,20230609T101610,1.9279,152,A5,0.081711,0.370824,1
20230607T115959,20230609T101610,1.9279,153,A5,0.414868,0.018644,1
20230607T115959,20230609T101610,1.9279,155,A5,-0.124782,2.000000,0
20230607T115959,20230609T101610,1.9279,157,A5,0.275718,1.031967,0
20230607T115959,20230609T101610,1.9279,158,A5,0.164423,0.892964,0
20230607T115959,20230609T101610,1.9279,160,A5,-0.200239,2.000000,0
20230607T115959,20230614T114327,6.9885,1,A1,0.115589,1.001334,0
20230607T115959,20230614T114327,6.9885,2,A1,-0.258600,1.231889,0
20230607T115959,20230614T114327,6.9885,3,A1,-0.237390,0.942202,1
20230607T115959,20230614T114327,6.9885,4,A1,0.185720,0.024181,1
20230607T115959,20230614T114327,6.9885,6,A1,0.233253,0.691699,1
20230607T115959,20230614T114327,6.9885,8,A1,-0.303528,1.218810,0
20230607T115959,20230614T114327,6.9885,9,A1,0.536624,0.077210,1
20230607T115959,20230614T114327,6.9885,10,A1,0.307062,0.266922,1
20230607T115959,20230614T114327,6.9885,11,A1,0.773545,0.128625,1
20230607T115959,20230614T114327,6.9885,12,A1,0.248841,0.149863,1
20230607T115959,20230614T114327,6.9885,13,A1,0.497411,0.225688,1
20230607T115959,20230614T114327,6.9885,14,A1,0.144534,0.131493,1
20230607T115959,20230614T114327,6.9885,15,A1,0.592853,0.635118,1
20230607T115959,20230614T114327,6.9885,17,A1,0.216758,0.074670,1
20230607T115959,20230614T114327,6.9885,18,A1,-0.397122,0.148592,1
20230607T115959,20230614T114327,6.9885,19,A1,-0.079706,0.116799,1
20230607T115959,20230614T114327,6.9885,21,A1,0.188936,0.279072,1
20230607T115959,20230614T114327,6.9885,22,A1,0.516642,0.399766,1
20230607T115959,20230614T114327,6.9885,23,A1,0.523288,0.324247,1
20230607T115959,20230614T114327,6.9885,26,A1,-0.486679,0.354567,1
20230607T115959,20230614T114327,6.9885,27,A1,0.653828,0.868325,1
20230607T115959,20230614T114327,6.9885,28,A1,0.309014,0.509723,1
20230607T115959,20230614T114327,6.9885,29,A1,0.624303,0.164929,1
20230607T115959,20230614T114327,6.9885,30,A1,0.879535,0.000000,1
20230607T115959,20230614T114327,6.9885,31,A1,0.309876,0.003465,1
20230607T115959,20230614T114327,6.9885,32,A1,0.658050,0.122419,1
20230607T115959,20230614T114327,6.9885,36,A2,-0.229886,0.498325,1
20230607T115959,20230614T114327,6.9885,37,A2,0.153571,0.805304,0
20230607T115959,20230614T114327,6.9885,38,A2,0.274529,0.200005,1
20230607T115959,20230614T114327,6.9885,39,A2,0.006620,2.000000,0
20230607T115959,20230614T114327,6.9885,40,A2,0.094051,1.036477,0
20230607T115959,20230614T114327,6.9885,41,A2,0.446016,0.239093,1
20230607T115959,20230614T114327,6.9885,42,A2,0.143414,0.000000,1
20230607T115959,20230614T114327,6.9885,43,A2,0.756903,0.042012,1
20230607T115959,20230614T114327,6.9885,44,A2,0.113590,0.926014,1
20230607T115959,20230614T114327,6.9885,45,A2,0.428225,0.276824,1
20230607T115959,20230614T114327,6.9885,46,A2,-0.113760,0.280773,1
20230607T115959,20230614T114327,6.9885,47,A2,0.725916,1.367960,0
20230607T115959,20230614T114327,6.9885,48,A2,0.005391,1.482491,0
20230607T115959,20230614T114327,6.9885,49,A2,-0.020180,1.035897,0
20230607T115959,20230614T114327,6.9885,51,A2,0.142366,0.625701,0
20230607T115959,20230614T114327,6.9885,52,A2,-0.214350,1.125357,0
20230607T115959,20230614T114327,6.9885,53,A2,0.197685,0.893009,0
20230607T115959,20230614T114327,6.9885,54,A2,-0.084610,1.196702,0
20230607T115959,20230614T114327,6.9885,55,A2,-0.199499,0.375418,1
20230607T115959,20230614T114327,6.9885,57,A2,-0.127576,0.035831,1
20230607T115959,20230614T114327,6.9885,58,A2,0.177452,0.097568,0
20230607T115959,20230614T114327,6.9885,59,A2,0.278439,0.233251,1
20230607T115959,20230614T114327,6.9885,60,A2,0.266923,0.037098,1
20230607T115959,20230614T114327,6.9885,61,A2,0.484852,0.000000,1
20230607T115959,20230614T114327,6.9885,62,A2,0.594657,0.123809,1
20230607T115959,20230614T114327,6.9885,63,A2,0.679012,0.409834,1
20230607T115959,20230614T114327,6.9885,64,A2,0.213854,0.406303,1
20230607T115959,20230614T114327,6.9885,65,A3,0.413782,0.489487,1
20230607T115959,20230614T114327,6.9885,66,A3,0.482970,0.025833,1
20230607T115959,20230614T114327,6.9885,67,A3,0.480314,0.273059,1
20230607T115959,20230614T114327,6.9885,68,A3,0.816819,0.318992,1
20230607T115959,20230614T114327,6.9885,69,A3,0.678593,0.188998,0
20230607T115959,20230614T114327,6.9885,70,A3,0.607080,0.000786,1
20230607T115959,20230614T114327,6.9885,71,A3,0.713340,1.420741,0
20230607T115959,20230614T114327,6.9885,72,A3,-0.029796,0.361839,1
20230607T115959,20230614T114327,6.9885,73,A3,-0.341550,1.117780,0
20230607T115959,20230614T114327,6.9885,74,A3,0.229591,0.000000,1
20230607T115959,20230614T114327,6.9885,75,A3,0.106185,0.738083,0
20230607T115959,20230614T114327,6.9885,76,A3,0.587818,0.637721,1
20230607T115959,20230614T114327,6.9885,77,A3,0.323152,0.732062,0
20230607T115959,20230614T114327,6.9885,78,A3,0.541500,0.444705,0
20230607T115959,20230614T114327,6.9885,79,A3,0.053522,0.064624,1
20230607T115959,20230614T114327,6.9885,80,A3,0.725286,0.302681,1
20230607T115959,20230614T114327,6.9885,81,A3,0.329507,0.471445,1
20230607T115959,20230614T114327,6.9885,82,A3,0.751363,0.459830,0
20230607T115959,20230614T114327,6.9885,83,A3,0.046305,0.931450,1
20230607T115959,20230614T114327,6.9885,84,A3,-0.555394,1.113057,0
20230607T115959,20230614T114327,6.9885,85,A3,0.664060,0.288876,1
20230607T115959,20230614T114327,6.9885,87,A3,0.607693,0.496188,1
20230607T115959,20230614T114327,6.9885,88,A3,0.301985,0.065469,1
20230607T115959,20230614T114327,6.9885,89,A3,-0.034746,0.703203,1
20230607T115959,20230614T114327,6.9885,90,A3,-0.098968,0.231151,1
20230607T115959,20230614T114327,6.9885,91,A3,0.357748,0.472491,1
20230607T115959,20230614T114327,6.9885,93,A3,0.658142,0.649941,1
20230607T115959,20230614T114327,6.9885,94,A3,0.727422,0.847488,1
20230607T115959,20230614T114327,6.9885,95,A3,0.778425,0.000000,1
20230607T115959,20230614T114327,6.9885,97,A4,-0.110937,1.285154,0
20230607T115959,20230614T114327,6.9885,98,A4,0.062126,0.252696,1
20230607T115959,20230614T114327,6.9885,99,A4,0.075896,1.040893,0
20230607T115959,20230614T114327,6.9885,100,A4,-0.121978,0.521035,1
20230607T115959,20230614T114327,6.9885,101,A4,0.050863,0.731397,1
20230607T115959,20230614T114327,6.9885,104,A4,0.227684,0.552287,1
20230607T115959,20230614T114327,6.9885,105,A4,0.783516,0.276906,1
20230607T115959,20230614T114327,6.9885,106,A4,0.323906,0.690790,0
20230607T115959,20230614T114327,6.9885,107,A4,-0.108103,0.889731,0
20230607T115959,20230614T114327,6.9885,108,A4,-0.113330,0.792279,1
20230607T115959,20230614T114327,6.9885,109,A4,-0.240833,0.976350,1
20230607T115959,20230614T114327,6.9885,110,A4,-0.368211,1.087755,0
20230607T115959,20230614T114327,6.9885,111,A4,-0.206135,0.769456,1
20230607T115959,20230614T114327,6.9885,112,A4,-0.093776,0.169812,1
20230607T115959,20230614T114327,6.9885,114,A4,0.124312,0.889735,1
20230607T115959,20230614T114327,6.9885,116,A4,0.017273,0.728686,1
20230607T115959,20230614T114327,6.9885,117,A4,0.145937,1.599389,0
20230607T115959,20230614T114327,6.9885,118,A4,-0.071937,0.294953,0
20230607T115959,20230614T114327,6.9885,119,A4,0.318965,0.231512,0
20230607T115959,20230614T114327,6.9885,120,A4,-0.046760,0.422811,1
20230607T115959,20230614T114327,6.9885,121,A4,0.862736,0.266855,1
20230607T115959,20230614T114327,6.9885,122,A4,0.854152,0.218141,1
20230607T115959,20230614T114327,6.9885,123,A4,-0.098955,0.219539,1
20230607T115959,20230614T114327,6.9885,124,A4,-0.019340,0.343314,0
20230607T115959,20230614T114327,6.9885,125,A4,-0.326764,0.707544,0
20230607T115959,20230614T114327,6.9885,126,A4,-0.077905,0.643054,0
20230607T115959,20230614T114327,6.9885,127,A4,0.108652,0.341035,0
20230607T115959,20230614T114327,6.9885,129,A5,-0.313158,0.617998,1
20230607T115959,20230614T114327,6.9885,130,A5,-0.080687,0.780238,0
20230607T115959,20230614T114327,6.9885,132,A5,0.149472,0.055441,1
20230607T115959,20230614T114327,6.9885,133,A5,0.379043,0.631537,0
20230607T115959,20230614T114327,6.9885,134,A5,0.525386,0.248929,1
20230607T115959,20230614T114327,6.9885,135,A5,0.010965,0.186024,1
20230607T115959,20230614T114327,6.9885,136,A5,0.364003,0.514381,1
20230607T115959,20230614T114327,6.9885,137,A5,0.171477,0.592120,1
20230607T115959,20230614T114327,6.9885,138,A5,0.629590,0.649268,1
20230607T115959,20230614T114327,6.9885,141,A5,0.295545,0.247582,0
20230607T115959,20230614T114327,6.9885,142,A5,0.624919,0.944406,1
20230607T115959,20230614T114327,6.9885,143,A5,0.079907,0.777893,0
20230607T115959,20230614T114327,6.9885,145,A5,-0.048555,0.044012,1
20230607T115959,20230614T114327,6.9885,146,A5,0.792567,0.411452,1
20230607T115959,20230614T114327,6.9885,147,A5,0.167393,0.626900,1
20230607T115959,20230614T114327,6.9885,150,A5,0.203844,1.439519,0
20230607T115959,20230614T114327,6.9885,151,A5,-0.255846,0.000000,1
20230607T115959,20230614T114327,6.9885,152,A5,-0.416778,0.507901,1
20230607T115959,20230614T114327,6.9885,153,A5,-0.008559,0.204775,1
20230607T115959,20230614T114327,6.9885,155,A5,0.157872,0.866085,1
20230607T115959,20230614T114327,6.9885,156,A5,0.426365,0.618181,1
20230607T115959,20230614T114327,6.9885,157,A5,-0.094075,1.025335,0
20230607T115959,20230614T114327,6.9885,158,A5,0.011072,0.129497,1
20230607T115959,20230614T114327,6.9885,159,A5,0.150862,1.254182,0
20230607T115959,20230614T114327,6.9885,160,A5,0.121103,0.932527,1
20230607T115959,20230619T102732,11.9358,1,A1,0.096395,0.512580,1
20230607T115959,20230619T102732,11.9358,2,A1,-0.065772,1.072358,0
20230607T115959,20230619T102732,11.9358,3,A1,-0.077103,1.007878,0
20230607T115959,20230619T102732,11.9358,4,A1,0.120784,0.112796,1
20230607T115959,20230619T102732,11.9358,6,A1,-0.089205,1.004142,0
20230607T115959,20230619T102732,11.9358,8,A1,-0.002466,0.893955,1
20230607T115959,20230619T102732,11.9358,9,A1,0.599285,0.056675,1
20230607T115959,20230619T102732,11.9358,10,A1,0.242457,0.226806,1
20230607T115959,20230619T102732,11.9358,11,A1,0.632570,0.314896,1
20230607T115959,20230619T102732,11.9358,12,A1,0.231029,0.158048,1
20230607T115959,20230619T102732,11.9358,13,A1,0.354072,0.106208,1
20230607T115959,20230619T102732,11.9358,14,A1,0.359618,0.155861,1
20230607T115959,20230619T102732,11.9358,15,A1,0.360894,0.490380,1
20230607T115959,20230619T102732,11.9358,17,A1,0.406304,0.160455,1
20230607T115959,20230619T102732,11.9358,18,A1,-0.101844,0.396427,1
20230607T115959,20230619T102732,11.9358,19,A1,-0.040752,0.018921,1
20230607T115959,20230619T102732,11.9358,21,A1,0.193984,0.053238,1
20230607T115959,20230619T102732,11.9358,22,A1,0.346621,0.473788,1
20230607T115959,20230619T102732,11.9358,23,A1,0.255528,0.270364,1
20230607T115959,20230619T102732,11.9358,24,A1,-0.198856,0.439374,0
20230607T115959,20230619T102732,11.9358,26,A1,-0.038855,0.096175,1
20230607T115959,20230619T102732,11.9358,27,A1,0.601742,0.536288,1
20230607T115959,20230619T102732,11.9358,28,A1,-0.045048,0.035298,1
20230607T115959,20230619T102732,11.9358,29,A1,0.717867,0.068609,1
20230607T115959,20230619T102732,11.9358,30,A1,0.776279,0.000000,1
20230607T115959,20230619T102732,11.9358,31,A1,0.588612,0.095132,1
20230607T115959,20230619T102732,11.9358,32,A1,0.687515,0.018136,1
20230607T115959,20230619T102732,11.9358,37,A2,-0.056148,0.552356,1
20230607T115959,20230619T102732,11.9358,38,A2,0.018154,1.384735,0
20230607T115959,20230619T102732,11.9358,39,A2,0.331339,0.448084,1
20230607T115959,20230619T102732,11.9358,40,A2,-0.037457,1.171975,0
20230607T115959,20230619T102732,11.9358,41,A2,0.036431,0.084666,1
20230607T115959,20230619T102732,11.9358,42,A2,-0.193456,1.263992,0
20230607T115959,20230619T102732,11.9358,43,A2,0.377226,0.115740,1
20230607T115959,20230619T102732,11.9358,44,A2,0.023209,1.073986,0
20230607T115959,20230619T102732,11.9358,45,A2,0.148235,0.248283,1
20230607T115959,20230619T102732,11.9358,46,A2,-0.057700,0.707287,1
20230607T115959,20230619T102732,11.9358,47,A2,0.664892,0.000000,1
20230607T115959,20230619T102732,11.9358,48,A2,0.285421,0.074589,1
20230607T115959,20230619T102732,11.9358,49,A2,-0.294765,2.000000,0
20230607T115959,20230619T102732,11.9358,51,A2,-0.157120,0.302783,1
20230607T115959,20230619T102732,11.9358,52,A2,0.427134,0.964179,0
20230607T115959,20230619T102732,11.9358,53,A2,0.161249,0.264046,1
20230607T115959,20230619T102732,11.9358,55,A2,-0.085483,1.628703,0
20230607T115959,20230619T102732,11.9358,57,A2,-0.149433,0.027284,1
20230607T115959,20230619T102732,11.9358,58,A2,0.067650,0.014257,1
20230607T115959,20230619T102732,11.9358,59,A2,0.039351,0.369649,0
20230607T115959,20230619T102732,11.9358,60,A2,0.372908,0.472777,1
20230607T115959,20230619T102732,11.9358,61,A2,0.076770,0.974715,1
20230607T115959,20230619T102732,11.9358,62,A2,0.332750,1.876191,0
20230607T115959,20230619T102732,11.9358,63,A2,0.456644,0.278109,0
20230607T115959,20230619T102732,11.9358,64,A2,0.110576,0.895463,0
20230607T115959,20230619T102732,11.9358,65,A3,0.168220,0.075848,1
20230607T115959,20230619T102732,11.9358,66,A3,0.418080,0.134300,1
20230607T115959,20230619T102732,11.9358,67,A3,0.573463,0.479491,1
20230607T115959,20230619T102732,11.9358,68,A3,0.496017,0.301157,1
20230607T115959,20230619T102732,11.9358,69,A3,0.069862,0.824942,1
20230607T115959,20230619T102732,11.9358,70,A3,0.159508,0.667517,1
20230607T115959,20230619T102732,11.9358,71,A3,0.565917,1.570605,0
20230607T115959,20230619T102732,11.9358,72,A3,-0.076078,0.153246,1
20230607T115959,20230619T102732,11.9358,73,A3,-0.425763,0.998369,1
20230607T115959,20230619T102732,11.9358,74,A3,-0.039552,0.000000,1
20230607T115959,20230619T102732,11.9358,75,A3,-0.062253,0.470138,0
20230607T115959,20230619T102732,11.9358,76,A3,0.398743,0.800097,1
20230607T115959,20230619T102732,11.9358,77,A3,0.202105,0.094102,1
20230607T115959,20230619T102732,11.9358,78,A3,0.422468,0.233141,0
20230607T115959,20230619T102732,11.9358,79,A3,0.155506,1.083534,0
20230607T115959,20230619T102732,11.9358,80,A3,0.386249,0.890684,1
20230607T115959,20230619T102732,11.9358,81,A3,0.412476,0.637980,1
20230607T115959,20230619T102732,11.9358,82,A3,0.545306,0.353082,0
20230607T115959,20230619T102732,11.9358,83,A3,-0.145207,2.000000,0
20230607T115959,20230619T102732,11.9358,84,A3,-0.108082,0.321777,1
20230607T115959,20230619T102732,11.9358,85,A3,0.687344,0.302096,1
20230607T115959,20230619T102732,11.9358,87,A3,0.617355,0.214481,1
20230607T115959,20230619T102732,11.9358,88,A3,-0.114221,0.150966,1
20230607T115959,20230619T102732,11.9358,89,A3,-0.093706,0.321907,0
20230607T115959,20230619T102732,11.9358,90,A3,0.014085,0.329071,0
20230607T115959,20230619T102732,11.9358,92,A3,0.185823,0.883345,1
20230607T115959,20230619T102732,11.9358,93,A3,0.149858,0.293953,1
20230607T115959,20230619T102732,11.9358,94,A3,0.220255,0.516448,1
20230607T115959,20230619T102732,11.9358,95,A3,0.742929,0.738072,1
20230607T115959,20230619T102732,11.9358,96,A3,0.017946,0.936483,1
20230607T115959,20230619T102732,11.9358,97,A4,-0.137533,0.300598,0
20230607T115959,20230619T102732,11.9358,98,A4,0.104107,0.257897,0
20230607T115959,20230619T102732,11.9358,99,A4,-0.146305,0.950254,1
20230607T115959,20230619T102732,11.9358,100,A4,0.216885,0.324300,1
20230607T115959,20230619T102732,11.9358,101,A4,0.031010,0.957029,0
20230607T115959,20230619T102732,11.9358,102,A4,-0.138359,1.456887,0
20230607T115959,20230619T102732,11.9358,104,A4,-0.144583,0.799190,1
20230607T115959,20230619T102732,11.9358,105,A4,0.601603,0.321952,1
20230607T115959,20230619T102732,11.9358,106,A4,0.087287,0.272006,1
20230607T115959,20230619T102732,11.9358,107,A4,-0.108633,1.048374,0
20230607T115959,20230619T102732,11.9358,108,A4,0.075055,0.491815,1
20230607T115959,20230619T102732,11.9358,109,A4,0.032578,0.841676,1
20230607T115959,20230619T102732,11.9358,110,A4,-0.259895,1.010946,0
20230607T115959,20230619T102732,11.9358,111,A4,-0.110061,0.969025,1
20230607T115959,20230619T102732,11.9358,112,A4,-0.094783,0.120890,1
20230607T115959,20230619T102732,11.9358,114,A4,0.035444,1.295939,0
20230607T115959,20230619T102732,11.9358,116,A4,0.103956,0.000000,1
20230607T115959,20230619T102732,11.9358,118,A4,0.020424,0.369088,0
20230607T115959,20230619T102732,11.9358,119,A4,0.006304,0.086536,1
20230607T115959,20230619T102732,11.9358,121,A4,0.792212,0.341222,1
20230607T115959,20230619T102732,11.9358,122,A4,0.706537,0.275942,1
20230607T115959,20230619T102732,11.9358,123,A4,-0.160337,1.734325,0
20230607T115959,20230619T102732,11.9358,124,A4,-0.129541,0.584267,0
20230607T115959,20230619T102732,11.9358,125,A4,-0.292533,0.461583,1
20230607T115959,20230619T102732,11.9358,126,A4,-0.107375,0.109578,0
20230607T115959,20230619T102732,11.9358,127,A4,0.279728,0.817461,1
20230607T115959,20230619T102732,11.9358,129,A5,0.168020,0.260835,1
20230607T115959,20230619T102732,11.9358,130,A5,0.129487,0.445475,1
20230607T115959,20230619T102732,11.9358,132,A5,0.339895,0.955343,0
20230607T115959,20230619T102732,11.9358,133,A5,-0.017702,1.515820,0
20230607T115959,20230619T102732,11.9358,134,A5,0.018274,0.657122,1
20230607T115959,20230619T102732,11.9358,135,A5,-0.285206,0.526873,1
20230607T115959,20230619T102732,11.9358,136,A5,0.146655,0.280588,1
20230607T115959,20230619T102732,11.9358,137,A5,0.126214,0.831292,1
20230607T115959,20230619T102732,11.9358,138,A5,0.596310,0.848896,1
20230607T115959,20230619T102732,11.9358,141,A5,0.189638,0.292596,1
20230607T115959,20230619T102732,11.9358,142,A5,0.397176,0.660942,1
20230607T115959,20230619T102732,11.9358,143,A5,0.219154,0.215549,1
20230607T115959,20230619T102732,11.9358,145,A5,-0.247814,0.000895,1
20230607T115959,20230619T102732,11.9358,146,A5,0.496826,0.288195,1
20230607T115959,20230619T102732,11.9358,147,A5,0.409131,1.272728,0
20230607T115959,20230619T102732,11.9358,148,A5,0.252521,0.799135,1
20230607T115959,20230619T102732,11.9358,150,A5,-0.017952,0.654712,0
20230607T115959,20230619T102732,11.9358,151,A5,0.000240,0.904418,1
20230607T115959,20230619T102732,11.9358,152,A5,-0.243162,0.020880,1
20230607T115959,20230619T102732,11.9358,153,A5,-0.100650,0.111651,1
20230607T115959,20230619T102732,11.9358,155,A5,0.060111,1.492027,0
20230607T115959,20230619T102732,11.9358,156,A5,0.193409,0.261057,1
20230607T115959,20230619T102732,11.9358,157,A5,0.365850,1.266219,0
20230607T115959,20230619T102732,11.9358,158,A5,-0.173787,0.129497,1
20230607T115959,20230619T102732,11.9358,159,A5,0.040507,1.068672,0
20230607T115959,20230619T102732,11.9358,160,A5,-0.145563,1.138062,0
20230607T115959,20230620T101238,12.9255,1,A1,0.349213,0.788828,1
20230607T115959,20230620T101238,12.9255,2,A1,-0.179465,0.805356,1
20230607T115959,20230620T101238,12.9255,3,A1,-0.147979,1.004179,0
20230607T115959,20230620T101238,12.9255,4,A1,0.250926,0.783009,0
20230607T115959,20230620T101238,12.9255,6,A1,0.124288,1.134620,0
20230607T115959,20230620T101238,12.9255,8,A1,-0.241232,0.751616,1
20230607T115959,20230620T101238,12.9255,9,A1,-0.023845,0.056675,1
20230607T115959,20230620T101238,12.9255,10,A1,-0.074163,0.194816,1
20230607T115959,20230620T101238,12.9255,11,A1,0.184055,0.203373,1
20230607T115959,20230620T101238,12.9255,12,A1,0.077484,0.094641,1
20230607T115959,20230620T101238,12.9255,13,A1,0.167967,0.382310,1
20230607T115959,20230620T101238,12.9255,14,A1,0.153729,0.543098,1
20230607T115959,20230620T101238,12.9255,15,A1,0.257790,0.530501,1
20230607T115959,20230620T101238,12.9255,17,A1,0.322827,0.132283,1
20230607T115959,20230620T101238,12.9255,18,A1,-0.070443,0.395756,1
20230607T115959,20230620T101238,12.9255,19,A1,-0.018181,0.055043,1
20230607T115959,20230620T101238,12.9255,21,A1,0.193009,0.101517,1
20230607T115959,20230620T101238,12.9255,22,A1,0.437524,0.564620,1
20230607T115959,20230620T101238,12.9255,23,A1,0.375890,0.683272,0
20230607T115959,20230620T101238,12.9255,24,A1,-0.099930,0.342677,0
20230607T115959,20230620T101238,12.9255,26,A1,-0.433681,0.410160,1
20230607T115959,20230620T101238,12.9255,27,A1,0.098470,0.933531,1
20230607T115959,20230620T101238,12.9255,28,A1,-0.401394,0.405411,1
20230607T115959,20230620T101238,12.9255,29,A1,-0.288504,0.473730,1
20230607T115959,20230620T101238,12.9255,30,A1,0.804723,0.196026,1
20230607T115959,20230620T101238,12.9255,31,A1,0.501334,0.045354,1
20230607T115959,20230620T101238,12.9255,32,A1,0.658319,0.182035,1
20230607T115959,20230620T101238,12.9255,36,A2,0.178104,0.472659,1
20230607T115959,20230620T101238,12.9255,37,A2,-0.025481,0.273178,1
20230607T115959,20230620T101238,12.9255,39,A2,0.136368,0.325567,1
20230607T115959,20230620T101238,12.9255,40,A2,0.132811,0.217240,1
20230607T115959,20230620T101238,12.9255,41,A2,0.054948,0.381889,1
20230607T115959,20230620T101238,12.9255,42,A2,-0.255313,0.740932,1
20230607T115959,20230620T101238,12.9255,43,A2,0.707182,0.439841,1
20230607T115959,20230620T101238,12.9255,44,A2,0.182556,0.926014,1
20230607T115959,20230620T101238,12.9255,45,A2,0.358121,0.175218,1
20230607T115959,20230620T101238,12.9255,46,A2,0.057204,0.286689,1
20230607T115959,20230620T101238,12.9255,47,A2,0.455027,1.126692,0
20230607T115959,20230620T101238,12.9255,48,A2,0.038078,0.517509,1
20230607T115959,20230620T101238,12.9255,49,A2,0.210867,1.044152,0
20230607T115959,20230620T101238,12.9255,51,A2,0.031535,0.419489,1
20230607T115959,20230620T101238,12.9255,52,A2,0.049468,1.125357,0
20230607T115959,20230620T101238,12.9255,53,A2,-0.053955,0.287285,1
20230607T115959,20230620T101238,12.9255,54,A2,-0.040612,1.636441,0
20230607T115959,20230620T101238,12.9255,55,A2,-0.185999,1.083270,0
20230607T115959,20230620T101238,12.9255,57,A2,-0.185691,0.068859,1
20230607T115959,20230620T101238,12.9255,58,A2,0.044745,0.447966,0
20230607T115959,20230620T101238,12.9255,59,A2,-0.124164,0.068526,1
20230607T115959,20230620T101238,12.9255,60,A2,0.106970,0.366748,1
20230607T115959,20230620T101238,12.9255,61,A2,0.433956,0.810130,1
20230607T115959,20230620T101238,12.9255,62,A2,0.463745,0.575479,1
20230607T115959,20230620T101238,12.9255,63,A2,0.650764,0.037061,1
20230607T115959,20230620T101238,12.9255,64,A2,0.511261,0.514508,1
20230607T115959,20230620T101238,12.9255,65,A3,0.467763,0.377710,1
20230607T115959,20230620T101238,12.9255,66,A3,0.555051,0.339909,1
20230607T115959,20230620T101238,12.9255,67,A3,0.689244,0.478643,1
20230607T115959,20230620T101238,12.9255,69,A3,0.648984,0.876663,0
20230607T115959,20230620T101238,12.9255,70,A3,0.370946,0.164659,1
20230607T115959,20230620T101238,12.9255,71,A3,0.664294,1.255090,0
20230607T115959,20230620T101238,12.9255,72,A3,0.088792,0.658577,0
20230607T115959,20230620T101238,12.9255,73,A3,-0.227221,0.982008,1
20230607T115959,20230620T101238,12.9255,74,A3,0.214009,1.165809,0
20230607T115959,20230620T101238,12.9255,75,A3,-0.115133,1.211995,0
20230607T115959,20230620T101238,12.9255,76,A3,0.577498,0.452714,0
20230607T115959,20230620T101238,12.9255,77,A3,0.272128,0.859515,0
20230607T115959,20230620T101238,12.9255,78,A3,0.541623,0.035588,1
20230607T115959,20230620T101238,12.9255,79,A3,0.149929,0.852396,1
20230607T115959,20230620T101238,12.9255,80,A3,0.523403,0.607041,1
20230607T115959,20230620T101238,12.9255,81,A3,0.415061,0.580948,1
20230607T115959,20230620T101238,12.9255,82,A3,0.632201,0.389881,0
20230607T115959,20230620T101238,12.9255,83,A3,0.287955,1.011921,0
20230607T115959,20230620T101238,12.9255,84,A3,0.124685,0.241321,1
20230607T115959,20230620T101238,12.9255,85,A3,0.758508,0.178051,1
20230607T115959,20230620T101238,12.9255,87,A3,0.501166,0.595436,1
20230607T115959,20230620T101238,12.9255,88,A3,0.531991,0.630375,1
20230607T115959,20230620T101238,12.9255,89,A3,0.171311,0.186823,1
20230607T115959,20230620T101238,12.9255,90,A3,0.212823,0.011018,1
20230607T115959,20230620T101238,12.9255,91,A3,0.007343,0.436185,1
20230607T115959,20230620T101238,12.9255,93,A3,0.658374,0.277151,1
20230607T115959,20230620T101238,12.9255,94,A3,0.331368,0.805003,1
20230607T115959,20230620T101238,12.9255,95,A3,0.724538,1.039061,0
20230607T115959,20230620T101238,12.9255,96,A3,0.345000,0.935920,1
20230607T115959,20230620T101238,12.9255,97,A4,0.171976,0.458864,0
20230607T115959,20230620T101238,12.9255,98,A4,0.030690,0.295761,0
20230607T115959,20230620T101238,12.9255,99,A4,0.049954,1.030830,0
20230607T115959,20230620T101238,12.9255,100,A4,0.148338,0.809301,0
20230607T115959,20230620T101238,12.9255,101,A4,-0.007492,0.241089,1
20230607T115959,20230620T101238,12.9255,102,A4,0.025584,0.471079,0
20230607T115959,20230620T101238,12.9255,104,A4,0.205657,1.300015,0
20230607T115959,20230620T101238,12.9255,105,A4,0.610871,0.454845,1
20230607T115959,20230620T101238,12.9255,106,A4,-0.157457,0.801148,0
20230607T115959,20230620T101238,12.9255,107,A4,0.097990,0.478228,1
20230607T115959,20230620T101238,12.9255,108,A4,-0.271593,1.093199,0
20230607T115959,20230620T101238,12.9255,109,A4,-0.018609,1.436107,0
20230607T115959,20230620T101238,12.9255,110,A4,-0.010678,1.279719,0
20230607T115959,20230620T101238,12.9255,111,A4,0.019102,1.581389,0
20230607T115959,20230620T101238,12.9255,112,A4,0.156241,0.315315,0
20230607T115959,20230620T101238,12.9255,114,A4,-0.204736,0.901192,1
20230607T115959,20230620T101238,12.9255,116,A4,-0.170948,2.000000,0
20230607T115959,20230620T101238,12.9255,118,A4,0.135445,0.088894,1
20230607T115959,20230620T101238,12.9255,119,A4,0.339883,0.060829,1
20230607T115959,20230620T101238,12.9255,120,A4,0.058672,0.410750,1
20230607T115959,20230620T101238,12.9255,121,A4,0.821856,0.179886,1
20230607T115959,20230620T101238,12.9255,122,A4,0.853468,0.219139,1
20230607T115959,20230620T101238,12.9255,123,A4,0.007700,0.322169,1
20230607T115959,20230620T101238,12.9255,124,A4,-0.059731,0.310251,0
20230607T115959,20230620T101238,12.9255,125,A4,-0.258593,0.579886,1
20230607T115959,20230620T101238,12.9255,126,A4,0.093210,0.164450,0
20230607T115959,20230620T101238,12.9255,127,A4,0.156884,0.336015,1
20230607T115959,20230620T101238,12.9255,129,A5,0.102591,1.382002,0
20230607T115959,20230620T101238,12.9255,130,A5,0.259239,0.383240,1
20230607T115959,20230620T101238,12.9255,132,A5,0.167047,1.064493,0
20230607T115959,20230620T101238,12.9255,133,A5,0.151740,1.050861,0
20230607T115959,20230620T101238,12.9255,134,A5,0.169616,0.726060,0
20230607T115959,20230620T101238,12.9255,135,A5,-0.045943,0.458526,1
20230607T115959,20230620T101238,12.9255,136,A5,0.306490,2.000000,0
20230607T115959,20230620T101238,12.9255,137,A5,0.141161,0.833928,1
20230607T115959,20230620T101238,12.9255,138,A5,0.309569,0.650074,1
20230607T115959,20230620T101238,12.9255,141,A5,0.036611,0.110908,1
20230607T115959,20230620T101238,12.9255,142,A5,0.216914,1.316490,0
20230607T115959,20230620T101238,12.9255,143,A5,-0.020349,1.203960,0
20230607T115959,20230620T101238,12.9255,145,A5,-0.117648,0.085924,0
20230607T115959,20230620T101238,12.9255,146,A5,0.766740,0.239591,1
20230607T115959,20230620T101238,12.9255,147,A5,0.260049,1.290569,0
20230607T115959,20230620T101238,12.9255,148,A5,0.437452,0.937395,1
20230607T115959,20230620T101238,12.9255,150,A5,0.030754,0.610019,1
20230607T115959,20230620T101238,12.9255,151,A5,-0.296385,0.000000,1
20230607T115959,20230620T101238,12.9255,152,A5,0.093303,1.473157,0
20230607T115959,20230620T101238,12.9255,153,A5,0.088306,0.170163,1
20230607T115959,20230620T101238,12.9255,155,A5,-0.031502,0.106135,1
20230607T115959,20230620T101238,12.9255,156,A5,0.383275,0.651891,1
20230607T115959,20230620T101238,12.9255,157,A5,-0.324446,0.328105,1
20230607T115959,20230620T101238,12.9255,158,A5,-0.075662,1.223052,0
20230607T115959,20230620T101238,12.9255,159,A5,-0.096116,0.841223,1
20230607T115959,20230620T101238,12.9255,160,A5,0.034839,1.023765,0
20230607T115959,20230621T100721,13.9218,1,A1,-0.098559,0.649942,1
20230607T115959,20230621T100721,13.9218,2,A1,-0.281854,1.080182,0
20230607T115959,20230621T100721,13.9218,3,A1,-0.348651,1.010011,0
20230607T115959,20230621T100721,13.9218,4,A1,0.168302,0.215765,1
20230607T115959,20230621T100721,13.9218,6,A1,-0.139279,0.975129,1
20230607T115959,20230621T100721,13.9218,8,A1,0.242132,1.074877,0
20230607T115959,20230621T100721,13.9218,9,A1,0.315632,0.814682,1
20230607T115959,20230621T100721,13.9218,10,A1,-0.199772,0.676801,1
20230607T115959,20230621T100721,13.9218,11,A1,0.590832,0.029509,1
20230607T115959,20230621T100721,13.9218,12,A1,0.135940,0.083714,1
20230607T115959,20230621T100721,13.9218,13,A1,0.633963,0.314097,1
20230607T115959,20230621T100721,13.9218,14,A1,0.264103,0.392802,1
20230607T115959,20230621T100721,13.9218,15,A1,0.423071,0.157900,1
20230607T115959,20230621T100721,13.9218,17,A1,0.233960,0.287702,1
20230607T115959,20230621T100721,13.9218,18,A1,-0.207614,0.850851,1
20230607T115959,20230621T100721,13.9218,19,A1,-0.148060,0.087278,1
20230607T115959,20230621T100721,13.9218,21,A1,0.380317,0.106971,1
20230607T115959,20230621T100721,13.9218,22,A1,0.462689,0.808568,1
20230607T115959,20230621T100721,13.9218,23,A1,0.464301,0.296932,1
20230607T115959,20230621T100721,13.9218,24,A1,-0.170674,0.363537,0
20230607T115959,20230621T100721,13.9218,26,A1,-0.201518,0.407052,1
20230607T115959,20230621T100721,13.9218,27,A1,-0.002188,1.077278,0
20230607T115959,20230621T100721,13.9218,28,A1,-0.121572,0.515760,1
20230607T115959,20230621T100721,13.9218,29,A1,0.681298,0.218557,1
20230607T115959,20230621T100721,13.9218,30,A1,0.804294,0.000000,1
20230607T115959,20230621T100721,13.9218,31,A1,0.417158,0.186506,1
20230607T115959,20230621T100721,13.9218,32,A1,0.694281,0.074058,1
20230607T115959,20230621T100721,13.9218,36,A2,-0.127696,1.443532,0
20230607T115959,20230621T100721,13.9218,37,A2,0.197131,0.949716,0
20230607T115959,20230621T100721,13.9218,39,A2,0.170440,1.710855,0
20230607T115959,20230621T100721,13.9218,40,A2,0.116947,0.761724,1
20230607T115959,20230621T100721,13.9218,41,A2,0.420038,0.008732,1
20230607T115959,20230621T100721,13.9218,42,A2,0.145476,0.935157,1
20230607T115959,20230621T100721,13.9218,43,A2,0.572994,0.112132,1
20230607T115959,20230621T100721,13.9218,44,A2,0.296633,0.676331,1
20230607T115959,20230621T100721,13.9218,45,A2,0.441032,0.167761,1
20230607T115959,20230621T100721,13.9218,46,A2,0.021369,1.362088,0
20230607T115959,20230621T100721,13.9218,47,A2,0.636107,0.629991,1
20230607T115959,20230621T100721,13.9218,48,A2,0.058037,0.685321,0
20230607T115959,20230621T100721,13.9218,49,A2,-0.103238,1.779200,0
20230607T115959,20230621T100721,13.9218,51,A2,-0.064038,0.208987,1
20230607T115959,20230621T100721,13.9218,52,A2,0.062953,0.892972,0
20230607T115959,20230621T100721,13.9218,53,A2,0.171815,0.246451,1
20230607T115959,20230621T100721,13.9218,54,A2,0.126018,1.313873,0
20230607T115959,20230621T100721,13.9218,55,A2,0.051947,0.495690,1
20230607T115959,20230621T100721,13.9218,57,A2,0.055135,0.171846,1
20230607T115959,20230621T100721,13.9218,58,A2,0.363342,0.039103,0
20230607T115959,20230621T100721,13.9218,59,A2,0.128185,0.032396,1
20230607T115959,20230621T100721,13.9218,60,A2,0.160548,0.451162,1
20230607T115959,20230621T100721,13.9218,62,A2,0.512740,0.656713,1
20230607T115959,20230621T100721,13.9218,63,A2,0.756209,0.109507,1
20230607T115959,20230621T100721,13.9218,64,A2,0.210871,0.567600,0
20230607T115959,20230621T100721,13.9218,65,A3,0.390078,0.325683,1
20230607T115959,20230621T100721,13.9218,66,A3,0.575511,0.204096,1
20230607T115959,20230621T100721,13.9218,67,A3,0.529542,0.985684,1
20230607T115959,20230621T100721,13.9218,69,A3,0.613952,0.324770,0
20230607T115959,20230621T100721,13.9218,70,A3,0.429200,0.428707,1
20230607T115959,20230621T100721,13.9218,71,A3,0.589335,1.974789,0
20230607T115959,20230621T100721,13.9218,72,A3,0.087987,0.560992,0
20230607T115959,20230621T100721,13.9218,73,A3,-0.154644,1.060771,0
20230607T115959,20230621T100721,13.9218,74,A3,-0.067843,0.900878,1
20230607T115959,20230621T100721,13.9218,75,A3,-0.018948,0.996809,0
20230607T115959,20230621T100721,13.9218,76,A3,0.314244,0.172829,1
20230607T115959,20230621T100721,13.9218,77,A3,0.034339,1.408276,0
20230607T115959,20230621T100721,13.9218,78,A3,0.393805,0.185488,1
20230607T115959,20230621T100721,13.9218,79,A3,0.312028,0.886752,0
20230607T115959,20230621T100721,13.9218,80,A3,0.362583,0.621397,1
20230607T115959,20230621T100721,13.9218,81,A3,0.102406,0.307543,1
20230607T115959,20230621T100721,13.9218,82,A3,0.395281,0.800083,0
20230607T115959,20230621T100721,13.9218,83,A3,-0.064406,1.189357,0
20230607T115959,20230621T100721,13.9218,84,A3,0.191472,1.320382,0
20230607T115959,20230621T100721,13.9218,85,A3,0.630574,0.440943,1
20230607T115959,20230621T100721,13.9218,87,A3,0.579878,0.214979,1
20230607T115959,20230621T100721,13.9218,88,A3,-0.345627,0.044863,1
20230607T115959,20230621T100721,13.9218,89,A3,0.001190,0.817151,1
20230607T115959,20230621T100721,13.9218,90,A3,0.048879,0.379528,0
20230607T115959,20230621T100721,13.9218,91,A3,0.017063,0.585104,1
20230607T115959,20230621T100721,13.9218,93,A3,0.255604,0.143561,1
20230607T115959,20230621T100721,13.9218,94,A3,-0.592385,0.000000,1
20230607T115959,20230621T100721,13.9218,95,A3,0.675270,1.050780,0
20230607T115959,20230621T100721,13.9218,96,A3,0.277684,1.031483,0
20230607T115959,20230621T100721,13.9218,97,A4,0.073783,0.374967,0
20230607T115959,20230621T100721,13.9218,98,A4,-0.167045,0.710905,0
20230607T115959,20230621T100721,13.9218,99,A4,0.077249,0.918738,1
20230607T115959,20230621T100721,13.9218,100,A4,-0.134853,0.619632,1
20230607T115959,20230621T100721,13.9218,101,A4,0.145594,0.931091,0
20230607T115959,20230621T100721,13.9218,102,A4,-0.001315,0.604148,0
20230607T115959,20230621T100721,13.9218,104,A4,0.083053,0.961065,1
20230607T115959,20230621T100721,13.9218,105,A4,0.386087,0.366863,0
20230607T115959,20230621T100721,13.9218,106,A4,-0.000239,0.680830,0
20230607T115959,20230621T100721,13.9218,107,A4,-0.069286,1.495587,0
20230607T115959,20230621T100721,13.9218,108,A4,0.143648,1.331761,0
20230607T115959,20230621T100721,13.9218,109,A4,-0.132516,0.168324,1
20230607T115959,20230621T100721,13.9218,110,A4,-0.028174,1.108085,0
20230607T115959,20230621T100721,13.9218,111,A4,-0.069589,1.041025,0
20230607T115959,20230621T100721,13.9218,112,A4,-0.063547,1.216547,0
20230607T115959,20230621T100721,13.9218,114,A4,-0.249163,1.064615,0
20230607T115959,20230621T100721,13.9218,118,A4,-0.015959,0.207005,1
20230607T115959,20230621T100721,13.9218,119,A4,-0.126875,0.175668,1
20230607T115959,20230621T100721,13.9218,120,A4,0.307675,0.357193,1
20230607T115959,20230621T100721,13.9218,121,A4,0.404647,0.603755,1
20230607T115959,20230621T100721,13.9218,122,A4,0.758280,0.342803,1
20230607T115959,20230621T100721,13.9218,123,A4,-0.232656,0.515749,1
20230607T115959,20230621T100721,13.9218,124,A4,-0.015683,0.114513,1
20230607T115959,20230621T100721,13.9218,125,A4,-0.246449,1.586712,0
20230607T115959,20230621T100721,13.9218,126,A4,-0.448081,0.004559,1
20230607T115959,20230621T100721,13.9218,129,A5,-0.323972,0.540599,0
20230607T115959,20230621T100721,13.9218,130,A5,-0.449092,0.503472,1
20230607T115959,20230621T100721,13.9218,132,A5,0.106508,0.952654,0
20230607T115959,20230621T100721,13.9218,133,A5,-0.016858,0.553437,0
20230607T115959,20230621T100721,13.9218,134,A5,0.265268,0.868918,0
20230607T115959,20230621T100721,13.9218,135,A5,-0.300716,0.101780,1
20230607T115959,20230621T100721,13.9218,136,A5,0.073293,1.935605,0
20230607T115959,20230621T100721,13.9218,137,A5,0.080858,0.793387,1
20230607T115959,20230621T100721,13.9218,138,A5,0.698897,0.854135,1
20230607T115959,20230621T100721,13.9218,141,A5,-0.064404,0.836422,1
20230607T115959,20230621T100721,13.9218,142,A5,0.481245,0.000000,1
20230607T115959,20230621T100721,13.9218,143,A5,0.056479,0.923765,0
20230607T115959,20230621T100721,13.9218,145,A5,-0.055197,0.013671,1
20230607T115959,20230621T100721,13.9218,146,A5,0.843200,0.308161,1
20230607T115959,20230621T100721,13.9218,147,A5,0.112281,1.639378,0
20230607T115959,20230621T100721,13.9218,148,A5,0.192116,0.666714,1
20230607T115959,20230621T100721,13.9218,150,A5,0.102306,0.670895,0
20230607T115959,20230621T100721,13.9218,151,A5,0.052977,1.168103,0
20230607T115959,20230621T100721,13.9218,152,A5,-0.208401,0.000000,1
20230607T115959,20230621T100721,13.9218,153,A5,-0.159150,0.038503,1
20230607T115959,20230621T100721,13.9218,155,A5,-0.013016,0.710849,1
20230607T115959,20230621T100721,13.9218,157,A5,0.045398,1.313761,0
20230607T115959,20230621T100721,13.9218,158,A5,-0.113507,0.922247,0
20230607T115959,20230621T100721,13.9218,159,A5,0.328910,0.936855,1
20230607T115959,20230621T100721,13.9218,160,A5,-0.183105,0.000000,1
20230607T115959,20230622T111856,14.9715,1,A1,0.261783,0.712736,1
20230607T115959,20230622T111856,14.9715,2,A1,-0.110499,0.933184,1
20230607T115959,20230622T111856,14.9715,3,A1,0.299057,0.990778,1
20230607T115959,20230622T111856,14.9715,4,A1,0.228886,0.022686,1
20230607T115959,20230622T111856,14.9715,6,A1,-0.241278,0.865440,1
20230607T115959,20230622T111856,14.9715,8,A1,0.006501,1.720329,0
20230607T115959,20230622T111856,14.9715,9,A1,0.199892,0.685487,1
20230607T115959,20230622T111856,14.9715,10,A1,-0.117962,0.428905,0
20230607T115959,20230622T111856,14.9715,11,A1,-0.179412,0.153642,1
20230607T115959,20230622T111856,14.9715,12,A1,0.007171,0.326277,1
20230607T115959,20230622T111856,14.9715,13,A1,0.468896,0.253150,1
20230607T115959,20230622T111856,14.9715,14,A1,-0.145112,0.032430,1
20230607T115959,20230622T111856,14.9715,15,A1,0.016402,0.000000,1
20230607T115959,20230622T111856,14.9715,17,A1,-0.032963,0.444646,1
20230607T115959,20230622T111856,14.9715,18,A1,-0.240695,0.402986,1
20230607T115959,20230622T111856,14.9715,19,A1,0.287335,0.460398,0
20230607T115959,20230622T111856,14.9715,21,A1,-0.058037,0.727427,1
20230607T115959,20230622T111856,14.9715,22,A1,0.437498,0.000000,1
20230607T115959,20230622T111856,14.9715,23,A1,0.120615,0.477682,0
20230607T115959,20230622T111856,14.9715,24,A1,-0.135131,0.246165,1
20230607T115959,20230622T111856,14.9715,25,A1,-0.195961,1.214869,0
20230607T115959,20230622T111856,14.9715,26,A1,-0.375020,0.311894,1
20230607T115959,20230622T111856,14.9715,27,A1,0.079292,0.662964,1
20230607T115959,20230622T111856,14.9715,28,A1,0.242596,0.409437,1
20230607T115959,20230622T111856,14.9715,29,A1,0.476444,0.117549,1
20230607T115959,20230622T111856,14.9715,30,A1,0.732860,0.000000,1
20230607T115959,20230622T111856,14.9715,31,A1,0.433765,0.769317,1
20230607T115959,20230622T111856,14.9715,32,A1,0.622064,0.354718,1
20230607T115959,20230622T111856,14.9715,36,A2,0.076960,0.780423,1
20230607T115959,20230622T111856,14.9715,37,A2,-0.433203,0.602313,1
20230607T115959,20230622T111856,14.9715,39,A2,0.036293,0.955670,1
20230607T115959,20230622T111856,14.9715,40,A2,-0.165867,0.963077,1
20230607T115959,20230622T111856,14.9715,41,A2,0.351659,0.478487,1
20230607T115959,20230622T111856,14.9715,42,A2,0.039494,1.609735,0
20230607T115959,20230622T111856,14.9715,43,A2,0.772216,0.127720,1
20230607T115959,20230622T111856,14.9715,44,A2,0.220398,0.441071,1
20230607T115959,20230622T111856,14.9715,45,A2,0.313099,0.184599,1
20230607T115959,20230622T111856,14.9715,46,A2,0.035220,0.074710,1
20230607T115959,20230622T111856,14.9715,47,A2,0.543106,0.000000,1
20230607T115959,20230622T111856,14.9715,48,A2,0.366142,0.486792,0
20230607T115959,20230622T111856,14.9715,49,A2,-0.147773,0.557678,1
20230607T115959,20230622T111856,14.9715,51,A2,0.036669,0.712707,0
20230607T115959,20230622T111856,14.9715,52,A2,0.067485,1.125357,0
20230607T115959,20230622T111856,14.9715,53,A2,-0.157531,0.808466,1
20230607T115959,20230622T111856,14.9715,54,A2,-0.137128,1.395705,0
20230607T115959,20230622T111856,14.9715,55,A2,-0.396888,0.296223,1
20230607T115959,20230622T111856,14.9715,57,A2,-0.066212,1.013003,0
20230607T115959,20230622T111856,14.9715,58,A2,0.018806,0.197685,1
20230607T115959,20230622T111856,14.9715,59,A2,-0.004322,0.444795,0
20230607T115959,20230622T111856,14.9715,60,A2,-0.012660,0.754395,1
20230607T115959,20230622T111856,14.9715,61,A2,0.470402,0.818350,1
20230607T115959,20230622T111856,14.9715,62,A2,0.616328,0.713146,1
20230607T115959,20230622T111856,14.9715,63,A2,0.632937,0.057684,1
20230607T115959,20230622T111856,14.9715,64,A2,0.519643,0.001301,1
20230607T115959,20230622T111856,14.9715,65,A3,0.049229,0.419508,1
20230607T115959,20230622T111856,14.9715,66,A3,0.226568,0.190295,1
20230607T115959,20230622T111856,14.9715,67,A3,0.436396,0.722413,1
20230607T115959,20230622T111856,14.9715,68,A3,0.336265,0.258275,1
20230607T115959,20230622T111856,14.9715,69,A3,0.254630,0.353733,0
20230607T115959,20230622T111856,14.9715,70,A3,0.293470,0.007001,1
20230607T115959,20230622T111856,14.9715,71,A3,0.635646,2.000000,0
20230607T115959,20230622T111856,14.9715,72,A3,0.184760,0.377539,1
20230607T115959,20230622T111856,14.9715,73,A3,-0.024012,2.000000,0
20230607T115959,20230622T111856,14.9715,74,A3,0.176634,1.162317,0
20230607T115959,20230622T111856,14.9715,75,A3,0.038490,1.211995,0
20230607T115959,20230622T111856,14.9715,76,A3,0.361035,0.800097,1
20230607T115959,20230622T111856,14.9715,77,A3,-0.133538,0.967709,0
20230607T115959,20230622T111856,14.9715,78,A3,0.282065,0.461683,0
20230607T115959,20230622T111856,14.9715,79,A3,0.149270,0.532330,1
20230607T115959,20230622T111856,14.9715,80,A3,0.028205,0.041482,1
20230607T115959,20230622T111856,14.9715,81,A3,-0.017040,0.635437,1
20230607T115959,20230622T111856,14.9715,82,A3,-0.500666,0.556724,0
20230607T115959,20230622T111856,14.9715,83,A3,0.020545,1.415617,0
20230607T115959,20230622T111856,14.9715,84,A3,-0.322874,0.724649,1
20230607T115959,20230622T111856,14.9715,85,A3,0.515561,0.113499,1
20230607T115959,20230622T111856,14.9715,87,A3,0.064859,0.000000,1
20230607T115959,20230622T111856,14.9715,88,A3,-0.033304,0.787119,0
20230607T115959,20230622T111856,14.9715,89,A3,0.106473,0.215793,1
20230607T115959,20230622T111856,14.9715,90,A3,0.062779,0.175736,1
20230607T115959,20230622T111856,14.9715,91,A3,0.182046,0.309548,1
20230607T115959,20230622T111856,14.9715,93,A3,-0.313104,0.370794,0
20230607T115959,20230622T111856,14.9715,94,A3,0.187152,1.857719,0
20230607T115959,20230622T111856,14.9715,95,A3,0.612133,0.834971,1
20230607T115959,20230622T111856,14.9715,96,A3,-0.017506,1.361879,0
20230607T115959,20230622T111856,14.9715,97,A4,0.035299,0.162681,1
20230607T115959,20230622T111856,14.9715,98,A4,-0.057741,0.157497,1
20230607T115959,20230622T111856,14.9715,99,A4,0.088595,1.021059,0
20230607T115959,20230622T111856,14.9715,100,A4,-0.309412,0.070263,1
20230607T115959,20230622T111856,14.9715,101,A4,0.098149,1.067044,0
20230607T115959,20230622T111856,14.9715,102,A4,-0.114641,0.022330,1
20230607T115959,20230622T111856,14.9715,104,A4,-0.157276,1.139696,0
20230607T115959,20230622T111856,14.9715,105,A4,0.278629,0.376273,0
20230607T115959,20230622T111856,14.9715,106,A4,-0.189717,0.376788,1
20230607T115959,20230622T111856,14.9715,107,A4,-0.412612,1.354259,0
20230607T115959,20230622T111856,14.9715,108,A4,-0.111327,1.728058,0
20230607T115959,20230622T111856,14.9715,109,A4,0.057253,0.904223,1
20230607T115959,20230622T111856,14.9715,110,A4,-0.192786,2.000000,0
20230607T115959,20230622T111856,14.9715,111,A4,0.094988,0.590282,1
20230607T115959,20230622T111856,14.9715,112,A4,0.023144,0.109497,1
20230607T115959,20230622T111856,14.9715,114,A4,-0.115349,0.950798,1
20230607T115959,20230622T111856,14.9715,116,A4,-0.113382,1.159183,0
20230607T115959,20230622T111856,14.9715,118,A4,-0.162831,0.322264,0
20230607T115959,20230622T111856,14.9715,119,A4,-0.168960,0.002213,1
20230607T115959,20230622T111856,14.9715,120,A4,0.197706,0.403459,1
20230607T115959,20230622T111856,14.9715,121,A4,0.492779,0.549568,1
20230607T115959,20230622T111856,14.9715,122,A4,0.714365,0.197481,1
20230607T115959,20230622T111856,14.9715,123,A4,0.122131,0.175174,1
20230607T115959,20230622T111856,14.9715,124,A4,0.035299,0.294431,0
20230607T115959,20230622T111856,14.9715,125,A4,0.216738,0.546118,1
20230607T115959,20230622T111856,14.9715,126,A4,0.073558,0.234925,0
20230607T115959,20230622T111856,14.9715,127,A4,0.301848,0.471797,0
20230607T115959,20230622T111856,14.9715,130,A5,0.039524,1.616760,0
20230607T115959,20230622T111856,14.9715,132,A5,-0.257313,0.798531,1
20230607T115959,20230622T111856,14.9715,133,A5,0.274868,0.557648,0
20230607T115959,20230622T111856,14.9715,134,A5,-0.034669,1.178174,0
20230607T115959,20230622T111856,14.9715,135,A5,0.017211,0.376804,1
20230607T115959,20230622T111856,14.9715,136,A5,0.275775,2.000000,0
20230607T115959,20230622T111856,14.9715,137,A5,0.029819,0.963434,1
20230607T115959,20230622T111856,14.9715,138,A5,0.751382,0.000000,1
20230607T115959,20230622T111856,14.9715,141,A5,0.279577,1.141682,0
20230607T115959,20230622T111856,14.9715,142,A5,-0.075153,0.000000,1
20230607T115959,20230622T111856,14.9715,143,A5,0.344798,1.755320,0
20230607T115959,20230622T111856,14.9715,145,A5,-0.013804,0.128897,0
20230607T115959,20230622T111856,14.9715,146,A5,0.628305,0.411452,1
20230607T115959,20230622T111856,14.9715,147,A5,0.163246,0.311397,1
20230607T115959,20230622T111856,14.9715,148,A5,0.343280,0.395959,1
20230607T115959,20230622T111856,14.9715,150,A5,0.160639,0.473157,1
20230607T115959,20230622T111856,14.9715,151,A5,-0.349339,1.129933,0
20230607T115959,20230622T111856,14.9715,152,A5,0.126677,1.030399,0
20230607T115959,20230622T111856,14.9715,153,A5,-0.088871,0.010933,1
20230607T115959,20230622T111856,14.9715,155,A5,0.207260,0.430792,1
20230607T115959,20230622T111856,14.9715,156,A5,0.451286,0.451937,1
20230607T115959,20230622T111856,14.9715,157,A5,0.275510,0.063851,1
20230607T115959,20230622T111856,14.9715,158,A5,-0.268997,0.582211,1
20230607T115959,20230622T111856,14.9715,159,A5,0.080896,1.121613,0
20230607T115959,20230622T111856,14.9715,160,A5,0.025599,0.000000,1
20230607T115959,20230628T101631,20.9281,1,A1,0.277875,0.000000,1
20230607T115959,20230628T101631,20.9281,2,A1,-0.049988,1.008205,0
20230607T115959,20230628T101631,20.9281,3,A1,-0.112167,0.923398,1
20230607T115959,20230628T101631,20.9281,4,A1,0.233292,0.130735,1
20230607T115959,20230628T101631,20.9281,6,A1,0.202540,1.005742,0
20230607T115959,20230628T101631,20.9281,7,A1,0.095923,0.716254,0
20230607T115959,20230628T101631,20.9281,8,A1,0.035787,0.980451,1
20230607T115959,20230628T101631,20.9281,9,A1,-0.092843,1.002443,0
20230607T115959,20230628T101631,20.9281,10,A1,-0.148314,0.510673,0
20230607T115959,20230628T101631,20.9281,11,A1,0.053863,0.551968,0
20230607T115959,20230628T101631,20.9281,12,A1,0.026756,0.079964,1
20230607T115959,20230628T101631,20.9281,13,A1,0.428957,0.406200,0
20230607T115959,20230628T101631,20.9281,14,A1,0.245134,0.225593,1
20230607T115959,20230628T101631,20.9281,15,A1,0.293064,0.600752,1
20230607T115959,20230628T101631,20.9281,17,A1,0.447752,0.170603,0
20230607T115959,20230628T101631,20.9281,18,A1,0.277075,0.363434,1
20230607T115959,20230628T101631,20.9281,19,A1,0.053991,0.290498,0
20230607T115959,20230628T101631,20.9281,21,A1,0.030747,0.188594,0
20230607T115959,20230628T101631,20.9281,22,A1,0.487740,0.476295,1
20230607T115959,20230628T101631,20.9281,23,A1,-0.128493,0.466632,0
20230607T115959,20230628T101631,20.9281,24,A1,0.101683,0.820967,1
20230607T115959,20230628T101631,20.9281,25,A1,-0.010992,1.194482,0
20230607T115959,20230628T101631,20.9281,26,A1,-0.202237,1.169278,0
20230607T115959,20230628T101631,20.9281,27,A1,0.353860,0.869416,1
20230607T115959,20230628T101631,20.9281,28,A1,0.345334,0.685984,0
20230607T115959,20230628T101631,20.9281,29,A1,0.034903,0.492669,1
20230607T115959,20230628T101631,20.9281,30,A1,0.687096,0.000000,1
20230607T115959,20230628T101631,20.9281,31,A1,0.588816,0.138057,1
20230607T115959,20230628T101631,20.9281,32,A1,0.637322,0.192468,1
20230607T115959,20230628T101631,20.9281,36,A2,-0.383799,0.490624,1
20230607T115959,20230628T101631,20.9281,37,A2,-0.046823,0.340689,1
20230607T115959,20230628T101631,20.9281,39,A2,0.401709,0.746356,1
20230607T115959,20230628T101631,20.9281,40,A2,-0.142347,0.960329,1
20230607T115959,20230628T101631,20.9281,41,A2,0.044372,0.766371,1
20230607T115959,20230628T101631,20.9281,42,A2,0.135202,1.041243,0
20230607T115959,20230628T101631,20.9281,43,A2,0.372287,1.181353,0
20230607T115959,20230628T101631,20.9281,44,A2,0.212473,0.926014,1
20230607T115959,20230628T101631,20.9281,46,A2,-0.232315,0.475245,1
20230607T115959,20230628T101631,20.9281,47,A2,0.814669,0.000000,1
20230607T115959,20230628T101631,20.9281,48,A2,0.464976,0.476785,1
20230607T115959,20230628T101631,20.9281,49,A2,-0.014301,1.326836,0
20230607T115959,20230628T101631,20.9281,51,A2,-0.084164,0.274232,1
20230607T115959,20230628T101631,20.9281,52,A2,0.002151,0.689717,0
20230607T115959,20230628T101631,20.9281,53,A2,0.109524,0.152291,1
20230607T115959,20230628T101631,20.9281,54,A2,-0.054254,1.049853,0
20230607T115959,20230628T101631,20.9281,55,A2,0.212923,1.100684,0
20230607T115959,20230628T101631,20.9281,57,A2,-0.293448,0.157057,0
20230607T115959,20230628T101631,20.9281,58,A2,-0.181282,0.282842,0
20230607T115959,20230628T101631,20.9281,59,A2,0.224083,0.341665,1
20230607T115959,20230628T101631,20.9281,60,A2,0.119173,0.037098,1
20230607T115959,20230628T101631,20.9281,61,A2,0.698421,0.606917,1
20230607T115959,20230628T101631,20.9281,62,A2,0.690051,0.807704,1
20230607T115959,20230628T101631,20.9281,63,A2,0.440093,0.076672,1
20230607T115959,20230628T101631,20.9281,64,A2,0.568223,0.015928,1
20230607T115959,20230628T101631,20.9281,65,A3,0.365717,0.842683,1
20230607T115959,20230628T101631,20.9281,66,A3,0.381241,0.107646,1
20230607T115959,20230628T101631,20.9281,68,A3,0.716408,0.660649,0
20230607T115959,20230628T101631,20.9281,69,A3,0.628703,0.629169,0
20230607T115959,20230628T101631,20.9281,70,A3,0.458355,0.208084,1
20230607T115959,20230628T101631,20.9281,71,A3,0.750340,1.371477,0
20230607T115959,20230628T101631,20.9281,72,A3,-0.111525,0.485109,1
20230607T115959,20230628T101631,20.9281,73,A3,-0.163241,1.019453,0
20230607T115959,20230628T101631,20.9281,74,A3,0.189463,0.849552,1
20230607T115959,20230628T101631,20.9281,75,A3,0.224293,0.010605,1
20230607T115959,20230628T101631,20.9281,76,A3,-0.105295,0.800097,1
20230607T115959,20230628T101631,20.9281,77,A3,0.255936,1.408276,0
20230607T115959,20230628T101631,20.9281,78,A3,-0.181999,0.520991,1
20230607T115959,20230628T101631,20.9281,79,A3,0.120771,0.118726,1
20230607T115959,20230628T101631,20.9281,80,A3,0.362730,1.050166,0
20230607T115959,20230628T101631,20.9281,81,A3,0.093843,1.047446,0
20230607T115959,20230628T101631,20.9281,82,A3,0.311115,0.819965,0
20230607T115959,20230628T101631,20.9281,83,A3,-0.118050,0.962400,1
20230607T115959,20230628T101631,20.9281,84,A3,-0.280816,0.732903,1
20230607T115959,20230628T101631,20.9281,85,A3,0.667498,0.313995,1
20230607T115959,20230628T101631,20.9281,87,A3,0.381215,0.300361,1
20230607T115959,20230628T101631,20.9281,88,A3,0.236328,0.455453,0
20230607T115959,20230628T101631,20.9281,89,A3,-0.220492,0.201951,0
20230607T115959,20230628T101631,20.9281,91,A3,0.253007,0.502609,1
20230607T115959,20230628T101631,20.9281,93,A3,0.038757,0.649941,1
20230607T115959,20230628T101631,20.9281,94,A3,0.383704,0.938753,1
20230607T115959,20230628T101631,20.9281,95,A3,0.719544,1.333789,0
20230607T115959,20230628T101631,20.9281,96,A3,-0.194656,0.987208,1
20230607T115959,20230628T101631,20.9281,97,A4,0.067262,0.784796,0
20230607T115959,20230628T101631,20.9281,98,A4,0.265111,0.321028,0
20230607T115959,20230628T101631,20.9281,100,A4,-0.337777,0.586071,1
20230607T115959,20230628T101631,20.9281,101,A4,-0.069558,0.790864,0
20230607T115959,20230628T101631,20.9281,102,A4,-0.089666,0.221126,1
20230607T115959,20230628T101631,20.9281,104,A4,0.078400,1.043315,0
20230607T115959,20230628T101631,20.9281,105,A4,0.322784,0.309244,1
20230607T115959,20230628T101631,20.9281,106,A4,-0.196985,1.623212,0
20230607T115959,20230628T101631,20.9281,107,A4,-0.379368,0.375362,1
20230607T115959,20230628T101631,20.9281,108,A4,0.047838,1.325575,0
20230607T115959,20230628T101631,20.9281,109,A4,0.194733,0.947118,1
20230607T115959,20230628T101631,20.9281,110,A4,-0.026736,2.000000,0
20230607T115959,20230628T101631,20.9281,111,A4,-0.058927,1.053827,0
20230607T115959,20230628T101631,20.9281,112,A4,0.252954,0.073392,1
20230607T115959,20230628T101631,20.9281,114,A4,-0.093397,0.984367,1
20230607T115959,20230628T101631,20.9281,116,A4,-0.085165,0.824406,1
20230607T115959,20230628T101631,20.9281,118,A4,0.142014,0.336253,0
20230607T115959,20230628T101631,20.9281,119,A4,-0.081445,0.106638,1
20230607T115959,20230628T101631,20.9281,120,A4,-0.086056,0.456675,1
20230607T115959,20230628T101631,20.9281,121,A4,0.773142,0.048185,1
20230607T115959,20230628T101631,20.9281,122,A4,0.864265,0.063302,1
20230607T115959,20230628T101631,20.9281,123,A4,-0.021953,0.585625,1
20230607T115959,20230628T101631,20.9281,125,A4,0.155490,0.679412,0
20230607T115959,20230628T101631,20.9281,126,A4,-0.131511,1.064641,0
20230607T115959,20230628T101631,20.9281,127,A4,0.378144,1.182539,0
20230607T115959,20230628T101631,20.9281,129,A5,-0.276125,0.171989,1
20230607T115959,20230628T101631,20.9281,130,A5,0.154735,0.211600,1
20230607T115959,20230628T101631,20.9281,132,A5,0.136069,1.645047,0
20230607T115959,20230628T101631,20.9281,133,A5,0.052688,0.433276,1
20230607T115959,20230628T101631,20.9281,134,A5,-0.013150,0.770904,0
20230607T115959,20230628T101631,20.9281,135,A5,-0.372529,0.507757,1
20230607T115959,20230628T101631,20.9281,136,A5,0.459568,0.795908,1
20230607T115959,20230628T101631,20.9281,137,A5,0.131276,0.000000,1
20230607T115959,20230628T101631,20.9281,138,A5,0.099101,0.219135,1
20230607T115959,20230628T101631,20.9281,141,A5,0.092193,1.163578,0
20230607T115959,20230628T101631,20.9281,142,A5,0.417675,0.882910,1
20230607T115959,20230628T101631,20.9281,143,A5,-0.254424,0.575949,1
20230607T115959,20230628T101631,20.9281,145,A5,0.160254,0.418933,1
20230607T115959,20230628T101631,20.9281,146,A5,0.851519,0.068502,1
20230607T115959,20230628T101631,20.9281,147,A5,0.101887,1.639378,0
20230607T115959,20230628T101631,20.9281,150,A5,-0.037653,0.581424,1
20230607T115959,20230628T101631,20.9281,151,A5,-0.096267,0.974434,1
20230607T115959,20230628T101631,20.9281,152,A5,-0.208393,0.962833,1
20230607T115959,20230628T101631,20.9281,153,A5,-0.159812,0.244287,1
20230607T115959,20230628T101631,20.9281,155,A5,0.107178,1.246415,0
20230607T115959,20230628T101631,20.9281,157,A5,-0.199881,0.826541,1
20230607T115959,20230628T101631,20.9281,158,A5,-0.012140,1.075041,0
20230607T115959,20230628T101631,20.9281,159,A5,-0.077045,1.337727,0
20230607T115959,20230628T101631,20.9281,160,A5,-0.037182,2.000000,0
20230607T115959,20230629T100435,21.9199,1,A1,0.225943,0.000000,1
20230607T115959,20230629T100435,21.9199,4,A1,0.027556,0.060280,1
20230607T115959,20230629T100435,21.9199,6,A1,-0.022322,0.979021,1
20230607T115959,20230629T100435,21.9199,8,A1,-0.209901,0.837359,1
20230607T115959,20230629T100435,21.9199,9,A1,0.260740,0.832743,1
20230607T115959,20230629T100435,21.9199,10,A1,0.027924,0.167269,1
20230607T115959,20230629T100435,21.9199,11,A1,-0.297145,0.460202,0
20230607T115959,20230629T100435,21.9199,12,A1,-0.064614,0.007056,1
20230607T115959,20230629T100435,21.9199,13,A1,-0.004786,0.417238,0
20230607T115959,20230629T100435,21.9199,14,A1,0.117164,0.687073,0
20230607T115959,20230629T100435,21.9199,15,A1,0.381892,0.670818,1
20230607T115959,20230629T100435,21.9199,17,A1,-0.076577,0.232225,0
20230607T115959,20230629T100435,21.9199,18,A1,0.384102,0.000204,1
20230607T115959,20230629T100435,21.9199,19,A1,0.046800,0.239208,0
20230607T115959,20230629T100435,21.9199,22,A1,0.163767,0.425446,1
20230607T115959,20230629T100435,21.9199,23,A1,-0.177460,0.461974,0
20230607T115959,20230629T100435,21.9199,24,A1,-0.300235,0.626884,1
20230607T115959,20230629T100435,21.9199,25,A1,0.499833,1.686260,0
20230607T115959,20230629T100435,21.9199,26,A1,-0.017448,0.897648,0
20230607T115959,20230629T100435,21.9199,27,A1,0.004458,0.979005,1
20230607T115959,20230629T100435,21.9199,28,A1,-0.230132,0.470960,1
20230607T115959,20230629T100435,21.9199,29,A1,-0.163618,0.827573,0
20230607T115959,20230629T100435,21.9199,30,A1,0.262890,0.791521,1
20230607T115959,20230629T100435,21.9199,31,A1,0.061529,0.121365,1
20230607T115959,20230629T100435,21.9199,32,A1,0.518010,0.258993,1
20230607T115959,20230629T100435,21.9199,36,A2,-0.126485,1.057075,0
20230607T115959,20230629T100435,21.9199,37,A2,0.012719,0.207602,1
20230607T115959,20230629T100435,21.9199,38,A2,0.028579,0.403748,0
20230607T115959,20230629T100435,21.9199,39,A2,0.120214,0.726044,1
20230607T115959,20230629T100435,21.9199,40,A2,0.253601,1.338468,0
20230607T115959,20230629T100435,21.9199,41,A2,0.362157,0.614545,1
20230607T115959,20230629T100435,21.9199,42,A2,-0.034014,0.928723,1
20230607T115959,20230629T100435,21.9199,43,A2,0.282873,0.200065,0
20230607T115959,20230629T100435,21.9199,44,A2,0.152345,1.073986,0
20230607T115959,20230629T100435,21.9199,46,A2,-0.098614,0.689339,1
20230607T115959,20230629T100435,21.9199,47,A2,0.687572,0.721784,1
20230607T115959,20230629T100435,21.9199,48,A2,-0.205953,0.095780,1
20230607T115959,20230629T100435,21.9199,49,A2,-0.131079,1.040563,0
20230607T115959,20230629T100435,21.9199,53,A2,0.065478,0.773826,1
20230607T115959,20230629T100435,21.9199,54,A2,-0.060041,1.057689,0
20230607T115959,20230629T100435,21.9199,55,A2,-0.033895,0.633543,1
20230607T115959,20230629T100435,21.9199,57,A2,-0.198889,0.026430,0
20230607T115959,20230629T100435,21.9199,58,A2,-0.184387,1.021489,0
20230607T115959,20230629T100435,21.9199,59,A2,0.281683,0.007433,1
20230607T115959,20230629T100435,21.9199,60,A2,0.017584,0.686190,1
20230607T115959,20230629T100435,21.9199,61,A2,0.365444,0.998851,1
20230607T115959,20230629T100435,21.9199,62,A2,0.137418,0.123809,1
20230607T115959,20230629T100435,21.9199,63,A2,0.673768,0.130145,1
20230607T115959,20230629T100435,21.9199,64,A2,0.659671,0.119127,1
20230607T115959,20230629T100435,21.9199,67,A3,0.528035,0.857089,1
20230607T115959,20230629T100435,21.9199,69,A3,0.348284,0.441096,1
20230607T115959,20230629T100435,21.9199,70,A3,-0.459882,0.162794,1
20230607T115959,20230629T100435,21.9199,71,A3,0.593079,1.086831,0
20230607T115959,20230629T100435,21.9199,72,A3,-0.081318,0.356516,1
20230607T115959,20230629T100435,21.9199,74,A3,0.238952,0.922284,1
20230607T115959,20230629T100435,21.9199,75,A3,0.094561,0.220225,0
20230607T115959,20230629T100435,21.9199,76,A3,-0.208775,0.246151,0
20230607T115959,20230629T100435,21.9199,77,A3,0.244408,1.408276,0
20230607T115959,20230629T100435,21.9199,78,A3,0.094855,0.091875,1
20230607T115959,20230629T100435,21.9199,80,A3,0.116255,0.656047,1
20230607T115959,20230629T100435,21.9199,81,A3,0.131682,0.900143,1
20230607T115959,20230629T100435,21.9199,82,A3,-0.114685,0.533763,0
20230607T115959,20230629T100435,21.9199,83,A3,0.108808,0.916160,1
20230607T115959,20230629T100435,21.9199,84,A3,0.049877,0.947487,1
20230607T115959,20230629T100435,21.9199,85,A3,-0.081184,0.415963,1
20230607T115959,20230629T100435,21.9199,87,A3,0.099230,0.732631,1
20230607T115959,20230629T100435,21.9199,88,A3,0.204066,0.522756,1
20230607T115959,20230629T100435,21.9199,90,A3,-0.153866,0.233012,1
20230607T115959,20230629T100435,21.9199,91,A3,0.172992,0.490750,1
20230607T115959,20230629T100435,21.9199,93,A3,-0.167269,0.201686,1
20230607T115959,20230629T100435,21.9199,95,A3,0.561465,1.102821,0
20230607T115959,20230629T100435,21.9199,97,A4,-0.106462,0.204085,1
20230607T115959,20230629T100435,21.9199,98,A4,0.016940,0.121336,1
20230607T115959,20230629T100435,21.9199,100,A4,0.295070,0.467987,1
20230607T115959,20230629T100435,21.9199,101,A4,0.001342,0.744487,1
20230607T115959,20230629T100435,21.9199,102,A4,0.073347,0.401738,1
20230607T115959,20230629T100435,21.9199,104,A4,0.344856,1.109896,0
20230607T115959,20230629T100435,21.9199,106,A4,0.040711,0.713499,0
20230607T115959,20230629T100435,21.9199,107,A4,-0.189389,0.736682,1
20230607T115959,20230629T100435,21.9199,108,A4,-0.010168,0.721244,1
20230607T115959,20230629T100435,21.9199,109,A4,-0.072649,0.000000,1
20230607T115959,20230629T100435,21.9199,110,A4,0.057291,0.000000,1
20230607T115959,20230629T100435,21.9199,111,A4,0.017419,1.055105,0
20230607T115959,20230629T100435,21.9199,112,A4,0.046857,1.216547,0
20230607T115959,20230629T100435,21.9199,114,A4,-0.212391,0.812729,1
20230607T115959,20230629T100435,21.9199,116,A4,0.304655,0.973910,1
20230607T115959,20230629T100435,21.9199,118,A4,-0.229425,0.083778,1
20230607T115959,20230629T100435,21.9199,119,A4,0.164631,0.617269,0
20230607T115959,20230629T100435,21.9199,120,A4,-0.041090,0.715613,0
20230607T115959,20230629T100435,21.9199,121,A4,0.615369,0.458804,1
20230607T115959,20230629T100435,21.9199,122,A4,0.634135,0.235921,1
20230607T115959,20230629T100435,21.9199,123,A4,-0.113553,0.818667,1
20230607T115959,20230629T100435,21.9199,124,A4,0.313093,1.280053,0
20230607T115959,20230629T100435,21.9199,125,A4,0.050466,0.601034,0
20230607T115959,20230629T100435,21.9199,126,A4,0.009869,0.064276,1
20230607T115959,20230629T100435,21.9199,127,A4,-0.159261,0.061039,1
20230607T115959,20230629T100435,21.9199,129,A5,-0.042671,0.617998,1
20230607T115959,20230629T100435,21.9199,130,A5,0.147148,0.638980,0
20230607T115959,20230629T100435,21.9199,133,A5,0.192438,0.564654,0
20230607T115959,20230629T100435,21.9199,134,A5,-0.273949,0.659410,1
20230607T115959,20230629T100435,21.9199,135,A5,-0.172348,0.337074,1
20230607T115959,20230629T100435,21.9199,136,A5,-0.126387,0.927482,1
20230607T115959,20230629T100435,21.9199,137,A5,0.159774,1.120477,0
20230607T115959,20230629T100435,21.9199,138,A5,0.169846,1.575458,0
20230607T115959,20230629T100435,21.9199,141,A5,0.077426,1.163578,0
20230607T115959,20230629T100435,21.9199,142,A5,0.299443,1.014425,0
20230607T115959,20230629T100435,21.9199,143,A5,0.087134,1.755320,0
20230607T115959,20230629T100435,21.9199,145,A5,0.088239,0.208990,0
20230607T115959,20230629T100435,21.9199,146,A5,0.397333,0.520018,1
20230607T115959,20230629T100435,21.9199,147,A5,0.132334,1.357433,0
20230607T115959,20230629T100435,21.9199,150,A5,0.160555,0.669504,0
20230607T115959,20230629T100435,21.9199,151,A5,-0.036052,0.836357,1
20230607T115959,20230629T100435,21.9199,152,A5,-0.081322,1.029031,0
20230607T115959,20230629T100435,21.9199,153,A5,-0.184452,0.057865,1
20230607T115959,20230629T100435,21.9199,156,A5,0.289299,0.753066,0
20230607T115959,20230629T100435,21.9199,157,A5,0.250084,1.056884,0
20230607T115959,20230629T100435,21.9199,158,A5,0.122568,0.746552,1
20230607T115959,20230629T100435,21.9199,160,A5,-0.212166,1.008462,0
20230607T115959,20230703T122644,26.0186,1,A1,0.089576,1.070542,0
20230607T115959,20230703T122644,26.0186,3,A1,0.058449,1.004967,0
20230607T115959,20230703T122644,26.0186,4,A1,0.217811,0.083237,1
20230607T115959,20230703T122644,26.0186,6,A1,0.130029,0.974258,1
20230607T115959,20230703T122644,26.0186,9,A1,0.013788,0.753352,1
20230607T115959,20230703T122644,26.0186,10,A1,0.123148,0.196878,1
20230607T115959,20230703T122644,26.0186,11,A1,0.193340,0.445716,0
20230607T115959,20230703T122644,26.0186,12,A1,-0.107095,0.786892,1
20230607T115959,20230703T122644,26.0186,13,A1,0.402127,0.387055,1
20230607T115959,20230703T122644,26.0186,14,A1,-0.015197,0.500344,0
20230607T115959,20230703T122644,26.0186,15,A1,0.351435,0.647299,1
20230607T115959,20230703T122644,26.0186,17,A1,0.228773,0.204650,1
20230607T115959,20230703T122644,26.0186,18,A1,-0.369960,0.850851,1
20230607T115959,20230703T122644,26.0186,19,A1,0.126488,0.209864,0
20230607T115959,20230703T122644,26.0186,21,A1,-0.142951,0.060582,1
20230607T115959,20230703T122644,26.0186,22,A1,0.472197,0.529517,1
20230607T115959,20230703T122644,26.0186,23,A1,0.365085,0.451540,1
20230607T115959,20230703T122644,26.0186,24,A1,-0.419249,0.135492,1
20230607T115959,20230703T122644,26.0186,26,A1,-0.562936,0.790623,0
20230607T115959,20230703T122644,26.0186,27,A1,0.410334,0.593993,1
20230607T115959,20230703T122644,26.0186,28,A1,0.396083,0.585097,0
20230607T115959,20230703T122644,26.0186,29,A1,0.111973,0.526653,1
20230607T115959,20230703T122644,26.0186,30,A1,0.746221,0.268231,1
20230607T115959,20230703T122644,26.0186,31,A1,0.348001,0.235823,0
20230607T115959,20230703T122644,26.0186,32,A1,0.735805,0.371867,1
20230607T115959,20230703T122644,26.0186,36,A2,0.229279,1.201718,0
20230607T115959,20230703T122644,26.0186,37,A2,0.017982,0.542666,1
20230607T115959,20230703T122644,26.0186,39,A2,0.278636,0.678424,1
20230607T115959,20230703T122644,26.0186,40,A2,-0.512653,0.958220,1
20230607T115959,20230703T122644,26.0186,41,A2,0.153449,0.533232,1
20230607T115959,20230703T122644,26.0186,42,A2,0.066913,0.803018,1
20230607T115959,20230703T122644,26.0186,43,A2,0.565396,0.276686,0
20230607T115959,20230703T122644,26.0186,44,A2,0.175630,0.030274,1
20230607T115959,20230703T122644,26.0186,45,A2,0.167865,0.044771,1
20230607T115959,20230703T122644,26.0186,46,A2,-0.106866,0.286689,1
20230607T115959,20230703T122644,26.0186,47,A2,0.780756,0.472857,1
20230607T115959,20230703T122644,26.0186,49,A2,0.105292,0.946847,1
20230607T115959,20230703T122644,26.0186,51,A2,0.149566,0.453149,0
20230607T115959,20230703T122644,26.0186,52,A2,-0.001698,0.304128,0
20230607T115959,20230703T122644,26.0186,53,A2,-0.230077,0.877320,0
20230607T115959,20230703T122644,26.0186,55,A2,-0.016385,1.200781,0
20230607T115959,20230703T122644,26.0186,57,A2,-0.326758,0.068816,1
20230607T115959,20230703T122644,26.0186,58,A2,0.181784,0.227142,0
20230607T115959,20230703T122644,26.0186,59,A2,0.150494,0.234190,1
20230607T115959,20230703T122644,26.0186,60,A2,-0.057607,0.037098,1
20230607T115959,20230703T122644,26.0186,62,A2,0.524558,0.753566,1
20230607T115959,20230703T122644,26.0186,63,A2,0.573569,0.079989,1
20230607T115959,20230703T122644,26.0186,64,A2,0.490958,0.350471,1
20230607T115959,20230703T122644,26.0186,65,A3,0.321866,0.842683,1
20230607T115959,20230703T122644,26.0186,66,A3,0.591468,0.043755,1
20230607T115959,20230703T122644,26.0186,68,A3,0.454681,0.358960,1
20230607T115959,20230703T122644,26.0186,69,A3,0.608042,0.723514,0
20230607T115959,20230703T122644,26.0186,70,A3,0.362609,0.498624,1
20230607T115959,20230703T122644,26.0186,72,A3,0.085569,0.337952,1
20230607T115959,20230703T122644,26.0186,73,A3,0.027272,0.604346,1
20230607T115959,20230703T122644,26.0186,74,A3,0.078351,0.000000,1
20230607T115959,20230703T122644,26.0186,75,A3,0.229201,0.358403,0
20230607T115959,20230703T122644,26.0186,76,A3,-0.062563,0.026824,1
20230607T115959,20230703T122644,26.0186,77,A3,0.144989,0.533320,0
20230607T115959,20230703T122644,26.0186,78,A3,0.301632,0.799885,1
20230607T115959,20230703T122644,26.0186,79,A3,0.164183,0.739555,1
20230607T115959,20230703T122644,26.0186,80,A3,0.560336,0.849091,1
20230607T115959,20230703T122644,26.0186,81,A3,-0.009392,0.086096,1
20230607T115959,20230703T122644,26.0186,82,A3,-0.081312,0.688743,0
20230607T115959,20230703T122644,26.0186,84,A3,0.082212,0.906536,1
20230607T115959,20230703T122644,26.0186,85,A3,0.454550,0.286510,1
20230607T115959,20230703T122644,26.0186,87,A3,0.253006,0.528701,1
20230607T115959,20230703T122644,26.0186,88,A3,0.079192,0.177610,1
20230607T115959,20230703T122644,26.0186,89,A3,0.079443,0.192989,0
20230607T115959,20230703T122644,26.0186,90,A3,-0.087550,0.392218,0
20230607T115959,20230703T122644,26.0186,91,A3,0.252114,0.326616,1
20230607T115959,20230703T122644,26.0186,93,A3,0.157166,0.227113,1
20230607T115959,20230703T122644,26.0186,94,A3,0.196875,0.214215,1
20230607T115959,20230703T122644,26.0186,95,A3,0.606435,1.047542,0
20230607T115959,20230703T122644,26.0186,97,A4,0.185593,0.089718,1
20230607T115959,20230703T122644,26.0186,98,A4,0.212624,0.276436,0
20230607T115959,20230703T122644,26.0186,99,A4,-0.171764,0.926400,1
20230607T115959,20230703T122644,26.0186,100,A4,0.008496,0.952556,0
20230607T115959,20230703T122644,26.0186,101,A4,0.108162,0.839828,0
20230607T115959,20230703T122644,26.0186,102,A4,-0.080649,0.445561,1
20230607T115959,20230703T122644,26.0186,104,A4,-0.189851,0.581980,1
20230607T115959,20230703T122644,26.0186,105,A4,0.239064,0.203994,1
20230607T115959,20230703T122644,26.0186,106,A4,0.082402,0.026220,1
20230607T115959,20230703T122644,26.0186,107,A4,0.078666,0.794654,1
20230607T115959,20230703T122644,26.0186,108,A4,-0.110377,0.956699,1
20230607T115959,20230703T122644,26.0186,109,A4,-0.087081,2.000000,0
20230607T115959,20230703T122644,26.0186,110,A4,-0.050039,0.970079,1
20230607T115959,20230703T122644,26.0186,111,A4,0.026967,1.250197,0
20230607T115959,20230703T122644,26.0186,112,A4,-0.314684,0.300489,0
20230607T115959,20230703T122644,26.0186,114,A4,0.145736,0.954667,1
20230607T115959,20230703T122644,26.0186,116,A4,0.035129,1.025509,0
20230607T115959,20230703T122644,26.0186,117,A4,0.451310,0.974619,0
20230607T115959,20230703T122644,26.0186,118,A4,-0.277590,0.220371,0
20230607T115959,20230703T122644,26.0186,119,A4,-0.378988,0.020301,1
20230607T115959,20230703T122644,26.0186,121,A4,0.764993,0.390722,1
20230607T115959,20230703T122644,26.0186,122,A4,0.861729,0.018007,1
20230607T115959,20230703T122644,26.0186,123,A4,-0.072808,1.466032,0
20230607T115959,20230703T122644,26.0186,124,A4,-0.390739,0.265608,1
20230607T115959,20230703T122644,26.0186,125,A4,-0.097009,0.680959,0
20230607T115959,20230703T122644,26.0186,126,A4,0.157016,0.969759,0
20230607T115959,20230703T122644,26.0186,127,A4,0.179560,0.110730,1
20230607T115959,20230703T122644,26.0186,130,A5,0.059614,0.374491,1
20230607T115959,20230703T122644,26.0186,132,A5,-0.275834,0.845106,1
20230607T115959,20230703T122644,26.0186,133,A5,0.286679,0.484180,1
20230607T115959,20230703T122644,26.0186,134,A5,0.211343,0.324007,1
20230607T115959,20230703T122644,26.0186,135,A5,0.040792,0.549950,1
20230607T115959,20230703T122644,26.0186,136,A5,-0.019060,1.306635,0
20230607T115959,20230703T122644,26.0186,137,A5,0.098787,0.822945,1
20230607T115959,20230703T122644,26.0186,138,A5,0.392258,0.430437,1
20230607T115959,20230703T122644,26.0186,141,A5,0.217311,0.150588,1
20230607T115959,20230703T122644,26.0186,142,A5,0.465566,0.693747,1
20230607T115959,20230703T122644,26.0186,143,A5,-0.091178,0.654613,1
20230607T115959,20230703T122644,26.0186,145,A5,-0.001556,0.030963,1
20230607T115959,20230703T122644,26.0186,146,A5,0.644592,0.012983,1
20230607T115959,20230703T122644,26.0186,147,A5,0.115752,0.652344,0
20230607T115959,20230703T122644,26.0186,150,A5,0.021871,0.460776,1
20230607T115959,20230703T122644,26.0186,151,A5,-0.135894,0.998846,1
20230607T115959,20230703T122644,26.0186,152,A5,-0.067679,0.569367,1
20230607T115959,20230703T122644,26.0186,153,A5,-0.104755,0.044735,1
20230607T115959,20230703T122644,26.0186,155,A5,-0.206925,0.354019,1
20230607T115959,20230703T122644,26.0186,156,A5,0.252505,1.738943,0
20230607T115959,20230703T122644,26.0186,157,A5,-0.082308,0.828042,1
20230607T115959,20230703T122644,26.0186,158,A5,0.209004,0.353555,1
20230607T115959,20230703T122644,26.0186,159,A5,-0.312332,1.201399,0
20230607T115959,20230703T122644,26.0186,160,A5,0.167173,1.142964,0
20230609T101610,20230614T114327,5.0606,1,A1,-0.083886,0.242584,1
20230609T101610,20230614T114327,5.0606,4,A1,0.096152,0.196601,1
20230609T101610,20230614T114327,5.0606,6,A1,0.334925,0.227706,1
20230609T101610,20230614T114327,5.0606,8,A1,0.117801,0.173801,1
20230609T101610,20230614T114327,5.0606,9,A1,0.744233,0.070061,1
20230609T101610,20230614T114327,5.0606,10,A1,0.399870,0.599729,1
20230609T101610,20230614T114327,5.0606,11,A1,0.875915,0.101948,1
20230609T101610,20230614T114327,5.0606,12,A1,0.293454,0.340060,1
20230609T101610,20230614T114327,5.0606,13,A1,0.554019,0.418713,1
20230609T101610,20230614T114327,5.0606,14,A1,0.502651,0.050609,1
20230609T101610,20230614T114327,5.0606,15,A1,0.567019,0.635118,1
20230609T101610,20230614T114327,5.0606,17,A1,0.203809,0.470977,1
20230609T101610,20230614T114327,5.0606,18,A1,-0.155078,0.127745,1
20230609T101610,20230614T114327,5.0606,19,A1,-0.042932,0.115436,0
20230609T101610,20230614T114327,5.0606,22,A1,0.606998,0.558060,1
20230609T101610,20230614T114327,5.0606,23,A1,0.300323,0.467357,1
20230609T101610,20230614T114327,5.0606,26,A1,0.229736,0.370230,1
20230609T101610,20230614T114327,5.0606,27,A1,0.151099,0.868325,1
20230609T101610,20230614T114327,5.0606,28,A1,0.456600,0.442311,1
20230609T101610,20230614T114327,5.0606,29,A1,0.721265,0.533539,1
20230609T101610,20230614T114327,5.0606,30,A1,0.946958,0.000000,1
20230609T101610,20230614T114327,5.0606,31,A1,0.379050,0.112154,1
20230609T101610,20230614T114327,5.0606,32,A1,0.525804,0.007081,1
20230609T101610,20230614T114327,5.0606,33,A2,0.050045,0.333867,0
20230609T101610,20230614T114327,5.0606,34,A2,0.171875,0.210205,0
20230609T101610,20230614T114327,5.0606,36,A2,-0.181094,0.498325,1
20230609T101610,20230614T114327,5.0606,37,A2,-0.133444,0.304893,0
20230609T101610,20230614T114327,5.0606,38,A2,0.069394,0.231189,1
20230609T101610,20230614T114327,5.0606,39,A2,0.041348,1.932967,0
20230609T101610,20230614T114327,5.0606,40,A2,0.011481,0.842553,0
20230609T101610,20230614T114327,5.0606,41,A2,0.413098,0.134768,1
20230609T101610,20230614T114327,5.0606,42,A2,0.390972,0.000000,1
20230609T101610,20230614T114327,5.0606,43,A2,0.746297,0.025309,1
20230609T101610,20230614T114327,5.0606,44,A2,0.006177,1.210577,0
20230609T101610,20230614T114327,5.0606,45,A2,0.729210,0.719172,1
20230609T101610,20230614T114327,5.0606,46,A2,-0.042811,0.013618,1
20230609T101610,20230614T114327,5.0606,47,A2,0.782884,1.367960,0
20230609T101610,20230614T114327,5.0606,48,A2,0.078252,1.231852,0
20230609T101610,20230614T114327,5.0606,49,A2,0.092610,0.265009,0
20230609T101610,20230614T114327,5.0606,50,A2,-0.221461,0.185407,1
20230609T101610,20230614T114327,5.0606,51,A2,-0.069705,0.179276,1
20230609T101610,20230614T114327,5.0606,52,A2,-0.180052,1.473770,0
20230609T101610,20230614T114327,5.0606,53,A2,0.154989,0.514937,1
20230609T101610,20230614T114327,5.0606,54,A2,-0.121218,0.021994,1
20230609T101610,20230614T114327,5.0606,55,A2,-0.034581,0.025601,1
20230609T101610,20230614T114327,5.0606,56,A2,-0.188108,0.918576,0
20230609T101610,20230614T114327,5.0606,57,A2,-0.204787,0.051582,1
20230609T101610,20230614T114327,5.0606,58,A2,-0.157620,0.021581,1
20230609T101610,20230614T114327,5.0606,59,A2,0.548969,0.145048,1
20230609T101610,20230614T114327,5.0606,60,A2,0.308804,0.000000,1
20230609T101610,20230614T114327,5.0606,62,A2,0.554785,0.000000,1
20230609T101610,20230614T114327,5.0606,63,A2,0.740750,0.426408,1
20230609T101610,20230614T114327,5.0606,64,A2,0.357297,0.920811,1
20230609T101610,20230614T114327,5.0606,65,A3,0.277721,0.732512,0
20230609T101610,20230614T114327,5.0606,66,A3,0.346709,0.539757,0
20230609T101610,20230614T114327,5.0606,68,A3,0.620499,0.192697,1
20230609T101610,20230614T114327,5.0606,69,A3,0.729619,0.273145,0
20230609T101610,20230614T114327,5.0606,70,A3,0.761153,0.668303,1
20230609T101610,20230614T114327,5.0606,71,A3,0.861588,0.614223,0
20230609T101610,20230614T114327,5.0606,72,A3,0.159223,1.123552,0
20230609T101610,20230614T114327,5.0606,73,A3,0.322854,0.090314,1
20230609T101610,20230614T114327,5.0606,74,A3,0.007943,0.818770,1
20230609T101610,20230614T114327,5.0606,75,A3,0.451568,0.455381,1
20230609T101610,20230614T114327,5.0606,76,A3,0.742923,1.283061,0
20230609T101610,20230614T114327,5.0606,77,A3,0.372319,0.358905,0
20230609T101610,20230614T114327,5.0606,78,A3,0.508955,0.755410,1
20230609T101610,20230614T114327,5.0606,79,A3,0.363176,0.838377,0
20230609T101610,20230614T114327,5.0606,80,A3,0.610175,0.302681,1
20230609T101610,20230614T114327,5.0606,81,A3,0.399001,0.281897,1
20230609T101610,20230614T114327,5.0606,82,A3,0.694380,0.466007,0
20230609T101610,20230614T114327,5.0606,83,A3,0.285653,0.250492,0
20230609T101610,20230614T114327,5.0606,84,A3,-0.671058,0.950222,0
20230609T101610,20230614T114327,5.0606,85,A3,0.873842,0.156268,1
20230609T101610,20230614T114327,5.0606,86,A3,0.196232,1.219604,0
20230609T101610,20230614T114327,5.0606,87,A3,0.708957,0.181899,1
20230609T101610,20230614T114327,5.0606,88,A3,0.320424,0.558973,1
20230609T101610,20230614T114327,5.0606,89,A3,0.194842,0.445425,1
20230609T101610,20230614T114327,5.0606,90,A3,0.231979,0.125282,0
20230609T101610,20230614T114327,5.0606,93,A3,0.619143,0.851075,1
20230609T101610,20230614T114327,5.0606,94,A3,0.598885,1.152512,0
20230609T101610,20230614T114327,5.0606,95,A3,0.694827,0.000000,1
20230609T101610,20230614T114327,5.0606,97,A4,-0.078209,0.702492,1
20230609T101610,20230614T114327,5.0606,98,A4,0.197373,0.581956,1
20230609T101610,20230614T114327,5.0606,99,A4,0.118032,0.127141,0
20230609T101610,20230614T114327,5.0606,100,A4,0.073174,0.027323,1
20230609T101610,20230614T114327,5.0606,101,A4,0.014222,0.090628,0
20230609T101610,20230614T114327,5.0606,103,A4,0.048280,0.136608,1
20230609T101610,20230614T114327,5.0606,104,A4,-0.146541,0.300044,1
20230609T101610,20230614T114327,5.0606,105,A4,0.275496,0.058411,1
20230609T101610,20230614T114327,5.0606,106,A4,-0.064280,1.067578,0
20230609T101610,20230614T114327,5.0606,107,A4,-0.104988,0.080775,1
20230609T101610,20230614T114327,5.0606,108,A4,0.119503,0.302764,0
20230609T101610,20230614T114327,5.0606,109,A4,-0.177017,1.005491,0
20230609T101610,20230614T114327,5.0606,110,A4,0.105719,0.546465,0
20230609T101610,20230614T114327,5.0606,111,A4,-0.001619,0.426348,0
20230609T101610,20230614T114327,5.0606,112,A4,0.087670,0.103272,1
20230609T101610,20230614T114327,5.0606,114,A4,-0.306680,0.427703,0
20230609T101610,20230614T114327,5.0606,116,A4,0.013856,0.132536,1
20230609T101610,20230614T114327,5.0606,118,A4,0.205872,1.081084,0
20230609T101610,20230614T114327,5.0606,119,A4,0.027785,0.288907,0
20230609T101610,20230614T114327,5.0606,121,A4,0.922036,0.029985,1
20230609T101610,20230614T114327,5.0606,122,A4,0.878475,0.066719,1
20230609T101610,20230614T114327,5.0606,123,A4,0.052561,0.256343,1
20230609T101610,20230614T114327,5.0606,124,A4,-0.065852,0.576894,1
20230609T101610,20230614T114327,5.0606,125,A4,-0.058910,0.879168,1
20230609T101610,20230614T114327,5.0606,126,A4,-0.212045,0.421587,1
20230609T101610,20230614T114327,5.0606,127,A4,-0.335115,0.350891,0
20230609T101610,20230614T114327,5.0606,128,A4,0.005533,0.824377,1
20230609T101610,20230614T114327,5.0606,129,A5,-0.476629,0.477765,1
20230609T101610,20230614T114327,5.0606,130,A5,0.087006,0.489677,1
20230609T101610,20230614T114327,5.0606,132,A5,0.043886,1.098748,0
20230609T101610,20230614T114327,5.0606,133,A5,0.141381,0.265841,0
20230609T101610,20230614T114327,5.0606,134,A5,0.634620,0.308295,1
20230609T101610,20230614T114327,5.0606,135,A5,0.190712,0.020964,1
20230609T101610,20230614T114327,5.0606,136,A5,0.086273,0.378165,1
20230609T101610,20230614T114327,5.0606,137,A5,0.547764,0.375852,1
20230609T101610,20230614T114327,5.0606,138,A5,0.469501,0.814769,0
20230609T101610,20230614T114327,5.0606,139,A5,0.615926,0.128050,1
20230609T101610,20230614T114327,5.0606,141,A5,0.724606,0.234418,0
20230609T101610,20230614T114327,5.0606,142,A5,0.509317,0.289044,1
20230609T101610,20230614T114327,5.0606,143,A5,-0.024536,0.043018,0
20230609T101610,20230614T114327,5.0606,144,A5,-0.077898,0.155916,0
20230609T101610,20230614T114327,5.0606,145,A5,-0.116348,0.066720,1
20230609T101610,20230614T114327,5.0606,146,A5,0.792250,0.599787,1
20230609T101610,20230614T114327,5.0606,147,A5,0.682186,0.497582,0
20230609T101610,20230614T114327,5.0606,149,A5,0.244470,0.338127,1
20230609T101610,20230614T114327,5.0606,150,A5,-0.183863,0.717188,1
20230609T101610,20230614T114327,5.0606,151,A5,0.011761,0.731837,1
20230609T101610,20230614T114327,5.0606,152,A5,0.227579,0.137077,1
20230609T101610,20230614T114327,5.0606,153,A5,0.194089,0.186131,1
20230609T101610,20230614T114327,5.0606,155,A5,-0.228588,1.133915,0
20230609T101610,20230614T114327,5.0606,157,A5,0.110936,0.006632,1
20230609T101610,20230614T114327,5.0606,158,A5,0.029169,1.022461,0
20230609T101610,20230614T114327,5.0606,160,A5,0.059336,1.067473,0
20230609T101610,20230619T102732,10.0079,1,A1,0.029990,0.731339,0
20230609T101610,20230619T102732,10.0079,4,A1,0.204233,0.333578,1
20230609T101610,20230619T102732,10.0079,6,A1,-0.038897,0.084736,0
20230609T101610,20230619T102732,10.0079,8,A1,-0.177335,0.151055,0
20230609T101610,20230619T102732,10.0079,9,A1,0.527589,0.063823,1
20230609T101610,20230619T102732,10.0079,10,A1,0.217555,0.559614,1
20230609T101610,20230619T102732,10.0079,11,A1,0.482998,0.084323,1
20230609T101610,20230619T102732,10.0079,12,A1,-0.049606,0.032149,1
20230609T101610,20230619T102732,10.0079,13,A1,0.299338,0.086817,1
20230609T101610,20230619T102732,10.0079,14,A1,0.049991,0.337963,1
20230609T101610,20230619T102732,10.0079,15,A1,0.741941,0.490380,1
20230609T101610,20230619T102732,10.0079,17,A1,0.415471,0.385192,1
20230609T101610,20230619T102732,10.0079,18,A1,-0.008601,0.375580,1
20230609T101610,20230619T102732,10.0079,19,A1,0.011250,0.213314,0
20230609T101610,20230619T102732,10.0079,22,A1,0.439810,0.484038,1
20230609T101610,20230619T102732,10.0079,23,A1,0.080120,0.413474,1
20230609T101610,20230619T102732,10.0079,24,A1,0.049278,0.243489,1
20230609T101610,20230619T102732,10.0079,26,A1,-0.217384,0.111839,1
20230609T101610,20230619T102732,10.0079,27,A1,0.216893,0.536288,1
20230609T101610,20230619T102732,10.0079,28,A1,0.277515,0.032114,1
20230609T101610,20230619T102732,10.0079,29,A1,0.645597,0.300002,1
20230609T101610,20230619T102732,10.0079,30,A1,0.845446,0.000000,1
20230609T101610,20230619T102732,10.0079,31,A1,0.523541,0.013557,1
20230609T101610,20230619T102732,10.0079,32,A1,0.600705,0.097202,1
20230609T101610,20230619T102732,10.0079,33,A2,-0.080992,0.068289,1
20230609T101610,20230619T102732,10.0079,34,A2,0.261486,0.008694,1
20230609T101610,20230619T102732,10.0079,37,A2,-0.132845,0.051945,1
20230609T101610,20230619T102732,10.0079,38,A2,-0.011453,1.415920,0
20230609T101610,20230619T102732,10.0079,39,A2,0.305984,0.381050,1
20230609T101610,20230619T102732,10.0079,40,A2,-0.013652,0.978051,0
20230609T101610,20230619T102732,10.0079,41,A2,0.453551,0.019659,1
20230609T101610,20230619T102732,10.0079,42,A2,0.186580,1.263992,0
20230609T101610,20230619T102732,10.0079,43,A2,0.442769,0.099038,1
20230609T101610,20230619T102732,10.0079,44,A2,-0.015362,0.789423,1
20230609T101610,20230619T102732,10.0079,45,A2,0.036139,0.747713,1
20230609T101610,20230619T102732,10.0079,46,A2,-0.099532,0.412897,1
20230609T101610,20230619T102732,10.0079,47,A2,0.771980,0.000000,1
20230609T101610,20230619T102732,10.0079,48,A2,0.354743,0.176050,1
20230609T101610,20230619T102732,10.0079,49,A2,0.166244,1.229112,0
20230609T101610,20230619T102732,10.0079,50,A2,0.038597,0.484689,1
20230609T101610,20230619T102732,10.0079,51,A2,0.079412,0.143641,0
20230609T101610,20230619T102732,10.0079,52,A2,0.046811,1.312592,0
20230609T101610,20230619T102732,10.0079,53,A2,-0.079305,1.143899,0
20230609T101610,20230619T102732,10.0079,55,A2,-0.327753,1.278886,0
20230609T101610,20230619T102732,10.0079,57,A2,-0.164429,0.060129,1
20230609T101610,20230619T102732,10.0079,58,A2,-0.030554,0.090243,0
20230609T101610,20230619T102732,10.0079,59,A2,-0.262438,0.281446,0
20230609T101610,20230619T102732,10.0079,60,A2,0.410468,0.509875,1
20230609T101610,20230619T102732,10.0079,62,A2,0.109013,2.000000,0
20230609T101610,20230619T102732,10.0079,63,A2,0.363991,0.261535,0
20230609T101610,20230619T102732,10.0079,64,A2,0.020726,1.409971,0
20230609T101610,20230619T102732,10.0079,65,A3,0.010962,0.318873,0
20230609T101610,20230619T102732,10.0079,66,A3,0.027767,0.648224,0
20230609T101610,20230619T102732,10.0079,68,A3,0.265659,0.210532,1
20230609T101610,20230619T102732,10.0079,69,A3,0.278678,0.740795,1
20230609T101610,20230619T102732,10.0079,70,A3,0.334259,0.000000,1
20230609T101610,20230619T102732,10.0079,71,A3,0.698626,0.764087,0
20230609T101610,20230619T102732,10.0079,72,A3,0.200000,1.332145,0
20230609T101610,20230619T102732,10.0079,73,A3,-0.283591,0.029097,0
20230609T101610,20230619T102732,10.0079,74,A3,0.026693,0.818770,1
20230609T101610,20230619T102732,10.0079,75,A3,-0.018899,0.187437,1
20230609T101610,20230619T102732,10.0079,76,A3,0.633762,1.445438,0
20230609T101610,20230619T102732,10.0079,77,A3,-0.311934,0.279055,1
20230609T101610,20230619T102732,10.0079,78,A3,0.220027,0.966974,1
20230609T101610,20230619T102732,10.0079,79,A3,0.264873,0.180533,1
20230609T101610,20230619T102732,10.0079,80,A3,0.224411,0.890684,1
20230609T101610,20230619T102732,10.0079,81,A3,0.334913,0.115362,1
20230609T101610,20230619T102732,10.0079,82,A3,0.536486,0.359259,0
20230609T101610,20230619T102732,10.0079,83,A3,0.602747,0.818058,1
20230609T101610,20230619T102732,10.0079,84,A3,-0.189515,0.158942,1
20230609T101610,20230619T102732,10.0079,85,A3,0.754659,0.169488,1
20230609T101610,20230619T102732,10.0079,86,A3,0.167406,1.084802,0
20230609T101610,20230619T102732,10.0079,87,A3,0.649450,0.099808,1
20230609T101610,20230619T102732,10.0079,88,A3,-0.147066,0.644470,1
20230609T101610,20230619T102732,10.0079,89,A3,-0.061041,0.579685,0
20230609T101610,20230619T102732,10.0079,90,A3,0.163149,0.027362,1
20230609T101610,20230619T102732,10.0079,92,A3,-0.096941,0.316663,1
20230609T101610,20230619T102732,10.0079,93,A3,0.187917,0.495087,1
20230609T101610,20230619T102732,10.0079,94,A3,0.137334,1.483552,0
20230609T101610,20230619T102732,10.0079,95,A3,0.458724,0.738072,1
20230609T101610,20230619T102732,10.0079,96,A3,-0.107480,0.331519,0
20230609T101610,20230619T102732,10.0079,97,A4,-0.215546,0.282064,1
20230609T101610,20230619T102732,10.0079,98,A4,0.419038,1.092549,0
20230609T101610,20230619T102732,10.0079,99,A4,-0.031701,0.036502,1
20230609T101610,20230619T102732,10.0079,100,A4,0.135457,0.818012,1
20230609T101610,20230619T102732,10.0079,101,A4,-0.093968,0.135004,1
20230609T101610,20230619T102732,10.0079,102,A4,-0.076069,0.938634,1
20230609T101610,20230619T102732,10.0079,103,A4,-0.113475,0.770097,1
20230609T101610,20230619T102732,10.0079,104,A4,-0.085796,0.053142,1
20230609T101610,20230619T102732,10.0079,105,A4,0.267827,0.103457,1
20230609T101610,20230619T102732,10.0079,106,A4,-0.006396,0.104782,1
20230609T101610,20230619T102732,10.0079,107,A4,-0.326022,0.077868,1
20230609T101610,20230619T102732,10.0079,108,A4,-0.129599,0.603227,0
20230609T101610,20230619T102732,10.0079,109,A4,-0.005205,1.140165,0
20230609T101610,20230619T102732,10.0079,110,A4,0.174888,0.469656,0
20230609T101610,20230619T102732,10.0079,111,A4,0.150856,0.226780,0
20230609T101610,20230619T102732,10.0079,112,A4,-0.071560,0.054350,1
20230609T101610,20230619T102732,10.0079,114,A4,0.286309,0.021499,1
20230609T101610,20230619T102732,10.0079,116,A4,0.188004,0.861223,1
20230609T101610,20230619T102732,10.0079,118,A4,-0.026682,1.155219,0
20230609T101610,20230619T102732,10.0079,119,A4,0.087638,0.029140,1
20230609T101610,20230619T102732,10.0079,121,A4,0.744536,0.044382,1
20230609T101610,20230619T102732,10.0079,122,A4,0.666260,0.427363,1
20230609T101610,20230619T102732,10.0079,123,A4,-0.163984,1.258444,0
20230609T101610,20230619T102732,10.0079,124,A4,0.220969,0.335941,1
20230609T101610,20230619T102732,10.0079,125,A4,0.095813,1.125129,0
20230609T101610,20230619T102732,10.0079,126,A4,0.178735,0.955064,1
20230609T101610,20230619T102732,10.0079,127,A4,-0.327967,0.807605,1
20230609T101610,20230619T102732,10.0079,129,A5,-0.130624,0.401068,1
20230609T101610,20230619T102732,10.0079,130,A5,0.189667,0.824441,0
20230609T101610,20230619T102732,10.0079,132,A5,-0.306041,0.087963,1
20230609T101610,20230619T102732,10.0079,133,A5,0.151193,1.150124,0
20230609T101610,20230619T102732,10.0079,134,A5,0.023940,0.099898,1
20230609T101610,20230619T102732,10.0079,135,A5,-0.236769,0.319885,1
20230609T101610,20230619T102732,10.0079,136,A5,0.075882,0.611957,1
20230609T101610,20230619T102732,10.0079,137,A5,0.217768,0.136679,1
20230609T101610,20230619T102732,10.0079,138,A5,0.368685,0.615141,0
20230609T101610,20230619T102732,10.0079,139,A5,0.626228,0.000000,1
20230609T101610,20230619T102732,10.0079,141,A5,0.620527,0.305760,1
20230609T101610,20230619T102732,10.0079,142,A5,0.215541,0.005579,1
20230609T101610,20230619T102732,10.0079,143,A5,-0.147117,0.519326,1
20230609T101610,20230619T102732,10.0079,144,A5,-0.111832,0.760273,0
20230609T101610,20230619T102732,10.0079,145,A5,0.067055,0.021813,1
20230609T101610,20230619T102732,10.0079,146,A5,0.570167,0.099860,1
20230609T101610,20230619T102732,10.0079,147,A5,0.126239,0.148245,1
20230609T101610,20230619T102732,10.0079,148,A5,0.132790,0.352302,1
20230609T101610,20230619T102732,10.0079,149,A5,-0.078013,0.190837,1
20230609T101610,20230619T102732,10.0079,150,A5,-0.140521,0.067620,1
20230609T101610,20230619T102732,10.0079,151,A5,-0.045538,0.172581,1
20230609T101610,20230619T102732,10.0079,152,A5,0.266421,0.349943,1
20230609T101610,20230619T102732,10.0079,153,A5,-0.023944,0.093006,1
20230609T101610,20230619T102732,10.0079,155,A5,0.100999,0.507973,1
20230609T101610,20230619T102732,10.0079,157,A5,0.099641,0.234252,1
20230609T101610,20230619T102732,10.0079,158,A5,0.093119,1.022461,0
20230609T101610,20230619T102732,10.0079,160,A5,0.132954,0.861938,1
20230609T101610,20230620T101238,10.9975,1,A1,-0.077448,0.455090,0
20230609T101610,20230620T101238,10.9975,4,A1,-0.119068,0.562228,0
20230609T101610,20230620T101238,10.9975,6,A1,0.116170,0.215215,0
20230609T101610,20230620T101238,10.9975,8,A1,0.119986,0.293393,0
20230609T101610,20230620T101238,10.9975,9,A1,0.129717,0.063823,1
20230609T101610,20230620T101238,10.9975,10,A1,-0.286119,0.527623,1
20230609T101610,20230620T101238,10.9975,11,A1,-0.012748,0.433946,1
20230609T101610,20230620T101238,10.9975,12,A1,0.115117,0.284839,1
20230609T101610,20230620T101238,10.9975,13,A1,0.118286,0.575335,1
20230609T101610,20230620T101238,10.9975,14,A1,0.318881,0.360995,1
20230609T101610,20230620T101238,10.9975,15,A1,0.568074,0.530501,1
20230609T101610,20230620T101238,10.9975,17,A1,0.269548,0.413364,1
20230609T101610,20230620T101238,10.9975,18,A1,0.200965,0.374909,1
20230609T101610,20230620T101238,10.9975,19,A1,0.026021,0.177192,0
20230609T101610,20230620T101238,10.9975,22,A1,0.572695,0.393207,1
20230609T101610,20230620T101238,10.9975,23,A1,0.059679,0.826381,0
20230609T101610,20230620T101238,10.9975,24,A1,0.046546,0.146792,1
20230609T101610,20230620T101238,10.9975,26,A1,-0.383051,0.394497,1
20230609T101610,20230620T101238,10.9975,27,A1,-0.040014,0.933531,1
20230609T101610,20230620T101238,10.9975,28,A1,-0.199628,0.337999,1
20230609T101610,20230620T101238,10.9975,29,A1,-0.018513,0.842340,1
20230609T101610,20230620T101238,10.9975,30,A1,0.785373,0.196026,1
20230609T101610,20230620T101238,10.9975,31,A1,0.308383,0.154042,1
20230609T101610,20230620T101238,10.9975,32,A1,0.556501,0.066697,1
20230609T101610,20230620T101238,10.9975,34,A2,0.072078,1.009002,0
20230609T101610,20230620T101238,10.9975,36,A2,-0.101342,0.472659,1
20230609T101610,20230620T101238,10.9975,37,A2,-0.207154,0.773590,1
20230609T101610,20230620T101238,10.9975,39,A2,0.045788,0.258534,1
20230609T101610,20230620T101238,10.9975,40,A2,0.100400,0.023317,1
20230609T101610,20230620T101238,10.9975,41,A2,0.147590,0.277564,1
20230609T101610,20230620T101238,10.9975,42,A2,-0.327838,0.740932,1
20230609T101610,20230620T101238,10.9975,43,A2,0.654812,0.423138,1
20230609T101610,20230620T101238,10.9975,44,A2,-0.292301,1.210577,0
20230609T101610,20230620T101238,10.9975,45,A2,0.332786,0.820778,1
20230609T101610,20230620T101238,10.9975,46,A2,0.206251,0.581079,1
20230609T101610,20230620T101238,10.9975,47,A2,0.504072,1.126692,0
20230609T101610,20230620T101238,10.9975,48,A2,0.033691,0.768148,1
20230609T101610,20230620T101238,10.9975,49,A2,-0.005196,0.273264,0
20230609T101610,20230620T101238,10.9975,50,A2,-0.046480,0.447761,1
20230609T101610,20230620T101238,10.9975,51,A2,0.039423,0.026936,0
20230609T101610,20230620T101238,10.9975,52,A2,-0.193166,1.473770,0
20230609T101610,20230620T101238,10.9975,53,A2,-0.284686,1.120660,0
20230609T101610,20230620T101238,10.9975,54,A2,0.173350,0.461733,1
20230609T101610,20230620T101238,10.9975,55,A2,0.041672,0.733452,0
20230609T101610,20230620T101238,10.9975,57,A2,-0.020709,0.018554,1
20230609T101610,20230620T101238,10.9975,58,A2,-0.097394,0.371979,1
20230609T101610,20230620T101238,10.9975,59,A2,0.011233,0.156729,1
20230609T101610,20230620T101238,10.9975,60,A2,0.049000,0.403846,1
20230609T101610,20230620T101238,10.9975,62,A2,0.434400,0.699288,1
20230609T101610,20230620T101238,10.9975,63,A2,0.700443,0.020487,1
20230609T101610,20230620T101238,10.9975,64,A2,0.023061,0.000000,1
20230609T101610,20230620T101238,10.9975,65,A3,0.155320,0.620735,0
20230609T101610,20230620T101238,10.9975,66,A3,0.313091,0.853833,0
20230609T101610,20230620T101238,10.9975,69,A3,0.639439,0.960810,0
20230609T101610,20230620T101238,10.9975,70,A3,0.474289,0.832176,1
20230609T101610,20230620T101238,10.9975,71,A3,0.821863,0.448572,0
20230609T101610,20230620T101238,10.9975,72,A3,0.195813,0.826814,1
20230609T101610,20230620T101238,10.9975,73,A3,-0.007282,0.045458,0
20230609T101610,20230620T101238,10.9975,74,A3,0.300350,0.347039,0
20230609T101610,20230620T101238,10.9975,75,A3,0.048939,0.929293,1
20230609T101610,20230620T101238,10.9975,76,A3,0.591080,0.192626,1
20230609T101610,20230620T101238,10.9975,77,A3,0.068474,0.486359,0
20230609T101610,20230620T101238,10.9975,78,A3,0.441043,1.235703,0
20230609T101610,20230620T101238,10.9975,79,A3,0.351925,0.050604,0
20230609T101610,20230620T101238,10.9975,80,A3,0.405902,0.607041,1
20230609T101610,20230620T101238,10.9975,81,A3,0.422127,0.172394,1
20230609T101610,20230620T101238,10.9975,82,A3,0.588448,0.396057,0
20230609T101610,20230620T101238,10.9975,83,A3,0.267593,0.170021,1
20230609T101610,20230620T101238,10.9975,84,A3,0.154663,0.078486,1
20230609T101610,20230620T101238,10.9975,85,A3,0.888255,0.310659,1
20230609T101610,20230620T101238,10.9975,86,A3,0.304717,0.477511,1
20230609T101610,20230620T101238,10.9975,87,A3,0.486705,0.281148,1
20230609T101610,20230620T101238,10.9975,88,A3,0.231106,0.136872,1
20230609T101610,20230620T101238,10.9975,89,A3,0.339006,0.070955,1
20230609T101610,20230620T101238,10.9975,90,A3,0.304866,0.345415,0
20230609T101610,20230620T101238,10.9975,93,A3,0.562725,0.076017,1
20230609T101610,20230620T101238,10.9975,94,A3,0.125657,1.194997,0
20230609T101610,20230620T101238,10.9975,95,A3,0.475298,1.039061,0
20230609T101610,20230620T101238,10.9975,96,A3,0.269387,0.332083,0
20230609T101610,20230620T101238,10.9975,97,A4,-0.041752,0.123798,1
20230609T101610,20230620T101238,10.9975,98,A4,0.436479,1.130412,0
20230609T101610,20230620T101238,10.9975,99,A4,-0.154473,0.117078,0
20230609T101610,20230620T101238,10.9975,100,A4,0.039202,0.315589,0
20230609T101610,20230620T101238,10.9975,101,A4,0.133701,1.063115,0
20230609T101610,20230620T101238,10.9975,102,A4,-0.025180,0.047174,1
20230609T101610,20230620T101238,10.9975,103,A4,0.283944,0.547560,0
20230609T101610,20230620T101238,10.9975,104,A4,0.159147,0.447684,0
20230609T101610,20230620T101238,10.9975,105,A4,0.303588,0.673340,1
20230609T101610,20230620T101238,10.9975,106,A4,0.215802,1.177936,0
20230609T101610,20230620T101238,10.9975,107,A4,-0.078164,0.492277,0
20230609T101610,20230620T101238,10.9975,108,A4,0.100855,0.001844,1
20230609T101610,20230620T101238,10.9975,109,A4,-0.252553,0.545734,1
20230609T101610,20230620T101238,10.9975,110,A4,0.425190,0.738429,0
20230609T101610,20230620T101238,10.9975,111,A4,-0.108718,0.385585,1
20230609T101610,20230620T101238,10.9975,112,A4,-0.260945,0.248776,0
20230609T101610,20230620T101238,10.9975,114,A4,0.160569,0.416246,0
20230609T101610,20230620T101238,10.9975,116,A4,0.211001,1.138777,0
20230609T101610,20230620T101238,10.9975,118,A4,0.067446,0.697236,1
20230609T101610,20230620T101238,10.9975,119,A4,0.173166,0.003433,1
20230609T101610,20230620T101238,10.9975,121,A4,0.885822,0.116953,1
20230609T101610,20230620T101238,10.9975,122,A4,0.797858,0.370560,1
20230609T101610,20230620T101238,10.9975,123,A4,0.102507,0.153712,1
20230609T101610,20230620T101238,10.9975,124,A4,0.084938,0.609957,1
20230609T101610,20230620T101238,10.9975,125,A4,0.141256,1.006826,0
20230609T101610,20230620T101238,10.9975,126,A4,-0.094712,0.900191,1
20230609T101610,20230620T101238,10.9975,127,A4,-0.133496,0.326159,1
20230609T101610,20230620T101238,10.9975,128,A4,-0.096333,0.659823,1
20230609T101610,20230620T101238,10.9975,129,A5,-0.160084,1.522235,0
20230609T101610,20230620T101238,10.9975,130,A5,0.697127,1.653155,0
20230609T101610,20230620T101238,10.9975,132,A5,0.014497,0.021187,1
20230609T101610,20230620T101238,10.9975,133,A5,0.268236,0.685165,0
20230609T101610,20230620T101238,10.9975,134,A5,0.397904,0.168836,0
20230609T101610,20230620T101238,10.9975,135,A5,0.271726,0.251538,1
20230609T101610,20230620T101238,10.9975,136,A5,0.205192,1.107455,0
20230609T101610,20230620T101238,10.9975,137,A5,0.368139,0.134043,1
20230609T101610,20230620T101238,10.9975,138,A5,0.388477,0.813963,0
20230609T101610,20230620T101238,10.9975,139,A5,0.596010,0.264506,1
20230609T101610,20230620T101238,10.9975,141,A5,0.448495,0.124072,1
20230609T101610,20230620T101238,10.9975,142,A5,0.545446,0.661127,0
20230609T101610,20230620T101238,10.9975,143,A5,-0.273370,0.469085,0
20230609T101610,20230620T101238,10.9975,144,A5,-0.070017,0.937494,1
20230609T101610,20230620T101238,10.9975,145,A5,0.070314,0.108632,0
20230609T101610,20230620T101238,10.9975,146,A5,0.797144,0.051256,1
20230609T101610,20230620T101238,10.9975,147,A5,0.304093,0.166086,1
20230609T101610,20230620T101238,10.9975,148,A5,0.207982,0.490561,1
20230609T101610,20230620T101238,10.9975,149,A5,0.284132,0.577555,0
20230609T101610,20230620T101238,10.9975,150,A5,-0.048128,0.112312,0
20230609T101610,20230620T101238,10.9975,151,A5,0.070803,0.731837,1
20230609T101610,20230620T101238,10.9975,152,A5,0.035786,1.102333,0
20230609T101610,20230620T101238,10.9975,153,A5,0.123643,0.151518,1
20230609T101610,20230620T101238,10.9975,155,A5,-0.107903,1.893865,0
20230609T101610,20230620T101238,10.9975,157,A5,-0.206788,0.703862,0
20230609T101610,20230620T101238,10.9975,158,A5,0.129044,0.330088,1
20230609T101610,20230620T101238,10.9975,160,A5,0.056902,0.976235,1
20230609T101610,20230621T100721,11.9939,1,A1,0.056346,0.593977,0
20230609T101610,20230621T100721,11.9939,4,A1,0.369600,0.005017,1
20230609T101610,20230621T100721,11.9939,6,A1,0.197029,0.055723,1
20230609T101610,20230621T100721,11.9939,8,A1,0.028536,0.029867,1
20230609T101610,20230621T100721,11.9939,9,A1,0.585768,0.807534,1
20230609T101610,20230621T100721,11.9939,10,A1,0.322110,0.343993,1
20230609T101610,20230621T100721,11.9939,11,A1,0.571164,0.201064,1
20230609T101610,20230621T100721,11.9939,12,A1,-0.098086,0.273911,1
20230609T101610,20230621T100721,11.9939,13,A1,0.691046,0.507122,1
20230609T101610,20230621T100721,11.9939,14,A1,0.405190,0.574904,1
20230609T101610,20230621T100721,11.9939,15,A1,0.659127,0.157900,1
20230609T101610,20230621T100721,11.9939,17,A1,0.465274,0.257945,1
20230609T101610,20230621T100721,11.9939,18,A1,0.119764,0.830004,1
20230609T101610,20230621T100721,11.9939,19,A1,0.024606,0.144957,0
20230609T101610,20230621T100721,11.9939,22,A1,0.611344,0.149258,1
20230609T101610,20230621T100721,11.9939,23,A1,0.127078,0.440042,1
20230609T101610,20230621T100721,11.9939,24,A1,-0.347369,0.167653,1
20230609T101610,20230621T100721,11.9939,26,A1,0.070987,0.422715,1
20230609T101610,20230621T100721,11.9939,27,A1,-0.130862,1.077278,0
20230609T101610,20230621T100721,11.9939,28,A1,0.003260,0.448348,1
20230609T101610,20230621T100721,11.9939,29,A1,0.663404,0.150053,1
20230609T101610,20230621T100721,11.9939,30,A1,0.836478,0.000000,1
20230609T101610,20230621T100721,11.9939,31,A1,0.475751,0.077817,1
20230609T101610,20230621T100721,11.9939,32,A1,0.589147,0.041280,1
20230609T101610,20230621T100721,11.9939,33,A2,0.080950,0.064234,1
20230609T101610,20230621T100721,11.9939,34,A2,0.224773,0.554577,0
20230609T101610,20230621T100721,11.9939,36,A2,-0.195750,1.443532,0
20230609T101610,20230621T100721,11.9939,37,A2,0.340440,0.449304,0
20230609T101610,20230621T100721,11.9939,39,A2,0.333227,1.643822,0
20230609T101610,20230621T100721,11.9939,40,A2,-0.043387,0.567801,1
20230609T101610,20230621T100721,11.9939,41,A2,0.457175,0.095593,1
20230609T101610,20230621T100721,11.9939,42,A2,-0.035836,0.935157,1
20230609T101610,20230621T100721,11.9939,43,A2,0.628014,0.095429,1
20230609T101610,20230621T100721,11.9939,44,A2,-0.083368,0.960894,0
20230609T101610,20230621T100721,11.9939,45,A2,0.326592,0.828235,1
20230609T101610,20230621T100721,11.9939,46,A2,0.279860,1.067698,0
20230609T101610,20230621T100721,11.9939,47,A2,0.609096,0.629991,1
20230609T101610,20230621T100721,11.9939,48,A2,0.361048,0.434683,0
20230609T101610,20230621T100721,11.9939,49,A2,-0.040531,1.008312,0
20230609T101610,20230621T100721,11.9939,50,A2,0.256871,0.484689,1
20230609T101610,20230621T100721,11.9939,51,A2,0.171371,0.655411,0
20230609T101610,20230621T100721,11.9939,52,A2,-0.072439,1.241386,0
20230609T101610,20230621T100721,11.9939,53,A2,0.097415,1.161495,0
20230609T101610,20230621T100721,11.9939,54,A2,-0.060228,0.139165,1
20230609T101610,20230621T100721,11.9939,55,A2,0.031654,0.145873,1
20230609T101610,20230621T100721,11.9939,57,A2,-0.108942,0.084433,1
20230609T101610,20230621T100721,11.9939,58,A2,0.281271,0.036884,1
20230609T101610,20230621T100721,11.9939,59,A2,0.380889,0.120599,1
20230609T101610,20230621T100721,11.9939,60,A2,0.091365,0.488260,1
20230609T101610,20230621T100721,11.9939,62,A2,0.256351,0.780522,1
20230609T101610,20230621T100721,11.9939,63,A2,0.278584,0.126081,1
20230609T101610,20230621T100721,11.9939,64,A2,0.135877,1.082108,0
20230609T101610,20230621T100721,11.9939,65,A3,0.328499,0.568708,0
20230609T101610,20230621T100721,11.9939,66,A3,0.225676,0.718020,0
20230609T101610,20230621T100721,11.9939,69,A3,0.732436,0.408917,0
20230609T101610,20230621T100721,11.9939,70,A3,0.644660,0.238810,1
20230609T101610,20230621T100721,11.9939,71,A3,0.775413,1.168271,0
20230609T101610,20230621T100721,11.9939,72,A3,-0.005574,0.924399,1
20230609T101610,20230621T100721,11.9939,73,A3,-0.084023,0.033305,1
20230609T101610,20230621T100721,11.9939,74,A3,0.012931,0.082109,1
20230609T101610,20230621T100721,11.9939,75,A3,0.047423,0.714107,1
20230609T101610,20230621T100721,11.9939,76,A3,0.285448,0.472512,0
20230609T101610,20230621T100721,11.9939,77,A3,-0.254085,1.035119,0
20230609T101610,20230621T100721,11.9939,78,A3,0.479796,1.014627,0
20230609T101610,20230621T100721,11.9939,79,A3,0.462846,0.016249,1
20230609T101610,20230621T100721,11.9939,80,A3,0.415446,0.621397,1
20230609T101610,20230621T100721,11.9939,81,A3,0.326689,0.445799,1
20230609T101610,20230621T100721,11.9939,82,A3,0.422717,0.806259,0
20230609T101610,20230621T100721,11.9939,83,A3,-0.200737,0.007415,1
20230609T101610,20230621T100721,11.9939,84,A3,0.283872,1.157547,0
20230609T101610,20230621T100721,11.9939,85,A3,0.814743,0.308335,1
20230609T101610,20230621T100721,11.9939,86,A3,0.409803,0.782668,0
20230609T101610,20230621T100721,11.9939,87,A3,0.510152,0.099310,1
20230609T101610,20230621T100721,11.9939,88,A3,-0.036477,0.538366,1
20230609T101610,20230621T100721,11.9939,89,A3,0.188620,0.559373,1
20230609T101610,20230621T100721,11.9939,90,A3,0.178915,0.023095,1
20230609T101610,20230621T100721,11.9939,93,A3,0.131332,0.057573,1
20230609T101610,20230621T100721,11.9939,94,A3,-0.578521,2.000000,0
20230609T101610,20230621T100721,11.9939,95,A3,0.427274,1.050780,0
20230609T101610,20230621T100721,11.9939,96,A3,0.375447,0.236519,1
20230609T101610,20230621T100721,11.9939,97,A4,-0.187389,0.207695,1
20230609T101610,20230621T100721,11.9939,98,A4,0.418202,1.545557,0
20230609T101610,20230621T100721,11.9939,99,A4,0.132028,0.004986,1
20230609T101610,20230621T100721,11.9939,100,A4,0.237924,0.125920,1
20230609T101610,20230621T100721,11.9939,101,A4,0.090203,0.109066,1
20230609T101610,20230621T100721,11.9939,102,A4,-0.033865,0.085895,1
20230609T101610,20230621T100721,11.9939,103,A4,-0.063372,0.187887,1
20230609T101610,20230621T100721,11.9939,104,A4,0.129785,0.108734,1
20230609T101610,20230621T100721,11.9939,105,A4,0.416207,0.148368,0
20230609T101610,20230621T100721,11.9939,106,A4,-0.319084,1.057619,0
20230609T101610,20230621T100721,11.9939,107,A4,-0.192425,0.525081,1
20230609T101610,20230621T100721,11.9939,108,A4,0.025492,0.236719,1
20230609T101610,20230621T100721,11.9939,109,A4,-0.075473,1.813517,0
20230609T101610,20230621T100721,11.9939,110,A4,-0.158364,0.566794,0
20230609T101610,20230621T100721,11.9939,111,A4,0.162975,0.154780,1
20230609T101610,20230621T100721,11.9939,112,A4,-0.152191,1.150008,0
20230609T101610,20230621T100721,11.9939,114,A4,0.154351,0.252824,1
20230609T101610,20230621T100721,11.9939,118,A4,0.249076,0.993135,1
20230609T101610,20230621T100721,11.9939,119,A4,0.027231,0.233064,1
20230609T101610,20230621T100721,11.9939,121,A4,0.558558,0.306915,1
20230609T101610,20230621T100721,11.9939,122,A4,0.799644,0.494225,1
20230609T101610,20230621T100721,11.9939,123,A4,0.034938,0.039867,1
20230609T101610,20230621T100721,11.9939,124,A4,-0.288607,0.805695,0
20230609T101610,20230621T100721,11.9939,125,A4,0.101413,0.000000,1
20230609T101610,20230621T100721,11.9939,126,A4,0.166432,1.069200,0
20230609T101610,20230621T100721,11.9939,128,A4,-0.117664,0.000000,1
20230609T101610,20230621T100721,11.9939,129,A5,0.053388,0.680832,0
20230609T101610,20230621T100721,11.9939,130,A5,0.043338,0.766443,0
20230609T101610,20230621T100721,11.9939,132,A5,-0.404297,0.090652,1
20230609T101610,20230621T100721,11.9939,133,A5,-0.127836,0.187741,0
20230609T101610,20230621T100721,11.9939,134,A5,0.395943,0.311694,0
20230609T101610,20230621T100721,11.9939,135,A5,-0.189694,0.105208,1
20230609T101610,20230621T100721,11.9939,136,A5,-0.404959,1.043060,0
20230609T101610,20230621T100721,11.9939,137,A5,0.402132,0.174585,1
20230609T101610,20230621T100721,11.9939,138,A5,0.517625,0.609902,0
20230609T101610,20230621T100721,11.9939,139,A5,0.639122,0.000000,1
20230609T101610,20230621T100721,11.9939,141,A5,0.143736,0.849586,1
20230609T101610,20230621T100721,11.9939,142,A5,0.337712,0.655362,1
20230609T101610,20230621T100721,11.9939,143,A5,0.093062,0.188891,0
20230609T101610,20230621T100721,11.9939,144,A5,-0.141056,0.518592,1
20230609T101610,20230621T100721,11.9939,145,A5,0.033217,0.036379,1
20230609T101610,20230621T100721,11.9939,146,A5,0.843307,0.119827,1
20230609T101610,20230621T100721,11.9939,147,A5,0.565019,0.514895,1
20230609T101610,20230621T100721,11.9939,148,A5,0.358333,0.219880,1
20230609T101610,20230621T100721,11.9939,149,A5,0.090035,0.381623,0
20230609T101610,20230621T100721,11.9939,150,A5,-0.122349,0.051436,1
20230609T101610,20230621T100721,11.9939,151,A5,-0.037846,0.436266,0
20230609T101610,20230621T100721,11.9939,152,A5,-0.151618,0.370824,1
20230609T101610,20230621T100721,11.9939,153,A5,0.115220,0.057147,1
20230609T101610,20230621T100721,11.9939,155,A5,-0.156270,1.289151,0
20230609T101610,20230621T100721,11.9939,157,A5,0.010270,0.281793,1
20230609T101610,20230621T100721,11.9939,158,A5,0.126661,0.029283,1
20230609T101610,20230621T100721,11.9939,160,A5,0.184852,2.000000,0
20230609T101610,20230622T111856,13.0436,1,A1,0.007467,0.531182,0
20230609T101610,20230622T111856,13.0436,4,A1,0.246734,0.243467,1
20230609T101610,20230622T111856,13.0436,6,A1,-0.059762,0.053966,1
20230609T101610,20230622T111856,13.0436,8,A1,0.357787,0.675319,1
20230609T101610,20230622T111856,13.0436,9,A1,0.467270,0.678339,1
20230609T101610,20230622T111856,13.0436,10,A1,0.036695,0.761712,0
20230609T101610,20230622T111856,13.0436,11,A1,-0.192553,0.384215,1
20230609T101610,20230622T111856,13.0436,12,A1,-0.251768,0.136080,1
20230609T101610,20230622T111856,13.0436,13,A1,0.523619,0.446175,1
20230609T101610,20230622T111856,13.0436,14,A1,0.143381,0.214532,1
20230609T101610,20230622T111856,13.0436,15,A1,0.412456,0.000000,1
20230609T101610,20230622T111856,13.0436,17,A1,0.293207,0.101001,1
20230609T101610,20230622T111856,13.0436,18,A1,0.034451,0.382139,1
20230609T101610,20230622T111856,13.0436,19,A1,0.319710,0.228163,1
20230609T101610,20230622T111856,13.0436,22,A1,0.691597,0.957826,1
20230609T101610,20230622T111856,13.0436,23,A1,-0.312707,0.620792,0
20230609T101610,20230622T111856,13.0436,24,A1,-0.238780,0.442050,0
20230609T101610,20230622T111856,13.0436,25,A1,-0.118563,0.433884,1
20230609T101610,20230622T111856,13.0436,26,A1,0.350277,0.327557,1
20230609T101610,20230622T111856,13.0436,27,A1,0.222096,0.662964,1
20230609T101610,20230622T111856,13.0436,28,A1,0.351098,0.476849,1
20230609T101610,20230622T111856,13.0436,29,A1,0.478442,0.486159,1
20230609T101610,20230622T111856,13.0436,30,A1,0.747598,0.000000,1
20230609T101610,20230622T111856,13.0436,31,A1,0.452465,0.660628,1
20230609T101610,20230622T111856,13.0436,32,A1,0.486694,0.470056,1
20230609T101610,20230622T111856,13.0436,33,A2,-0.245029,0.146139,1
20230609T101610,20230622T111856,13.0436,34,A2,0.314818,0.199743,0
20230609T101610,20230622T111856,13.0436,36,A2,0.258493,0.780423,1
20230609T101610,20230622T111856,13.0436,37,A2,-0.046463,0.101901,1
20230609T101610,20230622T111856,13.0436,39,A2,0.169236,0.888637,1
20230609T101610,20230622T111856,13.0436,40,A2,-0.265998,0.769154,1
20230609T101610,20230622T111856,13.0436,41,A2,0.367427,0.374162,1
20230609T101610,20230622T111856,13.0436,42,A2,0.276098,1.609735,0
20230609T101610,20230622T111856,13.0436,43,A2,0.724669,0.144422,1
20230609T101610,20230622T111856,13.0436,44,A2,-0.073669,0.725634,0
20230609T101610,20230622T111856,13.0436,45,A2,0.362859,0.811398,1
20230609T101610,20230622T111856,13.0436,46,A2,-0.031513,0.369100,1
20230609T101610,20230622T111856,13.0436,47,A2,0.556669,0.000000,1
20230609T101610,20230622T111856,13.0436,48,A2,0.126784,0.236154,0
20230609T101610,20230622T111856,13.0436,49,A2,0.262212,0.213211,1
20230609T101610,20230622T111856,13.0436,50,A2,0.244283,0.184429,1
20230609T101610,20230622T111856,13.0436,51,A2,0.266357,0.266282,1
20230609T101610,20230622T111856,13.0436,52,A2,-0.212076,1.473770,0
20230609T101610,20230622T111856,13.0436,53,A2,-0.069713,0.599480,0
20230609T101610,20230622T111856,13.0436,54,A2,-0.418898,0.220998,1
20230609T101610,20230622T111856,13.0436,55,A2,0.226936,0.053595,1
20230609T101610,20230622T111856,13.0436,57,A2,0.073389,1.100416,0
20230609T101610,20230622T111856,13.0436,58,A2,-0.044337,0.273671,0
20230609T101610,20230622T111856,13.0436,59,A2,0.067888,0.356591,0
20230609T101610,20230622T111856,13.0436,60,A2,0.096368,0.791493,1
20230609T101610,20230622T111856,13.0436,62,A2,0.446773,0.836954,1
20230609T101610,20230622T111856,13.0436,63,A2,0.780777,0.041110,1
20230609T101610,20230622T111856,13.0436,64,A2,0.085074,0.513207,1
20230609T101610,20230622T111856,13.0436,65,A3,0.102059,0.662533,0
20230609T101610,20230622T111856,13.0436,66,A3,-0.111114,0.704219,0
20230609T101610,20230622T111856,13.0436,68,A3,0.349248,0.253413,1
20230609T101610,20230622T111856,13.0436,69,A3,0.165911,0.437880,0
20230609T101610,20230622T111856,13.0436,70,A3,0.316904,0.674518,1
20230609T101610,20230622T111856,13.0436,71,A3,0.690102,1.193482,0
20230609T101610,20230622T111856,13.0436,72,A3,-0.160682,1.107853,0
20230609T101610,20230622T111856,13.0436,73,A3,-0.114535,0.972534,1
20230609T101610,20230622T111856,13.0436,74,A3,-0.282817,0.343548,0
20230609T101610,20230622T111856,13.0436,75,A3,0.076318,0.929293,1
20230609T101610,20230622T111856,13.0436,76,A3,0.324649,1.445438,0
20230609T101610,20230622T111856,13.0436,77,A3,-0.078482,0.594552,0
20230609T101610,20230622T111856,13.0436,78,A3,0.359901,0.738432,1
20230609T101610,20230622T111856,13.0436,79,A3,0.080942,0.370671,0
20230609T101610,20230622T111856,13.0436,80,A3,0.125530,0.041482,1
20230609T101610,20230622T111856,13.0436,81,A3,0.142365,0.117905,1
20230609T101610,20230622T111856,13.0436,82,A3,-0.520807,0.562901,0
20230609T101610,20230622T111856,13.0436,83,A3,-0.091553,0.233675,1
20230609T101610,20230622T111856,13.0436,84,A3,-0.385128,0.561814,1
20230609T101610,20230622T111856,13.0436,85,A3,0.724451,0.019108,1
20230609T101610,20230622T111856,13.0436,86,A3,0.143559,0.739233,0
20230609T101610,20230622T111856,13.0436,87,A3,0.041736,0.314288,1
20230609T101610,20230622T111856,13.0436,88,A3,0.243402,1.280622,0
20230609T101610,20230622T111856,13.0436,89,A3,0.244087,0.041985,1
20230609T101610,20230622T111856,13.0436,90,A3,0.076948,0.180697,0
20230609T101610,20230622T111856,13.0436,93,A3,-0.238353,0.169660,0
20230609T101610,20230622T111856,13.0436,94,A3,-0.061375,0.142281,1
20230609T101610,20230622T111856,13.0436,95,A3,0.346302,0.834971,1
20230609T101610,20230622T111856,13.0436,96,A3,-0.056434,0.093877,1
20230609T101610,20230622T111856,13.0436,97,A4,-0.074070,0.419981,0
20230609T101610,20230622T111856,13.0436,98,A4,0.290867,0.992148,1
20230609T101610,20230622T111856,13.0436,99,A4,-0.014877,0.107307,0
20230609T101610,20230622T111856,13.0436,100,A4,0.103690,0.563975,1
20230609T101610,20230622T111856,13.0436,101,A4,0.063800,0.245019,1
20230609T101610,20230622T111856,13.0436,102,A4,0.135703,0.495923,0
20230609T101610,20230622T111856,13.0436,103,A4,0.071161,0.146269,1
20230609T101610,20230622T111856,13.0436,104,A4,0.304570,0.287365,0
20230609T101610,20230622T111856,13.0436,105,A4,0.076368,0.157778,0
20230609T101610,20230622T111856,13.0436,106,A4,0.033904,0.000000,1
20230609T101610,20230622T111856,13.0436,107,A4,-0.032026,0.383753,1
20230609T101610,20230622T111856,13.0436,108,A4,-0.052930,0.633016,1
20230609T101610,20230622T111856,13.0436,109,A4,-0.089651,1.077618,0
20230609T101610,20230622T111856,13.0436,110,A4,0.174403,1.458710,0
20230609T101610,20230622T111856,13.0436,111,A4,-0.032826,0.605523,0
20230609T101610,20230622T111856,13.0436,112,A4,-0.205968,0.176036,1
20230609T101610,20230622T111856,13.0436,114,A4,0.099153,0.366641,0
20230609T101610,20230622T111856,13.0436,116,A4,-0.084688,0.297960,0
20230609T101610,20230622T111856,13.0436,118,A4,0.098616,1.108394,0
20230609T101610,20230622T111856,13.0436,119,A4,0.025462,0.055183,1
20230609T101610,20230622T111856,13.0436,121,A4,0.476395,0.252728,1
20230609T101610,20230622T111856,13.0436,122,A4,0.782279,0.348902,1
20230609T101610,20230622T111856,13.0436,123,A4,0.244015,0.651056,1
20230609T101610,20230622T111856,13.0436,124,A4,0.032516,0.625777,1
20230609T101610,20230622T111856,13.0436,125,A4,-0.212424,1.040594,0
20230609T101610,20230622T111856,13.0436,126,A4,-0.067882,0.829716,1
20230609T101610,20230622T111856,13.0436,127,A4,-0.155368,0.481653,0
20230609T101610,20230622T111856,13.0436,128,A4,-0.078548,0.221917,1
20230609T101610,20230622T111856,13.0436,130,A5,0.304893,0.346845,1
20230609T101610,20230622T111856,13.0436,132,A5,0.085805,0.244776,0
20230609T101610,20230622T111856,13.0436,133,A5,0.352581,0.191953,0
20230609T101610,20230622T111856,13.0436,134,A5,0.137983,0.620950,0
20230609T101610,20230622T111856,13.0436,135,A5,-0.060619,0.583792,1
20230609T101610,20230622T111856,13.0436,136,A5,0.159639,1.107455,0
20230609T101610,20230622T111856,13.0436,137,A5,0.482881,0.004538,1
20230609T101610,20230622T111856,13.0436,138,A5,0.356601,1.464037,0
20230609T101610,20230622T111856,13.0436,139,A5,0.567789,0.400596,1
20230609T101610,20230622T111856,13.0436,141,A5,0.195249,1.128517,0
20230609T101610,20230622T111856,13.0436,142,A5,0.038064,0.655362,1
20230609T101610,20230622T111856,13.0436,143,A5,0.128569,1.020445,0
20230609T101610,20230622T111856,13.0436,144,A5,0.070719,0.023105,1
20230609T101610,20230622T111856,13.0436,145,A5,-0.275926,0.151605,0
20230609T101610,20230622T111856,13.0436,146,A5,0.626149,0.599787,1
20230609T101610,20230622T111856,13.0436,147,A5,0.267232,0.813086,0
20230609T101610,20230622T111856,13.0436,148,A5,0.176229,0.050874,1
20230609T101610,20230622T111856,13.0436,149,A5,0.034291,1.280545,0
20230609T101610,20230622T111856,13.0436,150,A5,-0.079684,0.249174,0
20230609T101610,20230622T111856,13.0436,151,A5,-0.002226,0.398096,0
20230609T101610,20230622T111856,13.0436,152,A5,-0.369892,0.659575,0
20230609T101610,20230622T111856,13.0436,153,A5,0.066825,0.007711,1
20230609T101610,20230622T111856,13.0436,155,A5,0.111531,1.569208,0
20230609T101610,20230622T111856,13.0436,157,A5,0.094761,0.968117,0
20230609T101610,20230622T111856,13.0436,158,A5,-0.171304,0.310753,0
20230609T101610,20230622T111856,13.0436,160,A5,0.020191,2.000000,0
20230609T101610,20230628T101631,19.0002,1,A1,0.300941,1.243918,0
20230609T101610,20230628T101631,19.0002,4,A1,0.100260,0.351517,1
20230609T101610,20230628T101631,19.0002,6,A1,0.112227,0.086336,0
20230609T101610,20230628T101631,19.0002,8,A1,0.042535,0.064558,0
20230609T101610,20230628T101631,19.0002,9,A1,-0.180437,0.995295,0
20230609T101610,20230628T101631,19.0002,10,A1,-0.077531,0.843480,0
20230609T101610,20230628T101631,19.0002,11,A1,0.046746,0.782542,0
20230609T101610,20230628T101631,19.0002,12,A1,-0.040536,0.270161,1
20230609T101610,20230628T101631,19.0002,13,A1,0.526254,0.599225,0
20230609T101610,20230628T101631,19.0002,14,A1,0.297412,0.043491,1
20230609T101610,20230628T101631,19.0002,15,A1,0.622406,0.600752,1
20230609T101610,20230628T101631,19.0002,17,A1,0.160241,0.716250,0
20230609T101610,20230628T101631,19.0002,18,A1,0.375499,0.342587,1
20230609T101610,20230628T101631,19.0002,19,A1,0.292265,0.058262,1
20230609T101610,20230628T101631,19.0002,22,A1,0.559643,0.481532,1
20230609T101610,20230628T101631,19.0002,23,A1,-0.301991,0.609741,0
20230609T101610,20230628T101631,19.0002,24,A1,0.098544,1.016851,0
20230609T101610,20230628T101631,19.0002,25,A1,-0.087626,0.413498,1
20230609T101610,20230628T101631,19.0002,26,A1,-0.134145,1.184941,0
20230609T101610,20230628T101631,19.0002,27,A1,0.249763,0.869416,1
20230609T101610,20230628T101631,19.0002,28,A1,0.477169,0.618571,0
20230609T101610,20230628T101631,19.0002,29,A1,0.072922,0.861279,1
20230609T101610,20230628T101631,19.0002,30,A1,0.744470,0.000000,1
20230609T101610,20230628T101631,19.0002,31,A1,0.452072,0.246746,1
20230609T101610,20230628T101631,19.0002,32,A1,0.403966,0.077130,1
20230609T101610,20230628T101631,19.0002,33,A2,-0.357544,0.025192,1
20230609T101610,20230628T101631,19.0002,34,A2,0.003627,0.133820,1
20230609T101610,20230628T101631,19.0002,36,A2,0.223201,0.490624,1
20230609T101610,20230628T101631,19.0002,37,A2,-0.072357,0.159723,1
20230609T101610,20230628T101631,19.0002,39,A2,0.458883,0.679323,1
20230609T101610,20230628T101631,19.0002,40,A2,0.000958,0.766406,1
20230609T101610,20230628T101631,19.0002,41,A2,-0.263511,0.662046,1
20230609T101610,20230628T101631,19.0002,42,A2,-0.061118,1.041243,0
20230609T101610,20230628T101631,19.0002,43,A2,0.535139,1.198055,0
20230609T101610,20230628T101631,19.0002,44,A2,-0.019390,1.210577,0
20230609T101610,20230628T101631,19.0002,46,A2,0.239487,0.180854,1
20230609T101610,20230628T101631,19.0002,47,A2,0.817349,0.000000,1
20230609T101610,20230628T101631,19.0002,48,A2,-0.142436,0.727423,1
20230609T101610,20230628T101631,19.0002,49,A2,0.033188,0.555948,0
20230609T101610,20230628T101631,19.0002,51,A2,0.306122,0.172192,0
20230609T101610,20230628T101631,19.0002,52,A2,0.231159,1.038130,0
20230609T101610,20230628T101631,19.0002,53,A2,-0.248117,1.560236,0
20230609T101610,20230628T101631,19.0002,54,A2,0.205273,0.124854,1
20230609T101610,20230628T101631,19.0002,55,A2,0.154098,0.750867,0
20230609T101610,20230628T101631,19.0002,56,A2,-0.350428,1.034682,0
20230609T101610,20230628T101631,19.0002,57,A2,0.352722,0.244470,0
20230609T101610,20230628T101631,19.0002,58,A2,0.064292,0.206855,1
20230609T101610,20230628T101631,19.0002,59,A2,0.425356,0.253461,1
20230609T101610,20230628T101631,19.0002,60,A2,-0.068046,0.000000,1
20230609T101610,20230628T101631,19.0002,62,A2,0.545352,0.931513,1
20230609T101610,20230628T101631,19.0002,63,A2,0.703127,0.060098,1
20230609T101610,20230628T101631,19.0002,64,A2,0.497904,0.530436,1
20230609T101610,20230628T101631,19.0002,65,A3,0.188521,1.085708,0
20230609T101610,20230628T101631,19.0002,66,A3,0.445620,0.621570,0
20230609T101610,20230628T101631,19.0002,68,A3,0.790470,0.148961,0
20230609T101610,20230628T101631,19.0002,69,A3,0.579446,0.713316,0
20230609T101610,20230628T101631,19.0002,70,A3,0.660069,0.459433,1
20230609T101610,20230628T101631,19.0002,71,A3,0.831095,0.564959,0
20230609T101610,20230628T101631,19.0002,72,A3,0.075757,1.000282,0
20230609T101610,20230628T101631,19.0002,73,A3,0.072146,0.008013,1
20230609T101610,20230628T101631,19.0002,74,A3,0.157331,0.030783,1
20230609T101610,20230628T101631,19.0002,75,A3,0.258987,0.293307,0
20230609T101610,20230628T101631,19.0002,76,A3,0.003845,1.445438,0
20230609T101610,20230628T101631,19.0002,77,A3,0.283467,1.035119,0
20230609T101610,20230628T101631,19.0002,78,A3,-0.311217,1.721106,0
20230609T101610,20230628T101631,19.0002,79,A3,0.618519,1.021726,0
20230609T101610,20230628T101631,19.0002,80,A3,0.367747,1.050166,0
20230609T101610,20230628T101631,19.0002,81,A3,0.210838,0.294104,0
20230609T101610,20230628T101631,19.0002,82,A3,0.202584,0.826141,0
20230609T101610,20230628T101631,19.0002,83,A3,0.215937,0.219542,0
20230609T101610,20230628T101631,19.0002,84,A3,-0.474596,0.570068,1
20230609T101610,20230628T101631,19.0002,85,A3,0.795212,0.446602,1
20230609T101610,20230628T101631,19.0002,86,A3,0.125825,1.267212,0
20230609T101610,20230628T101631,19.0002,87,A3,0.117012,0.013927,1
20230609T101610,20230628T101631,19.0002,88,A3,0.143509,0.948957,0
20230609T101610,20230628T101631,19.0002,89,A3,-0.162078,0.459728,0
20230609T101610,20230628T101631,19.0002,93,A3,0.062862,0.851075,1
20230609T101610,20230628T101631,19.0002,94,A3,-0.033114,1.061247,0
20230609T101610,20230628T101631,19.0002,95,A3,0.444761,1.333789,0
20230609T101610,20230628T101631,19.0002,96,A3,-0.101224,0.280794,0
20230609T101610,20230628T101631,19.0002,97,A4,-0.097394,0.202134,1
20230609T101610,20230628T101631,19.0002,98,A4,0.417820,1.155680,0
20230609T101610,20230628T101631,19.0002,100,A4,0.195256,0.092359,1
20230609T101610,20230628T101631,19.0002,101,A4,0.142086,0.031161,1
20230609T101610,20230628T101631,19.0002,102,A4,-0.549310,0.297127,0
20230609T101610,20230628T101631,19.0002,103,A4,0.356550,0.141805,1
20230609T101610,20230628T101631,19.0002,104,A4,-0.031303,0.190984,0
20230609T101610,20230628T101631,19.0002,105,A4,0.284703,0.090749,1
20230609T101610,20230628T101631,19.0002,106,A4,-0.177976,2.000000,0
20230609T101610,20230628T101631,19.0002,107,A4,-0.181967,0.595144,0
20230609T101610,20230628T101631,19.0002,108,A4,-0.173979,0.230532,1
20230609T101610,20230628T101631,19.0002,109,A4,-0.146529,1.034723,0
20230609T101610,20230628T101631,19.0002,110,A4,0.181978,1.458710,0
20230609T101610,20230628T101631,19.0002,111,A4,-0.020939,0.141978,1
20230609T101610,20230628T101631,19.0002,112,A4,0.096778,0.006853,1
20230609T101610,20230628T101631,19.0002,114,A4,0.220271,0.333071,0
20230609T101610,20230628T101631,19.0002,116,A4,-0.393905,0.036816,1
20230609T101610,20230628T101631,19.0002,118,A4,-0.040705,1.122383,0
20230609T101610,20230628T101631,19.0002,119,A4,0.049933,0.164033,1
20230609T101610,20230628T101631,19.0002,121,A4,0.651605,0.248655,1
20230609T101610,20230628T101631,19.0002,122,A4,0.876860,0.214723,1
20230609T101610,20230628T101631,19.0002,123,A4,-0.311173,0.109743,1
20230609T101610,20230628T101631,19.0002,125,A4,-0.080784,0.907300,1
20230609T101610,20230628T101631,19.0002,126,A4,0.115040,0.000000,1
20230609T101610,20230628T101631,19.0002,127,A4,-0.101558,1.192395,0
20230609T101610,20230628T101631,19.0002,129,A5,-0.195706,0.312222,1
20230609T101610,20230628T101631,19.0002,130,A5,0.352337,1.481515,0
20230609T101610,20230628T101631,19.0002,132,A5,0.272843,0.601741,1
20230609T101610,20230628T101631,19.0002,133,A5,0.036235,0.067580,1
20230609T101610,20230628T101631,19.0002,134,A5,0.125903,0.213680,0
20230609T101610,20230628T101631,19.0002,135,A5,-0.311636,0.300769,1
20230609T101610,20230628T101631,19.0002,136,A5,0.046084,0.096637,1
20230609T101610,20230628T101631,19.0002,137,A5,0.529393,0.967972,1
20230609T101610,20230628T101631,19.0002,138,A5,-0.101931,1.244902,0
20230609T101610,20230628T101631,19.0002,139,A5,0.567692,0.075958,1
20230609T101610,20230628T101631,19.0002,141,A5,0.319049,1.150414,0
20230609T101610,20230628T101631,19.0002,142,A5,0.461269,0.227548,1
20230609T101610,20230628T101631,19.0002,143,A5,0.104880,0.158926,1
20230609T101610,20230628T101631,19.0002,144,A5,0.088286,0.172334,0
20230609T101610,20230628T101631,19.0002,145,A5,-0.007919,0.396225,1
20230609T101610,20230628T101631,19.0002,146,A5,0.880063,0.256837,1
20230609T101610,20230628T101631,19.0002,147,A5,0.275007,0.514895,1
20230609T101610,20230628T101631,19.0002,149,A5,0.118679,0.423250,1
20230609T101610,20230628T101631,19.0002,150,A5,0.224443,0.140907,0
20230609T101610,20230628T101631,19.0002,151,A5,0.011019,0.242598,1
20230609T101610,20230628T101631,19.0002,152,A5,0.160932,0.592009,1
20230609T101610,20230628T101631,19.0002,153,A5,0.169732,0.262931,1
20230609T101610,20230628T101631,19.0002,155,A5,-0.178744,0.753585,1
20230609T101610,20230628T101631,19.0002,157,A5,-0.158605,0.205427,0
20230609T101610,20230628T101631,19.0002,158,A5,0.302240,0.182077,1
20230609T101610,20230628T101631,19.0002,160,A5,0.223011,0.000000,1
20230609T101610,20230629T100435,19.9920,1,A1,0.068592,1.243918,0
20230609T101610,20230629T100435,19.9920,4,A1,-0.082164,0.160501,1
20230609T101610,20230629T100435,19.9920,6,A1,-0.291493,0.059615,1
20230609T101610,20230629T100435,19.9920,8,A1,0.102120,0.207651,0
20230609T101610,20230629T100435,19.9920,9,A1,0.205543,0.825594,1
20230609T101610,20230629T100435,19.9920,10,A1,0.124533,0.500077,1
20230609T101610,20230629T100435,19.9920,11,A1,-0.429977,0.690775,0
20230609T101610,20230629T100435,19.9920,12,A1,-0.126959,0.197253,1
20230609T101610,20230629T100435,19.9920,13,A1,0.008448,0.610263,0
20230609T101610,20230629T100435,19.9920,14,A1,-0.004421,0.869176,0
20230609T101610,20230629T100435,19.9920,15,A1,0.523902,0.670818,1
20230609T101610,20230629T100435,19.9920,17,A1,0.006978,0.777872,0
20230609T101610,20230629T100435,19.9920,18,A1,0.140835,0.020643,1
20230609T101610,20230629T100435,19.9920,19,A1,0.373899,0.006973,1
20230609T101610,20230629T100435,19.9920,22,A1,0.299642,0.532380,1
20230609T101610,20230629T100435,19.9920,23,A1,0.075143,0.605084,0
20230609T101610,20230629T100435,19.9920,24,A1,-0.100416,0.822768,0
20230609T101610,20230629T100435,19.9920,25,A1,0.315977,0.905275,1
20230609T101610,20230629T100435,19.9920,26,A1,-0.552541,0.913312,0
20230609T101610,20230629T100435,19.9920,27,A1,0.297661,0.979005,1
20230609T101610,20230629T100435,19.9920,28,A1,-0.088105,0.403548,1
20230609T101610,20230629T100435,19.9920,29,A1,-0.122023,1.196183,0
20230609T101610,20230629T100435,19.9920,30,A1,0.252587,0.791521,1
20230609T101610,20230629T100435,19.9920,31,A1,0.341082,0.230054,1
20230609T101610,20230629T100435,19.9920,32,A1,0.254893,0.143655,1
20230609T101610,20230629T100435,19.9920,36,A2,0.333453,1.057075,0
20230609T101610,20230629T100435,19.9920,37,A2,-0.088596,0.292810,1
20230609T101610,20230629T100435,19.9920,38,A2,-0.011853,0.434933,0
20230609T101610,20230629T100435,19.9920,39,A2,0.113888,0.659011,1
20230609T101610,20230629T100435,19.9920,40,A2,0.072997,1.144544,0
20230609T101610,20230629T100435,19.9920,41,A2,0.156295,0.510220,1
20230609T101610,20230629T100435,19.9920,42,A2,-0.290251,0.928723,1
20230609T101610,20230629T100435,19.9920,43,A2,0.311406,0.216768,0
20230609T101610,20230629T100435,19.9920,44,A2,-0.339843,0.789423,1
20230609T101610,20230629T100435,19.9920,46,A2,0.058833,0.394949,1
20230609T101610,20230629T100435,19.9920,47,A2,0.669057,0.721784,1
20230609T101610,20230629T100435,19.9920,48,A2,0.137798,0.154858,1
20230609T101610,20230629T100435,19.9920,49,A2,-0.021493,0.269674,0
20230609T101610,20230629T100435,19.9920,50,A2,0.024252,0.515754,0
20230609T101610,20230629T100435,19.9920,53,A2,-0.177971,0.634120,0
20230609T101610,20230629T100435,19.9920,54,A2,0.043924,0.117019,1
20230609T101610,20230629T100435,19.9920,55,A2,-0.031087,0.283726,1
20230609T101610,20230629T100435,19.9920,57,A2,0.125311,0.113843,0
20230609T101610,20230629T100435,19.9920,58,A2,-0.217969,0.945502,1
20230609T101610,20230629T100435,19.9920,59,A2,0.016823,0.080770,1
20230609T101610,20230629T100435,19.9920,60,A2,-0.276159,0.723288,1
20230609T101610,20230629T100435,19.9920,62,A2,-0.105251,0.000000,1
20230609T101610,20230629T100435,19.9920,63,A2,0.782645,0.146718,1
20230609T101610,20230629T100435,19.9920,64,A2,0.296918,0.633635,1
20230609T101610,20230629T100435,19.9920,69,A3,0.094504,0.356948,1
20230609T101610,20230629T100435,19.9920,70,A3,-0.266868,0.830311,1
20230609T101610,20230629T100435,19.9920,71,A3,0.654973,0.280313,0
20230609T101610,20230629T100435,19.9920,72,A3,0.010165,1.841907,0
20230609T101610,20230629T100435,19.9920,74,A3,0.379921,0.103514,1
20230609T101610,20230629T100435,19.9920,75,A3,-0.348648,0.062476,1
20230609T101610,20230629T100435,19.9920,76,A3,-0.307297,0.399189,1
20230609T101610,20230629T100435,19.9920,77,A3,0.150129,1.035119,0
20230609T101610,20230629T100435,19.9920,78,A3,0.206828,1.108240,0
20230609T101610,20230629T100435,19.9920,80,A3,0.132094,0.656047,1
20230609T101610,20230629T100435,19.9920,81,A3,0.260315,0.146801,1
20230609T101610,20230629T100435,19.9920,82,A3,-0.271550,0.539940,0
20230609T101610,20230629T100435,19.9920,83,A3,0.189436,0.265782,0
20230609T101610,20230629T100435,19.9920,84,A3,-0.075498,0.784652,1
20230609T101610,20230629T100435,19.9920,85,A3,0.129064,0.548570,1
20230609T101610,20230629T100435,19.9920,86,A3,0.341511,0.765574,0
20230609T101610,20230629T100435,19.9920,87,A3,0.256722,0.418342,1
20230609T101610,20230629T100435,19.9920,88,A3,0.148878,0.029253,1
20230609T101610,20230629T100435,19.9920,90,A3,-0.271661,0.123421,0
20230609T101610,20230629T100435,19.9920,93,A3,-0.098285,0.000552,1
20230609T101610,20230629T100435,19.9920,95,A3,0.126047,1.102821,0
20230609T101610,20230629T100435,19.9920,97,A4,0.132275,0.378577,0
20230609T101610,20230629T100435,19.9920,98,A4,-0.214874,0.955988,1
20230609T101610,20230629T100435,19.9920,100,A4,-0.280991,0.025726,1
20230609T101610,20230629T100435,19.9920,101,A4,-0.115613,0.077538,0
20230609T101610,20230629T100435,19.9920,102,A4,0.040336,0.116515,0
20230609T101610,20230629T100435,19.9920,103,A4,-0.196502,0.600201,0
20230609T101610,20230629T100435,19.9920,104,A4,-0.322689,0.257564,0
20230609T101610,20230629T100435,19.9920,106,A4,0.078819,1.090288,0
20230609T101610,20230629T100435,19.9920,107,A4,-0.237217,0.233824,0
20230609T101610,20230629T100435,19.9920,108,A4,-0.300280,0.373799,0
20230609T101610,20230629T100435,19.9920,109,A4,0.123184,1.981841,0
20230609T101610,20230629T100435,19.9920,110,A4,-0.195285,0.541290,1
20230609T101610,20230629T100435,19.9920,111,A4,-0.038564,0.140700,1
20230609T101610,20230629T100435,19.9920,112,A4,0.343659,1.150008,0
20230609T101610,20230629T100435,19.9920,114,A4,0.053485,0.504710,0
20230609T101610,20230629T100435,19.9920,116,A4,0.033309,0.112687,1
20230609T101610,20230629T100435,19.9920,118,A4,-0.142803,0.869908,1
20230609T101610,20230629T100435,19.9920,119,A4,0.014079,0.674664,0
20230609T101610,20230629T100435,19.9920,121,A4,0.609366,0.161965,1
20230609T101610,20230629T100435,19.9920,122,A4,0.680789,0.084500,1
20230609T101610,20230629T100435,19.9920,123,A4,0.104965,0.342785,1
20230609T101610,20230629T100435,19.9920,124,A4,0.478918,0.359845,1
20230609T101610,20230629T100435,19.9920,125,A4,0.136460,0.985678,1
20230609T101610,20230629T100435,19.9920,126,A4,-0.204461,1.000365,0
20230609T101610,20230629T100435,19.9920,127,A4,0.105715,0.070895,1
20230609T101610,20230629T100435,19.9920,128,A4,0.147123,0.987506,1
20230609T101610,20230629T100435,19.9920,129,A5,0.234725,0.477765,1
20230609T101610,20230629T100435,19.9920,130,A5,0.381562,0.630935,1
20230609T101610,20230629T100435,19.9920,133,A5,0.063536,0.198959,0
20230609T101610,20230629T100435,19.9920,134,A5,-0.103036,0.102186,1
20230609T101610,20230629T100435,19.9920,135,A5,0.129050,0.130086,1
20230609T101610,20230629T100435,19.9920,136,A5,-0.116602,0.034937,1
20230609T101610,20230629T100435,19.9920,137,A5,0.437618,0.152505,0
20230609T101610,20230629T100435,19.9920,138,A5,-0.125546,0.111420,1
20230609T101610,20230629T100435,19.9920,141,A5,0.432410,1.150414,0
20230609T101610,20230629T100435,19.9920,142,A5,0.264849,0.359063,0
20230609T101610,20230629T100435,19.9920,143,A5,-0.218803,1.020445,0
20230609T101610,20230629T100435,19.9920,144,A5,-0.108233,0.018589,1
20230609T101610,20230629T100435,19.9920,145,A5,0.204341,0.231698,0
20230609T101610,20230629T100435,19.9920,146,A5,0.437456,0.331683,1
20230609T101610,20230629T100435,19.9920,147,A5,0.351712,0.232951,1
20230609T101610,20230629T100435,19.9920,149,A5,-0.161309,0.445673,0
20230609T101610,20230629T100435,19.9920,150,A5,-0.326171,0.052827,1
20230609T101610,20230629T100435,19.9920,151,A5,0.055543,0.104521,1
20230609T101610,20230629T100435,19.9920,152,A5,0.066348,0.658207,0
20230609T101610,20230629T100435,19.9920,153,A5,0.125606,0.039220,1
20230609T101610,20230629T100435,19.9920,157,A5,0.112409,0.024917,1
20230609T101610,20230629T100435,19.9920,158,A5,-0.119536,0.146412,0
20230609T101610,20230629T100435,19.9920,160,A5,-0.219224,0.991538,1
20230609T101610,20230703T122644,24.0907,1,A1,0.143508,0.173376,1
20230609T101610,20230703T122644,24.0907,4,A1,0.287365,0.137544,1
20230609T101610,20230703T122644,24.0907,6,A1,0.292742,0.054852,1
20230609T101610,20230703T122644,24.0907,9,A1,0.236117,0.746204,1
20230609T101610,20230703T122644,24.0907,10,A1,-0.107452,0.529686,1
20230609T101610,20230703T122644,24.0907,11,A1,0.292143,0.676289,0
20230609T101610,20230703T122644,24.0907,12,A1,-0.017145,0.596695,1
20230609T101610,20230703T122644,24.0907,13,A1,0.296872,0.580080,1
20230609T101610,20230703T122644,24.0907,14,A1,0.232600,0.682447,0
20230609T101610,20230703T122644,24.0907,15,A1,0.708387,0.647299,1
20230609T101610,20230703T122644,24.0907,17,A1,0.269673,0.340997,1
20230609T101610,20230703T122644,24.0907,18,A1,-0.171422,0.830004,1
20230609T101610,20230703T122644,24.0907,19,A1,0.532934,0.022372,1
20230609T101610,20230703T122644,24.0907,22,A1,0.525688,0.428309,1
20230609T101610,20230703T122644,24.0907,23,A1,0.354853,0.594650,1
20230609T101610,20230703T122644,24.0907,24,A1,-0.293012,0.060392,0
20230609T101610,20230703T122644,24.0907,26,A1,-0.227245,0.806287,0
20230609T101610,20230703T122644,24.0907,27,A1,0.500458,0.593993,1
20230609T101610,20230703T122644,24.0907,28,A1,0.412906,0.517685,0
20230609T101610,20230703T122644,24.0907,29,A1,0.160519,0.895263,1
20230609T101610,20230703T122644,24.0907,30,A1,0.792703,0.268231,1
20230609T101610,20230703T122644,24.0907,31,A1,0.504801,0.344512,0
20230609T101610,20230703T122644,24.0907,32,A1,0.546365,0.256529,1
20230609T101610,20230703T122644,24.0907,33,A2,-0.001938,0.211449,1
20230609T101610,20230703T122644,24.0907,34,A2,-0.104881,0.299747,0
20230609T101610,20230703T122644,24.0907,36,A2,0.013165,1.201718,0
20230609T101610,20230703T122644,24.0907,37,A2,-0.232344,0.042255,1
20230609T101610,20230703T122644,24.0907,39,A2,0.333592,0.611391,1
20230609T101610,20230703T122644,24.0907,40,A2,-0.121746,0.764297,1
20230609T101610,20230703T122644,24.0907,41,A2,0.179527,0.428907,1
20230609T101610,20230703T122644,24.0907,42,A2,-0.079232,0.803018,1
20230609T101610,20230703T122644,24.0907,43,A2,0.621963,0.293389,0
20230609T101610,20230703T122644,24.0907,44,A2,-0.038958,0.254289,0
20230609T101610,20230703T122644,24.0907,45,A2,0.081736,0.951225,1
20230609T101610,20230703T122644,24.0907,46,A2,0.276087,0.581079,1
20230609T101610,20230703T122644,24.0907,47,A2,0.770863,0.472857,1
20230609T101610,20230703T122644,24.0907,49,A2,0.437004,0.175958,1
20230609T101610,20230703T122644,24.0907,50,A2,-0.140615,0.580398,0
20230609T101610,20230703T122644,24.0907,51,A2,0.188226,0.006724,1
20230609T101610,20230703T122644,24.0907,52,A2,-0.302463,0.652541,0
20230609T101610,20230703T122644,24.0907,53,A2,-0.084996,0.530626,1
20230609T101610,20230703T122644,24.0907,55,A2,0.001992,0.850964,0
20230609T101610,20230703T122644,24.0907,57,A2,0.113991,0.018597,1
20230609T101610,20230703T122644,24.0907,58,A2,0.170175,0.151156,1
20230609T101610,20230703T122644,24.0907,59,A2,0.130292,0.145987,1
20230609T101610,20230703T122644,24.0907,60,A2,-0.308133,0.000000,1
20230609T101610,20230703T122644,24.0907,62,A2,0.461348,0.877375,1
20230609T101610,20230703T122644,24.0907,63,A2,0.737270,0.063415,1
20230609T101610,20230703T122644,24.0907,64,A2,0.040389,0.864979,1
20230609T101610,20230703T122644,24.0907,65,A3,0.325180,1.085708,0
20230609T101610,20230703T122644,24.0907,66,A3,0.578452,0.470168,0
20230609T101610,20230703T122644,24.0907,68,A3,0.372265,0.152728,1
20230609T101610,20230703T122644,24.0907,69,A3,0.471634,0.807661,0
20230609T101610,20230703T122644,24.0907,70,A3,0.621086,0.168893,1
20230609T101610,20230703T122644,24.0907,72,A3,-0.126585,1.147439,0
20230609T101610,20230703T122644,24.0907,73,A3,-0.029987,0.423120,0
20230609T101610,20230703T122644,24.0907,74,A3,-0.209286,0.818770,1
20230609T101610,20230703T122644,24.0907,75,A3,0.248686,0.075702,1
20230609T101610,20230703T122644,24.0907,76,A3,-0.056372,0.672164,0
20230609T101610,20230703T122644,24.0907,77,A3,0.182684,0.160164,0
20230609T101610,20230703T122644,24.0907,78,A3,0.293649,2.000000,0
20230609T101610,20230703T122644,24.0907,79,A3,0.404750,0.163445,0
20230609T101610,20230703T122644,24.0907,80,A3,0.375094,0.849091,1
20230609T101610,20230703T122644,24.0907,81,A3,0.206535,0.839438,1
20230609T101610,20230703T122644,24.0907,82,A3,-0.127157,0.694919,0
20230609T101610,20230703T122644,24.0907,84,A3,0.120861,0.743701,1
20230609T101610,20230703T122644,24.0907,85,A3,0.757851,0.419118,1
20230609T101610,20230703T122644,24.0907,86,A3,-0.146903,0.674646,0
20230609T101610,20230703T122644,24.0907,87,A3,0.248335,0.214413,1
20230609T101610,20230703T122644,24.0907,88,A3,0.028897,0.671114,1
20230609T101610,20230703T122644,24.0907,89,A3,-0.170443,0.450767,0
20230609T101610,20230703T122644,24.0907,90,A3,0.160155,0.035785,1
20230609T101610,20230703T122644,24.0907,93,A3,0.139536,0.025979,1
20230609T101610,20230703T122644,24.0907,94,A3,0.074279,1.785785,0
20230609T101610,20230703T122644,24.0907,95,A3,0.405456,1.047542,0
20230609T101610,20230703T122644,24.0907,97,A4,-0.080116,0.492944,0
20230609T101610,20230703T122644,24.0907,98,A4,0.453180,1.111088,0
20230609T101610,20230703T122644,24.0907,99,A4,0.222697,0.012648,1
20230609T101610,20230703T122644,24.0907,100,A4,-0.238180,0.458844,0
20230609T101610,20230703T122644,24.0907,101,A4,0.088734,0.017803,1
20230609T101610,20230703T122644,24.0907,102,A4,-0.029064,0.072692,0
20230609T101610,20230703T122644,24.0907,103,A4,-0.233887,0.686228,0
20230609T101610,20230703T122644,24.0907,104,A4,0.200532,0.270351,1
20230609T101610,20230703T122644,24.0907,105,A4,0.234257,0.014501,1
20230609T101610,20230703T122644,24.0907,106,A4,0.130667,0.403008,1
20230609T101610,20230703T122644,24.0907,107,A4,0.180005,0.175851,0
20230609T101610,20230703T122644,24.0907,108,A4,-0.042024,0.138343,0
20230609T101610,20230703T122644,24.0907,109,A4,-0.023144,0.018159,1
20230609T101610,20230703T122644,24.0907,110,A4,0.115722,0.428789,1
20230609T101610,20230703T122644,24.0907,111,A4,-0.208849,0.054392,1
20230609T101610,20230703T122644,24.0907,112,A4,0.073301,0.233950,0
20230609T101610,20230703T122644,24.0907,114,A4,0.287018,0.362771,0
20230609T101610,20230703T122644,24.0907,116,A4,-0.166747,0.164286,0
20230609T101610,20230703T122644,24.0907,118,A4,-0.108708,1.006501,0
20230609T101610,20230703T122644,24.0907,119,A4,0.042904,0.077696,1
20230609T101610,20230703T122644,24.0907,121,A4,0.717101,0.093882,1
20230609T101610,20230703T122644,24.0907,122,A4,0.858862,0.133415,1
20230609T101610,20230703T122644,24.0907,123,A4,0.131572,0.990151,0
20230609T101610,20230703T122644,24.0907,124,A4,-0.128282,0.654600,0
20230609T101610,20230703T122644,24.0907,125,A4,0.016547,0.905753,1
20230609T101610,20230703T122644,24.0907,126,A4,0.131160,0.094883,1
20230609T101610,20230703T122644,24.0907,127,A4,0.039770,0.120586,1
20230609T101610,20230703T122644,24.0907,128,A4,0.127303,0.000000,1
20230609T101610,20230703T122644,24.0907,130,A5,0.453326,0.895424,0
20230609T101610,20230703T122644,24.0907,132,A5,0.102822,0.198200,0
20230609T101610,20230703T122644,24.0907,133,A5,-0.003390,0.849876,1
20230609T101610,20230703T122644,24.0907,134,A5,0.194337,0.881231,1
20230609T101610,20230703T122644,24.0907,135,A5,-0.028001,0.342962,1
20230609T101610,20230703T122644,24.0907,136,A5,0.274977,0.414090,0
20230609T101610,20230703T122644,24.0907,137,A5,0.599261,0.145027,1
20230609T101610,20230703T122644,24.0907,138,A5,0.433351,1.033600,0
20230609T101610,20230703T122644,24.0907,139,A5,0.659849,0.158700,1
20230609T101610,20230703T122644,24.0907,141,A5,0.457726,0.163753,1
20230609T101610,20230703T122644,24.0907,142,A5,0.358771,0.038385,1
20230609T101610,20230703T122644,24.0907,143,A5,0.016801,0.080262,1
20230609T101610,20230703T122644,24.0907,144,A5,-0.220988,0.087986,0
20230609T101610,20230703T122644,24.0907,145,A5,0.132926,0.008255,1
20230609T101610,20230703T122644,24.0907,146,A5,0.642368,0.201318,1
20230609T101610,20230703T122644,24.0907,147,A5,0.228735,0.472138,1
20230609T101610,20230703T122644,24.0907,149,A5,0.131104,0.003649,1
20230609T101610,20230703T122644,24.0907,150,A5,-0.123391,0.261555,0
20230609T101610,20230703T122644,24.0907,151,A5,-0.079936,0.267010,1
20230609T101610,20230703T122644,24.0907,152,A5,0.008835,0.198543,1
20230609T101610,20230703T122644,24.0907,153,A5,0.207902,0.026091,1
20230609T101610,20230703T122644,24.0907,155,A5,-0.105425,1.645981,0
20230609T101610,20230703T122644,24.0907,157,A5,-0.179961,0.203925,0
20230609T101610,20230703T122644,24.0907,158,A5,0.132555,0.539409,0
20230609T101610,20230703T122644,24.0907,160,A5,0.139059,0.857036,1
20230614T114327,20230619T102732,4.9473,1,A1,0.029194,0.488754,0
20230614T114327,20230619T102732,4.9473,2,A1,0.109061,0.159530,1
20230614T114327,20230619T102732,4.9473,3,A1,0.101383,0.065676,0
20230614T114327,20230619T102732,4.9473,4,A1,0.144001,0.136977,1
20230614T114327,20230619T102732,4.9473,6,A1,0.106651,0.312442,0
20230614T114327,20230619T102732,4.9473,8,A1,-0.110736,0.324856,0
20230614T114327,20230619T102732,4.9473,9,A1,0.352646,0.133884,1
20230614T114327,20230619T102732,4.9473,10,A1,0.025772,0.040116,1
20230614T114327,20230619T102732,4.9473,11,A1,0.348340,0.186271,1
20230614T114327,20230619T102732,4.9473,12,A1,-0.045695,0.307911,1
20230614T114327,20230619T102732,4.9473,13,A1,0.441642,0.331896,1
20230614T114327,20230619T102732,4.9473,14,A1,0.060721,0.287354,1
20230614T114327,20230619T102732,4.9473,15,A1,0.311200,0.144737,1
20230614T114327,20230619T102732,4.9473,17,A1,0.239556,0.085784,1
20230614T114327,20230619T102732,4.9473,18,A1,0.493102,0.247834,1
20230614T114327,20230619T102732,4.9473,19,A1,0.406932,0.097878,1
20230614T114327,20230619T102732,4.9473,20,A1,-0.257844,0.619791,1
20230614T114327,20230619T102732,4.9473,21,A1,0.266593,0.225834,1
20230614T114327,20230619T102732,4.9473,22,A1,0.807979,0.074022,1
20230614T114327,20230619T102732,4.9473,23,A1,0.585963,0.053884,1
20230614T114327,20230619T102732,4.9473,26,A1,-0.027112,0.258392,1
20230614T114327,20230619T102732,4.9473,27,A1,0.753563,0.332037,1
20230614T114327,20230619T102732,4.9473,28,A1,0.440039,0.474425,1
20230614T114327,20230619T102732,4.9473,29,A1,0.394573,0.233538,1
20230614T114327,20230619T102732,4.9473,30,A1,0.899541,0.000000,1
20230614T114327,20230619T102732,4.9473,31,A1,0.514035,0.098597,1
20230614T114327,20230619T102732,4.9473,32,A1,0.896423,0.104283,1
20230614T114327,20230619T102732,4.9473,33,A2,-0.205675,0.265577,0
20230614T114327,20230619T102732,4.9473,34,A2,0.005433,0.218899,0
20230614T114327,20230619T102732,4.9473,37,A2,-0.259590,0.252948,0
20230614T114327,20230619T102732,4.9473,38,A2,-0.152339,1.184731,0
20230614T114327,20230619T102732,4.9473,39,A2,0.007877,1.551916,0
20230614T114327,20230619T102732,4.9473,40,A2,-0.159350,0.135498,1
20230614T114327,20230619T102732,4.9473,41,A2,0.561678,0.154427,1
20230614T114327,20230619T102732,4.9473,42,A2,0.002087,1.263992,0
20230614T114327,20230619T102732,4.9473,43,A2,0.534705,0.073729,1
20230614T114327,20230619T102732,4.9473,44,A2,0.489992,2.000000,0
20230614T114327,20230619T102732,4.9473,45,A2,0.277349,0.028541,1
20230614T114327,20230619T102732,4.9473,46,A2,0.232872,0.426515,1
20230614T114327,20230619T102732,4.9473,47,A2,0.638203,1.367960,0
20230614T114327,20230619T102732,4.9473,48,A2,0.060447,1.407902,0
20230614T114327,20230619T102732,4.9473,49,A2,0.085617,0.964103,1
20230614T114327,20230619T102732,4.9473,50,A2,0.174267,0.299282,1
20230614T114327,20230619T102732,4.9473,51,A2,0.072865,0.322917,0
20230614T114327,20230619T102732,4.9473,52,A2,0.313115,0.161178,1
20230614T114327,20230619T102732,4.9473,53,A2,-0.010775,0.628963,0
20230614T114327,20230619T102732,4.9473,55,A2,0.056844,1.253285,0
20230614T114327,20230619T102732,4.9473,57,A2,0.206723,0.008547,1
20230614T114327,20230619T102732,4.9473,58,A2,-0.196637,0.111825,0
20230614T114327,20230619T102732,4.9473,59,A2,-0.115477,0.136397,0
20230614T114327,20230619T102732,4.9473,60,A2,0.147887,0.509875,1
20230614T114327,20230619T102732,4.9473,61,A2,0.346504,0.974715,1
20230614T114327,20230619T102732,4.9473,62,A2,0.222261,2.000000,0
20230614T114327,20230619T102732,4.9473,63,A2,0.475899,0.687943,0
20230614T114327,20230619T102732,4.9473,64,A2,0.313466,0.489160,0
20230614T114327,20230619T102732,4.9473,65,A3,0.263986,0.413638,1
20230614T114327,20230619T102732,4.9473,66,A3,0.444232,0.108467,1
20230614T114327,20230619T102732,4.9473,67,A3,0.338052,0.206431,1
20230614T114327,20230619T102732,4.9473,68,A3,0.728730,0.017835,1
20230614T114327,20230619T102732,4.9473,69,A3,0.307586,1.013940,0
20230614T114327,20230619T102732,4.9473,70,A3,0.205279,0.668303,1
20230614T114327,20230619T102732,4.9473,71,A3,0.746905,0.149864,1
20230614T114327,20230619T102732,4.9473,72,A3,0.019771,0.208593,1
20230614T114327,20230619T102732,4.9473,73,A3,0.086030,0.119411,0
20230614T114327,20230619T102732,4.9473,74,A3,-0.267435,0.000000,1
20230614T114327,20230619T102732,4.9473,75,A3,0.009137,0.267945,1
20230614T114327,20230619T102732,4.9473,76,A3,0.681220,0.162377,1
20230614T114327,20230619T102732,4.9473,77,A3,0.118722,0.637960,0
20230614T114327,20230619T102732,4.9473,78,A3,0.229433,0.211564,1
20230614T114327,20230619T102732,4.9473,79,A3,0.097776,1.018910,0
20230614T114327,20230619T102732,4.9473,80,A3,0.316550,0.588003,1
20230614T114327,20230619T102732,4.9473,81,A3,0.460088,0.166535,1
20230614T114327,20230619T102732,4.9473,82,A3,0.651220,0.106748,1
20230614T114327,20230619T102732,4.9473,83,A3,0.240626,1.068550,0
20230614T114327,20230619T102732,4.9473,84,A3,0.092926,0.791280,0
20230614T114327,20230619T102732,4.9473,85,A3,0.738988,0.013220,1
20230614T114327,20230619T102732,4.9473,86,A3,0.134843,0.134802,1
20230614T114327,20230619T102732,4.9473,87,A3,0.598862,0.281707,1
20230614T114327,20230619T102732,4.9473,88,A3,-0.362959,0.085497,1
20230614T114327,20230619T102732,4.9473,89,A3,-0.150364,1.025110,0
20230614T114327,20230619T102732,4.9473,90,A3,-0.078674,0.097920,0
20230614T114327,20230619T102732,4.9473,93,A3,0.273516,0.355988,1
20230614T114327,20230619T102732,4.9473,94,A3,0.332349,0.331040,1
20230614T114327,20230619T102732,4.9473,95,A3,0.817395,0.738072,1
20230614T114327,20230619T102732,4.9473,97,A4,0.102374,0.984556,1
20230614T114327,20230619T102732,4.9473,98,A4,-0.111687,0.510593,0
20230614T114327,20230619T102732,4.9473,99,A4,0.140560,0.090639,0
20230614T114327,20230619T102732,4.9473,100,A4,0.051794,0.845335,1
20230614T114327,20230619T102732,4.9473,101,A4,-0.127406,0.225632,0
20230614T114327,20230619T102732,4.9473,103,A4,0.141954,0.633489,1
20230614T114327,20230619T102732,4.9473,104,A4,-0.326021,0.246902,1
20230614T114327,20230619T102732,4.9473,105,A4,0.348626,0.045045,1
20230614T114327,20230619T102732,4.9473,106,A4,0.186131,0.962795,0
20230614T114327,20230619T102732,4.9473,107,A4,-0.149012,0.158643,1
20230614T114327,20230619T102732,4.9473,108,A4,0.318677,0.300463,1
20230614T114327,20230619T102732,4.9473,109,A4,-0.269070,0.134674,1
20230614T114327,20230619T102732,4.9473,110,A4,0.085608,0.076809,1
20230614T114327,20230619T102732,4.9473,111,A4,0.009683,0.199568,1
20230614T114327,20230619T102732,4.9473,112,A4,0.168494,0.048922,1
20230614T114327,20230619T102732,4.9473,113,A4,-0.228353,0.194889,1
20230614T114327,20230619T102732,4.9473,114,A4,-0.058293,0.406204,0
20230614T114327,20230619T102732,4.9473,116,A4,-0.131497,0.728686,1
20230614T114327,20230619T102732,4.9473,118,A4,0.282140,0.074135,1
20230614T114327,20230619T102732,4.9473,119,A4,0.209188,0.318047,0
20230614T114327,20230619T102732,4.9473,121,A4,0.734777,0.074367,1
20230614T114327,20230619T102732,4.9473,122,A4,0.742680,0.494082,1
20230614T114327,20230619T102732,4.9473,123,A4,-0.016470,1.514787,0
20230614T114327,20230619T102732,4.9473,124,A4,0.255403,0.240953,1
20230614T114327,20230619T102732,4.9473,125,A4,0.072028,0.245961,0
20230614T114327,20230619T102732,4.9473,126,A4,0.095359,0.533476,1
20230614T114327,20230619T102732,4.9473,127,A4,0.454834,1.158496,0
20230614T114327,20230619T102732,4.9473,129,A5,-0.178493,0.878833,1
20230614T114327,20230619T102732,4.9473,130,A5,0.210067,0.334763,0
20230614T114327,20230619T102732,4.9473,132,A5,-0.137504,1.010785,0
20230614T114327,20230619T102732,4.9473,133,A5,0.267240,0.884283,1
20230614T114327,20230619T102732,4.9473,134,A5,0.008625,0.408193,1
20230614T114327,20230619T102732,4.9473,135,A5,-0.149162,0.340849,1
20230614T114327,20230619T102732,4.9473,136,A5,0.089523,0.233793,1
20230614T114327,20230619T102732,4.9473,137,A5,0.120224,0.239172,1
20230614T114327,20230619T102732,4.9473,138,A5,0.520658,0.199628,1
20230614T114327,20230619T102732,4.9473,139,A5,0.851984,0.128050,1
20230614T114327,20230619T102732,4.9473,140,A5,0.640921,0.581913,0
20230614T114327,20230619T102732,4.9473,141,A5,0.405683,0.540178,0
20230614T114327,20230619T102732,4.9473,142,A5,0.377582,0.283464,1
20230614T114327,20230619T102732,4.9473,143,A5,-0.063101,0.562343,0
20230614T114327,20230619T102732,4.9473,144,A5,0.054699,0.604356,1
20230614T114327,20230619T102732,4.9473,145,A5,0.031730,0.044907,1
20230614T114327,20230619T102732,4.9473,146,A5,0.578875,0.699648,1
20230614T114327,20230619T102732,4.9473,147,A5,0.408309,0.645828,0
20230614T114327,20230619T102732,4.9473,149,A5,0.327120,0.147290,1
20230614T114327,20230619T102732,4.9473,150,A5,0.212641,0.784807,1
20230614T114327,20230619T102732,4.9473,151,A5,0.089195,0.904418,1
20230614T114327,20230619T102732,4.9473,152,A5,0.259497,0.487021,1
20230614T114327,20230619T102732,4.9473,153,A5,0.114575,0.093124,1
20230614T114327,20230619T102732,4.9473,154,A5,-0.068177,0.095215,0
20230614T114327,20230619T102732,4.9473,155,A5,-0.249187,0.625942,0
20230614T114327,20230619T102732,4.9473,156,A5,-0.124911,0.879238,1
20230614T114327,20230619T102732,4.9473,157,A5,-0.042579,0.240884,1
20230614T114327,20230619T102732,4.9473,158,A5,-0.205572,0.000000,1
20230614T114327,20230619T102732,4.9473,159,A5,0.086846,0.185509,1
20230614T114327,20230619T102732,4.9473,160,A5,-0.248127,0.205535,0
20230614T114327,20230620T101238,5.9369,1,A1,-0.022983,0.212506,0
20230614T114327,20230620T101238,5.9369,2,A1,-0.004321,0.426533,0
20230614T114327,20230620T101238,5.9369,3,A1,0.015434,0.061977,0
20230614T114327,20230620T101238,5.9369,4,A1,-0.048779,0.758828,0
20230614T114327,20230620T101238,5.9369,6,A1,-0.092273,0.442921,0
20230614T114327,20230620T101238,5.9369,8,A1,0.042318,0.467194,0
20230614T114327,20230620T101238,5.9369,9,A1,0.222696,0.133884,1
20230614T114327,20230620T101238,5.9369,10,A1,-0.174918,0.072106,1
20230614T114327,20230620T101238,5.9369,11,A1,0.058141,0.331998,1
20230614T114327,20230620T101238,5.9369,12,A1,0.122957,0.055222,1
20230614T114327,20230620T101238,5.9369,13,A1,0.484356,0.156622,1
20230614T114327,20230620T101238,5.9369,14,A1,0.422702,0.411605,1
20230614T114327,20230620T101238,5.9369,15,A1,0.241437,0.104617,1
20230614T114327,20230620T101238,5.9369,17,A1,0.123444,0.057613,1
20230614T114327,20230620T101238,5.9369,18,A1,0.354538,0.247164,1
20230614T114327,20230620T101238,5.9369,19,A1,0.303651,0.061756,1
20230614T114327,20230620T101238,5.9369,20,A1,0.398108,0.412998,0
20230614T114327,20230620T101238,5.9369,21,A1,0.459955,0.380589,1
20230614T114327,20230620T101238,5.9369,22,A1,0.859782,0.164853,1
20230614T114327,20230620T101238,5.9369,23,A1,0.547823,0.359024,0
20230614T114327,20230620T101238,5.9369,26,A1,0.128175,0.764727,1
20230614T114327,20230620T101238,5.9369,27,A1,0.302105,0.065206,1
20230614T114327,20230620T101238,5.9369,28,A1,-0.244576,0.104312,1
20230614T114327,20230620T101238,5.9369,29,A1,0.059627,0.308801,1
20230614T114327,20230620T101238,5.9369,30,A1,0.837488,0.196026,1
20230614T114327,20230620T101238,5.9369,31,A1,0.122937,0.041888,1
20230614T114327,20230620T101238,5.9369,32,A1,0.896953,0.059616,1
20230614T114327,20230620T101238,5.9369,34,A2,0.025207,0.798796,1
20230614T114327,20230620T101238,5.9369,36,A2,0.004230,0.025666,1
20230614T114327,20230620T101238,5.9369,37,A2,0.022077,1.078482,0
20230614T114327,20230620T101238,5.9369,39,A2,-0.145516,1.674433,0
20230614T114327,20230620T101238,5.9369,40,A2,0.062468,0.819237,0
20230614T114327,20230620T101238,5.9369,41,A2,0.561787,0.142796,1
20230614T114327,20230620T101238,5.9369,42,A2,-0.142199,0.740932,1
20230614T114327,20230620T101238,5.9369,43,A2,0.785272,0.397829,1
20230614T114327,20230620T101238,5.9369,44,A2,0.450019,0.000000,1
20230614T114327,20230620T101238,5.9369,45,A2,0.371902,0.101606,1
20230614T114327,20230620T101238,5.9369,46,A2,0.161200,0.567461,1
20230614T114327,20230620T101238,5.9369,47,A2,0.310908,0.241267,1
20230614T114327,20230620T101238,5.9369,48,A2,-0.019695,2.000000,0
20230614T114327,20230620T101238,5.9369,49,A2,-0.000095,0.008255,1
20230614T114327,20230620T101238,5.9369,50,A2,0.056915,0.633168,1
20230614T114327,20230620T101238,5.9369,51,A2,-0.144694,0.206212,0
20230614T114327,20230620T101238,5.9369,52,A2,0.246983,0.000000,1
20230614T114327,20230620T101238,5.9369,53,A2,-0.132919,0.605724,0
20230614T114327,20230620T101238,5.9369,54,A2,0.106700,0.439739,1
20230614T114327,20230620T101238,5.9369,55,A2,-0.004053,0.707852,0
20230614T114327,20230620T101238,5.9369,57,A2,0.048004,0.033028,1
20230614T114327,20230620T101238,5.9369,58,A2,0.027240,0.350398,1
20230614T114327,20230620T101238,5.9369,59,A2,0.346055,0.301777,1
20230614T114327,20230620T101238,5.9369,60,A2,0.575022,0.403846,1
20230614T114327,20230620T101238,5.9369,61,A2,0.248045,0.810130,1
20230614T114327,20230620T101238,5.9369,62,A2,0.463226,0.699288,1
20230614T114327,20230620T101238,5.9369,63,A2,0.803961,0.446895,1
20230614T114327,20230620T101238,5.9369,64,A2,0.132473,0.920811,1
20230614T114327,20230620T101238,5.9369,65,A3,0.409085,0.111777,1
20230614T114327,20230620T101238,5.9369,66,A3,0.366150,0.314076,1
20230614T114327,20230620T101238,5.9369,67,A3,0.248071,0.205583,1
20230614T114327,20230620T101238,5.9369,69,A3,0.854298,0.687665,1
20230614T114327,20230620T101238,5.9369,70,A3,0.327359,0.163873,1
20230614T114327,20230620T101238,5.9369,71,A3,0.813517,0.165651,1
20230614T114327,20230620T101238,5.9369,72,A3,0.032925,0.296738,0
20230614T114327,20230620T101238,5.9369,73,A3,0.276860,0.135771,0
20230614T114327,20230620T101238,5.9369,74,A3,0.058081,1.165809,0
20230614T114327,20230620T101238,5.9369,75,A3,0.346840,0.473912,1
20230614T114327,20230620T101238,5.9369,76,A3,0.847527,1.090434,0
20230614T114327,20230620T101238,5.9369,77,A3,0.060402,0.127453,1
20230614T114327,20230620T101238,5.9369,78,A3,0.456372,0.480293,0
20230614T114327,20230620T101238,5.9369,79,A3,-0.068756,0.787773,1
20230614T114327,20230620T101238,5.9369,80,A3,0.427967,0.304360,1
20230614T114327,20230620T101238,5.9369,81,A3,0.465828,0.109503,1
20230614T114327,20230620T101238,5.9369,82,A3,0.848361,0.069949,1
20230614T114327,20230620T101238,5.9369,83,A3,-0.025758,0.080471,0
20230614T114327,20230620T101238,5.9369,84,A3,0.249241,0.871736,0
20230614T114327,20230620T101238,5.9369,85,A3,0.880196,0.466927,1
20230614T114327,20230620T101238,5.9369,86,A3,0.454010,0.742093,0
20230614T114327,20230620T101238,5.9369,87,A3,0.463289,0.099248,1
20230614T114327,20230620T101238,5.9369,88,A3,0.207271,0.695844,1
20230614T114327,20230620T101238,5.9369,89,A3,0.291678,0.516380,1
20230614T114327,20230620T101238,5.9369,90,A3,0.126579,0.220133,1
20230614T114327,20230620T101238,5.9369,91,A3,0.116576,0.036306,1
20230614T114327,20230620T101238,5.9369,93,A3,0.735761,0.927092,1
20230614T114327,20230620T101238,5.9369,94,A3,0.221303,0.042485,1
20230614T114327,20230620T101238,5.9369,95,A3,0.768500,1.039061,0
20230614T114327,20230620T101238,5.9369,97,A4,-0.001176,0.826289,1
20230614T114327,20230620T101238,5.9369,98,A4,0.172954,0.548457,0
20230614T114327,20230620T101238,5.9369,99,A4,0.163304,0.010063,1
20230614T114327,20230620T101238,5.9369,100,A4,0.170656,0.288266,0
20230614T114327,20230620T101238,5.9369,101,A4,-0.049229,0.972487,1
20230614T114327,20230620T101238,5.9369,103,A4,0.107063,0.684168,0
20230614T114327,20230620T101238,5.9369,104,A4,-0.074539,0.747728,0
20230614T114327,20230620T101238,5.9369,105,A4,0.472174,0.731751,1
20230614T114327,20230620T101238,5.9369,106,A4,-0.050675,0.110358,1
20230614T114327,20230620T101238,5.9369,107,A4,0.184150,0.411502,0
20230614T114327,20230620T101238,5.9369,108,A4,0.091184,0.300920,0
20230614T114327,20230620T101238,5.9369,109,A4,0.093468,0.459758,0
20230614T114327,20230620T101238,5.9369,110,A4,-0.118612,0.191964,1
20230614T114327,20230620T101238,5.9369,111,A4,-0.020805,0.811933,0
20230614T114327,20230620T101238,5.9369,112,A4,0.046975,0.145503,0
20230614T114327,20230620T101238,5.9369,113,A4,-0.082439,0.335540,1
20230614T114327,20230620T101238,5.9369,114,A4,-0.310811,0.011457,1
20230614T114327,20230620T101238,5.9369,116,A4,-0.060067,1.271314,0
20230614T114327,20230620T101238,5.9369,118,A4,-0.279102,0.383847,0
20230614T114327,20230620T101238,5.9369,119,A4,-0.012683,0.292341,0
20230614T114327,20230620T101238,5.9369,120,A4,0.020107,0.012060,1
20230614T114327,20230620T101238,5.9369,121,A4,0.872354,0.086969,1
20230614T114327,20230620T101238,5.9369,122,A4,0.892222,0.437279,1
20230614T114327,20230620T101238,5.9369,123,A4,-0.322307,0.102631,1
20230614T114327,20230620T101238,5.9369,124,A4,-0.163320,0.033063,1
20230614T114327,20230620T101238,5.9369,125,A4,-0.177466,0.127658,0
20230614T114327,20230620T101238,5.9369,126,A4,0.226791,0.478603,1
20230614T114327,20230620T101238,5.9369,127,A4,0.095324,0.677050,0
20230614T114327,20230620T101238,5.9369,128,A4,0.274299,0.164554,1
20230614T114327,20230620T101238,5.9369,129,A5,-0.101048,2.000000,0
20230614T114327,20230620T101238,5.9369,130,A5,0.338772,1.163478,0
20230614T114327,20230620T101238,5.9369,132,A5,0.007266,1.119935,0
20230614T114327,20230620T101238,5.9369,133,A5,0.250584,0.419324,1
20230614T114327,20230620T101238,5.9369,134,A5,0.487227,0.477130,0
20230614T114327,20230620T101238,5.9369,135,A5,0.029106,0.272503,1
20230614T114327,20230620T101238,5.9369,136,A5,0.546273,1.485619,0
20230614T114327,20230620T101238,5.9369,137,A5,0.441437,0.241809,1
20230614T114327,20230620T101238,5.9369,138,A5,0.502821,0.000806,1
20230614T114327,20230620T101238,5.9369,139,A5,0.793566,0.136456,1
20230614T114327,20230620T101238,5.9369,140,A5,0.705034,0.388150,1
20230614T114327,20230620T101238,5.9369,141,A5,0.506638,0.358490,0
20230614T114327,20230620T101238,5.9369,142,A5,-0.031009,0.372084,0
20230614T114327,20230620T101238,5.9369,143,A5,0.027442,0.426068,1
20230614T114327,20230620T101238,5.9369,144,A5,-0.071679,1.093410,0
20230614T114327,20230620T101238,5.9369,145,A5,0.247409,0.041912,0
20230614T114327,20230620T101238,5.9369,146,A5,0.711071,0.651043,1
20230614T114327,20230620T101238,5.9369,147,A5,0.608396,0.663669,0
20230614T114327,20230620T101238,5.9369,149,A5,0.261642,0.239428,0
20230614T114327,20230620T101238,5.9369,150,A5,-0.085502,0.829500,0
20230614T114327,20230620T101238,5.9369,151,A5,-0.232973,0.000000,1
20230614T114327,20230620T101238,5.9369,152,A5,0.015940,0.965256,0
20230614T114327,20230620T101238,5.9369,153,A5,0.420532,0.034612,1
20230614T114327,20230620T101238,5.9369,154,A5,-0.001076,0.052141,0
20230614T114327,20230620T101238,5.9369,155,A5,0.114220,0.759950,1
20230614T114327,20230620T101238,5.9369,156,A5,0.721978,0.033710,1
20230614T114327,20230620T101238,5.9369,157,A5,-0.229248,0.697230,0
20230614T114327,20230620T101238,5.9369,158,A5,0.204689,1.352549,0
20230614T114327,20230620T101238,5.9369,159,A5,-0.132256,0.412958,0
20230614T114327,20230620T101238,5.9369,160,A5,0.266766,0.091239,0
20230614T114327,20230621T100721,6.9333,1,A1,0.120107,0.351392,0
20230614T114327,20230621T100721,6.9333,2,A1,0.358419,0.151707,1
20230614T114327,20230621T100721,6.9333,3,A1,0.234013,0.067809,0
20230614T114327,20230621T100721,6.9333,4,A1,0.033836,0.191584,1
20230614T114327,20230621T100721,6.9333,6,A1,0.326962,0.283429,1
20230614T114327,20230621T100721,6.9333,8,A1,-0.120332,0.143934,1
20230614T114327,20230621T100721,6.9333,9,A1,0.357643,0.737472,1
20230614T114327,20230621T100721,6.9333,10,A1,0.027175,0.943722,1
20230614T114327,20230621T100721,6.9333,11,A1,0.560013,0.099116,1
20230614T114327,20230621T100721,6.9333,12,A1,-0.033043,0.066149,1
20230614T114327,20230621T100721,6.9333,13,A1,0.647947,0.088409,1
20230614T114327,20230621T100721,6.9333,14,A1,0.523298,0.524295,1
20230614T114327,20230621T100721,6.9333,15,A1,0.577596,0.477217,1
20230614T114327,20230621T100721,6.9333,17,A1,0.335196,0.213031,1
20230614T114327,20230621T100721,6.9333,18,A1,0.635819,0.702259,1
20230614T114327,20230621T100721,6.9333,19,A1,0.628510,0.029521,1
20230614T114327,20230621T100721,6.9333,20,A1,-0.014548,0.408306,0
20230614T114327,20230621T100721,6.9333,21,A1,0.385445,0.386043,1
20230614T114327,20230621T100721,6.9333,22,A1,0.860290,0.408801,1
20230614T114327,20230621T100721,6.9333,23,A1,0.409507,0.027315,1
20230614T114327,20230621T100721,6.9333,26,A1,0.225776,0.052485,1
20230614T114327,20230621T100721,6.9333,27,A1,-0.214348,0.208953,0
20230614T114327,20230621T100721,6.9333,28,A1,-0.010858,0.006038,1
20230614T114327,20230621T100721,6.9333,29,A1,0.689224,0.383486,1
20230614T114327,20230621T100721,6.9333,30,A1,0.820546,0.000000,1
20230614T114327,20230621T100721,6.9333,31,A1,0.471252,0.189971,1
20230614T114327,20230621T100721,6.9333,32,A1,0.846431,0.048360,1
20230614T114327,20230621T100721,6.9333,33,A2,-0.021120,0.269632,0
20230614T114327,20230621T100721,6.9333,34,A2,0.205655,0.344372,1
20230614T114327,20230621T100721,6.9333,36,A2,0.082841,0.945208,0
20230614T114327,20230621T100721,6.9333,37,A2,0.021394,0.144411,1
20230614T114327,20230621T100721,6.9333,39,A2,0.262813,0.289145,1
20230614T114327,20230621T100721,6.9333,40,A2,0.098098,0.274753,0
20230614T114327,20230621T100721,6.9333,41,A2,0.760103,0.230361,1
20230614T114327,20230621T100721,6.9333,42,A2,0.233431,0.935157,1
20230614T114327,20230621T100721,6.9333,43,A2,0.746860,0.070120,1
20230614T114327,20230621T100721,6.9333,44,A2,0.745851,0.249684,1
20230614T114327,20230621T100721,6.9333,45,A2,0.342752,0.109063,1
20230614T114327,20230621T100721,6.9333,46,A2,-0.380559,1.081315,0
20230614T114327,20230621T100721,6.9333,47,A2,0.561685,0.737969,0
20230614T114327,20230621T100721,6.9333,48,A2,-0.053061,0.797169,1
20230614T114327,20230621T100721,6.9333,49,A2,0.016824,0.743303,1
20230614T114327,20230621T100721,6.9333,50,A2,-0.158476,0.299282,1
20230614T114327,20230621T100721,6.9333,51,A2,0.030614,0.834687,0
20230614T114327,20230621T100721,6.9333,52,A2,0.643174,0.232385,1
20230614T114327,20230621T100721,6.9333,53,A2,0.062788,0.646559,0
20230614T114327,20230621T100721,6.9333,54,A2,-0.033475,0.117171,1
20230614T114327,20230621T100721,6.9333,55,A2,0.326547,0.120273,1
20230614T114327,20230621T100721,6.9333,57,A2,-0.063747,0.136015,1
20230614T114327,20230621T100721,6.9333,58,A2,-0.123209,0.058465,1
20230614T114327,20230621T100721,6.9333,59,A2,0.486327,0.265647,1
20230614T114327,20230621T100721,6.9333,60,A2,0.308789,0.488260,1
20230614T114327,20230621T100721,6.9333,62,A2,0.518150,0.780522,1
20230614T114327,20230621T100721,6.9333,63,A2,0.488954,0.300328,1
20230614T114327,20230621T100721,6.9333,64,A2,0.362583,0.161297,0
20230614T114327,20230621T100721,6.9333,65,A3,0.486319,0.163804,1
20230614T114327,20230621T100721,6.9333,66,A3,0.169766,0.178263,1
20230614T114327,20230621T100721,6.9333,67,A3,0.431894,0.712624,1
20230614T114327,20230621T100721,6.9333,69,A3,0.812908,0.135772,1
20230614T114327,20230621T100721,6.9333,70,A3,0.749191,0.429493,1
20230614T114327,20230621T100721,6.9333,71,A3,0.829148,0.554048,1
20230614T114327,20230621T100721,6.9333,72,A3,-0.088628,0.199153,0
20230614T114327,20230621T100721,6.9333,73,A3,0.159364,0.057009,1
20230614T114327,20230621T100721,6.9333,74,A3,-0.001814,0.900878,1
20230614T114327,20230621T100721,6.9333,75,A3,-0.109332,0.258726,1
20230614T114327,20230621T100721,6.9333,76,A3,0.538929,0.810549,1
20230614T114327,20230621T100721,6.9333,77,A3,0.000526,0.676214,1
20230614T114327,20230621T100721,6.9333,78,A3,0.236819,0.259217,0
20230614T114327,20230621T100721,6.9333,79,A3,0.309602,0.822128,0
20230614T114327,20230621T100721,6.9333,80,A3,0.491751,0.318716,1
20230614T114327,20230621T100721,6.9333,81,A3,0.450705,0.163902,1
20230614T114327,20230621T100721,6.9333,82,A3,0.766357,0.340253,1
20230614T114327,20230621T100721,6.9333,83,A3,-0.094164,0.257907,0
20230614T114327,20230621T100721,6.9333,84,A3,0.010254,0.207326,1
20230614T114327,20230621T100721,6.9333,85,A3,0.864907,0.152067,1
20230614T114327,20230621T100721,6.9333,86,A3,0.323014,0.436937,1
20230614T114327,20230621T100721,6.9333,87,A3,0.524941,0.281209,1
20230614T114327,20230621T100721,6.9333,88,A3,-0.428148,0.020607,1
20230614T114327,20230621T100721,6.9333,89,A3,0.186544,0.113948,1
20230614T114327,20230621T100721,6.9333,90,A3,0.262422,0.148377,0
20230614T114327,20230621T100721,6.9333,91,A3,0.307278,0.112613,1
20230614T114327,20230621T100721,6.9333,93,A3,0.275268,0.793502,1
20230614T114327,20230621T100721,6.9333,94,A3,-0.634717,0.847488,1
20230614T114327,20230621T100721,6.9333,95,A3,0.816606,1.050780,0
20230614T114327,20230621T100721,6.9333,97,A4,-0.159900,0.910186,1
20230614T114327,20230621T100721,6.9333,98,A4,-0.102947,0.963601,0
20230614T114327,20230621T100721,6.9333,99,A4,-0.175211,0.122155,0
20230614T114327,20230621T100721,6.9333,100,A4,-0.093043,0.098597,1
20230614T114327,20230621T100721,6.9333,101,A4,-0.157698,0.199694,0
20230614T114327,20230621T100721,6.9333,103,A4,0.299867,0.324494,1
20230614T114327,20230621T100721,6.9333,104,A4,-0.184381,0.408778,1
20230614T114327,20230621T100721,6.9333,105,A4,0.285211,0.089956,0
20230614T114327,20230621T100721,6.9333,106,A4,0.145758,0.009959,1
20230614T114327,20230621T100721,6.9333,107,A4,-0.180697,0.605856,1
20230614T114327,20230621T100721,6.9333,108,A4,-0.149627,0.539483,0
20230614T114327,20230621T100721,6.9333,109,A4,0.020171,0.808026,1
20230614T114327,20230621T100721,6.9333,110,A4,0.079342,0.020330,1
20230614T114327,20230621T100721,6.9333,111,A4,-0.155686,0.271568,0
20230614T114327,20230621T100721,6.9333,112,A4,-0.177728,1.046735,0
20230614T114327,20230621T100721,6.9333,113,A4,-0.207041,0.447680,0
20230614T114327,20230621T100721,6.9333,114,A4,-0.150730,0.174879,0
20230614T114327,20230621T100721,6.9333,118,A4,-0.144658,0.087949,0
20230614T114327,20230621T100721,6.9333,119,A4,0.033153,0.055844,0
20230614T114327,20230621T100721,6.9333,120,A4,-0.182284,0.780004,1
20230614T114327,20230621T100721,6.9333,121,A4,0.595405,0.336900,1
20230614T114327,20230621T100721,6.9333,122,A4,0.802054,0.560944,1
20230614T114327,20230621T100721,6.9333,123,A4,-0.056988,0.296210,1
20230614T114327,20230621T100721,6.9333,124,A4,0.076054,0.228801,0
20230614T114327,20230621T100721,6.9333,125,A4,0.009826,0.879168,1
20230614T114327,20230621T100721,6.9333,126,A4,0.175634,0.647613,0
20230614T114327,20230621T100721,6.9333,128,A4,-0.044258,0.824377,1
20230614T114327,20230621T100721,6.9333,129,A5,0.043815,1.158597,0
20230614T114327,20230621T100721,6.9333,130,A5,0.368712,0.276765,0
20230614T114327,20230621T100721,6.9333,132,A5,-0.201577,1.008096,0
20230614T114327,20230621T100721,6.9333,133,A5,0.217502,0.078101,1
20230614T114327,20230621T100721,6.9333,134,A5,0.354619,0.619989,0
20230614T114327,20230621T100721,6.9333,135,A5,-0.179886,0.084244,1
20230614T114327,20230621T100721,6.9333,136,A5,-0.060650,1.421225,0
20230614T114327,20230621T100721,6.9333,137,A5,0.513695,0.201267,1
20230614T114327,20230621T100721,6.9333,138,A5,0.594103,0.204867,1
20230614T114327,20230621T100721,6.9333,139,A5,0.800502,0.128050,1
20230614T114327,20230621T100721,6.9333,140,A5,0.794787,0.181808,1
20230614T114327,20230621T100721,6.9333,141,A5,0.137011,1.084004,0
20230614T114327,20230621T100721,6.9333,142,A5,0.570921,0.944406,1
20230614T114327,20230621T100721,6.9333,143,A5,0.331589,0.145873,1
20230614T114327,20230621T100721,6.9333,144,A5,0.354986,0.674508,0
20230614T114327,20230621T100721,6.9333,145,A5,-0.186205,0.030341,1
20230614T114327,20230621T100721,6.9333,146,A5,0.785960,0.719614,1
20230614T114327,20230621T100721,6.9333,147,A5,0.623470,1.012478,0
20230614T114327,20230621T100721,6.9333,149,A5,0.504026,0.043495,0
20230614T114327,20230621T100721,6.9333,150,A5,-0.000250,0.768624,1
20230614T114327,20230621T100721,6.9333,151,A5,-0.011514,1.168103,0
20230614T114327,20230621T100721,6.9333,152,A5,-0.054208,0.507901,1
20230614T114327,20230621T100721,6.9333,153,A5,0.414015,0.243278,1
20230614T114327,20230621T100721,6.9333,154,A5,0.006408,0.027142,1
20230614T114327,20230621T100721,6.9333,155,A5,-0.055831,0.155236,1
20230614T114327,20230621T100721,6.9333,157,A5,0.075804,0.288426,1
20230614T114327,20230621T100721,6.9333,158,A5,-0.026752,1.051743,0
20230614T114327,20230621T100721,6.9333,159,A5,0.096898,0.317327,0
20230614T114327,20230621T100721,6.9333,160,A5,-0.048328,0.932527,1
20230614T114327,20230622T111856,7.9830,1,A1,0.172136,0.288598,0
20230614T114327,20230622T111856,7.9830,2,A1,0.274675,0.298705,0
20230614T114327,20230622T111856,7.9830,3,A1,0.251861,0.048576,1
20230614T114327,20230622T111856,7.9830,4,A1,0.136096,0.046866,1
20230614T114327,20230622T111856,7.9830,6,A1,-0.186285,0.173741,1
20230614T114327,20230622T111856,7.9830,8,A1,0.222536,0.501518,1
20230614T114327,20230622T111856,7.9830,9,A1,0.376169,0.608278,1
20230614T114327,20230622T111856,7.9830,10,A1,0.144601,0.161983,0
20230614T114327,20230622T111856,7.9830,11,A1,-0.065135,0.282267,1
20230614T114327,20230622T111856,7.9830,12,A1,-0.012823,0.476141,1
20230614T114327,20230622T111856,7.9830,13,A1,0.469100,0.027462,1
20230614T114327,20230622T111856,7.9830,14,A1,0.246616,0.163923,1
20230614T114327,20230622T111856,7.9830,15,A1,0.078788,0.635118,1
20230614T114327,20230622T111856,7.9830,17,A1,0.155764,0.369976,1
20230614T114327,20230622T111856,7.9830,18,A1,0.442154,0.254393,1
20230614T114327,20230622T111856,7.9830,19,A1,0.239596,0.343599,0
20230614T114327,20230622T111856,7.9830,20,A1,0.182833,0.318159,1
20230614T114327,20230622T111856,7.9830,21,A1,0.009379,0.448355,1
20230614T114327,20230622T111856,7.9830,22,A1,0.859875,0.399766,1
20230614T114327,20230622T111856,7.9830,23,A1,0.398413,0.153435,0
20230614T114327,20230622T111856,7.9830,26,A1,0.689391,0.042673,1
20230614T114327,20230622T111856,7.9830,27,A1,0.064063,0.205361,1
20230614T114327,20230622T111856,7.9830,28,A1,0.577112,0.919160,1
20230614T114327,20230622T111856,7.9830,29,A1,0.782388,0.047380,1
20230614T114327,20230622T111856,7.9830,30,A1,0.764652,0.000000,1
20230614T114327,20230622T111856,7.9830,31,A1,0.415810,0.772782,1
20230614T114327,20230622T111856,7.9830,32,A1,0.772697,0.477137,1
20230614T114327,20230622T111856,7.9830,33,A2,0.035370,0.187728,0
20230614T114327,20230622T111856,7.9830,34,A2,0.139692,0.010462,1
20230614T114327,20230622T111856,7.9830,36,A2,-0.191252,0.282098,1
20230614T114327,20230622T111856,7.9830,37,A2,-0.152102,0.202991,0
20230614T114327,20230622T111856,7.9830,39,A2,0.131249,1.044330,0
20230614T114327,20230622T111856,7.9830,40,A2,-0.193021,0.073399,0
20230614T114327,20230622T111856,7.9830,41,A2,0.786884,0.239395,1
20230614T114327,20230622T111856,7.9830,42,A2,0.097423,1.609735,0
20230614T114327,20230622T111856,7.9830,43,A2,0.684010,0.169732,1
20230614T114327,20230622T111856,7.9830,44,A2,0.537256,0.484943,1
20230614T114327,20230622T111856,7.9830,45,A2,0.176461,0.092226,1
20230614T114327,20230622T111856,7.9830,46,A2,0.098749,0.355482,1
20230614T114327,20230622T111856,7.9830,47,A2,0.553472,1.367960,0
20230614T114327,20230622T111856,7.9830,48,A2,-0.077398,0.995698,1
20230614T114327,20230622T111856,7.9830,49,A2,-0.166610,0.478219,0
20230614T114327,20230622T111856,7.9830,50,A2,-0.013360,0.000977,1
20230614T114327,20230622T111856,7.9830,51,A2,-0.269534,0.087006,1
20230614T114327,20230622T111856,7.9830,52,A2,0.395257,0.000000,1
20230614T114327,20230622T111856,7.9830,53,A2,0.078304,0.084544,0
20230614T114327,20230622T111856,7.9830,54,A2,0.364899,0.199004,1
20230614T114327,20230622T111856,7.9830,55,A2,0.051697,0.079195,1
20230614T114327,20230622T111856,7.9830,57,A2,-0.005111,1.048834,0
20230614T114327,20230622T111856,7.9830,58,A2,0.145761,0.295253,0
20230614T114327,20230622T111856,7.9830,59,A2,0.197055,0.211543,0
20230614T114327,20230622T111856,7.9830,60,A2,-0.224632,0.791493,1
20230614T114327,20230622T111856,7.9830,61,A2,0.366821,0.818350,1
20230614T114327,20230622T111856,7.9830,62,A2,0.658662,0.836954,1
20230614T114327,20230622T111856,7.9830,63,A2,0.719922,0.467518,1
20230614T114327,20230622T111856,7.9830,64,A2,0.048160,0.407604,1
20230614T114327,20230622T111856,7.9830,65,A3,0.384772,0.069979,1
20230614T114327,20230622T111856,7.9830,66,A3,0.054883,0.164462,1
20230614T114327,20230622T111856,7.9830,67,A3,0.085063,0.449353,1
20230614T114327,20230622T111856,7.9830,68,A3,0.141041,0.060717,1
20230614T114327,20230622T111856,7.9830,69,A3,0.111641,0.164735,1
20230614T114327,20230622T111856,7.9830,70,A3,0.387046,0.006214,1
20230614T114327,20230622T111856,7.9830,71,A3,0.685102,0.579259,1
20230614T114327,20230622T111856,7.9830,72,A3,-0.085033,0.015700,1
20230614T114327,20230622T111856,7.9830,73,A3,0.064288,0.882220,1
20230614T114327,20230622T111856,7.9830,74,A3,0.199400,1.162317,0
20230614T114327,20230622T111856,7.9830,75,A3,-0.071026,0.473912,1
20230614T114327,20230622T111856,7.9830,76,A3,0.411988,0.162377,1
20230614T114327,20230622T111856,7.9830,77,A3,0.090579,0.235647,1
20230614T114327,20230622T111856,7.9830,78,A3,0.054950,0.016978,1
20230614T114327,20230622T111856,7.9830,79,A3,0.044677,0.467706,1
20230614T114327,20230622T111856,7.9830,80,A3,0.016826,0.261199,1
20230614T114327,20230622T111856,7.9830,81,A3,0.352515,0.163992,1
20230614T114327,20230622T111856,7.9830,82,A3,-0.229734,0.096894,1
20230614T114327,20230622T111856,7.9830,83,A3,-0.190783,0.484167,0
20230614T114327,20230622T111856,7.9830,84,A3,0.277666,0.388408,0
20230614T114327,20230622T111856,7.9830,85,A3,0.670469,0.175376,1
20230614T114327,20230622T111856,7.9830,86,A3,-0.059470,0.480372,1
20230614T114327,20230622T111856,7.9830,87,A3,0.125097,0.496188,1
20230614T114327,20230622T111856,7.9830,88,A3,0.167492,0.721650,0
20230614T114327,20230622T111856,7.9830,89,A3,0.313469,0.487410,1
20230614T114327,20230622T111856,7.9830,90,A3,-0.042643,0.055415,1
20230614T114327,20230622T111856,7.9830,91,A3,0.176692,0.782039,1
20230614T114327,20230622T111856,7.9830,93,A3,-0.204838,1.020735,0
20230614T114327,20230622T111856,7.9830,94,A3,0.156185,1.010232,0
20230614T114327,20230622T111856,7.9830,95,A3,0.628967,0.834971,1
20230614T114327,20230622T111856,7.9830,97,A4,-0.206634,1.122473,0
20230614T114327,20230622T111856,7.9830,98,A4,-0.203726,0.410193,1
20230614T114327,20230622T111856,7.9830,99,A4,0.091293,0.019834,1
20230614T114327,20230622T111856,7.9830,100,A4,-0.245126,0.591298,1
20230614T114327,20230622T111856,7.9830,101,A4,0.103369,0.335647,0
20230614T114327,20230622T111856,7.9830,103,A4,-0.116301,0.282877,1
20230614T114327,20230622T111856,7.9830,104,A4,-0.016124,0.587409,0
20230614T114327,20230622T111856,7.9830,105,A4,0.359207,0.099366,0
20230614T114327,20230622T111856,7.9830,106,A4,0.010467,1.067578,0
20230614T114327,20230622T111856,7.9830,107,A4,0.329634,0.464528,1
20230614T114327,20230622T111856,7.9830,108,A4,-0.003053,0.935780,0
20230614T114327,20230622T111856,7.9830,109,A4,0.342037,0.072127,1
20230614T114327,20230622T111856,7.9830,110,A4,0.198784,0.912245,1
20230614T114327,20230622T111856,7.9830,111,A4,-0.222475,0.179175,1
20230614T114327,20230622T111856,7.9830,112,A4,0.142724,0.279309,1
20230614T114327,20230622T111856,7.9830,113,A4,0.015078,0.378121,1
20230614T114327,20230622T111856,7.9830,114,A4,-0.070615,0.061062,1
20230614T114327,20230622T111856,7.9830,116,A4,-0.121647,0.430497,0
20230614T114327,20230622T111856,7.9830,118,A4,-0.083441,0.027310,1
20230614T114327,20230622T111856,7.9830,119,A4,0.083399,0.233725,0
20230614T114327,20230622T111856,7.9830,120,A4,0.275947,0.019351,1
20230614T114327,20230622T111856,7.9830,121,A4,0.444359,0.282713,1
20230614T114327,20230622T111856,7.9830,122,A4,0.722851,0.415621,1
20230614T114327,20230622T111856,7.9830,123,A4,-0.021813,0.394713,1
20230614T114327,20230622T111856,7.9830,124,A4,-0.151375,0.048883,1
20230614T114327,20230622T111856,7.9830,125,A4,0.249362,0.161427,0
20230614T114327,20230622T111856,7.9830,126,A4,0.365984,0.408129,1
20230614T114327,20230622T111856,7.9830,127,A4,0.100949,0.130762,1
20230614T114327,20230622T111856,7.9830,128,A4,-0.190057,0.602460,1
20230614T114327,20230622T111856,7.9830,130,A5,0.035478,0.836522,1
20230614T114327,20230622T111856,7.9830,131,A5,0.284470,0.137855,0
20230614T114327,20230622T111856,7.9830,132,A5,0.256956,0.853972,1
20230614T114327,20230622T111856,7.9830,133,A5,-0.038180,0.073889,1
20230614T114327,20230622T111856,7.9830,134,A5,0.263766,0.929244,0
20230614T114327,20230622T111856,7.9830,135,A5,0.289012,0.562828,1
20230614T114327,20230622T111856,7.9830,136,A5,0.272138,1.485619,0
20230614T114327,20230622T111856,7.9830,137,A5,0.627325,0.371314,1
20230614T114327,20230622T111856,7.9830,138,A5,0.557061,0.649268,1
20230614T114327,20230622T111856,7.9830,139,A5,0.829751,0.272546,1
20230614T114327,20230622T111856,7.9830,140,A5,0.705374,0.023390,1
20230614T114327,20230622T111856,7.9830,141,A5,0.227704,0.894100,1
20230614T114327,20230622T111856,7.9830,142,A5,-0.198923,0.944406,1
20230614T114327,20230622T111856,7.9830,143,A5,0.384286,0.977427,1
20230614T114327,20230622T111856,7.9830,144,A5,-0.118495,0.132811,0
20230614T114327,20230622T111856,7.9830,145,A5,0.134522,0.084885,0
20230614T114327,20230622T111856,7.9830,146,A5,0.618968,0.000000,1
20230614T114327,20230622T111856,7.9830,147,A5,0.558396,0.315503,1
20230614T114327,20230622T111856,7.9830,149,A5,0.476247,0.942417,0
20230614T114327,20230622T111856,7.9830,150,A5,-0.048357,0.966362,0
20230614T114327,20230622T111856,7.9830,151,A5,0.278997,1.129933,0
20230614T114327,20230622T111856,7.9830,152,A5,-0.216351,0.522498,0
20230614T114327,20230622T111856,7.9830,153,A5,0.353185,0.193842,1
20230614T114327,20230622T111856,7.9830,154,A5,0.099844,0.869801,0
20230614T114327,20230622T111856,7.9830,155,A5,0.022198,0.435293,1
20230614T114327,20230622T111856,7.9830,156,A5,0.868916,0.166244,1
20230614T114327,20230622T111856,7.9830,157,A5,-0.058732,0.961484,0
20230614T114327,20230622T111856,7.9830,158,A5,-0.163337,0.711708,1
20230614T114327,20230622T111856,7.9830,159,A5,-0.176231,0.132569,1
20230614T114327,20230622T111856,7.9830,160,A5,0.331866,0.932527,1
20230614T114327,20230628T101631,13.9396,1,A1,-0.121652,1.001334,0
20230614T114327,20230628T101631,13.9396,2,A1,0.136776,0.223684,1
20230614T114327,20230628T101631,13.9396,3,A1,0.278693,0.018804,1
20230614T114327,20230628T101631,13.9396,4,A1,-0.286611,0.154916,1
20230614T114327,20230628T101631,13.9396,6,A1,0.153740,0.314042,0
20230614T114327,20230628T101631,13.9396,8,A1,-0.046946,0.238359,0
20230614T114327,20230628T101631,13.9396,9,A1,-0.012604,0.925233,0
20230614T114327,20230628T101631,13.9396,10,A1,-0.326917,0.243751,0
20230614T114327,20230628T101631,13.9396,11,A1,-0.029612,0.680594,0
20230614T114327,20230628T101631,13.9396,12,A1,-0.018038,0.069899,1
20230614T114327,20230628T101631,13.9396,13,A1,0.608772,0.180512,0
20230614T114327,20230628T101631,13.9396,14,A1,0.457387,0.094100,1
20230614T114327,20230628T101631,13.9396,15,A1,0.223523,0.034366,1
20230614T114327,20230628T101631,13.9396,17,A1,0.102310,0.245273,0
20230614T114327,20230628T101631,13.9396,18,A1,0.095607,0.214841,1
20230614T114327,20230628T101631,13.9396,19,A1,0.106063,0.173699,0
20230614T114327,20230628T101631,13.9396,21,A1,0.425885,0.467666,0
20230614T114327,20230628T101631,13.9396,22,A1,0.887305,0.076528,1
20230614T114327,20230628T101631,13.9396,23,A1,-0.267827,0.142384,0
20230614T114327,20230628T101631,13.9396,26,A1,0.017427,0.814711,0
20230614T114327,20230628T101631,13.9396,27,A1,0.037798,0.001091,1
20230614T114327,20230628T101631,13.9396,28,A1,0.547184,0.176261,0
20230614T114327,20230628T101631,13.9396,29,A1,0.389377,0.327740,1
20230614T114327,20230628T101631,13.9396,30,A1,0.750907,0.000000,1
20230614T114327,20230628T101631,13.9396,31,A1,0.187214,0.134591,1
20230614T114327,20230628T101631,13.9396,32,A1,0.772149,0.070049,1
20230614T114327,20230628T101631,13.9396,33,A2,-0.211681,0.308675,0
20230614T114327,20230628T101631,13.9396,34,A2,-0.185359,0.076386,0
20230614T114327,20230628T101631,13.9396,36,A2,0.033573,0.007700,1
20230614T114327,20230628T101631,13.9396,37,A2,0.277269,0.464616,0
20230614T114327,20230628T101631,13.9396,39,A2,0.136806,1.253644,0
20230614T114327,20230628T101631,13.9396,40,A2,-0.043469,0.076148,0
20230614T114327,20230628T101631,13.9396,41,A2,0.055071,0.527278,1
20230614T114327,20230628T101631,13.9396,42,A2,-0.121406,1.041243,0
20230614T114327,20230628T101631,13.9396,43,A2,0.232927,1.223365,0
20230614T114327,20230628T101631,13.9396,44,A2,0.552577,0.000000,1
20230614T114327,20230628T101631,13.9396,46,A2,0.193852,0.194472,1
20230614T114327,20230628T101631,13.9396,47,A2,0.755434,1.367960,0
20230614T114327,20230628T101631,13.9396,48,A2,-0.049690,1.959276,0
20230614T114327,20230628T101631,13.9396,49,A2,-0.121696,0.290939,1
20230614T114327,20230628T101631,13.9396,51,A2,0.118607,0.351468,0
20230614T114327,20230628T101631,13.9396,52,A2,0.382494,0.435640,1
20230614T114327,20230628T101631,13.9396,53,A2,-0.161737,1.045300,0
20230614T114327,20230628T101631,13.9396,54,A2,0.125969,0.146848,1
20230614T114327,20230628T101631,13.9396,55,A2,-0.054553,0.725266,0
20230614T114327,20230628T101631,13.9396,56,A2,0.070327,0.116106,1
20230614T114327,20230628T101631,13.9396,57,A2,0.026286,0.192888,0
20230614T114327,20230628T101631,13.9396,58,A2,0.278184,0.185274,1
20230614T114327,20230628T101631,13.9396,59,A2,0.418888,0.108413,1
20230614T114327,20230628T101631,13.9396,60,A2,0.011656,0.000000,1
20230614T114327,20230628T101631,13.9396,61,A2,0.453746,0.606917,1
20230614T114327,20230628T101631,13.9396,62,A2,0.298224,0.931513,1
20230614T114327,20230628T101631,13.9396,63,A2,0.785109,0.486506,1
20230614T114327,20230628T101631,13.9396,64,A2,0.238687,0.390375,1
20230614T114327,20230628T101631,13.9396,65,A3,0.339374,0.353197,1
20230614T114327,20230628T101631,13.9396,66,A3,0.181482,0.081813,1
20230614T114327,20230628T101631,13.9396,68,A3,0.664094,0.341657,0
20230614T114327,20230628T101631,13.9396,69,A3,0.821451,0.440171,1
20230614T114327,20230628T101631,13.9396,70,A3,0.570235,0.208870,1
20230614T114327,20230628T101631,13.9396,71,A3,0.710811,0.049264,1
20230614T114327,20230628T101631,13.9396,72,A3,0.132997,0.123270,1
20230614T114327,20230628T101631,13.9396,73,A3,0.289593,0.098327,1
20230614T114327,20230628T101631,13.9396,74,A3,-0.148868,0.849552,1
20230614T114327,20230628T101631,13.9396,75,A3,0.140525,0.748688,0
20230614T114327,20230628T101631,13.9396,76,A3,0.305673,0.162377,1
20230614T114327,20230628T101631,13.9396,77,A3,0.187480,0.676214,1
20230614T114327,20230628T101631,13.9396,78,A3,-0.337021,0.965696,0
20230614T114327,20230628T101631,13.9396,79,A3,0.438971,0.183350,1
20230614T114327,20230628T101631,13.9396,80,A3,0.432583,0.747485,0
20230614T114327,20230628T101631,13.9396,81,A3,0.180562,0.576001,0
20230614T114327,20230628T101631,13.9396,82,A3,0.647247,0.360135,1
20230614T114327,20230628T101631,13.9396,83,A3,0.256827,0.030950,1
20230614T114327,20230628T101631,13.9396,84,A3,0.334085,0.380153,0
20230614T114327,20230628T101631,13.9396,85,A3,0.816228,0.602870,1
20230614T114327,20230628T101631,13.9396,86,A3,0.026503,0.047608,1
20230614T114327,20230628T101631,13.9396,87,A3,0.231058,0.195826,1
20230614T114327,20230628T101631,13.9396,88,A3,0.057809,0.389984,0
20230614T114327,20230628T101631,13.9396,89,A3,-0.171639,0.905154,0
20230614T114327,20230628T101631,13.9396,91,A3,-0.015258,0.030118,1
20230614T114327,20230628T101631,13.9396,93,A3,0.228227,0.000000,1
20230614T114327,20230628T101631,13.9396,94,A3,0.208454,0.091265,1
20230614T114327,20230628T101631,13.9396,95,A3,0.808642,1.333789,0
20230614T114327,20230628T101631,13.9396,97,A4,-0.226585,0.500358,1
20230614T114327,20230628T101631,13.9396,98,A4,0.063259,0.573724,0
20230614T114327,20230628T101631,13.9396,100,A4,-0.082379,0.065036,1
20230614T114327,20230628T101631,13.9396,101,A4,0.089146,0.059467,0
20230614T114327,20230628T101631,13.9396,103,A4,0.065173,0.278413,1
20230614T114327,20230628T101631,13.9396,104,A4,-0.251813,0.491028,0
20230614T114327,20230628T101631,13.9396,105,A4,0.355814,0.032338,1
20230614T114327,20230628T101631,13.9396,106,A4,-0.116957,0.932422,1
20230614T114327,20230628T101631,13.9396,107,A4,0.001407,0.514369,0
20230614T114327,20230628T101631,13.9396,108,A4,-0.311139,0.533296,0
20230614T114327,20230628T101631,13.9396,109,A4,0.241246,0.029232,1
20230614T114327,20230628T101631,13.9396,110,A4,0.189646,0.912245,1
20230614T114327,20230628T101631,13.9396,111,A4,0.095865,0.284370,0
20230614T114327,20230628T101631,13.9396,112,A4,-0.137335,0.096419,1
20230614T114327,20230628T101631,13.9396,114,A4,0.061166,0.094632,1
20230614T114327,20230628T101631,13.9396,116,A4,0.030875,0.095720,1
20230614T114327,20230628T101631,13.9396,118,A4,0.210754,0.041299,1
20230614T114327,20230628T101631,13.9396,119,A4,0.036959,0.124874,0
20230614T114327,20230628T101631,13.9396,120,A4,0.000651,0.033864,1
20230614T114327,20230628T101631,13.9396,121,A4,0.726130,0.218670,1
20230614T114327,20230628T101631,13.9396,122,A4,0.841849,0.281442,1
20230614T114327,20230628T101631,13.9396,123,A4,0.214198,0.366086,1
20230614T114327,20230628T101631,13.9396,125,A4,0.005315,0.028133,1
20230614T114327,20230628T101631,13.9396,126,A4,-0.203929,0.421587,1
20230614T114327,20230628T101631,13.9396,127,A4,0.314211,0.841504,1
20230614T114327,20230628T101631,13.9396,129,A5,0.126410,0.789987,1
20230614T114327,20230628T101631,13.9396,130,A5,0.381105,0.991838,0
20230614T114327,20230628T101631,13.9396,132,A5,-0.086891,1.700489,0
20230614T114327,20230628T101631,13.9396,133,A5,0.252596,0.198261,0
20230614T114327,20230628T101631,13.9396,134,A5,0.342829,0.521975,0
20230614T114327,20230628T101631,13.9396,135,A5,-0.162952,0.321733,1
20230614T114327,20230628T101631,13.9396,136,A5,0.550197,0.281527,1
20230614T114327,20230628T101631,13.9396,137,A5,0.547370,0.592120,1
20230614T114327,20230628T101631,13.9396,138,A5,0.340477,0.430133,1
20230614T114327,20230628T101631,13.9396,139,A5,0.860498,0.052092,1
20230614T114327,20230628T101631,13.9396,140,A5,0.756351,0.348234,1
20230614T114327,20230628T101631,13.9396,141,A5,0.300807,0.915996,1
20230614T114327,20230628T101631,13.9396,142,A5,0.688469,0.061496,1
20230614T114327,20230628T101631,13.9396,143,A5,0.036675,0.201943,0
20230614T114327,20230628T101631,13.9396,144,A5,-0.066290,0.016418,1
20230614T114327,20230628T101631,13.9396,145,A5,-0.060224,0.462945,1
20230614T114327,20230628T101631,13.9396,146,A5,0.836184,0.342950,1
20230614T114327,20230628T101631,13.9396,147,A5,0.532044,1.012478,0
20230614T114327,20230628T101631,13.9396,149,A5,0.352365,0.761377,1
20230614T114327,20230628T101631,13.9396,150,A5,0.032023,0.858095,0
20230614T114327,20230628T101631,13.9396,151,A5,-0.150012,0.974434,1
20230614T114327,20230628T101631,13.9396,152,A5,0.352850,0.454932,1
20230614T114327,20230628T101631,13.9396,153,A5,0.568731,0.449062,1
20230614T114327,20230628T101631,13.9396,154,A5,-0.151855,0.427444,0
20230614T114327,20230628T101631,13.9396,155,A5,-0.017033,0.380330,0
20230614T114327,20230628T101631,13.9396,157,A5,-0.101274,0.198794,0
20230614T114327,20230628T101631,13.9396,158,A5,-0.154764,1.204538,0
20230614T114327,20230628T101631,13.9396,159,A5,-0.125764,0.083545,1
20230614T114327,20230628T101631,13.9396,160,A5,0.147805,1.067473,0
20230614T114327,20230629T100435,14.9313,1,A1,-0.179720,1.001334,0
20230614T114327,20230629T100435,14.9313,4,A1,0.049429,0.036099,1
20230614T114327,20230629T100435,14.9313,6,A1,-0.150004,0.287321,1
20230614T114327,20230629T100435,14.9313,8,A1,0.144362,0.381452,0
20230614T114327,20230629T100435,14.9313,9,A1,0.206051,0.755533,1
20230614T114327,20230629T100435,14.9313,10,A1,0.262432,0.099652,1
20230614T114327,20230629T100435,14.9313,11,A1,-0.517520,0.588827,0
20230614T114327,20230629T100435,14.9313,12,A1,0.093759,0.142807,1
20230614T114327,20230629T100435,14.9313,13,A1,0.196728,0.191550,0
20230614T114327,20230629T100435,14.9313,14,A1,-0.160429,0.818567,0
20230614T114327,20230629T100435,14.9313,15,A1,0.567001,0.035700,1
20230614T114327,20230629T100435,14.9313,17,A1,-0.159809,0.306895,0
20230614T114327,20230629T100435,14.9313,18,A1,-0.291679,0.148389,1
20230614T114327,20230629T100435,14.9313,19,A1,0.143091,0.122409,0
20230614T114327,20230629T100435,14.9313,22,A1,0.629702,0.025680,1
20230614T114327,20230629T100435,14.9313,23,A1,-0.115437,0.137727,0
20230614T114327,20230629T100435,14.9313,26,A1,-0.237414,0.543081,0
20230614T114327,20230629T100435,14.9313,27,A1,-0.168127,0.110680,1
20230614T114327,20230629T100435,14.9313,28,A1,0.069509,0.038763,1
20230614T114327,20230629T100435,14.9313,29,A1,0.109497,0.662644,0
20230614T114327,20230629T100435,14.9313,30,A1,0.280762,0.791521,1
20230614T114327,20230629T100435,14.9313,31,A1,0.265777,0.117900,1
20230614T114327,20230629T100435,14.9313,32,A1,0.581706,0.136575,1
20230614T114327,20230629T100435,14.9313,36,A2,-0.194722,0.558751,0
20230614T114327,20230629T100435,14.9313,37,A2,-0.144558,0.597702,0
20230614T114327,20230629T100435,14.9313,38,A2,-0.043800,0.203744,0
20230614T114327,20230629T100435,14.9313,39,A2,-0.053459,1.273956,0
20230614T114327,20230629T100435,14.9313,40,A2,0.120619,0.301991,1
20230614T114327,20230629T100435,14.9313,41,A2,0.495955,0.375452,1
20230614T114327,20230629T100435,14.9313,42,A2,-0.472704,0.928723,1
20230614T114327,20230629T100435,14.9313,43,A2,0.434594,0.242077,0
20230614T114327,20230629T100435,14.9313,44,A2,0.126439,2.000000,0
20230614T114327,20230629T100435,14.9313,46,A2,-0.051422,0.408566,1
20230614T114327,20230629T100435,14.9313,47,A2,0.620576,0.646175,0
20230614T114327,20230629T100435,14.9313,48,A2,-0.275442,1.386711,0
20230614T114327,20230629T100435,14.9313,49,A2,0.098425,0.004666,1
20230614T114327,20230629T100435,14.9313,50,A2,-0.429529,0.701161,0
20230614T114327,20230629T100435,14.9313,53,A2,0.116287,0.119183,0
20230614T114327,20230629T100435,14.9313,54,A2,0.030268,0.139013,1
20230614T114327,20230629T100435,14.9313,55,A2,-0.033930,0.258125,1
20230614T114327,20230629T100435,14.9313,57,A2,0.046714,0.062261,0
20230614T114327,20230629T100435,14.9313,58,A2,0.022096,0.923921,1
20230614T114327,20230629T100435,14.9313,59,A2,0.270917,0.225819,1
20230614T114327,20230629T100435,14.9313,60,A2,0.067367,0.723288,1
20230614T114327,20230629T100435,14.9313,61,A2,0.524418,0.998851,1
20230614T114327,20230629T100435,14.9313,62,A2,0.389189,0.000000,1
20230614T114327,20230629T100435,14.9313,63,A2,0.564691,0.279690,1
20230614T114327,20230629T100435,14.9313,64,A2,-0.092205,0.287176,1
20230614T114327,20230629T100435,14.9313,67,A3,0.323460,0.584030,1
20230614T114327,20230629T100435,14.9313,69,A3,0.284305,0.630094,0
20230614T114327,20230629T100435,14.9313,70,A3,-0.093411,0.162008,1
20230614T114327,20230629T100435,14.9313,71,A3,0.691612,0.333910,1
20230614T114327,20230629T100435,14.9313,72,A3,-0.231936,0.718355,1
20230614T114327,20230629T100435,14.9313,74,A3,-0.215801,0.922284,1
20230614T114327,20230629T100435,14.9313,75,A3,-0.327246,0.517858,1
20230614T114327,20230629T100435,14.9313,76,A3,-0.098628,0.883872,0
20230614T114327,20230629T100435,14.9313,77,A3,0.204306,0.676214,1
20230614T114327,20230629T100435,14.9313,78,A3,0.343652,0.352830,0
20230614T114327,20230629T100435,14.9313,80,A3,0.092604,0.353367,1
20230614T114327,20230629T100435,14.9313,81,A3,0.083162,0.428698,1
20230614T114327,20230629T100435,14.9313,82,A3,0.224460,0.073933,1
20230614T114327,20230629T100435,14.9313,83,A3,-0.155644,0.015290,1
20230614T114327,20230629T100435,14.9313,84,A3,0.273608,0.165570,0
20230614T114327,20230629T100435,14.9313,85,A3,0.249641,0.704839,1
20230614T114327,20230629T100435,14.9313,86,A3,0.244290,0.454030,1
20230614T114327,20230629T100435,14.9313,87,A3,0.363221,0.236443,1
20230614T114327,20230629T100435,14.9313,88,A3,0.177666,0.588226,1
20230614T114327,20230629T100435,14.9313,90,A3,-0.035040,0.001861,1
20230614T114327,20230629T100435,14.9313,91,A3,-0.092206,0.018259,1
20230614T114327,20230629T100435,14.9313,93,A3,-0.291618,0.851627,1
20230614T114327,20230629T100435,14.9313,95,A3,0.439044,1.102821,0
20230614T114327,20230629T100435,14.9313,97,A4,-0.004965,1.081068,0
20230614T114327,20230629T100435,14.9313,98,A4,-0.112587,0.374032,1
20230614T114327,20230629T100435,14.9313,100,A4,-0.413399,0.053048,1
20230614T114327,20230629T100435,14.9313,101,A4,0.064613,0.013090,1
20230614T114327,20230629T100435,14.9313,103,A4,-0.150353,0.736809,0
20230614T114327,20230629T100435,14.9313,104,A4,0.048760,0.557608,0
20230614T114327,20230629T100435,14.9313,106,A4,-0.118028,0.022710,1
20230614T114327,20230629T100435,14.9313,107,A4,-0.061859,0.153049,0
20230614T114327,20230629T100435,14.9313,108,A4,0.048760,0.071035,1
20230614T114327,20230629T100435,14.9313,109,A4,0.306509,0.976350,1
20230614T114327,20230629T100435,14.9313,110,A4,0.027576,1.087755,0
20230614T114327,20230629T100435,14.9313,111,A4,0.010729,0.285648,0
20230614T114327,20230629T100435,14.9313,112,A4,0.187751,1.046735,0
20230614T114327,20230629T100435,14.9313,114,A4,0.092422,0.077007,1
20230614T114327,20230629T100435,14.9313,116,A4,0.265789,0.245224,1
20230614T114327,20230629T100435,14.9313,118,A4,-0.199019,0.211176,0
20230614T114327,20230629T100435,14.9313,119,A4,0.244502,0.385757,1
20230614T114327,20230629T100435,14.9313,120,A4,-0.532411,0.292803,0
20230614T114327,20230629T100435,14.9313,121,A4,0.596211,0.191950,1
20230614T114327,20230629T100435,14.9313,122,A4,0.663874,0.017780,1
20230614T114327,20230629T100435,14.9313,123,A4,0.567056,0.599128,1
20230614T114327,20230629T100435,14.9313,124,A4,-0.158708,0.936739,1
20230614T114327,20230629T100435,14.9313,125,A4,-0.309306,0.106511,1
20230614T114327,20230629T100435,14.9313,126,A4,-0.006172,0.578778,0
20230614T114327,20230629T100435,14.9313,127,A4,-0.204874,0.279996,0
20230614T114327,20230629T100435,14.9313,128,A4,-0.077024,0.163129,1
20230614T114327,20230629T100435,14.9313,129,A5,0.069350,0.000000,1
20230614T114327,20230629T100435,14.9313,130,A5,0.288562,0.141258,1
20230614T114327,20230629T100435,14.9313,133,A5,0.132186,0.066883,1
20230614T114327,20230629T100435,14.9313,134,A5,-0.033553,0.410480,1
20230614T114327,20230629T100435,14.9313,135,A5,-0.189986,0.151050,1
20230614T114327,20230629T100435,14.9313,136,A5,0.182983,0.413102,1
20230614T114327,20230629T100435,14.9313,137,A5,0.504467,0.528357,0
20230614T114327,20230629T100435,14.9313,138,A5,-0.065490,0.926190,0
20230614T114327,20230629T100435,14.9313,141,A5,0.368980,0.915996,1
20230614T114327,20230629T100435,14.9313,142,A5,0.352485,0.070019,0
20230614T114327,20230629T100435,14.9313,143,A5,0.019547,0.977427,1
20230614T114327,20230629T100435,14.9313,144,A5,-0.042042,0.174506,0
20230614T114327,20230629T100435,14.9313,145,A5,-0.027730,0.164978,0
20230614T114327,20230629T100435,14.9313,146,A5,0.468570,0.931470,1
20230614T114327,20230629T100435,14.9313,147,A5,0.501174,0.730533,0
20230614T114327,20230629T100435,14.9313,149,A5,0.097495,0.107546,0
20230614T114327,20230629T100435,14.9313,150,A5,-0.044534,0.770015,1
20230614T114327,20230629T100435,14.9313,151,A5,0.033663,0.836357,1
20230614T114327,20230629T100435,14.9313,152,A5,0.242356,0.521130,0
20230614T114327,20230629T100435,14.9313,153,A5,-0.034299,0.146910,1
20230614T114327,20230629T100435,14.9313,156,A5,0.414996,0.134885,0
20230614T114327,20230629T100435,14.9313,157,A5,0.123386,0.031549,1
20230614T114327,20230629T100435,14.9313,158,A5,-0.242230,0.876048,1
20230614T114327,20230629T100435,14.9313,160,A5,-0.235783,0.075935,0
20230614T114327,20230703T122644,19.0301,1,A1,-0.131868,0.069208,1
20230614T114327,20230703T122644,19.0301,3,A1,-0.034186,0.062765,0
20230614T114327,20230703T122644,19.0301,4,A1,0.364783,0.059056,1
20230614T114327,20230703T122644,19.0301,6,A1,0.167029,0.282558,1
20230614T114327,20230703T122644,19.0301,9,A1,0.185338,0.676142,1
20230614T114327,20230703T122644,19.0301,10,A1,-0.199907,0.070044,1
20230614T114327,20230703T122644,19.0301,11,A1,0.177302,0.574341,0
20230614T114327,20230703T122644,19.0301,12,A1,0.054824,0.936755,1
20230614T114327,20230703T122644,19.0301,13,A1,0.332298,0.161367,1
20230614T114327,20230703T122644,19.0301,14,A1,0.151850,0.631837,0
20230614T114327,20230703T122644,19.0301,15,A1,0.216617,0.012181,1
20230614T114327,20230703T122644,19.0301,17,A1,0.087253,0.129979,1
20230614T114327,20230703T122644,19.0301,18,A1,0.637728,0.702259,1
20230614T114327,20230703T122644,19.0301,19,A1,0.259641,0.093065,0
20230614T114327,20230703T122644,19.0301,21,A1,0.106564,0.339654,1
20230614T114327,20230703T122644,19.0301,22,A1,0.858478,0.129751,1
20230614T114327,20230703T122644,19.0301,23,A1,0.269115,0.127293,1
20230614T114327,20230703T122644,19.0301,26,A1,0.479322,0.436057,0
20230614T114327,20230703T122644,19.0301,27,A1,0.384964,0.274332,1
20230614T114327,20230703T122644,19.0301,28,A1,0.620099,0.075374,0
20230614T114327,20230703T122644,19.0301,29,A1,0.565604,0.361724,1
20230614T114327,20230703T122644,19.0301,30,A1,0.775905,0.268231,1
20230614T114327,20230703T122644,19.0301,31,A1,0.439896,0.232358,0
20230614T114327,20230703T122644,19.0301,32,A1,0.839811,0.249448,1
20230614T114327,20230703T122644,19.0301,33,A2,-0.041869,0.122418,0
20230614T114327,20230703T122644,19.0301,34,A2,0.204907,0.089541,1
20230614T114327,20230703T122644,19.0301,36,A2,0.006765,0.703394,0
20230614T114327,20230703T122644,19.0301,37,A2,0.067042,0.262638,0
20230614T114327,20230703T122644,19.0301,39,A2,0.291256,1.321576,0
20230614T114327,20230703T122644,19.0301,40,A2,0.020368,0.078257,0
20230614T114327,20230703T122644,19.0301,41,A2,0.635220,0.294139,1
20230614T114327,20230703T122644,19.0301,42,A2,-0.206959,0.803018,1
20230614T114327,20230703T122644,19.0301,43,A2,0.740721,0.318698,0
20230614T114327,20230703T122644,19.0301,44,A2,0.509800,0.956288,1
20230614T114327,20230703T122644,19.0301,45,A2,0.102081,0.232053,1
20230614T114327,20230703T122644,19.0301,46,A2,0.145768,0.567461,1
20230614T114327,20230703T122644,19.0301,47,A2,0.599404,0.895103,0
20230614T114327,20230703T122644,19.0301,49,A2,-0.061297,0.089050,0
20230614T114327,20230703T122644,19.0301,50,A2,0.051646,0.765805,0
20230614T114327,20230703T122644,19.0301,51,A2,0.179925,0.172552,1
20230614T114327,20230703T122644,19.0301,52,A2,0.275689,0.821229,1
20230614T114327,20230703T122644,19.0301,53,A2,-0.372734,0.015689,1
20230614T114327,20230703T122644,19.0301,55,A2,0.200895,0.825363,0
20230614T114327,20230703T122644,19.0301,57,A2,0.029561,0.032986,1
20230614T114327,20230703T122644,19.0301,58,A2,0.069938,0.129575,1
20230614T114327,20230703T122644,19.0301,59,A2,0.350555,0.000939,1
20230614T114327,20230703T122644,19.0301,60,A2,-0.180373,0.000000,1
20230614T114327,20230703T122644,19.0301,62,A2,0.530453,0.877375,1
20230614T114327,20230703T122644,19.0301,63,A2,0.624667,0.489823,1
20230614T114327,20230703T122644,19.0301,64,A2,0.118342,0.055832,1
20230614T114327,20230703T122644,19.0301,65,A3,0.623697,0.353197,1
20230614T114327,20230703T122644,19.0301,66,A3,0.478728,0.069588,1
20230614T114327,20230703T122644,19.0301,68,A3,0.400499,0.039968,1
20230614T114327,20230703T122644,19.0301,69,A3,0.757605,0.534516,1
20230614T114327,20230703T122644,19.0301,70,A3,0.590769,0.499411,1
20230614T114327,20230703T122644,19.0301,72,A3,-0.174749,0.023887,1
20230614T114327,20230703T122644,19.0301,73,A3,-0.282699,0.513433,0
20230614T114327,20230703T122644,19.0301,74,A3,0.067763,0.000000,1
20230614T114327,20230703T122644,19.0301,75,A3,0.072815,0.379680,1
20230614T114327,20230703T122644,19.0301,76,A3,0.065395,0.610897,1
20230614T114327,20230703T122644,19.0301,77,A3,0.140550,0.198742,1
20230614T114327,20230703T122644,19.0301,78,A3,0.214061,1.244590,0
20230614T114327,20230703T122644,19.0301,79,A3,0.140006,0.674932,1
20230614T114327,20230703T122644,19.0301,80,A3,0.652967,0.546410,1
20230614T114327,20230703T122644,19.0301,81,A3,0.113206,0.557541,1
20230614T114327,20230703T122644,19.0301,82,A3,0.294864,0.228913,1
20230614T114327,20230703T122644,19.0301,84,A3,-0.035879,0.206521,0
20230614T114327,20230703T122644,19.0301,85,A3,0.813644,0.575386,1
20230614T114327,20230703T122644,19.0301,86,A3,0.157652,0.544959,1
20230614T114327,20230703T122644,19.0301,87,A3,0.466717,0.032513,1
20230614T114327,20230703T122644,19.0301,88,A3,0.092193,0.112141,1
20230614T114327,20230703T122644,19.0301,89,A3,0.131946,0.896192,0
20230614T114327,20230703T122644,19.0301,90,A3,0.121232,0.161067,0
20230614T114327,20230703T122644,19.0301,91,A3,0.184482,0.145875,1
20230614T114327,20230703T122644,19.0301,93,A3,0.272523,0.877054,1
20230614T114327,20230703T122644,19.0301,94,A3,0.157849,0.633273,1
20230614T114327,20230703T122644,19.0301,95,A3,0.723287,1.047542,0
20230614T114327,20230703T122644,19.0301,97,A4,0.069842,1.195435,0
20230614T114327,20230703T122644,19.0301,98,A4,0.015398,0.529132,0
20230614T114327,20230703T122644,19.0301,99,A4,0.065210,0.114493,0
20230614T114327,20230703T122644,19.0301,100,A4,0.130084,0.431521,0
20230614T114327,20230703T122644,19.0301,101,A4,-0.060041,0.108431,0
20230614T114327,20230703T122644,19.0301,103,A4,-0.033662,0.822836,0
20230614T114327,20230703T122644,19.0301,104,A4,0.087559,0.029693,1
20230614T114327,20230703T122644,19.0301,105,A4,0.413128,0.072913,1
20230614T114327,20230703T122644,19.0301,106,A4,0.026885,0.664570,0
20230614T114327,20230703T122644,19.0301,107,A4,0.288643,0.095076,0
20230614T114327,20230703T122644,19.0301,108,A4,0.376353,0.164421,1
20230614T114327,20230703T122644,19.0301,109,A4,-0.065336,1.023650,0
20230614T114327,20230703T122644,19.0301,110,A4,-0.196467,0.117675,0
20230614T114327,20230703T122644,19.0301,111,A4,0.040562,0.480740,0
20230614T114327,20230703T122644,19.0301,112,A4,-0.051299,0.130678,0
20230614T114327,20230703T122644,19.0301,114,A4,-0.206180,0.064932,1
20230614T114327,20230703T122644,19.0301,116,A4,0.007672,0.296823,0
20230614T114327,20230703T122644,19.0301,117,A4,0.043451,0.624770,1
20230614T114327,20230703T122644,19.0301,118,A4,0.136322,0.074583,1
20230614T114327,20230703T122644,19.0301,119,A4,0.154727,0.211211,0
20230614T114327,20230703T122644,19.0301,121,A4,0.710479,0.123867,1
20230614T114327,20230703T122644,19.0301,122,A4,0.782168,0.200134,1
20230614T114327,20230703T122644,19.0301,123,A4,0.454725,1.246494,0
20230614T114327,20230703T122644,19.0301,124,A4,-0.067961,0.077706,0
20230614T114327,20230703T122644,19.0301,125,A4,0.082416,0.026585,1
20230614T114327,20230703T122644,19.0301,126,A4,0.172698,0.326705,1
20230614T114327,20230703T122644,19.0301,127,A4,-0.290456,0.230305,0
20230614T114327,20230703T122644,19.0301,128,A4,0.305509,0.824377,1
20230614T114327,20230703T122644,19.0301,130,A5,0.411042,0.405747,0
20230614T114327,20230703T122644,19.0301,132,A5,-0.042164,0.900548,1
20230614T114327,20230703T122644,19.0301,133,A5,0.197394,1.115717,0
20230614T114327,20230703T122644,19.0301,134,A5,0.383000,0.572937,1
20230614T114327,20230703T122644,19.0301,135,A5,0.046929,0.363926,1
20230614T114327,20230703T122644,19.0301,136,A5,0.087370,0.792255,0
20230614T114327,20230703T122644,19.0301,137,A5,0.583226,0.230825,1
20230614T114327,20230703T122644,19.0301,138,A5,0.308485,0.218831,1
20230614T114327,20230703T122644,19.0301,139,A5,0.856483,0.030650,1
20230614T114327,20230703T122644,19.0301,140,A5,0.664535,0.420376,0
20230614T114327,20230703T122644,19.0301,141,A5,0.355330,0.398171,0
20230614T114327,20230703T122644,19.0301,142,A5,0.370788,0.250659,1
20230614T114327,20230703T122644,19.0301,143,A5,0.161520,0.123280,0
20230614T114327,20230703T122644,19.0301,144,A5,-0.281999,0.067930,1
20230614T114327,20230703T122644,19.0301,145,A5,-0.261614,0.074975,1
20230614T114327,20230703T122644,19.0301,146,A5,0.671079,0.398469,1
20230614T114327,20230703T122644,19.0301,147,A5,0.540263,0.025444,0
20230614T114327,20230703T122644,19.0301,149,A5,-0.299623,0.334478,1
20230614T114327,20230703T122644,19.0301,150,A5,-0.034739,0.978743,0
20230614T114327,20230703T122644,19.0301,151,A5,0.280299,0.998846,1
20230614T114327,20230703T122644,19.0301,152,A5,0.125475,0.061466,1
20230614T114327,20230703T122644,19.0301,153,A5,0.480971,0.160040,1
20230614T114327,20230703T122644,19.0301,154,A5,0.032000,1.041147,0
20230614T114327,20230703T122644,19.0301,155,A5,0.210798,0.512066,1
20230614T114327,20230703T122644,19.0301,156,A5,0.255353,1.120762,0
20230614T114327,20230703T122644,19.0301,157,A5,0.398493,0.197293,0
20230614T114327,20230703T122644,19.0301,158,A5,0.276855,0.483052,1
20230614T114327,20230703T122644,19.0301,159,A5,0.051331,0.052783,1
20230614T114327,20230703T122644,19.0301,160,A5,0.124237,0.210438,0
20230619T102732,20230620T101238,0.9897,1,A1,0.353963,0.276248,1
20230619T102732,20230620T101238,0.9897,2,A1,0.094951,0.267002,0
20230619T102732,20230620T101238,0.9897,3,A1,0.166597,0.003699,1
20230619T102732,20230620T101238,0.9897,4,A1,-0.035859,0.895806,0
20230619T102732,20230620T101238,0.9897,6,A1,0.166091,0.130479,1
20230619T102732,20230620T101238,0.9897,8,A1,0.326225,0.142339,1
20230619T102732,20230620T101238,0.9897,9,A1,0.311494,0.000000,1
20230619T102732,20230620T101238,0.9897,10,A1,-0.331446,0.031990,1
20230619T102732,20230620T101238,0.9897,11,A1,0.365776,0.518269,1
20230619T102732,20230620T101238,0.9897,12,A1,0.147569,0.252689,1
20230619T102732,20230620T101238,0.9897,13,A1,0.439864,0.488518,1
20230619T102732,20230620T101238,0.9897,14,A1,0.203113,0.698959,1
20230619T102732,20230620T101238,0.9897,15,A1,0.425192,0.040120,1
20230619T102732,20230620T101238,0.9897,17,A1,0.440580,0.028172,1
20230619T102732,20230620T101238,0.9897,18,A1,0.265190,0.000670,1
20230619T102732,20230620T101238,0.9897,19,A1,0.347313,0.036122,1
20230619T102732,20230620T101238,0.9897,20,A1,-0.167511,1.032789,0
20230619T102732,20230620T101238,0.9897,21,A1,0.316199,0.154755,1
20230619T102732,20230620T101238,0.9897,22,A1,0.656099,0.090831,1
20230619T102732,20230620T101238,0.9897,23,A1,0.514273,0.412908,0
20230619T102732,20230620T101238,0.9897,24,A1,0.035037,0.096697,1
20230619T102732,20230620T101238,0.9897,26,A1,-0.100249,0.506335,1
20230619T102732,20230620T101238,0.9897,27,A1,0.511221,0.397243,1
20230619T102732,20230620T101238,0.9897,28,A1,-0.061785,0.370113,1
20230619T102732,20230620T101238,0.9897,29,A1,-0.428426,0.542338,1
20230619T102732,20230620T101238,0.9897,30,A1,0.696987,0.196026,1
20230619T102732,20230620T101238,0.9897,31,A1,0.521121,0.140485,1
20230619T102732,20230620T101238,0.9897,32,A1,0.884239,0.163899,1
20230619T102732,20230620T101238,0.9897,34,A2,0.280606,1.017696,0
20230619T102732,20230620T101238,0.9897,37,A2,0.281342,0.825535,1
20230619T102732,20230620T101238,0.9897,39,A2,0.069246,0.122516,1
20230619T102732,20230620T101238,0.9897,40,A2,0.005926,0.954735,0
20230619T102732,20230620T101238,0.9897,41,A2,0.402186,0.297223,1
20230619T102732,20230620T101238,0.9897,42,A2,0.043559,0.523060,0
20230619T102732,20230620T101238,0.9897,43,A2,0.436175,0.324100,1
20230619T102732,20230620T101238,0.9897,44,A2,0.421272,2.000000,0
20230619T102732,20230620T101238,0.9897,45,A2,0.252010,0.073065,1
20230619T102732,20230620T101238,0.9897,46,A2,0.378212,0.993976,1
20230619T102732,20230620T101238,0.9897,47,A2,0.498855,1.126692,0
20230619T102732,20230620T101238,0.9897,48,A2,-0.052517,0.592098,1
20230619T102732,20230620T101238,0.9897,49,A2,-0.002453,0.955848,1
20230619T102732,20230620T101238,0.9897,50,A2,0.011258,0.932450,1
20230619T102732,20230620T101238,0.9897,51,A2,0.093434,0.116706,1
20230619T102732,20230620T101238,0.9897,52,A2,0.299157,0.161178,1
20230619T102732,20230620T101238,0.9897,53,A2,0.045366,0.023239,1
20230619T102732,20230620T101238,0.9897,55,A2,0.026772,0.545433,1
20230619T102732,20230620T101238,0.9897,57,A2,-0.019413,0.041575,1
20230619T102732,20230620T101238,0.9897,58,A2,0.150451,0.462222,0
20230619T102732,20230620T101238,0.9897,59,A2,0.117992,0.438175,0
20230619T102732,20230620T101238,0.9897,60,A2,0.225438,0.106029,1
20230619T102732,20230620T101238,0.9897,61,A2,-0.081217,0.164585,1
20230619T102732,20230620T101238,0.9897,62,A2,0.106376,1.300712,0
20230619T102732,20230620T101238,0.9897,63,A2,0.422802,0.241048,0
20230619T102732,20230620T101238,0.9897,64,A2,0.109528,1.409971,0
20230619T102732,20230620T101238,0.9897,65,A3,0.430134,0.301862,1
20230619T102732,20230620T101238,0.9897,66,A3,0.440692,0.205609,1
20230619T102732,20230620T101238,0.9897,67,A3,0.701348,0.000848,1
20230619T102732,20230620T101238,0.9897,69,A3,0.179784,1.701605,0
20230619T102732,20230620T101238,0.9897,70,A3,0.185485,0.832176,1
20230619T102732,20230620T101238,0.9897,71,A3,0.829493,0.315515,1
20230619T102732,20230620T101238,0.9897,72,A3,-0.011827,0.505331,0
20230619T102732,20230620T101238,0.9897,73,A3,0.074860,0.016360,1
20230619T102732,20230620T101238,0.9897,74,A3,-0.329077,1.165809,0
20230619T102732,20230620T101238,0.9897,75,A3,0.030700,0.741856,1
20230619T102732,20230620T101238,0.9897,76,A3,0.454711,1.252811,0
20230619T102732,20230620T101238,0.9897,77,A3,0.088248,0.765413,0
20230619T102732,20230620T101238,0.9897,78,A3,0.161241,0.268729,0
20230619T102732,20230620T101238,0.9897,79,A3,0.170207,0.231138,0
20230619T102732,20230620T101238,0.9897,80,A3,0.170717,0.283643,1
20230619T102732,20230620T101238,0.9897,81,A3,0.521863,0.057032,1
20230619T102732,20230620T101238,0.9897,82,A3,0.804986,0.036798,1
20230619T102732,20230620T101238,0.9897,83,A3,0.145677,0.988079,1
20230619T102732,20230620T101238,0.9897,84,A3,-0.118646,0.080456,1
20230619T102732,20230620T101238,0.9897,85,A3,0.798149,0.480147,1
20230619T102732,20230620T101238,0.9897,86,A3,0.183437,0.607291,0
20230619T102732,20230620T101238,0.9897,87,A3,0.468182,0.380955,1
20230619T102732,20230620T101238,0.9897,88,A3,-0.122901,0.781341,1
20230619T102732,20230620T101238,0.9897,89,A3,0.041777,0.508730,0
20230619T102732,20230620T101238,0.9897,90,A3,-0.031565,0.318053,0
20230619T102732,20230620T101238,0.9897,93,A3,0.357772,0.571104,1
20230619T102732,20230620T101238,0.9897,94,A3,-0.084273,0.288554,1
20230619T102732,20230620T101238,0.9897,95,A3,0.882526,0.300989,0
20230619T102732,20230620T101238,0.9897,96,A3,-0.226962,0.000564,1
20230619T102732,20230620T101238,0.9897,97,A4,-0.285221,0.158266,1
20230619T102732,20230620T101238,0.9897,98,A4,0.095854,0.037864,1
20230619T102732,20230620T101238,0.9897,99,A4,0.172498,0.080576,0
20230619T102732,20230620T101238,0.9897,100,A4,-0.220186,1.133602,0
20230619T102732,20230620T101238,0.9897,101,A4,-0.127346,1.198118,0
20230619T102732,20230620T101238,0.9897,102,A4,-0.161634,0.985808,1
20230619T102732,20230620T101238,0.9897,103,A4,0.035040,1.317657,0
20230619T102732,20230620T101238,0.9897,104,A4,-0.038050,0.500826,0
20230619T102732,20230620T101238,0.9897,105,A4,0.657793,0.776797,1
20230619T102732,20230620T101238,0.9897,106,A4,0.077206,1.073154,0
20230619T102732,20230620T101238,0.9897,107,A4,-0.057546,0.570146,0
20230619T102732,20230620T101238,0.9897,108,A4,-0.159888,0.601383,0
20230619T102732,20230620T101238,0.9897,109,A4,-0.017924,0.594432,0
20230619T102732,20230620T101238,0.9897,110,A4,0.071012,0.268773,1
20230619T102732,20230620T101238,0.9897,111,A4,-0.231908,0.612365,0
20230619T102732,20230620T101238,0.9897,112,A4,0.150826,0.194425,0
20230619T102732,20230620T101238,0.9897,113,A4,-0.117332,0.140651,1
20230619T102732,20230620T101238,0.9897,114,A4,0.190338,0.394747,0
20230619T102732,20230620T101238,0.9897,115,A4,-0.071908,0.071871,1
20230619T102732,20230620T101238,0.9897,116,A4,0.137575,2.000000,0
20230619T102732,20230620T101238,0.9897,118,A4,-0.169775,0.457982,0
20230619T102732,20230620T101238,0.9897,119,A4,0.237457,0.025707,1
20230619T102732,20230620T101238,0.9897,121,A4,0.723648,0.161335,1
20230619T102732,20230620T101238,0.9897,122,A4,0.700027,0.056803,1
20230619T102732,20230620T101238,0.9897,123,A4,-0.249205,1.412156,0
20230619T102732,20230620T101238,0.9897,124,A4,0.003793,0.274015,1
20230619T102732,20230620T101238,0.9897,125,A4,0.190795,0.118303,1
20230619T102732,20230620T101238,0.9897,126,A4,0.072073,0.054873,1
20230619T102732,20230620T101238,0.9897,127,A4,0.145386,0.481446,1
20230619T102732,20230620T101238,0.9897,129,A5,0.292641,1.121167,0
20230619T102732,20230620T101238,0.9897,130,A5,0.138144,0.828714,1
20230619T102732,20230620T101238,0.9897,132,A5,0.272745,0.109150,1
20230619T102732,20230620T101238,0.9897,133,A5,0.145720,0.464959,1
20230619T102732,20230620T101238,0.9897,134,A5,0.198482,0.068938,0
20230619T102732,20230620T101238,0.9897,135,A5,0.110700,0.068346,1
20230619T102732,20230620T101238,0.9897,136,A5,0.192047,1.719412,0
20230619T102732,20230620T101238,0.9897,137,A5,0.377757,0.002636,1
20230619T102732,20230620T101238,0.9897,138,A5,0.255210,0.198822,1
20230619T102732,20230620T101238,0.9897,139,A5,0.757593,0.264506,1
20230619T102732,20230620T101238,0.9897,140,A5,0.293301,0.970063,0
20230619T102732,20230620T101238,0.9897,141,A5,0.616324,0.181688,1
20230619T102732,20230620T101238,0.9897,142,A5,0.009339,0.655548,0
20230619T102732,20230620T101238,0.9897,143,A5,-0.059187,0.988411,0
20230619T102732,20230620T101238,0.9897,144,A5,-0.029280,1.697767,0
20230619T102732,20230620T101238,0.9897,145,A5,0.181242,0.086819,0
20230619T102732,20230620T101238,0.9897,146,A5,0.396303,0.048604,1
20230619T102732,20230620T101238,0.9897,147,A5,0.303055,0.017841,1
20230619T102732,20230620T101238,0.9897,148,A5,0.133588,0.138259,1
20230619T102732,20230620T101238,0.9897,149,A5,0.324865,0.386718,0
20230619T102732,20230620T101238,0.9897,150,A5,-0.114043,0.044692,0
20230619T102732,20230620T101238,0.9897,151,A5,-0.030321,0.904418,1
20230619T102732,20230620T101238,0.9897,152,A5,-0.161422,1.452277,0
20230619T102732,20230620T101238,0.9897,153,A5,0.493454,0.058512,1
20230619T102732,20230620T101238,0.9897,154,A5,0.082084,0.043074,1
20230619T102732,20230620T101238,0.9897,155,A5,0.012638,1.385892,0
20230619T102732,20230620T101238,0.9897,156,A5,-0.088229,0.912948,1
20230619T102732,20230620T101238,0.9897,157,A5,-0.354482,0.938114,0
20230619T102732,20230620T101238,0.9897,158,A5,-0.054035,1.352549,0
20230619T102732,20230620T101238,0.9897,159,A5,-0.257712,0.227449,0
20230619T102732,20230620T101238,0.9897,160,A5,-0.152422,0.114297,1
20230619T102732,20230621T100721,1.9860,1,A1,0.046639,0.137362,1
20230619T102732,20230621T100721,1.9860,2,A1,0.039908,0.007824,1
20230619T102732,20230621T100721,1.9860,3,A1,0.263962,0.002133,1
20230619T102732,20230621T100721,1.9860,4,A1,0.427559,0.328561,1
20230619T102732,20230621T100721,1.9860,6,A1,0.341570,0.029013,0
20230619T102732,20230621T100721,1.9860,8,A1,0.274666,0.180922,0
20230619T102732,20230621T100721,1.9860,9,A1,0.610612,0.871357,1
20230619T102732,20230621T100721,1.9860,10,A1,0.092818,0.903607,1
20230619T102732,20230621T100721,1.9860,11,A1,0.648514,0.285387,1
20230619T102732,20230621T100721,1.9860,12,A1,0.117891,0.241762,1
20230619T102732,20230621T100721,1.9860,13,A1,0.634912,0.420305,1
20230619T102732,20230621T100721,1.9860,14,A1,-0.152067,0.236941,1
20230619T102732,20230621T100721,1.9860,15,A1,0.416385,0.332480,1
20230619T102732,20230621T100721,1.9860,17,A1,0.108994,0.127247,1
20230619T102732,20230621T100721,1.9860,18,A1,0.542486,0.454424,1
20230619T102732,20230621T100721,1.9860,19,A1,0.319239,0.068357,1
20230619T102732,20230621T100721,1.9860,20,A1,-0.318296,1.028097,0
20230619T102732,20230621T100721,1.9860,21,A1,0.189682,0.160209,1
20230619T102732,20230621T100721,1.9860,22,A1,0.775400,0.334779,1
20230619T102732,20230621T100721,1.9860,23,A1,0.534612,0.026568,1
20230619T102732,20230621T100721,1.9860,24,A1,-0.071251,0.075837,1
20230619T102732,20230621T100721,1.9860,26,A1,-0.214614,0.310877,1
20230619T102732,20230621T100721,1.9860,27,A1,0.054186,0.540990,0
20230619T102732,20230621T100721,1.9860,28,A1,0.104294,0.480462,1
20230619T102732,20230621T100721,1.9860,29,A1,0.526312,0.149949,1
20230619T102732,20230621T100721,1.9860,30,A1,0.800532,0.000000,1
20230619T102732,20230621T100721,1.9860,31,A1,0.709770,0.091374,1
20230619T102732,20230621T100721,1.9860,32,A1,0.862128,0.055922,1
20230619T102732,20230621T100721,1.9860,33,A2,-0.183841,0.004055,1
20230619T102732,20230621T100721,1.9860,34,A2,-0.204715,0.563271,0
20230619T102732,20230621T100721,1.9860,37,A2,-0.351424,0.397359,0
20230619T102732,20230621T100721,1.9860,39,A2,0.063343,1.262771,0
20230619T102732,20230621T100721,1.9860,40,A2,0.420259,0.410251,0
20230619T102732,20230621T100721,1.9860,41,A2,0.476849,0.075934,1
20230619T102732,20230621T100721,1.9860,42,A2,0.006385,0.328835,0
20230619T102732,20230621T100721,1.9860,43,A2,0.492344,0.003609,1
20230619T102732,20230621T100721,1.9860,44,A2,0.516257,1.750316,0
20230619T102732,20230621T100721,1.9860,45,A2,-0.167876,0.080522,1
20230619T102732,20230621T100721,1.9860,46,A2,0.087407,0.654801,0
20230619T102732,20230621T100721,1.9860,47,A2,0.495950,0.629991,1
20230619T102732,20230621T100721,1.9860,48,A2,0.000540,0.610732,0
20230619T102732,20230621T100721,1.9860,49,A2,0.203579,0.220800,1
20230619T102732,20230621T100721,1.9860,50,A2,-0.025312,0.000000,1
20230619T102732,20230621T100721,1.9860,51,A2,0.042358,0.511770,1
20230619T102732,20230621T100721,1.9860,52,A2,0.291546,0.071206,1
20230619T102732,20230621T100721,1.9860,53,A2,0.074840,0.017596,1
20230619T102732,20230621T100721,1.9860,55,A2,-0.004085,1.133013,0
20230619T102732,20230621T100721,1.9860,57,A2,0.042772,0.144562,1
20230619T102732,20230621T100721,1.9860,58,A2,-0.031461,0.053360,0
20230619T102732,20230621T100721,1.9860,59,A2,0.090359,0.402045,0
20230619T102732,20230621T100721,1.9860,60,A2,-0.127872,0.021615,1
20230619T102732,20230621T100721,1.9860,62,A2,0.315974,1.219478,0
20230619T102732,20230621T100721,1.9860,63,A2,0.362300,0.387615,0
20230619T102732,20230621T100721,1.9860,64,A2,0.337490,0.327863,1
20230619T102732,20230621T100721,1.9860,65,A3,0.436744,0.249835,1
20230619T102732,20230621T100721,1.9860,66,A3,0.162781,0.069796,1
20230619T102732,20230621T100721,1.9860,67,A3,0.434467,0.506193,1
20230619T102732,20230621T100721,1.9860,69,A3,0.337750,1.149712,0
20230619T102732,20230621T100721,1.9860,70,A3,0.424649,0.238810,1
20230619T102732,20230621T100721,1.9860,71,A3,0.839079,0.404184,1
20230619T102732,20230621T100721,1.9860,72,A3,-0.180313,0.407746,0
20230619T102732,20230621T100721,1.9860,73,A3,0.350537,0.062403,0
20230619T102732,20230621T100721,1.9860,74,A3,-0.019760,0.900878,1
20230619T102732,20230621T100721,1.9860,75,A3,0.227526,0.526670,1
20230619T102732,20230621T100721,1.9860,76,A3,0.344884,0.972926,1
20230619T102732,20230621T100721,1.9860,77,A3,0.138496,1.314174,0
20230619T102732,20230621T100721,1.9860,78,A3,0.276714,0.047653,0
20230619T102732,20230621T100721,1.9860,79,A3,0.107904,0.196782,1
20230619T102732,20230621T100721,1.9860,80,A3,0.093124,0.269287,1
20230619T102732,20230621T100721,1.9860,81,A3,0.632532,0.330437,1
20230619T102732,20230621T100721,1.9860,82,A3,0.691374,0.447000,1
20230619T102732,20230621T100721,1.9860,83,A3,-0.260095,0.810643,1
20230619T102732,20230621T100721,1.9860,84,A3,0.063566,0.998605,0
20230619T102732,20230621T100721,1.9860,85,A3,0.805198,0.138847,1
20230619T102732,20230621T100721,1.9860,86,A3,-0.013244,0.302135,1
20230619T102732,20230621T100721,1.9860,87,A3,0.450077,0.000498,1
20230619T102732,20230621T100721,1.9860,88,A3,-0.126316,0.106104,1
20230619T102732,20230621T100721,1.9860,89,A3,-0.046387,1.139057,0
20230619T102732,20230621T100721,1.9860,90,A3,-0.092592,0.050457,1
20230619T102732,20230621T100721,1.9860,93,A3,0.196048,0.437514,1
20230619T102732,20230621T100721,1.9860,94,A3,-0.390127,0.516448,1
20230619T102732,20230621T100721,1.9860,95,A3,0.845793,0.312707,0
20230619T102732,20230621T100721,1.9860,96,A3,-0.043322,0.095000,0
20230619T102732,20230621T100721,1.9860,97,A4,0.030693,0.074369,1
20230619T102732,20230621T100721,1.9860,98,A4,0.597997,0.453008,1
20230619T102732,20230621T100721,1.9860,99,A4,-0.125199,0.031516,1
20230619T102732,20230621T100721,1.9860,100,A4,0.158818,0.943932,1
20230619T102732,20230621T100721,1.9860,101,A4,0.376128,0.025938,1
20230619T102732,20230621T100721,1.9860,102,A4,-0.040309,0.852738,1
20230619T102732,20230621T100721,1.9860,103,A4,-0.045676,0.957984,1
20230619T102732,20230621T100721,1.9860,104,A4,-0.216307,0.161875,1
20230619T102732,20230621T100721,1.9860,105,A4,0.448114,0.044911,0
20230619T102732,20230621T100721,1.9860,106,A4,0.137843,0.952836,0
20230619T102732,20230621T100721,1.9860,107,A4,0.009739,0.447213,1
20230619T102732,20230621T100721,1.9860,108,A4,-0.115710,0.839946,0
20230619T102732,20230621T100721,1.9860,109,A4,0.118092,0.673352,1
20230619T102732,20230621T100721,1.9860,110,A4,0.146035,0.097139,1
20230619T102732,20230621T100721,1.9860,111,A4,0.219742,0.072000,0
20230619T102732,20230621T100721,1.9860,112,A4,0.063024,1.095657,0
20230619T102732,20230621T100721,1.9860,113,A4,-0.059198,0.252791,0
20230619T102732,20230621T100721,1.9860,114,A4,0.137495,0.231324,1
20230619T102732,20230621T100721,1.9860,115,A4,0.021974,0.179555,1
20230619T102732,20230621T100721,1.9860,118,A4,-0.137696,0.162083,0
20230619T102732,20230621T100721,1.9860,119,A4,-0.143386,0.262204,1
20230619T102732,20230621T100721,1.9860,121,A4,0.528850,0.262533,1
20230619T102732,20230621T100721,1.9860,122,A4,0.777422,0.066862,1
20230619T102732,20230621T100721,1.9860,123,A4,-0.277025,1.218576,0
20230619T102732,20230621T100721,1.9860,124,A4,-0.148663,0.469754,0
20230619T102732,20230621T100721,1.9860,125,A4,0.110778,1.125129,0
20230619T102732,20230621T100721,1.9860,126,A4,0.268806,0.114137,0
20230619T102732,20230621T100721,1.9860,129,A5,0.133715,0.279764,0
20230619T102732,20230621T100721,1.9860,130,A5,-0.001331,0.057998,1
20230619T102732,20230621T100721,1.9860,132,A5,0.165306,0.002689,1
20230619T102732,20230621T100721,1.9860,133,A5,-0.015720,0.962383,1
20230619T102732,20230621T100721,1.9860,134,A5,0.322744,0.211796,0
20230619T102732,20230621T100721,1.9860,135,A5,0.170468,0.425093,1
20230619T102732,20230621T100721,1.9860,136,A5,-0.017982,1.655017,0
20230619T102732,20230621T100721,1.9860,137,A5,0.285420,0.037905,1
20230619T102732,20230621T100721,1.9860,138,A5,0.601414,0.005239,1
20230619T102732,20230621T100721,1.9860,139,A5,0.722955,0.000000,1
20230619T102732,20230621T100721,1.9860,140,A5,0.554199,0.400105,0
20230619T102732,20230621T100721,1.9860,141,A5,0.320779,0.543826,1
20230619T102732,20230621T100721,1.9860,142,A5,0.575677,0.660942,1
20230619T102732,20230621T100721,1.9860,143,A5,0.142437,0.708216,0
20230619T102732,20230621T100721,1.9860,144,A5,-0.086025,1.278864,0
20230619T102732,20230621T100721,1.9860,145,A5,0.116238,0.014566,1
20230619T102732,20230621T100721,1.9860,146,A5,0.580032,0.019966,1
20230619T102732,20230621T100721,1.9860,147,A5,0.224853,0.366650,1
20230619T102732,20230621T100721,1.9860,148,A5,-0.013570,0.132422,1
20230619T102732,20230621T100721,1.9860,149,A5,0.081021,0.190786,0
20230619T102732,20230621T100721,1.9860,150,A5,-0.180729,0.016184,1
20230619T102732,20230621T100721,1.9860,151,A5,-0.089186,0.263685,0
20230619T102732,20230621T100721,1.9860,152,A5,-0.189381,0.020880,1
20230619T102732,20230621T100721,1.9860,153,A5,0.679366,0.150153,1
20230619T102732,20230621T100721,1.9860,154,A5,0.096970,0.068072,0
20230619T102732,20230621T100721,1.9860,155,A5,0.001869,0.781178,0
20230619T102732,20230621T100721,1.9860,157,A5,-0.235364,0.047541,1
20230619T102732,20230621T100721,1.9860,158,A5,-0.025117,1.051743,0
20230619T102732,20230621T100721,1.9860,159,A5,0.176060,0.131817,0
20230619T102732,20230621T100721,1.9860,160,A5,0.014594,1.138062,0
20230619T102732,20230622T111856,3.0357,1,A1,-0.043180,0.200156,1
20230619T102732,20230622T111856,3.0357,2,A1,-0.047518,0.139175,0
20230619T102732,20230622T111856,3.0357,3,A1,0.007261,0.017100,0
20230619T102732,20230622T111856,3.0357,4,A1,0.492516,0.090111,1
20230619T102732,20230622T111856,3.0357,6,A1,-0.120232,0.138702,0
20230619T102732,20230622T111856,3.0357,8,A1,-0.171981,0.826374,0
20230619T102732,20230622T111856,3.0357,9,A1,0.299766,0.742162,1
20230619T102732,20230622T111856,3.0357,10,A1,0.142109,0.202098,0
20230619T102732,20230622T111856,3.0357,11,A1,-0.032529,0.468537,1
20230619T102732,20230622T111856,3.0357,12,A1,0.139390,0.168229,1
20230619T102732,20230622T111856,3.0357,13,A1,0.237804,0.359358,1
20230619T102732,20230622T111856,3.0357,14,A1,-0.192002,0.123431,1
20230619T102732,20230622T111856,3.0357,15,A1,0.440914,0.490380,1
20230619T102732,20230622T111856,3.0357,17,A1,0.285155,0.284192,1
20230619T102732,20230622T111856,3.0357,18,A1,0.513672,0.006559,1
20230619T102732,20230622T111856,3.0357,19,A1,0.263817,0.441477,0
20230619T102732,20230622T111856,3.0357,20,A1,0.219884,0.937950,1
20230619T102732,20230622T111856,3.0357,21,A1,-0.206872,0.674189,1
20230619T102732,20230622T111856,3.0357,22,A1,0.655880,0.473788,1
20230619T102732,20230622T111856,3.0357,23,A1,0.478344,0.207318,0
20230619T102732,20230622T111856,3.0357,24,A1,-0.174313,0.685539,0
20230619T102732,20230622T111856,3.0357,26,A1,-0.430606,0.215719,1
20230619T102732,20230622T111856,3.0357,27,A1,0.064885,0.126676,1
20230619T102732,20230622T111856,3.0357,28,A1,0.191148,0.444735,1
20230619T102732,20230622T111856,3.0357,29,A1,0.207035,0.186157,1
20230619T102732,20230622T111856,3.0357,30,A1,0.595788,0.000000,1
20230619T102732,20230622T111856,3.0357,31,A1,0.618469,0.674185,1
20230619T102732,20230622T111856,3.0357,32,A1,0.765619,0.372854,1
20230619T102732,20230622T111856,3.0357,33,A2,-0.021897,0.077850,1
20230619T102732,20230622T111856,3.0357,34,A2,-0.006735,0.208438,0
20230619T102732,20230622T111856,3.0357,37,A2,0.076292,0.049956,1
20230619T102732,20230622T111856,3.0357,39,A2,0.022646,0.507587,1
20230619T102732,20230622T111856,3.0357,40,A2,-0.138538,0.208898,0
20230619T102732,20230622T111856,3.0357,41,A2,0.455042,0.393822,1
20230619T102732,20230622T111856,3.0357,42,A2,-0.191261,0.345743,1
20230619T102732,20230622T111856,3.0357,43,A2,0.365044,0.243460,1
20230619T102732,20230622T111856,3.0357,44,A2,0.438578,1.515057,0
20230619T102732,20230622T111856,3.0357,45,A2,0.084760,0.063685,1
20230619T102732,20230622T111856,3.0357,46,A2,-0.033601,0.781997,1
20230619T102732,20230622T111856,3.0357,47,A2,0.392690,0.000000,1
20230619T102732,20230622T111856,3.0357,48,A2,0.094112,0.412203,0
20230619T102732,20230622T111856,3.0357,49,A2,0.041413,1.442322,0
20230619T102732,20230622T111856,3.0357,50,A2,0.065647,0.300259,1
20230619T102732,20230622T111856,3.0357,51,A2,0.183786,0.409924,0
20230619T102732,20230622T111856,3.0357,52,A2,0.211753,0.161178,1
20230619T102732,20230622T111856,3.0357,53,A2,-0.133880,0.544419,1
20230619T102732,20230622T111856,3.0357,55,A2,-0.109130,1.332480,0
20230619T102732,20230622T111856,3.0357,57,A2,0.095850,1.040288,0
20230619T102732,20230622T111856,3.0357,58,A2,-0.395870,0.183428,1
20230619T102732,20230622T111856,3.0357,59,A2,-0.327014,0.075146,1
20230619T102732,20230622T111856,3.0357,60,A2,-0.059065,0.281618,1
20230619T102732,20230622T111856,3.0357,61,A2,0.074061,0.156365,1
20230619T102732,20230622T111856,3.0357,62,A2,0.151490,1.163046,0
20230619T102732,20230622T111856,3.0357,63,A2,0.198824,0.220425,0
20230619T102732,20230622T111856,3.0357,64,A2,0.319672,0.896764,0
20230619T102732,20230622T111856,3.0357,65,A3,0.383016,0.343660,1
20230619T102732,20230622T111856,3.0357,66,A3,0.251878,0.055995,1
20230619T102732,20230622T111856,3.0357,67,A3,0.184063,0.242922,1
20230619T102732,20230622T111856,3.0357,68,A3,-0.052551,0.042882,1
20230619T102732,20230622T111856,3.0357,69,A3,0.208247,1.178675,0
20230619T102732,20230622T111856,3.0357,70,A3,0.383769,0.674518,1
20230619T102732,20230622T111856,3.0357,71,A3,0.819875,0.429395,1
20230619T102732,20230622T111856,3.0357,72,A3,-0.357622,0.224292,1
20230619T102732,20230622T111856,3.0357,73,A3,0.180295,1.001631,0
20230619T102732,20230622T111856,3.0357,74,A3,0.000762,1.162317,0
20230619T102732,20230622T111856,3.0357,75,A3,-0.146011,0.741856,1
20230619T102732,20230622T111856,3.0357,76,A3,0.217103,0.000000,1
20230619T102732,20230622T111856,3.0357,77,A3,-0.185303,0.873607,0
20230619T102732,20230622T111856,3.0357,78,A3,0.046434,0.228542,1
20230619T102732,20230622T111856,3.0357,79,A3,0.264292,0.551205,0
20230619T102732,20230622T111856,3.0357,80,A3,-0.011852,0.849203,1
20230619T102732,20230622T111856,3.0357,81,A3,0.099392,0.002543,1
20230619T102732,20230622T111856,3.0357,82,A3,-0.135366,0.203642,1
20230619T102732,20230622T111856,3.0357,83,A3,0.134843,0.584383,1
20230619T102732,20230622T111856,3.0357,84,A3,0.016863,0.402872,1
20230619T102732,20230622T111856,3.0357,85,A3,0.494206,0.188596,1
20230619T102732,20230622T111856,3.0357,86,A3,0.087996,0.345570,1
20230619T102732,20230622T111856,3.0357,87,A3,0.128289,0.214481,1
20230619T102732,20230622T111856,3.0357,88,A3,-0.200889,0.636153,0
20230619T102732,20230622T111856,3.0357,89,A3,-0.210851,0.537700,0
20230619T102732,20230622T111856,3.0357,90,A3,0.327212,0.153334,0
20230619T102732,20230622T111856,3.0357,93,A3,0.094033,0.664747,0
20230619T102732,20230622T111856,3.0357,94,A3,0.159677,1.341271,0
20230619T102732,20230622T111856,3.0357,95,A3,0.706818,0.096899,1
20230619T102732,20230622T111856,3.0357,96,A3,0.009687,0.425396,0
20230619T102732,20230622T111856,3.0357,97,A4,-0.187315,0.137917,0
20230619T102732,20230622T111856,3.0357,98,A4,0.073499,0.100400,0
20230619T102732,20230622T111856,3.0357,99,A4,-0.146294,0.070805,0
20230619T102732,20230622T111856,3.0357,100,A4,-0.044253,0.254038,1
20230619T102732,20230622T111856,3.0357,101,A4,0.325706,0.110015,1
20230619T102732,20230622T111856,3.0357,102,A4,0.460425,1.434557,0
20230619T102732,20230622T111856,3.0357,103,A4,0.226970,0.916366,1
20230619T102732,20230622T111856,3.0357,104,A4,0.031317,0.340506,0
20230619T102732,20230622T111856,3.0357,105,A4,0.052270,0.054321,0
20230619T102732,20230622T111856,3.0357,106,A4,-0.101620,0.104782,1
20230619T102732,20230622T111856,3.0357,107,A4,-0.090174,0.305885,1
20230619T102732,20230622T111856,3.0357,108,A4,-0.265478,1.236243,0
20230619T102732,20230622T111856,3.0357,109,A4,-0.083786,0.062547,1
20230619T102732,20230622T111856,3.0357,110,A4,0.240045,0.989054,1
20230619T102732,20230622T111856,3.0357,111,A4,0.011700,0.378743,1
20230619T102732,20230622T111856,3.0357,112,A4,0.179203,0.230387,1
20230619T102732,20230622T111856,3.0357,113,A4,0.132780,0.183232,1
20230619T102732,20230622T111856,3.0357,114,A4,0.248996,0.345141,0
20230619T102732,20230622T111856,3.0357,115,A4,0.222681,0.399975,0
20230619T102732,20230622T111856,3.0357,116,A4,0.112693,1.159183,0
20230619T102732,20230622T111856,3.0357,118,A4,-0.062900,0.046825,1
20230619T102732,20230622T111856,3.0357,119,A4,-0.026744,0.084322,1
20230619T102732,20230622T111856,3.0357,121,A4,0.325735,0.208346,1
20230619T102732,20230622T111856,3.0357,122,A4,0.723591,0.078461,1
20230619T102732,20230622T111856,3.0357,123,A4,-0.174978,1.909499,0
20230619T102732,20230622T111856,3.0357,124,A4,0.091075,0.289835,1
20230619T102732,20230622T111856,3.0357,125,A4,0.105441,0.084534,1
20230619T102732,20230622T111856,3.0357,126,A4,0.112241,0.125347,1
20230619T102732,20230622T111856,3.0357,127,A4,0.135861,1.289258,0
20230619T102732,20230622T111856,3.0357,130,A5,0.240192,1.171286,0
20230619T102732,20230622T111856,3.0357,132,A5,-0.123427,0.156812,0
20230619T102732,20230622T111856,3.0357,133,A5,-0.191035,0.958172,1
20230619T102732,20230622T111856,3.0357,134,A5,0.218584,0.521051,0
20230619T102732,20230622T111856,3.0357,135,A5,-0.030036,0.903677,1
20230619T102732,20230622T111856,3.0357,136,A5,-0.008411,1.719412,0
20230619T102732,20230622T111856,3.0357,137,A5,0.274789,0.132142,1
20230619T102732,20230622T111856,3.0357,138,A5,0.378814,0.848896,1
20230619T102732,20230622T111856,3.0357,139,A5,0.721369,0.400596,1
20230619T102732,20230622T111856,3.0357,140,A5,0.288178,0.605303,0
20230619T102732,20230622T111856,3.0357,141,A5,-0.086324,1.434278,0
20230619T102732,20230622T111856,3.0357,142,A5,-0.048438,0.660942,1
20230619T102732,20230622T111856,3.0357,143,A5,0.086218,1.539771,0
20230619T102732,20230622T111856,3.0357,144,A5,-0.103590,0.737167,0
20230619T102732,20230622T111856,3.0357,145,A5,0.246038,0.129792,0
20230619T102732,20230622T111856,3.0357,146,A5,0.598560,0.699648,1
20230619T102732,20230622T111856,3.0357,147,A5,0.261692,0.961331,0
20230619T102732,20230622T111856,3.0357,148,A5,-0.099418,0.403176,1
20230619T102732,20230622T111856,3.0357,149,A5,0.123349,1.089708,0
20230619T102732,20230622T111856,3.0357,150,A5,0.005662,0.181554,0
20230619T102732,20230622T111856,3.0357,151,A5,0.133785,0.225515,0
20230619T102732,20230622T111856,3.0357,152,A5,-0.148662,1.009519,0
20230619T102732,20230622T111856,3.0357,153,A5,0.551853,0.100717,1
20230619T102732,20230622T111856,3.0357,154,A5,-0.012204,0.774587,1
20230619T102732,20230622T111856,3.0357,155,A5,0.123644,1.061235,0
20230619T102732,20230622T111856,3.0357,156,A5,-0.151708,0.712994,1
20230619T102732,20230622T111856,3.0357,157,A5,-0.120783,1.202368,0
20230619T102732,20230622T111856,3.0357,158,A5,-0.219935,0.711708,1
20230619T102732,20230622T111856,3.0357,159,A5,-0.018732,0.052941,1
20230619T102732,20230622T111856,3.0357,160,A5,-0.211531,1.138062,0
20230619T102732,20230628T101631,8.9923,1,A1,0.238232,0.512580,1
20230619T102732,20230628T101631,8.9923,2,A1,-0.159234,0.064154,1
20230619T102732,20230628T101631,8.9923,3,A1,0.094841,0.084480,0
20230619T102732,20230628T101631,8.9923,4,A1,0.225707,0.017939,1
20230619T102732,20230628T101631,8.9923,6,A1,0.110916,0.001600,1
20230619T102732,20230628T101631,8.9923,8,A1,-0.066687,0.086496,1
20230619T102732,20230628T101631,8.9923,9,A1,0.111062,1.059118,0
20230619T102732,20230628T101631,8.9923,10,A1,0.074762,0.283867,0
20230619T102732,20230628T101631,8.9923,11,A1,0.154829,0.866864,0
20230619T102732,20230628T101631,8.9923,12,A1,0.172989,0.238012,1
20230619T102732,20230628T101631,8.9923,13,A1,0.429916,0.512407,0
20230619T102732,20230628T101631,8.9923,14,A1,0.223960,0.381454,1
20230619T102732,20230628T101631,8.9923,15,A1,0.731017,0.110371,1
20230619T102732,20230628T101631,8.9923,17,A1,0.380111,0.331057,0
20230619T102732,20230628T101631,8.9923,18,A1,0.199404,0.032993,1
20230619T102732,20230628T101631,8.9923,19,A1,-0.051728,0.271577,0
20230619T102732,20230628T101631,8.9923,21,A1,0.117909,0.241832,0
20230619T102732,20230628T101631,8.9923,22,A1,0.818435,0.002506,1
20230619T102732,20230628T101631,8.9923,23,A1,0.017713,0.196268,0
20230619T102732,20230628T101631,8.9923,24,A1,0.015767,1.260341,0
20230619T102732,20230628T101631,8.9923,26,A1,-0.228930,1.073102,0
20230619T102732,20230628T101631,8.9923,27,A1,0.197045,0.333128,1
20230619T102732,20230628T101631,8.9923,28,A1,0.262343,0.650686,0
20230619T102732,20230628T101631,8.9923,29,A1,-0.210625,0.561278,1
20230619T102732,20230628T101631,8.9923,30,A1,0.596602,0.000000,1
20230619T102732,20230628T101631,8.9923,31,A1,0.647241,0.233189,1
20230619T102732,20230628T101631,8.9923,32,A1,0.750588,0.174332,1
20230619T102732,20230628T101631,8.9923,33,A2,0.353447,0.043098,1
20230619T102732,20230628T101631,8.9923,34,A2,0.267025,0.142514,1
20230619T102732,20230628T101631,8.9923,37,A2,-0.117723,0.211668,1
20230619T102732,20230628T101631,8.9923,39,A2,0.106495,0.298273,1
20230619T102732,20230628T101631,8.9923,40,A2,0.219548,0.211646,0
20230619T102732,20230628T101631,8.9923,41,A2,-0.189174,0.681705,1
20230619T102732,20230628T101631,8.9923,42,A2,0.077319,0.222749,1
20230619T102732,20230628T101631,8.9923,43,A2,-0.044562,1.297093,0
20230619T102732,20230628T101631,8.9923,44,A2,0.427941,2.000000,0
20230619T102732,20230628T101631,8.9923,46,A2,0.074899,0.232043,1
20230619T102732,20230628T101631,8.9923,47,A2,0.636261,0.000000,1
20230619T102732,20230628T101631,8.9923,48,A2,0.354306,0.551374,1
20230619T102732,20230628T101631,8.9923,49,A2,0.186491,0.673164,1
20230619T102732,20230628T101631,8.9923,51,A2,0.113232,0.028551,1
20230619T102732,20230628T101631,8.9923,52,A2,0.276222,0.274462,1
20230619T102732,20230628T101631,8.9923,53,A2,0.201811,0.416337,1
20230619T102732,20230628T101631,8.9923,55,A2,0.071575,0.528019,1
20230619T102732,20230628T101631,8.9923,57,A2,0.211089,0.184341,0
20230619T102732,20230628T101631,8.9923,58,A2,-0.068778,0.297098,0
20230619T102732,20230628T101631,8.9923,59,A2,-0.194653,0.027984,0
20230619T102732,20230628T101631,8.9923,60,A2,-0.137509,0.509875,1
20230619T102732,20230628T101631,8.9923,61,A2,-0.050649,0.367798,1
20230619T102732,20230628T101631,8.9923,62,A2,0.441733,1.068487,0
20230619T102732,20230628T101631,8.9923,63,A2,0.201440,0.201437,0
20230619T102732,20230628T101631,8.9923,64,A2,-0.048988,0.879535,0
20230619T102732,20230628T101631,8.9923,65,A3,0.335694,0.766835,1
20230619T102732,20230628T101631,8.9923,66,A3,0.093429,0.026654,1
20230619T102732,20230628T101631,8.9923,68,A3,0.519223,0.359493,0
20230619T102732,20230628T101631,8.9923,69,A3,0.242355,1.454111,0
20230619T102732,20230628T101631,8.9923,70,A3,0.486681,0.459433,1
20230619T102732,20230628T101631,8.9923,71,A3,0.752423,0.199128,1
20230619T102732,20230628T101631,8.9923,72,A3,0.060933,0.331863,1
20230619T102732,20230628T101631,8.9923,73,A3,-0.012153,0.021084,0
20230619T102732,20230628T101631,8.9923,74,A3,0.148620,0.849552,1
20230619T102732,20230628T101631,8.9923,75,A3,0.099065,0.480743,0
20230619T102732,20230628T101631,8.9923,76,A3,0.117330,0.000000,1
20230619T102732,20230628T101631,8.9923,77,A3,-0.001069,1.314174,0
20230619T102732,20230628T101631,8.9923,78,A3,0.094182,0.754132,0
20230619T102732,20230628T101631,8.9923,79,A3,0.161103,1.202260,0
20230619T102732,20230628T101631,8.9923,80,A3,0.001446,0.159482,0
20230619T102732,20230628T101631,8.9923,81,A3,-0.038095,0.409466,0
20230619T102732,20230628T101631,8.9923,82,A3,0.619208,0.466882,1
20230619T102732,20230628T101631,8.9923,83,A3,0.366770,1.037600,0
20230619T102732,20230628T101631,8.9923,84,A3,-0.192986,0.411126,1
20230619T102732,20230628T101631,8.9923,85,A3,0.817535,0.616090,1
20230619T102732,20230628T101631,8.9923,86,A3,-0.250920,0.182410,1
20230619T102732,20230628T101631,8.9923,87,A3,0.080236,0.085881,1
20230619T102732,20230628T101631,8.9923,88,A3,-0.154695,0.304487,0
20230619T102732,20230628T101631,8.9923,89,A3,0.185347,0.119956,1
20230619T102732,20230628T101631,8.9923,93,A3,-0.004785,0.355988,1
20230619T102732,20230628T101631,8.9923,94,A3,0.028919,0.422305,1
20230619T102732,20230628T101631,8.9923,95,A3,0.886624,0.595717,0
20230619T102732,20230628T101631,8.9923,96,A3,-0.164722,0.050725,1
20230619T102732,20230628T101631,8.9923,97,A4,-0.055937,0.484198,1
20230619T102732,20230628T101631,8.9923,98,A4,0.372085,0.063131,1
20230619T102732,20230628T101631,8.9923,100,A4,0.166005,0.910371,1
20230619T102732,20230628T101631,8.9923,101,A4,-0.206837,0.166165,1
20230619T102732,20230628T101631,8.9923,102,A4,0.360663,1.235761,0
20230619T102732,20230628T101631,8.9923,103,A4,-0.094574,0.911902,1
20230619T102732,20230628T101631,8.9923,104,A4,0.016764,0.244126,0
20230619T102732,20230628T101631,8.9923,105,A4,0.460284,0.012708,1
20230619T102732,20230628T101631,8.9923,106,A4,-0.102259,1.895218,0
20230619T102732,20230628T101631,8.9923,107,A4,0.203859,0.673012,0
20230619T102732,20230628T101631,8.9923,108,A4,0.027626,0.833760,0
20230619T102732,20230628T101631,8.9923,109,A4,0.013527,0.105442,1
20230619T102732,20230628T101631,8.9923,110,A4,0.097587,0.989054,1
20230619T102732,20230628T101631,8.9923,111,A4,0.031400,0.084802,0
20230619T102732,20230628T101631,8.9923,112,A4,-0.155873,0.047497,1
20230619T102732,20230628T101631,8.9923,114,A4,0.074893,0.311571,0
20230619T102732,20230628T101631,8.9923,115,A4,-0.193925,0.229951,1
20230619T102732,20230628T101631,8.9923,116,A4,-0.134691,0.824406,1
20230619T102732,20230628T101631,8.9923,118,A4,0.165349,0.032836,1
20230619T102732,20230628T101631,8.9923,119,A4,0.066957,0.193173,1
20230619T102732,20230628T101631,8.9923,121,A4,0.703860,0.293037,1
20230619T102732,20230628T101631,8.9923,122,A4,0.669224,0.212640,1
20230619T102732,20230628T101631,8.9923,123,A4,0.114988,1.148701,0
20230619T102732,20230628T101631,8.9923,125,A4,-0.211314,0.217828,0
20230619T102732,20230628T101631,8.9923,126,A4,-0.027512,0.955064,1
20230619T102732,20230628T101631,8.9923,127,A4,0.415728,2.000000,0
20230619T102732,20230628T101631,8.9923,129,A5,-0.156015,0.088846,1
20230619T102732,20230628T101631,8.9923,130,A5,0.211004,0.657075,1
20230619T102732,20230628T101631,8.9923,132,A5,0.187017,0.689704,1
20230619T102732,20230628T101631,8.9923,133,A5,-0.204099,1.082544,0
20230619T102732,20230628T101631,8.9923,134,A5,-0.004200,0.113782,0
20230619T102732,20230628T101631,8.9923,135,A5,0.258876,0.019116,1
20230619T102732,20230628T101631,8.9923,136,A5,0.160709,0.515320,1
20230619T102732,20230628T101631,8.9923,137,A5,0.310765,0.831292,1
20230619T102732,20230628T101631,8.9923,138,A5,0.230853,0.629762,1
20230619T102732,20230628T101631,8.9923,139,A5,0.784736,0.075958,1
20230619T102732,20230628T101631,8.9923,140,A5,0.311240,0.233679,0
20230619T102732,20230628T101631,8.9923,141,A5,0.280156,1.456174,0
20230619T102732,20230628T101631,8.9923,142,A5,0.228113,0.221969,1
20230619T102732,20230628T101631,8.9923,143,A5,0.179551,0.360400,1
20230619T102732,20230628T101631,8.9923,144,A5,0.292012,0.587938,1
20230619T102732,20230628T101631,8.9923,145,A5,0.084949,0.418038,1
20230619T102732,20230628T101631,8.9923,146,A5,0.548964,0.356697,1
20230619T102732,20230628T101631,8.9923,147,A5,0.285291,0.366650,1
20230619T102732,20230628T101631,8.9923,149,A5,-0.039971,0.614087,1
20230619T102732,20230628T101631,8.9923,150,A5,-0.120078,0.073287,0
20230619T102732,20230628T101631,8.9923,151,A5,0.193882,0.070017,1
20230619T102732,20230628T101631,8.9923,152,A5,0.190847,0.941953,1
20230619T102732,20230628T101631,8.9923,153,A5,0.570950,0.355938,1
20230619T102732,20230628T101631,8.9923,154,A5,-0.101770,0.332229,1
20230619T102732,20230628T101631,8.9923,155,A5,-0.083890,0.245612,1
20230619T102732,20230628T101631,8.9923,157,A5,-0.207277,0.439679,0
20230619T102732,20230628T101631,8.9923,158,A5,-0.038821,1.204538,0
20230619T102732,20230628T101631,8.9923,159,A5,-0.132062,0.269054,1
20230619T102732,20230628T101631,8.9923,160,A5,0.339623,0.861938,1
20230619T102732,20230629T100435,9.9841,1,A1,0.147576,0.512580,1
20230619T102732,20230629T100435,9.9841,4,A1,-0.067196,0.173077,1
20230619T102732,20230629T100435,9.9841,6,A1,0.042167,0.025121,0
20230619T102732,20230629T100435,9.9841,8,A1,0.059813,0.056596,1
20230619T102732,20230629T100435,9.9841,9,A1,0.483890,0.889417,1
20230619T102732,20230629T100435,9.9841,10,A1,-0.007661,0.059537,1
20230619T102732,20230629T100435,9.9841,11,A1,-0.037924,0.775098,0
20230619T102732,20230629T100435,9.9841,12,A1,0.047648,0.165104,1
20230619T102732,20230629T100435,9.9841,13,A1,0.088859,0.523445,0
20230619T102732,20230629T100435,9.9841,14,A1,0.064533,0.531213,0
20230619T102732,20230629T100435,9.9841,15,A1,0.229289,0.180437,1
20230619T102732,20230629T100435,9.9841,17,A1,0.013635,0.392680,0
20230619T102732,20230629T100435,9.9841,18,A1,0.049083,0.396223,1
20230619T102732,20230629T100435,9.9841,19,A1,0.171116,0.220287,0
20230619T102732,20230629T100435,9.9841,22,A1,0.529506,0.048342,1
20230619T102732,20230629T100435,9.9841,23,A1,-0.252479,0.191610,0
20230619T102732,20230629T100435,9.9841,24,A1,0.171066,1.066258,0
20230619T102732,20230629T100435,9.9841,26,A1,0.100390,0.801473,0
20230619T102732,20230629T100435,9.9841,27,A1,-0.100523,0.442717,1
20230619T102732,20230629T100435,9.9841,28,A1,0.124196,0.435662,1
20230619T102732,20230629T100435,9.9841,29,A1,-0.464814,0.896181,0
20230619T102732,20230629T100435,9.9841,30,A1,0.156163,0.791521,1
20230619T102732,20230629T100435,9.9841,31,A1,0.251556,0.216497,1
20230619T102732,20230629T100435,9.9841,32,A1,0.572872,0.240857,1
20230619T102732,20230629T100435,9.9841,37,A2,0.064462,0.344755,1
20230619T102732,20230629T100435,9.9841,38,A2,-0.154010,0.980987,1
20230619T102732,20230629T100435,9.9841,39,A2,0.254829,0.277961,1
20230619T102732,20230629T100435,9.9841,40,A2,0.211055,0.166493,1
20230619T102732,20230629T100435,9.9841,41,A2,0.010885,0.529879,1
20230619T102732,20230629T100435,9.9841,42,A2,0.204540,0.335268,0
20230619T102732,20230629T100435,9.9841,43,A2,0.096782,0.315806,0
20230619T102732,20230629T100435,9.9841,44,A2,0.075280,0.000000,1
20230619T102732,20230629T100435,9.9841,46,A2,0.041790,0.017948,1
20230619T102732,20230629T100435,9.9841,47,A2,0.596330,0.721784,1
20230619T102732,20230629T100435,9.9841,48,A2,0.072843,0.021191,1
20230619T102732,20230629T100435,9.9841,49,A2,0.083686,0.959437,1
20230619T102732,20230629T100435,9.9841,50,A2,-0.283768,1.000443,0
20230619T102732,20230629T100435,9.9841,53,A2,0.123066,0.509779,1
20230619T102732,20230629T100435,9.9841,55,A2,0.087612,0.995160,0
20230619T102732,20230629T100435,9.9841,57,A2,0.155704,0.053714,0
20230619T102732,20230629T100435,9.9841,58,A2,0.309928,1.035746,0
20230619T102732,20230629T100435,9.9841,59,A2,0.206500,0.362216,0
20230619T102732,20230629T100435,9.9841,60,A2,0.002976,0.213413,1
20230619T102732,20230629T100435,9.9841,61,A2,0.343910,0.024137,1
20230619T102732,20230629T100435,9.9841,62,A2,-0.018634,2.000000,0
20230619T102732,20230629T100435,9.9841,63,A2,0.254299,0.408253,0
20230619T102732,20230629T100435,9.9841,64,A2,-0.109606,0.776336,0
20230619T102732,20230629T100435,9.9841,67,A3,0.114528,0.377598,1
20230619T102732,20230629T100435,9.9841,69,A3,-0.041607,0.383846,1
20230619T102732,20230629T100435,9.9841,70,A3,0.076905,0.830311,1
20230619T102732,20230629T100435,9.9841,71,A3,0.600912,0.483774,1
20230619T102732,20230629T100435,9.9841,72,A3,0.076709,0.509762,1
20230619T102732,20230629T100435,9.9841,74,A3,0.213716,0.922284,1
20230619T102732,20230629T100435,9.9841,75,A3,0.073053,0.249913,1
20230619T102732,20230629T100435,9.9841,76,A3,-0.210884,1.046249,0
20230619T102732,20230629T100435,9.9841,77,A3,-0.145483,1.314174,0
20230619T102732,20230629T100435,9.9841,78,A3,-0.094963,0.141266,0
20230619T102732,20230629T100435,9.9841,80,A3,-0.071019,0.234637,1
20230619T102732,20230629T100435,9.9841,81,A3,0.161604,0.262163,1
20230619T102732,20230629T100435,9.9841,82,A3,0.303397,0.180681,1
20230619T102732,20230629T100435,9.9841,83,A3,-0.137338,1.083840,0
20230619T102732,20230629T100435,9.9841,84,A3,-0.035487,0.625710,1
20230619T102732,20230629T100435,9.9841,85,A3,0.105404,0.718059,1
20230619T102732,20230629T100435,9.9841,86,A3,0.205561,0.319228,1
20230619T102732,20230629T100435,9.9841,87,A3,0.286118,0.518150,1
20230619T102732,20230629T100435,9.9841,88,A3,-0.067173,0.673723,1
20230619T102732,20230629T100435,9.9841,90,A3,-0.170176,0.096058,0
20230619T102732,20230629T100435,9.9841,93,A3,-0.178905,0.495639,1
20230619T102732,20230629T100435,9.9841,95,A3,0.641713,0.364749,0
20230619T102732,20230629T100435,9.9841,97,A4,-0.172743,0.096513,0
20230619T102732,20230629T100435,9.9841,98,A4,-0.244107,0.136561,0
20230619T102732,20230629T100435,9.9841,100,A4,0.014630,0.792287,1
20230619T102732,20230629T100435,9.9841,101,A4,-0.098648,0.212542,0
20230619T102732,20230629T100435,9.9841,102,A4,0.002909,1.055149,0
20230619T102732,20230629T100435,9.9841,103,A4,0.143505,1.370298,0
20230619T102732,20230629T100435,9.9841,104,A4,-0.048061,0.310706,0
20230619T102732,20230629T100435,9.9841,106,A4,-0.054719,0.985505,0
20230619T102732,20230629T100435,9.9841,107,A4,0.435629,0.311693,0
20230619T102732,20230629T100435,9.9841,108,A4,0.140152,0.229429,1
20230619T102732,20230629T100435,9.9841,109,A4,-0.273508,0.841676,1
20230619T102732,20230629T100435,9.9841,110,A4,-0.081451,1.010946,0
20230619T102732,20230629T100435,9.9841,111,A4,0.051563,0.086080,0
20230619T102732,20230629T100435,9.9841,112,A4,-0.337274,1.095657,0
20230619T102732,20230629T100435,9.9841,114,A4,0.393094,0.483210,0
20230619T102732,20230629T100435,9.9841,115,A4,0.197682,0.433189,0
20230619T102732,20230629T100435,9.9841,116,A4,-0.170420,0.973910,1
20230619T102732,20230629T100435,9.9841,118,A4,-0.074730,0.285311,0
20230619T102732,20230629T100435,9.9841,119,A4,0.078343,0.703804,0
20230619T102732,20230629T100435,9.9841,121,A4,0.525499,0.117583,1
20230619T102732,20230629T100435,9.9841,122,A4,0.478420,0.511862,1
20230619T102732,20230629T100435,9.9841,123,A4,0.016557,0.915659,0
20230619T102732,20230629T100435,9.9841,124,A4,0.278757,0.695786,1
20230619T102732,20230629T100435,9.9841,125,A4,0.320778,0.139450,0
20230619T102732,20230629T100435,9.9841,126,A4,-0.054907,0.045301,0
20230619T102732,20230629T100435,9.9841,127,A4,-0.060875,0.878500,1
20230619T102732,20230629T100435,9.9841,129,A5,-0.036639,0.878833,1
20230619T102732,20230629T100435,9.9841,130,A5,0.038843,0.193505,0
20230619T102732,20230629T100435,9.9841,133,A5,-0.162513,0.951166,1
20230619T102732,20230629T100435,9.9841,134,A5,-0.032419,0.002288,1
20230619T102732,20230629T100435,9.9841,135,A5,0.203260,0.189798,1
20230619T102732,20230629T100435,9.9841,136,A5,-0.113596,0.646894,1
20230619T102732,20230629T100435,9.9841,137,A5,0.152124,0.289185,0
20230619T102732,20230629T100435,9.9841,138,A5,0.015217,0.726561,0
20230619T102732,20230629T100435,9.9841,141,A5,0.315150,1.456174,0
20230619T102732,20230629T100435,9.9841,142,A5,0.130318,0.353484,0
20230619T102732,20230629T100435,9.9841,143,A5,0.289400,1.539771,0
20230619T102732,20230629T100435,9.9841,144,A5,-0.144654,0.778862,0
20230619T102732,20230629T100435,9.9841,145,A5,-0.220842,0.209885,0
20230619T102732,20230629T100435,9.9841,146,A5,0.149659,0.231822,1
20230619T102732,20230629T100435,9.9841,147,A5,0.211399,0.084706,1
20230619T102732,20230629T100435,9.9841,149,A5,-0.107675,0.254836,0
20230619T102732,20230629T100435,9.9841,150,A5,0.222936,0.014792,1
20230619T102732,20230629T100435,9.9841,151,A5,-0.189381,0.068060,1
20230619T102732,20230629T100435,9.9841,152,A5,0.157412,1.008151,0
20230619T102732,20230629T100435,9.9841,153,A5,0.737476,0.053786,1
20230619T102732,20230629T100435,9.9841,156,A5,-0.242357,1.014123,0
20230619T102732,20230629T100435,9.9841,157,A5,0.128586,0.209335,1
20230619T102732,20230629T100435,9.9841,158,A5,-0.239721,0.876048,1
20230619T102732,20230629T100435,9.9841,160,A5,-0.132564,0.129600,1
20230619T102732,20230703T122644,14.0828,1,A1,-0.151573,0.557962,0
20230619T102732,20230703T122644,14.0828,3,A1,0.101597,0.002911,1
20230619T102732,20230703T122644,14.0828,4,A1,0.362455,0.196034,1
20230619T102732,20230703T122644,14.0828,6,A1,-0.035239,0.029884,0
20230619T102732,20230703T122644,14.0828,9,A1,0.051488,0.810027,1
20230619T102732,20230703T122644,14.0828,10,A1,0.026147,0.029928,1
20230619T102732,20230703T122644,14.0828,11,A1,-0.042319,0.760612,0
20230619T102732,20230703T122644,14.0828,12,A1,-0.008741,0.628844,1
20230619T102732,20230703T122644,14.0828,13,A1,0.288389,0.493263,1
20230619T102732,20230703T122644,14.0828,14,A1,0.110414,0.344483,0
20230619T102732,20230703T122644,14.0828,15,A1,0.709274,0.156918,1
20230619T102732,20230703T122644,14.0828,17,A1,0.441595,0.044195,1
20230619T102732,20230703T122644,14.0828,18,A1,0.513097,0.454424,1
20230619T102732,20230703T122644,14.0828,19,A1,0.240986,0.190942,0
20230619T102732,20230703T122644,14.0828,21,A1,0.006188,0.113819,1
20230619T102732,20230703T122644,14.0828,22,A1,0.793341,0.055729,1
20230619T102732,20230703T122644,14.0828,23,A1,0.365737,0.181176,1
20230619T102732,20230703T122644,14.0828,24,A1,0.169480,0.303882,0
20230619T102732,20230703T122644,14.0828,26,A1,0.068886,0.694448,0
20230619T102732,20230703T122644,14.0828,27,A1,0.338210,0.057705,1
20230619T102732,20230703T122644,14.0828,28,A1,0.215867,0.549799,0
20230619T102732,20230703T122644,14.0828,29,A1,-0.196016,0.595261,1
20230619T102732,20230703T122644,14.0828,30,A1,0.576758,0.268231,1
20230619T102732,20230703T122644,14.0828,31,A1,0.768812,0.330955,0
20230619T102732,20230703T122644,14.0828,32,A1,0.834307,0.353731,1
20230619T102732,20230703T122644,14.0828,33,A2,0.030848,0.143160,1
20230619T102732,20230703T122644,14.0828,34,A2,0.167007,0.308441,0
20230619T102732,20230703T122644,14.0828,37,A2,-0.116087,0.009690,1
20230619T102732,20230703T122644,14.0828,39,A2,0.056828,0.230341,1
20230619T102732,20230703T122644,14.0828,40,A2,-0.298790,0.213755,0
20230619T102732,20230703T122644,14.0828,41,A2,0.410905,0.448566,1
20230619T102732,20230703T122644,14.0828,42,A2,-0.144982,0.460974,0
20230619T102732,20230703T122644,14.0828,43,A2,0.500964,0.392427,0
20230619T102732,20230703T122644,14.0828,44,A2,0.413616,1.043712,0
20230619T102732,20230703T122644,14.0828,45,A2,0.045928,0.203512,1
20230619T102732,20230703T122644,14.0828,46,A2,-0.051033,0.993976,1
20230619T102732,20230703T122644,14.0828,47,A2,0.405125,0.472857,1
20230619T102732,20230703T122644,14.0828,49,A2,0.255097,1.053153,0
20230619T102732,20230703T122644,14.0828,50,A2,0.009060,1.065087,0
20230619T102732,20230703T122644,14.0828,51,A2,-0.135330,0.150366,0
20230619T102732,20230703T122644,14.0828,52,A2,0.357887,0.660051,1
20230619T102732,20230703T122644,14.0828,53,A2,0.239422,0.613274,0
20230619T102732,20230703T122644,14.0828,55,A2,-0.019028,0.427922,1
20230619T102732,20230703T122644,14.0828,57,A2,0.342304,0.041532,1
20230619T102732,20230703T122644,14.0828,58,A2,-0.086450,0.241399,0
20230619T102732,20230703T122644,14.0828,59,A2,-0.153188,0.135459,0
20230619T102732,20230703T122644,14.0828,60,A2,-0.333096,0.509875,1
20230619T102732,20230703T122644,14.0828,62,A2,0.430534,1.122625,0
20230619T102732,20230703T122644,14.0828,63,A2,0.393663,0.198120,0
20230619T102732,20230703T122644,14.0828,64,A2,0.140097,0.544992,0
20230619T102732,20230703T122644,14.0828,65,A3,0.389093,0.766835,1
20230619T102732,20230703T122644,14.0828,66,A3,0.192156,0.178056,1
20230619T102732,20230703T122644,14.0828,68,A3,0.219251,0.057803,1
20230619T102732,20230703T122644,14.0828,69,A3,0.135918,1.548456,0
20230619T102732,20230703T122644,14.0828,70,A3,0.350456,0.168893,1
20230619T102732,20230703T122644,14.0828,72,A3,-0.074414,0.184706,1
20230619T102732,20230703T122644,14.0828,73,A3,-0.141650,0.394022,1
20230619T102732,20230703T122644,14.0828,74,A3,-0.198606,0.000000,1
20230619T102732,20230703T122644,14.0828,75,A3,0.121478,0.111735,1
20230619T102732,20230703T122644,14.0828,76,A3,0.127067,0.773274,1
20230619T102732,20230703T122644,14.0828,77,A3,0.052233,0.439218,0
20230619T102732,20230703T122644,14.0828,78,A3,0.253790,1.033026,0
20230619T102732,20230703T122644,14.0828,79,A3,0.103408,0.343979,0
20230619T102732,20230703T122644,14.0828,80,A3,0.164126,0.041593,1
20230619T102732,20230703T122644,14.0828,81,A3,0.297488,0.724076,1
20230619T102732,20230703T122644,14.0828,82,A3,0.502412,0.335660,1
20230619T102732,20230703T122644,14.0828,84,A3,-0.139736,0.584759,1
20230619T102732,20230703T122644,14.0828,85,A3,0.730720,0.588606,1
20230619T102732,20230703T122644,14.0828,86,A3,0.049794,0.410157,1
20230619T102732,20230703T122644,14.0828,87,A3,0.281700,0.314220,1
20230619T102732,20230703T122644,14.0828,88,A3,0.056348,0.026644,1
20230619T102732,20230703T122644,14.0828,89,A3,-0.263119,0.128918,1
20230619T102732,20230703T122644,14.0828,90,A3,0.088205,0.063147,1
20230619T102732,20230703T122644,14.0828,93,A3,-0.187352,0.521066,1
20230619T102732,20230703T122644,14.0828,94,A3,-0.097729,0.302233,1
20230619T102732,20230703T122644,14.0828,95,A3,0.819139,0.309470,0
20230619T102732,20230703T122644,14.0828,97,A4,0.023809,0.210880,0
20230619T102732,20230703T122644,14.0828,98,A4,0.250734,0.018539,1
20230619T102732,20230703T122644,14.0828,99,A4,0.109028,0.023854,1
20230619T102732,20230703T122644,14.0828,100,A4,-0.038021,1.276857,0
20230619T102732,20230703T122644,14.0828,101,A4,-0.286692,0.117201,1
20230619T102732,20230703T122644,14.0828,102,A4,0.286612,1.011326,0
20230619T102732,20230703T122644,14.0828,103,A4,-0.177619,1.456325,0
20230619T102732,20230703T122644,14.0828,104,A4,-0.050923,0.217209,1
20230619T102732,20230703T122644,14.0828,105,A4,0.050327,0.117958,1
20230619T102732,20230703T122644,14.0828,106,A4,-0.197612,0.298226,1
20230619T102732,20230703T122644,14.0828,107,A4,0.132198,0.253720,0
20230619T102732,20230703T122644,14.0828,108,A4,0.011804,0.464884,1
20230619T102732,20230703T122644,14.0828,109,A4,-0.340948,1.158324,0
20230619T102732,20230703T122644,14.0828,110,A4,0.146595,0.040866,0
20230619T102732,20230703T122644,14.0828,111,A4,-0.211363,0.281172,0
20230619T102732,20230703T122644,14.0828,112,A4,-0.011885,0.179600,0
20230619T102732,20230703T122644,14.0828,114,A4,0.083335,0.341272,0
20230619T102732,20230703T122644,14.0828,116,A4,-0.138921,1.025509,0
20230619T102732,20230703T122644,14.0828,118,A4,0.025236,0.148718,1
20230619T102732,20230703T122644,14.0828,119,A4,0.096183,0.106836,1
20230619T102732,20230703T122644,14.0828,121,A4,0.642135,0.049500,1
20230619T102732,20230703T122644,14.0828,122,A4,0.662832,0.293948,1
20230619T102732,20230703T122644,14.0828,123,A4,0.202495,0.268293,1
20230619T102732,20230703T122644,14.0828,124,A4,0.047425,0.318658,0
20230619T102732,20230703T122644,14.0828,125,A4,-0.270962,0.219376,0
20230619T102732,20230703T122644,14.0828,126,A4,0.294655,0.860181,1
20230619T102732,20230703T122644,14.0828,127,A4,0.053421,0.928191,1
20230619T102732,20230703T122644,14.0828,130,A5,0.253452,0.070983,1
20230619T102732,20230703T122644,14.0828,132,A5,0.025840,0.110237,0
20230619T102732,20230703T122644,14.0828,133,A5,0.099462,2.000000,0
20230619T102732,20230703T122644,14.0828,134,A5,0.122177,0.981129,1
20230619T102732,20230703T122644,14.0828,135,A5,-0.263770,0.023077,1
20230619T102732,20230703T122644,14.0828,136,A5,-0.206362,1.026047,0
20230619T102732,20230703T122644,14.0828,137,A5,0.339665,0.008348,1
20230619T102732,20230703T122644,14.0828,138,A5,0.529218,0.418459,1
20230619T102732,20230703T122644,14.0828,139,A5,0.759328,0.158700,1
20230619T102732,20230703T122644,14.0828,140,A5,0.388354,0.161537,1
20230619T102732,20230703T122644,14.0828,141,A5,0.487873,0.142007,1
20230619T102732,20230703T122644,14.0828,142,A5,0.318069,0.032805,1
20230619T102732,20230703T122644,14.0828,143,A5,-0.225659,0.439063,1
20230619T102732,20230703T122644,14.0828,144,A5,-0.115070,0.672286,1
20230619T102732,20230703T122644,14.0828,145,A5,-0.084000,0.030068,1
20230619T102732,20230703T122644,14.0828,146,A5,0.511257,0.301178,1
20230619T102732,20230703T122644,14.0828,147,A5,0.351686,0.620384,1
20230619T102732,20230703T122644,14.0828,149,A5,-0.198191,0.187188,1
20230619T102732,20230703T122644,14.0828,150,A5,-0.078757,0.193936,0
20230619T102732,20230703T122644,14.0828,151,A5,-0.095007,0.094429,1
20230619T102732,20230703T122644,14.0828,152,A5,0.076954,0.548487,1
20230619T102732,20230703T122644,14.0828,153,A5,0.692006,0.066915,1
20230619T102732,20230703T122644,14.0828,154,A5,0.156673,0.945932,1
20230619T102732,20230703T122644,14.0828,155,A5,-0.197439,1.138008,0
20230619T102732,20230703T122644,14.0828,156,A5,0.113725,2.000000,0
20230619T102732,20230703T122644,14.0828,157,A5,-0.205866,0.438177,0
20230619T102732,20230703T122644,14.0828,158,A5,0.036096,0.483052,1
20230619T102732,20230703T122644,14.0828,159,A5,0.132818,0.132727,1
20230619T102732,20230703T122644,14.0828,160,A5,-0.089854,0.004902,1
20230620T101238,20230621T100721,0.9963,1,A1,0.083695,0.138886,1
20230620T101238,20230621T100721,0.9963,2,A1,0.059710,0.274826,0
20230620T101238,20230621T100721,0.9963,3,A1,-0.030849,0.005832,1
20230620T101238,20230621T100721,0.9963,4,A1,-0.038098,0.567245,0
20230620T101238,20230621T100721,0.9963,6,A1,0.004765,0.159492,0
20230620T101238,20230621T100721,0.9963,8,A1,0.165990,0.323261,0
20230620T101238,20230621T100721,0.9963,9,A1,0.392239,0.871357,1
20230620T101238,20230621T100721,0.9963,10,A1,-0.159169,0.871616,1
20230620T101238,20230621T100721,0.9963,11,A1,0.438819,0.232882,1
20230620T101238,20230621T100721,0.9963,12,A1,-0.168252,0.010927,1
20230620T101238,20230621T100721,0.9963,13,A1,0.471135,0.068213,1
20230620T101238,20230621T100721,0.9963,14,A1,0.515974,0.935900,1
20230620T101238,20230621T100721,0.9963,15,A1,0.553639,0.372600,1
20230620T101238,20230621T100721,0.9963,17,A1,0.152509,0.155419,1
20230620T101238,20230621T100721,0.9963,18,A1,0.713583,0.455095,1
20230620T101238,20230621T100721,0.9963,19,A1,0.607900,0.032235,1
20230620T101238,20230621T100721,0.9963,20,A1,-0.041722,0.004692,1
20230620T101238,20230621T100721,0.9963,21,A1,0.525800,0.005454,1
20230620T101238,20230621T100721,0.9963,22,A1,0.874260,0.243948,1
20230620T101238,20230621T100721,0.9963,23,A1,0.537660,0.386339,0
20230620T101238,20230621T100721,0.9963,24,A1,0.260134,0.020861,1
20230620T101238,20230621T100721,0.9963,26,A1,0.527045,0.817212,1
20230620T101238,20230621T100721,0.9963,27,A1,-0.060753,0.143747,0
20230620T101238,20230621T100721,0.9963,28,A1,-0.090920,0.110350,1
20230620T101238,20230621T100721,0.9963,29,A1,-0.327232,0.692287,1
20230620T101238,20230621T100721,0.9963,30,A1,0.755342,0.196026,1
20230620T101238,20230621T100721,0.9963,31,A1,0.394604,0.231860,1
20230620T101238,20230621T100721,0.9963,32,A1,0.880735,0.107977,1
20230620T101238,20230621T100721,0.9963,34,A2,0.026319,0.454425,1
20230620T101238,20230621T100721,0.9963,36,A2,-0.148942,0.970874,0
20230620T101238,20230621T100721,0.9963,37,A2,-0.160079,1.222894,0
20230620T101238,20230621T100721,0.9963,39,A2,-0.126852,1.385288,0
20230620T101238,20230621T100721,0.9963,40,A2,-0.028732,0.544484,1
20230620T101238,20230621T100721,0.9963,41,A2,0.596345,0.373157,1
20230620T101238,20230621T100721,0.9963,42,A2,0.055432,0.194225,1
20230620T101238,20230621T100721,0.9963,43,A2,0.606588,0.327709,1
20230620T101238,20230621T100721,0.9963,44,A2,0.520227,0.249684,1
20230620T101238,20230621T100721,0.9963,45,A2,0.086665,0.007457,1
20230620T101238,20230621T100721,0.9963,46,A2,0.273909,1.648776,0
20230620T101238,20230621T100721,0.9963,47,A2,0.581756,0.496701,0
20230620T101238,20230621T100721,0.9963,48,A2,0.172733,1.202831,0
20230620T101238,20230621T100721,0.9963,49,A2,-0.185286,0.735048,1
20230620T101238,20230621T100721,0.9963,50,A2,-0.230139,0.932450,1
20230620T101238,20230621T100721,0.9963,51,A2,-0.105618,0.628475,1
20230620T101238,20230621T100721,0.9963,52,A2,0.495199,0.232385,1
20230620T101238,20230621T100721,0.9963,53,A2,0.010982,0.040835,1
20230620T101238,20230621T100721,0.9963,54,A2,0.197236,0.322568,1
20230620T101238,20230621T100721,0.9963,55,A2,-0.236497,0.587579,0
20230620T101238,20230621T100721,0.9963,57,A2,-0.106826,0.102987,1
20230620T101238,20230621T100721,0.9963,58,A2,0.035722,0.408863,1
20230620T101238,20230621T100721,0.9963,59,A2,0.262328,0.036130,1
20230620T101238,20230621T100721,0.9963,60,A2,0.262087,0.084414,1
20230620T101238,20230621T100721,0.9963,62,A2,0.177742,0.081234,1
20230620T101238,20230621T100721,0.9963,63,A2,0.460968,0.146567,1
20230620T101238,20230621T100721,0.9963,64,A2,0.042511,1.082108,0
20230620T101238,20230621T100721,0.9963,65,A3,0.418911,0.052027,1
20230620T101238,20230621T100721,0.9963,66,A3,0.684902,0.135813,1
20230620T101238,20230621T100721,0.9963,67,A3,0.471516,0.507041,1
20230620T101238,20230621T100721,0.9963,69,A3,0.817916,0.551893,1
20230620T101238,20230621T100721,0.9963,70,A3,0.499601,0.593366,1
20230620T101238,20230621T100721,0.9963,71,A3,0.910654,0.719699,1
20230620T101238,20230621T100721,0.9963,72,A3,-0.094309,0.097585,1
20230620T101238,20230621T100721,0.9963,73,A3,0.325755,0.078763,0
20230620T101238,20230621T100721,0.9963,74,A3,-0.084240,0.264931,0
20230620T101238,20230621T100721,0.9963,75,A3,-0.144320,0.215186,1
20230620T101238,20230621T100721,0.9963,76,A3,0.584006,0.279885,0
20230620T101238,20230621T100721,0.9963,77,A3,0.073649,0.548760,1
20230620T101238,20230621T100721,0.9963,78,A3,0.599378,0.221076,1
20230620T101238,20230621T100721,0.9963,79,A3,0.176353,0.034355,0
20230620T101238,20230621T100721,0.9963,80,A3,0.317853,0.014356,1
20230620T101238,20230621T100721,0.9963,81,A3,0.456950,0.273405,1
20230620T101238,20230621T100721,0.9963,82,A3,0.846051,0.410202,1
20230620T101238,20230621T100721,0.9963,83,A3,-0.020822,0.177436,1
20230620T101238,20230621T100721,0.9963,84,A3,0.462467,1.079062,0
20230620T101238,20230621T100721,0.9963,85,A3,0.899280,0.618994,1
20230620T101238,20230621T100721,0.9963,86,A3,0.157244,0.305157,0
20230620T101238,20230621T100721,0.9963,87,A3,0.718715,0.380457,1
20230620T101238,20230621T100721,0.9963,88,A3,-0.125996,0.675238,1
20230620T101238,20230621T100721,0.9963,89,A3,-0.051411,0.630327,1
20230620T101238,20230621T100721,0.9963,90,A3,0.417439,0.368510,0
20230620T101238,20230621T100721,0.9963,91,A3,0.135490,0.148919,1
20230620T101238,20230621T100721,0.9963,93,A3,0.471767,0.133590,1
20230620T101238,20230621T100721,0.9963,94,A3,-0.272625,0.805003,1
20230620T101238,20230621T100721,0.9963,95,A3,0.862129,0.011718,1
20230620T101238,20230621T100721,0.9963,96,A3,0.163236,0.095563,0
20230620T101238,20230621T100721,0.9963,97,A4,0.248092,0.083897,1
20230620T101238,20230621T100721,0.9963,98,A4,0.434219,0.415144,1
20230620T101238,20230621T100721,0.9963,99,A4,0.040064,0.112092,0
20230620T101238,20230621T100721,0.9963,100,A4,-0.090724,0.189669,0
20230620T101238,20230621T100721,0.9963,101,A4,-0.333696,1.172180,0
20230620T101238,20230621T100721,0.9963,102,A4,0.040730,0.133070,1
20230620T101238,20230621T100721,0.9963,103,A4,-0.294767,0.359674,0
20230620T101238,20230621T100721,0.9963,104,A4,0.162730,0.338951,0
20230620T101238,20230621T100721,0.9963,105,A4,0.582911,0.821708,0
20230620T101238,20230621T100721,0.9963,106,A4,-0.153070,0.120318,1
20230620T101238,20230621T100721,0.9963,107,A4,-0.099477,1.017359,0
20230620T101238,20230621T100721,0.9963,108,A4,-0.112126,0.238563,1
20230620T101238,20230621T100721,0.9963,109,A4,0.232279,1.267784,0
20230620T101238,20230621T100721,0.9963,110,A4,-0.152219,0.171634,1
20230620T101238,20230621T100721,0.9963,111,A4,-0.058936,0.540365,1
20230620T101238,20230621T100721,0.9963,112,A4,0.189054,0.901232,1
20230620T101238,20230621T100721,0.9963,113,A4,0.267035,0.112140,0
20230620T101238,20230621T100721,0.9963,114,A4,0.303058,0.163423,0
20230620T101238,20230621T100721,0.9963,115,A4,0.314622,0.107684,1
20230620T101238,20230621T100721,0.9963,118,A4,0.021772,0.295899,1
20230620T101238,20230621T100721,0.9963,119,A4,-0.536071,0.236497,1
20230620T101238,20230621T100721,0.9963,120,A4,0.394303,0.767944,1
20230620T101238,20230621T100721,0.9963,121,A4,0.575895,0.423868,1
20230620T101238,20230621T100721,0.9963,122,A4,0.690038,0.123665,1
20230620T101238,20230621T100721,0.9963,123,A4,0.243058,0.193580,1
20230620T101238,20230621T100721,0.9963,124,A4,0.151614,0.195738,0
20230620T101238,20230621T100721,0.9963,125,A4,-0.007675,1.006826,0
20230620T101238,20230621T100721,0.9963,126,A4,0.014880,0.169009,0
20230620T101238,20230621T100721,0.9963,128,A4,-0.057348,0.659823,1
20230620T101238,20230621T100721,0.9963,129,A5,-0.214813,0.841403,1
20230620T101238,20230621T100721,0.9963,130,A5,0.244950,0.886712,1
20230620T101238,20230621T100721,0.9963,132,A5,-0.087497,0.111839,1
20230620T101238,20230621T100721,0.9963,133,A5,0.251346,0.497425,1
20230620T101238,20230621T100721,0.9963,134,A5,0.185955,0.142859,1
20230620T101238,20230621T100721,0.9963,135,A5,0.036793,0.356746,1
20230620T101238,20230621T100721,0.9963,136,A5,-0.208936,0.064395,1
20230620T101238,20230621T100721,0.9963,137,A5,0.513607,0.040541,1
20230620T101238,20230621T100721,0.9963,138,A5,0.458318,0.204061,1
20230620T101238,20230621T100721,0.9963,139,A5,0.770192,0.264506,1
20230620T101238,20230621T100721,0.9963,140,A5,0.435904,0.569958,1
20230620T101238,20230621T100721,0.9963,141,A5,0.364969,0.725514,1
20230620T101238,20230621T100721,0.9963,142,A5,-0.016737,1.316490,0
20230620T101238,20230621T100721,0.9963,143,A5,0.133707,0.280195,1
20230620T101238,20230621T100721,0.9963,144,A5,-0.114640,0.418902,1
20230620T101238,20230621T100721,0.9963,145,A5,-0.085938,0.072253,0
20230620T101238,20230621T100721,0.9963,146,A5,0.703817,0.068570,1
20230620T101238,20230621T100721,0.9963,147,A5,0.656417,0.348809,1
20230620T101238,20230621T100721,0.9963,148,A5,0.078135,0.270681,1
20230620T101238,20230621T100721,0.9963,149,A5,0.180152,0.195932,1
20230620T101238,20230621T100721,0.9963,150,A5,-0.017149,0.060876,0
20230620T101238,20230621T100721,0.9963,151,A5,0.417899,1.168103,0
20230620T101238,20230621T100721,0.9963,152,A5,0.012890,1.473157,0
20230620T101238,20230621T100721,0.9963,153,A5,0.634787,0.208665,1
20230620T101238,20230621T100721,0.9963,154,A5,0.109515,0.024999,0
20230620T101238,20230621T100721,0.9963,155,A5,0.090734,0.604714,1
20230620T101238,20230621T100721,0.9963,157,A5,0.274654,0.985655,0
20230620T101238,20230621T100721,0.9963,158,A5,-0.380733,0.300806,1
20230620T101238,20230621T100721,0.9963,159,A5,-0.272366,0.095632,1
20230620T101238,20230621T100721,0.9963,160,A5,0.262750,1.023765,0
20230620T101238,20230622T111856,2.0460,1,A1,0.231801,0.076092,1
20230620T101238,20230622T111856,2.0460,2,A1,0.276141,0.127828,1
20230620T101238,20230622T111856,2.0460,3,A1,-0.299183,0.013401,0
20230620T101238,20230622T111856,2.0460,4,A1,0.257147,0.805695,0
20230620T101238,20230622T111856,2.0460,6,A1,-0.171428,0.269181,0
20230620T101238,20230622T111856,2.0460,8,A1,0.090761,0.968713,0
20230620T101238,20230622T111856,2.0460,9,A1,0.094520,0.742162,1
20230620T101238,20230622T111856,2.0460,10,A1,-0.089896,0.234089,0
20230620T101238,20230622T111856,2.0460,11,A1,0.345035,0.049732,1
20230620T101238,20230622T111856,2.0460,12,A1,-0.193373,0.420919,1
20230620T101238,20230622T111856,2.0460,13,A1,0.366313,0.129160,1
20230620T101238,20230622T111856,2.0460,14,A1,0.185567,0.575528,1
20230620T101238,20230622T111856,2.0460,15,A1,0.456660,0.530501,1
20230620T101238,20230622T111856,2.0460,17,A1,0.350552,0.312363,1
20230620T101238,20230622T111856,2.0460,18,A1,0.336958,0.007229,1
20230620T101238,20230622T111856,2.0460,19,A1,0.186735,0.405355,0
20230620T101238,20230622T111856,2.0460,20,A1,0.020004,0.094839,0
20230620T101238,20230622T111856,2.0460,21,A1,-0.143743,0.828944,1
20230620T101238,20230622T111856,2.0460,22,A1,0.893960,0.564620,1
20230620T101238,20230622T111856,2.0460,23,A1,0.434766,0.205590,1
20230620T101238,20230622T111856,2.0460,24,A1,-0.204036,0.588842,0
20230620T101238,20230622T111856,2.0460,26,A1,0.180083,0.722054,1
20230620T101238,20230622T111856,2.0460,27,A1,0.176697,0.270567,1
20230620T101238,20230622T111856,2.0460,28,A1,-0.045904,0.814848,1
20230620T101238,20230622T111856,2.0460,29,A1,0.022196,0.356181,1
20230620T101238,20230622T111856,2.0460,30,A1,0.733071,0.196026,1
20230620T101238,20230622T111856,2.0460,31,A1,0.400775,0.814670,1
20230620T101238,20230622T111856,2.0460,32,A1,0.677524,0.536753,1
20230620T101238,20230622T111856,2.0460,34,A2,-0.089281,0.809258,1
20230620T101238,20230622T111856,2.0460,36,A2,-0.228391,0.307764,1
20230620T101238,20230622T111856,2.0460,37,A2,0.126073,0.875491,1
20230620T101238,20230622T111856,2.0460,39,A2,0.082000,0.630103,1
20230620T101238,20230622T111856,2.0460,40,A2,-0.145084,0.745837,1
20230620T101238,20230622T111856,2.0460,41,A2,0.457687,0.096599,1
20230620T101238,20230622T111856,2.0460,42,A2,0.148722,0.868803,0
20230620T101238,20230622T111856,2.0460,43,A2,0.590527,0.567561,1
20230620T101238,20230622T111856,2.0460,44,A2,0.538862,0.484943,1
20230620T101238,20230622T111856,2.0460,45,A2,0.261845,0.009380,1
20230620T101238,20230622T111856,2.0460,46,A2,0.110714,0.211979,1
20230620T101238,20230622T111856,2.0460,47,A2,0.325159,1.126692,0
20230620T101238,20230622T111856,2.0460,48,A2,-0.008486,1.004302,0
20230620T101238,20230622T111856,2.0460,49,A2,-0.301602,0.486475,0
20230620T101238,20230622T111856,2.0460,50,A2,-0.118484,0.632191,1
20230620T101238,20230622T111856,2.0460,51,A2,0.095972,0.293218,0
20230620T101238,20230622T111856,2.0460,52,A2,0.444815,0.000000,1
20230620T101238,20230622T111856,2.0460,53,A2,-0.049452,0.521180,1
20230620T101238,20230622T111856,2.0460,54,A2,-0.118500,0.240735,1
20230620T101238,20230622T111856,2.0460,55,A2,0.439785,0.787047,0
20230620T101238,20230622T111856,2.0460,57,A2,0.089336,1.081862,0
20230620T101238,20230622T111856,2.0460,58,A2,0.142575,0.645650,0
20230620T101238,20230622T111856,2.0460,59,A2,0.277667,0.513320,0
20230620T101238,20230622T111856,2.0460,60,A2,-0.332677,0.387647,1
20230620T101238,20230622T111856,2.0460,61,A2,0.199778,0.008220,1
20230620T101238,20230622T111856,2.0460,62,A2,0.377609,0.137667,1
20230620T101238,20230622T111856,2.0460,63,A2,0.749387,0.020623,1
20230620T101238,20230622T111856,2.0460,64,A2,0.492171,0.513207,1
20230620T101238,20230622T111856,2.0460,65,A3,0.124093,0.041798,1
20230620T101238,20230622T111856,2.0460,66,A3,0.357125,0.149614,1
20230620T101238,20230622T111856,2.0460,67,A3,0.380265,0.243770,1
20230620T101238,20230622T111856,2.0460,69,A3,0.041600,0.522930,1
20230620T101238,20230622T111856,2.0460,70,A3,0.017328,0.157659,1
20230620T101238,20230622T111856,2.0460,71,A3,0.821017,0.744910,1
20230620T101238,20230622T111856,2.0460,72,A3,-0.120950,0.281038,0
20230620T101238,20230622T111856,2.0460,73,A3,-0.106274,1.017992,0
20230620T101238,20230622T111856,2.0460,74,A3,-0.108075,0.003492,1
20230620T101238,20230622T111856,2.0460,75,A3,0.046862,0.000000,1
20230620T101238,20230622T111856,2.0460,76,A3,0.503007,1.252811,0
20230620T101238,20230622T111856,2.0460,77,A3,0.143766,0.108193,1
20230620T101238,20230622T111856,2.0460,78,A3,0.372306,0.497271,0
20230620T101238,20230622T111856,2.0460,79,A3,-0.128557,0.320067,1
20230620T101238,20230622T111856,2.0460,80,A3,0.131004,0.565559,1
20230620T101238,20230622T111856,2.0460,81,A3,0.139137,0.054489,1
20230620T101238,20230622T111856,2.0460,82,A3,-0.177341,0.166843,1
20230620T101238,20230622T111856,2.0460,83,A3,0.179613,0.403696,1
20230620T101238,20230622T111856,2.0460,84,A3,-0.103438,0.483328,1
20230620T101238,20230622T111856,2.0460,85,A3,0.652699,0.291551,1
20230620T101238,20230622T111856,2.0460,86,A3,0.082209,0.261722,0
20230620T101238,20230622T111856,2.0460,87,A3,-0.185936,0.595436,1
20230620T101238,20230622T111856,2.0460,88,A3,0.098435,1.417494,0
20230620T101238,20230622T111856,2.0460,89,A3,0.172736,0.028970,1
20230620T101238,20230622T111856,2.0460,90,A3,-0.059244,0.164719,1
20230620T101238,20230622T111856,2.0460,91,A3,0.237989,0.745733,1
20230620T101238,20230622T111856,2.0460,93,A3,-0.279648,0.093643,0
20230620T101238,20230622T111856,2.0460,94,A3,0.060940,1.052717,0
20230620T101238,20230622T111856,2.0460,95,A3,0.680340,0.204090,0
20230620T101238,20230622T111856,2.0460,96,A3,-0.196466,0.425959,0
20230620T101238,20230622T111856,2.0460,97,A4,0.197229,0.296183,0
20230620T101238,20230622T111856,2.0460,98,A4,0.123750,0.138264,0
20230620T101238,20230622T111856,2.0460,99,A4,-0.041903,0.009771,1
20230620T101238,20230622T111856,2.0460,100,A4,-0.101770,0.879564,0
20230620T101238,20230622T111856,2.0460,101,A4,0.202916,1.308133,0
20230620T101238,20230622T111856,2.0460,102,A4,-0.253004,0.448749,0
20230620T101238,20230622T111856,2.0460,103,A4,0.069793,0.401291,0
20230620T101238,20230622T111856,2.0460,104,A4,-0.112043,0.160320,1
20230620T101238,20230622T111856,2.0460,105,A4,0.257137,0.831118,0
20230620T101238,20230622T111856,2.0460,106,A4,-0.007726,1.177936,0
20230620T101238,20230622T111856,2.0460,107,A4,0.083616,0.876031,0
20230620T101238,20230622T111856,2.0460,108,A4,0.140955,0.634860,1
20230620T101238,20230622T111856,2.0460,109,A4,0.200431,0.531884,0
20230620T101238,20230622T111856,2.0460,110,A4,0.145244,0.720281,1
20230620T101238,20230622T111856,2.0460,111,A4,-0.068615,0.991108,0
20230620T101238,20230622T111856,2.0460,112,A4,0.032861,0.424812,0
20230620T101238,20230622T111856,2.0460,113,A4,0.190186,0.042581,1
20230620T101238,20230622T111856,2.0460,114,A4,0.275900,0.049606,1
20230620T101238,20230622T111856,2.0460,115,A4,-0.217227,0.328104,0
20230620T101238,20230622T111856,2.0460,116,A4,0.116970,0.840817,1
20230620T101238,20230622T111856,2.0460,118,A4,0.233884,0.411158,0
20230620T101238,20230622T111856,2.0460,119,A4,-0.283508,0.058616,1
20230620T101238,20230622T111856,2.0460,120,A4,0.083057,0.007291,1
20230620T101238,20230622T111856,2.0460,121,A4,0.543232,0.369682,1
20230620T101238,20230622T111856,2.0460,122,A4,0.644403,0.021658,1
20230620T101238,20230622T111856,2.0460,123,A4,-0.061676,0.497344,1
20230620T101238,20230622T111856,2.0460,124,A4,0.321332,0.015820,1
20230620T101238,20230622T111856,2.0460,125,A4,-0.140197,0.033768,1
20230620T101238,20230622T111856,2.0460,126,A4,0.094575,0.070475,1
20230620T101238,20230622T111856,2.0460,127,A4,-0.068988,0.807812,0
20230620T101238,20230622T111856,2.0460,128,A4,0.122346,0.437906,1
20230620T101238,20230622T111856,2.0460,130,A5,0.401882,2.000000,0
20230620T101238,20230622T111856,2.0460,132,A5,-0.244739,0.265963,0
20230620T101238,20230622T111856,2.0460,133,A5,0.199681,0.493213,1
20230620T101238,20230622T111856,2.0460,134,A5,0.524802,0.452114,1
20230620T101238,20230622T111856,2.0460,135,A5,0.338669,0.835330,1
20230620T101238,20230622T111856,2.0460,136,A5,0.516799,0.000000,1
20230620T101238,20230622T111856,2.0460,137,A5,0.603569,0.129506,1
20230620T101238,20230622T111856,2.0460,138,A5,0.457396,0.650074,1
20230620T101238,20230622T111856,2.0460,139,A5,0.804280,0.136090,1
20230620T101238,20230622T111856,2.0460,140,A5,0.652334,0.364760,1
20230620T101238,20230622T111856,2.0460,141,A5,0.162745,1.252590,0
20230620T101238,20230622T111856,2.0460,142,A5,-0.004166,1.316490,0
20230620T101238,20230622T111856,2.0460,143,A5,-0.331152,0.551360,1
20230620T101238,20230622T111856,2.0460,144,A5,-0.095387,0.960600,1
20230620T101238,20230622T111856,2.0460,145,A5,-0.183087,0.042973,1
20230620T101238,20230622T111856,2.0460,146,A5,0.429913,0.651043,1
20230620T101238,20230622T111856,2.0460,147,A5,0.534992,0.979172,0
20230620T101238,20230622T111856,2.0460,148,A5,0.290892,0.541436,1
20230620T101238,20230622T111856,2.0460,149,A5,0.269034,0.702989,1
20230620T101238,20230622T111856,2.0460,150,A5,-0.069613,0.136862,1
20230620T101238,20230622T111856,2.0460,151,A5,0.407783,1.129933,0
20230620T101238,20230622T111856,2.0460,152,A5,0.061548,0.442758,1
20230620T101238,20230622T111856,2.0460,153,A5,0.647542,0.159229,1
20230620T101238,20230622T111856,2.0460,154,A5,-0.075160,0.817660,1
20230620T101238,20230622T111856,2.0460,155,A5,0.286306,0.324657,1
20230620T101238,20230622T111856,2.0460,156,A5,0.672789,0.199954,1
20230620T101238,20230622T111856,2.0460,157,A5,-0.131719,0.264254,1
20230620T101238,20230622T111856,2.0460,158,A5,0.182530,0.640842,0
20230620T101238,20230622T111856,2.0460,159,A5,0.006513,0.280390,0
20230620T101238,20230622T111856,2.0460,160,A5,0.142096,1.023765,0
20230620T101238,20230628T101631,8.0027,1,A1,0.499188,0.788828,1
20230620T101238,20230628T101631,8.0027,2,A1,0.262950,0.202849,0
20230620T101238,20230628T101631,8.0027,3,A1,0.291158,0.080781,0
20230620T101238,20230628T101631,8.0027,4,A1,-0.050208,0.913745,0
20230620T101238,20230628T101631,8.0027,6,A1,0.024666,0.128879,1
20230620T101238,20230628T101631,8.0027,8,A1,0.083391,0.228835,1
20230620T101238,20230628T101631,8.0027,9,A1,-0.021997,1.059118,0
20230620T101238,20230628T101631,8.0027,10,A1,-0.060850,0.315857,0
20230620T101238,20230628T101631,8.0027,11,A1,0.581591,0.348595,0
20230620T101238,20230628T101631,8.0027,12,A1,-0.218518,0.014678,1
20230620T101238,20230628T101631,8.0027,13,A1,0.557983,0.023890,0
20230620T101238,20230628T101631,8.0027,14,A1,0.355055,0.317505,1
20230620T101238,20230628T101631,8.0027,15,A1,0.642686,0.070251,1
20230620T101238,20230628T101631,8.0027,17,A1,0.209667,0.302886,0
20230620T101238,20230628T101631,8.0027,18,A1,0.148032,0.032323,1
20230620T101238,20230628T101631,8.0027,19,A1,0.479838,0.235454,0
20230620T101238,20230628T101631,8.0027,21,A1,0.313833,0.087077,0
20230620T101238,20230628T101631,8.0027,22,A1,0.856743,0.088325,1
20230620T101238,20230628T101631,8.0027,23,A1,-0.214147,0.216640,1
20230620T101238,20230628T101631,8.0027,24,A1,-0.411598,1.163643,0
20230620T101238,20230628T101631,8.0027,26,A1,0.456160,1.579438,0
20230620T101238,20230628T101631,8.0027,27,A1,0.143931,0.064115,1
20230620T101238,20230628T101631,8.0027,28,A1,-0.165784,0.280573,0
20230620T101238,20230628T101631,8.0027,29,A1,0.557535,0.018939,1
20230620T101238,20230628T101631,8.0027,30,A1,0.687754,0.196026,1
20230620T101238,20230628T101631,8.0027,31,A1,0.474967,0.092703,1
20230620T101238,20230628T101631,8.0027,32,A1,0.721661,0.010433,1
20230620T101238,20230628T101631,8.0027,34,A2,0.266535,0.875182,0
20230620T101238,20230628T101631,8.0027,36,A2,-0.052558,0.017966,1
20230620T101238,20230628T101631,8.0027,37,A2,-0.249479,0.613867,1
20230620T101238,20230628T101631,8.0027,39,A2,0.160685,0.420789,1
20230620T101238,20230628T101631,8.0027,40,A2,-0.132156,0.743089,1
20230620T101238,20230628T101631,8.0027,41,A2,-0.086145,0.384482,1
20230620T101238,20230628T101631,8.0027,42,A2,0.209014,0.300311,0
20230620T101238,20230628T101631,8.0027,43,A2,0.108346,1.621194,0
20230620T101238,20230628T101631,8.0027,44,A2,0.273676,0.000000,1
20230620T101238,20230628T101631,8.0027,46,A2,0.182902,0.761933,1
20230620T101238,20230628T101631,8.0027,47,A2,0.436958,1.126692,0
20230620T101238,20230628T101631,8.0027,48,A2,0.026661,0.040724,1
20230620T101238,20230628T101631,8.0027,49,A2,-0.025273,0.282684,1
20230620T101238,20230628T101631,8.0027,51,A2,0.063405,0.145257,1
20230620T101238,20230628T101631,8.0027,52,A2,0.461774,0.435640,1
20230620T101238,20230628T101631,8.0027,53,A2,0.248855,0.439576,1
20230620T101238,20230628T101631,8.0027,54,A2,0.280815,0.586587,1
20230620T101238,20230628T101631,8.0027,55,A2,-0.117113,0.017414,1
20230620T101238,20230628T101631,8.0027,57,A2,0.277092,0.225916,0
20230620T101238,20230628T101631,8.0027,58,A2,-0.068262,0.165124,1
20230620T101238,20230628T101631,8.0027,59,A2,0.114024,0.410190,1
20230620T101238,20230628T101631,8.0027,60,A2,0.080496,0.403846,1
20230620T101238,20230628T101631,8.0027,61,A2,0.450705,0.203213,1
20230620T101238,20230628T101631,8.0027,62,A2,0.292477,0.232225,1
20230620T101238,20230628T101631,8.0027,63,A2,0.754997,0.039611,1
20230620T101238,20230628T101631,8.0027,64,A2,0.120879,0.530436,1
20230620T101238,20230628T101631,8.0027,65,A3,0.490600,0.464973,1
20230620T101238,20230628T101631,8.0027,66,A3,0.391977,0.232263,1
20230620T101238,20230628T101631,8.0027,69,A3,0.834592,0.247494,1
20230620T101238,20230628T101631,8.0027,70,A3,0.311003,0.372743,1
20230620T101238,20230628T101631,8.0027,71,A3,0.872257,0.116387,1
20230620T101238,20230628T101631,8.0027,72,A3,-0.220240,0.173468,0
20230620T101238,20230628T101631,8.0027,73,A3,0.363543,0.037444,0
20230620T101238,20230628T101631,8.0027,74,A3,0.326469,0.316257,0
20230620T101238,20230628T101631,8.0027,75,A3,0.026651,1.222600,0
20230620T101238,20230628T101631,8.0027,76,A3,0.458025,1.252811,0
20230620T101238,20230628T101631,8.0027,77,A3,0.149932,0.548760,1
20230620T101238,20230628T101631,8.0027,78,A3,-0.299517,0.485403,1
20230620T101238,20230628T101631,8.0027,79,A3,0.421443,0.971122,1
20230620T101238,20230628T101631,8.0027,80,A3,0.140200,0.443125,0
20230620T101238,20230628T101631,8.0027,81,A3,0.138735,0.466498,0
20230620T101238,20230628T101631,8.0027,82,A3,0.819064,0.430084,1
20230620T101238,20230628T101631,8.0027,83,A3,-0.075908,0.049521,0
20230620T101238,20230628T101631,8.0027,84,A3,-0.008640,0.491583,1
20230620T101238,20230628T101631,8.0027,85,A3,0.868640,0.135943,1
20230620T101238,20230628T101631,8.0027,86,A3,0.100406,0.789701,0
20230620T101238,20230628T101631,8.0027,87,A3,0.595355,0.295074,1
20230620T101238,20230628T101631,8.0027,88,A3,0.141796,1.085828,0
20230620T101238,20230628T101631,8.0027,89,A3,-0.207939,0.388774,0
20230620T101238,20230628T101631,8.0027,91,A3,-0.068241,0.066424,1
20230620T101238,20230628T101631,8.0027,93,A3,0.208589,0.927092,1
20230620T101238,20230628T101631,8.0027,94,A3,0.242260,0.133750,1
20230620T101238,20230628T101631,8.0027,95,A3,0.918882,0.294728,1
20230620T101238,20230628T101631,8.0027,96,A3,0.145273,0.051288,1
20230620T101238,20230628T101631,8.0027,97,A4,0.223643,0.325931,1
20230620T101238,20230628T101631,8.0027,98,A4,0.342810,0.025267,1
20230620T101238,20230628T101631,8.0027,100,A4,-0.066717,0.223230,0
20230620T101238,20230628T101631,8.0027,101,A4,0.209788,1.031953,0
20230620T101238,20230628T101631,8.0027,102,A4,-0.118338,0.249953,0
20230620T101238,20230628T101631,8.0027,103,A4,-0.064229,0.405755,0
20230620T101238,20230628T101631,8.0027,104,A4,-0.090102,0.256700,1
20230620T101238,20230628T101631,8.0027,105,A4,0.571283,0.764089,1
20230620T101238,20230628T101631,8.0027,106,A4,0.177639,0.822064,1
20230620T101238,20230628T101631,8.0027,107,A4,0.150252,0.102866,1
20230620T101238,20230628T101631,8.0027,108,A4,0.111439,0.232376,1
20230620T101238,20230628T101631,8.0027,109,A4,-0.050256,0.488990,0
20230620T101238,20230628T101631,8.0027,110,A4,0.088882,0.720281,1
20230620T101238,20230628T101631,8.0027,111,A4,0.075879,0.527563,1
20230620T101238,20230628T101631,8.0027,112,A4,-0.336093,0.241923,0
20230620T101238,20230628T101631,8.0027,114,A4,0.379967,0.083176,1
20230620T101238,20230628T101631,8.0027,115,A4,-0.231501,0.158080,1
20230620T101238,20230628T101631,8.0027,116,A4,0.112613,1.175594,0
20230620T101238,20230628T101631,8.0027,118,A4,-0.072233,0.425147,0
20230620T101238,20230628T101631,8.0027,119,A4,-0.095611,0.167467,1
20230620T101238,20230628T101631,8.0027,120,A4,-0.056941,0.045925,1
20230620T101238,20230628T101631,8.0027,121,A4,0.724259,0.131702,1
20230620T101238,20230628T101631,8.0027,122,A4,0.807880,0.155837,1
20230620T101238,20230628T101631,8.0027,123,A4,-0.068691,0.263455,1
20230620T101238,20230628T101631,8.0027,125,A4,0.051805,0.099525,0
20230620T101238,20230628T101631,8.0027,126,A4,0.165838,0.900191,1
20230620T101238,20230628T101631,8.0027,127,A4,0.082783,1.518554,0
20230620T101238,20230628T101631,8.0027,129,A5,-0.098452,1.210013,0
20230620T101238,20230628T101631,8.0027,130,A5,0.449231,0.171640,1
20230620T101238,20230628T101631,8.0027,132,A5,-0.131814,0.580554,1
20230620T101238,20230628T101631,8.0027,133,A5,0.305553,0.617585,0
20230620T101238,20230628T101631,8.0027,134,A5,0.240342,0.044844,1
20230620T101238,20230628T101631,8.0027,135,A5,0.226465,0.049230,1
20230620T101238,20230628T101631,8.0027,136,A5,0.434628,1.204092,0
20230620T101238,20230628T101631,8.0027,137,A5,0.720237,0.833928,1
20230620T101238,20230628T101631,8.0027,138,A5,0.089351,0.430939,1
20230620T101238,20230628T101631,8.0027,139,A5,0.881830,0.188548,1
20230620T101238,20230628T101631,8.0027,140,A5,0.620357,0.736384,1
20230620T101238,20230628T101631,8.0027,141,A5,0.273114,1.274486,0
20230620T101238,20230628T101631,8.0027,142,A5,-0.008073,0.433579,0
20230620T101238,20230628T101631,8.0027,143,A5,0.187200,0.628011,0
20230620T101238,20230628T101631,8.0027,144,A5,-0.187248,1.109828,0
20230620T101238,20230628T101631,8.0027,145,A5,0.189669,0.504857,0
20230620T101238,20230628T101631,8.0027,146,A5,0.760232,0.308093,1
20230620T101238,20230628T101631,8.0027,147,A5,0.835825,0.348809,1
20230620T101238,20230628T101631,8.0027,149,A5,0.125118,1.000805,0
20230620T101238,20230628T101631,8.0027,150,A5,0.153213,0.028595,1
20230620T101238,20230628T101631,8.0027,151,A5,0.328316,0.974434,1
20230620T101238,20230628T101631,8.0027,152,A5,0.065044,0.510324,0
20230620T101238,20230628T101631,8.0027,153,A5,0.669134,0.414449,1
20230620T101238,20230628T101631,8.0027,154,A5,-0.071366,0.375303,1
20230620T101238,20230628T101631,8.0027,155,A5,-0.059728,1.140280,0
20230620T101238,20230628T101631,8.0027,157,A5,0.116375,0.498435,1
20230620T101238,20230628T101631,8.0027,158,A5,0.390911,0.148012,1
20230620T101238,20230628T101631,8.0027,159,A5,0.254924,0.496503,0
20230620T101238,20230628T101631,8.0027,160,A5,0.061346,0.976235,1
20230620T101238,20230629T100435,8.9944,1,A1,0.508454,0.788828,1
20230620T101238,20230629T100435,8.9944,4,A1,0.130624,0.722729,0
20230620T101238,20230629T100435,8.9944,6,A1,-0.029380,0.155600,0
20230620T101238,20230629T100435,8.9944,8,A1,0.001657,0.085742,1
20230620T101238,20230629T100435,8.9944,9,A1,0.145208,0.889417,1
20230620T101238,20230629T100435,8.9944,10,A1,-0.097671,0.027546,1
20230620T101238,20230629T100435,8.9944,11,A1,0.544099,0.256829,0
20230620T101238,20230629T100435,8.9944,12,A1,0.017991,0.087585,1
20230620T101238,20230629T100435,8.9944,13,A1,0.494633,0.034928,0
20230620T101238,20230629T100435,8.9944,14,A1,0.013219,1.230171,0
20230620T101238,20230629T100435,8.9944,15,A1,0.468646,0.140317,1
20230620T101238,20230629T100435,8.9944,17,A1,0.213655,0.364508,0
20230620T101238,20230629T100435,8.9944,18,A1,-0.083949,0.395553,1
20230620T101238,20230629T100435,8.9944,19,A1,0.344854,0.184165,0
20230620T101238,20230629T100435,8.9944,22,A1,0.648631,0.139173,1
20230620T101238,20230629T100435,8.9944,23,A1,0.013184,0.221298,1
20230620T101238,20230629T100435,8.9944,24,A1,-0.052981,0.969561,0
20230620T101238,20230629T100435,8.9944,26,A1,0.290360,1.307808,0
20230620T101238,20230629T100435,8.9944,27,A1,-0.283544,0.045475,1
20230620T101238,20230629T100435,8.9944,28,A1,0.376366,0.065549,1
20230620T101238,20230629T100435,8.9944,29,A1,0.560076,0.353843,0
20230620T101238,20230629T100435,8.9944,30,A1,0.379697,0.595495,1
20230620T101238,20230629T100435,8.9944,31,A1,0.016768,0.076012,1
20230620T101238,20230629T100435,8.9944,32,A1,0.598387,0.076958,1
20230620T101238,20230629T100435,8.9944,36,A2,-0.323782,0.584417,0
20230620T101238,20230629T100435,8.9944,37,A2,0.182391,0.480780,1
20230620T101238,20230629T100435,8.9944,39,A2,0.422640,0.400477,1
20230620T101238,20230629T100435,8.9944,40,A2,0.020201,1.121228,0
20230620T101238,20230629T100435,8.9944,41,A2,0.431817,0.232656,1
20230620T101238,20230629T100435,8.9944,42,A2,-0.112472,0.187792,1
20230620T101238,20230629T100435,8.9944,43,A2,0.371741,0.639906,0
20230620T101238,20230629T100435,8.9944,44,A2,0.199829,2.000000,0
20230620T101238,20230629T100435,8.9944,46,A2,0.136982,0.976028,1
20230620T101238,20230629T100435,8.9944,47,A2,0.510963,0.404908,0
20230620T101238,20230629T100435,8.9944,48,A2,0.162391,0.613289,1
20230620T101238,20230629T100435,8.9944,49,A2,-0.307735,0.003590,1
20230620T101238,20230629T100435,8.9944,50,A2,0.106983,0.067993,0
20230620T101238,20230629T100435,8.9944,53,A2,0.075856,0.486540,1
20230620T101238,20230629T100435,8.9944,54,A2,0.099413,0.578752,1
20230620T101238,20230629T100435,8.9944,55,A2,-0.112449,0.449727,0
20230620T101238,20230629T100435,8.9944,57,A2,0.219499,0.095289,0
20230620T101238,20230629T100435,8.9944,58,A2,0.065338,0.573523,1
20230620T101238,20230629T100435,8.9944,59,A2,0.122356,0.075959,1
20230620T101238,20230629T100435,8.9944,60,A2,-0.047210,0.319442,1
20230620T101238,20230629T100435,8.9944,61,A2,0.193727,0.188722,1
20230620T101238,20230629T100435,8.9944,62,A2,-0.028325,0.699288,1
20230620T101238,20230629T100435,8.9944,63,A2,0.602719,0.167205,1
20230620T101238,20230629T100435,8.9944,64,A2,0.424757,0.633635,1
20230620T101238,20230629T100435,8.9944,67,A3,0.207976,0.378446,1
20230620T101238,20230629T100435,8.9944,69,A3,0.365671,1.317759,0
20230620T101238,20230629T100435,8.9944,70,A3,-0.118623,0.001865,1
20230620T101238,20230629T100435,8.9944,71,A3,0.674659,0.168259,1
20230620T101238,20230629T100435,8.9944,72,A3,-0.050556,1.015093,0
20230620T101238,20230629T100435,8.9944,74,A3,0.284482,0.243526,0
20230620T101238,20230629T100435,8.9944,75,A3,-0.042619,0.991769,1
20230620T101238,20230629T100435,8.9944,76,A3,0.107431,0.206563,1
20230620T101238,20230629T100435,8.9944,77,A3,0.291455,0.548760,1
20230620T101238,20230629T100435,8.9944,78,A3,0.265065,0.127463,1
20230620T101238,20230629T100435,8.9944,80,A3,0.182470,0.049006,1
20230620T101238,20230629T100435,8.9944,81,A3,0.004543,0.319195,1
20230620T101238,20230629T100435,8.9944,82,A3,0.407565,0.143882,1
20230620T101238,20230629T100435,8.9944,83,A3,0.230197,0.095761,0
20230620T101238,20230629T100435,8.9944,84,A3,0.260696,0.706166,1
20230620T101238,20230629T100435,8.9944,85,A3,0.045133,0.237912,1
20230620T101238,20230629T100435,8.9944,86,A3,0.497167,0.288063,0
20230620T101238,20230629T100435,8.9944,87,A3,0.069450,0.137195,1
20230620T101238,20230629T100435,8.9944,88,A3,-0.049901,0.107619,1
20230620T101238,20230629T100435,8.9944,90,A3,-0.054764,0.221995,1
20230620T101238,20230629T100435,8.9944,91,A3,-0.177220,0.054565,1
20230620T101238,20230629T100435,8.9944,93,A3,-0.281513,0.075465,1
20230620T101238,20230629T100435,8.9944,95,A3,0.673128,0.063760,1
20230620T101238,20230629T100435,8.9944,97,A4,0.265218,0.254779,0
20230620T101238,20230629T100435,8.9944,98,A4,-0.156974,0.174425,0
20230620T101238,20230629T100435,8.9944,100,A4,-0.198410,0.341315,0
20230620T101238,20230629T100435,8.9944,101,A4,0.137093,0.985577,1
20230620T101238,20230629T100435,8.9944,102,A4,0.196410,0.069341,0
20230620T101238,20230629T100435,8.9944,103,A4,-0.035274,0.052641,1
20230620T101238,20230629T100435,8.9944,104,A4,0.146608,0.190120,1
20230620T101238,20230629T100435,8.9944,106,A4,-0.183894,0.087649,1
20230620T101238,20230629T100435,8.9944,107,A4,0.050971,0.258453,1
20230620T101238,20230629T100435,8.9944,108,A4,0.060603,0.371955,0
20230620T101238,20230629T100435,8.9944,109,A4,0.245316,1.436107,0
20230620T101238,20230629T100435,8.9944,110,A4,-0.345264,1.279719,0
20230620T101238,20230629T100435,8.9944,111,A4,-0.064082,0.526285,1
20230620T101238,20230629T100435,8.9944,112,A4,-0.089290,0.901232,1
20230620T101238,20230629T100435,8.9944,114,A4,0.202173,0.088463,1
20230620T101238,20230629T100435,8.9944,115,A4,0.007702,0.361318,0
20230620T101238,20230629T100435,8.9944,116,A4,-0.015802,1.026090,0
20230620T101238,20230629T100435,8.9944,118,A4,-0.128354,0.172671,1
20230620T101238,20230629T100435,8.9944,119,A4,-0.084335,0.678097,0
20230620T101238,20230629T100435,8.9944,120,A4,0.159544,0.304863,0
20230620T101238,20230629T100435,8.9944,121,A4,0.610350,0.278918,1
20230620T101238,20230629T100435,8.9944,122,A4,0.552192,0.455059,1
20230620T101238,20230629T100435,8.9944,123,A4,-0.100544,0.496497,1
20230620T101238,20230629T100435,8.9944,124,A4,-0.138551,0.969801,1
20230620T101238,20230629T100435,8.9944,125,A4,-0.135911,0.021147,0
20230620T101238,20230629T100435,8.9944,126,A4,0.138153,0.100174,0
20230620T101238,20230629T100435,8.9944,127,A4,0.345251,0.397054,1
20230620T101238,20230629T100435,8.9944,128,A4,0.065407,0.327683,1
20230620T101238,20230629T100435,8.9944,129,A5,-0.140146,2.000000,0
20230620T101238,20230629T100435,8.9944,130,A5,0.481009,1.022220,0
20230620T101238,20230629T100435,8.9944,133,A5,-0.015951,0.486207,1
20230620T101238,20230629T100435,8.9944,134,A5,-0.150529,0.066650,0
20230620T101238,20230629T100435,8.9944,135,A5,0.179509,0.121452,1
20230620T101238,20230629T100435,8.9944,136,A5,0.063171,1.072518,0
20230620T101238,20230629T100435,8.9944,137,A5,0.703158,0.286549,0
20230620T101238,20230629T100435,8.9944,138,A5,-0.176889,0.925384,0
20230620T101238,20230629T100435,8.9944,141,A5,0.334799,1.274486,0
20230620T101238,20230629T100435,8.9944,142,A5,-0.047459,0.302064,1
20230620T101238,20230629T100435,8.9944,143,A5,-0.233665,0.551360,1
20230620T101238,20230629T100435,8.9944,144,A5,0.033576,0.918905,1
20230620T101238,20230629T100435,8.9944,145,A5,0.009796,0.123066,1
20230620T101238,20230629T100435,8.9944,146,A5,0.411922,0.280427,1
20230620T101238,20230629T100435,8.9944,147,A5,0.643762,0.066865,1
20230620T101238,20230629T100435,8.9944,149,A5,-0.160950,0.131882,1
20230620T101238,20230629T100435,8.9944,150,A5,-0.116950,0.059484,0
20230620T101238,20230629T100435,8.9944,151,A5,0.187055,0.836357,1
20230620T101238,20230629T100435,8.9944,152,A5,-0.218672,0.444126,1
20230620T101238,20230629T100435,8.9944,153,A5,0.323555,0.112298,1
20230620T101238,20230629T100435,8.9944,156,A5,0.396405,0.101175,0
20230620T101238,20230629T100435,8.9944,157,A5,-0.161610,0.728779,0
20230620T101238,20230629T100435,8.9944,158,A5,-0.402970,0.476501,0
20230620T101238,20230629T100435,8.9944,160,A5,-0.225983,0.015304,1
20230620T101238,20230703T122644,13.0931,1,A1,0.254911,0.281714,0
20230620T101238,20230703T122644,13.0931,3,A1,-0.124969,0.000788,1
20230620T101238,20230703T122644,13.0931,4,A1,-0.136669,0.699772,0
20230620T101238,20230703T122644,13.0931,6,A1,0.010621,0.160363,0
20230620T101238,20230703T122644,13.0931,9,A1,-0.044707,0.810027,1
20230620T101238,20230703T122644,13.0931,10,A1,-0.012038,0.002063,1
20230620T101238,20230703T122644,13.0931,11,A1,0.119022,0.242343,0
20230620T101238,20230703T122644,13.0931,12,A1,0.045364,0.881534,1
20230620T101238,20230703T122644,13.0931,13,A1,0.277461,0.004745,1
20230620T101238,20230703T122644,13.0931,14,A1,0.235605,1.043442,0
20230620T101238,20230703T122644,13.0931,15,A1,0.621758,0.116798,1
20230620T101238,20230703T122644,13.0931,17,A1,0.250941,0.072367,1
20230620T101238,20230703T122644,13.0931,18,A1,0.349626,0.455095,1
20230620T101238,20230703T122644,13.0931,19,A1,0.334941,0.154820,0
20230620T101238,20230703T122644,13.0931,21,A1,0.221762,0.040936,1
20230620T101238,20230703T122644,13.0931,22,A1,0.891520,0.035102,1
20230620T101238,20230703T122644,13.0931,23,A1,0.229327,0.231732,0
20230620T101238,20230703T122644,13.0931,24,A1,0.031032,0.207184,0
20230620T101238,20230703T122644,13.0931,26,A1,0.119777,1.200784,0
20230620T101238,20230703T122644,13.0931,27,A1,0.255666,0.339538,1
20230620T101238,20230703T122644,13.0931,28,A1,-0.230389,0.179686,0
20230620T101238,20230703T122644,13.0931,29,A1,0.392710,0.052923,1
20230620T101238,20230703T122644,13.0931,30,A1,0.705400,0.072205,1
20230620T101238,20230703T122644,13.0931,31,A1,0.341076,0.190470,0
20230620T101238,20230703T122644,13.0931,32,A1,0.803526,0.189832,1
20230620T101238,20230703T122644,13.0931,34,A2,0.101824,0.709255,1
20230620T101238,20230703T122644,13.0931,36,A2,0.016379,0.729060,0
20230620T101238,20230703T122644,13.0931,37,A2,0.139516,0.815844,1
20230620T101238,20230703T122644,13.0931,39,A2,0.208123,0.352857,1
20230620T101238,20230703T122644,13.0931,40,A2,-0.049648,0.740980,1
20230620T101238,20230703T122644,13.0931,41,A2,0.392842,0.151343,1
20230620T101238,20230703T122644,13.0931,42,A2,-0.197148,0.062086,1
20230620T101238,20230703T122644,13.0931,43,A2,0.620964,0.716527,0
20230620T101238,20230703T122644,13.0931,44,A2,0.433774,0.956288,1
20230620T101238,20230703T122644,13.0931,45,A2,0.319216,0.130447,1
20230620T101238,20230703T122644,13.0931,46,A2,0.321463,0.000000,1
20230620T101238,20230703T122644,13.0931,47,A2,0.336655,0.653836,0
20230620T101238,20230703T122644,13.0931,49,A2,-0.013849,0.097306,0
20230620T101238,20230703T122644,13.0931,50,A2,0.063704,0.132637,0
20230620T101238,20230703T122644,13.0931,51,A2,-0.109021,0.033660,0
20230620T101238,20230703T122644,13.0931,52,A2,0.610592,0.821229,1
20230620T101238,20230703T122644,13.0931,53,A2,0.075195,0.590035,0
20230620T101238,20230703T122644,13.0931,55,A2,-0.195269,0.117511,1
20230620T101238,20230703T122644,13.0931,57,A2,0.155200,0.000043,1
20230620T101238,20230703T122644,13.0931,58,A2,-0.145568,0.220823,1
20230620T101238,20230703T122644,13.0931,59,A2,0.250575,0.302716,1
20230620T101238,20230703T122644,13.0931,60,A2,-0.047075,0.403846,1
20230620T101238,20230703T122644,13.0931,62,A2,0.222305,0.178087,1
20230620T101238,20230703T122644,13.0931,63,A2,0.596487,0.042928,1
20230620T101238,20230703T122644,13.0931,64,A2,0.351547,0.864979,1
20230620T101238,20230703T122644,13.0931,65,A3,0.339855,0.464973,1
20230620T101238,20230703T122644,13.0931,66,A3,0.400032,0.383664,1
20230620T101238,20230703T122644,13.0931,69,A3,0.748753,0.153149,1
20230620T101238,20230703T122644,13.0931,70,A3,0.245226,0.663284,1
20230620T101238,20230703T122644,13.0931,72,A3,0.080620,0.320625,0
20230620T101238,20230703T122644,13.0931,73,A3,-0.295714,0.377662,1
20230620T101238,20230703T122644,13.0931,74,A3,-0.315413,1.165809,0
20230620T101238,20230703T122644,13.0931,75,A3,-0.073664,0.853591,1
20230620T101238,20230703T122644,13.0931,76,A3,0.255161,0.479537,0
20230620T101238,20230703T122644,13.0931,77,A3,0.400254,0.326195,1
20230620T101238,20230703T122644,13.0931,78,A3,0.140105,0.764297,1
20230620T101238,20230703T122644,13.0931,79,A3,0.099959,0.112841,1
20230620T101238,20230703T122644,13.0931,80,A3,0.303028,0.242050,1
20230620T101238,20230703T122644,13.0931,81,A3,0.045214,0.667044,1
20230620T101238,20230703T122644,13.0931,82,A3,0.582733,0.298862,1
20230620T101238,20230703T122644,13.0931,84,A3,-0.051584,0.665215,1
20230620T101238,20230703T122644,13.0931,85,A3,0.723000,0.108459,1
20230620T101238,20230703T122644,13.0931,86,A3,-0.082864,0.197135,0
20230620T101238,20230703T122644,13.0931,87,A3,0.392614,0.066735,1
20230620T101238,20230703T122644,13.0931,88,A3,0.242947,0.807985,1
20230620T101238,20230703T122644,13.0931,89,A3,-0.014769,0.379812,0
20230620T101238,20230703T122644,13.0931,90,A3,-0.082650,0.381200,0
20230620T101238,20230703T122644,13.0931,91,A3,-0.103071,0.109568,1
20230620T101238,20230703T122644,13.0931,93,A3,0.216471,0.050038,1
20230620T101238,20230703T122644,13.0931,94,A3,-0.066968,0.590787,1
20230620T101238,20230703T122644,13.0931,95,A3,0.875673,0.008481,1
20230620T101238,20230703T122644,13.0931,97,A4,0.253816,0.369146,0
20230620T101238,20230703T122644,13.0931,98,A4,0.607611,0.019325,1
20230620T101238,20230703T122644,13.0931,99,A4,-0.004581,0.104430,0
20230620T101238,20230703T122644,13.0931,100,A4,-0.067122,0.143255,1
20230620T101238,20230703T122644,13.0931,101,A4,0.213024,1.080918,0
20230620T101238,20230703T122644,13.0931,102,A4,-0.423864,0.025518,0
20230620T101238,20230703T122644,13.0931,103,A4,-0.025477,0.138668,1
20230620T101238,20230703T122644,13.0931,104,A4,-0.015313,0.718035,0
20230620T101238,20230703T122644,13.0931,105,A4,0.335584,0.658839,1
20230620T101238,20230703T122644,13.0931,106,A4,0.071197,0.774928,0
20230620T101238,20230703T122644,13.0931,107,A4,0.094561,0.316426,1
20230620T101238,20230703T122644,13.0931,108,A4,-0.016380,0.136499,0
20230620T101238,20230703T122644,13.0931,109,A4,0.184257,0.563893,1
20230620T101238,20230703T122644,13.0931,110,A4,0.111695,0.309639,0
20230620T101238,20230703T122644,13.0931,111,A4,-0.114612,0.331193,1
20230620T101238,20230703T122644,13.0931,112,A4,0.299348,0.014826,1
20230620T101238,20230703T122644,13.0931,114,A4,0.009284,0.053475,1
20230620T101238,20230703T122644,13.0931,116,A4,-0.000970,0.974491,1
20230620T101238,20230703T122644,13.0931,118,A4,-0.082983,0.309265,0
20230620T101238,20230703T122644,13.0931,119,A4,-0.262381,0.081129,1
20230620T101238,20230703T122644,13.0931,121,A4,0.644652,0.210835,1
20230620T101238,20230703T122644,13.0931,122,A4,0.755766,0.237145,1
20230620T101238,20230703T122644,13.0931,123,A4,-0.009756,1.143863,0
20230620T101238,20230703T122644,13.0931,124,A4,0.025915,0.044643,0
20230620T101238,20230703T122644,13.0931,125,A4,-0.264846,0.101073,0
20230620T101238,20230703T122644,13.0931,126,A4,0.020245,0.805308,1
20230620T101238,20230703T122644,13.0931,127,A4,0.128846,0.446745,1
20230620T101238,20230703T122644,13.0931,128,A4,0.181384,0.659823,1
20230620T101238,20230703T122644,13.0931,130,A5,0.472606,0.757731,1
20230620T101238,20230703T122644,13.0931,132,A5,-0.101015,0.219387,0
20230620T101238,20230703T122644,13.0931,133,A5,0.007720,1.535041,0
20230620T101238,20230703T122644,13.0931,134,A5,0.452653,1.050067,0
20230620T101238,20230703T122644,13.0931,135,A5,-0.155110,0.091423,1
20230620T101238,20230703T122644,13.0931,136,A5,0.124165,0.693365,1
20230620T101238,20230703T122644,13.0931,137,A5,0.720042,0.010984,1
20230620T101238,20230703T122644,13.0931,138,A5,0.266220,0.219637,1
20230620T101238,20230703T122644,13.0931,139,A5,0.828208,0.105806,1
20230620T101238,20230703T122644,13.0931,140,A5,0.452606,0.808526,0
20230620T101238,20230703T122644,13.0931,141,A5,0.255297,0.039681,1
20230620T101238,20230703T122644,13.0931,142,A5,0.272010,0.622743,0
20230620T101238,20230703T122644,13.0931,143,A5,0.086934,0.549348,0
20230620T101238,20230703T122644,13.0931,144,A5,-0.128096,1.025481,0
20230620T101238,20230703T122644,13.0931,145,A5,0.031784,0.116887,0
20230620T101238,20230703T122644,13.0931,146,A5,0.616556,0.252574,1
20230620T101238,20230703T122644,13.0931,147,A5,0.706079,0.638225,1
20230620T101238,20230703T122644,13.0931,149,A5,-0.162408,0.573906,0
20230620T101238,20230703T122644,13.0931,150,A5,-0.035948,0.149243,1
20230620T101238,20230703T122644,13.0931,151,A5,-0.480833,0.998846,1
20230620T101238,20230703T122644,13.0931,152,A5,0.043355,0.903790,0
20230620T101238,20230703T122644,13.0931,153,A5,0.714621,0.125427,1
20230620T101238,20230703T122644,13.0931,154,A5,0.246535,0.989005,1
20230620T101238,20230703T122644,13.0931,155,A5,0.217637,0.247884,1
20230620T101238,20230703T122644,13.0931,156,A5,0.188481,1.087052,0
20230620T101238,20230703T122644,13.0931,157,A5,-0.001441,0.499937,1
20230620T101238,20230703T122644,13.0931,158,A5,0.109555,0.869497,0
20230620T101238,20230703T122644,13.0931,159,A5,0.299173,0.360175,0
20230620T101238,20230703T122644,13.0931,160,A5,-0.072976,0.119199,1
20230621T100721,20230622T111856,1.0497,1,A1,-0.078842,0.062794,1
20230621T100721,20230622T111856,1.0497,2,A1,0.073663,0.146998,0
20230621T100721,20230622T111856,1.0497,3,A1,-0.311783,0.019234,0
20230621T100721,20230622T111856,1.0497,4,A1,0.068677,0.238450,1
20230621T100721,20230622T111856,1.0497,6,A1,-0.058909,0.109689,1
20230621T100721,20230622T111856,1.0497,8,A1,0.185683,0.645452,1
20230621T100721,20230622T111856,1.0497,9,A1,0.484602,0.129195,1
20230621T100721,20230622T111856,1.0497,10,A1,0.058430,1.105705,0
20230621T100721,20230622T111856,1.0497,11,A1,0.217260,0.183150,1
20230621T100721,20230622T111856,1.0497,12,A1,0.076030,0.409992,1
20230621T100721,20230622T111856,1.0497,13,A1,0.618739,0.060947,1
20230621T100721,20230622T111856,1.0497,14,A1,0.327657,0.360372,1
20230621T100721,20230622T111856,1.0497,15,A1,0.199813,0.157900,1
20230621T100721,20230622T111856,1.0497,17,A1,0.010492,0.156945,1
20230621T100721,20230622T111856,1.0497,18,A1,0.595396,0.447866,1
20230621T100721,20230622T111856,1.0497,19,A1,0.277489,0.373120,0
20230621T100721,20230622T111856,1.0497,20,A1,-0.223306,0.090147,0
20230621T100721,20230622T111856,1.0497,21,A1,-0.058699,0.834398,1
20230621T100721,20230622T111856,1.0497,22,A1,0.864010,0.808568,1
20230621T100721,20230622T111856,1.0497,23,A1,0.421473,0.180750,0
20230621T100721,20230622T111856,1.0497,24,A1,-0.334278,0.609702,0
20230621T100721,20230622T111856,1.0497,26,A1,0.384640,0.095158,1
20230621T100721,20230622T111856,1.0497,27,A1,-0.003368,0.414314,0
20230621T100721,20230622T111856,1.0497,28,A1,-0.243177,0.925197,1
20230621T100721,20230622T111856,1.0497,29,A1,0.599510,0.336106,1
20230621T100721,20230622T111856,1.0497,30,A1,0.787388,0.000000,1
20230621T100721,20230622T111856,1.0497,31,A1,0.660963,0.582811,1
20230621T100721,20230622T111856,1.0497,32,A1,0.735068,0.428776,1
20230621T100721,20230622T111856,1.0497,33,A2,0.246967,0.081905,1
20230621T100721,20230622T111856,1.0497,34,A2,-0.079958,0.354834,1
20230621T100721,20230622T111856,1.0497,36,A2,-0.158265,0.663110,0
20230621T100721,20230622T111856,1.0497,37,A2,-0.059124,0.347403,0
20230621T100721,20230622T111856,1.0497,39,A2,0.215900,0.755184,0
20230621T100721,20230622T111856,1.0497,40,A2,0.009816,0.201353,1
20230621T100721,20230622T111856,1.0497,41,A2,0.646192,0.469755,1
20230621T100721,20230622T111856,1.0497,42,A2,0.044098,0.674578,0
20230621T100721,20230622T111856,1.0497,43,A2,0.516977,0.239851,1
20230621T100721,20230622T111856,1.0497,44,A2,0.630450,0.235259,1
20230621T100721,20230622T111856,1.0497,45,A2,0.163199,0.016837,1
20230621T100721,20230622T111856,1.0497,46,A2,-0.166462,1.436798,0
20230621T100721,20230622T111856,1.0497,47,A2,0.578904,0.629991,1
20230621T100721,20230622T111856,1.0497,48,A2,0.053602,0.198529,1
20230621T100721,20230622T111856,1.0497,49,A2,0.139782,1.221522,0
20230621T100721,20230622T111856,1.0497,50,A2,0.042451,0.300259,1
20230621T100721,20230622T111856,1.0497,51,A2,-0.108983,0.921693,0
20230621T100721,20230622T111856,1.0497,52,A2,0.275942,0.232385,1
20230621T100721,20230622T111856,1.0497,53,A2,-0.101140,0.562015,1
20230621T100721,20230622T111856,1.0497,54,A2,0.015914,0.081833,1
20230621T100721,20230622T111856,1.0497,55,A2,-0.335124,0.199468,1
20230621T100721,20230622T111856,1.0497,57,A2,-0.039467,1.184849,0
20230621T100721,20230622T111856,1.0497,58,A2,-0.372573,0.236788,0
20230621T100721,20230622T111856,1.0497,59,A2,0.026634,0.477190,0
20230621T100721,20230622T111856,1.0497,60,A2,-0.153415,0.303233,1
20230621T100721,20230622T111856,1.0497,62,A2,0.395790,0.056432,1
20230621T100721,20230622T111856,1.0497,63,A2,0.497849,0.167191,1
20230621T100721,20230622T111856,1.0497,64,A2,0.239754,0.568901,0
20230621T100721,20230622T111856,1.0497,65,A3,0.348527,0.093825,1
20230621T100721,20230622T111856,1.0497,66,A3,0.459783,0.013801,1
20230621T100721,20230622T111856,1.0497,67,A3,0.440864,0.263271,1
20230621T100721,20230622T111856,1.0497,69,A3,0.135374,0.028963,1
20230621T100721,20230622T111856,1.0497,70,A3,0.523035,0.435708,1
20230621T100721,20230622T111856,1.0497,71,A3,0.791906,0.025211,1
20230621T100721,20230622T111856,1.0497,72,A3,0.040358,0.183454,0
20230621T100721,20230622T111856,1.0497,73,A3,0.096195,0.939229,1
20230621T100721,20230622T111856,1.0497,74,A3,0.054050,0.261439,0
20230621T100721,20230622T111856,1.0497,75,A3,0.175626,0.215186,1
20230621T100721,20230622T111856,1.0497,76,A3,0.528048,0.972926,1
20230621T100721,20230622T111856,1.0497,77,A3,0.413852,0.440567,1
20230621T100721,20230622T111856,1.0497,78,A3,0.315685,0.276195,0
20230621T100721,20230622T111856,1.0497,79,A3,-0.030253,0.354422,0
20230621T100721,20230622T111856,1.0497,80,A3,0.015288,0.579915,1
20230621T100721,20230622T111856,1.0497,81,A3,0.354003,0.327894,1
20230621T100721,20230622T111856,1.0497,82,A3,0.092782,0.243359,1
20230621T100721,20230622T111856,1.0497,83,A3,-0.136145,0.226260,1
20230621T100721,20230622T111856,1.0497,84,A3,-0.418314,0.595734,0
20230621T100721,20230622T111856,1.0497,85,A3,0.624822,0.327443,1
20230621T100721,20230622T111856,1.0497,86,A3,-0.149004,0.043435,1
20230621T100721,20230622T111856,1.0497,87,A3,0.022065,0.214979,1
20230621T100721,20230622T111856,1.0497,88,A3,-0.096808,0.742256,0
20230621T100721,20230622T111856,1.0497,89,A3,-0.030709,0.601358,1
20230621T100721,20230622T111856,1.0497,90,A3,-0.187748,0.203791,0
20230621T100721,20230622T111856,1.0497,91,A3,0.269271,0.894652,1
20230621T100721,20230622T111856,1.0497,93,A3,-0.005760,0.227233,0
20230621T100721,20230622T111856,1.0497,94,A3,-0.106062,1.857719,0
20230621T100721,20230622T111856,1.0497,95,A3,0.774306,0.215808,0
20230621T100721,20230622T111856,1.0497,96,A3,0.173797,0.330396,1
20230621T100721,20230622T111856,1.0497,97,A4,-0.076358,0.212286,0
20230621T100721,20230622T111856,1.0497,98,A4,0.248199,0.553408,0
20230621T100721,20230622T111856,1.0497,99,A4,-0.087630,0.102321,0
20230621T100721,20230622T111856,1.0497,100,A4,0.197331,0.689895,1
20230621T100721,20230622T111856,1.0497,101,A4,-0.093202,0.135953,1
20230621T100721,20230622T111856,1.0497,102,A4,0.092519,0.581819,0
20230621T100721,20230622T111856,1.0497,103,A4,-0.073656,0.041618,1
20230621T100721,20230622T111856,1.0497,104,A4,0.100570,0.178631,0
20230621T100721,20230622T111856,1.0497,105,A4,0.198271,0.009410,1
20230621T100721,20230622T111856,1.0497,106,A4,0.164973,1.057619,0
20230621T100721,20230622T111856,1.0497,107,A4,-0.088665,0.141328,1
20230621T100721,20230622T111856,1.0497,108,A4,0.108871,0.396297,1
20230621T100721,20230622T111856,1.0497,109,A4,-0.104010,0.735899,1
20230621T100721,20230622T111856,1.0497,110,A4,0.116969,0.891915,1
20230621T100721,20230622T111856,1.0497,111,A4,0.036512,0.450743,0
20230621T100721,20230622T111856,1.0497,112,A4,-0.194012,1.326044,0
20230621T100721,20230622T111856,1.0497,113,A4,0.093230,0.069559,0
20230621T100721,20230622T111856,1.0497,114,A4,0.374699,0.113817,0
20230621T100721,20230622T111856,1.0497,115,A4,-0.234925,0.220419,0
20230621T100721,20230622T111856,1.0497,118,A4,0.045265,0.115259,0
20230621T100721,20230622T111856,1.0497,119,A4,0.108786,0.177881,1
20230621T100721,20230622T111856,1.0497,120,A4,0.065227,0.760653,1
20230621T100721,20230622T111856,1.0497,121,A4,0.482597,0.054187,1
20230621T100721,20230622T111856,1.0497,122,A4,0.737576,0.145323,1
20230621T100721,20230622T111856,1.0497,123,A4,0.078725,0.690923,1
20230621T100721,20230622T111856,1.0497,124,A4,-0.024766,0.179918,0
20230621T100721,20230622T111856,1.0497,125,A4,0.058400,1.040594,0
20230621T100721,20230622T111856,1.0497,126,A4,0.244306,0.239484,0
20230621T100721,20230622T111856,1.0497,128,A4,-0.043672,0.221917,1
20230621T100721,20230622T111856,1.0497,130,A5,0.061716,1.113288,0
20230621T100721,20230622T111856,1.0497,132,A5,-0.026600,0.154123,0
20230621T100721,20230622T111856,1.0497,133,A5,-0.101535,0.004212,1
20230621T100721,20230622T111856,1.0497,134,A5,0.316867,0.309255,1
20230621T100721,20230622T111856,1.0497,135,A5,0.147686,0.478584,1
20230621T100721,20230622T111856,1.0497,136,A5,0.060281,0.064395,1
20230621T100721,20230622T111856,1.0497,137,A5,0.722568,0.170047,1
20230621T100721,20230622T111856,1.0497,138,A5,0.654845,0.854135,1
20230621T100721,20230622T111856,1.0497,139,A5,0.756995,0.400596,1
20230621T100721,20230622T111856,1.0497,140,A5,0.534077,0.205198,1
20230621T100721,20230622T111856,1.0497,141,A5,0.065492,1.978104,0
20230621T100721,20230622T111856,1.0497,142,A5,0.253974,0.000000,1
20230621T100721,20230622T111856,1.0497,143,A5,-0.027286,0.831554,1
20230621T100721,20230622T111856,1.0497,144,A5,0.086527,0.541697,1
20230621T100721,20230622T111856,1.0497,145,A5,0.089149,0.115226,0
20230621T100721,20230622T111856,1.0497,146,A5,0.559904,0.719614,1
20230621T100721,20230622T111856,1.0497,147,A5,0.474382,1.327981,0
20230621T100721,20230622T111856,1.0497,148,A5,0.284843,0.270755,1
20230621T100721,20230622T111856,1.0497,149,A5,0.309991,0.898922,1
20230621T100721,20230622T111856,1.0497,150,A5,-0.115277,0.197738,0
20230621T100721,20230622T111856,1.0497,151,A5,0.167244,0.038170,1
20230621T100721,20230622T111856,1.0497,152,A5,0.023648,1.030399,0
20230621T100721,20230622T111856,1.0497,153,A5,0.780285,0.049436,1
20230621T100721,20230622T111856,1.0497,154,A5,-0.045647,0.842659,0
20230621T100721,20230622T111856,1.0497,155,A5,0.171250,0.280057,1
20230621T100721,20230622T111856,1.0497,157,A5,-0.177228,1.249910,0
20230621T100721,20230622T111856,1.0497,158,A5,-0.029606,0.340036,0
20230621T100721,20230622T111856,1.0497,159,A5,0.127524,0.184758,0
20230621T100721,20230622T111856,1.0497,160,A5,-0.143043,0.000000,1
20230621T100721,20230628T101631,7.0064,1,A1,0.258978,0.649942,1
20230621T100721,20230628T101631,7.0064,2,A1,0.081099,0.071977,1
20230621T100721,20230628T101631,7.0064,3,A1,-0.360730,0.086613,0
20230621T100721,20230628T101631,7.0064,4,A1,0.224503,0.346500,1
20230621T100721,20230628T101631,7.0064,6,A1,-0.028195,0.030613,0
20230621T100721,20230628T101631,7.0064,8,A1,0.243843,0.094426,0
20230621T100721,20230628T101631,7.0064,9,A1,0.174222,0.187761,0
20230621T100721,20230628T101631,7.0064,10,A1,0.152738,1.187473,0
20230621T100721,20230628T101631,7.0064,11,A1,0.218570,0.581477,0
20230621T100721,20230628T101631,7.0064,12,A1,0.394072,0.003750,1
20230621T100721,20230628T101631,7.0064,13,A1,0.646833,0.092102,0
20230621T100721,20230628T101631,7.0064,14,A1,0.449200,0.618395,1
20230621T100721,20230628T101631,7.0064,15,A1,0.307242,0.442851,1
20230621T100721,20230628T101631,7.0064,17,A1,0.222956,0.458304,0
20230621T100721,20230628T101631,7.0064,18,A1,0.330303,0.487418,1
20230621T100721,20230628T101631,7.0064,19,A1,0.318814,0.203219,0
20230621T100721,20230628T101631,7.0064,21,A1,-0.056312,0.081623,0
20230621T100721,20230628T101631,7.0064,22,A1,0.910798,0.332273,1
20230621T100721,20230628T101631,7.0064,23,A1,0.012834,0.169700,0
20230621T100721,20230628T101631,7.0064,24,A1,-0.377283,1.184504,0
20230621T100721,20230628T101631,7.0064,26,A1,0.444986,0.762226,0
20230621T100721,20230628T101631,7.0064,27,A1,0.199245,0.207862,0
20230621T100721,20230628T101631,7.0064,28,A1,0.093272,0.170223,0
20230621T100721,20230628T101631,7.0064,29,A1,0.112942,0.711227,1
20230621T100721,20230628T101631,7.0064,30,A1,0.614833,0.000000,1
20230621T100721,20230628T101631,7.0064,31,A1,0.563210,0.324563,1
20230621T100721,20230628T101631,7.0064,32,A1,0.793607,0.118410,1
20230621T100721,20230628T101631,7.0064,33,A2,-0.046010,0.039043,1
20230621T100721,20230628T101631,7.0064,34,A2,-0.053447,0.420757,0
20230621T100721,20230628T101631,7.0064,36,A2,0.272091,0.952908,0
20230621T100721,20230628T101631,7.0064,37,A2,0.152720,0.609027,0
20230621T100721,20230628T101631,7.0064,39,A2,0.408047,0.964498,0
20230621T100721,20230628T101631,7.0064,40,A2,0.129562,0.198605,1
20230621T100721,20230628T101631,7.0064,41,A2,-0.158922,0.757639,1
20230621T100721,20230628T101631,7.0064,42,A2,-0.048933,0.106086,0
20230621T100721,20230628T101631,7.0064,43,A2,0.286729,1.293485,0
20230621T100721,20230628T101631,7.0064,44,A2,0.606814,0.249684,1
20230621T100721,20230628T101631,7.0064,46,A2,-0.228869,0.886843,0
20230621T100721,20230628T101631,7.0064,47,A2,0.616931,0.629991,1
20230621T100721,20230628T101631,7.0064,48,A2,0.003911,1.162106,0
20230621T100721,20230628T101631,7.0064,49,A2,0.028903,0.452364,1
20230621T100721,20230628T101631,7.0064,51,A2,0.004646,0.483219,1
20230621T100721,20230628T101631,7.0064,52,A2,0.427196,0.203255,1
20230621T100721,20230628T101631,7.0064,53,A2,0.278567,0.398741,1
20230621T100721,20230628T101631,7.0064,54,A2,0.120317,0.264019,1
20230621T100721,20230628T101631,7.0064,55,A2,0.039556,0.604994,0
20230621T100721,20230628T101631,7.0064,57,A2,0.157770,0.328903,0
20230621T100721,20230628T101631,7.0064,58,A2,-0.231066,0.243739,1
20230621T100721,20230628T101631,7.0064,59,A2,0.453847,0.374060,1
20230621T100721,20230628T101631,7.0064,60,A2,0.041788,0.488260,1
20230621T100721,20230628T101631,7.0064,62,A2,0.268257,0.150990,1
20230621T100721,20230628T101631,7.0064,63,A2,0.285982,0.186179,1
20230621T100721,20230628T101631,7.0064,64,A2,0.110805,0.551672,0
20230621T100721,20230628T101631,7.0064,65,A3,0.630528,0.517000,1
20230621T100721,20230628T101631,7.0064,66,A3,0.448922,0.096450,1
20230621T100721,20230628T101631,7.0064,69,A3,0.812470,0.304399,1
20230621T100721,20230628T101631,7.0064,70,A3,0.712117,0.220623,1
20230621T100721,20230628T101631,7.0064,71,A3,0.816155,0.603312,1
20230621T100721,20230628T101631,7.0064,72,A3,-0.184387,0.075883,0
20230621T100721,20230628T101631,7.0064,73,A3,0.086409,0.041319,1
20230621T100721,20230628T101631,7.0064,74,A3,-0.110076,0.051326,1
20230621T100721,20230628T101631,7.0064,75,A3,0.295329,1.007414,0
20230621T100721,20230628T101631,7.0064,76,A3,0.530323,0.972926,1
20230621T100721,20230628T101631,7.0064,77,A3,0.407495,0.000000,1
20230621T100721,20230628T101631,7.0064,78,A3,-0.055322,0.706479,1
20230621T100721,20230628T101631,7.0064,79,A3,0.595546,1.005477,0
20230621T100721,20230628T101631,7.0064,80,A3,0.312691,0.428769,0
20230621T100721,20230628T101631,7.0064,81,A3,0.183697,0.739903,0
20230621T100721,20230628T101631,7.0064,82,A3,0.834857,0.019882,1
20230621T100721,20230628T101631,7.0064,83,A3,-0.075899,0.226957,0
20230621T100721,20230628T101631,7.0064,84,A3,-0.378044,0.587479,0
20230621T100721,20230628T101631,7.0064,85,A3,0.905655,0.754937,1
20230621T100721,20230628T101631,7.0064,86,A3,0.068916,0.484544,1
20230621T100721,20230628T101631,7.0064,87,A3,0.646372,0.085383,1
20230621T100721,20230628T101631,7.0064,88,A3,-0.040464,0.410591,0
20230621T100721,20230628T101631,7.0064,89,A3,-0.042628,1.019101,0
20230621T100721,20230628T101631,7.0064,91,A3,-0.205925,0.082496,1
20230621T100721,20230628T101631,7.0064,93,A3,0.367665,0.793502,1
20230621T100721,20230628T101631,7.0064,94,A3,-0.143053,0.938753,1
20230621T100721,20230628T101631,7.0064,95,A3,0.923138,0.283010,1
20230621T100721,20230628T101631,7.0064,96,A3,-0.198649,0.044275,0
20230621T100721,20230628T101631,7.0064,97,A4,0.227003,0.409828,1
20230621T100721,20230628T101631,7.0064,98,A4,0.376845,0.389877,1
20230621T100721,20230628T101631,7.0064,100,A4,-0.098413,0.033561,1
20230621T100721,20230628T101631,7.0064,101,A4,-0.064548,0.140227,1
20230621T100721,20230628T101631,7.0064,102,A4,-0.153515,0.383023,0
20230621T100721,20230628T101631,7.0064,103,A4,0.216267,0.046082,1
20230621T100721,20230628T101631,7.0064,104,A4,0.036259,0.082250,0
20230621T100721,20230628T101631,7.0064,105,A4,0.270822,0.057619,0
20230621T100721,20230628T101631,7.0064,106,A4,-0.067352,0.942381,1
20230621T100721,20230628T101631,7.0064,107,A4,0.055821,1.120225,0
20230621T100721,20230628T101631,7.0064,108,A4,0.118377,0.006186,1
20230621T100721,20230628T101631,7.0064,109,A4,-0.190727,0.778794,1
20230621T100721,20230628T101631,7.0064,110,A4,-0.132005,0.891915,1
20230621T100721,20230628T101631,7.0064,111,A4,-0.028650,0.012802,1
20230621T100721,20230628T101631,7.0064,112,A4,-0.116202,1.143155,0
20230621T100721,20230628T101631,7.0064,114,A4,0.058521,0.080247,0
20230621T100721,20230628T101631,7.0064,115,A4,0.253634,0.050396,1
20230621T100721,20230628T101631,7.0064,118,A4,-0.095139,0.129248,0
20230621T100721,20230628T101631,7.0064,119,A4,-0.040932,0.069030,1
20230621T100721,20230628T101631,7.0064,120,A4,-0.147393,0.813868,1
20230621T100721,20230628T101631,7.0064,121,A4,0.609940,0.555570,1
20230621T100721,20230628T101631,7.0064,122,A4,0.803548,0.279502,1
20230621T100721,20230628T101631,7.0064,123,A4,0.025953,0.069876,1
20230621T100721,20230628T101631,7.0064,125,A4,-0.015029,0.907300,1
20230621T100721,20230628T101631,7.0064,126,A4,0.063158,1.069200,0
20230621T100721,20230628T101631,7.0064,129,A5,-0.012679,0.368610,0
20230621T100721,20230628T101631,7.0064,130,A5,0.326529,0.715072,1
20230621T100721,20230628T101631,7.0064,132,A5,0.013024,0.692393,1
20230621T100721,20230628T101631,7.0064,133,A5,0.196870,0.120160,0
20230621T100721,20230628T101631,7.0064,134,A5,0.233599,0.098014,1
20230621T100721,20230628T101631,7.0064,135,A5,0.253077,0.405977,1
20230621T100721,20230628T101631,7.0064,136,A5,-0.084912,1.139698,0
20230621T100721,20230628T101631,7.0064,137,A5,0.756317,0.793387,1
20230621T100721,20230628T101631,7.0064,138,A5,0.194222,0.635000,1
20230621T100721,20230628T101631,7.0064,139,A5,0.810920,0.075958,1
20230621T100721,20230628T101631,7.0064,140,A5,0.669276,0.166426,1
20230621T100721,20230628T101631,7.0064,141,A5,0.416801,2.000000,0
20230621T100721,20230628T101631,7.0064,142,A5,0.564667,0.882910,1
20230621T100721,20230628T101631,7.0064,143,A5,0.151707,0.347816,0
20230621T100721,20230628T101631,7.0064,144,A5,-0.126894,0.690926,0
20230621T100721,20230628T101631,7.0064,145,A5,0.091781,0.432604,1
20230621T100721,20230628T101631,7.0064,146,A5,0.807148,0.376664,1
20230621T100721,20230628T101631,7.0064,147,A5,0.702015,0.000000,1
20230621T100721,20230628T101631,7.0064,149,A5,0.221732,0.804873,0
20230621T100721,20230628T101631,7.0064,150,A5,-0.023042,0.089471,0
20230621T100721,20230628T101631,7.0064,151,A5,0.020524,0.193669,0
20230621T100721,20230628T101631,7.0064,152,A5,-0.217338,0.962833,1
20230621T100721,20230628T101631,7.0064,153,A5,0.857171,0.205784,1
20230621T100721,20230628T101631,7.0064,154,A5,0.213796,0.400301,0
20230621T100721,20230628T101631,7.0064,155,A5,0.147466,0.535566,0
20230621T100721,20230628T101631,7.0064,157,A5,-0.072592,0.487220,0
20230621T100721,20230628T101631,7.0064,158,A5,-0.068739,0.152794,1
20230621T100721,20230628T101631,7.0064,159,A5,0.073117,0.400871,0
20230621T100721,20230628T101631,7.0064,160,A5,0.128830,2.000000,0
20230621T100721,20230629T100435,7.9981,1,A1,-0.083190,0.649942,1
20230621T100721,20230629T100435,7.9981,4,A1,-0.071495,0.155485,1
20230621T100721,20230629T100435,7.9981,6,A1,0.144335,0.003892,1
20230621T100721,20230629T100435,7.9981,8,A1,-0.152489,0.237518,0
20230621T100721,20230629T100435,7.9981,9,A1,0.415256,0.018061,1
20230621T100721,20230629T100435,7.9981,10,A1,-0.086201,0.844070,1
20230621T100721,20230629T100435,7.9981,11,A1,-0.054261,0.489711,0
20230621T100721,20230629T100435,7.9981,12,A1,-0.025790,0.076658,1
20230621T100721,20230629T100435,7.9981,13,A1,0.252089,0.103140,0
20230621T100721,20230629T100435,7.9981,14,A1,-0.031162,0.294272,0
20230621T100721,20230629T100435,7.9981,15,A1,0.719505,0.512917,1
20230621T100721,20230629T100435,7.9981,17,A1,-0.037777,0.519927,0
20230621T100721,20230629T100435,7.9981,18,A1,-0.147234,0.850648,1
20230621T100721,20230629T100435,7.9981,19,A1,0.390206,0.151930,0
20230621T100721,20230629T100435,7.9981,22,A1,0.627596,0.383122,1
20230621T100721,20230629T100435,7.9981,23,A1,-0.080353,0.165042,0
20230621T100721,20230629T100435,7.9981,24,A1,-0.202755,0.990421,0
20230621T100721,20230629T100435,7.9981,26,A1,0.154403,0.490596,0
20230621T100721,20230629T100435,7.9981,27,A1,0.052809,0.098273,0
20230621T100721,20230629T100435,7.9981,28,A1,-0.236771,0.044801,1
20230621T100721,20230629T100435,7.9981,29,A1,-0.162999,1.046130,0
20230621T100721,20230629T100435,7.9981,30,A1,0.211249,0.791521,1
20230621T100721,20230629T100435,7.9981,31,A1,0.405396,0.307871,1
20230621T100721,20230629T100435,7.9981,32,A1,0.736722,0.184935,1
20230621T100721,20230629T100435,7.9981,36,A2,-0.090490,0.386457,1
20230621T100721,20230629T100435,7.9981,37,A2,-0.421691,0.742114,0
20230621T100721,20230629T100435,7.9981,39,A2,0.021562,0.984811,0
20230621T100721,20230629T100435,7.9981,40,A2,0.178944,0.576744,0
20230621T100721,20230629T100435,7.9981,41,A2,0.481764,0.605813,1
20230621T100721,20230629T100435,7.9981,42,A2,-0.350406,0.006433,1
20230621T100721,20230629T100435,7.9981,43,A2,0.491049,0.312197,0
20230621T100721,20230629T100435,7.9981,44,A2,0.326369,1.750316,0
20230621T100721,20230629T100435,7.9981,46,A2,0.210567,0.672749,0
20230621T100721,20230629T100435,7.9981,47,A2,0.677903,0.091793,1
20230621T100721,20230629T100435,7.9981,48,A2,0.009244,0.589541,0
20230621T100721,20230629T100435,7.9981,49,A2,0.009351,0.738637,1
20230621T100721,20230629T100435,7.9981,50,A2,-0.165488,1.000443,0
20230621T100721,20230629T100435,7.9981,53,A2,0.182650,0.527375,1
20230621T100721,20230629T100435,7.9981,54,A2,-0.157417,0.256184,1
20230621T100721,20230629T100435,7.9981,55,A2,-0.141725,0.137852,1
20230621T100721,20230629T100435,7.9981,57,A2,0.254897,0.198276,0
20230621T100721,20230629T100435,7.9981,58,A2,0.120360,0.982386,1
20230621T100721,20230629T100435,7.9981,59,A2,0.158530,0.039828,1
20230621T100721,20230629T100435,7.9981,60,A2,-0.315000,0.235028,1
20230621T100721,20230629T100435,7.9981,62,A2,0.387626,0.780522,1
20230621T100721,20230629T100435,7.9981,63,A2,0.428922,0.020638,1
20230621T100721,20230629T100435,7.9981,64,A2,0.049872,0.448473,0
20230621T100721,20230629T100435,7.9981,67,A3,0.267965,0.128595,1
20230621T100721,20230629T100435,7.9981,69,A3,0.265606,0.765866,0
20230621T100721,20230629T100435,7.9981,70,A3,0.073686,0.591501,1
20230621T100721,20230629T100435,7.9981,71,A3,0.669353,0.887958,1
20230621T100721,20230629T100435,7.9981,72,A3,-0.255974,0.917508,0
20230621T100721,20230629T100435,7.9981,74,A3,-0.142307,0.021405,1
20230621T100721,20230629T100435,7.9981,75,A3,-0.140116,0.776583,1
20230621T100721,20230629T100435,7.9981,76,A3,0.345934,0.073322,0
20230621T100721,20230629T100435,7.9981,77,A3,0.062673,0.000000,1
20230621T100721,20230629T100435,7.9981,78,A3,0.363445,0.093613,1
20230621T100721,20230629T100435,7.9981,80,A3,0.095831,0.034650,1
20230621T100721,20230629T100435,7.9981,81,A3,0.212468,0.592600,1
20230621T100721,20230629T100435,7.9981,82,A3,0.465640,0.266320,1
20230621T100721,20230629T100435,7.9981,83,A3,0.059441,0.273197,0
20230621T100721,20230629T100435,7.9981,84,A3,0.133977,0.372896,0
20230621T100721,20230629T100435,7.9981,85,A3,0.284696,0.856906,1
20230621T100721,20230629T100435,7.9981,86,A3,0.033276,0.017094,1
20230621T100721,20230629T100435,7.9981,87,A3,0.138512,0.517652,1
20230621T100721,20230629T100435,7.9981,88,A3,-0.159779,0.567619,1
20230621T100721,20230629T100435,7.9981,90,A3,-0.210362,0.146515,0
20230621T100721,20230629T100435,7.9981,91,A3,-0.514465,0.094354,1
20230621T100721,20230629T100435,7.9981,93,A3,-0.278197,0.058125,1
20230621T100721,20230629T100435,7.9981,95,A3,0.781459,0.052041,1
20230621T100721,20230629T100435,7.9981,97,A4,-0.186026,0.170882,0
20230621T100721,20230629T100435,7.9981,98,A4,-0.340987,0.589569,0
20230621T100721,20230629T100435,7.9981,100,A4,0.073332,0.151646,1
20230621T100721,20230629T100435,7.9981,101,A4,-0.062815,0.186604,0
20230621T100721,20230629T100435,7.9981,102,A4,-0.054744,0.202410,0
20230621T100721,20230629T100435,7.9981,103,A4,-0.158047,0.412314,0
20230621T100721,20230629T100435,7.9981,104,A4,0.078313,0.148831,0
20230621T100721,20230629T100435,7.9981,106,A4,-0.349495,0.032669,1
20230621T100721,20230629T100435,7.9981,107,A4,-0.097126,0.758906,0
20230621T100721,20230629T100435,7.9981,108,A4,-0.213049,0.610517,0
20230621T100721,20230629T100435,7.9981,109,A4,-0.031814,0.168324,1
20230621T100721,20230629T100435,7.9981,110,A4,0.307393,1.108085,0
20230621T100721,20230629T100435,7.9981,111,A4,-0.193785,0.014080,1
20230621T100721,20230629T100435,7.9981,112,A4,-0.262207,0.000000,1
20230621T100721,20230629T100435,7.9981,114,A4,0.218112,0.251886,0
20230621T100721,20230629T100435,7.9981,115,A4,-0.021133,0.253633,0
20230621T100721,20230629T100435,7.9981,118,A4,-0.126791,0.123227,1
20230621T100721,20230629T100435,7.9981,119,A4,0.100024,0.441601,0
20230621T100721,20230629T100435,7.9981,120,A4,0.201954,1.072807,0
20230621T100721,20230629T100435,7.9981,121,A4,0.507928,0.144950,1
20230621T100721,20230629T100435,7.9981,122,A4,0.785419,0.578724,1
20230621T100721,20230629T100435,7.9981,123,A4,-0.223144,0.302918,1
20230621T100721,20230629T100435,7.9981,124,A4,-0.300323,1.165540,0
20230621T100721,20230629T100435,7.9981,125,A4,-0.029330,0.985678,1
20230621T100721,20230629T100435,7.9981,126,A4,0.118046,0.068835,1
20230621T100721,20230629T100435,7.9981,128,A4,-0.087992,0.987506,1
20230621T100721,20230629T100435,7.9981,129,A5,0.375811,1.158597,0
20230621T100721,20230629T100435,7.9981,130,A5,0.168277,0.135508,0
20230621T100721,20230629T100435,7.9981,133,A5,-0.339725,0.011218,1
20230621T100721,20230629T100435,7.9981,134,A5,0.085791,0.209509,0
20230621T100721,20230629T100435,7.9981,135,A5,0.296372,0.235294,1
20230621T100721,20230629T100435,7.9981,136,A5,-0.390700,1.008123,0
20230621T100721,20230629T100435,7.9981,137,A5,0.554695,0.327090,0
20230621T100721,20230629T100435,7.9981,138,A5,0.078371,0.721323,0
20230621T100721,20230629T100435,7.9981,141,A5,0.404126,2.000000,0
20230621T100721,20230629T100435,7.9981,142,A5,0.275523,1.014425,0
20230621T100721,20230629T100435,7.9981,143,A5,0.179474,0.831554,1
20230621T100721,20230629T100435,7.9981,144,A5,-0.101433,0.500002,1
20230621T100721,20230629T100435,7.9981,145,A5,0.058655,0.195319,0
20230621T100721,20230629T100435,7.9981,146,A5,0.363221,0.211856,1
20230621T100721,20230629T100435,7.9981,147,A5,0.680862,0.281945,1
20230621T100721,20230629T100435,7.9981,149,A5,0.044766,0.064050,1
20230621T100721,20230629T100435,7.9981,150,A5,0.031509,0.001391,1
20230621T100721,20230629T100435,7.9981,151,A5,0.077480,0.331746,0
20230621T100721,20230629T100435,7.9981,152,A5,-0.364637,1.029031,0
20230621T100721,20230629T100435,7.9981,153,A5,0.637294,0.096367,1
20230621T100721,20230629T100435,7.9981,157,A5,0.202914,0.256876,1
20230621T100721,20230629T100435,7.9981,158,A5,0.208999,0.175695,0
20230621T100721,20230629T100435,7.9981,160,A5,-0.077584,1.008462,0
20230621T100721,20230703T122644,12.0968,1,A1,0.289440,0.420600,0
20230621T100721,20230703T122644,12.0968,3,A1,0.016052,0.005044,1
20230621T100721,20230703T122644,12.0968,4,A1,0.218322,0.132527,1
20230621T100721,20230703T122644,12.0968,6,A1,0.241530,0.000871,1
20230621T100721,20230703T122644,12.0968,9,A1,0.399133,0.061330,1
20230621T100721,20230703T122644,12.0968,10,A1,-0.200216,0.873679,1
20230621T100721,20230703T122644,12.0968,11,A1,0.143938,0.475225,0
20230621T100721,20230703T122644,12.0968,12,A1,0.021954,0.870606,1
20230621T100721,20230703T122644,12.0968,13,A1,0.450891,0.072958,1
20230621T100721,20230703T122644,12.0968,14,A1,0.209381,0.107542,0
20230621T100721,20230703T122644,12.0968,15,A1,0.377787,0.489398,1
20230621T100721,20230703T122644,12.0968,17,A1,0.093649,0.083052,1
20230621T100721,20230703T122644,12.0968,18,A1,0.637188,0.000000,1
20230621T100721,20230703T122644,12.0968,19,A1,0.360731,0.122585,0
20230621T100721,20230703T122644,12.0968,21,A1,0.200763,0.046389,1
20230621T100721,20230703T122644,12.0968,22,A1,0.935081,0.279050,1
20230621T100721,20230703T122644,12.0968,23,A1,0.220863,0.154608,1
20230621T100721,20230703T122644,12.0968,24,A1,0.077619,0.228045,0
20230621T100721,20230703T122644,12.0968,26,A1,-0.017460,0.383572,0
20230621T100721,20230703T122644,12.0968,27,A1,-0.127019,0.483285,0
20230621T100721,20230703T122644,12.0968,28,A1,0.152384,0.069337,0
20230621T100721,20230703T122644,12.0968,29,A1,0.261509,0.745210,1
20230621T100721,20230703T122644,12.0968,30,A1,0.694892,0.268231,1
20230621T100721,20230703T122644,12.0968,31,A1,0.641205,0.422329,0
20230621T100721,20230703T122644,12.0968,32,A1,0.921145,0.297808,1
20230621T100721,20230703T122644,12.0968,33,A2,-0.362920,0.147214,1
20230621T100721,20230703T122644,12.0968,34,A2,-0.261842,0.254830,1
20230621T100721,20230703T122644,12.0968,36,A2,-0.147511,0.241814,1
20230621T100721,20230703T122644,12.0968,37,A2,0.250701,0.407049,0
20230621T100721,20230703T122644,12.0968,39,A2,0.193351,1.032431,0
20230621T100721,20230703T122644,12.0968,40,A2,0.003278,0.196496,1
20230621T100721,20230703T122644,12.0968,41,A2,0.517413,0.524500,1
20230621T100721,20230703T122644,12.0968,42,A2,-0.016714,0.132139,1
20230621T100721,20230703T122644,12.0968,43,A2,0.630758,0.388818,0
20230621T100721,20230703T122644,12.0968,44,A2,0.678895,0.706604,1
20230621T100721,20230703T122644,12.0968,45,A2,0.120024,0.122990,1
20230621T100721,20230703T122644,12.0968,46,A2,0.014020,1.648776,0
20230621T100721,20230703T122644,12.0968,47,A2,0.504537,0.157135,1
20230621T100721,20230703T122644,12.0968,49,A2,-0.152882,0.832353,0
20230621T100721,20230703T122644,12.0968,50,A2,-0.137317,1.065087,0
20230621T100721,20230703T122644,12.0968,51,A2,-0.097212,0.662135,0
20230621T100721,20230703T122644,12.0968,52,A2,0.357984,0.588844,1
20230621T100721,20230703T122644,12.0968,53,A2,0.050367,0.630870,0
20230621T100721,20230703T122644,12.0968,55,A2,0.139582,0.705090,0
20230621T100721,20230703T122644,12.0968,57,A2,0.141681,0.103030,1
20230621T100721,20230703T122644,12.0968,58,A2,-0.271247,0.188039,1
20230621T100721,20230703T122644,12.0968,59,A2,0.115954,0.266586,1
20230621T100721,20230703T122644,12.0968,60,A2,-0.206150,0.488260,1
20230621T100721,20230703T122644,12.0968,62,A2,0.588541,0.096853,1
20230621T100721,20230703T122644,12.0968,63,A2,0.497652,0.189496,1
20230621T100721,20230703T122644,12.0968,64,A2,0.142172,0.217129,0
20230621T100721,20230703T122644,12.0968,65,A3,0.619447,0.517000,1
20230621T100721,20230703T122644,12.0968,66,A3,0.471813,0.247851,1
20230621T100721,20230703T122644,12.0968,69,A3,0.770070,0.398744,1
20230621T100721,20230703T122644,12.0968,70,A3,0.618023,0.069917,1
20230621T100721,20230703T122644,12.0968,72,A3,0.033749,0.223040,0
20230621T100721,20230703T122644,12.0968,73,A3,-0.323225,0.456425,0
20230621T100721,20230703T122644,12.0968,74,A3,0.088417,0.900878,1
20230621T100721,20230703T122644,12.0968,75,A3,0.287532,0.638405,1
20230621T100721,20230703T122644,12.0968,76,A3,0.547997,0.199652,1
20230621T100721,20230703T122644,12.0968,77,A3,0.229867,0.874955,1
20230621T100721,20230703T122644,12.0968,78,A3,0.491871,0.985373,1
20230621T100721,20230703T122644,12.0968,79,A3,0.385953,0.147196,0
20230621T100721,20230703T122644,12.0968,80,A3,0.353204,0.227694,1
20230621T100721,20230703T122644,12.0968,81,A3,0.347711,0.393639,1
20230621T100721,20230703T122644,12.0968,82,A3,0.588501,0.111340,1
20230621T100721,20230703T122644,12.0968,84,A3,-0.075417,0.413847,0
20230621T100721,20230703T122644,12.0968,85,A3,0.856040,0.727453,1
20230621T100721,20230703T122644,12.0968,86,A3,0.216394,0.108022,1
20230621T100721,20230703T122644,12.0968,87,A3,0.562886,0.313722,1
20230621T100721,20230703T122644,12.0968,88,A3,-0.341501,0.132748,1
20230621T100721,20230703T122644,12.0968,89,A3,-0.138966,1.010140,0
20230621T100721,20230703T122644,12.0968,90,A3,0.019600,0.012690,1
20230621T100721,20230703T122644,12.0968,91,A3,-0.041009,0.258488,1
20230621T100721,20230703T122644,12.0968,93,A3,0.015518,0.083552,1
20230621T100721,20230703T122644,12.0968,94,A3,-0.011376,0.214215,1
20230621T100721,20230703T122644,12.0968,95,A3,0.936281,0.003237,1
20230621T100721,20230703T122644,12.0968,97,A4,-0.133570,0.285249,0
20230621T100721,20230703T122644,12.0968,98,A4,0.403623,0.434469,1
20230621T100721,20230703T122644,12.0968,99,A4,0.209664,0.007662,1
20230621T100721,20230703T122644,12.0968,100,A4,0.109953,0.332924,0
20230621T100721,20230703T122644,12.0968,101,A4,-0.247024,0.091262,1
20230621T100721,20230703T122644,12.0968,102,A4,0.133478,0.158587,0
20230621T100721,20230703T122644,12.0968,103,A4,-0.343463,0.498341,0
20230621T100721,20230703T122644,12.0968,104,A4,0.083435,0.379085,1
20230621T100721,20230703T122644,12.0968,105,A4,0.204496,0.162869,0
20230621T100721,20230703T122644,12.0968,106,A4,0.126034,0.654610,0
20230621T100721,20230703T122644,12.0968,107,A4,0.032131,0.700933,0
20230621T100721,20230703T122644,12.0968,108,A4,0.008665,0.375062,0
20230621T100721,20230703T122644,12.0968,109,A4,-0.023062,1.831676,0
20230621T100721,20230703T122644,12.0968,110,A4,0.040032,0.138005,0
20230621T100721,20230703T122644,12.0968,111,A4,-0.157296,0.209172,1
20230621T100721,20230703T122644,12.0968,112,A4,0.256462,0.916058,1
20230621T100721,20230703T122644,12.0968,114,A4,0.197566,0.109948,0
20230621T100721,20230703T122644,12.0968,118,A4,-0.144829,0.013366,0
20230621T100721,20230703T122644,12.0968,119,A4,0.163820,0.155368,1
20230621T100721,20230703T122644,12.0968,121,A4,0.540454,0.213033,1
20230621T100721,20230703T122644,12.0968,122,A4,0.804250,0.360810,1
20230621T100721,20230703T122644,12.0968,123,A4,-0.241104,0.950284,0
20230621T100721,20230703T122644,12.0968,124,A4,-0.005605,0.151095,1
20230621T100721,20230703T122644,12.0968,125,A4,0.072826,0.905753,1
20230621T100721,20230703T122644,12.0968,126,A4,0.088020,0.974318,0
20230621T100721,20230703T122644,12.0968,128,A4,0.164666,0.000000,1
20230621T100721,20230703T122644,12.0968,130,A5,0.339994,0.128981,1
20230621T100721,20230703T122644,12.0968,132,A5,0.029583,0.107548,0
20230621T100721,20230703T122644,12.0968,133,A5,0.171379,1.037617,0
20230621T100721,20230703T122644,12.0968,134,A5,0.326225,1.192925,0
20230621T100721,20230703T122644,12.0968,135,A5,-0.161050,0.448170,1
20230621T100721,20230703T122644,12.0968,136,A5,-0.261022,0.628970,1
20230621T100721,20230703T122644,12.0968,137,A5,0.731737,0.029558,1
20230621T100721,20230703T122644,12.0968,138,A5,0.514763,0.423698,1
20230621T100721,20230703T122644,12.0968,139,A5,0.899606,0.158700,1
20230621T100721,20230703T122644,12.0968,140,A5,0.676721,0.238568,0
20230621T100721,20230703T122644,12.0968,141,A5,0.290068,0.685834,1
20230621T100721,20230703T122644,12.0968,142,A5,0.572389,0.693747,1
20230621T100721,20230703T122644,12.0968,143,A5,0.170781,0.269153,0
20230621T100721,20230703T122644,12.0968,144,A5,-0.033244,0.606578,0
20230621T100721,20230703T122644,12.0968,145,A5,-0.050136,0.044634,1
20230621T100721,20230703T122644,12.0968,146,A5,0.765586,0.321145,1
20230621T100721,20230703T122644,12.0968,147,A5,0.703626,0.987034,1
20230621T100721,20230703T122644,12.0968,149,A5,-0.250107,0.377974,0
20230621T100721,20230703T122644,12.0968,150,A5,0.087206,0.210119,0
20230621T100721,20230703T122644,12.0968,151,A5,-0.225874,0.169257,0
20230621T100721,20230703T122644,12.0968,152,A5,0.180849,0.569367,1
20230621T100721,20230703T122644,12.0968,153,A5,0.928753,0.083238,1
20230621T100721,20230703T122644,12.0968,154,A5,0.261636,1.014004,0
20230621T100721,20230703T122644,12.0968,155,A5,0.224523,0.356830,1
20230621T100721,20230703T122644,12.0968,157,A5,0.123587,0.485718,0
20230621T100721,20230703T122644,12.0968,158,A5,-0.032609,0.568691,0
20230621T100721,20230703T122644,12.0968,159,A5,-0.184324,0.264544,0
20230621T100721,20230703T122644,12.0968,160,A5,-0.252846,1.142964,0
20230622T111856,20230628T101631,5.9567,1,A1,0.129110,0.712736,1
20230622T111856,20230628T101631,5.9567,2,A1,0.437540,0.075021,0
20230622T111856,20230628T101631,5.9567,3,A1,0.254922,0.067380,1
20230622T111856,20230628T101631,5.9567,4,A1,0.266834,0.108050,1
20230622T111856,20230628T101631,5.9567,6,A1,-0.174438,0.140302,0
20230622T111856,20230628T101631,5.9567,8,A1,0.272288,0.739878,0
20230622T111856,20230628T101631,5.9567,9,A1,0.123402,0.316956,0
20230622T111856,20230628T101631,5.9567,10,A1,0.270641,0.081768,1
20230622T111856,20230628T101631,5.9567,11,A1,0.513221,0.398327,0
20230622T111856,20230628T101631,5.9567,12,A1,0.219802,0.406241,1
20230622T111856,20230628T101631,5.9567,13,A1,0.698184,0.153049,0
20230622T111856,20230628T101631,5.9567,14,A1,0.324228,0.258023,1
20230622T111856,20230628T101631,5.9567,15,A1,0.505501,0.600752,1
20230622T111856,20230628T101631,5.9567,17,A1,0.309939,0.615249,0
20230622T111856,20230628T101631,5.9567,18,A1,0.152118,0.039552,1
20230622T111856,20230628T101631,5.9567,19,A1,-0.059173,0.169901,1
20230622T111856,20230628T101631,5.9567,21,A1,-0.083812,0.916021,0
20230622T111856,20230628T101631,5.9567,22,A1,0.831710,0.476295,1
20230622T111856,20230628T101631,5.9567,23,A1,0.171578,0.011050,1
20230622T111856,20230628T101631,5.9567,24,A1,0.333023,0.574802,1
20230622T111856,20230628T101631,5.9567,25,A1,0.057810,0.020387,1
20230622T111856,20230628T101631,5.9567,26,A1,0.334861,0.857384,0
20230622T111856,20230628T101631,5.9567,27,A1,0.342973,0.206452,1
20230622T111856,20230628T101631,5.9567,28,A1,0.270989,1.095420,0
20230622T111856,20230628T101631,5.9567,29,A1,0.538637,0.375120,1
20230622T111856,20230628T101631,5.9567,30,A1,0.808622,0.000000,1
20230622T111856,20230628T101631,5.9567,31,A1,0.546178,0.907374,1
20230622T111856,20230628T101631,5.9567,32,A1,0.641817,0.547186,1
20230622T111856,20230628T101631,5.9567,33,A2,0.247927,0.120947,1
20230622T111856,20230628T101631,5.9567,34,A2,-0.092827,0.065924,0
20230622T111856,20230628T101631,5.9567,36,A2,-0.078459,0.289798,1
20230622T111856,20230628T101631,5.9567,37,A2,-0.025316,0.261624,1
20230622T111856,20230628T101631,5.9567,39,A2,-0.000600,0.209314,1
20230622T111856,20230628T101631,5.9567,40,A2,-0.092496,0.002748,1
20230622T111856,20230628T101631,5.9567,41,A2,0.216262,0.287884,1
20230622T111856,20230628T101631,5.9567,42,A2,0.291278,0.568492,1
20230622T111856,20230628T101631,5.9567,43,A2,0.473105,1.053633,0
20230622T111856,20230628T101631,5.9567,44,A2,0.581293,0.484943,1
20230622T111856,20230628T101631,5.9567,46,A2,-0.091246,0.549954,1
20230622T111856,20230628T101631,5.9567,47,A2,0.550316,0.000000,1
20230622T111856,20230628T101631,5.9567,48,A2,-0.008657,0.963577,0
20230622T111856,20230628T101631,5.9567,49,A2,0.090820,0.769159,0
20230622T111856,20230628T101631,5.9567,51,A2,0.042961,0.438475,0
20230622T111856,20230628T101631,5.9567,52,A2,0.387466,0.435640,1
20230622T111856,20230628T101631,5.9567,53,A2,-0.255907,0.960756,1
20230622T111856,20230628T101631,5.9567,54,A2,-0.246063,0.345852,1
20230622T111856,20230628T101631,5.9567,55,A2,-0.177900,0.804461,0
20230622T111856,20230628T101631,5.9567,57,A2,0.348748,0.855946,1
20230622T111856,20230628T101631,5.9567,58,A2,0.115575,0.480526,0
20230622T111856,20230628T101631,5.9567,59,A2,0.202914,0.103130,0
20230622T111856,20230628T101631,5.9567,60,A2,-0.158849,0.791493,1
20230622T111856,20230628T101631,5.9567,61,A2,0.444314,0.211433,1
20230622T111856,20230628T101631,5.9567,62,A2,0.428946,0.094558,1
20230622T111856,20230628T101631,5.9567,63,A2,0.728581,0.018988,1
20230622T111856,20230628T101631,5.9567,64,A2,0.204973,0.017229,1
20230622T111856,20230628T101631,5.9567,65,A3,0.089973,0.423176,1
20230622T111856,20230628T101631,5.9567,66,A3,0.116157,0.082649,1
20230622T111856,20230628T101631,5.9567,68,A3,0.305686,0.402374,0
20230622T111856,20230628T101631,5.9567,69,A3,0.183755,0.275436,1
20230622T111856,20230628T101631,5.9567,70,A3,0.340139,0.215084,1
20230622T111856,20230628T101631,5.9567,71,A3,0.830412,0.628523,1
20230622T111856,20230628T101631,5.9567,72,A3,-0.054500,0.107571,1
20230622T111856,20230628T101631,5.9567,73,A3,-0.118923,0.980547,1
20230622T111856,20230628T101631,5.9567,74,A3,-0.134300,0.312765,0
20230622T111856,20230628T101631,5.9567,75,A3,0.045584,1.222600,0
20230622T111856,20230628T101631,5.9567,76,A3,0.569834,0.000000,1
20230622T111856,20230628T101631,5.9567,77,A3,0.102788,0.440567,1
20230622T111856,20230628T101631,5.9567,78,A3,0.147002,0.982674,0
20230622T111856,20230628T101631,5.9567,79,A3,-0.257300,0.651055,1
20230622T111856,20230628T101631,5.9567,80,A3,-0.093269,1.008684,0
20230622T111856,20230628T101631,5.9567,81,A3,0.351291,0.412009,0
20230622T111856,20230628T101631,5.9567,82,A3,0.203327,0.263241,1
20230622T111856,20230628T101631,5.9567,83,A3,-0.216831,0.453217,0
20230622T111856,20230628T101631,5.9567,84,A3,0.415478,0.008254,1
20230622T111856,20230628T101631,5.9567,85,A3,0.663085,0.427494,1
20230622T111856,20230628T101631,5.9567,86,A3,0.236224,0.527979,1
20230622T111856,20230628T101631,5.9567,87,A3,0.040982,0.300361,1
20230622T111856,20230628T101631,5.9567,88,A3,0.247460,0.331666,1
20230622T111856,20230628T101631,5.9567,89,A3,-0.261363,0.417744,0
20230622T111856,20230628T101631,5.9567,91,A3,-0.091946,0.812157,1
20230622T111856,20230628T101631,5.9567,93,A3,-0.154966,1.020735,0
20230622T111856,20230628T101631,5.9567,94,A3,0.323699,0.918967,0
20230622T111856,20230628T101631,5.9567,95,A3,0.797102,0.498818,0
20230622T111856,20230628T101631,5.9567,96,A3,0.194922,0.374671,0
20230622T111856,20230628T101631,5.9567,97,A4,-0.114209,0.622115,0
20230622T111856,20230628T101631,5.9567,98,A4,0.326083,0.163531,0
20230622T111856,20230628T101631,5.9567,100,A4,0.280557,0.656334,1
20230622T111856,20230628T101631,5.9567,101,A4,0.179215,0.276180,1
20230622T111856,20230628T101631,5.9567,102,A4,0.019947,0.198796,1
20230622T111856,20230628T101631,5.9567,103,A4,0.119896,0.004464,1
20230622T111856,20230628T101631,5.9567,104,A4,-0.183142,0.096381,1
20230622T111856,20230628T101631,5.9567,105,A4,0.151908,0.067029,0
20230622T111856,20230628T101631,5.9567,106,A4,-0.022307,2.000000,0
20230622T111856,20230628T101631,5.9567,107,A4,0.262703,0.978897,0
20230622T111856,20230628T101631,5.9567,108,A4,0.137762,0.402484,1
20230622T111856,20230628T101631,5.9567,109,A4,0.165896,0.042895,1
20230622T111856,20230628T101631,5.9567,110,A4,0.189607,0.000000,1
20230622T111856,20230628T101631,5.9567,111,A4,-0.132179,0.463545,0
20230622T111856,20230628T101631,5.9567,112,A4,-0.143268,0.182889,1
20230622T111856,20230628T101631,5.9567,114,A4,0.062266,0.033570,1
20230622T111856,20230628T101631,5.9567,115,A4,-0.369186,0.170024,0
20230622T111856,20230628T101631,5.9567,116,A4,0.002229,0.334777,0
20230622T111856,20230628T101631,5.9567,118,A4,0.067608,0.013989,1
20230622T111856,20230628T101631,5.9567,119,A4,0.312588,0.108851,1
20230622T111856,20230628T101631,5.9567,120,A4,0.142735,0.053216,1
20230622T111856,20230628T101631,5.9567,121,A4,0.578830,0.501383,1
20230622T111856,20230628T101631,5.9567,122,A4,0.653921,0.134179,1
20230622T111856,20230628T101631,5.9567,123,A4,-0.065098,0.760799,1
20230622T111856,20230628T101631,5.9567,125,A4,-0.087549,0.133294,0
20230622T111856,20230628T101631,5.9567,126,A4,-0.113635,0.829716,1
20230622T111856,20230628T101631,5.9567,127,A4,-0.023182,0.710742,1
20230622T111856,20230628T101631,5.9567,130,A5,0.267093,1.828360,0
20230622T111856,20230628T101631,5.9567,132,A5,0.195113,0.846516,0
20230622T111856,20230628T101631,5.9567,133,A5,0.061268,0.124372,0
20230622T111856,20230628T101631,5.9567,134,A5,0.454872,0.407270,1
20230622T111856,20230628T101631,5.9567,135,A5,0.282514,0.884561,1
20230622T111856,20230628T101631,5.9567,136,A5,0.073488,1.204092,0
20230622T111856,20230628T101631,5.9567,137,A5,0.763942,0.963434,1
20230622T111856,20230628T101631,5.9567,138,A5,0.159263,0.219135,1
20230622T111856,20230628T101631,5.9567,139,A5,0.837661,0.324638,1
20230622T111856,20230628T101631,5.9567,140,A5,0.555717,0.371624,1
20230622T111856,20230628T101631,5.9567,141,A5,0.241817,0.021896,1
20230622T111856,20230628T101631,5.9567,142,A5,0.059493,0.882910,1
20230622T111856,20230628T101631,5.9567,143,A5,-0.192848,1.179371,0
20230622T111856,20230628T101631,5.9567,144,A5,-0.111469,0.149229,0
20230622T111856,20230628T101631,5.9567,145,A5,-0.039666,0.547830,0
20230622T111856,20230628T101631,5.9567,146,A5,0.611249,0.342950,1
20230622T111856,20230628T101631,5.9567,147,A5,0.606048,1.327981,0
20230622T111856,20230628T101631,5.9567,149,A5,0.493830,1.703795,0
20230622T111856,20230628T101631,5.9567,150,A5,0.227902,0.108267,1
20230622T111856,20230628T101631,5.9567,151,A5,0.195282,0.155499,0
20230622T111856,20230628T101631,5.9567,152,A5,-0.089038,0.067566,0
20230622T111856,20230628T101631,5.9567,153,A5,0.709575,0.255220,1
20230622T111856,20230628T101631,5.9567,154,A5,0.206760,0.442357,1
20230622T111856,20230628T101631,5.9567,155,A5,-0.072683,0.815623,0
20230622T111856,20230628T101631,5.9567,157,A5,-0.320452,0.762690,1
20230622T111856,20230628T101631,5.9567,158,A5,0.059317,0.492830,0
20230622T111856,20230628T101631,5.9567,159,A5,0.308960,0.216113,1
20230622T111856,20230628T101631,5.9567,160,A5,0.310215,2.000000,0
20230622T111856,20230629T100435,6.9484,1,A1,0.103763,0.712736,1
20230622T111856,20230629T100435,6.9484,4,A1,0.105722,0.082966,1
20230622T111856,20230629T100435,6.9484,6,A1,0.050734,0.113581,1
20230622T111856,20230629T100435,6.9484,8,A1,0.005863,0.882970,0
20230622T111856,20230629T100435,6.9484,9,A1,0.259499,0.147255,1
20230622T111856,20230629T100435,6.9484,10,A1,0.466441,0.261635,0
20230622T111856,20230629T100435,6.9484,11,A1,0.498616,0.306560,0
20230622T111856,20230629T100435,6.9484,12,A1,0.089412,0.333333,1
20230622T111856,20230629T100435,6.9484,13,A1,0.289581,0.164088,0
20230622T111856,20230629T100435,6.9484,14,A1,-0.349746,0.654644,0
20230622T111856,20230629T100435,6.9484,15,A1,0.104486,0.670818,1
20230622T111856,20230629T100435,6.9484,17,A1,0.152458,0.676872,0
20230622T111856,20230629T100435,6.9484,18,A1,-0.108276,0.402782,1
20230622T111856,20230629T100435,6.9484,19,A1,0.347527,0.221190,1
20230622T111856,20230629T100435,6.9484,22,A1,0.685652,0.425446,1
20230622T111856,20230629T100435,6.9484,23,A1,-0.207164,0.015708,1
20230622T111856,20230629T100435,6.9484,24,A1,0.157814,0.380719,1
20230622T111856,20230629T100435,6.9484,25,A1,0.048606,0.471391,1
20230622T111856,20230629T100435,6.9484,26,A1,-0.199134,0.585754,0
20230622T111856,20230629T100435,6.9484,27,A1,-0.183279,0.316041,1
20230622T111856,20230629T100435,6.9484,28,A1,0.269640,0.880397,1
20230622T111856,20230629T100435,6.9484,29,A1,0.222025,0.710024,0
20230622T111856,20230629T100435,6.9484,30,A1,0.451511,0.791521,1
20230622T111856,20230629T100435,6.9484,31,A1,0.344906,0.890682,1
20230622T111856,20230629T100435,6.9484,32,A1,0.533170,0.613711,1
20230622T111856,20230629T100435,6.9484,36,A2,0.030210,0.276653,0
20230622T111856,20230629T100435,6.9484,37,A2,-0.075816,0.394711,1
20230622T111856,20230629T100435,6.9484,39,A2,0.097908,0.229626,1
20230622T111856,20230629T100435,6.9484,40,A2,-0.198829,0.375390,0
20230622T111856,20230629T100435,6.9484,41,A2,0.426023,0.136057,1
20230622T111856,20230629T100435,6.9484,42,A2,-0.049687,0.681011,0
20230622T111856,20230629T100435,6.9484,43,A2,0.138526,0.072345,0
20230622T111856,20230629T100435,6.9484,44,A2,0.056004,1.515057,0
20230622T111856,20230629T100435,6.9484,46,A2,-0.050482,0.764049,1
20230622T111856,20230629T100435,6.9484,47,A2,0.576150,0.721784,1
20230622T111856,20230629T100435,6.9484,48,A2,-0.234799,0.391012,0
20230622T111856,20230629T100435,6.9484,49,A2,-0.070609,0.482885,0
20230622T111856,20230629T100435,6.9484,50,A2,-0.176706,0.700184,0
20230622T111856,20230629T100435,6.9484,53,A2,0.080308,0.034640,1
20230622T111856,20230629T100435,6.9484,54,A2,-0.054028,0.338016,1
20230622T111856,20230629T100435,6.9484,55,A2,0.049958,0.337320,1
20230622T111856,20230629T100435,6.9484,57,A2,-0.158401,0.986573,1
20230622T111856,20230629T100435,6.9484,58,A2,-0.348932,1.219174,0
20230622T111856,20230629T100435,6.9484,59,A2,-0.059408,0.437362,0
20230622T111856,20230629T100435,6.9484,60,A2,0.067992,0.068205,1
20230622T111856,20230629T100435,6.9484,61,A2,0.461407,0.180501,1
20230622T111856,20230629T100435,6.9484,62,A2,0.266378,0.836954,1
20230622T111856,20230629T100435,6.9484,63,A2,0.787286,0.187828,1
20230622T111856,20230629T100435,6.9484,64,A2,0.261701,0.120428,1
20230622T111856,20230629T100435,6.9484,67,A3,0.405635,0.134676,1
20230622T111856,20230629T100435,6.9484,69,A3,0.266256,0.794829,0
20230622T111856,20230629T100435,6.9484,70,A3,0.313887,0.155794,1
20230622T111856,20230629T100435,6.9484,71,A3,0.666899,0.913169,1
20230622T111856,20230629T100435,6.9484,72,A3,-0.095546,0.734054,1
20230622T111856,20230629T100435,6.9484,74,A3,-0.010744,0.240034,0
20230622T111856,20230629T100435,6.9484,75,A3,-0.108866,0.991769,1
20230622T111856,20230629T100435,6.9484,76,A3,0.503903,1.046249,0
20230622T111856,20230629T100435,6.9484,77,A3,0.318540,0.440567,1
20230622T111856,20230629T100435,6.9484,78,A3,0.326814,0.369808,0
20230622T111856,20230629T100435,6.9484,80,A3,-0.086729,0.614566,1
20230622T111856,20230629T100435,6.9484,81,A3,0.139326,0.264706,1
20230622T111856,20230629T100435,6.9484,82,A3,0.286984,0.022961,1
20230622T111856,20230629T100435,6.9484,83,A3,-0.145956,0.499457,0
20230622T111856,20230629T100435,6.9484,84,A3,0.355953,0.222838,1
20230622T111856,20230629T100435,6.9484,85,A3,0.088038,0.529463,1
20230622T111856,20230629T100435,6.9484,86,A3,-0.003628,0.026341,1
20230622T111856,20230629T100435,6.9484,87,A3,0.228141,0.732631,1
20230622T111856,20230629T100435,6.9484,88,A3,-0.029646,1.309875,0
20230622T111856,20230629T100435,6.9484,90,A3,0.216267,0.057276,1
20230622T111856,20230629T100435,6.9484,91,A3,-0.313967,0.800298,1
20230622T111856,20230629T100435,6.9484,93,A3,-0.018882,0.169108,0
20230622T111856,20230629T100435,6.9484,95,A3,0.798168,0.267850,0
20230622T111856,20230629T100435,6.9484,97,A4,-0.010010,0.041404,1
20230622T111856,20230629T100435,6.9484,98,A4,-0.262451,0.036161,1
20230622T111856,20230629T100435,6.9484,100,A4,-0.122659,0.538249,1
20230622T111856,20230629T100435,6.9484,101,A4,0.056859,0.322557,0
20230622T111856,20230629T100435,6.9484,102,A4,-0.217572,0.379408,1
20230622T111856,20230629T100435,6.9484,103,A4,0.180769,0.453932,0
20230622T111856,20230629T100435,6.9484,104,A4,0.190868,0.029800,1
20230622T111856,20230629T100435,6.9484,106,A4,-0.030295,1.090288,0
20230622T111856,20230629T100435,6.9484,107,A4,-0.051984,0.617577,0
20230622T111856,20230629T100435,6.9484,108,A4,0.007340,1.006815,0
20230622T111856,20230629T100435,6.9484,109,A4,0.401769,0.904223,1
20230622T111856,20230629T100435,6.9484,110,A4,-0.207740,2.000000,0
20230622T111856,20230629T100435,6.9484,111,A4,0.282954,0.464823,0
20230622T111856,20230629T100435,6.9484,112,A4,-0.081659,1.326044,0
20230622T111856,20230629T100435,6.9484,114,A4,0.190362,0.138069,1
20230622T111856,20230629T100435,6.9484,115,A4,0.247823,0.033214,1
20230622T111856,20230629T100435,6.9484,116,A4,-0.269705,0.185273,0
20230622T111856,20230629T100435,6.9484,118,A4,0.204447,0.238486,0
20230622T111856,20230629T100435,6.9484,119,A4,-0.041973,0.619482,0
20230622T111856,20230629T100435,6.9484,120,A4,-0.126298,0.312154,0
20230622T111856,20230629T100435,6.9484,121,A4,0.518134,0.090764,1
20230622T111856,20230629T100435,6.9484,122,A4,0.612978,0.433401,1
20230622T111856,20230629T100435,6.9484,123,A4,0.032422,0.993841,1
20230622T111856,20230629T100435,6.9484,124,A4,-0.065860,0.985622,1
20230622T111856,20230629T100435,6.9484,125,A4,-0.208604,0.054916,0
20230622T111856,20230629T100435,6.9484,126,A4,0.092256,0.170649,0
20230622T111856,20230629T100435,6.9484,127,A4,-0.318612,0.410758,0
20230622T111856,20230629T100435,6.9484,128,A4,-0.150286,0.765589,1
20230622T111856,20230629T100435,6.9484,130,A5,0.461843,0.977780,1
20230622T111856,20230629T100435,6.9484,133,A5,0.100189,0.007006,1
20230622T111856,20230629T100435,6.9484,134,A5,0.017470,0.518764,0
20230622T111856,20230629T100435,6.9484,135,A5,0.127643,0.713878,1
20230622T111856,20230629T100435,6.9484,136,A5,-0.186848,1.072518,0
20230622T111856,20230629T100435,6.9484,137,A5,0.628941,0.157043,0
20230622T111856,20230629T100435,6.9484,138,A5,0.037764,1.575458,0
20230622T111856,20230629T100435,6.9484,141,A5,0.195096,0.021896,1
20230622T111856,20230629T100435,6.9484,142,A5,0.189212,1.014425,0
20230622T111856,20230629T100435,6.9484,143,A5,0.144879,0.000000,1
20230622T111856,20230629T100435,6.9484,144,A5,-0.015896,0.041695,1
20230622T111856,20230629T100435,6.9484,145,A5,-0.281015,0.080093,1
20230622T111856,20230629T100435,6.9484,146,A5,0.258505,0.931470,1
20230622T111856,20230629T100435,6.9484,147,A5,0.494336,1.046036,0
20230622T111856,20230629T100435,6.9484,149,A5,-0.189180,0.834871,1
20230622T111856,20230629T100435,6.9484,150,A5,0.148583,0.196346,0
20230622T111856,20230629T100435,6.9484,151,A5,0.001486,0.293576,0
20230622T111856,20230629T100435,6.9484,152,A5,-0.276546,0.001368,1
20230622T111856,20230629T100435,6.9484,153,A5,0.498074,0.046932,1
20230622T111856,20230629T100435,6.9484,156,A5,0.428082,0.301129,0
20230622T111856,20230629T100435,6.9484,157,A5,0.255167,0.993033,0
20230622T111856,20230629T100435,6.9484,158,A5,0.096933,0.164341,1
20230622T111856,20230629T100435,6.9484,160,A5,-0.110726,1.008462,0
20230622T111856,20230703T122644,11.0471,1,A1,0.163902,0.357806,0
20230622T111856,20230703T122644,11.0471,3,A1,0.106985,0.014189,0
20230622T111856,20230703T122644,11.0471,4,A1,0.210639,0.105923,1
20230622T111856,20230703T122644,11.0471,6,A1,-0.240957,0.108818,1
20230622T111856,20230703T122644,11.0471,9,A1,0.291203,0.067865,1
20230622T111856,20230703T122644,11.0471,10,A1,0.124648,0.232026,0
20230622T111856,20230703T122644,11.0471,11,A1,0.269489,0.292074,0
20230622T111856,20230703T122644,11.0471,12,A1,0.126452,0.460615,1
20230622T111856,20230703T122644,11.0471,13,A1,0.474491,0.133905,1
20230622T111856,20230703T122644,11.0471,14,A1,0.174341,0.467914,0
20230622T111856,20230703T122644,11.0471,15,A1,0.547471,0.647299,1
20230622T111856,20230703T122644,11.0471,17,A1,0.442171,0.239997,1
20230622T111856,20230703T122644,11.0471,18,A1,0.416038,0.447866,1
20230622T111856,20230703T122644,11.0471,19,A1,0.251775,0.250535,1
20230622T111856,20230703T122644,11.0471,21,A1,-0.212776,0.788009,1
20230622T111856,20230703T122644,11.0471,22,A1,0.842491,0.529517,1
20230622T111856,20230703T122644,11.0471,23,A1,0.056425,0.026142,0
20230622T111856,20230703T122644,11.0471,24,A1,0.215209,0.381657,1
20230622T111856,20230703T122644,11.0471,26,A1,0.274172,0.478730,0
20230622T111856,20230703T122644,11.0471,27,A1,0.114687,0.068971,1
20230622T111856,20230703T122644,11.0471,28,A1,0.123036,0.994534,0
20230622T111856,20230703T122644,11.0471,29,A1,0.640055,0.409104,1
20230622T111856,20230703T122644,11.0471,30,A1,0.837158,0.268231,1
20230622T111856,20230703T122644,11.0471,31,A1,0.602572,1.005140,0
20230622T111856,20230703T122644,11.0471,32,A1,0.814099,0.726585,1
20230622T111856,20230703T122644,11.0471,33,A2,-0.218148,0.065310,1
20230622T111856,20230703T122644,11.0471,34,A2,-0.134314,0.100003,1
20230622T111856,20230703T122644,11.0471,35,A2,-0.086982,0.000000,1
20230622T111856,20230703T122644,11.0471,36,A2,0.212215,0.421296,0
20230622T111856,20230703T122644,11.0471,37,A2,-0.005194,0.059647,1
20230622T111856,20230703T122644,11.0471,39,A2,-0.198339,0.277246,1
20230622T111856,20230703T122644,11.0471,40,A2,0.412983,0.004857,1
20230622T111856,20230703T122644,11.0471,41,A2,0.634531,0.054744,1
20230622T111856,20230703T122644,11.0471,42,A2,-0.330181,0.806717,0
20230622T111856,20230703T122644,11.0471,43,A2,0.597424,0.148966,0
20230622T111856,20230703T122644,11.0471,44,A2,0.498516,0.471345,1
20230622T111856,20230703T122644,11.0471,45,A2,0.081633,0.139828,1
20230622T111856,20230703T122644,11.0471,46,A2,0.416651,0.211979,1
20230622T111856,20230703T122644,11.0471,47,A2,0.597344,0.472857,1
20230622T111856,20230703T122644,11.0471,49,A2,0.201663,0.389169,1
20230622T111856,20230703T122644,11.0471,50,A2,0.005200,0.764828,0
20230622T111856,20230703T122644,11.0471,51,A2,0.049281,0.259558,1
20230622T111856,20230703T122644,11.0471,52,A2,0.462847,0.821229,1
20230622T111856,20230703T122644,11.0471,53,A2,-0.043458,0.068855,0
20230622T111856,20230703T122644,11.0471,55,A2,0.153865,0.904558,0
20230622T111856,20230703T122644,11.0471,57,A2,0.157089,1.081820,0
20230622T111856,20230703T122644,11.0471,58,A2,0.232049,0.424827,0
20230622T111856,20230703T122644,11.0471,59,A2,0.137075,0.210605,0
20230622T111856,20230703T122644,11.0471,60,A2,0.134225,0.791493,1
20230622T111856,20230703T122644,11.0471,62,A2,0.510021,0.040421,1
20230622T111856,20230703T122644,11.0471,63,A2,0.715612,0.022305,1
20230622T111856,20230703T122644,11.0471,64,A2,0.485897,0.351772,1
20230622T111856,20230703T122644,11.0471,65,A3,0.446063,0.423176,1
20230622T111856,20230703T122644,11.0471,66,A3,0.057453,0.234050,1
20230622T111856,20230703T122644,11.0471,68,A3,0.438168,0.100685,1
20230622T111856,20230703T122644,11.0471,69,A3,0.228117,0.369781,1
20230622T111856,20230703T122644,11.0471,70,A3,0.326147,0.505625,1
20230622T111856,20230703T122644,11.0471,72,A3,0.149719,0.039586,1
20230622T111856,20230703T122644,11.0471,73,A3,-0.010937,1.395654,0
20230622T111856,20230703T122644,11.0471,74,A3,0.031575,1.162317,0
20230622T111856,20230703T122644,11.0471,75,A3,0.065332,0.853591,1
20230622T111856,20230703T122644,11.0471,76,A3,0.337786,0.773274,1
20230622T111856,20230703T122644,11.0471,77,A3,0.353451,0.434388,1
20230622T111856,20230703T122644,11.0471,78,A3,0.259398,1.261568,0
20230622T111856,20230703T122644,11.0471,79,A3,0.050689,0.207226,1
20230622T111856,20230703T122644,11.0471,80,A3,-0.136205,0.807609,1
20230622T111856,20230703T122644,11.0471,81,A3,0.048971,0.721533,1
20230622T111856,20230703T122644,11.0471,82,A3,0.365353,0.132019,1
20230622T111856,20230703T122644,11.0471,84,A3,-0.112648,0.181887,1
20230622T111856,20230703T122644,11.0471,85,A3,0.673665,0.400010,1
20230622T111856,20230703T122644,11.0471,86,A3,-0.119615,0.064587,1
20230622T111856,20230703T122644,11.0471,87,A3,0.222391,0.528701,1
20230622T111856,20230703T122644,11.0471,88,A3,0.106030,0.609509,0
20230622T111856,20230703T122644,11.0471,89,A3,0.178577,0.408782,0
20230622T111856,20230703T122644,11.0471,90,A3,0.083003,0.216481,0
20230622T111856,20230703T122644,11.0471,91,A3,0.015329,0.636164,1
20230622T111856,20230703T122644,11.0471,93,A3,-0.228204,0.143681,0
20230622T111856,20230703T122644,11.0471,94,A3,-0.127687,1.643504,0
20230622T111856,20230703T122644,11.0471,95,A3,0.823167,0.212571,0
20230622T111856,20230703T122644,11.0471,97,A4,-0.103147,0.072963,1
20230622T111856,20230703T122644,11.0471,98,A4,0.399227,0.118940,0
20230622T111856,20230703T122644,11.0471,99,A4,-0.069072,0.094659,0
20230622T111856,20230703T122644,11.0471,100,A4,0.006548,1.022819,0
20230622T111856,20230703T122644,11.0471,101,A4,0.148562,0.227215,1
20230622T111856,20230703T122644,11.0471,102,A4,0.250802,0.423231,1
20230622T111856,20230703T122644,11.0471,103,A4,-0.063530,0.539959,0
20230622T111856,20230703T122644,11.0471,104,A4,0.102503,0.557716,0
20230622T111856,20230703T122644,11.0471,105,A4,0.425028,0.172279,0
20230622T111856,20230703T122644,11.0471,106,A4,0.099868,0.403008,1
20230622T111856,20230703T122644,11.0471,107,A4,-0.071533,0.559604,0
20230622T111856,20230703T122644,11.0471,108,A4,0.051390,0.771359,0
20230622T111856,20230703T122644,11.0471,109,A4,-0.134607,1.095777,0
20230622T111856,20230703T122644,11.0471,110,A4,-0.230577,1.029921,0
20230622T111856,20230703T122644,11.0471,111,A4,-0.044579,0.659915,0
20230622T111856,20230703T122644,11.0471,112,A4,-0.011845,0.409986,0
20230622T111856,20230703T122644,11.0471,114,A4,0.060363,0.003869,1
20230622T111856,20230703T122644,11.0471,116,A4,0.076807,0.133674,1
20230622T111856,20230703T122644,11.0471,118,A4,-0.040681,0.101893,1
20230622T111856,20230703T122644,11.0471,119,A4,0.126932,0.022514,1
20230622T111856,20230703T122644,11.0471,121,A4,0.572384,0.158846,1
20230622T111856,20230703T122644,11.0471,122,A4,0.678789,0.215487,1
20230622T111856,20230703T122644,11.0471,123,A4,-0.241094,1.641207,0
20230622T111856,20230703T122644,11.0471,124,A4,0.029994,0.028823,0
20230622T111856,20230703T122644,11.0471,125,A4,0.039849,0.134841,0
20230622T111856,20230703T122644,11.0471,126,A4,-0.070836,0.734834,1
20230622T111856,20230703T122644,11.0471,127,A4,-0.363235,0.361067,0
20230622T111856,20230703T122644,11.0471,128,A4,-0.196736,0.221917,1
20230622T111856,20230703T122644,11.0471,130,A5,0.316972,1.242269,0
20230622T111856,20230703T122644,11.0471,132,A5,0.273432,0.046575,1
20230622T111856,20230703T122644,11.0471,133,A5,0.148790,1.041828,0
20230622T111856,20230703T122644,11.0471,134,A5,0.321044,1.502181,0
20230622T111856,20230703T122644,11.0471,135,A5,0.009309,0.926754,1
20230622T111856,20230703T122644,11.0471,136,A5,0.370626,0.693365,1
20230622T111856,20230703T122644,11.0471,137,A5,0.799111,0.140489,1
20230622T111856,20230703T122644,11.0471,138,A5,0.403848,0.430437,1
20230622T111856,20230703T122644,11.0471,139,A5,0.821468,0.241896,1
20230622T111856,20230703T122644,11.0471,140,A5,0.495313,0.443766,0
20230622T111856,20230703T122644,11.0471,141,A5,-0.077732,1.292270,0
20230622T111856,20230703T122644,11.0471,142,A5,0.461985,0.693747,1
20230622T111856,20230703T122644,11.0471,143,A5,-0.106308,1.100707,0
20230622T111856,20230703T122644,11.0471,144,A5,0.079728,0.064881,0
20230622T111856,20230703T122644,11.0471,145,A5,-0.006385,0.159860,0
20230622T111856,20230703T122644,11.0471,146,A5,0.351846,0.398469,1
20230622T111856,20230703T122644,11.0471,147,A5,0.507859,0.340947,0
20230622T111856,20230703T122644,11.0471,149,A5,-0.297212,1.276895,0
20230622T111856,20230703T122644,11.0471,150,A5,-0.053348,0.012381,1
20230622T111856,20230703T122644,11.0471,151,A5,-0.123190,0.131087,0
20230622T111856,20230703T122644,11.0471,152,A5,0.007618,0.461032,0
20230622T111856,20230703T122644,11.0471,153,A5,0.795159,0.033802,1
20230622T111856,20230703T122644,11.0471,154,A5,-0.056221,0.171345,1
20230622T111856,20230703T122644,11.0471,155,A5,0.021976,0.076773,1
20230622T111856,20230703T122644,11.0471,156,A5,0.376994,1.287006,0
20230622T111856,20230703T122644,11.0471,157,A5,0.060119,0.764192,1
20230622T111856,20230703T122644,11.0471,158,A5,-0.305819,0.228655,1
20230622T111856,20230703T122644,11.0471,159,A5,0.079945,0.079786,1
20230622T111856,20230703T122644,11.0471,160,A5,-0.222770,1.142964,0
20230628T101631,20230629T100435,0.9917,1,A1,0.362952,0.000000,1
20230628T101631,20230629T100435,0.9917,4,A1,-0.181490,0.191015,1
20230628T101631,20230629T100435,0.9917,6,A1,-0.064280,0.026721,0
20230628T101631,20230629T100435,0.9917,8,A1,0.123371,0.143092,1
20230628T101631,20230629T100435,0.9917,9,A1,0.382462,0.169700,0
20230628T101631,20230629T100435,0.9917,10,A1,0.053390,0.343403,0
20230628T101631,20230629T100435,0.9917,11,A1,0.697294,0.091766,1
20230628T101631,20230629T100435,0.9917,12,A1,-0.111279,0.072908,1
20230628T101631,20230629T100435,0.9917,13,A1,0.553278,0.011038,1
20230628T101631,20230629T100435,0.9917,14,A1,-0.077915,0.912667,0
20230628T101631,20230629T100435,0.9917,15,A1,0.187973,0.070066,1
20230628T101631,20230629T100435,0.9917,17,A1,0.041753,0.061622,1
20230628T101631,20230629T100435,0.9917,18,A1,0.185757,0.363230,1
20230628T101631,20230629T100435,0.9917,19,A1,0.320901,0.051289,1
20230628T101631,20230629T100435,0.9917,22,A1,0.654278,0.050848,1
20230628T101631,20230629T100435,0.9917,23,A1,-0.303844,0.004658,1
20230628T101631,20230629T100435,0.9917,24,A1,0.265431,0.194083,1
20230628T101631,20230629T100435,0.9917,25,A1,0.060219,0.491777,1
20230628T101631,20230629T100435,0.9917,26,A1,0.461000,0.271630,1
20230628T101631,20230629T100435,0.9917,27,A1,0.026211,0.109590,1
20230628T101631,20230629T100435,0.9917,28,A1,0.006860,0.215024,0
20230628T101631,20230629T100435,0.9917,29,A1,0.566606,0.334904,0
20230628T101631,20230629T100435,0.9917,30,A1,0.597979,0.791521,1
20230628T101631,20230629T100435,0.9917,31,A1,0.296953,0.016691,1
20230628T101631,20230629T100435,0.9917,32,A1,0.611196,0.066525,1
20230628T101631,20230629T100435,0.9917,36,A2,0.189063,0.566451,0
20230628T101631,20230629T100435,0.9917,37,A2,-0.189310,0.133087,1
20230628T101631,20230629T100435,0.9917,39,A2,0.063527,0.020312,1
20230628T101631,20230629T100435,0.9917,40,A2,0.062604,0.378139,0
20230628T101631,20230629T100435,0.9917,41,A2,0.327317,0.151826,1
20230628T101631,20230629T100435,0.9917,42,A2,0.217292,0.112520,0
20230628T101631,20230629T100435,0.9917,43,A2,0.133417,0.981288,1
20230628T101631,20230629T100435,0.9917,44,A2,-0.050093,2.000000,0
20230628T101631,20230629T100435,0.9917,46,A2,-0.021434,0.214094,1
20230628T101631,20230629T100435,0.9917,47,A2,0.628684,0.721784,1
20230628T101631,20230629T100435,0.9917,48,A2,-0.025409,0.572565,1
20230628T101631,20230629T100435,0.9917,49,A2,0.029486,0.286274,1
20230628T101631,20230629T100435,0.9917,53,A2,0.293013,0.926116,1
20230628T101631,20230629T100435,0.9917,54,A2,0.252010,0.007836,1
20230628T101631,20230629T100435,0.9917,55,A2,-0.008758,0.467141,0
20230628T101631,20230629T100435,0.9917,57,A2,0.144364,0.130627,1
20230628T101631,20230629T100435,0.9917,58,A2,-0.046978,0.738647,1
20230628T101631,20230629T100435,0.9917,59,A2,-0.092327,0.334232,1
20230628T101631,20230629T100435,0.9917,60,A2,-0.015213,0.723288,1
20230628T101631,20230629T100435,0.9917,61,A2,0.305630,0.391935,1
20230628T101631,20230629T100435,0.9917,62,A2,0.072778,0.931513,1
20230628T101631,20230629T100435,0.9917,63,A2,0.546620,0.206816,1
20230628T101631,20230629T100435,0.9917,64,A2,0.405554,0.103198,1
20230628T101631,20230629T100435,0.9917,69,A3,0.418542,1.070265,0
20230628T101631,20230629T100435,0.9917,70,A3,-0.074915,0.370878,1
20230628T101631,20230629T100435,0.9917,71,A3,0.731022,0.284646,1
20230628T101631,20230629T100435,0.9917,72,A3,0.067951,0.841625,1
20230628T101631,20230629T100435,0.9917,74,A3,0.502025,0.072731,1
20230628T101631,20230629T100435,0.9917,75,A3,-0.064325,0.230830,0
20230628T101631,20230629T100435,0.9917,76,A3,0.615388,1.046249,0
20230628T101631,20230629T100435,0.9917,77,A3,0.083924,0.000000,1
20230628T101631,20230629T100435,0.9917,78,A3,0.235204,0.612866,1
20230628T101631,20230629T100435,0.9917,80,A3,0.161515,0.394119,0
20230628T101631,20230629T100435,0.9917,81,A3,0.264215,0.147303,0
20230628T101631,20230629T100435,0.9917,82,A3,0.666809,0.286202,1
20230628T101631,20230629T100435,0.9917,83,A3,0.061541,0.046240,1
20230628T101631,20230629T100435,0.9917,84,A3,0.024814,0.214583,1
20230628T101631,20230629T100435,0.9917,85,A3,0.127370,0.101969,1
20230628T101631,20230629T100435,0.9917,86,A3,-0.006969,0.501638,1
20230628T101631,20230629T100435,0.9917,87,A3,0.043877,0.432269,1
20230628T101631,20230629T100435,0.9917,88,A3,-0.255282,0.978210,0
20230628T101631,20230629T100435,0.9917,91,A3,0.170308,0.011858,1
20230628T101631,20230629T100435,0.9917,93,A3,-0.184761,0.851627,1
20230628T101631,20230629T100435,0.9917,95,A3,0.777673,0.230968,1
20230628T101631,20230629T100435,0.9917,97,A4,0.224438,0.580710,0
20230628T101631,20230629T100435,0.9917,98,A4,-0.043468,0.199692,0
20230628T101631,20230629T100435,0.9917,100,A4,-0.340192,0.118085,1
20230628T101631,20230629T100435,0.9917,101,A4,-0.017126,0.046377,0
20230628T101631,20230629T100435,0.9917,102,A4,-0.004966,0.180612,1
20230628T101631,20230629T100435,0.9917,103,A4,-0.056488,0.458396,0
20230628T101631,20230629T100435,0.9917,104,A4,-0.108704,0.066580,1
20230628T101631,20230629T100435,0.9917,106,A4,0.095498,0.909712,1
20230628T101631,20230629T100435,0.9917,107,A4,0.158965,0.361320,1
20230628T101631,20230629T100435,0.9917,108,A4,-0.107958,0.604331,0
20230628T101631,20230629T100435,0.9917,109,A4,0.125545,0.947118,1
20230628T101631,20230629T100435,0.9917,110,A4,-0.097984,2.000000,0
20230628T101631,20230629T100435,0.9917,111,A4,0.082635,0.001278,1
20230628T101631,20230629T100435,0.9917,112,A4,0.026444,1.143155,0
20230628T101631,20230629T100435,0.9917,114,A4,-0.034118,0.171639,1
20230628T101631,20230629T100435,0.9917,115,A4,-0.088927,0.203238,0
20230628T101631,20230629T100435,0.9917,116,A4,0.173499,0.149504,1
20230628T101631,20230629T100435,0.9917,118,A4,-0.105323,0.252475,0
20230628T101631,20230629T100435,0.9917,119,A4,0.249881,0.510631,0
20230628T101631,20230629T100435,0.9917,120,A4,0.083845,0.258938,0
20230628T101631,20230629T100435,0.9917,121,A4,0.658327,0.410620,1
20230628T101631,20230629T100435,0.9917,122,A4,0.677893,0.299223,1
20230628T101631,20230629T100435,0.9917,123,A4,0.236103,0.233042,1
20230628T101631,20230629T100435,0.9917,125,A4,-0.089650,0.078378,1
20230628T101631,20230629T100435,0.9917,126,A4,0.161412,1.000365,0
20230628T101631,20230629T100435,0.9917,127,A4,0.092097,1.121500,0
20230628T101631,20230629T100435,0.9917,129,A5,-0.166055,0.789987,1
20230628T101631,20230629T100435,0.9917,130,A5,0.766962,0.850580,0
20230628T101631,20230629T100435,0.9917,133,A5,-0.029380,0.131378,0
20230628T101631,20230629T100435,0.9917,134,A5,0.226774,0.111494,0
20230628T101631,20230629T100435,0.9917,135,A5,0.328872,0.170682,1
20230628T101631,20230629T100435,0.9917,136,A5,0.157240,0.131575,1
20230628T101631,20230629T100435,0.9917,137,A5,0.721815,1.120477,0
20230628T101631,20230629T100435,0.9917,138,A5,0.201476,1.356323,0
20230628T101631,20230629T100435,0.9917,141,A5,0.267677,0.000000,1
20230628T101631,20230629T100435,0.9917,142,A5,0.349659,0.131515,0
20230628T101631,20230629T100435,0.9917,143,A5,-0.000169,1.179371,0
20230628T101631,20230629T100435,0.9917,144,A5,-0.171949,0.190924,0
20230628T101631,20230629T100435,0.9917,145,A5,0.076906,0.627923,0
20230628T101631,20230629T100435,0.9917,146,A5,0.490232,0.588520,1
20230628T101631,20230629T100435,0.9917,147,A5,0.730662,0.281945,1
20230628T101631,20230629T100435,0.9917,149,A5,0.059877,0.868923,0
20230628T101631,20230629T100435,0.9917,150,A5,-0.187920,0.088079,0
20230628T101631,20230629T100435,0.9917,151,A5,-0.139962,0.138077,1
20230628T101631,20230629T100435,0.9917,152,A5,0.583521,0.066198,0
20230628T101631,20230629T100435,0.9917,153,A5,0.434062,0.302152,1
20230628T101631,20230629T100435,0.9917,157,A5,-0.411576,0.230344,0
20230628T101631,20230629T100435,0.9917,158,A5,-0.321059,0.328489,0
20230628T101631,20230629T100435,0.9917,160,A5,-0.217361,0.991538,1
20230628T101631,20230703T122644,5.0904,1,A1,0.600780,1.070542,0
20230628T101631,20230703T122644,5.0904,3,A1,0.047894,0.081569,0
20230628T101631,20230703T122644,5.0904,4,A1,-0.048456,0.213973,1
20230628T101631,20230703T122644,5.0904,6,A1,-0.003551,0.031484,0
20230628T101631,20230703T122644,5.0904,9,A1,0.358326,0.249091,0
20230628T101631,20230703T122644,5.0904,10,A1,-0.085167,0.313794,0
20230628T101631,20230703T122644,5.0904,11,A1,0.566385,0.106253,1
20230628T101631,20230703T122644,5.0904,12,A1,0.133009,0.866856,1
20230628T101631,20230703T122644,5.0904,13,A1,0.560140,0.019144,0
20230628T101631,20230703T122644,5.0904,14,A1,0.118050,0.725937,0
20230628T101631,20230703T122644,5.0904,15,A1,0.740345,0.046547,1
20230628T101631,20230703T122644,5.0904,17,A1,0.360367,0.375252,0
20230628T101631,20230703T122644,5.0904,18,A1,0.359058,0.487418,1
20230628T101631,20230703T122644,5.0904,19,A1,0.504981,0.080634,1
20230628T101631,20230703T122644,5.0904,21,A1,0.236782,0.128013,0
20230628T101631,20230703T122644,5.0904,22,A1,0.884237,0.053223,1
20230628T101631,20230703T122644,5.0904,23,A1,0.017300,0.015092,0
20230628T101631,20230703T122644,5.0904,24,A1,0.045347,0.956459,1
20230628T101631,20230703T122644,5.0904,26,A1,0.014732,0.378654,1
20230628T101631,20230703T122644,5.0904,27,A1,0.085900,0.275423,1
20230628T101631,20230703T122644,5.0904,28,A1,0.517445,0.100886,1
20230628T101631,20230703T122644,5.0904,29,A1,0.731413,0.033984,1
20230628T101631,20230703T122644,5.0904,30,A1,0.887979,0.268231,1
20230628T101631,20230703T122644,5.0904,31,A1,0.653692,0.097766,0
20230628T101631,20230703T122644,5.0904,32,A1,0.761939,0.179399,1
20230628T101631,20230703T122644,5.0904,33,A2,0.021552,0.186257,1
20230628T101631,20230703T122644,5.0904,34,A2,0.079616,0.165927,0
20230628T101631,20230703T122644,5.0904,36,A2,-0.085399,0.711094,0
20230628T101631,20230703T122644,5.0904,37,A2,0.041081,0.201978,1
20230628T101631,20230703T122644,5.0904,39,A2,0.489738,0.067932,1
20230628T101631,20230703T122644,5.0904,40,A2,0.083443,0.002109,1
20230628T101631,20230703T122644,5.0904,41,A2,0.227113,0.233139,1
20230628T101631,20230703T122644,5.0904,42,A2,-0.133244,0.238225,0
20230628T101631,20230703T122644,5.0904,43,A2,0.323671,0.904667,1
20230628T101631,20230703T122644,5.0904,44,A2,0.539634,0.956288,1
20230628T101631,20230703T122644,5.0904,46,A2,0.105545,0.761933,1
20230628T101631,20230703T122644,5.0904,47,A2,0.700201,0.472857,1
20230628T101631,20230703T122644,5.0904,49,A2,0.251464,0.379990,0
20230628T101631,20230703T122644,5.0904,51,A2,-0.158521,0.178917,0
20230628T101631,20230703T122644,5.0904,52,A2,0.287413,0.385589,1
20230628T101631,20230703T122644,5.0904,53,A2,0.157681,1.029611,0
20230628T101631,20230703T122644,5.0904,55,A2,0.096109,0.100097,1
20230628T101631,20230703T122644,5.0904,57,A2,0.414924,0.225873,0
20230628T101631,20230703T122644,5.0904,58,A2,-0.016601,0.055699,1
20230628T101631,20230703T122644,5.0904,59,A2,0.155596,0.107475,1
20230628T101631,20230703T122644,5.0904,60,A2,0.277637,0.000000,1
20230628T101631,20230703T122644,5.0904,62,A2,0.553697,0.054138,1
20230628T101631,20230703T122644,5.0904,63,A2,0.687714,0.003317,1
20230628T101631,20230703T122644,5.0904,64,A2,0.395684,0.334543,1
20230628T101631,20230703T122644,5.0904,65,A3,0.552679,0.000000,1
20230628T101631,20230703T122644,5.0904,66,A3,0.582903,0.151401,1
20230628T101631,20230703T122644,5.0904,68,A3,0.382686,0.301689,0
20230628T101631,20230703T122644,5.0904,69,A3,0.813923,0.094345,1
20230628T101631,20230703T122644,5.0904,70,A3,0.768823,0.290541,1
20230628T101631,20230703T122644,5.0904,72,A3,0.064766,0.147157,1
20230628T101631,20230703T122644,5.0904,73,A3,0.059750,0.415106,0
20230628T101631,20230703T122644,5.0904,74,A3,-0.150009,0.849552,1
20230628T101631,20230703T122644,5.0904,75,A3,0.482257,0.369009,0
20230628T101631,20230703T122644,5.0904,76,A3,0.572861,0.773274,1
20230628T101631,20230703T122644,5.0904,77,A3,0.268322,0.874955,1
20230628T101631,20230703T122644,5.0904,78,A3,0.253903,0.278894,1
20230628T101631,20230703T122644,5.0904,79,A3,0.399932,0.858281,1
20230628T101631,20230703T122644,5.0904,80,A3,0.503565,0.201075,0
20230628T101631,20230703T122644,5.0904,81,A3,0.112724,1.133542,0
20230628T101631,20230703T122644,5.0904,82,A3,0.740084,0.131222,1
20230628T101631,20230703T122644,5.0904,84,A3,0.298985,0.173632,1
20230628T101631,20230703T122644,5.0904,85,A3,0.783613,0.027484,1
20230628T101631,20230703T122644,5.0904,86,A3,-0.044593,0.592566,1
20230628T101631,20230703T122644,5.0904,87,A3,0.459723,0.228339,1
20230628T101631,20230703T122644,5.0904,88,A3,0.114883,0.277843,0
20230628T101631,20230703T122644,5.0904,89,A3,-0.128682,0.008961,1
20230628T101631,20230703T122644,5.0904,91,A3,0.006253,0.175992,1
20230628T101631,20230703T122644,5.0904,93,A3,0.224201,0.877054,1
20230628T101631,20230703T122644,5.0904,94,A3,0.263581,0.724538,1
20230628T101631,20230703T122644,5.0904,95,A3,0.934790,0.286247,1
20230628T101631,20230703T122644,5.0904,97,A4,-0.049336,0.695077,0
20230628T101631,20230703T122644,5.0904,98,A4,0.594552,0.044592,1
20230628T101631,20230703T122644,5.0904,100,A4,-0.090399,0.366485,0
20230628T101631,20230703T122644,5.0904,101,A4,0.088655,0.048964,1
20230628T101631,20230703T122644,5.0904,102,A4,0.064292,0.224435,1
20230628T101631,20230703T122644,5.0904,103,A4,-0.198238,0.544423,0
20230628T101631,20230703T122644,5.0904,104,A4,-0.273295,0.461335,0
20230628T101631,20230703T122644,5.0904,105,A4,0.394692,0.105250,1
20230628T101631,20230703T122644,5.0904,106,A4,0.046911,1.596992,0
20230628T101631,20230703T122644,5.0904,107,A4,-0.217186,0.419293,1
20230628T101631,20230703T122644,5.0904,108,A4,-0.189393,0.368876,0
20230628T101631,20230703T122644,5.0904,109,A4,-0.089965,1.052882,0
20230628T101631,20230703T122644,5.0904,110,A4,-0.025008,1.029921,0
20230628T101631,20230703T122644,5.0904,111,A4,0.036775,0.196370,1
20230628T101631,20230703T122644,5.0904,112,A4,-0.210587,0.227097,0
20230628T101631,20230703T122644,5.0904,114,A4,0.169627,0.029701,1
20230628T101631,20230703T122644,5.0904,116,A4,0.276807,0.201102,0
20230628T101631,20230703T122644,5.0904,118,A4,0.010616,0.115882,1
20230628T101631,20230703T122644,5.0904,119,A4,0.221045,0.086337,1
20230628T101631,20230703T122644,5.0904,121,A4,0.725596,0.342537,1
20230628T101631,20230703T122644,5.0904,122,A4,0.878698,0.081308,1
20230628T101631,20230703T122644,5.0904,123,A4,0.001351,0.880408,0
20230628T101631,20230703T122644,5.0904,125,A4,0.110564,0.001548,1
20230628T101631,20230703T122644,5.0904,126,A4,0.007329,0.094883,1
20230628T101631,20230703T122644,5.0904,127,A4,0.016873,1.071809,0
20230628T101631,20230703T122644,5.0904,130,A5,0.862040,0.586091,1
20230628T101631,20230703T122644,5.0904,132,A5,0.055519,0.799941,0
20230628T101631,20230703T122644,5.0904,133,A5,0.031860,0.917456,1
20230628T101631,20230703T122644,5.0904,134,A5,0.280342,1.094911,0
20230628T101631,20230703T122644,5.0904,135,A5,-0.134087,0.042193,1
20230628T101631,20230703T122644,5.0904,136,A5,0.010505,0.510728,0
20230628T101631,20230703T122644,5.0904,137,A5,0.856169,0.822945,1
20230628T101631,20230703T122644,5.0904,138,A5,0.178731,0.211302,1
20230628T101631,20230703T122644,5.0904,139,A5,0.837204,0.082742,1
20230628T101631,20230703T122644,5.0904,140,A5,0.772435,0.072142,0
20230628T101631,20230703T122644,5.0904,141,A5,0.268474,1.314166,0
20230628T101631,20230703T122644,5.0904,142,A5,0.467714,0.189163,1
20230628T101631,20230703T122644,5.0904,143,A5,0.072468,0.078663,1
20230628T101631,20230703T122644,5.0904,144,A5,0.037521,0.084348,1
20230628T101631,20230703T122644,5.0904,145,A5,0.219618,0.387970,1
20230628T101631,20230703T122644,5.0904,146,A5,0.715823,0.055519,1
20230628T101631,20230703T122644,5.0904,147,A5,0.810933,0.987034,1
20230628T101631,20230703T122644,5.0904,149,A5,-0.324543,0.426899,1
20230628T101631,20230703T122644,5.0904,150,A5,0.023545,0.120649,1
20230628T101631,20230703T122644,5.0904,151,A5,-0.257373,0.024412,1
20230628T101631,20230703T122644,5.0904,152,A5,-0.091483,0.393466,1
20230628T101631,20230703T122644,5.0904,153,A5,0.845754,0.289022,1
20230628T101631,20230703T122644,5.0904,154,A5,-0.137467,0.613703,1
20230628T101631,20230703T122644,5.0904,155,A5,0.028800,0.892396,0
20230628T101631,20230703T122644,5.0904,157,A5,0.142431,0.001502,1
20230628T101631,20230703T122644,5.0904,158,A5,0.042812,0.721485,0
20230628T101631,20230703T122644,5.0904,159,A5,0.060242,0.136328,1
20230628T101631,20230703T122644,5.0904,160,A5,-0.356859,0.857036,1
20230629T100435,20230703T122644,4.0987,1,A1,0.393401,1.070542,0
20230629T100435,20230703T122644,4.0987,4,A1,-0.140611,0.022957,1
20230629T100435,20230703T122644,4.0987,6,A1,-0.244027,0.004763,1
20230629T100435,20230703T122644,4.0987,9,A1,0.204863,0.079391,1
20230629T100435,20230703T122644,4.0987,10,A1,0.240668,0.029609,1
20230629T100435,20230703T122644,4.0987,11,A1,0.235172,0.014486,1
20230629T100435,20230703T122644,4.0987,12,A1,-0.316102,0.793948,1
20230629T100435,20230703T122644,4.0987,13,A1,0.477482,0.030182,0
20230629T100435,20230703T122644,4.0987,14,A1,0.108537,0.186729,1
20230629T100435,20230703T122644,4.0987,15,A1,0.254782,0.023519,1
20230629T100435,20230703T122644,4.0987,17,A1,0.023805,0.436875,0
20230629T100435,20230703T122644,4.0987,18,A1,0.072323,0.850648,1
20230629T100435,20230703T122644,4.0987,19,A1,0.463277,0.029345,1
20230629T100435,20230703T122644,4.0987,22,A1,0.573060,0.104071,1
20230629T100435,20230703T122644,4.0987,23,A1,-0.037975,0.010434,0
20230629T100435,20230703T122644,4.0987,24,A1,0.357069,0.762376,1
20230629T100435,20230703T122644,4.0987,26,A1,0.066650,0.107025,1
20230629T100435,20230703T122644,4.0987,27,A1,-0.142940,0.385012,1
20230629T100435,20230703T122644,4.0987,28,A1,-0.176897,0.114137,0
20230629T100435,20230703T122644,4.0987,29,A1,0.509021,0.300920,0
20230629T100435,20230703T122644,4.0987,30,A1,0.512263,0.523290,1
20230629T100435,20230703T122644,4.0987,31,A1,0.247466,0.114458,0
20230629T100435,20230703T122644,4.0987,32,A1,0.738975,0.112873,1
20230629T100435,20230703T122644,4.0987,36,A2,-0.199957,0.144643,1
20230629T100435,20230703T122644,4.0987,37,A2,-0.061662,0.335064,1
20230629T100435,20230703T122644,4.0987,39,A2,0.146542,0.047620,1
20230629T100435,20230703T122644,4.0987,40,A2,-0.145766,0.380248,0
20230629T100435,20230703T122644,4.0987,41,A2,0.395191,0.081313,1
20230629T100435,20230703T122644,4.0987,42,A2,0.039094,0.125706,1
20230629T100435,20230703T122644,4.0987,43,A2,0.339512,0.076621,1
20230629T100435,20230703T122644,4.0987,44,A2,0.484663,1.043712,0
20230629T100435,20230703T122644,4.0987,46,A2,0.111001,0.976028,1
20230629T100435,20230703T122644,4.0987,47,A2,0.456220,0.248928,1
20230629T100435,20230703T122644,4.0987,49,A2,0.165872,0.093716,0
20230629T100435,20230703T122644,4.0987,50,A2,-0.234088,0.064644,1
20230629T100435,20230703T122644,4.0987,53,A2,0.291506,0.103494,0
20230629T100435,20230703T122644,4.0987,55,A2,-0.089293,0.567238,0
20230629T100435,20230703T122644,4.0987,57,A2,0.296467,0.095247,0
20230629T100435,20230703T122644,4.0987,58,A2,-0.117643,0.794347,1
20230629T100435,20230703T122644,4.0987,59,A2,0.024348,0.226757,1
20230629T100435,20230703T122644,4.0987,60,A2,0.232168,0.723288,1
20230629T100435,20230703T122644,4.0987,62,A2,0.215648,0.877375,1
20230629T100435,20230703T122644,4.0987,63,A2,0.653463,0.210133,1
20230629T100435,20230703T122644,4.0987,64,A2,0.455212,0.231345,1
20230629T100435,20230703T122644,4.0987,69,A3,0.542128,1.164610,0
20230629T100435,20230703T122644,4.0987,70,A3,0.026947,0.661419,1
20230629T100435,20230703T122644,4.0987,72,A3,-0.106747,0.694468,1
20230629T100435,20230703T122644,4.0987,74,A3,-0.369325,0.922284,1
20230629T100435,20230703T122644,4.0987,75,A3,-0.045138,0.138178,1
20230629T100435,20230703T122644,4.0987,76,A3,0.454596,0.272975,0
20230629T100435,20230703T122644,4.0987,77,A3,0.031706,0.874955,1
20230629T100435,20230703T122644,4.0987,78,A3,0.487968,0.891760,1
20230629T100435,20230703T122644,4.0987,80,A3,0.163582,0.193044,1
20230629T100435,20230703T122644,4.0987,81,A3,0.334502,0.986239,1
20230629T100435,20230703T122644,4.0987,82,A3,0.684816,0.154980,1
20230629T100435,20230703T122644,4.0987,84,A3,0.021741,0.040951,1
20230629T100435,20230703T122644,4.0987,85,A3,0.438496,0.129453,1
20230629T100435,20230703T122644,4.0987,86,A3,-0.391534,0.090928,1
20230629T100435,20230703T122644,4.0987,87,A3,0.364470,0.203930,1
20230629T100435,20230703T122644,4.0987,88,A3,0.063343,0.700367,1
20230629T100435,20230703T122644,4.0987,90,A3,0.049329,0.159205,0
20230629T100435,20230703T122644,4.0987,91,A3,-0.178584,0.164134,1
20230629T100435,20230703T122644,4.0987,93,A3,-0.141155,0.025427,1
20230629T100435,20230703T122644,4.0987,95,A3,0.838493,0.055279,1
20230629T100435,20230703T122644,4.0987,97,A4,-0.033531,0.114367,1
20230629T100435,20230703T122644,4.0987,98,A4,0.059277,0.155100,0
20230629T100435,20230703T122644,4.0987,100,A4,0.144282,0.484570,0
20230629T100435,20230703T122644,4.0987,101,A4,-0.169748,0.095341,0
20230629T100435,20230703T122644,4.0987,102,A4,-0.067427,0.043823,1
20230629T100435,20230703T122644,4.0987,103,A4,0.062380,0.086027,1
20230629T100435,20230703T122644,4.0987,104,A4,-0.036274,0.527915,0
20230629T100435,20230703T122644,4.0987,106,A4,-0.202881,0.687279,0
20230629T100435,20230703T122644,4.0987,107,A4,0.101837,0.057973,1
20230629T100435,20230703T122644,4.0987,108,A4,-0.029672,0.235455,1
20230629T100435,20230703T122644,4.0987,109,A4,0.120509,2.000000,0
20230629T100435,20230703T122644,4.0987,110,A4,-0.233701,0.970079,1
20230629T100435,20230703T122644,4.0987,111,A4,0.411581,0.195092,1
20230629T100435,20230703T122644,4.0987,112,A4,-0.029323,0.916058,1
20230629T100435,20230703T122644,4.0987,114,A4,0.040310,0.141938,1
20230629T100435,20230703T122644,4.0987,116,A4,0.030027,0.051599,0
20230629T100435,20230703T122644,4.0987,118,A4,0.094997,0.136593,0
20230629T100435,20230703T122644,4.0987,119,A4,-0.108897,0.596968,0
20230629T100435,20230703T122644,4.0987,121,A4,0.604253,0.068083,1
20230629T100435,20230703T122644,4.0987,122,A4,0.666035,0.217914,1
20230629T100435,20230703T122644,4.0987,123,A4,0.461849,0.647366,0
20230629T100435,20230703T122644,4.0987,124,A4,-0.158713,1.014444,0
20230629T100435,20230703T122644,4.0987,125,A4,-0.311480,0.079925,1
20230629T100435,20230703T122644,4.0987,126,A4,-0.048009,0.905483,0
20230629T100435,20230703T122644,4.0987,127,A4,0.237725,0.049691,1
20230629T100435,20230703T122644,4.0987,128,A4,0.060806,0.987506,1
20230629T100435,20230703T122644,4.0987,130,A5,0.718829,0.264489,0
20230629T100435,20230703T122644,4.0987,133,A5,-0.066132,1.048834,0
20230629T100435,20230703T122644,4.0987,134,A5,-0.132486,0.983417,1
20230629T100435,20230703T122644,4.0987,135,A5,0.068741,0.212876,1
20230629T100435,20230703T122644,4.0987,136,A5,0.083651,0.379153,0
20230629T100435,20230703T122644,4.0987,137,A5,0.755118,0.297532,0
20230629T100435,20230703T122644,4.0987,138,A5,-0.027412,1.145020,0
20230629T100435,20230703T122644,4.0987,141,A5,0.247626,1.314166,0
20230629T100435,20230703T122644,4.0987,142,A5,0.530339,0.320678,0
20230629T100435,20230703T122644,4.0987,143,A5,-0.069626,1.100707,0
20230629T100435,20230703T122644,4.0987,144,A5,0.459978,0.106576,0
20230629T100435,20230703T122644,4.0987,145,A5,-0.185802,0.239953,0
20230629T100435,20230703T122644,4.0987,146,A5,0.494434,0.533001,1
20230629T100435,20230703T122644,4.0987,147,A5,0.542438,0.705089,1
20230629T100435,20230703T122644,4.0987,149,A5,0.009792,0.442024,0
20230629T100435,20230703T122644,4.0987,150,A5,-0.296735,0.208728,0
20230629T100435,20230703T122644,4.0987,151,A5,-0.198068,0.162489,1
20230629T100435,20230703T122644,4.0987,152,A5,-0.009859,0.459664,0
20230629T100435,20230703T122644,4.0987,153,A5,0.633773,0.013129,1
20230629T100435,20230703T122644,4.0987,156,A5,0.165056,0.985877,1
20230629T100435,20230703T122644,4.0987,157,A5,-0.122999,0.228842,0
20230629T100435,20230703T122644,4.0987,158,A5,-0.176173,0.392996,1
20230629T100435,20230703T122644,4.0987,160,A5,-0.068212,0.134503,1
