session_id,channel,array_name,si_a,si_b,delta_si,waveform_r,sign_a,sign_b,sign_flip,task_evoked_a,task_evoked_b
20230330T133602.A_Curius.B_AE.SCP_01,1,A1,-0.030368328250472428,0.1700325926692963,0.20040092091976872,-0.11647969408808137,-1,1,1,1,1
20230330T133602.A_Curius.B_AE.SCP_01,3,A1,-0.01761927519750678,-0.03122346862037054,-0.013604193422863762,0.10274632455650656,-1,-1,0,1,1
20230330T133602.A_Curius.B_AE.SCP_01,4,A1,0.17598666081657438,-0.01946226929399607,-0.19544893011057046,0.0516468347729908,1,-1,1,1,1
20230330T133602.A_Curius.B_AE.SCP_01,5,A1,0.19512164425161477,0.16639498211338855,-0.028726662138226222,0.47265308881721496,1,1,0,1,1
20230330T133602.A_Curius.B_AE.SCP_01,6,A1,0.03867815938840395,0.019484102040801483,-0.019194057347602468,0.5996922029805193,1,1,0,1,1
20230330T133602.A_Curius.B_AE.SCP_01,7,A1,0.5149128023873463,1.0,0.48508719761265373,0.8901145209987594,1,1,0,1,1
20230330T133602.A_Curius.B_AE.SCP_01,8,A1,0.23432132812463874,0.2830786425749771,0.048757314450338374,-0.3493648427455603,1,1,0,1,1
20230330T133602.A_Curius.B_AE.SCP_01,9,A1,0.06295192905447937,0.0155418598339711,-0.04741006922050827,0.43204437576518623,1,1,0,1,1
20230330T133602.A_Curius.B_AE.SCP_01,10,A1,0.17239098932141864,-0.013219639516301458,-0.1856106288377201,0.17991557670803832,1,-1,1,1,1
20230330T133602.A_Curius.B_AE.SCP_01,11,A1,0.40568553157831777,0.1442344557863577,-0.26145107579196003,0.3304967211885652,1,1,0,1,1
20230330T133602.A_Curius.B_AE.SCP_01,12,A1,0.7787054082041721,0.5405760427901913,-0.23812936541398078,0.6813615306926624,1,1,0,1,1
20230330T133602.A_Curius.B_AE.SCP_01,13,A1,1.0,1.0,0.0,0.6804986218717786,1,1,0,1,1
20230330T133602.A_Curius.B_AE.SCP_01,14,A1,0.21605448684880454,-0.07037896842182934,-0.2864334552706339,0.12186367913020864,1,-1,1,1,1
20230330T133602.A_Curius.B_AE.SCP_01,15,A1,-0.5045198340511055,-0.6420708129883094,-0.13755097893720392,0.8889430292617948,-1,-1,0,1,1
20230330T133602.A_Curius.B_AE.SCP_01,16,A1,0.125873689063672,0.05228611556315122,-0.07358757350052078,-0.035482081972161274,1,1,0,1,1
20230330T133602.A_Curius.B_AE.SCP_01,17,A1,-0.4799807496774446,0.30634619886475106,0.7863269485421956,-0.24325076483922442,-1,1,1,1,1
20230330T133602.A_Curius.B_AE.SCP_01,18,A1,1.0,1.0,0.0,0.5059665035021403,1,1,0,1,1
20230330T133602.A_Curius.B_AE.SCP_01,19,A1,0.1663349856740243,0.054808474458328905,-0.1115265112156954,0.09177548916776414,1,1,0,1,1
20230330T133602.A_Curius.B_AE.SCP_01,20,A1,0.12024491179827011,-0.024176420033132754,-0.14442133183140288,0.025562015540852752,1,-1,1,1,1
20230330T133602.A_Curius.B_AE.SCP_01,21,A1,0.4507782423365183,0.49544375511954464,0.04466551278302633,0.45101891044071546,1,1,0,1,1
20230330T133602.A_Curius.B_AE.SCP_01,22,A1,1.0,0.4876863196212934,-0.5123136803787066,0.5103874687598225,1,1,0,1,1
20230330T133602.A_Curius.B_AE.SCP_01,24,A1,1.0,0.24630365488723874,-0.7536963451127613,0.2648161540116062,1,1,0,1,1
20230330T133602.A_Curius.B_AE.SCP_01,25,A1,0.43370208329571097,0.7939944283756284,0.3602923450799174,0.025856027962730288,1,1,0,1,1
20230330T133602.A_Curius.B_AE.SCP_01,26,A1,0.039553010115374224,-0.04184530169573093,-0.08139831181110516,0.5351953202828151,1,-1,1,1,1
20230330T133602.A_Curius.B_AE.SCP_01,27,A1,0.25885524376733954,-0.021806076517024004,-0.2806613202843635,-0.220652861875345,1,-1,1,1,1
20230330T133602.A_Curius.B_AE.SCP_01,28,A1,-0.01806948643180697,-0.06748222034184027,-0.0494127339100333,-0.007610349802804139,-1,-1,0,1,1
20230330T133602.A_Curius.B_AE.SCP_01,29,A1,0.29248734741366816,0.26440762429440573,-0.028079723119262434,0.7942059124211432,1,1,0,1,1
20230330T133602.A_Curius.B_AE.SCP_01,30,A1,0.21779917536760685,0.21785674950604417,5.757413843732184e-05,0.5789571855296757,1,1,0,1,1
20230330T133602.A_Curius.B_AE.SCP_01,31,A1,-0.6198104106486558,-0.7200762067144305,-0.10026579606577468,0.9316997317185268,-1,-1,0,1,1
20230330T133602.A_Curius.B_AE.SCP_01,32,A1,0.2875657329811125,-0.46671038401834475,-0.7542761169994572,0.1277202458570473,1,-1,1,1,1
20230330T133602.A_Curius.B_AE.SCP_01,33,A2,0.05631058716215115,0.3184214854563809,0.26211089829422973,0.08005012492483612,1,1,0,1,0
20230330T133602.A_Curius.B_AE.SCP_01,35,A2,-0.02373322648464886,-0.44518349578678706,-0.4214502693021382,0.44343222793976284,-1,-1,0,1,1
20230330T133602.A_Curius.B_AE.SCP_01,36,A2,-0.2424653066350569,1.0,1.2424653066350568,0.4538683878900655,-1,1,1,1,1
20230330T133602.A_Curius.B_AE.SCP_01,37,A2,-0.2636487133838095,0.5568391811766278,0.8204878945604372,-0.39286821069941097,-1,1,1,1,1
20230330T133602.A_Curius.B_AE.SCP_01,38,A2,-0.09908117564541287,0.5475378261815242,0.6466190018269371,0.22255218238443453,-1,1,1,1,1
20230330T133602.A_Curius.B_AE.SCP_01,39,A2,-0.3236986725085205,0.6220279738945891,0.9457266464031095,-0.04413399780787027,-1,1,1,1,1
20230330T133602.A_Curius.B_AE.SCP_01,40,A2,0.8628247084037894,1.0,0.13717529159621056,0.2892064741018261,1,1,0,1,1
20230330T133602.A_Curius.B_AE.SCP_01,41,A2,1.0,0.3986092566176703,-0.6013907433823297,0.18921923659584147,1,1,0,1,1
20230330T133602.A_Curius.B_AE.SCP_01,42,A2,0.06815529364886187,0.011570764783239713,-0.05658452886562216,0.2505726678335558,1,1,0,1,1
20230330T133602.A_Curius.B_AE.SCP_01,43,A2,0.3356057441614274,-0.04591603136097085,-0.38152177552239824,0.10886237753062818,1,-1,1,0,1
20230330T133602.A_Curius.B_AE.SCP_01,44,A2,0.6340248159676267,0.06689820322658688,-0.5671266127410398,0.21062745188168355,1,1,0,1,1
20230330T133602.A_Curius.B_AE.SCP_01,46,A2,0.06421468093199094,-0.4116304408158546,-0.47584512174784555,0.06674704241175171,1,-1,1,1,1
20230330T133602.A_Curius.B_AE.SCP_01,47,A2,-0.11873991858778726,0.18344766583373687,0.30218758442152416,0.21143113481192646,-1,1,1,1,1
20230330T133602.A_Curius.B_AE.SCP_01,48,A2,-0.14757376772600356,0.08900943026241007,0.23658319798841362,0.01822484864543714,-1,1,1,1,1
20230330T133602.A_Curius.B_AE.SCP_01,49,A2,0.3706615294923805,-0.0057932332044690555,-0.3764547626968496,0.13586434050519205,1,-1,1,0,0
20230330T133602.A_Curius.B_AE.SCP_01,50,A2,-0.36995326749158935,1.0,1.3699532674915893,0.4201805312051468,-1,1,1,0,1
20230330T133602.A_Curius.B_AE.SCP_01,51,A2,-0.005916970790304114,0.07846431028301253,0.08438128107331663,0.37837847364006094,-1,1,1,1,1
20230330T133602.A_Curius.B_AE.SCP_01,52,A2,0.573610735833513,0.43427457458941826,-0.1393361612440947,0.34200972686346676,1,1,0,1,1
20230330T133602.A_Curius.B_AE.SCP_01,53,A2,1.0,1.0,0.0,0.08393846165270065,1,1,0,1,1
20230330T133602.A_Curius.B_AE.SCP_01,54,A2,0.1723543489287849,-0.013236888775974242,-0.18559123770475913,0.25024879818797563,1,-1,1,1,1
20230330T133602.A_Curius.B_AE.SCP_01,55,A2,1.0,0.2295943093497632,-0.7704056906502368,0.015328852802235924,1,1,0,1,1
20230330T133602.A_Curius.B_AE.SCP_01,56,A2,-0.09694234813741764,0.21140559757708263,0.3083479457145003,-0.010507116681936707,-1,1,1,1,1
20230330T133602.A_Curius.B_AE.SCP_01,57,A2,-0.6042330967890877,-0.4077901487346688,0.19644294805441886,-0.10547591848677684,-1,-1,0,1,1
20230330T133602.A_Curius.B_AE.SCP_01,58,A2,-0.04201340680050669,-0.4930694347240639,-0.4510560279235572,-0.021854289324221756,-1,-1,0,0,0
20230330T133602.A_Curius.B_AE.SCP_01,59,A2,0.024943566333856866,0.0751172791584815,0.050173712824624635,-0.09597086012166402,1,1,0,1,1
20230330T133602.A_Curius.B_AE.SCP_01,60,A2,0.1627786984131288,0.00789900598403443,-0.15487969242909438,0.07519161089553579,1,1,0,1,1
20230330T133602.A_Curius.B_AE.SCP_01,61,A2,1.0,0.2220409395704045,-0.7779590604295955,0.33530906663517324,1,1,0,1,1
20230330T133602.A_Curius.B_AE.SCP_01,62,A2,-0.047717479418603,-0.4601520437208178,-0.4124345643022148,-0.07707550923693016,-1,-1,0,1,1
20230330T133602.A_Curius.B_AE.SCP_01,63,A2,0.15197706022961238,0.08715699311856334,-0.06482006711104904,0.4388309882328612,1,1,0,1,1
20230330T133602.A_Curius.B_AE.SCP_01,64,A2,-1.0,0.20482927931373196,1.2048292793137318,0.24871382806379325,-1,1,1,1,1
20230330T133602.A_Curius.B_AE.SCP_01,65,A3,-0.4820254066933077,-0.28956131101169574,0.19246409568161194,0.03493524462303748,-1,-1,0,1,0
20230330T133602.A_Curius.B_AE.SCP_01,66,A3,1.0,1.0,0.0,0.3457398335038921,1,1,0,1,1
20230330T133602.A_Curius.B_AE.SCP_01,68,A3,-0.1318764308554984,0.6361804859224041,0.7680569167779024,0.6771382226023304,-1,1,1,1,1
20230330T133602.A_Curius.B_AE.SCP_01,69,A3,1.0,1.0,0.0,0.6252267268960323,1,1,0,1,1
20230330T133602.A_Curius.B_AE.SCP_01,70,A3,0.4781447475448893,0.1236509699708811,-0.3544937775740082,0.4296605754010363,1,1,0,1,1
20230330T133602.A_Curius.B_AE.SCP_01,71,A3,1.0,0.24973097653832588,-0.7502690234616741,0.45101154130037097,1,1,0,1,1
20230330T133602.A_Curius.B_AE.SCP_01,73,A3,0.5228100082335793,-0.20159080714427546,-0.7244008153778547,0.2546037823954501,1,-1,1,0,0
20230330T133602.A_Curius.B_AE.SCP_01,74,A3,0.09296421901524199,-0.05741212971711666,-0.15037634873235864,0.19663896686757162,1,-1,1,0,0
20230330T133602.A_Curius.B_AE.SCP_01,75,A3,-0.031119252322259598,0.0704751304882526,0.1015943828105122,0.01013560354716754,-1,1,1,1,1
20230330T133602.A_Curius.B_AE.SCP_01,76,A3,1.0,0.7834780001867533,-0.2165219998132467,0.6927751235134273,1,1,0,1,1
20230330T133602.A_Curius.B_AE.SCP_01,77,A3,0.10214067097168601,-0.018125396539624902,-0.12026606751131091,0.24528103231827655,1,-1,1,0,1
20230330T133602.A_Curius.B_AE.SCP_01,78,A3,0.04920601750817565,-0.22456209865365373,-0.2737681161618294,0.4781291154418203,1,-1,1,1,0
20230330T133602.A_Curius.B_AE.SCP_01,79,A3,1.0,1.0,0.0,0.6567214086589057,1,1,0,1,1
20230330T133602.A_Curius.B_AE.SCP_01,80,A3,0.3375432101260433,0.35723544209565367,0.01969223196961034,0.40204257884347905,1,1,0,1,1
20230330T133602.A_Curius.B_AE.SCP_01,81,A3,0.21278638098431374,0.3161630787434339,0.10337669775912017,0.05521508064714688,1,1,0,1,1
20230330T133602.A_Curius.B_AE.SCP_01,82,A3,0.9983327765583538,0.3845785871754542,-0.6137541893828997,0.764535671365354,1,1,0,1,1
20230330T133602.A_Curius.B_AE.SCP_01,85,A3,1.0,1.0,0.0,0.5912779543074118,1,1,0,1,1
20230330T133602.A_Curius.B_AE.SCP_01,87,A3,-0.3785501726205997,-1.0,-0.6214498273794002,0.14976381805911215,-1,-1,0,1,1
20230330T133602.A_Curius.B_AE.SCP_01,88,A3,0.43373727073317,0.42590312506618666,-0.007834145666983316,0.5957057535048415,1,1,0,1,1
20230330T133602.A_Curius.B_AE.SCP_01,89,A3,-0.1470850657204613,0.04433422692161707,0.19141929264207835,0.08435891630667189,-1,1,1,1,1
20230330T133602.A_Curius.B_AE.SCP_01,90,A3,1.0,0.620513769128729,-0.379486230871271,0.14592870144040382,1,1,0,1,1
20230330T133602.A_Curius.B_AE.SCP_01,91,A3,1.0,-1.0,-2.0,0.024795081047123833,1,-1,1,0,0
20230330T133602.A_Curius.B_AE.SCP_01,92,A3,0.0280333988214058,-0.04843803749273481,-0.0764714363141406,0.21561553301708977,1,-1,1,1,1
20230330T133602.A_Curius.B_AE.SCP_01,93,A3,-5.465955382455003e-05,0.004397338402837397,0.004451997956661947,0.1422245122207628,-1,1,1,1,1
20230330T133602.A_Curius.B_AE.SCP_01,94,A3,-0.1406375312483777,1.0,1.1406375312483776,0.4619854916837948,-1,1,1,1,1
20230330T133602.A_Curius.B_AE.SCP_01,95,A3,0.5308666645559894,1.0,0.4691333354440106,0.44526444436057555,1,1,0,1,1
20230330T133602.A_Curius.B_AE.SCP_01,96,A3,-0.08498784752779003,-0.4192356225162475,-0.3342477749884575,0.8018282022966097,-1,-1,0,1,1
20230330T133602.A_Curius.B_AE.SCP_01,130,A5,1.0,0.7728932089232252,-0.22710679107677478,0.9015033266547016,1,1,0,1,1
20230330T133602.A_Curius.B_AE.SCP_01,131,A5,0.7067332271326504,0.8611020863232155,0.1543688591905651,-0.03145186397117739,1,1,0,1,1
20230330T133602.A_Curius.B_AE.SCP_01,132,A5,-0.01958776371574493,0.01204380597350924,0.031631569689254166,0.6947581881185814,-1,1,1,1,1
20230330T133602.A_Curius.B_AE.SCP_01,133,A5,0.7707506735503784,0.4699800799731308,-0.3007705935772476,0.5383830043974722,1,1,0,1,1
20230330T133602.A_Curius.B_AE.SCP_01,134,A5,0.02952481835307394,0.05527030884856693,0.02574549049549299,0.42693491521395976,1,1,0,1,1
20230330T133602.A_Curius.B_AE.SCP_01,135,A5,0.31607338980664557,0.37736710681463387,0.0612937170079883,-0.19341211085079074,1,1,0,1,1
20230330T133602.A_Curius.B_AE.SCP_01,136,A5,0.062311815818006835,-0.008298468825687121,-0.07061028464369395,0.0886301102572347,1,-1,1,1,1
20230330T133602.A_Curius.B_AE.SCP_01,137,A5,-1.0,0.6585995032483462,1.6585995032483463,-0.3379794351981562,-1,1,1,1,1
20230330T133602.A_Curius.B_AE.SCP_01,138,A5,-0.01771862257731116,0.14248657291625222,0.16020519549356338,0.17255373177193473,-1,1,1,1,1
20230330T133602.A_Curius.B_AE.SCP_01,139,A5,-0.02298890079033384,-0.249851718753112,-0.22686281796277816,-0.15154293599585134,-1,-1,0,0,0
20230330T133602.A_Curius.B_AE.SCP_01,140,A5,0.5070597316493133,1.0,0.4929402683506867,0.6212150985206865,1,1,0,1,1
20230330T133602.A_Curius.B_AE.SCP_01,141,A5,0.21275649391427123,0.07766613367902665,-0.13509036023524457,-0.05451899501987044,1,1,0,0,0
20230330T133602.A_Curius.B_AE.SCP_01,143,A5,0.5553789505713558,1.0,0.4446210494286442,0.5492274191190196,1,1,0,0,0
20230330T133602.A_Curius.B_AE.SCP_01,144,A5,-0.13626820249372665,-0.20435903198074662,-0.06809082948701997,-0.018698233078096066,-1,-1,0,0,0
20230330T133602.A_Curius.B_AE.SCP_01,145,A5,-0.013615880762533224,-0.12574208527332667,-0.11212620451079344,0.5385073399894238,-1,-1,0,1,1
20230330T133602.A_Curius.B_AE.SCP_01,146,A5,-0.23231965878082692,-0.5222506498846726,-0.2899309911038457,0.8507674814525121,-1,-1,0,1,1
20230330T133602.A_Curius.B_AE.SCP_01,147,A5,-1.0,0.31080258605439215,1.3108025860543921,0.11849812242107656,-1,1,1,0,1
20230330T133602.A_Curius.B_AE.SCP_01,148,A5,0.001261715690717434,0.13017305860661843,0.128911342915901,0.2627675124507044,1,1,0,1,1
20230330T133602.A_Curius.B_AE.SCP_01,149,A5,0.06677099196137919,0.10960463766475102,0.042833645703371837,-0.07193907252704108,1,1,0,1,1
20230330T133602.A_Curius.B_AE.SCP_01,150,A5,-0.19806630286453733,0.3250292180974055,0.5230955209619428,-0.030465668584534436,-1,1,1,0,0
20230330T133602.A_Curius.B_AE.SCP_01,151,A5,-0.2834738115652496,0.10051612170703948,0.3839899332722891,-0.2804588682208632,-1,1,1,0,0
20230330T133602.A_Curius.B_AE.SCP_01,152,A5,-1.0,-1.0,0.0,-0.03867786531015148,-1,-1,0,0,0
20230330T133602.A_Curius.B_AE.SCP_01,153,A5,0.09054488559848817,0.5468869839417712,0.456342098343283,0.13624896518602864,1,1,0,1,1
20230330T133602.A_Curius.B_AE.SCP_01,154,A5,-0.7067501439581046,0.2713398060826923,0.9780899500407969,-0.19746203428545775,-1,1,1,0,0
20230330T133602.A_Curius.B_AE.SCP_01,156,A5,0.07580661948887779,0.027429774904676796,-0.048376844584200995,-0.009681622420708087,1,1,0,0,0
20230330T133602.A_Curius.B_AE.SCP_01,157,A5,0.03982661510191147,0.10316796640368324,0.06334135130177176,0.10800621845500157,1,1,0,0,0
20230330T133602.A_Curius.B_AE.SCP_01,158,A5,-0.19591597741209188,-1.0,-0.8040840225879081,0.056764713064282185,-1,-1,0,0,0
20230330T133602.A_Curius.B_AE.SCP_01,160,A5,-0.017129309435793393,-0.10099101585830697,-0.08386170642251357,0.21720291611864115,-1,-1,0,0,0
20230413T142422.A_Curius.B_AE.SCP_01,1,A1,-0.011120959389961865,0.283766185408445,0.2948871447984069,-0.5463017914376893,-1,1,1,1,0
20230413T142422.A_Curius.B_AE.SCP_01,3,A1,0.04431492767647362,0.1942115916347112,0.14989666395823759,0.0498023176269841,1,1,0,1,0
20230413T142422.A_Curius.B_AE.SCP_01,4,A1,0.07209877013909542,0.04271497399687128,-0.02938379614222414,-0.23952634339983436,1,1,0,1,1
20230413T142422.A_Curius.B_AE.SCP_01,6,A1,0.19751978935000156,0.19418005221508206,-0.0033397371349195015,-0.02217476833609995,1,1,0,1,1
20230413T142422.A_Curius.B_AE.SCP_01,7,A1,0.19511594631559243,0.7481271349933398,0.5530111886777473,0.8732274616895334,1,1,0,1,1
20230413T142422.A_Curius.B_AE.SCP_01,8,A1,0.17235947006016997,-0.12144670404302935,-0.2938061741031993,-0.08444804170305438,1,-1,1,1,1
20230413T142422.A_Curius.B_AE.SCP_01,9,A1,0.35176343211035477,0.1443304546209911,-0.20743297748936368,0.35610047182659277,1,1,0,1,1
20230413T142422.A_Curius.B_AE.SCP_01,10,A1,0.10931460966964367,-0.15225600372730475,-0.2615706133969484,0.008706480898291877,1,-1,1,1,1
20230413T142422.A_Curius.B_AE.SCP_01,11,A1,0.5013686375598765,-0.06947591235177812,-0.5708445499116546,0.6134011947274179,1,-1,1,1,1
20230413T142422.A_Curius.B_AE.SCP_01,12,A1,-0.06597053574937517,0.006343135479775709,0.07231367122915087,-0.2385131961550062,-1,1,1,1,1
20230413T142422.A_Curius.B_AE.SCP_01,13,A1,0.40102489495264726,0.046731311579096074,-0.3542935833735512,0.1176348678189267,1,1,0,1,1
20230413T142422.A_Curius.B_AE.SCP_01,14,A1,0.23997488692246127,0.06306198986915752,-0.17691289705330376,-0.16245673167823219,1,1,0,1,1
20230413T142422.A_Curius.B_AE.SCP_01,15,A1,-0.7833929946081225,-0.47892358373556826,0.30446941087255425,0.6194576976486768,-1,-1,0,1,1
20230413T142422.A_Curius.B_AE.SCP_01,16,A1,0.26894498743996714,-0.09153729428716806,-0.3604822817271352,-0.33525338077104183,1,-1,1,1,1
20230413T142422.A_Curius.B_AE.SCP_01,17,A1,-0.4498145172343004,0.13279508669514808,0.5826096039294485,0.44595430315795087,-1,1,1,1,1
20230413T142422.A_Curius.B_AE.SCP_01,18,A1,0.3055334884884136,0.11610598669904584,-0.18942750178936776,0.3614554031711305,1,1,0,1,1
20230413T142422.A_Curius.B_AE.SCP_01,19,A1,0.32267156006082587,0.24762784655966544,-0.07504371350116043,0.05783918503445427,1,1,0,1,1
20230413T142422.A_Curius.B_AE.SCP_01,20,A1,-0.23539385730584547,-0.3324906739062113,-0.09709681660036582,0.6136867348332807,-1,-1,0,1,1
20230413T142422.A_Curius.B_AE.SCP_01,21,A1,0.43136961020600423,-0.06427891585616977,-0.495648526062174,0.027155078077766428,1,-1,1,1,1
20230413T142422.A_Curius.B_AE.SCP_01,22,A1,0.08377424942068913,-0.029066379006064222,-0.11284062842675335,0.7953620033789156,1,-1,1,1,1
20230413T142422.A_Curius.B_AE.SCP_01,23,A1,0.4007533323407332,0.32163219270821036,-0.07912113963252282,0.6822638093552335,1,1,0,1,1
20230413T142422.A_Curius.B_AE.SCP_01,24,A1,-0.2984330055062615,-0.017267267666973198,0.28116573783928833,0.006299665998186169,-1,-1,0,1,1
20230413T142422.A_Curius.B_AE.SCP_01,25,A1,-0.02114125505466228,0.19501134781147772,0.21615260286614,-0.23996135587093742,-1,1,1,1,1
20230413T142422.A_Curius.B_AE.SCP_01,26,A1,0.5098904192865946,0.24129385930648073,-0.2685965599801139,0.7004555323941999,1,1,0,1,1
20230413T142422.A_Curius.B_AE.SCP_01,27,A1,1.0,0.3160670389566078,-0.6839329610433922,0.09933648917131421,1,1,0,1,1
20230413T142422.A_Curius.B_AE.SCP_01,28,A1,0.8747278120665095,-0.09089309657365258,-0.9656209086401621,0.03968860512068972,1,-1,1,1,1
20230413T142422.A_Curius.B_AE.SCP_01,29,A1,0.3804220368305794,0.1812097658636979,-0.1992122709668815,0.5724017598364669,1,1,0,1,1
20230413T142422.A_Curius.B_AE.SCP_01,30,A1,0.8139643375019916,0.523520863723125,-0.2904434737788666,0.6899985285054813,1,1,0,1,1
20230413T142422.A_Curius.B_AE.SCP_01,31,A1,-0.1932653988092532,-0.9704817920718007,-0.7772163932625475,0.8728531652372775,-1,-1,0,1,1
20230413T142422.A_Curius.B_AE.SCP_01,33,A2,-0.047265412882092676,0.3908443274990779,0.43810974038117056,0.259542591078014,-1,1,1,1,0
20230413T142422.A_Curius.B_AE.SCP_01,35,A2,0.925249461911735,-1.0,-1.925249461911735,0.04727011752879429,1,-1,1,0,0
20230413T142422.A_Curius.B_AE.SCP_01,36,A2,1.0,0.050110032013347516,-0.9498899679866525,0.3269143050970626,1,1,0,1,1
20230413T142422.A_Curius.B_AE.SCP_01,37,A2,-0.30603628663989274,-1.0,-0.6939637133601073,0.12526037866108863,-1,-1,0,0,0
20230413T142422.A_Curius.B_AE.SCP_01,38,A2,-0.2864398074867652,1.0,1.2864398074867651,0.47583328743996073,-1,1,1,1,1
20230413T142422.A_Curius.B_AE.SCP_01,39,A2,1.0,-0.08902503723989996,-1.0890250372399,0.24274992673275983,1,-1,1,1,1
20230413T142422.A_Curius.B_AE.SCP_01,40,A2,0.18188071406007048,-0.007597099953306589,-0.18947781401337707,0.06150947805265283,1,-1,1,1,1
20230413T142422.A_Curius.B_AE.SCP_01,41,A2,0.8709110070285022,-0.049345772197039894,-0.920256779225542,0.03575943747307676,1,-1,1,1,1
20230413T142422.A_Curius.B_AE.SCP_01,42,A2,0.09686374865838122,-0.14839485669969807,-0.2452586053580793,-0.34082831341137404,1,-1,1,0,0
20230413T142422.A_Curius.B_AE.SCP_01,43,A2,0.5585014043238309,0.30943823274067844,-0.24906317158315244,0.01294489788565842,1,1,0,1,1
20230413T142422.A_Curius.B_AE.SCP_01,44,A2,1.0,-0.28202756263269413,-1.282027562632694,-0.0841611949629185,1,-1,1,1,1
20230413T142422.A_Curius.B_AE.SCP_01,45,A2,-0.5589845049015982,-0.9216966608389535,-0.3627121559373553,-0.524480995956417,-1,-1,0,1,1
20230413T142422.A_Curius.B_AE.SCP_01,46,A2,-1.0,-0.06986413006608184,0.9301358699339182,0.2813084536926384,-1,-1,0,1,1
20230413T142422.A_Curius.B_AE.SCP_01,47,A2,-0.7107695806954871,0.26313491437668995,0.9739044950721771,0.09616654427493587,-1,1,1,1,1
20230413T142422.A_Curius.B_AE.SCP_01,48,A2,-0.7131992919905157,0.2556709248813231,0.9688702168718388,0.05923540925007056,-1,1,1,1,1
20230413T142422.A_Curius.B_AE.SCP_01,49,A2,-0.26888494536738244,0.07116992413939337,0.3400548695067758,0.10729258223448959,-1,1,1,1,0
20230413T142422.A_Curius.B_AE.SCP_01,50,A2,0.01582683462364369,0.07609144885924018,0.060264614235596495,0.0463099819851491,1,1,0,0,0
20230413T142422.A_Curius.B_AE.SCP_01,51,A2,-0.563436875910609,-0.15014226023268523,0.41329461567792375,0.2355452027859832,-1,-1,0,1,1
20230413T142422.A_Curius.B_AE.SCP_01,52,A2,0.5874075242938083,0.2022398687937748,-0.38516765550003346,0.5912131583901864,1,1,0,1,1
20230413T142422.A_Curius.B_AE.SCP_01,53,A2,0.763630644253915,0.6036241155007191,-0.16000652875319588,-0.18769409097051595,1,1,0,1,1
20230413T142422.A_Curius.B_AE.SCP_01,54,A2,1.0,0.49613415449306725,-0.5038658455069327,0.33994419390366487,1,1,0,1,1
20230413T142422.A_Curius.B_AE.SCP_01,55,A2,0.3984464801363956,-0.22630959690982108,-0.6247560770462167,-0.012851258997187719,1,-1,1,1,1
20230413T142422.A_Curius.B_AE.SCP_01,56,A2,0.41740056445310364,0.014771890069149094,-0.40262867438395455,0.3799903531628582,1,1,0,1,1
20230413T142422.A_Curius.B_AE.SCP_01,57,A2,-0.6056830775122483,-1.0,-0.39431692248775174,0.14710749621115926,-1,-1,0,1,1
20230413T142422.A_Curius.B_AE.SCP_01,58,A2,-0.3416927471530028,0.3210418270190271,0.6627345741720299,-0.2187200937801964,-1,1,1,0,0
20230413T142422.A_Curius.B_AE.SCP_01,59,A2,-0.04475104222847467,-0.39781078359831556,-0.3530597413698409,-0.12562762641022418,-1,-1,0,1,1
20230413T142422.A_Curius.B_AE.SCP_01,60,A2,1.0,-0.06377308993925897,-1.063773089939259,0.3046927685679431,1,-1,1,1,1
20230413T142422.A_Curius.B_AE.SCP_01,62,A2,0.7603473412710058,-0.14861020081976128,-0.9089575420907671,0.2554525852911154,1,-1,1,1,1
20230413T142422.A_Curius.B_AE.SCP_01,63,A2,0.2844777628860954,-0.09450058731081819,-0.37897835019691356,0.422925987661386,1,-1,1,1,1
20230413T142422.A_Curius.B_AE.SCP_01,64,A2,1.0,-0.03699135291960811,-1.0369913529196082,0.2536850228891106,1,-1,1,1,1
20230413T142422.A_Curius.B_AE.SCP_01,65,A3,0.13822133115889457,0.7809350406261265,0.6427137094672319,0.665293173004235,1,1,0,1,1
20230413T142422.A_Curius.B_AE.SCP_01,66,A3,1.0,1.0,0.0,0.7022065224220257,1,1,0,1,1
20230413T142422.A_Curius.B_AE.SCP_01,67,A3,1.0,1.0,0.0,0.6621961849593138,1,1,0,1,1
20230413T142422.A_Curius.B_AE.SCP_01,68,A3,-0.38715432568432534,-1.0,-0.6128456743156747,0.6097987977214887,-1,-1,0,1,1
20230413T142422.A_Curius.B_AE.SCP_01,69,A3,0.29979477019643525,0.9088691627046523,0.6090743925082172,0.852313641875551,1,1,0,1,1
20230413T142422.A_Curius.B_AE.SCP_01,70,A3,0.16237632052251635,0.18787803530184688,0.025501714779330525,0.060745435860803186,1,1,0,1,1
20230413T142422.A_Curius.B_AE.SCP_01,71,A3,1.0,0.8470030905755941,-0.1529969094244059,0.5294921094444316,1,1,0,1,1
20230413T142422.A_Curius.B_AE.SCP_01,73,A3,0.07470783618528998,0.04102488866569206,-0.03368294751959792,0.22747422541806891,1,1,0,1,1
20230413T142422.A_Curius.B_AE.SCP_01,74,A3,0.384211336265747,0.20181359445923025,-0.18239774180651674,0.2355680479155966,1,1,0,1,1
20230413T142422.A_Curius.B_AE.SCP_01,75,A3,1.0,0.7888488153708538,-0.21115118462914617,0.9089196273631075,1,1,0,1,1
20230413T142422.A_Curius.B_AE.SCP_01,76,A3,1.0,1.0,0.0,0.7898757701301553,1,1,0,1,1
20230413T142422.A_Curius.B_AE.SCP_01,77,A3,0.2692495635157448,1.0,0.7307504364842552,0.39951874642346774,1,1,0,1,1
20230413T142422.A_Curius.B_AE.SCP_01,78,A3,0.6728976851606806,0.22402148721279516,-0.44887619794788547,0.7231590208806131,1,1,0,1,1
20230413T142422.A_Curius.B_AE.SCP_01,79,A3,0.6356917633643545,1.0,0.3643082366356455,0.8725576471871553,1,1,0,1,1
20230413T142422.A_Curius.B_AE.SCP_01,80,A3,0.29729064618034323,1.0,0.7027093538196567,-0.11104648855675435,1,1,0,1,1
20230413T142422.A_Curius.B_AE.SCP_01,81,A3,0.5816048526628183,0.618985741693138,0.037380889030319775,0.43703878703691096,1,1,0,1,1
20230413T142422.A_Curius.B_AE.SCP_01,82,A3,0.9386243118909541,0.5758834667045487,-0.36274084518640537,0.6510809057854984,1,1,0,1,1
20230413T142422.A_Curius.B_AE.SCP_01,83,A3,0.745652442622692,1.0,0.25434755737730796,0.6192245394189552,1,1,0,1,1
20230413T142422.A_Curius.B_AE.SCP_01,84,A3,0.7626821010964827,1.0,0.2373178989035173,0.7632416096915414,1,1,0,1,1
20230413T142422.A_Curius.B_AE.SCP_01,85,A3,0.716478322201174,0.9851899429991965,0.26871162079802247,0.6955244342865107,1,1,0,1,1
20230413T142422.A_Curius.B_AE.SCP_01,86,A3,0.07951978958516003,-0.07617890754564745,-0.15569869713080747,0.7622441348140152,1,-1,1,1,1
20230413T142422.A_Curius.B_AE.SCP_01,87,A3,0.056400315745319056,0.30306418339923014,0.24666386765391107,0.4771375406708714,1,1,0,1,1
20230413T142422.A_Curius.B_AE.SCP_01,88,A3,0.03801902608319351,-0.12890873102519945,-0.16692775710839297,0.26496956530101284,1,-1,1,1,0
20230413T142422.A_Curius.B_AE.SCP_01,89,A3,0.44622876761072333,1.0,0.5537712323892767,0.7122518096341677,1,1,0,1,1
20230413T142422.A_Curius.B_AE.SCP_01,90,A3,0.5306588972915706,0.35739264799060855,-0.17326624930096202,0.6890655767264923,1,1,0,1,1
20230413T142422.A_Curius.B_AE.SCP_01,91,A3,0.6992153063781582,1.0,0.3007846936218418,0.5983763959651699,1,1,0,1,1
20230413T142422.A_Curius.B_AE.SCP_01,92,A3,0.25043182920337215,0.04474279702193229,-0.20568903218143986,0.44200698588911796,1,1,0,1,1
20230413T142422.A_Curius.B_AE.SCP_01,93,A3,0.024946553034181595,0.15448501701289052,0.12953846397870894,0.3382442819635148,1,1,0,1,1
20230413T142422.A_Curius.B_AE.SCP_01,94,A3,0.14983325150326676,0.2824957354546189,0.13266248395135216,0.22376690910676086,1,1,0,1,0
20230413T142422.A_Curius.B_AE.SCP_01,95,A3,0.09680357840592715,0.013573577348229107,-0.08323000105769805,0.7832404734031949,1,1,0,1,1
20230413T142422.A_Curius.B_AE.SCP_01,96,A3,-0.6054444487972689,-0.4973228600593163,0.10812158873795258,0.8472987257889949,-1,-1,0,1,1
20230413T142422.A_Curius.B_AE.SCP_01,129,A5,-0.11508726958688867,-1.0,-0.8849127304131114,-0.09315998907878098,-1,-1,0,1,1
20230413T142422.A_Curius.B_AE.SCP_01,130,A5,0.20506612488957465,0.448829828680107,0.24376370379053236,0.595793260224081,1,1,0,1,1
20230413T142422.A_Curius.B_AE.SCP_01,132,A5,-0.19484893797478567,0.20588621846063102,0.4007351564354167,0.6992247162730983,-1,1,1,1,1
20230413T142422.A_Curius.B_AE.SCP_01,133,A5,-0.028136771884094823,0.07273620855527967,0.10087298043937448,0.18653475523139074,-1,1,1,0,0
20230413T142422.A_Curius.B_AE.SCP_01,134,A5,0.3115989755763135,-0.1565453968100778,-0.4681443723863913,0.6921111754416165,1,-1,1,1,1
20230413T142422.A_Curius.B_AE.SCP_01,135,A5,0.619642586959828,0.6027541933214904,-0.016888393638337607,-0.21265759070230167,1,1,0,1,0
20230413T142422.A_Curius.B_AE.SCP_01,136,A5,0.010699593389531562,-0.12797406684163598,-0.13867366023116753,-0.01755711763943257,1,-1,1,1,0
20230413T142422.A_Curius.B_AE.SCP_01,137,A5,0.14084093662173464,0.381969589028556,0.24112865240682135,-0.11647043905732866,1,1,0,1,0
20230413T142422.A_Curius.B_AE.SCP_01,138,A5,0.3619008598202781,-0.3538587843169261,-0.7157596441372042,0.011858906700250825,1,-1,1,1,1
20230413T142422.A_Curius.B_AE.SCP_01,139,A5,0.2409379381767946,0.1378561783227775,-0.1030817598540171,-0.27163496694812517,1,1,0,0,0
20230413T142422.A_Curius.B_AE.SCP_01,140,A5,0.82164723863089,1.0,0.17835276136911005,0.6045299300439786,1,1,0,1,1
20230413T142422.A_Curius.B_AE.SCP_01,142,A5,-0.2814844551765615,-0.32788017483370274,-0.04639571965714123,-0.10618063423541357,-1,-1,0,1,1
20230413T142422.A_Curius.B_AE.SCP_01,143,A5,0.26321119838557866,-0.16830541594378845,-0.4315166143293671,0.2419148941427622,1,-1,1,0,0
20230413T142422.A_Curius.B_AE.SCP_01,144,A5,0.49163964428543877,-1.0,-1.4916396442854387,-0.027029056679758485,1,-1,1,0,0
20230413T142422.A_Curius.B_AE.SCP_01,145,A5,0.027662437045260346,-0.07211010454577778,-0.09977254159103813,0.23595899672695195,1,-1,1,1,0
20230413T142422.A_Curius.B_AE.SCP_01,146,A5,0.29488547418643435,-0.0007943327319184833,-0.2956798069183528,0.7481175406340458,1,-1,1,1,1
20230413T142422.A_Curius.B_AE.SCP_01,147,A5,-0.6788749408030267,1.0,1.6788749408030266,-0.2595824483572996,-1,1,1,0,0
20230413T142422.A_Curius.B_AE.SCP_01,148,A5,0.08301924076806744,0.0783396147017435,-0.004679626066323939,0.2495684206646973,1,1,0,1,1
20230413T142422.A_Curius.B_AE.SCP_01,149,A5,0.018353882851814593,0.03993140970965484,0.02157752685784025,0.16034349458369615,1,1,0,1,1
20230413T142422.A_Curius.B_AE.SCP_01,150,A5,0.16007774966114208,-0.294313507013282,-0.4543912566744241,0.200268769148871,1,-1,1,0,0
20230413T142422.A_Curius.B_AE.SCP_01,151,A5,-0.11927812117454505,-0.35484074574250246,-0.2355626245679574,-0.29807850776853273,-1,-1,0,0,0
20230413T142422.A_Curius.B_AE.SCP_01,152,A5,0.08399414852570322,0.12403446281555057,0.04004031428984735,-0.010841928627626979,1,1,0,0,0
20230413T142422.A_Curius.B_AE.SCP_01,153,A5,-0.011000889129187475,-0.07567938628428694,-0.06467849715509946,-0.15771534463128167,-1,-1,0,1,1
20230413T142422.A_Curius.B_AE.SCP_01,154,A5,0.0004913222070533664,-1.0,-1.0004913222070533,-0.09106903900167124,1,-1,1,0,1
20230413T142422.A_Curius.B_AE.SCP_01,156,A5,0.14094202148161647,-0.003758408318437128,-0.1447004298000536,-0.2735929229651012,1,-1,1,0,0
20230413T142422.A_Curius.B_AE.SCP_01,157,A5,-0.032032693312074687,0.0339639164489925,0.0659966097610672,-0.19356726279098427,-1,1,1,0,0
20230413T142422.A_Curius.B_AE.SCP_01,158,A5,0.2857773115717296,-0.10824890202916945,-0.39402621360089907,-0.19291616511559476,1,-1,1,1,0
20230413T142422.A_Curius.B_AE.SCP_01,160,A5,-0.06120145818024809,-0.4389387412579369,-0.37773728307768883,0.2212565358446188,-1,-1,0,0,0
20230505T123505.A_Curius.B_AE.SCP_01,1,A1,-0.20854191795650498,-0.4910304403203377,-0.2824885223638327,0.3162266017906034,-1,-1,0,1,1
20230505T123505.A_Curius.B_AE.SCP_01,3,A1,-0.3390389633011752,-0.4181142274612306,-0.07907526416005539,0.1271885258093332,-1,-1,0,1,1
20230505T123505.A_Curius.B_AE.SCP_01,4,A1,0.10671980298816099,-0.29650672460680505,-0.403226527594966,-0.13547647325793177,1,-1,1,1,1
20230505T123505.A_Curius.B_AE.SCP_01,5,A1,0.30031657432900416,-0.18736237734997332,-0.48767895167897746,0.3523196040292316,1,-1,1,1,1
20230505T123505.A_Curius.B_AE.SCP_01,6,A1,-0.1943701277580008,-0.19293816089277693,0.0014319668652238715,0.34596830289819214,-1,-1,0,1,1
20230505T123505.A_Curius.B_AE.SCP_01,8,A1,-0.3920374333919022,-1.0,-0.6079625666080978,0.021070272712833002,-1,-1,0,1,1
20230505T123505.A_Curius.B_AE.SCP_01,9,A1,1.0,-0.6395801937297682,-1.6395801937297683,-0.32400961704663234,1,-1,1,1,1
20230505T123505.A_Curius.B_AE.SCP_01,10,A1,0.727749862193834,-0.9452573762163053,-1.6730072384101393,0.008322914835736252,1,-1,1,1,1
20230505T123505.A_Curius.B_AE.SCP_01,11,A1,0.10294214091495207,-0.29225531268854016,-0.39519745360349223,0.4112997285481863,1,-1,1,1,1
20230505T123505.A_Curius.B_AE.SCP_01,12,A1,0.07404877918895104,-0.2612041252961454,-0.3352529044850964,0.08503295172854834,1,-1,1,1,1
20230505T123505.A_Curius.B_AE.SCP_01,13,A1,0.8981600305892001,-0.07767490140535499,-0.9758349319945552,0.05692816505442928,1,-1,1,1,1
20230505T123505.A_Curius.B_AE.SCP_01,14,A1,0.6799398415595265,-0.010213198033564394,-0.6901530395930908,-0.11788803536082888,1,-1,1,1,1
20230505T123505.A_Curius.B_AE.SCP_01,15,A1,1.0,0.6041335050433848,-0.3958664949566152,0.6493498674865851,1,1,0,1,1
20230505T123505.A_Curius.B_AE.SCP_01,16,A1,1.0,0.6850687699858987,-0.3149312300141013,0.6465291536323801,1,1,0,1,1
20230505T123505.A_Curius.B_AE.SCP_01,17,A1,-1.0,-0.2806733310376021,0.7193266689623978,-0.13119429268246097,-1,-1,0,1,1
20230505T123505.A_Curius.B_AE.SCP_01,18,A1,0.5701421956390359,0.4612614618389303,-0.1088807338001056,0.3193689778726867,1,1,0,1,1
20230505T123505.A_Curius.B_AE.SCP_01,19,A1,0.06496571382957395,0.19776188562410224,0.1327961717945283,0.4177901478321393,1,1,0,1,1
20230505T123505.A_Curius.B_AE.SCP_01,20,A1,-0.3621726540732208,-1.0,-0.6378273459267791,0.8852611488117175,-1,-1,0,1,1
20230505T123505.A_Curius.B_AE.SCP_01,21,A1,0.33616330144912704,-0.3686034731114324,-0.7047667745605595,0.1441492501375478,1,-1,1,1,1
20230505T123505.A_Curius.B_AE.SCP_01,22,A1,0.07206858354449451,-0.5556499161360313,-0.6277184996805258,0.3731942176599174,1,-1,1,1,1
20230505T123505.A_Curius.B_AE.SCP_01,23,A1,-0.38726681490613074,-0.6306692233487527,-0.243402408442622,0.4627961250674757,-1,-1,0,1,1
20230505T123505.A_Curius.B_AE.SCP_01,24,A1,0.11984224021308716,-0.4058106941995613,-0.5256529344126485,-0.0009929738197338876,1,-1,1,1,1
20230505T123505.A_Curius.B_AE.SCP_01,25,A1,0.0938358208440957,-0.7388222545890578,-0.8326580754331535,0.3585473875356064,1,-1,1,1,1
20230505T123505.A_Curius.B_AE.SCP_01,26,A1,0.44395981592044914,0.016448983753752946,-0.4275108321666962,-0.037172642256462066,1,1,0,1,1
20230505T123505.A_Curius.B_AE.SCP_01,27,A1,-0.2940548438550627,-0.21850635541978805,0.07554848843527465,-0.19319749026470398,-1,-1,0,1,1
20230505T123505.A_Curius.B_AE.SCP_01,28,A1,1.0,0.6447159917806673,-0.3552840082193327,-0.11971538239674899,1,1,0,1,0
20230505T123505.A_Curius.B_AE.SCP_01,29,A1,0.09304226351958933,-0.08209522125428359,-0.17513748477387292,-0.035732951505133746,1,-1,1,1,1
20230505T123505.A_Curius.B_AE.SCP_01,30,A1,1.0,1.0,0.0,0.18749497603214757,1,1,0,1,1
20230505T123505.A_Curius.B_AE.SCP_01,31,A1,-0.08566547772507707,-0.2661155236051364,-0.18045004588005933,0.5658960877790025,-1,-1,0,1,1
20230505T123505.A_Curius.B_AE.SCP_01,32,A1,0.676421339818818,1.0,0.323578660181182,0.5521022499539843,1,1,0,1,1
20230505T123505.A_Curius.B_AE.SCP_01,33,A2,-1.0,-0.5899408911258719,0.4100591088741281,0.22381573873370267,-1,-1,0,0,0
20230505T123505.A_Curius.B_AE.SCP_01,34,A2,1.0,1.0,0.0,0.08731485227965131,1,1,0,1,1
20230505T123505.A_Curius.B_AE.SCP_01,35,A2,0.1179194042183213,1.0,0.8820805957816787,0.32368237874936184,1,1,0,0,0
20230505T123505.A_Curius.B_AE.SCP_01,36,A2,0.3802940878662562,1.0,0.6197059121337438,0.20287038853323913,1,1,0,1,1
20230505T123505.A_Curius.B_AE.SCP_01,38,A2,0.45079075174122546,1.0,0.5492092482587745,0.8856535013732437,1,1,0,1,1
20230505T123505.A_Curius.B_AE.SCP_01,39,A2,0.8946993084225282,0.010519799663324612,-0.8841795087592036,0.0969035635890162,1,1,0,1,1
20230505T123505.A_Curius.B_AE.SCP_01,40,A2,1.0,-0.06644312028271074,-1.0664431202827107,0.14749134897492172,1,-1,1,1,1
20230505T123505.A_Curius.B_AE.SCP_01,41,A2,1.0,0.10285063634058401,-0.897149363659416,-0.27600581646868555,1,1,0,1,1
20230505T123505.A_Curius.B_AE.SCP_01,42,A2,0.510286704653032,0.33102453689153993,-0.17926216776149212,0.12999853521518684,1,1,0,1,1
20230505T123505.A_Curius.B_AE.SCP_01,43,A2,0.3059932644725501,0.2611130668150099,-0.0448801976575402,-0.058148383696857486,1,1,0,1,1
20230505T123505.A_Curius.B_AE.SCP_01,44,A2,0.07504991670025891,-0.104289673863524,-0.1793395905637829,0.06907079307581368,1,-1,1,1,1
20230505T123505.A_Curius.B_AE.SCP_01,46,A2,-0.6937344358405992,-0.8176734993943748,-0.1239390635537756,0.0968861291759513,-1,-1,0,0,1
20230505T123505.A_Curius.B_AE.SCP_01,47,A2,-1.0,1.0,2.0,-0.005273897295302685,-1,1,1,1,1
20230505T123505.A_Curius.B_AE.SCP_01,48,A2,-1.0,0.02119224913125285,1.0211922491312528,0.515814575836374,-1,1,1,1,1
20230505T123505.A_Curius.B_AE.SCP_01,49,A2,1.0,1.0,0.0,0.23883063538905505,1,1,0,1,0
20230505T123505.A_Curius.B_AE.SCP_01,50,A2,0.24772834784133213,-0.2811992942958404,-0.5289276421371725,0.17315262807160678,1,-1,1,0,0
20230505T123505.A_Curius.B_AE.SCP_01,51,A2,0.22347522729280103,-1.0,-1.2234752272928011,0.04677345562929813,1,-1,1,0,1
20230505T123505.A_Curius.B_AE.SCP_01,52,A2,0.11980454108470144,0.7727738405062321,0.6529692994215307,0.3618606704701637,1,1,0,1,1
20230505T123505.A_Curius.B_AE.SCP_01,53,A2,1.0,0.25612107982530924,-0.7438789201746907,0.4985055312481053,1,1,0,1,1
20230505T123505.A_Curius.B_AE.SCP_01,54,A2,0.5597095919135038,1.0,0.4402904080864962,0.33974171135307596,1,1,0,1,0
20230505T123505.A_Curius.B_AE.SCP_01,55,A2,1.0,-0.34003622431736286,-1.340036224317363,0.11230276039499902,1,-1,1,1,1
20230505T123505.A_Curius.B_AE.SCP_01,56,A2,0.5311063039196674,0.16487487827220235,-0.366231425647465,0.02701524836955712,1,1,0,1,1
20230505T123505.A_Curius.B_AE.SCP_01,57,A2,-0.552990063706742,-0.7165621392963862,-0.16357207558964426,0.07660947500616602,-1,-1,0,1,1
20230505T123505.A_Curius.B_AE.SCP_01,58,A2,0.45076405846222056,1.0,0.5492359415377794,-0.19265231223563692,1,1,0,0,0
20230505T123505.A_Curius.B_AE.SCP_01,60,A2,-0.6096718043002044,-0.8946869737270947,-0.2850151694268903,-0.028959171617744927,-1,-1,0,1,1
20230505T123505.A_Curius.B_AE.SCP_01,61,A2,1.0,0.12537299230004267,-0.8746270076999574,0.5958849031413956,1,1,0,1,1
20230505T123505.A_Curius.B_AE.SCP_01,62,A2,0.09241023207525229,-0.022172180154056427,-0.1145824122293087,-0.043562842851635405,1,-1,1,1,1
20230505T123505.A_Curius.B_AE.SCP_01,63,A2,0.7046302877463203,0.0004953926688318535,-0.7041348950774885,0.2765713958695585,1,1,0,1,1
20230505T123505.A_Curius.B_AE.SCP_01,64,A2,-0.5183039149046311,-1.0,-0.4816960850953689,0.5159518239633866,-1,-1,0,1,1
20230505T123505.A_Curius.B_AE.SCP_01,65,A3,-1.0,-1.0,0.0,0.26234564372975644,-1,-1,0,0,0
20230505T123505.A_Curius.B_AE.SCP_01,66,A3,1.0,1.0,0.0,0.7734693980136843,1,1,0,1,1
20230505T123505.A_Curius.B_AE.SCP_01,67,A3,0.5138046830451691,0.03156490676920967,-0.4822397762759595,0.8899320663560738,1,1,0,1,1
20230505T123505.A_Curius.B_AE.SCP_01,68,A3,1.0,0.7760851993454007,-0.22391480065459934,0.8701519117010263,1,1,0,1,1
20230505T123505.A_Curius.B_AE.SCP_01,69,A3,-0.9156811668213394,-1.0,-0.08431883317866062,0.6074688234297787,-1,-1,0,1,1
20230505T123505.A_Curius.B_AE.SCP_01,70,A3,0.8488683875741132,0.7680115564179884,-0.08085683115612485,0.8450552508597666,1,1,0,1,1
20230505T123505.A_Curius.B_AE.SCP_01,71,A3,1.0,-1.0,-2.0,0.6015010164003493,1,-1,1,1,1
20230505T123505.A_Curius.B_AE.SCP_01,72,A3,0.52820472998857,0.0796845519749677,-0.44852017801360233,0.323222189769978,1,1,0,1,1
20230505T123505.A_Curius.B_AE.SCP_01,73,A3,1.0,0.8177364193139021,-0.18226358068609794,-0.10770774454160296,1,1,0,0,0
20230505T123505.A_Curius.B_AE.SCP_01,74,A3,-0.9791777607676386,1.0,1.9791777607676386,-0.26724159480070997,-1,1,1,0,0
20230505T123505.A_Curius.B_AE.SCP_01,75,A3,1.0,1.0,0.0,0.8950077451277973,1,1,0,1,1
20230505T123505.A_Curius.B_AE.SCP_01,76,A3,1.0,1.0,0.0,0.8755556210898374,1,1,0,1,1
20230505T123505.A_Curius.B_AE.SCP_01,77,A3,1.0,0.10421876164857191,-0.8957812383514281,0.7745438653764202,1,1,0,1,1
20230505T123505.A_Curius.B_AE.SCP_01,78,A3,1.0,0.8973518490832527,-0.10264815091674728,0.8677121639759258,1,1,0,1,1
20230505T123505.A_Curius.B_AE.SCP_01,79,A3,1.0,1.0,0.0,0.7617095505458139,1,1,0,1,1
20230505T123505.A_Curius.B_AE.SCP_01,80,A3,1.0,0.3348446287459522,-0.6651553712540478,0.5104873836300237,1,1,0,1,1
20230505T123505.A_Curius.B_AE.SCP_01,81,A3,1.0,-0.24879733612465707,-1.2487973361246572,0.3979149482024536,1,-1,1,1,1
20230505T123505.A_Curius.B_AE.SCP_01,82,A3,0.36711340141364723,-0.255872820601372,-0.6229862220150193,0.9036244887512922,1,-1,1,1,1
20230505T123505.A_Curius.B_AE.SCP_01,83,A3,-1.0,-0.2227005720048815,0.7772994279951185,0.26178740878360623,-1,-1,0,1,0
20230505T123505.A_Curius.B_AE.SCP_01,84,A3,1.0,1.0,0.0,0.8408036787926809,1,1,0,1,1
20230505T123505.A_Curius.B_AE.SCP_01,85,A3,1.0,1.0,0.0,0.9092260872062854,1,1,0,1,1
20230505T123505.A_Curius.B_AE.SCP_01,86,A3,1.0,1.0,0.0,0.8153562212161818,1,1,0,1,1
20230505T123505.A_Curius.B_AE.SCP_01,87,A3,0.2855145372796989,-0.2302462426383719,-0.5157607799180708,0.5268921719496533,1,-1,1,1,1
20230505T123505.A_Curius.B_AE.SCP_01,88,A3,-1.0,-0.060833700970812546,0.9391662990291875,0.04631204063902966,-1,-1,0,1,1
20230505T123505.A_Curius.B_AE.SCP_01,89,A3,0.8556303601025399,-0.4342628308491937,-1.2898931909517337,0.5453059318486776,1,-1,1,1,1
20230505T123505.A_Curius.B_AE.SCP_01,90,A3,1.0,0.6276521511606109,-0.3723478488393891,-0.2181474545956679,1,1,0,0,0
20230505T123505.A_Curius.B_AE.SCP_01,91,A3,0.8095905665179016,-0.7845295182736239,-1.5941200847915256,-0.0381981269678889,1,-1,1,1,1
20230505T123505.A_Curius.B_AE.SCP_01,93,A3,1.0,1.0,0.0,0.858133678839547,1,1,0,1,1
20230505T123505.A_Curius.B_AE.SCP_01,94,A3,1.0,-0.22429162884403517,-1.224291628844035,0.6851120518985752,1,-1,1,1,1
20230505T123505.A_Curius.B_AE.SCP_01,95,A3,1.0,1.0,0.0,0.6220499239362858,1,1,0,1,1
20230505T123505.A_Curius.B_AE.SCP_01,96,A3,0.14650227952366596,1.0,0.8534977204763341,0.711480007561884,1,1,0,1,1
20230505T123505.A_Curius.B_AE.SCP_01,97,A4,-0.646450929269885,0.0064337967118824006,0.6528847259817674,0.01263862633651703,-1,1,1,1,1
20230505T123505.A_Curius.B_AE.SCP_01,98,A4,-1.0,0.05829572153819685,1.058295721538197,-0.017215600108877054,-1,1,1,1,1
20230505T123505.A_Curius.B_AE.SCP_01,99,A4,0.17376352890882416,-0.12278503536003943,-0.29654856426886356,0.16734280716825778,1,-1,1,0,0
20230505T123505.A_Curius.B_AE.SCP_01,100,A4,0.7499085421826445,1.0,0.25009145781735553,-0.1725836073239262,1,1,0,0,0
20230505T123505.A_Curius.B_AE.SCP_01,102,A4,0.7272190886430928,1.0,0.2727809113569072,0.1214770188998661,1,1,0,0,0
20230505T123505.A_Curius.B_AE.SCP_01,103,A4,1.0,-0.3023825982258417,-1.3023825982258417,0.1954226865792453,1,-1,1,0,0
20230505T123505.A_Curius.B_AE.SCP_01,105,A4,1.0,-0.29880417149897087,-1.2988041714989709,0.47759037485656336,1,-1,1,1,1
20230505T123505.A_Curius.B_AE.SCP_01,107,A4,1.0,-1.0,-2.0,0.04751112096757152,1,-1,1,0,1
20230505T123505.A_Curius.B_AE.SCP_01,108,A4,-0.980863774395275,-1.0,-0.019136225604725055,0.1019057218624506,-1,-1,0,0,0
20230505T123505.A_Curius.B_AE.SCP_01,109,A4,0.6620239195274901,0.40488520436049397,-0.2571387151669961,0.26697025411926584,1,1,0,0,0
20230505T123505.A_Curius.B_AE.SCP_01,110,A4,1.0,1.0,0.0,-0.2321088544216811,1,1,0,0,0
20230505T123505.A_Curius.B_AE.SCP_01,112,A4,-1.0,-1.0,0.0,0.17475265217739985,-1,-1,0,0,0
20230505T123505.A_Curius.B_AE.SCP_01,113,A4,-0.4975196333114091,0.13437317757914988,0.6318928108905589,-0.07704180133919859,-1,1,1,0,0
20230505T123505.A_Curius.B_AE.SCP_01,114,A4,0.04358966243215986,0.6739437000005806,0.6303540375684207,0.37369597835577434,1,1,0,0,1
20230505T123505.A_Curius.B_AE.SCP_01,116,A4,0.5277715868219142,1.0,0.47222841317808584,0.0016682573228478778,1,1,0,0,0
20230505T123505.A_Curius.B_AE.SCP_01,117,A4,-0.23919122682104607,-0.2031287868775198,0.03606243994352626,-0.08638009119747128,-1,-1,0,0,0
20230505T123505.A_Curius.B_AE.SCP_01,118,A4,0.8538732812256542,-0.77091320275199,-1.6247864839776442,-0.11241822353343593,1,-1,1,0,0
20230505T123505.A_Curius.B_AE.SCP_01,119,A4,-0.9824264544483271,-0.789629517542944,0.19279693690538313,0.13804303674533253,-1,-1,0,0,0
20230505T123505.A_Curius.B_AE.SCP_01,120,A4,-0.5176267716319247,1.0,1.5176267716319247,0.16833417748868984,-1,1,1,0,0
20230505T123505.A_Curius.B_AE.SCP_01,121,A4,-0.23757073725766567,-1.0,-0.7624292627423344,0.7261004850208729,-1,-1,0,1,1
20230505T123505.A_Curius.B_AE.SCP_01,122,A4,-0.6842761390644931,-1.0,-0.31572386093550686,0.7213880129511493,-1,-1,0,1,1
20230505T123505.A_Curius.B_AE.SCP_01,123,A4,0.6099549814915896,1.0,0.39004501850841045,-0.24685936591556096,1,1,0,0,0
20230505T123505.A_Curius.B_AE.SCP_01,124,A4,-0.1595707756903807,-0.7644614724062333,-0.6048906967158526,0.20977173830174872,-1,-1,0,0,0
20230505T123505.A_Curius.B_AE.SCP_01,125,A4,0.5078919750035485,-1.0,-1.5078919750035484,0.003927971823512684,1,-1,1,0,0
20230505T123505.A_Curius.B_AE.SCP_01,126,A4,-1.0,-1.0,0.0,0.31079937012167824,-1,-1,0,0,0
20230505T123505.A_Curius.B_AE.SCP_01,127,A4,-0.35634651698898023,-1.0,-0.6436534830110198,-0.2938609358797895,-1,-1,0,0,0
20230505T123505.A_Curius.B_AE.SCP_01,128,A4,0.41527308391207945,0.5033650945232786,0.08809201061119915,-0.2767332503769761,1,1,0,0,0
20230505T123505.A_Curius.B_AE.SCP_01,129,A5,1.0,1.0,0.0,0.3239334011386869,1,1,0,1,1
20230505T123505.A_Curius.B_AE.SCP_01,130,A5,1.0,0.37499060793417593,-0.6250093920658241,0.6468083337885255,1,1,0,1,1
20230505T123505.A_Curius.B_AE.SCP_01,131,A5,-1.0,1.0,2.0,0.2156888540134375,-1,1,1,1,1
20230505T123505.A_Curius.B_AE.SCP_01,133,A5,-0.21573720421546314,-0.07882109495561557,0.13691610925984757,0.2575516750384457,-1,-1,0,1,1
20230505T123505.A_Curius.B_AE.SCP_01,134,A5,1.0,0.16871713025081236,-0.8312828697491876,0.8850024473572119,1,1,0,1,1
20230505T123505.A_Curius.B_AE.SCP_01,135,A5,0.9400306299256258,0.3503727355612522,-0.5896578943643735,0.1017058173420916,1,1,0,1,1
20230505T123505.A_Curius.B_AE.SCP_01,136,A5,-0.7188217228960759,-1.0,-0.28117827710392407,0.04625850712846,-1,-1,0,1,1
20230505T123505.A_Curius.B_AE.SCP_01,137,A5,-0.954247803856839,-0.13380090362442518,0.8204469002324138,0.2854648005488498,-1,-1,0,1,1
20230505T123505.A_Curius.B_AE.SCP_01,138,A5,-0.16926869055283836,-0.9469914109044038,-0.7777227203515654,0.3009560917054076,-1,-1,0,1,1
20230505T123505.A_Curius.B_AE.SCP_01,139,A5,0.569061144530159,0.023675579590580528,-0.5453855649395785,0.5735836723570954,1,1,0,1,1
20230505T123505.A_Curius.B_AE.SCP_01,141,A5,-1.0,0.5367964740538118,1.5367964740538118,0.2895218307826863,-1,1,1,1,1
20230505T123505.A_Curius.B_AE.SCP_01,142,A5,-0.2566638473361102,-1.0,-0.7433361526638897,0.15752561912214177,-1,-1,0,1,1
20230505T123505.A_Curius.B_AE.SCP_01,143,A5,-0.001696989918031676,1.0,1.0016969899180317,0.184470745358119,-1,1,1,0,0
20230505T123505.A_Curius.B_AE.SCP_01,144,A5,1.0,0.2959492374262158,-0.7040507625737842,-0.15882601881537783,1,1,0,0,0
20230505T123505.A_Curius.B_AE.SCP_01,145,A5,-0.32966471412778464,-0.6527250285557386,-0.3230603144279539,0.6503763943609515,-1,-1,0,1,1
20230505T123505.A_Curius.B_AE.SCP_01,146,A5,-0.031754329057977114,-0.5172112618249128,-0.48545693276693574,0.9418129920318089,-1,-1,0,1,1
20230505T123505.A_Curius.B_AE.SCP_01,147,A5,-0.3774941119588035,0.37462474636070314,0.7521188583195066,0.302643077579529,-1,1,1,1,1
20230505T123505.A_Curius.B_AE.SCP_01,148,A5,1.0,1.0,0.0,0.795589274833053,1,1,0,1,1
20230505T123505.A_Curius.B_AE.SCP_01,149,A5,-0.2115968231988973,0.5982674961870657,0.8098643193859629,0.157721891507884,-1,1,1,1,1
20230505T123505.A_Curius.B_AE.SCP_01,150,A5,-1.0,-0.2849135142653091,0.7150864857346909,-0.13270736690862453,-1,-1,0,0,0
20230505T123505.A_Curius.B_AE.SCP_01,151,A5,1.0,1.0,0.0,0.13303909164438654,1,1,0,0,0
20230505T123505.A_Curius.B_AE.SCP_01,152,A5,0.7481132427028698,-0.5579431882264886,-1.3060564309293583,0.006975427535787509,1,-1,1,0,0
20230505T123505.A_Curius.B_AE.SCP_01,153,A5,0.4883210319830177,-0.10321069947863555,-0.5915317314616533,-0.26447795582813544,1,-1,1,1,1
20230505T123505.A_Curius.B_AE.SCP_01,154,A5,-1.0,-0.9913038359295223,0.008696164070477685,-0.115074145311817,-1,-1,0,0,0
20230505T123505.A_Curius.B_AE.SCP_01,155,A5,-1.0,0.15048806164108755,1.1504880616410875,0.07490054265382372,-1,1,1,0,0
20230505T123505.A_Curius.B_AE.SCP_01,156,A5,-1.0,1.0,2.0,-0.0012829246311680234,-1,1,1,0,0
20230505T123505.A_Curius.B_AE.SCP_01,157,A5,0.334916714254376,-0.30817783616296873,-0.6430945504173448,0.11964655237373242,1,-1,1,0,0
20230505T123505.A_Curius.B_AE.SCP_01,158,A5,-0.7494476801804817,1.0,1.7494476801804817,0.2630593120653463,-1,1,1,0,0
20230505T123505.A_Curius.B_AE.SCP_01,159,A5,0.9219781685237023,-1.0,-1.9219781685237023,-0.09535098196941365,1,-1,1,0,0
20230505T123505.A_Curius.B_AE.SCP_01,160,A5,-0.6210427964329861,-1.0,-0.3789572035670139,-0.4806966269748724,-1,-1,0,0,1
20230509T130346.A_Curius.B_SM.SCP_01,1,A1,0.24227688435023526,-1.0,-1.2422768843502352,0.4955374080444714,1,-1,1,1,1
20230509T130346.A_Curius.B_SM.SCP_01,2,A1,0.8824513925372561,0.26255251949440694,-0.6198988730428492,0.0873072348437847,1,1,0,1,0
20230509T130346.A_Curius.B_SM.SCP_01,3,A1,0.06911667445684154,0.04796059467609779,-0.02115607978074375,0.3264090857206036,1,1,0,1,1
20230509T130346.A_Curius.B_SM.SCP_01,4,A1,0.05752664127941504,-0.031417318504172516,-0.08894395978358756,-0.163907521165523,1,-1,1,1,1
20230509T130346.A_Curius.B_SM.SCP_01,5,A1,0.22999636383008282,0.49686578505241813,0.2668694212223353,0.06279046176836184,1,1,0,1,0
20230509T130346.A_Curius.B_SM.SCP_01,6,A1,0.07506652930056061,0.085996247480589,0.010929718180028386,0.18471607731133252,1,1,0,1,1
20230509T130346.A_Curius.B_SM.SCP_01,7,A1,0.2276772014900913,-0.04410483052383983,-0.27178203201393114,0.34341236168500106,1,-1,1,1,1
20230509T130346.A_Curius.B_SM.SCP_01,8,A1,0.12574012974161386,-0.11158171351716299,-0.23732184325877687,-0.11959764745586837,1,-1,1,1,1
20230509T130346.A_Curius.B_SM.SCP_01,9,A1,0.7053201420128077,1.0,0.2946798579871923,0.4682024000559655,1,1,0,1,1
20230509T130346.A_Curius.B_SM.SCP_01,10,A1,0.3631606904995542,0.07038728430132918,-0.292773406198225,0.2986259137914479,1,1,0,1,1
20230509T130346.A_Curius.B_SM.SCP_01,11,A1,0.3456553238109568,0.3829569244921453,0.037301600681188485,0.0618854280341038,1,1,0,1,1
20230509T130346.A_Curius.B_SM.SCP_01,12,A1,0.20627409668579036,0.13780323865438485,-0.06847085803140551,0.4941354532879111,1,1,0,1,1
20230509T130346.A_Curius.B_SM.SCP_01,13,A1,0.23148646001033768,0.10978475892719423,-0.12170170108314345,-0.08413396337320386,1,1,0,1,1
20230509T130346.A_Curius.B_SM.SCP_01,14,A1,1.0,0.2568265371686184,-0.7431734628313815,0.4497133975508165,1,1,0,1,1
20230509T130346.A_Curius.B_SM.SCP_01,15,A1,0.9172867837715388,0.586075472904494,-0.3312113108670448,0.5774422229815016,1,1,0,1,1
20230509T130346.A_Curius.B_SM.SCP_01,16,A1,1.0,1.0,0.0,0.30075118976410503,1,1,0,1,1
20230509T130346.A_Curius.B_SM.SCP_01,17,A1,0.45331286002529675,0.07654421748389731,-0.3767686425413994,0.41834737479647305,1,1,0,1,1
20230509T130346.A_Curius.B_SM.SCP_01,18,A1,0.1849157350038203,-1.0,-1.1849157350038202,0.1452342089141907,1,-1,1,1,1
20230509T130346.A_Curius.B_SM.SCP_01,19,A1,0.25088413484562,0.5968605648568169,0.34597643001119693,0.07337210405622714,1,1,0,1,1
20230509T130346.A_Curius.B_SM.SCP_01,20,A1,0.16260051629668842,-0.2788989487988608,-0.4414994650955492,-0.04287858269374821,1,-1,1,1,1
20230509T130346.A_Curius.B_SM.SCP_01,21,A1,0.37552314043876256,0.3188367285120148,-0.05668641192674778,0.6053576237506081,1,1,0,1,1
20230509T130346.A_Curius.B_SM.SCP_01,22,A1,-0.08361490538477225,-0.5202499060689315,-0.4366350006841593,0.8848779213724148,-1,-1,0,1,1
20230509T130346.A_Curius.B_SM.SCP_01,23,A1,0.5132290921346738,0.3956521994845648,-0.11757689265010901,0.8305214219359296,1,1,0,1,1
20230509T130346.A_Curius.B_SM.SCP_01,24,A1,0.17220634858945483,-0.19632868791124652,-0.36853503650070135,0.3838857637925083,1,-1,1,1,1
20230509T130346.A_Curius.B_SM.SCP_01,25,A1,1.0,0.9523218986109143,-0.04767810138908568,0.45401917815943293,1,1,0,1,1
20230509T130346.A_Curius.B_SM.SCP_01,26,A1,1.0,0.2696195308428734,-0.7303804691571266,-0.1677054889628963,1,1,0,1,1
20230509T130346.A_Curius.B_SM.SCP_01,27,A1,0.4979941205993248,0.7080396329680012,0.2100455123686764,0.4647670923881282,1,1,0,1,1
20230509T130346.A_Curius.B_SM.SCP_01,28,A1,0.16426494108528514,0.17315854361953142,0.008893602534246287,0.26608125514920533,1,1,0,1,1
20230509T130346.A_Curius.B_SM.SCP_01,29,A1,0.4573322506161479,0.10337526667192311,-0.3539569839442248,-0.06890115435589517,1,1,0,1,1
20230509T130346.A_Curius.B_SM.SCP_01,30,A1,1.0,1.0,0.0,0.45469616104735006,1,1,0,1,1
20230509T130346.A_Curius.B_SM.SCP_01,31,A1,0.8087667248644274,0.11861196276713373,-0.6901547620972937,0.2744285383257495,1,1,0,1,1
20230509T130346.A_Curius.B_SM.SCP_01,32,A1,0.9424499199998015,1.0,0.057550080000198456,0.8113687712238475,1,1,0,1,1
20230509T130346.A_Curius.B_SM.SCP_01,33,A2,1.0,-0.4790718157698435,-1.4790718157698435,0.47556214193926544,1,-1,1,1,1
20230509T130346.A_Curius.B_SM.SCP_01,34,A2,1.0,0.7763024298422202,-0.2236975701577798,0.12351518431076536,1,1,0,1,0
20230509T130346.A_Curius.B_SM.SCP_01,35,A2,0.05987062485455697,0.09596440260206576,0.03609377774750879,0.21891481655672587,1,1,0,1,1
20230509T130346.A_Curius.B_SM.SCP_01,36,A2,1.0,0.043530543101310694,-0.9564694568986893,0.37771566842311066,1,1,0,1,1
20230509T130346.A_Curius.B_SM.SCP_01,37,A2,0.059822135748347896,-0.0010139599251741398,-0.060836095673522037,0.18389453228241034,1,-1,1,0,0
20230509T130346.A_Curius.B_SM.SCP_01,38,A2,-0.0016261412094627982,1.0,1.0016261412094627,0.8083467166964114,-1,1,1,1,1
20230509T130346.A_Curius.B_SM.SCP_01,39,A2,1.0,1.0,0.0,-0.0299273036841186,1,1,0,1,1
20230509T130346.A_Curius.B_SM.SCP_01,40,A2,1.0,1.0,0.0,-0.10630714071096871,1,1,0,1,1
20230509T130346.A_Curius.B_SM.SCP_01,41,A2,1.0,1.0,0.0,0.12985112684076822,1,1,0,1,1
20230509T130346.A_Curius.B_SM.SCP_01,42,A2,0.27684904823067025,-0.002475684275490902,-0.27932473250616113,0.1207301502110111,1,-1,1,0,0
20230509T130346.A_Curius.B_SM.SCP_01,43,A2,1.0,0.21473462861343784,-0.7852653713865622,0.2993758462212423,1,1,0,1,1
20230509T130346.A_Curius.B_SM.SCP_01,44,A2,1.0,1.0,0.0,-0.0021124362597064266,1,1,0,1,1
20230509T130346.A_Curius.B_SM.SCP_01,45,A2,-0.21488309005845083,-0.641713514534574,-0.4268304244761232,0.04780034386435543,-1,-1,0,1,1
20230509T130346.A_Curius.B_SM.SCP_01,46,A2,-1.0,0.0768157238729559,1.0768157238729559,-0.003015862876556847,-1,1,1,1,1
20230509T130346.A_Curius.B_SM.SCP_01,47,A2,-0.07894602804436802,1.0,1.0789460280443681,0.3945778918723649,-1,1,1,1,1
20230509T130346.A_Curius.B_SM.SCP_01,48,A2,-0.10865986203756003,0.11230515796424365,0.22096502000180368,-0.027134700197874652,-1,1,1,1,0
20230509T130346.A_Curius.B_SM.SCP_01,49,A2,0.11610723852610343,0.012733840081717114,-0.10337339844438631,-0.03661479233717605,1,1,0,0,0
20230509T130346.A_Curius.B_SM.SCP_01,50,A2,0.034402302948038706,0.1055476151030108,0.0711453121549721,-0.30704096647743434,1,1,0,0,0
20230509T130346.A_Curius.B_SM.SCP_01,51,A2,0.40078937624477423,0.05178744319684206,-0.34900193304793214,0.21978727644309445,1,1,0,1,1
20230509T130346.A_Curius.B_SM.SCP_01,52,A2,0.5221766980146224,0.6914499733176556,0.16927327530303315,-0.10751714013638576,1,1,0,1,1
20230509T130346.A_Curius.B_SM.SCP_01,53,A2,1.0,0.2910321290161836,-0.7089678709838164,0.8041155711610916,1,1,0,1,1
20230509T130346.A_Curius.B_SM.SCP_01,54,A2,-0.4790226449901363,0.5144843647622727,0.993507009752409,-0.32358287075462466,-1,1,1,0,0
20230509T130346.A_Curius.B_SM.SCP_01,55,A2,1.0,-0.04023559379390283,-1.0402355937939027,-0.14617904165403184,1,-1,1,1,1
20230509T130346.A_Curius.B_SM.SCP_01,56,A2,0.5454655894994906,-0.8876611232246177,-1.4331267127241083,0.13723495414918557,1,-1,1,1,1
20230509T130346.A_Curius.B_SM.SCP_01,57,A2,-0.18389002525937892,-1.0,-0.8161099747406211,0.4890188496506777,-1,-1,0,1,1
20230509T130346.A_Curius.B_SM.SCP_01,58,A2,0.24338490994612227,0.39187580386354176,0.1484908939174195,0.0005581476478195784,1,1,0,0,0
20230509T130346.A_Curius.B_SM.SCP_01,59,A2,1.0,0.6897531673721652,-0.3102468326278348,0.2968230105163553,1,1,0,1,1
20230509T130346.A_Curius.B_SM.SCP_01,60,A2,1.0,0.1404919004103285,-0.8595080995896716,0.25858579767703643,1,1,0,1,1
20230509T130346.A_Curius.B_SM.SCP_01,61,A2,1.0,1.0,0.0,0.769488433060246,1,1,0,1,1
20230509T130346.A_Curius.B_SM.SCP_01,62,A2,1.0,0.4794195564996536,-0.5205804435003464,-0.15767710595054235,1,1,0,1,1
20230509T130346.A_Curius.B_SM.SCP_01,63,A2,0.7263159155880753,0.5997797003222051,-0.12653621526587022,0.6915163702867129,1,1,0,1,1
20230509T130346.A_Curius.B_SM.SCP_01,64,A2,-0.28974841111237065,-0.4152703694615825,-0.12552195834921187,0.14331499129868733,-1,-1,0,0,0
20230509T130346.A_Curius.B_SM.SCP_01,65,A3,0.40020347827172753,-0.06384712572330478,-0.4640506039950323,0.34229579787451925,1,-1,1,1,1
20230509T130346.A_Curius.B_SM.SCP_01,66,A3,1.0,0.3902065877659905,-0.6097934122340095,0.8913585007114725,1,1,0,1,1
20230509T130346.A_Curius.B_SM.SCP_01,67,A3,1.0,0.2497965753267913,-0.7502034246732087,0.8650875888992599,1,1,0,1,1
20230509T130346.A_Curius.B_SM.SCP_01,68,A3,1.0,0.41456886574869867,-0.5854311342513013,0.9065203816935258,1,1,0,1,1
20230509T130346.A_Curius.B_SM.SCP_01,69,A3,-0.056038973869253585,-1.0,-0.9439610261307464,0.39230531635079746,-1,-1,0,1,1
20230509T130346.A_Curius.B_SM.SCP_01,70,A3,1.0,1.0,0.0,0.7676080269151837,1,1,0,1,1
20230509T130346.A_Curius.B_SM.SCP_01,71,A3,0.6514434863571711,-1.0,-1.651443486357171,0.6325652434732292,1,-1,1,1,1
20230509T130346.A_Curius.B_SM.SCP_01,72,A3,1.0,-0.14370200568003633,-1.1437020056800362,0.33182819189163226,1,-1,1,1,1
20230509T130346.A_Curius.B_SM.SCP_01,73,A3,0.19361140657100334,-0.435081800685055,-0.6286932072560583,0.11287908931215576,1,-1,1,1,0
20230509T130346.A_Curius.B_SM.SCP_01,74,A3,0.0995643165659093,0.08860413697102645,-0.010960179594882852,0.2843434917335366,1,1,0,0,1
20230509T130346.A_Curius.B_SM.SCP_01,75,A3,1.0,1.0,0.0,0.8824852114092082,1,1,0,1,1
20230509T130346.A_Curius.B_SM.SCP_01,76,A3,0.6467077452661012,0.5967616138431627,-0.04994613142293847,0.6817308088020411,1,1,0,1,1
20230509T130346.A_Curius.B_SM.SCP_01,77,A3,1.0,-1.0,-2.0,0.7601441322800048,1,-1,1,1,1
20230509T130346.A_Curius.B_SM.SCP_01,78,A3,0.5399153264973305,0.3647023038595889,-0.17521302263774163,0.7930278429184711,1,1,0,1,1
20230509T130346.A_Curius.B_SM.SCP_01,79,A3,0.7229880518486171,-0.34576820116894724,-1.0687562530175643,0.47228308893579735,1,-1,1,1,1
20230509T130346.A_Curius.B_SM.SCP_01,80,A3,0.5958967725498737,1.0,0.4041032274501263,0.30078684723077787,1,1,0,1,1
20230509T130346.A_Curius.B_SM.SCP_01,81,A3,1.0,0.12368424050017851,-0.8763157594998214,0.893130299780428,1,1,0,1,1
20230509T130346.A_Curius.B_SM.SCP_01,82,A3,1.0,0.5640351599721374,-0.4359648400278626,0.6036753074521664,1,1,0,1,1
20230509T130346.A_Curius.B_SM.SCP_01,83,A3,-1.0,-1.0,0.0,0.7696859178533126,-1,-1,0,1,1
20230509T130346.A_Curius.B_SM.SCP_01,84,A3,0.06599398347884612,-0.5574536558315838,-0.6234476393104299,0.21757637860088072,1,-1,1,1,1
20230509T130346.A_Curius.B_SM.SCP_01,85,A3,1.0,1.0,0.0,0.9216003569236721,1,1,0,1,1
20230509T130346.A_Curius.B_SM.SCP_01,86,A3,1.0,0.5957072121699531,-0.40429278783004685,0.7263336503531236,1,1,0,1,1
20230509T130346.A_Curius.B_SM.SCP_01,87,A3,0.4024577587317236,-0.36168441657709316,-0.7641421753088168,0.24987393678013545,1,-1,1,1,1
20230509T130346.A_Curius.B_SM.SCP_01,88,A3,1.0,-0.5257413980172859,-1.5257413980172858,0.6321991455554455,1,-1,1,1,1
20230509T130346.A_Curius.B_SM.SCP_01,89,A3,1.0,-0.13685657616940247,-1.1368565761694025,0.46643694462347396,1,-1,1,1,1
20230509T130346.A_Curius.B_SM.SCP_01,90,A3,0.07247119113095091,0.13350233622082855,0.06103114508987764,-0.04009125704722259,1,1,0,0,0
20230509T130346.A_Curius.B_SM.SCP_01,91,A3,0.5606599614114538,0.10513317002817509,-0.45552679138327873,0.5296961195040149,1,1,0,1,1
20230509T130346.A_Curius.B_SM.SCP_01,92,A3,1.0,0.06797360636922178,-0.9320263936307782,0.5308833779749415,1,1,0,1,1
20230509T130346.A_Curius.B_SM.SCP_01,93,A3,0.41517187910401687,-0.08840195637127661,-0.5035738354752934,0.6652709655521671,1,-1,1,1,1
20230509T130346.A_Curius.B_SM.SCP_01,94,A3,1.0,-1.0,-2.0,0.42328256189459723,1,-1,1,1,1
20230509T130346.A_Curius.B_SM.SCP_01,95,A3,1.0,1.0,0.0,0.5317062162998676,1,1,0,1,1
20230509T130346.A_Curius.B_SM.SCP_01,96,A3,0.0716400640924787,-0.01617570227579872,-0.08781576636827741,0.08147491357291262,1,-1,1,0,1
20230509T130346.A_Curius.B_SM.SCP_01,97,A4,0.22101451198101765,1.0,0.7789854880189824,0.40550118058083057,1,1,0,1,1
20230509T130346.A_Curius.B_SM.SCP_01,98,A4,-0.06549674565624579,-0.17943312577230575,-0.11393638011605996,-0.2050383147139118,-1,-1,0,0,0
20230509T130346.A_Curius.B_SM.SCP_01,99,A4,0.11620449225963368,0.14090453150751003,0.02470003924787635,0.359341318801797,1,1,0,0,0
20230509T130346.A_Curius.B_SM.SCP_01,100,A4,0.29219143654536484,-0.015830228923003956,-0.3080216654683688,0.24452447569216149,1,-1,1,0,0
20230509T130346.A_Curius.B_SM.SCP_01,101,A4,-0.03860443400023847,-0.058048597009155614,-0.019444163008917145,0.1899008280745271,-1,-1,0,0,0
20230509T130346.A_Curius.B_SM.SCP_01,102,A4,-0.8262938333211324,1.0,1.8262938333211323,-0.04254727944062709,-1,1,1,1,0
20230509T130346.A_Curius.B_SM.SCP_01,103,A4,-0.15041993923403985,-0.05240038889533272,0.09801955033870713,0.03099701494979305,-1,-1,0,0,0
20230509T130346.A_Curius.B_SM.SCP_01,104,A4,0.019653520805101837,0.2158237988705387,0.19617027806543688,-0.04845398349677323,1,1,0,0,0
20230509T130346.A_Curius.B_SM.SCP_01,105,A4,0.030295318525671733,0.06129937667918837,0.031004058153516634,0.8314675155982512,1,1,0,1,1
20230509T130346.A_Curius.B_SM.SCP_01,106,A4,-0.04543128010549497,-0.2678648899871635,-0.22243360988166855,0.05413612166800531,-1,-1,0,0,0
20230509T130346.A_Curius.B_SM.SCP_01,107,A4,0.00043261491530462013,0.09755800334595648,0.09712538843065185,0.43589544091064586,1,1,0,1,0
20230509T130346.A_Curius.B_SM.SCP_01,108,A4,-0.04368404877687468,-0.10987779341617981,-0.06619374463930514,-0.27288148239644716,-1,-1,0,0,0
20230509T130346.A_Curius.B_SM.SCP_01,109,A4,-0.26298227394604207,1.0,1.2629822739460421,0.0539445312525878,-1,1,1,0,0
20230509T130346.A_Curius.B_SM.SCP_01,110,A4,0.09400295197318669,0.7777780942728845,0.6837751422996978,-0.06103663136267939,1,1,0,0,0
20230509T130346.A_Curius.B_SM.SCP_01,111,A4,0.04593347203188642,-0.6694661927297981,-0.7153996647616846,-0.07741227209158627,1,-1,1,0,0
20230509T130346.A_Curius.B_SM.SCP_01,112,A4,-0.08741698254000539,-0.1173190773629099,-0.029902094822904512,-0.0401640801848322,-1,-1,0,0,0
20230509T130346.A_Curius.B_SM.SCP_01,113,A4,-0.18011608190115477,-1.0,-0.8198839180988452,0.10221349060151777,-1,-1,0,0,0
20230509T130346.A_Curius.B_SM.SCP_01,114,A4,-1.0,-1.0,0.0,0.060855976544477,-1,-1,0,1,0
20230509T130346.A_Curius.B_SM.SCP_01,115,A4,-0.3446267919904384,0.18052114037653733,0.5251479323669757,0.14451072744739088,-1,1,1,0,0
20230509T130346.A_Curius.B_SM.SCP_01,116,A4,-0.2661252972025568,-0.034635348271212674,0.23148994893134411,-0.11548415976199684,-1,-1,0,0,0
20230509T130346.A_Curius.B_SM.SCP_01,117,A4,0.29562153965655336,-1.0,-1.2956215396565534,0.004014955467284356,1,-1,1,0,0
20230509T130346.A_Curius.B_SM.SCP_01,118,A4,0.3665230031445454,-0.18397767966198067,-0.5505006828065261,-0.15772022701959046,1,-1,1,0,0
20230509T130346.A_Curius.B_SM.SCP_01,119,A4,-0.937582714627918,0.6978518679762327,1.6354345826041508,0.2665547318317122,-1,1,1,0,0
20230509T130346.A_Curius.B_SM.SCP_01,120,A4,-1.0,0.08819254764596236,1.0881925476459624,-0.40165917550876407,-1,1,1,0,0
20230509T130346.A_Curius.B_SM.SCP_01,121,A4,-0.15774607732645698,-0.5477985296896097,-0.3900524523631528,0.2573098545667424,-1,-1,0,1,1
20230509T130346.A_Curius.B_SM.SCP_01,122,A4,-0.5254822082716247,-1.0,-0.47451779172837527,0.4068082566279706,-1,-1,0,1,1
20230509T130346.A_Curius.B_SM.SCP_01,124,A4,-0.04255069175272858,0.11607939913246601,0.15863009088519459,-0.14720277049140104,-1,1,1,0,0
20230509T130346.A_Curius.B_SM.SCP_01,125,A4,0.6782830431234501,-0.26209485906011515,-0.9403779021835652,-0.1500763868791559,1,-1,1,0,0
20230509T130346.A_Curius.B_SM.SCP_01,126,A4,0.2528313684683406,0.3956123309077775,0.1427809624394369,0.11968151875048111,1,1,0,0,0
20230509T130346.A_Curius.B_SM.SCP_01,127,A4,-0.032197782127421276,0.37864959343746885,0.41084737556489015,-0.06874911084355843,-1,1,1,0,0
20230509T130346.A_Curius.B_SM.SCP_01,128,A4,-0.1892575879172604,0.16036641733063178,0.34962400524789217,-0.008826674146966309,-1,1,1,1,0
20230509T130346.A_Curius.B_SM.SCP_01,129,A5,-0.06598018650337044,-0.37439955317779,-0.30841936667441955,0.5800703122826278,-1,-1,0,1,1
20230509T130346.A_Curius.B_SM.SCP_01,130,A5,0.3388262719661137,0.015452583299669982,-0.3233736886664437,-0.013029775202224328,1,1,0,1,1
20230509T130346.A_Curius.B_SM.SCP_01,131,A5,-0.013017715674822824,-0.37826869849794637,-0.3652509828231235,0.7757175834748593,-1,-1,0,1,1
20230509T130346.A_Curius.B_SM.SCP_01,132,A5,1.0,0.5960377197870024,-0.4039622802129976,0.5262003031048657,1,1,0,1,1
20230509T130346.A_Curius.B_SM.SCP_01,133,A5,0.14818763982520344,-0.18250036804668104,-0.33068800787188446,0.2523096702750281,1,-1,1,1,1
20230509T130346.A_Curius.B_SM.SCP_01,134,A5,0.6883654545092488,0.12768593553183222,-0.5606795189774165,0.7981015911855165,1,1,0,1,1
20230509T130346.A_Curius.B_SM.SCP_01,135,A5,0.5145993960936195,0.07042596184882768,-0.44417343424479183,0.3552097119838295,1,1,0,1,1
20230509T130346.A_Curius.B_SM.SCP_01,136,A5,0.3356333714131921,-1.0,-1.335633371413192,-0.07302197797742489,1,-1,1,1,1
20230509T130346.A_Curius.B_SM.SCP_01,137,A5,-0.13989503647960733,-0.23836841668526784,-0.09847338020566052,0.7086030121658756,-1,-1,0,1,1
20230509T130346.A_Curius.B_SM.SCP_01,138,A5,0.03168661637835803,-0.27064394811087217,-0.3023305644892302,0.8284060962122822,1,-1,1,1,1
20230509T130346.A_Curius.B_SM.SCP_01,139,A5,0.21538666107279045,-0.1373156005583644,-0.3527022616311548,0.025830870161946774,1,-1,1,1,1
20230509T130346.A_Curius.B_SM.SCP_01,140,A5,0.3000208954829453,0.1259137082184752,-0.1741071872644701,0.2707188018061934,1,1,0,1,1
20230509T130346.A_Curius.B_SM.SCP_01,141,A5,-0.12907088718118132,-0.012614499074156944,0.11645638810702437,0.0024000118133115757,-1,-1,0,0,0
20230509T130346.A_Curius.B_SM.SCP_01,142,A5,-0.15890123179760773,-0.4171802738523258,-0.2582790420547181,0.2968659362205782,-1,-1,0,1,1
20230509T130346.A_Curius.B_SM.SCP_01,143,A5,0.026744620106590285,-1.0,-1.0267446201065902,0.005744690947086836,1,-1,1,0,0
20230509T130346.A_Curius.B_SM.SCP_01,144,A5,-0.18157663204562452,1.0,1.1815766320456245,0.22074880015073883,-1,1,1,0,0
20230509T130346.A_Curius.B_SM.SCP_01,145,A5,0.20074081018015816,-0.12265104281345228,-0.32339185299361045,0.2374580280094016,1,-1,1,1,1
20230509T130346.A_Curius.B_SM.SCP_01,146,A5,-0.13071328668852553,-0.44411827052950803,-0.3134049838409825,0.8674761562825785,-1,-1,0,1,1
20230509T130346.A_Curius.B_SM.SCP_01,147,A5,-0.11236226358423891,0.13248833282049868,0.2448505964047376,0.074151778010522,-1,1,1,1,1
20230509T130346.A_Curius.B_SM.SCP_01,148,A5,0.6247371218636046,0.14069199534578414,-0.4840451265178205,0.5504147759109791,1,1,0,1,1
20230509T130346.A_Curius.B_SM.SCP_01,149,A5,-0.03946148733306736,-0.16637899348339716,-0.1269175061503298,0.4749763978591135,-1,-1,0,1,1
20230509T130346.A_Curius.B_SM.SCP_01,150,A5,0.13744281583218976,-0.05838226598614392,-0.1958250818183337,-0.022945070083637574,1,-1,1,1,1
20230509T130346.A_Curius.B_SM.SCP_01,151,A5,0.045689100263212275,0.2655285799027646,0.21983947963955236,0.07645150345102103,1,1,0,0,1
20230509T130346.A_Curius.B_SM.SCP_01,152,A5,1.0,1.0,0.0,0.09941378538017102,1,1,0,0,0
20230509T130346.A_Curius.B_SM.SCP_01,153,A5,0.3240566492065246,-0.011995886973769583,-0.3360525361802942,0.15436726726894248,1,-1,1,1,1
20230509T130346.A_Curius.B_SM.SCP_01,154,A5,-0.07548389811419062,1.0,1.0754838981141905,0.015488242395814084,-1,1,1,0,0
20230509T130346.A_Curius.B_SM.SCP_01,155,A5,0.17278311780129188,-0.06765992413327442,-0.24044304193456628,-0.23131097891903862,1,-1,1,0,0
20230509T130346.A_Curius.B_SM.SCP_01,156,A5,-0.04492655670764945,-0.15716116777484254,-0.1122346110671931,0.14758270704270438,-1,-1,0,0,0
20230509T130346.A_Curius.B_SM.SCP_01,157,A5,-0.24903636354079375,-0.8629705040793985,-0.6139341405386047,0.40453142698892985,-1,-1,0,0,0
20230509T130346.A_Curius.B_SM.SCP_01,158,A5,1.0,0.29323436133450254,-0.7067656386654975,0.12994950779824171,1,1,0,0,1
20230509T130346.A_Curius.B_SM.SCP_01,159,A5,-0.8192887553919308,1.0,1.8192887553919308,-0.10772093311285573,-1,1,1,0,0
20230509T130346.A_Curius.B_SM.SCP_01,160,A5,-0.15396635011216794,1.0,1.153966350112168,-0.10216806507565494,-1,1,1,0,0
20230511T142916.A_Curius.B_SM.SCP_01,1,A1,0.12983426017777053,-1.0,-1.1298342601777704,0.3773240900748529,1,-1,1,1,1
20230511T142916.A_Curius.B_SM.SCP_01,3,A1,0.5726783993954697,0.9322643241028743,0.3595859247074046,0.11185758350555543,1,1,0,1,1
20230511T142916.A_Curius.B_SM.SCP_01,4,A1,0.28767928582553876,0.2606492766757119,-0.02703000914982684,0.08886728484905908,1,1,0,1,1
20230511T142916.A_Curius.B_SM.SCP_01,6,A1,0.28572130310147736,-0.3572564888876422,-0.6429777919891195,-0.2730597035391041,1,-1,1,1,0
20230511T142916.A_Curius.B_SM.SCP_01,7,A1,0.36596154561102295,1.0,0.634038454388977,-0.09863286658327912,1,1,0,1,1
20230511T142916.A_Curius.B_SM.SCP_01,8,A1,-0.9044797229758703,1.0,1.9044797229758703,-0.06196027751721882,-1,1,1,1,1
20230511T142916.A_Curius.B_SM.SCP_01,9,A1,0.30239965579602057,0.523910179675636,0.22151052387961545,0.3540459605961103,1,1,0,1,1
20230511T142916.A_Curius.B_SM.SCP_01,10,A1,0.20347571318087798,0.18134124129304136,-0.022134471887836626,-0.1860549097263643,1,1,0,1,1
20230511T142916.A_Curius.B_SM.SCP_01,11,A1,0.1612366454750166,0.051388476409916096,-0.1098481690651005,0.5719384742728342,1,1,0,1,1
20230511T142916.A_Curius.B_SM.SCP_01,12,A1,0.3815101019586035,1.0,0.6184898980413964,-0.29177238726314625,1,1,0,1,1
20230511T142916.A_Curius.B_SM.SCP_01,13,A1,0.22526844452457762,0.3894057941727623,0.16413734964818466,0.3753465880711331,1,1,0,1,1
20230511T142916.A_Curius.B_SM.SCP_01,14,A1,1.0,0.3158949133552259,-0.6841050866447741,-0.12692367157050577,1,1,0,1,1
20230511T142916.A_Curius.B_SM.SCP_01,15,A1,1.0,0.7287182761150804,-0.27128172388491956,0.5317191524755402,1,1,0,1,1
20230511T142916.A_Curius.B_SM.SCP_01,16,A1,0.44530077352003133,1.0,0.5546992264799686,0.5368909840836953,1,1,0,1,1
20230511T142916.A_Curius.B_SM.SCP_01,17,A1,0.3012452006755244,0.27269817029902793,-0.028547030376496474,0.56543506632394,1,1,0,1,1
20230511T142916.A_Curius.B_SM.SCP_01,18,A1,-0.21381398438475213,-1.0,-0.7861860156152478,0.5204385869854602,-1,-1,0,1,1
20230511T142916.A_Curius.B_SM.SCP_01,19,A1,0.3286862595472294,1.0,0.6713137404527706,-0.33410657522801296,1,1,0,1,1
20230511T142916.A_Curius.B_SM.SCP_01,20,A1,-0.23995413315996314,-1.0,-0.7600458668400368,-0.08485643476529998,-1,-1,0,1,1
20230511T142916.A_Curius.B_SM.SCP_01,21,A1,0.3460072847737472,0.5927589276930806,0.24675164291933338,0.6738804307866106,1,1,0,1,1
20230511T142916.A_Curius.B_SM.SCP_01,22,A1,-0.3523025230112831,0.42385559602165374,0.7761581190329369,0.6623686306375965,-1,1,1,1,1
20230511T142916.A_Curius.B_SM.SCP_01,23,A1,0.309092894368474,0.4283140659494766,0.1192211715810026,0.24023649493431126,1,1,0,1,1
20230511T142916.A_Curius.B_SM.SCP_01,24,A1,-0.05808472501721327,-0.34535983029085415,-0.28727510527364086,0.4710376114257633,-1,-1,0,1,1
20230511T142916.A_Curius.B_SM.SCP_01,25,A1,1.0,1.0,0.0,0.3875712129642893,1,1,0,1,1
20230511T142916.A_Curius.B_SM.SCP_01,26,A1,-0.34964256161025736,-0.23819838626143508,0.11144417534882228,0.33127836918489245,-1,-1,0,1,1
20230511T142916.A_Curius.B_SM.SCP_01,27,A1,0.34088017242682134,0.4211626293625547,0.08028245693573338,0.6986508390192678,1,1,0,1,1
20230511T142916.A_Curius.B_SM.SCP_01,28,A1,1.0,-0.1101136092611592,-1.1101136092611592,0.19846947724223646,1,-1,1,1,1
20230511T142916.A_Curius.B_SM.SCP_01,29,A1,0.7371799256633081,1.0,0.26282007433669186,0.15319658018426943,1,1,0,1,1
20230511T142916.A_Curius.B_SM.SCP_01,30,A1,1.0,0.5548474107248832,-0.4451525892751168,0.46307805965772864,1,1,0,1,1
20230511T142916.A_Curius.B_SM.SCP_01,31,A1,0.005393562321836314,0.4082348285024249,0.4028412661805886,0.4031023181586646,1,1,0,1,1
20230511T142916.A_Curius.B_SM.SCP_01,32,A1,0.6242887133301691,1.0,0.3757112866698309,0.53527153903971,1,1,0,1,1
20230511T142916.A_Curius.B_SM.SCP_01,33,A2,0.1522592869859142,-0.2611163987331921,-0.4133756857191063,0.022454919397256235,1,-1,1,0,0
20230511T142916.A_Curius.B_SM.SCP_01,34,A2,0.16911817383696223,0.36295743133006586,0.19383925749310363,0.3023656601922056,1,1,0,0,0
20230511T142916.A_Curius.B_SM.SCP_01,36,A2,0.022364955282150465,-0.19715754981410683,-0.2195225050962573,0.0978215053018261,1,-1,1,1,1
20230511T142916.A_Curius.B_SM.SCP_01,37,A2,0.24553699891401046,-0.18884769933115184,-0.4343846982451623,0.34189476775676164,1,-1,1,1,0
20230511T142916.A_Curius.B_SM.SCP_01,38,A2,-0.034548875683661315,0.9168228267152555,0.9513717023989168,0.7428963498843131,-1,1,1,1,1
20230511T142916.A_Curius.B_SM.SCP_01,39,A2,0.5979979333863095,0.3539222494536957,-0.24407568393261375,0.3176618905111279,1,1,0,1,1
20230511T142916.A_Curius.B_SM.SCP_01,40,A2,0.6303476729300737,-0.23710120610958818,-0.8674488790396618,0.10715602138464785,1,-1,1,1,1
20230511T142916.A_Curius.B_SM.SCP_01,41,A2,0.9858752110521866,0.756838593542272,-0.22903661750991455,0.3377429346486218,1,1,0,1,1
20230511T142916.A_Curius.B_SM.SCP_01,42,A2,1.0,-0.40131476943157096,-1.401314769431571,0.06295607191828259,1,-1,1,0,0
20230511T142916.A_Curius.B_SM.SCP_01,43,A2,0.3836034068934729,1.0,0.6163965931065272,0.11764934100667893,1,1,0,1,1
20230511T142916.A_Curius.B_SM.SCP_01,44,A2,0.1804333316954413,-0.27454066979513214,-0.45497400149057343,0.08335880261054719,1,-1,1,1,1
20230511T142916.A_Curius.B_SM.SCP_01,45,A2,0.06294569843239335,-0.3625574004860841,-0.42550309891847743,-0.22102341607313025,1,-1,1,0,1
20230511T142916.A_Curius.B_SM.SCP_01,46,A2,-1.0,-0.2330031379468055,0.7669968620531945,0.06443485100412931,-1,-1,0,1,1
20230511T142916.A_Curius.B_SM.SCP_01,47,A2,-1.0,0.5264859632818151,1.526485963281815,0.2151779122440733,-1,1,1,1,1
20230511T142916.A_Curius.B_SM.SCP_01,48,A2,-0.06793760881130723,-0.2664759391118323,-0.1985383303005251,0.2066128860853619,-1,-1,0,1,1
20230511T142916.A_Curius.B_SM.SCP_01,49,A2,0.7441862422346155,1.0,0.2558137577653845,0.03701870369438516,1,1,0,0,0
20230511T142916.A_Curius.B_SM.SCP_01,50,A2,-0.39524264584885405,1.0,1.395242645848854,0.09900961534913023,-1,1,1,0,1
20230511T142916.A_Curius.B_SM.SCP_01,51,A2,0.070758932958126,-1.0,-1.070758932958126,-0.15787063773233412,1,-1,1,1,1
20230511T142916.A_Curius.B_SM.SCP_01,52,A2,0.25181746414001577,1.0,0.7481825358599843,-0.05174953662448799,1,1,0,1,1
20230511T142916.A_Curius.B_SM.SCP_01,53,A2,1.0,0.4753170350266857,-0.5246829649733142,0.5906227176824205,1,1,0,1,1
20230511T142916.A_Curius.B_SM.SCP_01,54,A2,-0.24021853768846677,1.0,1.2402185376884667,0.10724544278841941,-1,1,1,0,0
20230511T142916.A_Curius.B_SM.SCP_01,55,A2,1.0,0.34891205734061714,-0.6510879426593829,-0.16689093169420588,1,1,0,1,1
20230511T142916.A_Curius.B_SM.SCP_01,57,A2,-0.43957105534516866,-1.0,-0.5604289446548314,0.4993055962227853,-1,-1,0,1,1
20230511T142916.A_Curius.B_SM.SCP_01,58,A2,-0.7791030875472679,-1.0,-0.22089691245273213,0.16956545400234507,-1,-1,0,0,0
20230511T142916.A_Curius.B_SM.SCP_01,59,A2,0.9936802974077981,-0.28101956125587807,-1.2746998586636762,0.4301593204658528,1,-1,1,1,1
20230511T142916.A_Curius.B_SM.SCP_01,60,A2,1.0,1.0,0.0,0.13697741791147186,1,1,0,1,0
20230511T142916.A_Curius.B_SM.SCP_01,61,A2,0.5175623522200586,0.6266802822960458,0.10911793007598714,0.5147216770538174,1,1,0,1,1
20230511T142916.A_Curius.B_SM.SCP_01,62,A2,-1.0,-0.10465780070020991,0.8953421992997901,-0.34860397987650177,-1,-1,0,1,0
20230511T142916.A_Curius.B_SM.SCP_01,63,A2,0.4975440932223091,1.0,0.5024559067776909,0.5617145898750866,1,1,0,1,1
20230511T142916.A_Curius.B_SM.SCP_01,64,A2,-0.1948116193999709,-1.0,-0.8051883806000291,0.11848841950817257,-1,-1,0,1,1
20230511T142916.A_Curius.B_SM.SCP_01,65,A3,0.04954713012990927,-1.0,-1.0495471301299093,0.5003805690957867,1,-1,1,1,1
20230511T142916.A_Curius.B_SM.SCP_01,66,A3,1.0,-1.0,-2.0,0.8637518635905668,1,-1,1,1,1
20230511T142916.A_Curius.B_SM.SCP_01,68,A3,1.0,0.13027499837214637,-0.8697250016278536,0.7928606258415499,1,1,0,1,1
20230511T142916.A_Curius.B_SM.SCP_01,69,A3,0.25008035334498396,-1.0,-1.250080353344984,0.5266638535638333,1,-1,1,1,1
20230511T142916.A_Curius.B_SM.SCP_01,70,A3,0.7341033209867729,0.30328949616957396,-0.43081382481719893,0.794361912433652,1,1,0,1,1
20230511T142916.A_Curius.B_SM.SCP_01,71,A3,0.48714120229949087,-1.0,-1.4871412022994908,0.7272628568584748,1,-1,1,1,1
20230511T142916.A_Curius.B_SM.SCP_01,72,A3,0.16321295173210543,-0.18012767775796984,-0.34334062949007527,0.05965259371692893,1,-1,1,0,0
20230511T142916.A_Curius.B_SM.SCP_01,73,A3,-0.41943185355269114,-0.16116881751952603,0.25826303603316514,0.022362066034579447,-1,-1,0,0,0
20230511T142916.A_Curius.B_SM.SCP_01,74,A3,-1.0,0.041520876348747036,1.0415208763487471,-0.21570015223254038,-1,1,1,1,1
20230511T142916.A_Curius.B_SM.SCP_01,75,A3,1.0,0.3276568374975937,-0.6723431625024063,0.8478190271251569,1,1,0,1,1
20230511T142916.A_Curius.B_SM.SCP_01,76,A3,0.28057821929613463,1.0,0.7194217807038654,0.539335887966736,1,1,0,1,1
20230511T142916.A_Curius.B_SM.SCP_01,77,A3,-0.06620194786543246,-1.0,-0.9337980521345676,0.690697596716707,-1,-1,0,1,1
20230511T142916.A_Curius.B_SM.SCP_01,78,A3,0.45074247545004603,0.08528621845390151,-0.36545625699614454,0.7209508544695018,1,1,0,1,1
20230511T142916.A_Curius.B_SM.SCP_01,79,A3,-0.14575330685590437,-0.07953807466022633,0.06621523219567804,0.51811235015115,-1,-1,0,1,1
20230511T142916.A_Curius.B_SM.SCP_01,80,A3,1.0,-0.9649052413413379,-1.964905241341338,0.2325536374824491,1,-1,1,0,0
20230511T142916.A_Curius.B_SM.SCP_01,81,A3,1.0,-1.0,-2.0,0.7918398645940306,1,-1,1,1,1
20230511T142916.A_Curius.B_SM.SCP_01,82,A3,1.0,-0.3045790824696006,-1.3045790824696006,0.8046340603837461,1,-1,1,1,1
20230511T142916.A_Curius.B_SM.SCP_01,83,A3,0.05766932839476117,-1.0,-1.0576693283947611,-0.03633128126681693,1,-1,1,1,0
20230511T142916.A_Curius.B_SM.SCP_01,84,A3,-1.0,-0.30858331373369996,0.6914166862663,-0.22833967373548864,-1,-1,0,1,1
20230511T142916.A_Curius.B_SM.SCP_01,85,A3,1.0,0.9265228449317701,-0.07347715506822994,0.8733698966263673,1,1,0,1,1
20230511T142916.A_Curius.B_SM.SCP_01,86,A3,-0.07616874114890546,-0.6084858731000967,-0.5323171319511912,0.1201709407368669,-1,-1,0,1,1
20230511T142916.A_Curius.B_SM.SCP_01,87,A3,0.3217890696111556,-1.0,-1.3217890696111556,-0.3463053239457187,1,-1,1,1,1
20230511T142916.A_Curius.B_SM.SCP_01,88,A3,1.0,-0.5447215235758955,-1.5447215235758955,0.13538296210383144,1,-1,1,1,1
20230511T142916.A_Curius.B_SM.SCP_01,89,A3,0.49779399116429807,0.705308029037596,0.20751403787329797,0.27653005883555404,1,1,0,1,0
20230511T142916.A_Curius.B_SM.SCP_01,90,A3,0.16455098982932878,0.21821369837882876,0.05366270854949998,0.18926452494205004,1,1,0,0,0
20230511T142916.A_Curius.B_SM.SCP_01,91,A3,0.13625188234109092,-0.8606500629252948,-0.9969019452663856,0.13497110100172435,1,-1,1,0,1
20230511T142916.A_Curius.B_SM.SCP_01,92,A3,1.0,0.8689506996037832,-0.13104930039621676,0.5793671714953815,1,1,0,1,1
20230511T142916.A_Curius.B_SM.SCP_01,93,A3,0.7895692831058971,-0.689170914554289,-1.4787401976601862,0.6629326547718766,1,-1,1,1,1
20230511T142916.A_Curius.B_SM.SCP_01,94,A3,0.018966216790667432,-0.34648754564357,-0.36545376243423744,0.24392465097014018,1,-1,1,1,1
20230511T142916.A_Curius.B_SM.SCP_01,95,A3,1.0,1.0,0.0,0.5879217001629194,1,1,0,1,1
20230511T142916.A_Curius.B_SM.SCP_01,96,A3,1.0,0.8503637301058048,-0.1496362698941952,-0.015949659180300207,1,1,0,1,0
20230511T142916.A_Curius.B_SM.SCP_01,97,A4,0.3454212379531372,0.4051141204833353,0.05969288253019811,-0.22727153065963912,1,1,0,0,0
20230511T142916.A_Curius.B_SM.SCP_01,98,A4,-0.04664528667528246,1.0,1.0466452866752824,0.061826760112322666,-1,1,1,0,0
20230511T142916.A_Curius.B_SM.SCP_01,99,A4,-0.0525103954967944,-0.18382504941559918,-0.13131465391880479,-0.24853441102516619,-1,-1,0,0,0
20230511T142916.A_Curius.B_SM.SCP_01,100,A4,0.1410315388861115,0.03895771934568951,-0.102073819540422,0.18107654860089617,1,1,0,0,0
20230511T142916.A_Curius.B_SM.SCP_01,101,A4,-0.025687676268679117,0.2705500880246877,0.29623776429336685,-0.1737246311058338,-1,1,1,0,0
20230511T142916.A_Curius.B_SM.SCP_01,103,A4,-0.5210573311648491,-0.10084703145780059,0.4202102997070485,-0.31564993073328884,-1,-1,0,0,0
20230511T142916.A_Curius.B_SM.SCP_01,104,A4,0.10730863543173158,-0.18351790781142893,-0.2908265432431605,-0.16106306063707296,1,-1,1,1,0
20230511T142916.A_Curius.B_SM.SCP_01,105,A4,-0.5127369089863152,-0.49411749916902614,0.018619409817289045,0.0743716932614159,-1,-1,0,1,0
20230511T142916.A_Curius.B_SM.SCP_01,106,A4,-0.4247602995092179,0.08334984597417816,0.5081101454833961,-0.1186218647659441,-1,1,1,0,0
20230511T142916.A_Curius.B_SM.SCP_01,107,A4,-0.3252196224986781,-0.1553904488165221,0.169829173682156,0.17470877637130156,-1,-1,0,0,0
20230511T142916.A_Curius.B_SM.SCP_01,108,A4,0.611977328508553,-0.007697281586648147,-0.6196746100952012,0.1234250660433877,1,-1,1,0,0
20230511T142916.A_Curius.B_SM.SCP_01,109,A4,-0.07988652877454233,0.18627434264611245,0.2661608714206548,-0.3966600428255841,-1,1,1,0,0
20230511T142916.A_Curius.B_SM.SCP_01,110,A4,-0.2482733814073091,0.005516559099211017,0.2537899405065201,0.14294745429047973,-1,1,1,0,0
20230511T142916.A_Curius.B_SM.SCP_01,111,A4,0.2108839030003357,-0.38740936420987543,-0.5982932672102111,0.16186700322289338,1,-1,1,0,0
20230511T142916.A_Curius.B_SM.SCP_01,112,A4,-0.5184451321837915,-1.0,-0.4815548678162085,-0.1680209811594589,-1,-1,0,0,0
20230511T142916.A_Curius.B_SM.SCP_01,114,A4,1.0,0.4514807776431395,-0.5485192223568605,0.2463854427869225,1,1,0,0,0
20230511T142916.A_Curius.B_SM.SCP_01,116,A4,-0.6877785388094368,-0.13396712074408088,0.5538114180653559,0.06806277668735597,-1,-1,0,0,0
20230511T142916.A_Curius.B_SM.SCP_01,117,A4,1.0,1.0,0.0,0.3599736831370949,1,1,0,0,0
20230511T142916.A_Curius.B_SM.SCP_01,119,A4,6.270313345865634e-05,-1.0,-1.0000627031334586,0.006882697750514224,1,-1,1,0,0
20230511T142916.A_Curius.B_SM.SCP_01,121,A4,-0.28671794343748347,-0.43855955785723744,-0.15184161441975397,0.6171395407966955,-1,-1,0,1,1
20230511T142916.A_Curius.B_SM.SCP_01,122,A4,-0.5404944750974864,-1.0,-0.4595055249025136,0.7728258246949067,-1,-1,0,1,1
20230511T142916.A_Curius.B_SM.SCP_01,123,A4,-0.6458284282719087,-0.19879729959210699,0.44703112867980166,0.39233403110036974,-1,-1,0,0,0
20230511T142916.A_Curius.B_SM.SCP_01,124,A4,0.05921879037114494,0.45518373228505254,0.39596494191390763,-0.05404321157088141,1,1,0,0,0
20230511T142916.A_Curius.B_SM.SCP_01,125,A4,-0.04831849783970314,0.13404253189470203,0.18236102973440516,0.070585098177675,-1,1,1,0,0
20230511T142916.A_Curius.B_SM.SCP_01,126,A4,0.11016601579769257,-0.06485050591349244,-0.175016521711185,-0.347218444575012,1,-1,1,0,0
20230511T142916.A_Curius.B_SM.SCP_01,127,A4,-0.993130425625215,-1.0,-0.00686957437478497,-0.0683441602015721,-1,-1,0,0,0
20230511T142916.A_Curius.B_SM.SCP_01,129,A5,-0.14144123702497657,-0.29905688492496885,-0.15761564789999227,0.018390857976082024,-1,-1,0,1,1
20230511T142916.A_Curius.B_SM.SCP_01,130,A5,0.7977920886124579,0.6226389833366804,-0.17515310527577743,0.5384141176071711,1,1,0,1,1
20230511T142916.A_Curius.B_SM.SCP_01,132,A5,-1.0,-0.36131224352688834,0.6386877564731117,0.17116384839867751,-1,-1,0,0,0
20230511T142916.A_Curius.B_SM.SCP_01,133,A5,1.0,0.4643307066215519,-0.5356692933784482,0.16237441429253582,1,1,0,0,0
20230511T142916.A_Curius.B_SM.SCP_01,134,A5,-1.0,1.0,2.0,0.7515560956863507,-1,1,1,1,1
20230511T142916.A_Curius.B_SM.SCP_01,135,A5,0.42565665012956827,0.26916132678730964,-0.15649532334225863,0.33343094725392225,1,1,0,1,1
20230511T142916.A_Curius.B_SM.SCP_01,136,A5,0.7580236786410155,1.0,0.2419763213589845,0.3065162497544691,1,1,0,1,1
20230511T142916.A_Curius.B_SM.SCP_01,137,A5,-0.47502163143399345,-0.23999869397948362,0.23502293745450983,0.24710716894599863,-1,-1,0,1,1
20230511T142916.A_Curius.B_SM.SCP_01,138,A5,-0.17907854542381285,-0.6542916190974407,-0.47521307367362786,0.6288450632502435,-1,-1,0,1,1
20230511T142916.A_Curius.B_SM.SCP_01,139,A5,0.11775840767002071,-0.4928804495649263,-0.610638857234947,0.5282324007125347,1,-1,1,1,1
20230511T142916.A_Curius.B_SM.SCP_01,142,A5,-0.41618286953899847,-0.16816759055929825,0.24801527897970022,0.16383486623307214,-1,-1,0,1,1
20230511T142916.A_Curius.B_SM.SCP_01,143,A5,-0.6702413273152252,1.0,1.6702413273152252,0.2710581968729927,-1,1,1,0,0
20230511T142916.A_Curius.B_SM.SCP_01,144,A5,0.07024937257208158,-0.27786347922700055,-0.34811285179908213,-0.2991438757320596,1,-1,1,0,0
20230511T142916.A_Curius.B_SM.SCP_01,145,A5,0.4490775418877223,-0.1580115989354098,-0.6070891408231321,0.06506719575350677,1,-1,1,1,1
20230511T142916.A_Curius.B_SM.SCP_01,146,A5,-0.30677568640072117,-0.1457252042926016,0.16105048210811956,0.9433582904065823,-1,-1,0,1,1
20230511T142916.A_Curius.B_SM.SCP_01,147,A5,-0.04222564526748584,1.0,1.0422256452674858,0.519182824018348,-1,1,1,1,1
20230511T142916.A_Curius.B_SM.SCP_01,148,A5,0.630440706952359,1.0,0.369559293047641,0.3207285428431501,1,1,0,1,1
20230511T142916.A_Curius.B_SM.SCP_01,149,A5,-0.14136264475728025,-0.10757552392856351,0.03378712082871674,0.22463572998334924,-1,-1,0,1,1
20230511T142916.A_Curius.B_SM.SCP_01,150,A5,0.11240080041615931,-0.026301198188236802,-0.1387019986043961,0.02837701663666123,1,-1,1,1,1
20230511T142916.A_Curius.B_SM.SCP_01,151,A5,0.8999804427619261,1.0,0.10001955723807388,-0.1810317785998867,1,1,0,0,0
20230511T142916.A_Curius.B_SM.SCP_01,152,A5,-1.0,-1.0,0.0,-0.26416072553225856,-1,-1,0,0,0
20230511T142916.A_Curius.B_SM.SCP_01,153,A5,0.09123493509518661,-0.12110234313881936,-0.21233727823400597,0.0370840737439062,1,-1,1,1,1
20230511T142916.A_Curius.B_SM.SCP_01,155,A5,-0.2507367115232416,0.31409210685348576,0.5648288183767274,0.025629745940165916,-1,1,1,0,0
20230511T142916.A_Curius.B_SM.SCP_01,157,A5,-0.7582748243003864,-0.40877503516288016,0.34949978913750623,-0.22547146071300914,-1,-1,0,0,0
20230511T142916.A_Curius.B_SM.SCP_01,158,A5,0.5453410137341937,0.00037267888023143314,-0.5449683348539623,0.013958033077702665,1,1,0,0,0
20230511T142916.A_Curius.B_SM.SCP_01,159,A5,-0.039538084085886695,-0.48889855696228884,-0.44936047287640213,0.41901774676784015,-1,-1,0,0,0
20230518T135808.A_Curius.B_SM.SCP_01,1,A1,-0.028744858580829653,-1.0,-0.9712551414191704,0.540962074978251,-1,-1,0,1,1
20230518T135808.A_Curius.B_SM.SCP_01,3,A1,0.2021307349985755,0.2551194412377757,0.052988706239200184,0.5748716476100272,1,1,0,1,1
20230518T135808.A_Curius.B_SM.SCP_01,4,A1,0.6548010962267384,0.3629408118102049,-0.29186028441653356,-0.17555004528357857,1,1,0,1,1
20230518T135808.A_Curius.B_SM.SCP_01,5,A1,0.9509044886321696,0.6408372130951212,-0.3100672755370484,0.2997268394339816,1,1,0,1,1
20230518T135808.A_Curius.B_SM.SCP_01,6,A1,0.1425699525862416,0.2491485550060585,0.1065786024198169,-0.18359278794270403,1,1,0,1,1
20230518T135808.A_Curius.B_SM.SCP_01,7,A1,0.1826682017219806,0.3766312907282611,0.19396308900628054,0.6520080912853432,1,1,0,1,1
20230518T135808.A_Curius.B_SM.SCP_01,8,A1,-1.0,1.0,2.0,-0.23361462572030633,-1,1,1,1,0
20230518T135808.A_Curius.B_SM.SCP_01,9,A1,0.5805801616576672,1.0,0.41941983834233276,0.3949733235536622,1,1,0,1,1
20230518T135808.A_Curius.B_SM.SCP_01,10,A1,0.12130431719549627,0.5741802644992211,0.4528759473037248,0.12271410873844371,1,1,0,1,1
20230518T135808.A_Curius.B_SM.SCP_01,11,A1,0.026494434821154347,0.13551225269523864,0.1090178178740843,0.6016423136824431,1,1,0,1,1
20230518T135808.A_Curius.B_SM.SCP_01,12,A1,0.2796998244614133,1.0,0.7203001755385867,0.19260151438259682,1,1,0,1,1
20230518T135808.A_Curius.B_SM.SCP_01,13,A1,0.19251147171844893,0.06264388262362196,-0.12986758909482699,0.08734564861817097,1,1,0,1,1
20230518T135808.A_Curius.B_SM.SCP_01,14,A1,1.0,0.1571666534948658,-0.8428333465051342,0.3856809618754065,1,1,0,1,1
20230518T135808.A_Curius.B_SM.SCP_01,15,A1,0.22220014673970517,-0.727397405402592,-0.9495975521422972,0.40317552507595467,1,-1,1,1,1
20230518T135808.A_Curius.B_SM.SCP_01,16,A1,0.3917612928877617,0.5530036332922905,0.16124234040452884,0.9034586077927331,1,1,0,1,1
20230518T135808.A_Curius.B_SM.SCP_01,17,A1,-0.4739126231046775,0.2564137793505226,0.7303264024552001,-0.07614617786499131,-1,1,1,1,1
20230518T135808.A_Curius.B_SM.SCP_01,18,A1,-0.29145886695028667,1.0,1.2914588669502867,-0.45126224442698715,-1,1,1,1,1
20230518T135808.A_Curius.B_SM.SCP_01,19,A1,0.11279756809096803,1.0,0.8872024319090319,0.029499469787654393,1,1,0,1,1
20230518T135808.A_Curius.B_SM.SCP_01,20,A1,-0.05909270956599509,-1.0,-0.9409072904340049,-0.35530476161153507,-1,-1,0,1,1
20230518T135808.A_Curius.B_SM.SCP_01,21,A1,0.3127696782400963,0.3070680184431171,-0.00570165979697923,0.5466398533922822,1,1,0,1,1
20230518T135808.A_Curius.B_SM.SCP_01,22,A1,-0.5745368515541399,-1.0,-0.4254631484458601,0.6418935434449433,-1,-1,0,1,1
20230518T135808.A_Curius.B_SM.SCP_01,23,A1,0.2885212590119465,0.3540005169620054,0.06547925795005893,0.4712734861258549,1,1,0,1,1
20230518T135808.A_Curius.B_SM.SCP_01,24,A1,0.11403778924641456,-0.19476969287049456,-0.3088074821169091,0.2582164300296156,1,-1,1,1,1
20230518T135808.A_Curius.B_SM.SCP_01,25,A1,1.0,1.0,0.0,0.2223724369800993,1,1,0,1,1
20230518T135808.A_Curius.B_SM.SCP_01,26,A1,0.37149002544782067,0.23846839352256657,-0.1330216319252541,0.5898475390445513,1,1,0,1,1
20230518T135808.A_Curius.B_SM.SCP_01,27,A1,0.4792169952044825,0.87764473516905,0.39842773996456743,0.7294820954453424,1,1,0,1,1
20230518T135808.A_Curius.B_SM.SCP_01,28,A1,-0.28914801666236856,-3.586748342704177e-05,0.2891121491789415,0.5670707538979892,-1,-1,0,1,1
20230518T135808.A_Curius.B_SM.SCP_01,29,A1,0.4931570746439099,0.12032509420809481,-0.3728319804358151,0.2643186664473876,1,1,0,1,1
20230518T135808.A_Curius.B_SM.SCP_01,30,A1,1.0,1.0,0.0,0.7061211660944292,1,1,0,1,1
20230518T135808.A_Curius.B_SM.SCP_01,31,A1,0.23019705566904694,-0.05413862018027407,-0.284335675849321,0.5602220203292975,1,-1,1,1,1
20230518T135808.A_Curius.B_SM.SCP_01,32,A1,0.7279953882777732,0.9700780072803978,0.24208261900262462,0.7323922575046085,1,1,0,1,1
20230518T135808.A_Curius.B_SM.SCP_01,33,A2,-0.12951729008555746,-0.4321809955779082,-0.3026637054923507,0.05157466225484542,-1,-1,0,1,1
20230518T135808.A_Curius.B_SM.SCP_01,36,A2,-1.0,-0.5387517946470082,0.4612482053529918,0.5405849586322613,-1,-1,0,1,1
20230518T135808.A_Curius.B_SM.SCP_01,37,A2,1.0,-0.20182678496937367,-1.2018267849693736,-0.053956777077977226,1,-1,1,0,0
20230518T135808.A_Curius.B_SM.SCP_01,38,A2,-0.03924025858265812,1.0,1.0392402585826581,0.5430026658867657,-1,1,1,1,1
20230518T135808.A_Curius.B_SM.SCP_01,39,A2,0.31383960334430416,-1.0,-1.313839603344304,0.02755842696424229,1,-1,1,1,1
20230518T135808.A_Curius.B_SM.SCP_01,40,A2,0.48861171089827937,-1.0,-1.4886117108982795,0.29845476535702964,1,-1,1,1,1
20230518T135808.A_Curius.B_SM.SCP_01,41,A2,0.9834318094286417,-0.07803445999730428,-1.061466269425946,0.11808401985963093,1,-1,1,1,1
20230518T135808.A_Curius.B_SM.SCP_01,42,A2,0.5193518271438035,1.0,0.48064817285619654,-0.008320804838062199,1,1,0,1,0
20230518T135808.A_Curius.B_SM.SCP_01,43,A2,0.37815165323889405,1.0,0.621848346761106,0.14162302998879078,1,1,0,1,1
20230518T135808.A_Curius.B_SM.SCP_01,44,A2,0.011737750680729773,0.8395327431079407,0.8277949924272109,0.46767968836995505,1,1,0,1,1
20230518T135808.A_Curius.B_SM.SCP_01,45,A2,0.11725948190683497,-1.0,-1.1172594819068349,-0.06462679717670292,1,-1,1,0,1
20230518T135808.A_Curius.B_SM.SCP_01,46,A2,-1.0,-0.32663835836067173,0.6733616416393282,-0.10535322444855721,-1,-1,0,1,1
20230518T135808.A_Curius.B_SM.SCP_01,47,A2,-0.8694701429663823,1.0,1.8694701429663823,0.13785149895938434,-1,1,1,1,1
20230518T135808.A_Curius.B_SM.SCP_01,48,A2,0.9049005576603156,-1.0,-1.9049005576603157,-0.12850059473124711,1,-1,1,1,1
20230518T135808.A_Curius.B_SM.SCP_01,49,A2,0.0725415466621084,0.27456381725731044,0.20202227059520206,-0.17170011079185987,1,1,0,0,0
20230518T135808.A_Curius.B_SM.SCP_01,50,A2,1.0,0.7314326412699288,-0.2685673587300712,0.2977557035597731,1,1,0,1,1
20230518T135808.A_Curius.B_SM.SCP_01,51,A2,0.2290188716107318,-0.6032572014408815,-0.8322760730516132,0.3067707559745934,1,-1,1,0,1
20230518T135808.A_Curius.B_SM.SCP_01,52,A2,0.3403373517256033,1.0,0.6596626482743967,-0.0331971314723393,1,1,0,1,1
20230518T135808.A_Curius.B_SM.SCP_01,53,A2,1.0,0.20305144172686704,-0.7969485582731329,0.2678771188519665,1,1,0,1,1
20230518T135808.A_Curius.B_SM.SCP_01,54,A2,-0.08101571320655394,0.17745447984765425,0.2584701930542082,-0.17813135373404035,-1,1,1,1,1
20230518T135808.A_Curius.B_SM.SCP_01,55,A2,1.0,-0.19972732978130972,-1.1997273297813098,0.17311587512904852,1,-1,1,1,1
20230518T135808.A_Curius.B_SM.SCP_01,56,A2,-1.0,-1.0,0.0,0.3365497943856353,-1,-1,0,1,1
20230518T135808.A_Curius.B_SM.SCP_01,57,A2,-0.39002360786666485,-0.6565209393400071,-0.26649733147334226,-0.07193953440227142,-1,-1,0,1,1
20230518T135808.A_Curius.B_SM.SCP_01,58,A2,0.08891631462857814,0.2544485970529367,0.16553228242435858,-0.04166610705492056,1,1,0,0,0
20230518T135808.A_Curius.B_SM.SCP_01,59,A2,1.0,0.081959361113669,-0.918040638886331,0.5786345002104568,1,1,0,1,1
20230518T135808.A_Curius.B_SM.SCP_01,60,A2,0.684288919963473,-0.1290148600868401,-0.8133037800503131,0.0736839045163145,1,-1,1,1,0
20230518T135808.A_Curius.B_SM.SCP_01,61,A2,1.0,1.0,0.0,0.7678361990983574,1,1,0,1,1
20230518T135808.A_Curius.B_SM.SCP_01,62,A2,-0.04755272222204672,-0.3237779632169276,-0.2762252409948809,0.46975954549417637,-1,-1,0,1,1
20230518T135808.A_Curius.B_SM.SCP_01,63,A2,0.5232356784214706,0.26186578112178993,-0.26136989729968063,0.26850935227829403,1,1,0,1,1
20230518T135808.A_Curius.B_SM.SCP_01,64,A2,-0.18254385263154638,-0.8399144134550516,-0.6573705608235052,0.600942330996306,-1,-1,0,1,1
20230518T135808.A_Curius.B_SM.SCP_01,65,A3,-0.14164164192167672,-0.015630183670913726,0.126011458250763,0.507241105850591,-1,-1,0,1,1
20230518T135808.A_Curius.B_SM.SCP_01,67,A3,1.0,1.0,0.0,0.5059191846016187,1,1,0,1,1
20230518T135808.A_Curius.B_SM.SCP_01,69,A3,0.30063752525934817,-1.0,-1.300637525259348,0.7268154683959818,1,-1,1,1,1
20230518T135808.A_Curius.B_SM.SCP_01,70,A3,1.0,0.863750891086766,-0.13624910891323405,0.7165070546195387,1,1,0,1,1
20230518T135808.A_Curius.B_SM.SCP_01,71,A3,1.0,-1.0,-2.0,0.8880936058356917,1,-1,1,1,1
20230518T135808.A_Curius.B_SM.SCP_01,72,A3,0.23364296451033892,0.33963651933120786,0.10599355482086895,0.4012423421280041,1,1,0,1,1
20230518T135808.A_Curius.B_SM.SCP_01,74,A3,1.0,-0.6416070382883665,-1.6416070382883665,0.5675729075123477,1,-1,1,1,1
20230518T135808.A_Curius.B_SM.SCP_01,75,A3,1.0,0.4858155376919106,-0.5141844623080893,0.8543812274830989,1,1,0,1,1
20230518T135808.A_Curius.B_SM.SCP_01,77,A3,1.0,-1.0,-2.0,0.8258499542340729,1,-1,1,1,1
20230518T135808.A_Curius.B_SM.SCP_01,78,A3,0.6208622876447151,-0.06362813489131451,-0.6844904225360295,0.6090485123731241,1,-1,1,1,1
20230518T135808.A_Curius.B_SM.SCP_01,79,A3,0.23711207607567594,-1.0,-1.237112076075676,0.26196673149463334,1,-1,1,1,1
20230518T135808.A_Curius.B_SM.SCP_01,80,A3,1.0,-1.0,-2.0,0.8162558830020592,1,-1,1,1,1
20230518T135808.A_Curius.B_SM.SCP_01,81,A3,1.0,0.1585010175432477,-0.8414989824567523,0.7292709274077892,1,1,0,1,1
20230518T135808.A_Curius.B_SM.SCP_01,82,A3,1.0,0.05407314850612672,-0.9459268514938732,0.4358439692807294,1,1,0,1,1
20230518T135808.A_Curius.B_SM.SCP_01,83,A3,-0.5908298750602864,-1.0,-0.4091701249397136,0.7421011484751925,-1,-1,0,1,1
20230518T135808.A_Curius.B_SM.SCP_01,84,A3,-0.43482521591755513,-0.1305858079167749,0.3042394080007802,0.40819027320655366,-1,-1,0,1,1
20230518T135808.A_Curius.B_SM.SCP_01,85,A3,1.0,0.8010920479272858,-0.19890795207271417,0.8626709536340459,1,1,0,1,1
20230518T135808.A_Curius.B_SM.SCP_01,86,A3,1.0,-0.20006760571445178,-1.2000676057144517,0.010206571933683116,1,-1,1,1,1
20230518T135808.A_Curius.B_SM.SCP_01,87,A3,0.9514424495683195,1.0,0.04855755043168053,0.4123396383870111,1,1,0,1,1
20230518T135808.A_Curius.B_SM.SCP_01,88,A3,1.0,0.5323303897327114,-0.4676696102672886,0.4499339646073934,1,1,0,1,1
20230518T135808.A_Curius.B_SM.SCP_01,89,A3,1.0,0.7023732287932913,-0.29762677120670866,-0.0044158462486834854,1,1,0,1,1
20230518T135808.A_Curius.B_SM.SCP_01,90,A3,0.15346026806390634,0.21241605054473836,0.058955782480832025,0.4784136712245716,1,1,0,1,1
20230518T135808.A_Curius.B_SM.SCP_01,92,A3,0.5263224557463094,-0.5117937051546099,-1.0381161609009193,-0.05311314145542853,1,-1,1,0,0
20230518T135808.A_Curius.B_SM.SCP_01,93,A3,1.0,-0.013372628876784873,-1.0133726288767848,0.7669669534221248,1,-1,1,1,1
20230518T135808.A_Curius.B_SM.SCP_01,94,A3,1.0,1.0,0.0,0.22682481197972346,1,1,0,1,1
20230518T135808.A_Curius.B_SM.SCP_01,95,A3,-0.762521087253089,-0.3310067472248901,0.4315143400281989,0.4549914360193452,-1,-1,0,1,1
20230518T135808.A_Curius.B_SM.SCP_01,96,A3,0.1699045743679527,0.061489788204999396,-0.1084147861629533,0.09341043791194432,1,1,0,1,0
20230518T135808.A_Curius.B_SM.SCP_01,97,A4,0.22486251762858725,0.2816516199751342,0.056789102346546966,0.018307574120172313,1,1,0,1,1
20230518T135808.A_Curius.B_SM.SCP_01,98,A4,1.0,1.0,0.0,-0.12777156231709055,1,1,0,0,0
20230518T135808.A_Curius.B_SM.SCP_01,99,A4,0.041582982612346234,0.2142635362617992,0.17268055364945295,0.30951749863307065,1,1,0,0,0
20230518T135808.A_Curius.B_SM.SCP_01,100,A4,-0.040142781996524116,0.3024604430420029,0.342603225038527,-0.07485368712875769,-1,1,1,0,0
20230518T135808.A_Curius.B_SM.SCP_01,101,A4,0.0494582792034591,0.01822636388634656,-0.031231915317112537,-0.20862356390439382,1,1,0,0,0
20230518T135808.A_Curius.B_SM.SCP_01,102,A4,1.0,0.2546929191346345,-0.7453070808653655,0.011802130667248067,1,1,0,0,0
20230518T135808.A_Curius.B_SM.SCP_01,103,A4,0.08423016289876491,1.0,0.915769837101235,0.13473459289109024,1,1,0,0,0
20230518T135808.A_Curius.B_SM.SCP_01,104,A4,-0.0317263976169531,0.2801706733836767,0.3118970710006298,-0.2548802559368299,-1,1,1,0,0
20230518T135808.A_Curius.B_SM.SCP_01,105,A4,-0.05600888733140751,-0.4337587727316994,-0.37774988540029186,0.20198924460454934,-1,-1,0,1,1
20230518T135808.A_Curius.B_SM.SCP_01,106,A4,-0.11969156728578809,-0.9268547313770135,-0.8071631640912253,0.13536165436466102,-1,-1,0,0,0
20230518T135808.A_Curius.B_SM.SCP_01,107,A4,0.01873745914395971,0.1469870567417497,0.12824959759778998,0.036288632303809534,1,1,0,0,0
20230518T135808.A_Curius.B_SM.SCP_01,108,A4,0.029675207391321425,0.13763859787341273,0.1079633904820913,-0.1810005485932828,1,1,0,0,0
20230518T135808.A_Curius.B_SM.SCP_01,109,A4,-0.15623410280177488,-0.10502464294477483,0.05120945985700005,0.26164342060858475,-1,-1,0,0,0
20230518T135808.A_Curius.B_SM.SCP_01,111,A4,0.3462067238316027,1.0,0.6537932761683973,0.20478996699727853,1,1,0,0,0
20230518T135808.A_Curius.B_SM.SCP_01,112,A4,0.5145780252717372,-1.0,-1.5145780252717373,0.05657296446526774,1,-1,1,0,0
20230518T135808.A_Curius.B_SM.SCP_01,113,A4,0.15024248299185874,-0.6463984085795699,-0.7966408915714286,0.21559760270242767,1,-1,1,0,0
20230518T135808.A_Curius.B_SM.SCP_01,114,A4,-1.0,0.21647884522803493,1.2164788452280348,-0.04620584297805574,-1,1,1,0,0
20230518T135808.A_Curius.B_SM.SCP_01,115,A4,-0.14550572158086597,-0.494167133504111,-0.34866141192324507,0.20407891513617685,-1,-1,0,0,0
20230518T135808.A_Curius.B_SM.SCP_01,116,A4,-0.00997977335427867,-0.5078033249315387,-0.49782355157726,0.0034860068509644424,-1,-1,0,0,0
20230518T135808.A_Curius.B_SM.SCP_01,117,A4,-1.0,-0.661572968853859,0.33842703114614103,0.07286491178076444,-1,-1,0,0,0
20230518T135808.A_Curius.B_SM.SCP_01,118,A4,-0.11474670529142397,-0.25406237681933014,-0.13931567152790617,0.20190437093261965,-1,-1,0,0,0
20230518T135808.A_Curius.B_SM.SCP_01,119,A4,0.03151491877651741,-0.03456636681057462,-0.06608128558709203,-0.11105868874920824,1,-1,1,0,0
20230518T135808.A_Curius.B_SM.SCP_01,120,A4,-0.12353339072623475,0.183455316737753,0.30698870746398776,0.24061359729751305,-1,1,1,0,0
20230518T135808.A_Curius.B_SM.SCP_01,121,A4,-0.31640445858648747,-0.5097620337753195,-0.193357575188832,0.41415229388474495,-1,-1,0,1,1
20230518T135808.A_Curius.B_SM.SCP_01,122,A4,-0.5436195055584121,-0.5458675242884911,-0.00224801873007896,0.5770873885149063,-1,-1,0,1,1
20230518T135808.A_Curius.B_SM.SCP_01,123,A4,-1.0,0.3238991191886832,1.3238991191886833,0.11831983284665185,-1,1,1,0,0
20230518T135808.A_Curius.B_SM.SCP_01,124,A4,0.3305100119516018,0.5769193329304402,0.2464093209788384,0.09281835391067708,1,1,0,0,0
20230518T135808.A_Curius.B_SM.SCP_01,125,A4,-0.21814672419093506,0.2025321347635956,0.42067885895453067,-0.07724645825272398,-1,1,1,0,0
20230518T135808.A_Curius.B_SM.SCP_01,126,A4,0.21145100454365828,0.08071289068218335,-0.13073811386147494,0.08858899516377886,1,1,0,0,0
20230518T135808.A_Curius.B_SM.SCP_01,128,A4,-0.0994322852325551,0.3998522947991171,0.4992845800316722,-0.008939713089696528,-1,1,1,0,0
20230518T135808.A_Curius.B_SM.SCP_01,129,A5,-0.12116525604531846,0.005121751070391574,0.12628700711571003,-0.009591915998728067,-1,1,1,1,1
20230518T135808.A_Curius.B_SM.SCP_01,130,A5,-0.26204486890425865,-0.28189639964761853,-0.01985153074335988,0.28420684763407583,-1,-1,0,1,1
20230518T135808.A_Curius.B_SM.SCP_01,132,A5,0.21952653659039495,-0.22060858446052542,-0.44013512105092034,0.16288866382457023,1,-1,1,1,0
20230518T135808.A_Curius.B_SM.SCP_01,133,A5,1.0,-1.0,-2.0,0.05675291839991098,1,-1,1,1,0
20230518T135808.A_Curius.B_SM.SCP_01,134,A5,1.0,0.09856187962522593,-0.9014381203747741,0.7821272900562574,1,1,0,1,1
20230518T135808.A_Curius.B_SM.SCP_01,135,A5,-0.15544379247963314,-0.3056102836573801,-0.15016649117774694,-0.12730781093826513,-1,-1,0,1,1
20230518T135808.A_Curius.B_SM.SCP_01,137,A5,-0.2850193704486847,-0.49467160905644836,-0.20965223860776366,0.27033106655316436,-1,-1,0,1,1
20230518T135808.A_Curius.B_SM.SCP_01,138,A5,-0.0682683985064589,-0.30402403391236305,-0.23575563540590416,0.2588337563084963,-1,-1,0,1,1
20230518T135808.A_Curius.B_SM.SCP_01,142,A5,-0.6878424139022974,-1.0,-0.3121575860977026,0.20966134645603718,-1,-1,0,1,1
20230518T135808.A_Curius.B_SM.SCP_01,143,A5,0.8708025757950916,-1.0,-1.8708025757950915,-0.22718223851938302,1,-1,1,0,0
20230518T135808.A_Curius.B_SM.SCP_01,145,A5,0.2031828588174911,-0.8970665633767189,-1.10024942219421,0.42772200384891873,1,-1,1,1,1
20230518T135808.A_Curius.B_SM.SCP_01,146,A5,0.04822481149167187,-0.9112250438651474,-0.9594498553568193,0.9194331368979806,1,-1,1,1,1
20230518T135808.A_Curius.B_SM.SCP_01,147,A5,-0.7964396924935675,1.0,1.7964396924935675,0.4221311250691928,-1,1,1,1,1
20230518T135808.A_Curius.B_SM.SCP_01,148,A5,0.4272717096227116,1.0,0.5727282903772883,0.20768760028895003,1,1,0,1,1
20230518T135808.A_Curius.B_SM.SCP_01,149,A5,0.51265696426857,-1.0,-1.51265696426857,0.22374983070753104,1,-1,1,1,1
20230518T135808.A_Curius.B_SM.SCP_01,150,A5,0.2804350284353346,-0.07238762318005797,-0.35282265161539256,-0.12194318337534106,1,-1,1,0,0
20230518T135808.A_Curius.B_SM.SCP_01,151,A5,0.5913951973662217,-1.0,-1.5913951973662217,0.20084789282129933,1,-1,1,1,0
20230518T135808.A_Curius.B_SM.SCP_01,152,A5,0.3860975681902005,-0.9068052703102482,-1.2929028385004486,-0.024900942965806205,1,-1,1,0,0
20230518T135808.A_Curius.B_SM.SCP_01,153,A5,0.460050347021959,-0.3276346061223966,-0.7876849531443556,0.6364099354408197,1,-1,1,1,1
20230518T135808.A_Curius.B_SM.SCP_01,155,A5,0.8042543656367717,-1.0,-1.8042543656367718,-0.19157097527481937,1,-1,1,0,1
20230518T135808.A_Curius.B_SM.SCP_01,157,A5,1.0,-1.0,-2.0,-0.3820935432928931,1,-1,1,1,0
20230518T135808.A_Curius.B_SM.SCP_01,158,A5,0.8491648167785713,-1.0,-1.8491648167785713,-0.15255022361373344,1,-1,1,0,1
20230518T135808.A_Curius.B_SM.SCP_01,159,A5,0.690378609294221,-0.44899219936465046,-1.1393708086588714,-0.17524091401576022,1,-1,1,0,0
20230518T135808.A_Curius.B_SM.SCP_01,160,A5,0.07058909140120374,-0.10675578143910626,-0.17734487284031,-0.05975053400545732,1,-1,1,0,0
20230523T145755.A_Curius.B_SM.SCP_01,1,A1,-0.13398009416804604,1.0,1.133980094168046,0.24567021969145733,-1,1,1,1,0
20230523T145755.A_Curius.B_SM.SCP_01,3,A1,0.18723205461064185,0.35756528174368635,0.1703332271330445,0.6732623701868221,1,1,0,1,1
20230523T145755.A_Curius.B_SM.SCP_01,4,A1,0.3486086906297809,-0.06526710890841125,-0.41387579953819215,0.018454584487248793,1,-1,1,1,1
20230523T145755.A_Curius.B_SM.SCP_01,5,A1,0.12261294060887076,0.3897252687217723,0.26711232811290153,-0.05506900452446579,1,1,0,0,0
20230523T145755.A_Curius.B_SM.SCP_01,6,A1,0.0358878584347011,-0.11241445417404197,-0.14830231260874308,0.3527059212156701,1,-1,1,1,1
20230523T145755.A_Curius.B_SM.SCP_01,7,A1,0.7454756790575486,1.0,0.25452432094245137,0.003197479190604179,1,1,0,1,1
20230523T145755.A_Curius.B_SM.SCP_01,8,A1,0.2600720058705799,0.15554956272204062,-0.10452244314853926,0.12334999620771375,1,1,0,1,0
20230523T145755.A_Curius.B_SM.SCP_01,9,A1,0.3524445422885431,0.3044258368660151,-0.04801870542252801,0.3461130685030863,1,1,0,1,1
20230523T145755.A_Curius.B_SM.SCP_01,10,A1,0.5351603212367206,-0.357663842623486,-0.8928241638602066,0.1662552749667466,1,-1,1,1,1
20230523T145755.A_Curius.B_SM.SCP_01,11,A1,0.028215292190030977,0.2510550659502913,0.22283977376026035,0.3333075391536399,1,1,0,1,1
20230523T145755.A_Curius.B_SM.SCP_01,12,A1,-0.08073854758000458,-0.6951406243450391,-0.6144020767650346,0.23388923242871953,-1,-1,0,1,1
20230523T145755.A_Curius.B_SM.SCP_01,13,A1,0.2555989969044722,0.10630505235346481,-0.14929394455100736,0.1950642537671373,1,1,0,1,1
20230523T145755.A_Curius.B_SM.SCP_01,14,A1,1.0,1.0,0.0,0.007250934616873164,1,1,0,1,1
20230523T145755.A_Curius.B_SM.SCP_01,15,A1,0.42132435301961824,-0.4475723648309976,-0.8688967178506158,0.48803136472694175,1,-1,1,1,1
20230523T145755.A_Curius.B_SM.SCP_01,16,A1,0.6607240031177255,0.21581705994312628,-0.4449069431745992,0.42435356176871303,1,1,0,1,1
20230523T145755.A_Curius.B_SM.SCP_01,17,A1,0.19331655219940833,-0.2923333811387131,-0.48564993333812145,0.30311422198450516,1,-1,1,1,1
20230523T145755.A_Curius.B_SM.SCP_01,18,A1,-0.41475554807829174,-0.3191857291334661,0.09556981894482564,0.28495871859821176,-1,-1,0,1,1
20230523T145755.A_Curius.B_SM.SCP_01,19,A1,-0.2074340017083021,0.4181446391093799,0.625578640817682,-0.1615695255180832,-1,1,1,1,1
20230523T145755.A_Curius.B_SM.SCP_01,20,A1,-0.31089353001990766,-0.9021116462065316,-0.5912181161866239,0.8496051603950675,-1,-1,0,1,1
20230523T145755.A_Curius.B_SM.SCP_01,21,A1,0.406726918877561,-0.00019420402721030827,-0.40692112290477134,0.2570646733128897,1,-1,1,1,1
20230523T145755.A_Curius.B_SM.SCP_01,22,A1,-0.46590088963202597,-1.0,-0.534099110367974,0.7764971837579544,-1,-1,0,1,1
20230523T145755.A_Curius.B_SM.SCP_01,23,A1,0.1877661643764664,0.04650187765282624,-0.14126428672364016,0.3807205271054907,1,1,0,1,1
20230523T145755.A_Curius.B_SM.SCP_01,24,A1,0.12606865554376867,-0.0017317778308765176,-0.1278004333746452,0.1908703115862569,1,-1,1,1,1
20230523T145755.A_Curius.B_SM.SCP_01,25,A1,1.0,0.9282346660206461,-0.07176533397935392,0.15732311634696924,1,1,0,1,1
20230523T145755.A_Curius.B_SM.SCP_01,26,A1,0.5585043325635495,0.0928498068827021,-0.46565452568084736,0.038315728806088495,1,1,0,1,1
20230523T145755.A_Curius.B_SM.SCP_01,27,A1,-0.4935743741225641,-1.0,-0.5064256258774359,0.5784975361706577,-1,-1,0,1,1
20230523T145755.A_Curius.B_SM.SCP_01,28,A1,-0.613006023131803,0.34018077703641186,0.9531868001682149,0.07986331235656548,-1,1,1,1,0
20230523T145755.A_Curius.B_SM.SCP_01,29,A1,1.0,-0.7925707718893039,-1.792570771889304,0.009139912948065706,1,-1,1,1,1
20230523T145755.A_Curius.B_SM.SCP_01,30,A1,1.0,1.0,0.0,-0.00856950537693315,1,1,0,1,1
20230523T145755.A_Curius.B_SM.SCP_01,31,A1,0.07321159092295024,-0.34426356802816155,-0.41747515895111176,0.3857155816275029,1,-1,1,1,1
20230523T145755.A_Curius.B_SM.SCP_01,32,A1,0.8539210379450467,0.9538492841617274,0.09992824621668073,0.756241843014442,1,1,0,1,1
20230523T145755.A_Curius.B_SM.SCP_01,33,A2,0.4887243879656223,0.32839615946722484,-0.16032822849839745,0.1296249805798141,1,1,0,0,0
20230523T145755.A_Curius.B_SM.SCP_01,37,A2,-0.07406823484064842,0.7851628191035099,0.8592310539441583,0.046472794352916624,-1,1,1,0,1
20230523T145755.A_Curius.B_SM.SCP_01,38,A2,-0.23544094621420325,1.0,1.2354409462142033,0.55938396494581,-1,1,1,1,1
20230523T145755.A_Curius.B_SM.SCP_01,39,A2,0.290429308257194,1.0,0.709570691742806,0.2594223625758682,1,1,0,1,0
20230523T145755.A_Curius.B_SM.SCP_01,40,A2,1.0,0.7420155276740474,-0.25798447232595256,0.2972422735823913,1,1,0,1,1
20230523T145755.A_Curius.B_SM.SCP_01,41,A2,0.973922688367816,1.0,0.026077311632183964,-0.014280391185916863,1,1,0,1,1
20230523T145755.A_Curius.B_SM.SCP_01,42,A2,-0.4397851022290937,0.5834526471573934,1.023237749386487,0.37002415640172226,-1,1,1,0,0
20230523T145755.A_Curius.B_SM.SCP_01,43,A2,0.027457979674774632,0.5746378184399334,0.5471798387651589,-0.13897364611180987,1,1,0,1,1
20230523T145755.A_Curius.B_SM.SCP_01,44,A2,-1.0,1.0,2.0,-0.2375678764014461,-1,1,1,1,1
20230523T145755.A_Curius.B_SM.SCP_01,45,A2,0.16356105689555478,1.0,0.8364389431044452,0.28788746374132385,1,1,0,1,1
20230523T145755.A_Curius.B_SM.SCP_01,46,A2,-1.0,0.25478743209537724,1.2547874320953771,0.0644789546812732,-1,1,1,1,1
20230523T145755.A_Curius.B_SM.SCP_01,47,A2,-1.0,1.0,2.0,0.26902405015231357,-1,1,1,1,1
20230523T145755.A_Curius.B_SM.SCP_01,48,A2,0.09451467490012476,0.16726348996666324,0.07274881506653848,-0.007742030626989836,1,1,0,1,0
20230523T145755.A_Curius.B_SM.SCP_01,49,A2,0.17390560085884352,0.5673104388509443,0.3934048379921008,-0.21979391051871858,1,1,0,0,0
20230523T145755.A_Curius.B_SM.SCP_01,50,A2,0.4864498439201458,1.0,0.5135501560798542,0.17617562251801194,1,1,0,0,1
20230523T145755.A_Curius.B_SM.SCP_01,51,A2,-0.07869971386905454,0.07798610190431553,0.15668581577337007,0.09753707468848359,-1,1,1,1,1
20230523T145755.A_Curius.B_SM.SCP_01,52,A2,0.3204785403262982,1.0,0.6795214596737018,-0.1476781155134049,1,1,0,1,1
20230523T145755.A_Curius.B_SM.SCP_01,53,A2,0.5993874306997845,-0.005802100695050474,-0.605189531394835,0.0035715254456775425,1,-1,1,1,1
20230523T145755.A_Curius.B_SM.SCP_01,54,A2,0.7504840569930668,1.0,0.24951594300693325,-0.08089389988877825,1,1,0,1,0
20230523T145755.A_Curius.B_SM.SCP_01,55,A2,0.6272042646773281,-0.21149056459677393,-0.8386948292741021,-0.04213544590407141,1,-1,1,1,1
20230523T145755.A_Curius.B_SM.SCP_01,56,A2,-0.9108665183822209,-0.08464942782389283,0.826217090558328,0.45257668537810747,-1,-1,0,1,1
20230523T145755.A_Curius.B_SM.SCP_01,57,A2,-0.03962242082147066,-0.5120354489521506,-0.4724130281306799,0.19063990531817707,-1,-1,0,0,0
20230523T145755.A_Curius.B_SM.SCP_01,58,A2,0.91802517005412,1.0,0.08197482994588001,0.1581906438947963,1,1,0,0,0
20230523T145755.A_Curius.B_SM.SCP_01,59,A2,0.5526320985991635,0.027874366022057673,-0.5247577325771058,0.03826805142950831,1,1,0,1,1
20230523T145755.A_Curius.B_SM.SCP_01,60,A2,1.0,1.0,0.0,0.0070260399986559405,1,1,0,1,1
20230523T145755.A_Curius.B_SM.SCP_01,61,A2,1.0,0.8664137172033857,-0.13358628279661433,0.7063036597224613,1,1,0,1,1
20230523T145755.A_Curius.B_SM.SCP_01,62,A2,0.22472210537631868,0.008819151743649289,-0.2159029536326694,0.2612426359719501,1,1,0,1,1
20230523T145755.A_Curius.B_SM.SCP_01,63,A2,0.6172334892410045,0.03476422742975149,-0.582469261811253,0.31238560905102497,1,1,0,1,1
20230523T145755.A_Curius.B_SM.SCP_01,64,A2,-0.4274209021686879,-1.0,-0.5725790978313121,0.6101722665916431,-1,-1,0,1,1
20230523T145755.A_Curius.B_SM.SCP_01,65,A3,0.4233749987173412,0.055299180186856346,-0.3680758185304848,0.3290915449280867,1,1,0,1,1
20230523T145755.A_Curius.B_SM.SCP_01,66,A3,0.7851994835516702,0.10549237835283272,-0.6797071051988375,0.7620658960015527,1,1,0,1,1
20230523T145755.A_Curius.B_SM.SCP_01,67,A3,1.0,1.0,0.0,0.6108456496328523,1,1,0,1,1
20230523T145755.A_Curius.B_SM.SCP_01,68,A3,0.9338968647201115,1.0,0.06610313527988854,0.8136440425247659,1,1,0,1,1
20230523T145755.A_Curius.B_SM.SCP_01,69,A3,0.3592138298222312,-1.0,-1.3592138298222312,-0.11191158204620451,1,-1,1,1,1
20230523T145755.A_Curius.B_SM.SCP_01,70,A3,0.6646731921103184,-0.07742824486988285,-0.7421014369802013,0.6087452677615798,1,-1,1,1,1
20230523T145755.A_Curius.B_SM.SCP_01,71,A3,1.0,-1.0,-2.0,0.8914072292332974,1,-1,1,1,1
20230523T145755.A_Curius.B_SM.SCP_01,72,A3,0.2265651728853547,-0.6498673793008165,-0.8764325521861712,0.06640145516619456,1,-1,1,0,0
20230523T145755.A_Curius.B_SM.SCP_01,73,A3,0.013028979688271403,-0.3291358536986929,-0.3421648333869643,0.010717782218699356,1,-1,1,1,1
20230523T145755.A_Curius.B_SM.SCP_01,75,A3,0.45388802156278474,-0.14957324997603658,-0.6034612715388213,0.12387352333836064,1,-1,1,1,1
20230523T145755.A_Curius.B_SM.SCP_01,76,A3,0.09952534457946147,-0.05535945904861384,-0.1548848036280753,0.7910891676902599,1,-1,1,1,1
20230523T145755.A_Curius.B_SM.SCP_01,77,A3,0.29142041393675494,-0.29942239820177025,-0.5908428121385252,0.7624704095291722,1,-1,1,1,1
20230523T145755.A_Curius.B_SM.SCP_01,78,A3,1.0,0.07096749884935377,-0.9290325011506462,0.6521458127765152,1,1,0,1,1
20230523T145755.A_Curius.B_SM.SCP_01,79,A3,-0.030999782174069755,0.16855510242211166,0.19955488459618143,-0.15143643402979728,-1,1,1,1,1
20230523T145755.A_Curius.B_SM.SCP_01,80,A3,1.0,-0.9651191695498402,-1.9651191695498402,0.6708160713070997,1,-1,1,1,1
20230523T145755.A_Curius.B_SM.SCP_01,81,A3,1.0,1.0,0.0,0.7913920282851317,1,1,0,1,1
20230523T145755.A_Curius.B_SM.SCP_01,82,A3,1.0,1.0,0.0,0.0026337488622783906,1,1,0,1,1
20230523T145755.A_Curius.B_SM.SCP_01,83,A3,-8.084112570638314e-05,0.08805627023154426,0.08813711135725065,0.08303016829859183,-1,1,1,0,0
20230523T145755.A_Curius.B_SM.SCP_01,84,A3,-0.22659925866793332,-0.3367223639902776,-0.11012310532234429,-0.15119832800767508,-1,-1,0,1,1
20230523T145755.A_Curius.B_SM.SCP_01,85,A3,1.0,0.8647108634769257,-0.13528913652307428,0.8420308319781715,1,1,0,1,1
20230523T145755.A_Curius.B_SM.SCP_01,87,A3,1.0,1.0,0.0,0.7285385195495884,1,1,0,1,1
20230523T145755.A_Curius.B_SM.SCP_01,88,A3,0.8379827635785926,0.06576510651396104,-0.7722176570646315,0.08996348688852857,1,1,0,1,0
20230523T145755.A_Curius.B_SM.SCP_01,89,A3,0.26524927750442046,-1.0,-1.2652492775044204,0.4177927874865167,1,-1,1,0,0
20230523T145755.A_Curius.B_SM.SCP_01,90,A3,0.08898980065351078,-0.07978585757864957,-0.16877565823216034,0.1435091549760814,1,-1,1,0,0
20230523T145755.A_Curius.B_SM.SCP_01,91,A3,0.15191034489843303,0.4201318371960416,0.26822149229760855,0.6065849047815999,1,1,0,1,1
20230523T145755.A_Curius.B_SM.SCP_01,93,A3,1.0,-0.23566391299749154,-1.2356639129974916,0.7125261380732784,1,-1,1,1,1
20230523T145755.A_Curius.B_SM.SCP_01,94,A3,-0.3383570429703973,1.0,1.3383570429703973,0.05370719643835959,-1,1,1,1,1
20230523T145755.A_Curius.B_SM.SCP_01,95,A3,-1.0,-0.9971860932783214,0.002813906721678583,0.7004370800614229,-1,-1,0,1,1
20230523T145755.A_Curius.B_SM.SCP_01,96,A3,-0.24588061500321565,-0.9420657355334986,-0.6961851205302829,0.30265099640267074,-1,-1,0,1,1
20230523T145755.A_Curius.B_SM.SCP_01,97,A4,0.13760829920041534,-0.23799519860212895,-0.3756034978025443,0.08127349263666539,1,-1,1,1,1
20230523T145755.A_Curius.B_SM.SCP_01,98,A4,0.9128921397897009,1.0,0.08710786021029915,-0.13474180455416424,1,1,0,0,0
20230523T145755.A_Curius.B_SM.SCP_01,99,A4,0.13584056935449262,0.9065105096533309,0.7706699402988383,0.31522655412910616,1,1,0,0,0
20230523T145755.A_Curius.B_SM.SCP_01,100,A4,0.3374722006110325,-0.414807256495354,-0.7522794571063864,-0.14273897012662828,1,-1,1,0,0
20230523T145755.A_Curius.B_SM.SCP_01,102,A4,-0.006971993993401816,-1.0,-0.9930280060065981,-0.13340021913187375,-1,-1,0,0,0
20230523T145755.A_Curius.B_SM.SCP_01,103,A4,1.0,0.822048190909016,-0.17795180909098396,0.10968655061370915,1,1,0,0,0
20230523T145755.A_Curius.B_SM.SCP_01,104,A4,-0.0545971825880492,-0.014519485581104469,0.04007769700694473,-0.111861703357137,-1,-1,0,0,0
20230523T145755.A_Curius.B_SM.SCP_01,105,A4,0.12243097526309787,0.014977270217505159,-0.10745370504559272,0.5595088335347939,1,1,0,1,1
20230523T145755.A_Curius.B_SM.SCP_01,106,A4,0.27182206456003677,0.2987037465579169,0.026881681997880158,0.032880220844766765,1,1,0,0,0
20230523T145755.A_Curius.B_SM.SCP_01,107,A4,0.8598788783434522,0.13897689677689992,-0.7209019815665523,-0.16665650639104895,1,1,0,0,0
20230523T145755.A_Curius.B_SM.SCP_01,108,A4,1.0,-0.2865286901219106,-1.2865286901219106,-0.16955317653731453,1,-1,1,0,0
20230523T145755.A_Curius.B_SM.SCP_01,109,A4,-0.23041782092247645,-0.6710810686888916,-0.4406632477664152,-0.09616160815528382,-1,-1,0,0,0
20230523T145755.A_Curius.B_SM.SCP_01,111,A4,0.684136670771249,1.0,0.31586332922875104,-0.0835433811756314,1,1,0,0,0
20230523T145755.A_Curius.B_SM.SCP_01,112,A4,-0.22243299097893451,0.19974627582731075,0.4221792668062453,0.0688386865790974,-1,1,1,0,0
20230523T145755.A_Curius.B_SM.SCP_01,113,A4,-0.38350382873445443,0.007505589679603211,0.3910094184140576,0.034287268550233424,-1,1,1,0,0
20230523T145755.A_Curius.B_SM.SCP_01,114,A4,-0.042791534137979224,-0.1097643557754568,-0.06697282163747759,0.12510786377292443,-1,-1,0,0,0
20230523T145755.A_Curius.B_SM.SCP_01,115,A4,-0.08630647472479257,-0.19713965121853727,-0.1108331764937447,-0.03316799348329931,-1,-1,0,0,0
20230523T145755.A_Curius.B_SM.SCP_01,116,A4,0.022054916130471565,0.01801320055459017,-0.004041715575881396,-0.3146023103758748,1,1,0,0,0
20230523T145755.A_Curius.B_SM.SCP_01,117,A4,0.5410282577372139,1.0,0.45897174226278614,-0.03695163275540843,1,1,0,0,0
20230523T145755.A_Curius.B_SM.SCP_01,118,A4,0.029854864762826044,-0.014793313709224256,-0.0446481784720503,0.03638317035160696,1,-1,1,0,0
20230523T145755.A_Curius.B_SM.SCP_01,119,A4,0.10056015563980132,-0.30217865291968943,-0.40273880855949074,0.041700154523228755,1,-1,1,0,0
20230523T145755.A_Curius.B_SM.SCP_01,121,A4,-0.2881818164836855,-0.14427318848568468,0.14390862799800083,0.7089665520490227,-1,-1,0,1,1
20230523T145755.A_Curius.B_SM.SCP_01,122,A4,-0.523038785943313,-0.9048525349944359,-0.38181374905112286,0.8112431561774504,-1,-1,0,1,1
20230523T145755.A_Curius.B_SM.SCP_01,123,A4,0.7282936945992354,-0.2506060032617984,-0.9788996978610338,-0.040323511415745444,1,-1,1,0,0
20230523T145755.A_Curius.B_SM.SCP_01,124,A4,-0.8801681598371435,0.7908213026903035,1.670989462527447,0.12984561045693585,-1,1,1,0,0
20230523T145755.A_Curius.B_SM.SCP_01,125,A4,1.0,-1.0,-2.0,-0.15529101891657537,1,-1,1,0,0
20230523T145755.A_Curius.B_SM.SCP_01,126,A4,0.3870931579573778,1.0,0.6129068420426222,0.22636682778765524,1,1,0,0,0
20230523T145755.A_Curius.B_SM.SCP_01,127,A4,-0.06364843769690035,-0.5364525812105136,-0.47280414351361333,-0.20498654897923652,-1,-1,0,0,0
20230523T145755.A_Curius.B_SM.SCP_01,128,A4,-0.9051444410068442,-1.0,-0.09485555899315579,0.18033430774992676,-1,-1,0,0,0
20230523T145755.A_Curius.B_SM.SCP_01,129,A5,-1.0,-1.0,0.0,0.31295667806811345,-1,-1,0,1,1
20230523T145755.A_Curius.B_SM.SCP_01,130,A5,0.30659310914033416,-0.7873037246162664,-1.0938968337566006,0.3650556610616691,1,-1,1,1,1
20230523T145755.A_Curius.B_SM.SCP_01,131,A5,-0.5878077810148702,0.038820800600221805,0.626628581615092,-0.18103918328146035,-1,1,1,0,0
20230523T145755.A_Curius.B_SM.SCP_01,132,A5,0.024862992003984747,-0.06567677554537057,-0.09053976754935532,0.40905709433428816,1,-1,1,0,0
20230523T145755.A_Curius.B_SM.SCP_01,133,A5,-1.0,-1.0,0.0,-0.14793060434551933,-1,-1,0,1,1
20230523T145755.A_Curius.B_SM.SCP_01,134,A5,-0.28351159123865355,0.35341832980057397,0.6369299210392275,0.6490844242473582,-1,1,1,1,1
20230523T145755.A_Curius.B_SM.SCP_01,135,A5,-1.0,-0.2783556117263238,0.7216443882736763,0.03068732954297812,-1,-1,0,1,1
20230523T145755.A_Curius.B_SM.SCP_01,136,A5,1.0,-1.0,-2.0,0.24367637621511176,1,-1,1,1,1
20230523T145755.A_Curius.B_SM.SCP_01,137,A5,-0.6027525791157852,-0.44665545745562135,0.15609712166016382,0.30054072937716014,-1,-1,0,1,1
20230523T145755.A_Curius.B_SM.SCP_01,138,A5,0.40918938284089484,-0.4338918859549502,-0.8430812687958451,0.6235016556480139,1,-1,1,1,1
20230523T145755.A_Curius.B_SM.SCP_01,142,A5,-0.3836669253300847,-0.6457611196802993,-0.2620941943502146,0.13676026873059577,-1,-1,0,1,1
20230523T145755.A_Curius.B_SM.SCP_01,143,A5,1.0,-1.0,-2.0,0.2123343082076683,1,-1,1,0,0
20230523T145755.A_Curius.B_SM.SCP_01,144,A5,-0.052395056268680906,-1.0,-0.9476049437313191,0.23549357991362216,-1,-1,0,0,0
20230523T145755.A_Curius.B_SM.SCP_01,145,A5,-0.28850988845147146,-0.6974262449155292,-0.4089163564640577,-0.1919164367013056,-1,-1,0,1,1
20230523T145755.A_Curius.B_SM.SCP_01,146,A5,-0.038991099822219454,-0.3069902019007655,-0.26799910207854605,0.9250516513288258,-1,-1,0,1,1
20230523T145755.A_Curius.B_SM.SCP_01,147,A5,-0.05522039148910325,-0.3005527048015932,-0.24533231331248995,0.330190565557807,-1,-1,0,1,1
20230523T145755.A_Curius.B_SM.SCP_01,148,A5,0.9672366161064875,0.7840920290055334,-0.18314458710095405,0.5844330878528113,1,1,0,1,1
20230523T145755.A_Curius.B_SM.SCP_01,149,A5,-0.085452816890758,-0.03673979332502638,0.048713023565731615,0.021207718963534385,-1,-1,0,1,1
20230523T145755.A_Curius.B_SM.SCP_01,150,A5,-0.40024206852553124,1.0,1.4002420685255312,-0.08204480010156535,-1,1,1,1,1
20230523T145755.A_Curius.B_SM.SCP_01,151,A5,-0.09215558842906421,-0.05902333513340931,0.033132253295654904,0.016542351334233655,-1,-1,0,0,0
20230523T145755.A_Curius.B_SM.SCP_01,152,A5,-0.07916487684900123,0.03842479465325904,0.11758967150226027,0.20279351536139276,-1,1,1,0,0
20230523T145755.A_Curius.B_SM.SCP_01,153,A5,0.8356012696536989,0.009628357197172196,-0.8259729124565267,0.5533465242978929,1,1,0,1,1
20230523T145755.A_Curius.B_SM.SCP_01,155,A5,-0.016411470415495236,-0.15311383301304843,-0.1367023625975532,0.08253659178987524,-1,-1,0,0,0
20230523T145755.A_Curius.B_SM.SCP_01,157,A5,-1.0,-0.37891995826897074,0.6210800417310293,0.14950399122862698,-1,-1,0,0,0
20230523T145755.A_Curius.B_SM.SCP_01,158,A5,-0.06654637904722722,0.009139135668156776,0.075685514715384,0.24382762874392439,-1,1,1,0,0
20230523T145755.A_Curius.B_SM.SCP_01,159,A5,-0.01149939855459613,-0.05927723108960962,-0.047777832535013484,0.23904407710165085,-1,-1,0,0,0
20230523T145755.A_Curius.B_SM.SCP_01,160,A5,-0.23999816887571343,0.2864150941895944,0.5264132630653078,0.2783796685690408,-1,1,1,0,0
20230525T103049.A_Curius.B_SM.SCP_01,1,A1,0.7769542619631622,-0.9799755755691771,-1.7569298375323394,-0.06115823312137624,1,-1,1,1,0
20230525T103049.A_Curius.B_SM.SCP_01,3,A1,0.22597276983032433,-0.20856166328820971,-0.434534433118534,0.27617954085580776,1,-1,1,1,1
20230525T103049.A_Curius.B_SM.SCP_01,4,A1,0.28403316108496846,-0.15410532315470601,-0.4381384842396745,0.2787766633317649,1,-1,1,1,1
20230525T103049.A_Curius.B_SM.SCP_01,5,A1,1.0,0.18336057962113292,-0.816639420378867,-0.15870617544806748,1,1,0,0,0
20230525T103049.A_Curius.B_SM.SCP_01,6,A1,-0.42184206884921577,-0.2875504069767058,0.13429166187250996,0.12802906914333576,-1,-1,0,1,0
20230525T103049.A_Curius.B_SM.SCP_01,7,A1,-1.0,-0.08325270789511911,0.9167472921048809,0.05603880564974856,-1,-1,0,1,0
20230525T103049.A_Curius.B_SM.SCP_01,8,A1,0.9285492656795812,1.0,0.07145073432041882,-0.04586913001938272,1,1,0,0,0
20230525T103049.A_Curius.B_SM.SCP_01,9,A1,0.6144706825951255,-0.1721612823003177,-0.7866319648954432,0.3502785477534528,1,-1,1,1,1
20230525T103049.A_Curius.B_SM.SCP_01,10,A1,0.31153404342830004,-0.21481121788033447,-0.5263452613086346,-0.007639809217712971,1,-1,1,1,1
20230525T103049.A_Curius.B_SM.SCP_01,11,A1,0.33439830452131036,0.12965841813829723,-0.20473988638301313,0.40277288759139557,1,1,0,1,1
20230525T103049.A_Curius.B_SM.SCP_01,12,A1,0.19412141393623744,-0.04029618813256811,-0.23441760206880555,-0.2144440701073954,1,-1,1,1,1
20230525T103049.A_Curius.B_SM.SCP_01,13,A1,0.34689164456402266,-0.05754135433079321,-0.4044329988948159,0.07713006419993391,1,-1,1,1,1
20230525T103049.A_Curius.B_SM.SCP_01,14,A1,1.0,0.2168199834384125,-0.7831800165615875,0.45407185259117055,1,1,0,1,0
20230525T103049.A_Curius.B_SM.SCP_01,15,A1,0.5657952528467453,-0.30341136788812156,-0.8692066207348668,0.03337342455372558,1,-1,1,1,1
20230525T103049.A_Curius.B_SM.SCP_01,16,A1,0.2861955411313469,0.40336684989162075,0.11717130876027387,0.6027743204018138,1,1,0,1,1
20230525T103049.A_Curius.B_SM.SCP_01,17,A1,0.05539300737486561,-0.11928443062433314,-0.17467743799919874,0.39823391823005627,1,-1,1,1,1
20230525T103049.A_Curius.B_SM.SCP_01,18,A1,-0.5915727905226131,1.0,1.5915727905226131,0.1765588104065448,-1,1,1,1,1
20230525T103049.A_Curius.B_SM.SCP_01,19,A1,0.19439330739833338,0.08855175606869375,-0.10584155132963963,0.28338735766031803,1,1,0,1,1
20230525T103049.A_Curius.B_SM.SCP_01,20,A1,-0.06026767998584542,-0.47693297202765317,-0.41666529204180774,0.6171473525631049,-1,-1,0,1,1
20230525T103049.A_Curius.B_SM.SCP_01,21,A1,-0.04499442033603854,-0.009282857369080081,0.03571156296695846,0.06978554758149816,-1,-1,0,1,1
20230525T103049.A_Curius.B_SM.SCP_01,22,A1,0.4994884928416858,-0.3432409670401119,-0.8427294598817977,-0.03391296349203944,1,-1,1,1,1
20230525T103049.A_Curius.B_SM.SCP_01,23,A1,0.25530494535857223,-0.38452486392085367,-0.6398298092794259,-0.12200662491248292,1,-1,1,1,1
20230525T103049.A_Curius.B_SM.SCP_01,24,A1,0.2642021170434961,-0.16638641938234391,-0.43058853642584005,0.0136808309566809,1,-1,1,1,1
20230525T103049.A_Curius.B_SM.SCP_01,25,A1,1.0,-0.14250871379558222,-1.1425087137955823,0.15137182440186597,1,-1,1,1,1
20230525T103049.A_Curius.B_SM.SCP_01,26,A1,-0.0973498566111835,-0.16300040708948904,-0.06565055047830554,-0.40016852205291015,-1,-1,0,1,1
20230525T103049.A_Curius.B_SM.SCP_01,27,A1,0.29741935380959256,-0.6051142816793477,-0.9025336354889402,0.21652775443585284,1,-1,1,1,1
20230525T103049.A_Curius.B_SM.SCP_01,28,A1,0.16422084894515887,0.05304902471191772,-0.11117182423324115,0.25822655033714575,1,1,0,1,1
20230525T103049.A_Curius.B_SM.SCP_01,29,A1,0.27719422304444663,-0.07725484927265888,-0.35444907231710554,0.07838808123413792,1,-1,1,1,1
20230525T103049.A_Curius.B_SM.SCP_01,30,A1,1.0,1.0,0.0,0.1815197847744523,1,1,0,1,1
20230525T103049.A_Curius.B_SM.SCP_01,31,A1,0.11690835771988121,-0.21247329225292141,-0.3293816499728026,0.3634718214741287,1,-1,1,1,1
20230525T103049.A_Curius.B_SM.SCP_01,32,A1,0.41769104404987434,0.1307244258952622,-0.2869666181546121,-0.16494722806285514,1,1,0,1,1
20230525T103049.A_Curius.B_SM.SCP_01,33,A2,0.15863677586219027,0.8973999879158694,0.7387632120536791,-0.17529304118422875,1,1,0,0,0
20230525T103049.A_Curius.B_SM.SCP_01,35,A2,0.5256398834302096,-0.6488978257833623,-1.1745377092135718,0.025878378155150362,1,-1,1,0,0
20230525T103049.A_Curius.B_SM.SCP_01,36,A2,-1.0,0.2256334271987521,1.2256334271987521,0.20810619606237818,-1,1,1,1,1
20230525T103049.A_Curius.B_SM.SCP_01,37,A2,0.41785095287595464,0.19894921422358453,-0.21890173865237011,0.060270858323869955,1,1,0,0,0
20230525T103049.A_Curius.B_SM.SCP_01,38,A2,0.24137279906678188,1.0,0.7586272009332181,0.7523308629878844,1,1,0,1,1
20230525T103049.A_Curius.B_SM.SCP_01,39,A2,0.21033430870309214,-1.0,-1.2103343087030922,0.29421669175602394,1,-1,1,1,0
20230525T103049.A_Curius.B_SM.SCP_01,40,A2,-0.5364794551073313,0.6696555432276259,1.2061349983349572,0.16653316716419567,-1,1,1,0,0
20230525T103049.A_Curius.B_SM.SCP_01,41,A2,1.0,1.0,0.0,0.19560151181032578,1,1,0,1,1
20230525T103049.A_Curius.B_SM.SCP_01,42,A2,0.7384576792832525,1.0,0.26154232071674755,-0.007357238544628083,1,1,0,0,0
20230525T103049.A_Curius.B_SM.SCP_01,43,A2,1.0,0.3375204880432161,-0.6624795119567839,-0.1675382361719773,1,1,0,1,1
20230525T103049.A_Curius.B_SM.SCP_01,44,A2,-0.08708028102368244,1.0,1.0870802810236824,0.13186310557831107,-1,1,1,0,1
20230525T103049.A_Curius.B_SM.SCP_01,45,A2,0.316007681770957,-1.0,-1.316007681770957,0.23782972783576273,1,-1,1,1,1
20230525T103049.A_Curius.B_SM.SCP_01,46,A2,0.32052947348062477,-0.17943917472830775,-0.4999686482089325,0.06473729720956456,1,-1,1,1,1
20230525T103049.A_Curius.B_SM.SCP_01,47,A2,-1.0,0.6611660190837141,1.661166019083714,0.1690412936168598,-1,1,1,1,1
20230525T103049.A_Curius.B_SM.SCP_01,48,A2,-0.0940753833272704,1.0,1.0940753833272705,0.40703062833495646,-1,1,1,1,1
20230525T103049.A_Curius.B_SM.SCP_01,49,A2,0.5750384808890371,0.14662172215910999,-0.4284167587299271,-0.033884750067397024,1,1,0,0,0
20230525T103049.A_Curius.B_SM.SCP_01,50,A2,0.41822128390399516,0.36380064500643655,-0.054420638897558604,0.17541559510709911,1,1,0,0,0
20230525T103049.A_Curius.B_SM.SCP_01,51,A2,-0.2260002725795261,-1.0,-0.773999727420474,-0.385002467420603,-1,-1,0,0,0
20230525T103049.A_Curius.B_SM.SCP_01,52,A2,0.22344683448199312,1.0,0.7765531655180069,0.368438434462444,1,1,0,0,1
20230525T103049.A_Curius.B_SM.SCP_01,53,A2,1.0,-0.5728384864828313,-1.5728384864828313,-0.027302658753682055,1,-1,1,1,0
20230525T103049.A_Curius.B_SM.SCP_01,54,A2,1.0,-0.1567285848354995,-1.1567285848354996,0.08901122702206439,1,-1,1,1,1
20230525T103049.A_Curius.B_SM.SCP_01,55,A2,1.0,-0.3409320836225261,-1.340932083622526,-0.2645911458910071,1,-1,1,1,1
20230525T103049.A_Curius.B_SM.SCP_01,56,A2,0.5641865266519257,-1.0,-1.5641865266519257,0.319139447395513,1,-1,1,1,1
20230525T103049.A_Curius.B_SM.SCP_01,57,A2,-0.22071724838318393,-0.0048218994955873135,0.21589534888759662,-0.23378583034415573,-1,-1,0,0,0
20230525T103049.A_Curius.B_SM.SCP_01,58,A2,-1.0,1.0,2.0,-0.1367576813291292,-1,1,1,0,0
20230525T103049.A_Curius.B_SM.SCP_01,59,A2,0.48427097069545333,1.0,0.5157290293045467,0.2841791070971304,1,1,0,1,1
20230525T103049.A_Curius.B_SM.SCP_01,60,A2,1.0,0.044928338582451384,-0.9550716614175486,0.03089424016885981,1,1,0,1,1
20230525T103049.A_Curius.B_SM.SCP_01,61,A2,0.34734613896016625,0.11283417259909903,-0.23451196636106722,0.6520274109804602,1,1,0,1,1
20230525T103049.A_Curius.B_SM.SCP_01,62,A2,1.0,-0.19362830632185665,-1.1936283063218567,0.19701691821188605,1,-1,1,1,1
20230525T103049.A_Curius.B_SM.SCP_01,63,A2,0.44318941414843765,-0.06968146771743847,-0.5128708818658761,-0.024843016725422433,1,-1,1,1,1
20230525T103049.A_Curius.B_SM.SCP_01,64,A2,-0.3185200130587107,-1.0,-0.6814799869412893,0.4129440968048243,-1,-1,0,1,1
20230525T103049.A_Curius.B_SM.SCP_01,65,A3,1.0,-0.10657538292618741,-1.1065753829261875,0.0719574764470532,1,-1,1,1,0
20230525T103049.A_Curius.B_SM.SCP_01,66,A3,-0.10689669289931641,0.057516952414973385,0.1644136453142898,0.31414649923277654,-1,1,1,0,0
20230525T103049.A_Curius.B_SM.SCP_01,67,A3,1.0,0.45957222080388876,-0.5404277791961112,0.31684757310134487,1,1,0,1,1
20230525T103049.A_Curius.B_SM.SCP_01,68,A3,0.7230415514310933,-0.07720507640269939,-0.8002466278337926,0.33916690299216934,1,-1,1,1,1
20230525T103049.A_Curius.B_SM.SCP_01,69,A3,0.22685568999161715,-0.1942344267984354,-0.42109011679005254,0.6076861415301884,1,-1,1,1,1
20230525T103049.A_Curius.B_SM.SCP_01,70,A3,0.25575659707321013,0.12458841681841713,-0.131168180254793,0.45634667389417677,1,1,0,1,1
20230525T103049.A_Curius.B_SM.SCP_01,71,A3,0.8720749541785212,-1.0,-1.872074954178521,0.7109390228383791,1,-1,1,1,1
20230525T103049.A_Curius.B_SM.SCP_01,72,A3,-0.12104839791422596,-0.05305827285365198,0.06799012506057397,-0.00740144505316143,-1,-1,0,0,0
20230525T103049.A_Curius.B_SM.SCP_01,75,A3,0.03528111662915053,0.10300170289808493,0.0677205862689344,0.1720982200899493,1,1,0,0,1
20230525T103049.A_Curius.B_SM.SCP_01,76,A3,0.3886296197431794,-0.22628682369537842,-0.6149164434385578,0.6531730842593567,1,-1,1,1,1
20230525T103049.A_Curius.B_SM.SCP_01,77,A3,0.5738122385277431,-1.0,-1.573812238527743,0.48234420530487165,1,-1,1,1,1
20230525T103049.A_Curius.B_SM.SCP_01,78,A3,-0.44136188255820774,-0.23243245627116438,0.20892942628704336,0.40363735445406335,-1,-1,0,1,1
20230525T103049.A_Curius.B_SM.SCP_01,79,A3,0.31231101437173286,-0.29290711648325984,-0.6052181308549927,0.01736477149767757,1,-1,1,1,1
20230525T103049.A_Curius.B_SM.SCP_01,80,A3,0.5300197645770611,0.02245879535929468,-0.5075609692177665,0.03575570187769165,1,1,0,1,1
20230525T103049.A_Curius.B_SM.SCP_01,81,A3,0.5059314409534145,0.5150782410725763,0.009146800119161802,0.35176303458457364,1,1,0,1,1
20230525T103049.A_Curius.B_SM.SCP_01,82,A3,0.9533895953043007,1.0,0.046610404695699326,0.36225300127368554,1,1,0,1,1
20230525T103049.A_Curius.B_SM.SCP_01,83,A3,0.24688802992689352,-0.05250898885059765,-0.29939701877749114,-0.16699930080156705,1,-1,1,0,0
20230525T103049.A_Curius.B_SM.SCP_01,84,A3,-1.0,-0.5236880170355763,0.4763119829644237,0.25620122046164845,-1,-1,0,1,1
20230525T103049.A_Curius.B_SM.SCP_01,85,A3,1.0,1.0,0.0,0.6317574417421545,1,1,0,1,1
20230525T103049.A_Curius.B_SM.SCP_01,87,A3,1.0,0.7455889010196106,-0.2544110989803894,0.28842925045221707,1,1,0,1,1
20230525T103049.A_Curius.B_SM.SCP_01,88,A3,0.6649168441448264,0.8544162945790974,0.18949945043427097,0.020071981540472555,1,1,0,0,0
20230525T103049.A_Curius.B_SM.SCP_01,89,A3,0.5307036622427875,-1.0,-1.5307036622427876,0.4178598545738444,1,-1,1,0,0
20230525T103049.A_Curius.B_SM.SCP_01,90,A3,0.012696392678809044,0.47204489259680105,0.459348499917992,0.30436500763955837,1,1,0,0,1
20230525T103049.A_Curius.B_SM.SCP_01,91,A3,0.0421434133597046,0.5940915326330777,0.5519481192733731,0.11797610405880554,1,1,0,0,1
20230525T103049.A_Curius.B_SM.SCP_01,93,A3,1.0,-1.0,-2.0,0.5476602910861645,1,-1,1,1,1
20230525T103049.A_Curius.B_SM.SCP_01,94,A3,0.42094270166021,-1.0,-1.42094270166021,0.19218622797163792,1,-1,1,1,1
20230525T103049.A_Curius.B_SM.SCP_01,95,A3,-1.0,-1.0,0.0,0.5588203716175021,-1,-1,0,1,1
20230525T103049.A_Curius.B_SM.SCP_01,96,A3,0.4417584452516688,-0.5621554319920045,-1.0039138772436733,0.4406129248016412,1,-1,1,0,0
20230525T103049.A_Curius.B_SM.SCP_01,97,A4,-0.7238084535141841,0.012594064343290034,0.7364025178574741,-0.08387603886271973,-1,1,1,1,0
20230525T103049.A_Curius.B_SM.SCP_01,98,A4,0.24133415360351693,-1.0,-1.241334153603517,-0.07344402418062299,1,-1,1,0,0
20230525T103049.A_Curius.B_SM.SCP_01,99,A4,1.0,-0.056103839699626686,-1.0561038396996267,0.0798361134038303,1,-1,1,0,0
20230525T103049.A_Curius.B_SM.SCP_01,100,A4,-0.2394887900835236,-0.14160351989209732,0.09788527019142629,-0.13149449395355012,-1,-1,0,0,0
20230525T103049.A_Curius.B_SM.SCP_01,102,A4,-1.0,-1.0,0.0,0.21986586186081897,-1,-1,0,0,0
20230525T103049.A_Curius.B_SM.SCP_01,103,A4,0.36087779582538976,0.49148798821163664,0.13061019238624688,0.061512406464593945,1,1,0,0,0
20230525T103049.A_Curius.B_SM.SCP_01,104,A4,-0.3110826895551594,0.09973016749054665,0.410812857045706,0.12731463904964635,-1,1,1,0,0
20230525T103049.A_Curius.B_SM.SCP_01,106,A4,-1.0,-1.0,0.0,-0.049609368709662004,-1,-1,0,0,0
20230525T103049.A_Curius.B_SM.SCP_01,107,A4,-0.8748017682921244,0.2909550811285194,1.1657568494206438,0.044260047408707995,-1,1,1,0,0
20230525T103049.A_Curius.B_SM.SCP_01,108,A4,1.0,0.5177762103505338,-0.4822237896494662,0.050344645774141696,1,1,0,0,0
20230525T103049.A_Curius.B_SM.SCP_01,109,A4,-0.4649731874821932,0.20049275964309432,0.6654659471252875,-0.23628796699503407,-1,1,1,0,0
20230525T103049.A_Curius.B_SM.SCP_01,110,A4,-1.0,-1.0,0.0,-0.04440351314936427,-1,-1,0,0,0
20230525T103049.A_Curius.B_SM.SCP_01,111,A4,-0.8213992577109808,1.0,1.8213992577109808,-0.07936920904000128,-1,1,1,0,0
20230525T103049.A_Curius.B_SM.SCP_01,112,A4,-0.5256147312178951,-0.022649453370919705,0.5029652778469754,-0.1839298898798639,-1,-1,0,0,0
20230525T103049.A_Curius.B_SM.SCP_01,114,A4,0.37319841921929114,-0.009581099311865647,-0.38277951853115677,0.06241012291754024,1,-1,1,0,0
20230525T103049.A_Curius.B_SM.SCP_01,115,A4,-0.13836079872749152,0.2327419816448267,0.37110278037231825,0.1568084704254539,-1,1,1,0,0
20230525T103049.A_Curius.B_SM.SCP_01,116,A4,-0.6911723367479204,1.0,1.6911723367479206,0.2622083984773913,-1,1,1,0,0
20230525T103049.A_Curius.B_SM.SCP_01,117,A4,0.1715199513991358,0.6661594151235762,0.49463946372444045,0.12179160534873001,1,1,0,0,0
20230525T103049.A_Curius.B_SM.SCP_01,118,A4,-0.20869854586079084,-0.036069298944614255,0.1726292469161766,0.0673313761247753,-1,-1,0,0,0
20230525T103049.A_Curius.B_SM.SCP_01,119,A4,-1.0,-1.0,0.0,0.12806061693806345,-1,-1,0,0,0
20230525T103049.A_Curius.B_SM.SCP_01,120,A4,0.5581139489215765,-0.7196038523694822,-1.2777178012910588,-0.2377343171278555,1,-1,1,0,0
20230525T103049.A_Curius.B_SM.SCP_01,121,A4,-0.4734131350069103,-0.8974925425028843,-0.42407940749597406,0.2808110748285184,-1,-1,0,1,1
20230525T103049.A_Curius.B_SM.SCP_01,122,A4,-0.5303200294780664,-0.5933322332972923,-0.0630122038192259,0.5778581184064682,-1,-1,0,1,1
20230525T103049.A_Curius.B_SM.SCP_01,123,A4,1.0,1.0,0.0,-0.2464170112006619,1,1,0,0,0
20230525T103049.A_Curius.B_SM.SCP_01,125,A4,1.0,-1.0,-2.0,-0.048506315540198956,1,-1,1,0,1
20230525T103049.A_Curius.B_SM.SCP_01,126,A4,-0.13917775969013368,0.4752725766091485,0.6144503362992821,0.05630270814211609,-1,1,1,0,0
20230525T103049.A_Curius.B_SM.SCP_01,127,A4,0.37493546767094726,-0.08534571600879916,-0.4602811836797464,-0.32060355436459026,1,-1,1,0,0
20230525T103049.A_Curius.B_SM.SCP_01,128,A4,0.1116317258958841,-0.021906526602536964,-0.13353825249842108,0.324878678524904,1,-1,1,0,0
20230525T103049.A_Curius.B_SM.SCP_01,129,A5,-0.5667865581565052,0.18268629287487206,0.7494728510313773,-0.171215763331471,-1,1,1,1,0
20230525T103049.A_Curius.B_SM.SCP_01,130,A5,0.2793742763308964,-0.06644553851472325,-0.34581981484561963,0.4074676245502202,1,-1,1,1,1
20230525T103049.A_Curius.B_SM.SCP_01,132,A5,-1.0,-0.42308913728725767,0.5769108627127424,0.03568661864612348,-1,-1,0,0,0
20230525T103049.A_Curius.B_SM.SCP_01,133,A5,-0.419743813485237,0.02340491472122295,0.44314872820645995,0.23194737469336507,-1,1,1,0,0
20230525T103049.A_Curius.B_SM.SCP_01,134,A5,-0.2529372754778891,-0.030361138463041764,0.22257613701484733,0.46454571710432074,-1,-1,0,1,1
20230525T103049.A_Curius.B_SM.SCP_01,135,A5,0.7020442992093637,-0.08996089791097445,-0.7920051971203381,0.05787582439172098,1,-1,1,1,1
20230525T103049.A_Curius.B_SM.SCP_01,136,A5,0.15459397891817395,-0.08942306667882685,-0.2440170455970008,0.19220270666980943,1,-1,1,1,0
20230525T103049.A_Curius.B_SM.SCP_01,137,A5,-0.3125592898696294,-0.4400036569066794,-0.12744436703705003,0.2755629346684872,-1,-1,0,1,1
20230525T103049.A_Curius.B_SM.SCP_01,138,A5,0.3592177043455434,-0.24593432002386223,-0.6051520243694056,0.37576425754161386,1,-1,1,1,1
20230525T103049.A_Curius.B_SM.SCP_01,140,A5,0.1450834203757927,-0.07147538509948795,-0.21655880547528064,-0.02683724115883234,1,-1,1,1,0
20230525T103049.A_Curius.B_SM.SCP_01,142,A5,-0.1014121330359294,-1.0,-0.8985878669640706,0.5372377013018603,-1,-1,0,1,1
20230525T103049.A_Curius.B_SM.SCP_01,143,A5,-0.24079344865491126,-0.3646006847751453,-0.12380723612023403,-0.3425679571737826,-1,-1,0,0,0
20230525T103049.A_Curius.B_SM.SCP_01,144,A5,-0.9393737832256165,-0.02987964982996982,0.9094941333956467,-0.19344033655765885,-1,-1,0,0,0
20230525T103049.A_Curius.B_SM.SCP_01,145,A5,0.23720626939148706,-0.5877514654537059,-0.824957734845193,0.05285601528203315,1,-1,1,1,1
20230525T103049.A_Curius.B_SM.SCP_01,146,A5,0.2587203555455653,-0.15343679536200422,-0.4121571509075695,0.4752969643818951,1,-1,1,1,1
20230525T103049.A_Curius.B_SM.SCP_01,147,A5,0.18778267792918948,0.4202176819004234,0.23243500397123393,0.43337107287614446,1,1,0,1,1
20230525T103049.A_Curius.B_SM.SCP_01,148,A5,0.6597836958066025,0.7657045612595733,0.10592086545297086,0.5002008440217811,1,1,0,1,1
20230525T103049.A_Curius.B_SM.SCP_01,149,A5,0.31891857800860746,-0.17028927322010856,-0.489207851228716,0.028674881816914074,1,-1,1,1,0
20230525T103049.A_Curius.B_SM.SCP_01,150,A5,0.2819320888172093,-0.001370459370430357,-0.28330254818763967,-0.07136286545565003,1,-1,1,1,0
20230525T103049.A_Curius.B_SM.SCP_01,151,A5,0.11271313085551041,-0.18817595458164144,-0.30088908543715187,-0.09006379668852893,1,-1,1,0,0
20230525T103049.A_Curius.B_SM.SCP_01,152,A5,0.4508022293188415,0.2709854910463778,-0.1798167382724637,-0.19908066189068413,1,1,0,0,0
20230525T103049.A_Curius.B_SM.SCP_01,153,A5,0.27063126388783587,-0.07147156875817831,-0.34210283264601415,0.38287248738955115,1,-1,1,1,1
20230525T103049.A_Curius.B_SM.SCP_01,155,A5,-0.3846407659999025,0.28193901347889794,0.6665797794788004,0.06819162591767083,-1,1,1,0,0
20230525T103049.A_Curius.B_SM.SCP_01,156,A5,-0.5127178666858371,-0.03923948485019676,0.47347838183564034,0.1011615230497044,-1,-1,0,0,0
20230525T103049.A_Curius.B_SM.SCP_01,157,A5,0.21064387684680974,-1.0,-1.2106438768468097,0.03734540893046632,1,-1,1,0,0
20230525T103049.A_Curius.B_SM.SCP_01,158,A5,-0.3605456167295854,-0.6836081336292974,-0.323062516899712,0.023238227714276527,-1,-1,0,0,0
20230525T103049.A_Curius.B_SM.SCP_01,159,A5,-0.5875507087884904,0.14516824505524933,0.7327189538437398,0.06951669136010116,-1,1,1,0,0
20230525T103049.A_Curius.B_SM.SCP_01,160,A5,1.0,-1.0,-2.0,-0.1123666739844403,1,-1,1,0,1
20230622T111856.A_Curius.B_SM.SCP_01,1,A1,-0.3268297667958042,-0.023748641038705134,0.3030811257570991,-0.25700905557513276,-1,-1,0,1,1
20230622T111856.A_Curius.B_SM.SCP_01,2,A1,0.0170052548212216,0.07748097071295189,0.060475715891730286,0.15318585656500056,1,1,0,0,0
20230622T111856.A_Curius.B_SM.SCP_01,3,A1,-0.009150805221123048,0.0016072531570273444,0.010758058378150392,-0.15912789566263044,-1,1,1,1,0
20230622T111856.A_Curius.B_SM.SCP_01,4,A1,0.2942449659001877,-0.12934351728184704,-0.4235884831820348,0.023644189388247226,1,-1,1,1,1
20230622T111856.A_Curius.B_SM.SCP_01,6,A1,0.9114060387065321,-0.3513112923099315,-1.2627173310164637,0.1038212238513139,1,-1,1,1,1
20230622T111856.A_Curius.B_SM.SCP_01,8,A1,-0.07342243932888545,-1.0,-0.9265775606711145,0.1434586918890564,-1,-1,0,1,1
20230622T111856.A_Curius.B_SM.SCP_01,9,A1,0.39987732410709803,-1.0,-1.399877324107098,0.518243610455054,1,-1,1,1,1
20230622T111856.A_Curius.B_SM.SCP_01,10,A1,0.3681133760118028,-0.07175979521811349,-0.43987317122991626,-0.19338120500906264,1,-1,1,1,1
20230622T111856.A_Curius.B_SM.SCP_01,11,A1,0.033013727183228134,-0.04671328789739362,-0.07972701508062174,0.19780659060700564,1,-1,1,1,1
20230622T111856.A_Curius.B_SM.SCP_01,12,A1,0.8699242439637218,-1.0,-1.8699242439637218,-0.06281060334806354,1,-1,1,1,1
20230622T111856.A_Curius.B_SM.SCP_01,13,A1,0.35133874330966114,-0.026270697576495847,-0.377609440886157,-0.07086017726963553,1,-1,1,1,1
20230622T111856.A_Curius.B_SM.SCP_01,14,A1,1.0,0.07217276888159727,-0.9278272311184027,0.19914508030955544,1,1,0,1,1
20230622T111856.A_Curius.B_SM.SCP_01,15,A1,0.4130702336276095,-0.28085555630681985,-0.6939257899344293,0.06216632542057346,1,-1,1,1,1
20230622T111856.A_Curius.B_SM.SCP_01,17,A1,0.8904558994252704,-0.26842133687634795,-1.1588772363016182,0.32638241245190586,1,-1,1,1,1
20230622T111856.A_Curius.B_SM.SCP_01,18,A1,0.5616901052048227,-1.0,-1.5616901052048227,0.14994882041814667,1,-1,1,1,1
20230622T111856.A_Curius.B_SM.SCP_01,19,A1,-0.4719209517313618,0.18549488512875167,0.6574158368601135,0.35978754545784886,-1,1,1,1,1
20230622T111856.A_Curius.B_SM.SCP_01,20,A1,0.052611925388560465,0.026497638224713585,-0.02611428716384688,0.30865288262868973,1,1,0,1,1
20230622T111856.A_Curius.B_SM.SCP_01,21,A1,0.34467792277449594,0.29339305292095386,-0.05128486985354208,0.18096096889531213,1,1,0,1,1
20230622T111856.A_Curius.B_SM.SCP_01,22,A1,-1.0,-0.28931260190018526,0.7106873980998147,0.8656487513959701,-1,-1,0,1,1
20230622T111856.A_Curius.B_SM.SCP_01,23,A1,0.19252593844928031,0.10267579436287422,-0.0898501440864061,0.6995079536477846,1,1,0,1,1
20230622T111856.A_Curius.B_SM.SCP_01,24,A1,1.0,-0.14281348091311538,-1.1428134809131154,-0.0015648538644980033,1,-1,1,1,1
20230622T111856.A_Curius.B_SM.SCP_01,25,A1,1.0,1.0,0.0,0.38357961653869266,1,1,0,1,1
20230622T111856.A_Curius.B_SM.SCP_01,26,A1,0.01508461665980641,0.059535621568771825,0.04445100490896542,0.15017706692800087,1,1,0,1,1
20230622T111856.A_Curius.B_SM.SCP_01,27,A1,-0.11805209693248889,-0.06383266226477623,0.05421943466771266,0.07795715998153908,-1,-1,0,1,1
20230622T111856.A_Curius.B_SM.SCP_01,28,A1,0.18947627022791227,0.3343819968401102,0.14490572661219794,0.4004990258759822,1,1,0,1,1
20230622T111856.A_Curius.B_SM.SCP_01,29,A1,0.9302895296452804,-0.5673674872779346,-1.497657016923215,-0.05981995455451613,1,-1,1,1,1
20230622T111856.A_Curius.B_SM.SCP_01,30,A1,1.0,1.0,0.0,0.09728521250945732,1,1,0,1,1
20230622T111856.A_Curius.B_SM.SCP_01,31,A1,0.16403956403181572,-0.3173966260753445,-0.4814361901071602,0.1541929789881217,1,-1,1,1,1
20230622T111856.A_Curius.B_SM.SCP_01,32,A1,0.5917979249982676,0.5971853523044794,0.005387427306211889,0.5736435533083164,1,1,0,1,1
20230622T111856.A_Curius.B_SM.SCP_01,33,A2,-0.07136927741033527,0.08391631853801007,0.15528559594834535,0.18794684083492108,-1,1,1,0,0
20230622T111856.A_Curius.B_SM.SCP_01,34,A2,0.012251866022357472,-0.0029007055315208156,-0.015152571553878287,0.07584922094436869,1,-1,1,0,0
20230622T111856.A_Curius.B_SM.SCP_01,35,A2,0.05095259035443174,0.057812378184056754,0.006859787829625014,-0.07450308824573877,1,1,0,0,0
20230622T111856.A_Curius.B_SM.SCP_01,36,A2,-1.0,1.0,2.0,-0.028665203768683513,-1,1,1,1,1
20230622T111856.A_Curius.B_SM.SCP_01,37,A2,-0.07590917829277895,0.061288294709387035,0.13719747300216598,0.10099738854955499,-1,1,1,0,0
20230622T111856.A_Curius.B_SM.SCP_01,39,A2,0.007056967673863756,-0.3586125561886539,-0.36566952386251766,0.3288338704856493,1,-1,1,1,1
20230622T111856.A_Curius.B_SM.SCP_01,40,A2,0.047108445518472375,0.027523794016834927,-0.01958465150163745,0.0962923446184906,1,1,0,0,0
20230622T111856.A_Curius.B_SM.SCP_01,41,A2,1.0,0.8052898628492666,-0.19471013715073338,0.39929288456312984,1,1,0,1,1
20230622T111856.A_Curius.B_SM.SCP_01,42,A2,1.0,-0.31575021854486207,-1.3157502185448622,0.07074570211739171,1,-1,1,0,0
20230622T111856.A_Curius.B_SM.SCP_01,43,A2,0.22868004427029548,0.07474153235277435,-0.15393851191752111,0.28008837724797253,1,1,0,1,1
20230622T111856.A_Curius.B_SM.SCP_01,44,A2,0.9583660404836494,0.11617596851198334,-0.8421900719716661,0.587189068585522,1,1,0,1,1
20230622T111856.A_Curius.B_SM.SCP_01,45,A2,0.07674577704375925,-1.0,-1.0767457770437592,0.11317727256134671,1,-1,1,0,1
20230622T111856.A_Curius.B_SM.SCP_01,46,A2,-0.223898543862809,0.17072772020265398,0.394626264065463,0.3206180959568977,-1,1,1,1,1
20230622T111856.A_Curius.B_SM.SCP_01,47,A2,-0.1849634075042539,1.0,1.1849634075042539,0.21862611461827944,-1,1,1,1,1
20230622T111856.A_Curius.B_SM.SCP_01,48,A2,0.056249670757492314,-0.006007489716804277,-0.062257160474296594,0.12227285320976314,1,-1,1,1,1
20230622T111856.A_Curius.B_SM.SCP_01,49,A2,0.03815725784733219,0.03610943531296145,-0.00204782253437074,-0.10410501513863668,1,1,0,0,0
20230622T111856.A_Curius.B_SM.SCP_01,50,A2,-0.03462821763439998,0.0018091672778059705,0.03643738491220595,-0.05330449746739995,-1,1,1,0,0
20230622T111856.A_Curius.B_SM.SCP_01,51,A2,0.10783836836082372,-0.02145219297439215,-0.12929056133521588,0.048745823653108894,1,-1,1,0,0
20230622T111856.A_Curius.B_SM.SCP_01,52,A2,-0.12519666502799442,0.12024282357737517,0.2454394886053696,-0.18469175385501602,-1,1,1,1,1
20230622T111856.A_Curius.B_SM.SCP_01,53,A2,-0.4987545266461978,-0.5256169416227965,-0.026862414976598692,0.12392174690417021,-1,-1,0,1,1
20230622T111856.A_Curius.B_SM.SCP_01,54,A2,1.0,0.7390446793332652,-0.26095532066673477,0.4535661388714844,1,1,0,1,1
20230622T111856.A_Curius.B_SM.SCP_01,55,A2,0.13444177200667173,-0.14895987522033352,-0.2834016472270052,-0.2014625434012905,1,-1,1,1,1
20230622T111856.A_Curius.B_SM.SCP_01,57,A2,0.2923076203664688,-0.18143689122566056,-0.4737445115921294,-0.08315363020850203,1,-1,1,0,0
20230622T111856.A_Curius.B_SM.SCP_01,58,A2,-0.22312407888604746,-1.0,-0.7768759211139525,-0.2651715735073766,-1,-1,0,0,0
20230622T111856.A_Curius.B_SM.SCP_01,59,A2,0.56758956665023,0.02312669820607085,-0.5444628684441591,0.24999187740498646,1,1,0,0,1
20230622T111856.A_Curius.B_SM.SCP_01,60,A2,0.08150132689456498,-0.016125652598962033,-0.09762697949352701,-0.043160582165219494,1,-1,1,1,1
20230622T111856.A_Curius.B_SM.SCP_01,61,A2,0.0629239668980169,0.43837453746652527,0.3754505705685084,0.7063767729219974,1,1,0,1,1
20230622T111856.A_Curius.B_SM.SCP_01,62,A2,-0.10712446656527067,-0.44821692320230044,-0.3410924566370298,0.7498626278211662,-1,-1,0,1,1
20230622T111856.A_Curius.B_SM.SCP_01,63,A2,0.2685272129292379,0.03722684419732717,-0.23130036873191076,0.3661577014054425,1,1,0,1,1
20230622T111856.A_Curius.B_SM.SCP_01,64,A2,-0.13529530276358434,-1.0,-0.8647046972364156,0.21298249306449038,-1,-1,0,1,1
20230622T111856.A_Curius.B_SM.SCP_01,65,A3,0.7585270624952637,1.0,0.2414729375047363,0.5090497229592098,1,1,0,1,1
20230622T111856.A_Curius.B_SM.SCP_01,66,A3,-0.30911030446716126,-0.1746808369135638,0.13442946755359747,0.645487467135345,-1,-1,0,1,1
20230622T111856.A_Curius.B_SM.SCP_01,67,A3,0.2847391915369599,0.04982223060171521,-0.23491696093524472,0.770768584476877,1,1,0,1,1
20230622T111856.A_Curius.B_SM.SCP_01,68,A3,0.16862419470116677,1.0,0.8313758052988333,0.7599133525879785,1,1,0,1,1
20230622T111856.A_Curius.B_SM.SCP_01,69,A3,-0.20198796704039537,-0.08130276365428141,0.12068520338611397,0.706261040292781,-1,-1,0,1,1
20230622T111856.A_Curius.B_SM.SCP_01,70,A3,0.6449101093817777,-0.07915375199162981,-0.7240638613734075,0.7669809824060568,1,-1,1,1,1
20230622T111856.A_Curius.B_SM.SCP_01,71,A3,1.0,0.257074102873679,-0.7429258971263211,0.9524137001083364,1,1,0,1,1
20230622T111856.A_Curius.B_SM.SCP_01,72,A3,0.05170536108639422,-0.11673492492319398,-0.1684402860095882,0.17145947634708011,1,-1,1,1,1
20230622T111856.A_Curius.B_SM.SCP_01,73,A3,-0.359402569891411,-0.16652700196546016,0.19287556792595084,0.3356425931243353,-1,-1,0,0,1
20230622T111856.A_Curius.B_SM.SCP_01,74,A3,0.05095097971184212,0.5326348279306774,0.48168384821883525,0.15607426437742264,1,1,0,0,0
20230622T111856.A_Curius.B_SM.SCP_01,75,A3,0.307478614482598,0.8019482804021331,0.49446966591953506,0.3087748391019466,1,1,0,1,1
20230622T111856.A_Curius.B_SM.SCP_01,76,A3,1.0,-0.33671296732765227,-1.3367129673276523,0.33148053854569787,1,-1,1,1,1
20230622T111856.A_Curius.B_SM.SCP_01,77,A3,0.05957396718240236,-0.037449982137637366,-0.09702394932003973,0.3346121095996647,1,-1,1,1,1
20230622T111856.A_Curius.B_SM.SCP_01,78,A3,-0.04692617339959542,-1.0,-0.9530738266004046,0.6047377252485201,-1,-1,0,1,1
20230622T111856.A_Curius.B_SM.SCP_01,79,A3,-0.2029135121891833,0.05497723408209227,0.25789074627127556,0.006470588803684639,-1,1,1,1,1
20230622T111856.A_Curius.B_SM.SCP_01,80,A3,0.19008565731361377,-0.32226950451894554,-0.5123551618325592,0.21338305674419458,1,-1,1,1,1
20230622T111856.A_Curius.B_SM.SCP_01,81,A3,0.020015219732681007,-0.005843680733138783,-0.02585890046581979,0.634803640496791,1,-1,1,1,1
20230622T111856.A_Curius.B_SM.SCP_01,82,A3,0.3666046893170375,0.6985919383843201,0.3319872490672826,0.5605361140881827,1,1,0,1,1
20230622T111856.A_Curius.B_SM.SCP_01,83,A3,-0.2552558541266632,-0.32460392585158043,-0.06934807172491725,-0.1310147301368629,-1,-1,0,1,1
20230622T111856.A_Curius.B_SM.SCP_01,84,A3,-0.022113699912082438,-0.10099387491885008,-0.07888017500676764,0.2861747680695575,-1,-1,0,1,1
20230622T111856.A_Curius.B_SM.SCP_01,85,A3,0.32439604721946885,1.0,0.6756039527805311,0.8069612924468739,1,1,0,1,1
20230622T111856.A_Curius.B_SM.SCP_01,86,A3,0.12843944947022054,-0.09055619956849309,-0.21899564903871363,-0.20284745489634498,1,-1,1,1,1
20230622T111856.A_Curius.B_SM.SCP_01,87,A3,1.0,-1.0,-2.0,0.8352146504560466,1,-1,1,1,1
20230622T111856.A_Curius.B_SM.SCP_01,88,A3,0.21768785397833784,0.12205135522566506,-0.09563649875267279,0.005239239846554945,1,1,0,0,0
20230622T111856.A_Curius.B_SM.SCP_01,89,A3,1.0,-0.1566352364154558,-1.1566352364154557,-0.15023058954317958,1,-1,1,0,1
20230622T111856.A_Curius.B_SM.SCP_01,90,A3,0.05792640167064666,-0.006243440887446438,-0.06416984255809309,0.48702272792431994,1,-1,1,1,1
20230622T111856.A_Curius.B_SM.SCP_01,91,A3,0.08802381384622292,0.07192176701005625,-0.016102046836166672,0.22719599817358788,1,1,0,1,1
20230622T111856.A_Curius.B_SM.SCP_01,93,A3,0.6750076561540864,-0.01817846890168023,-0.6931861250557666,0.4973064041700629,1,-1,1,1,1
20230622T111856.A_Curius.B_SM.SCP_01,94,A3,0.9148661784456772,0.7510874097543508,-0.16377876869132635,0.3311635127811203,1,1,0,1,1
20230622T111856.A_Curius.B_SM.SCP_01,95,A3,0.06890285535955253,1.0,0.9310971446404475,0.8053436294186529,1,1,0,1,1
20230622T111856.A_Curius.B_SM.SCP_01,96,A3,0.06943654063612674,-0.0011191727508239409,-0.07055571338695069,0.02989539394692268,1,-1,1,0,0
20230622T111856.A_Curius.B_SM.SCP_01,97,A4,-0.12793574005599984,-0.09447795338313009,0.03345778667286975,-0.009115313815183105,-1,-1,0,1,0
20230622T111856.A_Curius.B_SM.SCP_01,98,A4,0.16608717241328103,0.03132628905772606,-0.13476088335555497,0.468225621313355,1,1,0,1,1
20230622T111856.A_Curius.B_SM.SCP_01,99,A4,0.018413765027014983,-0.009462005235161986,-0.02787577026217697,-0.22654158633874202,1,-1,1,0,0
20230622T111856.A_Curius.B_SM.SCP_01,100,A4,0.012001050844475928,-0.009885058491294401,-0.02188610933577033,0.10758997534428555,1,-1,1,0,0
20230622T111856.A_Curius.B_SM.SCP_01,101,A4,-0.06991646952891925,0.2551714348764138,0.3250879044053331,0.19422894529829604,-1,1,1,0,0
20230622T111856.A_Curius.B_SM.SCP_01,102,A4,-0.01024617544499923,-0.019633363859120713,-0.009387188414121483,0.2863206714730835,-1,-1,0,0,0
20230622T111856.A_Curius.B_SM.SCP_01,103,A4,-0.22127510382768853,-0.00091885772961203,0.2203562460980765,-0.06800083961870731,-1,-1,0,0,0
20230622T111856.A_Curius.B_SM.SCP_01,104,A4,-0.0016524746397286593,0.07134479914204807,0.07299727378177673,0.07916801111221204,-1,1,1,0,0
20230622T111856.A_Curius.B_SM.SCP_01,105,A4,0.25926436468241437,-0.3283282351817001,-0.5875925998641145,0.7031268017824676,1,-1,1,1,1
20230622T111856.A_Curius.B_SM.SCP_01,106,A4,0.10907045425803666,-0.23561895774146355,-0.3446894119995002,0.017656835645918155,1,-1,1,0,0
20230622T111856.A_Curius.B_SM.SCP_01,107,A4,0.2767391642010706,-0.008186040509070283,-0.2849252047101409,-0.1540902925195299,1,-1,1,0,0
20230622T111856.A_Curius.B_SM.SCP_01,108,A4,0.09773647412562685,-0.2535036262331519,-0.3512401003587788,0.20894466550498847,1,-1,1,0,0
20230622T111856.A_Curius.B_SM.SCP_01,109,A4,0.08501422074292875,0.10803617954678298,0.02302195880385423,0.08560735433806847,1,1,0,0,0
20230622T111856.A_Curius.B_SM.SCP_01,110,A4,-0.20979799959105222,0.07142957420400306,0.28122757379505525,0.014367704890316978,-1,1,1,0,0
20230622T111856.A_Curius.B_SM.SCP_01,111,A4,1.0,0.48728238742921937,-0.5127176125707806,0.014791432170528774,1,1,0,0,0
20230622T111856.A_Curius.B_SM.SCP_01,112,A4,0.6303297756245055,-0.08267492320029511,-0.7130046988248007,0.03500264616617219,1,-1,1,0,0
20230622T111856.A_Curius.B_SM.SCP_01,113,A4,0.0023464150659723844,-4.147963155457136e-05,-0.0023878946975269557,0.007980417963295247,1,-1,1,1,0
20230622T111856.A_Curius.B_SM.SCP_01,114,A4,-0.0082792727690558,-0.05432335589636172,-0.046044083127305915,-0.4357945182123096,-1,-1,0,0,0
20230622T111856.A_Curius.B_SM.SCP_01,115,A4,-0.047706455235581,-0.01986398899251734,0.02784246624306366,-0.15426433842189577,-1,-1,0,0,0
20230622T111856.A_Curius.B_SM.SCP_01,116,A4,0.2291416933314816,-0.19715578297136013,-0.42629747630284176,0.7069044700644419,1,-1,1,0,0
20230622T111856.A_Curius.B_SM.SCP_01,118,A4,0.17512379551789486,-0.02272479275391304,-0.1978485882718079,0.02859325298048507,1,-1,1,0,0
20230622T111856.A_Curius.B_SM.SCP_01,119,A4,-0.08902627343753086,0.12026553199819016,0.209291805435721,-0.2249011394906183,-1,1,1,0,0
20230622T111856.A_Curius.B_SM.SCP_01,120,A4,-1.0,0.4960922614960466,1.4960922614960466,0.14789465076636746,-1,1,1,0,0
20230622T111856.A_Curius.B_SM.SCP_01,121,A4,-0.2721197447236129,-0.2592170889832758,0.01290265574033711,0.5162932407924573,-1,-1,0,1,1
20230622T111856.A_Curius.B_SM.SCP_01,122,A4,-0.6823290741334359,-1.0,-0.3176709258665641,0.5185927201372128,-1,-1,0,1,1
20230622T111856.A_Curius.B_SM.SCP_01,123,A4,-0.4240038217892576,-0.0009384707616898956,0.4230653510275677,0.05995324703996581,-1,-1,0,0,0
20230622T111856.A_Curius.B_SM.SCP_01,124,A4,0.04270378877178651,-0.06468404204836084,-0.10738783082014736,-0.06466510499654504,1,-1,1,0,0
20230622T111856.A_Curius.B_SM.SCP_01,125,A4,-0.04869189839887188,0.6249169407774195,0.6736088391762914,-0.09495754217950408,-1,1,1,0,0
20230622T111856.A_Curius.B_SM.SCP_01,126,A4,0.21534368105420526,0.19708062112505478,-0.018263059929150477,0.19455953752572783,1,1,0,0,0
20230622T111856.A_Curius.B_SM.SCP_01,127,A4,0.028714837955266463,-0.1047024339961273,-0.13341727195139377,0.1491155959817168,1,-1,1,0,0
20230622T111856.A_Curius.B_SM.SCP_01,128,A4,0.42978221225761626,0.5005800565751262,0.0707978443175099,0.26301674422636717,1,1,0,1,0
20230622T111856.A_Curius.B_SM.SCP_01,130,A5,0.11122598414736562,0.023008906577441788,-0.08821707756992384,0.6405464893207873,1,1,0,1,1
20230622T111856.A_Curius.B_SM.SCP_01,131,A5,-0.04989253627882377,-0.09334070668861204,-0.04344817040978827,-0.02540345037142391,-1,-1,0,0,0
20230622T111856.A_Curius.B_SM.SCP_01,132,A5,-0.14507571431606603,0.09001539843616188,0.2350911127522279,-0.056423803715170195,-1,1,1,0,0
20230622T111856.A_Curius.B_SM.SCP_01,133,A5,0.6824838522855472,0.540326056408875,-0.1421577958766722,0.03412645432569281,1,1,0,1,1
20230622T111856.A_Curius.B_SM.SCP_01,134,A5,-0.19625393774282004,-0.6593392390000578,-0.4630853012572377,0.6600076195489014,-1,-1,0,1,1
20230622T111856.A_Curius.B_SM.SCP_01,135,A5,-0.3787872247340601,-0.6338547105711444,-0.2550674858370843,0.36986714985523195,-1,-1,0,1,1
20230622T111856.A_Curius.B_SM.SCP_01,136,A5,-1.0,-0.4337168401843589,0.566283159815641,0.008715423503548392,-1,-1,0,1,0
20230622T111856.A_Curius.B_SM.SCP_01,137,A5,-0.08283680725390556,-0.1230137877560997,-0.040176980502194135,0.8133665920853519,-1,-1,0,1,1
20230622T111856.A_Curius.B_SM.SCP_01,138,A5,-0.5440587143102635,-0.6591001680868228,-0.11504145377655928,0.7357782462766254,-1,-1,0,1,1
20230622T111856.A_Curius.B_SM.SCP_01,139,A5,-0.5566894000373023,-0.7033478673806662,-0.14665846734336396,0.8773701155130083,-1,-1,0,1,1
20230622T111856.A_Curius.B_SM.SCP_01,140,A5,0.8488715898594918,0.24552961941220391,-0.603341970447288,0.8521017407604671,1,1,0,1,1
20230622T111856.A_Curius.B_SM.SCP_01,141,A5,-0.1884677447033307,-1.0,-0.8115322552966693,0.24072533557599982,-1,-1,0,0,0
20230622T111856.A_Curius.B_SM.SCP_01,142,A5,1.0,1.0,0.0,0.4015788248377618,1,1,0,1,1
20230622T111856.A_Curius.B_SM.SCP_01,143,A5,-0.01089191537188215,-0.15769671133397173,-0.1468047959620896,-0.20360328118912904,-1,-1,0,0,0
20230622T111856.A_Curius.B_SM.SCP_01,144,A5,0.030105667098761377,-0.0661413182039837,-0.09624698530274507,-0.1235520149665422,1,-1,1,0,0
20230622T111856.A_Curius.B_SM.SCP_01,145,A5,-0.007877170225642917,-0.737295979188272,-0.7294188089626291,0.2712797921903712,-1,-1,0,1,1
20230622T111856.A_Curius.B_SM.SCP_01,146,A5,-0.24280913423845835,-0.600350280837272,-0.3575411465988137,0.8030788024709448,-1,-1,0,1,1
20230622T111856.A_Curius.B_SM.SCP_01,147,A5,0.10055403496268707,-0.58125045568333,-0.6818044906460171,0.8077927343435949,1,-1,1,1,1
20230622T111856.A_Curius.B_SM.SCP_01,148,A5,-0.03824110658230784,-0.27107240631615664,-0.2328312997338488,0.4019322804388892,-1,-1,0,1,1
20230622T111856.A_Curius.B_SM.SCP_01,149,A5,-0.40456140669889,-1.0,-0.5954385933011099,-0.11023302133836953,-1,-1,0,0,0
20230622T111856.A_Curius.B_SM.SCP_01,150,A5,0.13816646395212281,-0.1832992510244246,-0.3214657149765474,-0.05350913376926195,1,-1,1,0,0
20230622T111856.A_Curius.B_SM.SCP_01,151,A5,0.25444788690951814,0.03097176745864568,-0.22347611945087245,-0.16954820078402946,1,1,0,0,0
20230622T111856.A_Curius.B_SM.SCP_01,152,A5,-0.6749633910343131,0.31816378762373304,0.9931271786580462,0.18609472976267116,-1,1,1,0,0
20230622T111856.A_Curius.B_SM.SCP_01,153,A5,0.14213430007730182,0.0707919640809232,-0.07134233599637863,0.578406474689073,1,1,0,1,1
20230622T111856.A_Curius.B_SM.SCP_01,154,A5,-0.21316832571919794,-1.0,-0.786831674280802,0.022830777765075996,-1,-1,0,0,0
20230622T111856.A_Curius.B_SM.SCP_01,155,A5,0.40169142446043066,0.744408671127522,0.3427172466670913,0.40553701685393356,1,1,0,0,0
20230622T111856.A_Curius.B_SM.SCP_01,156,A5,-0.17023870023901705,-0.1873245443954738,-0.017085844156456753,0.8842812208451517,-1,-1,0,1,1
20230622T111856.A_Curius.B_SM.SCP_01,157,A5,-0.3311803214528242,-0.21953956625893822,0.111640755193886,0.21750591657237583,-1,-1,0,0,0
20230622T111856.A_Curius.B_SM.SCP_01,158,A5,0.11515382879601783,-0.029031555699442012,-0.14418538449545984,-0.2324373607859799,1,-1,1,0,0
20230622T111856.A_Curius.B_SM.SCP_01,159,A5,0.07813047142391881,0.12512212036289835,0.046991648938979544,0.2907100331910183,1,1,0,0,0
20230622T111856.A_Curius.B_SM.SCP_01,160,A5,-1.0,0.26800565312411895,1.2680056531241188,-0.011070065937888581,-1,1,1,0,0
20230703T122644.A_Curius.B_MK.SCP_01,1,A1,-0.17126354944464384,-0.17070590891765777,0.000557640526986064,0.19894486388750102,-1,-1,0,1,1
20230703T122644.A_Curius.B_MK.SCP_01,3,A1,-0.2711286840674509,0.05336241581974459,0.3244910998871955,0.030702257398441533,-1,1,1,1,1
20230703T122644.A_Curius.B_MK.SCP_01,4,A1,0.20042876167652904,0.09605749086825191,-0.10437127080827713,0.08894643149406785,1,1,0,1,1
20230703T122644.A_Curius.B_MK.SCP_01,6,A1,1.0,-0.19627180596384805,-1.196271805963848,-0.103393718633343,1,-1,1,0,0
20230703T122644.A_Curius.B_MK.SCP_01,9,A1,0.15230817007000003,-0.12466010735099074,-0.2769682774209908,0.03862103035811531,1,-1,1,1,1
20230703T122644.A_Curius.B_MK.SCP_01,10,A1,0.2994676962296079,1.0,0.7005323037703921,0.012768372181538135,1,1,0,1,1
20230703T122644.A_Curius.B_MK.SCP_01,11,A1,-0.6768352879121073,0.3525208530840367,1.029356140996144,0.43063464706046517,-1,1,1,1,1
20230703T122644.A_Curius.B_MK.SCP_01,12,A1,0.12512243621254576,0.13216469031903808,0.007042254106492313,0.0710724953356411,1,1,0,1,1
20230703T122644.A_Curius.B_MK.SCP_01,13,A1,0.16016525578249216,-0.07705522024981562,-0.23722047603230778,-0.2739337874735349,1,-1,1,1,1
20230703T122644.A_Curius.B_MK.SCP_01,14,A1,0.47490389113993364,0.6175002985513949,0.14259640741146123,0.35347494414755265,1,1,0,1,0
20230703T122644.A_Curius.B_MK.SCP_01,15,A1,0.2455657179183509,-1.0,-1.245565717918351,0.38334955037439333,1,-1,1,1,1
20230703T122644.A_Curius.B_MK.SCP_01,17,A1,-0.2305298401437146,0.03396305009373715,0.26449289023745176,0.12305930988442002,-1,1,1,1,1
20230703T122644.A_Curius.B_MK.SCP_01,18,A1,0.48382164453677545,0.14244600597831028,-0.3413756385584652,0.4830604748413578,1,1,0,1,1
20230703T122644.A_Curius.B_MK.SCP_01,19,A1,-0.25674289924420485,0.18218797528977498,0.43893087453397983,0.4499843833794141,-1,1,1,1,1
20230703T122644.A_Curius.B_MK.SCP_01,21,A1,-0.004302590212141363,-0.07304663548834324,-0.06874404527620187,0.36998800824987715,-1,-1,0,1,1
20230703T122644.A_Curius.B_MK.SCP_01,22,A1,-0.4142294090916017,-0.6585453368200647,-0.24431592772846294,0.8441450135354969,-1,-1,0,1,1
20230703T122644.A_Curius.B_MK.SCP_01,23,A1,0.48971985825579223,-1.0,-1.4897198582557922,0.23893500554631683,1,-1,1,1,1
20230703T122644.A_Curius.B_MK.SCP_01,24,A1,1.0,-0.15498007020863092,-1.154980070208631,-0.16316637757584265,1,-1,1,0,1
20230703T122644.A_Curius.B_MK.SCP_01,26,A1,-0.1324749463349401,0.00706665659339751,0.13954160292833762,-0.24649087073909795,-1,1,1,1,1
20230703T122644.A_Curius.B_MK.SCP_01,27,A1,1.0,1.0,0.0,0.2892072015492527,1,1,0,1,1
20230703T122644.A_Curius.B_MK.SCP_01,28,A1,-0.703766408960605,-0.04433088395604319,0.6594355250045618,0.34268767984486465,-1,-1,0,1,1
20230703T122644.A_Curius.B_MK.SCP_01,29,A1,0.26973153481465945,0.03872673841226346,-0.231004796402396,0.09545331349481,1,1,0,1,1
20230703T122644.A_Curius.B_MK.SCP_01,30,A1,1.0,1.0,0.0,0.43304414514397793,1,1,0,1,1
20230703T122644.A_Curius.B_MK.SCP_01,31,A1,0.0002994852418973357,-0.327799359137135,-0.3280988443790323,0.6459535174070317,1,-1,1,1,1
20230703T122644.A_Curius.B_MK.SCP_01,32,A1,0.6846560709087124,0.9059679453649119,0.2213118744561995,0.433811228538566,1,1,0,1,1
20230703T122644.A_Curius.B_MK.SCP_01,33,A2,0.04946076276518972,-0.022164268832101736,-0.07162503159729146,-0.1598970410097972,1,-1,1,0,0
20230703T122644.A_Curius.B_MK.SCP_01,34,A2,0.08259962871237513,-0.16137759391067194,-0.24397722262304705,-0.0766284943516354,1,-1,1,0,0
20230703T122644.A_Curius.B_MK.SCP_01,35,A2,0.08177133675516432,-0.4546881371731183,-0.5364594739282826,-0.2725188354906787,1,-1,1,0,0
20230703T122644.A_Curius.B_MK.SCP_01,36,A2,-0.6543467308967348,-1.0,-0.3456532691032652,0.3012393852781689,-1,-1,0,0,0
20230703T122644.A_Curius.B_MK.SCP_01,37,A2,0.1527349366844522,0.0929586476043766,-0.05977628908007561,-0.11491723465357745,1,1,0,0,0
20230703T122644.A_Curius.B_MK.SCP_01,39,A2,0.13455041104598772,-0.9429559419844687,-1.0775063530304565,0.17015726914702392,1,-1,1,1,1
20230703T122644.A_Curius.B_MK.SCP_01,40,A2,0.233161148459217,-0.7855309976656891,-1.018692146124906,-0.09167065500675341,1,-1,1,0,0
20230703T122644.A_Curius.B_MK.SCP_01,41,A2,1.0,1.0,0.0,0.2945128669945189,1,1,0,1,1
20230703T122644.A_Curius.B_MK.SCP_01,42,A2,1.0,-0.05939744932030924,-1.0593974493203093,-0.14088634660016336,1,-1,1,0,0
20230703T122644.A_Curius.B_MK.SCP_01,43,A2,0.07621587018004479,1.0,0.9237841298199552,0.24383631300944897,1,1,0,1,1
20230703T122644.A_Curius.B_MK.SCP_01,44,A2,0.03355075178904804,0.013126314406058144,-0.020424437382989893,0.6034016821852722,1,1,0,1,1
20230703T122644.A_Curius.B_MK.SCP_01,45,A2,0.09185200490311012,-0.09674643611810742,-0.18859844102121753,-0.06508737012493222,1,-1,1,1,1
20230703T122644.A_Curius.B_MK.SCP_01,46,A2,-0.2526336577423218,0.15654274591158415,0.40917640365390595,-0.13331746339353348,-1,1,1,0,1
20230703T122644.A_Curius.B_MK.SCP_01,47,A2,-0.224015401538177,0.17652821618668443,0.40054361772486147,-0.17028024213268353,-1,1,1,1,1
20230703T122644.A_Curius.B_MK.SCP_01,49,A2,1.0,0.8299514544423009,-0.1700485455576991,0.06387213986371812,1,1,0,0,0
20230703T122644.A_Curius.B_MK.SCP_01,50,A2,1.0,-1.0,-2.0,0.09399627311610131,1,-1,1,0,0
20230703T122644.A_Curius.B_MK.SCP_01,51,A2,1.0,0.21841469851158915,-0.7815853014884109,0.183824104017829,1,1,0,0,0
20230703T122644.A_Curius.B_MK.SCP_01,52,A2,-0.2916894825934927,-0.008989666834503546,0.28269981575898917,-0.3332864683959055,-1,-1,0,1,1
20230703T122644.A_Curius.B_MK.SCP_01,53,A2,-0.5427795682696789,-0.04631840007830217,0.4964611681913767,-0.1422176819741335,-1,-1,0,0,1
20230703T122644.A_Curius.B_MK.SCP_01,55,A2,0.4827716961957786,0.31280835625029335,-0.16996333994548524,-0.01608999336186184,1,1,0,1,1
20230703T122644.A_Curius.B_MK.SCP_01,57,A2,-0.2671280280448724,-1.0,-0.7328719719551275,0.14200841424186467,-1,-1,0,0,0
20230703T122644.A_Curius.B_MK.SCP_01,58,A2,0.09739284845858476,1.0,0.9026071515414152,-0.16311881083211313,1,1,0,0,0
20230703T122644.A_Curius.B_MK.SCP_01,59,A2,0.09602020461038288,0.37418343242731816,0.27816322781693525,0.01141075446878928,1,1,0,1,1
20230703T122644.A_Curius.B_MK.SCP_01,60,A2,0.11070449423515474,1.0,0.8892955057648453,0.005901883697654901,1,1,0,1,1
20230703T122644.A_Curius.B_MK.SCP_01,62,A2,0.045367186620551524,-0.29444323064977884,-0.33981041727033034,0.09395724204562762,1,-1,1,1,1
20230703T122644.A_Curius.B_MK.SCP_01,63,A2,0.25999637286837923,0.4553428138716682,0.19534644100328896,0.6717969799337364,1,1,0,1,1
20230703T122644.A_Curius.B_MK.SCP_01,64,A2,-0.2099492022806078,-1.0,-0.7900507977193922,0.48609525370298423,-1,-1,0,1,1
20230703T122644.A_Curius.B_MK.SCP_01,65,A3,1.0,1.0,0.0,0.4059322278881143,1,1,0,1,1
20230703T122644.A_Curius.B_MK.SCP_01,66,A3,0.003997281346453393,-0.11428634719639304,-0.11828362854284644,0.5093841909096362,1,-1,1,1,1
20230703T122644.A_Curius.B_MK.SCP_01,68,A3,0.6047576564552248,0.7412087683395205,0.1364511118842957,0.5373879141219368,1,1,0,1,1
20230703T122644.A_Curius.B_MK.SCP_01,69,A3,-0.4250835483037992,-1.0,-0.5749164516962009,0.07820318408933914,-1,-1,0,1,1
20230703T122644.A_Curius.B_MK.SCP_01,70,A3,1.0,0.3592111020774752,-0.6407888979225248,0.6660884737223468,1,1,0,1,1
20230703T122644.A_Curius.B_MK.SCP_01,72,A3,0.1382446394680474,8.735368393319968e-05,-0.1381572857841142,0.056689488450842776,1,1,0,1,1
20230703T122644.A_Curius.B_MK.SCP_01,73,A3,0.15280280915007666,0.026771031432543047,-0.1260317777175336,-0.030152190158335902,1,1,0,0,0
20230703T122644.A_Curius.B_MK.SCP_01,74,A3,1.0,-1.0,-2.0,0.0857744430079739,1,-1,1,0,0
20230703T122644.A_Curius.B_MK.SCP_01,75,A3,1.0,1.0,0.0,0.006959144007936354,1,1,0,1,1
20230703T122644.A_Curius.B_MK.SCP_01,76,A3,0.44016036870525954,0.07968798791572075,-0.3604723807895388,0.5377301167165163,1,1,0,1,1
20230703T122644.A_Curius.B_MK.SCP_01,77,A3,0.529189933272162,0.237985917922493,-0.291204015349669,0.5948065599502205,1,1,0,1,1
20230703T122644.A_Curius.B_MK.SCP_01,78,A3,-0.23807538205767995,0.18071284805667612,0.41878823011435606,-0.2789893204337371,-1,1,1,1,1
20230703T122644.A_Curius.B_MK.SCP_01,79,A3,-0.08953276558718958,0.2897856673014299,0.3793184328886195,0.21085627487989034,-1,1,1,0,0
20230703T122644.A_Curius.B_MK.SCP_01,80,A3,0.3723391209011592,-0.12044458251903135,-0.49278370342019057,0.1751393850497467,1,-1,1,1,1
20230703T122644.A_Curius.B_MK.SCP_01,81,A3,0.6304447539675212,0.19937414631785558,-0.43107060764966565,0.25657369142587805,1,1,0,1,1
20230703T122644.A_Curius.B_MK.SCP_01,82,A3,0.7633848906647838,1.0,0.23661510933521623,0.7328285199224223,1,1,0,1,1
20230703T122644.A_Curius.B_MK.SCP_01,84,A3,-0.04807097054275208,0.29452850369089556,0.3425994742336476,0.12774025715569529,-1,1,1,1,1
20230703T122644.A_Curius.B_MK.SCP_01,85,A3,0.1337961021231685,-0.003498516690150341,-0.13729461881331884,0.34762144688247115,1,-1,1,1,1
20230703T122644.A_Curius.B_MK.SCP_01,86,A3,1.0,0.1118984738125731,-0.8881015261874269,-0.05746957119742903,1,1,0,1,1
20230703T122644.A_Curius.B_MK.SCP_01,87,A3,0.9324887724298555,-0.5233803220968879,-1.4558690945267434,0.4650396514100043,1,-1,1,1,1
20230703T122644.A_Curius.B_MK.SCP_01,88,A3,0.7270606116399366,-0.34734770480077304,-1.0744083164407097,-0.36465221307269163,1,-1,1,0,0
20230703T122644.A_Curius.B_MK.SCP_01,89,A3,1.0,-0.28327713943006,-1.28327713943006,-0.015442867587039515,1,-1,1,0,0
20230703T122644.A_Curius.B_MK.SCP_01,90,A3,-0.03645728059017797,0.008794206277645692,0.04525148686782366,0.13182888999590398,-1,1,1,0,0
20230703T122644.A_Curius.B_MK.SCP_01,91,A3,1.0,0.33527417859344677,-0.6647258214065532,0.02940815833298629,1,1,0,1,0
20230703T122644.A_Curius.B_MK.SCP_01,93,A3,-0.10893401832008776,-0.06800206937499204,0.04093194894509572,0.09793918743156269,-1,-1,0,1,0
20230703T122644.A_Curius.B_MK.SCP_01,94,A3,0.14436876753539368,0.06108251338212044,-0.08328625415327325,0.13643472345331056,1,1,0,0,0
20230703T122644.A_Curius.B_MK.SCP_01,95,A3,0.04846474695350686,0.2887048366828612,0.24024008972935432,0.8114309059361764,1,1,0,1,1
20230703T122644.A_Curius.B_MK.SCP_01,97,A4,-1.0,0.17457986250074883,1.1745798625007489,0.09762083051249763,-1,1,1,1,0
20230703T122644.A_Curius.B_MK.SCP_01,98,A4,0.8271764831492778,-0.038786495081749243,-0.8659629782310271,0.5728804136521157,1,-1,1,1,1
20230703T122644.A_Curius.B_MK.SCP_01,99,A4,0.1181751125559778,0.1950973896641375,0.0769222771081597,0.01784931637075814,1,1,0,0,0
20230703T122644.A_Curius.B_MK.SCP_01,100,A4,0.26427052507521304,-0.24668425901003105,-0.5109547840852441,-0.07003592652185334,1,-1,1,0,0
20230703T122644.A_Curius.B_MK.SCP_01,101,A4,0.09205270934976696,0.14893341020319786,0.0568807008534309,0.012426887339919167,1,1,0,0,0
20230703T122644.A_Curius.B_MK.SCP_01,102,A4,-0.0218417728882294,0.012339229601639797,0.034181002489869196,-0.18471064014606461,-1,1,1,0,1
20230703T122644.A_Curius.B_MK.SCP_01,103,A4,1.0,1.0,0.0,0.05377721422151619,1,1,0,0,0
20230703T122644.A_Curius.B_MK.SCP_01,104,A4,-0.021685681101152054,0.015906726432430192,0.03759240753358224,-0.04884821942713685,-1,1,1,0,0
20230703T122644.A_Curius.B_MK.SCP_01,105,A4,-0.09817154785106434,0.38412430062785446,0.4822958484789188,0.27841406594714235,-1,1,1,1,1
20230703T122644.A_Curius.B_MK.SCP_01,106,A4,0.09456471321858581,0.09658512605002668,0.0020204128314408737,-0.035623913065315635,1,1,0,0,0
20230703T122644.A_Curius.B_MK.SCP_01,107,A4,0.6064729150433947,-1.0,-1.6064729150433947,-0.14492713696086593,1,-1,1,0,0
20230703T122644.A_Curius.B_MK.SCP_01,108,A4,0.39091481153866936,-0.027331960181080753,-0.4182467717197501,0.11543443324134388,1,-1,1,0,0
20230703T122644.A_Curius.B_MK.SCP_01,109,A4,0.1758063063216539,-0.18114242846205597,-0.35694873478370986,-0.07504850145182476,1,-1,1,0,0
20230703T122644.A_Curius.B_MK.SCP_01,110,A4,-0.30830074462083484,-0.10645241676772049,0.20184832785311435,0.030208518632403477,-1,-1,0,0,0
20230703T122644.A_Curius.B_MK.SCP_01,111,A4,0.34039540770843224,1.0,0.6596045922915678,-0.013855424224505034,1,1,0,0,0
20230703T122644.A_Curius.B_MK.SCP_01,112,A4,0.5790940451981369,0.09025057201948289,-0.488843473178654,0.19055218898166257,1,1,0,0,0
20230703T122644.A_Curius.B_MK.SCP_01,114,A4,-0.23384387590702874,0.16401287558379019,0.3978567514908189,0.03182089335851988,-1,1,1,0,0
20230703T122644.A_Curius.B_MK.SCP_01,116,A4,-0.025109550246908058,-0.11425933022641871,-0.08914977997951065,0.0035782218630599754,-1,-1,0,0,0
20230703T122644.A_Curius.B_MK.SCP_01,117,A4,-0.29339986087937503,0.35857059348583953,0.6519704543652145,-0.04462622700783217,-1,1,1,0,0
20230703T122644.A_Curius.B_MK.SCP_01,118,A4,0.004748197818534022,-0.21325241472076373,-0.21800061253929776,0.07842579250514409,1,-1,1,0,0
20230703T122644.A_Curius.B_MK.SCP_01,119,A4,-0.16246006910009136,0.3272559705914319,0.4897160396915233,-0.03345539712158204,-1,1,1,0,0
20230703T122644.A_Curius.B_MK.SCP_01,121,A4,-0.4865360569852217,-0.46515875072175233,0.021377306263469342,0.4699828540606981,-1,-1,0,1,1
20230703T122644.A_Curius.B_MK.SCP_01,122,A4,-0.6201333648208762,-0.5025377613049418,0.11759560351593445,0.6322284498583531,-1,-1,0,1,1
20230703T122644.A_Curius.B_MK.SCP_01,123,A4,-0.09398920747437417,0.6979533142576463,0.7919425217320204,-0.18938664052710416,-1,1,1,0,0
20230703T122644.A_Curius.B_MK.SCP_01,124,A4,-0.11899477345094402,0.18866597668084775,0.3076607501317918,-0.11552248431554639,-1,1,1,0,0
20230703T122644.A_Curius.B_MK.SCP_01,125,A4,-0.04397112048443557,0.003664882202171215,0.04763600268660678,0.24760030444611034,-1,1,1,0,0
20230703T122644.A_Curius.B_MK.SCP_01,126,A4,-0.07979473404574601,0.24161862010091834,0.32141335414666433,-0.14307210160317152,-1,1,1,0,0
20230703T122644.A_Curius.B_MK.SCP_01,127,A4,-0.4222946329223714,0.34061878137636786,0.7629134142987393,-0.026975918772720552,-1,1,1,0,0
20230703T122644.A_Curius.B_MK.SCP_01,128,A4,-0.19387208262840497,-0.15326377704789268,0.04060830558051229,-0.1765804368727203,-1,-1,0,0,0
20230703T122644.A_Curius.B_MK.SCP_01,130,A5,0.34543117593443173,0.09870124764790365,-0.24672992828652807,0.6550543448299948,1,1,0,1,1
20230703T122644.A_Curius.B_MK.SCP_01,132,A5,-0.5882018449864649,-1.0,-0.4117981550135351,-0.03064740547769899,-1,-1,0,1,1
20230703T122644.A_Curius.B_MK.SCP_01,133,A5,-0.4207029209538204,1.0,1.4207029209538204,-0.038836854619166944,-1,1,1,1,0
20230703T122644.A_Curius.B_MK.SCP_01,134,A5,0.09654437423804929,-0.3987284083944949,-0.4952727826325442,0.39529297852374184,1,-1,1,1,1
20230703T122644.A_Curius.B_MK.SCP_01,135,A5,0.47968945189884454,-0.18493494135555355,-0.664624393254398,0.176220352335654,1,-1,1,1,0
20230703T122644.A_Curius.B_MK.SCP_01,136,A5,0.7771677107823127,-0.32272593649015363,-1.0998936472724663,0.12704858884849635,1,-1,1,1,1
20230703T122644.A_Curius.B_MK.SCP_01,137,A5,-0.13884556573570847,-0.2157678676272993,-0.07692230189159083,0.8692066835010647,-1,-1,0,1,1
20230703T122644.A_Curius.B_MK.SCP_01,138,A5,-0.07734047544320499,0.8647770227375304,0.9421174981807354,0.6255498691753578,-1,1,1,1,1
20230703T122644.A_Curius.B_MK.SCP_01,139,A5,-0.6801333269817944,-0.8074062150123795,-0.12727288803058512,0.6846501997516602,-1,-1,0,1,1
20230703T122644.A_Curius.B_MK.SCP_01,140,A5,1.0,-0.03242212665762403,-1.0324221266576241,0.49750431479374596,1,-1,1,1,1
20230703T122644.A_Curius.B_MK.SCP_01,141,A5,-0.05797676955836953,-0.042103280827453744,0.015873488730915784,0.4434169860739484,-1,-1,0,0,0
20230703T122644.A_Curius.B_MK.SCP_01,142,A5,-1.0,-0.5747007013716888,0.4252992986283112,0.74702425360314,-1,-1,0,1,1
20230703T122644.A_Curius.B_MK.SCP_01,143,A5,0.03599776073127825,-0.055675157347111315,-0.09167291807838956,-0.09028104251126777,1,-1,1,0,0
20230703T122644.A_Curius.B_MK.SCP_01,144,A5,0.10473912076360212,-0.0986554662131917,-0.2033945869767938,0.1707812148267303,1,-1,1,0,0
20230703T122644.A_Curius.B_MK.SCP_01,145,A5,-0.6679611611710691,-0.5370070270673725,0.1309541341036966,0.2652351770733371,-1,-1,0,1,1
20230703T122644.A_Curius.B_MK.SCP_01,146,A5,-0.8681124927231431,-1.0,-0.13188750727685694,0.8029467065418164,-1,-1,0,1,1
20230703T122644.A_Curius.B_MK.SCP_01,147,A5,0.029961631253567402,-0.04371437080579557,-0.07367600205936298,0.8155413198260787,1,-1,1,1,1
20230703T122644.A_Curius.B_MK.SCP_01,149,A5,-0.6055589149611472,0.39392596535816565,0.9994848803193128,-0.3012457531609404,-1,1,1,0,1
20230703T122644.A_Curius.B_MK.SCP_01,150,A5,0.0033262746174156552,-0.12697152378458954,-0.1302977984020052,0.18185645473839326,1,-1,1,0,0
20230703T122644.A_Curius.B_MK.SCP_01,151,A5,-1.0,-0.04785671000945676,0.9521432899905432,-0.15149535890878957,-1,-1,0,0,0
20230703T122644.A_Curius.B_MK.SCP_01,152,A5,-1.0,0.33126247349349736,1.3312624734934975,-0.026181794803912497,-1,1,1,0,0
20230703T122644.A_Curius.B_MK.SCP_01,153,A5,0.6930352309579622,0.09202220426006809,-0.601013026697894,0.85798335093955,1,1,0,1,1
20230703T122644.A_Curius.B_MK.SCP_01,154,A5,-1.0,0.8607234455114091,1.8607234455114092,0.11004033133501961,-1,1,1,0,0
20230703T122644.A_Curius.B_MK.SCP_01,155,A5,-1.0,0.674609325131477,1.674609325131477,0.14039829864878664,-1,1,1,0,0
20230703T122644.A_Curius.B_MK.SCP_01,156,A5,-0.14385676957484736,-0.3007447763180722,-0.15688800674322487,-0.1694482415512852,-1,-1,0,0,0
20230703T122644.A_Curius.B_MK.SCP_01,157,A5,-0.07123127399294532,-0.26155878623270706,-0.19032751223976174,0.08057721497741142,-1,-1,0,0,1
20230703T122644.A_Curius.B_MK.SCP_01,158,A5,-0.25392806030213244,0.10261306209244672,0.35654112239457914,0.10048779441554066,-1,1,1,0,0
20230703T122644.A_Curius.B_MK.SCP_01,159,A5,-0.020361885376974927,-0.0838451322578309,-0.06348324688085596,0.004419735472666765,-1,-1,0,0,0
20230703T122644.A_Curius.B_MK.SCP_01,160,A5,1.0,-1.0,-2.0,-0.14506170514530625,1,-1,1,0,0
