session_id,channel,array_name,si_a,si_b,delta_si,waveform_r,sign_a,sign_b,sign_flip,task_evoked_a,task_evoked_b
20210401T124246.A_Elmo.B_KN.SCP_01,1,A1,0.450476169178804,0.3485097997166503,-0.1019663694621537,0.5121765696254,1,1,0,1,1
20210401T124246.A_Elmo.B_KN.SCP_01,2,A1,0.054472343937513,-1.0,-1.054472343937513,0.20703729063406118,1,-1,1,1,1
20210401T124246.A_Elmo.B_KN.SCP_01,3,A1,-0.14066248594077754,-0.20249346806430726,-0.06183098212352972,0.18406164863511212,-1,-1,0,0,1
20210401T124246.A_Elmo.B_KN.SCP_01,4,A1,-0.1299021415673897,1.0,1.1299021415673898,-0.0376314175658014,-1,1,1,1,1
20210401T124246.A_Elmo.B_KN.SCP_01,5,A1,0.0889701736293575,-0.4854129222866348,-0.5743830959159923,0.17472738453380582,1,-1,1,0,1
20210401T124246.A_Elmo.B_KN.SCP_01,6,A1,-1.0,0.7541402078670728,1.754140207867073,0.18958683596015174,-1,1,1,1,1
20210401T124246.A_Elmo.B_KN.SCP_01,7,A1,-1.0,0.2128905703314863,1.2128905703314863,0.17439851932935208,-1,1,1,1,1
20210401T124246.A_Elmo.B_KN.SCP_01,8,A1,-0.38301977101134604,-1.0,-0.6169802289886539,0.16738909313023279,-1,-1,0,1,1
20210401T124246.A_Elmo.B_KN.SCP_01,9,A1,0.09054948504395012,0.33812520652048045,0.24757572147653034,0.1606298123926857,1,1,0,1,0
20210401T124246.A_Elmo.B_KN.SCP_01,10,A1,-1.0,-0.0769876525809577,0.9230123474190423,0.3278826894091239,-1,-1,0,1,1
20210401T124246.A_Elmo.B_KN.SCP_01,11,A1,1.0,0.35453560748358814,-0.6454643925164119,0.3321956322187934,1,1,0,0,0
20210401T124246.A_Elmo.B_KN.SCP_01,12,A1,-0.5366248551662747,-0.14788405873772573,0.388740796428549,-0.2565435828621328,-1,-1,0,1,1
20210401T124246.A_Elmo.B_KN.SCP_01,13,A1,-0.6749433370780975,0.1443717452416187,0.8193150823197162,0.3720641246073424,-1,1,1,1,1
20210401T124246.A_Elmo.B_KN.SCP_01,14,A1,-0.25036219702898943,-0.05874735291090579,0.19161484411808363,0.19838634918031198,-1,-1,0,1,1
20210401T124246.A_Elmo.B_KN.SCP_01,15,A1,-0.9077820660422091,-1.0,-0.09221793395779088,0.03770636485648758,-1,-1,0,0,0
20210401T124246.A_Elmo.B_KN.SCP_01,16,A1,-0.027926633808421582,0.32414720020658133,0.3520738340150029,0.1715835533857085,-1,1,1,1,1
20210401T124246.A_Elmo.B_KN.SCP_01,17,A1,0.4166778197513725,1.0,0.5833221802486275,0.045272303463909806,1,1,0,1,0
20210401T124246.A_Elmo.B_KN.SCP_01,18,A1,1.0,0.3440881295127734,-0.6559118704872267,0.41961577798978056,1,1,0,1,1
20210401T124246.A_Elmo.B_KN.SCP_01,19,A1,-0.030283222356226037,0.7930249726692301,0.8233081950254562,0.1934212811200554,-1,1,1,1,1
20210401T124246.A_Elmo.B_KN.SCP_01,20,A1,0.6198004566386656,0.371805438287331,-0.24799501835133458,0.8312405075944153,1,1,0,1,1
20210401T124246.A_Elmo.B_KN.SCP_01,21,A1,-0.4854729423623346,0.5025832678594343,0.9880562102217689,0.10295420321128336,-1,1,1,0,1
20210401T124246.A_Elmo.B_KN.SCP_01,22,A1,1.0,0.10085144226021595,-0.8991485577397841,0.24617300344894985,1,1,0,0,1
20210401T124246.A_Elmo.B_KN.SCP_01,23,A1,-0.3173701026734947,-0.08893024109744518,0.2284398615760495,0.3239939301650361,-1,-1,0,1,1
20210401T124246.A_Elmo.B_KN.SCP_01,24,A1,-0.09123330394314606,1.0,1.091233303943146,-0.2805382157405173,-1,1,1,1,1
20210401T124246.A_Elmo.B_KN.SCP_01,25,A1,-0.6439182696522417,-0.29210821420170463,0.3518100554505371,0.17759844730854416,-1,-1,0,0,0
20210401T124246.A_Elmo.B_KN.SCP_01,26,A1,1.0,0.5286525699354709,-0.47134743006452906,0.5890023818225169,1,1,0,1,1
20210401T124246.A_Elmo.B_KN.SCP_01,27,A1,-0.6786211181251901,0.09561513005856186,0.7742362481837519,0.1968105795985927,-1,1,1,0,0
20210401T124246.A_Elmo.B_KN.SCP_01,28,A1,-0.9976153021813502,-0.9207876909520415,0.0768276112293087,0.6501076688200997,-1,-1,0,1,1
20210401T124246.A_Elmo.B_KN.SCP_01,29,A1,-0.4590137583835768,-0.05054542548137386,0.4084683329022029,0.23168944626257096,-1,-1,0,0,1
20210401T124246.A_Elmo.B_KN.SCP_01,30,A1,-0.03764549153775137,-0.44515356072642176,-0.4075080691886704,0.08836727990068038,-1,-1,0,1,1
20210401T124246.A_Elmo.B_KN.SCP_01,31,A1,-0.6679666926928784,-0.29110612784790235,0.3768605648449761,0.1806725166910834,-1,-1,0,0,1
20210401T124246.A_Elmo.B_KN.SCP_01,32,A1,-0.37405225354255295,-1.0,-0.625947746457447,0.7943973257236796,-1,-1,0,1,1
20210401T124246.A_Elmo.B_KN.SCP_01,33,A2,-0.14375809878044302,-0.3153659260568841,-0.1716078272764411,0.18720509476417202,-1,-1,0,1,1
20210401T124246.A_Elmo.B_KN.SCP_01,34,A2,0.06149014581968144,0.01837303359283945,-0.04311711222684199,0.29764994376296444,1,1,0,0,0
20210401T124246.A_Elmo.B_KN.SCP_01,35,A2,-0.0912429505837216,-0.04225470615888047,0.048988244424841135,0.03788116587988534,-1,-1,0,1,0
20210401T124246.A_Elmo.B_KN.SCP_01,36,A2,-0.24535037552609557,0.46325443715217973,0.7086048126782754,0.20338394348032804,-1,1,1,0,0
20210401T124246.A_Elmo.B_KN.SCP_01,37,A2,0.4345428253622091,-0.5604128644483011,-0.9949556898105102,-0.31585516433452804,1,-1,1,0,0
20210401T124246.A_Elmo.B_KN.SCP_01,38,A2,-0.5315952341883183,0.48342015648405984,1.0150153906723782,-0.22631668296528187,-1,1,1,0,0
20210401T124246.A_Elmo.B_KN.SCP_01,39,A2,-0.2356113264121602,-0.4555668436276367,-0.21995551721547651,0.4118314672960069,-1,-1,0,1,1
20210401T124246.A_Elmo.B_KN.SCP_01,40,A2,-1.0,-1.0,0.0,-0.12983460938964778,-1,-1,0,0,0
20210401T124246.A_Elmo.B_KN.SCP_01,41,A2,0.0796026626677324,-0.48392047646356867,-0.563523139131301,0.31954809883875995,1,-1,1,1,1
20210401T124246.A_Elmo.B_KN.SCP_01,42,A2,0.2340153868562193,-1.0,-1.2340153868562194,0.20342084631788024,1,-1,1,0,0
20210401T124246.A_Elmo.B_KN.SCP_01,43,A2,-0.025254950601064072,-0.0918690065679766,-0.06661405596691253,0.07855167583127642,-1,-1,0,0,0
20210401T124246.A_Elmo.B_KN.SCP_01,44,A2,-0.009202517765219898,-0.34186624289307344,-0.3326637251278535,-0.26075785242957455,-1,-1,0,0,0
20210401T124246.A_Elmo.B_KN.SCP_01,45,A2,-1.0,1.0,2.0,-0.03526793226130711,-1,1,1,0,0
20210401T124246.A_Elmo.B_KN.SCP_01,46,A2,-0.22525515465768106,-0.2362190287683397,-0.010963874110658633,0.022253686469507178,-1,-1,0,0,0
20210401T124246.A_Elmo.B_KN.SCP_01,47,A2,-0.4689866696371103,-0.4752083902894958,-0.006221720652385521,-0.03729187913297858,-1,-1,0,0,0
20210401T124246.A_Elmo.B_KN.SCP_01,48,A2,-0.8197346921613833,1.0,1.8197346921613833,-0.10329807246945534,-1,1,1,0,0
20210401T124246.A_Elmo.B_KN.SCP_01,49,A2,-0.6171364063090291,-0.04132757325181941,0.5758088330572096,-0.013879730467268519,-1,-1,0,1,0
20210401T124246.A_Elmo.B_KN.SCP_01,50,A2,-1.0,0.1412634458756522,1.1412634458756523,0.02421348719558571,-1,1,1,1,1
20210401T124246.A_Elmo.B_KN.SCP_01,51,A2,-0.2030911760013953,0.767731256106718,0.9708224321081134,-0.3335385063121732,-1,1,1,1,0
20210401T124246.A_Elmo.B_KN.SCP_01,52,A2,-0.744978379441552,-0.4195508881827289,0.3254274912588231,-0.040877716357109496,-1,-1,0,0,1
20210401T124246.A_Elmo.B_KN.SCP_01,53,A2,-1.0,0.49085043714219617,1.4908504371421962,-0.1278953402805258,-1,1,1,1,0
20210401T124246.A_Elmo.B_KN.SCP_01,54,A2,-1.0,0.40955646585730626,1.4095564658573063,0.26744192143538603,-1,1,1,1,1
20210401T124246.A_Elmo.B_KN.SCP_01,55,A2,0.092989166123326,0.2494048717641762,0.1564157056408502,0.7803503029820851,1,1,0,1,1
20210401T124246.A_Elmo.B_KN.SCP_01,56,A2,-0.41460804336600027,-0.42180099405900084,-0.007192950693000577,-0.0010948422331998346,-1,-1,0,1,1
20210401T124246.A_Elmo.B_KN.SCP_01,57,A2,-0.26942271226772685,-0.09711732984827838,0.17230538241944848,-0.26243218582028166,-1,-1,0,1,1
20210401T124246.A_Elmo.B_KN.SCP_01,58,A2,1.0,1.0,0.0,0.14665530790268708,1,1,0,0,0
20210401T124246.A_Elmo.B_KN.SCP_01,59,A2,-0.18977381453843803,-0.36082996155031216,-0.17105614701187413,0.1735661788726832,-1,-1,0,1,1
20210401T124246.A_Elmo.B_KN.SCP_01,60,A2,0.2754687235048346,1.0,0.7245312764951655,0.31959182151128707,1,1,0,0,0
20210401T124246.A_Elmo.B_KN.SCP_01,61,A2,-0.02881835896408667,0.05043775005390447,0.07925610901799114,0.08029927898092588,-1,1,1,0,0
20210401T124246.A_Elmo.B_KN.SCP_01,62,A2,-1.0,0.2632143244565652,1.2632143244565652,-0.13983786446762064,-1,1,1,0,0
20210401T124246.A_Elmo.B_KN.SCP_01,63,A2,-0.3222781162380828,-0.5697254622545223,-0.24744734601643947,-0.028552920000562452,-1,-1,0,1,1
20210401T124246.A_Elmo.B_KN.SCP_01,64,A2,1.0,-1.0,-2.0,-0.010018560753045289,1,-1,1,0,0
20210401T124246.A_Elmo.B_KN.SCP_01,65,A3,-0.4635314677436651,0.04830132495229078,0.5118327926959558,0.018523537706071295,-1,1,1,1,0
20210401T124246.A_Elmo.B_KN.SCP_01,66,A3,-0.2509585814741257,-1.0,-0.7490414185258742,0.320114018630551,-1,-1,0,0,0
20210401T124246.A_Elmo.B_KN.SCP_01,67,A3,0.07648344540498078,0.011664680393226696,-0.06481876501175408,0.1615304969067091,1,1,0,0,0
20210401T124246.A_Elmo.B_KN.SCP_01,68,A3,0.14387296816166198,0.15588594243331,0.01201297427164802,0.19744619174332248,1,1,0,0,0
20210401T124246.A_Elmo.B_KN.SCP_01,69,A3,-0.14737530465474277,-0.26913130452793366,-0.12175599987319088,-0.35023584893547993,-1,-1,0,0,0
20210401T124246.A_Elmo.B_KN.SCP_01,70,A3,-0.01575036994811113,0.08789543754342437,0.1036458074915355,0.18798558381023167,-1,1,1,0,0
20210401T124246.A_Elmo.B_KN.SCP_01,71,A3,0.03179622834169132,0.14219303232883482,0.1103968039871435,0.23962149424306486,1,1,0,0,0
20210401T124246.A_Elmo.B_KN.SCP_01,72,A3,0.5512531887459957,0.3888772504782401,-0.1623759382677556,-0.1317152498132034,1,1,0,0,0
20210401T124246.A_Elmo.B_KN.SCP_01,73,A3,-0.5801249924189203,-0.152859345981089,0.4272656464378314,0.004546542255115283,-1,-1,0,0,0
20210401T124246.A_Elmo.B_KN.SCP_01,74,A3,-0.23711059489522932,-0.09179250543494699,0.14531808946028232,0.18087937311167557,-1,-1,0,0,0
20210401T124246.A_Elmo.B_KN.SCP_01,75,A3,0.19338918020405343,0.361595775300622,0.16820659509656855,0.17883369693362408,1,1,0,0,0
20210401T124246.A_Elmo.B_KN.SCP_01,76,A3,-0.7860504796009721,0.39440557016653793,1.18045604976751,-0.07145246877582918,-1,1,1,0,0
20210401T124246.A_Elmo.B_KN.SCP_01,77,A3,1.0,1.0,0.0,0.6256222078723443,1,1,0,0,1
20210401T124246.A_Elmo.B_KN.SCP_01,78,A3,-0.2613109165405257,0.04324388969642837,0.3045548062369541,0.026099808123595872,-1,1,1,0,0
20210401T124246.A_Elmo.B_KN.SCP_01,79,A3,-0.873659630147112,-0.2631983176800048,0.6104613124671072,0.11265626388583777,-1,-1,0,0,1
20210401T124246.A_Elmo.B_KN.SCP_01,80,A3,-0.23700552763934501,-0.09443984627919146,0.14256568136015357,-0.1712267053245644,-1,-1,0,0,0
20210401T124246.A_Elmo.B_KN.SCP_01,81,A3,0.3818531965247269,1.0,0.6181468034752731,0.3820281618077731,1,1,0,1,1
20210401T124246.A_Elmo.B_KN.SCP_01,82,A3,1.0,1.0,0.0,-0.011892929218638413,1,1,0,0,0
20210401T124246.A_Elmo.B_KN.SCP_01,83,A3,1.0,0.06106004084194159,-0.9389399591580584,0.02375808731562499,1,1,0,0,0
20210401T124246.A_Elmo.B_KN.SCP_01,84,A3,-0.32497984280306175,0.54689959528336,0.8718794380864217,-0.2324252177411819,-1,1,1,0,0
20210401T124246.A_Elmo.B_KN.SCP_01,85,A3,-0.27578521895234065,-0.20624600054806363,0.06953921840427701,-0.15465351959662785,-1,-1,0,0,0
20210401T124246.A_Elmo.B_KN.SCP_01,86,A3,0.10285296410659844,0.3789242217224265,0.27607125761582807,0.14860197193894834,1,1,0,0,0
20210401T124246.A_Elmo.B_KN.SCP_01,87,A3,1.0,1.0,0.0,0.09911973920031573,1,1,0,0,0
20210401T124246.A_Elmo.B_KN.SCP_01,88,A3,0.322970711077067,0.10011010566322896,-0.222860605413838,-0.0732948277921265,1,1,0,0,0
20210401T124246.A_Elmo.B_KN.SCP_01,89,A3,-0.5278516769934023,-0.1957542625557717,0.33209741443763063,0.32598257076389653,-1,-1,0,0,0
20210401T124246.A_Elmo.B_KN.SCP_01,90,A3,-0.07444564275337344,0.10455923107051068,0.17900487382388414,-0.13814579513123498,-1,1,1,0,0
20210401T124246.A_Elmo.B_KN.SCP_01,91,A3,0.1155953526067423,0.059383700006764614,-0.05621165259997768,-0.05088471057100222,1,1,0,0,0
20210401T124246.A_Elmo.B_KN.SCP_01,92,A3,-0.1563359319658517,-0.07040727419932424,0.08592865776652744,-0.17438506422480102,-1,-1,0,0,0
20210401T124246.A_Elmo.B_KN.SCP_01,93,A3,1.0,1.0,0.0,-0.09272084863140828,1,1,0,0,0
20210401T124246.A_Elmo.B_KN.SCP_01,94,A3,-0.32225089814933994,0.11095172207823203,0.43320262022757194,-0.053349692352976014,-1,1,1,0,0
20210401T124246.A_Elmo.B_KN.SCP_01,95,A3,0.0890867578719005,0.01839343066608115,-0.07069332720581935,-0.17907105561959935,1,1,0,0,0
20210401T124246.A_Elmo.B_KN.SCP_01,96,A3,0.08950591758248874,0.034431980402879855,-0.05507393717960889,-0.11113485080791888,1,1,0,0,0
20210401T124246.A_Elmo.B_KN.SCP_01,97,A4,0.30899096531756615,0.2726833868159804,-0.036307578501585724,0.7777243178411599,1,1,0,1,1
20210401T124246.A_Elmo.B_KN.SCP_01,98,A4,0.22338832595429256,-0.1076430819517269,-0.3310314079060195,0.2699272786312675,1,-1,1,1,1
20210401T124246.A_Elmo.B_KN.SCP_01,99,A4,0.06050425575547722,-0.5389947209663024,-0.5994989767217797,0.797555169929237,1,-1,1,1,1
20210401T124246.A_Elmo.B_KN.SCP_01,100,A4,0.02717006145047556,0.38396352360205055,0.356793462151575,-0.1188199851986933,1,1,0,1,1
20210401T124246.A_Elmo.B_KN.SCP_01,101,A4,-0.13194780259140956,-0.14917706334800582,-0.017229260756596254,0.5536375022399772,-1,-1,0,1,1
20210401T124246.A_Elmo.B_KN.SCP_01,102,A4,0.051269962218110005,0.0005856402253928948,-0.05068432199271711,0.023970475969512257,1,1,0,1,1
20210401T124246.A_Elmo.B_KN.SCP_01,103,A4,0.12340396876592882,0.12735306196445825,0.00394909319852943,-0.18308019691341956,1,1,0,1,1
20210401T124246.A_Elmo.B_KN.SCP_01,104,A4,-0.152729485109796,-0.09114196622233862,0.06158751888745738,0.4356568619652656,-1,-1,0,1,1
20210401T124246.A_Elmo.B_KN.SCP_01,105,A4,0.003194209472825453,-0.27874099210470205,-0.2819352015775275,0.1960378777183853,1,-1,1,1,1
20210401T124246.A_Elmo.B_KN.SCP_01,106,A4,0.02806809958188681,-0.11217015698250422,-0.14023825656439104,0.44095925093019916,1,-1,1,1,1
20210401T124246.A_Elmo.B_KN.SCP_01,107,A4,-0.0088211113982998,-0.05302455510393933,-0.04420344370563953,0.3469382799331586,-1,-1,0,1,1
20210401T124246.A_Elmo.B_KN.SCP_01,108,A4,-0.033324699249087104,-0.8532518877214772,-0.8199271884723901,0.4497294471487365,-1,-1,0,0,0
20210401T124246.A_Elmo.B_KN.SCP_01,109,A4,-0.0137836212940176,-0.41230458531725367,-0.39852096402323606,-0.08469460274692284,-1,-1,0,1,1
20210401T124246.A_Elmo.B_KN.SCP_01,110,A4,-0.4802266571055433,-1.0,-0.5197733428944566,-0.2662562211123326,-1,-1,0,0,0
20210401T124246.A_Elmo.B_KN.SCP_01,111,A4,0.029072742155495174,-0.04038097051029098,-0.06945371266578615,0.11863394390610218,1,-1,1,1,1
20210401T124246.A_Elmo.B_KN.SCP_01,112,A4,0.12511203499270515,-0.045473838245489076,-0.17058587323819424,0.11745899686311193,1,-1,1,1,1
20210401T124246.A_Elmo.B_KN.SCP_01,113,A4,0.5149350225884914,0.19579493015046448,-0.319140092438027,0.7156533472705504,1,1,0,1,1
20210401T124246.A_Elmo.B_KN.SCP_01,114,A4,0.08155679523616138,-0.034828611782526726,-0.1163854070186881,0.06712935574640515,1,-1,1,1,1
20210401T124246.A_Elmo.B_KN.SCP_01,115,A4,-0.05969798227816993,-0.26562160705914645,-0.20592362478097653,0.7757578116979947,-1,-1,0,1,1
20210401T124246.A_Elmo.B_KN.SCP_01,116,A4,0.03591096846163262,-0.030505242211237064,-0.06641621067286968,0.021999666234100254,1,-1,1,1,1
20210401T124246.A_Elmo.B_KN.SCP_01,117,A4,-0.10732609990256838,-0.08082036663025989,0.026505733272308485,0.7633521536230049,-1,-1,0,1,1
20210401T124246.A_Elmo.B_KN.SCP_01,118,A4,0.00592504583401378,0.0409696257621694,0.03504457992815562,0.6180286699480902,1,1,0,1,1
20210401T124246.A_Elmo.B_KN.SCP_01,119,A4,0.03949736487461562,0.17108105877229351,0.13158369389767788,0.0970101141724626,1,1,0,1,1
20210401T124246.A_Elmo.B_KN.SCP_01,120,A4,0.03250282146267885,0.010774304746691533,-0.021728516715987314,0.5308939670084782,1,1,0,1,1
20210401T124246.A_Elmo.B_KN.SCP_01,121,A4,0.11516854098095192,0.09818124208015859,-0.016987298900793327,0.36653624395271167,1,1,0,1,1
20210401T124246.A_Elmo.B_KN.SCP_01,122,A4,-0.009615147724751319,0.014397771106254833,0.024012918831006154,0.48147625470159916,-1,1,1,1,1
20210401T124246.A_Elmo.B_KN.SCP_01,123,A4,0.022044469738926407,-0.11528131672202707,-0.13732578646095348,0.414699610535905,1,-1,1,1,1
20210401T124246.A_Elmo.B_KN.SCP_01,124,A4,0.25807592019146136,0.06633959142375573,-0.19173632876770563,0.3653824909402005,1,1,0,1,1
20210401T124246.A_Elmo.B_KN.SCP_01,125,A4,0.0242215664022395,-0.16101050350406496,-0.18523206990630445,0.39935530033809313,1,-1,1,1,1
20210401T124246.A_Elmo.B_KN.SCP_01,126,A4,-0.19449114589740849,-0.28050472327550274,-0.08601357737809426,0.7743613137464895,-1,-1,0,1,1
20210401T124246.A_Elmo.B_KN.SCP_01,127,A4,0.09755351964152317,0.07383811738187558,-0.02371540225964759,0.14661989362527064,1,1,0,1,1
20210401T124246.A_Elmo.B_KN.SCP_01,128,A4,0.15724437274732952,0.13951391779475186,-0.017730454952577662,-0.03867211780954619,1,1,0,1,1
20210401T124246.A_Elmo.B_KN.SCP_01,129,A5,0.21578000314008458,0.09852787151925235,-0.11725213162083223,0.34061714281914574,1,1,0,1,1
20210401T124246.A_Elmo.B_KN.SCP_01,130,A5,-0.1266785058945141,-0.06680587108873128,0.05987263480578282,0.3015192572652645,-1,-1,0,1,1
20210401T124246.A_Elmo.B_KN.SCP_01,131,A5,0.017521868415416527,0.0457884129210931,0.02826654450567657,0.35850249762349756,1,1,0,1,1
20210401T124246.A_Elmo.B_KN.SCP_01,132,A5,1.0,0.19999495209535129,-0.8000050479046488,0.4573844319057465,1,1,0,1,1
20210401T124246.A_Elmo.B_KN.SCP_01,133,A5,0.8782325110866938,0.4999391433455284,-0.37829336774116534,0.5399375044903629,1,1,0,1,1
20210401T124246.A_Elmo.B_KN.SCP_01,134,A5,0.36511526061345806,0.2153872944865536,-0.14972796612690445,0.27444969522420054,1,1,0,1,1
20210401T124246.A_Elmo.B_KN.SCP_01,135,A5,0.23685730857763113,0.36582398697254603,0.1289666783949149,-0.10004385965551166,1,1,0,1,1
20210401T124246.A_Elmo.B_KN.SCP_01,136,A5,0.38575967954224666,0.38653582812041537,0.0007761485781687116,0.21426777780694253,1,1,0,1,1
20210401T124246.A_Elmo.B_KN.SCP_01,137,A5,-0.34114648178621343,0.6204550229257899,0.9616015047120033,0.3847174914729626,-1,1,1,0,1
20210401T124246.A_Elmo.B_KN.SCP_01,138,A5,-0.8941302764633006,-0.7265150070003644,0.16761526946293615,-0.1190034157107995,-1,-1,0,0,0
20210401T124246.A_Elmo.B_KN.SCP_01,139,A5,0.05862440876098329,-0.011095823131972105,-0.0697202318929554,-0.04732616152886054,1,-1,1,0,0
20210401T124246.A_Elmo.B_KN.SCP_01,140,A5,0.982072156620324,-0.9429910930214365,-1.9250632496417603,0.012321218465127388,1,-1,1,0,0
20210401T124246.A_Elmo.B_KN.SCP_01,141,A5,1.0,-0.1932043980233536,-1.1932043980233535,-0.04021037873721573,1,-1,1,0,0
20210401T124246.A_Elmo.B_KN.SCP_01,142,A5,0.15125063784835766,0.20508446725890958,0.053833829410551925,0.13998510614449083,1,1,0,0,0
20210401T124246.A_Elmo.B_KN.SCP_01,143,A5,1.0,0.08089705076807385,-0.9191029492319261,0.32815408860061496,1,1,0,0,0
20210401T124246.A_Elmo.B_KN.SCP_01,144,A5,-1.0,0.7670067044368434,1.7670067044368434,-0.11027248218651445,-1,1,1,0,0
20210401T124246.A_Elmo.B_KN.SCP_01,145,A5,-0.401590807986177,-0.48918801636124265,-0.08759720837506563,0.42674437762065537,-1,-1,0,1,1
20210401T124246.A_Elmo.B_KN.SCP_01,146,A5,-1.0,0.011005540491194675,1.0110055404911946,0.03993370314506044,-1,1,1,0,1
20210401T124246.A_Elmo.B_KN.SCP_01,147,A5,0.06397158342833978,-1.0,-1.0639715834283399,0.15238843127363824,1,-1,1,0,1
20210401T124246.A_Elmo.B_KN.SCP_01,148,A5,0.058894403546978856,0.5637290999932965,0.5048346964463176,-0.28163163810882696,1,1,0,0,1
20210401T124246.A_Elmo.B_KN.SCP_01,149,A5,0.5383299777833939,-0.0813823523092963,-0.6197123300926901,0.13658919264606803,1,-1,1,1,1
20210401T124246.A_Elmo.B_KN.SCP_01,150,A5,-0.18429112835913483,0.24167887918525355,0.4259700075443884,0.2760313050677034,-1,1,1,1,1
20210401T124246.A_Elmo.B_KN.SCP_01,151,A5,0.8383514040877299,1.0,0.1616485959122701,0.3214604123340258,1,1,0,0,0
20210401T124246.A_Elmo.B_KN.SCP_01,152,A5,-0.07775061824700503,-0.33766109420900814,-0.2599104759620031,0.2836836655921966,-1,-1,0,1,1
20210401T124246.A_Elmo.B_KN.SCP_01,153,A5,-0.23194834021968352,-0.6603143177695475,-0.428365977549864,0.22663302695617005,-1,-1,0,1,0
20210401T124246.A_Elmo.B_KN.SCP_01,154,A5,-0.026305178401418116,0.0007065725140493703,0.027011750915467488,0.43196363675787064,-1,1,1,1,1
20210401T124246.A_Elmo.B_KN.SCP_01,155,A5,0.08605141069672037,0.25186589641128687,0.1658144857145665,0.20118815823748137,1,1,0,0,0
20210401T124246.A_Elmo.B_KN.SCP_01,156,A5,-1.0,1.0,2.0,0.25252814150380976,-1,1,1,0,0
20210401T124246.A_Elmo.B_KN.SCP_01,157,A5,0.017908472194842685,0.38365984889962756,0.36575137670478486,-0.10012459014751443,1,1,0,0,0
20210401T124246.A_Elmo.B_KN.SCP_01,158,A5,0.7165627539459247,1.0,0.2834372460540753,0.13143010325051613,1,1,0,0,0
20210401T124246.A_Elmo.B_KN.SCP_01,159,A5,0.061269407225590614,0.6101834300619665,0.5489140228363759,-0.02291132852072002,1,1,0,0,0
20210401T124246.A_Elmo.B_KN.SCP_01,160,A5,0.6184750086441916,0.5257848617764231,-0.09269014686776844,0.3065274717542637,1,1,0,1,1
20210416T105525.A_Elmo.B_KN.SCP_01,1,A1,-1.0,-0.3631817792276112,0.6368182207723888,-0.09398216184683815,-1,-1,0,1,0
20210416T105525.A_Elmo.B_KN.SCP_01,2,A1,-0.1983153167876152,-0.4987913322913863,-0.3004760155037711,-0.1031114238088333,-1,-1,0,1,1
20210416T105525.A_Elmo.B_KN.SCP_01,3,A1,-1.0,-0.6801641971613231,0.31983580283867685,0.3418464766695233,-1,-1,0,0,0
20210416T105525.A_Elmo.B_KN.SCP_01,4,A1,-0.5368530075864201,0.07667096620339926,0.6135239737898194,-0.14418616426945172,-1,1,1,1,1
20210416T105525.A_Elmo.B_KN.SCP_01,5,A1,-0.26287878483526733,0.15291255358300343,0.41579133841827076,-0.18715523107328808,-1,1,1,1,1
20210416T105525.A_Elmo.B_KN.SCP_01,6,A1,-1.0,-0.16385189011673934,0.8361481098832606,0.03224069059661435,-1,-1,0,1,1
20210416T105525.A_Elmo.B_KN.SCP_01,7,A1,-1.0,-0.05640411739921833,0.9435958826007816,-0.12448187122123222,-1,-1,0,1,1
20210416T105525.A_Elmo.B_KN.SCP_01,8,A1,-0.133441124627414,-0.13262916510069417,0.0008119595267198354,0.15722893249616599,-1,-1,0,1,1
20210416T105525.A_Elmo.B_KN.SCP_01,9,A1,-0.22512764655886316,-0.4694944743255075,-0.24436682776664434,0.33459272266580975,-1,-1,0,0,0
20210416T105525.A_Elmo.B_KN.SCP_01,10,A1,-1.0,-0.9208906849650085,0.07910931503499152,0.5664997225999597,-1,-1,0,1,1
20210416T105525.A_Elmo.B_KN.SCP_01,11,A1,0.017157256105913888,-0.019578171828484734,-0.03673542793439862,0.2456640257147043,1,-1,1,1,0
20210416T105525.A_Elmo.B_KN.SCP_01,12,A1,-0.5162814353591889,-0.20741233716541732,0.3088690981937716,-0.11919211214524296,-1,-1,0,1,1
20210416T105525.A_Elmo.B_KN.SCP_01,13,A1,-0.9227221356422199,-0.22703869594561002,0.69568343969661,0.09042087640286793,-1,-1,0,1,1
20210416T105525.A_Elmo.B_KN.SCP_01,14,A1,0.0023815380714275716,-0.0006484335051978493,-0.003029971576625421,-0.17332320908273258,1,-1,1,0,1
20210416T105525.A_Elmo.B_KN.SCP_01,15,A1,0.044364446494187956,-0.1335480263211327,-0.17791247281532063,-0.1402029926840703,1,-1,1,1,1
20210416T105525.A_Elmo.B_KN.SCP_01,16,A1,0.8053682219436984,-0.11962305749536943,-0.9249912794390678,-0.0019507093888534925,1,-1,1,1,1
20210416T105525.A_Elmo.B_KN.SCP_01,17,A1,-1.0,-1.0,0.0,-0.03187930598647421,-1,-1,0,1,0
20210416T105525.A_Elmo.B_KN.SCP_01,18,A1,-0.18903437948023244,0.07082549513247893,0.2598598746127114,0.4133528791548934,-1,1,1,0,0
20210416T105525.A_Elmo.B_KN.SCP_01,19,A1,-0.2639555946508061,-0.2033979455386361,0.06055764911216999,0.07443204658331055,-1,-1,0,1,1
20210416T105525.A_Elmo.B_KN.SCP_01,20,A1,0.012876347792498017,0.013932429789882067,0.0010560819973840507,0.43608123732722265,1,1,0,1,1
20210416T105525.A_Elmo.B_KN.SCP_01,21,A1,-0.11977477906121525,-1.0,-0.8802252209387847,0.22640157662200186,-1,-1,0,0,0
20210416T105525.A_Elmo.B_KN.SCP_01,22,A1,0.138536500171396,0.24822571250704314,0.10968921233564716,0.03929243188719417,1,1,0,0,0
20210416T105525.A_Elmo.B_KN.SCP_01,23,A1,0.02201113211891342,0.13135192138739854,0.10934078926848512,0.1742580795534779,1,1,0,0,0
20210416T105525.A_Elmo.B_KN.SCP_01,24,A1,-0.15384319618952502,0.6716667256613574,0.8255099218508825,-0.11514383379884231,-1,1,1,1,1
20210416T105525.A_Elmo.B_KN.SCP_01,25,A1,-0.4582697072493387,1.0,1.4582697072493387,-0.047806579718731014,-1,1,1,1,0
20210416T105525.A_Elmo.B_KN.SCP_01,26,A1,1.0,1.0,0.0,0.5952625375892825,1,1,0,1,1
20210416T105525.A_Elmo.B_KN.SCP_01,27,A1,-1.0,1.0,2.0,-0.09407012907446854,-1,1,1,0,0
20210416T105525.A_Elmo.B_KN.SCP_01,28,A1,-1.0,-1.0,0.0,0.29789497210182675,-1,-1,0,1,1
20210416T105525.A_Elmo.B_KN.SCP_01,29,A1,0.4550951461054864,1.0,0.5449048538945136,-0.03014220563931048,1,1,0,1,1
20210416T105525.A_Elmo.B_KN.SCP_01,30,A1,-0.0358235365014432,0.07202012078500153,0.10784365728644474,0.20616414329625793,-1,1,1,0,1
20210416T105525.A_Elmo.B_KN.SCP_01,31,A1,-0.0865222836738984,0.21617304148909686,0.30269532516299524,-0.0844384444213035,-1,1,1,1,1
20210416T105525.A_Elmo.B_KN.SCP_01,32,A1,-0.3571303385366082,-1.0,-0.6428696614633918,0.2795749456952234,-1,-1,0,1,1
20210416T105525.A_Elmo.B_KN.SCP_01,33,A2,-0.44105456998879977,-0.07452836763779075,0.366526202351009,0.06252839363445123,-1,-1,0,0,1
20210416T105525.A_Elmo.B_KN.SCP_01,34,A2,0.14697403962231503,0.015725481487348137,-0.1312485581349669,-0.09918353977927506,1,1,0,0,1
20210416T105525.A_Elmo.B_KN.SCP_01,35,A2,-0.24668122424368755,0.404513897405283,0.6511951216489705,0.09208244599191842,-1,1,1,0,1
20210416T105525.A_Elmo.B_KN.SCP_01,36,A2,0.0008388736332361458,0.12108091077674131,0.12024203714350516,0.061287535268572356,1,1,0,0,1
20210416T105525.A_Elmo.B_KN.SCP_01,37,A2,-1.0,0.5329640894298874,1.5329640894298873,0.3736827300254294,-1,1,1,0,0
20210416T105525.A_Elmo.B_KN.SCP_01,38,A2,-1.0,-0.5219726781304719,0.4780273218695281,0.29825913078129773,-1,-1,0,0,0
20210416T105525.A_Elmo.B_KN.SCP_01,39,A2,-0.19388938039337908,-0.289360061044479,-0.0954706806510999,0.17488758583974234,-1,-1,0,1,1
20210416T105525.A_Elmo.B_KN.SCP_01,40,A2,1.0,-1.0,-2.0,-0.00645536933519134,1,-1,1,0,0
20210416T105525.A_Elmo.B_KN.SCP_01,41,A2,-0.40517397128848354,-0.36212810739887297,0.04304586388961057,-0.10179864195409538,-1,-1,0,1,1
20210416T105525.A_Elmo.B_KN.SCP_01,42,A2,-0.2884735299614007,-0.1750617640563182,0.11341176590508248,-0.29865346072147547,-1,-1,0,0,0
20210416T105525.A_Elmo.B_KN.SCP_01,43,A2,-0.8257489393837698,-0.9519908432089973,-0.12624190382522749,-0.43842469931412414,-1,-1,0,0,0
20210416T105525.A_Elmo.B_KN.SCP_01,44,A2,0.2687375110926469,-0.12671498230670644,-0.3954524933993533,-0.11739969147443724,1,-1,1,0,0
20210416T105525.A_Elmo.B_KN.SCP_01,45,A2,0.07566658505279454,-0.19109456004537928,-0.26676114509817384,0.3013332675831908,1,-1,1,0,0
20210416T105525.A_Elmo.B_KN.SCP_01,46,A2,-1.0,0.396818676881594,1.396818676881594,0.1417718512486245,-1,1,1,0,0
20210416T105525.A_Elmo.B_KN.SCP_01,47,A2,-1.0,-0.49528202075959976,0.5047179792404002,0.031209285296783226,-1,-1,0,0,0
20210416T105525.A_Elmo.B_KN.SCP_01,48,A2,-0.3183201223139725,-0.5259204275167602,-0.20760030520278766,0.15078342988756427,-1,-1,0,0,0
20210416T105525.A_Elmo.B_KN.SCP_01,49,A2,-0.24917545850555453,0.02733944525249561,0.27651490375805016,0.5162034996760794,-1,1,1,1,1
20210416T105525.A_Elmo.B_KN.SCP_01,50,A2,-0.707409090133378,0.09240802818131055,0.7998171183146886,-0.3399515027789627,-1,1,1,1,1
20210416T105525.A_Elmo.B_KN.SCP_01,51,A2,0.0490938531459721,0.09555028673719484,0.04645643359122274,0.09607951392404666,1,1,0,0,0
20210416T105525.A_Elmo.B_KN.SCP_01,52,A2,-1.0,0.3512427215803639,1.351242721580364,-0.15388439520940864,-1,1,1,0,0
20210416T105525.A_Elmo.B_KN.SCP_01,53,A2,-0.34246136487149076,-0.042856013341259956,0.2996053515302308,-0.006173575843751655,-1,-1,0,0,0
20210416T105525.A_Elmo.B_KN.SCP_01,54,A2,-1.0,-0.02364679189690492,0.9763532081030951,0.43685968727975966,-1,-1,0,1,1
20210416T105525.A_Elmo.B_KN.SCP_01,55,A2,-0.13192872356369995,-0.18112666504135794,-0.04919794147765799,0.25957118058027095,-1,-1,0,1,1
20210416T105525.A_Elmo.B_KN.SCP_01,56,A2,-0.564408877558724,0.016116308770904773,0.5805251863296288,-0.16905583700462923,-1,1,1,0,0
20210416T105525.A_Elmo.B_KN.SCP_01,57,A2,-0.1251945213849886,0.19476278456926466,0.31995730595425326,-0.0664496004734389,-1,1,1,0,0
20210416T105525.A_Elmo.B_KN.SCP_01,58,A2,1.0,1.0,0.0,-0.06788761048363888,1,1,0,0,0
20210416T105525.A_Elmo.B_KN.SCP_01,59,A2,-0.13872502721545477,-0.4263651580294398,-0.28764013081398504,-0.010736848465141936,-1,-1,0,1,1
20210416T105525.A_Elmo.B_KN.SCP_01,60,A2,-0.35924515771211346,1.0,1.3592451577121134,0.10786015178156111,-1,1,1,0,0
20210416T105525.A_Elmo.B_KN.SCP_01,61,A2,-0.15230706814809733,-0.1839749817038517,-0.03166791355575438,0.14772314798324301,-1,-1,0,0,0
20210416T105525.A_Elmo.B_KN.SCP_01,62,A2,-0.5965102085479993,0.2928091996718585,0.8893194082198578,0.11735814961406965,-1,1,1,0,0
20210416T105525.A_Elmo.B_KN.SCP_01,63,A2,-1.0,-1.0,0.0,0.2933277285502697,-1,-1,0,0,1
20210416T105525.A_Elmo.B_KN.SCP_01,64,A2,-1.0,0.9751758419672596,1.9751758419672596,-0.07521600983954732,-1,1,1,0,0
20210416T105525.A_Elmo.B_KN.SCP_01,65,A3,0.013660086052869945,-0.06320114314164627,-0.07686122919451621,0.08159886033789068,1,-1,1,1,1
20210416T105525.A_Elmo.B_KN.SCP_01,66,A3,-1.0,-0.006546538217051301,0.9934534617829487,-0.29799827400302725,-1,-1,0,1,0
20210416T105525.A_Elmo.B_KN.SCP_01,67,A3,-0.04618772379069311,-0.21799497526640352,-0.1718072514757104,0.19401863054903556,-1,-1,0,0,0
20210416T105525.A_Elmo.B_KN.SCP_01,68,A3,-0.44320617683330105,0.09296762687704953,0.5361738037103506,-0.128231872984217,-1,1,1,0,0
20210416T105525.A_Elmo.B_KN.SCP_01,69,A3,-0.6139701139136314,-0.12163391046309395,0.49233620345053747,-0.1410713559748817,-1,-1,0,1,1
20210416T105525.A_Elmo.B_KN.SCP_01,70,A3,0.163605249957165,0.3609616385726468,0.1973563886154818,0.32197753652816674,1,1,0,0,0
20210416T105525.A_Elmo.B_KN.SCP_01,71,A3,0.4781660577059451,-0.06621895906652708,-0.5443850167724722,0.2401809481143961,1,-1,1,0,0
20210416T105525.A_Elmo.B_KN.SCP_01,72,A3,1.0,0.39872632217675735,-0.6012736778232426,0.08965727897426048,1,1,0,0,0
20210416T105525.A_Elmo.B_KN.SCP_01,73,A3,-1.0,0.019803301214551622,1.0198033012145515,0.0531477724679681,-1,1,1,0,0
20210416T105525.A_Elmo.B_KN.SCP_01,74,A3,-0.6055299910893814,0.17138017513022405,0.7769101662196055,0.09120083245962746,-1,1,1,0,0
20210416T105525.A_Elmo.B_KN.SCP_01,75,A3,-1.0,-0.03482676921932805,0.965173230780672,-0.282746156584154,-1,-1,0,0,0
20210416T105525.A_Elmo.B_KN.SCP_01,76,A3,-1.0,0.7518632363040744,1.7518632363040743,-0.06163897466612305,-1,1,1,0,0
20210416T105525.A_Elmo.B_KN.SCP_01,77,A3,-0.04106577166023669,-0.02501669697987792,0.016049074680358773,0.21331720414789992,-1,-1,0,1,1
20210416T105525.A_Elmo.B_KN.SCP_01,78,A3,-1.0,0.27505627018483186,1.2750562701848318,-0.20190208520096664,-1,1,1,0,0
20210416T105525.A_Elmo.B_KN.SCP_01,79,A3,-0.6335075902346277,0.27565210543766305,0.9091596956722907,-0.12235653834960183,-1,1,1,0,1
20210416T105525.A_Elmo.B_KN.SCP_01,80,A3,-0.3812633953674119,0.570080963343033,0.9513443587104449,-0.32104378117167953,-1,1,1,0,0
20210416T105525.A_Elmo.B_KN.SCP_01,81,A3,-0.6236773133568458,-0.5806052638619666,0.043072049494879194,0.2493160011199539,-1,-1,0,1,1
20210416T105525.A_Elmo.B_KN.SCP_01,82,A3,-0.015809969466276556,0.570166343993818,0.5859763134600946,0.05102272637581992,-1,1,1,0,0
20210416T105525.A_Elmo.B_KN.SCP_01,83,A3,0.1512648221544449,-1.0,-1.1512648221544448,-0.10097032078906458,1,-1,1,1,0
20210416T105525.A_Elmo.B_KN.SCP_01,84,A3,-0.4811397249040258,0.34294822715648293,0.8240879520605087,0.2681120299457274,-1,1,1,0,1
20210416T105525.A_Elmo.B_KN.SCP_01,85,A3,-1.0,-1.0,0.0,0.006674130796142707,-1,-1,0,0,0
20210416T105525.A_Elmo.B_KN.SCP_01,86,A3,0.685049912902879,0.39546822454598135,-0.2895816883568976,0.008376392326089376,1,1,0,0,0
20210416T105525.A_Elmo.B_KN.SCP_01,87,A3,0.3951237207268384,1.0,0.6048762792731617,-0.10099346234584801,1,1,0,0,0
20210416T105525.A_Elmo.B_KN.SCP_01,88,A3,-0.9173461468541487,-0.5339827962156766,0.38336335063847216,-0.20958400366467603,-1,-1,0,0,0
20210416T105525.A_Elmo.B_KN.SCP_01,89,A3,0.5234442425172877,0.2011585474694265,-0.3222856950478612,-0.14822172741923656,1,1,0,0,0
20210416T105525.A_Elmo.B_KN.SCP_01,90,A3,0.9558095517440187,0.5562655707634344,-0.3995439809805843,0.22850647377684508,1,1,0,0,0
20210416T105525.A_Elmo.B_KN.SCP_01,91,A3,-0.16179824884229171,-0.006253029313052569,0.15554521952923914,-0.4081791658940406,-1,-1,0,0,0
20210416T105525.A_Elmo.B_KN.SCP_01,92,A3,0.627719246419255,0.30024868272136157,-0.32747056369789346,0.524854087752319,1,1,0,0,0
20210416T105525.A_Elmo.B_KN.SCP_01,93,A3,-0.5990542160817197,0.3111440661482495,0.9101982822299692,0.01688791592663989,-1,1,1,0,0
20210416T105525.A_Elmo.B_KN.SCP_01,94,A3,-0.6126367642448697,0.006196595755472401,0.6188333600003421,-0.24997470674420377,-1,1,1,0,0
20210416T105525.A_Elmo.B_KN.SCP_01,95,A3,-0.21056074256860055,0.12645323023313101,0.33701397280173157,0.10871004941280249,-1,1,1,0,0
20210416T105525.A_Elmo.B_KN.SCP_01,96,A3,-0.877343718476463,0.8410894809680461,1.718433199444509,0.33257375925325655,-1,1,1,0,0
20210416T105525.A_Elmo.B_KN.SCP_01,97,A4,0.38405010094172953,0.41900623112249497,0.03495613018076543,0.7762777898545535,1,1,0,1,1
20210416T105525.A_Elmo.B_KN.SCP_01,98,A4,0.02228126993878435,-0.044771899243353466,-0.06705316918213781,0.5722508299447538,1,-1,1,1,1
20210416T105525.A_Elmo.B_KN.SCP_01,99,A4,0.02882105693342851,-0.3598281147187945,-0.388649171652223,0.7814628230123876,1,-1,1,1,1
20210416T105525.A_Elmo.B_KN.SCP_01,100,A4,0.027314328106538895,0.18327465494200781,0.15596032683546893,-0.18645599350623013,1,1,0,1,1
20210416T105525.A_Elmo.B_KN.SCP_01,101,A4,-0.1784141037231486,-0.15037860135560455,0.02803550236754404,0.5759293205383936,-1,-1,0,1,1
20210416T105525.A_Elmo.B_KN.SCP_01,102,A4,0.0536923168927196,0.0848308897955222,0.031138572902802593,-0.007921193835395184,1,1,0,1,1
20210416T105525.A_Elmo.B_KN.SCP_01,103,A4,0.07867365816093823,-0.011334935299957228,-0.09000859346089546,-0.0925908312569311,1,-1,1,1,1
20210416T105525.A_Elmo.B_KN.SCP_01,104,A4,-0.1291436203884096,0.049783008501791313,0.17892662889020092,0.3575396578857018,-1,1,1,1,1
20210416T105525.A_Elmo.B_KN.SCP_01,105,A4,-0.1320194668446543,-0.05440871083705172,0.07761075600760257,0.06926091086613287,-1,-1,0,1,1
20210416T105525.A_Elmo.B_KN.SCP_01,106,A4,-0.12403946822925652,-0.10182921242785288,0.022210255801403636,0.006881110557439552,-1,-1,0,1,1
20210416T105525.A_Elmo.B_KN.SCP_01,107,A4,-0.402661729168678,0.16018156433757344,0.5628432935062514,0.018871522966376886,-1,1,1,1,1
20210416T105525.A_Elmo.B_KN.SCP_01,108,A4,-0.24855186460101933,-0.09614988446222089,0.15240198013879844,0.15806491853910873,-1,-1,0,0,0
20210416T105525.A_Elmo.B_KN.SCP_01,109,A4,-0.4301191997529309,-0.108030811944106,0.32208838780882487,0.5255601808382456,-1,-1,0,1,1
20210416T105525.A_Elmo.B_KN.SCP_01,110,A4,-0.3577876552885147,0.015170974479646951,0.37295862976816163,-0.05291337381923393,-1,1,1,1,1
20210416T105525.A_Elmo.B_KN.SCP_01,111,A4,-0.045326130168816585,0.0010446114418366163,0.0463707416106532,0.5409433201935678,-1,1,1,1,1
20210416T105525.A_Elmo.B_KN.SCP_01,112,A4,-0.17903957269130624,-0.045996941767607984,0.13304263092369825,0.02404965577320621,-1,-1,0,1,1
20210416T105525.A_Elmo.B_KN.SCP_01,113,A4,0.4304508089388775,0.29058966660778934,-0.13986114233108815,0.7304223883611768,1,1,0,1,1
20210416T105525.A_Elmo.B_KN.SCP_01,114,A4,-0.10972376875977248,-0.10366391160730049,0.006059857152471995,0.3051042223785641,-1,-1,0,1,1
20210416T105525.A_Elmo.B_KN.SCP_01,115,A4,0.10452364201543582,0.07183240226752416,-0.03269123974791166,0.23040902364724683,1,1,0,1,1
20210416T105525.A_Elmo.B_KN.SCP_01,116,A4,0.1704290802049479,0.10085104555586409,-0.06957803464908381,0.3759135127347842,1,1,0,1,1
20210416T105525.A_Elmo.B_KN.SCP_01,117,A4,-0.05946827056128186,-0.04054630663265434,0.018921963928627515,0.5144140868388584,-1,-1,0,1,1
20210416T105525.A_Elmo.B_KN.SCP_01,118,A4,-0.216718432667422,-0.2764405989870037,-0.05972216631958169,0.7722975321894205,-1,-1,0,1,1
20210416T105525.A_Elmo.B_KN.SCP_01,119,A4,0.1021672676752551,0.24346990463700555,0.14130263696175044,0.16559240419600882,1,1,0,1,1
20210416T105525.A_Elmo.B_KN.SCP_01,120,A4,-0.21788825127523143,0.7371186027958154,0.9550068540710468,0.094901085693892,-1,1,1,1,1
20210416T105525.A_Elmo.B_KN.SCP_01,121,A4,-0.22896608722931286,0.23465264219295154,0.4636187294222644,-0.12445413703791375,-1,1,1,1,1
20210416T105525.A_Elmo.B_KN.SCP_01,122,A4,-0.23470163495057236,-0.056608301887103946,0.17809333306346842,0.45391858080626823,-1,-1,0,1,1
20210416T105525.A_Elmo.B_KN.SCP_01,123,A4,-0.03621336737808249,0.010387445248775053,0.04660081262685754,0.06196385266213292,-1,1,1,1,1
20210416T105525.A_Elmo.B_KN.SCP_01,124,A4,0.02519130554753876,0.1718250817863589,0.14663377623882015,0.5203822500201303,1,1,0,1,1
20210416T105525.A_Elmo.B_KN.SCP_01,125,A4,-0.390887636160766,-0.3719565593707433,0.018931076790022705,0.7794580511956548,-1,-1,0,1,1
20210416T105525.A_Elmo.B_KN.SCP_01,126,A4,-0.09612119038818491,-0.006809520169329041,0.08931167021885587,0.3939631070538526,-1,-1,0,1,1
20210416T105525.A_Elmo.B_KN.SCP_01,127,A4,-0.03264922978353702,0.1199366854251177,0.15258591520865472,0.5757935314044046,-1,1,1,1,1
20210416T105525.A_Elmo.B_KN.SCP_01,128,A4,-0.10213046979294275,0.0031904422147410586,0.10532091200768381,0.536567202167393,-1,1,1,1,1
20210416T105525.A_Elmo.B_KN.SCP_01,129,A5,0.017850035653569848,0.5307404081406193,0.5128903724870495,0.23475246052029225,1,1,0,0,1
20210416T105525.A_Elmo.B_KN.SCP_01,130,A5,-0.011780191718158186,1.0,1.0117801917181581,-0.02644695902973956,-1,1,1,0,0
20210416T105525.A_Elmo.B_KN.SCP_01,131,A5,-0.4072173105228297,-0.08741506266249342,0.3198022478603363,0.35358132507020373,-1,-1,0,1,1
20210416T105525.A_Elmo.B_KN.SCP_01,132,A5,0.09739712853529228,0.39317023539917534,0.29577310686388303,-0.18240018232424804,1,1,0,1,1
20210416T105525.A_Elmo.B_KN.SCP_01,133,A5,0.6137624341730089,0.48008535931221386,-0.13367707486079505,0.505064336882718,1,1,0,1,1
20210416T105525.A_Elmo.B_KN.SCP_01,134,A5,-0.22234140576638692,1.0,1.2223414057663868,-0.20727839779182286,-1,1,1,1,1
20210416T105525.A_Elmo.B_KN.SCP_01,135,A5,-0.1975808667438538,0.001749009070814357,0.19932987581466816,0.0745907322852444,-1,1,1,1,1
20210416T105525.A_Elmo.B_KN.SCP_01,136,A5,0.4501704808962281,0.31304608360162756,-0.13712439729460052,0.5333375705358498,1,1,0,1,1
20210416T105525.A_Elmo.B_KN.SCP_01,137,A5,-0.02606571788357687,-0.05507948282016154,-0.029013764936584672,-0.315000987861799,-1,-1,0,1,1
20210416T105525.A_Elmo.B_KN.SCP_01,138,A5,-1.0,1.0,2.0,-0.11440492372886149,-1,1,1,0,0
20210416T105525.A_Elmo.B_KN.SCP_01,139,A5,-1.0,-1.0,0.0,0.12116634726209594,-1,-1,0,0,0
20210416T105525.A_Elmo.B_KN.SCP_01,140,A5,0.3642364119170872,0.38184432660263407,0.017607914685546844,-0.2481210770736966,1,1,0,0,0
20210416T105525.A_Elmo.B_KN.SCP_01,141,A5,0.1540593150942464,0.2539036965838044,0.09984438148955802,-0.15411835136410257,1,1,0,1,1
20210416T105525.A_Elmo.B_KN.SCP_01,142,A5,-0.4770710241747211,0.15520603863924656,0.6322770628139677,0.1713823056362693,-1,1,1,1,1
20210416T105525.A_Elmo.B_KN.SCP_01,143,A5,-0.0733809706220325,1.0,1.0733809706220325,-0.04364204267496242,-1,1,1,1,1
20210416T105525.A_Elmo.B_KN.SCP_01,144,A5,-0.5340935657638943,0.20230013841867722,0.7363937041825716,0.02471903874959931,-1,1,1,0,0
20210416T105525.A_Elmo.B_KN.SCP_01,145,A5,-0.543538557601053,-0.1520277234144947,0.3915108341865583,-0.056730522612241346,-1,-1,0,0,1
20210416T105525.A_Elmo.B_KN.SCP_01,146,A5,-0.6198662848889641,1.0,1.619866284888964,0.27597409136892337,-1,1,1,0,0
20210416T105525.A_Elmo.B_KN.SCP_01,147,A5,-0.25430528159481003,1.0,1.2543052815948101,-0.05125105575165937,-1,1,1,0,1
20210416T105525.A_Elmo.B_KN.SCP_01,148,A5,-0.09796517458705034,0.45170435883133914,0.5496695334183894,-0.07594608716043584,-1,1,1,0,0
20210416T105525.A_Elmo.B_KN.SCP_01,149,A5,-0.8198437195775866,1.0,1.8198437195775865,0.2580656455274124,-1,1,1,0,0
20210416T105525.A_Elmo.B_KN.SCP_01,150,A5,-1.0,0.08906645229325683,1.089066452293257,0.32476944116104756,-1,1,1,1,1
20210416T105525.A_Elmo.B_KN.SCP_01,151,A5,-0.7425547764765509,-0.6239936200506149,0.11856115642593601,-0.06628663222303804,-1,-1,0,0,0
20210416T105525.A_Elmo.B_KN.SCP_01,152,A5,-0.4387651682076822,-0.11678597434905295,0.3219791938586292,0.22130589747539658,-1,-1,0,1,1
20210416T105525.A_Elmo.B_KN.SCP_01,153,A5,-0.12559905592508264,1.0,1.1255990559250826,-0.004960410451433175,-1,1,1,0,0
20210416T105525.A_Elmo.B_KN.SCP_01,154,A5,-0.9512874199012524,-0.22666382509855634,0.7246235948026961,0.12628616738201764,-1,-1,0,1,1
20210416T105525.A_Elmo.B_KN.SCP_01,155,A5,-0.7534066603502148,0.12312414807376797,0.8765308084239827,0.21937416882382643,-1,1,1,0,0
20210416T105525.A_Elmo.B_KN.SCP_01,156,A5,-1.0,1.0,2.0,-0.032625756768322134,-1,1,1,0,0
20210416T105525.A_Elmo.B_KN.SCP_01,157,A5,-0.5578982506114197,-1.0,-0.44210174938858027,0.07378420047018497,-1,-1,0,1,0
20210416T105525.A_Elmo.B_KN.SCP_01,158,A5,0.05373885531169796,1.0,0.946261144688302,0.11586112060978153,1,1,0,0,0
20210416T105525.A_Elmo.B_KN.SCP_01,159,A5,-0.2159363578557974,1.0,1.2159363578557973,-0.27889281230544777,-1,1,1,0,0
20210416T105525.A_Elmo.B_KN.SCP_01,160,A5,-0.2073968990782756,0.07746335506087335,0.28486025413914895,-0.044925997318179436,-1,1,1,0,0
20210423T105645.A_Elmo.B_KN.SCP_01,1,A1,-0.18586710607842608,1.0,1.185867106078426,-0.4127760811957492,-1,1,1,0,1
20210423T105645.A_Elmo.B_KN.SCP_01,2,A1,1.0,-1.0,-2.0,-0.11980294075026729,1,-1,1,1,1
20210423T105645.A_Elmo.B_KN.SCP_01,3,A1,-0.3203672138246888,0.18383617056884466,0.5042033843935334,-0.04388199670403068,-1,1,1,0,1
20210423T105645.A_Elmo.B_KN.SCP_01,4,A1,-0.6113922967507418,1.0,1.6113922967507417,0.2965108654098186,-1,1,1,1,1
20210423T105645.A_Elmo.B_KN.SCP_01,5,A1,-0.0460292606749538,0.3424492421123923,0.3884785027873461,-0.05402300725918051,-1,1,1,1,0
20210423T105645.A_Elmo.B_KN.SCP_01,6,A1,0.4891653020720092,-0.39346122791593263,-0.8826265299879419,-0.032931703649897594,1,-1,1,0,1
20210423T105645.A_Elmo.B_KN.SCP_01,7,A1,-1.0,-0.18780087424536768,0.8121991257546324,-0.03193431685179482,-1,-1,0,1,1
20210423T105645.A_Elmo.B_KN.SCP_01,8,A1,-0.20652501002182175,-0.02360356229630121,0.18292144772552055,0.05598955485272687,-1,-1,0,0,0
20210423T105645.A_Elmo.B_KN.SCP_01,9,A1,-0.31123287769399766,-0.16671743896960028,0.14451543872439737,0.09070261175069891,-1,-1,0,0,0
20210423T105645.A_Elmo.B_KN.SCP_01,10,A1,-1.0,-0.3696796977129937,0.6303203022870063,0.1357233915215801,-1,-1,0,1,1
20210423T105645.A_Elmo.B_KN.SCP_01,11,A1,-1.0,0.5472755136910381,1.547275513691038,0.05206811893132535,-1,1,1,1,0
20210423T105645.A_Elmo.B_KN.SCP_01,12,A1,-0.6904566564837828,-0.06290282792411153,0.6275538285596713,-0.005959286165985001,-1,-1,0,1,1
20210423T105645.A_Elmo.B_KN.SCP_01,13,A1,-0.6673344274182301,0.22543272418959912,0.8927671516078293,-0.07261405234239324,-1,1,1,1,1
20210423T105645.A_Elmo.B_KN.SCP_01,14,A1,-0.7600308073704909,0.302470682291729,1.0625014896622198,0.10596564994523618,-1,1,1,1,1
20210423T105645.A_Elmo.B_KN.SCP_01,15,A1,-0.029107708406325938,0.006059308587992405,0.035167016994318345,-0.3372355331843313,-1,1,1,0,1
20210423T105645.A_Elmo.B_KN.SCP_01,16,A1,0.29501638734352414,-0.2432244471139842,-0.5382408344575084,0.03448246675369397,1,-1,1,1,1
20210423T105645.A_Elmo.B_KN.SCP_01,17,A1,-0.32101746195726977,-0.12516257979003298,0.1958548821672368,0.03817254742054137,-1,-1,0,1,1
20210423T105645.A_Elmo.B_KN.SCP_01,18,A1,-0.5345765602487164,0.2833316994748322,0.8179082597235485,-0.11384727014196035,-1,1,1,0,0
20210423T105645.A_Elmo.B_KN.SCP_01,19,A1,-0.12717505469136223,0.5641175467280092,0.6912926014193714,0.07354011360185905,-1,1,1,1,1
20210423T105645.A_Elmo.B_KN.SCP_01,20,A1,-0.04833914368983347,-0.03809649307313768,0.01024265061669579,0.40662185861817235,-1,-1,0,1,1
20210423T105645.A_Elmo.B_KN.SCP_01,21,A1,-0.8063013960688911,-1.0,-0.19369860393110894,-0.0390159284432837,-1,-1,0,0,1
20210423T105645.A_Elmo.B_KN.SCP_01,22,A1,-0.07965090666806268,0.14237091452224315,0.22202182119030583,0.01875067022282957,-1,1,1,0,0
20210423T105645.A_Elmo.B_KN.SCP_01,23,A1,0.31367905287871634,-0.4679951126508183,-0.7816741655295346,-0.10423943746290257,1,-1,1,0,0
20210423T105645.A_Elmo.B_KN.SCP_01,24,A1,-0.0817235491706184,1.0,1.0817235491706183,-0.05095734788220858,-1,1,1,0,1
20210423T105645.A_Elmo.B_KN.SCP_01,25,A1,-1.0,1.0,2.0,-0.10161587747670921,-1,1,1,0,0
20210423T105645.A_Elmo.B_KN.SCP_01,26,A1,1.0,1.0,0.0,0.5616951889002187,1,1,0,1,1
20210423T105645.A_Elmo.B_KN.SCP_01,27,A1,-1.0,0.6678516948720981,1.667851694872098,-0.22544747356710074,-1,1,1,0,1
20210423T105645.A_Elmo.B_KN.SCP_01,28,A1,-1.0,-1.0,0.0,0.6474427763609562,-1,-1,0,1,1
20210423T105645.A_Elmo.B_KN.SCP_01,29,A1,0.11059373768339725,0.4929924595370743,0.38239872185367707,0.1146920986143349,1,1,0,1,1
20210423T105645.A_Elmo.B_KN.SCP_01,30,A1,-0.013416643260090585,-0.20775772174726617,-0.19434107848717558,0.11982347291529385,-1,-1,0,0,1
20210423T105645.A_Elmo.B_KN.SCP_01,31,A1,0.10328799012340052,0.2706827049330759,0.16739471480967538,0.23446040642213264,1,1,0,1,1
20210423T105645.A_Elmo.B_KN.SCP_01,32,A1,-0.02304138393654463,-1.0,-0.9769586160634554,0.2334953116898432,-1,-1,0,1,1
20210423T105645.A_Elmo.B_KN.SCP_01,33,A2,0.41971781244834205,0.3210540018716786,-0.09866381057666346,0.16218536332669067,1,1,0,1,1
20210423T105645.A_Elmo.B_KN.SCP_01,34,A2,-0.007492898459343384,0.01959279719283072,0.027085695652174103,-0.09617239870284552,-1,1,1,0,1
20210423T105645.A_Elmo.B_KN.SCP_01,35,A2,0.45853953573881456,-0.013357921204028648,-0.4718974569428432,0.036569805162090345,1,-1,1,0,0
20210423T105645.A_Elmo.B_KN.SCP_01,36,A2,0.02677855761549149,-0.010640663468983045,-0.037419221084474534,0.2596859913921075,1,-1,1,1,1
20210423T105645.A_Elmo.B_KN.SCP_01,37,A2,-0.3410858928788695,-0.031161500786700096,0.3099243920921694,0.027909979455549416,-1,-1,0,0,0
20210423T105645.A_Elmo.B_KN.SCP_01,38,A2,0.05932423496342015,0.10350256684423942,0.044178331880819266,0.3256244842056612,1,1,0,0,0
20210423T105645.A_Elmo.B_KN.SCP_01,39,A2,-0.056735666844570515,-0.215792212034276,-0.1590565451897055,0.5311641811966822,-1,-1,0,1,1
20210423T105645.A_Elmo.B_KN.SCP_01,40,A2,-0.2487325009766136,-0.14450072565107108,0.10423177532554251,0.1274394456404644,-1,-1,0,0,0
20210423T105645.A_Elmo.B_KN.SCP_01,41,A2,-0.17518822316832428,-0.19371163568172478,-0.018523412513400506,0.19899894052597922,-1,-1,0,1,1
20210423T105645.A_Elmo.B_KN.SCP_01,42,A2,-0.6111928540250489,0.17199734655131507,0.7831902005763639,0.08641675511880041,-1,1,1,0,0
20210423T105645.A_Elmo.B_KN.SCP_01,43,A2,0.018299833377448272,-0.0691186775254603,-0.08741851090290857,0.14281522936929156,1,-1,1,0,0
20210423T105645.A_Elmo.B_KN.SCP_01,44,A2,0.15134259359653188,-0.128500863131079,-0.2798434567276109,0.10913023416348351,1,-1,1,0,0
20210423T105645.A_Elmo.B_KN.SCP_01,45,A2,1.0,0.3538206443324072,-0.6461793556675928,0.07831439896033546,1,1,0,0,0
20210423T105645.A_Elmo.B_KN.SCP_01,46,A2,-0.06228882509237596,-0.011508034126346295,0.050780790966029665,-0.12811388962217757,-1,-1,0,0,0
20210423T105645.A_Elmo.B_KN.SCP_01,47,A2,-1.0,-0.29337407009875655,0.7066259299012434,-0.13080247180353755,-1,-1,0,0,0
20210423T105645.A_Elmo.B_KN.SCP_01,48,A2,-0.5954255303988155,-0.1618675342085086,0.4335579961903069,0.07093227546459908,-1,-1,0,0,1
20210423T105645.A_Elmo.B_KN.SCP_01,49,A2,-0.0950101009411881,-0.24672666521335265,-0.15171656427216457,0.18908145364272563,-1,-1,0,1,1
20210423T105645.A_Elmo.B_KN.SCP_01,50,A2,-0.18188833237231997,0.08717053992084853,0.2690588722931685,0.324138546599917,-1,1,1,0,0
20210423T105645.A_Elmo.B_KN.SCP_01,51,A2,-0.13857765465848462,-0.15682388860742125,-0.018246233948936624,-0.3368709680659715,-1,-1,0,0,0
20210423T105645.A_Elmo.B_KN.SCP_01,52,A2,-0.045505996379780166,0.24408102707993937,0.28958702345971954,0.2637894646071855,-1,1,1,1,0
20210423T105645.A_Elmo.B_KN.SCP_01,53,A2,0.03363781679229251,0.028847987382071213,-0.004789829410221297,-0.25199849717990724,1,1,0,0,0
20210423T105645.A_Elmo.B_KN.SCP_01,54,A2,-0.39967041269848186,0.17018803286706685,0.5698584455655487,0.6001623967859605,-1,1,1,1,1
20210423T105645.A_Elmo.B_KN.SCP_01,55,A2,0.08226638516263461,-0.027539335769056986,-0.1098057209316916,0.6357027078490279,1,-1,1,1,1
20210423T105645.A_Elmo.B_KN.SCP_01,56,A2,-0.09447608951428374,-0.17711118930296355,-0.0826350997886798,-0.16728346976411823,-1,-1,0,1,0
20210423T105645.A_Elmo.B_KN.SCP_01,57,A2,0.0025439403129401085,-0.14401526024962083,-0.14655920056256094,-0.21097552475309367,1,-1,1,0,1
20210423T105645.A_Elmo.B_KN.SCP_01,58,A2,-0.02727143161214937,-0.3561938629009593,-0.32892243128880994,0.2996828463999536,-1,-1,0,0,1
20210423T105645.A_Elmo.B_KN.SCP_01,59,A2,-0.3693096347459265,-0.39630902910287025,-0.026999394356943762,0.26589329877761303,-1,-1,0,1,1
20210423T105645.A_Elmo.B_KN.SCP_01,60,A2,0.05314235612024968,-0.08597065803184813,-0.1391130141520978,0.0917980525644158,1,-1,1,0,0
20210423T105645.A_Elmo.B_KN.SCP_01,61,A2,-0.38303040835975305,0.03710246970302016,0.4201328780627732,-0.12654857287176846,-1,1,1,0,0
20210423T105645.A_Elmo.B_KN.SCP_01,62,A2,-0.07018870750361417,0.033972990370243476,0.10416169787385765,0.267171659486799,-1,1,1,0,0
20210423T105645.A_Elmo.B_KN.SCP_01,63,A2,-1.0,-1.0,0.0,0.2540258551050615,-1,-1,0,0,1
20210423T105645.A_Elmo.B_KN.SCP_01,64,A2,-0.08634556006075096,0.02560609871665402,0.11195165877740498,0.07040882903354156,-1,1,1,0,0
20210423T105645.A_Elmo.B_KN.SCP_01,65,A3,0.6652467323801142,0.6730266034467478,0.007779871066633581,0.23624229161389426,1,1,0,1,1
20210423T105645.A_Elmo.B_KN.SCP_01,66,A3,0.027727398641966744,0.3383489360248627,0.310621537382896,0.08351416391654902,1,1,0,0,0
20210423T105645.A_Elmo.B_KN.SCP_01,67,A3,-1.0,-0.3076586681196217,0.6923413318803783,0.08306721021458352,-1,-1,0,0,0
20210423T105645.A_Elmo.B_KN.SCP_01,68,A3,0.008404930249596444,-0.05634604422012607,-0.06475097446972251,-0.021399258944224706,1,-1,1,0,0
20210423T105645.A_Elmo.B_KN.SCP_01,69,A3,-0.696580407065521,1.0,1.696580407065521,0.22771445345134694,-1,1,1,0,1
20210423T105645.A_Elmo.B_KN.SCP_01,70,A3,0.008908121518839024,0.030444237000957018,0.021536115482117993,-0.19445368279358238,1,1,0,0,0
20210423T105645.A_Elmo.B_KN.SCP_01,71,A3,0.3116270335535044,-0.2961016817843952,-0.6077287153378996,0.1799588531435447,1,-1,1,0,1
20210423T105645.A_Elmo.B_KN.SCP_01,72,A3,-1.0,0.08072398257194383,1.080723982571944,-0.26632988111223616,-1,1,1,0,0
20210423T105645.A_Elmo.B_KN.SCP_01,73,A3,-0.5206111392822634,-0.3116537621049067,0.20895737717735674,0.298650514540956,-1,-1,0,0,0
20210423T105645.A_Elmo.B_KN.SCP_01,74,A3,-0.288077861029295,-1.0,-0.711922138970705,-0.24954138249092367,-1,-1,0,0,0
20210423T105645.A_Elmo.B_KN.SCP_01,75,A3,-0.08541309460726645,0.5758865039021092,0.6612995985093756,0.04764876408537176,-1,1,1,0,0
20210423T105645.A_Elmo.B_KN.SCP_01,76,A3,-0.11076065199776083,-0.029938610929266748,0.08082204106849408,0.2372196194449123,-1,-1,0,0,1
20210423T105645.A_Elmo.B_KN.SCP_01,77,A3,0.13003321784381702,-0.042239758891792926,-0.17227297673560996,0.09753352674517651,1,-1,1,1,1
20210423T105645.A_Elmo.B_KN.SCP_01,78,A3,-0.12729962945221693,0.13556090723614062,0.2628605366883575,0.17139349361397438,-1,1,1,0,0
20210423T105645.A_Elmo.B_KN.SCP_01,79,A3,-1.0,-0.06840363371574631,0.9315963662842537,0.14557158353927008,-1,-1,0,0,1
20210423T105645.A_Elmo.B_KN.SCP_01,80,A3,0.06639293300031139,-0.19370285135648554,-0.2600957843567969,-0.19867304125441038,1,-1,1,0,0
20210423T105645.A_Elmo.B_KN.SCP_01,81,A3,-0.5765479534721357,-0.9202707979694696,-0.3437228444973339,0.5015370912485403,-1,-1,0,1,1
20210423T105645.A_Elmo.B_KN.SCP_01,82,A3,-1.0,0.3279499966639517,1.3279499966639516,-0.2227440697471673,-1,1,1,0,0
20210423T105645.A_Elmo.B_KN.SCP_01,83,A3,-0.05520815577950971,-0.12638870079208953,-0.07118054501257981,0.31680729393965995,-1,-1,0,0,0
20210423T105645.A_Elmo.B_KN.SCP_01,84,A3,-0.10486516615246291,0.040670405006823736,0.14553557115928664,0.15658810385000357,-1,1,1,0,1
20210423T105645.A_Elmo.B_KN.SCP_01,85,A3,-1.0,1.0,2.0,-0.1358015531980189,-1,1,1,0,0
20210423T105645.A_Elmo.B_KN.SCP_01,86,A3,-0.19360554067175748,0.05717889973864254,0.25078444041040004,0.030400730179570738,-1,1,1,0,0
20210423T105645.A_Elmo.B_KN.SCP_01,87,A3,0.04411188631415407,-0.08523260113568838,-0.12934448744984245,-0.07550790031254671,1,-1,1,0,0
20210423T105645.A_Elmo.B_KN.SCP_01,88,A3,-0.5576928370174686,0.7798620027386357,1.3375548397561043,-0.12156868452009446,-1,1,1,0,0
20210423T105645.A_Elmo.B_KN.SCP_01,89,A3,0.02406009884924176,-0.003266879431960932,-0.02732697828120269,-0.06751840725320994,1,-1,1,0,0
20210423T105645.A_Elmo.B_KN.SCP_01,90,A3,-0.0606725397876163,-0.02801201219790043,0.03266052758971587,-0.299500504061661,-1,-1,0,0,0
20210423T105645.A_Elmo.B_KN.SCP_01,91,A3,-0.17081357774301617,-0.2162759308394684,-0.04546235309645222,-0.0775262777164571,-1,-1,0,0,0
20210423T105645.A_Elmo.B_KN.SCP_01,92,A3,-0.012483057810905647,0.038769770750251856,0.0512528285611575,-0.13602206919101942,-1,1,1,0,0
20210423T105645.A_Elmo.B_KN.SCP_01,93,A3,0.09212474387228947,-0.2941997150054712,-0.3863244588777607,0.03608739494158001,1,-1,1,0,0
20210423T105645.A_Elmo.B_KN.SCP_01,94,A3,-0.6725651872157118,-0.6223135624914097,0.05025162472430211,-0.04889086437915982,-1,-1,0,0,0
20210423T105645.A_Elmo.B_KN.SCP_01,95,A3,-1.0,0.6501771075194309,1.650177107519431,-0.19448158914708594,-1,1,1,0,0
20210423T105645.A_Elmo.B_KN.SCP_01,96,A3,-0.014011039872032489,0.08013894348993501,0.0941499833619675,0.04598191844178878,-1,1,1,0,0
20210423T105645.A_Elmo.B_KN.SCP_01,97,A4,0.9964876487909704,0.6309079115008895,-0.36557973729008086,0.9141805736132271,1,1,0,1,1
20210423T105645.A_Elmo.B_KN.SCP_01,98,A4,0.1805607803822207,0.06680024437996958,-0.11376053600225113,0.03840783467654329,1,1,0,1,1
20210423T105645.A_Elmo.B_KN.SCP_01,99,A4,0.17796004698526197,-0.1217013698534909,-0.29966141683875286,0.6764049175830374,1,-1,1,1,1
20210423T105645.A_Elmo.B_KN.SCP_01,100,A4,0.10728117248176867,0.17107912648893886,0.06379795400717019,0.13972234055389401,1,1,0,1,1
20210423T105645.A_Elmo.B_KN.SCP_01,101,A4,0.032365721612476576,-0.10973211140384397,-0.14209783301632053,0.4306914337618194,1,-1,1,1,1
20210423T105645.A_Elmo.B_KN.SCP_01,102,A4,0.0957783955481769,0.24488734200485224,0.14910894645667533,-0.017049066196434665,1,1,0,1,1
20210423T105645.A_Elmo.B_KN.SCP_01,103,A4,0.4560248842727515,0.04839612883529437,-0.40762875543745714,0.13229227840401422,1,1,0,1,1
20210423T105645.A_Elmo.B_KN.SCP_01,104,A4,0.019066839887499156,0.09774155921820236,0.0786747193307032,0.6690173609834816,1,1,0,1,1
20210423T105645.A_Elmo.B_KN.SCP_01,105,A4,0.0677642228340269,0.15037180698232583,0.08260758414829893,0.04797837819264546,1,1,0,1,1
20210423T105645.A_Elmo.B_KN.SCP_01,106,A4,0.11628117535790587,-0.18625022972819327,-0.30253140508609916,0.1829599685801516,1,-1,1,1,1
20210423T105645.A_Elmo.B_KN.SCP_01,107,A4,0.5866573465990811,0.24442048346734468,-0.3422368631317364,0.37037032029907213,1,1,0,1,1
20210423T105645.A_Elmo.B_KN.SCP_01,108,A4,0.14534563677228682,-0.07112184453071552,-0.21646748130300233,0.07510641758392445,1,-1,1,1,1
20210423T105645.A_Elmo.B_KN.SCP_01,109,A4,0.29515034103863447,-0.6013454578387505,-0.896495798877385,0.11565025583319606,1,-1,1,1,1
20210423T105645.A_Elmo.B_KN.SCP_01,110,A4,0.10311357463429001,-0.5255223573565658,-0.6286359319908559,-0.02537018356263076,1,-1,1,1,0
20210423T105645.A_Elmo.B_KN.SCP_01,111,A4,0.46147952453803526,0.05497292344067385,-0.4065066010973614,-0.12748548842890897,1,1,0,1,1
20210423T105645.A_Elmo.B_KN.SCP_01,112,A4,-0.001299378516275297,0.17290357123027697,0.17420294974655226,0.06797894764802585,-1,1,1,1,1
20210423T105645.A_Elmo.B_KN.SCP_01,113,A4,0.33891208990959176,0.09003375438978906,-0.2488783355198027,0.3711298462557984,1,1,0,1,1
20210423T105645.A_Elmo.B_KN.SCP_01,114,A4,0.20592753577106196,-0.1216280110797039,-0.3275555468507659,0.0979258494679965,1,-1,1,1,1
20210423T105645.A_Elmo.B_KN.SCP_01,115,A4,0.22844270854320942,0.19007183784767975,-0.03837087069552966,0.3538498871865332,1,1,0,1,1
20210423T105645.A_Elmo.B_KN.SCP_01,116,A4,0.3621822709193284,0.09787152637923295,-0.26431074454009545,0.2804190274849488,1,1,0,1,1
20210423T105645.A_Elmo.B_KN.SCP_01,117,A4,0.13883160170029418,0.10649921240937019,-0.032332389290923996,0.17862785776309514,1,1,0,1,1
20210423T105645.A_Elmo.B_KN.SCP_01,118,A4,0.05780478582602142,-0.04216030405185266,-0.09996508987787409,0.9167865106947931,1,-1,1,1,1
20210423T105645.A_Elmo.B_KN.SCP_01,119,A4,0.21409744704719175,0.40631327398508227,0.19221582693789052,0.3220601664178872,1,1,0,1,1
20210423T105645.A_Elmo.B_KN.SCP_01,120,A4,-0.0774674899555618,0.01819662984931408,0.09566411980487588,0.38740086374966554,-1,1,1,1,1
20210423T105645.A_Elmo.B_KN.SCP_01,121,A4,0.06686876989762755,0.03153972355565315,-0.0353290463419744,-0.016348842184170674,1,1,0,1,1
20210423T105645.A_Elmo.B_KN.SCP_01,122,A4,-0.0742695496443496,0.010673811650186424,0.08494336129453603,0.16610917129782882,-1,1,1,1,1
20210423T105645.A_Elmo.B_KN.SCP_01,123,A4,0.18515867261703264,-0.02660116708997504,-0.21175983970700768,0.11228898100165599,1,-1,1,1,1
20210423T105645.A_Elmo.B_KN.SCP_01,124,A4,0.19832513130942153,0.1396765811088336,-0.05864855020058793,0.5259807790314791,1,1,0,1,1
20210423T105645.A_Elmo.B_KN.SCP_01,125,A4,-0.032367635295371296,-0.1920811827846909,-0.15971354748931962,0.2699728392971228,-1,-1,0,1,1
20210423T105645.A_Elmo.B_KN.SCP_01,126,A4,0.20762508247123446,0.11573027923889705,-0.09189480323233741,0.6029874907308415,1,1,0,1,1
20210423T105645.A_Elmo.B_KN.SCP_01,127,A4,0.048495674073440034,0.023746850322231686,-0.02474882375120835,0.4036864090510885,1,1,0,1,1
20210423T105645.A_Elmo.B_KN.SCP_01,128,A4,0.32407557750553306,0.10379473004364505,-0.22028084746188803,0.4258698045395189,1,1,0,1,1
20210423T105645.A_Elmo.B_KN.SCP_01,129,A5,-0.0529608983170528,0.029220957526907593,0.0821818558439604,0.18470484482864202,-1,1,1,1,1
20210423T105645.A_Elmo.B_KN.SCP_01,130,A5,0.20703159193596518,-0.12201783841838307,-0.32904943035434825,0.24456322302015515,1,-1,1,1,1
20210423T105645.A_Elmo.B_KN.SCP_01,131,A5,0.1666697095731973,-0.4713772380606384,-0.6380469476338357,0.5013740991745996,1,-1,1,1,1
20210423T105645.A_Elmo.B_KN.SCP_01,132,A5,-0.009920395665033182,-0.2051928840564052,-0.195272488391372,0.2410558403761761,-1,-1,0,1,1
20210423T105645.A_Elmo.B_KN.SCP_01,133,A5,0.511020731020596,0.2073662058954472,-0.3036545251251488,0.4818466082427933,1,1,0,1,1
20210423T105645.A_Elmo.B_KN.SCP_01,134,A5,0.023070373105327138,-0.42057631408479507,-0.4436466871901222,0.2547837235341996,1,-1,1,1,1
20210423T105645.A_Elmo.B_KN.SCP_01,135,A5,0.050844431297495496,-0.2414934824270395,-0.292337913724535,0.24373633313501317,1,-1,1,1,1
20210423T105645.A_Elmo.B_KN.SCP_01,136,A5,0.33536296736089166,0.17512783873730264,-0.16023512862358902,0.17620117120732115,1,1,0,1,1
20210423T105645.A_Elmo.B_KN.SCP_01,137,A5,1.0,-1.0,-2.0,-0.06421686510881974,1,-1,1,1,0
20210423T105645.A_Elmo.B_KN.SCP_01,138,A5,-0.6014114925789583,-0.8005895299222752,-0.19917803734331685,0.18921035849450069,-1,-1,0,0,0
20210423T105645.A_Elmo.B_KN.SCP_01,139,A5,-0.3015231947710678,-0.5951131184761034,-0.29358992370503556,0.3934645556197061,-1,-1,0,1,1
20210423T105645.A_Elmo.B_KN.SCP_01,140,A5,-0.148558480979837,-0.346926331823423,-0.19836785084358596,0.2585609764874709,-1,-1,0,0,0
20210423T105645.A_Elmo.B_KN.SCP_01,141,A5,-0.17674849791992825,-0.31416419971148135,-0.1374157017915531,-0.07586982640012652,-1,-1,0,0,0
20210423T105645.A_Elmo.B_KN.SCP_01,142,A5,0.0454709409800618,0.021326709013323335,-0.024144231966738462,-0.03863860123254494,1,1,0,0,0
20210423T105645.A_Elmo.B_KN.SCP_01,143,A5,-0.2756087080149283,-0.3592828515004599,-0.0836741434855316,0.26987361487973077,-1,-1,0,1,1
20210423T105645.A_Elmo.B_KN.SCP_01,144,A5,-0.07786087827697016,-0.36555252130962657,-0.2876916430326564,0.2275243388424453,-1,-1,0,0,0
20210423T105645.A_Elmo.B_KN.SCP_01,145,A5,0.04004494460176159,-0.28402367650649035,-0.32406862110825196,0.09011247037078551,1,-1,1,1,1
20210423T105645.A_Elmo.B_KN.SCP_01,146,A5,-0.2658180261376444,-0.22082255795087266,0.04499546818677172,-0.12874109451277616,-1,-1,0,0,0
20210423T105645.A_Elmo.B_KN.SCP_01,147,A5,0.12933925501077934,-0.07784473571804365,-0.207183990728823,0.08701168243668017,1,-1,1,0,0
20210423T105645.A_Elmo.B_KN.SCP_01,148,A5,0.047849555144795455,-0.4315059144934963,-0.47935546963829173,0.04499164702812652,1,-1,1,0,0
20210423T105645.A_Elmo.B_KN.SCP_01,149,A5,-0.4656069748074924,-0.4524337041951636,0.013173270612328813,0.10406116628287447,-1,-1,0,0,0
20210423T105645.A_Elmo.B_KN.SCP_01,150,A5,0.011857853286013636,-0.07069596609023313,-0.08255381937624676,0.029727470593666986,1,-1,1,1,1
20210423T105645.A_Elmo.B_KN.SCP_01,151,A5,0.0704641268320442,-0.4502636408780894,-0.5207277677101336,0.3720284542383203,1,-1,1,1,1
20210423T105645.A_Elmo.B_KN.SCP_01,152,A5,0.17965142141777982,-0.5079154438603886,-0.6875668652781683,-0.1399331532432427,1,-1,1,1,1
20210423T105645.A_Elmo.B_KN.SCP_01,153,A5,-0.3340705880138601,-1.0,-0.6659294119861399,-0.08614490735666638,-1,-1,0,0,1
20210423T105645.A_Elmo.B_KN.SCP_01,154,A5,-0.2860475538767132,-0.6258364818928214,-0.33978892801610816,0.25563418725559783,-1,-1,0,1,1
20210423T105645.A_Elmo.B_KN.SCP_01,155,A5,-0.2424232697446993,-1.0,-0.7575767302553007,-0.16603752925493764,-1,-1,0,1,0
20210423T105645.A_Elmo.B_KN.SCP_01,156,A5,-0.11712831998052858,-0.2853099436079899,-0.1681816236274613,-0.20868492579592904,-1,-1,0,0,0
20210423T105645.A_Elmo.B_KN.SCP_01,157,A5,0.08981012556358095,-0.7629776003426223,-0.8527877259062032,0.10970288132095737,1,-1,1,0,0
20210423T105645.A_Elmo.B_KN.SCP_01,158,A5,-0.3435945380274757,-0.5499294094821144,-0.20633487145463875,0.015418312586328723,-1,-1,0,0,0
20210423T105645.A_Elmo.B_KN.SCP_01,159,A5,-0.16030076744416205,-1.0,-0.8396992325558379,0.0067759272201301885,-1,-1,0,1,1
20210423T105645.A_Elmo.B_KN.SCP_01,160,A5,-0.5447977860902066,-1.0,-0.45520221390979343,0.20113530244465663,-1,-1,0,0,1
20210520T120659.A_Elmo.B_KN.SCP_01,1,A1,0.26298249732092227,-0.33081900800713177,-0.5938015053280541,-0.027185440722956034,1,-1,1,0,0
20210520T120659.A_Elmo.B_KN.SCP_01,2,A1,-0.5289084698713005,-0.6182445762553355,-0.089336106384035,0.5113196448005665,-1,-1,0,1,1
20210520T120659.A_Elmo.B_KN.SCP_01,3,A1,-0.2800784671013145,-0.4092807292473625,-0.12920226214604796,0.22939105122207626,-1,-1,0,1,1
20210520T120659.A_Elmo.B_KN.SCP_01,4,A1,0.192352751998174,1.0,0.807647248001826,0.5316817572895385,1,1,0,1,1
20210520T120659.A_Elmo.B_KN.SCP_01,5,A1,-0.33356586108791314,-0.08598606120021633,0.2475797998876968,0.4467949461484253,-1,-1,0,1,1
20210520T120659.A_Elmo.B_KN.SCP_01,6,A1,0.00898668198298655,-1.0,-1.0089866819829865,-0.13309675942071855,1,-1,1,0,0
20210520T120659.A_Elmo.B_KN.SCP_01,7,A1,-0.37622785588848984,0.2886448162840444,0.6648726721725342,0.1489047464259477,-1,1,1,1,0
20210520T120659.A_Elmo.B_KN.SCP_01,8,A1,-0.4586885009309277,-1.0,-0.5413114990690723,0.3101139051519112,-1,-1,0,1,1
20210520T120659.A_Elmo.B_KN.SCP_01,9,A1,0.3963279540129424,-0.8238173453398115,-1.220145299352754,-0.3281962406214147,1,-1,1,0,0
20210520T120659.A_Elmo.B_KN.SCP_01,10,A1,-0.5554260938803303,1.0,1.5554260938803304,0.25263713740438615,-1,1,1,1,1
20210520T120659.A_Elmo.B_KN.SCP_01,11,A1,-0.21081979241461468,-0.17314295581439035,0.037676836600224334,0.44966269191519226,-1,-1,0,0,1
20210520T120659.A_Elmo.B_KN.SCP_01,12,A1,-0.45288205750269056,-0.9336511650395084,-0.48076910753681784,0.3314154823394368,-1,-1,0,1,1
20210520T120659.A_Elmo.B_KN.SCP_01,13,A1,-0.08001509101691355,-0.3125786910130595,-0.23256359999614595,0.04044343117154295,-1,-1,0,1,1
20210520T120659.A_Elmo.B_KN.SCP_01,14,A1,-0.08139071098623031,-0.6045694859842381,-0.5231787749980078,0.3377933214354072,-1,-1,0,1,1
20210520T120659.A_Elmo.B_KN.SCP_01,15,A1,1.0,0.7840749498423043,-0.2159250501576957,-0.2260866434901665,1,1,0,1,1
20210520T120659.A_Elmo.B_KN.SCP_01,16,A1,-0.1266909784844546,0.23850020141335376,0.36519117989780836,-0.00555741951504821,-1,1,1,1,1
20210520T120659.A_Elmo.B_KN.SCP_01,17,A1,-1.0,-1.0,0.0,0.19599192714126892,-1,-1,0,1,1
20210520T120659.A_Elmo.B_KN.SCP_01,18,A1,-0.46988885629818666,-0.32815982234179725,0.14172903395638942,0.15252122655052786,-1,-1,0,1,1
20210520T120659.A_Elmo.B_KN.SCP_01,19,A1,-1.0,-1.0,0.0,0.5444960711274472,-1,-1,0,1,1
20210520T120659.A_Elmo.B_KN.SCP_01,20,A1,-0.08599396995155253,-0.11723874090399602,-0.03124477095244349,0.873806741712937,-1,-1,0,1,1
20210520T120659.A_Elmo.B_KN.SCP_01,21,A1,-0.6129366439898342,-0.748577820569401,-0.13564117657956687,0.4806349893579774,-1,-1,0,1,0
20210520T120659.A_Elmo.B_KN.SCP_01,22,A1,-1.0,-0.7198804748652349,0.2801195251347651,-0.07570671376702162,-1,-1,0,0,0
20210520T120659.A_Elmo.B_KN.SCP_01,23,A1,-1.0,-0.6044424908666602,0.39555750913333976,0.6619347018132071,-1,-1,0,1,1
20210520T120659.A_Elmo.B_KN.SCP_01,24,A1,1.0,-0.5890904492045529,-1.5890904492045528,0.03678428574026103,1,-1,1,1,1
20210520T120659.A_Elmo.B_KN.SCP_01,25,A1,-1.0,-0.14900283185652413,0.8509971681434758,0.15931933548512492,-1,-1,0,1,0
20210520T120659.A_Elmo.B_KN.SCP_01,26,A1,1.0,1.0,0.0,0.7434201696036373,1,1,0,1,1
20210520T120659.A_Elmo.B_KN.SCP_01,27,A1,-1.0,-1.0,0.0,0.30992079714386517,-1,-1,0,1,0
20210520T120659.A_Elmo.B_KN.SCP_01,28,A1,-1.0,-0.8491996568047205,0.15080034319527946,0.6308563459855041,-1,-1,0,1,1
20210520T120659.A_Elmo.B_KN.SCP_01,29,A1,-0.2168948676870417,0.3391484286041098,0.5560432962911515,0.38320933757808967,-1,1,1,1,1
20210520T120659.A_Elmo.B_KN.SCP_01,30,A1,1.0,0.021493617117074353,-0.9785063828829257,-0.061889661223733336,1,1,0,1,1
20210520T120659.A_Elmo.B_KN.SCP_01,31,A1,-0.01747294229891802,-1.0,-0.982527057701082,-0.008147177791443666,-1,-1,0,1,1
20210520T120659.A_Elmo.B_KN.SCP_01,32,A1,0.9347250679791268,0.41085138896726997,-0.5238736790118568,-0.41711810759694806,1,1,0,1,1
20210520T120659.A_Elmo.B_KN.SCP_01,33,A2,-0.4346690617153615,-0.2666122539769406,0.1680568077384209,0.3041327380168446,-1,-1,0,1,0
20210520T120659.A_Elmo.B_KN.SCP_01,34,A2,-0.2969520002411395,-0.2204028168247706,0.0765491834163689,-0.06732618617812781,-1,-1,0,1,1
20210520T120659.A_Elmo.B_KN.SCP_01,35,A2,-0.9175494315906765,-0.0024784202666523424,0.9150710113240241,0.051985815937898264,-1,-1,0,0,0
20210520T120659.A_Elmo.B_KN.SCP_01,36,A2,-0.008187936214243309,0.03591369296506646,0.04410162917930977,-0.07556919348348592,-1,1,1,1,1
20210520T120659.A_Elmo.B_KN.SCP_01,37,A2,-1.0,-1.0,0.0,-0.08790768377197543,-1,-1,0,0,0
20210520T120659.A_Elmo.B_KN.SCP_01,38,A2,-0.220356304956086,-0.0775814454720521,0.1427748594840339,0.4440963834344933,-1,-1,0,0,0
20210520T120659.A_Elmo.B_KN.SCP_01,39,A2,-0.025224082701097862,-0.3121968068344305,-0.28697272413333264,0.4926382956833255,-1,-1,0,1,1
20210520T120659.A_Elmo.B_KN.SCP_01,40,A2,-0.04732873884468523,-0.04979365881857803,-0.0024649199738928027,0.15496356064985964,-1,-1,0,0,0
20210520T120659.A_Elmo.B_KN.SCP_01,41,A2,-0.9655935372534551,-1.0,-0.03440646274654491,0.7773647699741245,-1,-1,0,1,1
20210520T120659.A_Elmo.B_KN.SCP_01,42,A2,-0.19571841051644817,-0.14493703239934158,0.05078137811710659,-0.04459932016973794,-1,-1,0,0,0
20210520T120659.A_Elmo.B_KN.SCP_01,43,A2,-1.0,-0.29127102541553745,0.7087289745844625,0.3474867421163463,-1,-1,0,0,0
20210520T120659.A_Elmo.B_KN.SCP_01,44,A2,-1.0,-0.6035413247587812,0.3964586752412188,0.18019965716511538,-1,-1,0,0,0
20210520T120659.A_Elmo.B_KN.SCP_01,45,A2,-0.20937728578426004,-0.03839213620777146,0.17098514957648858,0.12522482778517813,-1,-1,0,0,0
20210520T120659.A_Elmo.B_KN.SCP_01,46,A2,-1.0,-0.7093615123553544,0.2906384876446456,0.19099281780516433,-1,-1,0,1,1
20210520T120659.A_Elmo.B_KN.SCP_01,47,A2,-1.0,-0.5162154151024072,0.4837845848975928,0.14228216888608208,-1,-1,0,0,0
20210520T120659.A_Elmo.B_KN.SCP_01,48,A2,0.04061143726157289,0.020324581858336212,-0.020286855403236676,-0.2678884046433537,1,1,0,0,0
20210520T120659.A_Elmo.B_KN.SCP_01,49,A2,-0.5639687737597286,-0.659611567528366,-0.09564279376863738,0.3212513910207226,-1,-1,0,1,1
20210520T120659.A_Elmo.B_KN.SCP_01,50,A2,0.40467530531828705,-0.10297449849856817,-0.5076498038168552,0.01020462640115996,1,-1,1,0,0
20210520T120659.A_Elmo.B_KN.SCP_01,51,A2,-0.7255001289340764,-1.0,-0.27449987106592355,0.004448875341347344,-1,-1,0,0,0
20210520T120659.A_Elmo.B_KN.SCP_01,52,A2,-0.4642297944937564,-0.06638047101510994,0.39784932347864643,0.15513492688188976,-1,-1,0,1,0
20210520T120659.A_Elmo.B_KN.SCP_01,53,A2,-0.12563447517763304,-0.09704537637008125,0.028589098807551797,0.19567089166371046,-1,-1,0,1,0
20210520T120659.A_Elmo.B_KN.SCP_01,54,A2,-0.34461327901920874,0.028141151942312842,0.3727544309615216,0.5261249844196796,-1,1,1,1,1
20210520T120659.A_Elmo.B_KN.SCP_01,55,A2,-0.2256803599215864,-0.29048839336523946,-0.06480803344365307,0.6297515871713463,-1,-1,0,1,1
20210520T120659.A_Elmo.B_KN.SCP_01,56,A2,-0.33846624952932264,-0.2383341001891241,0.10013214934019854,0.09843993933373853,-1,-1,0,1,1
20210520T120659.A_Elmo.B_KN.SCP_01,57,A2,-0.2787513958607588,-0.03140274293424947,0.24734865292650934,-0.11475617469890317,-1,-1,0,1,1
20210520T120659.A_Elmo.B_KN.SCP_01,58,A2,-1.0,-1.0,0.0,0.21519985036286263,-1,-1,0,0,0
20210520T120659.A_Elmo.B_KN.SCP_01,59,A2,-0.2724743367102909,-0.31594394265845016,-0.04346960594815924,0.13652021868560527,-1,-1,0,1,1
20210520T120659.A_Elmo.B_KN.SCP_01,60,A2,-1.0,-1.0,0.0,0.18056590810165085,-1,-1,0,0,0
20210520T120659.A_Elmo.B_KN.SCP_01,61,A2,0.23260869329646666,0.00989895183224397,-0.2227097414642227,0.1566818698713417,1,1,0,0,0
20210520T120659.A_Elmo.B_KN.SCP_01,62,A2,-0.12254879467424283,-0.057197017266701684,0.06535177740754114,0.3238455788945278,-1,-1,0,0,0
20210520T120659.A_Elmo.B_KN.SCP_01,63,A2,-0.13763853778395174,-0.5948694080701387,-0.4572308702861869,0.08958213195985769,-1,-1,0,0,1
20210520T120659.A_Elmo.B_KN.SCP_01,64,A2,-0.5008537815266767,0.1678960352771092,0.6687498168037859,-0.21788701082469095,-1,1,1,1,0
20210520T120659.A_Elmo.B_KN.SCP_01,65,A3,-0.41001631557468293,-1.0,-0.589983684425317,0.2699669782668261,-1,-1,0,1,0
20210520T120659.A_Elmo.B_KN.SCP_01,66,A3,-0.02129436008570665,-0.39305998478490045,-0.37176562469919383,-0.10987778893628598,-1,-1,0,0,0
20210520T120659.A_Elmo.B_KN.SCP_01,67,A3,-0.2909509377840851,-0.25733382747140354,0.03361711031268155,0.24953626347660857,-1,-1,0,0,0
20210520T120659.A_Elmo.B_KN.SCP_01,68,A3,0.04852686938827218,-0.1483756292975998,-0.19690249868587195,0.11990349708795443,1,-1,1,0,0
20210520T120659.A_Elmo.B_KN.SCP_01,69,A3,0.0009560802077439483,-0.045549908487310206,-0.04650598869505415,0.42340918359637564,1,-1,1,1,1
20210520T120659.A_Elmo.B_KN.SCP_01,70,A3,0.13538768266654522,-0.09645712484293727,-0.2318448075094825,-0.1060049674964677,1,-1,1,0,0
20210520T120659.A_Elmo.B_KN.SCP_01,71,A3,1.0,-0.739519541780279,-1.739519541780279,0.14323755854972245,1,-1,1,0,0
20210520T120659.A_Elmo.B_KN.SCP_01,72,A3,-0.027790322114215213,-0.05767512197758833,-0.02988479986337312,0.28070102714014605,-1,-1,0,0,0
20210520T120659.A_Elmo.B_KN.SCP_01,73,A3,-1.0,-1.0,0.0,-0.10944396812154464,-1,-1,0,0,1
20210520T120659.A_Elmo.B_KN.SCP_01,74,A3,-0.04252385806747034,-0.060188147183723124,-0.017664289116252785,-0.35103274279075525,-1,-1,0,0,0
20210520T120659.A_Elmo.B_KN.SCP_01,75,A3,-0.13006735064488395,-0.1964457399962909,-0.06637838935140694,0.021952240972720825,-1,-1,0,0,0
20210520T120659.A_Elmo.B_KN.SCP_01,76,A3,-0.035399660632805,-0.0769032979437192,-0.04150363731091419,-0.09834516146793595,-1,-1,0,0,1
20210520T120659.A_Elmo.B_KN.SCP_01,77,A3,-0.08921084647159198,-0.1382144415906509,-0.049003595119058926,0.17586654507393332,-1,-1,0,0,0
20210520T120659.A_Elmo.B_KN.SCP_01,78,A3,-0.15624620931475935,1.0,1.1562462093147594,0.22897589506662755,-1,1,1,0,0
20210520T120659.A_Elmo.B_KN.SCP_01,79,A3,-0.11720520500062996,-0.19260873243111887,-0.0754035274304889,0.07978612149100472,-1,-1,0,0,0
20210520T120659.A_Elmo.B_KN.SCP_01,80,A3,-0.9085493059902392,-0.5874067598232937,0.3211425461669455,-0.0839670940827767,-1,-1,0,0,0
20210520T120659.A_Elmo.B_KN.SCP_01,81,A3,-0.14962653255006123,-0.25050132420270543,-0.10087479165264421,0.2050921199270604,-1,-1,0,0,0
20210520T120659.A_Elmo.B_KN.SCP_01,82,A3,-0.18135776772792844,-0.12368447079949273,0.057673296928435716,-0.0026448493015674528,-1,-1,0,0,0
20210520T120659.A_Elmo.B_KN.SCP_01,83,A3,0.00710995124138834,-0.06414086514020474,-0.07125081638159309,0.22369959631425676,1,-1,1,0,1
20210520T120659.A_Elmo.B_KN.SCP_01,84,A3,0.028459004790033722,-0.18876716867400764,-0.21722617346404136,-0.022852759878661685,1,-1,1,0,1
20210520T120659.A_Elmo.B_KN.SCP_01,85,A3,-0.28330459591873963,-0.4187043744756146,-0.13539977855687496,-0.32593889722127056,-1,-1,0,0,0
20210520T120659.A_Elmo.B_KN.SCP_01,86,A3,-0.2622740896452881,-1.0,-0.7377259103547119,-0.01828566309923894,-1,-1,0,0,0
20210520T120659.A_Elmo.B_KN.SCP_01,87,A3,-0.3106071368728259,-0.09562341923876333,0.21498371763406254,-0.010106211844738125,-1,-1,0,0,0
20210520T120659.A_Elmo.B_KN.SCP_01,88,A3,0.11157127050865233,-0.06343712874370984,-0.17500839925236217,0.18970517651959057,1,-1,1,0,1
20210520T120659.A_Elmo.B_KN.SCP_01,89,A3,-1.0,0.0283377741678336,1.0283377741678337,0.5222251688765882,-1,1,1,0,0
20210520T120659.A_Elmo.B_KN.SCP_01,90,A3,0.44257416967397245,-0.12265949715125352,-0.565233666825226,-0.030885592661879766,1,-1,1,0,0
20210520T120659.A_Elmo.B_KN.SCP_01,91,A3,-0.12205548284308447,-0.20225328900462589,-0.08019780616154142,-0.014702718862405307,-1,-1,0,0,0
20210520T120659.A_Elmo.B_KN.SCP_01,92,A3,-0.16992645093185577,-0.7047924900143718,-0.5348660390825161,-0.005014922295215629,-1,-1,0,0,0
20210520T120659.A_Elmo.B_KN.SCP_01,93,A3,-1.0,-0.7936407278467953,0.2063592721532047,-0.05821559650002298,-1,-1,0,0,0
20210520T120659.A_Elmo.B_KN.SCP_01,94,A3,-0.011454512041473143,0.006469750654656281,0.017924262696129425,-0.046265078174343284,-1,1,1,0,0
20210520T120659.A_Elmo.B_KN.SCP_01,95,A3,-1.0,0.8237975716995027,1.8237975716995027,0.06351009871341214,-1,1,1,0,0
20210520T120659.A_Elmo.B_KN.SCP_01,96,A3,-1.0,-0.32778095399698726,0.6722190460030127,-0.03438790821874036,-1,-1,0,0,0
20210520T120659.A_Elmo.B_KN.SCP_01,97,A4,0.18910616890383217,0.035630132426879034,-0.15347603647695313,0.05170215601558537,1,1,0,1,1
20210520T120659.A_Elmo.B_KN.SCP_01,98,A4,0.06615748161658633,-0.10135912892205323,-0.16751661053863956,0.5451939454007108,1,-1,1,1,1
20210520T120659.A_Elmo.B_KN.SCP_01,99,A4,-0.14173428305939695,-0.28177013132707246,-0.1400358482676755,0.623493757622766,-1,-1,0,1,1
20210520T120659.A_Elmo.B_KN.SCP_01,100,A4,-0.1383876068272427,-0.31557382880663964,-0.17718622197939696,0.45257649970852154,-1,-1,0,1,1
20210520T120659.A_Elmo.B_KN.SCP_01,101,A4,0.02916386822609442,-0.13708988968382635,-0.16625375790992078,0.4349160364407055,1,-1,1,1,1
20210520T120659.A_Elmo.B_KN.SCP_01,102,A4,-0.06483231727666143,-0.2054602014356059,-0.14062788415894445,0.6656212925263989,-1,-1,0,1,1
20210520T120659.A_Elmo.B_KN.SCP_01,103,A4,-0.07618626076030989,-0.2014118535708171,-0.1252255928105072,0.3302769904399911,-1,-1,0,1,1
20210520T120659.A_Elmo.B_KN.SCP_01,104,A4,-0.2016248682465155,-0.7364816956164646,-0.5348568273699491,0.6574478450204927,-1,-1,0,1,1
20210520T120659.A_Elmo.B_KN.SCP_01,105,A4,-0.1326667484420488,-0.07091842855186642,0.06174831989018237,0.009698108823133416,-1,-1,0,1,1
20210520T120659.A_Elmo.B_KN.SCP_01,106,A4,-0.366409728219022,-0.25160732985796325,0.11480239836105877,0.22845997597705567,-1,-1,0,1,1
20210520T120659.A_Elmo.B_KN.SCP_01,107,A4,0.19458302202288263,-0.0023648263976360356,-0.19694784842051866,0.5665127850069058,1,-1,1,1,1
20210520T120659.A_Elmo.B_KN.SCP_01,108,A4,-0.018094769942574567,-0.07687142372462712,-0.058776653782052546,-0.12364761632555972,-1,-1,0,1,1
20210520T120659.A_Elmo.B_KN.SCP_01,109,A4,-0.46010038240027945,-0.47864804476102546,-0.01854766236074601,0.17384411303332964,-1,-1,0,1,1
20210520T120659.A_Elmo.B_KN.SCP_01,110,A4,-0.36573260672199254,-0.19420012665579137,0.17153248006620117,0.11292420226093647,-1,-1,0,1,1
20210520T120659.A_Elmo.B_KN.SCP_01,111,A4,-0.21046879444265562,-0.3071669013566562,-0.09669810691400058,0.3457233787581335,-1,-1,0,1,1
20210520T120659.A_Elmo.B_KN.SCP_01,112,A4,-0.15128577015836667,-0.3315932794317789,-0.18030750927341224,0.39042745076113894,-1,-1,0,1,1
20210520T120659.A_Elmo.B_KN.SCP_01,113,A4,0.018416916406543953,-0.05595307570391959,-0.07436999211046354,0.7576993168368372,1,-1,1,1,1
20210520T120659.A_Elmo.B_KN.SCP_01,114,A4,0.012773351527671376,-0.06731600020680491,-0.08008935173447629,0.36182596973511577,1,-1,1,1,1
20210520T120659.A_Elmo.B_KN.SCP_01,115,A4,-0.06296849033764813,-0.2109855806778923,-0.14801709034024418,0.27193959972095993,-1,-1,0,1,1
20210520T120659.A_Elmo.B_KN.SCP_01,116,A4,-0.23017638077704358,-0.33593492646771994,-0.10575854569067636,0.18566037604928765,-1,-1,0,1,1
20210520T120659.A_Elmo.B_KN.SCP_01,117,A4,-0.12135874420688089,-0.207344242849527,-0.0859854986426461,0.6954398632852462,-1,-1,0,1,1
20210520T120659.A_Elmo.B_KN.SCP_01,118,A4,-0.13202500852307164,-0.08841009413421316,0.04361491438885848,0.2571871772809073,-1,-1,0,1,1
20210520T120659.A_Elmo.B_KN.SCP_01,119,A4,-0.038888006757849876,-0.319306001650943,-0.28041799489309316,0.43647720512402516,-1,-1,0,1,1
20210520T120659.A_Elmo.B_KN.SCP_01,120,A4,-0.28652069866422053,-0.3790623313705743,-0.0925416327063538,0.34749259746836314,-1,-1,0,1,1
20210520T120659.A_Elmo.B_KN.SCP_01,121,A4,-0.27868033170768114,-0.41141186450117484,-0.1327315327934937,0.8423686664720313,-1,-1,0,1,1
20210520T120659.A_Elmo.B_KN.SCP_01,122,A4,-0.08292304037952981,-0.04452487965295872,0.038398160726571096,0.819013634713787,-1,-1,0,1,1
20210520T120659.A_Elmo.B_KN.SCP_01,123,A4,-0.27395445715671884,-0.36805456353955845,-0.09410010638283961,0.779095121448406,-1,-1,0,1,1
20210520T120659.A_Elmo.B_KN.SCP_01,124,A4,-0.0860588917802425,-0.3457398209824129,-0.2596809292021704,0.4506896204702683,-1,-1,0,1,1
20210520T120659.A_Elmo.B_KN.SCP_01,125,A4,-0.05671302809709012,-0.1580485006407108,-0.10133547254362069,0.6327865335876491,-1,-1,0,1,1
20210520T120659.A_Elmo.B_KN.SCP_01,126,A4,-0.21324872530028854,-0.36377908459452224,-0.1505303592942337,0.8245795092824663,-1,-1,0,1,1
20210520T120659.A_Elmo.B_KN.SCP_01,127,A4,0.44453780658474346,0.16544756706278266,-0.27909023952196077,0.4873970665014218,1,1,0,1,1
20210520T120659.A_Elmo.B_KN.SCP_01,128,A4,-0.3717105890077522,-0.6419163661596446,-0.2702057771518924,0.6040378898696853,-1,-1,0,1,1
20210520T120659.A_Elmo.B_KN.SCP_01,129,A5,-0.0694026153739558,-1.0,-0.9305973846260442,-0.21147324930980943,-1,-1,0,0,0
20210520T120659.A_Elmo.B_KN.SCP_01,130,A5,-0.1644292354835344,-0.3522689317412273,-0.1878396962576929,-0.16724697208457023,-1,-1,0,1,1
20210520T120659.A_Elmo.B_KN.SCP_01,131,A5,-0.05352551361174755,-0.3028372919427942,-0.24931177833104662,0.08846121725266134,-1,-1,0,1,1
20210520T120659.A_Elmo.B_KN.SCP_01,132,A5,-0.48596766134506914,0.5452128898449964,1.0311805511900656,-0.07376650779805431,-1,1,1,1,1
20210520T120659.A_Elmo.B_KN.SCP_01,133,A5,0.2607679902822712,0.29393774769564857,0.033169757413377354,0.41649631550338473,1,1,0,1,1
20210520T120659.A_Elmo.B_KN.SCP_01,134,A5,-0.2516552225654525,-0.5108148868013783,-0.25915966423592585,-0.18772039834985835,-1,-1,0,1,1
20210520T120659.A_Elmo.B_KN.SCP_01,135,A5,-0.04670907546862891,-0.8814532380107126,-0.8347441625420837,0.17013164399877792,-1,-1,0,1,1
20210520T120659.A_Elmo.B_KN.SCP_01,136,A5,0.018829880752379353,-0.09468886670256672,-0.11351874745494608,-0.006183633895196345,1,-1,1,1,1
20210520T120659.A_Elmo.B_KN.SCP_01,137,A5,-1.0,-1.0,0.0,0.44436356683711586,-1,-1,0,0,1
20210520T120659.A_Elmo.B_KN.SCP_01,138,A5,-1.0,-1.0,0.0,-0.07131382494334354,-1,-1,0,0,0
20210520T120659.A_Elmo.B_KN.SCP_01,139,A5,-1.0,-0.38239447369361695,0.6176055263063831,0.13482027595789864,-1,-1,0,1,0
20210520T120659.A_Elmo.B_KN.SCP_01,140,A5,-0.38976556410657315,-1.0,-0.6102344358934269,0.17310156332526447,-1,-1,0,0,0
20210520T120659.A_Elmo.B_KN.SCP_01,141,A5,-0.1813436156481747,-0.48814089495411656,-0.30679727930594186,-0.2752297951135995,-1,-1,0,1,1
20210520T120659.A_Elmo.B_KN.SCP_01,142,A5,1.0,1.0,0.0,0.010835611022882536,1,1,0,0,0
20210520T120659.A_Elmo.B_KN.SCP_01,143,A5,0.17504410298257145,-1.0,-1.1750441029825716,0.29775471204123394,1,-1,1,0,1
20210520T120659.A_Elmo.B_KN.SCP_01,144,A5,-1.0,-0.7032763322456272,0.29672366775437276,0.12478503433201069,-1,-1,0,1,0
20210520T120659.A_Elmo.B_KN.SCP_01,145,A5,-0.23765794730223785,-0.314694646635259,-0.07703669933302112,0.680692855401721,-1,-1,0,1,1
20210520T120659.A_Elmo.B_KN.SCP_01,146,A5,0.007616758541514297,-0.5437763341967048,-0.5513930927382191,0.08128010168281267,1,-1,1,0,0
20210520T120659.A_Elmo.B_KN.SCP_01,147,A5,-0.13691184854232885,-0.1588727376986229,-0.021960889156294044,0.027730820462142803,-1,-1,0,0,0
20210520T120659.A_Elmo.B_KN.SCP_01,148,A5,0.005112142229247098,-0.43202856375051474,-0.43714070597976185,0.3798606437398566,1,-1,1,0,0
20210520T120659.A_Elmo.B_KN.SCP_01,149,A5,-0.16695304414870413,-0.06807581297876049,0.09887723116994364,-0.08589849683797315,-1,-1,0,0,0
20210520T120659.A_Elmo.B_KN.SCP_01,150,A5,-0.05103535168576543,0.04326108518823237,0.0942964368739978,-0.05859576904451157,-1,1,1,1,1
20210520T120659.A_Elmo.B_KN.SCP_01,151,A5,-0.14220947576764453,-0.40100604772589515,-0.2587965719582506,-0.04255589993729481,-1,-1,0,1,1
20210520T120659.A_Elmo.B_KN.SCP_01,152,A5,-0.9985784475849152,-1.0,-0.0014215524150847925,-0.24469341063962,-1,-1,0,1,1
20210520T120659.A_Elmo.B_KN.SCP_01,153,A5,-0.6660192029488818,-1.0,-0.33398079705111816,0.12046708478582147,-1,-1,0,1,1
20210520T120659.A_Elmo.B_KN.SCP_01,154,A5,-0.13318080555830794,0.027260262577410998,0.16044106813571893,0.09678524172214839,-1,1,1,1,1
20210520T120659.A_Elmo.B_KN.SCP_01,155,A5,-0.6923026935286096,-0.45045199921020834,0.24185069431840128,0.28624047238163247,-1,-1,0,1,0
20210520T120659.A_Elmo.B_KN.SCP_01,156,A5,-0.08880386259214003,0.0810001308742926,0.16980399346643263,-0.02834468990838747,-1,1,1,1,0
20210520T120659.A_Elmo.B_KN.SCP_01,157,A5,1.0,0.10423221001244852,-0.8957677899875515,-0.029546505262636354,1,1,0,1,0
20210520T120659.A_Elmo.B_KN.SCP_01,158,A5,-0.83717478695518,0.05984730742360234,0.8970220943787823,-0.06333371339236078,-1,1,1,0,0
20210520T120659.A_Elmo.B_KN.SCP_01,159,A5,-1.0,-0.3155777468798742,0.6844222531201258,-0.30638707340500704,-1,-1,0,0,0
20210520T120659.A_Elmo.B_KN.SCP_01,160,A5,0.3621103038466484,0.27265781750546425,-0.08945248634118413,0.12430726150313547,1,1,0,1,1
20210604T143542.A_Elmo.B_KN.SCP_01,1,A1,-0.18271358981318675,-0.44295972645741155,-0.2602461366442248,-0.09135272873259623,-1,-1,0,1,1
20210604T143542.A_Elmo.B_KN.SCP_01,2,A1,-0.21323430358701753,-0.490767243668282,-0.2775329400812645,0.40671290136920707,-1,-1,0,1,1
20210604T143542.A_Elmo.B_KN.SCP_01,3,A1,-0.721647804156482,-0.14252593245624412,0.5791218717002379,0.129224129295722,-1,-1,0,1,1
20210604T143542.A_Elmo.B_KN.SCP_01,4,A1,0.378295293581585,-0.2034428505177975,-0.5817381440993825,0.006273922520217173,1,-1,1,1,1
20210604T143542.A_Elmo.B_KN.SCP_01,5,A1,-1.0,-0.1781067025576729,0.8218932974423271,0.44599822896793884,-1,-1,0,1,1
20210604T143542.A_Elmo.B_KN.SCP_01,6,A1,-1.0,-1.0,0.0,0.2432281149172362,-1,-1,0,1,1
20210604T143542.A_Elmo.B_KN.SCP_01,7,A1,0.46523236280455876,-0.05916882676941871,-0.5244011895739775,0.3690043291310641,1,-1,1,1,0
20210604T143542.A_Elmo.B_KN.SCP_01,8,A1,-0.2893808929272859,0.422414981084975,0.711795874012261,0.4003396237886509,-1,1,1,1,1
20210604T143542.A_Elmo.B_KN.SCP_01,9,A1,-0.5394730620355621,-0.9331769385897876,-0.39370387655422545,-0.06001400672685011,-1,-1,0,0,0
20210604T143542.A_Elmo.B_KN.SCP_01,10,A1,-0.12564297683093692,-0.9365259197830339,-0.810882942952097,0.20314145511186404,-1,-1,0,1,1
20210604T143542.A_Elmo.B_KN.SCP_01,11,A1,-0.21275893002948476,0.18341859399968852,0.3961775240291733,-0.10906088147873859,-1,1,1,1,1
20210604T143542.A_Elmo.B_KN.SCP_01,12,A1,0.5506303221288622,1.0,0.4493696778711378,-0.33915113128557733,1,1,0,1,1
20210604T143542.A_Elmo.B_KN.SCP_01,13,A1,-0.023532546231161817,0.06454622395770268,0.0880787701888645,0.2832288778842407,-1,1,1,1,1
20210604T143542.A_Elmo.B_KN.SCP_01,14,A1,0.17047655110235826,-0.15004086019280669,-0.320517411295165,0.09808343516661693,1,-1,1,1,1
20210604T143542.A_Elmo.B_KN.SCP_01,15,A1,-0.04812709900450298,-1.0,-0.951872900995497,0.25062478994725373,-1,-1,0,0,0
20210604T143542.A_Elmo.B_KN.SCP_01,16,A1,0.010860197424344326,-0.23941388953277323,-0.25027408695711756,0.20414476211914914,1,-1,1,1,1
20210604T143542.A_Elmo.B_KN.SCP_01,17,A1,-1.0,-1.0,0.0,-0.09025919629105021,-1,-1,0,1,1
20210604T143542.A_Elmo.B_KN.SCP_01,18,A1,0.09341712051955843,0.2916147671518405,0.19819764663228207,0.15553305342716042,1,1,0,1,1
20210604T143542.A_Elmo.B_KN.SCP_01,19,A1,-1.0,-0.25337053834281226,0.7466294616571878,0.5839598597710325,-1,-1,0,1,1
20210604T143542.A_Elmo.B_KN.SCP_01,20,A1,0.004492638408557104,-0.4831617953746096,-0.48765443378316675,0.0812413590737087,1,-1,1,1,1
20210604T143542.A_Elmo.B_KN.SCP_01,21,A1,-1.0,-1.0,0.0,0.3363257743788444,-1,-1,0,1,1
20210604T143542.A_Elmo.B_KN.SCP_01,22,A1,-0.13413622483411083,0.0027697455365455546,0.13690597037065638,0.2021201886389275,-1,1,1,0,0
20210604T143542.A_Elmo.B_KN.SCP_01,23,A1,-0.20608770068772148,-0.13993961746830236,0.06614808321941912,0.017648850920464813,-1,-1,0,1,1
20210604T143542.A_Elmo.B_KN.SCP_01,24,A1,-0.03349701411306404,-0.9577307762323898,-0.9242337621193257,-0.049394104245701766,-1,-1,0,1,1
20210604T143542.A_Elmo.B_KN.SCP_01,25,A1,-0.29197019104230987,-0.14840679549453334,0.14356339554777653,0.04972509817211976,-1,-1,0,0,0
20210604T143542.A_Elmo.B_KN.SCP_01,26,A1,0.9571900521299571,0.4200929074171895,-0.5370971447127676,0.3265486502467062,1,1,0,1,1
20210604T143542.A_Elmo.B_KN.SCP_01,27,A1,0.4536869304770858,1.0,0.5463130695229141,0.0954391983403957,1,1,0,0,0
20210604T143542.A_Elmo.B_KN.SCP_01,28,A1,-1.0,-1.0,0.0,0.3482413740229404,-1,-1,0,1,1
20210604T143542.A_Elmo.B_KN.SCP_01,29,A1,0.018054642546480933,-1.0,-1.018054642546481,-0.28698375314291474,1,-1,1,1,1
20210604T143542.A_Elmo.B_KN.SCP_01,30,A1,0.3726527866387238,0.2140494645948556,-0.1586033220438682,0.020527535395496635,1,1,0,1,0
20210604T143542.A_Elmo.B_KN.SCP_01,31,A1,-1.0,-0.4889928715514295,0.5110071284485704,0.3073696597870225,-1,-1,0,1,1
20210604T143542.A_Elmo.B_KN.SCP_01,32,A1,1.0,1.0,0.0,0.5723426249784438,1,1,0,1,1
20210604T143542.A_Elmo.B_KN.SCP_01,33,A2,-0.7573243422337177,-0.8509271376795708,-0.09360279544585315,0.6366421661020927,-1,-1,0,1,1
20210604T143542.A_Elmo.B_KN.SCP_01,34,A2,-0.5783469173734485,-0.5785920515030681,-0.00024513412961968406,0.4348690110574586,-1,-1,0,0,1
20210604T143542.A_Elmo.B_KN.SCP_01,35,A2,-0.22078828230800102,0.2571713859951154,0.4779596683031164,0.07403375486821862,-1,1,1,1,0
20210604T143542.A_Elmo.B_KN.SCP_01,36,A2,0.10488281076943637,-0.2811665873190351,-0.3860493980884715,0.33910395238800123,1,-1,1,1,1
20210604T143542.A_Elmo.B_KN.SCP_01,37,A2,-0.16849366075875166,0.07296897630461399,0.24146263706336565,0.2326048364427953,-1,1,1,0,0
20210604T143542.A_Elmo.B_KN.SCP_01,38,A2,-1.0,0.6004834042757733,1.6004834042757734,-0.23299972166972355,-1,1,1,0,0
20210604T143542.A_Elmo.B_KN.SCP_01,39,A2,-0.04859364521319101,-0.02774361894581771,0.0208500262673733,0.08078130488014415,-1,-1,0,0,1
20210604T143542.A_Elmo.B_KN.SCP_01,40,A2,-0.028921888043008676,-0.2611638009028792,-0.23224191285987053,0.24825403424877715,-1,-1,0,1,1
20210604T143542.A_Elmo.B_KN.SCP_01,41,A2,-1.0,-1.0,0.0,0.30676648334039347,-1,-1,0,1,1
20210604T143542.A_Elmo.B_KN.SCP_01,42,A2,0.29325543364418505,-0.05379787845962538,-0.3470533121038104,0.046397341242155846,1,-1,1,0,0
20210604T143542.A_Elmo.B_KN.SCP_01,43,A2,-0.057129469094392045,-0.21439633676081832,-0.15726686766642628,0.0903730701397228,-1,-1,0,1,1
20210604T143542.A_Elmo.B_KN.SCP_01,44,A2,-0.4380574409066601,0.2538593664902431,0.6919168073969032,0.1376471036577609,-1,1,1,0,0
20210604T143542.A_Elmo.B_KN.SCP_01,45,A2,1.0,0.06455123276008451,-0.9354487672399154,-0.13440433721639025,1,1,0,0,0
20210604T143542.A_Elmo.B_KN.SCP_01,46,A2,1.0,0.9975722081655133,-0.0024277918344867144,-0.13060073103017664,1,1,0,0,0
20210604T143542.A_Elmo.B_KN.SCP_01,47,A2,0.042468172981408515,1.0,0.9575318270185915,0.08985504407301168,1,1,0,0,0
20210604T143542.A_Elmo.B_KN.SCP_01,48,A2,-0.2391405771848868,-0.04951962585730308,0.18962095132758372,-0.05598796935969819,-1,-1,0,0,0
20210604T143542.A_Elmo.B_KN.SCP_01,49,A2,-0.7069908020446943,-0.7472606511303531,-0.04026984908565878,0.1807527002284603,-1,-1,0,1,1
20210604T143542.A_Elmo.B_KN.SCP_01,50,A2,0.11069332877443826,-0.17017398905673894,-0.2808673178311772,-0.16422271827130527,1,-1,1,0,1
20210604T143542.A_Elmo.B_KN.SCP_01,51,A2,1.0,-0.8636072003127467,-1.8636072003127468,-0.3226130426780359,1,-1,1,0,0
20210604T143542.A_Elmo.B_KN.SCP_01,52,A2,-0.7533315345567154,-0.360935139536682,0.39239639502003343,0.0952792688686998,-1,-1,0,1,1
20210604T143542.A_Elmo.B_KN.SCP_01,53,A2,0.7755307470606914,-0.4518915877475206,-1.227422334808212,0.05864038848920358,1,-1,1,0,0
20210604T143542.A_Elmo.B_KN.SCP_01,54,A2,-0.1937961443303517,-0.1930582025835157,0.0007379417468360017,0.34239663792042807,-1,-1,0,1,1
20210604T143542.A_Elmo.B_KN.SCP_01,55,A2,-0.5334462306358044,-0.9729294190762956,-0.43948318844049117,0.2999388707922406,-1,-1,0,1,1
20210604T143542.A_Elmo.B_KN.SCP_01,56,A2,-0.32604014180991653,-1.0,-0.6739598581900834,0.5623933292920799,-1,-1,0,1,1
20210604T143542.A_Elmo.B_KN.SCP_01,57,A2,-0.05867416589268241,-0.059587666013784124,-0.0009135001211017166,0.193428850520655,-1,-1,0,1,1
20210604T143542.A_Elmo.B_KN.SCP_01,58,A2,1.0,-0.32700831158414106,-1.3270083115841411,-0.1179668193496896,1,-1,1,0,0
20210604T143542.A_Elmo.B_KN.SCP_01,59,A2,0.40070638235281697,-0.5470631352282733,-0.9477695175810903,0.42561213222029487,1,-1,1,1,1
20210604T143542.A_Elmo.B_KN.SCP_01,60,A2,-0.12167492855385874,0.09971324925633525,0.221388177810194,0.2019153583075457,-1,1,1,0,0
20210604T143542.A_Elmo.B_KN.SCP_01,61,A2,-0.24129454743455075,1.0,1.2412945474345507,0.03750207113406102,-1,1,1,0,0
20210604T143542.A_Elmo.B_KN.SCP_01,62,A2,-0.10480414752722265,0.0007781040206198268,0.10558225154784248,0.19248612652675162,-1,1,1,0,0
20210604T143542.A_Elmo.B_KN.SCP_01,63,A2,-0.1940134481560474,-0.07015867298681532,0.12385477516923209,0.22864127817805205,-1,-1,0,0,0
20210604T143542.A_Elmo.B_KN.SCP_01,64,A2,-0.5681271887974831,0.00578740200449856,0.5739145908019817,0.07215220792507772,-1,1,1,0,0
20210604T143542.A_Elmo.B_KN.SCP_01,65,A3,-1.0,1.0,2.0,-0.15707360679425958,-1,1,1,0,0
20210604T143542.A_Elmo.B_KN.SCP_01,66,A3,-0.23049688679574484,0.11757587737792825,0.3480727641736731,0.5174484874036924,-1,1,1,0,0
20210604T143542.A_Elmo.B_KN.SCP_01,67,A3,-1.0,1.0,2.0,0.342502045747924,-1,1,1,0,0
20210604T143542.A_Elmo.B_KN.SCP_01,68,A3,-0.2796727107295396,0.15203274173285494,0.43170545246239456,0.2737933681116028,-1,1,1,0,0
20210604T143542.A_Elmo.B_KN.SCP_01,69,A3,-1.0,1.0,2.0,-0.20408231582298325,-1,1,1,0,0
20210604T143542.A_Elmo.B_KN.SCP_01,70,A3,-0.8867508892779429,0.16376588518449042,1.0505167744624333,-0.12905339438489077,-1,1,1,0,0
20210604T143542.A_Elmo.B_KN.SCP_01,71,A3,-0.906834701024184,0.8291385737099999,1.7359732747341838,0.20639381053951153,-1,1,1,0,0
20210604T143542.A_Elmo.B_KN.SCP_01,72,A3,-0.44415781391682885,-0.42920130995817396,0.014956503958654888,-0.2748292099597839,-1,-1,0,0,0
20210604T143542.A_Elmo.B_KN.SCP_01,73,A3,-1.0,0.20127014051855877,1.2012701405185588,0.12008042829599008,-1,1,1,0,0
20210604T143542.A_Elmo.B_KN.SCP_01,74,A3,-1.0,1.0,2.0,-0.1267326419691558,-1,1,1,0,0
20210604T143542.A_Elmo.B_KN.SCP_01,75,A3,-0.880377360958939,0.1239110465064864,1.0042884074654255,0.08868244728620518,-1,1,1,0,0
20210604T143542.A_Elmo.B_KN.SCP_01,76,A3,-0.5835180068947797,0.0586787070638781,0.6421967139586578,0.12527351862905087,-1,1,1,0,0
20210604T143542.A_Elmo.B_KN.SCP_01,77,A3,-1.0,0.3078941345714692,1.3078941345714692,0.2012319230817591,-1,1,1,0,0
20210604T143542.A_Elmo.B_KN.SCP_01,78,A3,-0.07189862381594793,0.012671411402167486,0.08457003521811542,0.25894422205589307,-1,1,1,0,0
20210604T143542.A_Elmo.B_KN.SCP_01,79,A3,-1.0,0.2580510126468081,1.258051012646808,0.13461294472417298,-1,1,1,0,0
20210604T143542.A_Elmo.B_KN.SCP_01,80,A3,-1.0,0.6534631995443512,1.6534631995443512,0.13526540108320442,-1,1,1,0,0
20210604T143542.A_Elmo.B_KN.SCP_01,81,A3,-1.0,0.15156598867464238,1.1515659886746423,0.26154451856621436,-1,1,1,0,1
20210604T143542.A_Elmo.B_KN.SCP_01,82,A3,-1.0,0.22628232880900118,1.2262823288090012,0.21242532955949972,-1,1,1,0,1
20210604T143542.A_Elmo.B_KN.SCP_01,83,A3,-1.0,0.49222906087946794,1.492229060879468,0.5395801950038854,-1,1,1,1,1
20210604T143542.A_Elmo.B_KN.SCP_01,84,A3,-0.5848344301942595,-0.12972302387345264,0.4551114063208069,-0.09978716260288377,-1,-1,0,1,0
20210604T143542.A_Elmo.B_KN.SCP_01,85,A3,-1.0,0.7151146079176264,1.7151146079176263,0.08949723279550832,-1,1,1,0,0
20210604T143542.A_Elmo.B_KN.SCP_01,86,A3,-0.6821657344190245,0.48673569376034076,1.1689014281793653,0.12219930102195734,-1,1,1,0,0
20210604T143542.A_Elmo.B_KN.SCP_01,87,A3,-1.0,1.0,2.0,-0.2544295873246896,-1,1,1,0,0
20210604T143542.A_Elmo.B_KN.SCP_01,88,A3,-1.0,0.23603890996215784,1.2360389099621578,0.238614541426074,-1,1,1,1,1
20210604T143542.A_Elmo.B_KN.SCP_01,89,A3,-0.6691381712060638,-0.23427791240511173,0.434860258800952,0.05590689249859423,-1,-1,0,0,0
20210604T143542.A_Elmo.B_KN.SCP_01,90,A3,-1.0,0.803087464903602,1.803087464903602,0.1561926568622928,-1,1,1,0,0
20210604T143542.A_Elmo.B_KN.SCP_01,91,A3,-0.05685878342458833,-0.2248953154142685,-0.16803653198968016,-0.10500516795292544,-1,-1,0,0,0
20210604T143542.A_Elmo.B_KN.SCP_01,92,A3,-0.19259933143727254,0.041477545893749024,0.23407687733102156,0.22311000525000788,-1,1,1,0,0
20210604T143542.A_Elmo.B_KN.SCP_01,93,A3,-0.1533659132671203,0.0677988910696441,0.2211648043367644,0.0064947883341326985,-1,1,1,0,0
20210604T143542.A_Elmo.B_KN.SCP_01,94,A3,-0.9191753481196085,-0.0021372615039680315,0.9170380866156406,-0.05114037038161121,-1,-1,0,0,0
20210604T143542.A_Elmo.B_KN.SCP_01,95,A3,-0.8516319599024944,0.4572435034203811,1.3088754633228756,-0.09734743792393323,-1,1,1,0,0
20210604T143542.A_Elmo.B_KN.SCP_01,96,A3,-1.0,0.3501060485649207,1.3501060485649208,2.2638550306002528e-05,-1,1,1,0,0
20210604T143542.A_Elmo.B_KN.SCP_01,97,A4,0.4777747211576855,0.199426134039673,-0.27834858711801247,0.025369473915361644,1,1,0,1,1
20210604T143542.A_Elmo.B_KN.SCP_01,98,A4,-0.0913587118901695,-0.2655491874021254,-0.1741904755119559,0.38432851731631995,-1,-1,0,1,1
20210604T143542.A_Elmo.B_KN.SCP_01,99,A4,-0.41758958728497436,-0.3587739771475145,0.05881561013745984,0.710660584506276,-1,-1,0,1,1
20210604T143542.A_Elmo.B_KN.SCP_01,100,A4,0.2864813624506238,0.2889830292692709,0.002501666818647108,0.18106133276213426,1,1,0,1,1
20210604T143542.A_Elmo.B_KN.SCP_01,101,A4,0.508220332362007,-0.1129114076852971,-0.6211317400473041,0.17855139247499055,1,-1,1,1,1
20210604T143542.A_Elmo.B_KN.SCP_01,102,A4,-0.1371723060636023,-0.38867235337645667,-0.25150004731285436,0.6289425016113266,-1,-1,0,1,1
20210604T143542.A_Elmo.B_KN.SCP_01,103,A4,-0.10248760290434979,-0.3230573500149382,-0.2205697471105884,0.4437503523178981,-1,-1,0,1,1
20210604T143542.A_Elmo.B_KN.SCP_01,104,A4,-0.7030233900063722,-1.0,-0.29697660999362785,0.45191321172746385,-1,-1,0,1,1
20210604T143542.A_Elmo.B_KN.SCP_01,105,A4,-0.1274382713367347,-0.26698484494770564,-0.13954657361097095,0.5500695903633498,-1,-1,0,1,1
20210604T143542.A_Elmo.B_KN.SCP_01,106,A4,-0.10798701849795157,-0.20199001019401683,-0.09400299169606526,0.5399523648793875,-1,-1,0,1,1
20210604T143542.A_Elmo.B_KN.SCP_01,107,A4,-0.19378548706655616,-0.3053696872145299,-0.11158420014797374,0.4032425556560591,-1,-1,0,1,1
20210604T143542.A_Elmo.B_KN.SCP_01,108,A4,-0.1316932706024312,-0.37538652324900224,-0.24369325264657105,0.2822106027576887,-1,-1,0,1,1
20210604T143542.A_Elmo.B_KN.SCP_01,109,A4,-0.09668863902782356,-0.2618012249100778,-0.16511258588225425,0.4655391654633574,-1,-1,0,1,1
20210604T143542.A_Elmo.B_KN.SCP_01,110,A4,-0.11639815796867387,-0.2609491244763601,-0.14455096650768623,0.5284870776831958,-1,-1,0,1,1
20210604T143542.A_Elmo.B_KN.SCP_01,111,A4,-0.08803018261137079,-0.24877077080733043,-0.16074058819595965,0.43361111089547555,-1,-1,0,1,1
20210604T143542.A_Elmo.B_KN.SCP_01,112,A4,-0.11786413708047967,-0.315413274611741,-0.19754913753126135,0.4969986462180624,-1,-1,0,1,1
20210604T143542.A_Elmo.B_KN.SCP_01,113,A4,0.3156285253814015,0.04561024960477802,-0.2700182757766235,-0.15735623513222483,1,1,0,1,1
20210604T143542.A_Elmo.B_KN.SCP_01,114,A4,-0.25812361161927855,-0.38490632708445527,-0.12678271546517672,0.7278382358919133,-1,-1,0,1,1
20210604T143542.A_Elmo.B_KN.SCP_01,115,A4,0.10207670060613673,0.03417063885048461,-0.06790606175565211,0.28600603764553595,1,1,0,1,1
20210604T143542.A_Elmo.B_KN.SCP_01,116,A4,-0.20817357708622447,-0.44486038738281725,-0.23668681029659278,0.4376304401634156,-1,-1,0,1,1
20210604T143542.A_Elmo.B_KN.SCP_01,117,A4,-0.05461470505372256,-0.3349429813876008,-0.28032827633387825,0.7458199619442141,-1,-1,0,1,1
20210604T143542.A_Elmo.B_KN.SCP_01,118,A4,-0.12481316802036041,-0.3353118056245778,-0.2104986376042174,0.5886400176214552,-1,-1,0,1,1
20210604T143542.A_Elmo.B_KN.SCP_01,119,A4,-0.029642305624523718,-0.32274843308580836,-0.2931061274612846,0.4577369769621415,-1,-1,0,1,1
20210604T143542.A_Elmo.B_KN.SCP_01,120,A4,-0.024473511709809423,-0.07454119513887128,-0.05006768342906186,0.10648888873862389,-1,-1,0,1,1
20210604T143542.A_Elmo.B_KN.SCP_01,121,A4,-0.19428465636886003,-0.21419724170726756,-0.019912585338407535,0.6780502748457997,-1,-1,0,1,1
20210604T143542.A_Elmo.B_KN.SCP_01,122,A4,-0.026811513257861137,-0.07714377251533672,-0.05033225925747558,0.6730418316258658,-1,-1,0,1,1
20210604T143542.A_Elmo.B_KN.SCP_01,123,A4,-0.16588657467296794,-0.447858887384586,-0.28197231271161805,0.7384394107974006,-1,-1,0,1,1
20210604T143542.A_Elmo.B_KN.SCP_01,124,A4,0.01687904221122516,-0.26337083315319293,-0.2802498753644181,0.0890672088753952,1,-1,1,1,1
20210604T143542.A_Elmo.B_KN.SCP_01,125,A4,-0.06919113478885124,-0.06607890408168314,0.0031122307071680955,0.4884708407873608,-1,-1,0,1,1
20210604T143542.A_Elmo.B_KN.SCP_01,126,A4,-0.12567220731270776,-0.2582700313991916,-0.13259782408648382,0.5825981969810432,-1,-1,0,1,1
20210604T143542.A_Elmo.B_KN.SCP_01,127,A4,0.15390986042338883,-0.13578206425548825,-0.28969192467887706,0.4837614694555386,1,-1,1,1,1
20210604T143542.A_Elmo.B_KN.SCP_01,128,A4,-0.20178534602060982,-0.25484395158597795,-0.05305860556536812,0.3897993418527973,-1,-1,0,1,1
20210604T143542.A_Elmo.B_KN.SCP_01,129,A5,-1.0,1.0,2.0,0.017453635393369818,-1,1,1,1,0
20210604T143542.A_Elmo.B_KN.SCP_01,130,A5,-1.0,0.6061381576867884,1.6061381576867884,0.22353642437872773,-1,1,1,1,1
20210604T143542.A_Elmo.B_KN.SCP_01,131,A5,-1.0,0.8811348720168695,1.8811348720168695,-0.2698934980482139,-1,1,1,1,0
20210604T143542.A_Elmo.B_KN.SCP_01,132,A5,-0.21951294120669754,0.610515165065687,0.8300281062723845,0.24346914325776198,-1,1,1,1,1
20210604T143542.A_Elmo.B_KN.SCP_01,133,A5,0.11688493097710903,0.7509406695225913,0.6340557385454823,0.11537429245230471,1,1,0,1,1
20210604T143542.A_Elmo.B_KN.SCP_01,134,A5,-0.7557922167987685,0.27003170117507874,1.0258239179738473,0.3900305990624169,-1,1,1,1,1
20210604T143542.A_Elmo.B_KN.SCP_01,135,A5,-1.0,0.3094322970835423,1.3094322970835424,0.3448588526956132,-1,1,1,1,1
20210604T143542.A_Elmo.B_KN.SCP_01,136,A5,1.0,0.6969091120113287,-0.30309088798867134,0.08702026739644782,1,1,0,1,1
20210604T143542.A_Elmo.B_KN.SCP_01,137,A5,-0.5672589204491494,0.9501886821682383,1.5174476026173878,0.779926706512231,-1,1,1,1,1
20210604T143542.A_Elmo.B_KN.SCP_01,138,A5,-0.5130107354422111,-0.07620620119053005,0.43680453425168103,0.20592134672072657,-1,-1,0,0,1
20210604T143542.A_Elmo.B_KN.SCP_01,139,A5,-0.19308745381313766,0.44995268833494695,0.6430401421480846,0.09926410079380264,-1,1,1,0,1
20210604T143542.A_Elmo.B_KN.SCP_01,140,A5,-1.0,1.0,2.0,0.25213954377334374,-1,1,1,1,1
20210604T143542.A_Elmo.B_KN.SCP_01,141,A5,-1.0,1.0,2.0,0.5336487237074926,-1,1,1,1,1
20210604T143542.A_Elmo.B_KN.SCP_01,142,A5,-1.0,1.0,2.0,0.4332745608061117,-1,1,1,1,1
20210604T143542.A_Elmo.B_KN.SCP_01,143,A5,-1.0,1.0,2.0,0.32801677811618607,-1,1,1,1,1
20210604T143542.A_Elmo.B_KN.SCP_01,144,A5,-1.0,1.0,2.0,-0.2934354464915871,-1,1,1,0,0
20210604T143542.A_Elmo.B_KN.SCP_01,145,A5,-0.3602240092927016,1.0,1.3602240092927016,0.5917372089068692,-1,1,1,1,1
20210604T143542.A_Elmo.B_KN.SCP_01,146,A5,-1.0,0.6544780682317459,1.654478068231746,0.20541513038032186,-1,1,1,1,0
20210604T143542.A_Elmo.B_KN.SCP_01,147,A5,-0.7256210119597126,0.5516283017834293,1.277249313743142,0.32915725829252174,-1,1,1,0,0
20210604T143542.A_Elmo.B_KN.SCP_01,148,A5,-1.0,1.0,2.0,0.09279825999591507,-1,1,1,1,0
20210604T143542.A_Elmo.B_KN.SCP_01,149,A5,-0.8678069414183794,0.20829398670007568,1.076100928118455,0.4135903559703876,-1,1,1,1,0
20210604T143542.A_Elmo.B_KN.SCP_01,150,A5,-1.0,-0.6017944074471046,0.39820559255289545,0.2080449294359051,-1,-1,0,1,1
20210604T143542.A_Elmo.B_KN.SCP_01,151,A5,-1.0,0.1409334439483987,1.1409334439483987,0.5836944589695079,-1,1,1,1,1
20210604T143542.A_Elmo.B_KN.SCP_01,152,A5,-0.8446865412144238,0.03575105162594799,0.8804375928403717,0.22846388684082064,-1,1,1,1,1
20210604T143542.A_Elmo.B_KN.SCP_01,153,A5,-1.0,1.0,2.0,0.2198175122256322,-1,1,1,1,1
20210604T143542.A_Elmo.B_KN.SCP_01,154,A5,-0.8997662993334476,0.6528428488439345,1.5526091481773823,0.08363067822730136,-1,1,1,1,0
20210604T143542.A_Elmo.B_KN.SCP_01,155,A5,-1.0,0.9000815931640407,1.9000815931640407,0.5986755062904924,-1,1,1,1,1
20210604T143542.A_Elmo.B_KN.SCP_01,156,A5,0.06240477839707911,0.8780225920116209,0.8156178136145418,-0.04951365199091718,1,1,0,1,1
20210604T143542.A_Elmo.B_KN.SCP_01,157,A5,-1.0,0.7732703584976297,1.7732703584976297,0.24997009825513816,-1,1,1,1,0
20210604T143542.A_Elmo.B_KN.SCP_01,158,A5,-1.0,1.0,2.0,0.6758259551719149,-1,1,1,1,1
20210604T143542.A_Elmo.B_KN.SCP_01,159,A5,-1.0,1.0,2.0,0.47396453197098876,-1,1,1,1,1
20210604T143542.A_Elmo.B_KN.SCP_01,160,A5,-1.0,1.0,2.0,0.14911071709920792,-1,1,1,1,1
20210708T131736.A_Elmo.B_KN.SCP_01,1,A1,-0.6098914317015812,-0.34454287785841586,0.26534855384316536,-0.0841358990892958,-1,-1,0,1,0
20210708T131736.A_Elmo.B_KN.SCP_01,2,A1,0.17166658044384148,0.2709471089550168,0.0992805285111753,0.25518533181520947,1,1,0,1,1
20210708T131736.A_Elmo.B_KN.SCP_01,3,A1,1.0,-0.49958452879707216,-1.4995845287970722,0.13665883949915367,1,-1,1,0,1
20210708T131736.A_Elmo.B_KN.SCP_01,4,A1,1.0,1.0,0.0,0.29286950122042343,1,1,0,1,1
20210708T131736.A_Elmo.B_KN.SCP_01,5,A1,-0.24946060607167792,-1.0,-0.750539393928322,0.4474180363256183,-1,-1,0,1,1
20210708T131736.A_Elmo.B_KN.SCP_01,6,A1,-1.0,-0.03596308467954201,0.964036915320458,-0.060174707226255425,-1,-1,0,1,1
20210708T131736.A_Elmo.B_KN.SCP_01,7,A1,0.27788498790619154,0.33746802554652316,0.059583037640331626,0.2572488250210415,1,1,0,0,1
20210708T131736.A_Elmo.B_KN.SCP_01,8,A1,-1.0,-0.29139833895833744,0.7086016610416626,0.6212776500832404,-1,-1,0,1,1
20210708T131736.A_Elmo.B_KN.SCP_01,9,A1,0.20519636488523213,0.01267178049516925,-0.19252458439006287,0.09391517010440383,1,1,0,0,0
20210708T131736.A_Elmo.B_KN.SCP_01,10,A1,-0.2219117316952998,-0.3581403000308324,-0.13622856833553262,0.20204971130330632,-1,-1,0,1,1
20210708T131736.A_Elmo.B_KN.SCP_01,11,A1,0.24860285455747322,0.24095106581936807,-0.007651788738105153,-0.03430390829727017,1,1,0,1,1
20210708T131736.A_Elmo.B_KN.SCP_01,12,A1,1.0,-0.146169000848973,-1.1461690008489729,-0.4304939879635365,1,-1,1,1,1
20210708T131736.A_Elmo.B_KN.SCP_01,13,A1,0.598977937037364,-0.31363146825807753,-0.9126094052954415,0.026887235079388512,1,-1,1,1,1
20210708T131736.A_Elmo.B_KN.SCP_01,14,A1,-0.31520587879198286,-0.27614828656460944,0.03905759222737343,-0.09199911087471851,-1,-1,0,1,1
20210708T131736.A_Elmo.B_KN.SCP_01,15,A1,0.3619952329292417,-0.09267493519799024,-0.45467016812723193,0.1595368139236634,1,-1,1,1,0
20210708T131736.A_Elmo.B_KN.SCP_01,16,A1,-0.5988325788414561,-0.1048694135558115,0.49396316528564466,-0.1906142334293577,-1,-1,0,1,1
20210708T131736.A_Elmo.B_KN.SCP_01,17,A1,-0.1751009409693785,-0.5076791218597401,-0.33257818089036156,-0.11601236975265275,-1,-1,0,1,1
20210708T131736.A_Elmo.B_KN.SCP_01,18,A1,-0.15331371519499912,-0.1050499328237267,0.04826378237127242,-0.06443889041356426,-1,-1,0,1,1
20210708T131736.A_Elmo.B_KN.SCP_01,19,A1,-0.5352235373689238,-1.0,-0.4647764626310762,0.6223242770022924,-1,-1,0,1,1
20210708T131736.A_Elmo.B_KN.SCP_01,20,A1,-0.5677805207750255,-0.4744494558261245,0.09333106494890098,0.6809474951570078,-1,-1,0,1,1
20210708T131736.A_Elmo.B_KN.SCP_01,21,A1,-0.8571635196885083,-0.4668129128216116,0.39035060686689677,0.10317958924118141,-1,-1,0,1,0
20210708T131736.A_Elmo.B_KN.SCP_01,22,A1,-1.0,-1.0,0.0,-0.011066611048944162,-1,-1,0,0,0
20210708T131736.A_Elmo.B_KN.SCP_01,23,A1,0.06188074246110657,0.16161365642548792,0.09973291396438135,0.115900374998524,1,1,0,1,1
20210708T131736.A_Elmo.B_KN.SCP_01,24,A1,-0.6645680388656148,-1.0,-0.3354319611343852,0.7708326113104053,-1,-1,0,1,1
20210708T131736.A_Elmo.B_KN.SCP_01,25,A1,-1.0,1.0,2.0,-0.23519532808337967,-1,1,1,1,1
20210708T131736.A_Elmo.B_KN.SCP_01,26,A1,-1.0,-1.0,0.0,0.47777389717995083,-1,-1,0,1,1
20210708T131736.A_Elmo.B_KN.SCP_01,27,A1,1.0,0.704296799610595,-0.295703200389405,0.36149340423909404,1,1,0,1,1
20210708T131736.A_Elmo.B_KN.SCP_01,28,A1,0.29129609802885365,1.0,0.7087039019711463,0.5026031355744197,1,1,0,1,1
20210708T131736.A_Elmo.B_KN.SCP_01,29,A1,0.1284859155588678,-0.24903077045089422,-0.377516686009762,0.06325822213110101,1,-1,1,1,1
20210708T131736.A_Elmo.B_KN.SCP_01,30,A1,-0.32597567600284516,-0.9886363050215408,-0.6626606290186956,0.030592667636103573,-1,-1,0,1,1
20210708T131736.A_Elmo.B_KN.SCP_01,31,A1,-0.07377511289466576,-0.016886149316546663,0.056888963578119095,-0.5542320619633025,-1,-1,0,1,1
20210708T131736.A_Elmo.B_KN.SCP_01,32,A1,1.0,0.4132424287621148,-0.5867575712378852,0.2876464270909488,1,1,0,1,1
20210708T131736.A_Elmo.B_KN.SCP_01,33,A2,-0.6205208510387057,-0.47762661298180986,0.14289423805689583,0.2395488257086275,-1,-1,0,1,1
20210708T131736.A_Elmo.B_KN.SCP_01,34,A2,0.10881783866157939,-0.008760656416041542,-0.11757849507762093,0.04851485238757079,1,-1,1,1,1
20210708T131736.A_Elmo.B_KN.SCP_01,35,A2,0.044597004446440096,-0.4330524377465112,-0.4776494421929513,-0.36478237375998607,1,-1,1,0,0
20210708T131736.A_Elmo.B_KN.SCP_01,36,A2,0.1480544735310499,0.00991607043174887,-0.13813840309930103,0.05173287253264621,1,1,0,1,1
20210708T131736.A_Elmo.B_KN.SCP_01,37,A2,-0.3492878258257019,-0.08300242239208908,0.26628540343361284,-0.18762232001553067,-1,-1,0,1,0
20210708T131736.A_Elmo.B_KN.SCP_01,38,A2,-0.17000869694509194,0.08439323187919913,0.2544019288242911,0.2522872120681424,-1,1,1,1,0
20210708T131736.A_Elmo.B_KN.SCP_01,39,A2,-0.5234943128093256,-1.0,-0.47650568719067443,0.4187691382623032,-1,-1,0,1,1
20210708T131736.A_Elmo.B_KN.SCP_01,40,A2,-0.15404266957696078,-0.07084519574930209,0.08319747382765869,-0.14151280235124106,-1,-1,0,0,0
20210708T131736.A_Elmo.B_KN.SCP_01,41,A2,0.2530050277581565,0.18809121237504905,-0.06491381538310742,-0.20399323832481323,1,1,0,1,1
20210708T131736.A_Elmo.B_KN.SCP_01,42,A2,0.019921141470256826,-0.11789023632883579,-0.1378113777990926,0.20784930690011483,1,-1,1,0,0
20210708T131736.A_Elmo.B_KN.SCP_01,43,A2,-0.5340842116938896,-0.1920210609106732,0.3420631507832165,0.6567809241436706,-1,-1,0,1,1
20210708T131736.A_Elmo.B_KN.SCP_01,44,A2,-0.36842543143645756,-0.29602766404794767,0.07239776738850989,0.2927703820986127,-1,-1,0,0,0
20210708T131736.A_Elmo.B_KN.SCP_01,45,A2,0.1381576580821048,0.17427155151689946,0.03611389343479465,0.1560899657888548,1,1,0,0,0
20210708T131736.A_Elmo.B_KN.SCP_01,46,A2,-0.5091602542197557,-0.09000506416467234,0.4191551900550834,-0.039308581146236275,-1,-1,0,0,0
20210708T131736.A_Elmo.B_KN.SCP_01,47,A2,0.040297493213319026,-0.35997867370159187,-0.4002761669149109,0.019339651223126243,1,-1,1,0,0
20210708T131736.A_Elmo.B_KN.SCP_01,48,A2,0.8116970676872687,-0.9156617104463424,-1.727358778133611,-0.08450968154617966,1,-1,1,0,0
20210708T131736.A_Elmo.B_KN.SCP_01,49,A2,-0.8538998974478686,-0.30692212092188736,0.5469777765259813,0.4181033299083844,-1,-1,0,1,1
20210708T131736.A_Elmo.B_KN.SCP_01,50,A2,1.0,-0.07259794447371362,-1.0725979444737137,0.15611846511528388,1,-1,1,0,0
20210708T131736.A_Elmo.B_KN.SCP_01,51,A2,-1.0,-1.0,0.0,0.15620681142249318,-1,-1,0,0,0
20210708T131736.A_Elmo.B_KN.SCP_01,52,A2,-0.5825774362041714,-0.49929049272612414,0.08328694347804722,0.1452980041054933,-1,-1,0,1,1
20210708T131736.A_Elmo.B_KN.SCP_01,53,A2,-1.0,-1.0,0.0,0.278904783320286,-1,-1,0,1,1
20210708T131736.A_Elmo.B_KN.SCP_01,54,A2,0.2684474731103625,0.045395085009580526,-0.22305238810078196,0.34775345370913346,1,1,0,1,1
20210708T131736.A_Elmo.B_KN.SCP_01,55,A2,-0.21584495208628407,-0.17004204463828995,0.04580290744799412,0.11375277140207943,-1,-1,0,1,1
20210708T131736.A_Elmo.B_KN.SCP_01,56,A2,0.32940570809369896,0.016679845769476936,-0.312725862324222,0.013737254181296076,1,1,0,1,1
20210708T131736.A_Elmo.B_KN.SCP_01,57,A2,1.0,-0.9639671036500723,-1.9639671036500723,0.44918478931390554,1,-1,1,1,0
20210708T131736.A_Elmo.B_KN.SCP_01,58,A2,-0.7999549626971065,-1.0,-0.20004503730289347,0.09672342850993881,-1,-1,0,0,0
20210708T131736.A_Elmo.B_KN.SCP_01,59,A2,-1.0,-0.8434490947573108,0.15655090524268922,0.1039614040137374,-1,-1,0,1,0
20210708T131736.A_Elmo.B_KN.SCP_01,60,A2,0.13223454472222074,-0.30164930453152045,-0.4338838492537412,-0.07889031797734498,1,-1,1,0,0
20210708T131736.A_Elmo.B_KN.SCP_01,61,A2,0.3123509968351127,0.08730517145919561,-0.22504582537591708,0.16845427950748368,1,1,0,0,0
20210708T131736.A_Elmo.B_KN.SCP_01,62,A2,-0.8627053812293012,-0.16193811228927693,0.7007672689400243,0.0003143948172385418,-1,-1,0,0,0
20210708T131736.A_Elmo.B_KN.SCP_01,63,A2,-0.4112409889720084,-0.5561598988423323,-0.1449189098703239,0.08823339817611352,-1,-1,0,1,1
20210708T131736.A_Elmo.B_KN.SCP_01,64,A2,-0.4584577379302136,-0.2045140456731246,0.253943692257089,0.13306512738124546,-1,-1,0,0,0
20210708T131736.A_Elmo.B_KN.SCP_01,65,A3,-0.2517064387465959,-0.1979928246262456,0.05371361412035028,-0.22433168225885547,-1,-1,0,0,0
20210708T131736.A_Elmo.B_KN.SCP_01,66,A3,-1.0,0.9129275967281616,1.9129275967281616,0.03880764018092404,-1,1,1,0,0
20210708T131736.A_Elmo.B_KN.SCP_01,67,A3,0.003234402913318286,0.08971693478008945,0.08648253186677117,0.13362209474628958,1,1,0,0,0
20210708T131736.A_Elmo.B_KN.SCP_01,68,A3,0.7451978807891416,-1.0,-1.7451978807891417,-0.2581735293600356,1,-1,1,0,0
20210708T131736.A_Elmo.B_KN.SCP_01,69,A3,-0.4310722866927519,-1.0,-0.5689277133072481,-0.1872337095604611,-1,-1,0,0,0
20210708T131736.A_Elmo.B_KN.SCP_01,70,A3,-0.15335874762050256,0.11359165887116895,0.2669504064916715,-0.169777326694652,-1,1,1,0,0
20210708T131736.A_Elmo.B_KN.SCP_01,71,A3,1.0,-0.1874869292914456,-1.1874869292914456,0.06148312712921411,1,-1,1,0,0
20210708T131736.A_Elmo.B_KN.SCP_01,72,A3,-0.15849066994885774,0.2295550742847264,0.3880457442335842,0.04464008677510642,-1,1,1,0,0
20210708T131736.A_Elmo.B_KN.SCP_01,73,A3,-0.3701064784549704,-0.6333773460235227,-0.2632708675685523,0.2244223696958128,-1,-1,0,0,0
20210708T131736.A_Elmo.B_KN.SCP_01,74,A3,-0.10171035279073719,-0.0128359444441018,0.08887440834663539,0.01142913150124627,-1,-1,0,0,0
20210708T131736.A_Elmo.B_KN.SCP_01,75,A3,0.017447559819784478,-0.19861538320545438,-0.21606294302523887,-0.30110247558515163,1,-1,1,0,0
20210708T131736.A_Elmo.B_KN.SCP_01,76,A3,-1.0,0.6234043123396464,1.6234043123396464,-0.054037204665446086,-1,1,1,0,0
20210708T131736.A_Elmo.B_KN.SCP_01,77,A3,-0.027503552967493565,-0.013674845224367304,0.013828707743126261,0.0478988112131983,-1,-1,0,0,0
20210708T131736.A_Elmo.B_KN.SCP_01,78,A3,-0.055672405743427036,0.08253307508788543,0.13820548083131245,0.014222105842370113,-1,1,1,0,0
20210708T131736.A_Elmo.B_KN.SCP_01,79,A3,-0.06025917415324708,0.009192831456171039,0.06945200560941812,-0.22365902780337002,-1,1,1,0,0
20210708T131736.A_Elmo.B_KN.SCP_01,80,A3,0.18874570475737887,0.16197420044385544,-0.02677150431352343,0.31758363839065784,1,1,0,0,0
20210708T131736.A_Elmo.B_KN.SCP_01,81,A3,0.12166189389629617,-0.07358377731573312,-0.1952456712120293,0.41860697262772517,1,-1,1,0,0
20210708T131736.A_Elmo.B_KN.SCP_01,82,A3,-0.07169634361168453,-0.05849705302847617,0.013199290583208359,0.22782785671287245,-1,-1,0,0,0
20210708T131736.A_Elmo.B_KN.SCP_01,83,A3,-0.01521674224416342,-0.8009184089346955,-0.785701666690532,0.03399473188422573,-1,-1,0,0,1
20210708T131736.A_Elmo.B_KN.SCP_01,84,A3,-0.050787974059791255,-0.0001039045308020457,0.05068406952898921,0.12680171972611667,-1,-1,0,0,0
20210708T131736.A_Elmo.B_KN.SCP_01,85,A3,0.018104038420592238,0.25846469134538363,0.2403606529247914,-0.28143022818919056,1,1,0,0,0
20210708T131736.A_Elmo.B_KN.SCP_01,86,A3,0.04206541149146361,1.0,0.9579345885085364,0.03830311728167405,1,1,0,0,0
20210708T131736.A_Elmo.B_KN.SCP_01,87,A3,0.050656726066981066,0.048466240849115286,-0.00219048521786578,-0.13336374453522712,1,1,0,0,0
20210708T131736.A_Elmo.B_KN.SCP_01,88,A3,0.31872766992218776,0.331363053547354,0.012635383625166252,-0.21017590250881976,1,1,0,0,0
20210708T131736.A_Elmo.B_KN.SCP_01,89,A3,0.1128367406177587,-0.3342396710833349,-0.4470764117010936,-0.1034997637839448,1,-1,1,0,0
20210708T131736.A_Elmo.B_KN.SCP_01,90,A3,-0.35278982474086107,0.49481942178398897,0.84760924652485,0.0008567887001625195,-1,1,1,0,0
20210708T131736.A_Elmo.B_KN.SCP_01,91,A3,0.0044480439745451595,-0.13581565911608384,-0.140263703090629,-0.2455088434341156,1,-1,1,0,0
20210708T131736.A_Elmo.B_KN.SCP_01,92,A3,-0.10963742795983661,-0.05477330563470489,0.05486412232513172,0.17798392529633297,-1,-1,0,0,0
20210708T131736.A_Elmo.B_KN.SCP_01,93,A3,-0.0014404011242236292,-0.0020007713367627016,-0.0005603702125390724,-0.06019859558784538,-1,-1,0,0,0
20210708T131736.A_Elmo.B_KN.SCP_01,94,A3,0.9273628653950897,-0.11629814974817651,-1.0436610151432661,0.16331681780767615,1,-1,1,0,0
20210708T131736.A_Elmo.B_KN.SCP_01,95,A3,-0.03294044044456451,0.13113534438502406,0.16407578482958857,-0.28119379086308033,-1,1,1,0,0
20210708T131736.A_Elmo.B_KN.SCP_01,96,A3,-0.06600308495465691,-0.13259395508104002,-0.06659087012638311,-0.01326466755121599,-1,-1,0,0,0
20210708T131736.A_Elmo.B_KN.SCP_01,97,A4,-0.4757644459760206,-0.200902346540569,0.2748620994354516,0.23340377345818572,-1,-1,0,1,1
20210708T131736.A_Elmo.B_KN.SCP_01,98,A4,1.0,1.0,0.0,-0.06795909791176191,1,1,0,0,1
20210708T131736.A_Elmo.B_KN.SCP_01,99,A4,0.22561269192357816,-0.05535651558024684,-0.280969207503825,0.22739813828964991,1,-1,1,0,0
20210708T131736.A_Elmo.B_KN.SCP_01,100,A4,-1.0,0.6314529360996854,1.6314529360996854,-0.07015307630138923,-1,1,1,0,0
20210708T131736.A_Elmo.B_KN.SCP_01,101,A4,1.0,0.23767717629929178,-0.7623228237007083,-0.07280363112727986,1,1,0,1,1
20210708T131736.A_Elmo.B_KN.SCP_01,102,A4,-0.08941652639568595,0.07500740384313487,0.16442393023882082,-0.40125879521884145,-1,1,1,0,0
20210708T131736.A_Elmo.B_KN.SCP_01,103,A4,0.07752942624943103,-0.05979872082798159,-0.13732814707741262,0.0010952150767212132,1,-1,1,1,1
20210708T131736.A_Elmo.B_KN.SCP_01,104,A4,-0.02837954955252549,0.7407509226313896,0.7691304721839152,0.423569224801197,-1,1,1,0,0
20210708T131736.A_Elmo.B_KN.SCP_01,105,A4,-0.4788135761944572,-0.2695623045206369,0.2092512716738203,0.09587559344155198,-1,-1,0,0,0
20210708T131736.A_Elmo.B_KN.SCP_01,106,A4,0.0291721843704244,-0.06541292591220857,-0.09458511028263297,0.04022375028491673,1,-1,1,0,0
20210708T131736.A_Elmo.B_KN.SCP_01,107,A4,0.18657845248848168,-0.7464234507799856,-0.9330019032684673,0.08308745250736704,1,-1,1,0,0
20210708T131736.A_Elmo.B_KN.SCP_01,108,A4,-0.08377793076253373,-0.05058692140500424,0.03319100935752949,0.06997008515648888,-1,-1,0,0,0
20210708T131736.A_Elmo.B_KN.SCP_01,109,A4,0.11632215592961866,0.6704405024204477,0.554118346490829,-0.07768633402724993,1,1,0,0,0
20210708T131736.A_Elmo.B_KN.SCP_01,110,A4,0.02925263227154498,-0.009813564371157922,-0.0390661966427029,-0.11305347556432183,1,-1,1,0,0
20210708T131736.A_Elmo.B_KN.SCP_01,111,A4,-0.7676165886961386,-0.7867376383099386,-0.019121049613800012,-0.006993762904821401,-1,-1,0,0,0
20210708T131736.A_Elmo.B_KN.SCP_01,112,A4,-1.0,0.11414715339670414,1.1141471533967042,0.05308828549923486,-1,1,1,0,0
20210708T131736.A_Elmo.B_KN.SCP_01,113,A4,0.01931127856029007,-0.004099849412770519,-0.023411127973060587,-0.18973829624911406,1,-1,1,1,1
20210708T131736.A_Elmo.B_KN.SCP_01,114,A4,-0.08193196945776002,0.2920539834795801,0.37398595293734016,0.032780261275753654,-1,1,1,0,0
20210708T131736.A_Elmo.B_KN.SCP_01,115,A4,-0.12708908091940982,-0.1788824070613219,-0.051793326141912094,0.06384483025421905,-1,-1,0,1,1
20210708T131736.A_Elmo.B_KN.SCP_01,116,A4,-0.32545899341698215,0.04439785161866917,0.3698568450356513,0.5387154065140782,-1,1,1,0,0
20210708T131736.A_Elmo.B_KN.SCP_01,117,A4,-0.06137668277480167,-0.2931075736623055,-0.23173089088750382,-0.03112641382879355,-1,-1,0,1,1
20210708T131736.A_Elmo.B_KN.SCP_01,118,A4,-0.1244861438457173,0.043197262367630246,0.16768340621334754,-0.2373174138829655,-1,1,1,1,1
20210708T131736.A_Elmo.B_KN.SCP_01,119,A4,-1.0,-0.5147474255473816,0.4852525744526184,0.5638051288559238,-1,-1,0,1,1
20210708T131736.A_Elmo.B_KN.SCP_01,120,A4,-0.0594210329023355,0.11811989776161662,0.1775409306639521,-0.008113926988088948,-1,1,1,1,1
20210708T131736.A_Elmo.B_KN.SCP_01,121,A4,-0.5903053936698072,-1.0,-0.40969460633019283,-0.2363268287453047,-1,-1,0,0,0
20210708T131736.A_Elmo.B_KN.SCP_01,122,A4,-0.0319914398416684,0.018323090092349014,0.050314529934017416,0.06618675714727425,-1,1,1,0,0
20210708T131736.A_Elmo.B_KN.SCP_01,123,A4,-0.13580717267927067,0.22905530973738877,0.3648624824166594,0.04198012758462652,-1,1,1,0,0
20210708T131736.A_Elmo.B_KN.SCP_01,124,A4,0.03665077636826669,-0.04346888574588486,-0.08011966211415156,-0.12225468138498942,1,-1,1,0,0
20210708T131736.A_Elmo.B_KN.SCP_01,125,A4,-0.045984164655998076,0.2650265426931649,0.311010707349163,-0.2024172892797077,-1,1,1,0,0
20210708T131736.A_Elmo.B_KN.SCP_01,126,A4,-0.3091764953623535,0.06302604516819077,0.37220254053054425,0.19446513321491313,-1,1,1,0,0
20210708T131736.A_Elmo.B_KN.SCP_01,127,A4,-0.7057905479732559,-1.0,-0.2942094520267441,0.19569585877421386,-1,-1,0,0,0
20210708T131736.A_Elmo.B_KN.SCP_01,128,A4,-1.0,0.5281296040639192,1.5281296040639192,0.11897700776981053,-1,1,1,0,0
20210708T131736.A_Elmo.B_KN.SCP_01,129,A5,0.44837171297236067,0.08990716150948418,-0.3584645514628765,0.1673146993198012,1,1,0,0,0
20210708T131736.A_Elmo.B_KN.SCP_01,130,A5,0.6787396289990552,0.3872359945629908,-0.29150363443606436,-0.37337304318159464,1,1,0,0,0
20210708T131736.A_Elmo.B_KN.SCP_01,131,A5,0.4711584194688806,0.8115161767719296,0.34035775730304896,-0.08369883219482105,1,1,0,1,0
20210708T131736.A_Elmo.B_KN.SCP_01,132,A5,0.4186822127752812,0.22030240529990733,-0.1983798074753739,-0.1455759880171133,1,1,0,0,0
20210708T131736.A_Elmo.B_KN.SCP_01,133,A5,0.0488440686070319,0.04934178975395078,0.0004977211469188794,0.16374830492760273,1,1,0,1,1
20210708T131736.A_Elmo.B_KN.SCP_01,134,A5,0.456793508158671,0.24122425916308454,-0.21556924899558644,0.30081199304274764,1,1,0,1,1
20210708T131736.A_Elmo.B_KN.SCP_01,135,A5,-0.2476644929200458,-0.21758066785449606,0.03008382506554974,0.4713467927715904,-1,-1,0,1,1
20210708T131736.A_Elmo.B_KN.SCP_01,136,A5,0.14585525525244455,0.13757253856628157,-0.008282716686162983,0.6537914289074408,1,1,0,1,1
20210708T131736.A_Elmo.B_KN.SCP_01,137,A5,1.0,1.0,0.0,0.12998189613685884,1,1,0,0,0
20210708T131736.A_Elmo.B_KN.SCP_01,138,A5,0.052791179584243265,0.13203653276238322,0.07924535317813997,-0.12320334330219229,1,1,0,0,0
20210708T131736.A_Elmo.B_KN.SCP_01,139,A5,1.0,0.19242096498157357,-0.8075790350184264,0.2293656381029388,1,1,0,0,0
20210708T131736.A_Elmo.B_KN.SCP_01,140,A5,0.39229480206856177,0.6712239292595881,0.2789291271910263,-0.035282677401241004,1,1,0,0,0
20210708T131736.A_Elmo.B_KN.SCP_01,141,A5,0.5609009510046505,0.5722799680502556,0.011379017045605067,0.1059853763968938,1,1,0,0,0
20210708T131736.A_Elmo.B_KN.SCP_01,142,A5,0.5456959421104082,0.294937305629505,-0.2507586364809032,-0.13011376894093057,1,1,0,1,1
20210708T131736.A_Elmo.B_KN.SCP_01,143,A5,1.0,0.6471615096111487,-0.3528384903888513,-0.07683621684770202,1,1,0,0,0
20210708T131736.A_Elmo.B_KN.SCP_01,144,A5,1.0,1.0,0.0,-0.26266729656909366,1,1,0,0,0
20210708T131736.A_Elmo.B_KN.SCP_01,145,A5,0.06964096335676061,-0.04871042436533828,-0.11835138772209888,0.1437838418668869,1,-1,1,1,1
20210708T131736.A_Elmo.B_KN.SCP_01,146,A5,0.9244949080109173,1.0,0.07550509198908273,-0.03531433354933578,1,1,0,1,0
20210708T131736.A_Elmo.B_KN.SCP_01,147,A5,0.8896448350481053,0.30208509524276644,-0.5875597398053389,0.28630451219245223,1,1,0,1,1
20210708T131736.A_Elmo.B_KN.SCP_01,148,A5,0.6569200994400618,1.0,0.3430799005599382,0.044630524336099396,1,1,0,0,0
20210708T131736.A_Elmo.B_KN.SCP_01,149,A5,0.4779724386296086,1.0,0.5220275613703914,-0.1743838841102342,1,1,0,1,0
20210708T131736.A_Elmo.B_KN.SCP_01,150,A5,1.0,0.4480203409015158,-0.5519796590984842,-0.29143061671502923,1,1,0,0,0
20210708T131736.A_Elmo.B_KN.SCP_01,151,A5,0.5587109288960181,1.0,0.44128907110398186,0.16814433785827895,1,1,0,0,1
20210708T131736.A_Elmo.B_KN.SCP_01,152,A5,0.6367088881521059,1.0,0.3632911118478941,-0.2643316149022581,1,1,0,0,0
20210708T131736.A_Elmo.B_KN.SCP_01,153,A5,0.5341059942594586,-0.11651458855418541,-0.650620582813644,-0.015413204965851331,1,-1,1,1,0
20210708T131736.A_Elmo.B_KN.SCP_01,154,A5,0.38256427475317156,0.13640053782786193,-0.24616373692530963,-0.2627794066545203,1,1,0,0,0
20210708T131736.A_Elmo.B_KN.SCP_01,155,A5,0.549794243826403,1.0,0.45020575617359704,-0.1408265076745291,1,1,0,0,0
20210708T131736.A_Elmo.B_KN.SCP_01,156,A5,0.5792933910255822,0.9479837387880363,0.36869034776245413,0.24216372707801384,1,1,0,0,0
20210708T131736.A_Elmo.B_KN.SCP_01,157,A5,0.6606642668312424,1.0,0.33933573316875765,0.037581749527796374,1,1,0,0,0
20210708T131736.A_Elmo.B_KN.SCP_01,158,A5,1.0,0.5838851619497077,-0.41611483805029226,-0.02860799783700276,1,1,0,1,0
20210708T131736.A_Elmo.B_KN.SCP_01,159,A5,0.5878048477547944,1.0,0.41219515224520564,-0.3651844911439736,1,1,0,0,0
20210708T131736.A_Elmo.B_KN.SCP_01,160,A5,0.9403581143425791,1.0,0.0596418856574209,-0.030793759514994693,1,1,0,0,0
20210709T103307.A_Elmo.B_ST.SCP_01,1,A1,-0.20818805832951975,-0.2172475852888335,-0.009059526959313752,0.07367073974550131,-1,-1,0,1,1
20210709T103307.A_Elmo.B_ST.SCP_01,2,A1,-0.564188873296146,-0.060334633281022024,0.5038542400151239,-0.22269430039642615,-1,-1,0,1,1
20210709T103307.A_Elmo.B_ST.SCP_01,3,A1,-1.0,0.10197784466533921,1.1019778446653392,-0.06592464143244653,-1,1,1,0,1
20210709T103307.A_Elmo.B_ST.SCP_01,4,A1,1.0,0.08246121736650283,-0.9175387826334972,0.2595975128213335,1,1,0,1,1
20210709T103307.A_Elmo.B_ST.SCP_01,5,A1,-0.9389849177547542,-0.03039682109148911,0.9085880966632651,-0.07797357369682674,-1,-1,0,1,1
20210709T103307.A_Elmo.B_ST.SCP_01,6,A1,-1.0,-0.24700425829893258,0.7529957417010674,0.09131002185447935,-1,-1,0,1,1
20210709T103307.A_Elmo.B_ST.SCP_01,7,A1,-0.7060017404522685,-0.0034472378192090527,0.7025545026330594,-0.2351059558364957,-1,-1,0,1,1
20210709T103307.A_Elmo.B_ST.SCP_01,8,A1,-1.0,-0.2198403995810242,0.7801596004189758,0.6678031905244065,-1,-1,0,1,1
20210709T103307.A_Elmo.B_ST.SCP_01,9,A1,-1.0,-0.20215161498654213,0.7978483850134579,-0.22646043337442576,-1,-1,0,1,1
20210709T103307.A_Elmo.B_ST.SCP_01,10,A1,-0.5659527230900292,-0.33579071798862126,0.23016200510140794,0.09891173183832776,-1,-1,0,1,1
20210709T103307.A_Elmo.B_ST.SCP_01,11,A1,-1.0,-0.055406584535663016,0.944593415464337,0.027935975010156072,-1,-1,0,1,1
20210709T103307.A_Elmo.B_ST.SCP_01,12,A1,1.0,-0.31876181674309956,-1.3187618167430997,-0.38601993224691195,1,-1,1,1,1
20210709T103307.A_Elmo.B_ST.SCP_01,13,A1,-1.0,-0.34287522861834824,0.6571247713816517,0.11842255153271515,-1,-1,0,1,1
20210709T103307.A_Elmo.B_ST.SCP_01,14,A1,-0.7367606384811677,-0.26539339124715117,0.4713672472340165,0.10953083299379071,-1,-1,0,1,1
20210709T103307.A_Elmo.B_ST.SCP_01,15,A1,0.8963731486873547,0.11695679257812493,-0.7794163561092298,0.023978364482796482,1,1,0,0,0
20210709T103307.A_Elmo.B_ST.SCP_01,16,A1,-1.0,-0.12299987281685243,0.8770001271831476,0.209800459924224,-1,-1,0,1,1
20210709T103307.A_Elmo.B_ST.SCP_01,17,A1,-0.18981334159468102,-0.3432614120744216,-0.1534480704797406,0.027284273853571184,-1,-1,0,1,1
20210709T103307.A_Elmo.B_ST.SCP_01,18,A1,-0.52424487038022,0.15885720962394104,0.6831020800041611,-0.06983139584300004,-1,1,1,1,1
20210709T103307.A_Elmo.B_ST.SCP_01,19,A1,-0.3520079633248504,-0.1586075490057462,0.1934004143191042,0.6781863212807736,-1,-1,0,1,1
20210709T103307.A_Elmo.B_ST.SCP_01,20,A1,-0.5512170544184889,-0.36420957162202067,0.18700748279646823,0.7195818747718399,-1,-1,0,1,1
20210709T103307.A_Elmo.B_ST.SCP_01,21,A1,-1.0,-0.40696395788287426,0.5930360421171257,0.2611684466398751,-1,-1,0,1,1
20210709T103307.A_Elmo.B_ST.SCP_01,22,A1,-0.5684778755182126,-1.0,-0.4315221244817874,0.5316253804587264,-1,-1,0,1,1
20210709T103307.A_Elmo.B_ST.SCP_01,23,A1,0.13062395447968606,-0.3634370437734139,-0.49406099825309996,0.12972915935762902,1,-1,1,1,1
20210709T103307.A_Elmo.B_ST.SCP_01,24,A1,-1.0,-0.7512122418538564,0.24878775814614362,0.600325705016896,-1,-1,0,1,1
20210709T103307.A_Elmo.B_ST.SCP_01,25,A1,-0.5322881868277319,-0.04602638297650401,0.4862618038512279,0.06394771121360207,-1,-1,0,1,0
20210709T103307.A_Elmo.B_ST.SCP_01,26,A1,-0.06488939233038865,-0.01289397909809763,0.051995413232291024,-0.03160365849317579,-1,-1,0,1,1
20210709T103307.A_Elmo.B_ST.SCP_01,27,A1,0.21627722015546946,0.14384024441348742,-0.07243697574198205,0.4443414939838881,1,1,0,1,1
20210709T103307.A_Elmo.B_ST.SCP_01,28,A1,0.538846513505336,1.0,0.46115348649466403,0.686620540544809,1,1,0,1,1
20210709T103307.A_Elmo.B_ST.SCP_01,29,A1,0.41425872919548945,-0.1951053407638587,-0.6093640699593481,-0.40679724863926603,1,-1,1,1,1
20210709T103307.A_Elmo.B_ST.SCP_01,30,A1,-1.0,-0.2825366846493384,0.7174633153506615,-0.14655918438839863,-1,-1,0,0,1
20210709T103307.A_Elmo.B_ST.SCP_01,31,A1,-0.4680975247272341,-0.1473030231031362,0.3207945016240979,0.08202048567692705,-1,-1,0,1,1
20210709T103307.A_Elmo.B_ST.SCP_01,32,A1,1.0,1.0,0.0,0.3856567665290388,1,1,0,1,1
20210709T103307.A_Elmo.B_ST.SCP_01,33,A2,-1.0,-0.37546668604410244,0.6245333139558975,0.3120962718418932,-1,-1,0,1,1
20210709T103307.A_Elmo.B_ST.SCP_01,34,A2,-1.0,-0.8391911177899822,0.16080888221001777,0.34157406978389326,-1,-1,0,1,0
20210709T103307.A_Elmo.B_ST.SCP_01,35,A2,-1.0,-1.0,0.0,0.18439752400666673,-1,-1,0,1,0
20210709T103307.A_Elmo.B_ST.SCP_01,36,A2,0.09440253796015549,-0.07091663403385759,-0.16531917199401308,-0.04538138513288579,1,-1,1,1,1
20210709T103307.A_Elmo.B_ST.SCP_01,37,A2,-1.0,-0.2530042483580442,0.7469957516419559,0.19273752602838484,-1,-1,0,1,1
20210709T103307.A_Elmo.B_ST.SCP_01,38,A2,-0.07263346181809287,-0.2557495250358053,-0.1831160632177124,0.06090966052263508,-1,-1,0,1,0
20210709T103307.A_Elmo.B_ST.SCP_01,39,A2,-0.36462031593785627,-0.4389374388830273,-0.07431712294517101,-0.06785176278133066,-1,-1,0,1,1
20210709T103307.A_Elmo.B_ST.SCP_01,40,A2,-0.9831551399978448,0.626077884903343,1.609233024901188,0.09666192661446024,-1,1,1,0,1
20210709T103307.A_Elmo.B_ST.SCP_01,41,A2,0.39782714154902643,-1.0,-1.3978271415490264,-0.3083174854126553,1,-1,1,1,1
20210709T103307.A_Elmo.B_ST.SCP_01,42,A2,0.3995728847462062,0.08047287799054287,-0.31910000675566336,-0.04750426843593537,1,1,0,0,1
20210709T103307.A_Elmo.B_ST.SCP_01,43,A2,-0.6300607571808923,-0.20028896058162443,0.42977179659926784,0.47395456045382756,-1,-1,0,1,1
20210709T103307.A_Elmo.B_ST.SCP_01,44,A2,-0.40557251673705474,-0.0020024917774536257,0.4035700249596011,0.13450159474441067,-1,-1,0,0,0
20210709T103307.A_Elmo.B_ST.SCP_01,45,A2,-0.93158305162036,-0.5155834618685524,0.4159995897518076,-0.1958823736763801,-1,-1,0,0,0
20210709T103307.A_Elmo.B_ST.SCP_01,46,A2,-0.5897363187728963,-0.22652971793910698,0.36320660083378936,0.3718105491992258,-1,-1,0,0,1
20210709T103307.A_Elmo.B_ST.SCP_01,47,A2,-1.0,-0.2895906482573714,0.7104093517426286,0.17438439114451595,-1,-1,0,1,1
20210709T103307.A_Elmo.B_ST.SCP_01,48,A2,-0.12580452782586585,-0.13715384026154875,-0.011349312435682907,0.2314180845931379,-1,-1,0,0,0
20210709T103307.A_Elmo.B_ST.SCP_01,49,A2,-0.8286764689484691,-0.28388080411152705,0.5447956648369421,0.38047695621802285,-1,-1,0,1,1
20210709T103307.A_Elmo.B_ST.SCP_01,50,A2,0.7341175250579557,-0.0687108967470647,-0.8028284218050203,-0.29721134363681684,1,-1,1,0,1
20210709T103307.A_Elmo.B_ST.SCP_01,51,A2,-1.0,-0.3146194481739935,0.6853805518260065,0.001974292796461126,-1,-1,0,1,1
20210709T103307.A_Elmo.B_ST.SCP_01,52,A2,-0.2135832299694641,-0.37449029696264674,-0.16090706699318263,0.04686101270972074,-1,-1,0,1,1
20210709T103307.A_Elmo.B_ST.SCP_01,53,A2,-1.0,-0.6749041867253248,0.3250958132746752,0.09291230455589344,-1,-1,0,1,1
20210709T103307.A_Elmo.B_ST.SCP_01,54,A2,0.0706002815296298,0.05000559505045053,-0.020594686479179267,0.055164688680951854,1,1,0,1,1
20210709T103307.A_Elmo.B_ST.SCP_01,55,A2,-0.24574055111262005,-0.1932773533733629,0.052463197739257145,0.08044261356460507,-1,-1,0,1,1
20210709T103307.A_Elmo.B_ST.SCP_01,56,A2,0.07782260547436765,-0.043303934347735516,-0.12112653982210317,-0.0856437692576378,1,-1,1,1,1
20210709T103307.A_Elmo.B_ST.SCP_01,57,A2,0.26179705580241597,-0.1701118554722826,-0.43190891127469855,0.1496720495248539,1,-1,1,1,1
20210709T103307.A_Elmo.B_ST.SCP_01,58,A2,-0.21015191526695454,-0.3934722387179819,-0.1833203234510274,-0.2088313128031376,-1,-1,0,0,1
20210709T103307.A_Elmo.B_ST.SCP_01,59,A2,0.28763511754501153,0.029949205617540126,-0.2576859119274714,0.0927852051663095,1,1,0,1,1
20210709T103307.A_Elmo.B_ST.SCP_01,60,A2,-0.11303501159315874,0.019694886590879614,0.13272989818403835,0.3800929185519543,-1,1,1,0,1
20210709T103307.A_Elmo.B_ST.SCP_01,61,A2,-0.5713105299134398,-0.39704489377077967,0.1742656361426601,-0.1201020070927795,-1,-1,0,1,1
20210709T103307.A_Elmo.B_ST.SCP_01,62,A2,-0.5936509164323712,-1.0,-0.4063490835676288,0.12906246288072468,-1,-1,0,0,1
20210709T103307.A_Elmo.B_ST.SCP_01,63,A2,-0.14084418629687692,-0.4312042246238451,-0.2903600383269682,0.4287824666277009,-1,-1,0,1,1
20210709T103307.A_Elmo.B_ST.SCP_01,64,A2,-0.274637410522637,-0.26664535188402927,0.007992058638607746,0.232278650003058,-1,-1,0,1,1
20210709T103307.A_Elmo.B_ST.SCP_01,65,A3,0.09747756460479408,-1.0,-1.097477564604794,-0.0932520734494403,1,-1,1,0,1
20210709T103307.A_Elmo.B_ST.SCP_01,66,A3,-0.5429770813103838,0.2304448400793309,0.7734219213897147,0.14380232388423336,-1,1,1,0,1
20210709T103307.A_Elmo.B_ST.SCP_01,67,A3,-0.30643300589322625,-0.8535027087944445,-0.5470697029012181,0.1927776297838491,-1,-1,0,0,0
20210709T103307.A_Elmo.B_ST.SCP_01,68,A3,-0.08286658831763463,0.22430747068823204,0.3071740590058667,-0.18124147605952695,-1,1,1,0,1
20210709T103307.A_Elmo.B_ST.SCP_01,69,A3,0.12618831519523332,-0.02401195120255162,-0.15020026639778494,-0.148286917022464,1,-1,1,0,0
20210709T103307.A_Elmo.B_ST.SCP_01,70,A3,-1.0,-0.4551210973992756,0.5448789026007244,0.1261274613086684,-1,-1,0,0,1
20210709T103307.A_Elmo.B_ST.SCP_01,71,A3,0.2052160140483679,0.060126923797356624,-0.14508909025101127,0.2635831842316641,1,1,0,0,0
20210709T103307.A_Elmo.B_ST.SCP_01,72,A3,0.3540459889070846,1.0,0.6459540110929154,-0.28604557719112084,1,1,0,0,0
20210709T103307.A_Elmo.B_ST.SCP_01,73,A3,-0.3054975730118391,1.0,1.3054975730118392,0.16679374744210398,-1,1,1,0,1
20210709T103307.A_Elmo.B_ST.SCP_01,74,A3,0.030702993768471534,0.04472011464996835,0.014017120881496814,0.2155005379102214,1,1,0,0,1
20210709T103307.A_Elmo.B_ST.SCP_01,75,A3,-0.5103442989062242,-0.7296162032041238,-0.21927190429789956,-0.0632404018223784,-1,-1,0,0,1
20210709T103307.A_Elmo.B_ST.SCP_01,76,A3,-0.08184998721006195,0.06406225522536962,0.14591224243543158,-0.019006725369492758,-1,1,1,0,1
20210709T103307.A_Elmo.B_ST.SCP_01,77,A3,0.3184178606479596,-0.3032459705593019,-0.6216638312072615,0.19286866672930764,1,-1,1,0,1
20210709T103307.A_Elmo.B_ST.SCP_01,78,A3,0.1955090522769783,-0.05978693665777107,-0.25529598893474936,0.003292061396730447,1,-1,1,0,1
20210709T103307.A_Elmo.B_ST.SCP_01,79,A3,-1.0,-0.14563595312304933,0.8543640468769507,-0.19348623817516605,-1,-1,0,0,1
20210709T103307.A_Elmo.B_ST.SCP_01,80,A3,-0.14834651118111952,-1.0,-0.8516534888188805,-0.21418723081590707,-1,-1,0,0,0
20210709T103307.A_Elmo.B_ST.SCP_01,81,A3,-1.0,-0.20099927700239184,0.7990007229976082,0.04466135634113196,-1,-1,0,0,1
20210709T103307.A_Elmo.B_ST.SCP_01,82,A3,-0.1597532934753676,0.10441787132217321,0.2641711647975408,0.1378153123053174,-1,1,1,0,1
20210709T103307.A_Elmo.B_ST.SCP_01,83,A3,-0.2681480151740608,-0.061777366940164634,0.20637064823389614,0.12665243388583716,-1,-1,0,1,1
20210709T103307.A_Elmo.B_ST.SCP_01,84,A3,0.12645914309125636,-0.3497203983815113,-0.47617954147276764,0.180926382510975,1,-1,1,0,0
20210709T103307.A_Elmo.B_ST.SCP_01,85,A3,-0.19476545219284927,-0.11744123423922541,0.07732421795362386,0.16238549019549725,-1,-1,0,0,0
20210709T103307.A_Elmo.B_ST.SCP_01,86,A3,-0.009877131437226563,-1.0,-0.9901228685627734,0.2174564129833782,-1,-1,0,0,0
20210709T103307.A_Elmo.B_ST.SCP_01,87,A3,-0.004950624555425577,-0.005544707288028946,-0.0005940827326033687,-0.038590586893086795,-1,-1,0,0,0
20210709T103307.A_Elmo.B_ST.SCP_01,88,A3,-0.5183154141926641,-0.08302531747827324,0.4352900967143909,0.2665944554177624,-1,-1,0,1,1
20210709T103307.A_Elmo.B_ST.SCP_01,89,A3,0.16331895357871623,1.0,0.8366810464212837,-0.330721689659955,1,1,0,0,0
20210709T103307.A_Elmo.B_ST.SCP_01,90,A3,-0.05289962149843192,-0.052329122344863796,0.0005704991535681256,0.13236117153976976,-1,-1,0,0,1
20210709T103307.A_Elmo.B_ST.SCP_01,91,A3,0.028958774904064403,0.041068000317154504,0.012109225413090102,-0.1612914086561821,1,1,0,0,1
20210709T103307.A_Elmo.B_ST.SCP_01,92,A3,-0.28093027014054256,1.0,1.2809302701405425,-0.12458521328589582,-1,1,1,0,1
20210709T103307.A_Elmo.B_ST.SCP_01,93,A3,0.027028511598364655,-0.051576249712605424,-0.07860476131097008,0.10840140449712181,1,-1,1,0,0
20210709T103307.A_Elmo.B_ST.SCP_01,94,A3,1.0,0.4719874844507223,-0.5280125155492776,0.07122967707506259,1,1,0,0,0
20210709T103307.A_Elmo.B_ST.SCP_01,95,A3,-0.15283065703936924,0.30205194779907424,0.45488260483844345,-0.03758297303563477,-1,1,1,0,1
20210709T103307.A_Elmo.B_ST.SCP_01,96,A3,-1.0,-0.06099919539169952,0.9390008046083005,0.06850956470610971,-1,-1,0,0,0
20210709T103307.A_Elmo.B_ST.SCP_01,97,A4,-0.3321299267875132,-0.05543408077348037,0.2766958460140328,-0.11557892855916121,-1,-1,0,1,0
20210709T103307.A_Elmo.B_ST.SCP_01,98,A4,0.263134772745878,1.0,0.7368652272541221,0.08362886903810034,1,1,0,0,0
20210709T103307.A_Elmo.B_ST.SCP_01,99,A4,0.07659521724992242,0.13203680242554983,0.0554415851756274,-0.02210443241005033,1,1,0,0,1
20210709T103307.A_Elmo.B_ST.SCP_01,100,A4,0.40376495423460385,-1.0,-1.4037649542346038,-0.026114242309702627,1,-1,1,0,0
20210709T103307.A_Elmo.B_ST.SCP_01,101,A4,-1.0,-0.5487628752763546,0.4512371247236454,0.049667882229751686,-1,-1,0,1,0
20210709T103307.A_Elmo.B_ST.SCP_01,102,A4,0.15916449144666642,-0.003863555294832346,-0.16302804674149876,0.0862471187292805,1,-1,1,1,0
20210709T103307.A_Elmo.B_ST.SCP_01,103,A4,-0.07192789692091635,-0.023848180234788924,0.04807971668612743,-0.011078675735683998,-1,-1,0,1,1
20210709T103307.A_Elmo.B_ST.SCP_01,104,A4,0.17775087365898642,1.0,0.8222491263410135,-0.11134029777531397,1,1,0,0,0
20210709T103307.A_Elmo.B_ST.SCP_01,105,A4,-0.5988268057942258,0.5023011600188063,1.1011279658130322,0.19247456941993876,-1,1,1,0,0
20210709T103307.A_Elmo.B_ST.SCP_01,106,A4,-0.5724284112794991,-0.0231952808744384,0.5492331304050606,0.0806120798178342,-1,-1,0,1,1
20210709T103307.A_Elmo.B_ST.SCP_01,107,A4,-0.05497040337072057,1.0,1.0549704033707206,-0.15009008426473477,-1,1,1,0,0
20210709T103307.A_Elmo.B_ST.SCP_01,108,A4,-0.33871507726819944,0.49588386885770686,0.8345989461259062,0.07470336850711938,-1,1,1,0,0
20210709T103307.A_Elmo.B_ST.SCP_01,109,A4,-0.008311056544964167,1.0,1.0083110565449642,0.01231420014234521,-1,1,1,0,1
20210709T103307.A_Elmo.B_ST.SCP_01,110,A4,-0.06114303905231046,-1.0,-0.9388569609476896,0.11717969559455996,-1,-1,0,0,1
20210709T103307.A_Elmo.B_ST.SCP_01,111,A4,-0.15754881275421875,1.0,1.1575488127542188,0.17760870868313813,-1,1,1,0,1
20210709T103307.A_Elmo.B_ST.SCP_01,112,A4,-0.026629629610658387,0.15975641561501877,0.18638604522567714,-0.05397824757615488,-1,1,1,0,1
20210709T103307.A_Elmo.B_ST.SCP_01,113,A4,-0.00470394735695217,-0.09968580698969128,-0.0949818596327391,-0.2518728731603471,-1,-1,0,1,1
20210709T103307.A_Elmo.B_ST.SCP_01,114,A4,0.010757291690447585,-0.16275461080321096,-0.17351190249365855,0.0036026948036287474,1,-1,1,1,0
20210709T103307.A_Elmo.B_ST.SCP_01,115,A4,0.052381923649015616,-0.16355810728791395,-0.21594003093692957,-0.2557586304635621,1,-1,1,1,1
20210709T103307.A_Elmo.B_ST.SCP_01,116,A4,-0.23958252416952358,0.09152423295647183,0.3311067571259954,-0.07170669598353835,-1,1,1,0,1
20210709T103307.A_Elmo.B_ST.SCP_01,117,A4,-0.24260839883194257,-0.24850123546542824,-0.005892836633485665,0.08355918768101771,-1,-1,0,1,1
20210709T103307.A_Elmo.B_ST.SCP_01,118,A4,-0.3167211746844771,0.10065448473473605,0.4173756594192131,0.34593765266893217,-1,1,1,0,1
20210709T103307.A_Elmo.B_ST.SCP_01,119,A4,-1.0,-0.5761693527763888,0.4238306472236112,0.5539297147318649,-1,-1,0,1,1
20210709T103307.A_Elmo.B_ST.SCP_01,120,A4,-0.09574323826200563,-0.2783765064268969,-0.18263326816489123,0.09273258311259674,-1,-1,0,0,1
20210709T103307.A_Elmo.B_ST.SCP_01,121,A4,-0.6854310426354466,-0.1429412702336826,0.542489772401764,-0.12480276079661778,-1,-1,0,0,1
20210709T103307.A_Elmo.B_ST.SCP_01,122,A4,-0.08824274251235777,-0.26510820767244825,-0.1768654651600905,-0.17027335368721314,-1,-1,0,0,1
20210709T103307.A_Elmo.B_ST.SCP_01,123,A4,-0.1458204034890321,-0.13786852424329402,0.007951879245738092,-0.2782349435829539,-1,-1,0,0,1
20210709T103307.A_Elmo.B_ST.SCP_01,124,A4,0.03547984739094308,-0.18557229346275564,-0.22105214085369873,-0.06633447418733092,1,-1,1,0,0
20210709T103307.A_Elmo.B_ST.SCP_01,125,A4,-1.0,0.17043689190781885,1.1704368919078187,-0.04897776926988335,-1,1,1,0,0
20210709T103307.A_Elmo.B_ST.SCP_01,126,A4,0.0006264005015612235,-0.008831552659464241,-0.009457953161025465,-0.23939768597200858,1,-1,1,1,1
20210709T103307.A_Elmo.B_ST.SCP_01,127,A4,1.0,-0.6751869228438867,-1.6751869228438867,-0.24449575669692164,1,-1,1,0,0
20210709T103307.A_Elmo.B_ST.SCP_01,128,A4,-0.00843268752039032,-0.19063233675714564,-0.18219964923675533,-0.03104607263902984,-1,-1,0,0,1
20210709T103307.A_Elmo.B_ST.SCP_01,129,A5,-0.0356961324940389,-0.7292633534389201,-0.6935672209448812,-0.14443202094653196,-1,-1,0,0,1
20210709T103307.A_Elmo.B_ST.SCP_01,130,A5,-0.21087341541038895,1.0,1.210873415410389,-0.06447154864055228,-1,1,1,0,0
20210709T103307.A_Elmo.B_ST.SCP_01,131,A5,-0.22502255146401706,1.0,1.2250225514640172,0.4147903150667557,-1,1,1,1,0
20210709T103307.A_Elmo.B_ST.SCP_01,132,A5,-0.04548828764416448,1.0,1.0454882876441645,0.11423229814713783,-1,1,1,0,0
20210709T103307.A_Elmo.B_ST.SCP_01,133,A5,-0.29978283812082973,-0.5602266372363087,-0.260443799115479,0.2362056732963077,-1,-1,0,1,1
20210709T103307.A_Elmo.B_ST.SCP_01,134,A5,-0.13979375891228532,-0.2228963232052501,-0.08310256429296478,0.22569530018771616,-1,-1,0,1,1
20210709T103307.A_Elmo.B_ST.SCP_01,135,A5,-0.6440184325636682,-0.7325790024271555,-0.08856056986348726,0.23695740524088302,-1,-1,0,1,1
20210709T103307.A_Elmo.B_ST.SCP_01,136,A5,-0.16516577933169233,0.04035136318855477,0.2055171425202471,0.4834406526170089,-1,1,1,1,1
20210709T103307.A_Elmo.B_ST.SCP_01,137,A5,0.09273514848853616,1.0,0.9072648515114639,0.3492087020969084,1,1,0,0,0
20210709T103307.A_Elmo.B_ST.SCP_01,138,A5,-0.8554105196322492,0.7349055188380965,1.5903160384703456,0.35320434677255297,-1,1,1,0,1
20210709T103307.A_Elmo.B_ST.SCP_01,139,A5,-0.23253208554054158,-0.2924349753839786,-0.05990288984343703,0.28782357141791254,-1,-1,0,0,0
20210709T103307.A_Elmo.B_ST.SCP_01,140,A5,0.3969921944251717,0.1268967246672352,-0.2700954697579365,0.2155202985010177,1,1,0,0,0
20210709T103307.A_Elmo.B_ST.SCP_01,141,A5,-0.053545377558727306,1.0,1.0535453775587273,0.19590663959703464,-1,1,1,1,1
20210709T103307.A_Elmo.B_ST.SCP_01,142,A5,-0.12525300151794916,1.0,1.1252530015179492,0.3420773347041439,-1,1,1,1,1
20210709T103307.A_Elmo.B_ST.SCP_01,143,A5,-0.10542831183960463,0.6684136296650391,0.7738419415046438,0.3888909196984984,-1,1,1,0,0
20210709T103307.A_Elmo.B_ST.SCP_01,144,A5,-0.07048278767748646,1.0,1.0704827876774865,0.23126904594794345,-1,1,1,0,0
20210709T103307.A_Elmo.B_ST.SCP_01,145,A5,-0.4921203380062597,0.8452806157902729,1.3374009537965326,0.762008942301903,-1,1,1,1,1
20210709T103307.A_Elmo.B_ST.SCP_01,146,A5,-0.13310192554367348,0.3362645631506333,0.46936648869430675,0.04837313122700507,-1,1,1,1,1
20210709T103307.A_Elmo.B_ST.SCP_01,147,A5,-0.4547964678824653,-0.31133028115065026,0.14346618673181505,0.1684788550559399,-1,-1,0,1,1
20210709T103307.A_Elmo.B_ST.SCP_01,148,A5,-0.007602173888764496,1.0,1.0076021738887646,-0.2523274072201907,-1,1,1,0,0
20210709T103307.A_Elmo.B_ST.SCP_01,149,A5,-0.6106871697526552,0.3558446328962067,0.966531802648862,0.043388896246270306,-1,1,1,0,0
20210709T103307.A_Elmo.B_ST.SCP_01,150,A5,-1.0,0.47393384775014585,1.4739338477501458,0.15278440641540852,-1,1,1,0,0
20210709T103307.A_Elmo.B_ST.SCP_01,151,A5,-0.21206645247457187,0.6939643032868762,0.9060307557614481,0.004807347488810303,-1,1,1,0,1
20210709T103307.A_Elmo.B_ST.SCP_01,152,A5,-1.0,0.20158898401286438,1.2015889840128644,0.29902862744998016,-1,1,1,1,0
20210709T103307.A_Elmo.B_ST.SCP_01,153,A5,-0.2527384793703045,-1.0,-0.7472615206296955,0.08589787714219445,-1,-1,0,1,0
20210709T103307.A_Elmo.B_ST.SCP_01,154,A5,-0.09324657677990543,1.0,1.0932465767799053,0.339172365785199,-1,1,1,0,0
20210709T103307.A_Elmo.B_ST.SCP_01,155,A5,-0.10466475330165122,0.5817600910128954,0.6864248443145466,0.10641104264963056,-1,1,1,0,0
20210709T103307.A_Elmo.B_ST.SCP_01,156,A5,-0.08989351187352927,0.7457591308812864,0.8356526427548157,0.088018238323259,-1,1,1,0,0
20210709T103307.A_Elmo.B_ST.SCP_01,157,A5,-0.12829869034968022,1.0,1.1282986903496801,-0.013262459429211452,-1,1,1,0,0
20210709T103307.A_Elmo.B_ST.SCP_01,158,A5,-0.3499397833925342,0.39330073025151213,0.7432405136440463,0.41350421060231224,-1,1,1,0,0
20210709T103307.A_Elmo.B_ST.SCP_01,159,A5,-0.07825018493043581,1.0,1.0782501849304358,0.006384183477538507,-1,1,1,0,0
20210709T103307.A_Elmo.B_ST.SCP_01,160,A5,-0.21900227927873295,0.9456123824025647,1.1646146616812976,0.33262585921979065,-1,1,1,0,1
20210715T105108.A_Elmo.B_ST.SCP_01,1,A1,-1.0,0.19944186532870092,1.199441865328701,-0.12532695947176406,-1,1,1,1,1
20210715T105108.A_Elmo.B_ST.SCP_01,2,A1,-0.6845124054720495,-0.1919086153931983,0.4926037900788512,0.7196175808286562,-1,-1,0,1,1
20210715T105108.A_Elmo.B_ST.SCP_01,3,A1,0.3611641478190316,-0.20332714947773128,-0.5644912972967628,0.02349747862222561,1,-1,1,1,1
20210715T105108.A_Elmo.B_ST.SCP_01,4,A1,1.0,1.0,0.0,0.6210767187104299,1,1,0,1,1
20210715T105108.A_Elmo.B_ST.SCP_01,5,A1,-0.5885567715527816,-0.247303378769409,0.34125339278337263,0.5063445933805482,-1,-1,0,1,1
20210715T105108.A_Elmo.B_ST.SCP_01,6,A1,-0.993044898777785,-0.6732671098886558,0.3197777888891292,-0.0374418569983218,-1,-1,0,1,1
20210715T105108.A_Elmo.B_ST.SCP_01,7,A1,-1.0,-0.7743625812673086,0.22563741873269139,0.2520722503459038,-1,-1,0,1,0
20210715T105108.A_Elmo.B_ST.SCP_01,8,A1,-1.0,-1.0,0.0,0.8494381822488444,-1,-1,0,1,1
20210715T105108.A_Elmo.B_ST.SCP_01,9,A1,-1.0,-0.5026335773079005,0.4973664226920995,-0.22771022635749982,-1,-1,0,1,0
20210715T105108.A_Elmo.B_ST.SCP_01,10,A1,-0.920563281943328,-1.0,-0.07943671805667196,0.2099727045427412,-1,-1,0,1,1
20210715T105108.A_Elmo.B_ST.SCP_01,11,A1,-1.0,-0.2991185488490143,0.7008814511509858,-0.011195626869053468,-1,-1,0,1,1
20210715T105108.A_Elmo.B_ST.SCP_01,12,A1,1.0,-1.0,-2.0,-0.6690768409836152,1,-1,1,1,1
20210715T105108.A_Elmo.B_ST.SCP_01,13,A1,-0.3384319027169101,-1.0,-0.66156809728309,-0.011108996686553086,-1,-1,0,1,0
20210715T105108.A_Elmo.B_ST.SCP_01,14,A1,-0.10232921669699838,-0.6333941413220867,-0.5310649246250884,0.2700937377845264,-1,-1,0,1,1
20210715T105108.A_Elmo.B_ST.SCP_01,15,A1,-0.11391668448342748,-0.06960572607589,0.04431095840753749,-0.020552198568483008,-1,-1,0,1,0
20210715T105108.A_Elmo.B_ST.SCP_01,16,A1,-0.8136374743239745,-0.7017469374013818,0.11189053692259265,-0.05239169381434112,-1,-1,0,1,1
20210715T105108.A_Elmo.B_ST.SCP_01,17,A1,-1.0,-1.0,0.0,-0.32367921649064285,-1,-1,0,1,1
20210715T105108.A_Elmo.B_ST.SCP_01,18,A1,-1.0,-0.05623463194671343,0.9437653680532866,0.1002274852062015,-1,-1,0,1,1
20210715T105108.A_Elmo.B_ST.SCP_01,19,A1,-0.2026211311375846,-1.0,-0.7973788688624154,0.6857318704469316,-1,-1,0,1,1
20210715T105108.A_Elmo.B_ST.SCP_01,20,A1,-0.6443437132762238,-0.5097541129083355,0.13458960036788825,0.7914000935951773,-1,-1,0,1,1
20210715T105108.A_Elmo.B_ST.SCP_01,21,A1,-0.22727140947181249,-0.7093551397489843,-0.4820837302771719,0.4543217989587804,-1,-1,0,1,0
20210715T105108.A_Elmo.B_ST.SCP_01,22,A1,-0.27457938255289405,0.35135556954396585,0.6259349520968599,0.19775667228362553,-1,1,1,0,0
20210715T105108.A_Elmo.B_ST.SCP_01,23,A1,-1.0,-0.2398265698713353,0.7601734301286647,0.1728304472810466,-1,-1,0,1,1
20210715T105108.A_Elmo.B_ST.SCP_01,24,A1,-1.0,-1.0,0.0,0.8194087739932647,-1,-1,0,1,1
20210715T105108.A_Elmo.B_ST.SCP_01,25,A1,-0.15317753573931572,0.5204190703737075,0.6735966061130232,-0.27406981988928514,-1,1,1,1,1
20210715T105108.A_Elmo.B_ST.SCP_01,26,A1,-1.0,-1.0,0.0,0.40201180956416394,-1,-1,0,1,1
20210715T105108.A_Elmo.B_ST.SCP_01,27,A1,1.0,0.1697456166632321,-0.8302543833367679,0.09918974548561856,1,1,0,0,0
20210715T105108.A_Elmo.B_ST.SCP_01,28,A1,0.7072617442886936,0.2561394369753139,-0.4511223073133797,0.7692986915373747,1,1,0,1,1
20210715T105108.A_Elmo.B_ST.SCP_01,29,A1,-1.0,-0.09157983180123525,0.9084201681987647,0.47494220248205515,-1,-1,0,1,1
20210715T105108.A_Elmo.B_ST.SCP_01,30,A1,-0.5154686054077409,-0.5958554170905023,-0.0803868116827614,0.02878023696125924,-1,-1,0,1,1
20210715T105108.A_Elmo.B_ST.SCP_01,31,A1,-0.10904251886926693,-1.0,-0.890957481130733,-0.28067960176154816,-1,-1,0,0,1
20210715T105108.A_Elmo.B_ST.SCP_01,32,A1,1.0,0.5183900039401836,-0.48160999605981636,0.16270901602167018,1,1,0,1,1
20210715T105108.A_Elmo.B_ST.SCP_01,33,A2,-1.0,-0.7592128633365958,0.24078713666340423,0.31975342190545025,-1,-1,0,1,1
20210715T105108.A_Elmo.B_ST.SCP_01,34,A2,0.09605261283324347,-0.06184087690559878,-0.15789348973884226,0.022844826346933057,1,-1,1,1,1
20210715T105108.A_Elmo.B_ST.SCP_01,35,A2,1.0,-1.0,-2.0,-0.30332301179548654,1,-1,1,0,0
20210715T105108.A_Elmo.B_ST.SCP_01,36,A2,0.052757536393321446,-0.21055652676681375,-0.26331406316013517,-0.25620711479315217,1,-1,1,1,1
20210715T105108.A_Elmo.B_ST.SCP_01,37,A2,-1.0,-1.0,0.0,0.19147502875108205,-1,-1,0,0,0
20210715T105108.A_Elmo.B_ST.SCP_01,38,A2,-1.0,-0.4696612471296385,0.5303387528703615,-0.2648045448977415,-1,-1,0,0,0
20210715T105108.A_Elmo.B_ST.SCP_01,39,A2,-0.3881172448967707,-0.6050479624122334,-0.21693071751546267,0.04496417311303738,-1,-1,0,1,1
20210715T105108.A_Elmo.B_ST.SCP_01,40,A2,-1.0,-0.11890820633011623,0.8810917936698838,0.021659220989481667,-1,-1,0,0,0
20210715T105108.A_Elmo.B_ST.SCP_01,41,A2,-0.49406694609661495,0.5286811996354168,1.0227481457320318,-0.09926182507063604,-1,1,1,1,1
20210715T105108.A_Elmo.B_ST.SCP_01,42,A2,0.5096083166659444,-1.0,-1.5096083166659444,-0.019119116340123365,1,-1,1,0,0
20210715T105108.A_Elmo.B_ST.SCP_01,43,A2,-0.650813063565371,-0.33830020256166604,0.312512861003705,0.7747098784907173,-1,-1,0,1,1
20210715T105108.A_Elmo.B_ST.SCP_01,44,A2,-0.08172092972433967,-0.17861790750014322,-0.09689697777580356,0.15199675718327055,-1,-1,0,0,0
20210715T105108.A_Elmo.B_ST.SCP_01,45,A2,-0.6445736551793064,-0.6480889509000711,-0.0035152957207646995,0.27816810734277464,-1,-1,0,0,0
20210715T105108.A_Elmo.B_ST.SCP_01,46,A2,-0.4790399711156748,-1.0,-0.5209600288843252,-0.15567932470273071,-1,-1,0,0,0
20210715T105108.A_Elmo.B_ST.SCP_01,47,A2,-0.3426838828512945,-0.8889950320246599,-0.5463111491733654,0.13335113987843691,-1,-1,0,0,0
20210715T105108.A_Elmo.B_ST.SCP_01,48,A2,-1.0,-1.0,0.0,0.09691071037338085,-1,-1,0,0,0
20210715T105108.A_Elmo.B_ST.SCP_01,49,A2,-1.0,-0.7987555370237949,0.20124446297620513,0.4682855168233565,-1,-1,0,1,1
20210715T105108.A_Elmo.B_ST.SCP_01,50,A2,-0.25939645163267316,-0.5548067612581598,-0.2954103096254866,0.19997575509497528,-1,-1,0,1,1
20210715T105108.A_Elmo.B_ST.SCP_01,51,A2,-1.0,-1.0,0.0,-0.3713339275102932,-1,-1,0,0,0
20210715T105108.A_Elmo.B_ST.SCP_01,52,A2,-0.3403332720297806,-0.9663616677402886,-0.6260283957105081,0.006665568581555046,-1,-1,0,1,1
20210715T105108.A_Elmo.B_ST.SCP_01,53,A2,-0.13901482299959667,-0.6488950557651638,-0.5098802327655672,-0.07676376564450826,-1,-1,0,1,1
20210715T105108.A_Elmo.B_ST.SCP_01,54,A2,0.1393713683836268,-0.02938932658892739,-0.1687606949725542,-0.20212600152815996,1,-1,1,1,1
20210715T105108.A_Elmo.B_ST.SCP_01,55,A2,-0.5538878395354648,-0.37432458758845333,0.1795632519470115,0.6102619676908685,-1,-1,0,1,1
20210715T105108.A_Elmo.B_ST.SCP_01,56,A2,-0.05333714331945553,-0.27026875078026175,-0.21693160746080623,-0.12849763259381786,-1,-1,0,1,1
20210715T105108.A_Elmo.B_ST.SCP_01,57,A2,-1.0,-1.0,0.0,0.4711676340502692,-1,-1,0,1,1
20210715T105108.A_Elmo.B_ST.SCP_01,58,A2,-1.0,-0.7598661807956125,0.24013381920438748,0.39193283619439645,-1,-1,0,0,0
20210715T105108.A_Elmo.B_ST.SCP_01,59,A2,-1.0,1.0,2.0,-0.015187060787630808,-1,1,1,1,1
20210715T105108.A_Elmo.B_ST.SCP_01,60,A2,-0.6956563277587342,-1.0,-0.3043436722412658,0.6023406574398954,-1,-1,0,1,1
20210715T105108.A_Elmo.B_ST.SCP_01,61,A2,-0.10335338337851706,-0.11910086675479113,-0.015747483376274074,-0.015391708804522725,-1,-1,0,0,0
20210715T105108.A_Elmo.B_ST.SCP_01,62,A2,0.28629624970866985,-0.8027398961019332,-1.089036145810603,0.04184465895134644,1,-1,1,0,0
20210715T105108.A_Elmo.B_ST.SCP_01,63,A2,-1.0,-1.0,0.0,0.45636152670687613,-1,-1,0,1,1
20210715T105108.A_Elmo.B_ST.SCP_01,64,A2,-1.0,-0.3628523080987706,0.6371476919012293,0.24109650069354174,-1,-1,0,1,1
20210715T105108.A_Elmo.B_ST.SCP_01,65,A3,0.1468523566708667,-1.0,-1.1468523566708666,0.1715360807654472,1,-1,1,0,0
20210715T105108.A_Elmo.B_ST.SCP_01,66,A3,-0.9462778410569525,-0.1403560335285106,0.8059218075284419,-0.008459548715597398,-1,-1,0,0,0
20210715T105108.A_Elmo.B_ST.SCP_01,67,A3,0.040170995185055756,-0.3241953349219047,-0.36436633010696046,-0.07373357627359423,1,-1,1,0,0
20210715T105108.A_Elmo.B_ST.SCP_01,68,A3,0.15734579469561724,-0.2584166225924911,-0.41576241728810837,-0.07683810025777676,1,-1,1,0,0
20210715T105108.A_Elmo.B_ST.SCP_01,69,A3,1.0,-0.41931634201874446,-1.4193163420187445,0.03625663051867797,1,-1,1,0,0
20210715T105108.A_Elmo.B_ST.SCP_01,70,A3,0.3071316106969951,-0.6529773410333989,-0.960108951730394,0.35070625432708324,1,-1,1,0,0
20210715T105108.A_Elmo.B_ST.SCP_01,71,A3,0.5615274050260729,-0.3791143796971475,-0.9406417847232205,0.11438173722835736,1,-1,1,0,0
20210715T105108.A_Elmo.B_ST.SCP_01,72,A3,1.0,-0.35396722419849425,-1.3539672241984944,0.004117635865781507,1,-1,1,0,0
20210715T105108.A_Elmo.B_ST.SCP_01,73,A3,-0.23314512706547338,0.5299004730338971,0.7630456000993705,-0.12134642493127373,-1,1,1,0,0
20210715T105108.A_Elmo.B_ST.SCP_01,74,A3,0.6613309095531708,-1.0,-1.6613309095531708,-0.1496839751837001,1,-1,1,0,0
20210715T105108.A_Elmo.B_ST.SCP_01,75,A3,-1.0,-0.6422453688130173,0.3577546311869827,-0.22663263668706102,-1,-1,0,0,0
20210715T105108.A_Elmo.B_ST.SCP_01,76,A3,0.3991322568252536,-0.8197382563520529,-1.2188705131773065,-0.08407969741913683,1,-1,1,0,0
20210715T105108.A_Elmo.B_ST.SCP_01,77,A3,1.0,-1.0,-2.0,-0.0660291234247216,1,-1,1,0,0
20210715T105108.A_Elmo.B_ST.SCP_01,78,A3,1.0,-0.7286821502507999,-1.7286821502507999,0.03844445828826528,1,-1,1,0,0
20210715T105108.A_Elmo.B_ST.SCP_01,79,A3,0.24679355983177814,0.02975388478643907,-0.21703967504533908,-0.21072954092906734,1,1,0,0,0
20210715T105108.A_Elmo.B_ST.SCP_01,80,A3,0.04235484395729348,0.006676991206310352,-0.035677852750983126,-0.19821810612383794,1,1,0,0,0
20210715T105108.A_Elmo.B_ST.SCP_01,81,A3,-1.0,-1.0,0.0,0.047890212077446696,-1,-1,0,0,0
20210715T105108.A_Elmo.B_ST.SCP_01,82,A3,-1.0,-1.0,0.0,0.5364164747569026,-1,-1,0,0,1
20210715T105108.A_Elmo.B_ST.SCP_01,83,A3,-0.3940574328337495,-0.4966896367321669,-0.10263220389841737,-0.15963678359216302,-1,-1,0,0,0
20210715T105108.A_Elmo.B_ST.SCP_01,84,A3,1.0,-0.06668096850238008,-1.0666809685023801,0.2857373202331947,1,-1,1,0,0
20210715T105108.A_Elmo.B_ST.SCP_01,85,A3,-1.0,0.08598678683588848,1.0859867868358886,0.01619281520298955,-1,1,1,0,0
20210715T105108.A_Elmo.B_ST.SCP_01,86,A3,0.1357857043169795,1.0,0.8642142956830206,0.13803180696182654,1,1,0,0,0
20210715T105108.A_Elmo.B_ST.SCP_01,87,A3,-0.5455982129395538,1.0,1.5455982129395538,0.07451804131213528,-1,1,1,0,0
20210715T105108.A_Elmo.B_ST.SCP_01,88,A3,-0.9115862383874336,-1.0,-0.08841376161256642,0.22709587557559915,-1,-1,0,0,1
20210715T105108.A_Elmo.B_ST.SCP_01,89,A3,0.2042519429177222,0.8235621273987667,0.6193101844810445,-0.016324408592945563,1,1,0,0,0
20210715T105108.A_Elmo.B_ST.SCP_01,90,A3,-0.46322532217673523,0.05902089413726488,0.5222462163140001,0.05821323459940405,-1,1,1,0,0
20210715T105108.A_Elmo.B_ST.SCP_01,91,A3,-1.0,0.04240976494667859,1.0424097649466786,0.019383683533093287,-1,1,1,0,0
20210715T105108.A_Elmo.B_ST.SCP_01,92,A3,-0.9605268606273417,0.21780021577799358,1.1783270764053353,-0.30830127271281493,-1,1,1,0,0
20210715T105108.A_Elmo.B_ST.SCP_01,93,A3,0.28087837537514065,-0.2058516024798881,-0.48672997785502875,0.027526974945219284,1,-1,1,0,0
20210715T105108.A_Elmo.B_ST.SCP_01,94,A3,-1.0,-0.8138832981908007,0.18611670180919926,0.11007966185098773,-1,-1,0,0,0
20210715T105108.A_Elmo.B_ST.SCP_01,95,A3,1.0,-0.31755700907853573,-1.3175570090785358,0.1230962405088852,1,-1,1,0,0
20210715T105108.A_Elmo.B_ST.SCP_01,96,A3,0.222774452260057,-0.32644752971258006,-0.549221981972637,-0.16849985803359913,1,-1,1,0,0
20210715T105108.A_Elmo.B_ST.SCP_01,97,A4,0.563980635979765,0.13312862610304316,-0.43085200987672184,-0.017585713065938934,1,1,0,0,0
20210715T105108.A_Elmo.B_ST.SCP_01,98,A4,0.443092427972713,-0.5518151667899795,-0.9949075947626925,-0.2769732145251664,1,-1,1,0,0
20210715T105108.A_Elmo.B_ST.SCP_01,99,A4,0.5107754790104644,-0.8435389417362378,-1.3543144207467022,0.008603948332916028,1,-1,1,0,0
20210715T105108.A_Elmo.B_ST.SCP_01,100,A4,-0.18658254359373555,0.019857571328728483,0.20644011492246403,0.1560829605122755,-1,1,1,0,0
20210715T105108.A_Elmo.B_ST.SCP_01,101,A4,0.14194529854897944,0.12148269105304867,-0.020462607495930776,0.040237192192353916,1,1,0,1,0
20210715T105108.A_Elmo.B_ST.SCP_01,102,A4,0.14565869833344713,0.4104665190268077,0.26480782069336056,-0.2626310488240626,1,1,0,0,0
20210715T105108.A_Elmo.B_ST.SCP_01,103,A4,0.3337983685399273,-0.32030147824609434,-0.6540998467860216,0.06761276147139902,1,-1,1,0,0
20210715T105108.A_Elmo.B_ST.SCP_01,104,A4,-0.1635236363410139,0.01930083884347339,0.1828244751844873,-0.2909957355074037,-1,1,1,0,0
20210715T105108.A_Elmo.B_ST.SCP_01,105,A4,-0.7619204282420505,-0.0438856027453709,0.7180348254966796,0.21809862509623315,-1,-1,0,0,0
20210715T105108.A_Elmo.B_ST.SCP_01,106,A4,-0.9868427338074661,0.08624546337230204,1.073088197179768,-0.13335610836953968,-1,1,1,0,1
20210715T105108.A_Elmo.B_ST.SCP_01,107,A4,-0.9931267622853661,0.1267664326003079,1.119893194885674,0.147955112564946,-1,1,1,0,0
20210715T105108.A_Elmo.B_ST.SCP_01,108,A4,-0.8499521929154644,0.044073343651842574,0.894025536567307,0.284543961985202,-1,1,1,0,0
20210715T105108.A_Elmo.B_ST.SCP_01,109,A4,1.0,0.5436517620203057,-0.45634823797969426,-0.3683791465064657,1,1,0,0,0
20210715T105108.A_Elmo.B_ST.SCP_01,110,A4,-1.0,0.9239618920762231,1.9239618920762231,0.0015310121296610681,-1,1,1,0,0
20210715T105108.A_Elmo.B_ST.SCP_01,111,A4,-0.9841510755393427,-0.2783300180025742,0.7058210575367685,-0.04422984521219713,-1,-1,0,0,0
20210715T105108.A_Elmo.B_ST.SCP_01,112,A4,1.0,1.0,0.0,0.2501479439077558,1,1,0,0,0
20210715T105108.A_Elmo.B_ST.SCP_01,113,A4,-0.0434498571054185,-0.3022824149889561,-0.2588325578835376,-0.06827224915877035,-1,-1,0,1,1
20210715T105108.A_Elmo.B_ST.SCP_01,114,A4,-0.18398622821182462,0.05159024326347719,0.2355764714753018,-0.10426103271641583,-1,1,1,0,0
20210715T105108.A_Elmo.B_ST.SCP_01,115,A4,-1.0,-0.6542884095507433,0.3457115904492567,-0.4350483736649728,-1,-1,0,0,0
20210715T105108.A_Elmo.B_ST.SCP_01,116,A4,-0.20930716506409253,0.05316038539707925,0.26246755046117176,-0.18662371325048593,-1,1,1,0,0
20210715T105108.A_Elmo.B_ST.SCP_01,117,A4,-1.0,-0.8629855330676041,0.13701446693239594,0.13979263064369638,-1,-1,0,1,1
20210715T105108.A_Elmo.B_ST.SCP_01,118,A4,-1.0,-0.5527960605965159,0.44720393940348413,0.02650988686732433,-1,-1,0,0,0
20210715T105108.A_Elmo.B_ST.SCP_01,119,A4,-0.45103548566098556,-0.1516017342999774,0.29943375136100814,-0.10142923614334136,-1,-1,0,1,1
20210715T105108.A_Elmo.B_ST.SCP_01,120,A4,-1.0,-0.11767413595345452,0.8823258640465454,0.055715925661421715,-1,-1,0,1,0
20210715T105108.A_Elmo.B_ST.SCP_01,121,A4,-0.7282592960215301,-1.0,-0.27174070397846994,0.38834278637997355,-1,-1,0,0,0
20210715T105108.A_Elmo.B_ST.SCP_01,122,A4,1.0,-1.0,-2.0,-0.19754145128724537,1,-1,1,0,0
20210715T105108.A_Elmo.B_ST.SCP_01,123,A4,0.7150137146842555,-1.0,-1.7150137146842555,0.04978236173760527,1,-1,1,0,0
20210715T105108.A_Elmo.B_ST.SCP_01,124,A4,0.09975410734645784,1.0,0.9002458926535422,0.2573198349667984,1,1,0,0,0
20210715T105108.A_Elmo.B_ST.SCP_01,125,A4,-0.46112960690072247,-0.5638958662978004,-0.10276625939707795,-0.4234071848055251,-1,-1,0,0,0
20210715T105108.A_Elmo.B_ST.SCP_01,126,A4,0.33748651113894895,0.15001590746286642,-0.18747060367608254,0.12597739032700814,1,1,0,0,0
20210715T105108.A_Elmo.B_ST.SCP_01,127,A4,0.9033700123632598,-0.6975486581234178,-1.6009186704866776,0.04757555852394042,1,-1,1,0,1
20210715T105108.A_Elmo.B_ST.SCP_01,128,A4,-1.0,-0.4706729995972828,0.5293270004027172,0.09390665455276512,-1,-1,0,0,0
20210715T105108.A_Elmo.B_ST.SCP_01,129,A5,-1.0,-0.29301562539365444,0.7069843746063456,0.2616774959895713,-1,-1,0,1,0
20210715T105108.A_Elmo.B_ST.SCP_01,130,A5,0.5633018988508675,-0.415569131684101,-0.9788710305349684,0.30094100381193495,1,-1,1,0,0
20210715T105108.A_Elmo.B_ST.SCP_01,131,A5,-1.0,-0.37800221264308026,0.6219977873569198,-0.016220980899178207,-1,-1,0,0,0
20210715T105108.A_Elmo.B_ST.SCP_01,132,A5,-0.32853804076634346,-1.0,-0.6714619592336566,-0.008179638688682649,-1,-1,0,0,0
20210715T105108.A_Elmo.B_ST.SCP_01,133,A5,-0.6496886750387459,-1.0,-0.35031132496125406,0.089283793403351,-1,-1,0,1,1
20210715T105108.A_Elmo.B_ST.SCP_01,134,A5,-1.0,-0.03538741384448815,0.9646125861555118,-0.03353489372788543,-1,-1,0,0,0
20210715T105108.A_Elmo.B_ST.SCP_01,135,A5,-0.9917532383053843,-1.0,-0.00824676169461569,0.38147368171539664,-1,-1,0,1,1
20210715T105108.A_Elmo.B_ST.SCP_01,136,A5,-0.2553457773982041,-1.0,-0.7446542226017959,0.3786719807329822,-1,-1,0,1,1
20210715T105108.A_Elmo.B_ST.SCP_01,137,A5,0.9184547561888563,0.16000244441822112,-0.7584523117706352,-0.19069774062638356,1,1,0,0,0
20210715T105108.A_Elmo.B_ST.SCP_01,138,A5,0.3179655676911746,-0.9691531973510024,-1.287118765042177,-0.16733833316227772,1,-1,1,0,0
20210715T105108.A_Elmo.B_ST.SCP_01,139,A5,-0.18934711089088185,0.04676851674180065,0.2361156276326825,-0.39245619048401315,-1,1,1,0,0
20210715T105108.A_Elmo.B_ST.SCP_01,140,A5,0.43967230658899653,-0.643071728161912,-1.0827440347509085,0.16459429408763177,1,-1,1,0,0
20210715T105108.A_Elmo.B_ST.SCP_01,141,A5,1.0,-0.45828483528234604,-1.458284835282346,0.11563157752584236,1,-1,1,0,0
20210715T105108.A_Elmo.B_ST.SCP_01,142,A5,1.0,-1.0,-2.0,0.20028309332721103,1,-1,1,0,0
20210715T105108.A_Elmo.B_ST.SCP_01,143,A5,0.22337203142983436,-0.6982991083450998,-0.9216711397749342,0.31825917461570746,1,-1,1,0,0
20210715T105108.A_Elmo.B_ST.SCP_01,144,A5,1.0,-0.6089182859299243,-1.6089182859299243,0.11054080135812151,1,-1,1,0,0
20210715T105108.A_Elmo.B_ST.SCP_01,145,A5,-0.36420681253369863,-1.0,-0.6357931874663014,-0.055167109979924446,-1,-1,0,1,1
20210715T105108.A_Elmo.B_ST.SCP_01,146,A5,0.1494263617703128,-0.36523707938749667,-0.5146634411578095,-0.12462927660278167,1,-1,1,1,1
20210715T105108.A_Elmo.B_ST.SCP_01,147,A5,-0.36747887273691937,-1.0,-0.6325211272630806,-0.027884337658766918,-1,-1,0,1,1
20210715T105108.A_Elmo.B_ST.SCP_01,148,A5,1.0,-1.0,-2.0,0.24508906922709553,1,-1,1,0,0
20210715T105108.A_Elmo.B_ST.SCP_01,149,A5,-0.14596054697252786,-1.0,-0.8540394530274722,0.22945087103784897,-1,-1,0,0,1
20210715T105108.A_Elmo.B_ST.SCP_01,150,A5,1.0,-0.4752022267038326,-1.4752022267038325,0.0485243434940732,1,-1,1,0,0
20210715T105108.A_Elmo.B_ST.SCP_01,151,A5,-1.0,-1.0,0.0,-0.1059785147671174,-1,-1,0,0,0
20210715T105108.A_Elmo.B_ST.SCP_01,152,A5,-0.4193124439038226,-1.0,-0.5806875560961774,0.03814584294061213,-1,-1,0,1,0
20210715T105108.A_Elmo.B_ST.SCP_01,153,A5,0.26973152780968396,-0.25887013279596144,-0.5286016606056454,0.2170572659153445,1,-1,1,0,0
20210715T105108.A_Elmo.B_ST.SCP_01,154,A5,-1.0,-0.6675767976354745,0.3324232023645255,-0.011101765720472194,-1,-1,0,0,0
20210715T105108.A_Elmo.B_ST.SCP_01,155,A5,1.0,0.13946043007334213,-0.8605395699266578,0.2971086487009719,1,1,0,0,0
20210715T105108.A_Elmo.B_ST.SCP_01,156,A5,0.3052727651901954,-0.07261064508989742,-0.37788341028009287,-0.14205138259826328,1,-1,1,0,0
20210715T105108.A_Elmo.B_ST.SCP_01,157,A5,-0.5649409220792377,0.8431194842215085,1.4080604063007462,0.5444055357973322,-1,1,1,0,0
20210715T105108.A_Elmo.B_ST.SCP_01,158,A5,-0.4055913384267684,1.0,1.4055913384267684,-0.12802829350190154,-1,1,1,0,0
20210715T105108.A_Elmo.B_ST.SCP_01,159,A5,-0.5341847137542975,-1.0,-0.46581528624570245,0.1370850785332174,-1,-1,0,0,0
20210715T105108.A_Elmo.B_ST.SCP_01,160,A5,-0.29750778508930215,0.13994813237310116,0.4374559174624033,0.35430341824516004,-1,1,1,0,0
20210716T103652.A_Elmo.B_KN.SCP_01,1,A1,-1.0,0.6982031016041851,1.698203101604185,-0.13634028329635442,-1,1,1,1,1
20210716T103652.A_Elmo.B_KN.SCP_01,2,A1,-0.6971254576401552,0.7014846760866265,1.3986101337267818,0.4417696596925654,-1,1,1,1,0
20210716T103652.A_Elmo.B_KN.SCP_01,3,A1,-1.0,0.1987893783642476,1.1987893783642476,0.022778228313371156,-1,1,1,1,1
20210716T103652.A_Elmo.B_KN.SCP_01,4,A1,1.0,1.0,0.0,0.32800018709580014,1,1,0,1,0
20210716T103652.A_Elmo.B_KN.SCP_01,5,A1,-1.0,-0.22289433630325775,0.7771056636967423,0.06554932816639336,-1,-1,0,1,1
20210716T103652.A_Elmo.B_KN.SCP_01,6,A1,-1.0,-0.3171856576158924,0.6828143423841075,0.19333673406923085,-1,-1,0,1,1
20210716T103652.A_Elmo.B_KN.SCP_01,7,A1,-1.0,0.04760168452447593,1.047601684524476,-0.084954455642649,-1,1,1,1,1
20210716T103652.A_Elmo.B_KN.SCP_01,8,A1,-1.0,-1.0,0.0,0.6377506979755455,-1,-1,0,1,1
20210716T103652.A_Elmo.B_KN.SCP_01,9,A1,-1.0,-0.11517445923113179,0.8848255407688682,-0.02920823577498091,-1,-1,0,1,1
20210716T103652.A_Elmo.B_KN.SCP_01,10,A1,-0.9204239195304998,-0.8580047284480693,0.06241919108243055,0.15198474034122078,-1,-1,0,1,1
20210716T103652.A_Elmo.B_KN.SCP_01,11,A1,-1.0,0.02750275028711613,1.0275027502871161,0.19900126679479668,-1,1,1,1,1
20210716T103652.A_Elmo.B_KN.SCP_01,12,A1,1.0,-0.27062877948228214,-1.2706287794822821,-0.17709682602573923,1,-1,1,1,1
20210716T103652.A_Elmo.B_KN.SCP_01,13,A1,-1.0,-0.22410421243763787,0.7758957875623621,0.09809284877393624,-1,-1,0,1,1
20210716T103652.A_Elmo.B_KN.SCP_01,14,A1,-1.0,-0.3584289014973139,0.6415710985026861,-0.11113954839285503,-1,-1,0,1,1
20210716T103652.A_Elmo.B_KN.SCP_01,15,A1,-1.0,-0.0028952048666945865,0.9971047951333054,0.017439461709067332,-1,-1,0,1,1
20210716T103652.A_Elmo.B_KN.SCP_01,16,A1,-1.0,-0.27659150631614726,0.7234084936838527,0.0374584331213747,-1,-1,0,1,1
20210716T103652.A_Elmo.B_KN.SCP_01,17,A1,-1.0,-0.9169013691080926,0.08309863089190739,-0.5221884320250189,-1,-1,0,1,1
20210716T103652.A_Elmo.B_KN.SCP_01,18,A1,-0.6042909441470512,0.07582191522258279,0.680112859369634,0.16305875032841116,-1,1,1,1,1
20210716T103652.A_Elmo.B_KN.SCP_01,19,A1,-0.1659995911176502,-0.10813504684540287,0.057864544272247326,0.6543993988428844,-1,-1,0,1,1
20210716T103652.A_Elmo.B_KN.SCP_01,20,A1,-0.6459441723136872,-0.3992607166804697,0.24668345563321747,0.6985937663075426,-1,-1,0,1,1
20210716T103652.A_Elmo.B_KN.SCP_01,21,A1,-0.7051286606375401,0.1674871644590952,0.8726158250966353,-0.03407614066108559,-1,1,1,1,0
20210716T103652.A_Elmo.B_KN.SCP_01,22,A1,-0.0689381600770224,-1.0,-0.9310618399229776,0.3932066474421071,-1,-1,0,1,1
20210716T103652.A_Elmo.B_KN.SCP_01,23,A1,-0.7977338942161493,-0.21549747409543712,0.5822364201207122,0.11884434128157394,-1,-1,0,1,1
20210716T103652.A_Elmo.B_KN.SCP_01,24,A1,-1.0,-1.0,0.0,0.4475016662246683,-1,-1,0,1,1
20210716T103652.A_Elmo.B_KN.SCP_01,25,A1,-0.23234090272492566,-0.3120831217712549,-0.07974221904632925,0.08001246313334831,-1,-1,0,1,0
20210716T103652.A_Elmo.B_KN.SCP_01,26,A1,-0.6906708979300717,-0.42638837070676866,0.2642825272233031,0.11974124754993197,-1,-1,0,1,1
20210716T103652.A_Elmo.B_KN.SCP_01,27,A1,-0.24890786061757803,0.2828854264163371,0.5317932870339152,-0.06934366899449317,-1,1,1,1,0
20210716T103652.A_Elmo.B_KN.SCP_01,28,A1,-0.6298400321142046,-0.01747842251491969,0.6123616095992849,0.5386642619845573,-1,-1,0,1,1
20210716T103652.A_Elmo.B_KN.SCP_01,29,A1,-0.9325976111387068,0.06449573687454616,0.9970933480132529,-0.41844467720884054,-1,1,1,1,1
20210716T103652.A_Elmo.B_KN.SCP_01,30,A1,-1.0,-0.8560017928306913,0.14399820716930867,-0.36797901001101696,-1,-1,0,1,1
20210716T103652.A_Elmo.B_KN.SCP_01,31,A1,0.012204341112221694,-1.0,-1.0122043411122217,-0.1864397436950977,1,-1,1,1,1
20210716T103652.A_Elmo.B_KN.SCP_01,32,A1,1.0,0.9254633054847253,-0.07453669451527467,0.3626555684435485,1,1,0,1,1
20210716T103652.A_Elmo.B_KN.SCP_01,33,A2,-1.0,-0.5631680658607946,0.4368319341392054,-0.07880672308126214,-1,-1,0,1,1
20210716T103652.A_Elmo.B_KN.SCP_01,34,A2,0.041404539340691264,0.0314673493499303,-0.009937189990760965,-0.29678147402210414,1,1,0,1,1
20210716T103652.A_Elmo.B_KN.SCP_01,35,A2,-0.7759211502644725,-0.48462081923343947,0.29130033103103303,-0.27926896043980387,-1,-1,0,1,0
20210716T103652.A_Elmo.B_KN.SCP_01,36,A2,0.11544741433025525,-0.1794245471162931,-0.29487196144654837,0.050651679543866714,1,-1,1,1,1
20210716T103652.A_Elmo.B_KN.SCP_01,37,A2,1.0,-0.1710451777325261,-1.1710451777325261,-0.17946312843422438,1,-1,1,1,0
20210716T103652.A_Elmo.B_KN.SCP_01,38,A2,-1.0,-1.0,0.0,0.10016936483283238,-1,-1,0,0,0
20210716T103652.A_Elmo.B_KN.SCP_01,39,A2,-0.356379977718151,-0.22885119003651772,0.12752878768163328,0.09374648089830587,-1,-1,0,1,1
20210716T103652.A_Elmo.B_KN.SCP_01,40,A2,-0.27871582042454635,-0.49079250000992897,-0.21207667958538262,-0.0898610525107348,-1,-1,0,0,0
20210716T103652.A_Elmo.B_KN.SCP_01,41,A2,1.0,0.1015246371378935,-0.8984753628621065,-0.06197197673480475,1,1,0,1,1
20210716T103652.A_Elmo.B_KN.SCP_01,42,A2,-1.0,1.0,2.0,-0.04895717086261177,-1,1,1,0,0
20210716T103652.A_Elmo.B_KN.SCP_01,43,A2,-0.628400637407711,-0.03229313549057476,0.5961075019171362,0.4615790875496741,-1,-1,0,1,1
20210716T103652.A_Elmo.B_KN.SCP_01,44,A2,-0.9079497736980009,-0.8559475992049315,0.05200217449306943,0.1042026764899567,-1,-1,0,1,0
20210716T103652.A_Elmo.B_KN.SCP_01,45,A2,1.0,0.5665129967061329,-0.43348700329386713,-0.04539734536994198,1,1,0,0,0
20210716T103652.A_Elmo.B_KN.SCP_01,46,A2,-0.8375369995078153,-1.0,-0.16246300049218465,0.03664220752719426,-1,-1,0,1,1
20210716T103652.A_Elmo.B_KN.SCP_01,47,A2,0.2977360994980226,-1.0,-1.2977360994980227,0.06262306278089327,1,-1,1,0,0
20210716T103652.A_Elmo.B_KN.SCP_01,48,A2,-0.1480565064115752,-0.005086445668047731,0.14297006074352747,0.06868334286021797,-1,-1,0,0,1
20210716T103652.A_Elmo.B_KN.SCP_01,49,A2,-1.0,-0.6075253164482353,0.39247468355176474,0.435411411124165,-1,-1,0,1,1
20210716T103652.A_Elmo.B_KN.SCP_01,50,A2,0.28014530361489964,0.020663247913104876,-0.2594820557017948,0.06781213981805495,1,1,0,1,1
20210716T103652.A_Elmo.B_KN.SCP_01,51,A2,0.4573907546066591,0.25780341815807983,-0.1995873364485793,0.15390807638652115,1,1,0,1,1
20210716T103652.A_Elmo.B_KN.SCP_01,52,A2,-0.4796046010399193,-0.45302276321954715,0.026581837820372156,0.1881549446288704,-1,-1,0,1,1
20210716T103652.A_Elmo.B_KN.SCP_01,53,A2,-0.06495233631853499,-0.5365842367554624,-0.47163190043692743,-0.13992662494929156,-1,-1,0,1,0
20210716T103652.A_Elmo.B_KN.SCP_01,54,A2,0.0899545308393966,0.0193808065477602,-0.0705737242916364,-0.21384632210868695,1,1,0,1,1
20210716T103652.A_Elmo.B_KN.SCP_01,55,A2,-0.17774405902702134,-0.1353892473104255,0.04235481171659583,0.2081368637196345,-1,-1,0,1,1
20210716T103652.A_Elmo.B_KN.SCP_01,56,A2,0.017685271334881476,-0.005897126227760684,-0.02358239756264216,0.0637534689542102,1,-1,1,1,1
20210716T103652.A_Elmo.B_KN.SCP_01,57,A2,-0.9706387012409811,-0.7096379570365178,0.2610007442044633,-0.15908186655593984,-1,-1,0,1,0
20210716T103652.A_Elmo.B_KN.SCP_01,58,A2,-0.7169473351643227,-0.6042015330327634,0.11274580213155938,0.14960055109092268,-1,-1,0,0,0
20210716T103652.A_Elmo.B_KN.SCP_01,59,A2,0.05757286342104347,-0.06332269200583333,-0.1208955554268768,0.12415150143832931,1,-1,1,1,0
20210716T103652.A_Elmo.B_KN.SCP_01,60,A2,-0.0352898828157413,1.0,1.0352898828157413,-0.4524255135525199,-1,1,1,0,0
20210716T103652.A_Elmo.B_KN.SCP_01,61,A2,-1.0,-1.0,0.0,0.37129402212120205,-1,-1,0,0,0
20210716T103652.A_Elmo.B_KN.SCP_01,62,A2,0.3797724842066886,0.1611095373097366,-0.21866294689695198,0.4258582797761123,1,1,0,0,0
20210716T103652.A_Elmo.B_KN.SCP_01,63,A2,-1.0,-0.9413251150324248,0.058674884967575225,0.18932999188614388,-1,-1,0,1,1
20210716T103652.A_Elmo.B_KN.SCP_01,64,A2,-1.0,0.06254877643451205,1.062548776434512,-0.18413744092543924,-1,1,1,1,1
20210716T103652.A_Elmo.B_KN.SCP_01,65,A3,1.0,-0.5600764394554439,-1.560076439455444,0.0035166679609803094,1,-1,1,0,0
20210716T103652.A_Elmo.B_KN.SCP_01,66,A3,-1.0,0.056509688132277115,1.056509688132277,-0.028625917634789364,-1,1,1,0,0
20210716T103652.A_Elmo.B_KN.SCP_01,67,A3,-0.1293219185147688,0.33630910040968737,0.46563101892445613,0.24688504003195882,-1,1,1,1,0
20210716T103652.A_Elmo.B_KN.SCP_01,68,A3,-0.8351156963574192,-0.21221464957951122,0.622901046777908,0.10246483713554731,-1,-1,0,0,1
20210716T103652.A_Elmo.B_KN.SCP_01,69,A3,-0.26533652214348596,0.5208685229797969,0.7862050451232829,-0.30022769165085694,-1,1,1,0,0
20210716T103652.A_Elmo.B_KN.SCP_01,70,A3,-0.2373407165831617,-1.0,-0.7626592834168383,0.06668800031399112,-1,-1,0,0,0
20210716T103652.A_Elmo.B_KN.SCP_01,71,A3,-0.4405284973495878,0.7104105176534546,1.1509390150030425,0.10186072229606673,-1,1,1,0,0
20210716T103652.A_Elmo.B_KN.SCP_01,72,A3,0.49742259213140794,0.19526665109689198,-0.30215594103451593,0.21695014303183324,1,1,0,0,0
20210716T103652.A_Elmo.B_KN.SCP_01,73,A3,0.0700115472538228,0.7586070365088219,0.688595489254999,-0.23877877048229182,1,1,0,0,0
20210716T103652.A_Elmo.B_KN.SCP_01,74,A3,-1.0,-0.8971271027222975,0.10287289727770255,-0.13693740317292752,-1,-1,0,0,0
20210716T103652.A_Elmo.B_KN.SCP_01,75,A3,-1.0,-1.0,0.0,0.17448819878443605,-1,-1,0,0,1
20210716T103652.A_Elmo.B_KN.SCP_01,76,A3,-1.0,1.0,2.0,0.6338921846976716,-1,1,1,1,1
20210716T103652.A_Elmo.B_KN.SCP_01,77,A3,-1.0,-1.0,0.0,-0.005821741363409104,-1,-1,0,0,1
20210716T103652.A_Elmo.B_KN.SCP_01,78,A3,1.0,-0.21024896737462215,-1.2102489673746222,-0.26306487144395224,1,-1,1,0,1
20210716T103652.A_Elmo.B_KN.SCP_01,79,A3,1.0,-1.0,-2.0,0.026220478070557867,1,-1,1,0,1
20210716T103652.A_Elmo.B_KN.SCP_01,80,A3,1.0,0.019136450162568062,-0.980863549837432,0.06932017369714841,1,1,0,0,0
20210716T103652.A_Elmo.B_KN.SCP_01,81,A3,-0.2500189182840219,-0.6242677848269094,-0.37424886654288747,-0.05191152296041011,-1,-1,0,0,1
20210716T103652.A_Elmo.B_KN.SCP_01,82,A3,-0.5136119705354378,-0.4162611722206694,0.09735079831476845,0.0935617970544467,-1,-1,0,0,1
20210716T103652.A_Elmo.B_KN.SCP_01,83,A3,0.10301336106073457,-0.032662782181029394,-0.13567614324176397,0.08958719422896029,1,-1,1,0,1
20210716T103652.A_Elmo.B_KN.SCP_01,84,A3,-1.0,0.08513204560914756,1.0851320456091476,0.11305899173602427,-1,1,1,0,0
20210716T103652.A_Elmo.B_KN.SCP_01,85,A3,1.0,1.0,0.0,-0.1942042398403625,1,1,0,0,0
20210716T103652.A_Elmo.B_KN.SCP_01,86,A3,-1.0,0.19310938464869204,1.193109384648692,0.06350376542315377,-1,1,1,0,0
20210716T103652.A_Elmo.B_KN.SCP_01,87,A3,-1.0,-1.0,0.0,-0.005563563519182159,-1,-1,0,0,0
20210716T103652.A_Elmo.B_KN.SCP_01,88,A3,0.37789654703261205,0.2368272511372534,-0.14106929589535866,0.16626834506691127,1,1,0,1,1
20210716T103652.A_Elmo.B_KN.SCP_01,89,A3,1.0,0.5273352625771275,-0.4726647374228725,0.1146178932224097,1,1,0,0,0
20210716T103652.A_Elmo.B_KN.SCP_01,90,A3,1.0,0.2816256296782001,-0.7183743703218,0.10763416204971231,1,1,0,0,1
20210716T103652.A_Elmo.B_KN.SCP_01,91,A3,-0.09382737513638423,-0.018494403460777728,0.0753329716756065,0.029059578464718138,-1,-1,0,0,0
20210716T103652.A_Elmo.B_KN.SCP_01,92,A3,-1.0,-1.0,0.0,-0.29743097884448066,-1,-1,0,0,0
20210716T103652.A_Elmo.B_KN.SCP_01,93,A3,1.0,0.17970365179114953,-0.8202963482088504,-0.14800541332427292,1,1,0,0,0
20210716T103652.A_Elmo.B_KN.SCP_01,94,A3,-1.0,0.6864657529299365,1.6864657529299365,-0.5569668015965638,-1,1,1,0,0
20210716T103652.A_Elmo.B_KN.SCP_01,95,A3,-1.0,-1.0,0.0,0.1551992818369384,-1,-1,0,0,0
20210716T103652.A_Elmo.B_KN.SCP_01,96,A3,0.29998067156369695,0.14710058798088982,-0.15288008358280714,0.24377440615903337,1,1,0,0,0
20210716T103652.A_Elmo.B_KN.SCP_01,97,A4,1.0,-0.4293140681335808,-1.4293140681335808,0.2736105724898046,1,-1,1,0,0
20210716T103652.A_Elmo.B_KN.SCP_01,98,A4,-1.0,0.7242061448953053,1.7242061448953052,0.14825711713320547,-1,1,1,0,0
20210716T103652.A_Elmo.B_KN.SCP_01,99,A4,-1.0,0.3635422812314779,1.363542281231478,0.3207373095438372,-1,1,1,1,1
20210716T103652.A_Elmo.B_KN.SCP_01,100,A4,0.06459560723492193,-0.5388826065140014,-0.6034782137489234,-0.6077101151709747,1,-1,1,0,0
20210716T103652.A_Elmo.B_KN.SCP_01,101,A4,-1.0,0.04675690304202037,1.0467569030420203,-0.19399041513555526,-1,1,1,0,0
20210716T103652.A_Elmo.B_KN.SCP_01,102,A4,-0.9919052477887104,-0.4710397471296807,0.5208655006590297,-0.2313731498356541,-1,-1,0,1,0
20210716T103652.A_Elmo.B_KN.SCP_01,103,A4,-0.13231620389118792,-0.49811121792851015,-0.36579501403732223,0.16597768233404156,-1,-1,0,0,0
20210716T103652.A_Elmo.B_KN.SCP_01,104,A4,-1.0,-0.7891492114459965,0.21085078855400352,-0.30632196304949727,-1,-1,0,0,0
20210716T103652.A_Elmo.B_KN.SCP_01,105,A4,-1.0,-1.0,0.0,0.06411397831442461,-1,-1,0,0,0
20210716T103652.A_Elmo.B_KN.SCP_01,106,A4,1.0,-0.052702909205398864,-1.0527029092053988,-0.5514410233475281,1,-1,1,0,0
20210716T103652.A_Elmo.B_KN.SCP_01,107,A4,-0.47106573290895964,-1.0,-0.5289342670910404,0.00876628124323143,-1,-1,0,0,0
20210716T103652.A_Elmo.B_KN.SCP_01,108,A4,-0.8597743581859613,1.0,1.8597743581859612,0.04506772090514467,-1,1,1,0,0
20210716T103652.A_Elmo.B_KN.SCP_01,109,A4,-1.0,0.2562020455461251,1.2562020455461251,-0.2444923764330307,-1,1,1,0,0
20210716T103652.A_Elmo.B_KN.SCP_01,110,A4,-0.05134715024035073,0.2109706646259844,0.26231781486633515,0.1866245430345264,-1,1,1,0,0
20210716T103652.A_Elmo.B_KN.SCP_01,111,A4,-1.0,0.012273460101407094,1.0122734601014072,-0.04241358004820035,-1,1,1,0,0
20210716T103652.A_Elmo.B_KN.SCP_01,112,A4,-0.6682347211416001,1.0,1.6682347211416002,0.023146113808348825,-1,1,1,0,0
20210716T103652.A_Elmo.B_KN.SCP_01,113,A4,-0.2355436385276628,0.17131256554955465,0.40685620407721745,0.14474600130355697,-1,1,1,1,1
20210716T103652.A_Elmo.B_KN.SCP_01,114,A4,-0.614886914359622,1.0,1.614886914359622,0.15339410395595202,-1,1,1,0,0
20210716T103652.A_Elmo.B_KN.SCP_01,115,A4,-0.10245097599303966,-0.039328319533522324,0.06312265645951734,0.046619298628883754,-1,-1,0,1,0
20210716T103652.A_Elmo.B_KN.SCP_01,116,A4,-0.30999558742675337,-1.0,-0.6900044125732466,-0.07637849035594371,-1,-1,0,0,1
20210716T103652.A_Elmo.B_KN.SCP_01,117,A4,0.034373396929780364,0.01690661581459519,-0.017466781115185175,-0.27996049310589544,1,1,0,1,1
20210716T103652.A_Elmo.B_KN.SCP_01,118,A4,0.5590305286267871,1.0,0.44096947137321285,-0.09150873955782793,1,1,0,0,0
20210716T103652.A_Elmo.B_KN.SCP_01,119,A4,0.06888276153967127,0.03827373673281197,-0.0306090248068593,-0.27352334643773873,1,1,0,1,0
20210716T103652.A_Elmo.B_KN.SCP_01,120,A4,0.06358185057600223,-0.20630968020710483,-0.26989153078310707,0.3593165121790414,1,-1,1,0,0
20210716T103652.A_Elmo.B_KN.SCP_01,121,A4,-1.0,1.0,2.0,0.05748524508829881,-1,1,1,0,0
20210716T103652.A_Elmo.B_KN.SCP_01,122,A4,-1.0,-1.0,0.0,-0.1707396742586911,-1,-1,0,0,0
20210716T103652.A_Elmo.B_KN.SCP_01,123,A4,0.15494811996641067,1.0,0.8450518800335893,-0.25152909450975397,1,1,0,0,1
20210716T103652.A_Elmo.B_KN.SCP_01,124,A4,-0.07736702806236438,-0.25698354894609315,-0.17961652088372876,0.10969090103624363,-1,-1,0,0,0
20210716T103652.A_Elmo.B_KN.SCP_01,125,A4,1.0,1.0,0.0,-0.2641080545558461,1,1,0,0,0
20210716T103652.A_Elmo.B_KN.SCP_01,126,A4,1.0,-0.38642684935434135,-1.3864268493543412,0.19698192880301083,1,-1,1,0,0
20210716T103652.A_Elmo.B_KN.SCP_01,127,A4,-0.4532413595027953,-1.0,-0.5467586404972047,-0.3021474973883132,-1,-1,0,0,1
20210716T103652.A_Elmo.B_KN.SCP_01,128,A4,0.8677060541951493,0.3227638004829304,-0.5449422537122189,0.1906008340517231,1,1,0,0,0
20210716T103652.A_Elmo.B_KN.SCP_01,129,A5,0.048680077570680186,-1.0,-1.0486800775706802,0.22787524763129194,1,-1,1,1,0
20210716T103652.A_Elmo.B_KN.SCP_01,130,A5,-1.0,0.016098571880583477,1.0160985718805835,0.024610738050987967,-1,1,1,0,0
20210716T103652.A_Elmo.B_KN.SCP_01,131,A5,0.008948076475711964,-1.0,-1.008948076475712,0.1600414864864553,1,-1,1,1,0
20210716T103652.A_Elmo.B_KN.SCP_01,132,A5,-0.4705010923054009,-1.0,-0.5294989076945991,0.3065652591416254,-1,-1,0,0,0
20210716T103652.A_Elmo.B_KN.SCP_01,133,A5,-0.5522922221902664,-0.6006245992732699,-0.04833237708300353,0.2207143483425117,-1,-1,0,1,1
20210716T103652.A_Elmo.B_KN.SCP_01,134,A5,-0.6247962211162523,-0.19645775350239228,0.4283384676138601,-0.07676286853511495,-1,-1,0,1,1
20210716T103652.A_Elmo.B_KN.SCP_01,135,A5,-0.7427608740959466,-1.0,-0.2572391259040534,0.08180793499929055,-1,-1,0,1,1
20210716T103652.A_Elmo.B_KN.SCP_01,136,A5,-0.09516277656916229,0.4887136589188139,0.5838764354879762,0.34812609184777943,-1,1,1,1,1
20210716T103652.A_Elmo.B_KN.SCP_01,137,A5,-0.4340048057975726,0.8017173540780628,1.2357221598756354,-0.12905314210987828,-1,1,1,0,0
20210716T103652.A_Elmo.B_KN.SCP_01,138,A5,-0.3630741427639031,0.12933458279771876,0.49240872556162185,0.13704539813006034,-1,1,1,0,0
20210716T103652.A_Elmo.B_KN.SCP_01,139,A5,0.1950477205946439,-0.19767070330502365,-0.39271842389966755,-0.25373992985173915,1,-1,1,0,0
20210716T103652.A_Elmo.B_KN.SCP_01,140,A5,-1.0,0.42685492153575755,1.4268549215357575,-0.2690596702441872,-1,1,1,0,0
20210716T103652.A_Elmo.B_KN.SCP_01,141,A5,-0.5393868786718446,-0.8444575818292843,-0.30507070315743967,-0.2406464402542704,-1,-1,0,0,0
20210716T103652.A_Elmo.B_KN.SCP_01,142,A5,-1.0,0.03616919213063606,1.036169192130636,0.048539125711041554,-1,1,1,0,0
20210716T103652.A_Elmo.B_KN.SCP_01,143,A5,-1.0,-0.628339813633312,0.37166018636668796,0.5341652981513012,-1,-1,0,0,0
20210716T103652.A_Elmo.B_KN.SCP_01,144,A5,-1.0,1.0,2.0,0.24502679397840174,-1,1,1,0,0
20210716T103652.A_Elmo.B_KN.SCP_01,145,A5,-0.34350569398044595,-0.39118501813282086,-0.04767932415237491,0.788058366944107,-1,-1,0,1,1
20210716T103652.A_Elmo.B_KN.SCP_01,146,A5,0.25945363153751755,1.0,0.7405463684624825,0.256941701472655,1,1,0,1,0
20210716T103652.A_Elmo.B_KN.SCP_01,147,A5,-0.808986343603721,0.12363533269365816,0.9326216762973791,-0.22024576199162385,-1,1,1,1,1
20210716T103652.A_Elmo.B_KN.SCP_01,148,A5,-1.0,-0.41086514628506376,0.5891348537149362,0.04003461792960067,-1,-1,0,0,0
20210716T103652.A_Elmo.B_KN.SCP_01,149,A5,-0.48891095870934814,-0.18133336827907168,0.30757759043027644,-0.11036969308646975,-1,-1,0,1,0
20210716T103652.A_Elmo.B_KN.SCP_01,150,A5,-0.28374817767548116,-1.0,-0.7162518223245189,-0.3884017834738081,-1,-1,0,0,0
20210716T103652.A_Elmo.B_KN.SCP_01,151,A5,-0.41569687389572946,-0.7338042098850707,-0.3181073359893412,-0.019634557087257084,-1,-1,0,0,0
20210716T103652.A_Elmo.B_KN.SCP_01,152,A5,0.4991309856597613,-0.6251095264293932,-1.1242405120891545,-0.13694666811182488,1,-1,1,0,0
20210716T103652.A_Elmo.B_KN.SCP_01,153,A5,-0.20452699003062932,-1.0,-0.7954730099693706,-0.010754489413752314,-1,-1,0,1,0
20210716T103652.A_Elmo.B_KN.SCP_01,154,A5,-1.0,-1.0,0.0,0.20646553541191193,-1,-1,0,0,0
20210716T103652.A_Elmo.B_KN.SCP_01,155,A5,-1.0,-0.5791995892722376,0.4208004107277624,-0.0184579302360808,-1,-1,0,0,0
20210716T103652.A_Elmo.B_KN.SCP_01,156,A5,-0.7379201227719676,-0.5694516564723103,0.16846846629965728,0.1667500276472474,-1,-1,0,0,1
20210716T103652.A_Elmo.B_KN.SCP_01,157,A5,-0.16660951910169455,-1.0,-0.8333904808983055,-0.14708290715373593,-1,-1,0,0,0
20210716T103652.A_Elmo.B_KN.SCP_01,158,A5,0.13622248759297184,0.4194830483401266,0.2832605607471548,0.07122300900813253,1,1,0,0,0
20210716T103652.A_Elmo.B_KN.SCP_01,159,A5,-0.34942502317897245,0.48329652674059215,0.8327215499195646,-0.02524008973412209,-1,1,1,1,1
20210716T103652.A_Elmo.B_KN.SCP_01,160,A5,-0.5907488868829917,-0.13306419008625706,0.4576846967967346,0.14820423888270684,-1,-1,0,0,0
20210828T135335.A_Elmo.B_KN.SCP_01,1,A1,-0.8478404628027499,0.5477712110731227,1.3956116738758726,-0.2668384043425991,-1,1,1,0,1
20210828T135335.A_Elmo.B_KN.SCP_01,2,A1,0.1675507955773027,0.051717806525008944,-0.11583298905229376,0.09824087585768827,1,1,0,0,0
20210828T135335.A_Elmo.B_KN.SCP_01,3,A1,0.35698656945756196,0.40773172668512314,0.05074515722756118,0.105249181366901,1,1,0,0,1
20210828T135335.A_Elmo.B_KN.SCP_01,4,A1,1.0,1.0,0.0,0.25446987489260203,1,1,0,1,1
20210828T135335.A_Elmo.B_KN.SCP_01,5,A1,-0.20694493569539307,-0.2983590817870277,-0.09141414609163462,-0.027728793607044427,-1,-1,0,1,1
20210828T135335.A_Elmo.B_KN.SCP_01,6,A1,-1.0,0.22426361213333748,1.2242636121333375,-0.20541784564755908,-1,1,1,1,0
20210828T135335.A_Elmo.B_KN.SCP_01,7,A1,-0.8765450220395208,0.769907044427091,1.6464520664666118,-0.20348450690490946,-1,1,1,0,0
20210828T135335.A_Elmo.B_KN.SCP_01,8,A1,-1.0,-0.7261405531999254,0.27385944680007457,0.6287685883493429,-1,-1,0,1,1
20210828T135335.A_Elmo.B_KN.SCP_01,9,A1,-0.3246941509127647,-0.6719550918633915,-0.3472609409506268,-0.13276625388964902,-1,-1,0,1,1
20210828T135335.A_Elmo.B_KN.SCP_01,10,A1,0.008760548975305807,0.08737703055189125,0.07861648157658545,-0.29774947710372524,1,1,0,1,1
20210828T135335.A_Elmo.B_KN.SCP_01,11,A1,0.4324133449151641,-0.03761112082590065,-0.4700244657410647,0.022057821149605084,1,-1,1,1,1
20210828T135335.A_Elmo.B_KN.SCP_01,12,A1,0.2826797613772448,-0.4239311036942863,-0.7066108650715311,-0.378349653881041,1,-1,1,1,1
20210828T135335.A_Elmo.B_KN.SCP_01,13,A1,1.0,-0.2208144743147462,-1.2208144743147462,0.3521654425086789,1,-1,1,1,1
20210828T135335.A_Elmo.B_KN.SCP_01,14,A1,-0.18449547608187325,-0.03136127189278657,0.1531342041890867,-0.22642527715210528,-1,-1,0,1,1
20210828T135335.A_Elmo.B_KN.SCP_01,15,A1,1.0,0.4338076507048832,-0.5661923492951169,0.38580919235653555,1,1,0,1,0
20210828T135335.A_Elmo.B_KN.SCP_01,16,A1,-0.06602243924305869,-0.1493470940019068,-0.08332465475884811,0.3801057656439533,-1,-1,0,1,1
20210828T135335.A_Elmo.B_KN.SCP_01,17,A1,-0.5976225501097675,-0.2364344170562651,0.3611881330535024,0.17258320705548996,-1,-1,0,0,1
20210828T135335.A_Elmo.B_KN.SCP_01,18,A1,-1.0,-0.9622612338984466,0.037738766101553356,-0.13137400440063138,-1,-1,0,1,1
20210828T135335.A_Elmo.B_KN.SCP_01,19,A1,-1.0,-1.0,0.0,0.3450661352714497,-1,-1,0,0,1
20210828T135335.A_Elmo.B_KN.SCP_01,20,A1,-0.4665182395207597,-0.2159265598340394,0.2505916796867203,0.6687710795142336,-1,-1,0,1,1
20210828T135335.A_Elmo.B_KN.SCP_01,21,A1,-1.0,-1.0,0.0,0.2106045965510074,-1,-1,0,0,0
20210828T135335.A_Elmo.B_KN.SCP_01,22,A1,-1.0,-0.4079836746547133,0.5920163253452867,-0.1761020897503556,-1,-1,0,0,0
20210828T135335.A_Elmo.B_KN.SCP_01,23,A1,0.036480887826315526,-0.07357078536411957,-0.1100516731904351,-0.18247900614323861,1,-1,1,1,1
20210828T135335.A_Elmo.B_KN.SCP_01,24,A1,-1.0,-1.0,0.0,0.3692196559214446,-1,-1,0,1,1
20210828T135335.A_Elmo.B_KN.SCP_01,25,A1,-0.6894706182102888,0.22388921585887075,0.9133598340691595,-0.15317328995297733,-1,1,1,1,0
20210828T135335.A_Elmo.B_KN.SCP_01,26,A1,-1.0,-0.8840254319130366,0.11597456808696338,-0.04906377531047645,-1,-1,0,1,1
20210828T135335.A_Elmo.B_KN.SCP_01,27,A1,1.0,-0.152750222089341,-1.152750222089341,-0.06938133895014602,1,-1,1,1,0
20210828T135335.A_Elmo.B_KN.SCP_01,28,A1,0.1800470386440885,-0.061300548711809386,-0.2413475873558979,0.2841934942954538,1,-1,1,1,1
20210828T135335.A_Elmo.B_KN.SCP_01,29,A1,-0.19266177519057362,0.02050136753676636,0.21316314272734,-0.3601768899318154,-1,1,1,1,1
20210828T135335.A_Elmo.B_KN.SCP_01,30,A1,-0.8290497178443488,-0.3086905372308389,0.5203591806135099,-0.21335635870191477,-1,-1,0,0,1
20210828T135335.A_Elmo.B_KN.SCP_01,31,A1,-0.7331368317796446,-0.12235156925890184,0.6107852625207428,-0.05518574503744184,-1,-1,0,1,1
20210828T135335.A_Elmo.B_KN.SCP_01,32,A1,1.0,1.0,0.0,0.04079805097822346,1,1,0,1,1
20210828T135335.A_Elmo.B_KN.SCP_01,33,A2,-0.9566996336227148,0.33412218272796557,1.2908218163506804,-0.16591464722001448,-1,1,1,1,1
20210828T135335.A_Elmo.B_KN.SCP_01,34,A2,-0.6175863273078487,-0.0775803513127889,0.5400059759950597,0.1998094664625204,-1,-1,0,1,0
20210828T135335.A_Elmo.B_KN.SCP_01,35,A2,-1.0,-0.9631938009981964,0.0368061990018036,0.024745070175175857,-1,-1,0,0,1
20210828T135335.A_Elmo.B_KN.SCP_01,36,A2,0.7119052433615214,-0.06729519647730614,-0.7792004398388275,-0.1273661223706429,1,-1,1,1,1
20210828T135335.A_Elmo.B_KN.SCP_01,37,A2,0.06441460539916281,0.435120503474796,0.3707058980756332,0.2868485771416854,1,1,0,0,0
20210828T135335.A_Elmo.B_KN.SCP_01,38,A2,-0.5160073025327984,-0.2863442878503078,0.22966301468249056,0.06936260510997863,-1,-1,0,1,1
20210828T135335.A_Elmo.B_KN.SCP_01,39,A2,-0.5985519962945096,0.037202203060039685,0.6357541993545492,-0.3317759086783287,-1,1,1,1,1
20210828T135335.A_Elmo.B_KN.SCP_01,40,A2,-1.0,0.2430089201529837,1.2430089201529837,0.017811266756529123,-1,1,1,0,0
20210828T135335.A_Elmo.B_KN.SCP_01,41,A2,0.16521563956942448,0.9482893184561885,0.783073678886764,0.04166614907919912,1,1,0,1,1
20210828T135335.A_Elmo.B_KN.SCP_01,42,A2,-0.30219030891905313,-1.0,-0.6978096910809468,-0.08693687612754664,-1,-1,0,1,1
20210828T135335.A_Elmo.B_KN.SCP_01,43,A2,-0.5016046249157821,0.04836703384947741,0.5499716587652594,0.514352436890797,-1,1,1,1,1
20210828T135335.A_Elmo.B_KN.SCP_01,44,A2,-1.0,-0.7642338070434032,0.23576619295659684,-0.08759497854479506,-1,-1,0,0,0
20210828T135335.A_Elmo.B_KN.SCP_01,45,A2,-1.0,-0.04420569030614113,0.9557943096938588,-0.11918916715229293,-1,-1,0,0,0
20210828T135335.A_Elmo.B_KN.SCP_01,46,A2,-0.12871199014911505,-1.0,-0.871288009850885,0.00943655046874866,-1,-1,0,1,1
20210828T135335.A_Elmo.B_KN.SCP_01,47,A2,-1.0,-1.0,0.0,0.10356977752491747,-1,-1,0,0,0
20210828T135335.A_Elmo.B_KN.SCP_01,48,A2,-1.0,1.0,2.0,-0.37123458447649715,-1,1,1,0,1
20210828T135335.A_Elmo.B_KN.SCP_01,49,A2,-1.0,-0.16722236964057421,0.8327776303594258,0.09355662216503922,-1,-1,0,1,1
20210828T135335.A_Elmo.B_KN.SCP_01,50,A2,1.0,-0.6088094607158764,-1.6088094607158765,0.3037533706421904,1,-1,1,1,1
20210828T135335.A_Elmo.B_KN.SCP_01,51,A2,-1.0,-0.0004071037922081308,0.9995928962077919,-0.011733897787380694,-1,-1,0,1,1
20210828T135335.A_Elmo.B_KN.SCP_01,52,A2,-0.4582048925019147,-0.04539230546033559,0.41281258704157914,-0.2301054080378428,-1,-1,0,1,1
20210828T135335.A_Elmo.B_KN.SCP_01,53,A2,-1.0,-0.11463427842204259,0.8853657215779575,0.1506158812617474,-1,-1,0,0,0
20210828T135335.A_Elmo.B_KN.SCP_01,54,A2,-0.1781111778124816,-0.06667134043359055,0.11143983737889104,0.4137849942263775,-1,-1,0,1,1
20210828T135335.A_Elmo.B_KN.SCP_01,55,A2,-0.8032343055968522,-0.010348040610875664,0.7928862649859765,-0.16439750435720488,-1,-1,0,1,1
20210828T135335.A_Elmo.B_KN.SCP_01,56,A2,-0.8855463553510642,-0.223212037544908,0.6623343178061561,0.1277938255341993,-1,-1,0,1,1
20210828T135335.A_Elmo.B_KN.SCP_01,57,A2,-1.0,-0.031102584023036055,0.968897415976964,0.03297675974455796,-1,-1,0,1,1
20210828T135335.A_Elmo.B_KN.SCP_01,58,A2,0.4862116025631733,-0.796572753234145,-1.2827843557973182,-0.1217964576903271,1,-1,1,0,0
20210828T135335.A_Elmo.B_KN.SCP_01,59,A2,-0.6760572072818909,-0.24209668680273874,0.4339605204791521,0.26840697227676247,-1,-1,0,1,0
20210828T135335.A_Elmo.B_KN.SCP_01,60,A2,-1.0,-1.0,0.0,-0.13737009840886213,-1,-1,0,0,1
20210828T135335.A_Elmo.B_KN.SCP_01,61,A2,-1.0,1.0,2.0,0.07009845396059718,-1,1,1,0,0
20210828T135335.A_Elmo.B_KN.SCP_01,62,A2,-1.0,-1.0,0.0,0.14752689149942638,-1,-1,0,0,1
20210828T135335.A_Elmo.B_KN.SCP_01,63,A2,-0.9988472030227727,-0.7163747287801786,0.28247247424259414,0.13541590347020463,-1,-1,0,1,1
20210828T135335.A_Elmo.B_KN.SCP_01,64,A2,-1.0,0.48481946265119363,1.4848194626511937,0.26191577848966535,-1,1,1,0,0
20210828T135335.A_Elmo.B_KN.SCP_01,65,A3,-0.28649543800312033,1.0,1.2864954380031204,0.18962289845710956,-1,1,1,0,0
20210828T135335.A_Elmo.B_KN.SCP_01,66,A3,1.0,0.4295335066188848,-0.5704664933811152,0.11403569259522287,1,1,0,0,0
20210828T135335.A_Elmo.B_KN.SCP_01,67,A3,-0.4074907277056527,-1.0,-0.5925092722943472,0.0833843602753685,-1,-1,0,0,0
20210828T135335.A_Elmo.B_KN.SCP_01,68,A3,0.3473257240475807,-1.0,-1.3473257240475807,0.3461236870862877,1,-1,1,0,0
20210828T135335.A_Elmo.B_KN.SCP_01,69,A3,0.02433717897674744,-1.0,-1.0243371789767475,-0.1599156992634913,1,-1,1,0,0
20210828T135335.A_Elmo.B_KN.SCP_01,70,A3,-1.0,0.41919719124379584,1.419197191243796,0.08674973366211113,-1,1,1,0,0
20210828T135335.A_Elmo.B_KN.SCP_01,71,A3,0.8900062331001052,-1.0,-1.890006233100105,0.0651783255222223,1,-1,1,0,0
20210828T135335.A_Elmo.B_KN.SCP_01,72,A3,-0.76313792991172,1.0,1.76313792991172,0.10481473183054749,-1,1,1,0,0
20210828T135335.A_Elmo.B_KN.SCP_01,73,A3,-0.393435948769235,-0.19736707313317156,0.19606887563606343,-0.03790193424582103,-1,-1,0,0,0
20210828T135335.A_Elmo.B_KN.SCP_01,74,A3,-1.0,-1.0,0.0,-0.016222577009737518,-1,-1,0,0,0
20210828T135335.A_Elmo.B_KN.SCP_01,75,A3,-0.061382862994948675,1.0,1.0613828629949487,-0.14196985904255827,-1,1,1,0,0
20210828T135335.A_Elmo.B_KN.SCP_01,76,A3,-0.21942837547805,-1.0,-0.7805716245219501,-0.20403234080746518,-1,-1,0,0,0
20210828T135335.A_Elmo.B_KN.SCP_01,77,A3,-0.5056556281544073,-0.6141093523989399,-0.10845372424453259,0.062486435048275814,-1,-1,0,0,0
20210828T135335.A_Elmo.B_KN.SCP_01,78,A3,-0.03486862744791329,-0.6670042132902271,-0.6321355858423138,0.029272481270382796,-1,-1,0,0,0
20210828T135335.A_Elmo.B_KN.SCP_01,79,A3,0.24746319637244124,0.7405825817729491,0.49311938540050787,-0.4211383877495158,1,1,0,0,0
20210828T135335.A_Elmo.B_KN.SCP_01,80,A3,1.0,-1.0,-2.0,0.10749310974261184,1,-1,1,0,0
20210828T135335.A_Elmo.B_KN.SCP_01,81,A3,-0.4788557138983332,-0.01813310840115284,0.46072260549718036,-0.046304446921712164,-1,-1,0,0,0
20210828T135335.A_Elmo.B_KN.SCP_01,82,A3,-0.4162902459357287,0.5581185043802729,0.9744087503160016,-0.058627705086058406,-1,1,1,0,0
20210828T135335.A_Elmo.B_KN.SCP_01,83,A3,-1.0,0.3648640769478569,1.3648640769478568,-0.025209851231707565,-1,1,1,0,1
20210828T135335.A_Elmo.B_KN.SCP_01,84,A3,-1.0,0.28655418205494737,1.2865541820549473,0.04121135193302283,-1,1,1,0,0
20210828T135335.A_Elmo.B_KN.SCP_01,85,A3,0.04627349411478366,-0.36230694538637387,-0.4085804395011575,0.10252240778584487,1,-1,1,0,0
20210828T135335.A_Elmo.B_KN.SCP_01,86,A3,0.6160252880850385,-0.3744287703872077,-0.9904540584722462,-0.27576888203213584,1,-1,1,0,0
20210828T135335.A_Elmo.B_KN.SCP_01,87,A3,-1.0,-0.18956285128432693,0.8104371487156731,0.08268347277860068,-1,-1,0,0,0
20210828T135335.A_Elmo.B_KN.SCP_01,88,A3,0.12119439783361786,-1.0,-1.1211943978336179,0.08284142444413209,1,-1,1,0,0
20210828T135335.A_Elmo.B_KN.SCP_01,89,A3,-0.030597475708186547,0.7521951172876553,0.7827925929958418,0.09944312322198894,-1,1,1,0,0
20210828T135335.A_Elmo.B_KN.SCP_01,90,A3,0.09333921960236155,-0.17429814556397352,-0.2676373651663351,-0.02623760858765422,1,-1,1,0,0
20210828T135335.A_Elmo.B_KN.SCP_01,91,A3,-1.0,0.9856223113979227,1.9856223113979228,-0.06925467599276461,-1,1,1,0,0
20210828T135335.A_Elmo.B_KN.SCP_01,92,A3,-1.0,1.0,2.0,0.1117349685418613,-1,1,1,0,0
20210828T135335.A_Elmo.B_KN.SCP_01,93,A3,-0.6744848253885277,1.0,1.6744848253885278,-0.16819788833328492,-1,1,1,0,0
20210828T135335.A_Elmo.B_KN.SCP_01,94,A3,-0.983306400963558,-0.9228618048972319,0.06044459606632613,-0.1964809548403096,-1,-1,0,0,0
20210828T135335.A_Elmo.B_KN.SCP_01,95,A3,0.3374886650503154,-0.4015060785255573,-0.7389947435758727,-0.015290636788994496,1,-1,1,0,0
20210828T135335.A_Elmo.B_KN.SCP_01,96,A3,1.0,-0.6937343655487751,-1.693734365548775,-0.2804799125221884,1,-1,1,0,0
20210828T135335.A_Elmo.B_KN.SCP_01,97,A4,-0.4561690039953979,0.008306342520685937,0.46447534651608385,0.39581396709535926,-1,1,1,1,1
20210828T135335.A_Elmo.B_KN.SCP_01,98,A4,-1.0,1.0,2.0,0.15514408322163975,-1,1,1,0,0
20210828T135335.A_Elmo.B_KN.SCP_01,99,A4,-0.39090450196861204,-0.41036813767318947,-0.01946363570457743,0.659376114737765,-1,-1,0,1,1
20210828T135335.A_Elmo.B_KN.SCP_01,100,A4,-0.8806500017296636,0.47703876077009805,1.3576887624997616,0.34990523838023535,-1,1,1,1,1
20210828T135335.A_Elmo.B_KN.SCP_01,101,A4,-0.57927512685242,-0.12066995329846138,0.45860517355395863,0.6484225842140204,-1,-1,0,1,1
20210828T135335.A_Elmo.B_KN.SCP_01,102,A4,0.11710482453725833,-0.6414393074373317,-0.75854413197459,0.1769875349128979,1,-1,1,0,0
20210828T135335.A_Elmo.B_KN.SCP_01,103,A4,-0.20041280992551924,-0.03170071077525682,0.16871209915026242,0.41031703708473644,-1,-1,0,1,1
20210828T135335.A_Elmo.B_KN.SCP_01,104,A4,-0.3262184760787267,-0.22076590990773837,0.10545256617098836,-0.21457467124539503,-1,-1,0,1,0
20210828T135335.A_Elmo.B_KN.SCP_01,105,A4,-0.22252946679871388,-0.8507312938323142,-0.6282018270336003,-0.3088904283828038,-1,-1,0,1,0
20210828T135335.A_Elmo.B_KN.SCP_01,106,A4,0.27836119815729476,0.08742679757512063,-0.19093440058217415,0.2802188402258916,1,1,0,0,0
20210828T135335.A_Elmo.B_KN.SCP_01,107,A4,1.0,-1.0,-2.0,-0.13978074949178718,1,-1,1,0,0
20210828T135335.A_Elmo.B_KN.SCP_01,108,A4,1.0,-1.0,-2.0,0.09987379080548035,1,-1,1,0,0
20210828T135335.A_Elmo.B_KN.SCP_01,109,A4,0.4860305093807175,1.0,0.5139694906192824,-0.13495319747517504,1,1,0,0,0
20210828T135335.A_Elmo.B_KN.SCP_01,110,A4,0.1347978444513315,0.7580149268713708,0.6232170824200394,-0.06684966312076081,1,1,0,0,0
20210828T135335.A_Elmo.B_KN.SCP_01,111,A4,0.4837544700728819,-0.31491662574835344,-0.7986710958212353,0.20439519587641788,1,-1,1,0,0
20210828T135335.A_Elmo.B_KN.SCP_01,112,A4,0.6647105655125444,-1.0,-1.6647105655125443,-0.09922667851471498,1,-1,1,0,0
20210828T135335.A_Elmo.B_KN.SCP_01,113,A4,-0.11465811576345553,-0.1483859578558399,-0.033727842092384386,0.6435146882347864,-1,-1,0,1,1
20210828T135335.A_Elmo.B_KN.SCP_01,114,A4,0.13191353542240164,-0.04174765455513092,-0.17366118997753255,0.04650243184244185,1,-1,1,1,1
20210828T135335.A_Elmo.B_KN.SCP_01,115,A4,0.1151725663934839,-0.4865520764653773,-0.6017246428588612,0.42704564107418325,1,-1,1,1,1
20210828T135335.A_Elmo.B_KN.SCP_01,116,A4,0.2170228391606199,-0.43168819972957073,-0.6487110388901907,0.2680982373956912,1,-1,1,1,1
20210828T135335.A_Elmo.B_KN.SCP_01,117,A4,-0.07394105592952505,-0.036073702547402275,0.03786735338212277,0.4503178254768882,-1,-1,0,1,1
20210828T135335.A_Elmo.B_KN.SCP_01,118,A4,1.0,-0.2561653598172047,-1.2561653598172047,-0.1766697042531066,1,-1,1,1,1
20210828T135335.A_Elmo.B_KN.SCP_01,119,A4,-0.07879970252819138,-0.10284104667066453,-0.02404134414247315,0.5212513182041124,-1,-1,0,1,1
20210828T135335.A_Elmo.B_KN.SCP_01,120,A4,-1.0,-0.29690335345386926,0.7030966465461308,-0.1380552591790681,-1,-1,0,1,1
20210828T135335.A_Elmo.B_KN.SCP_01,121,A4,-0.4174918551598441,0.14514419492833405,0.5626360500881782,0.06631597306091493,-1,1,1,0,0
20210828T135335.A_Elmo.B_KN.SCP_01,122,A4,-1.0,0.23158689955121536,1.2315868995512154,-0.04275543870961158,-1,1,1,0,0
20210828T135335.A_Elmo.B_KN.SCP_01,123,A4,-0.06262334112526682,-1.0,-0.9373766588747332,-0.0460375277810379,-1,-1,0,0,0
20210828T135335.A_Elmo.B_KN.SCP_01,124,A4,-0.14689166734729242,-1.0,-0.8531083326527076,0.00359477337568893,-1,-1,0,0,0
20210828T135335.A_Elmo.B_KN.SCP_01,125,A4,-1.0,1.0,2.0,0.025267264165333765,-1,1,1,0,0
20210828T135335.A_Elmo.B_KN.SCP_01,126,A4,-1.0,0.8087842258580251,1.8087842258580251,-0.03712781696559078,-1,1,1,0,0
20210828T135335.A_Elmo.B_KN.SCP_01,127,A4,0.37810488165285394,0.26892643729896637,-0.10917844435388757,0.1102748163211859,1,1,0,1,0
20210828T135335.A_Elmo.B_KN.SCP_01,128,A4,1.0,-1.0,-2.0,0.1277092259696232,1,-1,1,1,0
20210828T135335.A_Elmo.B_KN.SCP_01,129,A5,-0.6034252259300048,0.30096234417790363,0.9043875701079085,-0.1659036724471885,-1,1,1,0,0
20210828T135335.A_Elmo.B_KN.SCP_01,130,A5,-0.5021179809068232,-0.165760816616962,0.3363571642898613,-0.020833091402661263,-1,-1,0,1,1
20210828T135335.A_Elmo.B_KN.SCP_01,131,A5,-0.8964212695929882,-1.0,-0.10357873040701182,0.007383722946742731,-1,-1,0,1,1
20210828T135335.A_Elmo.B_KN.SCP_01,132,A5,-0.5314816533849885,1.0,1.5314816533849887,-0.021169733342172696,-1,1,1,0,1
20210828T135335.A_Elmo.B_KN.SCP_01,133,A5,-0.6594024245727278,-0.6868182868288539,-0.027415862256126133,0.0714562332923479,-1,-1,0,1,1
20210828T135335.A_Elmo.B_KN.SCP_01,134,A5,1.0,1.0,0.0,0.9117440569209536,1,1,0,1,1
20210828T135335.A_Elmo.B_KN.SCP_01,135,A5,-0.323327354524572,-1.0,-0.6766726454754279,0.6046400063724314,-1,-1,0,1,1
20210828T135335.A_Elmo.B_KN.SCP_01,136,A5,-1.0,-1.0,0.0,0.2297383266505863,-1,-1,0,1,1
20210828T135335.A_Elmo.B_KN.SCP_01,137,A5,-1.0,0.08198121953836791,1.081981219538368,-0.18019378717706155,-1,1,1,0,0
20210828T135335.A_Elmo.B_KN.SCP_01,138,A5,-0.83094557561454,-0.657084585503519,0.17386099011102096,0.29727694752679434,-1,-1,0,0,0
20210828T135335.A_Elmo.B_KN.SCP_01,139,A5,1.0,-1.0,-2.0,-0.13418144468398807,1,-1,1,0,0
20210828T135335.A_Elmo.B_KN.SCP_01,140,A5,-1.0,-0.8214587410969152,0.1785412589030848,0.1962935246631778,-1,-1,0,0,0
20210828T135335.A_Elmo.B_KN.SCP_01,141,A5,-1.0,0.6315098999372402,1.6315098999372402,-0.23152044757208148,-1,1,1,0,0
20210828T135335.A_Elmo.B_KN.SCP_01,142,A5,-0.5519677791889018,-1.0,-0.44803222081109817,-0.07264824755620539,-1,-1,0,0,0
20210828T135335.A_Elmo.B_KN.SCP_01,143,A5,-0.2542957912708335,-1.0,-0.7457042087291665,0.1120262646825223,-1,-1,0,0,0
20210828T135335.A_Elmo.B_KN.SCP_01,144,A5,1.0,-1.0,-2.0,0.03074743942662633,1,-1,1,0,0
20210828T135335.A_Elmo.B_KN.SCP_01,145,A5,-0.2652709448399968,-1.0,-0.7347290551600032,0.09376871356202095,-1,-1,0,1,1
20210828T135335.A_Elmo.B_KN.SCP_01,146,A5,-0.2840325593700498,-0.08841599968462387,0.1956165596854259,0.06646766222736775,-1,-1,0,1,1
20210828T135335.A_Elmo.B_KN.SCP_01,147,A5,-0.6015968377224822,1.0,1.6015968377224823,0.7126038115751852,-1,1,1,1,1
20210828T135335.A_Elmo.B_KN.SCP_01,148,A5,-0.2342952119045539,1.0,1.2342952119045538,0.31166389545342266,-1,1,1,0,1
20210828T135335.A_Elmo.B_KN.SCP_01,149,A5,1.0,0.2293352606386731,-0.7706647393613268,0.55101540837234,1,1,0,1,1
20210828T135335.A_Elmo.B_KN.SCP_01,150,A5,-0.7479378687498646,-1.0,-0.25206213125013543,0.12785351026123243,-1,-1,0,1,0
20210828T135335.A_Elmo.B_KN.SCP_01,151,A5,0.5878241718407217,1.0,0.41217582815927833,0.5006084686725574,1,1,0,1,1
20210828T135335.A_Elmo.B_KN.SCP_01,152,A5,0.9773872202681583,0.9652632748266403,-0.012123945441517958,0.7133119905013477,1,1,0,1,1
20210828T135335.A_Elmo.B_KN.SCP_01,153,A5,-0.10145960579930059,-0.22728757960406662,-0.125827973804766,0.013145738244783696,-1,-1,0,1,1
20210828T135335.A_Elmo.B_KN.SCP_01,154,A5,-1.0,-1.0,0.0,0.2138299530435509,-1,-1,0,0,0
20210828T135335.A_Elmo.B_KN.SCP_01,155,A5,-1.0,-1.0,0.0,0.18452801245712738,-1,-1,0,0,0
20210828T135335.A_Elmo.B_KN.SCP_01,156,A5,1.0,-0.5942651316021644,-1.5942651316021643,-0.07112099361383008,1,-1,1,0,0
20210828T135335.A_Elmo.B_KN.SCP_01,157,A5,-0.9277709959959289,1.0,1.927770995995929,-0.0745400192017726,-1,1,1,0,0
20210828T135335.A_Elmo.B_KN.SCP_01,158,A5,0.47981645572051473,-1.0,-1.4798164557205147,-0.23557071748557531,1,-1,1,0,0
20210828T135335.A_Elmo.B_KN.SCP_01,159,A5,-0.8015956597843439,-0.6061316643943825,0.1954639953899614,0.10878823426727188,-1,-1,0,0,0
20210828T135335.A_Elmo.B_KN.SCP_01,160,A5,-1.0,-0.7098814337282643,0.2901185662717357,-0.05829794675625034,-1,-1,0,0,0
