session_id,channel,array_name,si_a,si_b,delta_si,waveform_r,sign_a,sign_b,sign_flip,task_evoked_a,task_evoked_b
20230330T133602.A_Curius.B_AE.SCP_01,1,A1,0.1700325926692963,-0.186032368040579,-0.35606496070987526,0.05227263653641932,1,-1,1,1,0
20230330T133602.A_Curius.B_AE.SCP_01,3,A1,-0.03122346862037054,1.0,1.0312234686203705,-0.15941949541098355,-1,1,1,1,1
20230330T133602.A_Curius.B_AE.SCP_01,4,A1,-0.01946226929399607,-0.09579426612213454,-0.07633199682813847,0.5839419446109109,-1,-1,0,1,1
20230330T133602.A_Curius.B_AE.SCP_01,5,A1,0.16639498211338855,0.9267344812165066,0.760339499103118,0.6109261358333862,1,1,0,1,1
20230330T133602.A_Curius.B_AE.SCP_01,6,A1,0.019484102040801483,0.0934105679521573,0.07392646591135582,0.3909346050749582,1,1,0,1,1
20230330T133602.A_Curius.B_AE.SCP_01,7,A1,1.0,1.0,0.0,0.9098844848615556,1,1,0,1,1
20230330T133602.A_Curius.B_AE.SCP_01,8,A1,0.2830786425749771,0.21974945846198646,-0.06332918411299066,0.26349742498454287,1,1,0,1,1
20230330T133602.A_Curius.B_AE.SCP_01,9,A1,0.0155418598339711,0.15586161235924328,0.14031975252527218,0.28194085008569925,1,1,0,1,1
20230330T133602.A_Curius.B_AE.SCP_01,10,A1,-0.013219639516301458,0.8082379629058655,0.8214576024221669,0.30374748460733014,-1,1,1,1,1
20230330T133602.A_Curius.B_AE.SCP_01,11,A1,0.1442344557863577,0.9706485231772441,0.8264140673908864,0.7741524913245443,1,1,0,1,1
20230330T133602.A_Curius.B_AE.SCP_01,12,A1,0.5405760427901913,-0.047543674765152054,-0.5881197175553434,-0.00741660370977665,1,-1,1,1,1
20230330T133602.A_Curius.B_AE.SCP_01,13,A1,1.0,0.23260629551478446,-0.7673937044852155,0.865712500203169,1,1,0,1,1
20230330T133602.A_Curius.B_AE.SCP_01,14,A1,-0.07037896842182934,0.3806211259425982,0.45100009436442756,0.20329716606858633,-1,1,1,1,1
20230330T133602.A_Curius.B_AE.SCP_01,15,A1,-0.6420708129883094,-1.0,-0.35792918701169063,0.9460959883441126,-1,-1,0,1,1
20230330T133602.A_Curius.B_AE.SCP_01,16,A1,0.05228611556315122,0.4290806147592875,0.3767944991961363,0.20193194364537395,1,1,0,1,1
20230330T133602.A_Curius.B_AE.SCP_01,17,A1,0.30634619886475106,0.14814165056561163,-0.15820454829913944,-0.012438179460356427,1,1,0,1,1
20230330T133602.A_Curius.B_AE.SCP_01,18,A1,1.0,-0.07644790212737468,-1.0764479021273747,0.4593198921219786,1,-1,1,1,1
20230330T133602.A_Curius.B_AE.SCP_01,19,A1,0.054808474458328905,1.0,0.9451915255416711,0.2158059908189766,1,1,0,1,1
20230330T133602.A_Curius.B_AE.SCP_01,20,A1,-0.024176420033132754,-0.03380725904546837,-0.009630839012335617,0.567699043268202,-1,-1,0,1,1
20230330T133602.A_Curius.B_AE.SCP_01,21,A1,0.49544375511954464,1.0,0.5045562448804554,0.6823235820499972,1,1,0,1,1
20230330T133602.A_Curius.B_AE.SCP_01,22,A1,0.4876863196212934,0.11990572110982319,-0.3677805985114702,0.41409573818426887,1,1,0,1,1
20230330T133602.A_Curius.B_AE.SCP_01,24,A1,0.24630365488723874,0.25979267424556257,0.013489019358323834,-0.04794640540575623,1,1,0,1,1
20230330T133602.A_Curius.B_AE.SCP_01,25,A1,0.7939944283756284,1.0,0.2060055716243716,0.4997694515872049,1,1,0,1,1
20230330T133602.A_Curius.B_AE.SCP_01,26,A1,-0.04184530169573093,1.0,1.041845301695731,0.5443849891140755,-1,1,1,1,1
20230330T133602.A_Curius.B_AE.SCP_01,27,A1,-0.021806076517024004,-0.382229854304465,-0.360423777787441,0.6139220819053285,-1,-1,0,1,1
20230330T133602.A_Curius.B_AE.SCP_01,28,A1,-0.06748222034184027,0.008165594162785134,0.0756478145046254,0.3237386516675591,-1,1,1,1,1
20230330T133602.A_Curius.B_AE.SCP_01,29,A1,0.26440762429440573,0.3054264502007773,0.04101882590637157,0.8461351630254734,1,1,0,1,1
20230330T133602.A_Curius.B_AE.SCP_01,30,A1,0.21785674950604417,1.0,0.7821432504939558,0.7103069410418518,1,1,0,1,1
20230330T133602.A_Curius.B_AE.SCP_01,31,A1,-0.7200762067144305,-1.0,-0.2799237932855695,0.9576819367123769,-1,-1,0,1,1
20230330T133602.A_Curius.B_AE.SCP_01,32,A1,-0.46671038401834475,0.24472648992307378,0.7114368739414185,0.3948559618358282,-1,1,1,1,1
20230330T133602.A_Curius.B_AE.SCP_01,33,A2,0.3184214854563809,1.0,0.6815785145436191,0.36890520644058306,1,1,0,0,1
20230330T133602.A_Curius.B_AE.SCP_01,35,A2,-0.44518349578678706,-0.47444831514433633,-0.029264819357549265,0.0416844967878078,-1,-1,0,1,1
20230330T133602.A_Curius.B_AE.SCP_01,36,A2,1.0,0.3906070283559166,-0.6093929716440833,0.34095876346220627,1,1,0,1,1
20230330T133602.A_Curius.B_AE.SCP_01,37,A2,0.5568391811766278,-1.0,-1.5568391811766278,0.1386015076260996,1,-1,1,1,1
20230330T133602.A_Curius.B_AE.SCP_01,38,A2,0.5475378261815242,1.0,0.45246217381847575,0.9315977760744995,1,1,0,1,1
20230330T133602.A_Curius.B_AE.SCP_01,39,A2,0.6220279738945891,0.4115080635787217,-0.21051991031586736,0.5595235859405416,1,1,0,1,1
20230330T133602.A_Curius.B_AE.SCP_01,40,A2,1.0,1.0,0.0,0.7322509241230487,1,1,0,1,1
20230330T133602.A_Curius.B_AE.SCP_01,41,A2,0.3986092566176703,1.0,0.6013907433823297,0.16272480276294524,1,1,0,1,1
20230330T133602.A_Curius.B_AE.SCP_01,42,A2,0.011570764783239713,-0.060046903222261826,-0.07161766800550154,0.3036712855235849,1,-1,1,1,0
20230330T133602.A_Curius.B_AE.SCP_01,43,A2,-0.04591603136097085,-0.027814860481494532,0.01810117087947632,0.24609220867150022,-1,-1,0,1,1
20230330T133602.A_Curius.B_AE.SCP_01,44,A2,0.06689820322658688,0.059183973136200434,-0.007714230090386444,0.19628511575208954,1,1,0,1,1
20230330T133602.A_Curius.B_AE.SCP_01,46,A2,-0.4116304408158546,0.5778980998728409,0.9895285406886956,0.4350181268605935,-1,1,1,1,1
20230330T133602.A_Curius.B_AE.SCP_01,47,A2,0.18344766583373687,0.1091261517281611,-0.07432151410557576,0.3389513479900674,1,1,0,1,1
20230330T133602.A_Curius.B_AE.SCP_01,48,A2,0.08900943026241007,-1.0,-1.08900943026241,0.04012268460815493,1,-1,1,1,1
20230330T133602.A_Curius.B_AE.SCP_01,49,A2,-0.0057932332044690555,0.042956320327758694,0.04874955353222775,0.1122854275870919,-1,1,1,0,1
20230330T133602.A_Curius.B_AE.SCP_01,50,A2,1.0,-0.23917135582920154,-1.2391713558292015,0.25717200315684224,1,-1,1,1,0
20230330T133602.A_Curius.B_AE.SCP_01,51,A2,0.07846431028301253,-0.077736111457166,-0.1562004217401785,0.3540907060490654,1,-1,1,1,1
20230330T133602.A_Curius.B_AE.SCP_01,52,A2,0.43427457458941826,0.4346587590450934,0.0003841844556751184,0.0485089856873449,1,1,0,1,0
20230330T133602.A_Curius.B_AE.SCP_01,53,A2,1.0,1.0,0.0,0.5040313896394514,1,1,0,1,1
20230330T133602.A_Curius.B_AE.SCP_01,54,A2,-0.013236888775974242,0.10308149474450426,0.1163183835204785,0.6757588017340106,-1,1,1,1,1
20230330T133602.A_Curius.B_AE.SCP_01,55,A2,0.2295943093497632,0.3305270553615233,0.10093274601176014,0.45756752534536665,1,1,0,1,1
20230330T133602.A_Curius.B_AE.SCP_01,56,A2,0.21140559757708263,-0.11472950430151647,-0.3261351018785991,-0.06757215227859932,1,-1,1,1,1
20230330T133602.A_Curius.B_AE.SCP_01,57,A2,-0.4077901487346688,-1.0,-0.5922098512653312,0.21258353134340954,-1,-1,0,1,1
20230330T133602.A_Curius.B_AE.SCP_01,58,A2,-0.4930694347240639,0.03596588767772174,0.5290353224017856,0.17288710827448797,-1,1,1,0,0
20230330T133602.A_Curius.B_AE.SCP_01,59,A2,0.0751172791584815,-0.016531127998993752,-0.09164840715747526,0.06567166111490082,1,-1,1,1,1
20230330T133602.A_Curius.B_AE.SCP_01,60,A2,0.00789900598403443,0.08548348064908445,0.07758447466505003,0.08853020595136339,1,1,0,1,1
20230330T133602.A_Curius.B_AE.SCP_01,61,A2,0.2220409395704045,0.8480464140893699,0.6260054745189654,0.5035520922641786,1,1,0,1,1
20230330T133602.A_Curius.B_AE.SCP_01,62,A2,-0.4601520437208178,-0.2327327551257391,0.2274192885950787,0.7798637209711148,-1,-1,0,1,1
20230330T133602.A_Curius.B_AE.SCP_01,63,A2,0.08715699311856334,1.0,0.9128430068814366,0.5683869071828654,1,1,0,1,1
20230330T133602.A_Curius.B_AE.SCP_01,64,A2,0.20482927931373196,-0.9024221340113373,-1.1072514133250693,0.6240778382985488,1,-1,1,1,1
20230330T133602.A_Curius.B_AE.SCP_01,65,A3,-0.28956131101169574,-0.007152360279261557,0.28240895073243416,0.3576344059629626,-1,-1,0,0,0
20230330T133602.A_Curius.B_AE.SCP_01,66,A3,1.0,0.764776500543793,-0.23522349945620702,0.9427684919466989,1,1,0,1,1
20230330T133602.A_Curius.B_AE.SCP_01,68,A3,0.6361804859224041,0.26637465672858146,-0.3698058291938226,0.8004817424743433,1,1,0,1,1
20230330T133602.A_Curius.B_AE.SCP_01,69,A3,1.0,1.0,0.0,0.871077269484729,1,1,0,1,1
20230330T133602.A_Curius.B_AE.SCP_01,70,A3,0.1236509699708811,0.08992747267722828,-0.033723497293652815,0.8093153714452246,1,1,0,1,1
20230330T133602.A_Curius.B_AE.SCP_01,71,A3,0.24973097653832588,0.16722200309389693,-0.08250897344442895,0.5545347888974622,1,1,0,1,1
20230330T133602.A_Curius.B_AE.SCP_01,73,A3,-0.20159080714427546,0.26485002054605766,0.4664408276903331,-0.0006942606151511689,-1,1,1,0,0
20230330T133602.A_Curius.B_AE.SCP_01,74,A3,-0.05741212971711666,0.07028663596643016,0.12769876568354682,0.2988055347890916,-1,1,1,0,0
20230330T133602.A_Curius.B_AE.SCP_01,75,A3,0.0704751304882526,-0.022696667778070452,-0.09317179826632305,0.37826218308447324,1,-1,1,1,1
20230330T133602.A_Curius.B_AE.SCP_01,76,A3,0.7834780001867533,0.8616223613903523,0.07814436120359902,0.9046993185582278,1,1,0,1,1
20230330T133602.A_Curius.B_AE.SCP_01,77,A3,-0.018125396539624902,0.1321839024762937,0.1503092990159186,0.27177811639326993,-1,1,1,1,1
20230330T133602.A_Curius.B_AE.SCP_01,78,A3,-0.22456209865365373,-1.0,-0.7754379013463463,0.2715449611438798,-1,-1,0,0,0
20230330T133602.A_Curius.B_AE.SCP_01,79,A3,1.0,1.0,0.0,0.7795871189070018,1,1,0,1,1
20230330T133602.A_Curius.B_AE.SCP_01,80,A3,0.35723544209565367,0.6519868662980496,0.2947514242023959,0.5189088416457209,1,1,0,1,1
20230330T133602.A_Curius.B_AE.SCP_01,81,A3,0.3161630787434339,0.7973053824482724,0.4811423037048385,0.4134477396200988,1,1,0,1,1
20230330T133602.A_Curius.B_AE.SCP_01,82,A3,0.3845785871754542,0.35435866452313414,-0.03021992265232004,0.7020611864253475,1,1,0,1,1
20230330T133602.A_Curius.B_AE.SCP_01,85,A3,1.0,-0.4478223628032658,-1.4478223628032658,0.8550869008508069,1,-1,1,1,1
20230330T133602.A_Curius.B_AE.SCP_01,87,A3,-1.0,-1.0,0.0,0.9638376256446257,-1,-1,0,1,1
20230330T133602.A_Curius.B_AE.SCP_01,88,A3,0.42590312506618666,0.4302441852433243,0.004341060177137646,0.7201795892403223,1,1,0,1,1
20230330T133602.A_Curius.B_AE.SCP_01,89,A3,0.04433422692161707,0.23576299388014368,0.19142876695852662,0.497900694331837,1,1,0,1,1
20230330T133602.A_Curius.B_AE.SCP_01,90,A3,0.620513769128729,0.15507644959355202,-0.465437319535177,0.7163045818345587,1,1,0,1,1
20230330T133602.A_Curius.B_AE.SCP_01,91,A3,-1.0,1.0,2.0,0.2812174861356379,-1,1,1,0,1
20230330T133602.A_Curius.B_AE.SCP_01,92,A3,-0.04843803749273481,0.0510254516185678,0.09946348911130261,0.031732212705158296,-1,1,1,1,0
20230330T133602.A_Curius.B_AE.SCP_01,93,A3,0.004397338402837397,0.15319042648580586,0.14879308808296846,0.24422939990767173,1,1,0,1,1
20230330T133602.A_Curius.B_AE.SCP_01,94,A3,1.0,-0.615776630764683,-1.615776630764683,0.5331665241602715,1,-1,1,1,1
20230330T133602.A_Curius.B_AE.SCP_01,95,A3,1.0,1.0,0.0,0.5015292776356634,1,1,0,1,1
20230330T133602.A_Curius.B_AE.SCP_01,96,A3,-0.4192356225162475,-1.0,-0.5807643774837525,0.9570052783755915,-1,-1,0,1,1
20230330T133602.A_Curius.B_AE.SCP_01,130,A5,0.7728932089232252,1.0,0.22710679107677478,0.7525712067571195,1,1,0,1,1
20230330T133602.A_Curius.B_AE.SCP_01,131,A5,0.8611020863232155,0.5109917548816049,-0.35011033144161063,0.8491325017760416,1,1,0,1,1
20230330T133602.A_Curius.B_AE.SCP_01,132,A5,0.01204380597350924,-0.0701706413405373,-0.08221444731404653,0.9548454098737977,1,-1,1,1,1
20230330T133602.A_Curius.B_AE.SCP_01,133,A5,0.4699800799731308,0.1782420933290311,-0.29173798664409967,0.5553205599038821,1,1,0,1,1
20230330T133602.A_Curius.B_AE.SCP_01,134,A5,0.05527030884856693,0.35034721810162134,0.2950769092530544,0.8510341735417081,1,1,0,1,1
20230330T133602.A_Curius.B_AE.SCP_01,135,A5,0.37736710681463387,0.34876072089000903,-0.028606385924624833,0.5159486623134935,1,1,0,1,1
20230330T133602.A_Curius.B_AE.SCP_01,136,A5,-0.008298468825687121,0.3720297200766983,0.38032818890238546,0.062445301908518554,-1,1,1,1,1
20230330T133602.A_Curius.B_AE.SCP_01,137,A5,0.6585995032483462,-0.3663525060855227,-1.0249520093338689,0.03639237925388268,1,-1,1,1,1
20230330T133602.A_Curius.B_AE.SCP_01,138,A5,0.14248657291625222,-0.016130007380923364,-0.15861658029717557,0.21480323824954956,1,-1,1,1,1
20230330T133602.A_Curius.B_AE.SCP_01,139,A5,-0.249851718753112,-0.14703630111632393,0.10281541763678806,0.14553262375115614,-1,-1,0,0,0
20230330T133602.A_Curius.B_AE.SCP_01,140,A5,1.0,1.0,0.0,0.8800260603584806,1,1,0,1,1
20230330T133602.A_Curius.B_AE.SCP_01,141,A5,0.07766613367902665,-0.18632167710119668,-0.2639878107802233,0.1281055036282358,1,-1,1,0,0
20230330T133602.A_Curius.B_AE.SCP_01,143,A5,1.0,0.3903619832542,-0.6096380167458,0.15691222348190365,1,1,0,0,0
20230330T133602.A_Curius.B_AE.SCP_01,144,A5,-0.20435903198074662,-0.11927439764402603,0.08508463433672059,0.08630267539005161,-1,-1,0,0,0
20230330T133602.A_Curius.B_AE.SCP_01,145,A5,-0.12574208527332667,-0.6276929984710884,-0.5019509131977617,0.6858838228497119,-1,-1,0,1,1
20230330T133602.A_Curius.B_AE.SCP_01,146,A5,-0.5222506498846726,-1.0,-0.4777493501153274,0.9350415653306436,-1,-1,0,1,1
20230330T133602.A_Curius.B_AE.SCP_01,147,A5,0.31080258605439215,-0.38951765807903893,-0.7003202441334311,-0.05918797527150093,1,-1,1,1,0
20230330T133602.A_Curius.B_AE.SCP_01,148,A5,0.13017305860661843,-0.34874951500120305,-0.4789225736078215,0.07143105462569688,1,-1,1,1,1
20230330T133602.A_Curius.B_AE.SCP_01,149,A5,0.10960463766475102,0.26153469899519266,0.15193006133044162,0.14142916727613383,1,1,0,1,1
20230330T133602.A_Curius.B_AE.SCP_01,150,A5,0.3250292180974055,-0.0012820294179553369,-0.32631124751536084,-0.018071173877797102,1,-1,1,0,0
20230330T133602.A_Curius.B_AE.SCP_01,151,A5,0.10051612170703948,0.1105414268295866,0.010025305122547123,0.038688805964837134,1,1,0,0,0
20230330T133602.A_Curius.B_AE.SCP_01,152,A5,-1.0,1.0,2.0,-0.13870846872212303,-1,1,1,0,0
20230330T133602.A_Curius.B_AE.SCP_01,153,A5,0.5468869839417712,0.41608190273329215,-0.130805081208479,-0.16323262545702502,1,1,0,1,1
20230330T133602.A_Curius.B_AE.SCP_01,154,A5,0.2713398060826923,-0.29019174360458133,-0.5615315496872737,0.1595559477663836,1,-1,1,0,0
20230330T133602.A_Curius.B_AE.SCP_01,156,A5,0.027429774904676796,-0.3429913640827051,-0.3704211389873819,-0.13575795781426703,1,-1,1,0,0
20230330T133602.A_Curius.B_AE.SCP_01,157,A5,0.10316796640368324,0.5942258092766541,0.4910578428729709,0.3896077407232347,1,1,0,0,0
20230330T133602.A_Curius.B_AE.SCP_01,158,A5,-1.0,1.0,2.0,0.1894119624750371,-1,1,1,0,0
20230330T133602.A_Curius.B_AE.SCP_01,160,A5,-0.10099101585830697,-0.05011565420348424,0.05087536165482273,0.11983655342725144,-1,-1,0,0,0
20230413T142422.A_Curius.B_AE.SCP_01,1,A1,0.283766185408445,-0.19989733355727668,-0.4836635189657217,0.028474560261521408,1,-1,1,0,0
20230413T142422.A_Curius.B_AE.SCP_01,3,A1,0.1942115916347112,-0.16713507358582552,-0.3613466652205367,0.46769684823069196,1,-1,1,0,0
20230413T142422.A_Curius.B_AE.SCP_01,4,A1,0.04271497399687128,-0.0999856467462428,-0.14270062074311407,-0.08361998110963842,1,-1,1,1,0
20230413T142422.A_Curius.B_AE.SCP_01,6,A1,0.19418005221508206,0.022061354995109625,-0.17211869721997242,-0.20669661787980279,1,1,0,1,0
20230413T142422.A_Curius.B_AE.SCP_01,7,A1,0.7481271349933398,0.4432268786240912,-0.3049002563692486,0.6807659725279519,1,1,0,1,0
20230413T142422.A_Curius.B_AE.SCP_01,8,A1,-0.12144670404302935,-1.0,-0.8785532959569706,-0.2486427849943775,-1,-1,0,1,0
20230413T142422.A_Curius.B_AE.SCP_01,9,A1,0.1443304546209911,-0.025914040341027064,-0.17024449496201816,-0.0353386491051651,1,-1,1,1,0
20230413T142422.A_Curius.B_AE.SCP_01,10,A1,-0.15225600372730475,-0.07785973785640758,0.07439626587089716,0.12270754759063701,-1,-1,0,1,0
20230413T142422.A_Curius.B_AE.SCP_01,11,A1,-0.06947591235177812,1.0,1.069475912351778,0.5724037339344357,-1,1,1,1,1
20230413T142422.A_Curius.B_AE.SCP_01,12,A1,0.006343135479775709,0.3238204210394,0.3174772855596243,0.03913946787160324,1,1,0,1,0
20230413T142422.A_Curius.B_AE.SCP_01,13,A1,0.046731311579096074,0.1047354515974149,0.05800414001831883,0.48098923485986805,1,1,0,1,0
20230413T142422.A_Curius.B_AE.SCP_01,14,A1,0.06306198986915752,0.044495632126605844,-0.01856635774255168,0.3227267684125655,1,1,0,1,0
20230413T142422.A_Curius.B_AE.SCP_01,15,A1,-0.47892358373556826,-1.0,-0.5210764162644317,0.5974888771663491,-1,-1,0,1,0
20230413T142422.A_Curius.B_AE.SCP_01,16,A1,-0.09153729428716806,-0.2792973451351635,-0.18776005084799546,0.2506827366613574,-1,-1,0,1,0
20230413T142422.A_Curius.B_AE.SCP_01,17,A1,0.13279508669514808,-0.45218967686754674,-0.5849847635626948,0.0817769704544766,1,-1,1,1,0
20230413T142422.A_Curius.B_AE.SCP_01,18,A1,0.11610598669904584,0.006831184272462034,-0.10927480242658381,0.6112956369392298,1,1,0,1,0
20230413T142422.A_Curius.B_AE.SCP_01,19,A1,0.24762784655966544,-0.1448319371808161,-0.3924597837404815,0.3721761616893656,1,-1,1,1,1
20230413T142422.A_Curius.B_AE.SCP_01,20,A1,-0.3324906739062113,-0.5799889802841193,-0.24749830637790798,0.3567061785469839,-1,-1,0,1,1
20230413T142422.A_Curius.B_AE.SCP_01,21,A1,-0.06427891585616977,1.0,1.0642789158561698,-0.12112855171753106,-1,1,1,1,0
20230413T142422.A_Curius.B_AE.SCP_01,22,A1,-0.029066379006064222,-0.36686835113170174,-0.3378019721256375,0.6507706455955015,-1,-1,0,1,0
20230413T142422.A_Curius.B_AE.SCP_01,23,A1,0.32163219270821036,0.0932712106044017,-0.22836098210380867,0.6624303107441857,1,1,0,1,0
20230413T142422.A_Curius.B_AE.SCP_01,24,A1,-0.017267267666973198,-0.28711309033843585,-0.2698458226714627,-0.34122860383785414,-1,-1,0,1,0
20230413T142422.A_Curius.B_AE.SCP_01,25,A1,0.19501134781147772,-0.06437897283980779,-0.25939032065128553,0.5667649984501092,1,-1,1,1,1
20230413T142422.A_Curius.B_AE.SCP_01,26,A1,0.24129385930648073,-0.49118611522536465,-0.7324799745318453,0.23640238160306912,1,-1,1,1,0
20230413T142422.A_Curius.B_AE.SCP_01,27,A1,0.3160670389566078,0.31270902216908536,-0.0033580167875224554,0.2650362616252405,1,1,0,1,0
20230413T142422.A_Curius.B_AE.SCP_01,28,A1,-0.09089309657365258,-0.0832476995441096,0.007645397029542977,0.08165850808964863,-1,-1,0,1,0
20230413T142422.A_Curius.B_AE.SCP_01,29,A1,0.1812097658636979,-0.006408887542200895,-0.1876186534058988,0.5036681610643234,1,-1,1,1,1
20230413T142422.A_Curius.B_AE.SCP_01,30,A1,0.523520863723125,0.3997013553576566,-0.1238195083654684,0.3522542554212564,1,1,0,1,1
20230413T142422.A_Curius.B_AE.SCP_01,31,A1,-0.9704817920718007,-0.6045671908111104,0.3659146012606903,0.8498378125931872,-1,-1,0,1,1
20230413T142422.A_Curius.B_AE.SCP_01,33,A2,0.3908443274990779,-1.0,-1.3908443274990778,-0.042316468685717,1,-1,1,0,0
20230413T142422.A_Curius.B_AE.SCP_01,35,A2,-1.0,-0.4745692455000929,0.5254307544999071,0.1791223660144589,-1,-1,0,0,0
20230413T142422.A_Curius.B_AE.SCP_01,36,A2,0.050110032013347516,-0.2547965661926658,-0.3049065982060133,0.14138880632209364,1,-1,1,1,0
20230413T142422.A_Curius.B_AE.SCP_01,37,A2,-1.0,-0.11384874302087522,0.8861512569791248,0.015781241976215492,-1,-1,0,0,0
20230413T142422.A_Curius.B_AE.SCP_01,38,A2,1.0,0.9728000178201281,-0.02719998217987185,0.617899280763975,1,1,0,1,0
20230413T142422.A_Curius.B_AE.SCP_01,39,A2,-0.08902503723989996,-0.9007603944804471,-0.8117353572405471,-0.11340635101030912,-1,-1,0,1,0
20230413T142422.A_Curius.B_AE.SCP_01,40,A2,-0.007597099953306589,-0.44311115130809836,-0.43551405135479176,0.10424979082111364,-1,-1,0,1,0
20230413T142422.A_Curius.B_AE.SCP_01,41,A2,-0.049345772197039894,0.5365636002539731,0.5859093724510129,-0.07247032240037661,-1,1,1,1,0
20230413T142422.A_Curius.B_AE.SCP_01,42,A2,-0.14839485669969807,-0.01311752178158663,0.13527733491811145,0.17068894824887448,-1,-1,0,0,0
20230413T142422.A_Curius.B_AE.SCP_01,43,A2,0.30943823274067844,-0.11648570480397932,-0.42592393754465774,-0.0932613490847435,1,-1,1,1,0
20230413T142422.A_Curius.B_AE.SCP_01,44,A2,-0.28202756263269413,0.8922124172996293,1.1742399799323233,0.008313628376788196,-1,1,1,1,0
20230413T142422.A_Curius.B_AE.SCP_01,45,A2,-0.9216966608389535,0.046481902237046444,0.9681785630759999,0.39821740267892786,-1,1,1,1,0
20230413T142422.A_Curius.B_AE.SCP_01,46,A2,-0.06986413006608184,1.0,1.0698641300660818,0.020084518477218788,-1,1,1,1,0
20230413T142422.A_Curius.B_AE.SCP_01,47,A2,0.26313491437668995,0.22435455277287056,-0.0387803616038194,0.0957504987351396,1,1,0,1,0
20230413T142422.A_Curius.B_AE.SCP_01,48,A2,0.2556709248813231,0.11888198294663105,-0.13678894193469204,0.1684831931324792,1,1,0,1,0
20230413T142422.A_Curius.B_AE.SCP_01,49,A2,0.07116992413939337,-0.04778121221881941,-0.11895113635821278,0.17355956079047222,1,-1,1,0,0
20230413T142422.A_Curius.B_AE.SCP_01,50,A2,0.07609144885924018,-0.020708041019663077,-0.09679948987890326,0.011958431142077716,1,-1,1,0,0
20230413T142422.A_Curius.B_AE.SCP_01,51,A2,-0.15014226023268523,-0.006728160773047655,0.14341409945963757,0.08236785647154435,-1,-1,0,1,0
20230413T142422.A_Curius.B_AE.SCP_01,52,A2,0.2022398687937748,-0.3290230061387207,-0.5312628749324955,0.09175446084393586,1,-1,1,1,0
20230413T142422.A_Curius.B_AE.SCP_01,53,A2,0.6036241155007191,0.3278086052376113,-0.27581551026310785,0.17142098871034162,1,1,0,1,0
20230413T142422.A_Curius.B_AE.SCP_01,54,A2,0.49613415449306725,0.5726313364797443,0.07649718198667704,0.11254690958939441,1,1,0,1,0
20230413T142422.A_Curius.B_AE.SCP_01,55,A2,-0.22630959690982108,-0.08135757503641271,0.1449520218734084,-0.037075686195170855,-1,-1,0,1,0
20230413T142422.A_Curius.B_AE.SCP_01,56,A2,0.014771890069149094,-1.0,-1.0147718900691491,0.37027208563021435,1,-1,1,1,0
20230413T142422.A_Curius.B_AE.SCP_01,57,A2,-1.0,0.006416845834269533,1.0064168458342695,0.08082355566798921,-1,1,1,1,0
20230413T142422.A_Curius.B_AE.SCP_01,58,A2,0.3210418270190271,-0.047258546436771,-0.36830037345579814,0.19153045880979405,1,-1,1,0,0
20230413T142422.A_Curius.B_AE.SCP_01,59,A2,-0.39781078359831556,-0.03911518881971103,0.3586955947786045,0.33265258393409647,-1,-1,0,1,0
20230413T142422.A_Curius.B_AE.SCP_01,60,A2,-0.06377308993925897,-0.1847513464800444,-0.12097825654078544,0.09521847169962512,-1,-1,0,1,0
20230413T142422.A_Curius.B_AE.SCP_01,62,A2,-0.14861020081976128,-0.15361718550512124,-0.005006984685359955,0.4465181890671454,-1,-1,0,1,0
20230413T142422.A_Curius.B_AE.SCP_01,63,A2,-0.09450058731081819,0.04849297376684791,0.1429935610776661,0.2871780688736827,-1,1,1,1,0
20230413T142422.A_Curius.B_AE.SCP_01,64,A2,-0.03699135291960811,-1.0,-0.9630086470803919,0.5190372585843959,-1,-1,0,1,1
20230413T142422.A_Curius.B_AE.SCP_01,65,A3,0.7809350406261265,-0.03821891347703974,-0.8191539541031663,0.7096291461587635,1,-1,1,1,1
20230413T142422.A_Curius.B_AE.SCP_01,66,A3,1.0,0.3210865462489238,-0.6789134537510761,0.855636527919276,1,1,0,1,1
20230413T142422.A_Curius.B_AE.SCP_01,67,A3,1.0,-1.0,-2.0,0.39416001781005866,1,-1,1,1,0
20230413T142422.A_Curius.B_AE.SCP_01,68,A3,-1.0,-0.07243738057243206,0.9275626194275679,0.8198077192983635,-1,-1,0,1,1
20230413T142422.A_Curius.B_AE.SCP_01,69,A3,0.9088691627046523,-0.23642883365356065,-1.145297996358213,0.6205277383522956,1,-1,1,1,1
20230413T142422.A_Curius.B_AE.SCP_01,70,A3,0.18787803530184688,-0.06183991861538817,-0.24971795391723506,-0.22794309803866625,1,-1,1,1,0
20230413T142422.A_Curius.B_AE.SCP_01,71,A3,0.8470030905755941,-0.5407218369360858,-1.3877249275116799,0.6929916893624029,1,-1,1,1,0
20230413T142422.A_Curius.B_AE.SCP_01,73,A3,0.04102488866569206,-0.2182052519331915,-0.25923014059888355,0.28857455440994195,1,-1,1,1,0
20230413T142422.A_Curius.B_AE.SCP_01,74,A3,0.20181359445923025,-0.06723951417005423,-0.2690531086292845,0.31427823042397235,1,-1,1,1,0
20230413T142422.A_Curius.B_AE.SCP_01,75,A3,0.7888488153708538,0.29161358836511886,-0.49723522700573497,0.6738689300576687,1,1,0,1,1
20230413T142422.A_Curius.B_AE.SCP_01,76,A3,1.0,0.28877093125656406,-0.7112290687434359,0.8806751950438965,1,1,0,1,1
20230413T142422.A_Curius.B_AE.SCP_01,77,A3,1.0,-0.15097532832408744,-1.1509753283240873,0.5466207015006599,1,-1,1,1,0
20230413T142422.A_Curius.B_AE.SCP_01,78,A3,0.22402148721279516,-1.0,-1.2240214872127952,0.6164836236541061,1,-1,1,1,0
20230413T142422.A_Curius.B_AE.SCP_01,79,A3,1.0,0.223941283437252,-0.7760587165627479,0.788571922268329,1,1,0,1,0
20230413T142422.A_Curius.B_AE.SCP_01,80,A3,1.0,-0.31614177718119707,-1.3161417771811972,0.46757280959461717,1,-1,1,1,1
20230413T142422.A_Curius.B_AE.SCP_01,81,A3,0.618985741693138,-0.7993185989556832,-1.4183043406488212,0.24676599609418662,1,-1,1,1,1
20230413T142422.A_Curius.B_AE.SCP_01,82,A3,0.5758834667045487,-0.15338170392358505,-0.7292651706281338,0.10371301701553451,1,-1,1,1,0
20230413T142422.A_Curius.B_AE.SCP_01,83,A3,1.0,0.09007277525377537,-0.9099272247462247,0.40647102682518543,1,1,0,1,0
20230413T142422.A_Curius.B_AE.SCP_01,84,A3,1.0,0.08267665985568108,-0.9173233401443189,0.49325797407210176,1,1,0,1,1
20230413T142422.A_Curius.B_AE.SCP_01,85,A3,0.9851899429991965,0.02090671093135956,-0.964283232067837,0.6875479324987759,1,1,0,1,1
20230413T142422.A_Curius.B_AE.SCP_01,86,A3,-0.07617890754564745,-0.03724798164743934,0.03893092589820811,0.5785677912406947,-1,-1,0,1,0
20230413T142422.A_Curius.B_AE.SCP_01,87,A3,0.30306418339923014,-0.1638453122629191,-0.46690949566214923,0.06738155531715578,1,-1,1,1,1
20230413T142422.A_Curius.B_AE.SCP_01,88,A3,-0.12890873102519945,-0.004580898201007947,0.1243278328241915,-0.11502083925604212,-1,-1,0,0,0
20230413T142422.A_Curius.B_AE.SCP_01,89,A3,1.0,-0.6148278007771889,-1.614827800777189,0.5873336023480895,1,-1,1,1,0
20230413T142422.A_Curius.B_AE.SCP_01,90,A3,0.35739264799060855,0.09517590720641238,-0.26221674078419616,0.018465020112036462,1,1,0,1,0
20230413T142422.A_Curius.B_AE.SCP_01,91,A3,1.0,-1.0,-2.0,0.22817309390198381,1,-1,1,1,0
20230413T142422.A_Curius.B_AE.SCP_01,92,A3,0.04474279702193229,-0.03886921841646703,-0.08361201543839933,0.04636791603070802,1,-1,1,1,0
20230413T142422.A_Curius.B_AE.SCP_01,93,A3,0.15448501701289052,-0.08109682604143391,-0.23558184305432445,-0.06280435225844011,1,-1,1,1,0
20230413T142422.A_Curius.B_AE.SCP_01,94,A3,0.2824957354546189,-0.010697190011942751,-0.29319292546656167,0.35971144126193955,1,-1,1,0,0
20230413T142422.A_Curius.B_AE.SCP_01,95,A3,0.013573577348229107,-0.13251113004075218,-0.1460847073889813,0.579014265092624,1,-1,1,1,0
20230413T142422.A_Curius.B_AE.SCP_01,96,A3,-0.4973228600593163,-0.18639629358515578,0.3109265664741605,0.6051081895955319,-1,-1,0,1,0
20230413T142422.A_Curius.B_AE.SCP_01,129,A5,-1.0,0.7049378394884364,1.7049378394884362,-0.21923424219002158,-1,1,1,1,0
20230413T142422.A_Curius.B_AE.SCP_01,130,A5,0.448829828680107,0.18261156819984903,-0.266218260480258,0.15299950926581632,1,1,0,1,0
20230413T142422.A_Curius.B_AE.SCP_01,132,A5,0.20588621846063102,-0.11929949110452585,-0.32518570956515686,0.42011431586120307,1,-1,1,1,0
20230413T142422.A_Curius.B_AE.SCP_01,133,A5,0.07273620855527967,0.02229946583163521,-0.05043674272364446,-0.027207123774021142,1,1,0,0,0
20230413T142422.A_Curius.B_AE.SCP_01,134,A5,-0.1565453968100778,-0.3751403043181307,-0.2185949075080529,0.14294409852005205,-1,-1,0,1,0
20230413T142422.A_Curius.B_AE.SCP_01,135,A5,0.6027541933214904,-0.1978587858648887,-0.8006129791863791,0.4650285004959614,1,-1,1,0,0
20230413T142422.A_Curius.B_AE.SCP_01,136,A5,-0.12797406684163598,-0.15257229251091078,-0.024598225669274804,-0.2836211289432807,-1,-1,0,0,0
20230413T142422.A_Curius.B_AE.SCP_01,137,A5,0.381969589028556,-0.7221895769766079,-1.104159166005164,0.4161441219460079,1,-1,1,0,0
20230413T142422.A_Curius.B_AE.SCP_01,138,A5,-0.3538587843169261,-0.23299402698227786,0.12086475733464822,0.4288344613741549,-1,-1,0,1,1
20230413T142422.A_Curius.B_AE.SCP_01,139,A5,0.1378561783227775,-0.34070022643063574,-0.4785564047534132,-0.3743406372871363,1,-1,1,0,0
20230413T142422.A_Curius.B_AE.SCP_01,140,A5,1.0,-0.08301631718172693,-1.0830163171817269,0.5446622693387416,1,-1,1,1,0
20230413T142422.A_Curius.B_AE.SCP_01,142,A5,-0.32788017483370274,-0.9860865348723497,-0.658206360038647,0.162255753285828,-1,-1,0,1,0
20230413T142422.A_Curius.B_AE.SCP_01,143,A5,-0.16830541594378845,-0.13728007342965282,0.031025342514135634,0.05086582430468376,-1,-1,0,0,0
20230413T142422.A_Curius.B_AE.SCP_01,144,A5,-1.0,-0.7967642010073415,0.20323579899265853,0.000229847345995618,-1,-1,0,0,0
20230413T142422.A_Curius.B_AE.SCP_01,145,A5,-0.07211010454577778,-0.13289994735255878,-0.060789842806781,-0.0783655449855102,-1,-1,0,0,1
20230413T142422.A_Curius.B_AE.SCP_01,146,A5,-0.0007943327319184833,0.2637705216111735,0.26456485434309196,0.3153311898703068,-1,1,1,1,0
20230413T142422.A_Curius.B_AE.SCP_01,147,A5,1.0,-1.0,-2.0,-0.187993979511597,1,-1,1,0,0
20230413T142422.A_Curius.B_AE.SCP_01,148,A5,0.0783396147017435,-0.5126132133316021,-0.5909528280333456,-0.13194782267979854,1,-1,1,1,0
20230413T142422.A_Curius.B_AE.SCP_01,149,A5,0.03993140970965484,-0.1324009602167778,-0.17233236992643264,0.09506251494287153,1,-1,1,1,0
20230413T142422.A_Curius.B_AE.SCP_01,150,A5,-0.294313507013282,0.01586280937658278,0.3101763163898648,-0.03710919903638337,-1,1,1,0,0
20230413T142422.A_Curius.B_AE.SCP_01,151,A5,-0.35484074574250246,-0.035771576795679966,0.31906916894682247,-0.010684470754025519,-1,-1,0,0,0
20230413T142422.A_Curius.B_AE.SCP_01,152,A5,0.12403446281555057,-0.027777057238423275,-0.15181152005397386,0.020530144225393978,1,-1,1,0,0
20230413T142422.A_Curius.B_AE.SCP_01,153,A5,-0.07567938628428694,-0.3521182718863388,-0.2764388856020519,0.17467453426127028,-1,-1,0,1,0
20230413T142422.A_Curius.B_AE.SCP_01,154,A5,-1.0,-0.04582906266054064,0.9541709373394593,-0.18391702993052683,-1,-1,0,1,0
20230413T142422.A_Curius.B_AE.SCP_01,156,A5,-0.003758408318437128,0.11956526731266214,0.12332367563109926,-0.021233821502596756,-1,1,1,0,0
20230413T142422.A_Curius.B_AE.SCP_01,157,A5,0.0339639164489925,0.0009820223670400476,-0.03298189408195245,0.1381154278603516,1,1,0,0,0
20230413T142422.A_Curius.B_AE.SCP_01,158,A5,-0.10824890202916945,-0.09762745421220696,0.01062144781696249,0.19182765310381897,-1,-1,0,0,0
20230413T142422.A_Curius.B_AE.SCP_01,160,A5,-0.4389387412579369,-0.03677477748789696,0.40216396377003993,0.23941227575549065,-1,-1,0,0,0
20230509T130346.A_Curius.B_SM.SCP_01,1,A1,-1.0,0.9052291828519485,1.9052291828519485,0.21182943780730337,-1,1,1,1,1
20230509T130346.A_Curius.B_SM.SCP_01,2,A1,0.26255251949440694,0.11772886252353824,-0.14482365697086869,-0.25036446133586304,1,1,0,0,0
20230509T130346.A_Curius.B_SM.SCP_01,3,A1,0.04796059467609779,0.04632879379198363,-0.0016318008841141596,0.08858319871359878,1,1,0,1,1
20230509T130346.A_Curius.B_SM.SCP_01,4,A1,-0.031417318504172516,0.026780213422616377,0.05819753192678889,0.28313791388854603,-1,1,1,1,0
20230509T130346.A_Curius.B_SM.SCP_01,5,A1,0.49686578505241813,0.6204749624490005,0.12360917739658234,0.2599004549738625,1,1,0,0,0
20230509T130346.A_Curius.B_SM.SCP_01,6,A1,0.085996247480589,-0.22561097289127519,-0.31160722037186417,0.4286078295812863,1,-1,1,1,1
20230509T130346.A_Curius.B_SM.SCP_01,7,A1,-0.04410483052383983,0.9413027128115758,0.9854075433354157,0.39654817205982346,-1,1,1,1,1
20230509T130346.A_Curius.B_SM.SCP_01,8,A1,-0.11158171351716299,0.7587635502370389,0.8703452637542018,0.09874340403406422,-1,1,1,1,1
20230509T130346.A_Curius.B_SM.SCP_01,9,A1,1.0,1.0,0.0,0.6614898910347546,1,1,0,1,1
20230509T130346.A_Curius.B_SM.SCP_01,10,A1,0.07038728430132918,0.06768012265936527,-0.002707161641963912,0.1544857649098704,1,1,0,1,1
20230509T130346.A_Curius.B_SM.SCP_01,11,A1,0.3829569244921453,1.0,0.6170430755078546,0.6016785707327456,1,1,0,1,1
20230509T130346.A_Curius.B_SM.SCP_01,12,A1,0.13780323865438485,0.4923528729840704,0.35454963432968556,0.3776586293081843,1,1,0,1,1
20230509T130346.A_Curius.B_SM.SCP_01,13,A1,0.10978475892719423,0.3102425395462274,0.20045778061903313,0.3920049877230511,1,1,0,1,1
20230509T130346.A_Curius.B_SM.SCP_01,14,A1,0.2568265371686184,0.4361321319753962,0.17930559480677777,0.37069821545432347,1,1,0,1,1
20230509T130346.A_Curius.B_SM.SCP_01,15,A1,0.586075472904494,1.0,0.413924527095506,0.8145734607122471,1,1,0,1,1
20230509T130346.A_Curius.B_SM.SCP_01,16,A1,1.0,0.489625729347568,-0.510374270652432,0.24920688182634104,1,1,0,1,1
20230509T130346.A_Curius.B_SM.SCP_01,17,A1,0.07654421748389731,1.0,0.9234557825161027,0.6644248795968952,1,1,0,1,1
20230509T130346.A_Curius.B_SM.SCP_01,18,A1,-1.0,0.7058551053358432,1.7058551053358433,0.5993559174121863,-1,1,1,1,1
20230509T130346.A_Curius.B_SM.SCP_01,19,A1,0.5968605648568169,0.515596683084965,-0.08126388177185195,0.2213443906358539,1,1,0,1,1
20230509T130346.A_Curius.B_SM.SCP_01,20,A1,-0.2788989487988608,1.0,1.2788989487988607,0.029500588295309188,-1,1,1,1,1
20230509T130346.A_Curius.B_SM.SCP_01,21,A1,0.3188367285120148,1.0,0.6811632714879852,0.6368829840355839,1,1,0,1,1
20230509T130346.A_Curius.B_SM.SCP_01,22,A1,-0.5202499060689315,-0.2133227333825053,0.3069271726864262,0.9191885361923364,-1,-1,0,1,1
20230509T130346.A_Curius.B_SM.SCP_01,23,A1,0.3956521994845648,1.0,0.6043478005154352,0.7729622118948095,1,1,0,1,1
20230509T130346.A_Curius.B_SM.SCP_01,24,A1,-0.19632868791124652,1.0,1.1963286879112465,0.2818626513588998,-1,1,1,1,1
20230509T130346.A_Curius.B_SM.SCP_01,25,A1,0.9523218986109143,1.0,0.04767810138908568,0.738305160431642,1,1,0,1,1
20230509T130346.A_Curius.B_SM.SCP_01,26,A1,0.2696195308428734,0.3988924952858055,0.12927296444293213,0.537975216770711,1,1,0,1,1
20230509T130346.A_Curius.B_SM.SCP_01,27,A1,0.7080396329680012,1.0,0.2919603670319988,0.5137908087455121,1,1,0,1,1
20230509T130346.A_Curius.B_SM.SCP_01,28,A1,0.17315854361953142,0.2576651512441522,0.08450660762462076,0.1740383056449624,1,1,0,1,0
20230509T130346.A_Curius.B_SM.SCP_01,29,A1,0.10337526667192311,1.0,0.8966247333280769,0.35285099672339587,1,1,0,1,1
20230509T130346.A_Curius.B_SM.SCP_01,30,A1,1.0,1.0,0.0,0.8366093320844129,1,1,0,1,1
20230509T130346.A_Curius.B_SM.SCP_01,31,A1,0.11861196276713373,0.6023009698219963,0.4836890070548626,0.6065620451609738,1,1,0,1,1
20230509T130346.A_Curius.B_SM.SCP_01,32,A1,1.0,1.0,0.0,0.849507141176538,1,1,0,1,1
20230509T130346.A_Curius.B_SM.SCP_01,33,A2,-0.4790718157698435,0.786232939575163,1.2653047553450065,0.1758133101781855,-1,1,1,1,1
20230509T130346.A_Curius.B_SM.SCP_01,34,A2,0.7763024298422202,-0.02020785120327703,-0.7965102810454973,0.3003859019211434,1,-1,1,0,1
20230509T130346.A_Curius.B_SM.SCP_01,35,A2,0.09596440260206576,-0.3829262645771484,-0.47889066717921414,-0.0510693542775992,1,-1,1,1,0
20230509T130346.A_Curius.B_SM.SCP_01,36,A2,0.043530543101310694,0.6574851124370643,0.6139545693357537,0.43840853686724385,1,1,0,1,1
20230509T130346.A_Curius.B_SM.SCP_01,37,A2,-0.0010139599251741398,-0.03498470687304246,-0.03397074694786832,-0.024782108242305596,-1,-1,0,0,0
20230509T130346.A_Curius.B_SM.SCP_01,38,A2,1.0,0.9282733687685109,-0.07172663123148915,0.9220670609339425,1,1,0,1,1
20230509T130346.A_Curius.B_SM.SCP_01,39,A2,1.0,1.0,0.0,0.6071163499411987,1,1,0,1,1
20230509T130346.A_Curius.B_SM.SCP_01,40,A2,1.0,0.5977500739074697,-0.4022499260925303,0.5240149150918318,1,1,0,1,0
20230509T130346.A_Curius.B_SM.SCP_01,41,A2,1.0,1.0,0.0,-0.037434521185230406,1,1,0,1,1
20230509T130346.A_Curius.B_SM.SCP_01,42,A2,-0.002475684275490902,0.08234968142487203,0.08482536570036293,0.2140107216679078,-1,1,1,0,0
20230509T130346.A_Curius.B_SM.SCP_01,43,A2,0.21473462861343784,0.4240151754764213,0.20928054686298347,0.12216915875856432,1,1,0,1,1
20230509T130346.A_Curius.B_SM.SCP_01,44,A2,1.0,1.0,0.0,0.002043245605146121,1,1,0,1,1
20230509T130346.A_Curius.B_SM.SCP_01,45,A2,-0.641713514534574,-0.2704579156356447,0.37125559889892934,0.39927729049246113,-1,-1,0,1,1
20230509T130346.A_Curius.B_SM.SCP_01,46,A2,0.0768157238729559,0.16224758169045306,0.08543185781749715,0.2669442430517712,1,1,0,1,1
20230509T130346.A_Curius.B_SM.SCP_01,47,A2,1.0,0.3554105851270293,-0.6445894148729707,0.7786838937107329,1,1,0,1,1
20230509T130346.A_Curius.B_SM.SCP_01,48,A2,0.11230515796424365,0.034553905907445,-0.07775125205679864,0.25698564075459884,1,1,0,0,0
20230509T130346.A_Curius.B_SM.SCP_01,49,A2,0.012733840081717114,-0.04133809403025746,-0.05407193411197458,0.09143983617687422,1,-1,1,0,1
20230509T130346.A_Curius.B_SM.SCP_01,50,A2,0.1055476151030108,0.04582649594774575,-0.059721119155265054,-0.11929808377041551,1,1,0,0,0
20230509T130346.A_Curius.B_SM.SCP_01,51,A2,0.05178744319684206,-0.053593566489600813,-0.10538100968644287,0.458800105587045,1,-1,1,1,1
20230509T130346.A_Curius.B_SM.SCP_01,52,A2,0.6914499733176556,0.09441286039415081,-0.5970371129235048,0.13267969574051933,1,1,0,1,1
20230509T130346.A_Curius.B_SM.SCP_01,53,A2,0.2910321290161836,0.20484630572211557,-0.08618582329406801,0.7611032081505829,1,1,0,1,1
20230509T130346.A_Curius.B_SM.SCP_01,54,A2,0.5144843647622727,0.013021031748779062,-0.5014633330134936,-0.4674654735958314,1,1,0,0,0
20230509T130346.A_Curius.B_SM.SCP_01,55,A2,-0.04023559379390283,0.654584672598114,0.6948202663920169,0.07310003225753488,-1,1,1,1,1
20230509T130346.A_Curius.B_SM.SCP_01,56,A2,-0.8876611232246177,-0.1186059486925178,0.7690551745320998,0.3445356329383387,-1,-1,0,1,1
20230509T130346.A_Curius.B_SM.SCP_01,57,A2,-1.0,-1.0,0.0,0.6061259299571731,-1,-1,0,1,1
20230509T130346.A_Curius.B_SM.SCP_01,58,A2,0.39187580386354176,0.10130376624285242,-0.29057203762068934,-0.2008172777269618,1,1,0,0,0
20230509T130346.A_Curius.B_SM.SCP_01,59,A2,0.6897531673721652,0.5841255499968283,-0.10562761737533688,0.531346374745633,1,1,0,1,1
20230509T130346.A_Curius.B_SM.SCP_01,60,A2,0.1404919004103285,0.5541629663015275,0.413671065891199,0.3670334378014064,1,1,0,1,0
20230509T130346.A_Curius.B_SM.SCP_01,61,A2,1.0,1.0,0.0,0.7527048663114337,1,1,0,1,1
20230509T130346.A_Curius.B_SM.SCP_01,62,A2,0.4794195564996536,1.0,0.5205804435003464,0.38992417205550367,1,1,0,1,1
20230509T130346.A_Curius.B_SM.SCP_01,63,A2,0.5997797003222051,1.0,0.40022029967779493,0.6246798911905287,1,1,0,1,1
20230509T130346.A_Curius.B_SM.SCP_01,64,A2,-0.4152703694615825,0.01102229722689912,0.42629266668848165,-0.04380611566371871,-1,1,1,0,0
20230509T130346.A_Curius.B_SM.SCP_01,65,A3,-0.06384712572330478,-0.05099698953220144,0.01285013619110334,0.21643706653666758,-1,-1,0,1,1
20230509T130346.A_Curius.B_SM.SCP_01,66,A3,0.3902065877659905,-1.0,-1.3902065877659906,0.9501472131260853,1,-1,1,1,1
20230509T130346.A_Curius.B_SM.SCP_01,67,A3,0.2497965753267913,-0.2016972049534344,-0.4514937802802257,0.9834762001756783,1,-1,1,1,1
20230509T130346.A_Curius.B_SM.SCP_01,68,A3,0.41456886574869867,0.34234507855413476,-0.0722237871945639,0.9280856822455191,1,1,0,1,1
20230509T130346.A_Curius.B_SM.SCP_01,69,A3,-1.0,-1.0,0.0,0.8200492201851379,-1,-1,0,1,1
20230509T130346.A_Curius.B_SM.SCP_01,70,A3,1.0,1.0,0.0,0.8419667109223011,1,1,0,1,1
20230509T130346.A_Curius.B_SM.SCP_01,71,A3,-1.0,-1.0,0.0,0.9333235145955154,-1,-1,0,1,1
20230509T130346.A_Curius.B_SM.SCP_01,72,A3,-0.14370200568003633,0.12761835600954172,0.27132036168957807,0.24593524095364927,-1,1,1,1,1
20230509T130346.A_Curius.B_SM.SCP_01,73,A3,-0.435081800685055,0.031975514816146446,0.46705731550120144,-0.03245633061569695,-1,1,1,0,0
20230509T130346.A_Curius.B_SM.SCP_01,74,A3,0.08860413697102645,-0.043692130294666516,-0.13229626726569296,0.1082345646359769,1,-1,1,1,0
20230509T130346.A_Curius.B_SM.SCP_01,75,A3,1.0,0.7364379314107842,-0.2635620685892158,0.9468101087234003,1,1,0,1,1
20230509T130346.A_Curius.B_SM.SCP_01,76,A3,0.5967616138431627,1.0,0.40323838615683727,0.9208323770869979,1,1,0,1,1
20230509T130346.A_Curius.B_SM.SCP_01,77,A3,-1.0,-0.11926562953767843,0.8807343704623216,0.8560463169391985,-1,-1,0,1,1
20230509T130346.A_Curius.B_SM.SCP_01,78,A3,0.3647023038595889,0.12090270916756236,-0.24379959469202656,0.8714605669591167,1,1,0,1,1
20230509T130346.A_Curius.B_SM.SCP_01,79,A3,-0.34576820116894724,-0.23518242590592223,0.11058577526302502,0.49798193715691424,-1,-1,0,1,1
20230509T130346.A_Curius.B_SM.SCP_01,80,A3,1.0,0.30934656259062787,-0.6906534374093721,0.42100823158389034,1,1,0,1,1
20230509T130346.A_Curius.B_SM.SCP_01,81,A3,0.12368424050017851,-0.08680140619801897,-0.21048564669819747,0.9311725994448151,1,-1,1,1,1
20230509T130346.A_Curius.B_SM.SCP_01,82,A3,0.5640351599721374,0.07735501948571524,-0.48668014048642216,0.7312468927696028,1,1,0,1,1
20230509T130346.A_Curius.B_SM.SCP_01,83,A3,-1.0,-1.0,0.0,0.8272780094634777,-1,-1,0,1,1
20230509T130346.A_Curius.B_SM.SCP_01,84,A3,-0.5574536558315838,-1.0,-0.4425463441684162,0.5345644175427791,-1,-1,0,1,1
20230509T130346.A_Curius.B_SM.SCP_01,85,A3,1.0,1.0,0.0,0.9565327828025613,1,1,0,1,1
20230509T130346.A_Curius.B_SM.SCP_01,86,A3,0.5957072121699531,1.0,0.40429278783004685,0.8592418472306147,1,1,0,1,1
20230509T130346.A_Curius.B_SM.SCP_01,87,A3,-0.36168441657709316,-1.0,-0.6383155834229068,0.22815639487477782,-1,-1,0,1,1
20230509T130346.A_Curius.B_SM.SCP_01,88,A3,-0.5257413980172859,-1.0,-0.4742586019827141,0.7675518193904161,-1,-1,0,1,1
20230509T130346.A_Curius.B_SM.SCP_01,89,A3,-0.13685657616940247,0.11738492385678033,0.2542415000261828,0.2862698683418969,-1,1,1,1,0
20230509T130346.A_Curius.B_SM.SCP_01,90,A3,0.13350233622082855,-0.00444433322859055,-0.1379466694494191,-0.136425554789868,1,-1,1,0,0
20230509T130346.A_Curius.B_SM.SCP_01,91,A3,0.10513317002817509,-0.051037583068633985,-0.15617075309680906,0.5082469591389273,1,-1,1,1,1
20230509T130346.A_Curius.B_SM.SCP_01,92,A3,0.06797360636922178,1.0,0.9320263936307782,0.4428903871624597,1,1,0,1,0
20230509T130346.A_Curius.B_SM.SCP_01,93,A3,-0.08840195637127661,0.19062782590332863,0.27902978227460523,0.8315189821648059,-1,1,1,1,1
20230509T130346.A_Curius.B_SM.SCP_01,94,A3,-1.0,-0.9580926831260836,0.041907316873916356,0.802820674135449,-1,-1,0,1,1
20230509T130346.A_Curius.B_SM.SCP_01,95,A3,1.0,1.0,0.0,0.8684335851850166,1,1,0,1,1
20230509T130346.A_Curius.B_SM.SCP_01,96,A3,-0.01617570227579872,0.039107803942274325,0.05528350621807304,0.19887931926034322,-1,1,1,1,0
20230509T130346.A_Curius.B_SM.SCP_01,97,A4,1.0,1.0,0.0,0.026360156778283923,1,1,0,1,1
20230509T130346.A_Curius.B_SM.SCP_01,98,A4,-0.17943312577230575,-0.005313059873132489,0.17412006589917325,0.15736237315281565,-1,-1,0,0,0
20230509T130346.A_Curius.B_SM.SCP_01,99,A4,0.14090453150751003,0.10657779896457886,-0.03432673254293117,0.23927400204759294,1,1,0,0,0
20230509T130346.A_Curius.B_SM.SCP_01,100,A4,-0.015830228923003956,0.07171843599687688,0.08754866491988084,0.14202870375957846,-1,1,1,0,1
20230509T130346.A_Curius.B_SM.SCP_01,101,A4,-0.058048597009155614,0.6166740831771044,0.67472268018626,0.016334813450923198,-1,1,1,0,0
20230509T130346.A_Curius.B_SM.SCP_01,102,A4,1.0,0.5098869619020696,-0.4901130380979304,0.11889882307281488,1,1,0,0,1
20230509T130346.A_Curius.B_SM.SCP_01,103,A4,-0.05240038889533272,-0.011377579207130104,0.04102280968820261,-0.12170607502923443,-1,-1,0,0,0
20230509T130346.A_Curius.B_SM.SCP_01,104,A4,0.2158237988705387,0.11699767267588314,-0.09882612619465557,0.15086002124934328,1,1,0,0,0
20230509T130346.A_Curius.B_SM.SCP_01,105,A4,0.06129937667918837,0.3782354107617735,0.31693603408258514,0.8670303816650868,1,1,0,1,1
20230509T130346.A_Curius.B_SM.SCP_01,106,A4,-0.2678648899871635,0.05485412507598469,0.3227190150631482,-0.1841251785740198,-1,1,1,0,0
20230509T130346.A_Curius.B_SM.SCP_01,107,A4,0.09755800334595648,0.08054834556106585,-0.017009657784890622,0.20820370725165768,1,1,0,0,0
20230509T130346.A_Curius.B_SM.SCP_01,108,A4,-0.10987779341617981,-0.15799623798065307,-0.048118444564473256,0.2507839354688768,-1,-1,0,0,0
20230509T130346.A_Curius.B_SM.SCP_01,109,A4,1.0,-0.02738050550692757,-1.0273805055069276,0.054062448330930615,1,-1,1,0,0
20230509T130346.A_Curius.B_SM.SCP_01,110,A4,0.7777780942728845,0.13112603878070594,-0.6466520554921785,-0.19184543281796354,1,1,0,0,0
20230509T130346.A_Curius.B_SM.SCP_01,111,A4,-0.6694661927297981,0.5532300883738533,1.2226962811036515,-0.120598956875982,-1,1,1,0,0
20230509T130346.A_Curius.B_SM.SCP_01,112,A4,-0.1173190773629099,0.21310743766250229,0.3304265150254122,0.2087407022104367,-1,1,1,0,0
20230509T130346.A_Curius.B_SM.SCP_01,113,A4,-1.0,-1.0,0.0,0.028604683768237854,-1,-1,0,0,0
20230509T130346.A_Curius.B_SM.SCP_01,114,A4,-1.0,-0.3350424392039828,0.6649575607960172,0.1314808849635675,-1,-1,0,0,1
20230509T130346.A_Curius.B_SM.SCP_01,115,A4,0.18052114037653733,0.13071747895293423,-0.049803661423603096,-0.030281657017439487,1,1,0,0,0
20230509T130346.A_Curius.B_SM.SCP_01,116,A4,-0.034635348271212674,0.32526872034324367,0.35990406861445634,0.0061491425731948655,-1,1,1,0,0
20230509T130346.A_Curius.B_SM.SCP_01,117,A4,-1.0,1.0,2.0,-0.14343902184810564,-1,1,1,0,0
20230509T130346.A_Curius.B_SM.SCP_01,118,A4,-0.18397767966198067,-0.03939855227504791,0.14457912738693277,-0.09468437002255976,-1,-1,0,0,0
20230509T130346.A_Curius.B_SM.SCP_01,119,A4,0.6978518679762327,-0.05043343538989269,-0.7482853033661253,-0.359143836835183,1,-1,1,0,0
20230509T130346.A_Curius.B_SM.SCP_01,120,A4,0.08819254764596236,-0.08648197193542546,-0.17467451958138783,0.47594231031893386,1,-1,1,0,0
20230509T130346.A_Curius.B_SM.SCP_01,121,A4,-0.5477985296896097,0.4597444807496363,1.007543010439246,0.4156655962508524,-1,1,1,1,1
20230509T130346.A_Curius.B_SM.SCP_01,122,A4,-1.0,0.7777344365366384,1.7777344365366385,0.2540153127520252,-1,1,1,1,1
20230509T130346.A_Curius.B_SM.SCP_01,124,A4,0.11607939913246601,-0.1471385728550088,-0.2632179719874748,0.03298755036290221,1,-1,1,0,0
20230509T130346.A_Curius.B_SM.SCP_01,125,A4,-0.26209485906011515,-0.35777320667780915,-0.095678347617694,0.14662210271268766,-1,-1,0,0,0
20230509T130346.A_Curius.B_SM.SCP_01,126,A4,0.3956123309077775,0.08727004133617071,-0.30834228957160675,0.2551212849182789,1,1,0,0,0
20230509T130346.A_Curius.B_SM.SCP_01,127,A4,0.37864959343746885,-0.1092332997932661,-0.48788289323073497,0.06701200572267117,1,-1,1,0,0
20230509T130346.A_Curius.B_SM.SCP_01,128,A4,0.16036641733063178,-0.0515558226406223,-0.2119222399712541,0.0628440976828035,1,-1,1,0,0
20230509T130346.A_Curius.B_SM.SCP_01,129,A5,-0.37439955317779,-0.37517008387988554,-0.0007705307020955399,0.6401448564222741,-1,-1,0,1,1
20230509T130346.A_Curius.B_SM.SCP_01,130,A5,0.015452583299669982,0.17305571455367427,0.1576031312540043,0.32322323504507317,1,1,0,1,1
20230509T130346.A_Curius.B_SM.SCP_01,131,A5,-0.37826869849794637,0.18518453743215038,0.5634532359300968,0.5269844715092545,-1,1,1,1,1
20230509T130346.A_Curius.B_SM.SCP_01,132,A5,0.5960377197870024,1.0,0.4039622802129976,0.4151060165069697,1,1,0,1,1
20230509T130346.A_Curius.B_SM.SCP_01,133,A5,-0.18250036804668104,-1.0,-0.817499631953319,0.1698158009727454,-1,-1,0,1,1
20230509T130346.A_Curius.B_SM.SCP_01,134,A5,0.12768593553183222,0.8616732189306343,0.7339872833988021,0.9278247275158867,1,1,0,1,1
20230509T130346.A_Curius.B_SM.SCP_01,135,A5,0.07042596184882768,0.3526025254181798,0.28217656356935217,0.43270603585213036,1,1,0,1,1
20230509T130346.A_Curius.B_SM.SCP_01,136,A5,-1.0,0.15507165218026142,1.1550716521802613,0.19743640051285732,-1,1,1,1,1
20230509T130346.A_Curius.B_SM.SCP_01,137,A5,-0.23836841668526784,-1.0,-0.7616315833147321,0.290903785396318,-1,-1,0,1,1
20230509T130346.A_Curius.B_SM.SCP_01,138,A5,-0.27064394811087217,-0.4664832440991184,-0.19583929598824623,0.8039140596379478,-1,-1,0,1,1
20230509T130346.A_Curius.B_SM.SCP_01,139,A5,-0.1373156005583644,0.522349685623132,0.6596652861814964,0.10440584251652378,-1,1,1,1,1
20230509T130346.A_Curius.B_SM.SCP_01,140,A5,0.1259137082184752,0.14641947493245316,0.02050576671397797,0.528572471086478,1,1,0,1,1
20230509T130346.A_Curius.B_SM.SCP_01,141,A5,-0.012614499074156944,-0.016669026005827738,-0.004054526931670794,0.0029520469044026264,-1,-1,0,0,0
20230509T130346.A_Curius.B_SM.SCP_01,142,A5,-0.4171802738523258,-0.2761521793160167,0.1410280945363091,0.6159271266396253,-1,-1,0,1,1
20230509T130346.A_Curius.B_SM.SCP_01,143,A5,-1.0,-1.0,0.0,-0.31782027963194426,-1,-1,0,0,0
20230509T130346.A_Curius.B_SM.SCP_01,144,A5,1.0,-0.524032947631163,-1.524032947631163,0.003431587549433693,1,-1,1,0,0
20230509T130346.A_Curius.B_SM.SCP_01,145,A5,-0.12265104281345228,1.0,1.1226510428134522,0.26673758970409817,-1,1,1,1,1
20230509T130346.A_Curius.B_SM.SCP_01,146,A5,-0.44411827052950803,-0.24726884616818295,0.19684942436132508,0.8958683313445903,-1,-1,0,1,1
20230509T130346.A_Curius.B_SM.SCP_01,147,A5,0.13248833282049868,-0.12141312467638013,-0.2539014574968788,0.43710580295741486,1,-1,1,1,1
20230509T130346.A_Curius.B_SM.SCP_01,148,A5,0.14069199534578414,0.25345118026226726,0.11275918491648312,0.32494764047764285,1,1,0,1,1
20230509T130346.A_Curius.B_SM.SCP_01,149,A5,-0.16637899348339716,0.5556968085467933,0.7220758020301904,0.24347359643182168,-1,1,1,1,1
20230509T130346.A_Curius.B_SM.SCP_01,150,A5,-0.05838226598614392,-0.19803136804159932,-0.1396491020554554,-0.18072197488369368,-1,-1,0,1,1
20230509T130346.A_Curius.B_SM.SCP_01,151,A5,0.2655285799027646,-0.013261200817350592,-0.27878978072011523,-0.06257299800259722,1,-1,1,1,0
20230509T130346.A_Curius.B_SM.SCP_01,152,A5,1.0,-0.8208405676730036,-1.8208405676730037,0.08194365443307479,1,-1,1,0,0
20230509T130346.A_Curius.B_SM.SCP_01,153,A5,-0.011995886973769583,0.25598683943861134,0.2679827264123809,0.13716575748993598,-1,1,1,1,1
20230509T130346.A_Curius.B_SM.SCP_01,154,A5,1.0,-0.6521997942337551,-1.6521997942337552,-0.3600942298804973,1,-1,1,0,0
20230509T130346.A_Curius.B_SM.SCP_01,155,A5,-0.06765992413327442,0.1668138674903175,0.23447379162359194,0.0019496528048943793,-1,1,1,0,0
20230509T130346.A_Curius.B_SM.SCP_01,156,A5,-0.15716116777484254,-0.2405498097881945,-0.08338864201335197,0.1280065502776054,-1,-1,0,0,0
20230509T130346.A_Curius.B_SM.SCP_01,157,A5,-0.8629705040793985,-0.007408790920949303,0.8555617131584492,0.2721648755659994,-1,-1,0,0,0
20230509T130346.A_Curius.B_SM.SCP_01,158,A5,0.29323436133450254,0.21654410967696575,-0.07669025165753679,0.02972677381572058,1,1,0,1,0
20230509T130346.A_Curius.B_SM.SCP_01,159,A5,1.0,-1.0,-2.0,0.041982722705328206,1,-1,1,0,0
20230509T130346.A_Curius.B_SM.SCP_01,160,A5,1.0,-0.17099618445501313,-1.1709961844550132,-0.15753733132204947,1,-1,1,0,0
20230511T142916.A_Curius.B_SM.SCP_01,1,A1,-1.0,-0.21890350624207386,0.7810964937579261,0.12689503126740975,-1,-1,0,1,1
20230511T142916.A_Curius.B_SM.SCP_01,3,A1,0.9322643241028743,0.13289859101110385,-0.7993657330917705,0.15302107780781332,1,1,0,1,1
20230511T142916.A_Curius.B_SM.SCP_01,4,A1,0.2606492766757119,0.15380258968640925,-0.10684668698930266,-0.18416193867200967,1,1,0,1,1
20230511T142916.A_Curius.B_SM.SCP_01,6,A1,-0.3572564888876422,-0.015483345674756685,0.34177314321288554,-0.014920567204117302,-1,-1,0,0,0
20230511T142916.A_Curius.B_SM.SCP_01,7,A1,1.0,-0.6617921702215623,-1.6617921702215623,0.11974319208919938,1,-1,1,1,1
20230511T142916.A_Curius.B_SM.SCP_01,8,A1,1.0,0.8329049757944407,-0.16709502420555933,1.2939746984092868e-05,1,1,0,1,0
20230511T142916.A_Curius.B_SM.SCP_01,9,A1,0.523910179675636,0.0945536611878964,-0.4293565184877396,0.33726540040262065,1,1,0,1,0
20230511T142916.A_Curius.B_SM.SCP_01,10,A1,0.18134124129304136,-0.16609936172392778,-0.3474406030169691,0.009849478911991217,1,-1,1,1,1
20230511T142916.A_Curius.B_SM.SCP_01,11,A1,0.051388476409916096,0.6194392046206276,0.5680507282107116,0.4964227119674484,1,1,0,1,1
20230511T142916.A_Curius.B_SM.SCP_01,12,A1,1.0,-0.16598371425935193,-1.1659837142593519,0.5036130707442135,1,-1,1,1,1
20230511T142916.A_Curius.B_SM.SCP_01,13,A1,0.3894057941727623,-0.08712116038287714,-0.4765269545556394,0.021046144045463917,1,-1,1,1,1
20230511T142916.A_Curius.B_SM.SCP_01,14,A1,0.3158949133552259,-0.16800221728454992,-0.4838971306397758,0.1638335338450379,1,-1,1,1,0
20230511T142916.A_Curius.B_SM.SCP_01,15,A1,0.7287182761150804,0.4596738552847884,-0.26904442083029206,0.5498343721465097,1,1,0,1,1
20230511T142916.A_Curius.B_SM.SCP_01,16,A1,1.0,-0.009803100008981571,-1.0098031000089815,0.4879774071677341,1,-1,1,1,1
20230511T142916.A_Curius.B_SM.SCP_01,17,A1,0.27269817029902793,-0.2824794145061277,-0.5551775848051557,0.3954796568895908,1,-1,1,1,1
20230511T142916.A_Curius.B_SM.SCP_01,18,A1,-1.0,-0.1417330996028554,0.8582669003971446,0.3781671669299753,-1,-1,0,1,1
20230511T142916.A_Curius.B_SM.SCP_01,19,A1,1.0,-0.07747435154535813,-1.0774743515453582,0.7731456754430934,1,-1,1,1,1
20230511T142916.A_Curius.B_SM.SCP_01,20,A1,-1.0,-1.0,0.0,0.4998944635453304,-1,-1,0,1,1
20230511T142916.A_Curius.B_SM.SCP_01,21,A1,0.5927589276930806,-0.19200659272658446,-0.7847655204196651,0.6073998695124452,1,-1,1,1,1
20230511T142916.A_Curius.B_SM.SCP_01,22,A1,0.42385559602165374,-0.46291662825082314,-0.8867722242724769,0.4288924420117275,1,-1,1,1,1
20230511T142916.A_Curius.B_SM.SCP_01,23,A1,0.4283140659494766,0.018291811052721076,-0.4100222548967555,0.3877654443489898,1,1,0,1,0
20230511T142916.A_Curius.B_SM.SCP_01,24,A1,-0.34535983029085415,-0.6843813052806221,-0.339021474989768,0.10121683259798357,-1,-1,0,1,1
20230511T142916.A_Curius.B_SM.SCP_01,25,A1,1.0,0.5862094923580874,-0.4137905076419126,0.6063443881538436,1,1,0,1,1
20230511T142916.A_Curius.B_SM.SCP_01,26,A1,-0.23819838626143508,-0.10211853998420414,0.13607984627723094,0.10853350176198112,-1,-1,0,1,1
20230511T142916.A_Curius.B_SM.SCP_01,27,A1,0.4211626293625547,1.0,0.5788373706374452,0.623485227891345,1,1,0,1,1
20230511T142916.A_Curius.B_SM.SCP_01,28,A1,-0.1101136092611592,1.0,1.1101136092611592,0.29325489466696425,-1,1,1,1,1
20230511T142916.A_Curius.B_SM.SCP_01,29,A1,1.0,-0.11945098224585146,-1.1194509822458514,0.17537875858956709,1,-1,1,1,1
20230511T142916.A_Curius.B_SM.SCP_01,30,A1,0.5548474107248832,0.5693518197556077,0.014504409030724474,0.49612229613491177,1,1,0,1,1
20230511T142916.A_Curius.B_SM.SCP_01,31,A1,0.4082348285024249,-1.0,-1.4082348285024249,0.09668588754140069,1,-1,1,1,1
20230511T142916.A_Curius.B_SM.SCP_01,32,A1,1.0,1.0,0.0,0.3807227166213698,1,1,0,1,0
20230511T142916.A_Curius.B_SM.SCP_01,33,A2,-0.2611163987331921,0.10634526479762664,0.3674616635308187,0.049220602140649376,-1,1,1,0,0
20230511T142916.A_Curius.B_SM.SCP_01,34,A2,0.36295743133006586,0.02284728610955308,-0.3401101452205128,-0.02619284272322901,1,1,0,0,0
20230511T142916.A_Curius.B_SM.SCP_01,36,A2,-0.19715754981410683,-1.0,-0.8028424501858932,0.15939092015530135,-1,-1,0,1,1
20230511T142916.A_Curius.B_SM.SCP_01,37,A2,-0.18884769933115184,-0.025973557954496886,0.16287414137665496,-0.026136521597019027,-1,-1,0,0,0
20230511T142916.A_Curius.B_SM.SCP_01,38,A2,0.9168228267152555,0.1738307669335458,-0.7429920597817097,0.8425353598159007,1,1,0,1,1
20230511T142916.A_Curius.B_SM.SCP_01,39,A2,0.3539222494536957,-0.6240670127271919,-0.9779892621808877,0.21786818312683906,1,-1,1,1,0
20230511T142916.A_Curius.B_SM.SCP_01,40,A2,-0.23710120610958818,0.11765719703434109,0.35475840314392926,-0.23329096513833247,-1,1,1,1,0
20230511T142916.A_Curius.B_SM.SCP_01,41,A2,0.756838593542272,-0.6846042516234269,-1.4414428451656989,0.06788908088387,1,-1,1,1,1
20230511T142916.A_Curius.B_SM.SCP_01,42,A2,-0.40131476943157096,-0.17616718970957376,0.2251475797219972,-0.0006851701574669777,-1,-1,0,0,0
20230511T142916.A_Curius.B_SM.SCP_01,43,A2,1.0,-0.12216963414596417,-1.1221696341459642,0.1536572827563048,1,-1,1,1,1
20230511T142916.A_Curius.B_SM.SCP_01,44,A2,-0.27454066979513214,-0.08673935926695067,0.18780131052818147,0.496924050944125,-1,-1,0,1,0
20230511T142916.A_Curius.B_SM.SCP_01,45,A2,-0.3625574004860841,0.2289746952642742,0.5915320957503583,-0.6574776856445202,-1,1,1,1,1
20230511T142916.A_Curius.B_SM.SCP_01,46,A2,-0.2330031379468055,-0.7879034771612149,-0.5549003392144094,0.32364671861307054,-1,-1,0,1,1
20230511T142916.A_Curius.B_SM.SCP_01,47,A2,0.5264859632818151,0.04087659756271506,-0.4856093657191,0.4885781759794858,1,1,0,1,0
20230511T142916.A_Curius.B_SM.SCP_01,48,A2,-0.2664759391118323,-1.0,-0.7335240608881677,0.21033497504874699,-1,-1,0,1,0
20230511T142916.A_Curius.B_SM.SCP_01,49,A2,1.0,1.0,0.0,0.4570430359694545,1,1,0,0,0
20230511T142916.A_Curius.B_SM.SCP_01,50,A2,1.0,0.04179718711932821,-0.9582028128806718,0.34186715254452194,1,1,0,1,0
20230511T142916.A_Curius.B_SM.SCP_01,51,A2,-1.0,-1.0,0.0,0.5195448862877351,-1,-1,0,1,1
20230511T142916.A_Curius.B_SM.SCP_01,52,A2,1.0,-0.39402875688526073,-1.3940287568852607,0.1457518634113259,1,-1,1,1,1
20230511T142916.A_Curius.B_SM.SCP_01,53,A2,0.4753170350266857,-1.0,-1.4753170350266858,0.5258104538113398,1,-1,1,1,1
20230511T142916.A_Curius.B_SM.SCP_01,54,A2,1.0,-0.32532388027094705,-1.325323880270947,0.10507323273693994,1,-1,1,0,0
20230511T142916.A_Curius.B_SM.SCP_01,55,A2,0.34891205734061714,0.34029721625069576,-0.008614841089921388,0.2800196711790836,1,1,0,1,0
20230511T142916.A_Curius.B_SM.SCP_01,57,A2,-1.0,-1.0,0.0,0.35824693536545377,-1,-1,0,1,1
20230511T142916.A_Curius.B_SM.SCP_01,58,A2,-1.0,1.0,2.0,-0.20204225040745974,-1,1,1,0,0
20230511T142916.A_Curius.B_SM.SCP_01,59,A2,-0.28101956125587807,-0.020988320694341978,0.2600312405615361,0.041882049447661066,-1,-1,0,1,0
20230511T142916.A_Curius.B_SM.SCP_01,60,A2,1.0,-0.29806551903952266,-1.2980655190395227,0.08096962802048144,1,-1,1,0,0
20230511T142916.A_Curius.B_SM.SCP_01,61,A2,0.6266802822960458,0.04410907720360489,-0.5825712050924409,0.34712294585715486,1,1,0,1,0
20230511T142916.A_Curius.B_SM.SCP_01,62,A2,-0.10465780070020991,-0.21282379302984078,-0.10816599232963087,-0.0939828069035757,-1,-1,0,0,1
20230511T142916.A_Curius.B_SM.SCP_01,63,A2,1.0,1.0,0.0,0.7304568712723978,1,1,0,1,1
20230511T142916.A_Curius.B_SM.SCP_01,64,A2,-1.0,-0.5127098908971429,0.4872901091028571,0.664472156043861,-1,-1,0,1,1
20230511T142916.A_Curius.B_SM.SCP_01,65,A3,-1.0,-1.0,0.0,0.34859802469690293,-1,-1,0,1,0
20230511T142916.A_Curius.B_SM.SCP_01,66,A3,-1.0,-0.17930917749638464,0.8206908225036154,0.7279057111472137,-1,-1,0,1,1
20230511T142916.A_Curius.B_SM.SCP_01,68,A3,0.13027499837214637,0.22461147421538133,0.09433647584323496,0.7506773188798651,1,1,0,1,1
20230511T142916.A_Curius.B_SM.SCP_01,69,A3,-1.0,-0.13031757943544875,0.8696824205645513,0.7050483982232678,-1,-1,0,1,1
20230511T142916.A_Curius.B_SM.SCP_01,70,A3,0.30328949616957396,0.1693737914859297,-0.13391570468364425,0.884122057466366,1,1,0,1,1
20230511T142916.A_Curius.B_SM.SCP_01,71,A3,-1.0,-1.0,0.0,0.8355441278180749,-1,-1,0,1,1
20230511T142916.A_Curius.B_SM.SCP_01,72,A3,-0.18012767775796984,-0.12964397889038237,0.05048369886758747,0.3680673360941821,-1,-1,0,0,0
20230511T142916.A_Curius.B_SM.SCP_01,73,A3,-0.16116881751952603,0.16829083932902247,0.3294596568485485,0.26568041433424255,-1,1,1,0,0
20230511T142916.A_Curius.B_SM.SCP_01,74,A3,0.041520876348747036,0.8133847936358432,0.7718639172870961,0.6061672409075057,1,1,0,1,0
20230511T142916.A_Curius.B_SM.SCP_01,75,A3,0.3276568374975937,0.08426802595258669,-0.24338881154500702,0.3482478214647972,1,1,0,1,0
20230511T142916.A_Curius.B_SM.SCP_01,76,A3,1.0,-1.0,-2.0,0.5432840914142965,1,-1,1,1,1
20230511T142916.A_Curius.B_SM.SCP_01,77,A3,-1.0,-0.28861404450820904,0.711385955491791,0.5477909361150934,-1,-1,0,1,1
20230511T142916.A_Curius.B_SM.SCP_01,78,A3,0.08528621845390151,-0.05676472015004463,-0.14205093860394613,0.7340977340064948,1,-1,1,1,1
20230511T142916.A_Curius.B_SM.SCP_01,79,A3,-0.07953807466022633,0.03254203976449634,0.11208011442472268,0.4303222535304393,-1,1,1,1,1
20230511T142916.A_Curius.B_SM.SCP_01,80,A3,-0.9649052413413379,0.17603542561542693,1.1409406669567648,0.40140854611733284,-1,1,1,0,0
20230511T142916.A_Curius.B_SM.SCP_01,81,A3,-1.0,-0.0029246456778671205,0.9970753543221329,0.8257196923220905,-1,-1,0,1,1
20230511T142916.A_Curius.B_SM.SCP_01,82,A3,-0.3045790824696006,-0.09120252860204436,0.21337655386755622,0.8087006917124593,-1,-1,0,1,1
20230511T142916.A_Curius.B_SM.SCP_01,83,A3,-1.0,-0.12110228608877847,0.8788977139112215,-0.20511286326948155,-1,-1,0,0,0
20230511T142916.A_Curius.B_SM.SCP_01,84,A3,-0.30858331373369996,0.15684703516254456,0.4654303488962445,0.0534704105890648,-1,1,1,1,1
20230511T142916.A_Curius.B_SM.SCP_01,85,A3,0.9265228449317701,1.0,0.07347715506822994,0.9240006086941815,1,1,0,1,1
20230511T142916.A_Curius.B_SM.SCP_01,86,A3,-0.6084858731000967,-0.46486377964358117,0.14362209345651555,-0.011263953898256235,-1,-1,0,1,0
20230511T142916.A_Curius.B_SM.SCP_01,87,A3,-1.0,-0.8194784788148923,0.18052152118510767,-0.2678966861950885,-1,-1,0,1,1
20230511T142916.A_Curius.B_SM.SCP_01,88,A3,-0.5447215235758955,-0.2252261462632947,0.3194953773126008,0.170757882894508,-1,-1,0,1,0
20230511T142916.A_Curius.B_SM.SCP_01,89,A3,0.705308029037596,0.4983406409459176,-0.20696738809167842,0.47718925065186774,1,1,0,0,1
20230511T142916.A_Curius.B_SM.SCP_01,90,A3,0.21821369837882876,-0.029499744342256003,-0.24771344272108475,0.10954110412918458,1,-1,1,0,0
20230511T142916.A_Curius.B_SM.SCP_01,91,A3,-0.8606500629252948,-0.30083849430076964,0.5598115686245251,0.1427979917515103,-1,-1,0,1,0
20230511T142916.A_Curius.B_SM.SCP_01,92,A3,0.8689506996037832,0.4092580140683484,-0.45969268553543485,0.5766160847919072,1,1,0,1,0
20230511T142916.A_Curius.B_SM.SCP_01,93,A3,-0.689170914554289,-0.508741887773071,0.18042902678121797,0.7629642249637322,-1,-1,0,1,0
20230511T142916.A_Curius.B_SM.SCP_01,94,A3,-0.34648754564357,-0.6181237073556505,-0.2716361617120805,0.22801790425905968,-1,-1,0,1,0
20230511T142916.A_Curius.B_SM.SCP_01,95,A3,1.0,1.0,0.0,0.8613135542813456,1,1,0,1,1
20230511T142916.A_Curius.B_SM.SCP_01,96,A3,0.8503637301058048,1.0,0.1496362698941952,0.23329615865361514,1,1,0,0,0
20230511T142916.A_Curius.B_SM.SCP_01,97,A4,0.4051141204833353,-0.0032324328367238637,-0.40834655332005915,-0.25995071586219687,1,-1,1,0,0
20230511T142916.A_Curius.B_SM.SCP_01,98,A4,1.0,0.08847831474168856,-0.9115216852583115,0.021609923137271444,1,1,0,0,0
20230511T142916.A_Curius.B_SM.SCP_01,99,A4,-0.18382504941559918,-0.024844823846309566,0.15898022556928962,-0.26822403555043817,-1,-1,0,0,0
20230511T142916.A_Curius.B_SM.SCP_01,100,A4,0.03895771934568951,0.21430060352492777,0.17534288417923827,-0.04912405927266583,1,1,0,0,0
20230511T142916.A_Curius.B_SM.SCP_01,101,A4,0.2705500880246877,0.0010101242241014913,-0.2695399638005862,-0.012044747253220491,1,1,0,0,0
20230511T142916.A_Curius.B_SM.SCP_01,103,A4,-0.10084703145780059,0.03857027489294074,0.13941730635074134,0.3495865845921407,-1,1,1,0,0
20230511T142916.A_Curius.B_SM.SCP_01,104,A4,-0.18351790781142893,0.039502046503337454,0.2230199543147664,-0.01650551210302693,-1,1,1,0,0
20230511T142916.A_Curius.B_SM.SCP_01,105,A4,-0.49411749916902614,-0.016133512418786394,0.47798398675023973,0.11894941637838656,-1,-1,0,0,0
20230511T142916.A_Curius.B_SM.SCP_01,106,A4,0.08334984597417816,0.24642296958947124,0.16307312361529308,0.1420173065168669,1,1,0,0,0
20230511T142916.A_Curius.B_SM.SCP_01,107,A4,-0.1553904488165221,0.19412521195202959,0.3495156607685517,-0.17149402156896568,-1,1,1,0,0
20230511T142916.A_Curius.B_SM.SCP_01,108,A4,-0.007697281586648147,0.0486579697362307,0.056355251322878844,0.023278123023814556,-1,1,1,0,0
20230511T142916.A_Curius.B_SM.SCP_01,109,A4,0.18627434264611245,0.026141883215207887,-0.16013245943090457,-0.46644354837793983,1,1,0,0,0
20230511T142916.A_Curius.B_SM.SCP_01,110,A4,0.005516559099211017,-0.4144991846991542,-0.4200157437983652,-0.2380420202428319,1,-1,1,0,0
20230511T142916.A_Curius.B_SM.SCP_01,111,A4,-0.38740936420987543,0.15629785750027775,0.5437072217101532,-0.17738630822732948,-1,1,1,0,0
20230511T142916.A_Curius.B_SM.SCP_01,112,A4,-1.0,0.15440618328429806,1.154406183284298,0.05026450864468168,-1,1,1,0,0
20230511T142916.A_Curius.B_SM.SCP_01,114,A4,0.4514807776431395,0.10269539834071785,-0.34878537930242165,0.10122635753479287,1,1,0,0,0
20230511T142916.A_Curius.B_SM.SCP_01,116,A4,-0.13396712074408088,-0.2289157508724148,-0.09494863012833393,-0.03695001947905895,-1,-1,0,0,0
20230511T142916.A_Curius.B_SM.SCP_01,117,A4,1.0,-0.9687793948236038,-1.9687793948236036,-0.33874089385630374,1,-1,1,0,0
20230511T142916.A_Curius.B_SM.SCP_01,119,A4,-1.0,0.02089463626040628,1.0208946362604063,0.10262149330647728,-1,1,1,0,0
20230511T142916.A_Curius.B_SM.SCP_01,121,A4,-0.43855955785723744,-0.06497479456124967,0.3735847632959878,0.3817572542700125,-1,-1,0,1,1
20230511T142916.A_Curius.B_SM.SCP_01,122,A4,-1.0,0.15623502907769315,1.1562350290776933,0.25702850895157753,-1,1,1,1,1
20230511T142916.A_Curius.B_SM.SCP_01,123,A4,-0.19879729959210699,0.629017491343028,0.827814790935135,-0.1699345922844282,-1,1,1,0,0
20230511T142916.A_Curius.B_SM.SCP_01,124,A4,0.45518373228505254,-0.07878210068984835,-0.5339658329749009,0.28357083329468985,1,-1,1,0,1
20230511T142916.A_Curius.B_SM.SCP_01,125,A4,0.13404253189470203,0.04746139988069056,-0.08658113201401146,0.30244058995055345,1,1,0,0,0
20230511T142916.A_Curius.B_SM.SCP_01,126,A4,-0.06485050591349244,-0.2543807446164387,-0.18953023870294627,0.2678296555674404,-1,-1,0,0,0
20230511T142916.A_Curius.B_SM.SCP_01,127,A4,-1.0,-1.0,0.0,-0.18300981379411366,-1,-1,0,0,0
20230511T142916.A_Curius.B_SM.SCP_01,129,A5,-0.29905688492496885,-0.10139076942886432,0.19766611549610452,-0.04201415101292515,-1,-1,0,1,0
20230511T142916.A_Curius.B_SM.SCP_01,130,A5,0.6226389833366804,0.9268834829616541,0.3042444996249737,0.6544560117616381,1,1,0,1,1
20230511T142916.A_Curius.B_SM.SCP_01,132,A5,-0.36131224352688834,0.2724841663527435,0.6337964098796318,0.1337597391346849,-1,1,1,0,0
20230511T142916.A_Curius.B_SM.SCP_01,133,A5,0.4643307066215519,0.23653511387770865,-0.22779559274384326,0.19287846206192333,1,1,0,0,0
20230511T142916.A_Curius.B_SM.SCP_01,134,A5,1.0,1.0,0.0,0.6741329218941899,1,1,0,1,1
20230511T142916.A_Curius.B_SM.SCP_01,135,A5,0.26916132678730964,-0.00033159147575748647,-0.26949291826306715,0.29384509689084487,1,-1,1,1,1
20230511T142916.A_Curius.B_SM.SCP_01,136,A5,1.0,0.5636828272110566,-0.43631717278894344,0.0820787951432081,1,1,0,1,0
20230511T142916.A_Curius.B_SM.SCP_01,137,A5,-0.23999869397948362,1.0,1.2399986939794836,0.22315711045251393,-1,1,1,1,1
20230511T142916.A_Curius.B_SM.SCP_01,138,A5,-0.6542916190974407,0.5196365592464609,1.1739281783439015,0.5054816583121289,-1,1,1,1,1
20230511T142916.A_Curius.B_SM.SCP_01,139,A5,-0.4928804495649263,0.8440908108605161,1.3369712604254425,0.47166566924915654,-1,1,1,1,0
20230511T142916.A_Curius.B_SM.SCP_01,142,A5,-0.16816759055929825,-0.8119354694981821,-0.6437678789388839,0.528252144366473,-1,-1,0,1,0
20230511T142916.A_Curius.B_SM.SCP_01,143,A5,1.0,0.8242363543090839,-0.17576364569091607,-0.14645048960398324,1,1,0,0,0
20230511T142916.A_Curius.B_SM.SCP_01,144,A5,-0.27786347922700055,0.008335428520569078,0.2861989077475696,-0.18321533778055882,-1,1,1,0,0
20230511T142916.A_Curius.B_SM.SCP_01,145,A5,-0.1580115989354098,1.0,1.1580115989354098,-0.06312025300445587,-1,1,1,1,1
20230511T142916.A_Curius.B_SM.SCP_01,146,A5,-0.1457252042926016,0.5525919564948304,0.698317160787432,0.7698761189059808,-1,1,1,1,1
20230511T142916.A_Curius.B_SM.SCP_01,147,A5,1.0,0.4814135037047524,-0.5185864962952476,0.6164574925872935,1,1,0,1,1
20230511T142916.A_Curius.B_SM.SCP_01,148,A5,1.0,0.4212672116547477,-0.5787327883452523,0.4469812302265144,1,1,0,1,1
20230511T142916.A_Curius.B_SM.SCP_01,149,A5,-0.10757552392856351,0.6056035512236594,0.7131790751522229,0.32115353632976085,-1,1,1,1,0
20230511T142916.A_Curius.B_SM.SCP_01,150,A5,-0.026301198188236802,0.3026846080011326,0.3289858061893694,0.14122026179586258,-1,1,1,1,0
20230511T142916.A_Curius.B_SM.SCP_01,151,A5,1.0,0.8072835586342326,-0.19271644136576738,0.057936872883849855,1,1,0,0,0
20230511T142916.A_Curius.B_SM.SCP_01,152,A5,-1.0,-0.07263216207100691,0.9273678379289931,0.026650388964730102,-1,-1,0,0,0
20230511T142916.A_Curius.B_SM.SCP_01,153,A5,-0.12110234313881936,0.034873977757763006,0.15597632089658237,-0.030008532002431813,-1,1,1,1,1
20230511T142916.A_Curius.B_SM.SCP_01,155,A5,0.31409210685348576,0.019815474106871393,-0.29427663274661436,-0.21282106481516835,1,1,0,0,0
20230511T142916.A_Curius.B_SM.SCP_01,157,A5,-0.40877503516288016,0.9432225158639208,1.351997551026801,-0.012087839365874977,-1,1,1,0,0
20230511T142916.A_Curius.B_SM.SCP_01,158,A5,0.00037267888023143314,0.11255402421105272,0.11218134533082129,0.05563193688914557,1,1,0,0,0
20230511T142916.A_Curius.B_SM.SCP_01,159,A5,-0.48889855696228884,0.08208378765202189,0.5709823446143107,0.1237763283777775,-1,1,1,0,0
20230518T135808.A_Curius.B_SM.SCP_01,1,A1,-1.0,0.002930644157523126,1.0029306441575232,0.6032553306467311,-1,1,1,1,1
20230518T135808.A_Curius.B_SM.SCP_01,3,A1,0.2551194412377757,0.2646258352284207,0.009506393990645012,0.5147214364394043,1,1,0,1,1
20230518T135808.A_Curius.B_SM.SCP_01,4,A1,0.3629408118102049,-0.04566056241671627,-0.40860137422692117,0.1145837773767691,1,-1,1,1,1
20230518T135808.A_Curius.B_SM.SCP_01,5,A1,0.6408372130951212,0.6050903736126261,-0.03574683948249513,0.05105987220029012,1,1,0,1,1
20230518T135808.A_Curius.B_SM.SCP_01,6,A1,0.2491485550060585,-0.011388267680375371,-0.26053682268643386,-0.028656802435297495,1,-1,1,1,0
20230518T135808.A_Curius.B_SM.SCP_01,7,A1,0.3766312907282611,-0.13274002055817552,-0.5093713112864366,-0.07848028217243937,1,-1,1,1,1
20230518T135808.A_Curius.B_SM.SCP_01,8,A1,1.0,0.5801419505789729,-0.4198580494210271,-0.00018500949711397862,1,1,0,0,0
20230518T135808.A_Curius.B_SM.SCP_01,9,A1,1.0,0.39655267184931314,-0.6034473281506869,0.5160992358524179,1,1,0,1,1
20230518T135808.A_Curius.B_SM.SCP_01,10,A1,0.5741802644992211,1.0,0.4258197355007789,0.0779549819123018,1,1,0,1,1
20230518T135808.A_Curius.B_SM.SCP_01,11,A1,0.13551225269523864,0.7773246015460261,0.6418123488507874,0.7762125023587444,1,1,0,1,1
20230518T135808.A_Curius.B_SM.SCP_01,12,A1,1.0,0.07801588938737863,-0.9219841106126214,0.6811939496898003,1,1,0,1,1
20230518T135808.A_Curius.B_SM.SCP_01,13,A1,0.06264388262362196,0.2090176022072465,0.14637371958362455,0.7203663130778172,1,1,0,1,1
20230518T135808.A_Curius.B_SM.SCP_01,14,A1,0.1571666534948658,0.2386211512879512,0.08145449779308539,0.031040792548014333,1,1,0,1,1
20230518T135808.A_Curius.B_SM.SCP_01,15,A1,-0.727397405402592,-0.5694492771068206,0.15794812829577143,0.7958393660627731,-1,-1,0,1,1
20230518T135808.A_Curius.B_SM.SCP_01,16,A1,0.5530036332922905,1.0,0.4469963667077095,0.8701398020676105,1,1,0,1,1
20230518T135808.A_Curius.B_SM.SCP_01,17,A1,0.2564137793505226,0.03794303845055227,-0.21847074089997034,0.5010428517960217,1,1,0,1,1
20230518T135808.A_Curius.B_SM.SCP_01,18,A1,1.0,1.0,0.0,0.10607909837800293,1,1,0,1,1
20230518T135808.A_Curius.B_SM.SCP_01,19,A1,1.0,0.05199216957886336,-0.9480078304211367,0.546909981637398,1,1,0,1,1
20230518T135808.A_Curius.B_SM.SCP_01,20,A1,-1.0,-0.5710997261481617,0.42890027385183827,0.5290395958606925,-1,-1,0,1,1
20230518T135808.A_Curius.B_SM.SCP_01,21,A1,0.3070680184431171,1.0,0.6929319815568828,0.8231075481637857,1,1,0,1,1
20230518T135808.A_Curius.B_SM.SCP_01,22,A1,-1.0,-1.0,0.0,0.17229546791925832,-1,-1,0,1,1
20230518T135808.A_Curius.B_SM.SCP_01,23,A1,0.3540005169620054,0.34964858205588956,-0.004351934906115851,0.22207040460179664,1,1,0,1,1
20230518T135808.A_Curius.B_SM.SCP_01,24,A1,-0.19476969287049456,0.6904912486208632,0.8852609414913577,0.020638868559594903,-1,1,1,1,1
20230518T135808.A_Curius.B_SM.SCP_01,25,A1,1.0,1.0,0.0,0.7696951668525692,1,1,0,1,1
20230518T135808.A_Curius.B_SM.SCP_01,26,A1,0.23846839352256657,0.22464784661917248,-0.013820546903394099,0.7722354139290476,1,1,0,1,1
20230518T135808.A_Curius.B_SM.SCP_01,27,A1,0.87764473516905,1.0,0.12235526483095005,0.6753480615687055,1,1,0,1,1
20230518T135808.A_Curius.B_SM.SCP_01,28,A1,-3.586748342704177e-05,0.4053628550832881,0.40539872256671516,0.7153596071143653,-1,1,1,1,1
20230518T135808.A_Curius.B_SM.SCP_01,29,A1,0.12032509420809481,-0.12478577344618344,-0.24511086765427825,0.43813369373233163,1,-1,1,1,1
20230518T135808.A_Curius.B_SM.SCP_01,30,A1,1.0,1.0,0.0,0.7319982347597407,1,1,0,1,1
20230518T135808.A_Curius.B_SM.SCP_01,31,A1,-0.05413862018027407,-0.46303796806797065,-0.40889934788769655,0.29724325292341963,-1,-1,0,1,1
20230518T135808.A_Curius.B_SM.SCP_01,32,A1,0.9700780072803978,1.0,0.029921992719602164,0.9004426938757653,1,1,0,1,1
20230518T135808.A_Curius.B_SM.SCP_01,33,A2,-0.4321809955779082,0.005833427024542401,0.4380144226024506,0.09579301658720454,-1,1,1,1,0
20230518T135808.A_Curius.B_SM.SCP_01,36,A2,-0.5387517946470082,-0.40295686702044275,0.13579492762656542,-0.13047987814375642,-1,-1,0,1,0
20230518T135808.A_Curius.B_SM.SCP_01,37,A2,-0.20182678496937367,-0.007372542996140537,0.19445424197323313,-0.029048898966249136,-1,-1,0,0,0
20230518T135808.A_Curius.B_SM.SCP_01,38,A2,1.0,0.8602817011573186,-0.1397182988426814,0.749226851511618,1,1,0,1,1
20230518T135808.A_Curius.B_SM.SCP_01,39,A2,-1.0,0.04487406369574678,1.0448740636957468,0.2151420641013199,-1,1,1,1,0
20230518T135808.A_Curius.B_SM.SCP_01,40,A2,-1.0,-0.11681120940542782,0.8831887905945722,0.22396494141967005,-1,-1,0,1,1
20230518T135808.A_Curius.B_SM.SCP_01,41,A2,-0.07803445999730428,-1.0,-0.9219655400026957,-0.3826448922100696,-1,-1,0,1,1
20230518T135808.A_Curius.B_SM.SCP_01,42,A2,1.0,0.0013526303509972372,-0.9986473696490028,-0.3304941646298822,1,1,0,0,0
20230518T135808.A_Curius.B_SM.SCP_01,43,A2,1.0,-0.0013394474235305551,-1.0013394474235306,0.21755562440253312,1,-1,1,1,1
20230518T135808.A_Curius.B_SM.SCP_01,44,A2,0.8395327431079407,0.2036118455111728,-0.6359208975967678,-0.21577288341332396,1,1,0,1,0
20230518T135808.A_Curius.B_SM.SCP_01,45,A2,-1.0,-0.6837977847675702,0.31620221523242975,-0.0678541748647401,-1,-1,0,1,0
20230518T135808.A_Curius.B_SM.SCP_01,46,A2,-0.32663835836067173,1.0,1.3266383583606718,0.05087718258498148,-1,1,1,1,1
20230518T135808.A_Curius.B_SM.SCP_01,47,A2,1.0,1.0,0.0,0.7983590424645969,1,1,0,1,1
20230518T135808.A_Curius.B_SM.SCP_01,48,A2,-1.0,-0.302081495246092,0.697918504753908,0.17120399028321598,-1,-1,0,1,0
20230518T135808.A_Curius.B_SM.SCP_01,49,A2,0.27456381725731044,-0.010961124058579493,-0.28552494131588996,-0.07147987506924579,1,-1,1,0,0
20230518T135808.A_Curius.B_SM.SCP_01,50,A2,0.7314326412699288,-0.41980055176665526,-1.151233193036584,0.3934321251134693,1,-1,1,1,0
20230518T135808.A_Curius.B_SM.SCP_01,51,A2,-0.6032572014408815,0.29067353379658895,0.8939307352374704,-0.04287539381093663,-1,1,1,1,0
20230518T135808.A_Curius.B_SM.SCP_01,52,A2,1.0,0.903359828923794,-0.09664017107620604,0.39116620959594667,1,1,0,1,1
20230518T135808.A_Curius.B_SM.SCP_01,53,A2,0.20305144172686704,0.3677023173475794,0.16465087562071237,0.027153537595975573,1,1,0,1,0
20230518T135808.A_Curius.B_SM.SCP_01,54,A2,0.17745447984765425,-0.010756002553991877,-0.18821048240164612,-0.11137114749472792,1,-1,1,1,0
20230518T135808.A_Curius.B_SM.SCP_01,55,A2,-0.19972732978130972,-0.012822409602412273,0.18690492017889745,-0.07993404705240009,-1,-1,0,1,0
20230518T135808.A_Curius.B_SM.SCP_01,56,A2,-1.0,-0.13626894599930295,0.863731054000697,0.17377338292583142,-1,-1,0,1,1
20230518T135808.A_Curius.B_SM.SCP_01,57,A2,-0.6565209393400071,-0.9245341139944507,-0.26801317465444363,-0.37005213267646103,-1,-1,0,1,0
20230518T135808.A_Curius.B_SM.SCP_01,58,A2,0.2544485970529367,-0.013594355716272186,-0.2680429527692089,-0.05594077144147015,1,-1,1,0,0
20230518T135808.A_Curius.B_SM.SCP_01,59,A2,0.081959361113669,0.08310870025758071,0.001149339143911715,0.18930586190537219,1,1,0,1,0
20230518T135808.A_Curius.B_SM.SCP_01,60,A2,-0.1290148600868401,0.17721243557818422,0.3062272956650243,0.09407145754846802,-1,1,1,0,0
20230518T135808.A_Curius.B_SM.SCP_01,61,A2,1.0,-0.415965314171824,-1.415965314171824,0.5457839771503674,1,-1,1,1,1
20230518T135808.A_Curius.B_SM.SCP_01,62,A2,-0.3237779632169276,-0.2195131830673986,0.104264780149529,0.4176866635016237,-1,-1,0,1,1
20230518T135808.A_Curius.B_SM.SCP_01,63,A2,0.26186578112178993,0.3392001776209198,0.07733439649912988,0.6443391352680045,1,1,0,1,1
20230518T135808.A_Curius.B_SM.SCP_01,64,A2,-0.8399144134550516,-1.0,-0.16008558654494842,0.8430774906425776,-1,-1,0,1,1
20230518T135808.A_Curius.B_SM.SCP_01,65,A3,-0.015630183670913726,-0.20661200082461048,-0.19098181715369675,0.5341544468697578,-1,-1,0,1,1
20230518T135808.A_Curius.B_SM.SCP_01,67,A3,1.0,1.0,0.0,0.3263026588256519,1,1,0,1,1
20230518T135808.A_Curius.B_SM.SCP_01,69,A3,-1.0,1.0,2.0,0.45131099365359173,-1,1,1,1,1
20230518T135808.A_Curius.B_SM.SCP_01,70,A3,0.863750891086766,0.6135970601107877,-0.2501538309759782,0.5463785070207897,1,1,0,1,1
20230518T135808.A_Curius.B_SM.SCP_01,71,A3,-1.0,1.0,2.0,0.7521470022460233,-1,1,1,1,1
20230518T135808.A_Curius.B_SM.SCP_01,72,A3,0.33963651933120786,0.1612517034417635,-0.17838481588944435,-0.04962034552048144,1,1,0,1,0
20230518T135808.A_Curius.B_SM.SCP_01,74,A3,-0.6416070382883665,1.0,1.6416070382883665,0.1265537767272426,-1,1,1,1,0
20230518T135808.A_Curius.B_SM.SCP_01,75,A3,0.4858155376919106,0.05959895804847761,-0.426216579643433,0.6943987915845993,1,1,0,1,0
20230518T135808.A_Curius.B_SM.SCP_01,77,A3,-1.0,-1.0,0.0,0.9213467474906013,-1,-1,0,1,1
20230518T135808.A_Curius.B_SM.SCP_01,78,A3,-0.06362813489131451,0.3687970503995822,0.43242518529089674,0.3610068749422228,-1,1,1,1,1
20230518T135808.A_Curius.B_SM.SCP_01,79,A3,-1.0,-1.0,0.0,0.24080865528596543,-1,-1,0,1,1
20230518T135808.A_Curius.B_SM.SCP_01,80,A3,-1.0,-0.8831822526490193,0.11681774735098072,0.8380180651799563,-1,-1,0,1,1
20230518T135808.A_Curius.B_SM.SCP_01,81,A3,0.1585010175432477,0.18497414612852,0.026473128585272315,0.4408297486162983,1,1,0,1,0
20230518T135808.A_Curius.B_SM.SCP_01,82,A3,0.05407314850612672,0.667606218454957,0.6135330699488303,0.7722406117853294,1,1,0,1,1
20230518T135808.A_Curius.B_SM.SCP_01,83,A3,-1.0,1.0,2.0,0.5571364507977935,-1,1,1,1,1
20230518T135808.A_Curius.B_SM.SCP_01,84,A3,-0.1305858079167749,0.0018311345344130094,0.1324169424511879,-0.2256719859702179,-1,1,1,1,1
20230518T135808.A_Curius.B_SM.SCP_01,85,A3,0.8010920479272858,1.0,0.19890795207271417,0.7565310097414548,1,1,0,1,1
20230518T135808.A_Curius.B_SM.SCP_01,86,A3,-0.20006760571445178,0.11818381581171962,0.3182514215261714,-0.04022818642044751,-1,1,1,1,0
20230518T135808.A_Curius.B_SM.SCP_01,87,A3,1.0,0.885845173731538,-0.11415482626846196,0.1439615217363567,1,1,0,1,1
20230518T135808.A_Curius.B_SM.SCP_01,88,A3,0.5323303897327114,0.11729447150313421,-0.4150359182295772,0.23160966719905435,1,1,0,1,0
20230518T135808.A_Curius.B_SM.SCP_01,89,A3,0.7023732287932913,-0.09726220763085269,-0.799635436424144,0.053678352497191786,1,-1,1,1,0
20230518T135808.A_Curius.B_SM.SCP_01,90,A3,0.21241605054473836,0.0197096846495002,-0.19270636589523815,-0.10234703476720644,1,1,0,1,0
20230518T135808.A_Curius.B_SM.SCP_01,92,A3,-0.5117937051546099,-0.06088741911227079,0.45090628604233907,-0.18147968260481395,-1,-1,0,0,0
20230518T135808.A_Curius.B_SM.SCP_01,93,A3,-0.013372628876784873,0.3422509054045688,0.3556235342813537,0.46356296431534166,-1,1,1,1,0
20230518T135808.A_Curius.B_SM.SCP_01,94,A3,1.0,-0.18034354583719436,-1.1803435458371943,-0.15071695040135002,1,-1,1,1,0
20230518T135808.A_Curius.B_SM.SCP_01,95,A3,-0.3310067472248901,0.41483802162893924,0.7458447688538293,0.7714796324014301,-1,1,1,1,1
20230518T135808.A_Curius.B_SM.SCP_01,96,A3,0.061489788204999396,-0.10061258991070739,-0.16210237811570677,0.0804885405790801,1,-1,1,0,0
20230518T135808.A_Curius.B_SM.SCP_01,97,A4,0.2816516199751342,-0.016658516749200658,-0.2983101367243349,0.0010739680206484994,1,-1,1,1,0
20230518T135808.A_Curius.B_SM.SCP_01,98,A4,1.0,-1.0,-2.0,0.033303924106040494,1,-1,1,0,0
20230518T135808.A_Curius.B_SM.SCP_01,99,A4,0.2142635362617992,-0.009401882299426019,-0.2236654185612252,-0.09162353923067848,1,-1,1,0,0
20230518T135808.A_Curius.B_SM.SCP_01,100,A4,0.3024604430420029,0.0278937248388666,-0.27456671820313633,-0.24063559637765844,1,1,0,0,0
20230518T135808.A_Curius.B_SM.SCP_01,101,A4,0.01822636388634656,0.0023457198391701574,-0.015880644047176404,-0.06496623284746188,1,1,0,0,0
20230518T135808.A_Curius.B_SM.SCP_01,102,A4,0.2546929191346345,0.23089539817113675,-0.023797520963497742,0.1605478152383586,1,1,0,0,0
20230518T135808.A_Curius.B_SM.SCP_01,103,A4,1.0,-0.04187915094951999,-1.04187915094952,-0.10870599251713996,1,-1,1,0,0
20230518T135808.A_Curius.B_SM.SCP_01,104,A4,0.2801706733836767,-0.007811198563966327,-0.287981871947643,-0.1733214404611954,1,-1,1,0,0
20230518T135808.A_Curius.B_SM.SCP_01,105,A4,-0.4337587727316994,0.01515516870528311,0.4489139414369825,0.1067276104677705,-1,1,1,1,0
20230518T135808.A_Curius.B_SM.SCP_01,106,A4,-0.9268547313770135,0.23498447290413635,1.1618392042811498,-0.04210254234343725,-1,1,1,0,0
20230518T135808.A_Curius.B_SM.SCP_01,107,A4,0.1469870567417497,-0.06675940440193888,-0.21374646114368856,0.03381561354583852,1,-1,1,0,0
20230518T135808.A_Curius.B_SM.SCP_01,108,A4,0.13763859787341273,0.02026201830188993,-0.11737657957152281,-0.23371929588786236,1,1,0,0,0
20230518T135808.A_Curius.B_SM.SCP_01,109,A4,-0.10502464294477483,0.06244729501516822,0.16747193795994306,0.32888130539986193,-1,1,1,0,0
20230518T135808.A_Curius.B_SM.SCP_01,111,A4,1.0,0.10698668799255925,-0.8930133120074407,0.0888859238112273,1,1,0,0,0
20230518T135808.A_Curius.B_SM.SCP_01,112,A4,-1.0,-0.051271819631139436,0.9487281803688605,-0.20378572438632025,-1,-1,0,0,0
20230518T135808.A_Curius.B_SM.SCP_01,113,A4,-0.6463984085795699,0.024897670840215953,0.6712960794197859,-0.06841623308811193,-1,1,1,0,0
20230518T135808.A_Curius.B_SM.SCP_01,114,A4,0.21647884522803493,1.0,0.783521154771965,0.11394014614017997,1,1,0,0,0
20230518T135808.A_Curius.B_SM.SCP_01,115,A4,-0.494167133504111,0.008333864756350867,0.5025009982604619,-0.16204012447973334,-1,1,1,0,0
20230518T135808.A_Curius.B_SM.SCP_01,116,A4,-0.5078033249315387,0.4879515196054213,0.99575484453696,0.0728114039443218,-1,1,1,0,0
20230518T135808.A_Curius.B_SM.SCP_01,117,A4,-0.661572968853859,-0.582980058399806,0.07859291045405292,0.25315047273588825,-1,-1,0,0,0
20230518T135808.A_Curius.B_SM.SCP_01,118,A4,-0.25406237681933014,0.04013956445328278,0.2942019412726129,0.21965346672587577,-1,1,1,0,0
20230518T135808.A_Curius.B_SM.SCP_01,119,A4,-0.03456636681057462,0.14945189404123915,0.18401826085181378,0.09478832121403229,-1,1,1,0,0
20230518T135808.A_Curius.B_SM.SCP_01,120,A4,0.183455316737753,-0.04007518265753396,-0.22353049939528696,0.003430292938444975,1,-1,1,0,0
20230518T135808.A_Curius.B_SM.SCP_01,121,A4,-0.5097620337753195,-0.11106143054006344,0.398700603235256,0.37538815023177924,-1,-1,0,1,1
20230518T135808.A_Curius.B_SM.SCP_01,122,A4,-0.5458675242884911,-0.19452596803395272,0.35134155625453833,0.34377825077422675,-1,-1,0,1,1
20230518T135808.A_Curius.B_SM.SCP_01,123,A4,0.3238991191886832,0.03557229186415789,-0.2883268273245253,-0.05553391724958657,1,1,0,0,0
20230518T135808.A_Curius.B_SM.SCP_01,124,A4,0.5769193329304402,0.06828799901198762,-0.5086313339184525,0.03059258615701989,1,1,0,0,0
20230518T135808.A_Curius.B_SM.SCP_01,125,A4,0.2025321347635956,-0.26218968453913666,-0.46472181930273226,-0.18871735683219634,1,-1,1,0,0
20230518T135808.A_Curius.B_SM.SCP_01,126,A4,0.08071289068218335,-0.0457530779113282,-0.12646596859351156,-0.09464249682739286,1,-1,1,0,0
20230518T135808.A_Curius.B_SM.SCP_01,128,A4,0.3998522947991171,0.3750967560585545,-0.024755538740562577,0.23140033668696702,1,1,0,0,0
20230518T135808.A_Curius.B_SM.SCP_01,129,A5,0.005121751070391574,0.009202367515440955,0.004080616445049381,0.28064694718819316,1,1,0,1,0
20230518T135808.A_Curius.B_SM.SCP_01,130,A5,-0.28189639964761853,0.10108050904488125,0.3829769086924998,0.28584225316397827,-1,1,1,1,0
20230518T135808.A_Curius.B_SM.SCP_01,132,A5,-0.22060858446052542,-0.17161707491507566,0.04899150954544976,-0.03521491694089178,-1,-1,0,0,0
20230518T135808.A_Curius.B_SM.SCP_01,133,A5,-1.0,-0.5565549319913154,0.44344506800868455,-0.28334378543939426,-1,-1,0,0,0
20230518T135808.A_Curius.B_SM.SCP_01,134,A5,0.09856187962522593,0.6923196026108848,0.5937577229856589,0.6124137316092497,1,1,0,1,1
20230518T135808.A_Curius.B_SM.SCP_01,135,A5,-0.3056102836573801,1.0,1.30561028365738,-0.09596824472308525,-1,1,1,1,1
20230518T135808.A_Curius.B_SM.SCP_01,137,A5,-0.49467160905644836,-0.19582969331830674,0.2988419157381416,-0.40220764865777686,-1,-1,0,1,0
20230518T135808.A_Curius.B_SM.SCP_01,138,A5,-0.30402403391236305,-0.07635181538759007,0.22767221852477298,0.3813770898872394,-1,-1,0,1,1
20230518T135808.A_Curius.B_SM.SCP_01,142,A5,-1.0,0.3264540648921426,1.3264540648921426,0.6965590815173237,-1,1,1,1,1
20230518T135808.A_Curius.B_SM.SCP_01,143,A5,-1.0,-0.19535387604144963,0.8046461239585504,0.39871037989358044,-1,-1,0,0,0
20230518T135808.A_Curius.B_SM.SCP_01,145,A5,-0.8970665633767189,0.2837035898292845,1.1807701532060033,0.2826035574953555,-1,1,1,1,1
20230518T135808.A_Curius.B_SM.SCP_01,146,A5,-0.9112250438651474,-1.0,-0.08877495613485265,0.68778404178737,-1,-1,0,1,1
20230518T135808.A_Curius.B_SM.SCP_01,147,A5,1.0,1.0,0.0,0.47155076253633776,1,1,0,1,1
20230518T135808.A_Curius.B_SM.SCP_01,148,A5,1.0,0.8166361901755667,-0.18336380982443334,0.2106393057872697,1,1,0,1,0
20230518T135808.A_Curius.B_SM.SCP_01,149,A5,-1.0,0.11814273418508454,1.1181427341850845,0.3631570376984326,-1,1,1,1,0
20230518T135808.A_Curius.B_SM.SCP_01,150,A5,-0.07238762318005797,0.06464768502978806,0.13703530820984602,0.05379114433996852,-1,1,1,0,0
20230518T135808.A_Curius.B_SM.SCP_01,151,A5,-1.0,0.29997288927743,1.29997288927743,0.3648012276754888,-1,1,1,0,0
20230518T135808.A_Curius.B_SM.SCP_01,152,A5,-0.9068052703102482,0.2540665500714389,1.160871820381687,0.015908076997114294,-1,1,1,0,0
20230518T135808.A_Curius.B_SM.SCP_01,153,A5,-0.3276346061223966,-0.4246916506162994,-0.09705704449390279,0.07648134536052395,-1,-1,0,1,1
20230518T135808.A_Curius.B_SM.SCP_01,155,A5,-1.0,-0.05555025035913853,0.9444497496408615,0.1469893699461963,-1,-1,0,1,0
20230518T135808.A_Curius.B_SM.SCP_01,157,A5,-1.0,0.43375447861443794,1.4337544786144378,0.3157962420826665,-1,1,1,0,0
20230518T135808.A_Curius.B_SM.SCP_01,158,A5,-1.0,0.08643719074177063,1.0864371907417707,0.26599518642368175,-1,1,1,1,0
20230518T135808.A_Curius.B_SM.SCP_01,159,A5,-0.44899219936465046,-0.06816372901453968,0.3808284703501108,0.18959295890076622,-1,-1,0,0,0
20230518T135808.A_Curius.B_SM.SCP_01,160,A5,-0.10675578143910626,0.029043665670283998,0.13579944710939026,-0.10305038212321838,-1,1,1,0,0
20230523T145755.A_Curius.B_SM.SCP_01,1,A1,1.0,0.3701617440305241,-0.629838255969476,0.2239795028014139,1,1,0,0,0
20230523T145755.A_Curius.B_SM.SCP_01,3,A1,0.35756528174368635,1.0,0.6424347182563137,0.433456137784331,1,1,0,1,1
20230523T145755.A_Curius.B_SM.SCP_01,4,A1,-0.06526710890841125,-0.03696769451390991,0.028299414394501343,0.30510361193808433,-1,-1,0,1,1
20230523T145755.A_Curius.B_SM.SCP_01,5,A1,0.3897252687217723,0.1152097894184633,-0.274515479303309,-0.21198184615510166,1,1,0,0,0
20230523T145755.A_Curius.B_SM.SCP_01,6,A1,-0.11241445417404197,0.0033622137238009074,0.11577666789784288,-0.14928201937470723,-1,1,1,1,0
20230523T145755.A_Curius.B_SM.SCP_01,7,A1,1.0,0.06733756420751899,-0.932662435792481,-0.11793257478612991,1,1,0,1,0
20230523T145755.A_Curius.B_SM.SCP_01,8,A1,0.15554956272204062,0.001993931665206644,-0.15355563105683398,-0.15996547424825464,1,1,0,0,0
20230523T145755.A_Curius.B_SM.SCP_01,9,A1,0.3044258368660151,0.7770515191822802,0.4726256823162651,0.217052224666269,1,1,0,1,1
20230523T145755.A_Curius.B_SM.SCP_01,10,A1,-0.357663842623486,-1.0,-0.6423361573765141,0.4280537550892581,-1,-1,0,1,1
20230523T145755.A_Curius.B_SM.SCP_01,11,A1,0.2510550659502913,0.3317740480764004,0.08071898212610906,0.5603494702274503,1,1,0,1,1
20230523T145755.A_Curius.B_SM.SCP_01,12,A1,-0.6951406243450391,-0.8344157525793052,-0.13927512823426613,0.5283520699478219,-1,-1,0,1,1
20230523T145755.A_Curius.B_SM.SCP_01,13,A1,0.10630505235346481,0.13156705212236414,0.025261999768899326,0.615266146649949,1,1,0,1,1
20230523T145755.A_Curius.B_SM.SCP_01,14,A1,1.0,0.13766709524139145,-0.8623329047586086,0.03816304644250214,1,1,0,1,1
20230523T145755.A_Curius.B_SM.SCP_01,15,A1,-0.4475723648309976,-1.0,-0.5524276351690024,0.85161850212025,-1,-1,0,1,1
20230523T145755.A_Curius.B_SM.SCP_01,16,A1,0.21581705994312628,1.0,0.7841829400568737,0.1646194445986847,1,1,0,1,0
20230523T145755.A_Curius.B_SM.SCP_01,17,A1,-0.2923333811387131,-0.4065783371547792,-0.1142449560160661,0.48108984358598295,-1,-1,0,1,1
20230523T145755.A_Curius.B_SM.SCP_01,18,A1,-0.3191857291334661,-0.5792028294803384,-0.2600171003468723,0.19391800361401923,-1,-1,0,1,1
20230523T145755.A_Curius.B_SM.SCP_01,19,A1,0.4181446391093799,0.01365475259401234,-0.40448988651536755,0.29306077653905804,1,1,0,1,1
20230523T145755.A_Curius.B_SM.SCP_01,20,A1,-0.9021116462065316,-1.0,-0.09788835379346839,0.7666556878145747,-1,-1,0,1,1
20230523T145755.A_Curius.B_SM.SCP_01,21,A1,-0.00019420402721030827,-0.59693661017078,-0.5967424061435698,0.5761998278424014,-1,-1,0,1,1
20230523T145755.A_Curius.B_SM.SCP_01,22,A1,-1.0,-0.3047583212510823,0.6952416787489177,0.4895479692464233,-1,-1,0,1,1
20230523T145755.A_Curius.B_SM.SCP_01,23,A1,0.04650187765282624,-0.21930098570596504,-0.2658028633587913,0.18422824894283882,1,-1,1,1,1
20230523T145755.A_Curius.B_SM.SCP_01,24,A1,-0.0017317778308765176,-1.0,-0.9982682221691235,0.20104322537883587,-1,-1,0,1,1
20230523T145755.A_Curius.B_SM.SCP_01,25,A1,0.9282346660206461,1.0,0.07176533397935392,0.6280331557467118,1,1,0,1,1
20230523T145755.A_Curius.B_SM.SCP_01,26,A1,0.0928498068827021,0.05220978622391775,-0.04064002065878435,0.1820422546028563,1,1,0,1,1
20230523T145755.A_Curius.B_SM.SCP_01,27,A1,-1.0,-1.0,0.0,0.15687619725456967,-1,-1,0,1,1
20230523T145755.A_Curius.B_SM.SCP_01,28,A1,0.34018077703641186,0.10177679500496042,-0.23840398203145144,0.30959760863532615,1,1,0,0,0
20230523T145755.A_Curius.B_SM.SCP_01,29,A1,-0.7925707718893039,0.06079770031261681,0.8533684722019207,0.3661567138182234,-1,1,1,1,1
20230523T145755.A_Curius.B_SM.SCP_01,30,A1,1.0,1.0,0.0,0.6715504928943083,1,1,0,1,1
20230523T145755.A_Curius.B_SM.SCP_01,31,A1,-0.34426356802816155,-0.2088387139841554,0.13542485404400614,0.6182586914800986,-1,-1,0,1,1
20230523T145755.A_Curius.B_SM.SCP_01,32,A1,0.9538492841617274,1.0,0.04615071583827257,0.7194071355596768,1,1,0,1,1
20230523T145755.A_Curius.B_SM.SCP_01,33,A2,0.32839615946722484,0.12651434024696626,-0.20188181922025858,-0.23178435502983336,1,1,0,0,0
20230523T145755.A_Curius.B_SM.SCP_01,37,A2,0.7851628191035099,-0.35185587208380636,-1.1370186911873164,-0.2791692788243519,1,-1,1,1,0
20230523T145755.A_Curius.B_SM.SCP_01,38,A2,1.0,1.0,0.0,0.7586835562458314,1,1,0,1,1
20230523T145755.A_Curius.B_SM.SCP_01,39,A2,1.0,-0.3279278671582784,-1.3279278671582784,0.2849103884518639,1,-1,1,0,0
20230523T145755.A_Curius.B_SM.SCP_01,40,A2,0.7420155276740474,-1.0,-1.7420155276740474,0.22852520365331724,1,-1,1,1,0
20230523T145755.A_Curius.B_SM.SCP_01,41,A2,1.0,-0.3329631938027931,-1.332963193802793,-0.12092941414039172,1,-1,1,1,1
20230523T145755.A_Curius.B_SM.SCP_01,42,A2,0.5834526471573934,-0.00886336405992146,-0.5923160112173149,-0.07430799883306599,1,-1,1,0,0
20230523T145755.A_Curius.B_SM.SCP_01,43,A2,0.5746378184399334,0.2620407595352892,-0.31259705890464423,0.0049764477619378645,1,1,0,1,1
20230523T145755.A_Curius.B_SM.SCP_01,44,A2,1.0,-0.12022132855636256,-1.1202213285563625,-0.35111681030598835,1,-1,1,1,1
20230523T145755.A_Curius.B_SM.SCP_01,45,A2,1.0,-0.35502143686728704,-1.355021436867287,0.41467958137835315,1,-1,1,1,1
20230523T145755.A_Curius.B_SM.SCP_01,46,A2,0.25478743209537724,0.5977822778017254,0.3429948457063482,-0.053630345254843635,1,1,0,1,1
20230523T145755.A_Curius.B_SM.SCP_01,47,A2,1.0,1.0,0.0,0.6735408857454509,1,1,0,1,1
20230523T145755.A_Curius.B_SM.SCP_01,48,A2,0.16726348996666324,-0.13188803020381237,-0.29915152017047564,-0.04647241855513905,1,-1,1,0,0
20230523T145755.A_Curius.B_SM.SCP_01,49,A2,0.5673104388509443,0.07510860870699747,-0.49220183014394686,0.1061131090028608,1,1,0,0,0
20230523T145755.A_Curius.B_SM.SCP_01,50,A2,1.0,-0.18085997236764376,-1.1808599723676438,-0.016437222050897808,1,-1,1,1,0
20230523T145755.A_Curius.B_SM.SCP_01,51,A2,0.07798610190431553,-0.16544521075978152,-0.24343131266409707,-0.021031882959546354,1,-1,1,1,1
20230523T145755.A_Curius.B_SM.SCP_01,52,A2,1.0,0.84800098246407,-0.15199901753593004,0.27385300078221975,1,1,0,1,0
20230523T145755.A_Curius.B_SM.SCP_01,53,A2,-0.005802100695050474,-0.2921970769583899,-0.28639497626333943,-0.10009725511815747,-1,-1,0,1,0
20230523T145755.A_Curius.B_SM.SCP_01,54,A2,1.0,0.1725417581976487,-0.8274582418023513,0.32664622190597964,1,1,0,0,0
20230523T145755.A_Curius.B_SM.SCP_01,55,A2,-0.21149056459677393,-1.0,-0.788509435403226,0.06940466333166072,-1,-1,0,1,0
20230523T145755.A_Curius.B_SM.SCP_01,56,A2,-0.08464942782389283,-0.1272246624276997,-0.04257523460380687,0.32795842000047615,-1,-1,0,1,1
20230523T145755.A_Curius.B_SM.SCP_01,57,A2,-0.5120354489521506,0.014311256687108453,0.526346705639259,0.1353249404111555,-1,1,1,0,0
20230523T145755.A_Curius.B_SM.SCP_01,58,A2,1.0,0.2166792279102882,-0.7833207720897117,0.1800633887553376,1,1,0,0,0
20230523T145755.A_Curius.B_SM.SCP_01,59,A2,0.027874366022057673,0.11971350397105016,0.09183913794899248,0.0929719057349788,1,1,0,1,1
20230523T145755.A_Curius.B_SM.SCP_01,60,A2,1.0,-0.08632849961278435,-1.0863284996127844,0.029685075944620734,1,-1,1,1,0
20230523T145755.A_Curius.B_SM.SCP_01,61,A2,0.8664137172033857,-0.48310865991830304,-1.3495223771216887,0.6809134421287809,1,-1,1,1,1
20230523T145755.A_Curius.B_SM.SCP_01,62,A2,0.008819151743649289,-0.07487480475305712,-0.08369395649670641,0.59187846802977,1,-1,1,1,1
20230523T145755.A_Curius.B_SM.SCP_01,63,A2,0.03476422742975149,0.9324015739372564,0.8976373465075049,0.14854925898903285,1,1,0,1,1
20230523T145755.A_Curius.B_SM.SCP_01,64,A2,-1.0,-1.0,0.0,0.7588593733124585,-1,-1,0,1,1
20230523T145755.A_Curius.B_SM.SCP_01,65,A3,0.055299180186856346,0.05565507678294351,0.0003558965960871671,0.5439941016181525,1,1,0,1,0
20230523T145755.A_Curius.B_SM.SCP_01,66,A3,0.10549237835283272,0.01412329075315521,-0.0913690875996775,0.7153774615836225,1,1,0,1,0
20230523T145755.A_Curius.B_SM.SCP_01,67,A3,1.0,1.0,0.0,0.6415638356208486,1,1,0,1,1
20230523T145755.A_Curius.B_SM.SCP_01,68,A3,1.0,1.0,0.0,0.5433276729435889,1,1,0,1,1
20230523T145755.A_Curius.B_SM.SCP_01,69,A3,-1.0,-0.003637471021595718,0.9963625289784043,-0.05472838558652102,-1,-1,0,1,0
20230523T145755.A_Curius.B_SM.SCP_01,70,A3,-0.07742824486988285,0.16593155258620748,0.24335979745609032,0.5537150504641719,-1,1,1,1,1
20230523T145755.A_Curius.B_SM.SCP_01,71,A3,-1.0,0.2542060729139014,1.2542060729139015,0.6739026850607347,-1,1,1,1,0
20230523T145755.A_Curius.B_SM.SCP_01,72,A3,-0.6498673793008165,-0.004026275494258601,0.6458411038065579,0.20145911133317065,-1,-1,0,0,0
20230523T145755.A_Curius.B_SM.SCP_01,73,A3,-0.3291358536986929,-0.019517267501666765,0.30961858619702615,0.13529561840397702,-1,-1,0,1,0
20230523T145755.A_Curius.B_SM.SCP_01,75,A3,-0.14957324997603658,0.04700441426264915,0.19657766423868572,0.22950080228109496,-1,1,1,1,0
20230523T145755.A_Curius.B_SM.SCP_01,76,A3,-0.05535945904861384,0.07543970919684569,0.13079916824545954,0.3625063846645982,-1,1,1,1,0
20230523T145755.A_Curius.B_SM.SCP_01,77,A3,-0.29942239820177025,-0.10765257196967899,0.19176982623209127,0.7804368893051612,-1,-1,0,1,1
20230523T145755.A_Curius.B_SM.SCP_01,78,A3,0.07096749884935377,0.4809322672214074,0.40996476837205365,0.5621404696422619,1,1,0,1,1
20230523T145755.A_Curius.B_SM.SCP_01,79,A3,0.16855510242211166,-0.007047760103052091,-0.17560286252516374,0.5264762266067876,1,-1,1,1,1
20230523T145755.A_Curius.B_SM.SCP_01,80,A3,-0.9651191695498402,0.2946238823384431,1.2597430518882833,0.6673080307182828,-1,1,1,1,1
20230523T145755.A_Curius.B_SM.SCP_01,81,A3,1.0,0.4028248999789077,-0.5971751000210923,0.8441204194676739,1,1,0,1,1
20230523T145755.A_Curius.B_SM.SCP_01,82,A3,1.0,0.38058600906243956,-0.6194139909375604,0.07924260218363365,1,1,0,1,1
20230523T145755.A_Curius.B_SM.SCP_01,83,A3,0.08805627023154426,-0.07546527076338126,-0.16352154099492552,-0.1614268706455945,1,-1,1,0,0
20230523T145755.A_Curius.B_SM.SCP_01,84,A3,-0.3367223639902776,-0.04830801557086753,0.28841434841941005,0.42842368198144193,-1,-1,0,1,1
20230523T145755.A_Curius.B_SM.SCP_01,85,A3,0.8647108634769257,0.9541415685370963,0.08943070506017059,0.8847817475013354,1,1,0,1,1
20230523T145755.A_Curius.B_SM.SCP_01,87,A3,1.0,1.0,0.0,0.5609089340140477,1,1,0,1,1
20230523T145755.A_Curius.B_SM.SCP_01,88,A3,0.06576510651396104,0.08090742085330314,0.0151423143393421,0.3416680301162212,1,1,0,0,0
20230523T145755.A_Curius.B_SM.SCP_01,89,A3,-1.0,0.10057357346257514,1.1005735734625752,0.07188923260567999,-1,1,1,0,0
20230523T145755.A_Curius.B_SM.SCP_01,90,A3,-0.07978585757864957,0.0022910219189913664,0.08207687949764095,0.18342277039446972,-1,1,1,0,0
20230523T145755.A_Curius.B_SM.SCP_01,91,A3,0.4201318371960416,0.03140099958846427,-0.3887308376075773,-0.0020955339331373874,1,1,0,1,0
20230523T145755.A_Curius.B_SM.SCP_01,93,A3,-0.23566391299749154,0.12696070651558022,0.3626246195130718,0.2684555263380122,-1,1,1,1,0
20230523T145755.A_Curius.B_SM.SCP_01,94,A3,1.0,-0.2521094942433629,-1.2521094942433628,0.06946923412213804,1,-1,1,1,0
20230523T145755.A_Curius.B_SM.SCP_01,95,A3,-0.9971860932783214,-0.1940400174730159,0.8031460758053055,0.25399868912376566,-1,-1,0,1,1
20230523T145755.A_Curius.B_SM.SCP_01,96,A3,-0.9420657355334986,1.0,1.9420657355334985,-0.16980332758595013,-1,1,1,1,0
20230523T145755.A_Curius.B_SM.SCP_01,97,A4,-0.23799519860212895,0.02051971018680281,0.25851490878893174,-0.0712390497135929,-1,1,1,1,0
20230523T145755.A_Curius.B_SM.SCP_01,98,A4,1.0,1.0,0.0,0.14502198292221616,1,1,0,0,0
20230523T145755.A_Curius.B_SM.SCP_01,99,A4,0.9065105096533309,0.07035905922223773,-0.8361514504310932,-0.030973359243867356,1,1,0,0,0
20230523T145755.A_Curius.B_SM.SCP_01,100,A4,-0.414807256495354,-0.09408910285419338,0.32071815364116063,-0.21395388012243208,-1,-1,0,0,0
20230523T145755.A_Curius.B_SM.SCP_01,102,A4,-1.0,0.17678604043736967,1.1767860404373698,0.084892617573077,-1,1,1,0,0
20230523T145755.A_Curius.B_SM.SCP_01,103,A4,0.822048190909016,-1.0,-1.822048190909016,0.199404226148336,1,-1,1,0,0
20230523T145755.A_Curius.B_SM.SCP_01,104,A4,-0.014519485581104469,0.025234766063485268,0.03975425164458973,-0.2861809396146673,-1,1,1,0,0
20230523T145755.A_Curius.B_SM.SCP_01,105,A4,0.014977270217505159,0.056812634472747744,0.041835364255242584,0.5105187164112867,1,1,0,1,0
20230523T145755.A_Curius.B_SM.SCP_01,106,A4,0.2987037465579169,0.020060729852010052,-0.27864301670590685,-0.04861614884110369,1,1,0,0,0
20230523T145755.A_Curius.B_SM.SCP_01,107,A4,0.13897689677689992,0.566030363271094,0.42705346649419407,-0.024258234727746138,1,1,0,0,0
20230523T145755.A_Curius.B_SM.SCP_01,108,A4,-0.2865286901219106,-0.19222463574593482,0.0943040543759758,0.22748081829530445,-1,-1,0,0,0
20230523T145755.A_Curius.B_SM.SCP_01,109,A4,-0.6710810686888916,-0.14125749997571893,0.5298235687131727,0.13720146723154375,-1,-1,0,0,0
20230523T145755.A_Curius.B_SM.SCP_01,111,A4,1.0,1.0,0.0,-0.08187067177981015,1,1,0,0,0
20230523T145755.A_Curius.B_SM.SCP_01,112,A4,0.19974627582731075,0.053275689242517035,-0.14647058658479373,-0.07405681744765,1,1,0,0,0
20230523T145755.A_Curius.B_SM.SCP_01,113,A4,0.007505589679603211,0.03769484544368577,0.030189255764082563,0.011391170184406288,1,1,0,0,0
20230523T145755.A_Curius.B_SM.SCP_01,114,A4,-0.1097643557754568,0.6044038642828844,0.7141682200583412,0.08096047872238699,-1,1,1,0,0
20230523T145755.A_Curius.B_SM.SCP_01,115,A4,-0.19713965121853727,0.013856605484426663,0.21099625670296393,-0.05065350471748766,-1,1,1,0,0
20230523T145755.A_Curius.B_SM.SCP_01,116,A4,0.01801320055459017,-0.07068124326987296,-0.08869444382446313,-0.2060398765530186,1,-1,1,0,0
20230523T145755.A_Curius.B_SM.SCP_01,117,A4,1.0,-0.0175483125694151,-1.0175483125694151,-0.08511087372440307,1,-1,1,0,0
20230523T145755.A_Curius.B_SM.SCP_01,118,A4,-0.014793313709224256,-0.059205734301771624,-0.044412420592547366,-0.0056125648872912305,-1,-1,0,0,0
20230523T145755.A_Curius.B_SM.SCP_01,119,A4,-0.30217865291968943,0.010455615153123626,0.312634268072813,0.02358861135782258,-1,1,1,0,0
20230523T145755.A_Curius.B_SM.SCP_01,121,A4,-0.14427318848568468,-0.5660582451726467,-0.421785056686962,0.3124127403221141,-1,-1,0,1,1
20230523T145755.A_Curius.B_SM.SCP_01,122,A4,-0.9048525349944359,1.0,1.9048525349944359,0.24329815468336766,-1,1,1,1,1
20230523T145755.A_Curius.B_SM.SCP_01,123,A4,-0.2506060032617984,-0.11461865082960501,0.13598735243219337,-0.22273815662854607,-1,-1,0,0,0
20230523T145755.A_Curius.B_SM.SCP_01,124,A4,0.7908213026903035,-0.8488375811286358,-1.6396588838189392,0.3104018281227249,1,-1,1,0,0
20230523T145755.A_Curius.B_SM.SCP_01,125,A4,-1.0,0.43519656421996317,1.4351965642199631,0.005950253525244316,-1,1,1,0,0
20230523T145755.A_Curius.B_SM.SCP_01,126,A4,1.0,-0.22538017631103496,-1.225380176311035,-0.1246858837604807,1,-1,1,0,0
20230523T145755.A_Curius.B_SM.SCP_01,127,A4,-0.5364525812105136,0.03318848153570064,0.5696410627462143,0.047082675750379735,-1,1,1,0,0
20230523T145755.A_Curius.B_SM.SCP_01,128,A4,-1.0,-0.2599872222474921,0.7400127777525078,0.23688328392969193,-1,-1,0,0,0
20230523T145755.A_Curius.B_SM.SCP_01,129,A5,-1.0,-0.46660659466219473,0.5333934053378053,0.25918133178134484,-1,-1,0,1,1
20230523T145755.A_Curius.B_SM.SCP_01,130,A5,-0.7873037246162664,0.440634150521146,1.2279378751374124,0.15045507187615,-1,1,1,1,0
20230523T145755.A_Curius.B_SM.SCP_01,131,A5,0.038820800600221805,0.053170298231860924,0.014349497631639119,-0.3060266471115726,1,1,0,0,0
20230523T145755.A_Curius.B_SM.SCP_01,132,A5,-0.06567677554537057,-0.047625402467008894,0.01805137307836168,0.05853808924751998,-1,-1,0,0,0
20230523T145755.A_Curius.B_SM.SCP_01,133,A5,-1.0,0.06479791384665236,1.0647979138466523,-0.2205484689720493,-1,1,1,1,0
20230523T145755.A_Curius.B_SM.SCP_01,134,A5,0.35341832980057397,0.484898107123807,0.13147977732323302,0.5004790734954252,1,1,0,1,1
20230523T145755.A_Curius.B_SM.SCP_01,135,A5,-0.2783556117263238,0.7220318933574728,1.0003875050837965,-0.3061260120289933,-1,1,1,1,1
20230523T145755.A_Curius.B_SM.SCP_01,136,A5,-1.0,-0.1642176435248496,0.8357823564751504,-0.138630485734057,-1,-1,0,1,0
20230523T145755.A_Curius.B_SM.SCP_01,137,A5,-0.44665545745562135,-0.12111280527140413,0.32554265218421724,0.22190592298547152,-1,-1,0,1,1
20230523T145755.A_Curius.B_SM.SCP_01,138,A5,-0.4338918859549502,-0.11847891269050152,0.31541297326444867,0.5952504729512293,-1,-1,0,1,1
20230523T145755.A_Curius.B_SM.SCP_01,142,A5,-0.6457611196802993,0.13934455094900106,0.7851056706293003,0.5758266353841576,-1,1,1,1,1
20230523T145755.A_Curius.B_SM.SCP_01,143,A5,-1.0,-1.0,0.0,0.08169014151053779,-1,-1,0,0,0
20230523T145755.A_Curius.B_SM.SCP_01,144,A5,-1.0,-0.05052864511172525,0.9494713548882747,-0.026768675098198608,-1,-1,0,0,0
20230523T145755.A_Curius.B_SM.SCP_01,145,A5,-0.6974262449155292,-0.9618204808203585,-0.26439423590482936,0.06536310081663906,-1,-1,0,1,1
20230523T145755.A_Curius.B_SM.SCP_01,146,A5,-0.3069902019007655,-0.327636760971837,-0.020646559071071546,0.7492803671923794,-1,-1,0,1,1
20230523T145755.A_Curius.B_SM.SCP_01,147,A5,-0.3005527048015932,0.1631860534876574,0.4637387582892506,0.5188612753899572,-1,1,1,1,1
20230523T145755.A_Curius.B_SM.SCP_01,148,A5,0.7840920290055334,0.476090037855722,-0.3080019911498114,0.3728988237695249,1,1,0,1,1
20230523T145755.A_Curius.B_SM.SCP_01,149,A5,-0.03673979332502638,-0.09104304801678371,-0.054303254691757334,-0.02488683761876531,-1,-1,0,1,0
20230523T145755.A_Curius.B_SM.SCP_01,150,A5,1.0,-0.4603168619332954,-1.4603168619332954,0.23718472541784916,1,-1,1,1,0
20230523T145755.A_Curius.B_SM.SCP_01,151,A5,-0.05902333513340931,-0.11155023171829366,-0.05252689658488435,-0.24090538981578968,-1,-1,0,0,0
20230523T145755.A_Curius.B_SM.SCP_01,152,A5,0.03842479465325904,0.030261931732384645,-0.008162862920874397,0.16173873028637095,1,1,0,0,0
20230523T145755.A_Curius.B_SM.SCP_01,153,A5,0.009628357197172196,-0.10399167376621063,-0.11362003096338283,0.08586801271211277,1,-1,1,1,1
20230523T145755.A_Curius.B_SM.SCP_01,155,A5,-0.15311383301304843,0.045253500517179183,0.19836733353022762,0.1471068838182926,-1,1,1,0,0
20230523T145755.A_Curius.B_SM.SCP_01,157,A5,-0.37891995826897074,0.18540001077034896,0.5643199690393197,0.26664295951973815,-1,1,1,0,0
20230523T145755.A_Curius.B_SM.SCP_01,158,A5,0.009139135668156776,-0.13349579380769572,-0.1426349294758525,0.037732554984448045,1,-1,1,0,0
20230523T145755.A_Curius.B_SM.SCP_01,159,A5,-0.05927723108960962,0.05420805649045427,0.11348528758006389,0.08581661204626362,-1,1,1,0,0
20230523T145755.A_Curius.B_SM.SCP_01,160,A5,0.2864150941895944,0.05859441766339458,-0.2278206765261998,0.20753224110605006,1,1,0,0,0
20230525T103049.A_Curius.B_SM.SCP_01,1,A1,-0.9799755755691771,-0.09020183481247836,0.8897737407566988,-0.0003621671602295075,-1,-1,0,0,0
20230525T103049.A_Curius.B_SM.SCP_01,3,A1,-0.20856166328820971,-0.004117443030197957,0.20444422025801176,0.29405048070121814,-1,-1,0,1,1
20230525T103049.A_Curius.B_SM.SCP_01,4,A1,-0.15410532315470601,-0.12352177091623762,0.030583552238468398,0.4771358740176505,-1,-1,0,1,1
20230525T103049.A_Curius.B_SM.SCP_01,5,A1,0.18336057962113292,-0.30127665129540826,-0.4846372309165412,0.09980451807732088,1,-1,1,0,0
20230525T103049.A_Curius.B_SM.SCP_01,6,A1,-0.2875504069767058,-0.007550719881670482,0.2799996870950353,0.06796360023313344,-1,-1,0,0,0
20230525T103049.A_Curius.B_SM.SCP_01,7,A1,-0.08325270789511911,1.0,1.083252707895119,-0.10760369684376989,-1,1,1,0,0
20230525T103049.A_Curius.B_SM.SCP_01,8,A1,1.0,0.07757347449519061,-0.9224265255048094,-0.0036225529453708443,1,1,0,0,0
20230525T103049.A_Curius.B_SM.SCP_01,9,A1,-0.1721612823003177,0.6585062946570399,0.8306675769573576,0.24813033296989084,-1,1,1,1,1
20230525T103049.A_Curius.B_SM.SCP_01,10,A1,-0.21481121788033447,0.528913515250745,0.7437247331310795,-0.2186158409895567,-1,1,1,1,1
20230525T103049.A_Curius.B_SM.SCP_01,11,A1,0.12965841813829723,1.0,0.8703415818617027,0.6339961912409021,1,1,0,1,1
20230525T103049.A_Curius.B_SM.SCP_01,12,A1,-0.04029618813256811,1.0,1.040296188132568,0.01744022771458925,-1,1,1,1,1
20230525T103049.A_Curius.B_SM.SCP_01,13,A1,-0.05754135433079321,0.7877325536546197,0.8452739079854129,0.4450538938586551,-1,1,1,1,1
20230525T103049.A_Curius.B_SM.SCP_01,14,A1,0.2168199834384125,0.02519186052318056,-0.19162812291523193,0.16101840666324777,1,1,0,0,1
20230525T103049.A_Curius.B_SM.SCP_01,15,A1,-0.30341136788812156,1.0,1.3034113678881216,0.640637624379747,-1,1,1,1,1
20230525T103049.A_Curius.B_SM.SCP_01,16,A1,0.40336684989162075,1.0,0.5966331501083793,0.6980354799850981,1,1,0,1,1
20230525T103049.A_Curius.B_SM.SCP_01,17,A1,-0.11928443062433314,1.0,1.119284430624333,0.3070389253980691,-1,1,1,1,1
20230525T103049.A_Curius.B_SM.SCP_01,18,A1,1.0,1.0,0.0,0.023364436466826538,1,1,0,1,1
20230525T103049.A_Curius.B_SM.SCP_01,19,A1,0.08855175606869375,0.03713192614753765,-0.0514198299211561,0.14764595673911915,1,1,0,1,1
20230525T103049.A_Curius.B_SM.SCP_01,20,A1,-0.47693297202765317,-0.5271983561962392,-0.05026538416858606,0.6415592359992426,-1,-1,0,1,1
20230525T103049.A_Curius.B_SM.SCP_01,21,A1,-0.009282857369080081,0.05262950837134056,0.06191236574042064,0.4554284609056679,-1,1,1,1,1
20230525T103049.A_Curius.B_SM.SCP_01,22,A1,-0.3432409670401119,0.22595968986050177,0.5692006569006137,0.020722040540242438,-1,1,1,1,0
20230525T103049.A_Curius.B_SM.SCP_01,23,A1,-0.38452486392085367,0.09023459887238873,0.4747594627932424,0.1673072590945549,-1,1,1,1,1
20230525T103049.A_Curius.B_SM.SCP_01,24,A1,-0.16638641938234391,0.17056450214909,0.3369509215314339,-0.2522095100904499,-1,1,1,1,1
20230525T103049.A_Curius.B_SM.SCP_01,25,A1,-0.14250871379558222,0.663478955047903,0.8059876688434853,0.6220300333702204,-1,1,1,1,1
20230525T103049.A_Curius.B_SM.SCP_01,26,A1,-0.16300040708948904,-0.10881862314936562,0.05418178394012342,0.26903784800258296,-1,-1,0,1,1
20230525T103049.A_Curius.B_SM.SCP_01,27,A1,-0.6051142816793477,0.7081301503850954,1.313244432064443,0.5194691719457643,-1,1,1,1,1
20230525T103049.A_Curius.B_SM.SCP_01,28,A1,0.05304902471191772,0.05383147529303562,0.0007824505811179008,0.3177606726046831,1,1,0,1,0
20230525T103049.A_Curius.B_SM.SCP_01,29,A1,-0.07725484927265888,0.11751840876568392,0.1947732580383428,0.2688583065929287,-1,1,1,1,1
20230525T103049.A_Curius.B_SM.SCP_01,30,A1,1.0,1.0,0.0,0.6728973564300067,1,1,0,1,1
20230525T103049.A_Curius.B_SM.SCP_01,31,A1,-0.21247329225292141,-0.278533117518967,-0.06605982526604556,0.38527197749564496,-1,-1,0,1,1
20230525T103049.A_Curius.B_SM.SCP_01,32,A1,0.1307244258952622,0.10885251430518235,-0.021871911590079854,0.1963904491763807,1,1,0,1,1
20230525T103049.A_Curius.B_SM.SCP_01,33,A2,0.8973999879158694,0.46563899073793896,-0.43176099717793043,0.16431068680723376,1,1,0,0,0
20230525T103049.A_Curius.B_SM.SCP_01,35,A2,-0.6488978257833623,-0.0417514338019692,0.6071463919813931,0.21702074069400643,-1,-1,0,0,0
20230525T103049.A_Curius.B_SM.SCP_01,36,A2,0.2256334271987521,0.5759312615801041,0.350297834381352,0.2980081369173127,1,1,0,1,1
20230525T103049.A_Curius.B_SM.SCP_01,37,A2,0.19894921422358453,0.009238634203581432,-0.1897105800200031,0.12088424092407822,1,1,0,0,0
20230525T103049.A_Curius.B_SM.SCP_01,38,A2,1.0,1.0,0.0,0.8069592291285885,1,1,0,1,1
20230525T103049.A_Curius.B_SM.SCP_01,39,A2,-1.0,0.03727765236818201,1.037277652368182,0.20000543734519366,-1,1,1,0,0
20230525T103049.A_Curius.B_SM.SCP_01,40,A2,0.6696555432276259,0.4561581570030033,-0.2134973862246226,0.14179678993607128,1,1,0,0,0
20230525T103049.A_Curius.B_SM.SCP_01,41,A2,1.0,-0.2283655064232715,-1.2283655064232715,-0.0667284054866589,1,-1,1,1,1
20230525T103049.A_Curius.B_SM.SCP_01,42,A2,1.0,1.0,0.0,0.019057936352524535,1,1,0,0,0
20230525T103049.A_Curius.B_SM.SCP_01,43,A2,0.3375204880432161,0.30507818461117725,-0.032442303432038855,0.19165435829445396,1,1,0,1,1
20230525T103049.A_Curius.B_SM.SCP_01,44,A2,1.0,1.0,0.0,-0.2737263669680256,1,1,0,1,0
20230525T103049.A_Curius.B_SM.SCP_01,45,A2,-1.0,1.0,2.0,-0.14290620262899711,-1,1,1,1,1
20230525T103049.A_Curius.B_SM.SCP_01,46,A2,-0.17943917472830775,1.0,1.1794391747283077,0.04798681581070532,-1,1,1,1,1
20230525T103049.A_Curius.B_SM.SCP_01,47,A2,0.6611660190837141,1.0,0.3388339809162859,0.5732707929773642,1,1,0,1,1
20230525T103049.A_Curius.B_SM.SCP_01,48,A2,1.0,1.0,0.0,0.27337958001982415,1,1,0,1,1
20230525T103049.A_Curius.B_SM.SCP_01,49,A2,0.14662172215910999,-0.014776814614213997,-0.16139853677332397,0.12106434627954478,1,-1,1,0,0
20230525T103049.A_Curius.B_SM.SCP_01,50,A2,0.36380064500643655,0.1462807202446098,-0.21751992476182674,-0.08245273894027427,1,1,0,0,0
20230525T103049.A_Curius.B_SM.SCP_01,51,A2,-1.0,-0.0713381440811566,0.9286618559188434,-0.3695292968092125,-1,-1,0,0,0
20230525T103049.A_Curius.B_SM.SCP_01,52,A2,1.0,1.0,0.0,0.21411662216999855,1,1,0,1,1
20230525T103049.A_Curius.B_SM.SCP_01,53,A2,-0.5728384864828313,0.4360700986113016,1.0089085850941328,-0.1346679228698453,-1,1,1,0,0
20230525T103049.A_Curius.B_SM.SCP_01,54,A2,-0.1567285848354995,-0.5501996243323717,-0.3934710394968722,0.13179740355711664,-1,-1,0,1,1
20230525T103049.A_Curius.B_SM.SCP_01,55,A2,-0.3409320836225261,0.0051082505455332435,0.34604033416805935,-0.03318990874645553,-1,1,1,1,0
20230525T103049.A_Curius.B_SM.SCP_01,56,A2,-1.0,-0.33817454858262086,0.6618254514173791,0.10886788861466695,-1,-1,0,1,1
20230525T103049.A_Curius.B_SM.SCP_01,57,A2,-0.0048218994955873135,0.43521676364389156,0.44003866313947887,-0.21469103761805788,-1,1,1,0,0
20230525T103049.A_Curius.B_SM.SCP_01,58,A2,1.0,-0.5686079214416304,-1.5686079214416304,-0.020095627799137445,1,-1,1,0,0
20230525T103049.A_Curius.B_SM.SCP_01,59,A2,1.0,1.0,0.0,0.5784129109540065,1,1,0,1,1
20230525T103049.A_Curius.B_SM.SCP_01,60,A2,0.044928338582451384,1.0,0.9550716614175486,0.3339341946326705,1,1,0,1,0
20230525T103049.A_Curius.B_SM.SCP_01,61,A2,0.11283417259909903,0.1418763839375736,0.029042211338474566,0.6960172347748783,1,1,0,1,1
20230525T103049.A_Curius.B_SM.SCP_01,62,A2,-0.19362830632185665,-0.5019370730480194,-0.3083087667261627,0.5092472125723855,-1,-1,0,1,1
20230525T103049.A_Curius.B_SM.SCP_01,63,A2,-0.06968146771743847,0.23036304815384134,0.3000445158712798,0.22030472576916174,-1,1,1,1,1
20230525T103049.A_Curius.B_SM.SCP_01,64,A2,-1.0,-1.0,0.0,0.7565034040144146,-1,-1,0,1,1
20230525T103049.A_Curius.B_SM.SCP_01,65,A3,-0.10657538292618741,-1.0,-0.8934246170738126,-0.09075335984384397,-1,-1,0,0,0
20230525T103049.A_Curius.B_SM.SCP_01,66,A3,0.057516952414973385,0.01937321492664159,-0.038143737488331796,0.1984902210361167,1,1,0,0,0
20230525T103049.A_Curius.B_SM.SCP_01,67,A3,0.45957222080388876,0.545828992368669,0.08625677156478023,0.3223955524019715,1,1,0,1,1
20230525T103049.A_Curius.B_SM.SCP_01,68,A3,-0.07720507640269939,0.41627024624539655,0.4934753226480959,0.22211413048876813,-1,1,1,1,1
20230525T103049.A_Curius.B_SM.SCP_01,69,A3,-0.1942344267984354,-0.21199877738039727,-0.01776435058196188,0.32861273727567997,-1,-1,0,1,1
20230525T103049.A_Curius.B_SM.SCP_01,70,A3,0.12458841681841713,0.49177558457664217,0.367187167758225,0.5285407719040085,1,1,0,1,1
20230525T103049.A_Curius.B_SM.SCP_01,71,A3,-1.0,0.20697091930612702,1.206970919306127,0.7498357912303796,-1,1,1,1,1
20230525T103049.A_Curius.B_SM.SCP_01,72,A3,-0.05305827285365198,-0.13232847881849844,-0.07927020596484646,0.08330850237559467,-1,-1,0,0,0
20230525T103049.A_Curius.B_SM.SCP_01,75,A3,0.10300170289808493,0.20364481229846887,0.10064310940038394,-0.034561934337308066,1,1,0,1,0
20230525T103049.A_Curius.B_SM.SCP_01,76,A3,-0.22628682369537842,-0.0258339024498683,0.20045292124551012,0.7359745964669837,-1,-1,0,1,1
20230525T103049.A_Curius.B_SM.SCP_01,77,A3,-1.0,-0.990797399469273,0.009202600530726968,0.767883621380902,-1,-1,0,1,1
20230525T103049.A_Curius.B_SM.SCP_01,78,A3,-0.23243245627116438,0.49531616454058386,0.7277486208117483,0.33403187364735343,-1,1,1,1,1
20230525T103049.A_Curius.B_SM.SCP_01,79,A3,-0.29290711648325984,0.019860137388291815,0.3127672538715517,-0.08506732182444354,-1,1,1,1,1
20230525T103049.A_Curius.B_SM.SCP_01,80,A3,0.02245879535929468,-0.018205808621775323,-0.040664603981070004,0.5142563844148591,1,-1,1,1,1
20230525T103049.A_Curius.B_SM.SCP_01,81,A3,0.5150782410725763,-0.05014276413422877,-0.5652210052068051,0.12642398088756018,1,-1,1,1,1
20230525T103049.A_Curius.B_SM.SCP_01,82,A3,1.0,1.0,0.0,0.435446909607763,1,1,0,1,1
20230525T103049.A_Curius.B_SM.SCP_01,83,A3,-0.05250898885059765,0.07416735645568977,0.1266763453062874,0.1513237832082722,-1,1,1,0,0
20230525T103049.A_Curius.B_SM.SCP_01,84,A3,-0.5236880170355763,-0.03944410617977591,0.48424391085580043,0.2537795476865632,-1,-1,0,1,1
20230525T103049.A_Curius.B_SM.SCP_01,85,A3,1.0,1.0,0.0,0.5933048814558621,1,1,0,1,1
20230525T103049.A_Curius.B_SM.SCP_01,87,A3,0.7455889010196106,0.3897494061763454,-0.3558394948432652,0.3349831161758461,1,1,0,1,1
20230525T103049.A_Curius.B_SM.SCP_01,88,A3,0.8544162945790974,0.839565446551275,-0.014850848027822439,-0.04846531204277151,1,1,0,0,0
20230525T103049.A_Curius.B_SM.SCP_01,89,A3,-1.0,1.0,2.0,-0.039601970639719014,-1,1,1,0,0
20230525T103049.A_Curius.B_SM.SCP_01,90,A3,0.47204489259680105,0.08820313722204691,-0.3838417553747541,-0.059478281929522814,1,1,0,1,0
20230525T103049.A_Curius.B_SM.SCP_01,91,A3,0.5940915326330777,-0.04427424695463608,-0.6383657795877138,0.016331386219231546,1,-1,1,1,0
20230525T103049.A_Curius.B_SM.SCP_01,93,A3,-1.0,0.3665212463850544,1.3665212463850545,0.30955779310401765,-1,1,1,1,1
20230525T103049.A_Curius.B_SM.SCP_01,94,A3,-1.0,0.4052852637900823,1.4052852637900823,0.021596002397936773,-1,1,1,1,0
20230525T103049.A_Curius.B_SM.SCP_01,95,A3,-1.0,-0.6222795241565428,0.37772047584345725,0.5127296174010947,-1,-1,0,1,1
20230525T103049.A_Curius.B_SM.SCP_01,96,A3,-0.5621554319920045,-0.30106875828739843,0.26108667370460603,0.3379859608094912,-1,-1,0,0,0
20230525T103049.A_Curius.B_SM.SCP_01,97,A4,0.012594064343290034,0.09472061823978614,0.0821265538964961,-0.024873464559865666,1,1,0,0,0
20230525T103049.A_Curius.B_SM.SCP_01,98,A4,-1.0,0.545813235460357,1.5458132354603569,-0.07202933785205902,-1,1,1,0,0
20230525T103049.A_Curius.B_SM.SCP_01,99,A4,-0.056103839699626686,-1.0,-0.9438961603003733,-0.10554400839207013,-1,-1,0,0,0
20230525T103049.A_Curius.B_SM.SCP_01,100,A4,-0.14160351989209732,-0.17794795182825415,-0.03634443193615683,0.15218226366427232,-1,-1,0,0,0
20230525T103049.A_Curius.B_SM.SCP_01,102,A4,-1.0,1.0,2.0,-0.2700671181051154,-1,1,1,0,0
20230525T103049.A_Curius.B_SM.SCP_01,103,A4,0.49148798821163664,-0.13992939302284516,-0.6314173812344818,-0.13251609950161342,1,-1,1,0,0
20230525T103049.A_Curius.B_SM.SCP_01,104,A4,0.09973016749054665,0.2382990286392139,0.13856886114866723,-0.21647839861401028,1,1,0,0,0
20230525T103049.A_Curius.B_SM.SCP_01,106,A4,-1.0,0.16588796714487558,1.1658879671448756,0.04763385579088638,-1,1,1,0,0
20230525T103049.A_Curius.B_SM.SCP_01,107,A4,0.2909550811285194,-0.29907106971213726,-0.5900261508406567,0.12114783750286967,1,-1,1,0,0
20230525T103049.A_Curius.B_SM.SCP_01,108,A4,0.5177762103505338,0.3088749768869675,-0.20890123346356626,-0.11681190482970473,1,1,0,0,0
20230525T103049.A_Curius.B_SM.SCP_01,109,A4,0.20049275964309432,0.1798384162548843,-0.02065434338821001,0.03449310707854313,1,1,0,0,0
20230525T103049.A_Curius.B_SM.SCP_01,110,A4,-1.0,0.31702387296205525,1.3170238729620554,-0.21018186131943986,-1,1,1,0,0
20230525T103049.A_Curius.B_SM.SCP_01,111,A4,1.0,1.0,0.0,0.012017086730249213,1,1,0,0,0
20230525T103049.A_Curius.B_SM.SCP_01,112,A4,-0.022649453370919705,0.5348253916419716,0.5574748450128914,-0.16808149720464152,-1,1,1,0,0
20230525T103049.A_Curius.B_SM.SCP_01,114,A4,-0.009581099311865647,-0.03496802382641523,-0.02538692451454958,-0.1085173670969014,-1,-1,0,0,0
20230525T103049.A_Curius.B_SM.SCP_01,115,A4,0.2327419816448267,-0.06377865541283884,-0.2965206370576655,-0.12943507949583874,1,-1,1,0,0
20230525T103049.A_Curius.B_SM.SCP_01,116,A4,1.0,0.5350776812965397,-0.46492231870346035,0.14700000555210416,1,1,0,0,0
20230525T103049.A_Curius.B_SM.SCP_01,117,A4,0.6661594151235762,-0.6491141830652098,-1.315273598188786,-0.12410256095706942,1,-1,1,0,0
20230525T103049.A_Curius.B_SM.SCP_01,118,A4,-0.036069298944614255,0.008300135891569744,0.044369434836183996,-0.0055482861608228415,-1,1,1,0,0
20230525T103049.A_Curius.B_SM.SCP_01,119,A4,-1.0,0.47191446056404424,1.4719144605640442,-0.13872653775092814,-1,1,1,0,0
20230525T103049.A_Curius.B_SM.SCP_01,120,A4,-0.7196038523694822,0.025324402411880238,0.7449282547813625,0.17820319972195633,-1,1,1,0,0
20230525T103049.A_Curius.B_SM.SCP_01,121,A4,-0.8974925425028843,0.26745980782153433,1.1649523503244188,-0.07481521327605133,-1,1,1,1,1
20230525T103049.A_Curius.B_SM.SCP_01,122,A4,-0.5933322332972923,-0.6450643848104743,-0.051732151513182,0.3839592161822971,-1,-1,0,1,1
20230525T103049.A_Curius.B_SM.SCP_01,123,A4,1.0,-0.4435822156434813,-1.4435822156434814,0.11533175395607935,1,-1,1,0,0
20230525T103049.A_Curius.B_SM.SCP_01,125,A4,-1.0,0.09541794597921607,1.0954179459792162,0.27005203477778317,-1,1,1,1,0
20230525T103049.A_Curius.B_SM.SCP_01,126,A4,0.4752725766091485,0.2792233499830259,-0.19604922662612262,-0.10003344136010518,1,1,0,0,0
20230525T103049.A_Curius.B_SM.SCP_01,127,A4,-0.08534571600879916,0.03213079261307535,0.1174765086218745,0.08697604232966578,-1,1,1,0,0
20230525T103049.A_Curius.B_SM.SCP_01,128,A4,-0.021906526602536964,0.03504431997472631,0.05695084657726328,-0.050649268762333714,-1,1,1,0,0
20230525T103049.A_Curius.B_SM.SCP_01,129,A5,0.18268629287487206,-0.7974836759827804,-0.9801699688576524,-0.4018488250321224,1,-1,1,0,0
20230525T103049.A_Curius.B_SM.SCP_01,130,A5,-0.06644553851472325,0.13491352040366755,0.2013590589183908,-0.039340688606691585,-1,1,1,1,1
20230525T103049.A_Curius.B_SM.SCP_01,132,A5,-0.42308913728725767,-1.0,-0.5769108627127424,0.12683398274938548,-1,-1,0,0,0
20230525T103049.A_Curius.B_SM.SCP_01,133,A5,0.02340491472122295,-1.0,-1.023404914721223,0.07256550670417015,1,-1,1,0,0
20230525T103049.A_Curius.B_SM.SCP_01,134,A5,-0.030361138463041764,0.05877570993967444,0.0891368484027162,0.5201562346894573,-1,1,1,1,1
20230525T103049.A_Curius.B_SM.SCP_01,135,A5,-0.08996089791097445,0.04538764716864497,0.1353485450796194,0.2748588338388104,-1,1,1,1,1
20230525T103049.A_Curius.B_SM.SCP_01,136,A5,-0.08942306667882685,0.0033540324007921016,0.09277709907961895,0.24051658814499374,-1,1,1,0,0
20230525T103049.A_Curius.B_SM.SCP_01,137,A5,-0.4400036569066794,-1.0,-0.5599963430933206,0.1421737756457049,-1,-1,0,1,1
20230525T103049.A_Curius.B_SM.SCP_01,138,A5,-0.24593432002386223,0.05840984117538097,0.3043441611992432,0.39708710021234433,-1,1,1,1,1
20230525T103049.A_Curius.B_SM.SCP_01,140,A5,-0.07147538509948795,-0.0062398146556963425,0.06523557044379161,-0.07034134831435727,-1,-1,0,0,0
20230525T103049.A_Curius.B_SM.SCP_01,142,A5,-1.0,-0.18699146930372865,0.8130085306962713,0.7768266038261824,-1,-1,0,1,1
20230525T103049.A_Curius.B_SM.SCP_01,143,A5,-0.3646006847751453,-0.8192065200849689,-0.45460583530982357,0.2538755077286611,-1,-1,0,0,0
20230525T103049.A_Curius.B_SM.SCP_01,144,A5,-0.02987964982996982,0.1155061580422679,0.1453858078722377,-0.14314807648770556,-1,1,1,0,0
20230525T103049.A_Curius.B_SM.SCP_01,145,A5,-0.5877514654537059,0.22051963399609684,0.8082710994498028,-0.03138873264045462,-1,1,1,1,1
20230525T103049.A_Curius.B_SM.SCP_01,146,A5,-0.15343679536200422,0.16066927052417326,0.3141060658861775,0.24182559290496447,-1,1,1,1,1
20230525T103049.A_Curius.B_SM.SCP_01,147,A5,0.4202176819004234,0.19890410164704456,-0.22131358025337886,0.4679110727907149,1,1,0,1,1
20230525T103049.A_Curius.B_SM.SCP_01,148,A5,0.7657045612595733,0.6771703454133022,-0.08853421584627108,0.6053129379595714,1,1,0,1,1
20230525T103049.A_Curius.B_SM.SCP_01,149,A5,-0.17028927322010856,-0.1529753673890313,0.017313905831077253,-0.0673902274606176,-1,-1,0,0,1
20230525T103049.A_Curius.B_SM.SCP_01,150,A5,-0.001370459370430357,0.014639455766724652,0.01600991513715501,-0.08440949586489614,-1,1,1,0,0
20230525T103049.A_Curius.B_SM.SCP_01,151,A5,-0.18817595458164144,-0.09788674735639494,0.0902892072252465,0.14562586917072845,-1,-1,0,0,0
20230525T103049.A_Curius.B_SM.SCP_01,152,A5,0.2709854910463778,0.21549799064349415,-0.055487500402883666,0.10944513152808963,1,1,0,0,0
20230525T103049.A_Curius.B_SM.SCP_01,153,A5,-0.07147156875817831,0.1964172122070968,0.26788878096527513,0.17899542593211573,-1,1,1,1,1
20230525T103049.A_Curius.B_SM.SCP_01,155,A5,0.28193901347889794,-0.27327195275441474,-0.5552109662333127,0.056545654282835374,1,-1,1,0,0
20230525T103049.A_Curius.B_SM.SCP_01,156,A5,-0.03923948485019676,-0.1009743085548082,-0.06173482370461144,0.07101818945365491,-1,-1,0,0,0
20230525T103049.A_Curius.B_SM.SCP_01,157,A5,-1.0,0.013526248330304793,1.0135262483303047,0.08247403834857826,-1,1,1,0,0
20230525T103049.A_Curius.B_SM.SCP_01,158,A5,-0.6836081336292974,-1.0,-0.3163918663707026,-0.1282656933802666,-1,-1,0,0,0
20230525T103049.A_Curius.B_SM.SCP_01,159,A5,0.14516824505524933,0.16686293166156516,0.02169468660631582,0.03801706461243848,1,1,0,0,0
20230525T103049.A_Curius.B_SM.SCP_01,160,A5,-1.0,1.0,2.0,-0.21474731289988047,-1,1,1,1,0
20230622T111856.A_Curius.B_SM.SCP_01,1,A1,-0.023748641038705134,0.12746945157544085,0.15121809261414598,0.17949008442199,-1,1,1,1,1
20230622T111856.A_Curius.B_SM.SCP_01,2,A1,0.07748097071295189,0.05975222877901763,-0.017728741933934256,0.05032797683196493,1,1,0,0,0
20230622T111856.A_Curius.B_SM.SCP_01,3,A1,0.0016072531570273444,0.04500503731846868,0.043397784161441334,-0.17917637662865715,1,1,0,0,0
20230622T111856.A_Curius.B_SM.SCP_01,4,A1,-0.12934351728184704,0.015020599437809513,0.14436411671965654,-0.08507088142149595,-1,1,1,1,1
20230622T111856.A_Curius.B_SM.SCP_01,6,A1,-0.3513112923099315,-0.008575194157955256,0.34273609815197625,0.4275702576661731,-1,-1,0,1,1
20230622T111856.A_Curius.B_SM.SCP_01,8,A1,-1.0,1.0,2.0,0.007323609480520242,-1,1,1,1,0
20230622T111856.A_Curius.B_SM.SCP_01,9,A1,-1.0,0.12004381607263243,1.1200438160726325,0.6654527026486193,-1,1,1,1,1
20230622T111856.A_Curius.B_SM.SCP_01,10,A1,-0.07175979521811349,0.22401515856916068,0.29577495378727414,-0.22530819437634633,-1,1,1,1,0
20230622T111856.A_Curius.B_SM.SCP_01,11,A1,-0.04671328789739362,0.5933338718158985,0.6400471597132921,0.5861196375058307,-1,1,1,1,1
20230622T111856.A_Curius.B_SM.SCP_01,12,A1,-1.0,1.0,2.0,0.13435856178133382,-1,1,1,1,1
20230622T111856.A_Curius.B_SM.SCP_01,13,A1,-0.026270697576495847,1.0,1.026270697576496,0.6012854607585966,-1,1,1,1,1
20230622T111856.A_Curius.B_SM.SCP_01,14,A1,0.07217276888159727,-0.11656576040910996,-0.18873852929070722,0.2719545228234158,1,-1,1,1,1
20230622T111856.A_Curius.B_SM.SCP_01,15,A1,-0.28085555630681985,0.6173930900223663,0.8982486463291861,0.721257632516718,-1,1,1,1,1
20230622T111856.A_Curius.B_SM.SCP_01,17,A1,-0.26842133687634795,0.2208009596822017,0.48922229655854965,0.36140448468378256,-1,1,1,1,1
20230622T111856.A_Curius.B_SM.SCP_01,18,A1,-1.0,0.24313501327135706,1.243135013271357,0.6713688444147421,-1,1,1,1,1
20230622T111856.A_Curius.B_SM.SCP_01,19,A1,0.18549488512875167,0.15472504041554408,-0.030769844713207595,0.3700054590982488,1,1,0,1,1
20230622T111856.A_Curius.B_SM.SCP_01,20,A1,0.026497638224713585,0.009583055745503763,-0.016914582479209822,-0.03648920121857518,1,1,0,1,1
20230622T111856.A_Curius.B_SM.SCP_01,21,A1,0.29339305292095386,0.17595190040136593,-0.11744115251958792,0.3794481570063528,1,1,0,1,1
20230622T111856.A_Curius.B_SM.SCP_01,22,A1,-0.28931260190018526,0.10314369383596038,0.39245629573614565,0.8590865664662672,-1,1,1,1,1
20230622T111856.A_Curius.B_SM.SCP_01,23,A1,0.10267579436287422,0.8709351343437673,0.7682593399808931,0.5642481386673014,1,1,0,1,1
20230622T111856.A_Curius.B_SM.SCP_01,24,A1,-0.14281348091311538,-0.11896248654888034,0.023850994364235045,0.1308270789784757,-1,-1,0,1,1
20230622T111856.A_Curius.B_SM.SCP_01,25,A1,1.0,1.0,0.0,0.34213136449368076,1,1,0,1,1
20230622T111856.A_Curius.B_SM.SCP_01,26,A1,0.059535621568771825,0.05701093879529065,-0.0025246827734811753,0.3070775406686054,1,1,0,1,1
20230622T111856.A_Curius.B_SM.SCP_01,27,A1,-0.06383266226477623,0.025411928501652994,0.08924459076642922,-0.08102342686185757,-1,1,1,1,1
20230622T111856.A_Curius.B_SM.SCP_01,28,A1,0.3343819968401102,0.15139294917148172,-0.1829890476686285,0.3983945863549325,1,1,0,1,1
20230622T111856.A_Curius.B_SM.SCP_01,29,A1,-0.5673674872779346,0.06739949006931688,0.6347669773472515,0.744600540061964,-1,1,1,1,1
20230622T111856.A_Curius.B_SM.SCP_01,30,A1,1.0,1.0,0.0,0.45384932144641643,1,1,0,1,1
20230622T111856.A_Curius.B_SM.SCP_01,31,A1,-0.3173966260753445,0.5546099985671549,0.8720066246424993,0.48222546762523233,-1,1,1,1,1
20230622T111856.A_Curius.B_SM.SCP_01,32,A1,0.5971853523044794,1.0,0.40281464769552056,0.7115759372364715,1,1,0,1,1
20230622T111856.A_Curius.B_SM.SCP_01,33,A2,0.08391631853801007,-0.09167511185960477,-0.17559143039761482,-0.07644737250495015,1,-1,1,0,0
20230622T111856.A_Curius.B_SM.SCP_01,34,A2,-0.0029007055315208156,0.027745356292541334,0.03064606182406215,0.10118611821571466,-1,1,1,0,0
20230622T111856.A_Curius.B_SM.SCP_01,35,A2,0.057812378184056754,0.15091369666258092,0.09310131847852417,0.4513363122630573,1,1,0,0,0
20230622T111856.A_Curius.B_SM.SCP_01,36,A2,1.0,0.45779611055651837,-0.5422038894434816,0.3320354714587805,1,1,0,1,0
20230622T111856.A_Curius.B_SM.SCP_01,37,A2,0.061288294709387035,0.009577983448117779,-0.05171031126126926,-0.11009327307490233,1,1,0,0,0
20230622T111856.A_Curius.B_SM.SCP_01,39,A2,-0.3586125561886539,1.0,1.358612556188654,0.024453015893662746,-1,1,1,1,0
20230622T111856.A_Curius.B_SM.SCP_01,40,A2,0.027523794016834927,0.052223921993461195,0.024700127976626268,0.018655908528768937,1,1,0,0,0
20230622T111856.A_Curius.B_SM.SCP_01,41,A2,0.8052898628492666,0.44822381243391046,-0.35706605041535616,0.3151103962681544,1,1,0,1,1
20230622T111856.A_Curius.B_SM.SCP_01,42,A2,-0.31575021854486207,0.24270039937240503,0.5584506179172671,0.11769548065370565,-1,1,1,0,0
20230622T111856.A_Curius.B_SM.SCP_01,43,A2,0.07474153235277435,0.3725418717635034,0.29780033941072903,0.0737661394639899,1,1,0,1,1
20230622T111856.A_Curius.B_SM.SCP_01,44,A2,0.11617596851198334,1.0,0.8838240314880167,0.4765807517684026,1,1,0,1,1
20230622T111856.A_Curius.B_SM.SCP_01,45,A2,-1.0,1.0,2.0,0.0008604909588593975,-1,1,1,1,0
20230622T111856.A_Curius.B_SM.SCP_01,46,A2,0.17072772020265398,1.0,0.829272279797346,0.29769172448401776,1,1,0,1,1
20230622T111856.A_Curius.B_SM.SCP_01,47,A2,1.0,1.0,0.0,0.6640937255636611,1,1,0,1,1
20230622T111856.A_Curius.B_SM.SCP_01,48,A2,-0.006007489716804277,0.11110238871036696,0.11710987842717123,-0.13665534169111948,-1,1,1,1,0
20230622T111856.A_Curius.B_SM.SCP_01,49,A2,0.03610943531296145,0.09861356575978544,0.06250413044682399,0.029676316400941816,1,1,0,0,0
20230622T111856.A_Curius.B_SM.SCP_01,50,A2,0.0018091672778059705,0.14853310263248565,0.14672393535467967,-0.0408258264049277,1,1,0,0,0
20230622T111856.A_Curius.B_SM.SCP_01,51,A2,-0.02145219297439215,0.11409349017937515,0.1355456831537673,0.0011895841048113094,-1,1,1,0,0
20230622T111856.A_Curius.B_SM.SCP_01,52,A2,0.12024282357737517,-0.3287170610693967,-0.44895988464677183,-0.2812778424328264,1,-1,1,1,0
20230622T111856.A_Curius.B_SM.SCP_01,53,A2,-0.5256169416227965,0.002658052891755108,0.5282749945145516,0.0018351360102734134,-1,1,1,1,0
20230622T111856.A_Curius.B_SM.SCP_01,54,A2,0.7390446793332652,0.4237468017519389,-0.3152978775813263,0.5405861062739902,1,1,0,1,0
20230622T111856.A_Curius.B_SM.SCP_01,55,A2,-0.14895987522033352,0.6947221720051376,0.8436820472254711,0.45754928231847186,-1,1,1,1,0
20230622T111856.A_Curius.B_SM.SCP_01,57,A2,-0.18143689122566056,-0.008557449270400936,0.17287944195525962,-0.04580837694440617,-1,-1,0,0,0
20230622T111856.A_Curius.B_SM.SCP_01,58,A2,-1.0,-0.10191210182447784,0.8980878981755221,-0.1114520471544276,-1,-1,0,0,0
20230622T111856.A_Curius.B_SM.SCP_01,59,A2,0.02312669820607085,0.08608918406443522,0.06296248585836436,0.2831427122084912,1,1,0,1,0
20230622T111856.A_Curius.B_SM.SCP_01,60,A2,-0.016125652598962033,0.03930623482424531,0.05543188742320734,0.06831206646258856,-1,1,1,1,1
20230622T111856.A_Curius.B_SM.SCP_01,61,A2,0.43837453746652527,0.5784440828467057,0.1400695453801804,0.30441423010209284,1,1,0,1,0
20230622T111856.A_Curius.B_SM.SCP_01,62,A2,-0.44821692320230044,-0.046650425370552424,0.401566497831748,0.7191815822164818,-1,-1,0,1,1
20230622T111856.A_Curius.B_SM.SCP_01,63,A2,0.03722684419732717,1.0,0.9627731558026729,0.3988975231995211,1,1,0,1,1
20230622T111856.A_Curius.B_SM.SCP_01,64,A2,-1.0,-0.34622615300513887,0.6537738469948611,0.8863494237969038,-1,-1,0,1,1
20230622T111856.A_Curius.B_SM.SCP_01,65,A3,1.0,1.0,0.0,0.28844516064896475,1,1,0,1,1
20230622T111856.A_Curius.B_SM.SCP_01,66,A3,-0.1746808369135638,-0.09501806767256779,0.079662769240996,0.739515086354578,-1,-1,0,1,1
20230622T111856.A_Curius.B_SM.SCP_01,67,A3,0.04982223060171521,0.08329444206833404,0.033472211466618836,0.7113363328584942,1,1,0,1,1
20230622T111856.A_Curius.B_SM.SCP_01,68,A3,1.0,0.45508514040407666,-0.5449148595959233,0.7558072469756727,1,1,0,1,1
20230622T111856.A_Curius.B_SM.SCP_01,69,A3,-0.08130276365428141,-0.026845652028674255,0.05445711162560715,0.6718695065850637,-1,-1,0,1,1
20230622T111856.A_Curius.B_SM.SCP_01,70,A3,-0.07915375199162981,1.0,1.0791537519916299,0.7287613161669361,-1,1,1,1,1
20230622T111856.A_Curius.B_SM.SCP_01,71,A3,0.257074102873679,0.46494053646024996,0.20786643358657098,0.8972238048174872,1,1,0,1,1
20230622T111856.A_Curius.B_SM.SCP_01,72,A3,-0.11673492492319398,0.32271541370770923,0.4394503386309032,0.10463563623687765,-1,1,1,1,0
20230622T111856.A_Curius.B_SM.SCP_01,73,A3,-0.16652700196546016,0.21822031929890168,0.38474732126436184,-0.048651753420739796,-1,1,1,1,0
20230622T111856.A_Curius.B_SM.SCP_01,74,A3,0.5326348279306774,0.012973432636125814,-0.5196613952945516,0.04175749024243527,1,1,0,0,0
20230622T111856.A_Curius.B_SM.SCP_01,75,A3,0.8019482804021331,-0.2754712550189441,-1.0774195354210772,0.5179160886278558,1,-1,1,1,0
20230622T111856.A_Curius.B_SM.SCP_01,76,A3,-0.33671296732765227,-0.41274417032535654,-0.07603120299770427,0.5383713725554121,-1,-1,0,1,1
20230622T111856.A_Curius.B_SM.SCP_01,77,A3,-0.037449982137637366,0.007825160967729406,0.045275143105366775,0.7248603453791325,-1,1,1,1,1
20230622T111856.A_Curius.B_SM.SCP_01,78,A3,-1.0,-0.022111449005717355,0.9778885509942826,0.44877241935471823,-1,-1,0,1,1
20230622T111856.A_Curius.B_SM.SCP_01,79,A3,0.05497723408209227,0.032392139429965654,-0.022585094652126617,0.07728969303073038,1,1,0,1,0
20230622T111856.A_Curius.B_SM.SCP_01,80,A3,-0.32226950451894554,-0.46831235681050004,-0.1460428522915545,0.07067171202106112,-1,-1,0,1,0
20230622T111856.A_Curius.B_SM.SCP_01,81,A3,-0.005843680733138783,-0.03738510986070644,-0.03154142912756766,0.37477543873586555,-1,-1,0,1,0
20230622T111856.A_Curius.B_SM.SCP_01,82,A3,0.6985919383843201,0.588203543818532,-0.11038839456578808,0.5866948173131953,1,1,0,1,1
20230622T111856.A_Curius.B_SM.SCP_01,83,A3,-0.32460392585158043,0.13516348613766838,0.4597674119892488,0.0733315713344148,-1,1,1,1,1
20230622T111856.A_Curius.B_SM.SCP_01,84,A3,-0.10099387491885008,0.11839237517788381,0.2193862500967339,0.17491606485288255,-1,1,1,1,1
20230622T111856.A_Curius.B_SM.SCP_01,85,A3,1.0,0.2335625583849606,-0.7664374416150395,0.811231916391123,1,1,0,1,1
20230622T111856.A_Curius.B_SM.SCP_01,86,A3,-0.09055619956849309,1.0,1.0905561995684931,-0.05448118658108851,-1,1,1,1,1
20230622T111856.A_Curius.B_SM.SCP_01,87,A3,-1.0,0.2273432515599185,1.2273432515599185,0.4573239167656282,-1,1,1,1,1
20230622T111856.A_Curius.B_SM.SCP_01,88,A3,0.12205135522566506,0.22346467175353538,0.10141331652787032,0.17842700196622777,1,1,0,0,0
20230622T111856.A_Curius.B_SM.SCP_01,89,A3,-0.1566352364154558,-0.1410288977290613,0.015606338686394494,0.25467962871305566,-1,-1,0,1,0
20230622T111856.A_Curius.B_SM.SCP_01,90,A3,-0.006243440887446438,0.012389634102602423,0.018633074990048862,0.282103365235643,-1,1,1,1,0
20230622T111856.A_Curius.B_SM.SCP_01,91,A3,0.07192176701005625,0.15223123562461924,0.08030946861456299,0.374501450759199,1,1,0,1,1
20230622T111856.A_Curius.B_SM.SCP_01,93,A3,-0.01817846890168023,0.09801995658994457,0.1161984254916248,0.2724480509702485,-1,1,1,1,1
20230622T111856.A_Curius.B_SM.SCP_01,94,A3,0.7510874097543508,1.0,0.24891259024564916,-0.009553747797688835,1,1,0,1,0
20230622T111856.A_Curius.B_SM.SCP_01,95,A3,1.0,0.2560359639156953,-0.7439640360843047,0.5055023532039212,1,1,0,1,1
20230622T111856.A_Curius.B_SM.SCP_01,96,A3,-0.0011191727508239409,0.11087884785114276,0.1119980206019667,0.18156875643663317,-1,1,1,0,0
20230622T111856.A_Curius.B_SM.SCP_01,97,A4,-0.09447795338313009,0.11178541017976905,0.20626336356289915,-0.07145826976874821,-1,1,1,0,1
20230622T111856.A_Curius.B_SM.SCP_01,98,A4,0.03132628905772606,-0.010695688443471279,-0.042021977501197336,0.5498159497065592,1,-1,1,1,1
20230622T111856.A_Curius.B_SM.SCP_01,99,A4,-0.009462005235161986,-0.007689518551070282,0.0017724866840917045,-0.06019066217347002,-1,-1,0,0,0
20230622T111856.A_Curius.B_SM.SCP_01,100,A4,-0.009885058491294401,0.30852620370900263,0.31841126220029703,-0.12434835872675637,-1,1,1,0,0
20230622T111856.A_Curius.B_SM.SCP_01,101,A4,0.2551714348764138,-0.2331843024754178,-0.4883557373518316,0.21268320876397162,1,-1,1,0,0
20230622T111856.A_Curius.B_SM.SCP_01,102,A4,-0.019633363859120713,-0.013511556744574028,0.006121807114546685,-0.009737653179544215,-1,-1,0,0,0
20230622T111856.A_Curius.B_SM.SCP_01,103,A4,-0.00091885772961203,0.14546760417417323,0.14638646190378526,-0.1750522852044177,-1,1,1,0,0
20230622T111856.A_Curius.B_SM.SCP_01,104,A4,0.07134479914204807,-0.18675370300169322,-0.2580985021437413,0.0723972651789158,1,-1,1,0,0
20230622T111856.A_Curius.B_SM.SCP_01,105,A4,-0.3283282351817001,-0.1562983600293245,0.1720298751523756,0.5190850039972978,-1,-1,0,1,1
20230622T111856.A_Curius.B_SM.SCP_01,106,A4,-0.23561895774146355,-0.07677243768092443,0.15884652006053912,0.30538374965414034,-1,-1,0,0,0
20230622T111856.A_Curius.B_SM.SCP_01,107,A4,-0.008186040509070283,-0.25182284785668196,-0.24363680734761167,-0.10980831052328856,-1,-1,0,0,0
20230622T111856.A_Curius.B_SM.SCP_01,108,A4,-0.2535036262331519,0.07214001375617787,0.32564363998932977,-0.0133511514382883,-1,1,1,0,0
20230622T111856.A_Curius.B_SM.SCP_01,109,A4,0.10803617954678298,0.16060685888999432,0.05257067934321134,-0.17755452551441012,1,1,0,0,0
20230622T111856.A_Curius.B_SM.SCP_01,110,A4,0.07142957420400306,0.25340753835035057,0.1819779641463475,-0.012771142174384645,1,1,0,0,0
20230622T111856.A_Curius.B_SM.SCP_01,111,A4,0.48728238742921937,1.0,0.5127176125707806,0.21851727625808395,1,1,0,0,0
20230622T111856.A_Curius.B_SM.SCP_01,112,A4,-0.08267492320029511,-0.06784649745093467,0.014828425749360441,-0.05685004159258044,-1,-1,0,0,0
20230622T111856.A_Curius.B_SM.SCP_01,113,A4,-4.147963155457136e-05,-0.00827826086642978,-0.008236781234875208,0.15420259870317665,-1,-1,0,0,0
20230622T111856.A_Curius.B_SM.SCP_01,114,A4,-0.05432335589636172,-0.024180463309333947,0.03014289258702777,0.004554971518117888,-1,-1,0,0,0
20230622T111856.A_Curius.B_SM.SCP_01,115,A4,-0.01986398899251734,0.04132547936685974,0.06118946835937708,0.11003061506299398,-1,1,1,0,0
20230622T111856.A_Curius.B_SM.SCP_01,116,A4,-0.19715578297136013,-1.0,-0.8028442170286398,-0.04081158005266414,-1,-1,0,0,0
20230622T111856.A_Curius.B_SM.SCP_01,118,A4,-0.02272479275391304,0.13927875712855195,0.162003549882465,0.1619284312004837,-1,1,1,0,0
20230622T111856.A_Curius.B_SM.SCP_01,119,A4,0.12026553199819016,0.18921355846464744,0.06894802646645727,0.07403561180906972,1,1,0,0,0
20230622T111856.A_Curius.B_SM.SCP_01,120,A4,0.4960922614960466,0.5661889677480034,0.0700967062519568,0.0889113715000592,1,1,0,0,0
20230622T111856.A_Curius.B_SM.SCP_01,121,A4,-0.2592170889832758,-0.00039064903827455824,0.2588264399450012,0.09550124108742444,-1,-1,0,1,1
20230622T111856.A_Curius.B_SM.SCP_01,122,A4,-1.0,-0.4968966125562472,0.5031033874437528,-0.06831724130243888,-1,-1,0,1,1
20230622T111856.A_Curius.B_SM.SCP_01,123,A4,-0.0009384707616898956,0.44278152246175967,0.44371999322344957,0.11249947059757633,-1,1,1,0,0
20230622T111856.A_Curius.B_SM.SCP_01,124,A4,-0.06468404204836084,0.007946798786943356,0.07263084083530419,0.2598247785012111,-1,1,1,0,0
20230622T111856.A_Curius.B_SM.SCP_01,125,A4,0.6249169407774195,0.017758724468151067,-0.6071582163092685,0.1252053411767961,1,1,0,0,0
20230622T111856.A_Curius.B_SM.SCP_01,126,A4,0.19708062112505478,0.22602394158552702,0.02894332046047224,0.42466298317918527,1,1,0,0,0
20230622T111856.A_Curius.B_SM.SCP_01,127,A4,-0.1047024339961273,0.2053603301412703,0.31006276413739764,0.1586170712330806,-1,1,1,0,0
20230622T111856.A_Curius.B_SM.SCP_01,128,A4,0.5005800565751262,-0.05220437173731071,-0.5527844283124369,0.08374047272247677,1,-1,1,0,0
20230622T111856.A_Curius.B_SM.SCP_01,130,A5,0.023008906577441788,0.07420803280059773,0.05119912622315595,0.33739438452757076,1,1,0,1,1
20230622T111856.A_Curius.B_SM.SCP_01,131,A5,-0.09334070668861204,0.04904447807962345,0.14238518476823547,-0.056401452633536776,-1,1,1,0,0
20230622T111856.A_Curius.B_SM.SCP_01,132,A5,0.09001539843616188,-0.04223764178871782,-0.13225304022487971,0.08621404060171374,1,-1,1,0,0
20230622T111856.A_Curius.B_SM.SCP_01,133,A5,0.540326056408875,-0.171384765233613,-0.711710821642488,-0.207195737288465,1,-1,1,1,0
20230622T111856.A_Curius.B_SM.SCP_01,134,A5,-0.6593392390000578,-0.09726477367778633,0.5620744653222715,0.7448752239136622,-1,-1,0,1,1
20230622T111856.A_Curius.B_SM.SCP_01,135,A5,-0.6338547105711444,-1.0,-0.3661452894288556,-0.09112373386112481,-1,-1,0,1,0
20230622T111856.A_Curius.B_SM.SCP_01,136,A5,-0.4337168401843589,0.10405846326187441,0.5377753034462334,0.14228107395859577,-1,1,1,0,0
20230622T111856.A_Curius.B_SM.SCP_01,137,A5,-0.1230137877560997,0.008448629320884778,0.13146241707698447,0.6836672371138116,-1,1,1,1,1
20230622T111856.A_Curius.B_SM.SCP_01,138,A5,-0.6591001680868228,0.03582422686086644,0.6949243949476892,0.4270057489936464,-1,1,1,1,1
20230622T111856.A_Curius.B_SM.SCP_01,139,A5,-0.7033478673806662,-0.6633840542103215,0.0399638131703447,0.8894824370576118,-1,-1,0,1,1
20230622T111856.A_Curius.B_SM.SCP_01,140,A5,0.24552961941220391,1.0,0.7544703805877961,0.6038412437987075,1,1,0,1,1
20230622T111856.A_Curius.B_SM.SCP_01,141,A5,-1.0,-0.5152088112157809,0.4847911887842191,0.11485780534393994,-1,-1,0,0,1
20230622T111856.A_Curius.B_SM.SCP_01,142,A5,1.0,0.11453059459046896,-0.885469405409531,0.3853093405245364,1,1,0,1,1
20230622T111856.A_Curius.B_SM.SCP_01,143,A5,-0.15769671133397173,-0.23424392759536433,-0.0765472162613926,-0.007143921816019793,-1,-1,0,0,0
20230622T111856.A_Curius.B_SM.SCP_01,144,A5,-0.0661413182039837,0.0035963115641097524,0.06973762976809345,0.01587511494377063,-1,1,1,0,0
20230622T111856.A_Curius.B_SM.SCP_01,145,A5,-0.737295979188272,0.5197228551882714,1.2570188343765434,-0.05682110590367787,-1,1,1,1,0
20230622T111856.A_Curius.B_SM.SCP_01,146,A5,-0.600350280837272,-0.22080649535604563,0.3795437854812264,0.3821326225628596,-1,-1,0,1,1
20230622T111856.A_Curius.B_SM.SCP_01,147,A5,-0.58125045568333,0.15495457942468424,0.7362050351080143,0.7638558161441658,-1,1,1,1,1
20230622T111856.A_Curius.B_SM.SCP_01,148,A5,-0.27107240631615664,0.37384162280153993,0.6449140291176966,0.4807564641963857,-1,1,1,1,1
20230622T111856.A_Curius.B_SM.SCP_01,149,A5,-1.0,-0.6825095872507002,0.3174904127492998,0.008186904362715694,-1,-1,0,0,0
20230622T111856.A_Curius.B_SM.SCP_01,150,A5,-0.1832992510244246,-0.037828513487838035,0.14547073753658657,0.01863142190631176,-1,-1,0,0,0
20230622T111856.A_Curius.B_SM.SCP_01,151,A5,0.03097176745864568,0.2048894178337691,0.1739176503751234,0.025490347338941392,1,1,0,0,0
20230622T111856.A_Curius.B_SM.SCP_01,152,A5,0.31816378762373304,-0.9947481681336081,-1.3129119557573412,-0.05362698185556541,1,-1,1,0,0
20230622T111856.A_Curius.B_SM.SCP_01,153,A5,0.0707919640809232,0.5954334198190756,0.5246414557381525,0.6666785348298698,1,1,0,1,1
20230622T111856.A_Curius.B_SM.SCP_01,154,A5,-1.0,0.03627254400145275,1.0362725440014529,-0.07454481094151798,-1,1,1,0,0
20230622T111856.A_Curius.B_SM.SCP_01,155,A5,0.744408671127522,-1.0,-1.744408671127522,0.1617915469594008,1,-1,1,0,0
20230622T111856.A_Curius.B_SM.SCP_01,156,A5,-0.1873245443954738,0.006374324070622516,0.19369886846609632,0.7242911933038985,-1,1,1,1,1
20230622T111856.A_Curius.B_SM.SCP_01,157,A5,-0.21953956625893822,-0.01457433218363761,0.20496523407530062,-0.15613789075768064,-1,-1,0,0,0
20230622T111856.A_Curius.B_SM.SCP_01,158,A5,-0.029031555699442012,0.13664646704410752,0.16567802274354954,0.043692252004350986,-1,1,1,0,0
20230622T111856.A_Curius.B_SM.SCP_01,159,A5,0.12512212036289835,0.11009323433580022,-0.015028886027098134,0.17462408646170452,1,1,0,0,0
20230622T111856.A_Curius.B_SM.SCP_01,160,A5,0.26800565312411895,-1.0,-1.2680056531241188,-0.13916091967926475,1,-1,1,0,0
20230703T122644.A_Curius.B_MK.SCP_01,1,A1,-0.17070590891765777,0.16716010071463078,0.3378660096322885,0.28390092490477437,-1,1,1,1,1
20230703T122644.A_Curius.B_MK.SCP_01,3,A1,0.05336241581974459,-1.0,-1.0533624158197445,-0.1615824639039534,1,-1,1,1,1
20230703T122644.A_Curius.B_MK.SCP_01,4,A1,0.09605749086825191,-0.03758656345812851,-0.13364405432638043,0.30967811095732145,1,-1,1,1,0
20230703T122644.A_Curius.B_MK.SCP_01,6,A1,-0.19627180596384805,-0.04299156386010702,0.15328024210374103,-0.052595210908882715,-1,-1,0,0,0
20230703T122644.A_Curius.B_MK.SCP_01,9,A1,-0.12466010735099074,-0.01809387047830671,0.10656623687268403,-0.03683297510134964,-1,-1,0,1,1
20230703T122644.A_Curius.B_MK.SCP_01,10,A1,1.0,-0.13585773950748967,-1.1358577395074896,0.019780538512690234,1,-1,1,1,1
20230703T122644.A_Curius.B_MK.SCP_01,11,A1,0.3525208530840367,0.1378002774364436,-0.2147205756475931,0.6826484204420641,1,1,0,1,1
20230703T122644.A_Curius.B_MK.SCP_01,12,A1,0.13216469031903808,0.4498875241468387,0.31772283382780064,-0.04845087965995963,1,1,0,1,1
20230703T122644.A_Curius.B_MK.SCP_01,13,A1,-0.07705522024981562,0.024903667893009115,0.10195888814282474,0.5022607879459219,-1,1,1,1,1
20230703T122644.A_Curius.B_MK.SCP_01,14,A1,0.6175002985513949,-0.05814717049066585,-0.6756474690420607,0.1658318952882764,1,-1,1,0,1
20230703T122644.A_Curius.B_MK.SCP_01,15,A1,-1.0,-1.0,0.0,0.7651216165832156,-1,-1,0,1,1
20230703T122644.A_Curius.B_MK.SCP_01,17,A1,0.03396305009373715,-0.05039882440188637,-0.08436187449562352,0.3143071794281981,1,-1,1,1,1
20230703T122644.A_Curius.B_MK.SCP_01,18,A1,0.14244600597831028,0.052656615833505595,-0.08978939014480469,0.4130985770361968,1,1,0,1,1
20230703T122644.A_Curius.B_MK.SCP_01,19,A1,0.18218797528977498,-1.0,-1.182187975289775,0.43258096907222243,1,-1,1,1,1
20230703T122644.A_Curius.B_MK.SCP_01,21,A1,-0.07304663548834324,-0.07193632537984956,0.0011103101084936756,-0.11983978904063244,-1,-1,0,1,1
20230703T122644.A_Curius.B_MK.SCP_01,22,A1,-0.6585453368200647,1.0,1.6585453368200647,0.5919178417839613,-1,1,1,1,1
20230703T122644.A_Curius.B_MK.SCP_01,23,A1,-1.0,-0.03854676630149239,0.9614532336985077,-0.18452559044164804,-1,-1,0,1,0
20230703T122644.A_Curius.B_MK.SCP_01,24,A1,-0.15498007020863092,-0.0288349370051703,0.1261451332034606,-0.1566083455466128,-1,-1,0,1,0
20230703T122644.A_Curius.B_MK.SCP_01,26,A1,0.00706665659339751,-0.17898653602516224,-0.18605319261855974,0.42947693300679074,1,-1,1,1,1
20230703T122644.A_Curius.B_MK.SCP_01,27,A1,1.0,1.0,0.0,0.3615320153752492,1,1,0,1,1
20230703T122644.A_Curius.B_MK.SCP_01,28,A1,-0.04433088395604319,-0.04279219549800638,0.0015386884580368132,0.3240113193327946,-1,-1,0,1,1
20230703T122644.A_Curius.B_MK.SCP_01,29,A1,0.03872673841226346,-1.0,-1.0387267384122634,0.3748704494971222,1,-1,1,1,1
20230703T122644.A_Curius.B_MK.SCP_01,30,A1,1.0,0.8875032373060083,-0.11249676269399167,0.4204113673874494,1,1,0,1,1
20230703T122644.A_Curius.B_MK.SCP_01,31,A1,-0.327799359137135,-0.018433397583059227,0.30936596155407575,0.5665264771232305,-1,-1,0,1,1
20230703T122644.A_Curius.B_MK.SCP_01,32,A1,0.9059679453649119,1.0,0.09403205463508812,0.7876972013886961,1,1,0,1,1
20230703T122644.A_Curius.B_MK.SCP_01,33,A2,-0.022164268832101736,0.04025533931852212,0.062419608150623855,0.2031614529566667,-1,1,1,0,0
20230703T122644.A_Curius.B_MK.SCP_01,34,A2,-0.16137759391067194,0.061995772056031885,0.22337336596670382,-0.09035582191146252,-1,1,1,0,0
20230703T122644.A_Curius.B_MK.SCP_01,35,A2,-0.4546881371731183,0.239347147581574,0.6940352847546922,-0.1696351599740355,-1,1,1,0,0
20230703T122644.A_Curius.B_MK.SCP_01,36,A2,-1.0,-0.08394607311859054,0.9160539268814094,0.1627805860504438,-1,-1,0,0,0
20230703T122644.A_Curius.B_MK.SCP_01,37,A2,0.0929586476043766,1.0,0.9070413523956234,0.1657260996288369,1,1,0,0,0
20230703T122644.A_Curius.B_MK.SCP_01,39,A2,-0.9429559419844687,-0.4867166669673763,0.45623927501709244,0.20938500904427076,-1,-1,0,1,1
20230703T122644.A_Curius.B_MK.SCP_01,40,A2,-0.7855309976656891,0.0864139658813562,0.8719449635470453,-0.005527953035266455,-1,1,1,0,0
20230703T122644.A_Curius.B_MK.SCP_01,41,A2,1.0,0.03921990284825781,-0.9607800971517422,0.190510600983222,1,1,0,1,1
20230703T122644.A_Curius.B_MK.SCP_01,42,A2,-0.05939744932030924,-1.0,-0.9406025506796908,0.24987032037310902,-1,-1,0,0,0
20230703T122644.A_Curius.B_MK.SCP_01,43,A2,1.0,0.43049683670690925,-0.5695031632930907,0.21991839591883522,1,1,0,1,1
20230703T122644.A_Curius.B_MK.SCP_01,44,A2,0.013126314406058144,-0.031278537820570544,-0.04440485222662869,0.09364896455676651,1,-1,1,1,0
20230703T122644.A_Curius.B_MK.SCP_01,45,A2,-0.09674643611810742,-0.015550308466799442,0.08119612765130797,0.10666083827381524,-1,-1,0,1,1
20230703T122644.A_Curius.B_MK.SCP_01,46,A2,0.15654274591158415,0.5373388250621499,0.3807960791505658,-0.24567146851632246,1,1,0,1,1
20230703T122644.A_Curius.B_MK.SCP_01,47,A2,0.17652821618668443,0.6788551802163527,0.5023269640296683,0.5932866634479673,1,1,0,1,1
20230703T122644.A_Curius.B_MK.SCP_01,49,A2,0.8299514544423009,0.4247495917318202,-0.4052018627104807,0.21713764550290937,1,1,0,0,0
20230703T122644.A_Curius.B_MK.SCP_01,50,A2,-1.0,0.0697282498631316,1.0697282498631315,-0.016437026125086452,-1,1,1,0,0
20230703T122644.A_Curius.B_MK.SCP_01,51,A2,0.21841469851158915,0.5055185110417014,0.2871038125301123,0.05517417742836795,1,1,0,0,0
20230703T122644.A_Curius.B_MK.SCP_01,52,A2,-0.008989666834503546,1.0,1.0089896668345035,0.028871475488336525,-1,1,1,1,0
20230703T122644.A_Curius.B_MK.SCP_01,53,A2,-0.04631840007830217,-0.40378566236944835,-0.35746726229114617,0.17615127714143586,-1,-1,0,1,0
20230703T122644.A_Curius.B_MK.SCP_01,55,A2,0.31280835625029335,1.0,0.6871916437497066,-0.17431134653435199,1,1,0,1,0
20230703T122644.A_Curius.B_MK.SCP_01,57,A2,-1.0,0.20143327515356546,1.2014332751535655,0.12560832622746887,-1,1,1,0,0
20230703T122644.A_Curius.B_MK.SCP_01,58,A2,1.0,0.6317785706349653,-0.36822142936503466,-0.29134210793036147,1,1,0,0,0
20230703T122644.A_Curius.B_MK.SCP_01,59,A2,0.37418343242731816,0.051215875527861575,-0.3229675568994566,-0.03134471689617526,1,1,0,1,1
20230703T122644.A_Curius.B_MK.SCP_01,60,A2,1.0,1.0,0.0,0.6001977042002512,1,1,0,1,0
20230703T122644.A_Curius.B_MK.SCP_01,62,A2,-0.29444323064977884,-0.2850955631920308,0.009347667457748066,0.4865918053553489,-1,-1,0,1,1
20230703T122644.A_Curius.B_MK.SCP_01,63,A2,0.4553428138716682,1.0,0.5446571861283318,0.0663922346265885,1,1,0,1,1
20230703T122644.A_Curius.B_MK.SCP_01,64,A2,-1.0,-0.4832798714158138,0.5167201285841863,0.6485971209825606,-1,-1,0,1,1
20230703T122644.A_Curius.B_MK.SCP_01,65,A3,1.0,0.15093139778081704,-0.8490686022191829,0.09352450279674894,1,1,0,1,0
20230703T122644.A_Curius.B_MK.SCP_01,66,A3,-0.11428634719639304,0.02967269452310948,0.14395904171950252,0.00035550535932888115,-1,1,1,1,1
20230703T122644.A_Curius.B_MK.SCP_01,68,A3,0.7412087683395205,1.0,0.25879123166047946,0.7536627706936506,1,1,0,1,1
20230703T122644.A_Curius.B_MK.SCP_01,69,A3,-1.0,-0.1667065184676169,0.8332934815323831,0.6835722057846879,-1,-1,0,1,1
20230703T122644.A_Curius.B_MK.SCP_01,70,A3,0.3592111020774752,0.09731624377387386,-0.2618948583036013,0.5827437467756151,1,1,0,1,1
20230703T122644.A_Curius.B_MK.SCP_01,72,A3,8.735368393319968e-05,-0.008489344773512162,-0.008576698457445362,-0.165721502804605,1,-1,1,1,0
20230703T122644.A_Curius.B_MK.SCP_01,73,A3,0.026771031432543047,1.0,0.973228968567457,-0.16111236196210468,1,1,0,0,0
20230703T122644.A_Curius.B_MK.SCP_01,74,A3,-1.0,0.1526844570119564,1.1526844570119563,-0.081360980987495,-1,1,1,0,0
20230703T122644.A_Curius.B_MK.SCP_01,75,A3,1.0,0.38371218536073615,-0.6162878146392639,0.3606805329135888,1,1,0,1,1
20230703T122644.A_Curius.B_MK.SCP_01,76,A3,0.07968798791572075,0.1049561911099943,0.025268203194273545,0.3245717877735584,1,1,0,1,1
20230703T122644.A_Curius.B_MK.SCP_01,77,A3,0.237985917922493,0.27333988107726553,0.035353963154772544,0.8914765098684097,1,1,0,1,1
20230703T122644.A_Curius.B_MK.SCP_01,78,A3,0.18071284805667612,0.11362072345079459,-0.06709212460588153,-0.1278737405062412,1,1,0,1,1
20230703T122644.A_Curius.B_MK.SCP_01,79,A3,0.2897856673014299,-0.6017184861363112,-0.891504153437741,0.24123559946048811,1,-1,1,0,0
20230703T122644.A_Curius.B_MK.SCP_01,80,A3,-0.12044458251903135,-0.13878369396884327,-0.018339111449811915,0.2198324891307626,-1,-1,0,1,1
20230703T122644.A_Curius.B_MK.SCP_01,81,A3,0.19937414631785558,-1.0,-1.1993741463178555,-0.16671405825477456,1,-1,1,1,0
20230703T122644.A_Curius.B_MK.SCP_01,82,A3,1.0,1.0,0.0,0.8488540321798337,1,1,0,1,1
20230703T122644.A_Curius.B_MK.SCP_01,84,A3,0.29452850369089556,-0.13441368182760655,-0.4289421855185021,0.3766555319503313,1,-1,1,1,1
20230703T122644.A_Curius.B_MK.SCP_01,85,A3,-0.003498516690150341,0.7764539430041206,0.779952459694271,0.4979528262823993,-1,1,1,1,1
20230703T122644.A_Curius.B_MK.SCP_01,86,A3,0.1118984738125731,0.14712545503357563,0.035226981221002526,0.22682492084696093,1,1,0,1,1
20230703T122644.A_Curius.B_MK.SCP_01,87,A3,-0.5233803220968879,0.09538000660933596,0.6187603287062239,0.051051687732740575,-1,1,1,1,1
20230703T122644.A_Curius.B_MK.SCP_01,88,A3,-0.34734770480077304,-0.11842332988566481,0.22892437491510823,0.13122166788800646,-1,-1,0,0,0
20230703T122644.A_Curius.B_MK.SCP_01,89,A3,-0.28327713943006,0.06684110354485175,0.35011824297491173,-0.010758877504547727,-1,1,1,0,0
20230703T122644.A_Curius.B_MK.SCP_01,90,A3,0.008794206277645692,-0.018881651485154072,-0.027675857762799766,0.07696215570350756,1,-1,1,0,0
20230703T122644.A_Curius.B_MK.SCP_01,91,A3,0.33527417859344677,0.10252248356914488,-0.23275169502430187,0.23822383160866534,1,1,0,0,0
20230703T122644.A_Curius.B_MK.SCP_01,93,A3,-0.06800206937499204,-0.05732256836235223,0.010679501012639807,0.19689995458213694,-1,-1,0,0,0
20230703T122644.A_Curius.B_MK.SCP_01,94,A3,0.06108251338212044,0.13820882286182626,0.07712630947970582,-0.09113737592350576,1,1,0,0,0
20230703T122644.A_Curius.B_MK.SCP_01,95,A3,0.2887048366828612,0.13885227720005472,-0.14985255948280646,0.6047990223037486,1,1,0,1,1
20230703T122644.A_Curius.B_MK.SCP_01,97,A4,0.17457986250074883,-0.13529350375299132,-0.3098733662537402,0.18848323754092555,1,-1,1,0,0
20230703T122644.A_Curius.B_MK.SCP_01,98,A4,-0.038786495081749243,0.048752330360990435,0.08753882544273968,0.5742958261657403,-1,1,1,1,1
20230703T122644.A_Curius.B_MK.SCP_01,99,A4,0.1950973896641375,0.04415907466553309,-0.1509383149986044,-0.07819933222829492,1,1,0,0,0
20230703T122644.A_Curius.B_MK.SCP_01,100,A4,-0.24668425901003105,0.013371659239543027,0.2600559182495741,0.24608973022186922,-1,1,1,0,0
20230703T122644.A_Curius.B_MK.SCP_01,101,A4,0.14893341020319786,-0.02465086814048384,-0.1735842783436817,0.23375000584514155,1,-1,1,0,0
20230703T122644.A_Curius.B_MK.SCP_01,102,A4,0.012339229601639797,-0.584701169423038,-0.5970403990246778,-0.17929825161980661,1,-1,1,1,0
20230703T122644.A_Curius.B_MK.SCP_01,103,A4,1.0,0.2946539428924909,-0.7053460571075091,0.04775262485664571,1,1,0,0,0
20230703T122644.A_Curius.B_MK.SCP_01,104,A4,0.015906726432430192,0.021832592270596363,0.005925865838166171,0.0740904932605298,1,1,0,0,0
20230703T122644.A_Curius.B_MK.SCP_01,105,A4,0.38412430062785446,0.16505298665802587,-0.2190713139698286,0.16139923389881242,1,1,0,1,1
20230703T122644.A_Curius.B_MK.SCP_01,106,A4,0.09658512605002668,-0.3148317783860644,-0.4114169044360911,-0.01853013752224138,1,-1,1,0,0
20230703T122644.A_Curius.B_MK.SCP_01,107,A4,-1.0,0.022459971029265915,1.022459971029266,-0.19457970088825471,-1,1,1,0,0
20230703T122644.A_Curius.B_MK.SCP_01,108,A4,-0.027331960181080753,0.049772015556601365,0.07710397573768211,0.006052756043187533,-1,1,1,0,0
20230703T122644.A_Curius.B_MK.SCP_01,109,A4,-0.18114242846205597,-0.257626237634316,-0.07648380917226005,0.10684260306369776,-1,-1,0,0,0
20230703T122644.A_Curius.B_MK.SCP_01,110,A4,-0.10645241676772049,-0.9400092464099014,-0.8335568296421809,-0.24589719638572738,-1,-1,0,0,0
20230703T122644.A_Curius.B_MK.SCP_01,111,A4,1.0,-0.6973059746581838,-1.6973059746581838,0.24546894836459124,1,-1,1,0,0
20230703T122644.A_Curius.B_MK.SCP_01,112,A4,0.09025057201948289,0.005045722993817791,-0.0852048490256651,-0.012675237392752477,1,1,0,0,0
20230703T122644.A_Curius.B_MK.SCP_01,114,A4,0.16401287558379019,0.006689086696488128,-0.15732378888730206,0.133826925938908,1,1,0,0,0
20230703T122644.A_Curius.B_MK.SCP_01,116,A4,-0.11425933022641871,-0.09536474809153314,0.018894582134885568,0.08923969802122947,-1,-1,0,0,0
20230703T122644.A_Curius.B_MK.SCP_01,117,A4,0.35857059348583953,0.06692302724364847,-0.29164756624219107,0.11884958498162362,1,1,0,0,0
20230703T122644.A_Curius.B_MK.SCP_01,118,A4,-0.21325241472076373,-0.21936891494734584,-0.006116500226582111,0.08152694546690722,-1,-1,0,0,0
20230703T122644.A_Curius.B_MK.SCP_01,119,A4,0.3272559705914319,0.10061374658618287,-0.22664222400524903,-0.1751799789835335,1,1,0,0,0
20230703T122644.A_Curius.B_MK.SCP_01,121,A4,-0.46515875072175233,-0.5956039655711572,-0.1304452148494049,0.1812600712076138,-1,-1,0,1,1
20230703T122644.A_Curius.B_MK.SCP_01,122,A4,-0.5025377613049418,-1.0,-0.49746223869505823,0.333666971860149,-1,-1,0,1,1
20230703T122644.A_Curius.B_MK.SCP_01,123,A4,0.6979533142576463,-0.31076922877717106,-1.0087225430348172,0.1105447175616855,1,-1,1,0,0
20230703T122644.A_Curius.B_MK.SCP_01,124,A4,0.18866597668084775,0.019297524649085577,-0.16936845203176218,-0.005427748314382303,1,1,0,0,0
20230703T122644.A_Curius.B_MK.SCP_01,125,A4,0.003664882202171215,-0.07099099104610566,-0.07465587324827688,-0.15449874253272175,1,-1,1,0,0
20230703T122644.A_Curius.B_MK.SCP_01,126,A4,0.24161862010091834,-0.6563141904905518,-0.8979328105914701,-0.010023585328094685,1,-1,1,0,0
20230703T122644.A_Curius.B_MK.SCP_01,127,A4,0.34061878137636786,0.007152012462583248,-0.33346676891378463,0.03391662902307375,1,1,0,0,1
20230703T122644.A_Curius.B_MK.SCP_01,128,A4,-0.15326377704789268,-0.0880311867793346,0.06523259026855809,0.009434560845348874,-1,-1,0,0,0
20230703T122644.A_Curius.B_MK.SCP_01,130,A5,0.09870124764790365,0.2709733629097322,0.1722721152618285,0.49362461991779105,1,1,0,1,1
20230703T122644.A_Curius.B_MK.SCP_01,132,A5,-1.0,0.5219405496766164,1.5219405496766165,0.2863350879838304,-1,1,1,1,0
20230703T122644.A_Curius.B_MK.SCP_01,133,A5,1.0,1.0,0.0,0.0583101576862219,1,1,0,0,0
20230703T122644.A_Curius.B_MK.SCP_01,134,A5,-0.3987284083944949,1.0,1.3987284083944949,0.014939635017835993,-1,1,1,1,1
20230703T122644.A_Curius.B_MK.SCP_01,135,A5,-0.18493494135555355,0.448440956966694,0.6333758983222475,-0.12236569660036303,-1,1,1,0,0
20230703T122644.A_Curius.B_MK.SCP_01,136,A5,-0.32272593649015363,0.36593014242708166,0.6886560789172353,-0.13226548249491415,-1,1,1,1,1
20230703T122644.A_Curius.B_MK.SCP_01,137,A5,-0.2157678676272993,-0.2852128678086409,-0.06944500018134162,0.8540892091202843,-1,-1,0,1,1
20230703T122644.A_Curius.B_MK.SCP_01,138,A5,0.8647770227375304,-0.2558334251528036,-1.120610447890334,0.1184717886497627,1,-1,1,1,1
20230703T122644.A_Curius.B_MK.SCP_01,139,A5,-0.8074062150123795,-1.0,-0.19259378498762048,0.6423905292085051,-1,-1,0,1,1
20230703T122644.A_Curius.B_MK.SCP_01,140,A5,-0.03242212665762403,0.01994146081611081,0.05236358747373483,0.10527014867344368,-1,1,1,1,1
20230703T122644.A_Curius.B_MK.SCP_01,141,A5,-0.042103280827453744,-0.06312822497101907,-0.021024944143565323,0.19646610948356466,-1,-1,0,0,0
20230703T122644.A_Curius.B_MK.SCP_01,142,A5,-0.5747007013716888,0.60454275256144,1.179243453933129,0.45912385621145363,-1,1,1,1,1
20230703T122644.A_Curius.B_MK.SCP_01,143,A5,-0.055675157347111315,1.0,1.0556751573471113,0.3337497319731762,-1,1,1,0,0
20230703T122644.A_Curius.B_MK.SCP_01,144,A5,-0.0986554662131917,0.10346797585764438,0.20212344207083607,-0.037491893890727344,-1,1,1,0,0
20230703T122644.A_Curius.B_MK.SCP_01,145,A5,-0.5370070270673725,0.33162299872298256,0.868630025790355,-0.33166158974603915,-1,1,1,1,1
20230703T122644.A_Curius.B_MK.SCP_01,146,A5,-1.0,-0.22270455399248087,0.7772954460075191,0.7859128122262544,-1,-1,0,1,1
20230703T122644.A_Curius.B_MK.SCP_01,147,A5,-0.04371437080579557,0.5923113460896952,0.6360257168954907,0.5640128688561639,-1,1,1,1,1
20230703T122644.A_Curius.B_MK.SCP_01,149,A5,0.39392596535816565,0.10813826853536547,-0.2857876968228002,-0.11974706113978102,1,1,0,1,0
20230703T122644.A_Curius.B_MK.SCP_01,150,A5,-0.12697152378458954,0.11204728191541302,0.23901880570000256,0.12520500306232865,-1,1,1,0,0
20230703T122644.A_Curius.B_MK.SCP_01,151,A5,-0.04785671000945676,-0.02205420680167285,0.02580250320778391,0.11830841562447093,-1,-1,0,0,0
20230703T122644.A_Curius.B_MK.SCP_01,152,A5,0.33126247349349736,0.4132520309420597,0.08198955744856234,-0.2550759531064824,1,1,0,0,0
20230703T122644.A_Curius.B_MK.SCP_01,153,A5,0.09202220426006809,0.23665270260014049,0.1446304983400724,0.7775638519875815,1,1,0,1,1
20230703T122644.A_Curius.B_MK.SCP_01,154,A5,0.8607234455114091,1.0,0.1392765544885909,-0.1041841914244047,1,1,0,0,0
20230703T122644.A_Curius.B_MK.SCP_01,155,A5,0.674609325131477,0.2720360925539507,-0.40257323257752625,0.10530134181392485,1,1,0,0,0
20230703T122644.A_Curius.B_MK.SCP_01,156,A5,-0.3007447763180722,-0.5209659759616179,-0.22022119964354564,-0.0028572261841340466,-1,-1,0,0,0
20230703T122644.A_Curius.B_MK.SCP_01,157,A5,-0.26155878623270706,0.3639366954101126,0.6254954816428197,-0.17852797503764378,-1,1,1,1,0
20230703T122644.A_Curius.B_MK.SCP_01,158,A5,0.10261306209244672,0.3612116102964748,0.25859854820402806,0.10661813906446134,1,1,0,0,0
20230703T122644.A_Curius.B_MK.SCP_01,159,A5,-0.0838451322578309,1.0,1.0838451322578309,-0.15345789655689374,-1,1,1,0,0
20230703T122644.A_Curius.B_MK.SCP_01,160,A5,-1.0,0.10500673286339368,1.1050067328633937,0.22003032072846984,-1,1,1,0,0
