session_id,channel,array_name,si_a,si_b,delta_si,waveform_r,sign_a,sign_b,sign_flip,task_evoked_a,task_evoked_b
20230607T115959.A_Curius.B_VC.SCP_01,1,A1,-1.0,0.5266591979821209,1.526659197982121,0.21398683431701146,-1,1,1,1,1
20230607T115959.A_Curius.B_VC.SCP_01,2,A1,-1.0,1.0,2.0,-0.04473584654987335,-1,1,1,1,1
20230607T115959.A_Curius.B_VC.SCP_01,3,A1,-1.0,-0.7464788937910143,0.2535211062089857,0.3379839010395582,-1,-1,0,1,0
20230607T115959.A_Curius.B_VC.SCP_01,4,A1,0.24081537920593105,-0.2288401509635887,-0.4696555301695198,0.020407361307613666,1,-1,1,1,1
20230607T115959.A_Curius.B_VC.SCP_01,6,A1,1.0,-0.49506204402788156,-1.4950620440278817,0.3082653632947464,1,-1,1,1,1
20230607T115959.A_Curius.B_VC.SCP_01,7,A1,-0.3588628539873673,0.386412634386698,0.7452754883740653,-0.09184891910162532,-1,1,1,1,0
20230607T115959.A_Curius.B_VC.SCP_01,8,A1,-1.0,1.0,2.0,0.06175412835786373,-1,1,1,0,0
20230607T115959.A_Curius.B_VC.SCP_01,9,A1,0.9433251448947526,1.0,0.05667485510524739,0.2770335491188424,1,1,0,1,1
20230607T115959.A_Curius.B_VC.SCP_01,10,A1,0.3231994605369188,0.5225902420929568,0.199390781556038,-0.001538883636946517,1,1,0,1,1
20230607T115959.A_Curius.B_VC.SCP_01,11,A1,0.2474152436335399,0.4841387013702529,0.236723457736713,0.3338288389098349,1,1,0,1,1
20230607T115959.A_Curius.B_VC.SCP_01,12,A1,0.18188508252239824,0.11807827979879035,-0.06380680272360789,-0.001901275646710382,1,1,0,1,1
20230607T115959.A_Curius.B_VC.SCP_01,13,A1,0.3992739712759565,0.47483576727586263,0.07556179599990615,0.3900813469732566,1,1,0,1,1
20230607T115959.A_Curius.B_VC.SCP_01,14,A1,0.4569021044496086,0.08667274293328191,-0.3702293615163267,0.152923237613903,1,1,0,1,1
20230607T115959.A_Curius.B_VC.SCP_01,15,A1,1.0,0.9717194565034135,-0.028280543496586485,0.7560532589552692,1,1,0,1,1
20230607T115959.A_Curius.B_VC.SCP_01,16,A1,0.08533539562606542,1.0,0.9146646043739346,0.4119945795879393,1,1,0,1,1
20230607T115959.A_Curius.B_VC.SCP_01,17,A1,0.11030257747584281,0.36718627330285875,0.2568836958270159,0.23024040183279407,1,1,0,1,1
20230607T115959.A_Curius.B_VC.SCP_01,18,A1,0.14914888083196615,0.09644983687507142,-0.05269904395689473,0.7108555053449979,1,1,0,1,1
20230607T115959.A_Curius.B_VC.SCP_01,19,A1,0.15722758778312576,0.3039627313772224,0.14673514359409665,-0.1236426574927469,1,1,0,1,1
20230607T115959.A_Curius.B_VC.SCP_01,21,A1,0.11779315858974075,1.0,0.8822068414102593,0.29503537235417293,1,1,0,1,1
20230607T115959.A_Curius.B_VC.SCP_01,22,A1,-1.0,1.0,2.0,-0.21280633722137698,-1,1,1,1,1
20230607T115959.A_Curius.B_VC.SCP_01,23,A1,0.45641259830679215,0.17160071990315787,-0.2848118784036343,0.43609235140410807,1,1,0,1,1
20230607T115959.A_Curius.B_VC.SCP_01,24,A1,-0.17903348248021533,0.07950008626968119,0.2585335687498965,0.12361036217148326,-1,1,1,1,1
20230607T115959.A_Curius.B_VC.SCP_01,25,A1,-0.6862597712256158,0.4475972146944783,1.133856985920094,0.2485887958482775,-1,1,1,1,1
20230607T115959.A_Curius.B_VC.SCP_01,26,A1,0.5898398297685002,1.0,0.41016017023149975,0.6976712042035846,1,1,0,1,1
20230607T115959.A_Curius.B_VC.SCP_01,27,A1,1.0,0.23664646709383264,-0.7633535329061674,-0.07816107909523767,1,1,0,1,1
20230607T115959.A_Curius.B_VC.SCP_01,28,A1,0.58139643701555,0.8444223823716197,0.2630259453560697,0.22880146888103453,1,1,0,1,1
20230607T115959.A_Curius.B_VC.SCP_01,29,A1,0.5563961740260274,0.3210382689726687,-0.23535790505335868,0.4838117365949678,1,1,0,1,1
20230607T115959.A_Curius.B_VC.SCP_01,30,A1,1.0,0.9568688282875685,-0.043131171712431526,0.21196048697537612,1,1,0,1,1
20230607T115959.A_Curius.B_VC.SCP_01,31,A1,0.23068322630024213,0.11051758513107908,-0.12016564116916305,0.4146377887463898,1,1,0,1,1
20230607T115959.A_Curius.B_VC.SCP_01,32,A1,0.645282185830261,1.0,0.354717814169739,0.6017238267044559,1,1,0,1,1
20230607T115959.A_Curius.B_VC.SCP_01,36,A2,-1.0,-0.037946467458167744,0.9620535325418322,0.004717197452782231,-1,-1,0,1,0
20230607T115959.A_Curius.B_VC.SCP_01,37,A2,-0.7268217584917298,0.9005465482255076,1.6273683067172375,0.04729784347259016,-1,1,1,0,0
20230607T115959.A_Curius.B_VC.SCP_01,38,A2,0.3847354396134107,1.0,0.6152645603865893,0.5496720913005861,1,1,0,1,1
20230607T115959.A_Curius.B_VC.SCP_01,39,A2,-1.0,0.11348757676745767,1.1134875767674577,0.20704005947462914,-1,1,1,1,1
20230607T115959.A_Curius.B_VC.SCP_01,40,A2,1.0,0.3130229699160351,-0.6869770300839648,0.026825275133370286,1,1,0,0,0
20230607T115959.A_Curius.B_VC.SCP_01,41,A2,0.7681748105399531,1.0,0.23182518946004693,-0.012070135904225525,1,1,0,1,1
20230607T115959.A_Curius.B_VC.SCP_01,42,A2,1.0,0.9785257346689059,-0.02147426533109409,-0.05227818710008775,1,1,0,0,0
20230607T115959.A_Curius.B_VC.SCP_01,43,A2,0.18135301456363162,0.21720871641560408,0.035855701851972455,-0.14657255895312124,1,1,0,1,1
20230607T115959.A_Curius.B_VC.SCP_01,44,A2,0.0739856993886542,0.691284636473508,0.6172989370848538,0.12954332025457854,1,1,0,0,1
20230607T115959.A_Curius.B_VC.SCP_01,45,A2,0.004003729959388998,-1.0,-1.004003729959389,0.3674097919439871,1,-1,1,1,1
20230607T115959.A_Curius.B_VC.SCP_01,46,A2,-0.7133114088318148,-0.24223042990915142,0.4710809789226633,0.20794130830227375,-1,-1,0,1,1
20230607T115959.A_Curius.B_VC.SCP_01,47,A2,-1.0,0.9447734412269453,1.9447734412269453,-0.19248151067414862,-1,1,1,1,1
20230607T115959.A_Curius.B_VC.SCP_01,48,A2,-0.482490718306827,1.0,1.482490718306827,0.17986411237330244,-1,1,1,1,1
20230607T115959.A_Curius.B_VC.SCP_01,49,A2,1.0,0.6949880133183507,-0.3050119866816493,0.09742525904339999,1,1,0,0,0
20230607T115959.A_Curius.B_VC.SCP_01,51,A2,0.4423237673500437,-0.2642687176285962,-0.7065924849786399,-0.12473467292704968,1,-1,1,1,1
20230607T115959.A_Curius.B_VC.SCP_01,52,A2,0.1253570029289542,1.0,0.8746429970710459,0.013667330486643857,1,1,0,0,1
20230607T115959.A_Curius.B_VC.SCP_01,53,A2,-0.8477092676940382,0.34189218559938733,1.1896014532934256,0.04996157460451746,-1,1,1,1,1
20230607T115959.A_Curius.B_VC.SCP_01,54,A2,-1.0,1.0,2.0,-0.12782780371015212,-1,1,1,1,0
20230607T115959.A_Curius.B_VC.SCP_01,55,A2,1.0,-0.009380470032601815,-1.009380470032602,-0.01393333699556819,1,-1,1,1,1
20230607T115959.A_Curius.B_VC.SCP_01,57,A2,-0.013003387419144792,-1.0,-0.9869966125808552,0.18063078064622545,-1,-1,0,0,0
20230607T115959.A_Curius.B_VC.SCP_01,58,A2,0.02148902468881968,-0.33489671443046015,-0.35638573911927984,-0.18365404848540737,1,-1,1,0,0
20230607T115959.A_Curius.B_VC.SCP_01,59,A2,0.36554750198235875,0.27624634254710706,-0.08930115943525169,0.47924340201092924,1,1,0,0,1
20230607T115959.A_Curius.B_VC.SCP_01,60,A2,0.9629020697011272,0.7193619660390875,-0.2435401036620397,0.09061221841986268,1,1,0,1,1
20230607T115959.A_Curius.B_VC.SCP_01,61,A2,1.0,-0.4418736267525175,-1.4418736267525176,0.3003118067746162,1,-1,1,1,1
20230607T115959.A_Curius.B_VC.SCP_01,62,A2,0.8761913044616814,-0.2573021388829503,-1.1334934433446318,0.5806794472423011,1,-1,1,1,1
20230607T115959.A_Curius.B_VC.SCP_01,63,A2,0.2775673314588702,0.4516052277696067,0.17403789631073652,0.6972295368441863,1,1,0,1,1
20230607T115959.A_Curius.B_VC.SCP_01,64,A2,-0.4854916832876113,-0.8072159790577331,-0.32172429577012185,0.5963030918239576,-1,-1,0,1,1
20230607T115959.A_Curius.B_VC.SCP_01,65,A3,0.15731654795531752,-0.4255040038824426,-0.58282055183776,-0.04780024265616961,1,-1,1,1,1
20230607T115959.A_Curius.B_VC.SCP_01,66,A3,-0.059179605329204264,0.32415987370400556,0.3833394790332098,0.45506954650610815,-1,1,1,1,1
20230607T115959.A_Curius.B_VC.SCP_01,67,A3,1.0,1.0,0.0,0.8461286085812919,1,1,0,1,1
20230607T115959.A_Curius.B_VC.SCP_01,68,A3,0.5613034227070083,0.6630379222463723,0.10173449953936398,0.7921296688676956,1,1,0,1,1
20230607T115959.A_Curius.B_VC.SCP_01,69,A3,0.17505786568356274,1.0,0.8249421343164373,0.5515213626541186,1,1,0,1,1
20230607T115959.A_Curius.B_VC.SCP_01,70,A3,0.33248293237558213,0.8530276789605195,0.5205447465849373,0.7297006787736203,1,1,0,1,1
20230607T115959.A_Curius.B_VC.SCP_01,71,A3,-1.0,-0.49355817991722317,0.5064418200827768,0.7628498239744537,-1,-1,0,1,1
20230607T115959.A_Curius.B_VC.SCP_01,72,A3,0.4853915907134685,0.11679970670234889,-0.3685918840111196,0.06019311656192508,1,1,0,0,0
20230607T115959.A_Curius.B_VC.SCP_01,73,A3,1.0,-1.0,-2.0,-0.10672917048540291,1,-1,1,0,0
20230607T115959.A_Curius.B_VC.SCP_01,74,A3,1.0,-0.1402886275911177,-1.1402886275911177,-0.08945801847696559,1,-1,1,1,0
20230607T115959.A_Curius.B_VC.SCP_01,75,A3,-0.2119946252780212,-1.0,-0.7880053747219788,-0.0692274786329691,-1,-1,0,0,0
20230607T115959.A_Curius.B_VC.SCP_01,76,A3,0.19990252195566538,-0.43597072809104725,-0.6358732500467126,0.6660921244536747,1,-1,1,1,1
20230607T115959.A_Curius.B_VC.SCP_01,77,A3,-0.40827590978546424,-0.32325847283439113,0.08501743695107311,0.605470283231599,-1,-1,0,1,1
20230607T115959.A_Curius.B_VC.SCP_01,78,A3,-0.20011537738109736,0.43467759379037374,0.634792971171471,0.5776267275094659,-1,1,1,1,1
20230607T115959.A_Curius.B_VC.SCP_01,79,A3,0.8812742876688586,-0.5196612011379061,-1.4009354888067649,-0.012960766603704205,1,-1,1,1,0
20230607T115959.A_Curius.B_VC.SCP_01,80,A3,1.0,1.0,0.0,0.6256803974940268,1,1,0,1,1
20230607T115959.A_Curius.B_VC.SCP_01,81,A3,0.9139037762927141,0.7617029968937095,-0.15220077939900467,0.6403034366269954,1,1,0,1,1
20230607T115959.A_Curius.B_VC.SCP_01,82,A3,-0.14741001213061622,0.3242663546536609,0.4716763667842771,0.7745573575578097,-1,1,1,1,1
20230607T115959.A_Curius.B_VC.SCP_01,83,A3,1.0,0.9953115163351303,-0.004688483664869736,0.23909905135448556,1,1,0,1,0
20230607T115959.A_Curius.B_VC.SCP_01,84,A3,0.9848396744187549,-0.4726508261941455,-1.4574905006129004,0.4629710759391671,1,-1,1,1,1
20230607T115959.A_Curius.B_VC.SCP_01,85,A3,0.498093777769437,1.0,0.501906222230563,0.77486552045637,1,1,0,1,1
20230607T115959.A_Curius.B_VC.SCP_01,87,A3,1.0,1.0,0.0,0.6649413010949784,1,1,0,1,1
20230607T115959.A_Curius.B_VC.SCP_01,88,A3,0.2962079990358136,1.0,0.7037920009641865,0.2155955852974421,1,1,0,1,1
20230607T115959.A_Curius.B_VC.SCP_01,89,A3,0.18284942025266965,0.918047722351663,0.7351983020989934,0.07630040051726004,1,1,0,1,1
20230607T115959.A_Curius.B_VC.SCP_01,90,A3,0.30230590816095027,-1.0,-1.3023059081609503,0.5685365878134594,1,-1,1,1,1
20230607T115959.A_Curius.B_VC.SCP_01,91,A3,0.5910474351108691,-0.1659915544151057,-0.7570389895259748,0.3629782578410561,1,-1,1,0,0
20230607T115959.A_Curius.B_VC.SCP_01,92,A3,-1.0,0.6333278477149844,1.6333278477149844,-0.03778215784734281,-1,1,1,0,1
20230607T115959.A_Curius.B_VC.SCP_01,93,A3,0.35005924683282835,0.19075717065197925,-0.1593020761808491,0.7379693432618927,1,1,0,1,1
20230607T115959.A_Curius.B_VC.SCP_01,94,A3,1.0,-0.3005541862851306,-1.3005541862851306,0.5959931951818151,1,-1,1,1,1
20230607T115959.A_Curius.B_VC.SCP_01,95,A3,-1.0,-1.0,0.0,0.3900175837929258,-1,-1,0,1,1
20230607T115959.A_Curius.B_VC.SCP_01,96,A3,-1.0,1.0,2.0,0.4449824614963777,-1,1,1,0,0
20230607T115959.A_Curius.B_VC.SCP_01,97,A4,0.28515370213249164,-1.0,-1.2851537021324917,0.23625928465170634,1,-1,1,1,1
20230607T115959.A_Curius.B_VC.SCP_01,98,A4,-0.16534827683402561,-0.27103922971610217,-0.10569095288207656,0.23169381590728094,-1,-1,0,0,0
20230607T115959.A_Curius.B_VC.SCP_01,99,A4,-1.0,-1.0,0.0,-0.0669426513592639,-1,-1,0,0,0
20230607T115959.A_Curius.B_VC.SCP_01,100,A4,0.6756998638378267,0.03832075759446331,-0.6373791062433634,0.279964706936405,1,1,0,0,0
20230607T115959.A_Curius.B_VC.SCP_01,101,A4,0.7589107554506781,1.0,0.2410892445493219,0.1902539808679814,1,1,0,0,0
20230607T115959.A_Curius.B_VC.SCP_01,102,A4,0.456886605383343,1.0,0.543113394616657,-0.016810087968960007,1,1,0,0,0
20230607T115959.A_Curius.B_VC.SCP_01,104,A4,-1.0,0.310159129855199,1.3101591298551991,0.05604490600334871,-1,1,1,0,0
20230607T115959.A_Curius.B_VC.SCP_01,105,A4,-0.34666471509025903,-0.38022737406928736,-0.033562658979028326,0.7144053302689355,-1,-1,0,1,1
20230607T115959.A_Curius.B_VC.SCP_01,106,A4,-0.6232117205118708,0.1951625311309869,0.8183742516428577,0.09748920524096247,-1,1,1,0,0
20230607T115959.A_Curius.B_VC.SCP_01,107,A4,0.8525003496191849,-1.0,-1.8525003496191847,0.0987618933422511,1,-1,1,0,0
20230607T115959.A_Curius.B_VC.SCP_01,108,A4,1.0,-1.0,-2.0,-0.17782950966691996,1,-1,1,0,0
20230607T115959.A_Curius.B_VC.SCP_01,109,A4,-1.0,-1.0,0.0,0.24969716762074173,-1,-1,0,0,0
20230607T115959.A_Curius.B_VC.SCP_01,110,A4,1.0,-1.0,-2.0,0.1603553761484123,1,-1,1,0,0
20230607T115959.A_Curius.B_VC.SCP_01,111,A4,-1.0,-0.19906604933303904,0.8009339506669609,-0.12126646907669099,-1,-1,0,0,0
20230607T115959.A_Curius.B_VC.SCP_01,112,A4,-0.21654702091929035,1.0,1.2165470209192903,0.2027999510141292,-1,1,1,0,0
20230607T115959.A_Curius.B_VC.SCP_01,114,A4,-1.0,-0.7218266820657325,0.27817331793426747,-0.2885941160326106,-1,-1,0,0,0
20230607T115959.A_Curius.B_VC.SCP_01,116,A4,-1.0,1.0,2.0,0.048365850465247086,-1,1,1,0,0
20230607T115959.A_Curius.B_VC.SCP_01,117,A4,0.8524912017847794,-0.6323287756717982,-1.4848199774565778,0.1197435197698313,1,-1,1,0,1
20230607T115959.A_Curius.B_VC.SCP_01,118,A4,0.2138698517387542,-1.0,-1.2138698517387543,0.09168236850326512,1,-1,1,0,0
20230607T115959.A_Curius.B_VC.SCP_01,119,A4,-0.2018306553060372,1.0,1.2018306553060372,0.2359829382677167,-1,1,1,1,1
20230607T115959.A_Curius.B_VC.SCP_01,120,A4,-0.6428065812338906,0.7162988183992486,1.359105399633139,0.050107697882037144,-1,1,1,0,0
20230607T115959.A_Curius.B_VC.SCP_01,121,A4,-0.7796180368745209,-1.0,-0.22038196312547909,0.6669028999322039,-1,-1,0,1,1
20230607T115959.A_Curius.B_VC.SCP_01,122,A4,-0.6571967943004812,-1.0,-0.34280320569951883,0.7045778397429263,-1,-1,0,1,1
20230607T115959.A_Curius.B_VC.SCP_01,123,A4,-0.8248258907803137,-1.0,-0.17517410921968635,0.053483157864161836,-1,-1,0,0,0
20230607T115959.A_Curius.B_VC.SCP_01,124,A4,0.2800528750496973,-0.8876289453422577,-1.167681820391955,-0.4886531855770432,1,-1,1,1,1
20230607T115959.A_Curius.B_VC.SCP_01,125,A4,-0.586712018181,1.0,1.5867120181810002,0.2514499044300479,-1,1,1,1,0
20230607T115959.A_Curius.B_VC.SCP_01,126,A4,0.06464130804564806,0.6542104511636998,0.5895691431180518,-0.006288209242315364,1,1,0,0,0
20230607T115959.A_Curius.B_VC.SCP_01,127,A4,-0.18253928085442545,-0.22618501889864986,-0.04364573804422442,0.15437473218784428,-1,-1,0,1,0
20230607T115959.A_Curius.B_VC.SCP_01,129,A5,-0.3820024541889488,-1.0,-0.6179975458110512,0.10467466694705063,-1,-1,0,1,1
20230607T115959.A_Curius.B_VC.SCP_01,130,A5,0.6167601430557336,-1.0,-1.6167601430557337,0.29102993393600396,1,-1,1,1,1
20230607T115959.A_Curius.B_VC.SCP_01,132,A5,0.944558584778796,1.0,0.05544141522120405,0.21566131147767825,1,1,0,0,0
20230607T115959.A_Curius.B_VC.SCP_01,133,A5,0.5158200565431141,-1.0,-1.5158200565431141,0.3008350895424671,1,-1,1,1,1
20230607T115959.A_Curius.B_VC.SCP_01,134,A5,-0.6759929722983263,-0.7858868617764645,-0.10989388947813816,0.3512975660355971,-1,-1,0,0,0
20230607T115959.A_Curius.B_VC.SCP_01,135,A5,-0.623196075230417,-0.45310360246340214,0.17009247276701484,0.26510442939622614,-1,-1,0,1,1
20230607T115959.A_Curius.B_VC.SCP_01,136,A5,1.0,-0.6924903496930278,-1.6924903496930277,0.046142471406049414,1,-1,1,0,0
20230607T115959.A_Curius.B_VC.SCP_01,137,A5,-1.0,-0.5690872828066788,0.43091271719332125,0.17599481808436357,-1,-1,0,1,1
20230607T115959.A_Curius.B_VC.SCP_01,138,A5,-1.0,-1.0,0.0,0.5488965720099427,-1,-1,0,1,1
20230607T115959.A_Curius.B_VC.SCP_01,141,A5,0.16357806371962547,1.0,0.8364219362803745,-0.15919553956712204,1,1,0,1,0
20230607T115959.A_Curius.B_VC.SCP_01,142,A5,-1.0,0.28671288104403725,1.2867128810440374,0.07135123900548825,-1,1,1,1,1
20230607T115959.A_Curius.B_VC.SCP_01,143,A5,0.7553198435623063,-1.0,-1.7553198435623063,-0.1380329388450494,1,-1,1,0,0
20230607T115959.A_Curius.B_VC.SCP_01,145,A5,-0.0810765213892933,-0.6590997375784711,-0.5780232161891777,-0.036185016462288805,-1,-1,0,1,1
20230607T115959.A_Curius.B_VC.SCP_01,146,A5,-0.5885475096768523,-1.0,-0.4114524903231477,0.9042280694643787,-1,-1,0,1,1
20230607T115959.A_Curius.B_VC.SCP_01,147,A5,-0.6393779708708691,0.7712426906008942,1.4106206614717633,-0.05234384493426447,-1,1,1,1,1
20230607T115959.A_Curius.B_VC.SCP_01,148,A5,1.0,1.0,0.0,0.29167344385605004,1,1,0,1,1
20230607T115959.A_Curius.B_VC.SCP_01,150,A5,0.6503421777386391,-1.0,-1.6503421777386391,-0.04746628214170572,1,-1,1,1,0
20230607T115959.A_Curius.B_VC.SCP_01,151,A5,-1.0,-1.0,0.0,-0.04325359728238786,-1,-1,0,1,0
20230607T115959.A_Curius.B_VC.SCP_01,152,A5,1.0,-1.0,-2.0,0.10417642306825457,1,-1,1,0,0
20230607T115959.A_Curius.B_VC.SCP_01,153,A5,0.27636401995924226,0.012898880890964363,-0.2634651390682779,0.15184971916283094,1,1,0,1,1
20230607T115959.A_Curius.B_VC.SCP_01,155,A5,1.0,-1.0,-2.0,-0.12293067513437267,1,-1,1,0,0
20230607T115959.A_Curius.B_VC.SCP_01,156,A5,-0.7389430445183002,-0.23203668278775783,0.5069063617305424,-0.3187406689412212,-1,-1,0,1,0
20230607T115959.A_Curius.B_VC.SCP_01,157,A5,-1.0,-1.0,0.0,0.21545383469048368,-1,-1,0,1,1
20230607T115959.A_Curius.B_VC.SCP_01,158,A5,0.8705032189112221,-1.0,-1.870503218911222,0.10487321161510801,1,-1,1,1,0
20230607T115959.A_Curius.B_VC.SCP_01,159,A5,-1.0,-1.0,0.0,0.024155650865727463,-1,-1,0,0,0
20230607T115959.A_Curius.B_VC.SCP_01,160,A5,1.0,1.0,0.0,0.040629730457171276,1,1,0,0,0
20230609T101610.A_Curius.B_VC.SCP_01,1,A1,0.2439180564659009,-0.05324311110729447,-0.2971611675731954,-0.056237520952788424,1,-1,1,1,1
20230609T101610.A_Curius.B_VC.SCP_01,4,A1,0.020033877229583524,0.2969992763093471,0.2769653990797636,0.1274178106344426,1,1,0,1,1
20230609T101610.A_Curius.B_VC.SCP_01,6,A1,0.08059421997130627,0.0016993200420585806,-0.07889489992924768,0.2991985934898598,1,1,0,1,1
20230609T101610.A_Curius.B_VC.SCP_01,8,A1,0.045009358642924796,-0.20668250851879852,-0.2516918671617233,0.15720870104197981,1,-1,1,1,0
20230609T101610.A_Curius.B_VC.SCP_01,9,A1,0.9361770222773884,0.9863793280002167,0.050202305722828244,0.5126399903260482,1,1,0,1,1
20230609T101610.A_Curius.B_VC.SCP_01,10,A1,0.6560067929329827,0.05854976123738431,-0.5974570316955984,0.17743298918910982,1,1,0,1,1
20230609T101610.A_Curius.B_VC.SCP_01,11,A1,0.4779884809880292,0.08820924323177903,-0.3897792377562502,0.0817073930258559,1,1,0,1,1
20230609T101610.A_Curius.B_VC.SCP_01,12,A1,0.37208245081165514,-0.18861026755362653,-0.5606927183652817,0.022045242306621853,1,-1,1,1,1
20230609T101610.A_Curius.B_VC.SCP_01,13,A1,0.592298904883389,0.19129113775889858,-0.4010077671244904,0.12810861664570852,1,1,0,1,1
20230609T101610.A_Curius.B_VC.SCP_01,14,A1,0.639004644789686,0.18873288034171876,-0.45027176444796724,0.03338707646231191,1,1,0,1,1
20230609T101610.A_Curius.B_VC.SCP_01,15,A1,1.0,-0.713526583612234,-1.713526583612234,0.38036445787010315,1,-1,1,1,1
20230609T101610.A_Curius.B_VC.SCP_01,16,A1,0.5371379157786508,1.0,0.4628620842213492,0.7361741019477891,1,1,0,1,1
20230609T101610.A_Curius.B_VC.SCP_01,17,A1,0.6559496504464953,-0.5257857083043138,-1.1817353587508093,0.3245840726427624,1,-1,1,1,1
20230609T101610.A_Curius.B_VC.SCP_01,18,A1,0.16999589414656102,-0.09629181506167465,-0.2662877092082357,0.5739792207605481,1,-1,1,1,1
20230609T101610.A_Curius.B_VC.SCP_01,19,A1,-0.07500779037060819,0.15785579012716228,0.23286358049777045,0.6299025205562452,-1,1,1,1,1
20230609T101610.A_Curius.B_VC.SCP_01,22,A1,-0.042173655271983364,-1.0,-0.9578263447280166,0.5083592314892439,-1,-1,0,1,1
20230609T101610.A_Curius.B_VC.SCP_01,23,A1,0.5995221488014728,0.11610534135121711,-0.4834168074502557,0.3671481791472872,1,1,0,1,1
20230609T101610.A_Curius.B_VC.SCP_01,24,A1,0.016851131597348846,-0.13496087588157044,-0.1518120074789193,-0.11491791092908958,1,-1,1,1,1
20230609T101610.A_Curius.B_VC.SCP_01,25,A1,0.09472500621518302,1.0,0.905274993784817,-0.1541008563520977,1,1,0,1,1
20230609T101610.A_Curius.B_VC.SCP_01,26,A1,0.6055032929121458,0.6635673785658961,0.05806408565375032,0.8293142356419961,1,1,0,1,1
20230609T101610.A_Curius.B_VC.SCP_01,27,A1,1.0,0.14857484442653301,-0.851425155573467,0.2389981826283654,1,1,0,1,1
20230609T101610.A_Curius.B_VC.SCP_01,28,A1,0.5139841925991663,0.14956201600390504,-0.3644221765952612,0.37370026340504414,1,1,0,1,1
20230609T101610.A_Curius.B_VC.SCP_01,29,A1,0.9250062436558268,1.0,0.07499375634417316,0.4287935813134558,1,1,0,1,1
20230609T101610.A_Curius.B_VC.SCP_01,30,A1,1.0,0.7439854460647195,-0.2560145539352805,-0.010931222029226962,1,1,0,1,1
20230609T101610.A_Curius.B_VC.SCP_01,31,A1,0.33937192347321443,-0.1193905790641061,-0.45876250253732054,0.21230513994613504,1,-1,1,1,1
20230609T101610.A_Curius.B_VC.SCP_01,32,A1,0.5299439987851784,0.06405800229822634,-0.46588599648695206,0.43191289922677467,1,1,0,1,1
20230609T101610.A_Curius.B_VC.SCP_01,33,A2,0.24104498602663496,-0.23202704173836464,-0.47307202776499957,0.0811742290791373,1,-1,1,0,0
20230609T101610.A_Curius.B_VC.SCP_01,34,A2,-0.18744114474045,0.17731840379115274,0.36475954853160275,0.020598823833107745,-1,1,1,0,1
20230609T101610.A_Curius.B_VC.SCP_01,36,A2,-1.0,0.4365623319387471,1.436562331938747,-0.35220789444566813,-1,1,1,1,0
20230609T101610.A_Curius.B_VC.SCP_01,37,A2,-0.22641016786181156,0.2887992034526275,0.515209371314439,-0.11480035366844955,-1,1,1,0,0
20230609T101610.A_Curius.B_VC.SCP_01,38,A2,0.4159198445174765,0.8665370517797591,0.45061720726228266,0.3783492616615378,1,1,0,1,1
20230609T101610.A_Curius.B_VC.SCP_01,39,A2,-0.9329667842109272,0.06950510418447492,1.002471888395402,0.10380358505898805,-1,1,1,1,1
20230609T101610.A_Curius.B_VC.SCP_01,40,A2,0.8060766295735614,0.08157961496754794,-0.7244970146060135,0.03554766206154146,1,1,0,0,0
20230609T101610.A_Curius.B_VC.SCP_01,41,A2,0.6638497861504229,1.0,0.3361502138495771,0.03698699460681131,1,1,0,1,1
20230609T101610.A_Curius.B_VC.SCP_01,42,A2,1.0,0.6547432635808448,-0.3452567364191552,-0.028953777300272057,1,1,0,1,1
20230609T101610.A_Curius.B_VC.SCP_01,43,A2,0.1980554029411954,-0.07588057809783985,-0.27393598103903527,0.09141029795839724,1,-1,1,1,1
20230609T101610.A_Curius.B_VC.SCP_01,44,A2,-0.21057721442660687,-0.2339022800565927,-0.02332506562998582,0.1398321115409773,-1,-1,0,0,1
20230609T101610.A_Curius.B_VC.SCP_01,45,A2,1.0,-0.15312309890566786,-1.1531230989056678,0.5801146621552756,1,-1,1,1,1
20230609T101610.A_Curius.B_VC.SCP_01,46,A2,-0.41892100962800405,0.11183602005333584,0.5307570296813399,0.23347452190504295,-1,1,1,0,0
20230609T101610.A_Curius.B_VC.SCP_01,47,A2,-1.0,1.0,2.0,-0.2590179907130727,-1,1,1,1,1
20230609T101610.A_Curius.B_VC.SCP_01,48,A2,-0.23185237113252616,-0.3340130343164251,-0.10216066318389894,0.16939072098221586,-1,-1,0,0,1
20230609T101610.A_Curius.B_VC.SCP_01,49,A2,0.22911160786327653,-0.3263404902409266,-0.5554520981042032,-0.1454035788847617,1,-1,1,0,0
20230609T101610.A_Curius.B_VC.SCP_01,50,A2,0.515311396395848,-0.8196489402057604,-1.3349603366016085,-0.008813028083163634,1,-1,1,0,0
20230609T101610.A_Curius.B_VC.SCP_01,51,A2,-0.004100738672439754,-1.0,-0.9958992613275602,0.023873337184186737,-1,-1,0,1,1
20230609T101610.A_Curius.B_VC.SCP_01,52,A2,0.47377030726290215,-0.10877716742222353,-0.5825474746851257,0.22836092310232725,1,-1,1,1,1
20230609T101610.A_Curius.B_VC.SCP_01,53,A2,0.5602364578042608,0.37228047956565485,-0.18795597823860594,-0.18743458435079322,1,1,0,1,1
20230609T101610.A_Curius.B_VC.SCP_01,54,A2,0.17470779250540405,0.004733656755294972,-0.16997413575010908,0.0008098386529164118,1,1,0,0,0
20230609T101610.A_Curius.B_VC.SCP_01,55,A2,0.6501827274116221,-0.07224275691551871,-0.7224254843271408,-0.006450367290703642,1,-1,1,1,1
20230609T101610.A_Curius.B_VC.SCP_01,56,A2,0.034681683479204466,0.0808962987788772,0.04621461529967274,-0.022324628568090175,1,1,0,1,1
20230609T101610.A_Curius.B_VC.SCP_01,57,A2,-0.10041633014528883,-0.0850523840524299,0.015363946092858932,0.2475098118483651,-1,-1,0,1,0
20230609T101610.A_Curius.B_VC.SCP_01,58,A2,-0.05449781505418949,-0.3296368833962431,-0.2751390683420536,0.25869769011993143,-1,-1,0,0,0
20230609T101610.A_Curius.B_VC.SCP_01,59,A2,0.27734430497596596,1.0,0.722655695024034,0.24139849124150878,1,1,0,1,1
20230609T101610.A_Curius.B_VC.SCP_01,60,A2,1.0,0.3459002439829266,-0.6540997560170734,-0.22504914910922605,1,1,0,1,1
20230609T101610.A_Curius.B_VC.SCP_01,62,A2,1.0,-0.3868800391206878,-1.3868800391206877,0.6994112903245587,1,-1,1,1,1
20230609T101610.A_Curius.B_VC.SCP_01,63,A2,0.2609936804818094,0.6187732607300197,0.3577795802482103,0.7901127434523476,1,1,0,1,1
20230609T101610.A_Curius.B_VC.SCP_01,64,A2,-1.0,-0.2467407742786557,0.7532592257213443,0.46560992281821517,-1,-1,0,1,1
20230609T101610.A_Curius.B_VC.SCP_01,65,A3,-0.08570843147406813,-0.09669236229629394,-0.010983930822225804,0.017416047181789025,-1,-1,0,1,1
20230609T101610.A_Curius.B_VC.SCP_01,66,A3,0.45474429665297683,-0.19193572313925486,-0.6466800197922317,0.47129639279686547,1,-1,1,1,1
20230609T101610.A_Curius.B_VC.SCP_01,68,A3,0.04961495008024693,-0.5008848472352624,-0.5504997973155094,0.8013016819944051,1,-1,1,1,1
20230609T101610.A_Curius.B_VC.SCP_01,69,A3,0.2592054009241279,-0.46215318015821155,-0.7213585810823395,0.7085759333544238,1,-1,1,1,1
20230609T101610.A_Curius.B_VC.SCP_01,70,A3,1.0,0.5356178936749468,-0.46438210632505317,0.7476234987571141,1,1,0,1,1
20230609T101610.A_Curius.B_VC.SCP_01,71,A3,-0.19348181375422202,-0.6986184147466414,-0.5051366009924194,0.8872599765193422,-1,-1,0,1,1
20230609T101610.A_Curius.B_VC.SCP_01,72,A3,-1.0,1.0,2.0,-0.08395429845237376,-1,1,1,0,0
20230609T101610.A_Curius.B_VC.SCP_01,73,A3,-0.02746602990231568,0.06777026869855626,0.09523629860087195,0.07286070335404095,-1,1,1,1,0
20230609T101610.A_Curius.B_VC.SCP_01,74,A3,0.18123024290978243,-0.17466833174178645,-0.3558985746515689,0.1361082353013084,1,-1,1,1,1
20230609T101610.A_Curius.B_VC.SCP_01,75,A3,0.0707069007244061,0.08827074167578713,0.01756384095138104,0.2820489069264436,1,1,0,1,1
20230609T101610.A_Curius.B_VC.SCP_01,76,A3,-0.44543772497469813,0.23880629260704142,0.6842440175817396,0.6766967655539858,-1,1,1,1,1
20230609T101610.A_Curius.B_VC.SCP_01,77,A3,-0.03511896802488837,-0.3300946164323753,-0.2949756484074869,0.24580988042663574,-1,-1,0,1,1
20230609T101610.A_Curius.B_VC.SCP_01,78,A3,1.0,0.0370004500454938,-0.9629995499545062,0.4559407913480047,1,1,0,1,1
20230609T101610.A_Curius.B_VC.SCP_01,79,A3,-0.02172643405764093,0.027268439778688845,0.04899487383632978,0.6582692498083803,-1,1,1,1,1
20230609T101610.A_Curius.B_VC.SCP_01,80,A3,1.0,-0.8150757537204555,-1.8150757537204556,0.5421556852516211,1,-1,1,1,1
20230609T101610.A_Curius.B_VC.SCP_01,81,A3,0.16056166458163118,0.03851769354557675,-0.12204397103605444,0.5920670465111991,1,1,0,1,1
20230609T101610.A_Curius.B_VC.SCP_01,82,A3,-0.15358680950619535,-0.026535530909057213,0.12705127859713813,0.7794429150813799,-1,-1,0,1,1
20230609T101610.A_Curius.B_VC.SCP_01,83,A3,-0.18194211044403383,0.05028353383207398,0.2322256442761078,0.30469456079252855,-1,1,1,1,1
20230609T101610.A_Curius.B_VC.SCP_01,84,A3,0.8220047138246166,0.9103886256084981,0.0883839117838815,0.1348349319084336,1,1,0,1,1
20230609T101610.A_Curius.B_VC.SCP_01,85,A3,0.6307011823666554,1.0,0.3692988176333446,0.8634908283864217,1,1,0,1,1
20230609T101610.A_Curius.B_VC.SCP_01,86,A3,-0.6742026728335925,1.0,1.6742026728335926,0.12918607077546643,-1,1,1,1,1
20230609T101610.A_Curius.B_VC.SCP_01,87,A3,0.6857116649606821,1.0,0.31428833503931786,0.8081728488132233,1,1,0,1,1
20230609T101610.A_Curius.B_VC.SCP_01,88,A3,0.789711222048098,1.0,0.21028877795190204,0.5306490838263255,1,1,0,1,1
20230609T101610.A_Curius.B_VC.SCP_01,89,A3,0.4406271591747151,0.1838128108104114,-0.2568143483643037,0.29431263086459064,1,1,0,1,1
20230609T101610.A_Curius.B_VC.SCP_01,90,A3,-0.0541271182961877,0.06802470948988344,0.12215182778607114,0.34880148146140827,-1,1,1,1,1
20230609T101610.A_Curius.B_VC.SCP_01,92,A3,-0.4333175595753223,0.333289631598312,0.7666071911736343,0.20082818861641444,-1,1,1,0,0
20230609T101610.A_Curius.B_VC.SCP_01,93,A3,0.14892478927094405,0.012467000892642995,-0.13645778837830105,0.6840076166104995,1,1,0,1,1
20230609T101610.A_Curius.B_VC.SCP_01,94,A3,-1.0,-0.2543557061819322,0.7456442938180678,0.5634629029767927,-1,-1,0,1,1
20230609T101610.A_Curius.B_VC.SCP_01,95,A3,-1.0,-1.0,0.0,0.4362011354741551,-1,-1,0,1,1
20230609T101610.A_Curius.B_VC.SCP_01,96,A3,0.26800220440260314,-0.04173131622322134,-0.3097335206258245,0.7670738023359827,1,-1,1,1,1
20230609T101610.A_Curius.B_VC.SCP_01,97,A4,-0.2975084255029024,0.04074501529377908,0.3382534407966815,0.15618185176584484,-1,1,1,1,1
20230609T101610.A_Curius.B_VC.SCP_01,98,A4,-1.0,1.0,2.0,0.0906083080552413,-1,1,1,1,1
20230609T101610.A_Curius.B_VC.SCP_01,99,A4,-0.08624792453478528,-0.06170823022853097,0.024539694306254307,-0.0714097943099904,-1,-1,0,0,0
20230609T101610.A_Curius.B_VC.SCP_01,100,A4,0.18198756057866874,-0.18723688532862715,-0.36922444590729586,-0.19135157816917017,1,-1,1,1,0
20230609T101610.A_Curius.B_VC.SCP_01,101,A4,-0.06311463572815769,-0.047445694544296535,0.015668941183861154,0.19447846001662142,-1,-1,0,0,0
20230609T101610.A_Curius.B_VC.SCP_01,102,A4,-0.06136612693124196,-0.0029825191988244394,0.05838360773241752,-0.1238748800595141,-1,-1,0,1,0
20230609T101610.A_Curius.B_VC.SCP_01,103,A4,-0.22990285014443135,-0.5505669086491886,-0.3206640585047572,0.12558099029536426,-1,-1,0,0,0
20230609T101610.A_Curius.B_VC.SCP_01,104,A4,-0.14766876228127832,0.03999594634081993,0.18766470862209825,0.13807753486345947,-1,1,1,0,0
20230609T101610.A_Curius.B_VC.SCP_01,105,A4,-0.12816948062306463,0.20589806422213805,0.3340675448452027,0.16164552063431753,-1,1,1,1,0
20230609T101610.A_Curius.B_VC.SCP_01,106,A4,-1.0,0.8834062875589116,1.8834062875589117,0.16526639588805822,-1,1,1,0,0
20230609T101610.A_Curius.B_VC.SCP_01,107,A4,-0.11800535211446525,0.013667769972969056,0.1316731220874343,0.08328080192775947,-1,1,1,0,0
20230609T101610.A_Curius.B_VC.SCP_01,108,A4,-0.09504246067551858,-0.023316148912496518,0.07172631176302206,0.18791823700262195,-1,-1,0,0,0
20230609T101610.A_Curius.B_VC.SCP_01,109,A4,0.9818408052657669,-1.0,-1.981840805265767,0.23981009073267498,1,-1,1,0,0
20230609T101610.A_Curius.B_VC.SCP_01,110,A4,0.45870987370357735,-0.07680915730215626,-0.5355190310057336,-0.10881409717203944,1,-1,1,0,0
20230609T101610.A_Curius.B_VC.SCP_01,111,A4,0.19580451384938155,0.36825444098816373,0.17244992713878218,0.052311846749815684,1,1,0,0,0
20230609T101610.A_Curius.B_VC.SCP_01,112,A4,-0.15000778368167614,0.7408284422281123,0.8908362259097884,0.021533020938613524,-1,1,1,0,0
20230609T101610.A_Curius.B_VC.SCP_01,114,A4,0.31743824181692754,-0.1102508883044676,-0.42768913012139514,-0.045451750213782054,1,-1,1,0,0
20230609T101610.A_Curius.B_VC.SCP_01,116,A4,-0.13877734201915376,-0.07052689820834755,0.06825044381080621,0.2187353890911684,-1,-1,0,0,0
20230609T101610.A_Curius.B_VC.SCP_01,118,A4,1.0,1.0,0.0,0.21225114972342538,1,1,0,0,0
20230609T101610.A_Curius.B_VC.SCP_01,119,A4,-0.2592263109847101,0.44486390505273704,0.7040902160374471,-0.1578597070353892,-1,1,1,0,0
20230609T101610.A_Curius.B_VC.SCP_01,121,A4,-0.4827783439808586,-1.0,-0.5172216560191414,0.6823160070507601,-1,-1,0,1,1
20230609T101610.A_Curius.B_VC.SCP_01,122,A4,-0.5057754814125092,-1.0,-0.49422451858749084,0.7176840737525869,-1,-1,0,1,1
20230609T101610.A_Curius.B_VC.SCP_01,123,A4,-0.3489440640700536,0.24805835181103547,0.597002415881089,-0.05370358866723686,-1,1,1,0,0
20230609T101610.A_Curius.B_VC.SCP_01,124,A4,-0.6401552598007055,-0.7053576056422572,-0.06520234584155171,0.32942465130548887,-1,-1,0,1,1
20230609T101610.A_Curius.B_VC.SCP_01,125,A4,1.0,-0.7896214667419255,-1.7896214667419255,0.17261227048363628,1,-1,1,0,0
20230609T101610.A_Curius.B_VC.SCP_01,126,A4,-1.0,1.0,2.0,-0.015682899987750996,-1,1,1,0,0
20230609T101610.A_Curius.B_VC.SCP_01,127,A4,-0.19239502778521061,-0.21585936049758223,-0.02346433271237161,0.214397035058813,-1,-1,0,0,0
20230609T101610.A_Curius.B_VC.SCP_01,128,A4,-1.0,0.4566785237758761,1.4566785237758761,-0.009927355362401184,-1,1,1,0,0
20230609T101610.A_Curius.B_VC.SCP_01,129,A5,-0.5222351765071401,1.0,1.5222351765071402,-0.039812798235715964,-1,1,1,0,0
20230609T101610.A_Curius.B_VC.SCP_01,130,A5,-0.6531550869173086,1.0,1.6531550869173086,0.7093963459480813,-1,1,1,1,1
20230609T101610.A_Curius.B_VC.SCP_01,132,A5,-0.09874801872627366,0.05805509868783556,0.1568031174141092,0.24453709693617162,-1,1,1,1,1
20230609T101610.A_Curius.B_VC.SCP_01,133,A5,0.15012426420090283,1.0,0.8498757357990971,0.14145130428356162,1,1,0,1,1
20230609T101610.A_Curius.B_VC.SCP_01,134,A5,-0.1187689939459468,-0.6845110648925556,-0.5657420709466089,0.6077787739286655,-1,-1,0,1,1
20230609T101610.A_Curius.B_VC.SCP_01,135,A5,-0.4162080596193623,-0.12128152310643739,0.2949265365129249,0.10616851658365489,-1,-1,0,1,1
20230609T101610.A_Curius.B_VC.SCP_01,136,A5,0.10745476191322885,0.1287084490011818,0.021253687087952958,0.16124776850898132,1,1,0,1,1
20230609T101610.A_Curius.B_VC.SCP_01,137,A5,-0.03202828232192185,-0.2650232941436519,-0.23299501182173005,0.2399773489125272,-1,-1,0,1,1
20230609T101610.A_Curius.B_VC.SCP_01,138,A5,0.4640373115955594,-0.7545906058047867,-1.218627917400346,0.14562620955565594,1,-1,1,1,1
20230609T101610.A_Curius.B_VC.SCP_01,139,A5,-1.0,-1.0,0.0,0.6334828631683462,-1,-1,0,1,1
20230609T101610.A_Curius.B_VC.SCP_01,141,A5,0.150413505000827,-0.4067093210318383,-0.5571228260326653,0.5231881172533832,1,-1,1,1,1
20230609T101610.A_Curius.B_VC.SCP_01,142,A5,-0.34463765040860905,-0.9874454948168269,-0.6428078444082178,0.2835064507616057,-1,-1,0,1,1
20230609T101610.A_Curius.B_VC.SCP_01,143,A5,0.0204451250595957,0.6193111661176706,0.5988660410580748,0.22071531599238897,1,1,0,0,0
20230609T101610.A_Curius.B_VC.SCP_01,144,A5,-0.06250587771113933,-0.006915043292487477,0.055590834418651855,-0.00446370168363853,-1,-1,0,0,0
20230609T101610.A_Curius.B_VC.SCP_01,145,A5,-0.10378478139634428,-0.06722955372473216,0.03655522767161212,0.13408548482500335,-1,-1,0,1,1
20230609T101610.A_Curius.B_VC.SCP_01,146,A5,-0.40021291651720936,-0.5109792701629567,-0.11076635364574738,0.8640276802855731,-1,-1,0,1,1
20230609T101610.A_Curius.B_VC.SCP_01,147,A5,0.48510464236898304,0.5065311919094342,0.021426549540451145,0.49040047691557076,1,1,0,1,1
20230609T101610.A_Curius.B_VC.SCP_01,148,A5,0.5531665931901412,0.6687588305371394,0.1155922373469982,0.4331036165507879,1,1,0,1,1
20230609T101610.A_Curius.B_VC.SCP_01,149,A5,0.36080940848913867,0.06690314483391893,-0.29390626365521977,0.3961623309567037,1,1,0,1,0
20230609T101610.A_Curius.B_VC.SCP_01,150,A5,-0.07198887411519625,0.01398784021574889,0.08597671433094514,0.20023722172803993,-1,1,1,1,0
20230609T101610.A_Curius.B_VC.SCP_01,151,A5,-0.2681633428847638,-0.8343050814358474,-0.5661417385510836,0.058569671966832146,-1,-1,0,0,0
20230609T101610.A_Curius.B_VC.SCP_01,152,A5,0.6291763916457542,0.5217107577865707,-0.10746563385918351,0.17554313161332874,1,1,0,0,0
20230609T101610.A_Curius.B_VC.SCP_01,153,A5,0.2577195274482067,-0.004522335831147516,-0.2622418632793542,0.4274219566381413,1,-1,1,1,1
20230609T101610.A_Curius.B_VC.SCP_01,155,A5,-1.0,1.0,2.0,-0.30352916994823603,-1,1,1,0,0
20230609T101610.A_Curius.B_VC.SCP_01,157,A5,0.03196749114047484,-0.10480986906096088,-0.13677736020143572,-0.0705459265856732,1,-1,1,1,0
20230609T101610.A_Curius.B_VC.SCP_01,158,A5,-0.022460790246022763,0.2131919990388841,0.23565278928490688,0.21021089792496284,-1,1,1,0,0
20230609T101610.A_Curius.B_VC.SCP_01,160,A5,-1.0,1.0,2.0,0.020325880773526112,-1,1,1,0,0
20230614T114327.A_Curius.B_VC.SCP_01,1,A1,0.001333557988017483,-0.2558229760685503,-0.2571565340565678,0.3247656935943612,1,-1,1,1,1
20230614T114327.A_Curius.B_VC.SCP_01,2,A1,0.2318887647025288,0.39698204127139225,0.16509327656886344,0.3463914321035265,1,1,0,0,0
20230614T114327.A_Curius.B_VC.SCP_01,3,A1,-0.05779821394933247,-1.0,-0.9422017860506675,-0.34593854899303045,-1,-1,0,1,1
20230614T114327.A_Curius.B_VC.SCP_01,4,A1,0.21663447962068377,0.09066378815152089,-0.1259706914691629,0.060088193829338825,1,1,0,1,1
20230614T114327.A_Curius.B_VC.SCP_01,6,A1,0.3083007057309309,0.2611346781148698,-0.04716602761606109,0.3847129238535953,1,1,0,1,1
20230614T114327.A_Curius.B_VC.SCP_01,8,A1,0.21881017074854472,0.030860056282123544,-0.18795011446642118,0.2772906297474796,1,1,0,1,1
20230614T114327.A_Curius.B_VC.SCP_01,9,A1,0.8661155423681437,-1.0,-1.8661155423681437,0.039486044278373905,1,-1,1,1,1
20230614T114327.A_Curius.B_VC.SCP_01,10,A1,0.05627750402106878,-0.025405618725562098,-0.08168312274663088,-0.16015674677108893,1,-1,1,1,1
20230614T114327.A_Curius.B_VC.SCP_01,11,A1,0.3760403876338789,0.4156276542103426,0.039587266576463664,-0.21831258545572807,1,1,0,1,1
20230614T114327.A_Curius.B_VC.SCP_01,12,A1,0.03202199951434948,-0.017844825478260756,-0.049866824992610234,0.23343238918867443,1,-1,1,1,1
20230614T114327.A_Curius.B_VC.SCP_01,13,A1,0.17358592904289794,0.2953342185979371,0.12174828955503919,0.17257575710528433,1,1,0,1,1
20230614T114327.A_Curius.B_VC.SCP_01,14,A1,0.5883954214197586,0.7387156438020064,0.15032022238224774,-0.03975215591349257,1,1,0,1,1
20230614T114327.A_Curius.B_VC.SCP_01,15,A1,0.36488208004547334,-0.15675699430940432,-0.5216390743548777,-0.18452909461413258,1,-1,1,1,1
20230614T114327.A_Curius.B_VC.SCP_01,17,A1,0.1849728057571657,0.043541464206857464,-0.14143134155030823,0.26215982493678525,1,1,0,1,1
20230614T114327.A_Curius.B_VC.SCP_01,18,A1,0.29774134846814543,0.09717823774932051,-0.20056311071882493,-0.2868186608618421,1,1,0,1,1
20230614T114327.A_Curius.B_VC.SCP_01,19,A1,0.040428568934603476,1.0,0.9595714310653966,0.13230949984887194,1,1,0,1,1
20230614T114327.A_Curius.B_VC.SCP_01,20,A1,0.3802094343755351,0.35579155255371936,-0.024417881821815757,-0.044280743007647456,1,1,0,1,1
20230614T114327.A_Curius.B_VC.SCP_01,21,A1,0.39686522803728447,0.1630459870491756,-0.23381924098810886,0.11268274561618549,1,1,0,1,1
20230614T114327.A_Curius.B_VC.SCP_01,22,A1,-0.6002336125122634,-0.1830520959788643,0.4171815165333991,0.8965162884611045,-1,-1,0,1,1
20230614T114327.A_Curius.B_VC.SCP_01,23,A1,0.13216513173565428,0.1571175529574747,0.024952421221820426,0.2911127108649583,1,1,0,1,1
20230614T114327.A_Curius.B_VC.SCP_01,26,A1,0.23527305472177293,0.22484132882140465,-0.010431725900368283,0.24478198027358292,1,1,0,1,1
20230614T114327.A_Curius.B_VC.SCP_01,27,A1,0.13167499363128474,0.1743581903361101,0.04268319670482537,-0.45287083304991727,1,1,0,1,1
20230614T114327.A_Curius.B_VC.SCP_01,28,A1,0.07167350124600602,-0.472777680584674,-0.5444511818306801,0.4059422332131356,1,-1,1,1,1
20230614T114327.A_Curius.B_VC.SCP_01,29,A1,0.39146712573907083,0.06813201244129506,-0.32333511329777576,0.12112545313922446,1,1,0,1,1
20230614T114327.A_Curius.B_VC.SCP_01,30,A1,1.0,1.0,0.0,-0.03554904275246575,1,1,0,1,1
20230614T114327.A_Curius.B_VC.SCP_01,31,A1,0.22721780241725018,-0.049114927956112865,-0.27633273037336303,-0.08225703067540716,1,-1,1,1,1
20230614T114327.A_Curius.B_VC.SCP_01,32,A1,0.5228634228592846,0.8673770916114211,0.3445136687521365,0.7803460067324038,1,1,0,1,1
20230614T114327.A_Curius.B_VC.SCP_01,33,A2,-0.09282180602843257,-0.0033742219572213544,0.08944758407121121,-0.10880413174026289,-1,-1,0,0,0
20230614T114327.A_Curius.B_VC.SCP_01,34,A2,0.022763982400860742,0.14093213205407754,0.11816814965321679,-0.16893163399260422,1,1,0,1,0
20230614T114327.A_Curius.B_VC.SCP_01,36,A2,-0.5016753410573076,-0.5787732624239147,-0.07709792136660709,0.3159221636102584,-1,-1,0,1,1
20230614T114327.A_Curius.B_VC.SCP_01,37,A2,0.07848249515354,0.6239359691791302,0.5454534740255902,-0.35970980888021187,1,1,0,0,1
20230614T114327.A_Curius.B_VC.SCP_01,38,A2,0.18473068968341366,0.4198269601902617,0.23509627050684806,0.30539944886221687,1,1,0,1,1
20230614T114327.A_Curius.B_VC.SCP_01,39,A2,1.0,1.0,0.0,-0.05870430365635529,1,1,0,1,1
20230614T114327.A_Curius.B_VC.SCP_01,40,A2,-0.036476766559269916,0.0539812939636102,0.09045806052288011,-0.08943212174501021,-1,1,1,0,0
20230614T114327.A_Curius.B_VC.SCP_01,41,A2,0.5290820933127892,1.0,0.4709179066872108,0.38612986378427333,1,1,0,1,1
20230614T114327.A_Curius.B_VC.SCP_01,42,A2,1.0,0.4047604694756752,-0.5952395305243248,0.33186443741098687,1,1,0,1,1
20230614T114327.A_Curius.B_VC.SCP_01,43,A2,0.2233648117034131,0.7028641569627757,0.4794993452593626,-0.2459954264123313,1,1,0,1,1
20230614T114327.A_Curius.B_VC.SCP_01,44,A2,1.0,-0.7694399572404236,-1.7694399572404236,0.49675317494135834,1,-1,1,1,1
20230614T114327.A_Curius.B_VC.SCP_01,45,A2,0.28082784084833184,-0.27569560334259696,-0.5565234441909288,0.10108222578129308,1,-1,1,1,1
20230614T114327.A_Curius.B_VC.SCP_01,46,A2,-0.4325388199564523,0.4697272949296181,0.9022661148860704,-0.4975166578810642,-1,1,1,1,0
20230614T114327.A_Curius.B_VC.SCP_01,47,A2,0.36795964063447334,1.0,0.6320403593655266,0.06390029538624195,1,1,0,1,1
20230614T114327.A_Curius.B_VC.SCP_01,48,A2,1.0,1.0,0.0,0.39024883071604677,1,1,0,0,0
20230614T114327.A_Curius.B_VC.SCP_01,49,A2,-0.03589711708970475,0.02170079674385521,0.05759791383355996,0.0388002539065316,-1,1,1,0,0
20230614T114327.A_Curius.B_VC.SCP_01,50,A2,0.7007182407558896,-0.20817519793172362,-0.9088934386876133,-0.08886353694956309,1,-1,1,0,0
20230614T114327.A_Curius.B_VC.SCP_01,51,A2,-0.18337674990616762,0.08334496497722528,0.2667217148833929,0.01958646633054431,-1,1,1,0,1
20230614T114327.A_Curius.B_VC.SCP_01,52,A2,-1.0,0.3442941963705996,1.3442941963705997,0.19726264205006724,-1,1,1,1,1
20230614T114327.A_Curius.B_VC.SCP_01,53,A2,0.04529990781295356,0.00947457001206236,-0.0358253378008912,0.22087702571308326,1,1,0,1,1
20230614T114327.A_Curius.B_VC.SCP_01,54,A2,0.19670180344903457,0.1950481026588195,-0.001653700790215068,0.06434539406138286,1,1,0,0,0
20230614T114327.A_Curius.B_VC.SCP_01,55,A2,0.6245821941264964,0.1649648908900883,-0.4596173032364081,0.3638509936735539,1,1,0,1,1
20230614T114327.A_Curius.B_VC.SCP_01,56,A2,-0.8838944992562908,0.7806277474447273,1.6645222467010181,-0.19215055753733912,-1,1,1,1,1
20230614T114327.A_Curius.B_VC.SCP_01,57,A2,-0.04883419005857892,-0.03843674746951655,0.010397442589062368,0.018589919171853785,-1,-1,0,1,1
20230614T114327.A_Curius.B_VC.SCP_01,58,A2,-0.07607891345706948,0.14471203801485857,0.22079095147192807,-0.08945282488496686,-1,1,1,0,0
20230614T114327.A_Curius.B_VC.SCP_01,59,A2,0.13229610599787106,1.0,0.8677038940021289,0.4405040938824882,1,1,0,1,1
20230614T114327.A_Curius.B_VC.SCP_01,60,A2,1.0,0.2607593991476102,-0.7392406008523897,0.1296052418446605,1,1,0,1,1
20230614T114327.A_Curius.B_VC.SCP_01,61,A2,1.0,1.0,0.0,0.4718430631480564,1,1,0,1,1
20230614T114327.A_Curius.B_VC.SCP_01,62,A2,1.0,0.10783288977736492,-0.8921671102226351,0.38840364178510894,1,1,0,1,1
20230614T114327.A_Curius.B_VC.SCP_01,63,A2,0.6874017755550627,-0.15725816842676088,-0.8446599439818235,0.6077578069603788,1,-1,1,1,1
20230614T114327.A_Curius.B_VC.SCP_01,64,A2,-0.07918905171555123,-0.20027884840585342,-0.12108979669030219,0.5483015722714341,-1,-1,0,1,1
20230614T114327.A_Curius.B_VC.SCP_01,65,A3,0.6468033141318439,1.0,0.3531966858681561,0.42731202528966117,1,1,0,1,1
20230614T114327.A_Curius.B_VC.SCP_01,66,A3,-0.08501239598978827,1.0,1.0850123959897884,0.35939462633761804,-1,1,1,1,1
20230614T114327.A_Curius.B_VC.SCP_01,67,A3,0.7269405099494519,1.0,0.2730594900505481,0.23325444000278364,1,1,0,1,1
20230614T114327.A_Curius.B_VC.SCP_01,68,A3,0.24231145288524644,1.0,0.7576885471147535,0.5573945673574783,1,1,0,1,1
20230614T114327.A_Curius.B_VC.SCP_01,69,A3,-0.013940091905260545,-0.17475951675874785,-0.1608194248534873,0.7842077498556135,-1,-1,0,1,1
20230614T114327.A_Curius.B_VC.SCP_01,70,A3,0.33169669929758294,-0.8901483023106673,-1.2218450016082503,0.4511071947075177,1,-1,1,1,1
20230614T114327.A_Curius.B_VC.SCP_01,71,A3,0.42074105220094704,1.0,0.579258947799053,0.850742454906727,1,1,0,1,1
20230614T114327.A_Curius.B_VC.SCP_01,72,A3,0.1235523514339462,0.0069896059187480025,-0.1165627455151982,0.10603131370778436,1,1,0,0,0
20230614T114327.A_Curius.B_VC.SCP_01,73,A3,-0.11777982625509219,0.12967890232768967,0.24745872858278184,0.016780956354436386,-1,1,1,1,1
20230614T114327.A_Curius.B_VC.SCP_01,74,A3,1.0,-0.4130601531714983,-1.4130601531714984,0.10849482931310112,1,-1,1,1,1
20230614T114327.A_Curius.B_VC.SCP_01,75,A3,0.5260883558182239,1.0,0.4739116441817761,0.2924894522659636,1,1,0,1,1
20230614T114327.A_Curius.B_VC.SCP_01,76,A3,0.8376230850445243,-0.2539534875387809,-1.091576572583305,0.22967877718082017,1,-1,1,1,1
20230614T114327.A_Curius.B_VC.SCP_01,77,A3,0.3237862213606674,1.0,0.6762137786393325,0.22366414010926533,1,1,0,1,1
20230614T114327.A_Curius.B_VC.SCP_01,78,A3,0.24458981120290713,0.2581035889546555,0.01351377775174839,0.6432260402882095,1,1,0,1,1
20230614T114327.A_Curius.B_VC.SCP_01,79,A3,0.8166504880894373,0.666891302587887,-0.14975918550155032,0.48122225849272365,1,1,0,1,1
20230614T114327.A_Curius.B_VC.SCP_01,80,A3,0.6973190697699325,-1.0,-1.6973190697699325,0.5974869671704982,1,-1,1,1,1
20230614T114327.A_Curius.B_VC.SCP_01,81,A3,0.44245862057406665,0.751002521247887,0.30854390067382037,0.29040658607988706,1,1,0,1,1
20230614T114327.A_Curius.B_VC.SCP_01,82,A3,0.31241985232630193,0.7954456084967368,0.4830257561704349,0.3997183779728919,1,1,0,1,1
20230614T114327.A_Curius.B_VC.SCP_01,83,A3,0.06855027624793227,-0.014114462002723293,-0.08266473825065555,0.5378447939340281,1,-1,1,1,1
20230614T114327.A_Curius.B_VC.SCP_01,84,A3,-0.12821703413838717,-0.6403729849432579,-0.5121559508048708,0.16821145021942066,-1,-1,0,1,1
20230614T114327.A_Curius.B_VC.SCP_01,85,A3,0.7869694992225087,1.0,0.2130305007774913,0.7762980401399587,1,1,0,1,1
20230614T114327.A_Curius.B_VC.SCP_01,86,A3,0.5454018026259417,0.26897984642514366,-0.27642195620079807,0.3547611816166811,1,1,0,1,1
20230614T114327.A_Curius.B_VC.SCP_01,87,A3,0.5038122771769227,1.0,0.4961877228230773,0.2600739141965044,1,1,0,1,1
20230614T114327.A_Curius.B_VC.SCP_01,88,A3,0.23073865230749085,0.24206454214920825,0.011325889841717396,0.3840601607161413,1,1,0,1,1
20230614T114327.A_Curius.B_VC.SCP_01,89,A3,0.8860524959866296,1.0,0.1139475040133704,0.19298733962494657,1,1,0,1,1
20230614T114327.A_Curius.B_VC.SCP_01,90,A3,0.07115496026889616,-0.034791549199047256,-0.10594650946794341,-0.014094540445798076,1,-1,1,0,1
20230614T114327.A_Curius.B_VC.SCP_01,91,A3,0.118556402497433,0.06774056098056397,-0.050815841516869034,-0.09585892831597473,1,1,0,0,1
20230614T114327.A_Curius.B_VC.SCP_01,93,A3,1.0,0.03983929158930001,-0.9601607084107,0.8048958918390376,1,1,0,1,1
20230614T114327.A_Curius.B_VC.SCP_01,94,A3,0.15251209091427184,0.10296681851975426,-0.04954527239451759,0.5425038516245239,1,1,0,1,1
20230614T114327.A_Curius.B_VC.SCP_01,95,A3,-1.0,-1.0,0.0,-0.6411658293481874,-1,-1,0,1,1
20230614T114327.A_Curius.B_VC.SCP_01,97,A4,-1.0,-0.169508104493746,0.830491895506254,0.12634401168159787,-1,-1,0,1,1
20230614T114327.A_Curius.B_VC.SCP_01,98,A4,-0.41804434225026116,-0.23306071116974333,0.18498363108051782,0.09009211994993437,-1,-1,0,1,1
20230614T114327.A_Curius.B_VC.SCP_01,99,A4,0.04089305022930312,-0.05025745074007174,-0.09115050096937485,0.02067579009179194,1,-1,1,1,0
20230614T114327.A_Curius.B_VC.SCP_01,100,A4,0.1546647451419184,-0.25696961754385683,-0.41163436268577525,-0.047904459034386886,1,-1,1,0,0
20230614T114327.A_Curius.B_VC.SCP_01,101,A4,0.0275134767909843,-0.06012824595259244,-0.08764172274357673,-0.2696152564558502,1,-1,1,0,0
20230614T114327.A_Curius.B_VC.SCP_01,103,A4,-0.36651061757932507,0.35161161224509524,0.7181222298244203,0.34867717977713647,-1,1,1,0,0
20230614T114327.A_Curius.B_VC.SCP_01,104,A4,-0.44771289595077673,0.20601431416080268,0.6537272101115794,0.11374383708813753,-1,1,1,1,0
20230614T114327.A_Curius.B_VC.SCP_01,105,A4,-0.0697582285102522,-0.0169703619106724,0.05278786659957979,0.710919516705256,-1,-1,0,1,1
20230614T114327.A_Curius.B_VC.SCP_01,106,A4,0.06757796163773595,0.7025277185505387,0.6349497569128028,0.2196978943618317,1,1,0,0,0
20230614T114327.A_Curius.B_VC.SCP_01,107,A4,-0.037230354455407656,0.15137002857678405,0.1886003830321917,-0.13304957184556315,-1,1,1,0,0
20230614T114327.A_Curius.B_VC.SCP_01,108,A4,0.20772142340434407,0.7603720679073669,0.5526506445030228,0.092605755690241,1,1,0,0,0
20230614T114327.A_Curius.B_VC.SCP_01,109,A4,-0.023650420387762168,-0.09808364054868288,-0.07443322016092072,0.1601208722047101,-1,-1,0,0,0
20230614T114327.A_Curius.B_VC.SCP_01,110,A4,-0.08775468773519503,0.01328582535885737,0.1010405130940524,0.009576599451619035,-1,1,1,0,0
20230614T114327.A_Curius.B_VC.SCP_01,111,A4,-0.23054364825861262,-0.33846292319809,-0.1079192749394774,0.026662083514598457,-1,-1,0,1,1
20230614T114327.A_Curius.B_VC.SCP_01,112,A4,-0.04673534868170514,0.03486491867058713,0.08160026735229227,-0.24578124411745203,-1,1,1,0,0
20230614T114327.A_Curius.B_VC.SCP_01,113,A4,-0.43954007818966967,0.20824885763388,0.6477889358235497,-0.007968258939597092,-1,1,1,1,1
20230614T114327.A_Curius.B_VC.SCP_01,114,A4,-0.11026480063315874,-0.2401756482326383,-0.12991084759947955,-0.3483424457690696,-1,-1,0,0,0
20230614T114327.A_Curius.B_VC.SCP_01,116,A4,-0.27131382861544945,-0.032617443993035636,0.23869638462241383,-0.25831115039695884,-1,-1,0,0,0
20230614T114327.A_Curius.B_VC.SCP_01,117,A4,-0.7468973860430039,0.2517776257883928,0.9986750118313967,0.13227356678169733,-1,1,1,0,0
20230614T114327.A_Curius.B_VC.SCP_01,118,A4,-0.08108359404972064,0.047009626263459434,0.12809322031318007,0.2179833032559765,-1,1,1,0,0
20230614T114327.A_Curius.B_VC.SCP_01,119,A4,0.029681146737696684,-0.08452328560721532,-0.11420443234491201,-0.0413179097339393,1,-1,1,0,0
20230614T114327.A_Curius.B_VC.SCP_01,120,A4,-0.2199960731705409,-0.014543497059665006,0.2054525761108759,-0.47982491282925605,-1,-1,0,1,0
20230614T114327.A_Curius.B_VC.SCP_01,121,A4,-0.512763247416587,-0.9545430626506213,-0.4417798152340343,0.8492926398286277,-1,-1,0,1,1
20230614T114327.A_Curius.B_VC.SCP_01,122,A4,-0.43905606602544334,-0.7881319020421125,-0.34907583601666914,0.7510988345767688,-1,-1,0,1,1
20230614T114327.A_Curius.B_VC.SCP_01,123,A4,-0.6052872746741101,-0.9742526792952497,-0.3689654046211396,-0.2797572828404239,-1,-1,0,0,0
20230614T114327.A_Curius.B_VC.SCP_01,124,A4,-0.06326127369727584,0.041442197748634835,0.10470347144591068,-0.014617994462872163,-1,1,1,0,0
20230614T114327.A_Curius.B_VC.SCP_01,125,A4,0.12083242976298106,0.12781662168210237,0.0069841919191213075,-0.05255000820979271,1,1,0,0,0
20230614T114327.A_Curius.B_VC.SCP_01,126,A4,-0.5784125223183435,-0.03931851370675509,0.5390940086115884,0.07305725651340331,-1,-1,0,0,1
20230614T114327.A_Curius.B_VC.SCP_01,127,A4,0.1584960595325155,-0.04646901229340527,-0.20496507182592077,-0.0793018441508181,1,-1,1,0,0
20230614T114327.A_Curius.B_VC.SCP_01,128,A4,-0.17562279463910752,-0.12126263742621662,0.05436015721289089,0.001108835064881921,-1,-1,0,0,0
20230614T114327.A_Curius.B_VC.SCP_01,129,A5,-1.0,0.08950365466230827,1.0895036546623083,-0.044900220694149104,-1,1,1,1,1
20230614T114327.A_Curius.B_VC.SCP_01,130,A5,-0.1634776585004048,0.036161534694916925,0.19963919319532172,0.06348443980648542,-1,1,1,1,1
20230614T114327.A_Curius.B_VC.SCP_01,131,A5,-0.0029900374741053527,-0.02228377583230878,-0.019293738358203427,0.4421557104402464,-1,-1,0,1,1
20230614T114327.A_Curius.B_VC.SCP_01,132,A5,1.0,-0.09994867806364599,-1.099948678063646,0.5024807001694491,1,-1,1,1,1
20230614T114327.A_Curius.B_VC.SCP_01,133,A5,-0.11571711276413063,-0.9706494076347583,-0.8549322948706276,0.26525024986393736,-1,-1,0,1,0
20230614T114327.A_Curius.B_VC.SCP_01,134,A5,-0.4270634992223138,0.21202005639942478,0.6390835556217386,0.6896147211094503,-1,1,1,1,1
20230614T114327.A_Curius.B_VC.SCP_01,135,A5,-0.43717219662044154,0.5565239113613394,0.993696107981781,0.0747430848801022,-1,1,1,1,1
20230614T114327.A_Curius.B_VC.SCP_01,136,A5,0.4856193204842628,0.4085899295700176,-0.07702939091424521,0.659779307212475,1,1,0,1,1
20230614T114327.A_Curius.B_VC.SCP_01,137,A5,-0.4078800396562381,-0.22406220049906028,0.1838178391571778,-0.024856761978707755,-1,-1,0,1,1
20230614T114327.A_Curius.B_VC.SCP_01,138,A5,-0.35073197440085907,-0.31500971815444395,0.03572225624641512,0.36697052389067536,-1,-1,0,1,1
20230614T114327.A_Curius.B_VC.SCP_01,139,A5,-0.8719499551222836,-1.0,-0.12805004487771643,0.6530017293784711,-1,-1,0,1,1
20230614T114327.A_Curius.B_VC.SCP_01,140,A5,0.38641388104029434,0.4222230716122672,0.03580919057197285,0.878766451055164,1,1,0,1,1
20230614T114327.A_Curius.B_VC.SCP_01,141,A5,-0.08400437611746313,-0.8578440207638401,-0.773839644646377,0.7140369604371521,-1,-1,0,1,1
20230614T114327.A_Curius.B_VC.SCP_01,142,A5,-0.05559397170160844,-1.0,-0.9444060282983916,0.03260850048848027,-1,-1,0,1,1
20230614T114327.A_Curius.B_VC.SCP_01,143,A5,-0.022572698570278243,-0.15417222416590667,-0.13159952559562843,0.11101975460083868,-1,-1,0,1,1
20230614T114327.A_Curius.B_VC.SCP_01,144,A5,0.09341043480962495,0.15669055404584462,0.06328011923621966,0.07038782779838401,1,1,0,0,0
20230614T114327.A_Curius.B_VC.SCP_01,145,A5,-0.03706429398266307,-0.07483034139095673,-0.03776604740829367,0.05735529093462885,-1,-1,0,1,1
20230614T114327.A_Curius.B_VC.SCP_01,146,A5,-1.0,-1.0,0.0,0.7453025420807867,-1,-1,0,1,1
20230614T114327.A_Curius.B_VC.SCP_01,147,A5,-0.01247772443451452,0.5805864286473271,0.5930641530818417,0.7913839983343713,-1,1,1,1,1
20230614T114327.A_Curius.B_VC.SCP_01,149,A5,0.02268203103243796,-0.06195373084266298,-0.08463576187510094,0.670993867839166,1,-1,1,1,1
20230614T114327.A_Curius.B_VC.SCP_01,150,A5,-0.7891768083097523,-0.0693681397917465,0.7198086685180058,0.2741548591008704,-1,-1,0,1,1
20230614T114327.A_Curius.B_VC.SCP_01,151,A5,-1.0,1.0,2.0,0.014613924914038845,-1,1,1,1,1
20230614T114327.A_Curius.B_VC.SCP_01,152,A5,0.4920990755211208,0.1360970173815215,-0.3560020581395993,-0.16567561933811248,1,1,0,0,0
20230614T114327.A_Curius.B_VC.SCP_01,153,A5,0.07158900339234472,0.20648229812159252,0.1348932947292478,0.6424624541163535,1,1,0,1,1
20230614T114327.A_Curius.B_VC.SCP_01,154,A5,-0.041146639313660055,0.047827352536251214,0.08897399184991127,0.49235375886314253,-1,1,1,1,0
20230614T114327.A_Curius.B_VC.SCP_01,155,A5,0.13391501470948006,-0.0711446108889958,-0.20505962559847585,0.1249907685373673,1,-1,1,0,0
20230614T114327.A_Curius.B_VC.SCP_01,156,A5,-0.12076161544367499,-0.09235961379606943,0.028402001647605563,0.8246012207867252,-1,-1,0,1,1
20230614T114327.A_Curius.B_VC.SCP_01,157,A5,0.02533510412204899,0.050480750866157574,0.025145646744108584,-0.20691168834593227,1,1,0,1,1
20230614T114327.A_Curius.B_VC.SCP_01,158,A5,1.0,0.2676416691603818,-0.7323583308396182,-0.014909879605007068,1,1,0,0,1
20230614T114327.A_Curius.B_VC.SCP_01,159,A5,0.25418166303928097,-0.04969567332348106,-0.30387733636276204,-0.15027377746962886,1,-1,1,0,0
20230614T114327.A_Curius.B_VC.SCP_01,160,A5,0.06747336764793561,0.018608902287364247,-0.04886446536057137,-0.2031419885360203,1,1,0,0,0
20230619T102732.A_Curius.B_VC.SCP_01,1,A1,-0.48742047418379797,-1.0,-0.512579525816202,-0.11065835282007043,-1,-1,0,1,1
20230619T102732.A_Curius.B_VC.SCP_01,2,A1,0.07235833316087657,-0.005422930897638499,-0.07778126405851507,-0.17109313681629368,1,-1,1,0,0
20230619T102732.A_Curius.B_VC.SCP_01,3,A1,0.007877896601092449,0.01109134439498103,0.003213447793888581,0.18224725892394295,1,1,0,1,1
20230619T102732.A_Curius.B_VC.SCP_01,4,A1,0.3536118108101461,0.06771948910302254,-0.28589232170712353,0.07006097289966633,1,1,0,1,1
20230619T102732.A_Curius.B_VC.SCP_01,6,A1,-0.004141671417951139,0.001870507160977448,0.006012178578928587,0.19147208772160634,-1,1,1,1,1
20230619T102732.A_Curius.B_VC.SCP_01,8,A1,-0.10604543106312939,0.25605014401267656,0.3620955750758059,0.22763101345372994,-1,1,1,1,0
20230619T102732.A_Curius.B_VC.SCP_01,9,A1,1.0,-0.6467886049477645,-1.6467886049477645,-0.2258679832515875,1,-1,1,1,1
20230619T102732.A_Curius.B_VC.SCP_01,10,A1,0.09639307934346451,-0.0301046390755125,-0.126497718418977,-0.14885812589141814,1,-1,1,1,1
20230619T102732.A_Curius.B_VC.SCP_01,11,A1,0.5623110439538245,0.37655285096259494,-0.18575819299122953,0.16145954085749764,1,1,0,1,1
20230619T102732.A_Curius.B_VC.SCP_01,12,A1,0.3399330086846905,0.1819921944266099,-0.1579408142580806,-0.041466036099573306,1,1,0,1,1
20230619T102732.A_Curius.B_VC.SCP_01,13,A1,0.5054815214136992,-0.156771919995009,-0.6622534414087082,0.4033624746457622,1,-1,1,1,1
20230619T102732.A_Curius.B_VC.SCP_01,14,A1,0.30104131183964017,0.12051773946847107,-0.18052357237116912,0.20109787993872366,1,1,0,1,1
20230619T102732.A_Curius.B_VC.SCP_01,15,A1,0.5096195308699132,-0.5529794683325895,-1.0625989992025027,0.34293164593223435,1,-1,1,1,1
20230619T102732.A_Curius.B_VC.SCP_01,17,A1,0.2707571941444039,-0.13897610298996996,-0.4097332971343739,0.17641410680968717,1,-1,1,1,1
20230619T102732.A_Curius.B_VC.SCP_01,18,A1,0.5455756698569763,0.058913470362516825,-0.48666219949445944,-0.18194687281388908,1,1,0,1,1
20230619T102732.A_Curius.B_VC.SCP_01,19,A1,0.13830642199644902,0.5603134217202496,0.4220069997238005,0.2759752360330905,1,1,0,1,1
20230619T102732.A_Curius.B_VC.SCP_01,20,A1,1.0,0.365747421268101,-0.634252578731899,-0.15859217418854793,1,1,0,1,1
20230619T102732.A_Curius.B_VC.SCP_01,21,A1,0.17103094236957522,0.12710514154427147,-0.04392580082530376,0.2996093172609207,1,1,0,1,1
20230619T102732.A_Curius.B_VC.SCP_01,22,A1,-0.5262115029903869,-0.16625480221739822,0.3599567007729887,0.7943899357670964,-1,-1,0,1,1
20230619T102732.A_Curius.B_VC.SCP_01,23,A1,0.18604863395748616,-0.13842871013715366,-0.3244773440946398,0.4546361290622593,1,-1,1,1,1
20230619T102732.A_Curius.B_VC.SCP_01,24,A1,0.2603405518062068,-0.01435147945289458,-0.27469203125910135,-0.07425486742789147,1,-1,1,1,0
20230619T102732.A_Curius.B_VC.SCP_01,26,A1,0.4936646987416728,0.16577419797785345,-0.3278905007638193,-0.21304059063747052,1,1,0,1,1
20230619T102732.A_Curius.B_VC.SCP_01,27,A1,0.4637120282550818,0.2119391970234446,-0.2517728312316372,0.09988601483022787,1,1,0,1,1
20230619T102732.A_Curius.B_VC.SCP_01,28,A1,0.5460983306668546,0.3664543656222089,-0.17964396504464575,0.2709244732959062,1,1,0,1,0
20230619T102732.A_Curius.B_VC.SCP_01,29,A1,0.6250046943705014,-0.11345611973037846,-0.7384608141008799,0.07556851156237046,1,-1,1,1,1
20230619T102732.A_Curius.B_VC.SCP_01,30,A1,1.0,1.0,0.0,0.20038540439334065,1,1,0,1,1
20230619T102732.A_Curius.B_VC.SCP_01,31,A1,0.3258149657108203,-0.35877503190871357,-0.6845899976195339,0.37742559192801833,1,-1,1,1,1
20230619T102732.A_Curius.B_VC.SCP_01,32,A1,0.6271461538692684,0.9874379927743369,0.36029183890506844,0.8160102346552676,1,1,0,1,1
20230619T102732.A_Curius.B_VC.SCP_01,33,A2,0.1727556737193438,0.026868851846859308,-0.1458868218724845,0.24005459703168883,1,1,0,0,0
20230619T102732.A_Curius.B_VC.SCP_01,34,A2,-0.1961354471828872,-0.029142481626987418,0.16699296555589976,-0.10034088321032805,-1,-1,0,1,1
20230619T102732.A_Curius.B_VC.SCP_01,37,A2,-0.17446526283774105,0.09136278021339557,0.2658280430511366,0.11537652716184056,-1,1,1,0,0
20230619T102732.A_Curius.B_VC.SCP_01,38,A2,-1.0,1.0,2.0,0.2539859572982512,-1,1,1,1,1
20230619T102732.A_Curius.B_VC.SCP_01,39,A2,-0.55191649631422,-0.7284829494689343,-0.1765664531547143,0.15504087532247182,-1,-1,0,1,1
20230619T102732.A_Curius.B_VC.SCP_01,40,A2,-0.17197484431556873,-0.19862531565782665,-0.026650471342257925,0.241490908353942,-1,-1,0,0,0
20230619T102732.A_Curius.B_VC.SCP_01,41,A2,0.6835089016931848,1.0,0.3164910983068152,0.5467313734432102,1,1,0,1,1
20230619T102732.A_Curius.B_VC.SCP_01,42,A2,-0.2639916065466919,0.04798091338421168,0.3119725199309036,0.2955457514948651,-1,1,1,0,0
20230619T102732.A_Curius.B_VC.SCP_01,43,A2,0.29709340319952793,-0.265080953902306,-0.5621743571018339,-0.3483530008913873,1,-1,1,1,1
20230619T102732.A_Curius.B_VC.SCP_01,44,A2,-1.0,1.0,2.0,0.19170871069541687,-1,1,1,0,1
20230619T102732.A_Curius.B_VC.SCP_01,45,A2,0.25228704537724844,-1.0,-1.2522870453772486,-0.12035960489128925,1,-1,1,1,0
20230619T102732.A_Curius.B_VC.SCP_01,46,A2,-0.006024060764258334,-0.061778707560866716,-0.05575464679660838,0.09100115479460827,-1,-1,0,1,0
20230619T102732.A_Curius.B_VC.SCP_01,47,A2,-1.0,0.8287438694886936,1.8287438694886937,-0.22465004936007432,-1,1,1,1,1
20230619T102732.A_Curius.B_VC.SCP_01,48,A2,-0.40790187662915933,-0.7167275701137122,-0.3088256934845529,0.21578980081493804,-1,-1,0,0,1
20230619T102732.A_Curius.B_VC.SCP_01,49,A2,-1.0,0.17301970704139025,1.1730197070413904,-0.15371722866930407,-1,1,1,0,0
20230619T102732.A_Curius.B_VC.SCP_01,50,A2,1.0,-0.2591719957066773,-1.2591719957066774,-0.12230161713659281,1,-1,1,0,1
20230619T102732.A_Curius.B_VC.SCP_01,51,A2,0.13954057773577241,0.01409119771798243,-0.12544938001779,-0.27158846192137653,1,1,0,0,0
20230619T102732.A_Curius.B_VC.SCP_01,52,A2,-0.8388218450835258,0.10744147820468934,0.946263323288215,0.027557057424285318,-1,1,1,1,1
20230619T102732.A_Curius.B_VC.SCP_01,53,A2,-0.5836628557712329,-0.4254522774086699,0.15821057836256297,-0.1052480410254244,-1,-1,0,1,1
20230619T102732.A_Curius.B_VC.SCP_01,55,A2,-0.6287029709693902,-0.15076767568973207,0.47793529527965817,0.020288872711163183,-1,-1,0,1,1
20230619T102732.A_Curius.B_VC.SCP_01,57,A2,-0.04028762179210892,-0.0456073273591904,-0.00531970556708148,-0.19990522722688497,-1,-1,0,0,0
20230619T102732.A_Curius.B_VC.SCP_01,58,A2,0.035745684223197995,-0.0800449624411946,-0.1157906466643926,-0.0942422659760051,1,-1,1,0,0
20230619T102732.A_Curius.B_VC.SCP_01,59,A2,-0.004101360647784393,-0.012799969688246511,-0.00869860904046212,-0.015898781004114772,-1,-1,0,0,1
20230619T102732.A_Curius.B_VC.SCP_01,60,A2,0.49012541767250106,1.0,0.5098745823274989,0.050302918109301195,1,1,0,1,1
20230619T102732.A_Curius.B_VC.SCP_01,61,A2,0.02528520192194241,0.026635987841390506,0.0013507859194480942,0.06709964157112601,1,1,0,1,1
20230619T102732.A_Curius.B_VC.SCP_01,62,A2,-1.0,-0.4248220932490719,0.5751779067509282,0.2292185089065559,-1,-1,0,1,1
20230619T102732.A_Curius.B_VC.SCP_01,63,A2,-0.0005412071541103116,-0.5093189073795878,-0.5087777002254775,0.14837419573342064,-1,-1,0,1,1
20230619T102732.A_Curius.B_VC.SCP_01,64,A2,0.40997104233330706,-1.0,-1.4099710423333072,-0.07576307662387706,1,-1,1,1,1
20230619T102732.A_Curius.B_VC.SCP_01,65,A3,0.23316486480974574,-0.3732400167454432,-0.606404881555189,-0.1327012006429412,1,-1,1,0,1
20230619T102732.A_Curius.B_VC.SCP_01,66,A3,-0.1934797034677568,-0.1066620831692979,0.08681762029845891,0.291214553611189,-1,-1,0,1,0
20230619T102732.A_Curius.B_VC.SCP_01,67,A3,0.5205092019571347,1.0,0.4794907980428653,0.3547309228762663,1,1,0,1,1
20230619T102732.A_Curius.B_VC.SCP_01,68,A3,0.2601466134680803,0.9618895075010211,0.7017428940329408,0.4483920732650458,1,1,0,1,1
20230619T102732.A_Curius.B_VC.SCP_01,69,A3,1.0,-0.29550879288933185,-1.2955087928893319,0.39982446322605114,1,-1,1,1,1
20230619T102732.A_Curius.B_VC.SCP_01,70,A3,1.0,-0.2137927769755145,-1.2137927769755146,0.22566821636848314,1,-1,1,1,1
20230619T102732.A_Curius.B_VC.SCP_01,71,A3,0.5706048694592758,0.46286108097292405,-0.10774378848635174,0.751932560563325,1,1,0,1,1
20230619T102732.A_Curius.B_VC.SCP_01,72,A3,0.33214512597962653,0.12088060152221569,-0.21126452445741084,0.2116523664238523,1,1,0,1,0
20230619T102732.A_Curius.B_VC.SCP_01,73,A3,0.0016313168315700685,0.01119144072930317,0.009560123897733102,0.18619027724131954,1,1,0,0,0
20230619T102732.A_Curius.B_VC.SCP_01,74,A3,1.0,0.19407263021081173,-0.8059273697891882,-0.0028555382509782333,1,1,0,1,0
20230619T102732.A_Curius.B_VC.SCP_01,75,A3,0.2581435736919904,0.08222837155963314,-0.17591520213235728,0.16354322495572127,1,1,0,0,0
20230619T102732.A_Curius.B_VC.SCP_01,76,A3,1.0,-0.4311411563121914,-1.4311411563121914,0.1928097061641523,1,-1,1,1,1
20230619T102732.A_Curius.B_VC.SCP_01,77,A3,-0.31417367157856496,-0.15589491919473686,0.1582787523838281,0.4050965645308137,-1,-1,0,0,1
20230619T102732.A_Curius.B_VC.SCP_01,78,A3,0.03302612033987181,0.17074450237479094,0.13771838203491912,0.24332563564739965,1,1,0,1,1
20230619T102732.A_Curius.B_VC.SCP_01,79,A3,-0.20225978260113733,-0.007353224045491617,0.1949065585556457,-0.3156329690490633,-1,-1,0,1,1
20230619T102732.A_Curius.B_VC.SCP_01,80,A3,0.10931564410530023,-0.5718409100744116,-0.6811565541797119,0.2863875204872682,1,-1,1,0,1
20230619T102732.A_Curius.B_VC.SCP_01,81,A3,0.27592356852956396,0.08087767656967573,-0.19504589195988822,0.5710074441257231,1,1,0,1,1
20230619T102732.A_Curius.B_VC.SCP_01,82,A3,0.20567209263109382,1.0,0.7943279073689062,0.6642439130869879,1,1,0,1,1
20230619T102732.A_Curius.B_VC.SCP_01,83,A3,-1.0,-0.2168975511361769,0.7831024488638231,0.16625588464299332,-1,-1,0,1,1
20230619T102732.A_Curius.B_VC.SCP_01,84,A3,0.6630626487017088,-0.0631045718225755,-0.7261672205242844,0.3337177988154367,1,-1,1,1,1
20230619T102732.A_Curius.B_VC.SCP_01,85,A3,0.8001893508511787,0.3838983465010003,-0.4162910043501784,0.6744719273651372,1,1,0,1,1
20230619T102732.A_Curius.B_VC.SCP_01,86,A3,0.4105997967985259,0.05770320662699005,-0.35289659017153585,0.3668934381835343,1,1,0,1,1
20230619T102732.A_Curius.B_VC.SCP_01,87,A3,0.7855192430192205,1.0,0.2144807569807795,0.04952361284857066,1,1,0,1,1
20230619T102732.A_Curius.B_VC.SCP_01,88,A3,0.1452416421366447,-0.014011102660527078,-0.15925274479717177,0.06777660678060372,1,-1,1,0,0
20230619T102732.A_Curius.B_VC.SCP_01,89,A3,-0.13905746192605722,0.30886293359142614,0.44792039551748336,-0.11474722549344425,-1,1,1,0,0
20230619T102732.A_Curius.B_VC.SCP_01,90,A3,-0.026764776801820045,0.01959163991882561,0.04635641672064565,-0.2354298013843381,-1,1,1,0,0
20230619T102732.A_Curius.B_VC.SCP_01,92,A3,-0.11665498993184728,-0.14240516237275627,-0.02575017244090899,0.20832210127408765,-1,-1,0,0,0
20230619T102732.A_Curius.B_VC.SCP_01,93,A3,0.6440121988497942,-0.13860461982096625,-0.7826168186707605,0.4364466898128688,1,-1,1,1,1
20230619T102732.A_Curius.B_VC.SCP_01,94,A3,0.4835518323026629,0.10155539803226014,-0.38199643427040275,0.3195155550393698,1,1,0,1,0
20230619T102732.A_Curius.B_VC.SCP_01,95,A3,-0.26192790688808126,0.11922924292127117,0.38115714980935245,-0.19517438019364686,-1,1,1,1,1
20230619T102732.A_Curius.B_VC.SCP_01,96,A3,-0.06351680874791969,0.0142654538776046,0.07778226262552429,-0.11294713151084847,-1,1,1,0,0
20230619T102732.A_Curius.B_VC.SCP_01,97,A4,-0.015444436254458002,0.001207331546838722,0.016651767801296725,-0.24330448263592785,-1,1,1,1,1
20230619T102732.A_Curius.B_VC.SCP_01,98,A4,0.09254856865374479,-0.2354568643906889,-0.3280054330444337,-0.024093063902363963,1,-1,1,1,1
20230619T102732.A_Curius.B_VC.SCP_01,99,A4,-0.04974620998380389,-0.013192760502912638,0.03655344948089125,0.03350455011122063,-1,-1,0,1,1
20230619T102732.A_Curius.B_VC.SCP_01,100,A4,1.0,1.0,0.0,-0.09479772186195697,1,1,0,0,0
20230619T102732.A_Curius.B_VC.SCP_01,101,A4,-0.19811833437042453,-0.02828631133099916,0.16983202303942538,0.07102010655228087,-1,-1,0,0,0
20230619T102732.A_Curius.B_VC.SCP_01,102,A4,-1.0,0.11141849269505381,1.1114184926950539,0.22054680635800894,-1,1,1,0,0
20230619T102732.A_Curius.B_VC.SCP_01,103,A4,-1.0,-1.0,0.0,-0.12928640765524535,-1,-1,0,0,0
20230619T102732.A_Curius.B_VC.SCP_01,104,A4,-0.2008104503261095,-0.053892853806050564,0.14691759652005892,-0.1802261552710339,-1,-1,0,0,0
20230619T102732.A_Curius.B_VC.SCP_01,105,A4,-0.02471297207910538,0.0020787266086595194,0.0267916986877649,0.5296574640623603,-1,1,1,1,1
20230619T102732.A_Curius.B_VC.SCP_01,106,A4,-0.8952175277816072,-0.5603613592206993,0.33485616856090794,0.0688597834177287,-1,-1,0,0,0
20230619T102732.A_Curius.B_VC.SCP_01,107,A4,-0.19587371632292108,0.1336841937620826,0.3295579100850037,-0.10938898703554854,-1,1,1,0,0
20230619T102732.A_Curius.B_VC.SCP_01,108,A4,0.5081848010906731,0.04907300621342144,-0.4591117948772517,-0.11046607865319148,1,1,0,0,0
20230619T102732.A_Curius.B_VC.SCP_01,109,A4,-0.15832427781388717,0.005107216821688521,0.16343149463557569,-0.1384398654185876,-1,1,1,0,0
20230619T102732.A_Curius.B_VC.SCP_01,110,A4,-0.01094586591988862,-0.1930044999554098,-0.1820586340355212,-0.002912147568661903,-1,-1,0,0,0
20230619T102732.A_Curius.B_VC.SCP_01,111,A4,-0.030975363897360803,-0.09906249039535628,-0.06808712649799548,-0.31201585344321203,-1,-1,0,0,0
20230619T102732.A_Curius.B_VC.SCP_01,112,A4,-0.0956574501887097,-0.09805125709732958,-0.002393806908619872,-0.2528332996205973,-1,-1,0,0,0
20230619T102732.A_Curius.B_VC.SCP_01,113,A4,-0.2446509631240122,-0.033586135393438514,0.21106482773057367,0.4004778134724418,-1,-1,0,0,0
20230619T102732.A_Curius.B_VC.SCP_01,114,A4,0.2959388604145178,-0.036026183440068346,-0.33196504385458614,0.08234754449933523,1,-1,1,0,0
20230619T102732.A_Curius.B_VC.SCP_01,115,A4,-0.29917219992070665,-0.06615258566538643,0.23301961425532022,0.17776615525710462,-1,-1,0,0,0
20230619T102732.A_Curius.B_VC.SCP_01,116,A4,-1.0,-1.0,0.0,-0.11853397612292357,-1,-1,0,0,0
20230619T102732.A_Curius.B_VC.SCP_01,118,A4,-0.15521853314996042,0.07254391186787108,0.2277624450178315,-0.10239945659978376,-1,1,1,0,0
20230619T102732.A_Curius.B_VC.SCP_01,119,A4,-0.28836618215559684,0.010093456922935095,0.29845963907853196,0.3840130225448971,-1,1,1,0,0
20230619T102732.A_Curius.B_VC.SCP_01,121,A4,-0.43839628107306744,-1.0,-0.5616037189269325,0.5047143332713049,-1,-1,0,1,1
20230619T102732.A_Curius.B_VC.SCP_01,122,A4,-0.9331383023815667,-1.0,-0.0668616976184333,0.6767158106350194,-1,-1,0,1,1
20230619T102732.A_Curius.B_VC.SCP_01,123,A4,0.9094994709427429,-0.26796667428456655,-1.1774661452273094,-0.0031626228943890237,1,-1,1,0,0
20230619T102732.A_Curius.B_VC.SCP_01,124,A4,-0.3042139654251909,-0.14770594732596984,0.15650801809922107,0.12127325214188756,-1,-1,0,0,0
20230619T102732.A_Curius.B_VC.SCP_01,125,A4,-0.1251285661653393,0.032891729595320864,0.15802029576066015,0.04222928833124158,-1,1,1,0,0
20230619T102732.A_Curius.B_VC.SCP_01,126,A4,-0.04493627052167812,0.10174417361409807,0.1466804441357762,0.07560412368325092,-1,1,1,0,0
20230619T102732.A_Curius.B_VC.SCP_01,127,A4,-1.0,0.8161100227901463,1.8161100227901463,-0.20844688748610732,-1,1,1,0,0
20230619T102732.A_Curius.B_VC.SCP_01,129,A5,-0.12116698600110155,0.13605335187277634,0.2572203378738779,0.17566545710411602,-1,1,1,1,1
20230619T102732.A_Curius.B_VC.SCP_01,130,A5,0.1712855600855897,-0.009982986972596692,-0.1812685470581864,0.015271607531994727,1,-1,1,1,1
20230619T102732.A_Curius.B_VC.SCP_01,132,A5,-0.010784533044776114,-0.15739525388254264,-0.14661072083776652,0.38006827761752715,-1,-1,0,1,1
20230619T102732.A_Curius.B_VC.SCP_01,133,A5,-1.0,-0.3807503190446411,0.6192496809553589,0.1373649624405261,-1,-1,0,0,0
20230619T102732.A_Curius.B_VC.SCP_01,134,A5,-0.018870823483763694,-1.0,-0.9811291765162363,0.29359368519562123,-1,-1,0,0,1
20230619T102732.A_Curius.B_VC.SCP_01,135,A5,-0.09632344990640683,-0.07291640948752114,0.023407040418885694,0.12715796228945866,-1,-1,0,1,1
20230619T102732.A_Curius.B_VC.SCP_01,136,A5,0.7194119164056517,0.39835628831994013,-0.3210556280857116,0.46810267615241685,1,1,0,1,0
20230619T102732.A_Curius.B_VC.SCP_01,137,A5,-0.16870756920731167,-0.3326693991098292,-0.1639618299025175,0.6393087938877939,-1,-1,0,1,1
20230619T102732.A_Curius.B_VC.SCP_01,138,A5,-0.15110357501080915,-0.41317724006894396,-0.2620736650581348,0.5053922102148023,-1,-1,0,1,1
20230619T102732.A_Curius.B_VC.SCP_01,139,A5,-1.0,-0.723755111304213,0.276244888695787,0.7512529758160521,-1,-1,0,1,1
20230619T102732.A_Curius.B_VC.SCP_01,140,A5,-0.19549940381976336,0.0731669371684679,0.2686663409882313,0.6232148799601469,-1,1,1,1,1
20230619T102732.A_Curius.B_VC.SCP_01,141,A5,0.4561737005412109,-1.0,-1.456173700541211,0.5162113243088626,1,-1,1,1,1
20230619T102732.A_Curius.B_VC.SCP_01,142,A5,-0.33905830028597433,-1.0,-0.6609416997140256,-0.3069495321787638,-1,-1,0,1,1
20230619T102732.A_Curius.B_VC.SCP_01,143,A5,0.5397707102050339,0.47573963244511636,-0.06403107775991751,-0.10140120577371228,1,1,0,0,0
20230619T102732.A_Curius.B_VC.SCP_01,144,A5,0.6977667060967749,-0.11711075935208286,-0.8148774654488578,0.1298472774059316,1,-1,1,0,0
20230619T102732.A_Curius.B_VC.SCP_01,145,A5,-0.0819713350642901,-0.21775618361927435,-0.13578484855498424,0.23999898171757236,-1,-1,0,1,1
20230619T102732.A_Curius.B_VC.SCP_01,146,A5,-0.30035248617973603,-0.20351782320091155,0.09683466297882448,0.3880940868458578,-1,-1,0,1,1
20230619T102732.A_Curius.B_VC.SCP_01,147,A5,0.6333498787704614,-0.019878244894977828,-0.6532281236654393,0.06551618733805967,1,-1,1,1,1
20230619T102732.A_Curius.B_VC.SCP_01,148,A5,0.20086461930666155,0.10538691002227901,-0.09547770928438254,-0.25437869623043685,1,1,0,1,1
20230619T102732.A_Curius.B_VC.SCP_01,149,A5,0.1699724279951785,0.12796546158583838,-0.042006966409340124,-0.27458539209659055,1,1,0,1,0
20230619T102732.A_Curius.B_VC.SCP_01,150,A5,-0.004369373577962201,0.05032710418479442,0.05469647776275662,0.19085118220083894,-1,1,1,0,0
20230619T102732.A_Curius.B_VC.SCP_01,151,A5,-0.09558241613482676,-0.1306859945222983,-0.035103578387471523,0.14224952441656466,-1,-1,0,0,0
20230619T102732.A_Curius.B_VC.SCP_01,152,A5,0.9791197940947394,-0.192783794852182,-1.1719035889469214,-0.24952966056547585,1,-1,1,0,0
20230619T102732.A_Curius.B_VC.SCP_01,153,A5,0.16471329527651024,0.006021634690988036,-0.1586916605855222,0.6128391610121007,1,1,0,1,1
20230619T102732.A_Curius.B_VC.SCP_01,154,A5,0.05406805888365967,0.08419631044880821,0.03012825156514854,0.18971716908909908,1,1,0,0,0
20230619T102732.A_Curius.B_VC.SCP_01,155,A5,-0.49202690963696766,0.2623041580682398,0.7543310677052075,0.06813033932079389,-1,1,1,0,0
20230619T102732.A_Curius.B_VC.SCP_01,156,A5,-1.0,-0.22543067635358943,0.7745693236464106,-0.20412067319814112,-1,-1,0,1,1
20230619T102732.A_Curius.B_VC.SCP_01,157,A5,0.26621938889470614,0.10081290696850653,-0.1654064819261996,-0.18190602659584193,1,1,0,1,1
20230619T102732.A_Curius.B_VC.SCP_01,158,A5,1.0,-0.544361484787854,-1.544361484787854,-0.08511652282664965,1,-1,1,0,0
20230619T102732.A_Curius.B_VC.SCP_01,159,A5,0.0686722473847887,0.04643958369558485,-0.022232663689203853,0.19065794465480554,1,1,0,0,0
20230619T102732.A_Curius.B_VC.SCP_01,160,A5,-0.13806177525327323,-0.24873229191719756,-0.11067051666392433,0.14753991144298886,-1,-1,0,0,0
20230620T101238.A_Curius.B_VC.SCP_01,1,A1,-0.21117221342865172,-0.4057961766025583,-0.19462396317390657,0.28803247233893337,-1,-1,0,1,1
20230620T101238.A_Curius.B_VC.SCP_01,2,A1,-0.19464407555077268,0.06320150755199169,0.2578455831027644,-0.12715981682819677,-1,1,1,1,0
20230620T101238.A_Curius.B_VC.SCP_01,3,A1,0.004178915337007788,0.00030741073010775197,-0.003871504606900036,-0.04843530878556507,1,1,0,1,1
20230620T101238.A_Curius.B_VC.SCP_01,4,A1,-0.5421940133998083,0.6345137774863281,1.1767077908861365,-0.29151279688855786,-1,1,1,1,1
20230620T101238.A_Curius.B_VC.SCP_01,6,A1,-0.13462048856050185,0.10813666202781232,0.24275715058831415,0.006894243763303044,-1,1,1,1,1
20230620T101238.A_Curius.B_VC.SCP_01,8,A1,-0.2483839329188047,0.9191244365612545,1.1675083694800592,0.15179910999679222,-1,1,1,1,0
20230620T101238.A_Curius.B_VC.SCP_01,9,A1,1.0,-0.20708568137819144,-1.2070856813781914,-0.23944674147903522,1,-1,1,0,1
20230620T101238.A_Curius.B_VC.SCP_01,10,A1,0.12838356529397674,-0.15620691341885978,-0.2845904787128365,0.3268921042321347,1,-1,1,1,1
20230620T101238.A_Curius.B_VC.SCP_01,11,A1,0.0440420515390547,-0.036101466970008815,-0.08014351850906351,0.5716021331795581,1,-1,1,1,1
20230620T101238.A_Curius.B_VC.SCP_01,12,A1,0.08724368362418755,-0.1530602852800287,-0.24030396890421626,-0.22133429819527617,1,-1,1,1,1
20230620T101238.A_Curius.B_VC.SCP_01,13,A1,0.016963865130153723,0.00827993099091737,-0.008683934139236352,0.3235995221707195,1,1,0,1,1
20230620T101238.A_Curius.B_VC.SCP_01,14,A1,1.0,1.0,0.0,0.31301610980715433,1,1,0,1,1
20230620T101238.A_Curius.B_VC.SCP_01,15,A1,0.4694991954066204,-0.5829929137253184,-1.0524921091319388,0.28709356318421153,1,-1,1,1,1
20230620T101238.A_Curius.B_VC.SCP_01,17,A1,0.24258559404519517,-0.3010175029718075,-0.5436030970170027,0.05350946378255542,1,-1,1,1,1
20230620T101238.A_Curius.B_VC.SCP_01,18,A1,0.5449053258694346,1.0,0.45509467413056537,-0.11325885029431211,1,1,0,1,1
20230620T101238.A_Curius.B_VC.SCP_01,19,A1,0.10218440155956547,0.8933280939562764,0.791143692396711,0.5168826736418538,1,1,0,1,1
20230620T101238.A_Curius.B_VC.SCP_01,20,A1,-0.032788925446053836,0.02008564370137093,0.05287456914742476,-0.04354684930841308,-1,1,1,1,1
20230620T101238.A_Curius.B_VC.SCP_01,21,A1,0.016276008507070252,0.16401354230953166,0.1477375338024614,0.5009807395763419,1,1,0,1,1
20230620T101238.A_Curius.B_VC.SCP_01,22,A1,-0.4353804775312605,-1.0,-0.5646195224687395,0.8479033977404756,-1,-1,0,1,1
20230620T101238.A_Curius.B_VC.SCP_01,23,A1,-0.22685906156376393,0.05931806785241426,0.2861771294161782,0.4734189037477034,-1,1,1,1,1
20230620T101238.A_Curius.B_VC.SCP_01,24,A1,0.16364333295471353,-0.43347464799697144,-0.597117980951685,-0.3039843208144255,1,-1,1,1,1
20230620T101238.A_Curius.B_VC.SCP_01,26,A1,1.0,-0.06568015709315761,-1.0656801570931576,-0.1124709358095723,1,-1,1,1,1
20230620T101238.A_Curius.B_VC.SCP_01,27,A1,0.06646922013674042,0.05094069462434961,-0.015528525512390812,-0.12932681995945905,1,1,0,1,1
20230620T101238.A_Curius.B_VC.SCP_01,28,A1,0.17598553711456555,-0.4616561923773307,-0.6376417294918962,0.06978824054670726,1,-1,1,1,0
20230620T101238.A_Curius.B_VC.SCP_01,29,A1,0.08266627456276393,-0.056678518751840344,-0.13934479331460428,0.6055101891889212,1,-1,1,1,1
20230620T101238.A_Curius.B_VC.SCP_01,30,A1,0.8039737812390387,1.0,0.19602621876096127,0.21956186323285826,1,1,0,1,1
20230620T101238.A_Curius.B_VC.SCP_01,31,A1,0.18532957361047792,-0.6758971806439161,-0.8612267542543941,0.3295029529465926,1,-1,1,1,1
20230620T101238.A_Curius.B_VC.SCP_01,32,A1,0.46324734443724686,0.5515114030232262,0.08826405858597935,0.8055688109523181,1,1,0,1,1
20230620T101238.A_Curius.B_VC.SCP_01,34,A2,0.8215603616568476,-1.0,-1.8215603616568476,-0.05725678282603271,1,-1,1,0,0
20230620T101238.A_Curius.B_VC.SCP_01,36,A2,-0.5273413139633337,0.31227614431844253,0.8396174582817763,0.12034493676560377,-1,1,1,1,0
20230620T101238.A_Curius.B_VC.SCP_01,37,A2,-1.0,0.8420250297093126,1.8420250297093126,-0.0011524599596364413,-1,1,1,0,0
20230620T101238.A_Curius.B_VC.SCP_01,39,A2,-0.6744329288665979,-1.0,-0.3255670711334021,0.11805166032373006,-1,-1,0,1,1
20230620T101238.A_Curius.B_VC.SCP_01,40,A2,0.7827599749806524,0.9802930130979058,0.19753303811725342,-0.08379619239924123,1,1,0,1,1
20230620T101238.A_Curius.B_VC.SCP_01,41,A2,0.38628617556337674,0.8988422385524448,0.5125560629890681,0.502646708473304,1,1,0,1,1
20230620T101238.A_Curius.B_VC.SCP_01,42,A2,0.2590683054507861,-0.014435399299835982,-0.2735037047506221,0.04958639666967507,1,-1,1,0,1
20230620T101238.A_Curius.B_VC.SCP_01,43,A2,0.6211938518806054,0.025953605333353058,-0.5952402465472524,-0.4043953866528524,1,1,0,1,1
20230620T101238.A_Curius.B_VC.SCP_01,44,A2,1.0,0.4460770124022459,-0.553922987597754,0.2667011283262401,1,1,0,1,1
20230620T101238.A_Curius.B_VC.SCP_01,45,A2,0.1792219716515226,0.16089041198320725,-0.018331559668315345,0.08765001911713521,1,1,0,1,1
20230620T101238.A_Curius.B_VC.SCP_01,46,A2,-1.0,-0.13148925941471226,0.8685107405852878,0.046140631948551857,-1,-1,0,1,1
20230620T101238.A_Curius.B_VC.SCP_01,47,A2,0.12669227502134406,0.6216025763252581,0.494910301303914,-0.331128566396471,1,1,0,1,1
20230620T101238.A_Curius.B_VC.SCP_01,48,A2,-1.0,0.7170258898607492,1.717025889860749,-0.022136475553333496,-1,1,1,0,0
20230620T101238.A_Curius.B_VC.SCP_01,49,A2,-0.04415244877295639,-0.006410359593290385,0.037742089179666004,-0.14589896606850866,-1,-1,0,0,0
20230620T101238.A_Curius.B_VC.SCP_01,50,A2,0.06755004786852485,-0.4062116026769261,-0.47376165054545094,-0.03356737672599979,1,-1,1,0,0
20230620T101238.A_Curius.B_VC.SCP_01,51,A2,0.022834972668982313,0.033840656785044915,0.011005684116062602,0.09374549964894154,1,1,0,0,0
20230620T101238.A_Curius.B_VC.SCP_01,52,A2,-1.0,0.23289573888070708,1.2328957388807071,-0.16363829877476513,-1,1,1,1,0
20230620T101238.A_Curius.B_VC.SCP_01,53,A2,-0.5604240178091614,-0.9152072198825082,-0.3547832020733468,0.17882333263531494,-1,-1,0,1,1
20230620T101238.A_Curius.B_VC.SCP_01,54,A2,0.6364408781754483,-0.0119559087437347,-0.6483967869191829,0.05464167047792428,1,-1,1,0,0
20230620T101238.A_Curius.B_VC.SCP_01,55,A2,-0.08326954525263935,-0.2243221369133178,-0.14105259166067843,-0.41096113438143195,-1,-1,0,1,1
20230620T101238.A_Curius.B_VC.SCP_01,57,A2,-0.08186229782543245,-0.15619368776598366,-0.07433138994055122,-0.18915287913644824,-1,-1,0,0,0
20230620T101238.A_Curius.B_VC.SCP_01,58,A2,-0.4264767027597144,-0.21321047043298855,0.21326623232672584,-0.1392897433301837,-1,-1,0,0,0
20230620T101238.A_Curius.B_VC.SCP_01,59,A2,0.43407328918423754,0.2468987913619327,-0.18717449782230483,0.3886385787682356,1,1,0,1,1
20230620T101238.A_Curius.B_VC.SCP_01,60,A2,0.5961540962693358,1.0,0.4038459037306642,0.4305784659660538,1,1,0,1,1
20230620T101238.A_Curius.B_VC.SCP_01,61,A2,0.18987030773775854,-0.14253218915702837,-0.3324024968947869,-0.005321475517266562,1,-1,1,0,1
20230620T101238.A_Curius.B_VC.SCP_01,62,A2,0.30071222813653803,-0.8634420746108935,-1.1641543027474315,0.10686769818017766,1,-1,1,1,1
20230620T101238.A_Curius.B_VC.SCP_01,63,A2,0.2405068209626643,-0.2966231407509783,-0.5371299617136426,0.3224283195732614,1,-1,1,1,1
20230620T101238.A_Curius.B_VC.SCP_01,64,A2,-1.0,-1.0,0.0,-0.47884191092796446,-1,-1,0,1,1
20230620T101238.A_Curius.B_VC.SCP_01,65,A3,0.5350266160037512,0.15824677684608815,-0.3767798391576631,-0.11576033587340005,1,1,0,0,1
20230620T101238.A_Curius.B_VC.SCP_01,66,A3,-0.39908849480768377,0.0019077931949569682,0.40099628800264076,0.3758307285043623,-1,1,1,1,0
20230620T101238.A_Curius.B_VC.SCP_01,67,A3,0.5213571872922687,-0.01800629874517323,-0.5393634860374419,0.4803873378891226,1,-1,1,1,1
20230620T101238.A_Curius.B_VC.SCP_01,69,A3,-0.701604936794158,-0.16256130455381557,0.5390436322403425,0.7207672283052159,-1,-1,0,1,1
20230620T101238.A_Curius.B_VC.SCP_01,70,A3,0.16782352292493233,-0.240321031074196,-0.4081445539991283,0.22469508406687158,1,-1,1,1,1
20230620T101238.A_Curius.B_VC.SCP_01,71,A3,0.2550898711459618,0.7833182739656313,0.5282284028196694,0.8745789254370582,1,1,0,1,1
20230620T101238.A_Curius.B_VC.SCP_01,72,A3,-0.17318550764173174,0.02390862617867896,0.1970941338204107,0.06351749790523388,-1,1,1,0,0
20230620T101238.A_Curius.B_VC.SCP_01,73,A3,0.017991592040274625,-0.35398319467324946,-0.3719747867135241,0.03712176659250171,1,-1,1,0,0
20230620T101238.A_Curius.B_VC.SCP_01,74,A3,-0.16580915228857096,-0.04372910987013967,0.12208004241843129,0.12166201012807633,-1,-1,0,0,0
20230620T101238.A_Curius.B_VC.SCP_01,75,A3,1.0,0.751581078852443,-0.24841892114755704,-0.05937726576779069,1,1,0,1,0
20230620T101238.A_Curius.B_VC.SCP_01,76,A3,-0.25281125005136934,0.06641079068221335,0.3192220407335827,0.27548479462894865,-1,1,1,1,1
20230620T101238.A_Curius.B_VC.SCP_01,77,A3,0.45123954606040434,0.5870463568320664,0.13580681077166207,0.2882135675976259,1,1,0,0,1
20230620T101238.A_Curius.B_VC.SCP_01,78,A3,-0.23570295179558107,0.1249169944115235,0.3606199462071046,0.3019111410548895,-1,1,1,1,1
20230620T101238.A_Curius.B_VC.SCP_01,79,A3,0.02887783412455198,-0.012216166429104733,-0.041094000553656716,0.31581447668620904,1,-1,1,1,1
20230620T101238.A_Curius.B_VC.SCP_01,80,A3,0.3929589284936913,-1.0,-1.3929589284936914,0.30917744274946174,1,-1,1,0,1
20230620T101238.A_Curius.B_VC.SCP_01,81,A3,0.3329555928420645,-1.0,-1.3329555928420644,0.5656949559487804,1,-1,1,1,1
20230620T101238.A_Curius.B_VC.SCP_01,82,A3,0.2424705809316217,0.7967369947491003,0.5542664138174787,0.6977246206153728,1,1,0,1,1
20230620T101238.A_Curius.B_VC.SCP_01,83,A3,-0.011921058170633077,-1.0,-0.988078941829367,0.17767609687860142,-1,-1,0,1,1
20230620T101238.A_Curius.B_VC.SCP_01,84,A3,0.7435190766881487,-0.12378807761026286,-0.8673071542984115,-0.394322979457107,1,-1,1,1,1
20230620T101238.A_Curius.B_VC.SCP_01,85,A3,0.3200426024885833,0.5234126764774205,0.20337007398883722,0.7521206170791298,1,1,0,1,1
20230620T101238.A_Curius.B_VC.SCP_01,86,A3,-0.1966915553981469,-0.0028083988313072562,0.19388315656683963,-0.1342499340221602,-1,-1,0,1,1
20230620T101238.A_Curius.B_VC.SCP_01,87,A3,0.4045641407691704,0.7044569981112213,0.2998928573420509,0.45329766261918286,1,1,0,1,1
20230620T101238.A_Curius.B_VC.SCP_01,88,A3,0.9265829198596479,0.4228717239103871,-0.5037111959492608,0.3361327556162191,1,1,0,0,1
20230620T101238.A_Curius.B_VC.SCP_01,89,A3,0.36967259918284257,0.4566764635155061,0.08700386433266355,0.10499492418377233,1,1,0,0,0
20230620T101238.A_Curius.B_VC.SCP_01,90,A3,0.2912882377905896,-0.2757555907531556,-0.5670438285437451,0.02506128767926795,1,-1,1,0,0
20230620T101238.A_Curius.B_VC.SCP_01,91,A3,0.15486256366015702,1.0,0.845137436339843,0.4865475914780983,1,1,0,0,1
20230620T101238.A_Curius.B_VC.SCP_01,93,A3,0.07290777725092074,0.40952293235570064,0.3366151551047799,0.5805092543816502,1,1,0,1,1
20230620T101238.A_Curius.B_VC.SCP_01,94,A3,0.19499734319222933,-0.9402966350499231,-1.1352939782421525,0.037908167270335885,1,-1,1,0,0
20230620T101238.A_Curius.B_VC.SCP_01,95,A3,0.039061381051220354,0.11922468190559055,0.08016330085437019,0.32334269432396623,1,1,0,1,1
20230620T101238.A_Curius.B_VC.SCP_01,96,A3,-0.06408031861607988,0.044883859101202815,0.1089641777172827,0.043146805513491725,-1,1,1,0,0
20230620T101238.A_Curius.B_VC.SCP_01,97,A4,-0.17371055371116317,0.060637512279039005,0.2343480659902022,0.0009402108062478164,-1,1,1,1,1
20230620T101238.A_Curius.B_VC.SCP_01,98,A4,0.13041235873939766,-0.5997437887884809,-0.7301561475278786,0.5001312867651879,1,-1,1,1,1
20230620T101238.A_Curius.B_VC.SCP_01,99,A4,0.030830104584909136,-0.17814956641904833,-0.20897967100395748,0.013043135524635542,1,-1,1,0,0
20230620T101238.A_Curius.B_VC.SCP_01,100,A4,-0.1336015581769021,0.4532504429338873,0.5868520011107894,0.25101305421029146,-1,1,1,0,0
20230620T101238.A_Curius.B_VC.SCP_01,101,A4,1.0,-0.6267977165491218,-1.6267977165491216,-0.059325992849610744,1,-1,1,0,0
20230620T101238.A_Curius.B_VC.SCP_01,102,A4,-0.014192038320717996,-0.024212769751513152,-0.010020731430795156,0.0033958206612168477,-1,-1,0,0,0
20230620T101238.A_Curius.B_VC.SCP_01,103,A4,0.31765734635232035,-0.2146555891414039,-0.5323129354937243,0.06403932118940857,1,-1,1,0,0
20230620T101238.A_Curius.B_VC.SCP_01,104,A4,0.30001549014530865,0.0472551389256678,-0.25276035121964086,0.288042557645957,1,1,0,0,0
20230620T101238.A_Curius.B_VC.SCP_01,105,A4,-0.8015097065448608,0.4197304346787274,1.2212401412235883,0.6661315382493852,-1,1,1,1,1
20230620T101238.A_Curius.B_VC.SCP_01,106,A4,0.17793619699854096,0.025743997439397096,-0.15219219955914387,0.2178943415916123,1,1,0,0,0
20230620T101238.A_Curius.B_VC.SCP_01,107,A4,0.3742721303399631,0.3375639803537979,-0.03670814998616517,0.27964863325458,1,1,0,0,0
20230620T101238.A_Curius.B_VC.SCP_01,108,A4,-0.09319864108355866,-0.2142437024750002,-0.12104506139144153,0.3158619528524692,-1,-1,0,0,0
20230620T101238.A_Curius.B_VC.SCP_01,109,A4,0.4361072550408478,-0.1419322812172475,-0.5780395362580952,-0.0008228662423130608,1,-1,1,0,0
20230620T101238.A_Curius.B_VC.SCP_01,110,A4,-0.2797187838895621,-0.0720005837401603,0.20771820014940182,-0.18764400915119686,-1,-1,0,0,0
20230620T101238.A_Curius.B_VC.SCP_01,111,A4,0.5813893222839164,-0.364462599323609,-0.9458519216075254,0.058858089256385616,1,-1,1,0,0
20230620T101238.A_Curius.B_VC.SCP_01,112,A4,0.0987679430692722,-0.13697850641492726,-0.23574644948419946,-0.029354375767523654,1,-1,1,0,0
20230620T101238.A_Curius.B_VC.SCP_01,113,A4,-0.10400046009347073,-0.002633633557429297,0.10136682653604144,0.12553538879221418,-1,-1,0,1,0
20230620T101238.A_Curius.B_VC.SCP_01,114,A4,-0.0988082020159157,0.021682548720331582,0.12049075073624728,0.008353623729617218,-1,1,1,0,0
20230620T101238.A_Curius.B_VC.SCP_01,115,A4,-0.22730144376245823,0.29726704282012056,0.5245684865825788,-0.08505025892270139,-1,1,1,0,0
20230620T101238.A_Curius.B_VC.SCP_01,116,A4,1.0,-0.5113255249713113,-1.5113255249713113,0.07287231489251353,1,-1,1,0,0
20230620T101238.A_Curius.B_VC.SCP_01,118,A4,0.3027636573339785,0.219239313590372,-0.08352434374360648,-0.032776903856555226,1,1,0,0,0
20230620T101238.A_Curius.B_VC.SCP_01,119,A4,-0.26265943058051416,-0.044995147512908534,0.21766428306760563,-0.04004726199273768,-1,-1,0,0,0
20230620T101238.A_Curius.B_VC.SCP_01,120,A4,-0.23205641205420713,0.3526819157906561,0.5847383278448632,-0.06505876971928906,-1,1,1,0,0
20230620T101238.A_Curius.B_VC.SCP_01,121,A4,-0.599731776604948,-1.0,-0.40026822339505197,0.6201565241964551,-1,-1,0,1,1
20230620T101238.A_Curius.B_VC.SCP_01,122,A4,-0.8763353282493185,-1.0,-0.12366467175068152,0.5845144487186439,-1,-1,0,1,1
20230620T101238.A_Curius.B_VC.SCP_01,123,A4,-0.5026564446951933,0.15329621829078752,0.6559526629859809,0.32345440599715025,-1,1,1,0,0
20230620T101238.A_Curius.B_VC.SCP_01,124,A4,-0.030198533011388376,-0.2216768080122068,-0.19147827500081843,-0.1387079999938462,-1,-1,0,0,0
20230620T101238.A_Curius.B_VC.SCP_01,125,A4,-0.006825606004904401,0.9852561933588804,0.9920817993637848,-0.16980076688315254,-1,1,1,0,0
20230620T101238.A_Curius.B_VC.SCP_01,126,A4,-0.09980914935760099,1.0,1.099809149357601,-0.1964470787012514,-1,1,1,1,0
20230620T101238.A_Curius.B_VC.SCP_01,127,A4,-0.5185543148287277,0.11499104515983431,0.633545359988562,0.0016655145204868176,-1,1,1,0,0
20230620T101238.A_Curius.B_VC.SCP_01,128,A4,-0.3401765457108475,-0.021126787715659723,0.31904975799518775,0.11309268057790775,-1,-1,0,0,0
20230620T101238.A_Curius.B_VC.SCP_01,129,A5,1.0,-0.17164559208382427,-1.1716455920838242,0.12012163456354721,1,-1,1,0,1
20230620T101238.A_Curius.B_VC.SCP_01,130,A5,1.0,0.901163748438717,-0.09883625156128295,0.6662821781359737,1,1,0,1,1
20230620T101238.A_Curius.B_VC.SCP_01,132,A5,-0.11993488904939963,-0.0014206574991074024,0.11851423155029223,0.001670484209027367,-1,-1,0,1,0
20230620T101238.A_Curius.B_VC.SCP_01,133,A5,-0.5350411575992684,-0.2070038913811744,0.32803726621809404,0.019849001302507288,-1,-1,0,0,1
20230620T101238.A_Curius.B_VC.SCP_01,134,A5,0.05006668218209819,-0.3646786815873131,-0.4147453637694113,0.3153387807613423,1,-1,1,1,1
20230620T101238.A_Curius.B_VC.SCP_01,135,A5,-0.1646696631236091,0.371180723597291,0.5358503867209001,-0.018313726097261618,-1,1,1,1,1
20230620T101238.A_Curius.B_VC.SCP_01,136,A5,-1.0,0.5468326718148045,1.5468326718148044,-0.008227904119047717,-1,1,1,1,0
20230620T101238.A_Curius.B_VC.SCP_01,137,A5,-0.1660715014878442,-0.06165341600295378,0.10441808548489041,0.48763752605996,-1,-1,0,1,1
20230620T101238.A_Curius.B_VC.SCP_01,138,A5,-0.34992592925863675,-1.0,-0.6500740707413633,0.3534206264978857,-1,-1,0,1,1
20230620T101238.A_Curius.B_VC.SCP_01,139,A5,-0.7354944464914743,-0.8265754107357753,-0.09108096424430101,0.8056178174313042,-1,-1,0,1,1
20230620T101238.A_Curius.B_VC.SCP_01,140,A5,0.7745635455825821,0.8451419077761052,0.07057836219352309,0.7661827105002544,1,1,0,1,1
20230620T101238.A_Curius.B_VC.SCP_01,141,A5,0.2744857235574478,-1.0,-1.2744857235574478,0.4897836268178846,1,-1,1,1,1
20230620T101238.A_Curius.B_VC.SCP_01,142,A5,0.3164896963490399,0.8397873140608177,0.5232976177117779,0.10450821295516342,1,1,0,0,1
20230620T101238.A_Curius.B_VC.SCP_01,143,A5,-0.4486403350802408,1.0,1.4486403350802408,0.14351280542040207,-1,1,1,0,0
20230620T101238.A_Curius.B_VC.SCP_01,144,A5,-1.0,0.7387508911541818,1.7387508911541818,0.0251416686720409,-1,1,1,0,0
20230620T101238.A_Curius.B_VC.SCP_01,145,A5,0.004847477342840285,-0.3114649986205532,-0.3163124759633935,-0.04661629566736372,1,-1,1,1,1
20230620T101238.A_Curius.B_VC.SCP_01,146,A5,-0.3489565261169185,-0.030393339165280357,0.31856318695163816,0.6124185911616365,-1,-1,0,1,1
20230620T101238.A_Curius.B_VC.SCP_01,147,A5,0.6511908744073063,-0.29546211340173545,-0.9466529878090417,0.698349234861262,1,-1,1,1,1
20230620T101238.A_Curius.B_VC.SCP_01,148,A5,0.06260530733883571,0.07108809678651518,0.008482789447679467,0.3155838487179174,1,1,0,1,1
20230620T101238.A_Curius.B_VC.SCP_01,149,A5,-0.21674570380710062,0.7980998054500864,1.014845509257187,0.3296051526176932,-1,1,1,1,0
20230620T101238.A_Curius.B_VC.SCP_01,150,A5,0.04032304586580226,0.1365883749245562,0.09626532905875393,0.41503791969831144,1,1,0,1,0
20230620T101238.A_Curius.B_VC.SCP_01,151,A5,-1.0,0.344653790299144,1.344653790299144,-0.02848361693339133,-1,1,1,0,0
20230620T101238.A_Curius.B_VC.SCP_01,152,A5,-0.47315698996602534,-0.568753044788396,-0.0955960548223706,-0.06107482776259648,-1,-1,0,0,0
20230620T101238.A_Curius.B_VC.SCP_01,153,A5,0.1062014784695749,0.13198770576853666,0.025786227298961767,0.579499218760183,1,1,0,1,1
20230620T101238.A_Curius.B_VC.SCP_01,154,A5,0.010994533386558727,0.043182722134461365,0.032188188747902635,0.2847746934173028,1,1,0,0,0
20230620T101238.A_Curius.B_VC.SCP_01,155,A5,0.8938653906663374,-0.9391958918297384,-1.8330612824960757,-0.14659412755117873,1,-1,1,0,0
20230620T101238.A_Curius.B_VC.SCP_01,156,A5,-0.08705195427892808,0.00041232144249693704,0.08746427572142501,0.6098991656475675,-1,1,1,1,1
20230620T101238.A_Curius.B_VC.SCP_01,157,A5,-0.67189463715349,-0.005008862843436756,0.6668857743100532,-0.09670406589654315,-1,-1,0,1,1
20230620T101238.A_Curius.B_VC.SCP_01,158,A5,-0.3525491678718245,1.0,1.3525491678718244,-0.09663529761039202,-1,1,1,0,0
20230620T101238.A_Curius.B_VC.SCP_01,159,A5,-0.15877660924674786,0.05001789709401461,0.20879450634076246,-0.0026310744901484415,-1,1,1,0,0
20230620T101238.A_Curius.B_VC.SCP_01,160,A5,-0.023765163346446565,0.173661209101361,0.19742637244780759,-0.054129022649612724,-1,1,1,0,0
20230621T100721.A_Curius.B_MK.SCP_01,1,A1,-0.35005846429516607,1.0,1.350058464295166,0.06166555675518442,-1,1,1,1,1
20230621T100721.A_Curius.B_MK.SCP_01,2,A1,0.08018195456714264,0.07255390175196622,-0.007628052815176423,0.19135790496877608,1,1,0,0,0
20230621T100721.A_Curius.B_MK.SCP_01,3,A1,0.010011175212354322,-0.006382615179006852,-0.016393790391361174,0.009320690268712833,1,-1,1,1,1
20230621T100721.A_Curius.B_MK.SCP_01,4,A1,0.025050607295010456,0.027027377764402716,0.0019767704693922604,-0.04072254005674817,1,1,0,1,1
20230621T100721.A_Curius.B_MK.SCP_01,6,A1,0.024871236493970363,-0.02145686663056015,-0.04632810312453051,0.021645697188707295,1,-1,1,1,1
20230621T100721.A_Curius.B_MK.SCP_01,8,A1,0.07487663368417943,1.0,0.9251233663158206,-0.003914915994355459,1,1,0,1,0
20230621T100721.A_Curius.B_MK.SCP_01,9,A1,0.12864329584563938,-0.07157939245684708,-0.20022268830248646,-0.06235819048416316,1,-1,1,1,1
20230621T100721.A_Curius.B_MK.SCP_01,10,A1,1.0,-0.23997529020549552,-1.2399752902054955,-0.1559280265891481,1,-1,1,1,1
20230621T100721.A_Curius.B_MK.SCP_01,11,A1,0.27692410722206184,0.013734829392714646,-0.2631892778293472,-0.0018131134852267825,1,1,0,1,1
20230621T100721.A_Curius.B_MK.SCP_01,12,A1,0.09817097723882892,-0.2621423214421789,-0.3603132986810078,-0.06839738321719838,1,-1,1,1,1
20230621T100721.A_Curius.B_MK.SCP_01,13,A1,0.08517658045265729,-0.01602677681906157,-0.10120335727171886,0.016922572388813305,1,-1,1,1,1
20230621T100721.A_Curius.B_MK.SCP_01,14,A1,0.06410035189439917,0.015427591427862925,-0.04867276046653624,0.31905228239767985,1,1,0,1,1
20230621T100721.A_Curius.B_MK.SCP_01,15,A1,0.8420995074757133,-0.8903640519766535,-1.7324635594523667,-0.019362792520159194,1,-1,1,1,1
20230621T100721.A_Curius.B_MK.SCP_01,17,A1,0.39800429145106414,-0.019587647159371877,-0.41759193861043603,-0.016364154232758523,1,-1,1,1,1
20230621T100721.A_Curius.B_MK.SCP_01,18,A1,1.0,0.033971753998203943,-0.966028246001796,-0.034544068060990446,1,1,0,1,1
20230621T100721.A_Curius.B_MK.SCP_01,19,A1,0.06994914712307104,1.0,0.9300508528769289,0.2355917551357667,1,1,0,1,1
20230621T100721.A_Curius.B_MK.SCP_01,20,A1,-0.02809669564754187,-0.029973415003957303,-0.0018767193564154343,0.17568813967960298,-1,-1,0,1,1
20230621T100721.A_Curius.B_MK.SCP_01,21,A1,0.010822116482749522,0.059025204347562255,0.048203087864812734,0.4160862460080209,1,1,0,1,1
20230621T100721.A_Curius.B_MK.SCP_01,22,A1,-0.19143212468061022,-0.1540984840495528,0.03733364063105743,0.8563152717984356,-1,-1,0,1,1
20230621T100721.A_Curius.B_MK.SCP_01,23,A1,0.15948019756351525,0.12023540424991963,-0.03924479331359562,-0.040192819466741796,1,1,0,1,1
20230621T100721.A_Curius.B_MK.SCP_01,24,A1,0.18450401134783415,-0.6120398968069727,-0.7965439081548068,-0.36301241744629814,1,-1,1,1,1
20230621T100721.A_Curius.B_MK.SCP_01,26,A1,0.18278794918931657,0.07366620291800506,-0.1091217462713115,-0.2805234163083954,1,1,0,1,1
20230621T100721.A_Curius.B_MK.SCP_01,27,A1,-0.07727798346118732,-0.05900589155003341,0.018272091911153907,-0.037892492608742674,-1,-1,0,1,1
20230621T100721.A_Curius.B_MK.SCP_01,28,A1,0.0656359488475446,0.017795597858039403,-0.047840350989505204,-0.11780568547679122,1,1,0,1,0
20230621T100721.A_Curius.B_MK.SCP_01,29,A1,0.7749535021129275,-0.097030666482302,-0.8719841685952294,-0.283704204857724,1,-1,1,1,1
20230621T100721.A_Curius.B_MK.SCP_01,30,A1,1.0,1.0,0.0,0.14327328038404677,1,1,0,1,1
20230621T100721.A_Curius.B_MK.SCP_01,31,A1,0.41718927278146556,-0.34349466589621214,-0.7606839386776777,-0.050190173132293465,1,-1,1,1,1
20230621T100721.A_Curius.B_MK.SCP_01,32,A1,0.5712238893998016,0.5756841901114307,0.004460300711629062,0.6829978805895848,1,1,0,1,1
20230621T100721.A_Curius.B_MK.SCP_01,33,A2,0.17681054797511775,0.13113093287625663,-0.04567961509886112,-0.006195234310650634,1,1,0,0,0
20230621T100721.A_Curius.B_MK.SCP_01,34,A2,0.36713579118344575,-1.0,-1.3671357911834456,0.2220927645497663,1,-1,1,0,0
20230621T100721.A_Curius.B_MK.SCP_01,36,A2,0.4435322261636874,0.06217392046745166,-0.38135830569623574,0.12448929958644361,1,1,0,1,1
20230621T100721.A_Curius.B_MK.SCP_01,37,A2,0.22289389751276248,-0.021417894917540366,-0.24431179243030285,0.40191879136770486,1,-1,1,0,0
20230621T100721.A_Curius.B_MK.SCP_01,39,A2,0.7108548535446219,0.15125481150470302,-0.5596000420399189,0.1714186688471824,1,1,0,1,1
20230621T100721.A_Curius.B_MK.SCP_01,40,A2,0.23827593328720806,-0.0510004180139516,-0.28927635130115964,0.10339620696468997,1,-1,1,0,0
20230621T100721.A_Curius.B_MK.SCP_01,41,A2,0.7594427871802842,0.5468959394289243,-0.2125468477513599,0.5675406264397367,1,1,0,1,1
20230621T100721.A_Curius.B_MK.SCP_01,42,A2,0.06484326531348875,0.060366729433217504,-0.0044765358802712416,0.01493465507222106,1,1,0,0,0
20230621T100721.A_Curius.B_MK.SCP_01,43,A2,0.29348456576660087,-0.02440631188390047,-0.31789087765050134,-0.06187043174971011,1,-1,1,1,1
20230621T100721.A_Curius.B_MK.SCP_01,44,A2,0.7503163834887182,0.02379918259912043,-0.7265172008895978,0.32388839105749345,1,1,0,1,1
20230621T100721.A_Curius.B_MK.SCP_01,45,A2,0.17176480595618185,-1.0,-1.1717648059561818,0.26042537903518587,1,-1,1,1,1
20230621T100721.A_Curius.B_MK.SCP_01,46,A2,0.6487764966834667,-0.3776646954456801,-1.0264411921291468,-0.1336138602897336,1,-1,1,1,1
20230621T100721.A_Curius.B_MK.SCP_01,47,A2,-0.370008912152754,1.0,1.370008912152754,-0.15359650677455797,-1,1,1,1,1
20230621T100721.A_Curius.B_MK.SCP_01,48,A2,0.20283060417094806,0.4279620183270578,0.22513141415610977,0.0875214126584869,1,1,0,0,0
20230621T100721.A_Curius.B_MK.SCP_01,49,A2,-0.7792000093225375,0.1190373143675954,0.8982373236901329,0.1408409820432669,-1,1,1,0,0
20230621T100721.A_Curius.B_MK.SCP_01,50,A2,1.0,-0.12002408696158429,-1.1200240869615843,-0.2332837819891202,1,-1,1,0,0
20230621T100721.A_Curius.B_MK.SCP_01,51,A2,0.6513102749324672,-0.4988235572875058,-1.150133832219973,-0.07709085909729918,1,-1,1,0,0
20230621T100721.A_Curius.B_MK.SCP_01,52,A2,-0.767615412348186,1.0,1.767615412348186,0.044755280521960726,-1,1,1,1,1
20230621T100721.A_Curius.B_MK.SCP_01,53,A2,-0.6012587285383909,0.08580842567695898,0.6870671542153499,0.20798960225509128,-1,1,1,1,1
20230621T100721.A_Curius.B_MK.SCP_01,54,A2,0.3138727843468939,0.024400263465198652,-0.2894725208816953,0.10017837230213744,1,1,0,0,0
20230621T100721.A_Curius.B_MK.SCP_01,55,A2,0.5043095944315694,-0.029477986967933762,-0.5337875813995032,-0.07214258459759199,1,-1,1,1,1
20230621T100721.A_Curius.B_MK.SCP_01,57,A2,-0.18484938473671733,0.22608064074296597,0.41093002547968327,0.048806734419835456,-1,1,1,0,0
20230621T100721.A_Curius.B_MK.SCP_01,58,A2,-0.017613963305187465,0.22181594010916916,0.23942990341435663,0.03477687085888206,-1,1,1,0,0
20230621T100721.A_Curius.B_MK.SCP_01,59,A2,0.3979431749394644,0.1963431263428383,-0.2016000485966261,0.1986504266630818,1,1,0,1,1
20230621T100721.A_Curius.B_MK.SCP_01,60,A2,0.5117402180613493,0.44801263141951014,-0.06372758664183914,-0.4407805216050447,1,1,0,1,1
20230621T100721.A_Curius.B_MK.SCP_01,62,A2,0.21947786439726868,-0.4600576928874929,-0.6795355572847616,0.03992770823332868,1,-1,1,1,1
20230621T100721.A_Curius.B_MK.SCP_01,63,A2,0.38707426975627723,0.06841016258610802,-0.31866410717016924,-0.12980152212134838,1,1,0,1,1
20230621T100721.A_Curius.B_MK.SCP_01,64,A2,0.08210821557565301,-0.21643482026583724,-0.2985430358414902,0.05289955732900204,1,-1,1,1,1
20230621T100721.A_Curius.B_MK.SCP_01,65,A3,0.48299981157472005,0.3205331323418122,-0.16246667923290786,0.23941133069259737,1,1,0,1,0
20230621T100721.A_Curius.B_MK.SCP_01,66,A3,-0.26327561222220314,-0.2493351475155237,0.01394046470667945,0.32079006570045104,-1,-1,0,1,0
20230621T100721.A_Curius.B_MK.SCP_01,67,A3,0.014316368739940001,0.006417996989916722,-0.007898371750023279,0.4402454995482638,1,1,0,1,0
20230621T100721.A_Curius.B_MK.SCP_01,69,A3,-0.14971197888019244,-0.18497958230553296,-0.03526760342534052,0.6593368803967712,-1,-1,0,1,1
20230621T100721.A_Curius.B_MK.SCP_01,70,A3,0.7611899631792626,-0.48586680095738466,-1.2470567641366472,0.5183036661849943,1,-1,1,1,1
20230621T100721.A_Curius.B_MK.SCP_01,71,A3,0.974788870411548,1.0,0.025211129588451953,0.8848230512763143,1,1,0,1,1
20230621T100721.A_Curius.B_MK.SCP_01,72,A3,-0.07560084036032251,-0.046464305009750906,0.029136535350571605,0.29559051092338573,-1,-1,0,0,0
20230621T100721.A_Curius.B_MK.SCP_01,73,A3,-0.06077125834089571,0.4140589649559537,0.4748302232968494,0.18176040942800945,-1,1,1,0,0
20230621T100721.A_Curius.B_MK.SCP_01,74,A3,0.09912156142293752,0.15165658674762794,0.052535025324690426,-0.083219063170646,1,1,0,1,0
20230621T100721.A_Curius.B_MK.SCP_01,75,A3,0.7848140160810897,1.0,0.2151859839189103,0.18195861183137305,1,1,0,1,0
20230621T100721.A_Curius.B_MK.SCP_01,76,A3,0.02707392311504141,-0.0732638294706513,-0.1003377525856927,0.18524603181610674,1,-1,1,1,1
20230621T100721.A_Curius.B_MK.SCP_01,77,A3,1.0,0.25631613375184376,-0.7436838662481562,0.11853310980827116,1,1,0,1,1
20230621T100721.A_Curius.B_MK.SCP_01,78,A3,-0.014627119725480591,0.11917094312933975,0.13379806285482035,0.04545166231343809,-1,1,1,1,1
20230621T100721.A_Curius.B_MK.SCP_01,79,A3,-0.005477348135271508,-0.014692171757450918,-0.00921482362217941,0.026791514282874046,-1,-1,0,1,1
20230621T100721.A_Curius.B_MK.SCP_01,80,A3,0.3786027755765295,-0.18345278438712465,-0.5620555599636541,-0.030863227360553743,1,-1,1,1,0
20230621T100721.A_Curius.B_MK.SCP_01,81,A3,0.6063609831170127,0.23403394041689055,-0.3723270427001222,0.2190510969593124,1,1,0,1,1
20230621T100721.A_Curius.B_MK.SCP_01,82,A3,0.6526725863088558,1.0,0.34732741369114417,0.807735493954699,1,1,0,1,1
20230621T100721.A_Curius.B_MK.SCP_01,83,A3,-0.18935664221143717,-0.03486169778283273,0.15449494442860442,0.08682834145143468,-1,-1,0,1,1
20230621T100721.A_Curius.B_MK.SCP_01,84,A3,-0.3355427385524521,1.0,1.335542738552452,-0.1766882452312301,-1,1,1,1,1
20230621T100721.A_Curius.B_MK.SCP_01,85,A3,0.9390366342958044,-0.418654875954269,-1.3576915102500733,0.7789659519084897,1,-1,1,1,1
20230621T100721.A_Curius.B_MK.SCP_01,86,A3,0.1084651270042067,0.0006063841905245886,-0.10785874281368212,-0.07069160904872052,1,1,0,1,0
20230621T100721.A_Curius.B_MK.SCP_01,87,A3,0.7850212398494292,-0.23230430014961626,-1.0173255399990455,0.30785377794051133,1,-1,1,1,1
20230621T100721.A_Curius.B_MK.SCP_01,88,A3,0.25134530950939127,0.07540610521033633,-0.17593920429905494,-0.38457846995995393,1,1,0,0,0
20230621T100721.A_Curius.B_MK.SCP_01,89,A3,1.0,1.0,0.0,0.11237594619430107,1,1,0,0,0
20230621T100721.A_Curius.B_MK.SCP_01,90,A3,-0.07722164640401379,-0.22115180795089626,-0.14393016154688248,0.2897838772658277,-1,-1,0,1,0
20230621T100721.A_Curius.B_MK.SCP_01,91,A3,0.005943278553780895,0.009670948601317649,0.003727670047536754,0.6181750439707052,1,1,0,1,1
20230621T100721.A_Curius.B_MK.SCP_01,93,A3,0.20649809678345332,-0.01655847750192663,-0.22305657428537995,0.5213272129933314,1,-1,1,1,1
20230621T100721.A_Curius.B_MK.SCP_01,94,A3,1.0,0.0016433396867120294,-0.998356660313288,-0.1950601214000608,1,1,0,0,0
20230621T100721.A_Curius.B_MK.SCP_01,95,A3,0.050779544477281974,0.005243103287518842,-0.04553644118976313,0.11036375709127769,1,1,0,1,1
20230621T100721.A_Curius.B_MK.SCP_01,96,A3,0.031483095232594044,0.05464574481451711,0.023162649581923066,-0.21503343804254468,1,1,0,1,0
20230621T100721.A_Curius.B_MK.SCP_01,97,A4,-0.08981363498741239,-0.05037469227117993,0.03943894271623246,0.23193374939341,-1,-1,0,1,0
20230621T100721.A_Curius.B_MK.SCP_01,98,A4,0.5455565705756443,-0.4181764551817424,-0.9637330257573867,0.22804334165490173,1,-1,1,1,1
20230621T100721.A_Curius.B_MK.SCP_01,99,A4,-0.08126197659895928,-0.05678394742608913,0.024478029172870154,-0.08516708192393457,-1,-1,0,0,0
20230621T100721.A_Curius.B_MK.SCP_01,100,A4,0.056067511335326496,0.05106988047016981,-0.004997630865156685,0.11709477688478996,1,1,0,0,0
20230621T100721.A_Curius.B_MK.SCP_01,101,A4,-0.17218014873092627,-0.0748406122171327,0.09733953651379357,0.24984794491916087,-1,-1,0,0,1
20230621T100721.A_Curius.B_MK.SCP_01,102,A4,-0.14726156830458548,-0.21393932533472812,-0.06667775703014264,-0.18119965097634563,-1,-1,0,0,0
20230621T100721.A_Curius.B_MK.SCP_01,103,A4,-0.04201620129238183,0.0929372589510374,0.13495346024341923,0.09646642618793096,-1,1,1,0,0
20230621T100721.A_Curius.B_MK.SCP_01,104,A4,-0.03893507043829004,0.07551366764332032,0.11444873808161035,-0.09857825457166171,-1,1,1,0,0
20230621T100721.A_Curius.B_MK.SCP_01,105,A4,0.020198105159166833,0.058028356317707454,0.03783025115854062,-0.05011751407054472,1,1,0,1,0
20230621T100721.A_Curius.B_MK.SCP_01,106,A4,0.057618626342773684,0.6631941735983169,0.6055755472555432,0.15114837579263254,1,1,0,0,0
20230621T100721.A_Curius.B_MK.SCP_01,107,A4,-0.6430867258643054,-0.43567362833944945,0.20741309752485593,-0.28185313481876,-1,-1,0,0,0
20230621T100721.A_Curius.B_MK.SCP_01,108,A4,-0.33176121094275657,1.0,1.3317612109427566,0.13740231700112054,-1,1,1,0,0
20230621T100721.A_Curius.B_MK.SCP_01,109,A4,-0.831676399360116,-0.07436396403760998,0.757312435322506,-0.005758375772706159,-1,-1,0,0,0
20230621T100721.A_Curius.B_MK.SCP_01,110,A4,-0.10808458030933768,0.10440667141843457,0.21249125172777225,0.13801629372659593,-1,1,1,0,0
20230621T100721.A_Curius.B_MK.SCP_01,111,A4,0.04102457265023784,-0.09559051429846313,-0.13661508694870098,-0.09208983558539865,1,-1,1,0,0
20230621T100721.A_Curius.B_MK.SCP_01,112,A4,1.0,1.0,0.0,0.4080154970258673,1,1,0,0,0
20230621T100721.A_Curius.B_MK.SCP_01,113,A4,0.008139945840001186,0.13654433514042516,0.12840438930042397,-0.036244555875278694,1,1,0,0,0
20230621T100721.A_Curius.B_MK.SCP_01,114,A4,0.064614544759795,0.03279866091772896,-0.03181588384206604,-0.16511806581681807,1,1,0,0,0
20230621T100721.A_Curius.B_MK.SCP_01,115,A4,-0.11961710894569581,-0.0020505465775749834,0.11756656236812082,-0.3165720393111766,-1,-1,0,0,0
20230621T100721.A_Curius.B_MK.SCP_01,118,A4,0.006864964633387594,0.055622919180483905,0.04875795454709631,-0.02153922092078818,1,1,0,0,0
20230621T100721.A_Curius.B_MK.SCP_01,119,A4,-0.026162519250570733,0.07435451536591693,0.10051703461648767,0.14313061639376268,-1,1,1,0,0
20230621T100721.A_Curius.B_MK.SCP_01,120,A4,-1.0,1.0,2.0,0.18888267109200618,-1,1,1,0,0
20230621T100721.A_Curius.B_MK.SCP_01,121,A4,-0.1758634254124493,-0.3607839710728006,-0.1849205456603513,0.32432154404069147,-1,-1,0,1,1
20230621T100721.A_Curius.B_MK.SCP_01,122,A4,-1.0,-1.0,0.0,0.5927439354559874,-1,-1,0,1,1
20230621T100721.A_Curius.B_MK.SCP_01,123,A4,-0.3090769328595551,-0.2587591176876503,0.05031781517190481,-0.06515519829477215,-1,-1,0,0,0
20230621T100721.A_Curius.B_MK.SCP_01,124,A4,0.16553958390153944,0.20434622806342034,0.0388066441618809,0.3946723460632468,1,1,0,0,0
20230621T100721.A_Curius.B_MK.SCP_01,125,A4,1.0,-1.0,-2.0,-0.19057020126590823,1,-1,1,0,0
20230621T100721.A_Curius.B_MK.SCP_01,126,A4,0.06920026994992146,0.1926246162314878,0.12342434628156634,-0.19918990605124082,1,1,0,0,0
20230621T100721.A_Curius.B_MK.SCP_01,128,A4,-1.0,-1.0,0.0,0.1492142712715286,-1,-1,0,0,0
20230621T100721.A_Curius.B_MK.SCP_01,129,A5,0.15859659862389733,-0.06933813010541431,-0.22793472872931164,0.22942825189340016,1,-1,1,1,1
20230621T100721.A_Curius.B_MK.SCP_01,130,A5,0.11328777730223946,0.018360712124607843,-0.09492706517763162,0.3398371238127098,1,1,0,1,1
20230621T100721.A_Curius.B_MK.SCP_01,132,A5,-0.008095534601878732,-0.00582234939979825,0.002273185202080482,0.17812220824037386,-1,-1,0,1,0
20230621T100721.A_Curius.B_MK.SCP_01,133,A5,-0.03761656861529058,0.0389082903648711,0.07652485898016168,-0.016124741282931107,-1,1,1,1,1
20230621T100721.A_Curius.B_MK.SCP_01,134,A5,0.19292540222761528,-0.30624133754623695,-0.49916673977385223,0.22679199979406112,1,-1,1,1,0
20230621T100721.A_Curius.B_MK.SCP_01,135,A5,-0.5214160988501292,1.0,1.5214160988501293,0.31747191756087734,-1,1,1,1,1
20230621T100721.A_Curius.B_MK.SCP_01,136,A5,-0.9356053255011444,-0.4829139825424588,0.45269134295868557,-0.25535315378283713,-1,-1,0,1,0
20230621T100721.A_Curius.B_MK.SCP_01,137,A5,-0.2066129876894832,-0.16331110306598295,0.043301884623500236,0.5182454789280796,-1,-1,0,1,1
20230621T100721.A_Curius.B_MK.SCP_01,138,A5,-0.14586497928071232,-0.39175542515482903,-0.2458904458741167,0.43786156773828316,-1,-1,0,1,1
20230621T100721.A_Curius.B_MK.SCP_01,139,A5,-1.0,-1.0,0.0,0.7472352349159235,-1,-1,0,1,1
20230621T100721.A_Curius.B_MK.SCP_01,140,A5,0.20460558573469365,0.23300422555981992,0.028398639825126276,0.6860377134999631,1,1,0,1,1
20230621T100721.A_Curius.B_MK.SCP_01,141,A5,1.0,-0.41952979944844043,-1.4195297994484404,0.5199262153927915,1,-1,1,1,1
20230621T100721.A_Curius.B_MK.SCP_01,142,A5,-1.0,-1.0,0.0,-0.119924492037841,-1,-1,0,1,1
20230621T100721.A_Curius.B_MK.SCP_01,143,A5,-0.16844550303672548,1.0,1.1684455030367256,0.07568160007300707,-1,1,1,0,0
20230621T100721.A_Curius.B_MK.SCP_01,144,A5,-0.5810976103409115,-0.44284596098956713,0.13825164935134432,0.024465992030709264,-1,-1,0,0,0
20230621T100721.A_Curius.B_MK.SCP_01,145,A5,-0.0674055533028827,0.01192050886247707,0.07932606216535977,0.42938343439140914,-1,1,1,1,0
20230621T100721.A_Curius.B_MK.SCP_01,146,A5,-0.28038628577477176,-0.428659709369808,-0.14827342359503626,0.62510365130567,-1,-1,0,1,1
20230621T100721.A_Curius.B_MK.SCP_01,147,A5,1.0,-0.18599172346793266,-1.1859917234679327,0.7031197889434179,1,-1,1,1,1
20230621T100721.A_Curius.B_MK.SCP_01,148,A5,0.33328641561466094,0.36898264349843335,0.03569622788377241,0.3651715901260621,1,1,0,1,1
20230621T100721.A_Curius.B_MK.SCP_01,149,A5,-0.020813374364388973,0.005665492149479355,0.026478866513868327,0.24195424871080695,-1,1,1,1,0
20230621T100721.A_Curius.B_MK.SCP_01,150,A5,-0.020552922340738192,-0.04111973018687889,-0.020566807846140695,0.10994492992136891,-1,-1,0,0,0
20230621T100721.A_Curius.B_MK.SCP_01,151,A5,0.1681030671079272,0.1348562070456357,-0.033246860062291494,0.19641346294660092,1,1,0,0,0
20230621T100721.A_Curius.B_MK.SCP_01,152,A5,1.0,-0.15144749112779904,-1.151447491127799,0.013250246832498874,1,-1,1,0,1
20230621T100721.A_Curius.B_MK.SCP_01,153,A5,0.3148666296672571,0.0652310119798469,-0.2496356176874102,0.6991929657254966,1,1,0,1,1
20230621T100721.A_Curius.B_MK.SCP_01,154,A5,-0.014004143817174783,-0.07053005177766764,-0.05652590796049285,0.18386536489973984,-1,-1,0,0,1
20230621T100721.A_Curius.B_MK.SCP_01,155,A5,0.28915098427993746,0.10017065929201428,-0.18898032498792317,0.10846427772542888,1,1,0,0,0
20230621T100721.A_Curius.B_MK.SCP_01,157,A5,0.31376068045461675,0.24284123479224154,-0.07091944566237521,0.15889355082386147,1,1,0,1,1
20230621T100721.A_Curius.B_MK.SCP_01,158,A5,-0.05174331938537468,0.03248164465438453,0.08422496403975921,0.1814293826404906,-1,1,1,0,0
20230621T100721.A_Curius.B_MK.SCP_01,159,A5,-0.06314485277477999,0.3825854629710659,0.4457303157458459,0.04772053045668214,-1,1,1,0,0
20230621T100721.A_Curius.B_MK.SCP_01,160,A5,1.0,0.22932443879489695,-0.770675561205103,-0.06660861825912806,1,1,0,0,0
20230622T111856.A_Curius.B_SM.SCP_01,1,A1,-0.28726398255425006,-0.13805025006779617,0.1492137324864539,0.06456740453966836,-1,-1,0,1,1
20230622T111856.A_Curius.B_SM.SCP_01,2,A1,-0.06681625942240624,0.03994877347693668,0.10676503289934292,0.2105868019762418,-1,1,1,0,0
20230622T111856.A_Curius.B_SM.SCP_01,3,A1,-0.009222493825597231,-2.160951721519454e-05,0.009200884308382036,0.015407634984137844,-1,-1,0,1,1
20230622T111856.A_Curius.B_SM.SCP_01,4,A1,0.2635009505332766,0.6476805314225981,0.38417958088932147,0.0793168059493249,1,1,0,1,1
20230622T111856.A_Curius.B_SM.SCP_01,6,A1,0.13456004634954935,0.042307364160000235,-0.09225268218954912,0.1108827569994323,1,1,0,1,1
20230622T111856.A_Curius.B_SM.SCP_01,8,A1,0.7203285726787962,1.0,0.27967142732120376,-0.46192946879347957,1,1,0,1,1
20230622T111856.A_Curius.B_SM.SCP_01,9,A1,0.25783803855471316,-0.2187070396008351,-0.47654507815554825,0.01935886752214993,1,-1,1,1,1
20230622T111856.A_Curius.B_SM.SCP_01,10,A1,-0.10570524047548564,-0.7775778284277619,-0.6718725879522762,0.36397405472650884,-1,-1,0,1,1
20230622T111856.A_Curius.B_SM.SCP_01,11,A1,0.09377372879714879,1.0,0.9062262712028513,0.33071031023034053,1,1,0,1,1
20230622T111856.A_Curius.B_SM.SCP_01,12,A1,0.5081625030901543,1.0,0.4918374969098457,0.634008736446426,1,1,0,1,1
20230622T111856.A_Curius.B_SM.SCP_01,13,A1,0.1461236338095752,0.03925938369023398,-0.1068642501193412,0.07429371039286535,1,1,0,1,1
20230622T111856.A_Curius.B_SM.SCP_01,14,A1,0.42447240378418705,0.2609080679670899,-0.16356433581709717,0.0935160291676009,1,1,0,1,1
20230622T111856.A_Curius.B_SM.SCP_01,15,A1,1.0,-1.0,-2.0,0.17550845180025126,1,-1,1,1,1
20230622T111856.A_Curius.B_SM.SCP_01,17,A1,0.5549490673860226,-0.30592184056700805,-0.8608709079530306,0.042576323017546026,1,-1,1,1,1
20230622T111856.A_Curius.B_SM.SCP_01,18,A1,0.5521344466231914,0.8673140492976398,0.31517960267444833,-0.1291770563853764,1,1,0,1,1
20230622T111856.A_Curius.B_SM.SCP_01,19,A1,-0.3031706808834216,0.5973640714548863,0.9005347523383079,0.08386343237639958,-1,1,1,1,1
20230622T111856.A_Curius.B_SM.SCP_01,20,A1,0.062050269408527106,0.0478877291540899,-0.014162540254437209,0.11632767065747932,1,1,0,1,1
20230622T111856.A_Curius.B_SM.SCP_01,21,A1,0.845220336492766,0.8726766819044799,0.027456345411713934,0.13391459042004172,1,1,0,1,1
20230622T111856.A_Curius.B_SM.SCP_01,22,A1,-1.0,-0.4230936883003612,0.5769063116996388,0.886290009564393,-1,-1,0,1,1
20230622T111856.A_Curius.B_SM.SCP_01,23,A1,-0.02126954037448698,0.6409985873238934,0.6622681276983804,-0.07770129650166302,-1,1,1,1,1
20230622T111856.A_Curius.B_SM.SCP_01,24,A1,-0.42519846045705045,-0.15342356102844834,0.2717748994286021,0.11788817747325629,-1,-1,0,1,1
20230622T111856.A_Curius.B_SM.SCP_01,25,A1,0.5286092488448618,0.4681483539784886,-0.06046089486637324,0.12023372693581029,1,1,0,1,1
20230622T111856.A_Curius.B_SM.SCP_01,26,A1,0.2779460561152111,0.04019211181772323,-0.2377539442974879,0.1107606693757294,1,1,0,1,1
20230622T111856.A_Curius.B_SM.SCP_01,27,A1,0.33703605443669254,-0.09669589925561574,-0.43373195369230827,0.25420048469405077,1,-1,1,1,1
20230622T111856.A_Curius.B_SM.SCP_01,28,A1,0.9908330388592145,1.0,0.009166961140785523,0.4275559415042601,1,1,0,1,1
20230622T111856.A_Curius.B_SM.SCP_01,29,A1,0.4388473831625782,0.21394373874182165,-0.22490364442075655,0.029507854963923302,1,1,0,1,1
20230622T111856.A_Curius.B_SM.SCP_01,30,A1,1.0,0.998440075675558,-0.0015599243244419636,0.2119397425331094,1,1,0,1,1
20230622T111856.A_Curius.B_SM.SCP_01,31,A1,1.0,0.17449755259452973,-0.8255024474054703,-0.15254349375612838,1,1,0,1,1
20230622T111856.A_Curius.B_SM.SCP_01,32,A1,1.0,1.0,0.0,0.5753562417045016,1,1,0,1,1
20230622T111856.A_Curius.B_SM.SCP_01,33,A2,0.094905913894642,0.005288849019774332,-0.08961706487486766,0.20300274071841656,1,1,0,0,0
20230622T111856.A_Curius.B_SM.SCP_01,34,A2,0.01230219162168134,0.03666209600475598,0.024359904383074636,-0.12079234570060375,1,1,0,1,0
20230622T111856.A_Curius.B_SM.SCP_01,35,A2,-1.0,0.1319847812626587,1.1319847812626587,0.453440937354154,-1,1,1,0,0
20230622T111856.A_Curius.B_SM.SCP_01,36,A2,-0.21957745134267836,1.0,1.2195774513426785,0.05089087031218858,-1,1,1,0,1
20230622T111856.A_Curius.B_SM.SCP_01,37,A2,-0.12450893588000635,0.06684097041681919,0.19134990629682552,0.14025707026317588,-1,1,1,1,0
20230622T111856.A_Curius.B_SM.SCP_01,39,A2,-0.04432963848202548,0.12529107140532797,0.16962070988735345,-0.18049811839718463,-1,1,1,1,1
20230622T111856.A_Curius.B_SM.SCP_01,40,A2,0.03692269542602344,-0.10914508467726207,-0.1460677801032855,0.11597506297266066,1,-1,1,0,0
20230622T111856.A_Curius.B_SM.SCP_01,41,A2,0.28968739928105713,1.0,0.7103126007189429,0.7958754924921544,1,1,0,1,1
20230622T111856.A_Curius.B_SM.SCP_01,42,A2,-0.6097345024386991,0.3128190894284569,0.9225535918671559,0.15855866806175214,-1,1,1,0,0
20230622T111856.A_Curius.B_SM.SCP_01,43,A2,0.05363307443706707,0.35986740451276295,0.3062343300756959,-0.0028805593922911544,1,1,0,1,1
20230622T111856.A_Curius.B_SM.SCP_01,44,A2,0.515057195138795,0.3124896842188483,-0.20256751091994668,0.6506485990790286,1,1,0,1,1
20230622T111856.A_Curius.B_SM.SCP_01,45,A2,0.18860227167105398,-0.05283127512948196,-0.24143354680053594,0.16309597249675192,1,-1,1,1,1
20230622T111856.A_Curius.B_SM.SCP_01,46,A2,-0.7880211343019681,-0.03308904004683598,0.7549320942551321,-0.24033030984616077,-1,-1,0,1,1
20230622T111856.A_Curius.B_SM.SCP_01,47,A2,-1.0,1.0,2.0,-0.21921841860609279,-1,1,1,1,1
20230622T111856.A_Curius.B_SM.SCP_01,48,A2,0.004301573709845192,0.2614127246869795,0.25711115097713433,0.18302552781432088,1,1,0,0,1
20230622T111856.A_Curius.B_SM.SCP_01,49,A2,0.44232229883654806,-0.7202362626887953,-1.1625585615253433,0.2994105269596257,1,-1,1,0,0
20230622T111856.A_Curius.B_SM.SCP_01,50,A2,0.699740758704934,0.5450137654435993,-0.15472699326133477,0.268467409492374,1,1,0,0,0
20230622T111856.A_Curius.B_SM.SCP_01,51,A2,-0.2703830625945206,-0.4104587488221365,-0.1400756862276159,-0.1135882055315008,-1,-1,0,0,0
20230622T111856.A_Curius.B_SM.SCP_01,52,A2,-1.0,-0.010166486695916226,0.9898335133040838,0.07619362549050077,-1,-1,0,1,1
20230622T111856.A_Curius.B_SM.SCP_01,53,A2,-0.03924371381212591,-0.30992573902102216,-0.2706820252088963,-0.0520188914400366,-1,-1,0,1,1
20230622T111856.A_Curius.B_SM.SCP_01,54,A2,0.3957054620298125,0.4704011174153386,0.07469565538552608,-0.012297836995126007,1,1,0,1,1
20230622T111856.A_Curius.B_SM.SCP_01,55,A2,0.7037773746588811,-0.18302817591798143,-0.8868055505768626,-0.42601650219391546,1,-1,1,1,1
20230622T111856.A_Curius.B_SM.SCP_01,57,A2,1.0,0.4039617377871059,-0.5960382622128941,0.1921513282449845,1,1,0,0,0
20230622T111856.A_Curius.B_SM.SCP_01,58,A2,0.2191736417664178,-0.266149378118439,-0.48532301988485677,0.004813117366749205,1,-1,1,0,0
20230622T111856.A_Curius.B_SM.SCP_01,59,A2,-0.07924701175193208,-0.017125584077705504,0.06212142767422657,0.2744271402943533,-1,-1,0,0,0
20230622T111856.A_Curius.B_SM.SCP_01,60,A2,0.2085069527515043,-0.08127777565679746,-0.2897847284083018,-0.03263852838692527,1,-1,1,0,0
20230622T111856.A_Curius.B_SM.SCP_01,61,A2,0.18164998403915406,0.0925358701394622,-0.08911411389969186,0.3114199199138032,1,1,0,1,1
20230622T111856.A_Curius.B_SM.SCP_01,62,A2,0.1630457003150276,-0.4934287458588889,-0.6564744461739165,0.37830775426626617,1,-1,1,1,1
20230622T111856.A_Curius.B_SM.SCP_01,63,A2,0.2198835641555186,0.0159455854156563,-0.2039379787398623,0.5798117653081177,1,1,0,1,1
20230622T111856.A_Curius.B_SM.SCP_01,64,A2,-0.48679304669011575,-0.3840285946029322,0.10276445208718354,0.34762293495053176,-1,-1,0,1,1
20230622T111856.A_Curius.B_SM.SCP_01,65,A3,0.5768244294457342,1.0,0.4231755705542658,0.17368034549197933,1,1,0,1,1
20230622T111856.A_Curius.B_SM.SCP_01,66,A3,-0.249474504682073,-0.11768070192741992,0.13179380275465308,-0.03638026620057185,-1,-1,0,1,1
20230622T111856.A_Curius.B_SM.SCP_01,67,A3,0.2775873647557069,0.6715565746640035,0.39396920990829665,0.48296717812800444,1,1,0,1,1
20230622T111856.A_Curius.B_SM.SCP_01,68,A3,0.3030282264518295,1.0,0.6969717735481705,0.37279441668007784,1,1,0,1,1
20230622T111856.A_Curius.B_SM.SCP_01,69,A3,-0.17867478195856507,-0.8414398782823357,-0.6627650963237706,0.0005382427886977117,-1,-1,0,1,1
20230622T111856.A_Curius.B_SM.SCP_01,70,A3,0.3254823516041808,1.0,0.6745176483958192,0.2813713118904575,1,1,0,1,1
20230622T111856.A_Curius.B_SM.SCP_01,71,A3,1.0,0.9007430895429779,-0.09925691045702212,0.7088100748650485,1,1,0,1,1
20230622T111856.A_Curius.B_SM.SCP_01,72,A3,0.10785285070729407,0.07701973253357418,-0.030833118173719892,0.09527155077878348,1,1,0,0,0
20230622T111856.A_Curius.B_SM.SCP_01,73,A3,-1.0,1.0,2.0,-0.10582184714667836,-1,1,1,0,0
20230622T111856.A_Curius.B_SM.SCP_01,74,A3,-0.16231734155215863,1.0,1.1623173415521586,0.17978319067784054,-1,1,1,0,0
20230622T111856.A_Curius.B_SM.SCP_01,75,A3,1.0,0.23988661725628752,-0.7601133827437125,-0.24976755479354693,1,1,0,1,0
20230622T111856.A_Curius.B_SM.SCP_01,76,A3,1.0,0.2510004092674401,-0.74899959073256,0.50381687275141,1,1,0,1,1
20230622T111856.A_Curius.B_SM.SCP_01,77,A3,0.5594330068284563,0.2292259637148326,-0.3302070431136237,0.14551418915429795,1,1,0,1,1
20230622T111856.A_Curius.B_SM.SCP_01,78,A3,0.26156772222287095,0.4032710420950424,0.14170331987217144,0.11718016382687103,1,1,0,1,1
20230622T111856.A_Curius.B_SM.SCP_01,79,A3,0.3489447392252952,-0.007969107120676373,-0.35691384634597156,-0.09569126789159557,1,-1,1,1,1
20230622T111856.A_Curius.B_SM.SCP_01,80,A3,0.9585181873104982,-0.1879507376326631,-1.1464689249431612,-0.24816582596939368,1,-1,1,1,0
20230622T111856.A_Curius.B_SM.SCP_01,81,A3,0.27846678559204274,0.3471050575288236,0.06863827193678085,0.17279772209212219,1,1,0,1,1
20230622T111856.A_Curius.B_SM.SCP_01,82,A3,0.40931392060379745,1.0,0.5906860793962025,0.05047754235488837,1,1,0,1,1
20230622T111856.A_Curius.B_SM.SCP_01,83,A3,-0.4156170446610012,-0.5206117184114557,-0.10499467375045451,0.00019462773093855283,-1,-1,0,1,0
20230622T111856.A_Curius.B_SM.SCP_01,84,A3,0.2601908064987445,0.1846649279192049,-0.07552587857953957,0.10172383247214231,1,1,0,1,1
20230622T111856.A_Curius.B_SM.SCP_01,85,A3,0.6115932742873421,0.2268221704073561,-0.38477110387998603,0.5781184655685255,1,1,0,1,1
20230622T111856.A_Curius.B_SM.SCP_01,86,A3,0.06503018172538765,0.2147025123925798,0.14967233066719215,0.3652788561446268,1,1,0,1,1
20230622T111856.A_Curius.B_SM.SCP_01,87,A3,1.0,-0.3203041747266163,-1.3203041747266164,0.07001207551418075,1,-1,1,1,1
20230622T111856.A_Curius.B_SM.SCP_01,88,A3,-0.4909110127153144,-0.07655250945165325,0.41435850326366114,0.019695432895109003,-1,-1,0,0,0
20230622T111856.A_Curius.B_SM.SCP_01,89,A3,0.3986424283161741,0.5683975677009532,0.1697551393847791,0.3234411612607011,1,1,0,0,0
20230622T111856.A_Curius.B_SM.SCP_01,90,A3,0.12656950581401558,0.14883570239278598,0.02226619657877041,0.15982467724715074,1,1,0,1,1
20230622T111856.A_Curius.B_SM.SCP_01,91,A3,0.9005955248024222,1.0,0.09940447519757778,0.19269685067554757,1,1,0,0,0
20230622T111856.A_Curius.B_SM.SCP_01,93,A3,-0.0207351904117445,-0.3053721618711961,-0.2846369714594516,-0.08457471813334207,-1,-1,0,1,1
20230622T111856.A_Curius.B_SM.SCP_01,94,A3,-0.8577194991365293,0.10225141159851518,0.9599709107350445,0.3991044774613978,-1,1,1,0,0
20230622T111856.A_Curius.B_SM.SCP_01,95,A3,-0.16502858728600403,0.15089866500459984,0.31592725229060387,0.6736998606550678,-1,1,1,1,1
20230622T111856.A_Curius.B_SM.SCP_01,96,A3,0.3618787373332883,0.1723690574112263,-0.189509679922062,0.2264336894747836,1,1,0,1,0
20230622T111856.A_Curius.B_SM.SCP_01,97,A4,0.12247261804346009,0.11970645342787367,-0.0027661646155864167,0.1615862669055325,1,1,0,1,0
20230622T111856.A_Curius.B_SM.SCP_01,98,A4,-0.007851740512080155,0.02476821901099124,0.032619959523071396,0.2567828337775873,-1,1,1,1,1
20230622T111856.A_Curius.B_SM.SCP_01,99,A4,0.021058960377571552,0.024203624500690427,0.0031446641231188746,0.08208059865049161,1,1,0,0,0
20230622T111856.A_Curius.B_SM.SCP_01,100,A4,0.7459624994078241,-0.225071640825833,-0.9710341402336571,-0.03601197086020593,1,-1,1,0,0
20230622T111856.A_Curius.B_SM.SCP_01,101,A4,-0.30813316476681923,0.1472894819874928,0.45542264675431204,-0.32032372975691764,-1,1,1,0,0
20230622T111856.A_Curius.B_SM.SCP_01,102,A4,0.43455699479109045,-0.0950381069654793,-0.5295951017565698,0.1188151578252591,1,-1,1,0,0
20230622T111856.A_Curius.B_SM.SCP_01,103,A4,-0.08363370618284736,-0.34167598750275524,-0.25804228131990786,-0.22721164580808217,-1,-1,0,0,0
20230622T111856.A_Curius.B_SM.SCP_01,104,A4,0.1396957844444974,0.13614777463781233,-0.0035480098066850707,-0.013969428325880018,1,1,0,0,0
20230622T111856.A_Curius.B_SM.SCP_01,105,A4,0.029608065545565214,0.08832977973902281,0.0587217141934576,0.27406232496268623,1,1,0,1,1
20230622T111856.A_Curius.B_SM.SCP_01,106,A4,-1.0,0.12685154696390147,1.1268515469639016,0.05575650379506936,-1,1,1,0,0
20230622T111856.A_Curius.B_SM.SCP_01,107,A4,-0.5017583794961847,0.1578964013781871,0.6596547808743718,-0.0505453472043018,-1,1,1,0,0
20230622T111856.A_Curius.B_SM.SCP_01,108,A4,-0.7280583985717785,-0.6334968463527163,0.09456155221906215,0.15525214345341387,-1,-1,0,0,0
20230622T111856.A_Curius.B_SM.SCP_01,109,A4,-0.09577704077683384,-0.1308302647328187,-0.035053223955984855,0.2809929402591909,-1,-1,0,0,0
20230622T111856.A_Curius.B_SM.SCP_01,110,A4,-1.0,0.1896028310569689,1.1896028310569688,-0.2174171807295092,-1,1,1,0,0
20230622T111856.A_Curius.B_SM.SCP_01,111,A4,-0.4097182552534865,1.0,1.4097182552534866,-0.27593869638591484,-1,1,1,0,0
20230622T111856.A_Curius.B_SM.SCP_01,112,A4,-0.32604406333682767,-0.08473848378694786,0.2413055795498798,0.23249364839010841,-1,-1,0,0,0
20230622T111856.A_Curius.B_SM.SCP_01,113,A4,-0.06141937089202376,0.13860328347107678,0.20002265436310054,0.23612965510171868,-1,1,1,0,0
20230622T111856.A_Curius.B_SM.SCP_01,114,A4,-0.04920232981479607,0.10302620675565037,0.15222853657044644,-0.2897400389692319,-1,1,1,0,0
20230622T111856.A_Curius.B_SM.SCP_01,115,A4,0.10080232623675432,-0.11981289278512995,-0.22061521902188427,0.0010158773403725167,1,-1,1,0,0
20230622T111856.A_Curius.B_SM.SCP_01,116,A4,0.15918305096761987,0.5997516724109802,0.4405686214433603,-0.25704803474257415,1,1,0,0,0
20230622T111856.A_Curius.B_SM.SCP_01,118,A4,-0.10839397519744305,-0.235107778043889,-0.12671380284644596,0.4329659365352451,-1,-1,0,0,0
20230622T111856.A_Curius.B_SM.SCP_01,119,A4,-0.20404371165650145,0.15900517830105282,0.36304888995755424,0.03437135562168204,-1,1,1,0,0
20230622T111856.A_Curius.B_SM.SCP_01,120,A4,-0.2393472666243707,0.9804444766780672,1.219791743302438,0.13184529787022095,-1,1,1,0,0
20230622T111856.A_Curius.B_SM.SCP_01,121,A4,-0.23004995220975866,-0.1611312513369053,0.06891870087285334,0.6251046759025766,-1,-1,0,1,1
20230622T111856.A_Curius.B_SM.SCP_01,122,A4,-0.85467735929315,-0.688279715227735,0.16639764406541502,0.5732470658046375,-1,-1,0,1,1
20230622T111856.A_Curius.B_SM.SCP_01,123,A4,-1.0,-0.13037826991573426,0.8696217300842657,-0.09504008532518411,-1,-1,0,0,0
20230622T111856.A_Curius.B_SM.SCP_01,124,A4,-0.014378472749283154,0.01851978498912624,0.032898257738409396,0.06380907866299382,-1,1,1,0,0
20230622T111856.A_Curius.B_SM.SCP_01,125,A4,-0.04059409241215555,-0.05454467251698099,-0.013950580104825437,-0.2694642259428997,-1,-1,0,0,0
20230622T111856.A_Curius.B_SM.SCP_01,126,A4,-0.17028374464931298,0.046787497705002616,0.2170712423543156,0.1326992064805497,-1,1,1,0,0
20230622T111856.A_Curius.B_SM.SCP_01,127,A4,0.28925778431082966,0.4640524452653336,0.17479466095450397,-0.10955617359177823,1,1,0,0,0
20230622T111856.A_Curius.B_SM.SCP_01,128,A4,-0.7780826828827578,-0.03734157987531215,0.7407411030074457,0.07297905556018183,-1,-1,0,0,0
20230622T111856.A_Curius.B_SM.SCP_01,130,A5,-1.0,1.0,2.0,-0.11096663469974129,-1,1,1,1,1
20230622T111856.A_Curius.B_SM.SCP_01,131,A5,0.1348653649123515,-0.37554250833970826,-0.5104078732520597,-0.17173452094559324,1,-1,1,0,0
20230622T111856.A_Curius.B_SM.SCP_01,132,A5,0.14602774750818354,0.06322956111238459,-0.08279818639579895,0.1357280655435549,1,1,0,0,0
20230622T111856.A_Curius.B_SM.SCP_01,133,A5,-0.04182826164576923,-0.7910003978525527,-0.7491721362067835,-0.24358395862514137,-1,-1,0,0,0
20230622T111856.A_Curius.B_SM.SCP_01,134,A5,0.5021806256719042,-0.08201896648515139,-0.5841995921570556,0.4306204447358737,1,-1,1,1,1
20230622T111856.A_Curius.B_SM.SCP_01,135,A5,-1.0,-0.42561289722230283,0.5743871027776972,0.13928527750336156,-1,-1,0,1,1
20230622T111856.A_Curius.B_SM.SCP_01,136,A5,-1.0,-0.013879232309841222,0.9861207676901588,0.1439425527594339,-1,-1,0,1,0
20230622T111856.A_Curius.B_SM.SCP_01,137,A5,-0.03656600059204684,-0.2362828268338567,-0.19971682624180986,0.7163718011087878,-1,-1,0,1,1
20230622T111856.A_Curius.B_SM.SCP_01,138,A5,-1.0,-0.24644279694197116,0.7535572030580289,0.14467217708771293,-1,-1,0,1,1
20230622T111856.A_Curius.B_SM.SCP_01,139,A5,-0.5994041847405416,-0.9181455170415673,-0.31874133230102575,0.7208654639934666,-1,-1,0,1,1
20230622T111856.A_Curius.B_SM.SCP_01,140,A5,0.40980339341456,0.3275085701734539,-0.0822948232411061,0.6265994230727643,1,1,0,1,1
20230622T111856.A_Curius.B_SM.SCP_01,141,A5,-0.9781039758682095,-0.1856426526770711,0.7924613231911384,0.2986602706494314,-1,-1,0,0,0
20230622T111856.A_Curius.B_SM.SCP_01,142,A5,-1.0,-0.42357805629148954,0.5764219437085105,0.2327836056543236,-1,-1,0,1,1
20230622T111856.A_Curius.B_SM.SCP_01,143,A5,-1.0,-0.18744936083881886,0.8125506391611812,0.17037187578877905,-1,-1,0,0,0
20230622T111856.A_Curius.B_SM.SCP_01,144,A5,-0.039400410882243164,0.20928512387990747,0.24868553476215063,0.1494228407259421,-1,1,1,0,0
20230622T111856.A_Curius.B_SM.SCP_01,145,A5,0.04782060946488121,-0.5777108650769162,-0.6255314745417974,-0.0717053285610857,1,-1,1,1,0
20230622T111856.A_Curius.B_SM.SCP_01,146,A5,-1.0,-1.0,0.0,0.44688320824022,-1,-1,0,1,1
20230622T111856.A_Curius.B_SM.SCP_01,147,A5,-0.32798090753550874,-0.328031341969087,-5.0434433578272486e-05,0.5967572496758656,-1,-1,0,1,1
20230622T111856.A_Curius.B_SM.SCP_01,148,A5,0.6040410524043909,0.5929780346035685,-0.011063017800822417,0.3287098967165618,1,1,0,1,1
20230622T111856.A_Curius.B_SM.SCP_01,149,A5,-0.9197351457617864,1.0,1.9197351457617864,-0.09077863417884272,-1,1,1,1,1
20230622T111856.A_Curius.B_SM.SCP_01,150,A5,0.1771850463625427,-0.023767257927092868,-0.20095230428963556,0.030777500412277947,1,-1,1,1,0
20230622T111856.A_Curius.B_SM.SCP_01,151,A5,0.12993283406078748,-0.2840592387574612,-0.4139920728182487,-0.5191213689840284,1,-1,1,0,0
20230622T111856.A_Curius.B_SM.SCP_01,152,A5,-0.030398776856351145,-0.13891879356756623,-0.10852001671121508,0.1572298709931991,-1,-1,0,1,0
20230622T111856.A_Curius.B_SM.SCP_01,153,A5,0.2654307413529159,0.17711774866028931,-0.08831299269262657,0.6314300009660347,1,1,0,1,1
20230622T111856.A_Curius.B_SM.SCP_01,154,A5,0.8286547349431843,1.0,0.1713452650568157,0.06305610194871826,1,1,0,0,0
20230622T111856.A_Curius.B_SM.SCP_01,155,A5,0.5692081449158257,-0.4524375443804354,-1.021645689296261,0.015001148346073601,1,-1,1,0,0
20230622T111856.A_Curius.B_SM.SCP_01,156,A5,-0.28700577336078437,-0.20692582883696217,0.0800799445238222,0.7819450365460431,-1,-1,0,1,1
20230622T111856.A_Curius.B_SM.SCP_01,157,A5,-0.9361490175435825,-0.48956639015247927,0.4465826273911032,-0.08224828742526243,-1,-1,0,1,1
20230622T111856.A_Curius.B_SM.SCP_01,158,A5,0.28829239973550924,0.22006787647354015,-0.0682245232619691,-0.15374696046402783,1,1,0,0,0
20230622T111856.A_Curius.B_SM.SCP_01,159,A5,0.1216131221294589,-0.0706549779186842,-0.1922681000481431,-0.07905874631739084,1,-1,1,0,0
20230622T111856.A_Curius.B_SM.SCP_01,160,A5,1.0,0.2276811240758389,-0.772318875924161,0.37604109462233737,1,1,0,0,0
20230628T101631.A_Curius.B_VC.SCP_01,1,A1,-1.0,-0.12493500109978734,0.8750649989002126,-0.3936314834578271,-1,-1,0,1,1
20230628T101631.A_Curius.B_VC.SCP_01,2,A1,0.008204563822609182,0.036613409029711594,0.028408845207102414,0.19163569833285157,1,1,0,0,0
20230628T101631.A_Curius.B_VC.SCP_01,3,A1,-0.07660217379434987,0.07692866674843737,0.15353084054278726,-0.13666761257997018,-1,1,1,1,1
20230628T101631.A_Curius.B_VC.SCP_01,4,A1,0.37155070854259564,-0.07423873248414078,-0.44578944102673645,0.03599475255838216,1,-1,1,1,1
20230628T101631.A_Curius.B_VC.SCP_01,5,A1,-0.1786931071180463,0.4267924862651172,0.6054855933831635,0.11165044721953976,-1,1,1,1,0
20230628T101631.A_Curius.B_VC.SCP_01,6,A1,-0.005741597764701404,-1.0,-0.9942584022352986,-0.03360932408140439,-1,-1,0,1,1
20230628T101631.A_Curius.B_VC.SCP_01,7,A1,0.3573913655084209,-1.0,-1.3573913655084209,-0.15314372164871462,1,-1,1,1,0
20230628T101631.A_Curius.B_VC.SCP_01,8,A1,-0.019549120779458255,0.2857780250191858,0.30532714579864406,0.01968928580004902,-1,1,1,0,0
20230628T101631.A_Curius.B_VC.SCP_01,9,A1,-0.059117741637571816,-0.3797274722582159,-0.3206097306206441,0.157835460061453,-1,-1,0,1,1
20230628T101631.A_Curius.B_VC.SCP_01,10,A1,-0.18747344471956295,-0.06652684798410476,0.1209465967354582,0.10825072467497915,-1,-1,0,1,1
20230628T101631.A_Curius.B_VC.SCP_01,11,A1,-0.3045531270503654,0.1453803320736969,0.44993345912406235,0.20298091602705085,-1,1,1,1,1
20230628T101631.A_Curius.B_VC.SCP_01,12,A1,0.10192130027613643,0.0861460093563692,-0.015775290919767232,0.3911100452966389,1,1,0,1,1
20230628T101631.A_Curius.B_VC.SCP_01,13,A1,-0.006925665610985991,-0.02247241888376125,-0.015546753272775257,0.3339823372908378,-1,-1,0,1,1
20230628T101631.A_Curius.B_VC.SCP_01,14,A1,0.6824953433420856,0.022760051913929397,-0.6597352914281562,-0.15314350966311513,1,1,0,1,1
20230628T101631.A_Curius.B_VC.SCP_01,15,A1,0.3992481252925954,-0.6720749639831068,-1.0713230892757022,0.48289903787953153,1,-1,1,1,1
20230628T101631.A_Curius.B_VC.SCP_01,17,A1,-0.06030015809564774,0.04004771850171033,0.10034787659735807,0.4212075908570868,-1,1,1,1,1
20230628T101631.A_Curius.B_VC.SCP_01,18,A1,0.5125824405053926,0.7101899608915441,0.19760752038615148,0.11401526643317111,1,1,0,1,1
20230628T101631.A_Curius.B_VC.SCP_01,19,A1,-0.13327008019280975,0.7277184138713569,0.8609884940641667,-0.1388398416058856,-1,1,1,1,1
20230628T101631.A_Curius.B_VC.SCP_01,21,A1,-0.07080094838728851,-0.03312748896579498,0.03767345942149353,0.47452934248748097,-1,-1,0,1,1
20230628T101631.A_Curius.B_VC.SCP_01,22,A1,-0.5237053533475601,-0.3847141649235704,0.13899118842398966,0.5852538920489646,-1,-1,0,1,1
20230628T101631.A_Curius.B_VC.SCP_01,23,A1,-0.010219307160727198,0.027035382855702002,0.0372546900164292,0.373352042312643,-1,1,1,1,1
20230628T101631.A_Curius.B_VC.SCP_01,24,A1,-1.0,-0.06810278583429909,0.9318972141657009,0.4459799361306132,-1,-1,0,1,0
20230628T101631.A_Curius.B_VC.SCP_01,25,A1,0.5082227118912517,1.0,0.4917772881087483,0.04088026184491201,1,1,0,1,1
20230628T101631.A_Curius.B_VC.SCP_01,26,A1,-0.579437800953988,-0.0036197760805140662,0.5758180248734739,-0.24447089748639597,-1,-1,0,1,1
20230628T101631.A_Curius.B_VC.SCP_01,27,A1,0.1305842705365607,0.391131066547079,0.26054679601051833,-0.2042438683312454,1,1,0,1,1
20230628T101631.A_Curius.B_VC.SCP_01,28,A1,-0.10458725306756853,0.026179697754219425,0.13076695082178796,0.10363706470110616,-1,1,1,1,1
20230628T101631.A_Curius.B_VC.SCP_01,29,A1,0.06372699781668148,0.032698107469848435,-0.031028890346833045,0.3239302995114618,1,1,0,1,1
20230628T101631.A_Curius.B_VC.SCP_01,30,A1,1.0,1.0,0.0,-0.2801387252897197,1,1,0,1,1
20230628T101631.A_Curius.B_VC.SCP_01,31,A1,0.09262635935471264,-0.34384471980303427,-0.4364710791577469,0.17790867207586,1,-1,1,1,1
20230628T101631.A_Curius.B_VC.SCP_01,32,A1,0.4528139740685692,1.0,0.5471860259314307,0.5777255909219012,1,1,0,1,1
20230628T101631.A_Curius.B_VC.SCP_01,33,A2,0.2158532477824998,0.2777856235635422,0.06193237578104238,-0.2009201534585339,1,1,0,0,0
20230628T101631.A_Curius.B_VC.SCP_01,34,A2,-0.053621598300276,-0.024480669433669597,0.0291409288666064,0.29745700220469345,-1,-1,0,0,0
20230628T101631.A_Curius.B_VC.SCP_01,36,A2,-0.5093755004168464,-0.4018179836718489,0.10755751674499753,0.4172518580700153,-1,-1,0,1,1
20230628T101631.A_Curius.B_VC.SCP_01,37,A2,-0.38613312705944575,-0.10487021792173776,0.281262909137708,-0.16080362056936387,-1,-1,0,0,0
20230628T101631.A_Curius.B_VC.SCP_01,39,A2,-0.2536436204803891,-0.4897473227554577,-0.2361037022750686,-0.022083307992508322,-1,-1,0,1,1
20230628T101631.A_Curius.B_VC.SCP_01,40,A2,0.039670918028258395,0.07002097891348844,0.03035006088523004,0.025721657747469855,1,1,0,0,0
20230628T101631.A_Curius.B_VC.SCP_01,41,A2,0.001803827213712093,-0.2705696399528201,-0.27237346716653216,0.18524596123698017,1,-1,1,1,1
20230628T101631.A_Curius.B_VC.SCP_01,42,A2,-0.041242989995135176,0.3540455782281827,0.3952885682233179,0.3424966317775995,-1,1,1,1,1
20230628T101631.A_Curius.B_VC.SCP_01,43,A2,-1.0,-0.18981587291707228,0.8101841270829278,0.4343059767966179,-1,-1,0,1,1
20230628T101631.A_Curius.B_VC.SCP_01,44,A2,1.0,1.0,0.0,0.7808878419500676,1,1,0,1,1
20230628T101631.A_Curius.B_VC.SCP_01,46,A2,-0.23806670114423925,-0.8563671047825671,-0.6183004036383278,0.3126610763742389,-1,-1,0,1,1
20230628T101631.A_Curius.B_VC.SCP_01,47,A2,-1.0,0.41672890076528063,1.4167289007652806,-0.07097446430509714,-1,1,1,1,1
20230628T101631.A_Curius.B_VC.SCP_01,48,A2,-0.9592756074634203,-1.0,-0.04072439253657967,0.11101421314409743,-1,-1,0,0,1
20230628T101631.A_Curius.B_VC.SCP_01,49,A2,-0.3268363122172042,0.015866292921728198,0.3427026051389324,-0.05888164850128474,-1,1,1,0,0
20230628T101631.A_Curius.B_VC.SCP_01,51,A2,0.16809172781139298,-0.19664422035920295,-0.36473594817059596,0.6337799367972539,1,-1,1,1,1
20230628T101631.A_Curius.B_VC.SCP_01,52,A2,-0.5643600470417808,-1.0,-0.4356399529582192,0.13023351473746267,-1,-1,0,1,1
20230628T101631.A_Curius.B_VC.SCP_01,53,A2,-1.0,0.06866298148675996,1.0686629814867599,0.18904100762446874,-1,1,1,1,0
20230628T101631.A_Curius.B_VC.SCP_01,54,A2,0.04985343810631709,0.10344421243214294,0.05359077432582585,0.4460835256830139,1,1,0,0,1
20230628T101631.A_Curius.B_VC.SCP_01,55,A2,-0.10068396059260423,-0.055304745232322754,0.04537921536028148,0.004359355036595869,-1,-1,0,1,1
20230628T101631.A_Curius.B_VC.SCP_01,56,A2,-1.0,0.538384290189768,1.538384290189768,-0.05037675267124691,-1,1,1,1,0
20230628T101631.A_Curius.B_VC.SCP_01,57,A2,0.14405370862042846,-0.3168312059581592,-0.4608849145785877,0.11912293566924201,1,-1,1,0,0
20230628T101631.A_Curius.B_VC.SCP_01,58,A2,-0.26135253320196644,-0.28171620803567055,-0.020363674833704104,0.30849843242487934,-1,-1,0,0,0
20230628T101631.A_Curius.B_VC.SCP_01,59,A2,0.023882852522744167,0.3888046201657447,0.3649217676430005,0.19081650426596716,1,1,0,1,1
20230628T101631.A_Curius.B_VC.SCP_01,60,A2,1.0,0.9008028332444762,-0.09919716675552381,-0.09990546904034936,1,1,0,1,1
20230628T101631.A_Curius.B_VC.SCP_01,61,A2,0.39308342752448794,0.5890675241432018,0.1959840966187139,0.36525511549154915,1,1,0,1,1
20230628T101631.A_Curius.B_VC.SCP_01,62,A2,0.06848745927248201,-0.31266576581080036,-0.38115322508328237,0.8159116293482019,1,-1,1,1,1
20230628T101631.A_Curius.B_VC.SCP_01,63,A2,0.20089562865772648,-0.24403767232446752,-0.44493330098219397,0.5858279044320398,1,-1,1,1,1
20230628T101631.A_Curius.B_VC.SCP_01,64,A2,-0.4695635957314996,-0.4027990970486051,0.06676449868289447,0.5216599309671002,-1,-1,0,1,1
20230628T101631.A_Curius.B_VC.SCP_01,65,A3,1.0,1.0,0.0,0.1482014823379764,1,1,0,1,1
20230628T101631.A_Curius.B_VC.SCP_01,66,A3,-0.16682531871918405,-0.2879589857711571,-0.12113366705197304,0.4707942222163389,-1,-1,0,1,1
20230628T101631.A_Curius.B_VC.SCP_01,68,A3,-0.09934601991401755,0.22821004047844928,0.3275560603924668,0.7892093830055479,-1,1,1,1,1
20230628T101631.A_Curius.B_VC.SCP_01,69,A3,-0.4541109886479761,-1.0,-0.5458890113520238,0.5939373084639171,-1,-1,0,1,1
20230628T101631.A_Curius.B_VC.SCP_01,70,A3,0.5405667091491806,-0.21664402292170148,-0.7572107320708821,0.549913527143645,1,-1,1,1,1
20230628T101631.A_Curius.B_VC.SCP_01,71,A3,0.37147680755079643,0.3245854813430138,-0.046891326207782635,0.8535556248685059,1,1,0,1,1
20230628T101631.A_Curius.B_VC.SCP_01,72,A3,0.00028220040196374747,0.020209438186174305,0.019927237784210558,0.03872519158801419,1,1,0,0,0
20230628T101631.A_Curius.B_VC.SCP_01,73,A3,-0.019452633677880547,-0.05475820728213404,-0.035305573604253494,0.09361585178630974,-1,-1,0,1,0
20230628T101631.A_Curius.B_VC.SCP_01,74,A3,0.15044756460111813,-0.018420779570728643,-0.16886834417184676,0.28352554831407145,1,-1,1,1,1
20230628T101631.A_Curius.B_VC.SCP_01,75,A3,-0.22259989671787508,1.0,1.222599896717875,0.024819633502643476,-1,1,1,0,0
20230628T101631.A_Curius.B_VC.SCP_01,76,A3,1.0,0.13316429520578085,-0.8668357047942191,0.22166117421344902,1,1,0,1,1
20230628T101631.A_Curius.B_VC.SCP_01,77,A3,1.0,1.0,0.0,0.45058209832648427,1,1,0,0,1
20230628T101631.A_Curius.B_VC.SCP_01,78,A3,-0.7211062598352588,0.022500860916866726,0.7436071207521255,0.3817195203821961,-1,1,1,1,1
20230628T101631.A_Curius.B_VC.SCP_01,79,A3,1.0,0.21471197641697273,-0.7852880235830273,0.35557802774352837,1,1,0,1,1
20230628T101631.A_Curius.B_VC.SCP_01,80,A3,-0.05016597507539124,-0.07887396209857936,-0.028707987023188115,0.3979451643946771,-1,-1,0,1,1
20230628T101631.A_Curius.B_VC.SCP_01,81,A3,-0.13354220369936076,0.051010533602670875,0.18455273730203164,0.2732267760000603,-1,1,1,1,0
20230628T101631.A_Curius.B_VC.SCP_01,82,A3,0.6725545243290635,1.0,0.3274454756709365,0.7195370467444514,1,1,0,1,1
20230628T101631.A_Curius.B_VC.SCP_01,83,A3,0.03760037056662124,-0.09525380982763398,-0.13285418039425523,0.011934487222956947,1,-1,1,1,1
20230628T101631.A_Curius.B_VC.SCP_01,84,A3,0.2519363962631071,-0.11676643466267014,-0.36870283092577727,0.22218505449077605,1,-1,1,1,1
20230628T101631.A_Curius.B_VC.SCP_01,85,A3,0.18409921016413028,0.6604278579968693,0.47632864783273904,-0.4275851963611698,1,1,0,1,1
20230628T101631.A_Curius.B_VC.SCP_01,86,A3,0.5930093339301699,0.23599013501852403,-0.3570191989116458,-0.02125697081576559,1,1,0,1,1
20230628T101631.A_Curius.B_VC.SCP_01,87,A3,0.6996385288434558,0.3013006131539492,-0.3983379156895066,0.49177771100403805,1,1,0,1,1
20230628T101631.A_Curius.B_VC.SCP_01,88,A3,-0.15924528158739557,0.213537869194036,0.37278315078143154,0.311218147473259,-1,1,1,0,0
20230628T101631.A_Curius.B_VC.SCP_01,89,A3,-0.019101109191396185,-0.010933308135023663,0.008167801056372522,0.028207885676481474,-1,-1,0,0,0
20230628T101631.A_Curius.B_VC.SCP_01,91,A3,0.08843886081539004,0.6529742409251751,0.564535380109785,-0.3697118923679356,1,1,0,0,0
20230628T101631.A_Curius.B_VC.SCP_01,93,A3,1.0,0.315704737312972,-0.684295262687028,0.05941133321549717,1,1,0,1,1
20230628T101631.A_Curius.B_VC.SCP_01,94,A3,0.06124709558934048,0.032675884079228,-0.02857121151011248,0.4059270331563775,1,1,0,1,0
20230628T101631.A_Curius.B_VC.SCP_01,95,A3,0.3337894526297256,0.5605398746863913,0.22675042205666573,0.8294201930625723,1,1,0,1,1
20230628T101631.A_Curius.B_VC.SCP_01,96,A3,-0.012792159333029957,-0.006437098526587352,0.006355060806442605,0.2049562824861795,-1,-1,0,1,0
20230628T101631.A_Curius.B_VC.SCP_01,97,A4,-0.49964199654773983,-0.3442131439126675,0.15542885263507233,0.08889566066062551,-1,-1,0,1,0
20230628T101631.A_Curius.B_VC.SCP_01,98,A4,0.1556797107710559,0.037183183862084836,-0.11849652690897108,0.3550099718476204,1,1,0,1,1
20230628T101631.A_Curius.B_VC.SCP_01,100,A4,0.08962854526173628,0.06771868177291888,-0.02190986348881739,-0.25012866173808246,1,1,0,0,0
20230628T101631.A_Curius.B_VC.SCP_01,101,A4,-0.031953487413302756,-0.07711394481923269,-0.04516045740592993,-0.06841909643531657,-1,-1,0,0,0
20230628T101631.A_Curius.B_VC.SCP_01,102,A4,0.23576108784778407,-0.05688795480432631,-0.2926490426521104,-0.30316874052271325,1,-1,1,0,0
20230628T101631.A_Curius.B_VC.SCP_01,103,A4,-0.08809774058175227,-0.7312794975298921,-0.6431817569481398,-0.2988962241742766,-1,-1,0,0,0
20230628T101631.A_Curius.B_VC.SCP_01,104,A4,0.043315050546611236,-0.15247969081799825,-0.1957947413646095,-0.19518435287735275,1,-1,1,0,0
20230628T101631.A_Curius.B_VC.SCP_01,105,A4,-0.037420488201214006,-0.1099872617904707,-0.0725667735892567,0.24024423510892312,-1,-1,0,0,1
20230628T101631.A_Curius.B_VC.SCP_01,106,A4,1.0,-0.6426826340176217,-1.6426826340176217,-0.1123371666884889,1,-1,1,0,0
20230628T101631.A_Curius.B_VC.SCP_01,107,A4,0.4771386094793789,-0.39692158636295505,-0.874060195842334,-0.27719030669996686,1,-1,1,0,0
20230628T101631.A_Curius.B_VC.SCP_01,108,A4,-0.3255748175688703,-0.20098132036782845,0.12459349720104185,-0.014027165976300302,-1,-1,0,0,0
20230628T101631.A_Curius.B_VC.SCP_01,109,A4,-0.05288244022287407,0.5356843662491078,0.5885668064719818,-0.316436870639507,-1,1,1,0,0
20230628T101631.A_Curius.B_VC.SCP_01,110,A4,-1.0,-1.0,0.0,0.2135318783491141,-1,-1,0,0,0
20230628T101631.A_Curius.B_VC.SCP_01,111,A4,0.05382668048819884,-1.0,-1.0538266804881988,0.002457757758347977,1,-1,1,0,0
20230628T101631.A_Curius.B_VC.SCP_01,112,A4,-0.14315475225553037,-0.042605215095975674,0.1005495371595547,-0.12303581668885367,-1,-1,0,0,0
20230628T101631.A_Curius.B_VC.SCP_01,114,A4,-0.015632631099655826,0.04874734180025081,0.06437997289990663,-0.07265657204194814,-1,1,1,0,0
20230628T101631.A_Curius.B_VC.SCP_01,115,A4,-0.06922122064795455,0.007063086485202676,0.07628430713315723,-0.15183235153285957,-1,1,1,0,0
20230628T101631.A_Curius.B_VC.SCP_01,116,A4,-0.1755936944549571,0.02335603907974412,0.19894973353470122,0.40899808560115153,-1,1,1,0,0
20230628T101631.A_Curius.B_VC.SCP_01,118,A4,-0.12238285904681928,0.11291582353005762,0.23529868257687692,-0.056544140467575506,-1,1,1,0,0
20230628T101631.A_Curius.B_VC.SCP_01,119,A4,-0.0951928409561461,-0.12796215100818958,-0.03276931005204349,0.14948837735253254,-1,-1,0,0,0
20230628T101631.A_Curius.B_VC.SCP_01,120,A4,-0.18613164955450148,-1.0,-0.8138683504454985,0.1164723380420209,-1,-1,0,0,0
20230628T101631.A_Curius.B_VC.SCP_01,121,A4,-0.7314332903900126,-1.0,-0.2685667096099874,0.47136189526401695,-1,-1,0,1,1
20230628T101631.A_Curius.B_VC.SCP_01,122,A4,-0.7204984355510655,-0.9922192752919656,-0.2717208397409001,0.7711484940079166,-1,-1,0,1,1
20230628T101631.A_Curius.B_VC.SCP_01,123,A4,-0.23920138093120322,-0.15507206719214503,0.08412931373905819,0.34345592519428647,-1,-1,0,0,0
20230628T101631.A_Curius.B_VC.SCP_01,125,A4,0.09269960983501073,-0.07137479860884702,-0.16407440844385773,0.05306416390064555,1,-1,1,0,0
20230628T101631.A_Curius.B_VC.SCP_01,126,A4,-1.0,-0.12877234992088446,0.8712276500791155,0.1401639057408313,-1,-1,0,0,0
20230628T101631.A_Curius.B_VC.SCP_01,127,A4,1.0,-1.0,-2.0,0.35148284917546996,1,-1,1,0,0
20230628T101631.A_Curius.B_VC.SCP_01,129,A5,-0.21001322733228522,0.06919343560632196,0.2792066629386072,-0.20000168585659392,-1,1,1,1,0
20230628T101631.A_Curius.B_VC.SCP_01,130,A5,0.8283601146145215,0.7575847721905774,-0.07077534242394412,0.7457628830388389,1,1,0,1,1
20230628T101631.A_Curius.B_VC.SCP_01,132,A5,-0.7004886132385707,-0.2084217311552892,0.49206688208328153,0.1694943034884948,-1,-1,0,0,0
20230628T101631.A_Curius.B_VC.SCP_01,133,A5,0.08254383138481791,-0.5959161884378725,-0.6784600198226904,-0.2741755548202406,1,-1,1,1,1
20230628T101631.A_Curius.B_VC.SCP_01,134,A5,0.09491103205771742,-0.12389940447692797,-0.21881043653464538,0.3721513177620036,1,-1,1,1,1
20230628T101631.A_Curius.B_VC.SCP_01,135,A5,-0.11543941823805612,-0.5109210872554752,-0.3954816690174191,0.29953343562209883,-1,-1,0,1,1
20230628T101631.A_Curius.B_VC.SCP_01,136,A5,0.2040922315867301,0.49806849677007176,0.29397626518334163,0.26579308191323625,1,1,0,1,0
20230628T101631.A_Curius.B_VC.SCP_01,137,A5,-1.0,0.2989464763287782,1.2989464763287781,0.6407125663242513,-1,1,1,1,1
20230628T101631.A_Curius.B_VC.SCP_01,138,A5,-0.7808650823703981,-0.31405057127807506,0.466814511092323,-0.034186500302621665,-1,-1,0,0,0
20230628T101631.A_Curius.B_VC.SCP_01,139,A5,-0.9240422649364295,-1.0,-0.07595773506357051,0.7530564271407185,-1,-1,0,1,1
20230628T101631.A_Curius.B_VC.SCP_01,140,A5,0.038179566228727216,0.4626225703531943,0.4244430041244671,0.6292752538950546,1,1,0,1,1
20230628T101631.A_Curius.B_VC.SCP_01,141,A5,-1.0,-1.0,0.0,0.2800816227132003,-1,-1,0,0,0
20230628T101631.A_Curius.B_VC.SCP_01,142,A5,-0.117089782712696,-0.09594950893287611,0.02114027377981989,0.24848058100098688,-1,-1,0,1,0
20230628T101631.A_Curius.B_VC.SCP_01,143,A5,0.1793707613117151,-0.054282019735080005,-0.2336527810467951,0.13030796507654782,1,-1,1,1,0
20230628T101631.A_Curius.B_VC.SCP_01,144,A5,0.10982826254056623,-0.1689525552794839,-0.27878081782005015,-0.16900193956843676,1,-1,1,0,0
20230628T101631.A_Curius.B_VC.SCP_01,145,A5,-0.5000096324464683,-1.0,-0.49999036755353166,0.05062354242320986,-1,-1,0,1,1
20230628T101631.A_Curius.B_VC.SCP_01,146,A5,-0.657049794080651,-0.15316920669072298,0.503880587389928,0.7086623346734026,-1,-1,0,1,1
20230628T101631.A_Curius.B_VC.SCP_01,147,A5,1.0,-0.34880153859136687,-1.348801538591367,0.817650692380732,1,-1,1,1,1
20230628T101631.A_Curius.B_VC.SCP_01,149,A5,0.7840594129237606,-0.8956718971798245,-1.6797313101035851,0.2167109516175825,1,-1,1,1,1
20230628T101631.A_Curius.B_VC.SCP_01,150,A5,0.06891772997360948,0.014059916148707028,-0.05485781382490246,0.08034904924833293,1,1,0,0,0
20230628T101631.A_Curius.B_VC.SCP_01,151,A5,-0.02556582009744258,0.04493645946436747,0.07050227956181006,-0.0416052245191437,-1,1,1,0,0
20230628T101631.A_Curius.B_VC.SCP_01,152,A5,0.03716702578951112,-0.15443309725442134,-0.19160012304393245,0.1924439285510048,1,-1,1,0,0
20230628T101631.A_Curius.B_VC.SCP_01,153,A5,0.5206509423163687,0.37773349579160975,-0.1429174465247589,0.7934125234589113,1,1,0,1,1
20230628T101631.A_Curius.B_VC.SCP_01,154,A5,0.386297294410218,-1.0,-1.3862972944102179,0.09157699664840684,1,-1,1,1,0
20230628T101631.A_Curius.B_VC.SCP_01,155,A5,-0.2464150040488767,-1.0,-0.7535849959511233,0.2592272785092354,-1,-1,0,0,0
20230628T101631.A_Curius.B_VC.SCP_01,157,A5,-0.17345923707575264,-0.09911175690575476,0.07434748016999788,0.10601658277085672,-1,-1,0,1,1
20230628T101631.A_Curius.B_VC.SCP_01,158,A5,-0.2045375188482089,0.37926520087761934,0.5838027197258282,0.0830671358797859,-1,1,1,0,0
20230628T101631.A_Curius.B_VC.SCP_01,159,A5,0.3377265573922301,-0.1347323637525487,-0.47245892114477883,-0.10783585973630198,1,-1,1,0,0
20230628T101631.A_Curius.B_VC.SCP_01,160,A5,-1.0,-0.9796403296281804,0.020359670371819627,0.05844210321420517,-1,-1,0,0,0
20230629T100435.A_Curius.B_VC.SCP_01,1,A1,-1.0,-0.038582403713482566,0.9614175962865175,-0.11738397027236186,-1,-1,0,1,1
20230629T100435.A_Curius.B_VC.SCP_01,4,A1,0.1805353060145296,-0.05782103253468996,-0.23835633854921956,-0.06573746924168752,1,-1,1,0,0
20230629T100435.A_Curius.B_VC.SCP_01,6,A1,0.020979405121676467,0.03480065339488444,0.013821248273207971,0.02829371218124237,1,1,0,0,0
20230629T100435.A_Curius.B_VC.SCP_01,8,A1,-0.1626414752115305,-0.013185745484725791,0.1494557297268047,-0.17135241815929877,-1,-1,0,1,0
20230629T100435.A_Curius.B_VC.SCP_01,9,A1,0.11058258523440644,-1.0,-1.1105825852344064,0.22927402295530244,1,-1,1,1,1
20230629T100435.A_Curius.B_VC.SCP_01,10,A1,0.15592998297197105,-0.16393563384787888,-0.31986561681984993,0.08227632934416089,1,-1,1,1,1
20230629T100435.A_Curius.B_VC.SCP_01,11,A1,-0.21278671882031924,-0.012678028665898415,0.20010869015442082,0.7281064812354816,-1,-1,0,1,1
20230629T100435.A_Curius.B_VC.SCP_01,12,A1,0.17482903769376615,-0.18837827599473372,-0.3632073136884999,-0.014121914744469504,1,-1,1,1,1
20230629T100435.A_Curius.B_VC.SCP_01,13,A1,-0.017963887517578037,-0.012337029584629745,0.005626857932948292,0.4869289778382679,-1,-1,0,1,1
20230629T100435.A_Curius.B_VC.SCP_01,14,A1,-0.2301712564988072,0.2635555505012603,0.4937268070000675,-0.21711594305557474,-1,1,1,1,0
20230629T100435.A_Curius.B_VC.SCP_01,15,A1,0.32918240700405976,-0.7499440766848942,-1.0791264836889538,-0.1348126545783767,1,-1,1,1,1
20230629T100435.A_Curius.B_VC.SCP_01,17,A1,-0.12192244943064966,0.07602242811292058,0.19794487754357024,0.19335854858362322,-1,1,1,1,1
20230629T100435.A_Curius.B_VC.SCP_01,18,A1,0.14935240906079436,-0.08516436353461862,-0.23451677259541298,0.11141426566115457,1,-1,1,1,1
20230629T100435.A_Curius.B_VC.SCP_01,19,A1,-0.08198069608883182,-0.04850717857339057,0.03347351751544125,-0.03689924621531271,-1,-1,0,1,1
20230629T100435.A_Curius.B_VC.SCP_01,22,A1,-0.5745537289767512,0.12922742373919557,0.7037811527159468,0.4569905775826149,-1,1,1,1,1
20230629T100435.A_Curius.B_VC.SCP_01,23,A1,-0.0055614532647555465,0.020227766154312866,0.025789219419068414,0.24047895175661524,-1,1,1,1,1
20230629T100435.A_Curius.B_VC.SCP_01,24,A1,-0.805917237748725,-0.022362121913922065,0.783555115834803,0.12324990650265741,-1,-1,0,1,1
20230629T100435.A_Curius.B_VC.SCP_01,25,A1,1.0,0.2161784184093974,-0.7838215815906027,-0.00545390889962162,1,1,0,1,1
20230629T100435.A_Curius.B_VC.SCP_01,26,A1,-0.30780821827849697,-0.09570995767845088,0.2120982606000461,0.15708474205640574,-1,-1,0,1,1
20230629T100435.A_Curius.B_VC.SCP_01,27,A1,0.02099469206457013,0.001997650929904399,-0.01899704113466573,0.0958182542955959,1,1,0,1,1
20230629T100435.A_Curius.B_VC.SCP_01,28,A1,0.11043646542035111,-1.0,-1.1104364654203511,-0.1276867349064561,1,-1,1,1,1
20230629T100435.A_Curius.B_VC.SCP_01,29,A1,-0.2711766236044384,0.7179456530158769,0.9891222766203153,0.43950896586153143,-1,1,1,1,1
20230629T100435.A_Curius.B_VC.SCP_01,30,A1,0.20847896506343191,1.0,0.7915210349365681,-0.18378332493481694,1,1,0,1,1
20230629T100435.A_Curius.B_VC.SCP_01,31,A1,0.10931777432481572,-0.04555865762311539,-0.1548764319479311,0.10414470604489286,1,-1,1,1,1
20230629T100435.A_Curius.B_VC.SCP_01,32,A1,0.38628885312212613,0.6797279861126463,0.29343913299052016,0.3625412475875097,1,1,0,1,1
20230629T100435.A_Curius.B_VC.SCP_01,36,A2,0.05707542761664406,-0.11553487218444868,-0.17261029980109274,-0.14363356583533812,1,-1,1,1,0
20230629T100435.A_Curius.B_VC.SCP_01,37,A2,-0.5192198737701823,0.7830494763291421,1.3022693500993245,0.007776318671336537,-1,1,1,0,0
20230629T100435.A_Curius.B_VC.SCP_01,38,A2,-0.019013036567092727,-0.3766770221359508,-0.35766398556885803,-0.0360945776894719,-1,-1,0,0,0
20230629T100435.A_Curius.B_VC.SCP_01,39,A2,-0.2739558114874729,-0.20255046075450742,0.07140535073296547,0.08469675659069202,-1,-1,0,1,1
20230629T100435.A_Curius.B_VC.SCP_01,40,A2,-0.3384676745881346,0.23501147853921275,0.5734791531273473,0.053245294908946195,-1,1,1,0,0
20230629T100435.A_Curius.B_VC.SCP_01,41,A2,0.15363010426526108,0.41118776790835104,0.25755766364308996,0.42586494968487315,1,1,0,1,1
20230629T100435.A_Curius.B_VC.SCP_01,42,A2,0.0712766736685041,-0.05768456843894458,-0.1289612421074487,0.008433435846129997,1,-1,1,0,0
20230629T100435.A_Curius.B_VC.SCP_01,43,A2,-0.01871216704956681,1.0,1.018712167049567,0.09304962234112632,-1,1,1,0,1
20230629T100435.A_Curius.B_VC.SCP_01,44,A2,-1.0,0.18639702200338987,1.18639702200339,0.18564402911248845,-1,1,1,1,1
20230629T100435.A_Curius.B_VC.SCP_01,46,A2,-0.02397243657199808,0.016657778737574423,0.040630215309572504,0.10501613519396706,-1,1,1,0,0
20230629T100435.A_Curius.B_VC.SCP_01,47,A2,-0.27821582064622646,1.0,1.2782158206462264,-0.16233168957507235,-1,1,1,1,1
20230629T100435.A_Curius.B_VC.SCP_01,48,A2,-0.3867106622992401,0.07178194582015758,0.4584926081193977,0.11608493521275709,-1,1,1,0,0
20230629T100435.A_Curius.B_VC.SCP_01,49,A2,-0.04056262049149242,0.018058489787192683,0.0586211102786851,-0.3324081696107955,-1,1,1,0,0
20230629T100435.A_Curius.B_VC.SCP_01,50,A2,-0.00044293775306344945,-0.003643394369824553,-0.0032004566167611035,0.08917726939955485,-1,-1,0,1,1
20230629T100435.A_Curius.B_VC.SCP_01,53,A2,-0.07388357886215688,-0.029226923651202306,0.04465665521095458,0.053506045018605945,-1,-1,0,1,0
20230629T100435.A_Curius.B_VC.SCP_01,54,A2,0.05768918927139072,0.01410303570377026,-0.04358615356762045,-0.07726142743586185,1,1,0,0,0
20230629T100435.A_Curius.B_VC.SCP_01,55,A2,0.3664571195085178,0.35743198170076923,-0.009025137807748551,-0.2130507866138858,1,1,0,1,1
20230629T100435.A_Curius.B_VC.SCP_01,57,A2,0.013426858095527535,0.002203602202833827,-0.011223255892693709,0.15655970031472743,1,1,0,0,0
20230629T100435.A_Curius.B_VC.SCP_01,58,A2,-1.0,0.34352573833811173,1.3435257383381116,-0.007152360616137235,-1,1,1,0,0
20230629T100435.A_Curius.B_VC.SCP_01,59,A2,0.3581147195385851,-0.002754662220064357,-0.36086938175864947,0.004078346083429057,1,-1,1,0,1
20230629T100435.A_Curius.B_VC.SCP_01,60,A2,0.2767121981372332,0.2819594295595174,0.0052472314222842265,0.01277294258566642,1,1,0,1,1
20230629T100435.A_Curius.B_VC.SCP_01,61,A2,0.0011485107891219648,0.02159201892224109,0.020443508133119126,0.47910111785099607,1,1,0,1,1
20230629T100435.A_Curius.B_VC.SCP_01,62,A2,1.0,-1.0,-2.0,0.05655286846915741,1,-1,1,0,1
20230629T100435.A_Curius.B_VC.SCP_01,63,A2,0.4077120575041376,0.49749924505229337,0.08978718754815579,0.6544331892094527,1,1,0,1,1
20230629T100435.A_Curius.B_VC.SCP_01,64,A2,-0.36636514022561917,-0.20664148105852723,0.15972365916709194,0.3120998004808927,-1,-1,0,0,1
20230629T100435.A_Curius.B_VC.SCP_01,67,A3,0.14291093723271933,1.0,0.8570890627672807,0.4183019120987173,1,1,0,1,1
20230629T100435.A_Curius.B_VC.SCP_01,69,A3,0.6161538321916641,-0.7047272166050467,-1.3208810487967106,0.22500985779113586,1,-1,1,1,1
20230629T100435.A_Curius.B_VC.SCP_01,70,A3,0.16968878538347132,-0.3305106331267039,-0.5001994185101752,-0.1868724468709982,1,-1,1,1,1
20230629T100435.A_Curius.B_VC.SCP_01,71,A3,0.08683069007947723,-0.16685785886587592,-0.25368854894535314,0.7561178137732799,1,-1,1,1,1
20230629T100435.A_Curius.B_VC.SCP_01,72,A3,0.8419072706487329,-0.8052065274100799,-1.6471137980588129,0.20864344780760408,1,-1,1,0,0
20230629T100435.A_Curius.B_VC.SCP_01,74,A3,0.07771638615973125,-0.004908147724393934,-0.08262453388412519,0.3315081998715563,1,-1,1,0,0
20230629T100435.A_Curius.B_VC.SCP_01,75,A3,0.008230520935522836,-0.024541208582479768,-0.032771729518002606,-0.24518682032998032,1,-1,1,0,0
20230629T100435.A_Curius.B_VC.SCP_01,76,A3,-0.046248519961921856,0.05982429148144436,0.10607281144336622,0.12343617800215584,-1,1,1,1,1
20230629T100435.A_Curius.B_VC.SCP_01,77,A3,1.0,-0.9299919057461817,-1.9299919057461818,-0.20597026846673164,1,-1,1,0,1
20230629T100435.A_Curius.B_VC.SCP_01,78,A3,-0.10823993390866854,-0.19301473471805153,-0.08477480080938299,0.5324388925353555,-1,-1,0,1,1
20230629T100435.A_Curius.B_VC.SCP_01,80,A3,0.343952528647131,-0.2617873463330974,-0.6057398749802284,0.24602445875646847,1,-1,1,1,1
20230629T100435.A_Curius.B_VC.SCP_01,81,A3,0.013760943508638327,-0.00349180106876611,-0.017252744577404437,0.00670056327704419,1,-1,1,0,1
20230629T100435.A_Curius.B_VC.SCP_01,82,A3,0.38635274286123994,0.8700484964401266,0.48369575357888667,0.44881490679445507,1,1,0,1,1
20230629T100435.A_Curius.B_VC.SCP_01,83,A3,0.08384003261341992,-0.23966806053934805,-0.32350809315276796,-0.13983210903849738,1,-1,1,1,0
20230629T100435.A_Curius.B_VC.SCP_01,84,A3,0.037353134709443736,-0.06279915745554289,-0.10015229216498663,-0.3137895987850186,1,-1,1,0,1
20230629T100435.A_Curius.B_VC.SCP_01,85,A3,0.08213070460692348,-0.17484530249514815,-0.25697600710207164,-0.18278283256592,1,-1,1,1,1
20230629T100435.A_Curius.B_VC.SCP_01,86,A3,0.09137152475806361,0.03181183774910707,-0.05955968700895654,0.18374481591327244,1,1,0,1,1
20230629T100435.A_Curius.B_VC.SCP_01,87,A3,0.2673693698019379,-0.24522067913116288,-0.5125900489331008,0.31149886281019484,1,-1,1,1,1
20230629T100435.A_Curius.B_VC.SCP_01,88,A3,0.8189644028817811,-1.0,-1.818964402881781,-0.17194108463099828,1,-1,1,0,0
20230629T100435.A_Curius.B_VC.SCP_01,90,A3,0.0692935178921642,-0.12438263572942053,-0.19367615362158475,-0.034161482009503176,1,-1,1,0,0
20230629T100435.A_Curius.B_VC.SCP_01,91,A3,0.10029733253624093,-0.079191525738452,-0.17948885827469294,0.10922823264194363,1,-1,1,0,0
20230629T100435.A_Curius.B_VC.SCP_01,93,A3,0.14837297278759232,-0.03181075148920366,-0.18018372427679596,-0.2278007265112132,1,-1,1,0,1
20230629T100435.A_Curius.B_VC.SCP_01,95,A3,0.10282097445557117,0.37877634436790497,0.2759553699123338,0.7211402769140044,1,1,0,1,1
20230629T100435.A_Curius.B_VC.SCP_01,97,A4,0.08106844534286876,-0.026368344288760222,-0.10743678963162899,0.03447938766539703,1,-1,1,0,1
20230629T100435.A_Curius.B_VC.SCP_01,98,A4,-0.044012271093613,0.03281510363138092,0.07682737472499392,-0.2539344082345486,-1,1,1,0,0
20230629T100435.A_Curius.B_VC.SCP_01,100,A4,0.20771318108927078,-0.01973824715241296,-0.22745142824168374,-0.2751589916422933,1,-1,1,0,0
20230629T100435.A_Curius.B_VC.SCP_01,101,A4,0.01442344247316716,-0.03207900407454581,-0.04650244654771297,-0.35049300307137077,1,-1,1,0,0
20230629T100435.A_Curius.B_VC.SCP_01,102,A4,0.055148675566764185,-0.16635134207430513,-0.2215000176410693,0.12099607827967673,1,-1,1,0,1
20230629T100435.A_Curius.B_VC.SCP_01,103,A4,0.37029812509668575,-0.18109061527644235,-0.5513887403731281,0.11810163998466429,1,-1,1,0,0
20230629T100435.A_Curius.B_VC.SCP_01,104,A4,0.10989553772489058,-1.0,-1.1098955377248907,0.023205422011431245,1,-1,1,0,0
20230629T100435.A_Curius.B_VC.SCP_01,106,A4,0.09028759082725488,-0.0045254052550422206,-0.0948129960822971,-0.07341042597554806,1,-1,1,0,0
20230629T100435.A_Curius.B_VC.SCP_01,107,A4,0.1158188130105996,-0.055263605051937746,-0.17108241806253735,0.28247151152798994,1,-1,1,0,0
20230629T100435.A_Curius.B_VC.SCP_01,108,A4,0.27875611327937194,-0.08779965793149942,-0.36655577121087135,0.16653865166823312,1,-1,1,0,0
20230629T100435.A_Curius.B_VC.SCP_01,109,A4,-1.0,-0.5120094667445473,0.4879905332554527,0.14625867942173787,-1,-1,0,0,0
20230629T100435.A_Curius.B_VC.SCP_01,110,A4,1.0,0.5041412870336838,-0.49585871296631623,0.08460819586401537,1,1,0,0,0
20230629T100435.A_Curius.B_VC.SCP_01,111,A4,0.05510450367923839,-0.054906427515950276,-0.11001093119518866,-0.12883668956968786,1,-1,1,0,0
20230629T100435.A_Curius.B_VC.SCP_01,112,A4,1.0,-1.0,-2.0,0.1256307949232746,1,-1,1,0,0
20230629T100435.A_Curius.B_VC.SCP_01,114,A4,-0.18727139139864843,0.010261828183329233,0.19753321958197767,-0.02026368122308184,-1,1,1,0,0
20230629T100435.A_Curius.B_VC.SCP_01,115,A4,0.13401637231777752,-0.09818689682895332,-0.23220326914673084,0.24027006058172423,1,-1,1,0,0
20230629T100435.A_Curius.B_VC.SCP_01,116,A4,-0.02609016892324114,0.009105293061513914,0.03519546198475505,-0.07677382150940831,-1,1,1,0,0
20230629T100435.A_Curius.B_VC.SCP_01,118,A4,0.13009217287793354,-0.08181177957133424,-0.2119039524492678,0.12358261573896334,1,-1,1,0,0
20230629T100435.A_Curius.B_VC.SCP_01,119,A4,0.41543802137964514,-1.0,-1.4154380213796451,-0.2662535234258039,1,-1,1,0,0
20230629T100435.A_Curius.B_VC.SCP_01,120,A4,0.07280682057148949,-0.033790095409753536,-0.10659691598124302,0.02686366783523728,1,-1,1,0,0
20230629T100435.A_Curius.B_VC.SCP_01,121,A4,-0.3208136321650483,-0.25574605447103116,0.06506757769401716,0.11393929592109209,-1,-1,0,1,1
20230629T100435.A_Curius.B_VC.SCP_01,122,A4,-0.4212758772695611,-0.6124194619960603,-0.19114358472649923,0.303156306663646,-1,-1,0,1,1
20230629T100435.A_Curius.B_VC.SCP_01,123,A4,-0.006159256140273658,0.0908317151233381,0.09699097126361175,0.24837845286806506,-1,1,1,0,0
20230629T100435.A_Curius.B_VC.SCP_01,124,A4,-1.0,-0.08076269778978729,0.9192373022102127,-0.3352109825610848,-1,-1,0,0,0
20230629T100435.A_Curius.B_VC.SCP_01,125,A4,0.014321765023507993,-0.07454772691473228,-0.08886949193824027,-0.1815868138891752,1,-1,1,0,0
20230629T100435.A_Curius.B_VC.SCP_01,126,A4,0.00036518805022957355,-0.1482570480959896,-0.1486222361462192,0.2606588876329469,1,-1,1,0,0
20230629T100435.A_Curius.B_VC.SCP_01,127,A4,-0.12150001558583737,0.0091177216211366,0.13061773720697398,0.17166561253348234,-1,1,1,0,0
20230629T100435.A_Curius.B_VC.SCP_01,128,A4,-0.01249379229231872,-0.018895439720560247,-0.006401647428241527,0.1570914850096137,-1,-1,0,0,0
20230629T100435.A_Curius.B_VC.SCP_01,129,A5,-1.0,0.4304273573966151,1.430427357396615,0.24282067515686687,-1,1,1,0,0
20230629T100435.A_Curius.B_VC.SCP_01,130,A5,-0.02221991332579236,0.5459805399361031,0.5682004532618954,0.7886053362562977,-1,1,1,1,1
20230629T100435.A_Curius.B_VC.SCP_01,133,A5,-0.04883439823015432,-0.067376132227136,-0.018541733996981676,0.05085648032843195,-1,-1,0,0,0
20230629T100435.A_Curius.B_VC.SCP_01,134,A5,-0.016583276097313773,-0.05895308038635745,-0.042369804289043675,0.038537577426012215,-1,-1,0,0,0
20230629T100435.A_Curius.B_VC.SCP_01,135,A5,-0.28612186813985535,-0.32557939173737377,-0.03945752359751842,0.16502170405245503,-1,-1,0,1,1
20230629T100435.A_Curius.B_VC.SCP_01,136,A5,0.0725176326319413,0.023641169816622072,-0.04887646281531923,0.19288307588542453,1,1,0,0,0
20230629T100435.A_Curius.B_VC.SCP_01,137,A5,0.12047707575380631,-0.25062895027231924,-0.3711060260261255,0.7824524927880414,1,-1,1,1,1
20230629T100435.A_Curius.B_VC.SCP_01,138,A5,0.5754577484445561,-0.34206750164923055,-0.9175252500937867,0.009651518380008205,1,-1,1,0,0
20230629T100435.A_Curius.B_VC.SCP_01,141,A5,-1.0,-0.0839111677182673,0.9160888322817327,0.212257232408261,-1,-1,0,0,0
20230629T100435.A_Curius.B_VC.SCP_01,142,A5,0.014425321791350722,0.020313755982314625,0.005888434190963902,0.21612785323344919,1,1,0,0,0
20230629T100435.A_Curius.B_VC.SCP_01,143,A5,-1.0,1.0,2.0,0.04652041400018644,-1,1,1,0,0
20230629T100435.A_Curius.B_VC.SCP_01,144,A5,-0.0810953703995983,0.037320571571334886,0.11841594197093319,-0.12269716398094191,-1,1,1,0,0
20230629T100435.A_Curius.B_VC.SCP_01,145,A5,0.1279133385102492,-0.39958993532881815,-0.5275032738390674,0.27445386189688664,1,-1,1,1,1
20230629T100435.A_Curius.B_VC.SCP_01,146,A5,-0.0685300011999838,-0.2573417772212477,-0.18881177602126387,0.26614926504888686,-1,-1,0,1,0
20230629T100435.A_Curius.B_VC.SCP_01,147,A5,0.7180554664350058,-0.2631998790461689,-0.9812553454811748,0.6931802972428196,1,-1,1,1,1
20230629T100435.A_Curius.B_VC.SCP_01,149,A5,-0.084863686512407,0.007284576926499905,0.0921482634389069,-0.02068587205503813,-1,1,1,0,1
20230629T100435.A_Curius.B_VC.SCP_01,150,A5,-0.019161443427410867,-0.006448672326218678,0.01271277110119219,-0.18666058536678046,-1,-1,0,0,0
20230629T100435.A_Curius.B_VC.SCP_01,151,A5,-0.16364278649437763,-0.19293393023715838,-0.029291143742780745,0.05822960714386825,-1,-1,0,0,0
20230629T100435.A_Curius.B_VC.SCP_01,152,A5,-0.029031039186865698,-0.027766011200071605,0.0012650279867940928,0.21099544715285026,-1,-1,0,0,0
20230629T100435.A_Curius.B_VC.SCP_01,153,A5,0.21849916256456137,-0.08351514936347854,-0.3020143119280399,0.4693774122169639,1,-1,1,1,1
20230629T100435.A_Curius.B_VC.SCP_01,156,A5,0.014123284539999805,-0.08188071346805127,-0.09600399800805108,0.049832396592057134,1,-1,1,0,0
20230629T100435.A_Curius.B_VC.SCP_01,157,A5,0.056884276417614316,0.03004660419811442,-0.026837672219499897,0.06856768425842209,1,1,0,0,0
20230629T100435.A_Curius.B_VC.SCP_01,158,A5,0.12395159926673933,-0.46515170896938524,-0.5891033082361246,0.28366759173832423,1,-1,1,0,0
20230629T100435.A_Curius.B_VC.SCP_01,160,A5,-0.008461616103960358,0.04766336373575276,0.05612497983971312,0.13393979533433492,-1,1,1,0,0
20230703T122644.A_Curius.B_MK.SCP_01,1,A1,0.07054190736811863,-0.021042694612893775,-0.09158460198101241,-0.1825378458427207,1,-1,1,1,1
20230703T122644.A_Curius.B_MK.SCP_01,3,A1,0.004966867262289544,0.16181903618615937,0.15685216892386983,-0.05662555818025979,1,1,0,1,1
20230703T122644.A_Curius.B_MK.SCP_01,4,A1,0.1575780975489944,0.015598729450026716,-0.1419793680989677,0.0366250471580991,1,1,0,1,1
20230703T122644.A_Curius.B_MK.SCP_01,6,A1,0.0257423707661399,0.003076612297509031,-0.022665758468630868,0.2991895505180251,1,1,0,1,1
20230703T122644.A_Curius.B_MK.SCP_01,9,A1,0.1899734234503185,0.07977991237471585,-0.11019351107560266,0.09137395245603057,1,1,0,1,1
20230703T122644.A_Curius.B_MK.SCP_01,10,A1,0.12632101956709238,-0.08028352390441913,-0.20660454347151153,0.13053496562881092,1,-1,1,1,1
20230703T122644.A_Curius.B_MK.SCP_01,11,A1,-0.19830046178783908,0.11911510472388857,0.31741556651172764,-0.14078896152239387,-1,1,1,1,1
20230703T122644.A_Curius.B_MK.SCP_01,12,A1,0.9687773523420355,0.6710267682502383,-0.2977505840917972,0.36737316684536026,1,1,0,1,1
20230703T122644.A_Curius.B_MK.SCP_01,13,A1,0.01221855926602762,-0.17545718878310346,-0.18767574804913106,0.3069647662261386,1,-1,1,1,1
20230703T122644.A_Curius.B_MK.SCP_01,14,A1,-0.04344201921631132,-0.056128267428812405,-0.012686248212501083,0.23233811122158782,-1,-1,0,1,1
20230703T122644.A_Curius.B_MK.SCP_01,15,A1,0.35270137863056,0.48650371877592147,0.13380234014536146,0.5547266980294584,1,1,0,1,1
20230703T122644.A_Curius.B_MK.SCP_01,17,A1,0.3149521677652674,0.08885740082479328,-0.22609476694047415,0.3845838096122542,1,1,0,1,1
20230703T122644.A_Curius.B_MK.SCP_01,18,A1,1.0,0.3368982284785354,-0.6631017715214647,-0.01401838094818501,1,1,0,1,1
20230703T122644.A_Curius.B_MK.SCP_01,19,A1,-0.05263597477163894,1.0,1.052635974771639,0.19842291586328276,-1,1,1,1,1
20230703T122644.A_Curius.B_MK.SCP_01,21,A1,0.05721159508175687,-0.0592902436229636,-0.11650183870472047,0.4555100129058516,1,-1,1,1,1
20230703T122644.A_Curius.B_MK.SCP_01,22,A1,-0.47048253157502645,-0.01617983858322459,0.45430269299180187,0.8191561047704077,-1,-1,0,1,1
20230703T122644.A_Curius.B_MK.SCP_01,23,A1,0.004872612969961058,0.003512697345323359,-0.001359915624637699,-0.03229604032931023,1,1,0,1,1
20230703T122644.A_Curius.B_MK.SCP_01,24,A1,-0.04354108122424006,-0.03001020703806868,0.013530874186171379,-0.6173383342692097,-1,-1,0,1,1
20230703T122644.A_Curius.B_MK.SCP_01,26,A1,-0.2007836237716353,0.03316425590969622,0.23394787968133152,-0.1456110130601021,-1,1,1,1,1
20230703T122644.A_Curius.B_MK.SCP_01,27,A1,0.40600682944752026,0.4399803462697573,0.03397351682223704,-0.18172773704475798,1,1,0,1,1
20230703T122644.A_Curius.B_MK.SCP_01,28,A1,-0.00370086247411756,-0.04949654154569663,-0.045795679071579075,-0.0019568709317255195,-1,-1,0,1,1
20230703T122644.A_Curius.B_MK.SCP_01,29,A1,0.029743308687521796,0.11865610814849356,0.08891279946097176,0.31083529023474,1,1,0,1,1
20230703T122644.A_Curius.B_MK.SCP_01,30,A1,0.7317690017660519,1.0,0.26823099823394814,-0.05918425496705805,1,1,0,1,1
20230703T122644.A_Curius.B_MK.SCP_01,31,A1,-0.005139968638935663,-0.0858092071632876,-0.08066923852435194,0.03024748144116776,-1,-1,0,1,1
20230703T122644.A_Curius.B_MK.SCP_01,32,A1,0.27341546299676617,0.3295627538899167,0.056147290893150514,0.6075692777731831,1,1,0,1,1
20230703T122644.A_Curius.B_MK.SCP_01,33,A2,0.029596090698005142,0.29521474382548496,0.26561865312747984,0.2577729763147486,1,1,0,1,0
20230703T122644.A_Curius.B_MK.SCP_01,34,A2,0.1123054362411502,-0.04156400135894897,-0.1538694376000992,0.1398669349769963,1,-1,1,0,0
20230703T122644.A_Curius.B_MK.SCP_01,35,A2,-1.0,0.04063440348860027,1.0406344034886004,0.012007579674928335,-1,1,1,0,0
20230703T122644.A_Curius.B_MK.SCP_01,36,A2,0.20171849159716876,1.0,0.7982815084028312,-0.18332066372596328,1,1,0,0,0
20230703T122644.A_Curius.B_MK.SCP_01,37,A2,-0.18415557090357454,0.059499390481276684,0.2436549613848512,-0.17784741649651914,-1,1,1,0,0
20230703T122644.A_Curius.B_MK.SCP_01,39,A2,-0.32157588279635146,-0.37098659040596166,-0.049410707609610194,-0.09229336528310518,-1,-1,0,1,1
20230703T122644.A_Curius.B_MK.SCP_01,40,A2,0.041780080908828496,-0.13188057092688965,-0.17366065183571816,0.10019922959518963,1,-1,1,0,0
20230703T122644.A_Curius.B_MK.SCP_01,41,A2,0.23494304556533196,-0.21651863441160465,-0.45146167997693665,0.5829233117996651,1,-1,1,1,1
20230703T122644.A_Curius.B_MK.SCP_01,42,A2,0.196982362133355,0.6541119879226314,0.4571296257892764,0.028629064285759627,1,1,0,1,0
20230703T122644.A_Curius.B_MK.SCP_01,43,A2,-0.09533339967930304,0.3871183153721641,0.48245171505146717,-0.06473493854100672,-1,1,1,1,1
20230703T122644.A_Curius.B_MK.SCP_01,44,A2,0.043711883799736805,0.013126167725386778,-0.030585716074350025,0.4700936591357465,1,1,0,1,1
20230703T122644.A_Curius.B_MK.SCP_01,45,A2,0.04877476835348544,-0.6490836027223079,-0.6978583710757934,0.13695435932570518,1,-1,1,1,1
20230703T122644.A_Curius.B_MK.SCP_01,46,A2,-1.0,-0.12008905073223658,0.8799109492677635,0.08812095891338659,-1,-1,0,0,0
20230703T122644.A_Curius.B_MK.SCP_01,47,A2,-0.5271434879889485,0.5086957411634023,1.0358392291523508,-0.05735238831630628,-1,1,1,1,1
20230703T122644.A_Curius.B_MK.SCP_01,49,A2,0.05315319985316002,0.018731871430334692,-0.03442132842282533,0.16195615578198874,1,1,0,0,0
20230703T122644.A_Curius.B_MK.SCP_01,50,A2,-0.06508678897412443,-0.29019076458628296,-0.22510397561215853,-0.18590981762292313,-1,-1,0,1,0
20230703T122644.A_Curius.B_MK.SCP_01,51,A2,-0.010825075208928525,0.07433832976266057,0.0851634049715891,0.18838672550480134,-1,1,1,0,0
20230703T122644.A_Curius.B_MK.SCP_01,52,A2,-0.17877108465890001,0.0021783196464104644,0.18094940430531048,-0.32225244654462065,-1,1,1,1,1
20230703T122644.A_Curius.B_MK.SCP_01,53,A2,0.02961079733569089,-0.008082452487269558,-0.03769324982296045,-0.10304358640388551,1,-1,1,0,0
20230703T122644.A_Curius.B_MK.SCP_01,55,A2,-0.20078080391432113,-0.11187193556027814,0.08890886835404299,-0.1474856876737915,-1,-1,0,1,1
20230703T122644.A_Curius.B_MK.SCP_01,57,A2,-0.08181971790959984,-0.22296472285533003,-0.14114500494573018,-0.1764561911369533,-1,-1,0,0,0
20230703T122644.A_Curius.B_MK.SCP_01,58,A2,-0.20565343851942822,-0.1604529330774374,0.04520050544199081,0.20244490046956992,-1,-1,0,0,0
20230703T122644.A_Curius.B_MK.SCP_01,59,A2,0.13135757006761378,-0.06373576066885603,-0.1950933307364698,0.07737503817675691,1,-1,1,1,1
20230703T122644.A_Curius.B_MK.SCP_01,60,A2,1.0,0.7165013772802373,-0.28349862271976267,0.11252350055541875,1,1,0,1,1
20230703T122644.A_Curius.B_MK.SCP_01,62,A2,0.12262507418257691,-0.6245391022352806,-0.7471641764178576,0.36067375405767516,1,-1,1,1,1
20230703T122644.A_Curius.B_MK.SCP_01,63,A2,0.1975786220449816,0.09094910501263032,-0.1066295170323513,0.4144586860736808,1,1,0,1,1
20230703T122644.A_Curius.B_MK.SCP_01,64,A2,-0.1350206346358426,-1.0,-0.8649793653641574,0.1725808396219036,-1,-1,0,1,1
20230703T122644.A_Curius.B_MK.SCP_01,65,A3,1.0,1.0,0.0,0.352413237847681,1,1,0,1,1
20230703T122644.A_Curius.B_MK.SCP_01,66,A3,-0.015424187480122371,-0.024546564810853783,-0.009122377330731412,0.5738591214625037,-1,-1,0,1,1
20230703T122644.A_Curius.B_MK.SCP_01,68,A3,0.20234314054726324,1.0,0.7976568594527368,0.6242154028151016,1,1,0,1,1
20230703T122644.A_Curius.B_MK.SCP_01,69,A3,-0.5484559662260143,-0.3231231521962772,0.22533281402973715,0.41110744561341933,-1,-1,0,1,1
20230703T122644.A_Curius.B_MK.SCP_01,70,A3,0.8311073495208581,0.22962270176166272,-0.6014846477591953,0.5883846006827613,1,1,0,1,1
20230703T122644.A_Curius.B_MK.SCP_01,72,A3,0.14743919001371372,-0.002630302744980379,-0.1500694927586941,-0.1415821767572592,1,-1,1,0,1
20230703T122644.A_Curius.B_MK.SCP_01,73,A3,0.3956535856306033,0.048268877058804345,-0.347384708571799,-0.06181300038261566,1,1,0,1,0
20230703T122644.A_Curius.B_MK.SCP_01,74,A3,1.0,0.8322582910244359,-0.16774170897556406,-0.1293691226492401,1,1,0,0,0
20230703T122644.A_Curius.B_MK.SCP_01,75,A3,0.14640867986230202,0.5956576185147979,0.44924893865249593,0.18764475248450407,1,1,0,1,1
20230703T122644.A_Curius.B_MK.SCP_01,76,A3,0.22672624187741489,0.19732192587030695,-0.02940431600710794,0.3142372110262389,1,1,0,1,1
20230703T122644.A_Curius.B_MK.SCP_01,77,A3,0.12504457793671003,0.16567026849186933,0.0406256905551593,0.13037188279181647,1,1,0,1,1
20230703T122644.A_Curius.B_MK.SCP_01,78,A3,-1.0,0.6385554790906304,1.6385554790906305,-0.06233870499632906,-1,1,1,1,1
20230703T122644.A_Curius.B_MK.SCP_01,79,A3,0.14171895861440684,0.04544624005125109,-0.09627271856315575,-0.04873944466987561,1,1,0,1,1
20230703T122644.A_Curius.B_MK.SCP_01,80,A3,0.15090891759514033,-0.2811262524633503,-0.4320351700584907,0.5952587622788112,1,-1,1,1,1
20230703T122644.A_Curius.B_MK.SCP_01,81,A3,1.0,0.9613293941557826,-0.03867060584421744,0.144928230076235,1,1,0,1,1
20230703T122644.A_Curius.B_MK.SCP_01,82,A3,0.5413325650958087,1.0,0.45866743490419126,0.7929699107336192,1,1,0,1,1
20230703T122644.A_Curius.B_MK.SCP_01,84,A3,0.07830401404702249,0.03388117505030565,-0.04442283899671684,0.06400357685974253,1,1,0,1,1
20230703T122644.A_Curius.B_MK.SCP_01,85,A3,0.21158349357100442,1.0,0.7884165064289956,-0.1835442124807239,1,1,0,1,1
20230703T122644.A_Curius.B_MK.SCP_01,86,A3,0.00044310139403490675,-6.697511182490334e-05,-0.0005100765058598101,0.37348895249217756,1,-1,1,1,1
20230703T122644.A_Curius.B_MK.SCP_01,87,A3,0.4712991116006695,1.0,0.5287008883993305,0.5580213024437042,1,1,0,1,1
20230703T122644.A_Curius.B_MK.SCP_01,88,A3,0.11859770711138486,0.13619458305113472,0.01759687593974986,0.18687934794676242,1,1,0,0,0
20230703T122644.A_Curius.B_MK.SCP_01,89,A3,-0.010139737391832987,0.006451069460266266,0.016590806852099252,0.09042462066587632,-1,1,1,0,1
20230703T122644.A_Curius.B_MK.SCP_01,90,A3,-0.08991163195607255,-0.048302230408139024,0.04160940154793352,0.03455610515241978,-1,-1,0,0,0
20230703T122644.A_Curius.B_MK.SCP_01,91,A3,0.26443103347724345,-1.0,-1.2644310334772435,-0.13820783641643894,1,-1,1,0,0
20230703T122644.A_Curius.B_MK.SCP_01,93,A3,0.12294591832361165,0.007288962878107311,-0.11565695544550435,-0.1589351660044464,1,1,0,1,1
20230703T122644.A_Curius.B_MK.SCP_01,94,A3,0.7857847596218889,0.6163333048164105,-0.1694514548054784,0.24814415777718576,1,1,0,1,0
20230703T122644.A_Curius.B_MK.SCP_01,95,A3,0.04754218151125909,1.0,0.9524578184887409,0.42799808643759263,1,1,0,1,1
20230703T122644.A_Curius.B_MK.SCP_01,97,A4,0.19543530511550972,-0.0973209863689482,-0.2927562914844579,-0.15733984465634254,1,-1,1,1,1
20230703T122644.A_Curius.B_MK.SCP_01,98,A4,0.11108783095707027,-0.42823010089000574,-0.539317931847076,0.24498654275558082,1,-1,1,1,1
20230703T122644.A_Curius.B_MK.SCP_01,99,A4,-0.0735999445282797,-0.5061051063698704,-0.4325051618415907,-0.24758788522569958,-1,-1,0,0,0
20230703T122644.A_Curius.B_MK.SCP_01,100,A4,-0.2768565294989958,-0.10287367925886487,0.17398285024013094,-0.16439606085899355,-1,-1,0,0,0
20230703T122644.A_Curius.B_MK.SCP_01,101,A4,-0.08091769957546245,0.003975503572345791,0.08489320314780824,-0.10355063045634015,-1,1,1,0,0
20230703T122644.A_Curius.B_MK.SCP_01,102,A4,0.011325804900506624,-0.4765864408475172,-0.48791224574802383,0.13798794108124535,1,-1,1,0,0
20230703T122644.A_Curius.B_MK.SCP_01,103,A4,0.4563251778823553,-0.21936804957616754,-0.6756932274585229,0.059108963309661415,1,-1,1,0,0
20230703T122644.A_Curius.B_MK.SCP_01,104,A4,-0.4180198083278552,-0.6529599704429734,-0.2349401621151182,-0.02628030803248847,-1,-1,0,0,0
20230703T122644.A_Curius.B_MK.SCP_01,105,A4,-0.14267081935649345,-0.07169465395170055,0.0709761654047929,0.041580061445091514,-1,-1,0,1,0
20230703T122644.A_Curius.B_MK.SCP_01,106,A4,-0.5969917583042162,0.7146423930017335,1.3116341513059497,0.2502812817840157,-1,1,1,0,0
20230703T122644.A_Curius.B_MK.SCP_01,107,A4,0.05784595503881602,-0.053596892361953585,-0.1114428474007696,0.13916970575684762,1,-1,1,0,0
20230703T122644.A_Curius.B_MK.SCP_01,108,A4,0.04330070951723891,-0.027335916260878265,-0.07063662577811718,-0.05064082615228821,1,-1,1,0,1
20230703T122644.A_Curius.B_MK.SCP_01,109,A4,1.0,-0.44532168774913167,-1.4453216877491317,0.20660383513072766,1,-1,1,0,0
20230703T122644.A_Curius.B_MK.SCP_01,110,A4,0.029920609466007872,0.041577288686811834,0.011656679220803962,0.12725149289258172,1,1,0,0,0
20230703T122644.A_Curius.B_MK.SCP_01,111,A4,0.25019680385129883,0.07053490349031034,-0.1796619003609885,0.004265341490512081,1,1,0,0,0
20230703T122644.A_Curius.B_MK.SCP_01,112,A4,0.08394230884738385,-0.056042515258353076,-0.13998482410573693,-0.10517456022944074,1,-1,1,0,0
20230703T122644.A_Curius.B_MK.SCP_01,114,A4,-0.045333245120431555,-0.011046980498048618,0.034286264622382934,-0.11375293432620119,-1,-1,0,0,0
20230703T122644.A_Curius.B_MK.SCP_01,116,A4,0.025508678080780285,-0.026934647940387663,-0.05244332602116795,0.1866886895225386,1,-1,1,0,0
20230703T122644.A_Curius.B_MK.SCP_01,117,A4,-0.12212739010584588,0.009149000171407462,0.13127639027725335,-0.02631942550263015,-1,1,1,0,0
20230703T122644.A_Curius.B_MK.SCP_01,118,A4,-0.006500858854222145,-0.12223635795057564,-0.11573549909635349,0.3043306496306826,-1,-1,0,0,0
20230703T122644.A_Curius.B_MK.SCP_01,119,A4,-0.1815301103486224,-0.4636973377300505,-0.2821672273814281,0.07051812600352374,-1,-1,0,0,0
20230703T122644.A_Curius.B_MK.SCP_01,121,A4,-0.38889637154968965,-0.7657839647937745,-0.3768875932440849,0.5813528712232121,-1,-1,0,1,1
20230703T122644.A_Curius.B_MK.SCP_01,122,A4,-0.6391900215784562,-0.7754882788572918,-0.1362982572788356,0.6407020260654563,-1,-1,0,1,1
20230703T122644.A_Curius.B_MK.SCP_01,123,A4,0.6412065720490272,0.06364144546326851,-0.5775651265857586,0.11599911015037373,1,1,0,0,0
20230703T122644.A_Curius.B_MK.SCP_01,124,A4,0.014444458501852872,-0.2914162713772351,-0.30586072987908797,0.2479608294996091,1,-1,1,0,0
20230703T122644.A_Curius.B_MK.SCP_01,125,A4,0.09424722073300813,-0.07122584336618358,-0.1654730640991917,0.008909473293810552,1,-1,1,0,0
20230703T122644.A_Curius.B_MK.SCP_01,126,A4,-0.9051174790744044,-0.38442139439507017,0.5206960846793343,-0.19012048777087387,-1,-1,0,0,0
20230703T122644.A_Curius.B_MK.SCP_01,127,A4,-0.07180885736356159,-0.1876128667544784,-0.11580400939091683,0.331750288880288,-1,-1,0,0,0
20230703T122644.A_Curius.B_MK.SCP_01,128,A4,-1.0,-0.6639377059800422,0.3360622940199578,-0.061428963967365885,-1,-1,0,0,0
20230703T122644.A_Curius.B_MK.SCP_01,130,A5,0.24226892781209833,-0.06573974434071927,-0.3080086721528176,0.6972034023719791,1,-1,1,1,1
20230703T122644.A_Curius.B_MK.SCP_01,132,A5,0.09945232217839423,-1.0,-1.0994523221783943,0.2577190740573338,1,-1,1,1,0
20230703T122644.A_Curius.B_MK.SCP_01,133,A5,1.0,0.45372142162625995,-0.54627857837374,-0.08877020848855964,1,1,0,0,1
20230703T122644.A_Curius.B_MK.SCP_01,134,A5,-1.0,-0.11571337983176802,0.884286620168232,0.12801528096976708,-1,-1,0,1,0
20230703T122644.A_Curius.B_MK.SCP_01,135,A5,-0.07324627170649198,1.0,1.073246271706492,-0.13127897668247482,-1,1,1,1,0
20230703T122644.A_Curius.B_MK.SCP_01,136,A5,-0.306635478431088,-0.49743241408305044,-0.19079693565196243,0.04698342409471352,-1,-1,0,1,1
20230703T122644.A_Curius.B_MK.SCP_01,137,A5,-0.1770551323317553,-0.20787769717486018,-0.030822564843104888,0.7181021244514331,-1,-1,0,1,1
20230703T122644.A_Curius.B_MK.SCP_01,138,A5,-0.5695627381440752,-0.08329196111381017,0.48627077703026506,0.5214522376400847,-1,-1,0,1,1
20230703T122644.A_Curius.B_MK.SCP_01,139,A5,-0.841300167482371,-1.0,-0.15869983251762898,0.784300340421965,-1,-1,0,1,1
20230703T122644.A_Curius.B_MK.SCP_01,140,A5,-0.03396249766545607,-0.0016550268524729013,0.03230747081298317,0.6663019818649843,-1,-1,0,1,1
20230703T122644.A_Curius.B_MK.SCP_01,141,A5,0.31416629142461966,-0.05400394206918557,-0.36817023349380523,0.32816280821648114,1,-1,1,0,1
20230703T122644.A_Curius.B_MK.SCP_01,142,A5,-0.30625311282320455,-1.0,-0.6937468871767954,0.631219859593713,-1,-1,0,1,1
20230703T122644.A_Curius.B_MK.SCP_01,143,A5,0.10070728103825155,-0.047278446141576176,-0.14798572717982772,-0.23972914497589287,1,-1,1,1,0
20230703T122644.A_Curius.B_MK.SCP_01,144,A5,0.025480615899898435,-0.017044637802335744,-0.04252525370223418,0.05438466492413823,1,-1,1,0,0
20230703T122644.A_Curius.B_MK.SCP_01,145,A5,-0.11203960352964175,-0.018735134623153665,0.09330446890648808,0.04589102457893376,-1,-1,0,1,1
20230703T122644.A_Curius.B_MK.SCP_01,146,A5,-0.6015308150343042,-0.3304946152824249,0.27103619975187926,0.6858437327239715,-1,-1,0,1,1
20230703T122644.A_Curius.B_MK.SCP_01,147,A5,0.01296620847790566,-1.0,-1.0129662084779056,0.8070361593670654,1,-1,1,1,1
20230703T122644.A_Curius.B_MK.SCP_01,149,A5,0.35716033444138146,0.04555132312038646,-0.311609011320995,0.08993781228257823,1,1,0,1,0
20230703T122644.A_Curius.B_MK.SCP_01,150,A5,0.18956625051934883,-0.03351020761779487,-0.22307645813714372,-0.16919426945078672,1,-1,1,0,0
20230703T122644.A_Curius.B_MK.SCP_01,151,A5,-0.0011537369926394767,-0.008836835603656121,-0.007683098611016645,0.053656319648300345,-1,-1,0,0,0
20230703T122644.A_Curius.B_MK.SCP_01,152,A5,0.4306330881980571,1.0,0.5693669118019429,-0.13537064915754107,1,1,0,0,0
20230703T122644.A_Curius.B_MK.SCP_01,153,A5,0.2316285484068164,0.10960356661436346,-0.12202498179245294,0.8774079417193092,1,1,0,1,1
20230703T122644.A_Curius.B_MK.SCP_01,154,A5,1.0,0.016920087132524443,-0.9830799128674755,0.31492694102793406,1,1,0,0,0
20230703T122644.A_Curius.B_MK.SCP_01,155,A5,0.645981412115837,1.0,0.35401858788416296,-0.048573925687909525,1,1,0,0,0
20230703T122644.A_Curius.B_MK.SCP_01,156,A5,1.0,0.5012465769027059,-0.4987534230972941,0.040264235237491015,1,1,0,0,0
20230703T122644.A_Curius.B_MK.SCP_01,157,A5,-0.17195750355087586,-0.05334585498871751,0.11861164856215835,-0.05451549176448502,-1,-1,0,1,0
20230703T122644.A_Curius.B_MK.SCP_01,158,A5,0.5169477653124538,-0.22140761676252538,-0.7383553820749792,-0.3034027161249946,1,-1,1,0,0
20230703T122644.A_Curius.B_MK.SCP_01,159,A5,0.20139885966275392,0.47274539447423974,0.27134653481148585,0.14300381779456808,1,1,0,0,0
20230703T122644.A_Curius.B_MK.SCP_01,160,A5,-0.1429641439744965,-0.047325988328323444,0.09563815564617306,-0.34361202510146854,-1,-1,0,0,0
