session_i,session_j,gap_days,channel,array_name,waveform_r,abs_delta_si,sign_match
20210204T131620,20210205T151709,1.0839,1,A1,0.277132,1.610589,0
20210204T131620,20210205T151709,1.0839,2,A1,0.454659,0.121635,1
20210204T131620,20210205T151709,1.0839,3,A1,0.077802,0.310817,1
20210204T131620,20210205T151709,1.0839,4,A1,0.228325,0.182274,1
20210204T131620,20210205T151709,1.0839,5,A1,-0.004686,0.096856,1
20210204T131620,20210205T151709,1.0839,6,A1,0.525172,0.443515,0
20210204T131620,20210205T151709,1.0839,7,A1,0.222224,0.032284,1
20210204T131620,20210205T151709,1.0839,8,A1,-0.113574,0.344212,0
20210204T131620,20210205T151709,1.0839,9,A1,-0.097634,0.859662,1
20210204T131620,20210205T151709,1.0839,10,A1,0.334786,0.234037,0
20210204T131620,20210205T151709,1.0839,11,A1,-0.188093,0.041205,0
20210204T131620,20210205T151709,1.0839,12,A1,0.344742,0.029776,1
20210204T131620,20210205T151709,1.0839,13,A1,0.312229,0.257960,1
20210204T131620,20210205T151709,1.0839,14,A1,0.046326,0.031016,1
20210204T131620,20210205T151709,1.0839,15,A1,0.391422,0.443107,1
20210204T131620,20210205T151709,1.0839,16,A1,0.496249,0.503800,0
20210204T131620,20210205T151709,1.0839,17,A1,0.174984,0.148024,1
20210204T131620,20210205T151709,1.0839,20,A1,0.942918,0.018173,1
20210204T131620,20210205T151709,1.0839,21,A1,-0.011553,0.484026,1
20210204T131620,20210205T151709,1.0839,24,A1,0.798292,0.290643,1
20210204T131620,20210205T151709,1.0839,26,A1,0.918873,0.000000,1
20210204T131620,20210205T151709,1.0839,27,A1,0.233802,0.028348,1
20210204T131620,20210205T151709,1.0839,28,A1,0.955020,0.000000,1
20210204T131620,20210205T151709,1.0839,29,A1,0.517642,0.086369,1
20210204T131620,20210205T151709,1.0839,31,A1,0.189411,1.049756,0
20210204T131620,20210205T151709,1.0839,32,A1,0.437589,0.197513,0
20210204T131620,20210205T151709,1.0839,35,A2,0.345369,0.109603,1
20210204T131620,20210205T151709,1.0839,37,A2,0.133047,0.059077,1
20210204T131620,20210205T151709,1.0839,41,A2,0.408035,0.193423,1
20210204T131620,20210205T151709,1.0839,53,A2,0.182552,0.025108,1
20210204T131620,20210205T151709,1.0839,55,A2,0.933819,0.008997,1
20210204T131620,20210205T151709,1.0839,57,A2,0.351487,0.435080,1
20210204T131620,20210205T151709,1.0839,59,A2,0.349905,0.143193,1
20210204T131620,20210205T151709,1.0839,62,A2,-0.039554,0.009001,1
20210204T131620,20210205T151709,1.0839,64,A2,0.385437,0.074660,0
20210204T131620,20210205T151709,1.0839,65,A3,0.120349,1.073840,0
20210204T131620,20210205T151709,1.0839,66,A3,0.934849,0.397925,1
20210204T131620,20210205T151709,1.0839,67,A3,0.318102,0.407028,1
20210204T131620,20210205T151709,1.0839,69,A3,0.517375,0.810566,0
20210204T131620,20210205T151709,1.0839,71,A3,0.847457,0.931755,1
20210204T131620,20210205T151709,1.0839,73,A3,-0.051008,0.312406,0
20210204T131620,20210205T151709,1.0839,77,A3,0.828275,0.072753,1
20210204T131620,20210205T151709,1.0839,89,A3,0.840516,0.164005,1
20210204T131620,20210205T151709,1.0839,93,A3,0.639907,0.071467,1
20210204T131620,20210205T151709,1.0839,95,A3,0.805631,0.282668,1
20210204T131620,20210205T151709,1.0839,97,A4,0.801524,0.005760,1
20210204T131620,20210205T151709,1.0839,98,A4,0.710556,0.003013,1
20210204T131620,20210205T151709,1.0839,99,A4,0.450291,0.067526,1
20210204T131620,20210205T151709,1.0839,100,A4,0.814951,0.166998,1
20210204T131620,20210205T151709,1.0839,101,A4,0.556522,0.008357,1
20210204T131620,20210205T151709,1.0839,102,A4,0.917365,0.079842,1
20210204T131620,20210205T151709,1.0839,103,A4,0.888153,0.070451,1
20210204T131620,20210205T151709,1.0839,104,A4,0.885674,0.102975,1
20210204T131620,20210205T151709,1.0839,107,A4,0.756809,0.089268,1
20210204T131620,20210205T151709,1.0839,113,A4,0.952981,0.003111,1
20210204T131620,20210205T151709,1.0839,114,A4,0.845810,0.207983,1
20210204T131620,20210205T151709,1.0839,115,A4,0.913547,0.054690,1
20210204T131620,20210205T151709,1.0839,116,A4,0.795727,0.075152,1
20210204T131620,20210205T151709,1.0839,117,A4,0.877019,0.198811,1
20210204T131620,20210205T151709,1.0839,118,A4,0.731505,0.000499,1
20210204T131620,20210205T151709,1.0839,119,A4,0.584020,0.243120,1
20210204T131620,20210205T151709,1.0839,120,A4,0.966041,0.046120,1
20210204T131620,20210205T151709,1.0839,121,A4,0.495370,0.023011,1
20210204T131620,20210205T151709,1.0839,122,A4,0.880083,0.052909,1
20210204T131620,20210205T151709,1.0839,123,A4,0.882750,0.060452,1
20210204T131620,20210205T151709,1.0839,124,A4,0.766807,0.152365,1
20210204T131620,20210205T151709,1.0839,125,A4,0.761231,0.005193,1
20210204T131620,20210205T151709,1.0839,126,A4,0.874243,0.038208,1
20210204T131620,20210205T151709,1.0839,127,A4,0.894636,0.070545,1
20210204T131620,20210205T151709,1.0839,128,A4,0.702046,0.026726,1
20210204T131620,20210205T151709,1.0839,129,A5,0.314057,0.461162,0
20210204T131620,20210205T151709,1.0839,130,A5,0.483413,0.244238,1
20210204T131620,20210205T151709,1.0839,131,A5,0.423936,0.605169,0
20210204T131620,20210205T151709,1.0839,132,A5,0.725134,0.000000,1
20210204T131620,20210205T151709,1.0839,133,A5,-0.050998,0.883718,0
20210204T131620,20210205T151709,1.0839,134,A5,0.436654,0.197989,1
20210204T131620,20210205T151709,1.0839,135,A5,0.788637,0.491348,1
20210204T131620,20210205T151709,1.0839,136,A5,0.762027,0.211464,1
20210204T131620,20210205T151709,1.0839,137,A5,0.420533,0.240583,1
20210204T131620,20210205T151709,1.0839,143,A5,0.372977,0.000000,1
20210204T131620,20210205T151709,1.0839,145,A5,0.382608,0.209278,0
20210204T131620,20210205T151709,1.0839,146,A5,0.314395,0.157782,1
20210204T131620,20210205T151709,1.0839,147,A5,0.409495,0.292973,1
20210204T131620,20210205T151709,1.0839,149,A5,0.096389,0.452756,1
20210204T131620,20210205T151709,1.0839,150,A5,0.459088,0.065632,1
20210204T131620,20210205T151709,1.0839,151,A5,0.210204,0.146024,1
20210204T131620,20210205T151709,1.0839,152,A5,0.773370,0.089365,1
20210204T131620,20210205T151709,1.0839,153,A5,0.653516,0.042586,1
20210204T131620,20210205T151709,1.0839,154,A5,0.421262,0.347339,0
20210204T131620,20210205T151709,1.0839,158,A5,-0.093427,0.774413,0
20210204T131620,20210205T151709,1.0839,159,A5,0.141945,0.299242,1
20210204T131620,20210205T151709,1.0839,160,A5,-0.005748,0.471398,0
20210204T131620,20210211T163501,7.1380,1,A1,-0.020154,1.120010,0
20210204T131620,20210211T163501,7.1380,2,A1,-0.382551,0.168522,1
20210204T131620,20210211T163501,7.1380,3,A1,0.007907,0.073266,1
20210204T131620,20210211T163501,7.1380,4,A1,0.447645,0.179081,0
20210204T131620,20210211T163501,7.1380,5,A1,0.093311,0.747949,0
20210204T131620,20210211T163501,7.1380,6,A1,0.620706,0.262550,1
20210204T131620,20210211T163501,7.1380,7,A1,0.035002,0.092731,1
20210204T131620,20210211T163501,7.1380,8,A1,-0.011986,0.746999,0
20210204T131620,20210211T163501,7.1380,9,A1,-0.138199,0.002095,1
20210204T131620,20210211T163501,7.1380,10,A1,0.471315,0.155360,1
20210204T131620,20210211T163501,7.1380,11,A1,-0.015477,0.091468,0
20210204T131620,20210211T163501,7.1380,12,A1,0.283726,0.159670,1
20210204T131620,20210211T163501,7.1380,13,A1,0.621931,0.130826,0
20210204T131620,20210211T163501,7.1380,14,A1,0.159148,0.581546,0
20210204T131620,20210211T163501,7.1380,15,A1,0.186660,0.526321,1
20210204T131620,20210211T163501,7.1380,16,A1,0.632641,0.266439,1
20210204T131620,20210211T163501,7.1380,17,A1,-0.067057,0.668187,0
20210204T131620,20210211T163501,7.1380,20,A1,0.867598,0.237159,1
20210204T131620,20210211T163501,7.1380,21,A1,0.155191,0.106574,1
20210204T131620,20210211T163501,7.1380,24,A1,0.832487,0.177713,1
20210204T131620,20210211T163501,7.1380,26,A1,0.919943,0.000000,1
20210204T131620,20210211T163501,7.1380,27,A1,0.248915,0.173718,0
20210204T131620,20210211T163501,7.1380,28,A1,0.824119,0.000000,1
20210204T131620,20210211T163501,7.1380,29,A1,0.106722,1.570724,0
20210204T131620,20210211T163501,7.1380,31,A1,-0.089822,1.551333,0
20210204T131620,20210211T163501,7.1380,32,A1,-0.241670,0.172288,0
20210204T131620,20210211T163501,7.1380,35,A2,-0.268316,0.185392,1
20210204T131620,20210211T163501,7.1380,37,A2,-0.070288,0.139763,1
20210204T131620,20210211T163501,7.1380,41,A2,0.486834,1.016951,0
20210204T131620,20210211T163501,7.1380,53,A2,0.289855,0.037890,1
20210204T131620,20210211T163501,7.1380,55,A2,0.888175,0.102880,1
20210204T131620,20210211T163501,7.1380,57,A2,0.527172,0.508552,1
20210204T131620,20210211T163501,7.1380,59,A2,0.346409,0.107394,1
20210204T131620,20210211T163501,7.1380,62,A2,-0.221327,1.309676,0
20210204T131620,20210211T163501,7.1380,64,A2,0.244954,0.024826,1
20210204T131620,20210211T163501,7.1380,65,A3,0.226643,1.239578,0
20210204T131620,20210211T163501,7.1380,66,A3,0.885940,0.403157,1
20210204T131620,20210211T163501,7.1380,67,A3,-0.090517,1.616294,0
20210204T131620,20210211T163501,7.1380,69,A3,-0.327527,0.153913,1
20210204T131620,20210211T163501,7.1380,71,A3,0.593708,0.553494,1
20210204T131620,20210211T163501,7.1380,73,A3,0.159287,0.339023,0
20210204T131620,20210211T163501,7.1380,77,A3,0.182259,1.138009,0
20210204T131620,20210211T163501,7.1380,89,A3,0.383490,1.695993,0
20210204T131620,20210211T163501,7.1380,93,A3,0.059472,0.343070,1
20210204T131620,20210211T163501,7.1380,95,A3,0.269995,1.310202,0
20210204T131620,20210211T163501,7.1380,97,A4,0.815913,0.129532,1
20210204T131620,20210211T163501,7.1380,98,A4,0.531532,0.320368,1
20210204T131620,20210211T163501,7.1380,99,A4,0.697691,0.183760,0
20210204T131620,20210211T163501,7.1380,100,A4,0.561264,0.608167,1
20210204T131620,20210211T163501,7.1380,101,A4,0.668307,0.631713,1
20210204T131620,20210211T163501,7.1380,102,A4,0.837754,0.124904,1
20210204T131620,20210211T163501,7.1380,103,A4,0.697843,0.114244,1
20210204T131620,20210211T163501,7.1380,104,A4,0.873600,0.088857,1
20210204T131620,20210211T163501,7.1380,107,A4,0.574191,0.059290,1
20210204T131620,20210211T163501,7.1380,113,A4,0.558415,0.048616,1
20210204T131620,20210211T163501,7.1380,114,A4,-0.102763,0.153152,0
20210204T131620,20210211T163501,7.1380,115,A4,0.597247,0.065664,1
20210204T131620,20210211T163501,7.1380,116,A4,0.832609,0.086768,1
20210204T131620,20210211T163501,7.1380,117,A4,0.886212,0.614205,1
20210204T131620,20210211T163501,7.1380,118,A4,0.803448,0.047996,1
20210204T131620,20210211T163501,7.1380,119,A4,0.570639,1.291651,0
20210204T131620,20210211T163501,7.1380,120,A4,0.892196,0.004088,1
20210204T131620,20210211T163501,7.1380,121,A4,-0.156128,0.128719,0
20210204T131620,20210211T163501,7.1380,122,A4,0.436315,0.307504,0
20210204T131620,20210211T163501,7.1380,123,A4,-0.367981,0.193032,1
20210204T131620,20210211T163501,7.1380,124,A4,0.438776,0.349761,1
20210204T131620,20210211T163501,7.1380,125,A4,0.668361,0.051996,1
20210204T131620,20210211T163501,7.1380,126,A4,0.844275,0.058204,1
20210204T131620,20210211T163501,7.1380,127,A4,0.800778,0.096320,1
20210204T131620,20210211T163501,7.1380,128,A4,0.640997,0.010365,1
20210204T131620,20210211T163501,7.1380,129,A5,0.451368,0.833194,1
20210204T131620,20210211T163501,7.1380,130,A5,-0.206589,0.551008,0
20210204T131620,20210211T163501,7.1380,131,A5,-0.327794,0.210784,0
20210204T131620,20210211T163501,7.1380,132,A5,0.679792,0.000000,1
20210204T131620,20210211T163501,7.1380,133,A5,0.122089,1.085264,0
20210204T131620,20210211T163501,7.1380,134,A5,0.431544,0.453330,1
20210204T131620,20210211T163501,7.1380,135,A5,0.783705,0.139604,1
20210204T131620,20210211T163501,7.1380,136,A5,0.499810,0.022886,1
20210204T131620,20210211T163501,7.1380,137,A5,0.449372,0.061260,1
20210204T131620,20210211T163501,7.1380,143,A5,0.044250,2.000000,0
20210204T131620,20210211T163501,7.1380,145,A5,-0.409425,0.276583,1
20210204T131620,20210211T163501,7.1380,146,A5,0.472667,0.287524,1
20210204T131620,20210211T163501,7.1380,147,A5,0.373628,0.102044,1
20210204T131620,20210211T163501,7.1380,149,A5,0.029235,0.939304,0
20210204T131620,20210211T163501,7.1380,150,A5,0.094842,0.068601,1
20210204T131620,20210211T163501,7.1380,151,A5,0.031670,0.049571,1
20210204T131620,20210211T163501,7.1380,152,A5,0.469947,0.241513,1
20210204T131620,20210211T163501,7.1380,153,A5,0.548572,0.537602,1
20210204T131620,20210211T163501,7.1380,154,A5,0.365993,0.197133,1
20210204T131620,20210211T163501,7.1380,158,A5,0.133962,1.303456,0
20210204T131620,20210211T163501,7.1380,159,A5,0.215568,0.109070,1
20210204T131620,20210211T163501,7.1380,160,A5,0.196687,0.437333,0
20210204T131620,20210212T153711,8.0978,1,A1,-0.056096,0.386898,1
20210204T131620,20210212T153711,8.0978,2,A1,-0.076353,0.044465,1
20210204T131620,20210212T153711,8.0978,3,A1,0.333448,0.092358,1
20210204T131620,20210212T153711,8.0978,4,A1,-0.001931,0.098465,1
20210204T131620,20210212T153711,8.0978,5,A1,0.190230,0.412957,0
20210204T131620,20210212T153711,8.0978,6,A1,0.146555,0.786548,0
20210204T131620,20210212T153711,8.0978,7,A1,0.174715,0.282503,0
20210204T131620,20210212T153711,8.0978,8,A1,0.286360,1.161004,0
20210204T131620,20210212T153711,8.0978,9,A1,0.136120,0.344745,1
20210204T131620,20210212T153711,8.0978,10,A1,0.089799,0.757773,1
20210204T131620,20210212T153711,8.0978,11,A1,0.144573,0.229228,0
20210204T131620,20210212T153711,8.0978,12,A1,0.490949,0.032242,1
20210204T131620,20210212T153711,8.0978,13,A1,0.384264,0.086964,1
20210204T131620,20210212T153711,8.0978,14,A1,0.334765,0.296582,0
20210204T131620,20210212T153711,8.0978,15,A1,0.044662,0.519706,1
20210204T131620,20210212T153711,8.0978,16,A1,0.550686,0.469967,0
20210204T131620,20210212T153711,8.0978,17,A1,-0.068248,0.559489,0
20210204T131620,20210212T153711,8.0978,20,A1,0.816384,0.218058,1
20210204T131620,20210212T153711,8.0978,21,A1,0.005926,0.169274,1
20210204T131620,20210212T153711,8.0978,24,A1,0.858668,0.185896,1
20210204T131620,20210212T153711,8.0978,26,A1,0.861104,0.000000,1
20210204T131620,20210212T153711,8.0978,27,A1,0.230635,0.083168,1
20210204T131620,20210212T153711,8.0978,28,A1,0.745112,0.000000,1
20210204T131620,20210212T153711,8.0978,29,A1,-0.196963,1.570724,0
20210204T131620,20210212T153711,8.0978,31,A1,0.080499,0.356981,1
20210204T131620,20210212T153711,8.0978,32,A1,0.405276,0.158480,1
20210204T131620,20210212T153711,8.0978,35,A2,0.189048,0.290205,1
20210204T131620,20210212T153711,8.0978,37,A2,-0.124429,0.773472,1
20210204T131620,20210212T153711,8.0978,41,A2,0.215169,0.300652,1
20210204T131620,20210212T153711,8.0978,53,A2,0.006658,0.187794,1
20210204T131620,20210212T153711,8.0978,55,A2,0.917567,0.099761,1
20210204T131620,20210212T153711,8.0978,57,A2,0.535704,0.525271,1
20210204T131620,20210212T153711,8.0978,59,A2,0.030817,0.143193,1
20210204T131620,20210212T153711,8.0978,62,A2,0.079326,0.690324,1
20210204T131620,20210212T153711,8.0978,64,A2,-0.059924,1.028242,0
20210204T131620,20210212T153711,8.0978,65,A3,-0.123673,1.239578,0
20210204T131620,20210212T153711,8.0978,66,A3,0.553180,0.403157,1
20210204T131620,20210212T153711,8.0978,67,A3,-0.006262,0.188107,1
20210204T131620,20210212T153711,8.0978,69,A3,-0.152865,1.076823,0
20210204T131620,20210212T153711,8.0978,71,A3,0.497664,0.240953,1
20210204T131620,20210212T153711,8.0978,73,A3,0.069255,1.151507,0
20210204T131620,20210212T153711,8.0978,77,A3,0.013493,0.861991,1
20210204T131620,20210212T153711,8.0978,89,A3,-0.235654,0.349208,1
20210204T131620,20210212T153711,8.0978,93,A3,0.108574,0.258159,1
20210204T131620,20210212T153711,8.0978,95,A3,-0.058148,0.655678,0
20210204T131620,20210212T153711,8.0978,97,A4,0.783263,0.016140,1
20210204T131620,20210212T153711,8.0978,98,A4,0.526503,0.262568,1
20210204T131620,20210212T153711,8.0978,99,A4,0.486084,0.109761,1
20210204T131620,20210212T153711,8.0978,100,A4,0.757668,0.165816,1
20210204T131620,20210212T153711,8.0978,101,A4,0.694782,0.037167,1
20210204T131620,20210212T153711,8.0978,102,A4,0.786890,0.171685,1
20210204T131620,20210212T153711,8.0978,103,A4,0.741775,0.019677,1
20210204T131620,20210212T153711,8.0978,104,A4,0.875676,0.138884,1
20210204T131620,20210212T153711,8.0978,107,A4,0.669371,0.021302,1
20210204T131620,20210212T153711,8.0978,113,A4,0.657139,0.209903,1
20210204T131620,20210212T153711,8.0978,114,A4,-0.006861,0.271301,0
20210204T131620,20210212T153711,8.0978,115,A4,0.578448,0.207685,1
20210204T131620,20210212T153711,8.0978,116,A4,0.611847,0.022192,1
20210204T131620,20210212T153711,8.0978,117,A4,0.926264,0.076408,1
20210204T131620,20210212T153711,8.0978,118,A4,0.725698,0.125050,1
20210204T131620,20210212T153711,8.0978,119,A4,0.534755,0.220513,1
20210204T131620,20210212T153711,8.0978,120,A4,0.898092,0.085307,1
20210204T131620,20210212T153711,8.0978,121,A4,-0.285185,0.364796,0
20210204T131620,20210212T153711,8.0978,122,A4,0.058466,0.278746,0
20210204T131620,20210212T153711,8.0978,123,A4,-0.476803,0.187292,1
20210204T131620,20210212T153711,8.0978,124,A4,0.340945,0.290160,1
20210204T131620,20210212T153711,8.0978,125,A4,0.770217,0.050822,1
20210204T131620,20210212T153711,8.0978,126,A4,0.869154,0.096296,1
20210204T131620,20210212T153711,8.0978,127,A4,0.810456,0.057428,1
20210204T131620,20210212T153711,8.0978,128,A4,0.725706,0.027571,1
20210204T131620,20210212T153711,8.0978,129,A5,0.595606,0.833194,1
20210204T131620,20210212T153711,8.0978,130,A5,0.066436,0.583771,0
20210204T131620,20210212T153711,8.0978,131,A5,-0.038260,0.213863,0
20210204T131620,20210212T153711,8.0978,132,A5,0.645843,0.000000,1
20210204T131620,20210212T153711,8.0978,133,A5,0.036896,0.307139,0
20210204T131620,20210212T153711,8.0978,134,A5,0.258233,0.846164,1
20210204T131620,20210212T153711,8.0978,135,A5,0.601759,0.165439,1
20210204T131620,20210212T153711,8.0978,136,A5,0.705514,0.084244,1
20210204T131620,20210212T153711,8.0978,137,A5,0.086396,0.399087,1
20210204T131620,20210212T153711,8.0978,143,A5,-0.126159,0.774207,1
20210204T131620,20210212T153711,8.0978,145,A5,-0.319667,0.304359,1
20210204T131620,20210212T153711,8.0978,146,A5,0.563582,0.167099,1
20210204T131620,20210212T153711,8.0978,147,A5,0.259231,0.171513,1
20210204T131620,20210212T153711,8.0978,149,A5,-0.089895,0.385293,1
20210204T131620,20210212T153711,8.0978,150,A5,0.052449,0.127295,1
20210204T131620,20210212T153711,8.0978,151,A5,-0.127711,0.232021,0
20210204T131620,20210212T153711,8.0978,152,A5,0.319575,0.098936,1
20210204T131620,20210212T153711,8.0978,153,A5,0.613880,0.810138,1
20210204T131620,20210212T153711,8.0978,154,A5,0.343579,0.902774,1
20210204T131620,20210212T153711,8.0978,158,A5,0.151136,0.548785,1
20210204T131620,20210212T153711,8.0978,159,A5,0.184660,0.601159,1
20210204T131620,20210212T153711,8.0978,160,A5,0.199363,0.583688,0
20210204T131620,20210218T131636,14.0002,1,A1,-0.134302,0.754948,0
20210204T131620,20210218T131636,14.0002,2,A1,-0.386747,0.843909,0
20210204T131620,20210218T131636,14.0002,3,A1,0.357530,0.910351,0
20210204T131620,20210218T131636,14.0002,4,A1,0.078129,0.161074,1
20210204T131620,20210218T131636,14.0002,5,A1,-0.076264,1.312909,0
20210204T131620,20210218T131636,14.0002,6,A1,0.211961,0.141206,1
20210204T131620,20210218T131636,14.0002,7,A1,-0.034700,0.647749,0
20210204T131620,20210218T131636,14.0002,8,A1,-0.118673,0.011603,1
20210204T131620,20210218T131636,14.0002,9,A1,-0.102205,0.410959,1
20210204T131620,20210218T131636,14.0002,10,A1,0.319505,0.810087,1
20210204T131620,20210218T131636,14.0002,11,A1,0.326143,0.980285,1
20210204T131620,20210218T131636,14.0002,12,A1,0.081198,0.187450,1
20210204T131620,20210218T131636,14.0002,13,A1,0.072881,0.192525,0
20210204T131620,20210218T131636,14.0002,14,A1,0.021878,0.225570,0
20210204T131620,20210218T131636,14.0002,15,A1,-0.110488,1.116381,0
20210204T131620,20210218T131636,14.0002,16,A1,0.396505,0.010858,1
20210204T131620,20210218T131636,14.0002,17,A1,0.044571,0.379635,1
20210204T131620,20210218T131636,14.0002,20,A1,0.874939,0.184846,1
20210204T131620,20210218T131636,14.0002,21,A1,-0.218843,0.015108,1
20210204T131620,20210218T131636,14.0002,24,A1,0.680563,0.288711,1
20210204T131620,20210218T131636,14.0002,26,A1,0.894115,0.000000,1
20210204T131620,20210218T131636,14.0002,27,A1,0.383562,1.078913,0
20210204T131620,20210218T131636,14.0002,28,A1,0.854825,0.000000,1
20210204T131620,20210218T131636,14.0002,29,A1,-0.075510,1.570724,0
20210204T131620,20210218T131636,14.0002,31,A1,0.251946,1.266118,0
20210204T131620,20210218T131636,14.0002,32,A1,0.453394,1.165936,0
20210204T131620,20210218T131636,14.0002,35,A2,0.150737,0.371346,0
20210204T131620,20210218T131636,14.0002,37,A2,0.106689,0.016282,1
20210204T131620,20210218T131636,14.0002,41,A2,0.237534,0.629007,1
20210204T131620,20210218T131636,14.0002,53,A2,0.242069,1.202079,0
20210204T131620,20210218T131636,14.0002,55,A2,0.932231,0.284430,1
20210204T131620,20210218T131636,14.0002,57,A2,0.108724,0.584275,1
20210204T131620,20210218T131636,14.0002,59,A2,0.198805,0.143193,1
20210204T131620,20210218T131636,14.0002,62,A2,0.074935,0.289647,1
20210204T131620,20210218T131636,14.0002,64,A2,0.170785,0.237857,0
20210204T131620,20210218T131636,14.0002,65,A3,-0.411823,0.074517,1
20210204T131620,20210218T131636,14.0002,66,A3,0.418061,0.242260,1
20210204T131620,20210218T131636,14.0002,67,A3,-0.269350,0.643470,0
20210204T131620,20210218T131636,14.0002,69,A3,-0.286365,0.081548,1
20210204T131620,20210218T131636,14.0002,71,A3,0.292453,1.013843,0
20210204T131620,20210218T131636,14.0002,73,A3,0.019273,1.151507,0
20210204T131620,20210218T131636,14.0002,77,A3,-0.504039,0.300088,1
20210204T131620,20210218T131636,14.0002,89,A3,0.068580,0.685270,1
20210204T131620,20210218T131636,14.0002,93,A3,-0.056384,0.564236,0
20210204T131620,20210218T131636,14.0002,95,A3,0.278568,0.432409,0
20210204T131620,20210218T131636,14.0002,97,A4,0.737121,0.159629,1
20210204T131620,20210218T131636,14.0002,98,A4,0.208789,0.091963,1
20210204T131620,20210218T131636,14.0002,99,A4,0.126307,0.332249,0
20210204T131620,20210218T131636,14.0002,100,A4,-0.015828,0.687763,1
20210204T131620,20210218T131636,14.0002,101,A4,0.343968,0.449968,1
20210204T131620,20210218T131636,14.0002,102,A4,0.599365,0.344437,0
20210204T131620,20210218T131636,14.0002,103,A4,0.784913,0.112505,1
20210204T131620,20210218T131636,14.0002,104,A4,0.819514,0.351193,1
20210204T131620,20210218T131636,14.0002,107,A4,0.216376,0.056761,1
20210204T131620,20210218T131636,14.0002,113,A4,0.767153,0.060956,1
20210204T131620,20210218T131636,14.0002,114,A4,-0.641838,0.331908,0
20210204T131620,20210218T131636,14.0002,115,A4,0.611020,0.085763,1
20210204T131620,20210218T131636,14.0002,116,A4,0.188547,0.221118,0
20210204T131620,20210218T131636,14.0002,117,A4,0.808640,0.034420,1
20210204T131620,20210218T131636,14.0002,118,A4,0.554275,0.132178,1
20210204T131620,20210218T131636,14.0002,119,A4,0.468002,0.729808,0
20210204T131620,20210218T131636,14.0002,120,A4,0.932461,0.173903,1
20210204T131620,20210218T131636,14.0002,121,A4,-0.381383,0.193482,0
20210204T131620,20210218T131636,14.0002,122,A4,-0.404754,0.385908,0
20210204T131620,20210218T131636,14.0002,123,A4,-0.303762,0.258225,1
20210204T131620,20210218T131636,14.0002,124,A4,0.378222,0.396116,1
20210204T131620,20210218T131636,14.0002,125,A4,0.196243,0.197353,1
20210204T131620,20210218T131636,14.0002,126,A4,0.651394,0.167900,1
20210204T131620,20210218T131636,14.0002,127,A4,0.503336,0.183170,0
20210204T131620,20210218T131636,14.0002,128,A4,-0.083779,0.204502,0
20210204T131620,20210218T131636,14.0002,129,A5,0.544722,0.833194,1
20210204T131620,20210218T131636,14.0002,130,A5,-0.159861,0.246526,0
20210204T131620,20210218T131636,14.0002,131,A5,-0.156873,0.163225,0
20210204T131620,20210218T131636,14.0002,132,A5,0.575103,0.000000,1
20210204T131620,20210218T131636,14.0002,133,A5,0.018262,0.373064,0
20210204T131620,20210218T131636,14.0002,134,A5,0.008044,0.754174,1
20210204T131620,20210218T131636,14.0002,135,A5,0.236409,0.331281,1
20210204T131620,20210218T131636,14.0002,136,A5,0.520463,0.151671,1
20210204T131620,20210218T131636,14.0002,137,A5,0.565377,0.448820,1
20210204T131620,20210218T131636,14.0002,143,A5,0.452055,0.144716,1
20210204T131620,20210218T131636,14.0002,145,A5,0.034838,0.119406,0
20210204T131620,20210218T131636,14.0002,146,A5,0.044996,1.108207,0
20210204T131620,20210218T131636,14.0002,147,A5,-0.244053,0.431982,1
20210204T131620,20210218T131636,14.0002,149,A5,-0.048591,1.006874,0
20210204T131620,20210218T131636,14.0002,150,A5,0.027917,0.217659,1
20210204T131620,20210218T131636,14.0002,151,A5,-0.218262,0.005615,1
20210204T131620,20210218T131636,14.0002,152,A5,0.200220,0.313410,1
20210204T131620,20210218T131636,14.0002,153,A5,0.582072,0.154802,1
20210204T131620,20210218T131636,14.0002,154,A5,0.284853,0.079819,1
20210204T131620,20210218T131636,14.0002,158,A5,-0.150285,0.253427,1
20210204T131620,20210218T131636,14.0002,159,A5,-0.034852,0.394733,1
20210204T131620,20210218T131636,14.0002,160,A5,-0.064026,0.666526,1
20210204T131620,20210219T145809,15.0707,1,A1,0.268247,0.666161,0
20210204T131620,20210219T145809,15.0707,2,A1,-0.484919,1.310973,0
20210204T131620,20210219T145809,15.0707,3,A1,-0.257803,0.817864,1
20210204T131620,20210219T145809,15.0707,4,A1,0.182516,0.936585,1
20210204T131620,20210219T145809,15.0707,5,A1,-0.229673,0.405076,0
20210204T131620,20210219T145809,15.0707,6,A1,0.295609,0.188151,1
20210204T131620,20210219T145809,15.0707,7,A1,0.122967,0.249552,0
20210204T131620,20210219T145809,15.0707,8,A1,-0.170351,0.323736,0
20210204T131620,20210219T145809,15.0707,9,A1,-0.227666,0.859662,1
20210204T131620,20210219T145809,15.0707,10,A1,-0.447311,0.527275,1
20210204T131620,20210219T145809,15.0707,11,A1,0.271230,0.980285,1
20210204T131620,20210219T145809,15.0707,12,A1,0.121887,0.268886,1
20210204T131620,20210219T145809,15.0707,13,A1,-0.161077,0.038022,1
20210204T131620,20210219T145809,15.0707,14,A1,0.228704,0.764993,1
20210204T131620,20210219T145809,15.0707,15,A1,-0.049353,0.725139,1
20210204T131620,20210219T145809,15.0707,16,A1,0.038917,0.632900,1
20210204T131620,20210219T145809,15.0707,17,A1,-0.187869,0.746740,0
20210204T131620,20210219T145809,15.0707,20,A1,0.659879,0.258395,1
20210204T131620,20210219T145809,15.0707,21,A1,-0.130410,0.021388,1
20210204T131620,20210219T145809,15.0707,24,A1,0.795855,0.416082,1
20210204T131620,20210219T145809,15.0707,26,A1,0.833381,0.000000,1
20210204T131620,20210219T145809,15.0707,27,A1,0.250063,0.323104,0
20210204T131620,20210219T145809,15.0707,28,A1,0.834792,0.000000,1
20210204T131620,20210219T145809,15.0707,29,A1,0.149083,1.190556,0
20210204T131620,20210219T145809,15.0707,31,A1,-0.153831,0.548599,1
20210204T131620,20210219T145809,15.0707,32,A1,0.429116,0.657594,1
20210204T131620,20210219T145809,15.0707,35,A2,0.371508,0.489575,0
20210204T131620,20210219T145809,15.0707,37,A2,0.024497,0.278599,0
20210204T131620,20210219T145809,15.0707,41,A2,0.144868,1.370993,0
20210204T131620,20210219T145809,15.0707,53,A2,-0.163404,0.827055,0
20210204T131620,20210219T145809,15.0707,55,A2,0.838876,0.262180,1
20210204T131620,20210219T145809,15.0707,57,A2,0.117074,1.105829,0
20210204T131620,20210219T145809,15.0707,59,A2,0.241363,0.226879,1
20210204T131620,20210219T145809,15.0707,62,A2,0.385089,0.280799,1
20210204T131620,20210219T145809,15.0707,64,A2,0.180022,0.101025,0
20210204T131620,20210219T145809,15.0707,65,A3,-0.458607,0.747498,1
20210204T131620,20210219T145809,15.0707,66,A3,0.346688,0.342697,1
20210204T131620,20210219T145809,15.0707,67,A3,0.147775,0.589031,1
20210204T131620,20210219T145809,15.0707,69,A3,-0.386950,0.153891,0
20210204T131620,20210219T145809,15.0707,71,A3,0.058149,1.010618,0
20210204T131620,20210219T145809,15.0707,73,A3,-0.120092,0.710706,0
20210204T131620,20210219T145809,15.0707,77,A3,-0.344822,0.016022,1
20210204T131620,20210219T145809,15.0707,89,A3,-0.251414,0.635129,1
20210204T131620,20210219T145809,15.0707,93,A3,-0.185572,0.449391,1
20210204T131620,20210219T145809,15.0707,95,A3,-0.196266,0.319340,0
20210204T131620,20210219T145809,15.0707,97,A4,0.615136,0.235475,1
20210204T131620,20210219T145809,15.0707,98,A4,0.214279,0.115887,1
20210204T131620,20210219T145809,15.0707,99,A4,-0.145060,0.231215,0
20210204T131620,20210219T145809,15.0707,100,A4,0.203981,0.444714,1
20210204T131620,20210219T145809,15.0707,101,A4,0.470114,0.166147,1
20210204T131620,20210219T145809,15.0707,102,A4,0.256357,0.326912,0
20210204T131620,20210219T145809,15.0707,103,A4,0.415527,0.234666,1
20210204T131620,20210219T145809,15.0707,104,A4,0.435349,0.490849,0
20210204T131620,20210219T145809,15.0707,107,A4,-0.212071,0.057242,1
20210204T131620,20210219T145809,15.0707,113,A4,0.640065,0.024323,1
20210204T131620,20210219T145809,15.0707,114,A4,-0.590770,0.325224,0
20210204T131620,20210219T145809,15.0707,115,A4,0.744643,0.001624,1
20210204T131620,20210219T145809,15.0707,116,A4,0.268788,0.261255,0
20210204T131620,20210219T145809,15.0707,117,A4,0.554342,0.088387,1
20210204T131620,20210219T145809,15.0707,118,A4,0.355848,0.196080,0
20210204T131620,20210219T145809,15.0707,119,A4,0.330584,0.621245,0
20210204T131620,20210219T145809,15.0707,120,A4,0.796276,0.435845,1
20210204T131620,20210219T145809,15.0707,121,A4,-0.392809,0.009920,1
20210204T131620,20210219T145809,15.0707,122,A4,-0.691770,0.527957,0
20210204T131620,20210219T145809,15.0707,123,A4,0.033646,0.274070,1
20210204T131620,20210219T145809,15.0707,124,A4,0.074870,0.432508,0
20210204T131620,20210219T145809,15.0707,125,A4,0.109269,0.229791,1
20210204T131620,20210219T145809,15.0707,126,A4,0.342219,0.248748,0
20210204T131620,20210219T145809,15.0707,127,A4,0.521686,0.307410,0
20210204T131620,20210219T145809,15.0707,128,A4,-0.049465,0.238090,0
20210204T131620,20210219T145809,15.0707,129,A5,0.440945,0.090484,1
20210204T131620,20210219T145809,15.0707,130,A5,-0.047287,0.118619,1
20210204T131620,20210219T145809,15.0707,131,A5,-0.299146,0.515467,0
20210204T131620,20210219T145809,15.0707,132,A5,0.619445,0.249824,1
20210204T131620,20210219T145809,15.0707,133,A5,-0.095040,0.545199,0
20210204T131620,20210219T145809,15.0707,134,A5,0.177438,0.846164,1
20210204T131620,20210219T145809,15.0707,135,A5,0.333940,0.367933,1
20210204T131620,20210219T145809,15.0707,136,A5,0.403929,0.155598,1
20210204T131620,20210219T145809,15.0707,137,A5,0.288945,0.584421,1
20210204T131620,20210219T145809,15.0707,143,A5,0.206049,1.123915,0
20210204T131620,20210219T145809,15.0707,145,A5,-0.137730,0.120674,0
20210204T131620,20210219T145809,15.0707,146,A5,0.104247,0.626614,1
20210204T131620,20210219T145809,15.0707,147,A5,0.181717,0.687830,1
20210204T131620,20210219T145809,15.0707,149,A5,0.143627,0.557073,0
20210204T131620,20210219T145809,15.0707,150,A5,-0.139480,1.223347,0
20210204T131620,20210219T145809,15.0707,151,A5,0.001403,0.132295,1
20210204T131620,20210219T145809,15.0707,152,A5,0.081110,0.407838,1
20210204T131620,20210219T145809,15.0707,153,A5,0.663126,0.018410,1
20210204T131620,20210219T145809,15.0707,154,A5,0.448415,0.018174,1
20210204T131620,20210219T145809,15.0707,158,A5,-0.138427,0.323040,1
20210204T131620,20210219T145809,15.0707,159,A5,-0.443036,1.007499,0
20210204T131620,20210219T145809,15.0707,160,A5,0.217737,0.321242,0
20210204T131620,20210610T132106,126.0033,1,A1,0.071659,0.389411,1
20210204T131620,20210610T132106,126.0033,2,A1,-0.031165,0.004767,1
20210204T131620,20210610T132106,126.0033,3,A1,-0.210342,0.172974,1
20210204T131620,20210610T132106,126.0033,4,A1,0.131500,0.659767,1
20210204T131620,20210610T132106,126.0033,5,A1,-0.121793,0.168359,1
20210204T131620,20210610T132106,126.0033,6,A1,-0.206856,0.204100,1
20210204T131620,20210610T132106,126.0033,7,A1,-0.123897,0.154476,1
20210204T131620,20210610T132106,126.0033,8,A1,-0.286547,0.025012,1
20210204T131620,20210610T132106,126.0033,9,A1,0.057993,1.140338,0
20210204T131620,20210610T132106,126.0033,10,A1,0.187182,0.130913,1
20210204T131620,20210610T132106,126.0033,11,A1,0.195873,0.012857,1
20210204T131620,20210610T132106,126.0033,12,A1,-0.113040,0.228097,0
20210204T131620,20210610T132106,126.0033,13,A1,0.217019,0.188429,0
20210204T131620,20210610T132106,126.0033,14,A1,0.566097,0.002752,1
20210204T131620,20210610T132106,126.0033,15,A1,0.012323,0.603166,1
20210204T131620,20210610T132106,126.0033,16,A1,-0.334800,0.005498,1
20210204T131620,20210610T132106,126.0033,17,A1,0.230355,0.301821,1
20210204T131620,20210610T132106,126.0033,20,A1,0.408093,0.099802,1
20210204T131620,20210610T132106,126.0033,21,A1,0.141138,0.490144,1
20210204T131620,20210610T132106,126.0033,24,A1,-0.355418,1.583918,0
20210204T131620,20210610T132106,126.0033,26,A1,-0.093897,1.055147,0
20210204T131620,20210610T132106,126.0033,27,A1,0.196209,1.029136,0
20210204T131620,20210610T132106,126.0033,28,A1,0.066671,1.169828,0
20210204T131620,20210610T132106,126.0033,29,A1,0.225191,0.442926,1
20210204T131620,20210610T132106,126.0033,31,A1,-0.330601,0.407774,1
20210204T131620,20210610T132106,126.0033,32,A1,-0.250926,1.165936,0
20210204T131620,20210610T132106,126.0033,35,A2,0.200521,0.100847,1
20210204T131620,20210610T132106,126.0033,37,A2,0.086473,1.226528,0
20210204T131620,20210610T132106,126.0033,41,A2,0.284666,0.118228,1
20210204T131620,20210610T132106,126.0033,53,A2,0.029464,0.797921,1
20210204T131620,20210610T132106,126.0033,55,A2,0.023245,0.052640,1
20210204T131620,20210610T132106,126.0033,57,A2,0.071706,0.686630,1
20210204T131620,20210610T132106,126.0033,59,A2,-0.167168,0.727139,1
20210204T131620,20210610T132106,126.0033,62,A2,-0.040120,0.294367,1
20210204T131620,20210610T132106,126.0033,64,A2,-0.091072,0.142026,1
20210204T131620,20210610T132106,126.0033,65,A3,0.265548,1.239578,0
20210204T131620,20210610T132106,126.0033,66,A3,-0.300829,0.465650,1
20210204T131620,20210610T132106,126.0033,67,A3,-0.151773,0.645984,0
20210204T131620,20210610T132106,126.0033,69,A3,0.134697,0.862162,1
20210204T131620,20210610T132106,126.0033,71,A3,-0.141746,0.816952,1
20210204T131620,20210610T132106,126.0033,73,A3,0.148346,0.518737,0
20210204T131620,20210610T132106,126.0033,77,A3,0.129671,0.123753,1
20210204T131620,20210610T132106,126.0033,89,A3,0.029598,0.771411,0
20210204T131620,20210610T132106,126.0033,93,A3,0.274971,0.662531,0
20210204T131620,20210610T132106,126.0033,95,A3,-0.024125,0.464638,0
20210204T131620,20210610T132106,126.0033,97,A4,-0.402599,0.044414,1
20210204T131620,20210610T132106,126.0033,98,A4,0.414578,0.050040,1
20210204T131620,20210610T132106,126.0033,99,A4,0.153115,0.073476,1
20210204T131620,20210610T132106,126.0033,100,A4,-0.186432,0.345984,0
20210204T131620,20210610T132106,126.0033,101,A4,0.104773,0.228809,0
20210204T131620,20210610T132106,126.0033,102,A4,0.684463,0.140740,1
20210204T131620,20210610T132106,126.0033,103,A4,0.671039,0.129830,1
20210204T131620,20210610T132106,126.0033,104,A4,0.225025,0.049768,1
20210204T131620,20210610T132106,126.0033,107,A4,-0.135461,0.113943,1
20210204T131620,20210610T132106,126.0033,113,A4,-0.025369,0.284289,0
20210204T131620,20210610T132106,126.0033,114,A4,-0.500389,0.330804,0
20210204T131620,20210610T132106,126.0033,115,A4,-0.525654,0.618762,0
20210204T131620,20210610T132106,126.0033,116,A4,0.225244,0.162277,1
20210204T131620,20210610T132106,126.0033,117,A4,0.458906,0.179977,1
20210204T131620,20210610T132106,126.0033,118,A4,0.474356,0.111075,1
20210204T131620,20210610T132106,126.0033,119,A4,0.206630,0.091829,1
20210204T131620,20210610T132106,126.0033,120,A4,0.650164,0.864343,1
20210204T131620,20210610T132106,126.0033,121,A4,-0.432750,0.224668,0
20210204T131620,20210610T132106,126.0033,122,A4,0.543857,0.124898,1
20210204T131620,20210610T132106,126.0033,123,A4,0.617067,0.017869,1
20210204T131620,20210610T132106,126.0033,124,A4,0.100521,0.165998,1
20210204T131620,20210610T132106,126.0033,125,A4,0.816345,0.014671,1
20210204T131620,20210610T132106,126.0033,126,A4,0.624536,0.132115,1
20210204T131620,20210610T132106,126.0033,127,A4,0.267459,0.116548,0
20210204T131620,20210610T132106,126.0033,128,A4,0.013074,0.003496,1
20210204T131620,20210610T132106,126.0033,129,A5,0.093710,1.166806,0
20210204T131620,20210610T132106,126.0033,130,A5,-0.063141,0.802280,0
20210204T131620,20210610T132106,126.0033,131,A5,0.355380,0.074110,1
20210204T131620,20210610T132106,126.0033,132,A5,0.048285,2.000000,0
20210204T131620,20210610T132106,126.0033,133,A5,-0.049964,0.101344,0
20210204T131620,20210610T132106,126.0033,134,A5,-0.111094,0.241406,1
20210204T131620,20210610T132106,126.0033,135,A5,0.023159,0.834971,0
20210204T131620,20210610T132106,126.0033,136,A5,0.427255,0.118800,1
20210204T131620,20210610T132106,126.0033,137,A5,0.530561,0.114997,1
20210204T131620,20210610T132106,126.0033,143,A5,0.028757,0.303179,1
20210204T131620,20210610T132106,126.0033,145,A5,0.358748,0.654528,1
20210204T131620,20210610T132106,126.0033,146,A5,-0.058443,1.712476,0
20210204T131620,20210610T132106,126.0033,147,A5,-0.338110,0.948464,0
20210204T131620,20210610T132106,126.0033,149,A5,0.035886,0.000434,1
20210204T131620,20210610T132106,126.0033,150,A5,0.142163,0.839323,0
20210204T131620,20210610T132106,126.0033,151,A5,0.059083,0.229308,1
20210204T131620,20210610T132106,126.0033,152,A5,0.135817,0.288806,1
20210204T131620,20210610T132106,126.0033,153,A5,0.099109,0.032709,1
20210204T131620,20210610T132106,126.0033,154,A5,-0.192241,0.522879,1
20210204T131620,20210610T132106,126.0033,158,A5,0.032917,1.356823,0
20210204T131620,20210610T132106,126.0033,159,A5,0.142574,1.136625,0
20210204T131620,20210610T132106,126.0033,160,A5,-0.028547,0.095153,0
20210204T131620,20210618T123111,133.9686,1,A1,-0.018744,0.973156,0
20210204T131620,20210618T123111,133.9686,2,A1,-0.110841,0.389830,0
20210204T131620,20210618T123111,133.9686,3,A1,0.093636,0.531777,0
20210204T131620,20210618T123111,133.9686,4,A1,0.003310,1.050817,0
20210204T131620,20210618T123111,133.9686,5,A1,0.174042,1.312909,0
20210204T131620,20210618T123111,133.9686,6,A1,-0.215450,1.210803,0
20210204T131620,20210618T123111,133.9686,7,A1,-0.252559,0.461273,1
20210204T131620,20210618T123111,133.9686,8,A1,-0.442794,0.137313,1
20210204T131620,20210618T123111,133.9686,9,A1,0.287933,0.015002,1
20210204T131620,20210618T123111,133.9686,10,A1,0.078736,0.810087,1
20210204T131620,20210618T123111,133.9686,11,A1,0.000256,1.019715,0
20210204T131620,20210618T123111,133.9686,12,A1,-0.046153,0.468697,0
20210204T131620,20210618T123111,133.9686,13,A1,-0.006515,0.390209,1
20210204T131620,20210618T123111,133.9686,14,A1,0.049498,0.147654,1
20210204T131620,20210618T123111,133.9686,15,A1,0.266474,0.224575,1
20210204T131620,20210618T123111,133.9686,16,A1,0.084548,0.725523,0
20210204T131620,20210618T123111,133.9686,17,A1,0.061486,0.565491,1
20210204T131620,20210618T123111,133.9686,20,A1,0.273863,0.003586,1
20210204T131620,20210618T123111,133.9686,21,A1,0.171200,0.285102,1
20210204T131620,20210618T123111,133.9686,24,A1,-0.462202,1.583918,0
20210204T131620,20210618T123111,133.9686,26,A1,-0.239949,1.857796,0
20210204T131620,20210618T123111,133.9686,27,A1,0.331403,0.182593,1
20210204T131620,20210618T123111,133.9686,28,A1,0.134478,0.000000,1
20210204T131620,20210618T123111,133.9686,29,A1,-0.203416,0.714323,0
20210204T131620,20210618T123111,133.9686,31,A1,-0.198341,0.337338,1
20210204T131620,20210618T123111,133.9686,32,A1,0.171213,1.165936,0
20210204T131620,20210618T123111,133.9686,35,A2,0.363164,0.028135,1
20210204T131620,20210618T123111,133.9686,37,A2,0.324137,0.026296,1
20210204T131620,20210618T123111,133.9686,41,A2,-0.093087,0.629007,1
20210204T131620,20210618T123111,133.9686,53,A2,0.273853,0.456461,1
20210204T131620,20210618T123111,133.9686,55,A2,0.276546,0.204599,1
20210204T131620,20210618T123111,133.9686,57,A2,-0.262802,2.000000,0
20210204T131620,20210618T123111,133.9686,59,A2,-0.130897,0.887768,0
20210204T131620,20210618T123111,133.9686,62,A2,-0.120976,0.365233,0
20210204T131620,20210618T123111,133.9686,64,A2,0.053710,0.097023,1
20210204T131620,20210618T123111,133.9686,65,A3,0.318326,0.096760,1
20210204T131620,20210618T123111,133.9686,66,A3,0.237244,0.368586,1
20210204T131620,20210618T123111,133.9686,67,A3,0.031609,1.430080,0
20210204T131620,20210618T123111,133.9686,69,A3,-0.155318,0.839337,0
20210204T131620,20210618T123111,133.9686,71,A3,0.274286,0.330425,1
20210204T131620,20210618T123111,133.9686,73,A3,0.079847,0.045839,1
20210204T131620,20210618T123111,133.9686,77,A3,0.159695,0.169088,1
20210204T131620,20210618T123111,133.9686,89,A3,-0.015188,0.304007,1
20210204T131620,20210618T123111,133.9686,93,A3,0.208704,0.820310,0
20210204T131620,20210618T123111,133.9686,95,A3,0.047962,0.277322,1
20210204T131620,20210618T123111,133.9686,97,A4,-0.078085,0.468110,1
20210204T131620,20210618T123111,133.9686,98,A4,-0.365908,0.148739,0
20210204T131620,20210618T123111,133.9686,99,A4,0.028952,0.345132,0
20210204T131620,20210618T123111,133.9686,100,A4,-0.036308,0.138498,1
20210204T131620,20210618T123111,133.9686,101,A4,0.178278,0.921101,1
20210204T131620,20210618T123111,133.9686,102,A4,0.224683,0.143222,1
20210204T131620,20210618T123111,133.9686,103,A4,0.469072,0.046775,1
20210204T131620,20210618T123111,133.9686,104,A4,0.047440,0.500322,0
20210204T131620,20210618T123111,133.9686,107,A4,0.130186,0.174664,0
20210204T131620,20210618T123111,133.9686,113,A4,-0.115703,0.363830,0
20210204T131620,20210618T123111,133.9686,114,A4,0.178722,0.067776,0
20210204T131620,20210618T123111,133.9686,115,A4,-0.174145,0.505695,0
20210204T131620,20210618T123111,133.9686,116,A4,0.783917,0.144548,1
20210204T131620,20210618T123111,133.9686,117,A4,0.316778,0.364669,1
20210204T131620,20210618T123111,133.9686,118,A4,0.573564,0.251196,1
20210204T131620,20210618T123111,133.9686,119,A4,0.468089,0.100969,1
20210204T131620,20210618T123111,133.9686,120,A4,0.589200,0.800406,1
20210204T131620,20210618T123111,133.9686,121,A4,-0.617173,0.493884,0
20210204T131620,20210618T123111,133.9686,122,A4,0.308802,0.533966,0
20210204T131620,20210618T123111,133.9686,123,A4,-0.229331,0.744960,0
20210204T131620,20210618T123111,133.9686,124,A4,-0.090732,0.193855,1
20210204T131620,20210618T123111,133.9686,125,A4,0.724523,0.050421,1
20210204T131620,20210618T123111,133.9686,126,A4,-0.036424,0.159444,1
20210204T131620,20210618T123111,133.9686,127,A4,0.170602,0.208450,1
20210204T131620,20210618T123111,133.9686,128,A4,0.237161,0.145764,1
20210204T131620,20210618T123111,133.9686,129,A5,-0.145277,0.344434,0
20210204T131620,20210618T123111,133.9686,130,A5,-0.148517,0.034088,1
20210204T131620,20210618T123111,133.9686,131,A5,0.398497,1.065904,0
20210204T131620,20210618T123111,133.9686,132,A5,-0.020768,0.799979,1
20210204T131620,20210618T123111,133.9686,133,A5,0.300430,0.273973,0
20210204T131620,20210618T123111,133.9686,134,A5,0.177301,0.622111,1
20210204T131620,20210618T123111,133.9686,135,A5,0.102818,0.412557,1
20210204T131620,20210618T123111,133.9686,136,A5,0.259644,0.111458,1
20210204T131620,20210618T123111,133.9686,137,A5,-0.160232,0.415362,1
20210204T131620,20210618T123111,133.9686,143,A5,0.023544,1.043252,0
20210204T131620,20210618T123111,133.9686,145,A5,0.460837,0.473447,0
20210204T131620,20210618T123111,133.9686,146,A5,-0.144253,0.574588,1
20210204T131620,20210618T123111,133.9686,147,A5,-0.028848,0.709906,1
20210204T131620,20210618T123111,133.9686,149,A5,0.040936,0.359417,1
20210204T131620,20210618T123111,133.9686,150,A5,0.355162,0.286369,1
20210204T131620,20210618T123111,133.9686,151,A5,0.315584,0.671461,0
20210204T131620,20210618T123111,133.9686,152,A5,-0.048104,0.531231,1
20210204T131620,20210618T123111,133.9686,153,A5,0.114299,0.683042,0
20210204T131620,20210618T123111,133.9686,154,A5,0.164102,0.405256,0
20210204T131620,20210618T123111,133.9686,158,A5,0.212893,0.363586,0
20210204T131620,20210618T123111,133.9686,159,A5,-0.130379,0.673652,0
20210204T131620,20210618T123111,133.9686,160,A5,0.357624,0.127170,0
20210204T131620,20210623T140144,139.0315,1,A1,-0.285353,0.583448,1
20210204T131620,20210623T140144,139.0315,2,A1,-0.526027,0.420810,0
20210204T131620,20210623T140144,139.0315,3,A1,-0.094794,0.611127,1
20210204T131620,20210623T140144,139.0315,4,A1,0.218677,1.050817,0
20210204T131620,20210623T140144,139.0315,5,A1,0.200131,0.338766,0
20210204T131620,20210623T140144,139.0315,6,A1,0.014313,0.447446,0
20210204T131620,20210623T140144,139.0315,7,A1,-0.107106,0.080247,1
20210204T131620,20210623T140144,139.0315,8,A1,-0.303215,0.087166,1
20210204T131620,20210623T140144,139.0315,9,A1,0.112599,0.238928,1
20210204T131620,20210623T140144,139.0315,10,A1,-0.174041,0.249258,0
20210204T131620,20210623T140144,139.0315,11,A1,-0.318179,0.114728,0
20210204T131620,20210623T140144,139.0315,12,A1,-0.091611,0.333497,0
20210204T131620,20210623T140144,139.0315,13,A1,0.299671,0.064142,1
20210204T131620,20210623T140144,139.0315,14,A1,0.155022,0.102685,1
20210204T131620,20210623T140144,139.0315,15,A1,-0.053009,0.693986,1
20210204T131620,20210623T140144,139.0315,16,A1,0.112420,0.197429,1
20210204T131620,20210623T140144,139.0315,17,A1,0.316741,0.565491,1
20210204T131620,20210623T140144,139.0315,20,A1,0.076496,0.012336,1
20210204T131620,20210623T140144,139.0315,21,A1,-0.169794,0.835485,1
20210204T131620,20210623T140144,139.0315,24,A1,-0.742511,1.583918,0
20210204T131620,20210623T140144,139.0315,26,A1,0.300016,1.120846,0
20210204T131620,20210623T140144,139.0315,27,A1,0.096880,0.183417,0
20210204T131620,20210623T140144,139.0315,28,A1,0.392009,2.000000,0
20210204T131620,20210623T140144,139.0315,29,A1,0.255238,0.422953,1
20210204T131620,20210623T140144,139.0315,31,A1,-0.236719,0.019445,1
20210204T131620,20210623T140144,139.0315,32,A1,0.041368,1.165936,0
20210204T131620,20210623T140144,139.0315,35,A2,-0.182223,0.677401,1
20210204T131620,20210623T140144,139.0315,37,A2,-0.552410,0.039421,1
20210204T131620,20210623T140144,139.0315,41,A2,0.146833,0.078323,1
20210204T131620,20210623T140144,139.0315,53,A2,0.077313,0.349907,0
20210204T131620,20210623T140144,139.0315,55,A2,0.096107,0.219075,1
20210204T131620,20210623T140144,139.0315,57,A2,-0.076759,1.107903,0
20210204T131620,20210623T140144,139.0315,59,A2,0.076015,0.143193,1
20210204T131620,20210623T140144,139.0315,62,A2,-0.238518,0.280717,1
20210204T131620,20210623T140144,139.0315,64,A2,-0.124750,1.028242,0
20210204T131620,20210623T140144,139.0315,65,A3,0.089731,0.105626,1
20210204T131620,20210623T140144,139.0315,66,A3,-0.016057,0.402938,1
20210204T131620,20210623T140144,139.0315,67,A3,0.254368,0.785868,0
20210204T131620,20210623T140144,139.0315,69,A3,-0.014814,0.115634,1
20210204T131620,20210623T140144,139.0315,71,A3,-0.021452,1.934614,0
20210204T131620,20210623T140144,139.0315,73,A3,0.174862,0.103481,1
20210204T131620,20210623T140144,139.0315,77,A3,0.047660,0.400909,0
20210204T131620,20210623T140144,139.0315,89,A3,0.032825,0.623372,1
20210204T131620,20210623T140144,139.0315,93,A3,0.060780,1.551407,0
20210204T131620,20210623T140144,139.0315,95,A3,0.126897,0.295994,1
20210204T131620,20210623T140144,139.0315,97,A4,0.037571,0.091986,1
20210204T131620,20210623T140144,139.0315,98,A4,0.067103,0.252612,1
20210204T131620,20210623T140144,139.0315,99,A4,-0.065129,0.365225,0
20210204T131620,20210623T140144,139.0315,100,A4,0.219309,0.180765,0
20210204T131620,20210623T140144,139.0315,101,A4,-0.198152,0.450467,0
20210204T131620,20210623T140144,139.0315,102,A4,-0.134176,0.151409,1
20210204T131620,20210623T140144,139.0315,103,A4,0.070005,0.452808,0
20210204T131620,20210623T140144,139.0315,104,A4,-0.078643,0.305288,1
20210204T131620,20210623T140144,139.0315,107,A4,-0.061241,1.147108,0
20210204T131620,20210623T140144,139.0315,113,A4,-0.329581,0.127172,1
20210204T131620,20210623T140144,139.0315,114,A4,0.383614,0.932847,1
20210204T131620,20210623T140144,139.0315,115,A4,-0.315009,0.853781,0
20210204T131620,20210623T140144,139.0315,116,A4,0.384515,0.530761,1
20210204T131620,20210623T140144,139.0315,117,A4,0.631156,0.119359,1
20210204T131620,20210623T140144,139.0315,118,A4,0.157156,0.149568,1
20210204T131620,20210623T140144,139.0315,119,A4,0.502752,0.283446,1
20210204T131620,20210623T140144,139.0315,120,A4,0.117515,0.524193,1
20210204T131620,20210623T140144,139.0315,121,A4,0.074485,0.296105,1
20210204T131620,20210623T140144,139.0315,122,A4,-0.066817,0.446423,0
20210204T131620,20210623T140144,139.0315,123,A4,-0.102356,0.389316,0
20210204T131620,20210623T140144,139.0315,124,A4,0.456215,0.409305,0
20210204T131620,20210623T140144,139.0315,125,A4,0.006853,0.575985,0
20210204T131620,20210623T140144,139.0315,126,A4,-0.034185,0.231303,0
20210204T131620,20210623T140144,139.0315,127,A4,-0.256730,0.273910,0
20210204T131620,20210623T140144,139.0315,128,A4,0.124485,0.828347,0
20210204T131620,20210623T140144,139.0315,129,A5,0.141633,0.692036,0
20210204T131620,20210623T140144,139.0315,130,A5,-0.101106,0.017221,1
20210204T131620,20210623T140144,139.0315,131,A5,0.067280,1.065904,0
20210204T131620,20210623T140144,139.0315,132,A5,0.158688,1.020472,0
20210204T131620,20210623T140144,139.0315,133,A5,0.282149,0.060723,1
20210204T131620,20210623T140144,139.0315,134,A5,-0.049476,0.463724,0
20210204T131620,20210623T140144,139.0315,135,A5,0.537337,0.285012,1
20210204T131620,20210623T140144,139.0315,136,A5,0.139392,0.035986,1
20210204T131620,20210623T140144,139.0315,137,A5,0.161297,0.438804,0
20210204T131620,20210623T140144,139.0315,143,A5,-0.055285,0.000000,1
20210204T131620,20210623T140144,139.0315,145,A5,0.209683,0.983375,1
20210204T131620,20210623T140144,139.0315,146,A5,0.068397,0.911169,0
20210204T131620,20210623T140144,139.0315,147,A5,-0.022809,0.856606,0
20210204T131620,20210623T140144,139.0315,149,A5,0.227570,0.052690,1
20210204T131620,20210623T140144,139.0315,150,A5,0.114009,0.922422,0
20210204T131620,20210623T140144,139.0315,151,A5,0.042118,0.127498,1
20210204T131620,20210623T140144,139.0315,152,A5,0.306358,0.496628,0
20210204T131620,20210623T140144,139.0315,153,A5,0.304126,0.179175,1
20210204T131620,20210623T140144,139.0315,154,A5,0.122865,0.007547,1
20210204T131620,20210623T140144,139.0315,158,A5,-0.040451,0.517206,1
20210204T131620,20210623T140144,139.0315,159,A5,-0.001161,0.457813,0
20210204T131620,20210623T140144,139.0315,160,A5,-0.103685,0.365696,1
20210204T131620,20210625T141512,141.0409,1,A1,-0.533188,0.836010,0
20210204T131620,20210625T141512,141.0409,2,A1,-0.168601,0.362656,0
20210204T131620,20210625T141512,141.0409,3,A1,0.181933,1.009145,0
20210204T131620,20210625T141512,141.0409,4,A1,0.072011,1.050817,0
20210204T131620,20210625T141512,141.0409,5,A1,0.064205,0.833206,0
20210204T131620,20210625T141512,141.0409,6,A1,0.115924,0.305020,1
20210204T131620,20210625T141512,141.0409,7,A1,-0.077822,0.271131,0
20210204T131620,20210625T141512,141.0409,8,A1,-0.311451,0.189288,1
20210204T131620,20210625T141512,141.0409,9,A1,0.372490,1.140338,0
20210204T131620,20210625T141512,141.0409,10,A1,0.087390,1.103050,0
20210204T131620,20210625T141512,141.0409,11,A1,-0.051180,0.074655,1
20210204T131620,20210625T141512,141.0409,12,A1,-0.327848,1.139834,0
20210204T131620,20210625T141512,141.0409,13,A1,0.444471,0.020555,1
20210204T131620,20210625T141512,141.0409,14,A1,0.185614,0.150730,1
20210204T131620,20210625T141512,141.0409,15,A1,0.263248,0.288795,1
20210204T131620,20210625T141512,141.0409,16,A1,0.162689,0.482281,0
20210204T131620,20210625T141512,141.0409,17,A1,-0.082174,0.565491,1
20210204T131620,20210625T141512,141.0409,20,A1,0.045170,0.016691,1
20210204T131620,20210625T141512,141.0409,21,A1,-0.013927,0.142312,1
20210204T131620,20210625T141512,141.0409,24,A1,-0.555370,1.583918,0
20210204T131620,20210625T141512,141.0409,26,A1,-0.032445,0.838006,1
20210204T131620,20210625T141512,141.0409,27,A1,0.127811,0.216959,0
20210204T131620,20210625T141512,141.0409,28,A1,0.365703,0.835001,1
20210204T131620,20210625T141512,141.0409,29,A1,0.154575,0.727041,0
20210204T131620,20210625T141512,141.0409,31,A1,-0.253387,0.280500,1
20210204T131620,20210625T141512,141.0409,32,A1,-0.035741,1.165936,0
20210204T131620,20210625T141512,141.0409,35,A2,0.247347,0.352404,0
20210204T131620,20210625T141512,141.0409,37,A2,-0.040489,0.366925,1
20210204T131620,20210625T141512,141.0409,41,A2,0.095974,0.412787,1
20210204T131620,20210625T141512,141.0409,53,A2,-0.162736,0.117145,1
20210204T131620,20210625T141512,141.0409,55,A2,0.017366,0.209439,1
20210204T131620,20210625T141512,141.0409,57,A2,-0.030144,1.172432,0
20210204T131620,20210625T141512,141.0409,59,A2,-0.304470,1.319596,0
20210204T131620,20210625T141512,141.0409,62,A2,0.192853,0.496492,1
20210204T131620,20210625T141512,141.0409,64,A2,0.346286,0.273639,1
20210204T131620,20210625T141512,141.0409,65,A3,-0.138807,0.760422,1
20210204T131620,20210625T141512,141.0409,66,A3,0.008831,1.596843,0
20210204T131620,20210625T141512,141.0409,67,A3,0.205609,0.861918,0
20210204T131620,20210625T141512,141.0409,69,A3,0.121789,0.157789,0
20210204T131620,20210625T141512,141.0409,71,A3,-0.222871,0.236082,1
20210204T131620,20210625T141512,141.0409,73,A3,0.330644,0.336020,0
20210204T131620,20210625T141512,141.0409,77,A3,0.468269,0.641388,0
20210204T131620,20210625T141512,141.0409,89,A3,0.062488,0.301173,1
20210204T131620,20210625T141512,141.0409,93,A3,0.020611,0.328079,1
20210204T131620,20210625T141512,141.0409,95,A3,0.307746,0.455962,1
20210204T131620,20210625T141512,141.0409,97,A4,-0.002280,0.117987,0
20210204T131620,20210625T141512,141.0409,98,A4,-0.323611,0.022920,1
20210204T131620,20210625T141512,141.0409,99,A4,0.212371,0.099224,1
20210204T131620,20210625T141512,141.0409,100,A4,0.185847,0.035505,1
20210204T131620,20210625T141512,141.0409,101,A4,-0.235489,0.116287,1
20210204T131620,20210625T141512,141.0409,102,A4,-0.060462,0.168712,1
20210204T131620,20210625T141512,141.0409,103,A4,-0.341112,0.568061,0
20210204T131620,20210625T141512,141.0409,104,A4,0.058285,0.765097,0
20210204T131620,20210625T141512,141.0409,107,A4,-0.128288,0.143895,1
20210204T131620,20210625T141512,141.0409,113,A4,-0.355749,0.229870,1
20210204T131620,20210625T141512,141.0409,114,A4,-0.330446,0.113582,0
20210204T131620,20210625T141512,141.0409,115,A4,-0.294256,0.644293,0
20210204T131620,20210625T141512,141.0409,116,A4,0.396413,0.062780,1
20210204T131620,20210625T141512,141.0409,117,A4,0.341735,0.065796,1
20210204T131620,20210625T141512,141.0409,118,A4,0.250268,0.001403,1
20210204T131620,20210625T141512,141.0409,119,A4,0.466670,0.358790,0
20210204T131620,20210625T141512,141.0409,120,A4,0.237763,0.121467,1
20210204T131620,20210625T141512,141.0409,121,A4,-0.284108,0.039933,0
20210204T131620,20210625T141512,141.0409,122,A4,-0.169637,0.001167,1
20210204T131620,20210625T141512,141.0409,123,A4,-0.064513,0.239211,1
20210204T131620,20210625T141512,141.0409,124,A4,0.286837,1.221412,0
20210204T131620,20210625T141512,141.0409,125,A4,0.244676,0.224292,1
20210204T131620,20210625T141512,141.0409,126,A4,0.296626,0.188679,1
20210204T131620,20210625T141512,141.0409,127,A4,0.494994,0.695334,1
20210204T131620,20210625T141512,141.0409,128,A4,-0.037880,0.456993,0
20210204T131620,20210625T141512,141.0409,129,A5,0.252261,1.166806,0
20210204T131620,20210625T141512,141.0409,130,A5,0.145755,1.141771,0
20210204T131620,20210625T141512,141.0409,131,A5,0.357986,0.934096,1
20210204T131620,20210625T141512,141.0409,132,A5,0.050196,1.047307,0
20210204T131620,20210625T141512,141.0409,133,A5,-0.147514,0.375426,1
20210204T131620,20210625T141512,141.0409,134,A5,-0.099826,1.153836,0
20210204T131620,20210625T141512,141.0409,135,A5,0.319557,0.248053,1
20210204T131620,20210625T141512,141.0409,136,A5,0.281683,0.846520,1
20210204T131620,20210625T141512,141.0409,137,A5,-0.041742,0.319575,1
20210204T131620,20210625T141512,141.0409,143,A5,-0.070993,0.000000,1
20210204T131620,20210625T141512,141.0409,145,A5,0.151746,1.016625,0
20210204T131620,20210625T141512,141.0409,146,A5,0.072890,1.712476,0
20210204T131620,20210625T141512,141.0409,147,A5,0.064550,0.171513,1
20210204T131620,20210625T141512,141.0409,149,A5,0.152679,1.484958,0
20210204T131620,20210625T141512,141.0409,150,A5,0.175098,0.653992,1
20210204T131620,20210625T141512,141.0409,151,A5,0.313385,0.326110,0
20210204T131620,20210625T141512,141.0409,152,A5,0.154647,0.379649,1
20210204T131620,20210625T141512,141.0409,153,A5,0.072406,0.810138,1
20210204T131620,20210625T141512,141.0409,154,A5,0.092858,0.902774,1
20210204T131620,20210625T141512,141.0409,158,A5,-0.058056,0.643177,1
20210204T131620,20210625T141512,141.0409,159,A5,0.288138,0.027895,1
20210204T131620,20210625T141512,141.0409,160,A5,0.122599,1.018026,0
20210205T151709,20210211T163501,6.0541,1,A1,0.168203,0.490579,1
20210205T151709,20210211T163501,6.0541,2,A1,0.042808,0.046887,1
20210205T151709,20210211T163501,6.0541,3,A1,-0.293936,0.237551,1
20210205T151709,20210211T163501,6.0541,4,A1,-0.022561,0.361354,0
20210205T151709,20210211T163501,6.0541,5,A1,-0.176380,0.651093,0
20210205T151709,20210211T163501,6.0541,6,A1,0.278619,0.180964,0
20210205T151709,20210211T163501,6.0541,7,A1,0.693411,0.060447,1
20210205T151709,20210211T163501,6.0541,8,A1,0.271663,0.402787,1
20210205T151709,20210211T163501,6.0541,9,A1,0.301529,0.861757,1
20210205T151709,20210211T163501,6.0541,10,A1,0.178623,0.078677,0
20210205T151709,20210211T163501,6.0541,11,A1,-0.224872,0.050263,1
20210205T151709,20210211T163501,6.0541,12,A1,0.134121,0.129893,1
20210205T151709,20210211T163501,6.0541,13,A1,0.144203,0.388786,0
20210205T151709,20210211T163501,6.0541,14,A1,-0.213151,0.612562,0
20210205T151709,20210211T163501,6.0541,15,A1,0.335737,0.083214,1
20210205T151709,20210211T163501,6.0541,16,A1,0.619228,0.237361,0
20210205T151709,20210211T163501,6.0541,17,A1,-0.259278,0.520163,0
20210205T151709,20210211T163501,6.0541,18,A1,0.411954,0.528393,0
20210205T151709,20210211T163501,6.0541,19,A1,0.229566,0.801539,1
20210205T151709,20210211T163501,6.0541,20,A1,0.916032,0.218986,1
20210205T151709,20210211T163501,6.0541,21,A1,-0.272014,0.590599,1
20210205T151709,20210211T163501,6.0541,22,A1,0.079332,0.722053,1
20210205T151709,20210211T163501,6.0541,23,A1,-0.095703,1.364286,0
20210205T151709,20210211T163501,6.0541,24,A1,0.893314,0.112930,1
20210205T151709,20210211T163501,6.0541,25,A1,0.002521,0.116621,1
20210205T151709,20210211T163501,6.0541,26,A1,0.893031,0.000000,1
20210205T151709,20210211T163501,6.0541,27,A1,0.019789,0.202066,0
20210205T151709,20210211T163501,6.0541,28,A1,0.814836,0.000000,1
20210205T151709,20210211T163501,6.0541,29,A1,0.424286,1.484355,0
20210205T151709,20210211T163501,6.0541,30,A1,0.498985,0.059429,1
20210205T151709,20210211T163501,6.0541,31,A1,0.292529,0.501577,1
20210205T151709,20210211T163501,6.0541,32,A1,0.097252,0.025226,1
20210205T151709,20210211T163501,6.0541,33,A2,0.082372,0.494323,1
20210205T151709,20210211T163501,6.0541,34,A2,0.152938,0.960348,1
20210205T151709,20210211T163501,6.0541,35,A2,-0.137815,0.294995,1
20210205T151709,20210211T163501,6.0541,36,A2,0.094778,0.550966,0
20210205T151709,20210211T163501,6.0541,37,A2,-0.164237,0.198840,1
20210205T151709,20210211T163501,6.0541,38,A2,-0.056475,0.227486,1
20210205T151709,20210211T163501,6.0541,39,A2,0.334720,0.114362,1
20210205T151709,20210211T163501,6.0541,40,A2,-0.071539,0.871211,1
20210205T151709,20210211T163501,6.0541,41,A2,0.339034,0.823528,0
20210205T151709,20210211T163501,6.0541,42,A2,-0.012006,0.715852,1
20210205T151709,20210211T163501,6.0541,43,A2,-0.224094,1.005299,0
20210205T151709,20210211T163501,6.0541,44,A2,-0.090417,0.674653,1
20210205T151709,20210211T163501,6.0541,45,A2,0.200845,0.169334,1
20210205T151709,20210211T163501,6.0541,46,A2,-0.098167,2.000000,0
20210205T151709,20210211T163501,6.0541,47,A2,0.022262,1.165152,0
20210205T151709,20210211T163501,6.0541,48,A2,-0.049838,0.781612,1
20210205T151709,20210211T163501,6.0541,49,A2,0.608174,0.421282,1
20210205T151709,20210211T163501,6.0541,50,A2,0.103651,0.210758,0
20210205T151709,20210211T163501,6.0541,51,A2,0.138974,0.093439,1
20210205T151709,20210211T163501,6.0541,52,A2,0.445068,0.374070,0
20210205T151709,20210211T163501,6.0541,53,A2,0.239945,0.062997,1
20210205T151709,20210211T163501,6.0541,54,A2,0.798086,0.266501,1
20210205T151709,20210211T163501,6.0541,55,A2,0.834680,0.093883,1
20210205T151709,20210211T163501,6.0541,56,A2,-0.163291,0.651006,1
20210205T151709,20210211T163501,6.0541,57,A2,0.244515,0.073472,1
20210205T151709,20210211T163501,6.0541,58,A2,-0.049605,0.380734,1
20210205T151709,20210211T163501,6.0541,59,A2,0.202921,0.035799,1
20210205T151709,20210211T163501,6.0541,60,A2,0.079423,1.204640,0
20210205T151709,20210211T163501,6.0541,61,A2,-0.104499,1.551639,0
20210205T151709,20210211T163501,6.0541,62,A2,0.098538,1.300675,0
20210205T151709,20210211T163501,6.0541,63,A2,0.130821,0.802085,1
20210205T151709,20210211T163501,6.0541,64,A2,0.057269,0.099487,0
20210205T151709,20210211T163501,6.0541,65,A3,0.344682,0.165738,1
20210205T151709,20210211T163501,6.0541,66,A3,0.921497,0.005232,1
20210205T151709,20210211T163501,6.0541,67,A3,0.118873,1.209266,0
20210205T151709,20210211T163501,6.0541,68,A3,-0.115094,0.818244,0
20210205T151709,20210211T163501,6.0541,69,A3,-0.219968,0.964479,0
20210205T151709,20210211T163501,6.0541,70,A3,-0.385373,0.000000,1
20210205T151709,20210211T163501,6.0541,71,A3,0.445326,0.378261,1
20210205T151709,20210211T163501,6.0541,72,A3,0.051994,0.036196,1
20210205T151709,20210211T163501,6.0541,73,A3,0.313803,0.026617,1
20210205T151709,20210211T163501,6.0541,74,A3,0.310322,0.338811,0
20210205T151709,20210211T163501,6.0541,75,A3,-0.159325,1.370377,0
20210205T151709,20210211T163501,6.0541,76,A3,0.033100,0.592162,1
20210205T151709,20210211T163501,6.0541,77,A3,0.104684,1.065256,0
20210205T151709,20210211T163501,6.0541,78,A3,-0.085721,1.481743,0
20210205T151709,20210211T163501,6.0541,79,A3,-0.252990,0.020370,1
20210205T151709,20210211T163501,6.0541,80,A3,0.485784,0.335609,1
20210205T151709,20210211T163501,6.0541,81,A3,0.349470,1.173603,0
20210205T151709,20210211T163501,6.0541,82,A3,0.329222,0.372953,1
20210205T151709,20210211T163501,6.0541,83,A3,0.249995,0.121118,1
20210205T151709,20210211T163501,6.0541,84,A3,0.174300,0.224453,1
20210205T151709,20210211T163501,6.0541,85,A3,-0.004404,1.075283,0
20210205T151709,20210211T163501,6.0541,86,A3,0.226837,0.631882,1
20210205T151709,20210211T163501,6.0541,87,A3,0.248739,1.484692,0
20210205T151709,20210211T163501,6.0541,88,A3,0.310803,1.073229,0
20210205T151709,20210211T163501,6.0541,89,A3,0.246194,1.531988,0
20210205T151709,20210211T163501,6.0541,90,A3,0.327737,0.923042,1
20210205T151709,20210211T163501,6.0541,91,A3,-0.011680,1.708968,0
20210205T151709,20210211T163501,6.0541,92,A3,-0.176863,0.006952,1
20210205T151709,20210211T163501,6.0541,93,A3,-0.008798,0.414537,1
20210205T151709,20210211T163501,6.0541,94,A3,0.106158,0.201778,1
20210205T151709,20210211T163501,6.0541,95,A3,0.309943,1.027534,0
20210205T151709,20210211T163501,6.0541,96,A3,0.303574,0.839141,1
20210205T151709,20210211T163501,6.0541,97,A4,0.630041,0.123772,1
20210205T151709,20210211T163501,6.0541,98,A4,0.502233,0.323382,1
20210205T151709,20210211T163501,6.0541,99,A4,0.281128,0.116234,0
20210205T151709,20210211T163501,6.0541,100,A4,0.546932,0.441169,1
20210205T151709,20210211T163501,6.0541,101,A4,0.578021,0.623356,1
20210205T151709,20210211T163501,6.0541,102,A4,0.701453,0.045062,1
20210205T151709,20210211T163501,6.0541,103,A4,0.734063,0.043793,1
20210205T151709,20210211T163501,6.0541,104,A4,0.844965,0.014118,1
20210205T151709,20210211T163501,6.0541,105,A4,0.300201,1.205302,0
20210205T151709,20210211T163501,6.0541,106,A4,0.290122,0.250971,1
20210205T151709,20210211T163501,6.0541,107,A4,0.591155,0.148558,1
20210205T151709,20210211T163501,6.0541,108,A4,0.106979,1.684947,0
20210205T151709,20210211T163501,6.0541,109,A4,0.470967,0.313008,1
20210205T151709,20210211T163501,6.0541,110,A4,0.275189,0.988313,1
20210205T151709,20210211T163501,6.0541,111,A4,0.529566,0.106608,1
20210205T151709,20210211T163501,6.0541,112,A4,0.252131,0.041196,1
20210205T151709,20210211T163501,6.0541,113,A4,0.433917,0.051727,1
20210205T151709,20210211T163501,6.0541,114,A4,-0.125387,0.361135,0
20210205T151709,20210211T163501,6.0541,115,A4,0.502404,0.120354,1
20210205T151709,20210211T163501,6.0541,116,A4,0.704211,0.011617,1
20210205T151709,20210211T163501,6.0541,117,A4,0.945757,0.415394,1
20210205T151709,20210211T163501,6.0541,118,A4,0.693743,0.048495,1
20210205T151709,20210211T163501,6.0541,119,A4,0.377818,1.048531,0
20210205T151709,20210211T163501,6.0541,120,A4,0.905048,0.050209,1
20210205T151709,20210211T163501,6.0541,121,A4,-0.142096,0.151730,0
20210205T151709,20210211T163501,6.0541,122,A4,0.516961,0.254595,0
20210205T151709,20210211T163501,6.0541,123,A4,-0.488272,0.132581,1
20210205T151709,20210211T163501,6.0541,124,A4,0.445625,0.197396,1
20210205T151709,20210211T163501,6.0541,125,A4,0.692691,0.057190,1
20210205T151709,20210211T163501,6.0541,126,A4,0.908315,0.096411,1
20210205T151709,20210211T163501,6.0541,127,A4,0.877702,0.025775,1
20210205T151709,20210211T163501,6.0541,128,A4,0.624515,0.016361,1
20210205T151709,20210211T163501,6.0541,129,A5,0.504257,1.294356,0
20210205T151709,20210211T163501,6.0541,130,A5,-0.065970,0.795246,0
20210205T151709,20210211T163501,6.0541,131,A5,-0.043852,0.394385,1
20210205T151709,20210211T163501,6.0541,132,A5,0.711906,0.000000,1
20210205T151709,20210211T163501,6.0541,133,A5,0.176921,0.201547,1
20210205T151709,20210211T163501,6.0541,134,A5,0.214700,0.255341,1
20210205T151709,20210211T163501,6.0541,135,A5,0.474367,0.630952,1
20210205T151709,20210211T163501,6.0541,136,A5,0.322165,0.234349,1
20210205T151709,20210211T163501,6.0541,137,A5,0.300615,0.179323,1
20210205T151709,20210211T163501,6.0541,138,A5,-0.121312,0.968467,1
20210205T151709,20210211T163501,6.0541,139,A5,0.060589,1.179772,0
20210205T151709,20210211T163501,6.0541,140,A5,0.291632,0.729197,0
20210205T151709,20210211T163501,6.0541,141,A5,0.483769,0.673047,1
20210205T151709,20210211T163501,6.0541,142,A5,-0.209095,1.014241,0
20210205T151709,20210211T163501,6.0541,143,A5,0.169815,2.000000,0
20210205T151709,20210211T163501,6.0541,144,A5,0.365766,0.000000,1
20210205T151709,20210211T163501,6.0541,145,A5,-0.335801,0.485862,0
20210205T151709,20210211T163501,6.0541,146,A5,0.300985,0.445306,1
20210205T151709,20210211T163501,6.0541,147,A5,0.085379,0.190929,1
20210205T151709,20210211T163501,6.0541,148,A5,0.372212,0.350755,1
20210205T151709,20210211T163501,6.0541,149,A5,0.335723,0.486548,0
20210205T151709,20210211T163501,6.0541,150,A5,0.032498,0.134232,1
20210205T151709,20210211T163501,6.0541,151,A5,0.303714,0.096453,1
20210205T151709,20210211T163501,6.0541,152,A5,0.333474,0.330879,1
20210205T151709,20210211T163501,6.0541,153,A5,0.679642,0.495016,1
20210205T151709,20210211T163501,6.0541,154,A5,0.321085,0.544473,0
20210205T151709,20210211T163501,6.0541,155,A5,-0.063181,0.654913,1
20210205T151709,20210211T163501,6.0541,156,A5,-0.142112,0.733643,1
20210205T151709,20210211T163501,6.0541,157,A5,-0.142723,1.689944,0
20210205T151709,20210211T163501,6.0541,158,A5,0.055457,0.529043,1
20210205T151709,20210211T163501,6.0541,159,A5,0.029726,0.190172,1
20210205T151709,20210211T163501,6.0541,160,A5,-0.250718,0.034065,1
20210205T151709,20210212T153711,7.0139,1,A1,-0.067514,1.223692,0
20210205T151709,20210212T153711,7.0139,2,A1,-0.019456,0.077170,1
20210205T151709,20210212T153711,7.0139,3,A1,-0.110391,0.403175,1
20210205T151709,20210212T153711,7.0139,4,A1,0.067819,0.083809,1
20210205T151709,20210212T153711,7.0139,5,A1,0.185976,0.316102,0
20210205T151709,20210212T153711,7.0139,6,A1,0.417334,0.343033,1
20210205T151709,20210212T153711,7.0139,7,A1,-0.122463,0.250219,0
20210205T151709,20210212T153711,7.0139,8,A1,0.319890,0.816791,1
20210205T151709,20210212T153711,7.0139,9,A1,-0.070929,0.514918,1
20210205T151709,20210212T153711,7.0139,10,A1,-0.086844,0.991810,0
20210205T151709,20210212T153711,7.0139,11,A1,-0.080746,0.188023,1
20210205T151709,20210212T153711,7.0139,12,A1,0.223571,0.002465,1
20210205T151709,20210212T153711,7.0139,13,A1,0.246028,0.170996,1
20210205T151709,20210212T153711,7.0139,14,A1,0.151265,0.327598,0
20210205T151709,20210212T153711,7.0139,15,A1,0.045458,0.076599,1
20210205T151709,20210212T153711,7.0139,16,A1,0.279309,0.033833,1
20210205T151709,20210212T153711,7.0139,17,A1,-0.163614,0.411466,0
20210205T151709,20210212T153711,7.0139,18,A1,0.472601,0.497831,0
20210205T151709,20210212T153711,7.0139,19,A1,0.532932,0.843564,0
20210205T151709,20210212T153711,7.0139,20,A1,0.883179,0.199885,1
20210205T151709,20210212T153711,7.0139,21,A1,-0.011021,0.314752,1
20210205T151709,20210212T153711,7.0139,22,A1,-0.141829,0.367301,0
20210205T151709,20210212T153711,7.0139,23,A1,0.385104,0.649453,0
20210205T151709,20210212T153711,7.0139,24,A1,0.878947,0.104747,1
20210205T151709,20210212T153711,7.0139,25,A1,0.367878,0.713791,1
20210205T151709,20210212T153711,7.0139,26,A1,0.898518,0.000000,1
20210205T151709,20210212T153711,7.0139,27,A1,0.231656,0.054820,1
20210205T151709,20210212T153711,7.0139,28,A1,0.767499,0.000000,1
20210205T151709,20210212T153711,7.0139,29,A1,0.175237,1.484355,0
20210205T151709,20210212T153711,7.0139,30,A1,0.510944,0.229944,0
20210205T151709,20210212T153711,7.0139,31,A1,0.202021,1.406737,0
20210205T151709,20210212T153711,7.0139,32,A1,0.437031,0.039033,0
20210205T151709,20210212T153711,7.0139,33,A2,-0.153140,0.494323,1
20210205T151709,20210212T153711,7.0139,34,A2,0.197819,0.855503,1
20210205T151709,20210212T153711,7.0139,35,A2,0.098358,0.399808,1
20210205T151709,20210212T153711,7.0139,36,A2,0.119403,0.136810,1
20210205T151709,20210212T153711,7.0139,37,A2,-0.123232,0.714395,1
20210205T151709,20210212T153711,7.0139,38,A2,0.232372,1.377854,0
20210205T151709,20210212T153711,7.0139,39,A2,0.237578,0.114362,1
20210205T151709,20210212T153711,7.0139,40,A2,-0.102139,0.543348,0
20210205T151709,20210212T153711,7.0139,41,A2,0.363547,0.107229,1
20210205T151709,20210212T153711,7.0139,42,A2,-0.157946,0.356970,0
20210205T151709,20210212T153711,7.0139,43,A2,-0.033515,1.005299,0
20210205T151709,20210212T153711,7.0139,44,A2,0.147780,0.674653,1
20210205T151709,20210212T153711,7.0139,45,A2,-0.261228,1.288667,0
20210205T151709,20210212T153711,7.0139,46,A2,-0.293647,1.257970,0
20210205T151709,20210212T153711,7.0139,47,A2,0.209994,0.334215,1
20210205T151709,20210212T153711,7.0139,48,A2,-0.024596,1.053227,0
20210205T151709,20210212T153711,7.0139,49,A2,0.574227,0.421282,1
20210205T151709,20210212T153711,7.0139,50,A2,0.152321,0.719316,1
20210205T151709,20210212T153711,7.0139,51,A2,0.276622,0.278391,1
20210205T151709,20210212T153711,7.0139,52,A2,0.380363,0.147649,1
20210205T151709,20210212T153711,7.0139,53,A2,0.043061,0.162687,1
20210205T151709,20210212T153711,7.0139,54,A2,0.710311,0.164359,1
20210205T151709,20210212T153711,7.0139,55,A2,0.841914,0.090765,1
20210205T151709,20210212T153711,7.0139,56,A2,-0.144576,0.412267,0
20210205T151709,20210212T153711,7.0139,57,A2,0.403273,0.090191,1
20210205T151709,20210212T153711,7.0139,58,A2,-0.132205,2.000000,0
20210205T151709,20210212T153711,7.0139,59,A2,-0.055156,0.000000,1
20210205T151709,20210212T153711,7.0139,60,A2,-0.218671,1.204640,0
20210205T151709,20210212T153711,7.0139,61,A2,-0.060751,1.710454,0
20210205T151709,20210212T153711,7.0139,62,A2,-0.154711,0.699325,1
20210205T151709,20210212T153711,7.0139,63,A2,-0.035364,0.006437,1
20210205T151709,20210212T153711,7.0139,64,A2,-0.089108,0.953581,1
20210205T151709,20210212T153711,7.0139,65,A3,0.166679,0.165738,1
20210205T151709,20210212T153711,7.0139,66,A3,0.577117,0.005232,1
20210205T151709,20210212T153711,7.0139,67,A3,-0.021658,0.218921,1
20210205T151709,20210212T153711,7.0139,68,A3,0.094025,0.224493,1
20210205T151709,20210212T153711,7.0139,69,A3,-0.048931,0.266257,1
20210205T151709,20210212T153711,7.0139,70,A3,-0.068889,2.000000,0
20210205T151709,20210212T153711,7.0139,71,A3,0.399941,0.690801,1
20210205T151709,20210212T153711,7.0139,72,A3,0.191256,0.206975,1
20210205T151709,20210212T153711,7.0139,73,A3,-0.204407,0.839101,1
20210205T151709,20210212T153711,7.0139,74,A3,-0.022515,0.284305,1
20210205T151709,20210212T153711,7.0139,75,A3,-0.197899,1.119281,0
20210205T151709,20210212T153711,7.0139,76,A3,-0.093403,1.407838,0
20210205T151709,20210212T153711,7.0139,77,A3,0.060365,0.934744,1
20210205T151709,20210212T153711,7.0139,78,A3,0.037306,0.000000,1
20210205T151709,20210212T153711,7.0139,79,A3,-0.227602,0.568712,1
20210205T151709,20210212T153711,7.0139,80,A3,0.053545,0.522598,1
20210205T151709,20210212T153711,7.0139,81,A3,0.395116,0.826397,1
20210205T151709,20210212T153711,7.0139,82,A3,-0.081464,0.125189,1
20210205T151709,20210212T153711,7.0139,83,A3,0.276411,0.112654,1
20210205T151709,20210212T153711,7.0139,84,A3,0.207603,0.445045,1
20210205T151709,20210212T153711,7.0139,85,A3,0.170793,0.179064,0
20210205T151709,20210212T153711,7.0139,86,A3,0.038780,1.676866,0
20210205T151709,20210212T153711,7.0139,87,A3,-0.376914,1.271681,0
20210205T151709,20210212T153711,7.0139,88,A3,-0.044846,0.926771,1
20210205T151709,20210212T153711,7.0139,89,A3,-0.039277,0.185203,1
20210205T151709,20210212T153711,7.0139,90,A3,0.226138,0.473364,0
20210205T151709,20210212T153711,7.0139,91,A3,0.137901,0.851110,0
20210205T151709,20210212T153711,7.0139,92,A3,0.120069,1.144073,0
20210205T151709,20210212T153711,7.0139,93,A3,-0.079986,0.329626,1
20210205T151709,20210212T153711,7.0139,94,A3,-0.210217,1.089859,0
20210205T151709,20210212T153711,7.0139,95,A3,-0.004205,0.373010,0
20210205T151709,20210212T153711,7.0139,96,A3,-0.005144,0.481813,0
20210205T151709,20210212T153711,7.0139,97,A4,0.720720,0.021900,1
20210205T151709,20210212T153711,7.0139,98,A4,0.583776,0.265582,1
20210205T151709,20210212T153711,7.0139,99,A4,0.298879,0.042235,1
20210205T151709,20210212T153711,7.0139,100,A4,0.676536,0.001182,1
20210205T151709,20210212T153711,7.0139,101,A4,0.823575,0.028810,1
20210205T151709,20210212T153711,7.0139,102,A4,0.661911,0.091843,1
20210205T151709,20210212T153711,7.0139,103,A4,0.676474,0.050774,1
20210205T151709,20210212T153711,7.0139,104,A4,0.792145,0.035909,1
20210205T151709,20210212T153711,7.0139,105,A4,0.335383,0.391475,1
20210205T151709,20210212T153711,7.0139,106,A4,0.238958,0.113891,1
20210205T151709,20210212T153711,7.0139,107,A4,0.543893,0.067966,1
20210205T151709,20210212T153711,7.0139,108,A4,0.342788,0.000000,1
20210205T151709,20210212T153711,7.0139,109,A4,0.482049,0.092059,1
20210205T151709,20210212T153711,7.0139,110,A4,0.435733,0.110350,0
20210205T151709,20210212T153711,7.0139,111,A4,0.371040,0.090259,1
20210205T151709,20210212T153711,7.0139,112,A4,0.298462,0.045903,1
20210205T151709,20210212T153711,7.0139,113,A4,0.540851,0.213014,1
20210205T151709,20210212T153711,7.0139,114,A4,-0.201545,0.479284,0
20210205T151709,20210212T153711,7.0139,115,A4,0.562299,0.262376,1
20210205T151709,20210212T153711,7.0139,116,A4,0.360107,0.052960,1
20210205T151709,20210212T153711,7.0139,117,A4,0.938840,0.122403,1
20210205T151709,20210212T153711,7.0139,118,A4,0.758808,0.125549,1
20210205T151709,20210212T153711,7.0139,119,A4,0.344233,0.022607,1
20210205T151709,20210212T153711,7.0139,120,A4,0.896700,0.039186,1
20210205T151709,20210212T153711,7.0139,121,A4,-0.030439,0.387808,0
20210205T151709,20210212T153711,7.0139,122,A4,0.051918,0.225836,0
20210205T151709,20210212T153711,7.0139,123,A4,-0.485832,0.126840,1
20210205T151709,20210212T153711,7.0139,124,A4,0.303925,0.137795,1
20210205T151709,20210212T153711,7.0139,125,A4,0.616846,0.056016,1
20210205T151709,20210212T153711,7.0139,126,A4,0.879235,0.134504,1
20210205T151709,20210212T153711,7.0139,127,A4,0.779558,0.013116,1
20210205T151709,20210212T153711,7.0139,128,A4,0.740659,0.054297,1
20210205T151709,20210212T153711,7.0139,129,A5,0.435526,1.294356,0
20210205T151709,20210212T153711,7.0139,130,A5,0.134665,0.828009,0
20210205T151709,20210212T153711,7.0139,131,A5,0.182168,0.391306,1
20210205T151709,20210212T153711,7.0139,132,A5,0.788833,0.000000,1
20210205T151709,20210212T153711,7.0139,133,A5,0.231567,0.576579,1
20210205T151709,20210212T153711,7.0139,134,A5,0.050535,0.648175,1
20210205T151709,20210212T153711,7.0139,135,A5,0.375489,0.325908,1
20210205T151709,20210212T153711,7.0139,136,A5,0.739396,0.127220,1
20210205T151709,20210212T153711,7.0139,137,A5,0.087278,0.158504,1
20210205T151709,20210212T153711,7.0139,138,A5,0.068273,0.302096,1
20210205T151709,20210212T153711,7.0139,139,A5,0.106926,1.053533,0
20210205T151709,20210212T153711,7.0139,140,A5,-0.017792,0.698841,1
20210205T151709,20210212T153711,7.0139,141,A5,0.465430,0.673047,1
20210205T151709,20210212T153711,7.0139,142,A5,0.366543,0.042405,0
20210205T151709,20210212T153711,7.0139,143,A5,0.326783,0.774207,1
20210205T151709,20210212T153711,7.0139,144,A5,-0.325571,0.000000,1
20210205T151709,20210212T153711,7.0139,145,A5,-0.075304,0.513638,0
20210205T151709,20210212T153711,7.0139,146,A5,0.358451,0.324881,1
20210205T151709,20210212T153711,7.0139,147,A5,0.283104,0.464486,1
20210205T151709,20210212T153711,7.0139,148,A5,0.157048,0.350755,1
20210205T151709,20210212T153711,7.0139,149,A5,0.123741,0.067463,1
20210205T151709,20210212T153711,7.0139,150,A5,0.019699,0.192926,1
20210205T151709,20210212T153711,7.0139,151,A5,-0.230678,0.085997,0
20210205T151709,20210212T153711,7.0139,152,A5,0.295512,0.188302,1
20210205T151709,20210212T153711,7.0139,153,A5,0.403490,0.767552,1
20210205T151709,20210212T153711,7.0139,154,A5,0.369374,1.250113,0
20210205T151709,20210212T153711,7.0139,155,A5,0.037833,0.722558,0
20210205T151709,20210212T153711,7.0139,156,A5,0.290523,0.173809,1
20210205T151709,20210212T153711,7.0139,157,A5,0.115087,0.000000,1
20210205T151709,20210212T153711,7.0139,158,A5,-0.058783,1.323198,0
20210205T151709,20210212T153711,7.0139,159,A5,-0.232995,0.900400,1
20210205T151709,20210212T153711,7.0139,160,A5,-0.153334,0.112290,1
20210205T151709,20210218T131636,12.9163,1,A1,-0.032374,0.855642,1
20210205T151709,20210218T131636,12.9163,2,A1,-0.128857,0.722274,0
20210205T151709,20210218T131636,12.9163,3,A1,0.242971,1.221168,0
20210205T151709,20210218T131636,12.9163,4,A1,-0.139738,0.021200,1
20210205T151709,20210218T131636,12.9163,5,A1,-0.034486,1.216053,0
20210205T151709,20210218T131636,12.9163,6,A1,0.144656,0.302309,0
20210205T151709,20210218T131636,12.9163,7,A1,-0.042374,0.615466,0
20210205T151709,20210218T131636,12.9163,8,A1,0.396416,0.332609,0
20210205T151709,20210218T131636,12.9163,9,A1,0.043772,0.448703,1
20210205T151709,20210218T131636,12.9163,10,A1,-0.091653,1.044124,0
20210205T151709,20210218T131636,12.9163,11,A1,-0.174868,1.021490,0
20210205T151709,20210218T131636,12.9163,12,A1,0.285652,0.157674,1
20210205T151709,20210218T131636,12.9163,13,A1,0.098284,0.450484,0
20210205T151709,20210218T131636,12.9163,14,A1,0.220985,0.256585,0
20210205T151709,20210218T131636,12.9163,15,A1,0.274062,0.673274,0
20210205T151709,20210218T131636,12.9163,16,A1,0.302715,0.514658,0
20210205T151709,20210218T131636,12.9163,17,A1,-0.196841,0.231611,1
20210205T151709,20210218T131636,12.9163,18,A1,0.286800,0.327959,0
20210205T151709,20210218T131636,12.9163,19,A1,0.470184,0.892582,0
20210205T151709,20210218T131636,12.9163,20,A1,0.893818,0.166674,1
20210205T151709,20210218T131636,12.9163,21,A1,0.165764,0.499134,1
20210205T151709,20210218T131636,12.9163,22,A1,0.090940,0.136001,0
20210205T151709,20210218T131636,12.9163,23,A1,-0.105521,0.255995,1
20210205T151709,20210218T131636,12.9163,24,A1,0.710609,0.001932,1
20210205T151709,20210218T131636,12.9163,25,A1,-0.257951,0.135364,1
20210205T151709,20210218T131636,12.9163,26,A1,0.866343,0.000000,1
20210205T151709,20210218T131636,12.9163,27,A1,0.022594,1.107261,0
20210205T151709,20210218T131636,12.9163,28,A1,0.885610,0.000000,1
20210205T151709,20210218T131636,12.9163,29,A1,0.254010,1.484355,0
20210205T151709,20210218T131636,12.9163,30,A1,-0.233281,1.118220,0
20210205T151709,20210218T131636,12.9163,31,A1,0.222433,0.216362,1
20210205T151709,20210218T131636,12.9163,32,A1,0.308057,0.968422,1
20210205T151709,20210218T131636,12.9163,33,A2,-0.217779,1.505677,0
20210205T151709,20210218T131636,12.9163,34,A2,0.103540,0.081554,0
20210205T151709,20210218T131636,12.9163,35,A2,0.206972,0.480949,0
20210205T151709,20210218T131636,12.9163,36,A2,-0.042078,1.510198,0
20210205T151709,20210218T131636,12.9163,37,A2,0.223801,0.075359,1
20210205T151709,20210218T131636,12.9163,38,A2,0.070364,0.374371,1
20210205T151709,20210218T131636,12.9163,39,A2,-0.204472,0.239796,1
20210205T151709,20210218T131636,12.9163,40,A2,-0.215815,0.043538,0
20210205T151709,20210218T131636,12.9163,41,A2,-0.039011,0.822430,1
20210205T151709,20210218T131636,12.9163,42,A2,0.194172,0.182274,1
20210205T151709,20210218T131636,12.9163,43,A2,-0.010651,0.649341,1
20210205T151709,20210218T131636,12.9163,44,A2,0.115772,0.406751,1
20210205T151709,20210218T131636,12.9163,45,A2,0.183303,0.205849,1
20210205T151709,20210218T131636,12.9163,46,A2,-0.130503,0.937402,1
20210205T151709,20210218T131636,12.9163,47,A2,-0.148972,0.027162,1
20210205T151709,20210218T131636,12.9163,48,A2,-0.230728,0.270784,0
20210205T151709,20210218T131636,12.9163,49,A2,0.428766,0.019682,1
20210205T151709,20210218T131636,12.9163,50,A2,0.150762,0.014592,1
20210205T151709,20210218T131636,12.9163,51,A2,-0.157440,0.402638,0
20210205T151709,20210218T131636,12.9163,52,A2,0.277670,1.176109,0
20210205T151709,20210218T131636,12.9163,53,A2,0.025963,1.176971,0
20210205T151709,20210218T131636,12.9163,54,A2,0.782102,0.361108,1
20210205T151709,20210218T131636,12.9163,55,A2,0.920668,0.275433,1
20210205T151709,20210218T131636,12.9163,56,A2,-0.292185,0.374699,1
20210205T151709,20210218T131636,12.9163,57,A2,0.234692,0.149195,1
20210205T151709,20210218T131636,12.9163,58,A2,0.045346,0.450967,1
20210205T151709,20210218T131636,12.9163,59,A2,0.344251,0.000000,1
20210205T151709,20210218T131636,12.9163,60,A2,0.207010,0.006427,1
20210205T151709,20210218T131636,12.9163,61,A2,0.020221,0.000000,1
20210205T151709,20210218T131636,12.9163,62,A2,0.093153,0.280646,1
20210205T151709,20210218T131636,12.9163,63,A2,0.026371,0.802085,1
20210205T151709,20210218T131636,12.9163,64,A2,0.014097,0.163197,1
20210205T151709,20210218T131636,12.9163,65,A3,0.024178,1.148357,0
20210205T151709,20210218T131636,12.9163,66,A3,0.556452,0.640185,1
20210205T151709,20210218T131636,12.9163,67,A3,0.030403,0.236441,0
20210205T151709,20210218T131636,12.9163,68,A3,-0.037268,0.286644,1
20210205T151709,20210218T131636,12.9163,69,A3,-0.524551,0.729018,0
20210205T151709,20210218T131636,12.9163,70,A3,-0.114802,0.891893,1
20210205T151709,20210218T131636,12.9163,71,A3,0.372849,0.082088,0
20210205T151709,20210218T131636,12.9163,72,A3,-0.214523,0.849487,0
20210205T151709,20210218T131636,12.9163,73,A3,0.196279,0.839101,1
20210205T151709,20210218T131636,12.9163,74,A3,0.222432,0.084373,0
20210205T151709,20210218T131636,12.9163,75,A3,-0.092987,1.370377,0
20210205T151709,20210218T131636,12.9163,76,A3,-0.322755,0.422308,0
20210205T151709,20210218T131636,12.9163,77,A3,-0.487959,0.372841,1
20210205T151709,20210218T131636,12.9163,78,A3,-0.364985,1.090837,0
20210205T151709,20210218T131636,12.9163,79,A3,-0.205857,1.979630,0
20210205T151709,20210218T131636,12.9163,80,A3,0.088199,0.335609,1
20210205T151709,20210218T131636,12.9163,81,A3,0.273441,0.419162,0
20210205T151709,20210218T131636,12.9163,82,A3,-0.277754,0.676637,1
20210205T151709,20210218T131636,12.9163,83,A3,0.162359,0.106829,1
20210205T151709,20210218T131636,12.9163,84,A3,0.101924,0.516083,0
20210205T151709,20210218T131636,12.9163,85,A3,-0.226874,0.070494,1
20210205T151709,20210218T131636,12.9163,86,A3,-0.076029,1.186266,0
20210205T151709,20210218T131636,12.9163,87,A3,0.080996,0.000000,1
20210205T151709,20210218T131636,12.9163,88,A3,0.135368,0.105383,0
20210205T151709,20210218T131636,12.9163,89,A3,0.120482,0.521265,1
20210205T151709,20210218T131636,12.9163,90,A3,0.052180,0.037246,1
20210205T151709,20210218T131636,12.9163,91,A3,-0.066008,0.676931,1
20210205T151709,20210218T131636,12.9163,92,A3,-0.223227,0.330336,0
20210205T151709,20210218T131636,12.9163,93,A3,-0.096130,0.635703,0
20210205T151709,20210218T131636,12.9163,94,A3,0.218869,0.072263,1
20210205T151709,20210218T131636,12.9163,95,A3,0.332624,0.149741,0
20210205T151709,20210218T131636,12.9163,96,A3,-0.023126,0.303494,0
20210205T151709,20210218T131636,12.9163,97,A4,0.629619,0.153869,1
20210205T151709,20210218T131636,12.9163,98,A4,0.326650,0.088950,1
20210205T151709,20210218T131636,12.9163,99,A4,0.403653,0.264723,0
20210205T151709,20210218T131636,12.9163,100,A4,-0.000746,0.520765,1
20210205T151709,20210218T131636,12.9163,101,A4,0.571727,0.441611,1
20210205T151709,20210218T131636,12.9163,102,A4,0.457339,0.264595,0
20210205T151709,20210218T131636,12.9163,103,A4,0.787208,0.042055,1
20210205T151709,20210218T131636,12.9163,104,A4,0.867489,0.248218,1
20210205T151709,20210218T131636,12.9163,105,A4,0.150904,0.694620,1
20210205T151709,20210218T131636,12.9163,106,A4,0.133283,0.096139,1
20210205T151709,20210218T131636,12.9163,107,A4,0.279214,0.032507,1
20210205T151709,20210218T131636,12.9163,108,A4,0.045326,1.829501,0
20210205T151709,20210218T131636,12.9163,109,A4,0.094480,0.095307,1
20210205T151709,20210218T131636,12.9163,110,A4,0.214927,0.354048,1
20210205T151709,20210218T131636,12.9163,111,A4,0.338559,0.073206,1
20210205T151709,20210218T131636,12.9163,112,A4,0.008216,0.116079,0
20210205T151709,20210218T131636,12.9163,113,A4,0.736936,0.064067,1
20210205T151709,20210218T131636,12.9163,114,A4,-0.758358,0.539891,0
20210205T151709,20210218T131636,12.9163,115,A4,0.685079,0.140454,1
20210205T151709,20210218T131636,12.9163,116,A4,0.131936,0.145966,0
20210205T151709,20210218T131636,12.9163,117,A4,0.931471,0.164391,1
20210205T151709,20210218T131636,12.9163,118,A4,0.522708,0.131678,1
20210205T151709,20210218T131636,12.9163,119,A4,0.351034,0.486688,0
20210205T151709,20210218T131636,12.9163,120,A4,0.925196,0.127783,1
20210205T151709,20210218T131636,12.9163,121,A4,0.106346,0.216493,0
20210205T151709,20210218T131636,12.9163,122,A4,-0.325916,0.332998,0
20210205T151709,20210218T131636,12.9163,123,A4,-0.342166,0.197774,1
20210205T151709,20210218T131636,12.9163,124,A4,0.471442,0.243751,1
20210205T151709,20210218T131636,12.9163,125,A4,0.431098,0.202546,1
20210205T151709,20210218T131636,12.9163,126,A4,0.705614,0.129692,1
20210205T151709,20210218T131636,12.9163,127,A4,0.603527,0.112626,0
20210205T151709,20210218T131636,12.9163,128,A4,0.241704,0.177776,0
20210205T151709,20210218T131636,12.9163,129,A5,0.264278,1.294356,0
20210205T151709,20210218T131636,12.9163,130,A5,-0.211610,0.490764,0
20210205T151709,20210218T131636,12.9163,131,A5,-0.034964,0.441944,1
20210205T151709,20210218T131636,12.9163,132,A5,0.594986,0.000000,1
20210205T151709,20210218T131636,12.9163,133,A5,0.528226,0.510653,1
20210205T151709,20210218T131636,12.9163,134,A5,0.167527,0.556185,1
20210205T151709,20210218T131636,12.9163,135,A5,0.149866,0.160067,1
20210205T151709,20210218T131636,12.9163,136,A5,0.735918,0.059793,1
20210205T151709,20210218T131636,12.9163,137,A5,0.259005,0.689403,1
20210205T151709,20210218T131636,12.9163,138,A5,0.021760,0.377566,1
20210205T151709,20210218T131636,12.9163,139,A5,0.276577,1.179772,0
20210205T151709,20210218T131636,12.9163,140,A5,0.210786,0.698841,1
20210205T151709,20210218T131636,12.9163,141,A5,0.244921,0.220080,1
20210205T151709,20210218T131636,12.9163,142,A5,-0.154260,0.985759,1
20210205T151709,20210218T131636,12.9163,143,A5,0.253820,0.144716,1
20210205T151709,20210218T131636,12.9163,144,A5,0.030543,0.853196,1
20210205T151709,20210218T131636,12.9163,145,A5,0.160197,0.089872,1
20210205T151709,20210218T131636,12.9163,146,A5,-0.098088,0.950425,0
20210205T151709,20210218T131636,12.9163,147,A5,-0.132313,0.139009,1
20210205T151709,20210218T131636,12.9163,148,A5,-0.078287,0.367308,1
20210205T151709,20210218T131636,12.9163,149,A5,0.318384,0.554118,0
20210205T151709,20210218T131636,12.9163,150,A5,0.132373,0.283290,1
20210205T151709,20210218T131636,12.9163,151,A5,0.105803,0.140409,1
20210205T151709,20210218T131636,12.9163,152,A5,0.137187,0.224045,1
20210205T151709,20210218T131636,12.9163,153,A5,0.559602,0.112216,1
20210205T151709,20210218T131636,12.9163,154,A5,0.333101,0.427158,0
20210205T151709,20210218T131636,12.9163,155,A5,0.098856,0.572364,1
20210205T151709,20210218T131636,12.9163,156,A5,-0.049279,1.116667,0
20210205T151709,20210218T131636,12.9163,157,A5,-0.276214,1.029620,0
20210205T151709,20210218T131636,12.9163,158,A5,-0.076670,0.520985,0
20210205T151709,20210218T131636,12.9163,159,A5,-0.248457,0.095491,1
20210205T151709,20210218T131636,12.9163,160,A5,-0.159010,1.137924,0
20210205T151709,20210219T145809,13.9868,1,A1,-0.016122,0.944428,1
20210205T151709,20210219T145809,13.9868,2,A1,-0.469556,1.189338,0
20210205T151709,20210219T145809,13.9868,3,A1,-0.010702,0.507047,1
20210205T151709,20210219T145809,13.9868,4,A1,-0.529179,0.754311,1
20210205T151709,20210219T145809,13.9868,5,A1,-0.308989,0.308220,0
20210205T151709,20210219T145809,13.9868,6,A1,0.181110,0.255363,0
20210205T151709,20210219T145809,13.9868,7,A1,0.340560,0.217269,0
20210205T151709,20210219T145809,13.9868,8,A1,0.018185,0.020476,1
20210205T151709,20210219T145809,13.9868,9,A1,-0.123475,0.000000,1
20210205T151709,20210219T145809,13.9868,10,A1,-0.335564,0.761312,0
20210205T151709,20210219T145809,13.9868,11,A1,-0.236003,1.021490,0
20210205T151709,20210219T145809,13.9868,12,A1,0.209578,0.239109,1
20210205T151709,20210219T145809,13.9868,13,A1,0.165723,0.295982,1
20210205T151709,20210219T145809,13.9868,14,A1,-0.190771,0.733977,1
20210205T151709,20210219T145809,13.9868,15,A1,-0.114084,0.282032,1
20210205T151709,20210219T145809,13.9868,16,A1,0.054127,1.136700,0
20210205T151709,20210219T145809,13.9868,17,A1,0.156153,0.598717,0
20210205T151709,20210219T145809,13.9868,18,A1,0.281268,0.052495,0
20210205T151709,20210219T145809,13.9868,19,A1,-0.161130,0.142575,1
20210205T151709,20210219T145809,13.9868,20,A1,0.691756,0.240223,1
20210205T151709,20210219T145809,13.9868,21,A1,0.193272,0.505414,1
20210205T151709,20210219T145809,13.9868,22,A1,-0.179099,0.021516,1
20210205T151709,20210219T145809,13.9868,23,A1,0.367831,0.206089,1
20210205T151709,20210219T145809,13.9868,24,A1,0.814026,0.125439,1
20210205T151709,20210219T145809,13.9868,25,A1,0.112396,1.185314,0
20210205T151709,20210219T145809,13.9868,26,A1,0.877436,0.000000,1
20210205T151709,20210219T145809,13.9868,27,A1,0.222376,0.351452,0
20210205T151709,20210219T145809,13.9868,28,A1,0.826392,0.000000,1
20210205T151709,20210219T145809,13.9868,29,A1,0.120531,1.104187,0
20210205T151709,20210219T145809,13.9868,30,A1,-0.016225,0.130454,0
20210205T151709,20210219T145809,13.9868,31,A1,0.053322,0.501157,0
20210205T151709,20210219T145809,13.9868,32,A1,0.137722,0.855107,0
20210205T151709,20210219T145809,13.9868,33,A2,-0.164508,0.696768,0
20210205T151709,20210219T145809,13.9868,34,A2,-0.285701,0.141474,1
20210205T151709,20210219T145809,13.9868,35,A2,0.075420,0.599178,0
20210205T151709,20210219T145809,13.9868,36,A2,-0.246340,0.614195,0
20210205T151709,20210219T145809,13.9868,37,A2,0.092519,0.337676,0
20210205T151709,20210219T145809,13.9868,38,A2,0.103324,0.507734,1
20210205T151709,20210219T145809,13.9868,39,A2,-0.186826,0.672999,1
20210205T151709,20210219T145809,13.9868,40,A2,0.170611,0.146582,1
20210205T151709,20210219T145809,13.9868,41,A2,-0.167628,1.177570,0
20210205T151709,20210219T145809,13.9868,42,A2,-0.034161,0.284221,1
20210205T151709,20210219T145809,13.9868,43,A2,0.068196,0.015956,1
20210205T151709,20210219T145809,13.9868,44,A2,-0.107343,0.034537,1
20210205T151709,20210219T145809,13.9868,45,A2,-0.303058,0.222292,1
20210205T151709,20210219T145809,13.9868,46,A2,0.150774,1.129792,0
20210205T151709,20210219T145809,13.9868,47,A2,0.401407,0.888959,1
20210205T151709,20210219T145809,13.9868,48,A2,-0.130074,0.092802,1
20210205T151709,20210219T145809,13.9868,49,A2,0.499057,0.226621,1
20210205T151709,20210219T145809,13.9868,50,A2,-0.087521,0.320323,0
20210205T151709,20210219T145809,13.9868,51,A2,-0.172703,0.189176,1
20210205T151709,20210219T145809,13.9868,52,A2,0.073528,0.301199,0
20210205T151709,20210219T145809,13.9868,53,A2,-0.165239,0.801948,0
20210205T151709,20210219T145809,13.9868,54,A2,0.724617,0.431949,1
20210205T151709,20210219T145809,13.9868,55,A2,0.848072,0.253183,1
20210205T151709,20210219T145809,13.9868,56,A2,-0.257256,0.402808,0
20210205T151709,20210219T145809,13.9868,57,A2,0.007501,0.670749,0
20210205T151709,20210219T145809,13.9868,58,A2,0.034485,1.960880,0
20210205T151709,20210219T145809,13.9868,59,A2,0.316710,0.370071,1
20210205T151709,20210219T145809,13.9868,60,A2,-0.337865,0.207834,0
20210205T151709,20210219T145809,13.9868,61,A2,-0.255327,0.958130,1
20210205T151709,20210219T145809,13.9868,62,A2,-0.079268,0.271798,1
20210205T151709,20210219T145809,13.9868,63,A2,0.180798,0.802085,1
20210205T151709,20210219T145809,13.9868,64,A2,-0.107406,0.026364,1
20210205T151709,20210219T145809,13.9868,65,A3,0.033245,1.821338,0
20210205T151709,20210219T145809,13.9868,66,A3,0.426348,0.740622,1
20210205T151709,20210219T145809,13.9868,67,A3,-0.241357,0.182003,1
20210205T151709,20210219T145809,13.9868,68,A3,-0.126072,0.336620,0
20210205T151709,20210219T145809,13.9868,69,A3,-0.410896,0.656675,1
20210205T151709,20210219T145809,13.9868,70,A3,-0.024767,1.027609,0
20210205T151709,20210219T145809,13.9868,71,A3,-0.000113,0.078863,0
20210205T151709,20210219T145809,13.9868,72,A3,-0.162172,0.816530,0
20210205T151709,20210219T145809,13.9868,73,A3,-0.019756,0.398301,1
20210205T151709,20210219T145809,13.9868,74,A3,0.142365,0.074341,0
20210205T151709,20210219T145809,13.9868,75,A3,-0.144065,0.515354,0
20210205T151709,20210219T145809,13.9868,76,A3,-0.364318,0.397412,1
20210205T151709,20210219T145809,13.9868,77,A3,-0.297665,0.088775,1
20210205T151709,20210219T145809,13.9868,78,A3,0.104713,0.000000,1
20210205T151709,20210219T145809,13.9868,79,A3,0.003160,1.979630,0
20210205T151709,20210219T145809,13.9868,80,A3,-0.123224,0.208322,1
20210205T151709,20210219T145809,13.9868,81,A3,0.069512,0.234656,0
20210205T151709,20210219T145809,13.9868,82,A3,-0.130839,0.262602,1
20210205T151709,20210219T145809,13.9868,83,A3,-0.110508,0.180656,0
20210205T151709,20210219T145809,13.9868,84,A3,-0.150176,0.560497,0
20210205T151709,20210219T145809,13.9868,85,A3,0.220216,0.012548,1
20210205T151709,20210219T145809,13.9868,86,A3,0.153074,1.520098,0
20210205T151709,20210219T145809,13.9868,87,A3,-0.061900,1.026237,0
20210205T151709,20210219T145809,13.9868,88,A3,-0.297535,0.001654,1
20210205T151709,20210219T145809,13.9868,89,A3,-0.257080,0.471124,1
20210205T151709,20210219T145809,13.9868,90,A3,0.370214,0.290728,0
20210205T151709,20210219T145809,13.9868,91,A3,-0.032962,0.707697,1
20210205T151709,20210219T145809,13.9868,92,A3,0.154820,0.116108,1
20210205T151709,20210219T145809,13.9868,93,A3,-0.283203,0.520858,1
20210205T151709,20210219T145809,13.9868,94,A3,-0.029511,0.978932,0
20210205T151709,20210219T145809,13.9868,95,A3,-0.089966,0.036672,0
20210205T151709,20210219T145809,13.9868,96,A3,0.235730,0.135354,1
20210205T151709,20210219T145809,13.9868,97,A4,0.501684,0.229715,1
20210205T151709,20210219T145809,13.9868,98,A4,0.297954,0.112873,1
20210205T151709,20210219T145809,13.9868,99,A4,0.092458,0.163690,0
20210205T151709,20210219T145809,13.9868,100,A4,0.180880,0.277717,1
20210205T151709,20210219T145809,13.9868,101,A4,0.554657,0.157790,1
20210205T151709,20210219T145809,13.9868,102,A4,0.189723,0.247070,0
20210205T151709,20210219T145809,13.9868,103,A4,0.334369,0.164215,1
20210205T151709,20210219T145809,13.9868,104,A4,0.437916,0.387874,0
20210205T151709,20210219T145809,13.9868,105,A4,0.133740,0.653626,1
20210205T151709,20210219T145809,13.9868,106,A4,-0.149447,0.047342,1
20210205T151709,20210219T145809,13.9868,107,A4,-0.267027,0.032026,1
20210205T151709,20210219T145809,13.9868,108,A4,0.244141,0.948168,1
20210205T151709,20210219T145809,13.9868,109,A4,-0.241346,0.454432,1
20210205T151709,20210219T145809,13.9868,110,A4,-0.213220,0.281697,0
20210205T151709,20210219T145809,13.9868,111,A4,0.137633,0.057965,1
20210205T151709,20210219T145809,13.9868,112,A4,-0.384712,0.142308,0
20210205T151709,20210219T145809,13.9868,113,A4,0.676046,0.021212,1
20210205T151709,20210219T145809,13.9868,114,A4,-0.707638,0.533206,0
20210205T151709,20210219T145809,13.9868,115,A4,0.713319,0.053066,1
20210205T151709,20210219T145809,13.9868,116,A4,0.322131,0.186104,0
20210205T151709,20210219T145809,13.9868,117,A4,0.813149,0.287198,1
20210205T151709,20210219T145809,13.9868,118,A4,0.360477,0.195581,0
20210205T151709,20210219T145809,13.9868,119,A4,0.098351,0.378125,0
20210205T151709,20210219T145809,13.9868,120,A4,0.851997,0.389725,1
20210205T151709,20210219T145809,13.9868,121,A4,-0.444244,0.013091,1
20210205T151709,20210219T145809,13.9868,122,A4,-0.599696,0.475048,0
20210205T151709,20210219T145809,13.9868,123,A4,-0.063777,0.213618,1
20210205T151709,20210219T145809,13.9868,124,A4,0.106249,0.280143,0
20210205T151709,20210219T145809,13.9868,125,A4,0.362188,0.234984,1
20210205T151709,20210219T145809,13.9868,126,A4,0.456450,0.210541,0
20210205T151709,20210219T145809,13.9868,127,A4,0.413502,0.236866,0
20210205T151709,20210219T145809,13.9868,128,A4,0.068202,0.211364,0
20210205T151709,20210219T145809,13.9868,129,A5,0.450501,0.551646,0
20210205T151709,20210219T145809,13.9868,130,A5,-0.015420,0.362857,1
20210205T151709,20210219T145809,13.9868,131,A5,-0.179143,0.089702,1
20210205T151709,20210219T145809,13.9868,132,A5,0.353964,0.249824,1
20210205T151709,20210219T145809,13.9868,133,A5,0.495018,0.338518,1
20210205T151709,20210219T145809,13.9868,134,A5,0.239076,0.648175,1
20210205T151709,20210219T145809,13.9868,135,A5,0.232571,0.123415,1
20210205T151709,20210219T145809,13.9868,136,A5,0.677987,0.055866,1
20210205T151709,20210219T145809,13.9868,137,A5,0.337277,0.825005,1
20210205T151709,20210219T145809,13.9868,138,A5,-0.139233,0.048670,0
20210205T151709,20210219T145809,13.9868,139,A5,0.055498,0.056324,1
20210205T151709,20210219T145809,13.9868,140,A5,-0.038095,0.294496,1
20210205T151709,20210219T145809,13.9868,141,A5,0.375926,0.660262,1
20210205T151709,20210219T145809,13.9868,142,A5,0.295934,0.214015,1
20210205T151709,20210219T145809,13.9868,143,A5,0.036729,1.123915,0
20210205T151709,20210219T145809,13.9868,144,A5,0.057506,2.000000,0
20210205T151709,20210219T145809,13.9868,145,A5,0.202096,0.088604,1
20210205T151709,20210219T145809,13.9868,146,A5,0.003477,0.468832,1
20210205T151709,20210219T145809,13.9868,147,A5,0.309785,0.394857,1
20210205T151709,20210219T145809,13.9868,148,A5,0.163839,0.976780,0
20210205T151709,20210219T145809,13.9868,149,A5,-0.282556,0.104317,0
20210205T151709,20210219T145809,13.9868,150,A5,-0.144495,1.288979,0
20210205T151709,20210219T145809,13.9868,151,A5,0.250832,0.013729,1
20210205T151709,20210219T145809,13.9868,152,A5,-0.146577,0.318473,1
20210205T151709,20210219T145809,13.9868,153,A5,0.545175,0.060996,1
20210205T151709,20210219T145809,13.9868,154,A5,-0.073837,0.365514,0
20210205T151709,20210219T145809,13.9868,155,A5,0.357955,0.310143,1
20210205T151709,20210219T145809,13.9868,156,A5,0.067887,0.010151,1
20210205T151709,20210219T145809,13.9868,157,A5,0.198282,1.066239,0
20210205T151709,20210219T145809,13.9868,158,A5,0.312114,0.451373,0
20210205T151709,20210219T145809,13.9868,159,A5,0.044133,0.708258,0
20210205T151709,20210219T145809,13.9868,160,A5,-0.035493,0.150156,1
20210205T151709,20210610T132106,124.9194,1,A1,0.131034,2.000000,0
20210205T151709,20210610T132106,124.9194,2,A1,0.118895,0.126402,1
20210205T151709,20210610T132106,124.9194,3,A1,0.201034,0.137843,1
20210205T151709,20210610T132106,124.9194,4,A1,-0.063271,0.477493,1
20210205T151709,20210610T132106,124.9194,5,A1,0.464057,0.265215,1
20210205T151709,20210610T132106,124.9194,6,A1,-0.376554,0.239415,0
20210205T151709,20210610T132106,124.9194,7,A1,-0.187236,0.122192,1
20210205T151709,20210610T132106,124.9194,8,A1,-0.222659,0.369225,0
20210205T151709,20210610T132106,124.9194,9,A1,-0.184580,2.000000,0
20210205T151709,20210610T132106,124.9194,10,A1,0.275789,0.364950,0
20210205T151709,20210610T132106,124.9194,11,A1,-0.250718,0.054062,0
20210205T151709,20210610T132106,124.9194,12,A1,0.297308,0.257874,0
20210205T151709,20210610T132106,124.9194,13,A1,-0.355333,0.446389,0
20210205T151709,20210610T132106,124.9194,14,A1,-0.039286,0.033768,1
20210205T151709,20210610T132106,124.9194,15,A1,-0.003288,0.160059,1
20210205T151709,20210610T132106,124.9194,16,A1,-0.020915,0.509298,0
20210205T151709,20210610T132106,124.9194,17,A1,0.149057,0.153797,1
20210205T151709,20210610T132106,124.9194,18,A1,-0.165034,0.223876,0
20210205T151709,20210610T132106,124.9194,19,A1,0.053168,0.801539,1
20210205T151709,20210610T132106,124.9194,20,A1,0.317311,0.117975,1
20210205T151709,20210610T132106,124.9194,21,A1,0.045249,0.006119,1
20210205T151709,20210610T132106,124.9194,22,A1,0.005372,0.266328,1
20210205T151709,20210610T132106,124.9194,23,A1,-0.286341,0.430327,0
20210205T151709,20210610T132106,124.9194,24,A1,-0.519292,1.874561,0
20210205T151709,20210610T132106,124.9194,25,A1,-0.116957,0.356381,0
20210205T151709,20210610T132106,124.9194,26,A1,0.040555,1.055147,0
20210205T151709,20210610T132106,124.9194,27,A1,0.111162,1.057484,0
20210205T151709,20210610T132106,124.9194,28,A1,0.095384,1.169828,0
20210205T151709,20210610T132106,124.9194,29,A1,0.084477,0.356556,1
20210205T151709,20210610T132106,124.9194,30,A1,-0.058039,0.293963,1
20210205T151709,20210610T132106,124.9194,31,A1,-0.250832,0.641982,0
20210205T151709,20210610T132106,124.9194,32,A1,0.055771,0.968422,1
20210205T151709,20210610T132106,124.9194,33,A2,0.475777,0.038199,1
20210205T151709,20210610T132106,124.9194,34,A2,-0.042126,0.125218,1
20210205T151709,20210610T132106,124.9194,35,A2,0.128145,0.210451,1
20210205T151709,20210610T132106,124.9194,36,A2,0.038675,0.498913,1
20210205T151709,20210610T132106,124.9194,37,A2,0.163559,1.285605,0
20210205T151709,20210610T132106,124.9194,38,A2,-0.012235,0.229562,1
20210205T151709,20210610T132106,124.9194,39,A2,0.068684,1.224786,0
20210205T151709,20210610T132106,124.9194,40,A2,0.098340,0.980323,1
20210205T151709,20210610T132106,124.9194,41,A2,0.325638,0.311652,1
20210205T151709,20210610T132106,124.9194,42,A2,-0.009974,0.713546,1
20210205T151709,20210610T132106,124.9194,43,A2,0.233825,0.788369,1
20210205T151709,20210610T132106,124.9194,44,A2,-0.229535,0.312168,1
20210205T151709,20210610T132106,124.9194,45,A2,0.344709,0.288333,1
20210205T151709,20210610T132106,124.9194,46,A2,-0.014229,0.080248,1
20210205T151709,20210610T132106,124.9194,47,A2,-0.074529,1.952668,0
20210205T151709,20210610T132106,124.9194,48,A2,-0.009811,0.781612,1
20210205T151709,20210610T132106,124.9194,49,A2,0.301754,0.116031,1
20210205T151709,20210610T132106,124.9194,50,A2,-0.119179,0.327952,0
20210205T151709,20210610T132106,124.9194,51,A2,-0.126738,0.690973,1
20210205T151709,20210610T132106,124.9194,52,A2,0.121700,0.102896,1
20210205T151709,20210610T132106,124.9194,53,A2,-0.008271,0.823029,1
20210205T151709,20210610T132106,124.9194,54,A2,0.432446,0.115947,0
20210205T151709,20210610T132106,124.9194,55,A2,0.098943,0.061637,1
20210205T151709,20210610T132106,124.9194,56,A2,-0.072352,0.180620,1
20210205T151709,20210610T132106,124.9194,57,A2,0.083934,0.251550,1
20210205T151709,20210610T132106,124.9194,58,A2,0.127017,0.000000,1
20210205T151709,20210610T132106,124.9194,59,A2,0.274193,0.870331,1
20210205T151709,20210610T132106,124.9194,60,A2,-0.092696,0.017703,1
20210205T151709,20210610T132106,124.9194,61,A2,-0.092221,0.000000,1
20210205T151709,20210610T132106,124.9194,62,A2,-0.017622,0.285366,1
20210205T151709,20210610T132106,124.9194,63,A2,0.110739,0.088511,1
20210205T151709,20210610T132106,124.9194,64,A2,-0.295423,0.216686,0
20210205T151709,20210610T132106,124.9194,65,A3,-0.085800,0.165738,1
20210205T151709,20210610T132106,124.9194,66,A3,-0.196325,0.863575,1
20210205T151709,20210610T132106,124.9194,67,A3,0.195559,0.238956,0
20210205T151709,20210610T132106,124.9194,68,A3,-0.192722,0.218885,1
20210205T151709,20210610T132106,124.9194,69,A3,0.048478,1.672728,0
20210205T151709,20210610T132106,124.9194,70,A3,0.249714,2.000000,0
20210205T151709,20210610T132106,124.9194,71,A3,-0.120112,0.114803,1
20210205T151709,20210610T132106,124.9194,72,A3,-0.145415,0.656177,1
20210205T151709,20210610T132106,124.9194,73,A3,0.334130,0.206331,1
20210205T151709,20210610T132106,124.9194,74,A3,0.091310,0.482610,1
20210205T151709,20210610T132106,124.9194,75,A3,0.133627,0.436521,0
20210205T151709,20210610T132106,124.9194,76,A3,-0.345577,1.407838,0
20210205T151709,20210610T132106,124.9194,77,A3,0.126664,0.051000,1
20210205T151709,20210610T132106,124.9194,78,A3,-0.175711,1.044895,0
20210205T151709,20210610T132106,124.9194,79,A3,-0.060222,0.720275,1
20210205T151709,20210610T132106,124.9194,80,A3,-0.149984,0.198571,1
20210205T151709,20210610T132106,124.9194,81,A3,-0.190486,0.521309,1
20210205T151709,20210610T132106,124.9194,82,A3,-0.196704,0.193738,1
20210205T151709,20210610T132106,124.9194,83,A3,-0.040488,0.256553,1
20210205T151709,20210610T132106,124.9194,84,A3,-0.363065,0.356952,1
20210205T151709,20210610T132106,124.9194,85,A3,0.035935,0.088435,0
20210205T151709,20210610T132106,124.9194,86,A3,0.011505,1.202351,0
20210205T151709,20210610T132106,124.9194,87,A3,0.118088,0.461512,1
20210205T151709,20210610T132106,124.9194,88,A3,0.252661,0.471868,0
20210205T151709,20210610T132106,124.9194,89,A3,-0.039845,0.607406,0
20210205T151709,20210610T132106,124.9194,90,A3,0.056545,0.127473,0
20210205T151709,20210610T132106,124.9194,91,A3,-0.114928,1.708968,0
20210205T151709,20210610T132106,124.9194,92,A3,0.235114,0.855927,1
20210205T151709,20210610T132106,124.9194,93,A3,0.217316,0.733998,0
20210205T151709,20210610T132106,124.9194,94,A3,0.122893,0.796474,1
20210205T151709,20210610T132106,124.9194,95,A3,-0.045953,0.181970,0
20210205T151709,20210610T132106,124.9194,96,A3,0.124445,0.221462,1
20210205T151709,20210610T132106,124.9194,97,A4,-0.398967,0.050173,1
20210205T151709,20210610T132106,124.9194,98,A4,0.561628,0.053053,1
20210205T151709,20210610T132106,124.9194,99,A4,0.101193,0.141002,1
20210205T151709,20210610T132106,124.9194,100,A4,-0.213980,0.512982,0
20210205T151709,20210610T132106,124.9194,101,A4,-0.244065,0.237166,0
20210205T151709,20210610T132106,124.9194,102,A4,0.796178,0.220581,1
20210205T151709,20210610T132106,124.9194,103,A4,0.602366,0.059380,1
20210205T151709,20210610T132106,124.9194,104,A4,0.265317,0.053207,1
20210205T151709,20210610T132106,124.9194,105,A4,0.527978,0.638800,1
20210205T151709,20210610T132106,124.9194,106,A4,-0.101142,0.236155,1
20210205T151709,20210610T132106,124.9194,107,A4,0.080049,0.203211,1
20210205T151709,20210610T132106,124.9194,108,A4,0.145968,1.063417,0
20210205T151709,20210610T132106,124.9194,109,A4,0.012835,0.121806,1
20210205T151709,20210610T132106,124.9194,110,A4,0.032897,0.153825,1
20210205T151709,20210610T132106,124.9194,111,A4,0.312115,0.164618,1
20210205T151709,20210610T132106,124.9194,112,A4,0.527353,0.058543,1
20210205T151709,20210610T132106,124.9194,113,A4,-0.139710,0.287400,0
20210205T151709,20210610T132106,124.9194,114,A4,-0.718344,0.538786,0
20210205T151709,20210610T132106,124.9194,115,A4,-0.553825,0.673453,0
20210205T151709,20210610T132106,124.9194,116,A4,0.584254,0.237429,1
20210205T151709,20210610T132106,124.9194,117,A4,0.734670,0.018834,1
20210205T151709,20210610T132106,124.9194,118,A4,0.545622,0.111574,1
20210205T151709,20210610T132106,124.9194,119,A4,0.302892,0.334949,1
20210205T151709,20210610T132106,124.9194,120,A4,0.525013,0.818222,1
20210205T151709,20210610T132106,124.9194,121,A4,0.067386,0.247680,0
20210205T151709,20210610T132106,124.9194,122,A4,0.465637,0.071988,1
20210205T151709,20210610T132106,124.9194,123,A4,0.769133,0.078321,1
20210205T151709,20210610T132106,124.9194,124,A4,-0.143218,0.013633,1
20210205T151709,20210610T132106,124.9194,125,A4,0.669753,0.019864,1
20210205T151709,20210610T132106,124.9194,126,A4,0.703324,0.093907,1
20210205T151709,20210610T132106,124.9194,127,A4,0.271780,0.046003,0
20210205T151709,20210610T132106,124.9194,128,A4,0.335189,0.030223,1
20210205T151709,20210610T132106,124.9194,129,A5,-0.037985,0.705644,1
20210205T151709,20210610T132106,124.9194,130,A5,-0.079116,1.046518,0
20210205T151709,20210610T132106,124.9194,131,A5,0.043153,0.679279,0
20210205T151709,20210610T132106,124.9194,132,A5,0.149694,2.000000,0
20210205T151709,20210610T132106,124.9194,133,A5,-0.623525,0.782374,1
20210205T151709,20210610T132106,124.9194,134,A5,-0.050502,0.043417,1
20210205T151709,20210610T132106,124.9194,135,A5,-0.003383,0.343623,0
20210205T151709,20210610T132106,124.9194,136,A5,0.644924,0.092663,1
20210205T151709,20210610T132106,124.9194,137,A5,0.319946,0.355580,1
20210205T151709,20210610T132106,124.9194,138,A5,-0.067968,0.968467,1
20210205T151709,20210610T132106,124.9194,139,A5,0.163482,0.011204,1
20210205T151709,20210610T132106,124.9194,140,A5,-0.043943,1.301159,0
20210205T151709,20210610T132106,124.9194,141,A5,-0.063908,0.334925,0
20210205T151709,20210610T132106,124.9194,142,A5,-0.069523,0.047669,0
20210205T151709,20210610T132106,124.9194,143,A5,-0.288527,0.303179,1
20210205T151709,20210610T132106,124.9194,144,A5,0.105921,0.019765,1
20210205T151709,20210610T132106,124.9194,145,A5,-0.037424,0.863806,0
20210205T151709,20210610T132106,124.9194,146,A5,-0.078612,1.554694,0
20210205T151709,20210610T132106,124.9194,147,A5,-0.503724,0.655491,0
20210205T151709,20210610T132106,124.9194,148,A5,-0.140549,0.350755,1
20210205T151709,20210610T132106,124.9194,149,A5,-0.195859,0.452322,1
20210205T151709,20210610T132106,124.9194,150,A5,0.086517,0.904955,0
20210205T151709,20210610T132106,124.9194,151,A5,-0.187561,0.375332,1
20210205T151709,20210610T132106,124.9194,152,A5,0.216596,0.199441,1
20210205T151709,20210610T132106,124.9194,153,A5,-0.169595,0.075295,1
20210205T151709,20210610T132106,124.9194,154,A5,0.181515,0.870219,0
20210205T151709,20210610T132106,124.9194,155,A5,-0.246878,0.310143,1
20210205T151709,20210610T132106,124.9194,156,A5,0.040540,0.312966,0
20210205T151709,20210610T132106,124.9194,157,A5,-0.084447,0.149707,1
20210205T151709,20210610T132106,124.9194,158,A5,-0.327572,0.582410,1
20210205T151709,20210610T132106,124.9194,159,A5,0.191682,0.837383,0
20210205T151709,20210610T132106,124.9194,160,A5,0.127641,0.376246,1
20210205T151709,20210618T123111,132.8847,1,A1,-0.278352,0.637433,1
20210205T151709,20210618T123111,132.8847,2,A1,-0.143399,0.268195,0
20210205T151709,20210618T123111,132.8847,3,A1,-0.037937,0.842594,0
20210205T151709,20210618T123111,132.8847,4,A1,-0.450751,1.233090,0
20210205T151709,20210618T123111,132.8847,5,A1,-0.124997,1.216053,0
20210205T151709,20210618T123111,132.8847,6,A1,-0.030275,0.767289,1
20210205T151709,20210618T123111,132.8847,7,A1,-0.231219,0.493557,1
20210205T151709,20210618T123111,132.8847,8,A1,0.066196,0.481525,0
20210205T151709,20210618T123111,132.8847,9,A1,0.358166,0.844660,1
20210205T151709,20210618T123111,132.8847,10,A1,-0.152006,1.044124,0
20210205T151709,20210618T123111,132.8847,11,A1,0.050192,0.978510,1
20210205T151709,20210618T123111,132.8847,12,A1,0.080226,0.498473,0
20210205T151709,20210618T123111,132.8847,13,A1,0.204411,0.132249,1
20210205T151709,20210618T123111,132.8847,14,A1,-0.024955,0.178670,1
20210205T151709,20210618T123111,132.8847,15,A1,0.133407,0.667682,1
20210205T151709,20210618T123111,132.8847,16,A1,-0.176279,0.221723,1
20210205T151709,20210618T123111,132.8847,17,A1,-0.242824,0.713515,1
20210205T151709,20210618T123111,132.8847,18,A1,-0.092127,0.215535,1
20210205T151709,20210618T123111,132.8847,19,A1,0.158518,0.308688,0
20210205T151709,20210618T123111,132.8847,20,A1,0.145543,0.014587,1
20210205T151709,20210618T123111,132.8847,21,A1,0.293504,0.198924,1
20210205T151709,20210618T123111,132.8847,22,A1,0.258773,0.190346,0
20210205T151709,20210618T123111,132.8847,23,A1,0.288965,0.079714,1
20210205T151709,20210618T123111,132.8847,24,A1,-0.610624,1.874561,0
20210205T151709,20210618T123111,132.8847,25,A1,-0.246114,0.422035,0
20210205T151709,20210618T123111,132.8847,26,A1,-0.211906,1.857796,0
20210205T151709,20210618T123111,132.8847,27,A1,-0.098984,0.154245,1
20210205T151709,20210618T123111,132.8847,28,A1,0.100882,0.000000,1
20210205T151709,20210618T123111,132.8847,29,A1,-0.175511,0.627954,0
20210205T151709,20210618T123111,132.8847,30,A1,-0.119095,0.247345,0
20210205T151709,20210618T123111,132.8847,31,A1,0.123323,0.712418,0
20210205T151709,20210618T123111,132.8847,32,A1,0.217381,0.968422,1
20210205T151709,20210618T123111,132.8847,33,A2,0.126162,0.060272,1
20210205T151709,20210618T123111,132.8847,34,A2,0.095980,0.140727,1
20210205T151709,20210618T123111,132.8847,35,A2,0.395029,0.137738,1
20210205T151709,20210618T123111,132.8847,36,A2,-0.074110,0.417629,1
20210205T151709,20210618T123111,132.8847,37,A2,-0.039830,0.085373,1
20210205T151709,20210618T123111,132.8847,38,A2,0.222393,0.345595,1
20210205T151709,20210618T123111,132.8847,39,A2,0.193697,0.653240,1
20210205T151709,20210618T123111,132.8847,40,A2,-0.109157,0.331083,1
20210205T151709,20210618T123111,132.8847,41,A2,0.013095,0.822430,1
20210205T151709,20210618T123111,132.8847,42,A2,0.165921,0.563086,0
20210205T151709,20210618T123111,132.8847,43,A2,0.055984,0.359209,1
20210205T151709,20210618T123111,132.8847,44,A2,-0.020067,0.002207,1
20210205T151709,20210618T123111,132.8847,45,A2,0.348422,0.168633,1
20210205T151709,20210618T123111,132.8847,46,A2,-0.210068,1.212315,0
20210205T151709,20210618T123111,132.8847,47,A2,0.186243,1.294346,0
20210205T151709,20210618T123111,132.8847,48,A2,0.020494,0.039989,1
20210205T151709,20210618T123111,132.8847,49,A2,0.576706,0.086251,1
20210205T151709,20210618T123111,132.8847,50,A2,-0.121923,0.033619,1
20210205T151709,20210618T123111,132.8847,51,A2,0.102326,0.720061,1
20210205T151709,20210618T123111,132.8847,52,A2,-0.218888,0.311424,1
20210205T151709,20210618T123111,132.8847,53,A2,0.118228,0.481569,1
20210205T151709,20210618T123111,132.8847,54,A2,0.269885,0.052483,0
20210205T151709,20210618T123111,132.8847,55,A2,0.422360,0.213595,1
20210205T151709,20210618T123111,132.8847,56,A2,-0.161723,0.111660,1
20210205T151709,20210618T123111,132.8847,57,A2,-0.160332,1.564920,0
20210205T151709,20210618T123111,132.8847,58,A2,-0.011416,0.974734,1
20210205T151709,20210618T123111,132.8847,59,A2,0.073567,1.030961,0
20210205T151709,20210618T123111,132.8847,60,A2,-0.104910,0.195563,1
20210205T151709,20210618T123111,132.8847,61,A2,-0.329405,1.215281,0
20210205T151709,20210618T123111,132.8847,62,A2,-0.100164,0.356232,0
20210205T151709,20210618T123111,132.8847,63,A2,0.246846,0.722956,1
20210205T151709,20210618T123111,132.8847,64,A2,-0.032734,0.171684,0
20210205T151709,20210618T123111,132.8847,65,A3,-0.251820,1.170600,0
20210205T151709,20210618T123111,132.8847,66,A3,0.219250,0.766511,1
20210205T151709,20210618T123111,132.8847,67,A3,0.004509,1.023052,0
20210205T151709,20210618T123111,132.8847,68,A3,-0.126899,0.099873,1
20210205T151709,20210618T123111,132.8847,69,A3,-0.116849,0.028771,1
20210205T151709,20210618T123111,132.8847,70,A3,0.201025,0.935487,1
20210205T151709,20210618T123111,132.8847,71,A3,0.341030,0.601329,1
20210205T151709,20210618T123111,132.8847,72,A3,-0.191512,0.588164,1
20210205T151709,20210618T123111,132.8847,73,A3,0.133788,0.266567,0
20210205T151709,20210618T123111,132.8847,74,A3,0.243671,0.048415,0
20210205T151709,20210618T123111,132.8847,75,A3,0.111019,0.196701,1
20210205T151709,20210618T123111,132.8847,76,A3,-0.128315,0.628474,0
20210205T151709,20210618T123111,132.8847,77,A3,0.125948,0.241841,1
20210205T151709,20210618T123111,132.8847,78,A3,0.288430,0.894652,1
20210205T151709,20210618T123111,132.8847,79,A3,0.071199,1.145584,0
20210205T151709,20210618T123111,132.8847,80,A3,0.389238,1.304581,0
20210205T151709,20210618T123111,132.8847,81,A3,-0.046667,0.182313,0
20210205T151709,20210618T123111,132.8847,82,A3,-0.205300,0.806453,0
20210205T151709,20210618T123111,132.8847,83,A3,0.233862,0.299051,1
20210205T151709,20210618T123111,132.8847,84,A3,-0.248294,0.591313,0
20210205T151709,20210618T123111,132.8847,85,A3,-0.137925,0.211786,1
20210205T151709,20210618T123111,132.8847,86,A3,-0.002200,1.091630,0
20210205T151709,20210618T123111,132.8847,87,A3,0.270501,0.978055,1
20210205T151709,20210618T123111,132.8847,88,A3,0.189380,0.137904,1
20210205T151709,20210618T123111,132.8847,89,A3,-0.130408,0.468012,1
20210205T151709,20210618T123111,132.8847,90,A3,0.065296,0.066899,1
20210205T151709,20210618T123111,132.8847,91,A3,0.119899,0.810525,0
20210205T151709,20210618T123111,132.8847,92,A3,-0.284890,0.094123,1
20210205T151709,20210618T123111,132.8847,93,A3,0.207665,0.891777,0
20210205T151709,20210618T123111,132.8847,94,A3,-0.156686,0.822339,0
20210205T151709,20210618T123111,132.8847,95,A3,0.145743,0.005346,1
20210205T151709,20210618T123111,132.8847,96,A3,-0.018243,0.398309,0
20210205T151709,20210618T123111,132.8847,97,A4,-0.325179,0.462350,1
20210205T151709,20210618T123111,132.8847,98,A4,-0.355910,0.145725,0
20210205T151709,20210618T123111,132.8847,99,A4,0.327201,0.277606,0
20210205T151709,20210618T123111,132.8847,100,A4,-0.024898,0.305496,1
20210205T151709,20210618T123111,132.8847,101,A4,-0.197632,0.912744,1
20210205T151709,20210618T123111,132.8847,102,A4,0.228431,0.063381,1
20210205T151709,20210618T123111,132.8847,103,A4,0.383704,0.117226,1
20210205T151709,20210618T123111,132.8847,104,A4,-0.093661,0.397347,0
20210205T151709,20210618T123111,132.8847,105,A4,0.245425,0.602610,1
20210205T151709,20210618T123111,132.8847,106,A4,-0.126349,0.091835,0
20210205T151709,20210618T123111,132.8847,107,A4,0.135313,0.085396,0
20210205T151709,20210618T123111,132.8847,108,A4,-0.239194,1.017386,0
20210205T151709,20210618T123111,132.8847,109,A4,0.391988,0.656163,0
20210205T151709,20210618T123111,132.8847,110,A4,0.279596,0.071784,0
20210205T151709,20210618T123111,132.8847,111,A4,0.250289,0.187843,1
20210205T151709,20210618T123111,132.8847,112,A4,0.169464,0.086939,0
20210205T151709,20210618T123111,132.8847,113,A4,-0.194840,0.366942,0
20210205T151709,20210618T123111,132.8847,114,A4,0.160958,0.275759,0
20210205T151709,20210618T123111,132.8847,115,A4,-0.154018,0.560386,0
20210205T151709,20210618T123111,132.8847,116,A4,0.809522,0.069396,1
20210205T151709,20210618T123111,132.8847,117,A4,0.179253,0.563481,1
20210205T151709,20210618T123111,132.8847,118,A4,0.713507,0.251695,1
20210205T151709,20210618T123111,132.8847,119,A4,0.602514,0.142151,1
20210205T151709,20210618T123111,132.8847,120,A4,0.664133,0.754286,1
20210205T151709,20210618T123111,132.8847,121,A4,-0.183291,0.516895,0
20210205T151709,20210618T123111,132.8847,122,A4,0.225522,0.481056,0
20210205T151709,20210618T123111,132.8847,123,A4,-0.182455,0.684508,0
20210205T151709,20210618T123111,132.8847,124,A4,-0.255528,0.041490,1
20210205T151709,20210618T123111,132.8847,125,A4,0.793200,0.055614,1
20210205T151709,20210618T123111,132.8847,126,A4,0.022110,0.121236,1
20210205T151709,20210618T123111,132.8847,127,A4,0.241347,0.278995,1
20210205T151709,20210618T123111,132.8847,128,A4,-0.065202,0.172490,1
20210205T151709,20210618T123111,132.8847,129,A5,-0.075116,0.116728,1
20210205T151709,20210618T123111,132.8847,130,A5,-0.150482,0.210150,1
20210205T151709,20210618T123111,132.8847,131,A5,0.123498,0.460735,1
20210205T151709,20210618T123111,132.8847,132,A5,-0.082727,0.799979,1
20210205T151709,20210618T123111,132.8847,133,A5,-0.064474,0.609744,1
20210205T151709,20210618T123111,132.8847,134,A5,0.137787,0.424122,1
20210205T151709,20210618T123111,132.8847,135,A5,-0.012721,0.078791,1
20210205T151709,20210618T123111,132.8847,136,A5,0.235981,0.322921,1
20210205T151709,20210618T123111,132.8847,137,A5,-0.182093,0.174779,1
20210205T151709,20210618T123111,132.8847,138,A5,-0.077591,0.023036,1
20210205T151709,20210618T123111,132.8847,139,A5,-0.093250,0.171600,1
20210205T151709,20210618T123111,132.8847,140,A5,-0.029947,0.307096,0
20210205T151709,20210618T123111,132.8847,141,A5,-0.003985,1.326953,0
20210205T151709,20210618T123111,132.8847,142,A5,0.139002,0.288186,1
20210205T151709,20210618T123111,132.8847,143,A5,-0.172016,1.043252,0
20210205T151709,20210618T123111,132.8847,144,A5,-0.007830,0.982951,1
20210205T151709,20210618T123111,132.8847,145,A5,0.061742,0.264169,1
20210205T151709,20210618T123111,132.8847,146,A5,-0.192108,0.416805,1
20210205T151709,20210618T123111,132.8847,147,A5,0.051289,0.416933,1
20210205T151709,20210618T123111,132.8847,148,A5,0.089401,1.649245,0
20210205T151709,20210618T123111,132.8847,149,A5,0.184815,0.093339,1
20210205T151709,20210618T123111,132.8847,150,A5,0.308003,0.220737,1
20210205T151709,20210618T123111,132.8847,151,A5,-0.083160,0.525437,0
20210205T151709,20210618T123111,132.8847,152,A5,0.087040,0.620596,1
20210205T151709,20210618T123111,132.8847,153,A5,0.144458,0.725628,0
20210205T151709,20210618T123111,132.8847,154,A5,0.054749,0.057917,1
20210205T151709,20210618T123111,132.8847,155,A5,-0.385856,0.111682,1
20210205T151709,20210618T123111,132.8847,156,A5,-0.357096,0.099141,1
20210205T151709,20210618T123111,132.8847,157,A5,-0.193644,1.098914,0
20210205T151709,20210618T123111,132.8847,158,A5,-0.071056,0.410827,1
20210205T151709,20210618T123111,132.8847,159,A5,0.070763,0.374411,0
20210205T151709,20210618T123111,132.8847,160,A5,-0.032637,0.344228,1
20210205T151709,20210623T140144,137.9476,1,A1,-0.050062,1.027141,0
20210205T151709,20210623T140144,137.9476,2,A1,-0.396546,0.299175,0
20210205T151709,20210623T140144,137.9476,3,A1,0.125051,0.300310,1
20210205T151709,20210623T140144,137.9476,4,A1,-0.304675,1.233090,0
20210205T151709,20210623T140144,137.9476,5,A1,0.244584,0.241910,0
20210205T151709,20210623T140144,137.9476,6,A1,0.096415,0.003932,1
20210205T151709,20210623T140144,137.9476,7,A1,0.066534,0.112531,1
20210205T151709,20210623T140144,137.9476,8,A1,0.005564,0.431378,0
20210205T151709,20210623T140144,137.9476,9,A1,0.698840,0.620734,1
20210205T151709,20210623T140144,137.9476,10,A1,-0.024562,0.015221,1
20210205T151709,20210623T140144,137.9476,11,A1,0.108294,0.073523,1
20210205T151709,20210623T140144,137.9476,12,A1,-0.000371,0.363274,0
20210205T151709,20210623T140144,137.9476,13,A1,0.186780,0.193817,1
20210205T151709,20210623T140144,137.9476,14,A1,-0.001807,0.133701,1
20210205T151709,20210623T140144,137.9476,15,A1,-0.116381,0.250879,1
20210205T151709,20210623T140144,137.9476,16,A1,0.336544,0.306371,0
20210205T151709,20210623T140144,137.9476,17,A1,0.077596,0.713515,1
20210205T151709,20210623T140144,137.9476,18,A1,-0.081871,0.133779,0
20210205T151709,20210623T140144,137.9476,19,A1,0.645349,0.107427,1
20210205T151709,20210623T140144,137.9476,20,A1,-0.025170,0.030509,1
20210205T151709,20210623T140144,137.9476,21,A1,0.319829,0.351459,1
20210205T151709,20210623T140144,137.9476,22,A1,0.014307,0.057442,1
20210205T151709,20210623T140144,137.9476,23,A1,0.114818,0.084545,1
20210205T151709,20210623T140144,137.9476,24,A1,-0.796497,1.874561,0
20210205T151709,20210623T140144,137.9476,25,A1,-0.211727,0.866946,0
20210205T151709,20210623T140144,137.9476,26,A1,0.199412,1.120846,0
20210205T151709,20210623T140144,137.9476,27,A1,-0.256345,0.211766,0
20210205T151709,20210623T140144,137.9476,28,A1,0.333858,2.000000,0
20210205T151709,20210623T140144,137.9476,29,A1,-0.039061,0.336584,1
20210205T151709,20210623T140144,137.9476,30,A1,0.080555,0.271204,0
20210205T151709,20210623T140144,137.9476,31,A1,-0.071525,1.069201,0
20210205T151709,20210623T140144,137.9476,32,A1,0.201915,0.968422,1
20210205T151709,20210623T140144,137.9476,33,A2,0.497613,0.147536,1
20210205T151709,20210623T140144,137.9476,34,A2,0.326229,0.184429,1
20210205T151709,20210623T140144,137.9476,35,A2,0.075887,0.567798,1
20210205T151709,20210623T140144,137.9476,36,A2,0.063442,0.486052,1
20210205T151709,20210623T140144,137.9476,37,A2,-0.099728,0.019656,1
20210205T151709,20210623T140144,137.9476,38,A2,0.129825,0.459293,1
20210205T151709,20210623T140144,137.9476,39,A2,-0.176742,0.542540,1
20210205T151709,20210623T140144,137.9476,40,A2,0.197143,1.019677,0
20210205T151709,20210623T140144,137.9476,41,A2,0.518509,0.271747,1
20210205T151709,20210623T140144,137.9476,42,A2,0.002141,0.948962,0
20210205T151709,20210623T140144,137.9476,43,A2,0.153801,0.433963,1
20210205T151709,20210623T140144,137.9476,44,A2,0.584446,0.133903,1
20210205T151709,20210623T140144,137.9476,45,A2,-0.451425,0.243703,1
20210205T151709,20210623T140144,137.9476,46,A2,-0.161452,0.766223,1
20210205T151709,20210623T140144,137.9476,47,A2,0.290546,0.994980,0
20210205T151709,20210623T140144,137.9476,48,A2,-0.250516,0.781612,1
20210205T151709,20210623T140144,137.9476,49,A2,0.134263,0.445407,1
20210205T151709,20210623T140144,137.9476,50,A2,-0.012312,0.142578,1
20210205T151709,20210623T140144,137.9476,51,A2,0.156585,0.536938,0
20210205T151709,20210623T140144,137.9476,52,A2,-0.088842,0.293407,0
20210205T151709,20210623T140144,137.9476,53,A2,-0.235339,0.324800,0
20210205T151709,20210623T140144,137.9476,54,A2,0.401128,0.056843,1
20210205T151709,20210623T140144,137.9476,55,A2,0.193662,0.210079,1
20210205T151709,20210623T140144,137.9476,56,A2,-0.214071,1.348994,0
20210205T151709,20210623T140144,137.9476,57,A2,-0.389226,0.672823,0
20210205T151709,20210623T140144,137.9476,58,A2,-0.038409,0.323800,1
20210205T151709,20210623T140144,137.9476,59,A2,0.412771,0.000000,1
20210205T151709,20210623T140144,137.9476,60,A2,-0.049135,0.227881,0
20210205T151709,20210623T140144,137.9476,61,A2,0.199721,0.514012,1
20210205T151709,20210623T140144,137.9476,62,A2,-0.025790,0.271716,1
20210205T151709,20210623T140144,137.9476,63,A2,0.113503,0.802085,1
20210205T151709,20210623T140144,137.9476,64,A2,-0.032392,0.953581,1
20210205T151709,20210623T140144,137.9476,65,A3,-0.196132,0.968213,0
20210205T151709,20210623T140144,137.9476,66,A3,-0.007844,0.800864,1
20210205T151709,20210623T140144,137.9476,67,A3,-0.103903,0.378840,0
20210205T151709,20210623T140144,137.9476,68,A3,0.119085,1.325090,0
20210205T151709,20210623T140144,137.9476,69,A3,-0.280927,0.694933,0
20210205T151709,20210623T140144,137.9476,70,A3,0.065550,1.004499,0
20210205T151709,20210623T140144,137.9476,71,A3,-0.067319,1.002859,0
20210205T151709,20210623T140144,137.9476,72,A3,-0.146761,0.739318,0
20210205T151709,20210623T140144,137.9476,73,A3,0.279046,0.415887,0
20210205T151709,20210623T140144,137.9476,74,A3,0.134466,0.260277,0
20210205T151709,20210623T140144,137.9476,75,A3,-0.169105,0.571035,1
20210205T151709,20210623T140144,137.9476,76,A3,0.210294,0.221781,1
20210205T151709,20210623T140144,137.9476,77,A3,0.062941,0.328156,0
20210205T151709,20210623T140144,137.9476,78,A3,-0.122844,0.934446,1
20210205T151709,20210623T140144,137.9476,79,A3,-0.096226,0.686319,1
20210205T151709,20210623T140144,137.9476,80,A3,0.064753,0.590288,1
20210205T151709,20210623T140144,137.9476,81,A3,-0.194079,0.184337,0
20210205T151709,20210623T140144,137.9476,82,A3,0.231581,0.646966,1
20210205T151709,20210623T140144,137.9476,83,A3,0.034358,0.830655,1
20210205T151709,20210623T140144,137.9476,84,A3,-0.050876,0.410653,1
20210205T151709,20210623T140144,137.9476,85,A3,0.126377,0.707515,0
20210205T151709,20210623T140144,137.9476,86,A3,0.086228,0.678620,1
20210205T151709,20210623T140144,137.9476,87,A3,0.000192,1.064400,0
20210205T151709,20210623T140144,137.9476,88,A3,-0.054833,0.204912,0
20210205T151709,20210623T140144,137.9476,89,A3,-0.194025,0.459367,1
20210205T151709,20210623T140144,137.9476,90,A3,-0.003626,0.484052,1
20210205T151709,20210623T140144,137.9476,91,A3,-0.229100,0.704767,1
20210205T151709,20210623T140144,137.9476,92,A3,-0.141740,0.268927,0
20210205T151709,20210623T140144,137.9476,93,A3,0.141413,1.622874,0
20210205T151709,20210623T140144,137.9476,94,A3,0.049432,0.694856,1
20210205T151709,20210623T140144,137.9476,95,A3,0.208105,0.013326,1
20210205T151709,20210623T140144,137.9476,96,A3,-0.229905,0.184079,0
20210205T151709,20210623T140144,137.9476,97,A4,-0.068128,0.086226,1
20210205T151709,20210623T140144,137.9476,98,A4,0.095577,0.255626,1
20210205T151709,20210623T140144,137.9476,99,A4,0.267413,0.297700,0
20210205T151709,20210623T140144,137.9476,100,A4,0.127119,0.347762,0
20210205T151709,20210623T140144,137.9476,101,A4,-0.137476,0.458824,0
20210205T151709,20210623T140144,137.9476,102,A4,-0.054473,0.071567,1
20210205T151709,20210623T140144,137.9476,103,A4,-0.035443,0.382358,0
20210205T151709,20210623T140144,137.9476,104,A4,-0.035260,0.202313,1
20210205T151709,20210623T140144,137.9476,105,A4,0.018231,0.442284,1
20210205T151709,20210623T140144,137.9476,106,A4,0.292431,0.172651,0
20210205T151709,20210623T140144,137.9476,107,A4,0.066654,1.057840,0
20210205T151709,20210623T140144,137.9476,108,A4,0.075216,0.000000,1
20210205T151709,20210623T140144,137.9476,109,A4,-0.129058,0.017752,1
20210205T151709,20210623T140144,137.9476,110,A4,0.419932,0.146066,1
20210205T151709,20210623T140144,137.9476,111,A4,-0.197323,1.049096,0
20210205T151709,20210623T140144,137.9476,112,A4,0.061760,0.192122,0
20210205T151709,20210623T140144,137.9476,113,A4,-0.347419,0.130283,1
20210205T151709,20210623T140144,137.9476,114,A4,0.346165,0.724864,1
20210205T151709,20210623T140144,137.9476,115,A4,-0.345633,0.908471,0
20210205T151709,20210623T140144,137.9476,116,A4,0.251399,0.605913,1
20210205T151709,20210623T140144,137.9476,117,A4,0.459291,0.318170,1
20210205T151709,20210623T140144,137.9476,118,A4,-0.031349,0.150067,1
20210205T151709,20210623T140144,137.9476,119,A4,0.408504,0.040326,1
20210205T151709,20210623T140144,137.9476,120,A4,0.103907,0.478073,1
20210205T151709,20210623T140144,137.9476,121,A4,-0.262780,0.273093,1
20210205T151709,20210623T140144,137.9476,122,A4,-0.120069,0.393513,0
20210205T151709,20210623T140144,137.9476,123,A4,-0.101580,0.328864,0
20210205T151709,20210623T140144,137.9476,124,A4,0.298865,0.256940,0
20210205T151709,20210623T140144,137.9476,125,A4,-0.239233,0.581179,0
20210205T151709,20210623T140144,137.9476,126,A4,0.061723,0.193095,0
20210205T151709,20210623T140144,137.9476,127,A4,-0.351214,0.203366,0
20210205T151709,20210623T140144,137.9476,128,A4,-0.060033,0.801621,0
20210205T151709,20210623T140144,137.9476,129,A5,0.372613,0.230874,1
20210205T151709,20210623T140144,137.9476,130,A5,-0.165969,0.227017,1
20210205T151709,20210623T140144,137.9476,131,A5,0.142121,0.460735,1
20210205T151709,20210623T140144,137.9476,132,A5,-0.034296,1.020472,0
20210205T151709,20210623T140144,137.9476,133,A5,-0.447361,0.944441,0
20210205T151709,20210623T140144,137.9476,134,A5,-0.202598,0.661713,0
20210205T151709,20210623T140144,137.9476,135,A5,0.302780,0.776360,1
20210205T151709,20210623T140144,137.9476,136,A5,0.351752,0.175478,1
20210205T151709,20210623T140144,137.9476,137,A5,0.085723,0.198221,0
20210205T151709,20210623T140144,137.9476,138,A5,-0.001412,0.043109,1
20210205T151709,20210623T140144,137.9476,139,A5,0.024987,0.373404,0
20210205T151709,20210623T140144,137.9476,140,A5,0.146091,0.352327,0
20210205T151709,20210623T140144,137.9476,141,A5,0.052024,0.358088,0
20210205T151709,20210623T140144,137.9476,142,A5,0.038717,0.102901,0
20210205T151709,20210623T140144,137.9476,143,A5,0.292309,0.000000,1
20210205T151709,20210623T140144,137.9476,144,A5,-0.244492,0.954250,1
20210205T151709,20210623T140144,137.9476,145,A5,0.052177,1.192653,0
20210205T151709,20210623T140144,137.9476,146,A5,0.012743,0.753387,0
20210205T151709,20210623T140144,137.9476,147,A5,-0.093615,0.563633,0
20210205T151709,20210623T140144,137.9476,148,A5,0.279158,0.706180,0
20210205T151709,20210623T140144,137.9476,149,A5,0.173966,0.400066,1
20210205T151709,20210623T140144,137.9476,150,A5,-0.032066,0.988054,0
20210205T151709,20210623T140144,137.9476,151,A5,0.016036,0.018526,1
20210205T151709,20210623T140144,137.9476,152,A5,0.154732,0.407263,0
20210205T151709,20210623T140144,137.9476,153,A5,0.362441,0.221761,1
20210205T151709,20210623T140144,137.9476,154,A5,0.154646,0.354887,0
20210205T151709,20210623T140144,137.9476,155,A5,-0.124645,0.559895,1
20210205T151709,20210623T140144,137.9476,156,A5,-0.533413,0.355363,0
20210205T151709,20210623T140144,137.9476,157,A5,-0.183735,1.268314,0
20210205T151709,20210623T140144,137.9476,158,A5,-0.007244,1.291618,0
20210205T151709,20210623T140144,137.9476,159,A5,0.105508,0.158571,0
20210205T151709,20210623T140144,137.9476,160,A5,-0.056927,0.837094,0
20210205T151709,20210625T141512,139.9570,1,A1,-0.394456,0.774579,1
20210205T151709,20210625T141512,139.9570,2,A1,-0.403953,0.241021,0
20210205T151709,20210625T141512,139.9570,3,A1,0.027587,1.319962,0
20210205T151709,20210625T141512,139.9570,4,A1,-0.147706,1.233090,0
20210205T151709,20210625T141512,139.9570,5,A1,0.051087,0.736350,0
20210205T151709,20210625T141512,139.9570,6,A1,0.127320,0.138494,0
20210205T151709,20210625T141512,139.9570,7,A1,0.016706,0.238847,0
20210205T151709,20210625T141512,139.9570,8,A1,-0.132505,0.533500,0
20210205T151709,20210625T141512,139.9570,9,A1,0.331225,2.000000,0
20210205T151709,20210625T141512,139.9570,10,A1,0.131800,0.869013,1
20210205T151709,20210625T141512,139.9570,11,A1,-0.250008,0.115860,0
20210205T151709,20210625T141512,139.9570,12,A1,-0.163299,1.169610,0
20210205T151709,20210625T141512,139.9570,13,A1,0.053461,0.278515,1
20210205T151709,20210625T141512,139.9570,14,A1,0.057734,0.119714,1
20210205T151709,20210625T141512,139.9570,15,A1,0.028583,0.154312,1
20210205T151709,20210625T141512,139.9570,16,A1,0.275376,0.021519,1
20210205T151709,20210625T141512,139.9570,17,A1,0.138127,0.713515,1
20210205T151709,20210625T141512,139.9570,18,A1,-0.007553,0.173021,0
20210205T151709,20210625T141512,139.9570,19,A1,0.218359,0.791850,1
20210205T151709,20210625T141512,139.9570,20,A1,-0.030816,0.034864,1
20210205T151709,20210625T141512,139.9570,21,A1,0.264068,0.341714,1
20210205T151709,20210625T141512,139.9570,22,A1,0.181130,0.910981,1
20210205T151709,20210625T141512,139.9570,23,A1,-0.044226,0.565971,0
20210205T151709,20210625T141512,139.9570,24,A1,-0.686652,1.874561,0
20210205T151709,20210625T141512,139.9570,25,A1,-0.270054,0.003997,1
20210205T151709,20210625T141512,139.9570,26,A1,-0.043089,0.838006,1
20210205T151709,20210625T141512,139.9570,27,A1,0.233606,0.245307,0
20210205T151709,20210625T141512,139.9570,28,A1,0.262505,0.835001,1
20210205T151709,20210625T141512,139.9570,29,A1,0.032819,0.640672,0
20210205T151709,20210625T141512,139.9570,30,A1,0.154493,0.881780,1
20210205T151709,20210625T141512,139.9570,31,A1,0.232298,0.769256,0
20210205T151709,20210625T141512,139.9570,32,A1,-0.034093,0.968422,1
20210205T151709,20210625T141512,139.9570,33,A2,0.726913,0.201883,1
20210205T151709,20210625T141512,139.9570,34,A2,0.032046,0.069345,0
20210205T151709,20210625T141512,139.9570,35,A2,0.358495,0.462007,0
20210205T151709,20210625T141512,139.9570,36,A2,-0.110585,0.469157,1
20210205T151709,20210625T141512,139.9570,37,A2,0.104822,0.307848,1
20210205T151709,20210625T141512,139.9570,38,A2,0.101809,1.539427,0
20210205T151709,20210625T141512,139.9570,39,A2,0.182728,0.297357,1
20210205T151709,20210625T141512,139.9570,40,A2,-0.275206,0.980323,1
20210205T151709,20210625T141512,139.9570,41,A2,0.180894,0.606210,1
20210205T151709,20210625T141512,139.9570,42,A2,-0.342800,1.284148,0
20210205T151709,20210625T141512,139.9570,43,A2,0.249636,0.072447,1
20210205T151709,20210625T141512,139.9570,44,A2,0.437543,0.558055,1
20210205T151709,20210625T141512,139.9570,45,A2,0.022309,0.711333,1
20210205T151709,20210625T141512,139.9570,46,A2,0.212800,0.000000,1
20210205T151709,20210625T141512,139.9570,47,A2,0.279495,1.235438,0
20210205T151709,20210625T141512,139.9570,48,A2,-0.135033,0.219417,1
20210205T151709,20210625T141512,139.9570,49,A2,0.467446,0.019767,1
20210205T151709,20210625T141512,139.9570,50,A2,-0.206984,0.083804,1
20210205T151709,20210625T141512,139.9570,51,A2,0.003998,0.709900,1
20210205T151709,20210625T141512,139.9570,52,A2,0.336958,0.690251,1
20210205T151709,20210625T141512,139.9570,53,A2,0.026630,0.142252,1
20210205T151709,20210625T141512,139.9570,54,A2,0.465901,0.008952,1
20210205T151709,20210625T141512,139.9570,55,A2,0.089242,0.200443,1
20210205T151709,20210625T141512,139.9570,56,A2,-0.242880,0.122434,1
20210205T151709,20210625T141512,139.9570,57,A2,-0.385765,0.737352,0
20210205T151709,20210625T141512,139.9570,58,A2,-0.020424,2.000000,0
20210205T151709,20210625T141512,139.9570,59,A2,0.065484,1.462789,0
20210205T151709,20210625T141512,139.9570,60,A2,0.010049,0.062248,1
20210205T151709,20210625T141512,139.9570,61,A2,0.144573,1.135908,0
20210205T151709,20210625T141512,139.9570,62,A2,0.306607,0.505493,1
20210205T151709,20210625T141512,139.9570,63,A2,-0.143399,0.149030,1
20210205T151709,20210625T141512,139.9570,64,A2,0.290165,0.348300,0
20210205T151709,20210625T141512,139.9570,65,A3,-0.255621,1.834262,0
20210205T151709,20210625T141512,139.9570,66,A3,-0.151678,1.994768,0
20210205T151709,20210625T141512,139.9570,67,A3,-0.125826,0.454890,0
20210205T151709,20210625T141512,139.9570,68,A3,0.202088,1.325090,0
20210205T151709,20210625T141512,139.9570,69,A3,-0.014900,0.652777,1
20210205T151709,20210625T141512,139.9570,70,A3,-0.092304,1.284530,0
20210205T151709,20210625T141512,139.9570,71,A3,-0.214186,0.695673,1
20210205T151709,20210625T141512,139.9570,72,A3,0.101821,1.531570,0
20210205T151709,20210625T141512,139.9570,73,A3,-0.032372,0.023614,1
20210205T151709,20210625T141512,139.9570,74,A3,0.240064,0.952216,1
20210205T151709,20210625T141512,139.9570,75,A3,0.052105,0.115485,1
20210205T151709,20210625T141512,139.9570,76,A3,0.033293,0.335161,1
20210205T151709,20210625T141512,139.9570,77,A3,0.317635,0.568636,0
20210205T151709,20210625T141512,139.9570,78,A3,0.449559,1.060326,0
20210205T151709,20210625T141512,139.9570,79,A3,0.147048,1.443793,0
20210205T151709,20210625T141512,139.9570,80,A3,0.297287,1.408776,0
20210205T151709,20210625T141512,139.9570,81,A3,-0.294999,0.610056,0
20210205T151709,20210625T141512,139.9570,82,A3,-0.098231,0.375111,1
20210205T151709,20210625T141512,139.9570,83,A3,-0.054130,0.257748,0
20210205T151709,20210625T141512,139.9570,84,A3,-0.194289,0.021612,1
20210205T151709,20210625T141512,139.9570,85,A3,-0.073562,0.286220,0
20210205T151709,20210625T141512,139.9570,86,A3,-0.020754,0.401520,1
20210205T151709,20210625T141512,139.9570,87,A3,-0.484805,1.367139,0
20210205T151709,20210625T141512,139.9570,88,A3,0.267393,1.073229,0
20210205T151709,20210625T141512,139.9570,89,A3,0.057229,0.465178,1
20210205T151709,20210625T141512,139.9570,90,A3,0.468994,0.171691,1
20210205T151709,20210625T141512,139.9570,91,A3,-0.052163,1.011781,0
20210205T151709,20210625T141512,139.9570,92,A3,0.128942,0.220642,0
20210205T151709,20210625T141512,139.9570,93,A3,0.112475,0.256612,1
20210205T151709,20210625T141512,139.9570,94,A3,0.245457,0.949557,0
20210205T151709,20210625T141512,139.9570,95,A3,0.087939,0.738630,1
20210205T151709,20210625T141512,139.9570,96,A3,0.405779,0.149807,1
20210205T151709,20210625T141512,139.9570,97,A4,-0.024254,0.123747,0
20210205T151709,20210625T141512,139.9570,98,A4,-0.308870,0.019907,1
20210205T151709,20210625T141512,139.9570,99,A4,0.342402,0.166750,1
20210205T151709,20210625T141512,139.9570,100,A4,0.246261,0.202503,1
20210205T151709,20210625T141512,139.9570,101,A4,-0.093251,0.107930,1
20210205T151709,20210625T141512,139.9570,102,A4,-0.035004,0.248554,1
20210205T151709,20210625T141512,139.9570,103,A4,-0.440779,0.497610,0
20210205T151709,20210625T141512,139.9570,104,A4,-0.035182,0.662122,0
20210205T151709,20210625T141512,139.9570,105,A4,0.054976,1.713017,0
20210205T151709,20210625T141512,139.9570,106,A4,-0.009969,0.062553,1
20210205T151709,20210625T141512,139.9570,107,A4,-0.222110,0.233163,1
20210205T151709,20210625T141512,139.9570,108,A4,0.055570,1.435545,0
20210205T151709,20210625T141512,139.9570,109,A4,-0.142481,1.018129,0
20210205T151709,20210625T141512,139.9570,110,A4,0.131898,0.246933,1
20210205T151709,20210625T141512,139.9570,111,A4,-0.125826,0.429049,1
20210205T151709,20210625T141512,139.9570,112,A4,-0.086420,0.929789,1
20210205T151709,20210625T141512,139.9570,113,A4,-0.402626,0.232981,1
20210205T151709,20210625T141512,139.9570,114,A4,-0.281003,0.321565,0
20210205T151709,20210625T141512,139.9570,115,A4,-0.300513,0.698983,0
20210205T151709,20210625T141512,139.9570,116,A4,0.408145,0.012372,1
20210205T151709,20210625T141512,139.9570,117,A4,0.282635,0.133015,1
20210205T151709,20210625T141512,139.9570,118,A4,0.132882,0.000904,1
20210205T151709,20210625T141512,139.9570,119,A4,0.436266,0.115670,0
20210205T151709,20210625T141512,139.9570,120,A4,0.176331,0.167587,1
20210205T151709,20210625T141512,139.9570,121,A4,-0.168024,0.062944,0
20210205T151709,20210625T141512,139.9570,122,A4,-0.164236,0.051742,1
20210205T151709,20210625T141512,139.9570,123,A4,-0.133971,0.178759,1
20210205T151709,20210625T141512,139.9570,124,A4,0.132033,1.069047,0
20210205T151709,20210625T141512,139.9570,125,A4,0.166939,0.219099,1
20210205T151709,20210625T141512,139.9570,126,A4,0.249297,0.150471,1
20210205T151709,20210625T141512,139.9570,127,A4,0.532530,0.765879,1
20210205T151709,20210625T141512,139.9570,128,A4,-0.255511,0.430267,0
20210205T151709,20210625T141512,139.9570,129,A5,0.258123,0.705644,1
20210205T151709,20210625T141512,139.9570,130,A5,-0.230835,1.386009,0
20210205T151709,20210625T141512,139.9570,131,A5,-0.035429,1.539265,0
20210205T151709,20210625T141512,139.9570,132,A5,-0.238527,1.047307,0
20210205T151709,20210625T141512,139.9570,133,A5,-0.159526,1.259144,0
20210205T151709,20210625T141512,139.9570,134,A5,-0.122805,1.351825,0
20210205T151709,20210625T141512,139.9570,135,A5,0.281213,0.739400,1
20210205T151709,20210625T141512,139.9570,136,A5,0.438182,0.635056,1
20210205T151709,20210625T141512,139.9570,137,A5,-0.042492,0.560159,1
20210205T151709,20210625T141512,139.9570,138,A5,0.047113,1.031533,0
20210205T151709,20210625T141512,139.9570,139,A5,0.116492,0.221055,0
20210205T151709,20210625T141512,139.9570,140,A5,-0.125591,0.513090,0
20210205T151709,20210625T141512,139.9570,141,A5,0.081551,0.471662,0
20210205T151709,20210625T141512,139.9570,142,A5,-0.046452,0.319627,0
20210205T151709,20210625T141512,139.9570,143,A5,-0.034334,0.000000,1
20210205T151709,20210625T141512,139.9570,144,A5,-0.014859,1.565437,0
20210205T151709,20210625T141512,139.9570,145,A5,0.246637,0.807347,1
20210205T151709,20210625T141512,139.9570,146,A5,-0.166775,1.554694,0
20210205T151709,20210625T141512,139.9570,147,A5,0.097345,0.464486,1
20210205T151709,20210625T141512,139.9570,148,A5,0.138528,1.649245,0
20210205T151709,20210625T141512,139.9570,149,A5,-0.340496,1.032202,0
20210205T151709,20210625T141512,139.9570,150,A5,0.234763,0.588360,1
20210205T151709,20210625T141512,139.9570,151,A5,0.121203,0.180086,0
20210205T151709,20210625T141512,139.9570,152,A5,0.248631,0.469014,1
20210205T151709,20210625T141512,139.9570,153,A5,0.143338,0.767552,1
20210205T151709,20210625T141512,139.9570,154,A5,-0.014319,1.250113,0
20210205T151709,20210625T141512,139.9570,155,A5,0.236117,1.074849,0
20210205T151709,20210625T141512,139.9570,156,A5,0.102687,1.116667,0
20210205T151709,20210625T141512,139.9570,157,A5,0.299051,0.000000,1
20210205T151709,20210625T141512,139.9570,158,A5,0.255179,1.417590,0
20210205T151709,20210625T141512,139.9570,159,A5,0.157501,0.271346,1
20210205T151709,20210625T141512,139.9570,160,A5,0.062667,0.546628,1
20210211T163501,20210212T153711,0.9598,1,A1,0.248479,0.733112,0
20210211T163501,20210212T153711,0.9598,2,A1,0.308399,0.124057,1
20210211T163501,20210212T153711,0.9598,3,A1,0.450026,0.165624,1
20210211T163501,20210212T153711,0.9598,4,A1,0.292415,0.277546,0
20210211T163501,20210212T153711,0.9598,5,A1,0.122886,0.334991,1
20210211T163501,20210212T153711,0.9598,6,A1,0.293071,0.523998,0
20210211T163501,20210212T153711,0.9598,7,A1,-0.200528,0.189772,0
20210211T163501,20210212T153711,0.9598,8,A1,0.380098,0.414004,1
20210211T163501,20210212T153711,0.9598,9,A1,0.064989,0.346839,1
20210211T163501,20210212T153711,0.9598,10,A1,-0.135324,0.913133,1
20210211T163501,20210212T153711,0.9598,11,A1,0.080004,0.137761,1
20210211T163501,20210212T153711,0.9598,12,A1,0.468555,0.127428,1
20210211T163501,20210212T153711,0.9598,13,A1,0.251375,0.217790,0
20210211T163501,20210212T153711,0.9598,14,A1,0.389833,0.284963,1
20210211T163501,20210212T153711,0.9598,15,A1,0.287430,0.006616,1
20210211T163501,20210212T153711,0.9598,16,A1,0.368429,0.203528,0
20210211T163501,20210212T153711,0.9598,17,A1,0.687396,0.108697,1
20210211T163501,20210212T153711,0.9598,18,A1,0.568631,0.030562,1
20210211T163501,20210212T153711,0.9598,19,A1,0.542708,1.645103,0
20210211T163501,20210212T153711,0.9598,20,A1,0.861679,0.019100,1
20210211T163501,20210212T153711,0.9598,21,A1,-0.186782,0.275848,1
20210211T163501,20210212T153711,0.9598,22,A1,-0.308836,1.089355,0
20210211T163501,20210212T153711,0.9598,23,A1,0.110793,0.714833,1
20210211T163501,20210212T153711,0.9598,24,A1,0.922956,0.008183,1
20210211T163501,20210212T153711,0.9598,25,A1,-0.098927,0.597170,1
20210211T163501,20210212T153711,0.9598,26,A1,0.882584,0.000000,1
20210211T163501,20210212T153711,0.9598,27,A1,0.175315,0.256886,0
20210211T163501,20210212T153711,0.9598,28,A1,0.767725,0.000000,1
20210211T163501,20210212T153711,0.9598,29,A1,0.566596,0.000000,1
20210211T163501,20210212T153711,0.9598,30,A1,0.339201,0.289373,0
20210211T163501,20210212T153711,0.9598,31,A1,0.163188,1.908314,0
20210211T163501,20210212T153711,0.9598,32,A1,0.231258,0.013808,0
20210211T163501,20210212T153711,0.9598,33,A2,0.124710,0.000000,1
20210211T163501,20210212T153711,0.9598,34,A2,0.277459,0.104846,1
20210211T163501,20210212T153711,0.9598,35,A2,-0.182636,0.104812,1
20210211T163501,20210212T153711,0.9598,36,A2,0.048727,0.687776,0
20210211T163501,20210212T153711,0.9598,37,A2,0.073088,0.913235,1
20210211T163501,20210212T153711,0.9598,38,A2,0.026050,1.150368,0
20210211T163501,20210212T153711,0.9598,39,A2,0.738008,0.000000,1
20210211T163501,20210212T153711,0.9598,40,A2,-0.231115,1.414560,0
20210211T163501,20210212T153711,0.9598,41,A2,0.171004,0.716299,0
20210211T163501,20210212T153711,0.9598,42,A2,-0.167273,1.072822,0
20210211T163501,20210212T153711,0.9598,43,A2,-0.011206,0.000000,1
20210211T163501,20210212T153711,0.9598,44,A2,-0.318809,0.000000,1
20210211T163501,20210212T153711,0.9598,45,A2,-0.092945,1.119332,0
20210211T163501,20210212T153711,0.9598,46,A2,0.316341,0.742030,1
20210211T163501,20210212T153711,0.9598,47,A2,-0.018484,0.830937,0
20210211T163501,20210212T153711,0.9598,48,A2,-0.092301,1.834839,0
20210211T163501,20210212T153711,0.9598,49,A2,0.865223,0.000000,1
20210211T163501,20210212T153711,0.9598,50,A2,0.035406,0.930075,0
20210211T163501,20210212T153711,0.9598,51,A2,-0.092764,0.371830,1
20210211T163501,20210212T153711,0.9598,52,A2,0.551938,0.226422,0
20210211T163501,20210212T153711,0.9598,53,A2,0.182853,0.225684,1
20210211T163501,20210212T153711,0.9598,54,A2,0.631042,0.102142,1
20210211T163501,20210212T153711,0.9598,55,A2,0.914634,0.003119,1
20210211T163501,20210212T153711,0.9598,56,A2,0.273390,1.063273,0
20210211T163501,20210212T153711,0.9598,57,A2,0.395125,0.016719,1
20210211T163501,20210212T153711,0.9598,58,A2,0.187372,1.619266,0
20210211T163501,20210212T153711,0.9598,59,A2,0.109508,0.035799,1
20210211T163501,20210212T153711,0.9598,60,A2,0.070023,0.000000,1
20210211T163501,20210212T153711,0.9598,61,A2,0.216198,0.158815,1
20210211T163501,20210212T153711,0.9598,62,A2,0.216516,2.000000,0
20210211T163501,20210212T153711,0.9598,63,A2,0.098263,0.808522,1
20210211T163501,20210212T153711,0.9598,64,A2,-0.002511,1.053068,0
20210211T163501,20210212T153711,0.9598,65,A3,0.556017,0.000000,1
20210211T163501,20210212T153711,0.9598,66,A3,0.559495,0.000000,1
20210211T163501,20210212T153711,0.9598,67,A3,0.109686,1.428187,0
20210211T163501,20210212T153711,0.9598,68,A3,0.211722,0.593751,0
20210211T163501,20210212T153711,0.9598,69,A3,0.158830,1.230737,0
20210211T163501,20210212T153711,0.9598,70,A3,0.216487,2.000000,0
20210211T163501,20210212T153711,0.9598,71,A3,0.483348,0.312540,1
20210211T163501,20210212T153711,0.9598,72,A3,0.353289,0.170779,1
20210211T163501,20210212T153711,0.9598,73,A3,0.012215,0.812484,1
20210211T163501,20210212T153711,0.9598,74,A3,0.195469,0.623115,0
20210211T163501,20210212T153711,0.9598,75,A3,-0.068369,0.251097,1
20210211T163501,20210212T153711,0.9598,76,A3,-0.094509,2.000000,0
20210211T163501,20210212T153711,0.9598,77,A3,0.500825,2.000000,0
20210211T163501,20210212T153711,0.9598,78,A3,0.166510,1.481743,0
20210211T163501,20210212T153711,0.9598,79,A3,-0.001597,0.589082,1
20210211T163501,20210212T153711,0.9598,80,A3,0.106987,0.858207,1
20210211T163501,20210212T153711,0.9598,81,A3,0.242985,2.000000,0
20210211T163501,20210212T153711,0.9598,82,A3,-0.061723,0.498142,1
20210211T163501,20210212T153711,0.9598,83,A3,0.284068,0.233772,1
20210211T163501,20210212T153711,0.9598,84,A3,-0.213748,0.669498,1
20210211T163501,20210212T153711,0.9598,85,A3,-0.174854,0.896220,1
20210211T163501,20210212T153711,0.9598,86,A3,0.081570,1.044984,0
20210211T163501,20210212T153711,0.9598,87,A3,-0.313699,0.213011,1
20210211T163501,20210212T153711,0.9598,88,A3,0.310095,2.000000,0
20210211T163501,20210212T153711,0.9598,89,A3,-0.200792,1.346785,0
20210211T163501,20210212T153711,0.9598,90,A3,0.159441,1.396406,0
20210211T163501,20210212T153711,0.9598,91,A3,-0.144412,0.857857,1
20210211T163501,20210212T153711,0.9598,92,A3,0.264808,1.151025,0
20210211T163501,20210212T153711,0.9598,93,A3,0.742226,0.084911,1
20210211T163501,20210212T153711,0.9598,94,A3,-0.072825,0.888082,0
20210211T163501,20210212T153711,0.9598,95,A3,-0.106568,0.654524,1
20210211T163501,20210212T153711,0.9598,96,A3,-0.037914,1.320954,0
20210211T163501,20210212T153711,0.9598,97,A4,0.707546,0.145672,1
20210211T163501,20210212T153711,0.9598,98,A4,0.753120,0.057800,1
20210211T163501,20210212T153711,0.9598,99,A4,0.716932,0.073999,0
20210211T163501,20210212T153711,0.9598,100,A4,0.727642,0.442351,1
20210211T163501,20210212T153711,0.9598,101,A4,0.721352,0.594546,1
20210211T163501,20210212T153711,0.9598,102,A4,0.823360,0.046782,1
20210211T163501,20210212T153711,0.9598,103,A4,0.805560,0.094567,1
20210211T163501,20210212T153711,0.9598,104,A4,0.901738,0.050027,1
20210211T163501,20210212T153711,0.9598,105,A4,0.291083,0.813827,0
20210211T163501,20210212T153711,0.9598,106,A4,0.251354,0.137079,1
20210211T163501,20210212T153711,0.9598,107,A4,0.328103,0.080592,1
20210211T163501,20210212T153711,0.9598,108,A4,0.104352,1.684947,0
20210211T163501,20210212T153711,0.9598,109,A4,0.267770,0.405066,1
20210211T163501,20210212T153711,0.9598,110,A4,0.455023,1.098664,0
20210211T163501,20210212T153711,0.9598,111,A4,0.597344,0.016349,1
20210211T163501,20210212T153711,0.9598,112,A4,0.442421,0.004707,1
20210211T163501,20210212T153711,0.9598,113,A4,0.812920,0.161287,1
20210211T163501,20210212T153711,0.9598,114,A4,0.523689,0.118149,1
20210211T163501,20210212T153711,0.9598,115,A4,0.473122,0.142021,1
20210211T163501,20210212T153711,0.9598,116,A4,0.669892,0.064576,1
20210211T163501,20210212T153711,0.9598,117,A4,0.963649,0.537798,1
20210211T163501,20210212T153711,0.9598,118,A4,0.890160,0.077054,1
20210211T163501,20210212T153711,0.9598,119,A4,0.707841,1.071138,0
20210211T163501,20210212T153711,0.9598,120,A4,0.975807,0.089395,1
20210211T163501,20210212T153711,0.9598,121,A4,0.802830,0.236078,1
20210211T163501,20210212T153711,0.9598,122,A4,0.619372,0.028758,1
20210211T163501,20210212T153711,0.9598,123,A4,0.739474,0.005740,1
20210211T163501,20210212T153711,0.9598,124,A4,0.312345,0.059600,1
20210211T163501,20210212T153711,0.9598,125,A4,0.709727,0.001174,1
20210211T163501,20210212T153711,0.9598,126,A4,0.923556,0.038092,1
20210211T163501,20210212T153711,0.9598,127,A4,0.780993,0.038892,1
20210211T163501,20210212T153711,0.9598,128,A4,0.798583,0.037936,1
20210211T163501,20210212T153711,0.9598,129,A5,0.877124,0.000000,1
20210211T163501,20210212T153711,0.9598,130,A5,0.345221,0.032763,1
20210211T163501,20210212T153711,0.9598,131,A5,0.585051,0.003079,1
20210211T163501,20210212T153711,0.9598,132,A5,0.809759,0.000000,1
20210211T163501,20210212T153711,0.9598,133,A5,0.068624,0.778125,1
20210211T163501,20210212T153711,0.9598,134,A5,0.404720,0.392834,1
20210211T163501,20210212T153711,0.9598,135,A5,0.638961,0.305044,1
20210211T163501,20210212T153711,0.9598,136,A5,0.488273,0.107130,1
20210211T163501,20210212T153711,0.9598,137,A5,0.070115,0.337827,1
20210211T163501,20210212T153711,0.9598,138,A5,-0.081468,0.666371,1
20210211T163501,20210212T153711,0.9598,139,A5,-0.132596,0.126239,1
20210211T163501,20210212T153711,0.9598,140,A5,-0.095344,1.428038,0
20210211T163501,20210212T153711,0.9598,141,A5,0.871047,0.000000,1
20210211T163501,20210212T153711,0.9598,142,A5,-0.018119,0.971836,1
20210211T163501,20210212T153711,0.9598,143,A5,-0.018594,1.225793,0
20210211T163501,20210212T153711,0.9598,144,A5,0.015643,0.000000,1
20210211T163501,20210212T153711,0.9598,145,A5,0.619812,0.027776,1
20210211T163501,20210212T153711,0.9598,146,A5,0.761408,0.120425,1
20210211T163501,20210212T153711,0.9598,147,A5,0.511139,0.273557,1
20210211T163501,20210212T153711,0.9598,148,A5,-0.241227,0.000000,1
20210211T163501,20210212T153711,0.9598,149,A5,0.062642,0.554010,0
20210211T163501,20210212T153711,0.9598,150,A5,0.157351,0.058694,1
20210211T163501,20210212T153711,0.9598,151,A5,-0.175967,0.182450,0
20210211T163501,20210212T153711,0.9598,152,A5,0.597168,0.142577,1
20210211T163501,20210212T153711,0.9598,153,A5,0.621432,0.272536,1
20210211T163501,20210212T153711,0.9598,154,A5,0.604273,0.705640,1
20210211T163501,20210212T153711,0.9598,155,A5,0.074390,0.067644,0
20210211T163501,20210212T153711,0.9598,156,A5,-0.006203,0.559833,1
20210211T163501,20210212T153711,0.9598,157,A5,-0.137006,1.689944,0
20210211T163501,20210212T153711,0.9598,158,A5,0.350784,1.852241,0
20210211T163501,20210212T153711,0.9598,159,A5,0.095914,0.710228,1
20210211T163501,20210212T153711,0.9598,160,A5,0.152542,0.146355,1
20210211T163501,20210218T131636,6.8622,1,A1,0.221104,0.365062,1
20210211T163501,20210218T131636,6.8622,2,A1,0.501442,0.675387,0
20210211T163501,20210218T131636,6.8622,3,A1,0.008321,0.983617,0
20210211T163501,20210218T131636,6.8622,4,A1,0.175495,0.340155,0
20210211T163501,20210218T131636,6.8622,5,A1,-0.187844,0.564960,1
20210211T163501,20210218T131636,6.8622,6,A1,0.432736,0.121344,1
20210211T163501,20210218T131636,6.8622,7,A1,-0.199706,0.555018,0
20210211T163501,20210218T131636,6.8622,8,A1,0.153494,0.735397,0
20210211T163501,20210218T131636,6.8622,9,A1,-0.063711,0.413054,1
20210211T163501,20210218T131636,6.8622,10,A1,0.241380,0.965446,1
20210211T163501,20210218T131636,6.8622,11,A1,0.036199,1.071752,0
20210211T163501,20210218T131636,6.8622,12,A1,0.390961,0.027781,1
20210211T163501,20210218T131636,6.8622,13,A1,0.049847,0.061698,1
20210211T163501,20210218T131636,6.8622,14,A1,0.281343,0.355976,1
20210211T163501,20210218T131636,6.8622,15,A1,0.135224,0.590060,0
20210211T163501,20210218T131636,6.8622,16,A1,0.513596,0.277297,1
20210211T163501,20210218T131636,6.8622,17,A1,0.296624,0.288552,0
20210211T163501,20210218T131636,6.8622,18,A1,0.554599,0.200434,1
20210211T163501,20210218T131636,6.8622,19,A1,0.320238,1.694121,0
20210211T163501,20210218T131636,6.8622,20,A1,0.843390,0.052312,1
20210211T163501,20210218T131636,6.8622,21,A1,0.050995,0.091465,1
20210211T163501,20210218T131636,6.8622,22,A1,-0.030753,0.858054,0
20210211T163501,20210218T131636,6.8622,23,A1,0.171863,1.108292,0
20210211T163501,20210218T131636,6.8622,24,A1,0.719037,0.110998,1
20210211T163501,20210218T131636,6.8622,25,A1,0.037724,0.018743,1
20210211T163501,20210218T131636,6.8622,26,A1,0.939955,0.000000,1
20210211T163501,20210218T131636,6.8622,27,A1,0.272463,0.905194,1
20210211T163501,20210218T131636,6.8622,28,A1,0.675593,0.000000,1
20210211T163501,20210218T131636,6.8622,29,A1,0.521006,0.000000,1
20210211T163501,20210218T131636,6.8622,30,A1,-0.170500,1.177649,0
20210211T163501,20210218T131636,6.8622,31,A1,0.193976,0.285215,1
20210211T163501,20210218T131636,6.8622,32,A1,0.234021,0.993648,1
20210211T163501,20210218T131636,6.8622,33,A2,-0.042857,2.000000,0
20210211T163501,20210218T131636,6.8622,34,A2,0.213469,1.041903,0
20210211T163501,20210218T131636,6.8622,35,A2,-0.097771,0.185954,0
20210211T163501,20210218T131636,6.8622,36,A2,0.073139,0.959232,1
20210211T163501,20210218T131636,6.8622,37,A2,-0.261491,0.123480,1
20210211T163501,20210218T131636,6.8622,38,A2,-0.019250,0.146885,1
20210211T163501,20210218T131636,6.8622,39,A2,0.650559,0.354158,1
20210211T163501,20210218T131636,6.8622,40,A2,0.314010,0.914749,0
20210211T163501,20210218T131636,6.8622,41,A2,-0.098345,1.645958,0
20210211T163501,20210218T131636,6.8622,42,A2,0.012857,0.898126,1
20210211T163501,20210218T131636,6.8622,43,A2,-0.168954,1.654641,0
20210211T163501,20210218T131636,6.8622,44,A2,-0.210138,0.267902,1
20210211T163501,20210218T131636,6.8622,45,A2,0.112949,0.036514,1
20210211T163501,20210218T131636,6.8622,46,A2,0.084840,1.062598,0
20210211T163501,20210218T131636,6.8622,47,A2,-0.049529,1.192314,0
20210211T163501,20210218T131636,6.8622,48,A2,0.001500,1.052396,0
20210211T163501,20210218T131636,6.8622,49,A2,0.776252,0.401600,1
20210211T163501,20210218T131636,6.8622,50,A2,-0.014101,0.196166,0
20210211T163501,20210218T131636,6.8622,51,A2,-0.012058,0.496077,0
20210211T163501,20210218T131636,6.8622,52,A2,0.347303,0.802039,1
20210211T163501,20210218T131636,6.8622,53,A2,0.383645,1.239969,0
20210211T163501,20210218T131636,6.8622,54,A2,0.760073,0.094607,1
20210211T163501,20210218T131636,6.8622,55,A2,0.881237,0.181550,1
20210211T163501,20210218T131636,6.8622,56,A2,0.076729,0.276308,1
20210211T163501,20210218T131636,6.8622,57,A2,0.331256,0.075723,1
20210211T163501,20210218T131636,6.8622,58,A2,0.168313,0.070233,1
20210211T163501,20210218T131636,6.8622,59,A2,-0.261844,0.035799,1
20210211T163501,20210218T131636,6.8622,60,A2,0.011417,1.211066,0
20210211T163501,20210218T131636,6.8622,61,A2,0.024445,1.551639,0
20210211T163501,20210218T131636,6.8622,62,A2,-0.101363,1.020029,0
20210211T163501,20210218T131636,6.8622,63,A2,0.316627,0.000000,1
20210211T163501,20210218T131636,6.8622,64,A2,-0.048860,0.262684,0
20210211T163501,20210218T131636,6.8622,65,A3,-0.019368,1.314095,0
20210211T163501,20210218T131636,6.8622,66,A3,0.444719,0.645417,1
20210211T163501,20210218T131636,6.8622,67,A3,0.211143,0.972824,1
20210211T163501,20210218T131636,6.8622,68,A3,-0.073605,0.531599,0
20210211T163501,20210218T131636,6.8622,69,A3,0.170451,0.235461,1
20210211T163501,20210218T131636,6.8622,70,A3,-0.092064,0.891893,1
20210211T163501,20210218T131636,6.8622,71,A3,0.322532,0.460349,0
20210211T163501,20210218T131636,6.8622,72,A3,-0.140843,0.813291,0
20210211T163501,20210218T131636,6.8622,73,A3,-0.165661,0.812484,1
20210211T163501,20210218T131636,6.8622,74,A3,0.384409,0.254437,1
20210211T163501,20210218T131636,6.8622,75,A3,0.204271,0.000000,1
20210211T163501,20210218T131636,6.8622,76,A3,-0.140210,1.014470,0
20210211T163501,20210218T131636,6.8622,77,A3,0.037671,1.438097,0
20210211T163501,20210218T131636,6.8622,78,A3,0.198990,0.390905,1
20210211T163501,20210218T131636,6.8622,79,A3,-0.004723,2.000000,0
20210211T163501,20210218T131636,6.8622,80,A3,0.266074,0.000000,1
20210211T163501,20210218T131636,6.8622,81,A3,0.121653,0.754440,1
20210211T163501,20210218T131636,6.8622,82,A3,-0.112848,0.303684,1
20210211T163501,20210218T131636,6.8622,83,A3,0.168611,0.227947,1
20210211T163501,20210218T131636,6.8622,84,A3,0.056779,0.291630,0
20210211T163501,20210218T131636,6.8622,85,A3,0.044465,1.145778,0
20210211T163501,20210218T131636,6.8622,86,A3,0.122007,0.554384,0
20210211T163501,20210218T131636,6.8622,87,A3,0.075582,1.484692,0
20210211T163501,20210218T131636,6.8622,88,A3,-0.089170,0.967846,1
20210211T163501,20210218T131636,6.8622,89,A3,0.263178,1.010723,0
20210211T163501,20210218T131636,6.8622,90,A3,-0.047932,0.885796,1
20210211T163501,20210218T131636,6.8622,91,A3,0.216080,1.032037,0
20210211T163501,20210218T131636,6.8622,92,A3,-0.030365,0.337288,0
20210211T163501,20210218T131636,6.8622,93,A3,0.382877,0.221166,0
20210211T163501,20210218T131636,6.8622,94,A3,0.063798,0.274040,1
20210211T163501,20210218T131636,6.8622,95,A3,-0.170857,0.877793,1
20210211T163501,20210218T131636,6.8622,96,A3,0.210818,1.142635,0
20210211T163501,20210218T131636,6.8622,97,A4,0.689552,0.030097,1
20210211T163501,20210218T131636,6.8622,98,A4,0.287905,0.412331,1
20210211T163501,20210218T131636,6.8622,99,A4,0.328177,0.148489,1
20210211T163501,20210218T131636,6.8622,100,A4,0.219317,0.079596,1
20210211T163501,20210218T131636,6.8622,101,A4,0.570965,0.181745,1
20210211T163501,20210218T131636,6.8622,102,A4,0.620174,0.219534,0
20210211T163501,20210218T131636,6.8622,103,A4,0.559978,0.001738,1
20210211T163501,20210218T131636,6.8622,104,A4,0.786868,0.262336,1
20210211T163501,20210218T131636,6.8622,105,A4,-0.099815,0.510682,0
20210211T163501,20210218T131636,6.8622,106,A4,0.110737,0.154831,1
20210211T163501,20210218T131636,6.8622,107,A4,0.267037,0.116051,1
20210211T163501,20210218T131636,6.8622,108,A4,0.016467,0.144554,1
20210211T163501,20210218T131636,6.8622,109,A4,0.265855,0.408315,1
20210211T163501,20210218T131636,6.8622,110,A4,0.315197,0.634265,1
20210211T163501,20210218T131636,6.8622,111,A4,0.262527,0.179813,1
20210211T163501,20210218T131636,6.8622,112,A4,0.353586,0.157275,0
20210211T163501,20210218T131636,6.8622,113,A4,0.529371,0.012340,1
20210211T163501,20210218T131636,6.8622,114,A4,0.309508,0.178756,1
20210211T163501,20210218T131636,6.8622,115,A4,0.474303,0.020100,1
20210211T163501,20210218T131636,6.8622,116,A4,0.009035,0.134350,0
20210211T163501,20210218T131636,6.8622,117,A4,0.905532,0.579785,1
20210211T163501,20210218T131636,6.8622,118,A4,0.650755,0.180173,1
20210211T163501,20210218T131636,6.8622,119,A4,0.372247,0.561843,1
20210211T163501,20210218T131636,6.8622,120,A4,0.865163,0.177992,1
20210211T163501,20210218T131636,6.8622,121,A4,0.285870,0.064763,1
20210211T163501,20210218T131636,6.8622,122,A4,0.284518,0.078404,1
20210211T163501,20210218T131636,6.8622,123,A4,0.373446,0.065193,1
20210211T163501,20210218T131636,6.8622,124,A4,0.461836,0.046355,1
20210211T163501,20210218T131636,6.8622,125,A4,0.344391,0.145357,1
20210211T163501,20210218T131636,6.8622,126,A4,0.722381,0.226104,1
20210211T163501,20210218T131636,6.8622,127,A4,0.621723,0.086850,0
20210211T163501,20210218T131636,6.8622,128,A4,0.022383,0.194137,0
20210211T163501,20210218T131636,6.8622,129,A5,0.661038,0.000000,1
20210211T163501,20210218T131636,6.8622,130,A5,-0.132381,0.304482,1
20210211T163501,20210218T131636,6.8622,131,A5,0.025595,0.047559,1
20210211T163501,20210218T131636,6.8622,132,A5,0.616127,0.000000,1
20210211T163501,20210218T131636,6.8622,133,A5,0.035033,0.712200,1
20210211T163501,20210218T131636,6.8622,134,A5,-0.153574,0.300844,1
20210211T163501,20210218T131636,6.8622,135,A5,0.273148,0.470885,1
20210211T163501,20210218T131636,6.8622,136,A5,0.353713,0.174556,1
20210211T163501,20210218T131636,6.8622,137,A5,0.349979,0.510080,1
20210211T163501,20210218T131636,6.8622,138,A5,0.274427,0.590901,1
20210211T163501,20210218T131636,6.8622,139,A5,0.173243,0.000000,1
20210211T163501,20210218T131636,6.8622,140,A5,0.132955,1.428038,0
20210211T163501,20210218T131636,6.8622,141,A5,0.512156,0.893127,1
20210211T163501,20210218T131636,6.8622,142,A5,0.272381,2.000000,0
20210211T163501,20210218T131636,6.8622,143,A5,0.209301,1.855284,0
20210211T163501,20210218T131636,6.8622,144,A5,0.149707,0.853196,1
20210211T163501,20210218T131636,6.8622,145,A5,-0.103621,0.395990,0
20210211T163501,20210218T131636,6.8622,146,A5,0.384659,1.395731,0
20210211T163501,20210218T131636,6.8622,147,A5,-0.240133,0.329938,1
20210211T163501,20210218T131636,6.8622,148,A5,0.000735,0.718063,1
20210211T163501,20210218T131636,6.8622,149,A5,0.470514,0.067570,1
20210211T163501,20210218T131636,6.8622,150,A5,0.342645,0.149058,1
20210211T163501,20210218T131636,6.8622,151,A5,0.391705,0.043956,1
20210211T163501,20210218T131636,6.8622,152,A5,0.453599,0.554923,1
20210211T163501,20210218T131636,6.8622,153,A5,0.299905,0.382800,1
20210211T163501,20210218T131636,6.8622,154,A5,0.509623,0.117314,1
20210211T163501,20210218T131636,6.8622,155,A5,0.096400,0.082549,1
20210211T163501,20210218T131636,6.8622,156,A5,0.111979,1.850309,0
20210211T163501,20210218T131636,6.8622,157,A5,0.094732,0.660324,1
20210211T163501,20210218T131636,6.8622,158,A5,0.020253,1.050028,0
20210211T163501,20210218T131636,6.8622,159,A5,-0.183982,0.285663,1
20210211T163501,20210218T131636,6.8622,160,A5,0.178579,1.103858,0
20210211T163501,20210219T145809,7.9327,1,A1,0.245123,0.453849,1
20210211T163501,20210219T145809,7.9327,2,A1,0.566402,1.142451,0
20210211T163501,20210219T145809,7.9327,3,A1,0.185614,0.744599,1
20210211T163501,20210219T145809,7.9327,4,A1,0.285968,1.115665,0
20210211T163501,20210219T145809,7.9327,5,A1,-0.093119,0.342873,1
20210211T163501,20210219T145809,7.9327,6,A1,0.262481,0.074399,1
20210211T163501,20210219T145809,7.9327,7,A1,0.639421,0.156821,0
20210211T163501,20210219T145809,7.9327,8,A1,0.123634,0.423263,1
20210211T163501,20210219T145809,7.9327,9,A1,-0.136708,0.861757,1
20210211T163501,20210219T145809,7.9327,10,A1,-0.246943,0.682635,1
20210211T163501,20210219T145809,7.9327,11,A1,0.226114,1.071752,0
20210211T163501,20210219T145809,7.9327,12,A1,0.769009,0.109216,1
20210211T163501,20210219T145809,7.9327,13,A1,-0.102696,0.092804,0
20210211T163501,20210219T145809,7.9327,14,A1,0.102220,1.346539,0
20210211T163501,20210219T145809,7.9327,15,A1,0.177058,0.198818,1
20210211T163501,20210219T145809,7.9327,16,A1,0.336654,0.899339,1
20210211T163501,20210219T145809,7.9327,17,A1,0.305795,0.078554,1
20210211T163501,20210219T145809,7.9327,18,A1,0.385667,0.475898,1
20210211T163501,20210219T145809,7.9327,19,A1,-0.204226,0.944114,1
20210211T163501,20210219T145809,7.9327,20,A1,0.632691,0.021237,1
20210211T163501,20210219T145809,7.9327,21,A1,-0.108077,0.085186,1
20210211T163501,20210219T145809,7.9327,22,A1,0.064604,0.743570,1
20210211T163501,20210219T145809,7.9327,23,A1,0.451249,1.158197,0
20210211T163501,20210219T145809,7.9327,24,A1,0.869952,0.238369,1
20210211T163501,20210219T145809,7.9327,25,A1,0.235198,1.301935,0
20210211T163501,20210219T145809,7.9327,26,A1,0.852173,0.000000,1
20210211T163501,20210219T145809,7.9327,27,A1,0.029900,0.149385,1
20210211T163501,20210219T145809,7.9327,28,A1,0.672838,0.000000,1
20210211T163501,20210219T145809,7.9327,29,A1,0.126526,0.380168,1
20210211T163501,20210219T145809,7.9327,30,A1,0.020727,0.189883,0
20210211T163501,20210219T145809,7.9327,31,A1,-0.148714,1.002733,0
20210211T163501,20210219T145809,7.9327,32,A1,0.243082,0.829882,0
20210211T163501,20210219T145809,7.9327,33,A2,-0.061771,1.191091,0
20210211T163501,20210219T145809,7.9327,34,A2,-0.385453,0.818875,1
20210211T163501,20210219T145809,7.9327,35,A2,-0.140258,0.304182,0
20210211T163501,20210219T145809,7.9327,36,A2,-0.078157,0.063229,1
20210211T163501,20210219T145809,7.9327,37,A2,0.240681,0.138836,0
20210211T163501,20210219T145809,7.9327,38,A2,0.206906,0.280248,1
20210211T163501,20210219T145809,7.9327,39,A2,0.596745,0.787361,1
20210211T163501,20210219T145809,7.9327,40,A2,-0.297336,0.724630,1
20210211T163501,20210219T145809,7.9327,41,A2,0.112813,0.354042,1
20210211T163501,20210219T145809,7.9327,42,A2,0.215369,0.431630,1
20210211T163501,20210219T145809,7.9327,43,A2,-0.016599,1.021255,0
20210211T163501,20210219T145809,7.9327,44,A2,-0.020009,0.709190,1
20210211T163501,20210219T145809,7.9327,45,A2,0.011226,0.052958,1
20210211T163501,20210219T145809,7.9327,46,A2,0.280194,0.870208,1
20210211T163501,20210219T145809,7.9327,47,A2,0.102320,0.276193,0
20210211T163501,20210219T145809,7.9327,48,A2,0.303509,0.874413,1
20210211T163501,20210219T145809,7.9327,49,A2,0.569234,0.194661,1
20210211T163501,20210219T145809,7.9327,50,A2,-0.063309,0.109565,1
20210211T163501,20210219T145809,7.9327,51,A2,-0.246438,0.282616,1
20210211T163501,20210219T145809,7.9327,52,A2,0.275873,0.072871,1
20210211T163501,20210219T145809,7.9327,53,A2,-0.025984,0.864945,0
20210211T163501,20210219T145809,7.9327,54,A2,0.588274,0.165448,1
20210211T163501,20210219T145809,7.9327,55,A2,0.740932,0.159299,1
20210211T163501,20210219T145809,7.9327,56,A2,0.277033,1.053814,0
20210211T163501,20210219T145809,7.9327,57,A2,0.001098,0.597277,0
20210211T163501,20210219T145809,7.9327,58,A2,0.266253,1.580146,0
20210211T163501,20210219T145809,7.9327,59,A2,0.112925,0.334273,1
20210211T163501,20210219T145809,7.9327,60,A2,0.265895,0.996805,1
20210211T163501,20210219T145809,7.9327,61,A2,-0.062624,0.593508,0
20210211T163501,20210219T145809,7.9327,62,A2,-0.180190,1.028877,0
20210211T163501,20210219T145809,7.9327,63,A2,0.417010,0.000000,1
20210211T163501,20210219T145809,7.9327,64,A2,0.016010,0.125851,0
20210211T163501,20210219T145809,7.9327,65,A3,-0.140764,1.987077,0
20210211T163501,20210219T145809,7.9327,66,A3,0.419340,0.745854,1
20210211T163501,20210219T145809,7.9327,67,A3,0.142394,1.027263,0
20210211T163501,20210219T145809,7.9327,68,A3,-0.209740,0.481624,1
20210211T163501,20210219T145809,7.9327,69,A3,0.070024,0.307804,0
20210211T163501,20210219T145809,7.9327,70,A3,0.004137,1.027609,0
20210211T163501,20210219T145809,7.9327,71,A3,0.143465,0.457124,0
20210211T163501,20210219T145809,7.9327,72,A3,-0.036457,0.780334,0
20210211T163501,20210219T145809,7.9327,73,A3,0.010191,0.371683,1
20210211T163501,20210219T145809,7.9327,74,A3,0.141217,0.264469,1
20210211T163501,20210219T145809,7.9327,75,A3,0.023542,0.855023,1
20210211T163501,20210219T145809,7.9327,76,A3,0.012951,0.989574,1
20210211T163501,20210219T145809,7.9327,77,A3,-0.054106,1.154031,0
20210211T163501,20210219T145809,7.9327,78,A3,-0.212587,1.481743,0
20210211T163501,20210219T145809,7.9327,79,A3,-0.123514,2.000000,0
20210211T163501,20210219T145809,7.9327,80,A3,-0.039250,0.127287,1
20210211T163501,20210219T145809,7.9327,81,A3,0.203692,0.938947,1
20210211T163501,20210219T145809,7.9327,82,A3,0.073017,0.635555,1
20210211T163501,20210219T145809,7.9327,83,A3,-0.002028,0.301773,0
20210211T163501,20210219T145809,7.9327,84,A3,-0.044595,0.336043,0
20210211T163501,20210219T145809,7.9327,85,A3,-0.048285,1.087831,0
20210211T163501,20210219T145809,7.9327,86,A3,0.006055,0.888216,0
20210211T163501,20210219T145809,7.9327,87,A3,-0.127496,0.458456,1
20210211T163501,20210219T145809,7.9327,88,A3,-0.343376,1.074882,0
20210211T163501,20210219T145809,7.9327,89,A3,-0.006244,1.060864,0
20210211T163501,20210219T145809,7.9327,90,A3,0.056242,1.213770,0
20210211T163501,20210219T145809,7.9327,91,A3,0.291194,1.001271,0
20210211T163501,20210219T145809,7.9327,92,A3,0.016143,0.109156,1
20210211T163501,20210219T145809,7.9327,93,A3,0.187355,0.106321,1
20210211T163501,20210219T145809,7.9327,94,A3,-0.108456,0.777154,0
20210211T163501,20210219T145809,7.9327,95,A3,0.347206,0.990862,1
20210211T163501,20210219T145809,7.9327,96,A3,0.340138,0.974495,1
20210211T163501,20210219T145809,7.9327,97,A4,0.507841,0.105943,1
20210211T163501,20210219T145809,7.9327,98,A4,0.473682,0.436255,1
20210211T163501,20210219T145809,7.9327,99,A4,-0.018559,0.047456,1
20210211T163501,20210219T145809,7.9327,100,A4,0.570658,0.163453,1
20210211T163501,20210219T145809,7.9327,101,A4,0.476490,0.465566,1
20210211T163501,20210219T145809,7.9327,102,A4,0.301685,0.202009,0
20210211T163501,20210219T145809,7.9327,103,A4,0.295594,0.120422,1
20210211T163501,20210219T145809,7.9327,104,A4,0.474534,0.401992,0
20210211T163501,20210219T145809,7.9327,105,A4,-0.073682,0.551677,0
20210211T163501,20210219T145809,7.9327,106,A4,-0.078800,0.298312,1
20210211T163501,20210219T145809,7.9327,107,A4,-0.101016,0.116532,1
20210211T163501,20210219T145809,7.9327,108,A4,0.036484,0.736779,0
20210211T163501,20210219T145809,7.9327,109,A4,0.221119,0.141424,1
20210211T163501,20210219T145809,7.9327,110,A4,0.152092,1.270010,0
20210211T163501,20210219T145809,7.9327,111,A4,0.155385,0.164573,1
20210211T163501,20210219T145809,7.9327,112,A4,0.062055,0.183504,0
20210211T163501,20210219T145809,7.9327,113,A4,0.555903,0.072939,1
20210211T163501,20210219T145809,7.9327,114,A4,0.376850,0.172071,1
20210211T163501,20210219T145809,7.9327,115,A4,0.627080,0.067288,1
20210211T163501,20210219T145809,7.9327,116,A4,0.158628,0.174487,0
20210211T163501,20210219T145809,7.9327,117,A4,0.795704,0.702592,1
20210211T163501,20210219T145809,7.9327,118,A4,0.411813,0.244075,0
20210211T163501,20210219T145809,7.9327,119,A4,0.468067,0.670406,1
20210211T163501,20210219T145809,7.9327,120,A4,0.700573,0.439933,1
20210211T163501,20210219T145809,7.9327,121,A4,0.414376,0.138639,0
20210211T163501,20210219T145809,7.9327,122,A4,0.166024,0.220453,1
20210211T163501,20210219T145809,7.9327,123,A4,0.232850,0.081038,1
20210211T163501,20210219T145809,7.9327,124,A4,0.280685,0.082748,0
20210211T163501,20210219T145809,7.9327,125,A4,0.169634,0.177795,1
20210211T163501,20210219T145809,7.9327,126,A4,0.371907,0.306952,0
20210211T163501,20210219T145809,7.9327,127,A4,0.329093,0.211090,0
20210211T163501,20210219T145809,7.9327,128,A4,0.056026,0.227725,0
20210211T163501,20210219T145809,7.9327,129,A5,0.755931,0.742709,1
20210211T163501,20210219T145809,7.9327,130,A5,-0.338090,0.432389,0
20210211T163501,20210219T145809,7.9327,131,A5,0.153991,0.304683,1
20210211T163501,20210219T145809,7.9327,132,A5,0.592545,0.249824,1
20210211T163501,20210219T145809,7.9327,133,A5,-0.090648,0.540065,1
20210211T163501,20210219T145809,7.9327,134,A5,0.163443,0.392834,1
20210211T163501,20210219T145809,7.9327,135,A5,0.428590,0.507537,1
20210211T163501,20210219T145809,7.9327,136,A5,0.112937,0.178484,1
20210211T163501,20210219T145809,7.9327,137,A5,0.161187,0.645681,1
20210211T163501,20210219T145809,7.9327,138,A5,0.103729,1.017136,0
20210211T163501,20210219T145809,7.9327,139,A5,0.073073,1.236096,0
20210211T163501,20210219T145809,7.9327,140,A5,0.273687,1.023693,0
20210211T163501,20210219T145809,7.9327,141,A5,0.576009,0.012785,1
20210211T163501,20210219T145809,7.9327,142,A5,-0.262183,1.228255,0
20210211T163501,20210219T145809,7.9327,143,A5,0.232270,0.876085,1
20210211T163501,20210219T145809,7.9327,144,A5,-0.006048,2.000000,0
20210211T163501,20210219T145809,7.9327,145,A5,0.075909,0.397257,0
20210211T163501,20210219T145809,7.9327,146,A5,-0.013944,0.914138,1
20210211T163501,20210219T145809,7.9327,147,A5,0.321157,0.585786,1
20210211T163501,20210219T145809,7.9327,148,A5,0.021160,1.327535,0
20210211T163501,20210219T145809,7.9327,149,A5,0.049087,0.382231,1
20210211T163501,20210219T145809,7.9327,150,A5,0.157607,1.154747,0
20210211T163501,20210219T145809,7.9327,151,A5,0.218267,0.082725,1
20210211T163501,20210219T145809,7.9327,152,A5,0.245413,0.649352,1
20210211T163501,20210219T145809,7.9327,153,A5,0.431277,0.556012,1
20210211T163501,20210219T145809,7.9327,154,A5,0.166470,0.178959,1
20210211T163501,20210219T145809,7.9327,155,A5,-0.265438,0.965057,1
20210211T163501,20210219T145809,7.9327,156,A5,-0.181924,0.743794,1
20210211T163501,20210219T145809,7.9327,157,A5,-0.038453,0.623705,1
20210211T163501,20210219T145809,7.9327,158,A5,-0.280999,0.980416,0
20210211T163501,20210219T145809,7.9327,159,A5,-0.154367,0.898430,0
20210211T163501,20210219T145809,7.9327,160,A5,0.270279,0.116091,1
20210211T163501,20210610T132106,118.8653,1,A1,-0.061160,1.509421,0
20210211T163501,20210610T132106,118.8653,2,A1,0.071449,0.173289,1
20210211T163501,20210610T132106,118.8653,3,A1,-0.113906,0.099709,1
20210211T163501,20210610T132106,118.8653,4,A1,-0.098301,0.838848,0
20210211T163501,20210610T132106,118.8653,5,A1,-0.005748,0.916308,0
20210211T163501,20210610T132106,118.8653,6,A1,0.056685,0.058450,1
20210211T163501,20210610T132106,118.8653,7,A1,-0.019914,0.061745,1
20210211T163501,20210610T132106,118.8653,8,A1,-0.290228,0.772012,0
20210211T163501,20210610T132106,118.8653,9,A1,-0.278402,1.138243,0
20210211T163501,20210610T132106,118.8653,10,A1,0.530994,0.286273,1
20210211T163501,20210610T132106,118.8653,11,A1,0.226662,0.104325,0
20210211T163501,20210610T132106,118.8653,12,A1,-0.117905,0.387767,0
20210211T163501,20210610T132106,118.8653,13,A1,0.263069,0.057603,1
20210211T163501,20210610T132106,118.8653,14,A1,-0.036935,0.578794,0
20210211T163501,20210610T132106,118.8653,15,A1,0.084363,0.076844,1
20210211T163501,20210610T132106,118.8653,16,A1,-0.161233,0.271937,1
20210211T163501,20210610T132106,118.8653,17,A1,0.141080,0.366365,0
20210211T163501,20210610T132106,118.8653,18,A1,-0.107594,0.304518,1
20210211T163501,20210610T132106,118.8653,19,A1,-0.214879,0.000000,1
20210211T163501,20210610T132106,118.8653,20,A1,0.321385,0.336961,1
20210211T163501,20210610T132106,118.8653,21,A1,0.211426,0.596718,1
20210211T163501,20210610T132106,118.8653,22,A1,-0.126712,0.455726,1
20210211T163501,20210610T132106,118.8653,23,A1,0.192644,0.933959,1
20210211T163501,20210610T132106,118.8653,24,A1,-0.428038,1.761631,0
20210211T163501,20210610T132106,118.8653,25,A1,0.252581,0.473001,0
20210211T163501,20210610T132106,118.8653,26,A1,-0.037114,1.055147,0
20210211T163501,20210610T132106,118.8653,27,A1,0.440111,0.855417,1
20210211T163501,20210610T132106,118.8653,28,A1,0.235694,1.169828,0
20210211T163501,20210610T132106,118.8653,29,A1,0.145922,1.127798,0
20210211T163501,20210610T132106,118.8653,30,A1,-0.060879,0.234534,1
20210211T163501,20210610T132106,118.8653,31,A1,0.007674,1.143559,0
20210211T163501,20210610T132106,118.8653,32,A1,-0.153787,0.993648,1
20210211T163501,20210610T132106,118.8653,33,A2,0.175287,0.532522,1
20210211T163501,20210610T132106,118.8653,34,A2,-0.216176,0.835130,1
20210211T163501,20210610T132106,118.8653,35,A2,0.096378,0.084545,1
20210211T163501,20210610T132106,118.8653,36,A2,0.167375,0.052053,0
20210211T163501,20210610T132106,118.8653,37,A2,-0.205419,1.086765,0
20210211T163501,20210610T132106,118.8653,38,A2,0.162585,0.002076,1
20210211T163501,20210610T132106,118.8653,39,A2,-0.112533,1.339148,0
20210211T163501,20210610T132106,118.8653,40,A2,-0.260095,0.109112,1
20210211T163501,20210610T132106,118.8653,41,A2,0.038447,1.135179,0
20210211T163501,20210610T132106,118.8653,42,A2,-0.245226,0.002306,1
20210211T163501,20210610T132106,118.8653,43,A2,0.198938,1.793669,0
20210211T163501,20210610T132106,118.8653,44,A2,0.224409,0.986821,1
20210211T163501,20210610T132106,118.8653,45,A2,0.191483,0.118998,1
20210211T163501,20210610T132106,118.8653,46,A2,0.005055,1.919752,0
20210211T163501,20210610T132106,118.8653,47,A2,0.013752,0.787516,1
20210211T163501,20210610T132106,118.8653,48,A2,-0.164316,0.000000,1
20210211T163501,20210610T132106,118.8653,49,A2,0.489107,0.537313,1
20210211T163501,20210610T132106,118.8653,50,A2,0.109172,0.117194,1
20210211T163501,20210610T132106,118.8653,51,A2,0.170788,0.597534,1
20210211T163501,20210610T132106,118.8653,52,A2,0.273860,0.271174,0
20210211T163501,20210610T132106,118.8653,53,A2,0.172955,0.760031,1
20210211T163501,20210610T132106,118.8653,54,A2,0.391972,0.382447,0
20210211T163501,20210610T132106,118.8653,55,A2,-0.061863,0.155520,1
20210211T163501,20210610T132106,118.8653,56,A2,0.366019,0.470387,1
20210211T163501,20210610T132106,118.8653,57,A2,0.103480,0.178078,1
20210211T163501,20210610T132106,118.8653,58,A2,0.149563,0.380734,1
20210211T163501,20210610T132106,118.8653,59,A2,0.196103,0.834533,1
20210211T163501,20210610T132106,118.8653,60,A2,0.084924,1.222343,0
20210211T163501,20210610T132106,118.8653,61,A2,0.083605,1.551639,0
20210211T163501,20210610T132106,118.8653,62,A2,0.174021,1.015309,0
20210211T163501,20210610T132106,118.8653,63,A2,-0.232804,0.713574,1
20210211T163501,20210610T132106,118.8653,64,A2,-0.299954,0.117199,1
20210211T163501,20210610T132106,118.8653,65,A3,0.247226,0.000000,1
20210211T163501,20210610T132106,118.8653,66,A3,-0.224373,0.868807,1
20210211T163501,20210610T132106,118.8653,67,A3,0.203126,0.970310,1
20210211T163501,20210610T132106,118.8653,68,A3,0.003175,0.599358,0
20210211T163501,20210610T132106,118.8653,69,A3,-0.090406,0.708249,1
20210211T163501,20210610T132106,118.8653,70,A3,-0.184185,2.000000,0
20210211T163501,20210610T132106,118.8653,71,A3,0.023776,0.263458,1
20210211T163501,20210610T132106,118.8653,72,A3,0.277484,0.619981,1
20210211T163501,20210610T132106,118.8653,73,A3,0.075573,0.179714,1
20210211T163501,20210610T132106,118.8653,74,A3,-0.053330,0.821421,0
20210211T163501,20210610T132106,118.8653,75,A3,-0.229595,0.933856,1
20210211T163501,20210610T132106,118.8653,76,A3,-0.083088,2.000000,0
20210211T163501,20210610T132106,118.8653,77,A3,-0.204416,1.014256,0
20210211T163501,20210610T132106,118.8653,78,A3,-0.376668,0.436848,1
20210211T163501,20210610T132106,118.8653,79,A3,-0.097334,0.740645,1
20210211T163501,20210610T132106,118.8653,80,A3,-0.084588,0.534179,1
20210211T163501,20210610T132106,118.8653,81,A3,-0.147026,1.694912,0
20210211T163501,20210610T132106,118.8653,82,A3,0.024832,0.179215,1
20210211T163501,20210610T132106,118.8653,83,A3,0.284864,0.135435,1
20210211T163501,20210610T132106,118.8653,84,A3,0.008271,0.132499,1
20210211T163501,20210610T132106,118.8653,85,A3,0.243464,0.986848,1
20210211T163501,20210610T132106,118.8653,86,A3,-0.111176,0.570470,0
20210211T163501,20210610T132106,118.8653,87,A3,-0.086133,1.023180,0
20210211T163501,20210610T132106,118.8653,88,A3,-0.141888,0.601360,1
20210211T163501,20210610T132106,118.8653,89,A3,-0.103550,0.924582,1
20210211T163501,20210610T132106,118.8653,90,A3,-0.125538,1.050516,0
20210211T163501,20210610T132106,118.8653,91,A3,-0.016284,0.000000,1
20210211T163501,20210610T132106,118.8653,92,A3,-0.186893,0.848975,1
20210211T163501,20210610T132106,118.8653,93,A3,-0.073588,0.319461,0
20210211T163501,20210610T132106,118.8653,94,A3,0.253464,0.594696,1
20210211T163501,20210610T132106,118.8653,95,A3,-0.123843,0.845564,1
20210211T163501,20210610T132106,118.8653,96,A3,0.126196,0.617679,1
20210211T163501,20210610T132106,118.8653,97,A4,-0.417419,0.173946,1
20210211T163501,20210610T132106,118.8653,98,A4,0.425764,0.270328,1
20210211T163501,20210610T132106,118.8653,99,A4,0.143707,0.257236,0
20210211T163501,20210610T132106,118.8653,100,A4,-0.115432,0.954151,0
20210211T163501,20210610T132106,118.8653,101,A4,0.102068,0.860522,0
20210211T163501,20210610T132106,118.8653,102,A4,0.427923,0.265643,1
20210211T163501,20210610T132106,118.8653,103,A4,0.440677,0.015587,1
20210211T163501,20210610T132106,118.8653,104,A4,0.292517,0.039089,1
20210211T163501,20210610T132106,118.8653,105,A4,0.445168,0.566503,0
20210211T163501,20210610T132106,118.8653,106,A4,0.119266,0.014816,1
20210211T163501,20210610T132106,118.8653,107,A4,0.231567,0.054653,1
20210211T163501,20210610T132106,118.8653,108,A4,-0.151022,0.621530,1
20210211T163501,20210610T132106,118.8653,109,A4,0.204774,0.434814,1
20210211T163501,20210610T132106,118.8653,110,A4,0.052115,0.834488,1
20210211T163501,20210610T132106,118.8653,111,A4,0.243393,0.271226,1
20210211T163501,20210610T132106,118.8653,112,A4,0.323455,0.017347,1
20210211T163501,20210610T132106,118.8653,113,A4,0.095434,0.235673,0
20210211T163501,20210610T132106,118.8653,114,A4,0.279647,0.177651,1
20210211T163501,20210610T132106,118.8653,115,A4,-0.259415,0.553098,0
20210211T163501,20210610T132106,118.8653,116,A4,0.285629,0.249045,1
20210211T163501,20210610T132106,118.8653,117,A4,0.754521,0.434228,1
20210211T163501,20210610T132106,118.8653,118,A4,0.513172,0.063079,1
20210211T163501,20210610T132106,118.8653,119,A4,0.360796,1.383480,0
20210211T163501,20210610T132106,118.8653,120,A4,0.549008,0.868431,1
20210211T163501,20210610T132106,118.8653,121,A4,0.460157,0.095950,1
20210211T163501,20210610T132106,118.8653,122,A4,-0.052740,0.182607,0
20210211T163501,20210610T132106,118.8653,123,A4,-0.499296,0.210902,1
20210211T163501,20210610T132106,118.8653,124,A4,0.231606,0.183763,1
20210211T163501,20210610T132106,118.8653,125,A4,0.639784,0.037325,1
20210211T163501,20210610T132106,118.8653,126,A4,0.603700,0.190318,1
20210211T163501,20210610T132106,118.8653,127,A4,0.309100,0.020228,0
20210211T163501,20210610T132106,118.8653,128,A4,0.425323,0.013862,1
20210211T163501,20210610T132106,118.8653,129,A5,0.098435,2.000000,0
20210211T163501,20210610T132106,118.8653,130,A5,0.031503,0.251272,1
20210211T163501,20210610T132106,118.8653,131,A5,-0.039791,0.284894,0
20210211T163501,20210610T132106,118.8653,132,A5,0.033796,2.000000,0
20210211T163501,20210610T132106,118.8653,133,A5,-0.177733,0.983920,1
20210211T163501,20210610T132106,118.8653,134,A5,0.084622,0.211924,1
20210211T163501,20210610T132106,118.8653,135,A5,0.008464,0.974576,0
20210211T163501,20210610T132106,118.8653,136,A5,0.156279,0.141686,1
20210211T163501,20210610T132106,118.8653,137,A5,0.447955,0.176257,1
20210211T163501,20210610T132106,118.8653,138,A5,0.171529,0.000000,1
20210211T163501,20210610T132106,118.8653,139,A5,-0.021331,1.168568,0
20210211T163501,20210610T132106,118.8653,140,A5,0.094829,0.571962,1
20210211T163501,20210610T132106,118.8653,141,A5,0.007375,1.007973,0
20210211T163501,20210610T132106,118.8653,142,A5,0.137282,0.966572,1
20210211T163501,20210610T132106,118.8653,143,A5,0.023807,1.696821,0
20210211T163501,20210610T132106,118.8653,144,A5,-0.231116,0.019765,1
20210211T163501,20210610T132106,118.8653,145,A5,-0.053849,0.377945,1
20210211T163501,20210610T132106,118.8653,146,A5,-0.197515,2.000000,0
20210211T163501,20210610T132106,118.8653,147,A5,-0.216634,0.846421,0
20210211T163501,20210610T132106,118.8653,148,A5,-0.031331,0.000000,1
20210211T163501,20210610T132106,118.8653,149,A5,0.115074,0.938869,0
20210211T163501,20210610T132106,118.8653,150,A5,-0.176487,0.770722,0
20210211T163501,20210610T132106,118.8653,151,A5,-0.117174,0.278879,1
20210211T163501,20210610T132106,118.8653,152,A5,0.043397,0.530319,1
20210211T163501,20210610T132106,118.8653,153,A5,0.127276,0.570311,1
20210211T163501,20210610T132106,118.8653,154,A5,0.081779,0.325746,1
20210211T163501,20210610T132106,118.8653,155,A5,0.029947,0.965057,1
20210211T163501,20210610T132106,118.8653,156,A5,-0.046371,1.046608,0
20210211T163501,20210610T132106,118.8653,157,A5,0.139607,1.540237,0
20210211T163501,20210610T132106,118.8653,158,A5,0.244595,0.053367,1
20210211T163501,20210610T132106,118.8653,159,A5,-0.396058,1.027555,0
20210211T163501,20210610T132106,118.8653,160,A5,0.077697,0.342180,1
20210211T163501,20210618T123111,126.8307,1,A1,-0.342891,0.146854,1
20210211T163501,20210618T123111,126.8307,2,A1,-0.026247,0.221308,0
20210211T163501,20210618T123111,126.8307,3,A1,-0.258849,0.605043,0
20210211T163501,20210618T123111,126.8307,4,A1,0.162303,0.871736,1
20210211T163501,20210618T123111,126.8307,5,A1,0.394532,0.564960,1
20210211T163501,20210618T123111,126.8307,6,A1,-0.214506,0.948253,0
20210211T163501,20210618T123111,126.8307,7,A1,-0.026539,0.554004,1
20210211T163501,20210618T123111,126.8307,8,A1,-0.263080,0.884312,0
20210211T163501,20210618T123111,126.8307,9,A1,0.184837,0.017096,1
20210211T163501,20210618T123111,126.8307,10,A1,0.040410,0.965446,1
20210211T163501,20210618T123111,126.8307,11,A1,-0.067730,0.928248,1
20210211T163501,20210618T123111,126.8307,12,A1,-0.005814,0.628367,0
20210211T163501,20210618T123111,126.8307,13,A1,-0.202511,0.521036,0
20210211T163501,20210618T123111,126.8307,14,A1,-0.043585,0.433892,0
20210211T163501,20210618T123111,126.8307,15,A1,0.277051,0.750896,1
20210211T163501,20210618T123111,126.8307,16,A1,-0.062135,0.459084,0
20210211T163501,20210618T123111,126.8307,17,A1,-0.210812,1.233678,0
20210211T163501,20210618T123111,126.8307,18,A1,0.004723,0.743929,0
20210211T163501,20210618T123111,126.8307,19,A1,0.028048,1.110228,0
20210211T163501,20210618T123111,126.8307,20,A1,0.118602,0.233572,1
20210211T163501,20210618T123111,126.8307,21,A1,-0.081542,0.391675,1
20210211T163501,20210618T123111,126.8307,22,A1,0.151239,0.912399,0
20210211T163501,20210618T123111,126.8307,23,A1,-0.169844,1.444000,0
20210211T163501,20210618T123111,126.8307,24,A1,-0.459568,1.761631,0
20210211T163501,20210618T123111,126.8307,25,A1,-0.082958,0.538655,0
20210211T163501,20210618T123111,126.8307,26,A1,-0.225154,1.857796,0
20210211T163501,20210618T123111,126.8307,27,A1,0.473965,0.356311,0
20210211T163501,20210618T123111,126.8307,28,A1,0.295653,0.000000,1
20210211T163501,20210618T123111,126.8307,29,A1,0.310054,0.856401,1
20210211T163501,20210618T123111,126.8307,30,A1,0.013961,0.306775,0
20210211T163501,20210618T123111,126.8307,31,A1,0.397315,1.213995,0
20210211T163501,20210618T123111,126.8307,32,A1,-0.330025,0.993648,1
20210211T163501,20210618T123111,126.8307,33,A2,0.177943,0.554595,1
20210211T163501,20210618T123111,126.8307,34,A2,-0.005932,0.819621,1
20210211T163501,20210618T123111,126.8307,35,A2,0.190943,0.157258,1
20210211T163501,20210618T123111,126.8307,36,A2,0.103015,0.133337,0
20210211T163501,20210618T123111,126.8307,37,A2,-0.129371,0.113466,1
20210211T163501,20210618T123111,126.8307,38,A2,-0.008455,0.118110,1
20210211T163501,20210618T123111,126.8307,39,A2,0.343999,0.767602,1
20210211T163501,20210618T123111,126.8307,40,A2,0.206488,0.540128,1
20210211T163501,20210618T123111,126.8307,41,A2,-0.076593,1.645958,0
20210211T163501,20210618T123111,126.8307,42,A2,0.223448,1.278937,0
20210211T163501,20210618T123111,126.8307,43,A2,0.117839,1.364508,0
20210211T163501,20210618T123111,126.8307,44,A2,-0.244301,0.672446,1
20210211T163501,20210618T123111,126.8307,45,A2,-0.110960,0.337967,1
20210211T163501,20210618T123111,126.8307,46,A2,0.297248,0.787685,1
20210211T163501,20210618T123111,126.8307,47,A2,0.008513,0.129194,1
20210211T163501,20210618T123111,126.8307,48,A2,0.415341,0.821601,1
20210211T163501,20210618T123111,126.8307,49,A2,0.422635,0.507533,1
20210211T163501,20210618T123111,126.8307,50,A2,-0.139853,0.177139,0
20210211T163501,20210618T123111,126.8307,51,A2,0.126934,0.626622,1
20210211T163501,20210618T123111,126.8307,52,A2,-0.153930,0.685494,0
20210211T163501,20210618T123111,126.8307,53,A2,0.302657,0.418571,1
20210211T163501,20210618T123111,126.8307,54,A2,0.062387,0.318984,0
20210211T163501,20210618T123111,126.8307,55,A2,0.137191,0.307479,1
20210211T163501,20210618T123111,126.8307,56,A2,0.297464,0.762666,1
20210211T163501,20210618T123111,126.8307,57,A2,-0.386333,1.491448,0
20210211T163501,20210618T123111,126.8307,58,A2,0.243361,0.594000,1
20210211T163501,20210618T123111,126.8307,59,A2,-0.180065,0.995162,0
20210211T163501,20210618T123111,126.8307,60,A2,-0.160422,1.009076,0
20210211T163501,20210618T123111,126.8307,61,A2,-0.157398,0.336358,1
20210211T163501,20210618T123111,126.8307,62,A2,0.274375,0.944443,1
20210211T163501,20210618T123111,126.8307,63,A2,-0.109325,0.079129,1
20210211T163501,20210618T123111,126.8307,64,A2,0.220073,0.072197,1
20210211T163501,20210618T123111,126.8307,65,A3,-0.237599,1.336338,0
20210211T163501,20210618T123111,126.8307,66,A3,0.288824,0.771743,1
20210211T163501,20210618T123111,126.8307,67,A3,0.129930,0.186214,1
20210211T163501,20210618T123111,126.8307,68,A3,0.007621,0.918117,0
20210211T163501,20210618T123111,126.8307,69,A3,0.049130,0.993250,0
20210211T163501,20210618T123111,126.8307,70,A3,0.118307,0.935487,1
20210211T163501,20210618T123111,126.8307,71,A3,0.164724,0.223068,1
20210211T163501,20210618T123111,126.8307,72,A3,-0.291887,0.551968,1
20210211T163501,20210618T123111,126.8307,73,A3,0.204483,0.293184,0
20210211T163501,20210618T123111,126.8307,74,A3,0.137717,0.290396,1
20210211T163501,20210618T123111,126.8307,75,A3,-0.187419,1.173676,0
20210211T163501,20210618T123111,126.8307,76,A3,0.050284,1.220636,0
20210211T163501,20210618T123111,126.8307,77,A3,0.222981,1.307097,0
20210211T163501,20210618T123111,126.8307,78,A3,0.090428,0.587090,0
20210211T163501,20210618T123111,126.8307,79,A3,0.295198,1.165954,0
20210211T163501,20210618T123111,126.8307,80,A3,0.190169,1.640189,0
20210211T163501,20210618T123111,126.8307,81,A3,0.093778,0.991290,1
20210211T163501,20210618T123111,126.8307,82,A3,-0.090630,0.433500,0
20210211T163501,20210618T123111,126.8307,83,A3,0.369888,0.177933,1
20210211T163501,20210618T123111,126.8307,84,A3,0.161334,0.366859,0
20210211T163501,20210618T123111,126.8307,85,A3,-0.030720,1.287070,0
20210211T163501,20210618T123111,126.8307,86,A3,0.166998,0.459748,0
20210211T163501,20210618T123111,126.8307,87,A3,0.053763,0.506637,0
20210211T163501,20210618T123111,126.8307,88,A3,0.211895,1.211132,0
20210211T163501,20210618T123111,126.8307,89,A3,0.310616,2.000000,0
20210211T163501,20210618T123111,126.8307,90,A3,-0.087031,0.989941,1
20210211T163501,20210618T123111,126.8307,91,A3,-0.071657,0.898443,1
20210211T163501,20210618T123111,126.8307,92,A3,0.058687,0.101075,1
20210211T163501,20210618T123111,126.8307,93,A3,0.248818,0.477241,0
20210211T163501,20210618T123111,126.8307,94,A3,0.009596,0.620561,0
20210211T163501,20210618T123111,126.8307,95,A3,-0.096883,1.032880,0
20210211T163501,20210618T123111,126.8307,96,A3,-0.074787,1.237450,0
20210211T163501,20210618T123111,126.8307,97,A4,-0.156305,0.338578,1
20210211T163501,20210618T123111,126.8307,98,A4,-0.261962,0.469107,0
20210211T163501,20210618T123111,126.8307,99,A4,0.022901,0.161372,1
20210211T163501,20210618T123111,126.8307,100,A4,0.136619,0.746665,1
20210211T163501,20210618T123111,126.8307,101,A4,-0.122667,0.289388,1
20210211T163501,20210618T123111,126.8307,102,A4,0.078385,0.018319,1
20210211T163501,20210618T123111,126.8307,103,A4,0.220631,0.161019,1
20210211T163501,20210618T123111,126.8307,104,A4,-0.079969,0.411465,0
20210211T163501,20210618T123111,126.8307,105,A4,0.064980,0.602692,0
20210211T163501,20210618T123111,126.8307,106,A4,0.126620,0.342806,0
20210211T163501,20210618T123111,126.8307,107,A4,0.201322,0.233954,0
20210211T163501,20210618T123111,126.8307,108,A4,-0.318912,0.667561,1
20210211T163501,20210618T123111,126.8307,109,A4,0.216646,0.969171,0
20210211T163501,20210618T123111,126.8307,110,A4,0.143405,1.060097,0
20210211T163501,20210618T123111,126.8307,111,A4,0.249652,0.294451,1
20210211T163501,20210618T123111,126.8307,112,A4,-0.304591,0.128135,0
20210211T163501,20210618T123111,126.8307,113,A4,0.097780,0.315215,0
20210211T163501,20210618T123111,126.8307,114,A4,-0.004460,0.085376,1
20210211T163501,20210618T123111,126.8307,115,A4,-0.034269,0.440032,0
20210211T163501,20210618T123111,126.8307,116,A4,0.682305,0.057779,1
20210211T163501,20210618T123111,126.8307,117,A4,0.201311,0.978875,1
20210211T163501,20210618T123111,126.8307,118,A4,0.591907,0.203201,1
20210211T163501,20210618T123111,126.8307,119,A4,0.242237,1.190682,0
20210211T163501,20210618T123111,126.8307,120,A4,0.636674,0.804495,1
20210211T163501,20210618T123111,126.8307,121,A4,0.622213,0.365165,1
20210211T163501,20210618T123111,126.8307,122,A4,0.301223,0.226462,1
20210211T163501,20210618T123111,126.8307,123,A4,-0.149184,0.551927,0
20210211T163501,20210618T123111,126.8307,124,A4,-0.081989,0.155906,1
20210211T163501,20210618T123111,126.8307,125,A4,0.712850,0.001576,1
20210211T163501,20210618T123111,126.8307,126,A4,0.004456,0.217647,1
20210211T163501,20210618T123111,126.8307,127,A4,0.329483,0.304770,1
20210211T163501,20210618T123111,126.8307,128,A4,0.214394,0.156129,1
20210211T163501,20210618T123111,126.8307,129,A5,0.003843,1.177628,0
20210211T163501,20210618T123111,126.8307,130,A5,-0.143422,0.585096,0
20210211T163501,20210618T123111,126.8307,131,A5,-0.317185,0.855120,1
20210211T163501,20210618T123111,126.8307,132,A5,-0.269647,0.799979,1
20210211T163501,20210618T123111,126.8307,133,A5,-0.074785,0.811291,1
20210211T163501,20210618T123111,126.8307,134,A5,0.018415,0.168781,1
20210211T163501,20210618T123111,126.8307,135,A5,0.216326,0.552161,1
20210211T163501,20210618T123111,126.8307,136,A5,0.194372,0.088572,1
20210211T163501,20210618T123111,126.8307,137,A5,-0.019369,0.354102,1
20210211T163501,20210618T123111,126.8307,138,A5,0.017241,0.945431,1
20210211T163501,20210618T123111,126.8307,139,A5,-0.399853,1.008172,0
20210211T163501,20210618T123111,126.8307,140,A5,-0.102233,0.422101,1
20210211T163501,20210618T123111,126.8307,141,A5,0.070582,2.000000,0
20210211T163501,20210618T123111,126.8307,142,A5,0.130217,1.302427,0
20210211T163501,20210618T123111,126.8307,143,A5,-0.453491,0.956748,1
20210211T163501,20210618T123111,126.8307,144,A5,0.046745,0.982951,1
20210211T163501,20210618T123111,126.8307,145,A5,-0.327126,0.750030,0
20210211T163501,20210618T123111,126.8307,146,A5,-0.228031,0.862112,1
20210211T163501,20210618T123111,126.8307,147,A5,0.126195,0.607863,1
20210211T163501,20210618T123111,126.8307,148,A5,-0.006495,2.000000,0
20210211T163501,20210618T123111,126.8307,149,A5,-0.002450,0.579886,0
20210211T163501,20210618T123111,126.8307,150,A5,-0.016348,0.354969,1
20210211T163501,20210618T123111,126.8307,151,A5,-0.099608,0.621890,0
20210211T163501,20210618T123111,126.8307,152,A5,0.082414,0.289717,1
20210211T163501,20210618T123111,126.8307,153,A5,0.100470,1.220644,0
20210211T163501,20210618T123111,126.8307,154,A5,-0.259329,0.602389,0
20210211T163501,20210618T123111,126.8307,155,A5,-0.174849,0.543232,1
20210211T163501,20210618T123111,126.8307,156,A5,0.301666,0.832783,1
20210211T163501,20210618T123111,126.8307,157,A5,0.270106,0.591030,1
20210211T163501,20210618T123111,126.8307,158,A5,0.084961,0.939870,1
20210211T163501,20210618T123111,126.8307,159,A5,-0.033066,0.564583,0
20210211T163501,20210618T123111,126.8307,160,A5,-0.032556,0.310163,1
20210211T163501,20210623T140144,131.8936,1,A1,-0.155173,0.536562,0
20210211T163501,20210623T140144,131.8936,2,A1,0.113596,0.252288,0
20210211T163501,20210623T140144,131.8936,3,A1,-0.013692,0.537861,1
20210211T163501,20210623T140144,131.8936,4,A1,0.121268,0.871736,1
20210211T163501,20210623T140144,131.8936,5,A1,-0.152031,0.409183,1
20210211T163501,20210623T140144,131.8936,6,A1,0.057539,0.184896,0
20210211T163501,20210623T140144,131.8936,7,A1,0.135933,0.172978,1
20210211T163501,20210623T140144,131.8936,8,A1,-0.495658,0.834166,0
20210211T163501,20210623T140144,131.8936,9,A1,0.186243,0.241022,1
20210211T163501,20210623T140144,131.8936,10,A1,-0.117754,0.093898,0
20210211T163501,20210623T140144,131.8936,11,A1,-0.210838,0.023260,1
20210211T163501,20210623T140144,131.8936,12,A1,-0.413118,0.493167,0
20210211T163501,20210623T140144,131.8936,13,A1,0.035037,0.194969,0
20210211T163501,20210623T140144,131.8936,14,A1,0.285927,0.478861,0
20210211T163501,20210623T140144,131.8936,15,A1,0.076307,0.167665,1
20210211T163501,20210623T140144,131.8936,16,A1,0.249445,0.069010,1
20210211T163501,20210623T140144,131.8936,17,A1,-0.058807,1.233678,0
20210211T163501,20210623T140144,131.8936,18,A1,0.247133,0.394614,1
20210211T163501,20210623T140144,131.8936,19,A1,0.155479,0.694112,1
20210211T163501,20210623T140144,131.8936,20,A1,-0.047523,0.249495,1
20210211T163501,20210623T140144,131.8936,21,A1,-0.154016,0.942058,1
20210211T163501,20210623T140144,131.8936,22,A1,0.124113,0.779496,1
20210211T163501,20210623T140144,131.8936,23,A1,-0.014815,1.448831,0
20210211T163501,20210623T140144,131.8936,24,A1,-0.810600,1.761631,0
20210211T163501,20210623T140144,131.8936,25,A1,0.150880,0.983567,0
20210211T163501,20210623T140144,131.8936,26,A1,0.161941,1.120846,0
20210211T163501,20210623T140144,131.8936,27,A1,0.475303,0.009699,1
20210211T163501,20210623T140144,131.8936,28,A1,0.483776,2.000000,0
20210211T163501,20210623T140144,131.8936,29,A1,0.074306,1.147771,0
20210211T163501,20210623T140144,131.8936,30,A1,0.046607,0.330634,0
20210211T163501,20210623T140144,131.8936,31,A1,0.431738,1.570778,0
20210211T163501,20210623T140144,131.8936,32,A1,-0.279774,0.993648,1
20210211T163501,20210623T140144,131.8936,33,A2,0.246700,0.346788,1
20210211T163501,20210623T140144,131.8936,34,A2,-0.004820,0.775919,1
20210211T163501,20210623T140144,131.8936,35,A2,0.261357,0.862793,1
20210211T163501,20210623T140144,131.8936,36,A2,0.410161,0.064914,0
20210211T163501,20210623T140144,131.8936,37,A2,0.219030,0.179184,1
20210211T163501,20210623T140144,131.8936,38,A2,0.065239,0.231807,1
20210211T163501,20210623T140144,131.8936,39,A2,0.187816,0.656902,1
20210211T163501,20210623T140144,131.8936,40,A2,-0.181653,1.890888,0
20210211T163501,20210623T140144,131.8936,41,A2,0.032991,1.095274,0
20210211T163501,20210623T140144,131.8936,42,A2,0.246341,1.664814,0
20210211T163501,20210623T140144,131.8936,43,A2,0.228648,1.439262,0
20210211T163501,20210623T140144,131.8936,44,A2,-0.015805,0.540750,1
20210211T163501,20210623T140144,131.8936,45,A2,0.065299,0.074369,1
20210211T163501,20210623T140144,131.8936,46,A2,0.037330,1.233777,0
20210211T163501,20210623T140144,131.8936,47,A2,0.068262,0.170172,1
20210211T163501,20210623T140144,131.8936,48,A2,0.292985,0.000000,1
20210211T163501,20210623T140144,131.8936,49,A2,0.021956,0.866689,1
20210211T163501,20210623T140144,131.8936,50,A2,-0.057615,0.353336,0
20210211T163501,20210623T140144,131.8936,51,A2,-0.083319,0.630378,0
20210211T163501,20210623T140144,131.8936,52,A2,-0.099673,0.080663,1
20210211T163501,20210623T140144,131.8936,53,A2,-0.076419,0.387797,0
20210211T163501,20210623T140144,131.8936,54,A2,0.299392,0.209657,1
20210211T163501,20210623T140144,131.8936,55,A2,0.067854,0.116195,1
20210211T163501,20210623T140144,131.8936,56,A2,-0.230931,2.000000,0
20210211T163501,20210623T140144,131.8936,57,A2,0.076162,0.599351,0
20210211T163501,20210623T140144,131.8936,58,A2,0.235742,0.056935,1
20210211T163501,20210623T140144,131.8936,59,A2,0.152060,0.035799,1
20210211T163501,20210623T140144,131.8936,60,A2,0.182145,0.976758,1
20210211T163501,20210623T140144,131.8936,61,A2,-0.156096,1.037627,0
20210211T163501,20210623T140144,131.8936,62,A2,-0.137164,1.028958,0
20210211T163501,20210623T140144,131.8936,63,A2,0.202673,0.000000,1
20210211T163501,20210623T140144,131.8936,64,A2,0.021906,1.053068,0
20210211T163501,20210623T140144,131.8936,65,A3,-0.354493,1.133952,0
20210211T163501,20210623T140144,131.8936,66,A3,-0.015864,0.806095,1
20210211T163501,20210623T140144,131.8936,67,A3,-0.270181,0.830426,1
20210211T163501,20210623T140144,131.8936,68,A3,0.020575,0.506846,1
20210211T163501,20210623T140144,131.8936,69,A3,0.064316,0.269547,1
20210211T163501,20210623T140144,131.8936,70,A3,0.160459,1.004499,0
20210211T163501,20210623T140144,131.8936,71,A3,-0.083790,1.381121,0
20210211T163501,20210623T140144,131.8936,72,A3,-0.013581,0.703122,0
20210211T163501,20210623T140144,131.8936,73,A3,0.074073,0.442504,0
20210211T163501,20210623T140144,131.8936,74,A3,0.227424,0.078534,1
20210211T163501,20210623T140144,131.8936,75,A3,0.121910,1.941413,0
20210211T163501,20210623T140144,131.8936,76,A3,0.221616,0.813943,1
20210211T163501,20210623T140144,131.8936,77,A3,0.112930,0.737100,1
20210211T163501,20210623T140144,131.8936,78,A3,-0.022352,0.547297,0
20210211T163501,20210623T140144,131.8936,79,A3,0.043603,0.706689,1
20210211T163501,20210623T140144,131.8936,80,A3,-0.002159,0.925897,1
20210211T163501,20210623T140144,131.8936,81,A3,-0.115124,0.989266,1
20210211T163501,20210623T140144,131.8936,82,A3,0.233435,0.274013,1
20210211T163501,20210623T140144,131.8936,83,A3,-0.087142,0.709537,1
20210211T163501,20210623T140144,131.8936,84,A3,0.095607,0.186200,1
20210211T163501,20210623T140144,131.8936,85,A3,0.158381,0.367768,1
20210211T163501,20210623T140144,131.8936,86,A3,-0.104698,0.046738,1
20210211T163501,20210623T140144,131.8936,87,A3,-0.149086,0.420292,1
20210211T163501,20210623T140144,131.8936,88,A3,-0.151934,0.868317,1
20210211T163501,20210623T140144,131.8936,89,A3,0.169159,1.072621,0
20210211T163501,20210623T140144,131.8936,90,A3,-0.229849,0.438990,1
20210211T163501,20210623T140144,131.8936,91,A3,0.061953,1.004201,0
20210211T163501,20210623T140144,131.8936,92,A3,-0.233705,0.275879,0
20210211T163501,20210623T140144,131.8936,93,A3,-0.172599,1.208337,0
20210211T163501,20210623T140144,131.8936,94,A3,0.465380,0.493078,1
20210211T163501,20210623T140144,131.8936,95,A3,0.036926,1.014208,0
20210211T163501,20210623T140144,131.8936,96,A3,-0.106858,1.023220,0
20210211T163501,20210623T140144,131.8936,97,A4,0.201468,0.037546,1
20210211T163501,20210623T140144,131.8936,98,A4,0.286140,0.067756,1
20210211T163501,20210623T140144,131.8936,99,A4,0.018076,0.181465,1
20210211T163501,20210623T140144,131.8936,100,A4,0.153035,0.788932,0
20210211T163501,20210623T140144,131.8936,101,A4,-0.045894,1.082180,0
20210211T163501,20210623T140144,131.8936,102,A4,-0.128043,0.026505,1
20210211T163501,20210623T140144,131.8936,103,A4,0.020725,0.338565,0
20210211T163501,20210623T140144,131.8936,104,A4,-0.065653,0.216431,1
20210211T163501,20210623T140144,131.8936,105,A4,0.236187,0.763019,0
20210211T163501,20210623T140144,131.8936,106,A4,0.042607,0.423622,0
20210211T163501,20210623T140144,131.8936,107,A4,0.038706,1.206399,0
20210211T163501,20210623T140144,131.8936,108,A4,0.110823,1.684947,0
20210211T163501,20210623T140144,131.8936,109,A4,-0.147204,0.295256,1
20210211T163501,20210623T140144,131.8936,110,A4,0.086238,0.842248,1
20210211T163501,20210623T140144,131.8936,111,A4,0.011049,1.155703,0
20210211T163501,20210623T140144,131.8936,112,A4,-0.071308,0.233318,0
20210211T163501,20210623T140144,131.8936,113,A4,-0.018877,0.078556,1
20210211T163501,20210623T140144,131.8936,114,A4,-0.015404,1.085999,0
20210211T163501,20210623T140144,131.8936,115,A4,0.053547,0.788117,0
20210211T163501,20210623T140144,131.8936,116,A4,0.286381,0.617530,1
20210211T163501,20210623T140144,131.8936,117,A4,0.541776,0.733564,1
20210211T163501,20210623T140144,131.8936,118,A4,0.102308,0.101573,1
20210211T163501,20210623T140144,131.8936,119,A4,0.326147,1.008205,0
20210211T163501,20210623T140144,131.8936,120,A4,0.134986,0.528281,1
20210211T163501,20210623T140144,131.8936,121,A4,-0.342493,0.424823,0
20210211T163501,20210623T140144,131.8936,122,A4,0.140126,0.138919,1
20210211T163501,20210623T140144,131.8936,123,A4,0.206701,0.196284,0
20210211T163501,20210623T140144,131.8936,124,A4,0.251346,0.059544,0
20210211T163501,20210623T140144,131.8936,125,A4,-0.188976,0.523989,0
20210211T163501,20210623T140144,131.8936,126,A4,0.022183,0.289506,0
20210211T163501,20210623T140144,131.8936,127,A4,-0.363092,0.177590,0
20210211T163501,20210623T140144,131.8936,128,A4,0.216199,0.817982,0
20210211T163501,20210623T140144,131.8936,129,A5,0.458402,1.525229,0
20210211T163501,20210623T140144,131.8936,130,A5,0.457098,0.568229,0
20210211T163501,20210623T140144,131.8936,131,A5,0.104347,0.855120,1
20210211T163501,20210623T140144,131.8936,132,A5,-0.154777,1.020472,0
20210211T163501,20210623T140144,131.8936,133,A5,-0.094320,1.145988,0
20210211T163501,20210623T140144,131.8936,134,A5,0.398007,0.917054,0
20210211T163501,20210623T140144,131.8936,135,A5,0.451706,0.145408,1
20210211T163501,20210623T140144,131.8936,136,A5,-0.018752,0.058872,1
20210211T163501,20210623T140144,131.8936,137,A5,0.155005,0.377544,0
20210211T163501,20210623T140144,131.8936,138,A5,0.062019,0.925358,1
20210211T163501,20210623T140144,131.8936,139,A5,0.228291,0.806368,1
20210211T163501,20210623T140144,131.8936,140,A5,-0.009034,0.376870,1
20210211T163501,20210623T140144,131.8936,141,A5,0.235537,1.031136,0
20210211T163501,20210623T140144,131.8936,142,A5,-0.216173,0.911339,1
20210211T163501,20210623T140144,131.8936,143,A5,-0.073904,2.000000,0
20210211T163501,20210623T140144,131.8936,144,A5,0.213041,0.954250,1
20210211T163501,20210623T140144,131.8936,145,A5,0.212600,0.706792,1
20210211T163501,20210623T140144,131.8936,146,A5,0.062954,1.198693,0
20210211T163501,20210623T140144,131.8936,147,A5,0.157640,0.754562,0
20210211T163501,20210623T140144,131.8936,148,A5,0.142981,1.056935,0
20210211T163501,20210623T140144,131.8936,149,A5,0.064323,0.886614,0
20210211T163501,20210623T140144,131.8936,150,A5,0.166501,0.853822,0
20210211T163501,20210623T140144,131.8936,151,A5,-0.136200,0.077927,1
20210211T163501,20210623T140144,131.8936,152,A5,0.313171,0.738141,0
20210211T163501,20210623T140144,131.8936,153,A5,0.218476,0.716777,1
20210211T163501,20210623T140144,131.8936,154,A5,0.418923,0.189586,1
20210211T163501,20210623T140144,131.8936,155,A5,-0.068623,0.095019,1
20210211T163501,20210623T140144,131.8936,156,A5,0.277472,1.089005,0
20210211T163501,20210623T140144,131.8936,157,A5,0.017772,0.421629,1
20210211T163501,20210623T140144,131.8936,158,A5,0.005858,1.820661,0
20210211T163501,20210623T140144,131.8936,159,A5,-0.480072,0.348743,0
20210211T163501,20210623T140144,131.8936,160,A5,0.282607,0.803029,0
20210211T163501,20210625T141512,133.9029,1,A1,-0.163777,0.284000,1
20210211T163501,20210625T141512,133.9029,2,A1,0.256959,0.194134,0
20210211T163501,20210625T141512,133.9029,3,A1,0.000474,1.082411,0
20210211T163501,20210625T141512,133.9029,4,A1,-0.039902,0.871736,1
20210211T163501,20210625T141512,133.9029,5,A1,-0.248970,0.085257,1
20210211T163501,20210625T141512,133.9029,6,A1,-0.002049,0.042470,1
20210211T163501,20210625T141512,133.9029,7,A1,0.058218,0.178400,0
20210211T163501,20210625T141512,133.9029,8,A1,-0.158632,0.936288,0
20210211T163501,20210625T141512,133.9029,9,A1,-0.117557,1.138243,0
20210211T163501,20210625T141512,133.9029,10,A1,0.034103,0.947690,0
20210211T163501,20210625T141512,133.9029,11,A1,-0.090291,0.166123,0
20210211T163501,20210625T141512,133.9029,12,A1,-0.064685,1.299504,0
20210211T163501,20210625T141512,133.9029,13,A1,0.188980,0.110272,0
20210211T163501,20210625T141512,133.9029,14,A1,-0.066020,0.732276,0
20210211T163501,20210625T141512,133.9029,15,A1,0.164606,0.237526,1
20210211T163501,20210625T141512,133.9029,16,A1,0.041565,0.215842,0
20210211T163501,20210625T141512,133.9029,17,A1,-0.039129,1.233678,0
20210211T163501,20210625T141512,133.9029,18,A1,0.054013,0.355372,1
20210211T163501,20210625T141512,133.9029,19,A1,-0.488696,0.009689,1
20210211T163501,20210625T141512,133.9029,20,A1,-0.063440,0.253850,1
20210211T163501,20210625T141512,133.9029,21,A1,-0.210046,0.248886,1
20210211T163501,20210625T141512,133.9029,22,A1,0.287911,0.188928,1
20210211T163501,20210625T141512,133.9029,23,A1,0.009415,0.798315,1
20210211T163501,20210625T141512,133.9029,24,A1,-0.605790,1.761631,0
20210211T163501,20210625T141512,133.9029,25,A1,-0.051777,0.112623,1
20210211T163501,20210625T141512,133.9029,26,A1,0.001582,0.838006,1
20210211T163501,20210625T141512,133.9029,27,A1,0.332000,0.043240,1
20210211T163501,20210625T141512,133.9029,28,A1,0.419810,0.835001,1
20210211T163501,20210625T141512,133.9029,29,A1,0.026466,0.843683,1
20210211T163501,20210625T141512,133.9029,30,A1,0.066111,0.822351,1
20210211T163501,20210625T141512,133.9029,31,A1,0.475466,1.270832,0
20210211T163501,20210625T141512,133.9029,32,A1,-0.257306,0.993648,1
20210211T163501,20210625T141512,133.9029,33,A2,0.131485,0.292440,1
20210211T163501,20210625T141512,133.9029,34,A2,-0.040747,1.029693,0
20210211T163501,20210625T141512,133.9029,35,A2,-0.046788,0.167011,0
20210211T163501,20210625T141512,133.9029,36,A2,0.019349,0.081809,0
20210211T163501,20210625T141512,133.9029,37,A2,0.173816,0.506688,1
20210211T163501,20210625T141512,133.9029,38,A2,-0.020632,1.311941,0
20210211T163501,20210625T141512,133.9029,39,A2,0.283158,0.411719,1
20210211T163501,20210625T141512,133.9029,40,A2,0.216479,0.109112,1
20210211T163501,20210625T141512,133.9029,41,A2,-0.115324,1.429738,0
20210211T163501,20210625T141512,133.9029,42,A2,-0.176331,2.000000,0
20210211T163501,20210625T141512,133.9029,43,A2,0.041740,1.077746,0
20210211T163501,20210625T141512,133.9029,44,A2,-0.278357,0.116598,1
20210211T163501,20210625T141512,133.9029,45,A2,-0.203589,0.880668,1
20210211T163501,20210625T141512,133.9029,46,A2,-0.117030,2.000000,0
20210211T163501,20210625T141512,133.9029,47,A2,0.077382,0.070286,1
20210211T163501,20210625T141512,133.9029,48,A2,0.219107,0.562195,1
20210211T163501,20210625T141512,133.9029,49,A2,0.267769,0.401515,1
20210211T163501,20210625T141512,133.9029,50,A2,0.010630,0.126954,0
20210211T163501,20210625T141512,133.9029,51,A2,-0.048032,0.616461,1
20210211T163501,20210625T141512,133.9029,52,A2,0.119695,1.064321,0
20210211T163501,20210625T141512,133.9029,53,A2,0.256802,0.079255,1
20210211T163501,20210625T141512,133.9029,54,A2,0.396627,0.257549,1
20210211T163501,20210625T141512,133.9029,55,A2,0.170944,0.106559,1
20210211T163501,20210625T141512,133.9029,56,A2,0.227733,0.773440,1
20210211T163501,20210625T141512,133.9029,57,A2,-0.336742,0.663880,0
20210211T163501,20210625T141512,133.9029,58,A2,-0.106341,1.619266,0
20210211T163501,20210625T141512,133.9029,59,A2,0.131118,1.426990,0
20210211T163501,20210625T141512,133.9029,60,A2,0.131384,1.142392,0
20210211T163501,20210625T141512,133.9029,61,A2,-0.077731,0.415730,1
20210211T163501,20210625T141512,133.9029,62,A2,0.062268,1.806168,0
20210211T163501,20210625T141512,133.9029,63,A2,0.110245,0.653055,1
20210211T163501,20210625T141512,133.9029,64,A2,0.149742,0.248813,1
20210211T163501,20210625T141512,133.9029,65,A3,-0.525229,2.000000,0
20210211T163501,20210625T141512,133.9029,66,A3,-0.046059,2.000000,0
20210211T163501,20210625T141512,133.9029,67,A3,0.219583,0.754376,1
20210211T163501,20210625T141512,133.9029,68,A3,-0.052268,0.506846,1
20210211T163501,20210625T141512,133.9029,69,A3,0.267780,0.311702,0
20210211T163501,20210625T141512,133.9029,70,A3,-0.131251,1.284530,0
20210211T163501,20210625T141512,133.9029,71,A3,-0.199582,0.317412,1
20210211T163501,20210625T141512,133.9029,72,A3,0.142013,1.495374,0
20210211T163501,20210625T141512,133.9029,73,A3,0.214648,0.003003,1
20210211T163501,20210625T141512,133.9029,74,A3,0.627502,1.291026,0
20210211T163501,20210625T141512,133.9029,75,A3,-0.102366,1.254893,0
20210211T163501,20210625T141512,133.9029,76,A3,0.168563,0.257001,1
20210211T163501,20210625T141512,133.9029,77,A3,0.178637,0.496620,1
20210211T163501,20210625T141512,133.9029,78,A3,-0.115492,0.421417,1
20210211T163501,20210625T141512,133.9029,79,A3,-0.068580,1.464163,0
20210211T163501,20210625T141512,133.9029,80,A3,-0.042205,1.744384,0
20210211T163501,20210625T141512,133.9029,81,A3,-0.219372,0.563547,1
20210211T163501,20210625T141512,133.9029,82,A3,-0.144838,0.002158,1
20210211T163501,20210625T141512,133.9029,83,A3,-0.027028,0.378865,0
20210211T163501,20210625T141512,133.9029,84,A3,-0.027364,0.202841,1
20210211T163501,20210625T141512,133.9029,85,A3,-0.253329,0.789063,1
20210211T163501,20210625T141512,133.9029,86,A3,-0.000670,0.230362,1
20210211T163501,20210625T141512,133.9029,87,A3,-0.503434,0.117554,1
20210211T163501,20210625T141512,133.9029,88,A3,0.131025,0.000000,1
20210211T163501,20210625T141512,133.9029,89,A3,0.180114,1.997166,0
20210211T163501,20210625T141512,133.9029,90,A3,0.149629,0.751351,1
20210211T163501,20210625T141512,133.9029,91,A3,-0.022887,0.697186,1
20210211T163501,20210625T141512,133.9029,92,A3,-0.037070,0.227594,0
20210211T163501,20210625T141512,133.9029,93,A3,0.027672,0.671148,1
20210211T163501,20210625T141512,133.9029,94,A3,0.061121,0.747780,0
20210211T163501,20210625T141512,133.9029,95,A3,-0.070273,1.766164,0
20210211T163501,20210625T141512,133.9029,96,A3,0.136958,0.988948,1
20210211T163501,20210625T141512,133.9029,97,A4,-0.050952,0.247519,0
20210211T163501,20210625T141512,133.9029,98,A4,-0.128156,0.343288,1
20210211T163501,20210625T141512,133.9029,99,A4,0.150429,0.282984,0
20210211T163501,20210625T141512,133.9029,100,A4,0.063412,0.643672,1
20210211T163501,20210625T141512,133.9029,101,A4,-0.055898,0.515426,1
20210211T163501,20210625T141512,133.9029,102,A4,0.051442,0.293616,1
20210211T163501,20210625T141512,133.9029,103,A4,-0.302210,0.453817,0
20210211T163501,20210625T141512,133.9029,104,A4,0.014778,0.676240,0
20210211T163501,20210625T141512,133.9029,105,A4,-0.254301,0.507715,1
20210211T163501,20210625T141512,133.9029,106,A4,-0.096055,0.313524,1
20210211T163501,20210625T141512,133.9029,107,A4,-0.124706,0.084605,1
20210211T163501,20210625T141512,133.9029,108,A4,0.269271,0.249402,1
20210211T163501,20210625T141512,133.9029,109,A4,0.112952,1.331136,0
20210211T163501,20210625T141512,133.9029,110,A4,-0.203764,0.741380,1
20210211T163501,20210625T141512,133.9029,111,A4,-0.205031,0.322441,1
20210211T163501,20210625T141512,133.9029,112,A4,0.318750,0.888593,1
20210211T163501,20210625T141512,133.9029,113,A4,-0.005052,0.181254,1
20210211T163501,20210625T141512,133.9029,114,A4,-0.033217,0.039570,1
20210211T163501,20210625T141512,133.9029,115,A4,0.086856,0.578629,0
20210211T163501,20210625T141512,133.9029,116,A4,0.330351,0.023988,1
20210211T163501,20210625T141512,133.9029,117,A4,0.250930,0.548409,1
20210211T163501,20210625T141512,133.9029,118,A4,0.354953,0.049398,1
20210211T163501,20210625T141512,133.9029,119,A4,0.302896,0.932861,1
20210211T163501,20210625T141512,133.9029,120,A4,0.242655,0.117378,1
20210211T163501,20210625T141512,133.9029,121,A4,-0.282487,0.088786,1
20210211T163501,20210625T141512,133.9029,122,A4,-0.106193,0.306337,0
20210211T163501,20210625T141512,133.9029,123,A4,0.098224,0.046179,1
20210211T163501,20210625T141512,133.9029,124,A4,0.160072,0.871651,0
20210211T163501,20210625T141512,133.9029,125,A4,0.488745,0.276288,1
20210211T163501,20210625T141512,133.9029,126,A4,0.191129,0.246883,1
20210211T163501,20210625T141512,133.9029,127,A4,0.571714,0.791654,1
20210211T163501,20210625T141512,133.9029,128,A4,0.083171,0.446628,0
20210211T163501,20210625T141512,133.9029,129,A5,0.536519,2.000000,0
20210211T163501,20210625T141512,133.9029,130,A5,0.026568,0.590763,1
20210211T163501,20210625T141512,133.9029,131,A5,-0.410741,1.144880,0
20210211T163501,20210625T141512,133.9029,132,A5,-0.077903,1.047307,0
20210211T163501,20210625T141512,133.9029,133,A5,-0.009922,1.460690,0
20210211T163501,20210625T141512,133.9029,134,A5,-0.011847,1.607166,0
20210211T163501,20210625T141512,133.9029,135,A5,0.096261,0.108448,1
20210211T163501,20210625T141512,133.9029,136,A5,0.021196,0.869406,1
20210211T163501,20210625T141512,133.9029,137,A5,-0.297386,0.380835,1
20210211T163501,20210625T141512,133.9029,138,A5,0.084108,2.000000,0
20210211T163501,20210625T141512,133.9029,139,A5,-0.254527,0.958717,1
20210211T163501,20210625T141512,133.9029,140,A5,0.233987,0.216107,1
20210211T163501,20210625T141512,133.9029,141,A5,-0.028395,1.144709,0
20210211T163501,20210625T141512,133.9029,142,A5,0.058417,0.694614,1
20210211T163501,20210625T141512,133.9029,143,A5,0.279644,2.000000,0
20210211T163501,20210625T141512,133.9029,144,A5,-0.044812,1.565437,0
20210211T163501,20210625T141512,133.9029,145,A5,-0.444277,1.293208,0
20210211T163501,20210625T141512,133.9029,146,A5,0.061600,2.000000,0
20210211T163501,20210625T141512,133.9029,147,A5,0.107528,0.273557,1
20210211T163501,20210625T141512,133.9029,148,A5,-0.223407,2.000000,0
20210211T163501,20210625T141512,133.9029,149,A5,-0.047150,0.545655,1
20210211T163501,20210625T141512,133.9029,150,A5,0.110294,0.722592,1
20210211T163501,20210625T141512,133.9029,151,A5,-0.105293,0.276539,0
20210211T163501,20210625T141512,133.9029,152,A5,0.149264,0.138136,1
20210211T163501,20210625T141512,133.9029,153,A5,0.283448,0.272536,1
20210211T163501,20210625T141512,133.9029,154,A5,0.048488,0.705640,1
20210211T163501,20210625T141512,133.9029,155,A5,-0.384123,0.419935,0
20210211T163501,20210625T141512,133.9029,156,A5,0.243399,1.850309,0
20210211T163501,20210625T141512,133.9029,157,A5,-0.040933,1.689944,0
20210211T163501,20210625T141512,133.9029,158,A5,0.362352,1.946633,0
20210211T163501,20210625T141512,133.9029,159,A5,0.227537,0.081174,1
20210211T163501,20210625T141512,133.9029,160,A5,0.364746,0.580693,1
20210212T153711,20210218T131636,5.9024,1,A1,-0.033634,0.368050,0
20210212T153711,20210218T131636,5.9024,2,A1,-0.111196,0.799445,0
20210212T153711,20210218T131636,5.9024,3,A1,0.042160,0.817993,0
20210212T153711,20210218T131636,5.9024,4,A1,0.149172,0.062609,1
20210212T153711,20210218T131636,5.9024,5,A1,-0.314193,0.899952,1
20210212T153711,20210218T131636,5.9024,6,A1,0.281216,0.645342,0
20210212T153711,20210218T131636,5.9024,7,A1,0.368244,0.365247,1
20210212T153711,20210218T131636,5.9024,8,A1,0.242325,1.149401,0
20210212T153711,20210218T131636,5.9024,9,A1,-0.054304,0.066215,1
20210212T153711,20210218T131636,5.9024,10,A1,0.082232,0.052314,1
20210212T153711,20210218T131636,5.9024,11,A1,-0.073133,1.209513,0
20210212T153711,20210218T131636,5.9024,12,A1,0.170414,0.155209,1
20210212T153711,20210218T131636,5.9024,13,A1,0.268981,0.279488,0
20210212T153711,20210218T131636,5.9024,14,A1,0.237737,0.071013,1
20210212T153711,20210218T131636,5.9024,15,A1,-0.503326,0.596675,0
20210212T153711,20210218T131636,5.9024,16,A1,0.263865,0.480825,0
20210212T153711,20210218T131636,5.9024,17,A1,0.224784,0.179854,0
20210212T153711,20210218T131636,5.9024,18,A1,0.497834,0.169872,1
20210212T153711,20210218T131636,5.9024,19,A1,0.558027,0.049019,1
20210212T153711,20210218T131636,5.9024,20,A1,0.773673,0.033212,1
20210212T153711,20210218T131636,5.9024,21,A1,0.050990,0.184383,1
20210212T153711,20210218T131636,5.9024,22,A1,0.027924,0.231300,1
20210212T153711,20210218T131636,5.9024,23,A1,0.094988,0.393458,0
20210212T153711,20210218T131636,5.9024,24,A1,0.743049,0.102816,1
20210212T153711,20210218T131636,5.9024,25,A1,0.037191,0.578427,1
20210212T153711,20210218T131636,5.9024,26,A1,0.892994,0.000000,1
20210212T153711,20210218T131636,5.9024,27,A1,0.401484,1.162081,0
20210212T153711,20210218T131636,5.9024,28,A1,0.706020,0.000000,1
20210212T153711,20210218T131636,5.9024,29,A1,0.403443,0.000000,1
20210212T153711,20210218T131636,5.9024,30,A1,0.191847,0.888276,1
20210212T153711,20210218T131636,5.9024,31,A1,0.122600,1.623099,0
20210212T153711,20210218T131636,5.9024,32,A1,0.360331,1.007456,0
20210212T153711,20210218T131636,5.9024,33,A2,-0.172554,2.000000,0
20210212T153711,20210218T131636,5.9024,34,A2,0.186552,0.937057,0
20210212T153711,20210218T131636,5.9024,35,A2,0.104109,0.081141,0
20210212T153711,20210218T131636,5.9024,36,A2,-0.217454,1.647008,0
20210212T153711,20210218T131636,5.9024,37,A2,-0.318764,0.789754,1
20210212T153711,20210218T131636,5.9024,38,A2,0.311504,1.003483,0
20210212T153711,20210218T131636,5.9024,39,A2,0.562184,0.354158,1
20210212T153711,20210218T131636,5.9024,40,A2,-0.169650,0.499811,1
20210212T153711,20210218T131636,5.9024,41,A2,-0.039257,0.929659,1
20210212T153711,20210218T131636,5.9024,42,A2,-0.232217,0.174696,0
20210212T153711,20210218T131636,5.9024,43,A2,-0.311902,1.654641,0
20210212T153711,20210218T131636,5.9024,44,A2,0.299722,0.267902,1
20210212T153711,20210218T131636,5.9024,45,A2,-0.089011,1.082818,0
20210212T153711,20210218T131636,5.9024,46,A2,-0.030055,0.320568,0
20210212T153711,20210218T131636,5.9024,47,A2,-0.020947,0.361377,1
20210212T153711,20210218T131636,5.9024,48,A2,0.056375,0.782443,1
20210212T153711,20210218T131636,5.9024,49,A2,0.736140,0.401600,1
20210212T153711,20210218T131636,5.9024,50,A2,0.051513,0.733909,1
20210212T153711,20210218T131636,5.9024,51,A2,-0.408834,0.124247,0
20210212T153711,20210218T131636,5.9024,52,A2,0.474206,1.028461,0
20210212T153711,20210218T131636,5.9024,53,A2,-0.079657,1.014285,0
20210212T153711,20210218T131636,5.9024,54,A2,0.710765,0.196749,1
20210212T153711,20210218T131636,5.9024,55,A2,0.865559,0.184669,1
20210212T153711,20210218T131636,5.9024,56,A2,-0.079476,0.786966,0
20210212T153711,20210218T131636,5.9024,57,A2,0.217240,0.059004,1
20210212T153711,20210218T131636,5.9024,58,A2,-0.019079,1.549033,0
20210212T153711,20210218T131636,5.9024,59,A2,0.062926,0.000000,1
20210212T153711,20210218T131636,5.9024,60,A2,0.070559,1.211066,0
20210212T153711,20210218T131636,5.9024,61,A2,0.124330,1.710454,0
20210212T153711,20210218T131636,5.9024,62,A2,0.378061,0.979971,1
20210212T153711,20210218T131636,5.9024,63,A2,0.169353,0.808522,1
20210212T153711,20210218T131636,5.9024,64,A2,-0.066899,0.790385,1
20210212T153711,20210218T131636,5.9024,65,A3,0.180160,1.314095,0
20210212T153711,20210218T131636,5.9024,66,A3,0.256622,0.645417,1
20210212T153711,20210218T131636,5.9024,67,A3,0.058841,0.455363,0
20210212T153711,20210218T131636,5.9024,68,A3,-0.120642,0.062152,1
20210212T153711,20210218T131636,5.9024,69,A3,-0.144086,0.995275,0
20210212T153711,20210218T131636,5.9024,70,A3,0.206757,1.108107,0
20210212T153711,20210218T131636,5.9024,71,A3,0.317268,0.772889,0
20210212T153711,20210218T131636,5.9024,72,A3,-0.001342,0.642512,0
20210212T153711,20210218T131636,5.9024,73,A3,0.123533,0.000000,1
20210212T153711,20210218T131636,5.9024,74,A3,-0.042628,0.368678,0
20210212T153711,20210218T131636,5.9024,75,A3,-0.083648,0.251097,1
20210212T153711,20210218T131636,5.9024,76,A3,0.176821,0.985530,1
20210212T153711,20210218T131636,5.9024,77,A3,0.388581,0.561903,1
20210212T153711,20210218T131636,5.9024,78,A3,-0.100782,1.090837,0
20210212T153711,20210218T131636,5.9024,79,A3,0.257860,1.410918,0
20210212T153711,20210218T131636,5.9024,80,A3,0.143212,0.858207,1
20210212T153711,20210218T131636,5.9024,81,A3,0.079725,1.245560,0
20210212T153711,20210218T131636,5.9024,82,A3,-0.008584,0.801826,1
20210212T153711,20210218T131636,5.9024,83,A3,0.246599,0.005825,1
20210212T153711,20210218T131636,5.9024,84,A3,0.019092,0.961128,0
20210212T153711,20210218T131636,5.9024,85,A3,-0.182122,0.249558,0
20210212T153711,20210218T131636,5.9024,86,A3,0.136729,0.490600,1
20210212T153711,20210218T131636,5.9024,87,A3,-0.014462,1.271681,0
20210212T153711,20210218T131636,5.9024,88,A3,-0.162596,1.032154,0
20210212T153711,20210218T131636,5.9024,89,A3,-0.253658,0.336062,1
20210212T153711,20210218T131636,5.9024,90,A3,-0.014744,0.510610,0
20210212T153711,20210218T131636,5.9024,91,A3,-0.162015,0.174179,0
20210212T153711,20210218T131636,5.9024,92,A3,-0.056248,0.813737,1
20210212T153711,20210218T131636,5.9024,93,A3,0.499215,0.306077,0
20210212T153711,20210218T131636,5.9024,94,A3,-0.250303,1.162122,0
20210212T153711,20210218T131636,5.9024,95,A3,-0.007391,0.223269,1
20210212T153711,20210218T131636,5.9024,96,A3,-0.188904,0.178320,1
20210212T153711,20210218T131636,5.9024,97,A4,0.675693,0.175769,1
20210212T153711,20210218T131636,5.9024,98,A4,0.329875,0.354531,1
20210212T153711,20210218T131636,5.9024,99,A4,0.287239,0.222488,0
20210212T153711,20210218T131636,5.9024,100,A4,0.326098,0.521947,1
20210212T153711,20210218T131636,5.9024,101,A4,0.584165,0.412801,1
20210212T153711,20210218T131636,5.9024,102,A4,0.757332,0.172752,0
20210212T153711,20210218T131636,5.9024,103,A4,0.562360,0.092829,1
20210212T153711,20210218T131636,5.9024,104,A4,0.790536,0.212309,1
20210212T153711,20210218T131636,5.9024,105,A4,0.091037,0.303145,1
20210212T153711,20210218T131636,5.9024,106,A4,0.246723,0.017752,1
20210212T153711,20210218T131636,5.9024,107,A4,0.217053,0.035459,1
20210212T153711,20210218T131636,5.9024,108,A4,0.179644,1.829501,0
20210212T153711,20210218T131636,5.9024,109,A4,0.049171,0.003248,1
20210212T153711,20210218T131636,5.9024,110,A4,0.414606,0.464398,0
20210212T153711,20210218T131636,5.9024,111,A4,0.379140,0.163465,1
20210212T153711,20210218T131636,5.9024,112,A4,0.281864,0.161981,0
20210212T153711,20210218T131636,5.9024,113,A4,0.723414,0.148947,1
20210212T153711,20210218T131636,5.9024,114,A4,0.487780,0.060607,1
20210212T153711,20210218T131636,5.9024,115,A4,0.340374,0.121922,1
20210212T153711,20210218T131636,5.9024,116,A4,-0.032980,0.198926,0
20210212T153711,20210218T131636,5.9024,117,A4,0.925410,0.041988,1
20210212T153711,20210218T131636,5.9024,118,A4,0.526277,0.257227,1
20210212T153711,20210218T131636,5.9024,119,A4,0.467186,0.509295,0
20210212T153711,20210218T131636,5.9024,120,A4,0.891964,0.088597,1
20210212T153711,20210218T131636,5.9024,121,A4,0.475339,0.171315,1
20210212T153711,20210218T131636,5.9024,122,A4,0.418506,0.107162,1
20210212T153711,20210218T131636,5.9024,123,A4,0.439617,0.070933,1
20210212T153711,20210218T131636,5.9024,124,A4,0.553174,0.105956,1
20210212T153711,20210218T131636,5.9024,125,A4,0.108001,0.146530,1
20210212T153711,20210218T131636,5.9024,126,A4,0.803815,0.264196,1
20210212T153711,20210218T131636,5.9024,127,A4,0.496246,0.125742,0
20210212T153711,20210218T131636,5.9024,128,A4,0.114351,0.232073,0
20210212T153711,20210218T131636,5.9024,129,A5,0.671188,0.000000,1
20210212T153711,20210218T131636,5.9024,130,A5,0.032647,0.337245,1
20210212T153711,20210218T131636,5.9024,131,A5,-0.075950,0.050638,1
20210212T153711,20210218T131636,5.9024,132,A5,0.546521,0.000000,1
20210212T153711,20210218T131636,5.9024,133,A5,0.321265,0.065925,1
20210212T153711,20210218T131636,5.9024,134,A5,0.165272,0.091990,1
20210212T153711,20210218T131636,5.9024,135,A5,0.532649,0.165841,1
20210212T153711,20210218T131636,5.9024,136,A5,0.702194,0.067427,1
20210212T153711,20210218T131636,5.9024,137,A5,-0.196220,0.847907,1
20210212T153711,20210218T131636,5.9024,138,A5,-0.348256,0.075470,1
20210212T153711,20210218T131636,5.9024,139,A5,0.049503,0.126239,1
20210212T153711,20210218T131636,5.9024,140,A5,0.268072,0.000000,1
20210212T153711,20210218T131636,5.9024,141,A5,0.482849,0.893127,1
20210212T153711,20210218T131636,5.9024,142,A5,-0.030175,1.028164,0
20210212T153711,20210218T131636,5.9024,143,A5,-0.172179,0.629491,1
20210212T153711,20210218T131636,5.9024,144,A5,0.144997,0.853196,1
20210212T153711,20210218T131636,5.9024,145,A5,-0.084481,0.423766,0
20210212T153711,20210218T131636,5.9024,146,A5,0.252783,1.275306,0
20210212T153711,20210218T131636,5.9024,147,A5,0.070603,0.603495,1
20210212T153711,20210218T131636,5.9024,148,A5,-0.158813,0.718063,1
20210212T153711,20210218T131636,5.9024,149,A5,0.207234,0.621580,0
20210212T153711,20210218T131636,5.9024,150,A5,0.281985,0.090364,1
20210212T153711,20210218T131636,5.9024,151,A5,-0.070580,0.226406,0
20210212T153711,20210218T131636,5.9024,152,A5,0.562581,0.412346,1
20210212T153711,20210218T131636,5.9024,153,A5,0.199992,0.655336,1
20210212T153711,20210218T131636,5.9024,154,A5,0.509738,0.822955,1
20210212T153711,20210218T131636,5.9024,155,A5,-0.116172,0.150193,0
20210212T153711,20210218T131636,5.9024,156,A5,0.049440,1.290476,0
20210212T153711,20210218T131636,5.9024,157,A5,-0.263222,1.029620,0
20210212T153711,20210218T131636,5.9024,158,A5,-0.074714,0.802213,1
20210212T153711,20210218T131636,5.9024,159,A5,0.238816,0.995892,1
20210212T153711,20210218T131636,5.9024,160,A5,0.041818,1.250213,0
20210212T153711,20210219T145809,6.9729,1,A1,0.014470,0.279263,0
20210212T153711,20210219T145809,6.9729,2,A1,0.072311,1.266508,0
20210212T153711,20210219T145809,6.9729,3,A1,-0.203066,0.910222,1
20210212T153711,20210219T145809,6.9729,4,A1,0.020492,0.838120,1
20210212T153711,20210219T145809,6.9729,5,A1,-0.195521,0.007882,1
20210212T153711,20210219T145809,6.9729,6,A1,0.379571,0.598396,0
20210212T153711,20210219T145809,6.9729,7,A1,0.010098,0.032950,1
20210212T153711,20210219T145809,6.9729,8,A1,0.272860,0.837268,1
20210212T153711,20210219T145809,6.9729,9,A1,0.095648,0.514918,1
20210212T153711,20210219T145809,6.9729,10,A1,0.407071,0.230498,1
20210212T153711,20210219T145809,6.9729,11,A1,0.124290,1.209513,0
20210212T153711,20210219T145809,6.9729,12,A1,0.579087,0.236644,1
20210212T153711,20210219T145809,6.9729,13,A1,-0.062616,0.124986,1
20210212T153711,20210219T145809,6.9729,14,A1,0.171507,1.061575,0
20210212T153711,20210219T145809,6.9729,15,A1,0.294514,0.205433,1
20210212T153711,20210219T145809,6.9729,16,A1,0.022926,1.102868,0
20210212T153711,20210219T145809,6.9729,17,A1,0.269592,0.187251,1
20210212T153711,20210219T145809,6.9729,18,A1,0.377342,0.445336,1
20210212T153711,20210219T145809,6.9729,19,A1,-0.019135,0.700988,0
20210212T153711,20210219T145809,6.9729,20,A1,0.666472,0.040337,1
20210212T153711,20210219T145809,6.9729,21,A1,0.028134,0.190662,1
20210212T153711,20210219T145809,6.9729,22,A1,-0.021627,0.345785,0
20210212T153711,20210219T145809,6.9729,23,A1,0.193085,0.443364,0
20210212T153711,20210219T145809,6.9729,24,A1,0.852114,0.230186,1
20210212T153711,20210219T145809,6.9729,25,A1,0.078464,1.899105,0
20210212T153711,20210219T145809,6.9729,26,A1,0.940074,0.000000,1
20210212T153711,20210219T145809,6.9729,27,A1,-0.019432,0.406272,0
20210212T153711,20210219T145809,6.9729,28,A1,0.604263,0.000000,1
20210212T153711,20210219T145809,6.9729,29,A1,0.266475,0.380168,1
20210212T153711,20210219T145809,6.9729,30,A1,-0.032623,0.099490,1
20210212T153711,20210219T145809,6.9729,31,A1,-0.042426,0.905581,1
20210212T153711,20210219T145809,6.9729,32,A1,0.277553,0.816074,1
20210212T153711,20210219T145809,6.9729,33,A2,-0.221702,1.191091,0
20210212T153711,20210219T145809,6.9729,34,A2,-0.303606,0.714029,1
20210212T153711,20210219T145809,6.9729,35,A2,0.152854,0.199370,0
20210212T153711,20210219T145809,6.9729,36,A2,0.100138,0.751005,0
20210212T153711,20210219T145809,6.9729,37,A2,0.039467,1.052071,0
20210212T153711,20210219T145809,6.9729,38,A2,0.354083,0.870120,0
20210212T153711,20210219T145809,6.9729,39,A2,0.525987,0.787361,1
20210212T153711,20210219T145809,6.9729,40,A2,0.009007,0.689930,0
20210212T153711,20210219T145809,6.9729,41,A2,-0.259188,1.070341,0
20210212T153711,20210219T145809,6.9729,42,A2,0.233667,0.641192,0
20210212T153711,20210219T145809,6.9729,43,A2,-0.036763,1.021255,0
20210212T153711,20210219T145809,6.9729,44,A2,0.304066,0.709190,1
20210212T153711,20210219T145809,6.9729,45,A2,-0.018963,1.066374,0
20210212T153711,20210219T145809,6.9729,46,A2,0.127630,0.128178,1
20210212T153711,20210219T145809,6.9729,47,A2,0.043461,0.554744,1
20210212T153711,20210219T145809,6.9729,48,A2,-0.047469,0.960425,0
20210212T153711,20210219T145809,6.9729,49,A2,0.624278,0.194661,1
20210212T153711,20210219T145809,6.9729,50,A2,0.061965,1.039640,0
20210212T153711,20210219T145809,6.9729,51,A2,0.088583,0.089214,1
20210212T153711,20210219T145809,6.9729,52,A2,0.433798,0.153550,0
20210212T153711,20210219T145809,6.9729,53,A2,0.233867,0.639261,0
20210212T153711,20210219T145809,6.9729,54,A2,0.688582,0.267590,1
20210212T153711,20210219T145809,6.9729,55,A2,0.746364,0.162418,1
20210212T153711,20210219T145809,6.9729,56,A2,-0.153271,0.009459,1
20210212T153711,20210219T145809,6.9729,57,A2,0.425900,0.580558,0
20210212T153711,20210219T145809,6.9729,58,A2,0.180866,0.039120,1
20210212T153711,20210219T145809,6.9729,59,A2,0.244679,0.370071,1
20210212T153711,20210219T145809,6.9729,60,A2,-0.163927,0.996805,1
20210212T153711,20210219T145809,6.9729,61,A2,-0.028186,0.752324,0
20210212T153711,20210219T145809,6.9729,62,A2,-0.157237,0.971123,1
20210212T153711,20210219T145809,6.9729,63,A2,-0.044665,0.808522,1
20210212T153711,20210219T145809,6.9729,64,A2,0.010546,0.927217,1
20210212T153711,20210219T145809,6.9729,65,A3,0.168425,1.987077,0
20210212T153711,20210219T145809,6.9729,66,A3,0.195163,0.745854,1
20210212T153711,20210219T145809,6.9729,67,A3,0.025925,0.400924,1
20210212T153711,20210219T145809,6.9729,68,A3,0.019305,0.112127,0
20210212T153711,20210219T145809,6.9729,69,A3,0.128141,0.922932,1
20210212T153711,20210219T145809,6.9729,70,A3,-0.157317,0.972391,1
20210212T153711,20210219T145809,6.9729,71,A3,0.078143,0.769664,0
20210212T153711,20210219T145809,6.9729,72,A3,0.144657,0.609555,0
20210212T153711,20210219T145809,6.9729,73,A3,-0.249674,0.440800,1
20210212T153711,20210219T145809,6.9729,74,A3,0.010313,0.358646,0
20210212T153711,20210219T145809,6.9729,75,A3,0.179200,0.603927,1
20210212T153711,20210219T145809,6.9729,76,A3,-0.198620,1.010426,0
20210212T153711,20210219T145809,6.9729,77,A3,0.328927,0.845969,1
20210212T153711,20210219T145809,6.9729,78,A3,-0.090241,0.000000,1
20210212T153711,20210219T145809,6.9729,79,A3,0.087291,1.410918,0
20210212T153711,20210219T145809,6.9729,80,A3,-0.301202,0.730920,1
20210212T153711,20210219T145809,6.9729,81,A3,-0.001713,1.061053,0
20210212T153711,20210219T145809,6.9729,82,A3,-0.059379,0.137413,1
20210212T153711,20210219T145809,6.9729,83,A3,0.250841,0.068002,0
20210212T153711,20210219T145809,6.9729,84,A3,0.124833,1.005542,0
20210212T153711,20210219T145809,6.9729,85,A3,-0.067567,0.191611,0
20210212T153711,20210219T145809,6.9729,86,A3,0.002034,0.156768,1
20210212T153711,20210219T145809,6.9729,87,A3,0.177938,0.245445,1
20210212T153711,20210219T145809,6.9729,88,A3,0.069431,0.925118,1
20210212T153711,20210219T145809,6.9729,89,A3,-0.320760,0.285921,1
20210212T153711,20210219T145809,6.9729,90,A3,0.082605,0.182636,1
20210212T153711,20210219T145809,6.9729,91,A3,-0.126916,0.143413,0
20210212T153711,20210219T145809,6.9729,92,A3,0.122904,1.260181,0
20210212T153711,20210219T145809,6.9729,93,A3,0.054347,0.191232,1
20210212T153711,20210219T145809,6.9729,94,A3,-0.050103,0.110927,1
20210212T153711,20210219T145809,6.9729,95,A3,-0.146466,0.336338,1
20210212T153711,20210219T145809,6.9729,96,A3,0.257381,0.346460,0
20210212T153711,20210219T145809,6.9729,97,A4,0.657621,0.251615,1
20210212T153711,20210219T145809,6.9729,98,A4,0.398657,0.378455,1
20210212T153711,20210219T145809,6.9729,99,A4,-0.099083,0.121455,0
20210212T153711,20210219T145809,6.9729,100,A4,0.589742,0.278899,1
20210212T153711,20210219T145809,6.9729,101,A4,0.515637,0.128980,1
20210212T153711,20210219T145809,6.9729,102,A4,0.528246,0.155227,0
20210212T153711,20210219T145809,6.9729,103,A4,0.391800,0.214989,1
20210212T153711,20210219T145809,6.9729,104,A4,0.495755,0.351966,0
20210212T153711,20210219T145809,6.9729,105,A4,0.188846,0.262150,1
20210212T153711,20210219T145809,6.9729,106,A4,-0.117643,0.161233,1
20210212T153711,20210219T145809,6.9729,107,A4,-0.079461,0.035940,1
20210212T153711,20210219T145809,6.9729,108,A4,0.164856,0.948168,1
20210212T153711,20210219T145809,6.9729,109,A4,-0.092080,0.546491,1
20210212T153711,20210219T145809,6.9729,110,A4,0.210901,0.171347,1
20210212T153711,20210219T145809,6.9729,111,A4,0.174163,0.148224,1
20210212T153711,20210219T145809,6.9729,112,A4,0.224461,0.188211,0
20210212T153711,20210219T145809,6.9729,113,A4,0.574073,0.234226,1
20210212T153711,20210219T145809,6.9729,114,A4,0.515533,0.053923,1
20210212T153711,20210219T145809,6.9729,115,A4,0.460916,0.209310,1
20210212T153711,20210219T145809,6.9729,116,A4,-0.020758,0.239063,0
20210212T153711,20210219T145809,6.9729,117,A4,0.740962,0.164794,1
20210212T153711,20210219T145809,6.9729,118,A4,0.320223,0.321130,0
20210212T153711,20210219T145809,6.9729,119,A4,0.492344,0.400732,0
20210212T153711,20210219T145809,6.9729,120,A4,0.739680,0.350538,1
20210212T153711,20210219T145809,6.9729,121,A4,0.586077,0.374717,0
20210212T153711,20210219T145809,6.9729,122,A4,0.433597,0.249212,1
20210212T153711,20210219T145809,6.9729,123,A4,0.218990,0.086778,1
20210212T153711,20210219T145809,6.9729,124,A4,0.347551,0.142348,0
20210212T153711,20210219T145809,6.9729,125,A4,0.045473,0.178969,1
20210212T153711,20210219T145809,6.9729,126,A4,0.490002,0.345044,0
20210212T153711,20210219T145809,6.9729,127,A4,0.542790,0.249982,0
20210212T153711,20210219T145809,6.9729,128,A4,0.235851,0.265661,0
20210212T153711,20210219T145809,6.9729,129,A5,0.763028,0.742709,1
20210212T153711,20210219T145809,6.9729,130,A5,0.007350,0.465152,0
20210212T153711,20210219T145809,6.9729,131,A5,-0.071966,0.301604,1
20210212T153711,20210219T145809,6.9729,132,A5,0.509815,0.249824,1
20210212T153711,20210219T145809,6.9729,133,A5,-0.080734,0.238060,1
20210212T153711,20210219T145809,6.9729,134,A5,0.347373,0.000000,1
20210212T153711,20210219T145809,6.9729,135,A5,0.405342,0.202493,1
20210212T153711,20210219T145809,6.9729,136,A5,0.513126,0.071354,1
20210212T153711,20210219T145809,6.9729,137,A5,0.282670,0.983508,1
20210212T153711,20210219T145809,6.9729,138,A5,-0.340718,0.350766,0
20210212T153711,20210219T145809,6.9729,139,A5,-0.066858,1.109857,0
20210212T153711,20210219T145809,6.9729,140,A5,0.086660,0.404345,1
20210212T153711,20210219T145809,6.9729,141,A5,0.662619,0.012785,1
20210212T153711,20210219T145809,6.9729,142,A5,0.178613,0.256419,0
20210212T153711,20210219T145809,6.9729,143,A5,0.201919,0.349708,0
20210212T153711,20210219T145809,6.9729,144,A5,0.142291,2.000000,0
20210212T153711,20210219T145809,6.9729,145,A5,0.134825,0.425033,0
20210212T153711,20210219T145809,6.9729,146,A5,0.266029,0.793713,1
20210212T153711,20210219T145809,6.9729,147,A5,0.235629,0.859343,1
20210212T153711,20210219T145809,6.9729,148,A5,0.013181,1.327535,0
20210212T153711,20210219T145809,6.9729,149,A5,0.095259,0.171780,0
20210212T153711,20210219T145809,6.9729,150,A5,0.168794,1.096053,0
20210212T153711,20210219T145809,6.9729,151,A5,0.089677,0.099726,0
20210212T153711,20210219T145809,6.9729,152,A5,0.184723,0.506775,1
20210212T153711,20210219T145809,6.9729,153,A5,0.324180,0.828548,1
20210212T153711,20210219T145809,6.9729,154,A5,0.381670,0.884599,1
20210212T153711,20210219T145809,6.9729,155,A5,-0.292719,1.032701,0
20210212T153711,20210219T145809,6.9729,156,A5,-0.044828,0.183961,1
20210212T153711,20210219T145809,6.9729,157,A5,0.131916,1.066239,0
20210212T153711,20210219T145809,6.9729,158,A5,-0.241064,0.871825,1
20210212T153711,20210219T145809,6.9729,159,A5,-0.083413,1.608658,0
20210212T153711,20210219T145809,6.9729,160,A5,-0.001578,0.262446,1
20210212T153711,20210610T132106,117.9055,1,A1,-0.311770,0.776308,1
20210212T153711,20210610T132106,117.9055,2,A1,0.185258,0.049231,1
20210212T153711,20210610T132106,117.9055,3,A1,-0.210100,0.265332,1
20210212T153711,20210610T132106,117.9055,4,A1,-0.121791,0.561302,1
20210212T153711,20210610T132106,117.9055,5,A1,0.061551,0.581317,0
20210212T153711,20210610T132106,117.9055,6,A1,-0.329047,0.582448,0
20210212T153711,20210610T132106,117.9055,7,A1,0.028789,0.128027,0
20210212T153711,20210610T132106,117.9055,8,A1,-0.346665,1.186016,0
20210212T153711,20210610T132106,117.9055,9,A1,0.056509,1.485082,0
20210212T153711,20210610T132106,117.9055,10,A1,0.030565,0.626860,1
20210212T153711,20210610T132106,117.9055,11,A1,0.044643,0.242086,0
20210212T153711,20210610T132106,117.9055,12,A1,-0.232478,0.260339,0
20210212T153711,20210610T132106,117.9055,13,A1,-0.214837,0.275393,0
20210212T153711,20210610T132106,117.9055,14,A1,0.170122,0.293830,0
20210212T153711,20210610T132106,117.9055,15,A1,-0.134170,0.083460,1
20210212T153711,20210610T132106,117.9055,16,A1,-0.487112,0.475465,0
20210212T153711,20210610T132106,117.9055,17,A1,0.274206,0.257668,0
20210212T153711,20210610T132106,117.9055,18,A1,0.074291,0.273955,1
20210212T153711,20210610T132106,117.9055,19,A1,0.136315,1.645103,0
20210212T153711,20210610T132106,117.9055,20,A1,0.149142,0.317860,1
20210212T153711,20210610T132106,117.9055,21,A1,0.056905,0.320870,1
20210212T153711,20210610T132106,117.9055,22,A1,0.247195,0.633629,0
20210212T153711,20210610T132106,117.9055,23,A1,-0.143381,0.219126,1
20210212T153711,20210610T132106,117.9055,24,A1,-0.405683,1.769814,0
20210212T153711,20210610T132106,117.9055,25,A1,0.034201,1.070171,0
20210212T153711,20210610T132106,117.9055,26,A1,-0.042966,1.055147,0
20210212T153711,20210610T132106,117.9055,27,A1,0.204609,1.112304,0
20210212T153711,20210610T132106,117.9055,28,A1,0.323269,1.169828,0
20210212T153711,20210610T132106,117.9055,29,A1,0.088411,1.127798,0
20210212T153711,20210610T132106,117.9055,30,A1,-0.370012,0.523906,0
20210212T153711,20210610T132106,117.9055,31,A1,-0.100245,0.764755,1
20210212T153711,20210610T132106,117.9055,32,A1,-0.165723,1.007456,0
20210212T153711,20210610T132106,117.9055,33,A2,-0.163226,0.532522,1
20210212T153711,20210610T132106,117.9055,34,A2,-0.072081,0.730285,1
20210212T153711,20210610T132106,117.9055,35,A2,-0.081824,0.189357,1
20210212T153711,20210610T132106,117.9055,36,A2,-0.017875,0.635723,1
20210212T153711,20210610T132106,117.9055,37,A2,-0.009074,2.000000,0
20210212T153711,20210610T132106,117.9055,38,A2,-0.192481,1.148292,0
20210212T153711,20210610T132106,117.9055,39,A2,-0.256201,1.339148,0
20210212T153711,20210610T132106,117.9055,40,A2,-0.196593,1.523671,0
20210212T153711,20210610T132106,117.9055,41,A2,-0.009362,0.418880,1
20210212T153711,20210610T132106,117.9055,42,A2,0.088827,1.070516,0
20210212T153711,20210610T132106,117.9055,43,A2,-0.369272,1.793669,0
20210212T153711,20210610T132106,117.9055,44,A2,-0.171372,0.986821,1
20210212T153711,20210610T132106,117.9055,45,A2,-0.572036,1.000334,0
20210212T153711,20210610T132106,117.9055,46,A2,0.272740,1.177722,0
20210212T153711,20210610T132106,117.9055,47,A2,-0.132386,1.618454,0
20210212T153711,20210610T132106,117.9055,48,A2,0.015367,1.834839,0
20210212T153711,20210610T132106,117.9055,49,A2,0.413128,0.537313,1
20210212T153711,20210610T132106,117.9055,50,A2,-0.146076,1.047269,0
20210212T153711,20210610T132106,117.9055,51,A2,-0.081081,0.969364,1
20210212T153711,20210610T132106,117.9055,52,A2,0.186460,0.044752,1
20210212T153711,20210610T132106,117.9055,53,A2,0.239949,0.985715,1
20210212T153711,20210610T132106,117.9055,54,A2,0.415358,0.280306,0
20210212T153711,20210610T132106,117.9055,55,A2,-0.133070,0.152401,1
20210212T153711,20210610T132106,117.9055,56,A2,0.063160,0.592887,0
20210212T153711,20210610T132106,117.9055,57,A2,0.033149,0.161359,1
20210212T153711,20210610T132106,117.9055,58,A2,-0.087545,2.000000,0
20210212T153711,20210610T132106,117.9055,59,A2,-0.255726,0.870331,1
20210212T153711,20210610T132106,117.9055,60,A2,0.101538,1.222343,0
20210212T153711,20210610T132106,117.9055,61,A2,0.188171,1.710454,0
20210212T153711,20210610T132106,117.9055,62,A2,0.095703,0.984691,1
20210212T153711,20210610T132106,117.9055,63,A2,-0.227725,0.094948,1
20210212T153711,20210610T132106,117.9055,64,A2,0.273439,1.170268,0
20210212T153711,20210610T132106,117.9055,65,A3,0.175917,0.000000,1
20210212T153711,20210610T132106,117.9055,66,A3,-0.219670,0.868807,1
20210212T153711,20210610T132106,117.9055,67,A3,0.050399,0.457877,0
20210212T153711,20210610T132106,117.9055,68,A3,0.004838,0.005607,1
20210212T153711,20210610T132106,117.9055,69,A3,-0.146792,1.938985,0
20210212T153711,20210610T132106,117.9055,70,A3,0.196580,0.000000,1
20210212T153711,20210610T132106,117.9055,71,A3,-0.021347,0.575999,1
20210212T153711,20210610T132106,117.9055,72,A3,0.007207,0.449202,1
20210212T153711,20210610T132106,117.9055,73,A3,-0.036010,0.632770,1
20210212T153711,20210610T132106,117.9055,74,A3,-0.175063,0.198305,1
20210212T153711,20210610T132106,117.9055,75,A3,-0.032892,0.682760,1
20210212T153711,20210610T132106,117.9055,76,A3,0.112579,0.000000,1
20210212T153711,20210610T132106,117.9055,77,A3,-0.441732,0.985744,1
20210212T153711,20210610T132106,117.9055,78,A3,-0.084176,1.044895,0
20210212T153711,20210610T132106,117.9055,79,A3,-0.077226,0.151563,1
20210212T153711,20210610T132106,117.9055,80,A3,-0.245625,0.324027,1
20210212T153711,20210610T132106,117.9055,81,A3,-0.189084,0.305088,1
20210212T153711,20210610T132106,117.9055,82,A3,0.158721,0.318928,1
20210212T153711,20210610T132106,117.9055,83,A3,0.231316,0.369207,1
20210212T153711,20210610T132106,117.9055,84,A3,-0.217164,0.801998,1
20210212T153711,20210610T132106,117.9055,85,A3,-0.112915,0.090628,1
20210212T153711,20210610T132106,117.9055,86,A3,0.248084,0.474514,1
20210212T153711,20210610T132106,117.9055,87,A3,-0.145222,0.810169,0
20210212T153711,20210610T132106,117.9055,88,A3,-0.327132,1.398640,0
20210212T153711,20210610T132106,117.9055,89,A3,0.148738,0.422202,0
20210212T153711,20210610T132106,117.9055,90,A3,0.036076,0.345891,1
20210212T153711,20210610T132106,117.9055,91,A3,-0.173018,0.857857,1
20210212T153711,20210610T132106,117.9055,92,A3,0.207893,2.000000,0
20210212T153711,20210610T132106,117.9055,93,A3,-0.153838,0.404372,0
20210212T153711,20210610T132106,117.9055,94,A3,-0.176447,0.293386,0
20210212T153711,20210610T132106,117.9055,95,A3,0.351717,0.191040,1
20210212T153711,20210610T132106,117.9055,96,A3,-0.093966,0.703275,0
20210212T153711,20210610T132106,117.9055,97,A4,-0.331552,0.028274,1
20210212T153711,20210610T132106,117.9055,98,A4,0.528904,0.212528,1
20210212T153711,20210610T132106,117.9055,99,A4,-0.104077,0.183237,1
20210212T153711,20210610T132106,117.9055,100,A4,-0.285003,0.511800,0
20210212T153711,20210610T132106,117.9055,101,A4,-0.026016,0.265976,0
20210212T153711,20210610T132106,117.9055,102,A4,0.334694,0.312425,1
20210212T153711,20210610T132106,117.9055,103,A4,0.518157,0.110154,1
20210212T153711,20210610T132106,117.9055,104,A4,0.121502,0.089116,1
20210212T153711,20210610T132106,117.9055,105,A4,0.285643,0.247324,1
20210212T153711,20210610T132106,117.9055,106,A4,0.044727,0.122264,1
20210212T153711,20210610T132106,117.9055,107,A4,-0.264123,0.135245,1
20210212T153711,20210610T132106,117.9055,108,A4,0.238351,1.063417,0
20210212T153711,20210610T132106,117.9055,109,A4,0.005157,0.029747,1
20210212T153711,20210610T132106,117.9055,110,A4,-0.101206,0.264175,0
20210212T153711,20210610T132106,117.9055,111,A4,0.249463,0.254877,1
20210212T153711,20210610T132106,117.9055,112,A4,0.353754,0.012640,1
20210212T153711,20210610T132106,117.9055,113,A4,0.124344,0.074386,0
20210212T153711,20210610T132106,117.9055,114,A4,0.449637,0.059503,1
20210212T153711,20210610T132106,117.9055,115,A4,-0.443145,0.411077,0
20210212T153711,20210610T132106,117.9055,116,A4,-0.023324,0.184469,1
20210212T153711,20210610T132106,117.9055,117,A4,0.684420,0.103569,1
20210212T153711,20210610T132106,117.9055,118,A4,0.445168,0.013975,1
20210212T153711,20210610T132106,117.9055,119,A4,0.242377,0.312341,1
20210212T153711,20210610T132106,117.9055,120,A4,0.613830,0.779036,1
20210212T153711,20210610T132106,117.9055,121,A4,0.507534,0.140128,1
20210212T153711,20210610T132106,117.9055,122,A4,-0.469030,0.153848,0
20210212T153711,20210610T132106,117.9055,123,A4,-0.470398,0.205161,1
20210212T153711,20210610T132106,117.9055,124,A4,-0.479971,0.124162,1
20210212T153711,20210610T132106,117.9055,125,A4,0.638650,0.036151,1
20210212T153711,20210610T132106,117.9055,126,A4,0.615557,0.228410,1
20210212T153711,20210610T132106,117.9055,127,A4,-0.002065,0.059120,0
20210212T153711,20210610T132106,117.9055,128,A4,0.296634,0.024075,1
20210212T153711,20210610T132106,117.9055,129,A5,0.052820,2.000000,0
20210212T153711,20210610T132106,117.9055,130,A5,0.088031,0.218509,1
20210212T153711,20210610T132106,117.9055,131,A5,0.148737,0.287973,0
20210212T153711,20210610T132106,117.9055,132,A5,-0.034116,2.000000,0
20210212T153711,20210610T132106,117.9055,133,A5,-0.084293,0.205795,1
20210212T153711,20210610T132106,117.9055,134,A5,0.511758,0.604758,1
20210212T153711,20210610T132106,117.9055,135,A5,0.337992,0.669532,0
20210212T153711,20210610T132106,117.9055,136,A5,0.595740,0.034556,1
20210212T153711,20210610T132106,117.9055,137,A5,0.280333,0.514084,1
20210212T153711,20210610T132106,117.9055,138,A5,-0.023991,0.666371,1
20210212T153711,20210610T132106,117.9055,139,A5,-0.048889,1.042329,0
20210212T153711,20210610T132106,117.9055,140,A5,-0.179486,2.000000,0
20210212T153711,20210610T132106,117.9055,141,A5,0.170261,1.007973,0
20210212T153711,20210610T132106,117.9055,142,A5,-0.085557,0.005264,1
20210212T153711,20210610T132106,117.9055,143,A5,-0.269657,0.471028,1
20210212T153711,20210610T132106,117.9055,144,A5,-0.413624,0.019765,1
20210212T153711,20210610T132106,117.9055,145,A5,-0.044151,0.350169,1
20210212T153711,20210610T132106,117.9055,146,A5,-0.009076,1.879575,0
20210212T153711,20210610T132106,117.9055,147,A5,-0.133140,1.119977,0
20210212T153711,20210610T132106,117.9055,148,A5,-0.211447,0.000000,1
20210212T153711,20210610T132106,117.9055,149,A5,-0.043151,0.384859,1
20210212T153711,20210610T132106,117.9055,150,A5,0.213834,0.712029,0
20210212T153711,20210610T132106,117.9055,151,A5,0.007315,0.461329,0
20210212T153711,20210610T132106,117.9055,152,A5,0.164604,0.387742,1
20210212T153711,20210610T132106,117.9055,153,A5,0.242799,0.842847,1
20210212T153711,20210610T132106,117.9055,154,A5,0.059203,0.379894,1
20210212T153711,20210610T132106,117.9055,155,A5,-0.029881,1.032701,0
20210212T153711,20210610T132106,117.9055,156,A5,0.043656,0.486775,0
20210212T153711,20210610T132106,117.9055,157,A5,0.097274,0.149707,1
20210212T153711,20210610T132106,117.9055,158,A5,0.326499,1.905608,0
20210212T153711,20210610T132106,117.9055,159,A5,-0.025817,1.737783,0
20210212T153711,20210610T132106,117.9055,160,A5,0.266637,0.488535,1
20210212T153711,20210618T123111,125.8708,1,A1,-0.388377,0.586259,0
20210212T153711,20210618T123111,125.8708,2,A1,-0.149645,0.345365,0
20210212T153711,20210618T123111,125.8708,3,A1,-0.269946,0.439419,0
20210212T153711,20210618T123111,125.8708,4,A1,-0.058324,1.149281,0
20210212T153711,20210618T123111,125.8708,5,A1,0.141069,0.899952,1
20210212T153711,20210618T123111,125.8708,6,A1,0.213000,0.424255,1
20210212T153711,20210618T123111,125.8708,7,A1,0.102477,0.743776,0
20210212T153711,20210618T123111,125.8708,8,A1,-0.351587,1.298317,0
20210212T153711,20210618T123111,125.8708,9,A1,0.135658,0.329743,1
20210212T153711,20210618T123111,125.8708,10,A1,0.146842,0.052314,1
20210212T153711,20210618T123111,125.8708,11,A1,-0.078856,0.790487,1
20210212T153711,20210618T123111,125.8708,12,A1,-0.099856,0.500938,0
20210212T153711,20210618T123111,125.8708,13,A1,0.255054,0.303245,1
20210212T153711,20210618T123111,125.8708,14,A1,0.314371,0.148928,0
20210212T153711,20210618T123111,125.8708,15,A1,0.323845,0.744280,1
20210212T153711,20210618T123111,125.8708,16,A1,0.298422,0.255556,1
20210212T153711,20210618T123111,125.8708,17,A1,-0.344055,1.124980,0
20210212T153711,20210618T123111,125.8708,18,A1,-0.118725,0.713366,0
20210212T153711,20210618T123111,125.8708,19,A1,0.417457,0.534875,1
20210212T153711,20210618T123111,125.8708,20,A1,-0.103467,0.214472,1
20210212T153711,20210618T123111,125.8708,21,A1,0.149057,0.115828,1
20210212T153711,20210618T123111,125.8708,22,A1,-0.215156,0.176956,1
20210212T153711,20210618T123111,125.8708,23,A1,0.083656,0.729167,0
20210212T153711,20210618T123111,125.8708,24,A1,-0.496658,1.769814,0
20210212T153711,20210618T123111,125.8708,25,A1,-0.347597,1.135826,0
20210212T153711,20210618T123111,125.8708,26,A1,-0.052765,1.857796,0
20210212T153711,20210618T123111,125.8708,27,A1,0.249866,0.099425,1
20210212T153711,20210618T123111,125.8708,28,A1,0.435465,0.000000,1
20210212T153711,20210618T123111,125.8708,29,A1,0.082688,0.856401,1
20210212T153711,20210618T123111,125.8708,30,A1,-0.090237,0.017402,1
20210212T153711,20210618T123111,125.8708,31,A1,-0.126715,0.694319,1
20210212T153711,20210618T123111,125.8708,32,A1,-0.103538,1.007456,0
20210212T153711,20210618T123111,125.8708,33,A2,0.197750,0.554595,1
20210212T153711,20210618T123111,125.8708,34,A2,-0.132022,0.714776,1
20210212T153711,20210618T123111,125.8708,35,A2,0.161568,0.262070,1
20210212T153711,20210618T123111,125.8708,36,A2,0.148562,0.554439,1
20210212T153711,20210618T123111,125.8708,37,A2,-0.165717,0.799768,1
20210212T153711,20210618T123111,125.8708,38,A2,-0.345285,1.032258,0
20210212T153711,20210618T123111,125.8708,39,A2,0.414283,0.767602,1
20210212T153711,20210618T123111,125.8708,40,A2,-0.058441,0.874431,0
20210212T153711,20210618T123111,125.8708,41,A2,-0.437946,0.929659,1
20210212T153711,20210618T123111,125.8708,42,A2,-0.069051,0.206115,1
20210212T153711,20210618T123111,125.8708,43,A2,0.018909,1.364508,0
20210212T153711,20210618T123111,125.8708,44,A2,-0.024089,0.672446,1
20210212T153711,20210618T123111,125.8708,45,A2,-0.166119,1.457299,0
20210212T153711,20210618T123111,125.8708,46,A2,0.063461,0.045655,1
20210212T153711,20210618T123111,125.8708,47,A2,0.053326,0.960131,0
20210212T153711,20210618T123111,125.8708,48,A2,-0.027790,1.013238,0
20210212T153711,20210618T123111,125.8708,49,A2,0.489182,0.507533,1
20210212T153711,20210618T123111,125.8708,50,A2,-0.177444,0.752935,1
20210212T153711,20210618T123111,125.8708,51,A2,0.154070,0.998452,1
20210212T153711,20210618T123111,125.8708,52,A2,-0.491068,0.459072,1
20210212T153711,20210618T123111,125.8708,53,A2,0.041737,0.644256,1
20210212T153711,20210618T123111,125.8708,54,A2,0.517580,0.216842,0
20210212T153711,20210618T123111,125.8708,55,A2,0.141301,0.304360,1
20210212T153711,20210618T123111,125.8708,56,A2,0.192588,0.300607,0
20210212T153711,20210618T123111,125.8708,57,A2,-0.031921,1.474729,0
20210212T153711,20210618T123111,125.8708,58,A2,0.127644,1.025266,0
20210212T153711,20210618T123111,125.8708,59,A2,0.083194,1.030961,0
20210212T153711,20210618T123111,125.8708,60,A2,-0.274865,1.009076,0
20210212T153711,20210618T123111,125.8708,61,A2,-0.136844,0.495173,1
20210212T153711,20210618T123111,125.8708,62,A2,0.117323,1.055557,0
20210212T153711,20210618T123111,125.8708,63,A2,-0.141183,0.729393,1
20210212T153711,20210618T123111,125.8708,64,A2,0.152303,1.125265,0
20210212T153711,20210618T123111,125.8708,65,A3,-0.146752,1.336338,0
20210212T153711,20210618T123111,125.8708,66,A3,0.229092,0.771743,1
20210212T153711,20210618T123111,125.8708,67,A3,-0.114879,1.241973,0
20210212T153711,20210618T123111,125.8708,68,A3,-0.061369,0.324366,1
20210212T153711,20210618T123111,125.8708,69,A3,0.196712,0.237487,1
20210212T153711,20210618T123111,125.8708,70,A3,0.259088,1.064513,0
20210212T153711,20210618T123111,125.8708,71,A3,0.262203,0.089472,1
20210212T153711,20210618T123111,125.8708,72,A3,-0.363947,0.381189,1
20210212T153711,20210618T123111,125.8708,73,A3,0.226829,1.105668,0
20210212T153711,20210618T123111,125.8708,74,A3,-0.058730,0.332719,0
20210212T153711,20210618T123111,125.8708,75,A3,0.143828,0.922580,0
20210212T153711,20210618T123111,125.8708,76,A3,0.180655,0.779364,1
20210212T153711,20210618T123111,125.8708,77,A3,0.193591,0.692903,1
20210212T153711,20210618T123111,125.8708,78,A3,0.052383,0.894652,1
20210212T153711,20210618T123111,125.8708,79,A3,0.099827,0.576872,0
20210212T153711,20210618T123111,125.8708,80,A3,0.339010,0.781983,0
20210212T153711,20210618T123111,125.8708,81,A3,0.261186,1.008710,0
20210212T153711,20210618T123111,125.8708,82,A3,0.079073,0.931642,0
20210212T153711,20210618T123111,125.8708,83,A3,0.324912,0.411705,1
20210212T153711,20210618T123111,125.8708,84,A3,-0.072612,1.036358,0
20210212T153711,20210618T123111,125.8708,85,A3,-0.012963,0.390850,0
20210212T153711,20210618T123111,125.8708,86,A3,0.190491,0.585236,1
20210212T153711,20210618T123111,125.8708,87,A3,-0.071084,0.293626,0
20210212T153711,20210618T123111,125.8708,88,A3,0.157690,0.788868,1
20210212T153711,20210618T123111,125.8708,89,A3,-0.297700,0.653215,1
20210212T153711,20210618T123111,125.8708,90,A3,0.018826,0.406465,0
20210212T153711,20210618T123111,125.8708,91,A3,-0.148672,0.040586,1
20210212T153711,20210618T123111,125.8708,92,A3,-0.312354,1.049950,0
20210212T153711,20210618T123111,125.8708,93,A3,0.049463,0.562151,0
20210212T153711,20210618T123111,125.8708,94,A3,-0.008674,0.267521,1
20210212T153711,20210618T123111,125.8708,95,A3,0.124428,0.378356,0
20210212T153711,20210618T123111,125.8708,96,A3,-0.072855,0.083505,1
20210212T153711,20210618T123111,125.8708,97,A4,-0.015997,0.484250,1
20210212T153711,20210618T123111,125.8708,98,A4,-0.180360,0.411307,0
20210212T153711,20210618T123111,125.8708,99,A4,-0.012451,0.235371,0
20210212T153711,20210618T123111,125.8708,100,A4,0.027457,0.304314,1
20210212T153711,20210618T123111,125.8708,101,A4,-0.140998,0.883934,1
20210212T153711,20210618T123111,125.8708,102,A4,0.109094,0.028463,1
20210212T153711,20210618T123111,125.8708,103,A4,0.389435,0.066452,1
20210212T153711,20210618T123111,125.8708,104,A4,-0.058101,0.361438,0
20210212T153711,20210618T123111,125.8708,105,A4,0.122794,0.211135,1
20210212T153711,20210618T123111,125.8708,106,A4,-0.143519,0.205726,0
20210212T153711,20210618T123111,125.8708,107,A4,0.173192,0.153362,0
20210212T153711,20210618T123111,125.8708,108,A4,-0.222551,1.017386,0
20210212T153711,20210618T123111,125.8708,109,A4,0.141181,0.564104,0
20210212T153711,20210618T123111,125.8708,110,A4,0.264097,0.038566,1
20210212T153711,20210618T123111,125.8708,111,A4,0.167742,0.278102,1
20210212T153711,20210618T123111,125.8708,112,A4,0.035180,0.132842,0
20210212T153711,20210618T123111,125.8708,113,A4,0.112179,0.153927,0
20210212T153711,20210618T123111,125.8708,114,A4,0.342445,0.203525,1
20210212T153711,20210618T123111,125.8708,115,A4,-0.032613,0.298010,0
20210212T153711,20210618T123111,125.8708,116,A4,0.375622,0.122356,1
20210212T153711,20210618T123111,125.8708,117,A4,0.267027,0.441077,1
20210212T153711,20210618T123111,125.8708,118,A4,0.536678,0.126146,1
20210212T153711,20210618T123111,125.8708,119,A4,0.307977,0.119544,1
20210212T153711,20210618T123111,125.8708,120,A4,0.635173,0.715100,1
20210212T153711,20210618T123111,125.8708,121,A4,0.710984,0.129087,1
20210212T153711,20210618T123111,125.8708,122,A4,0.286757,0.255220,1
20210212T153711,20210618T123111,125.8708,123,A4,-0.008728,0.557668,0
20210212T153711,20210618T123111,125.8708,124,A4,-0.133069,0.096306,1
20210212T153711,20210618T123111,125.8708,125,A4,0.576768,0.000402,1
20210212T153711,20210618T123111,125.8708,126,A4,-0.007835,0.255739,1
20210212T153711,20210618T123111,125.8708,127,A4,0.016878,0.265879,1
20210212T153711,20210618T123111,125.8708,128,A4,0.177775,0.118193,1
20210212T153711,20210618T123111,125.8708,129,A5,-0.014804,1.177628,0
20210212T153711,20210618T123111,125.8708,130,A5,-0.138231,0.617859,0
20210212T153711,20210618T123111,125.8708,131,A5,-0.261494,0.852041,1
20210212T153711,20210618T123111,125.8708,132,A5,-0.216228,0.799979,1
20210212T153711,20210618T123111,125.8708,133,A5,-0.192678,0.033166,1
20210212T153711,20210618T123111,125.8708,134,A5,0.023817,0.224053,1
20210212T153711,20210618T123111,125.8708,135,A5,0.094273,0.247117,1
20210212T153711,20210618T123111,125.8708,136,A5,0.287582,0.195702,1
20210212T153711,20210618T123111,125.8708,137,A5,-0.172871,0.016275,1
20210212T153711,20210618T123111,125.8708,138,A5,0.048123,0.279060,1
20210212T153711,20210618T123111,125.8708,139,A5,-0.248152,0.881933,0
20210212T153711,20210618T123111,125.8708,140,A5,0.006153,1.005937,0
20210212T153711,20210618T123111,125.8708,141,A5,0.091181,2.000000,0
20210212T153711,20210618T123111,125.8708,142,A5,-0.070031,0.330591,0
20210212T153711,20210618T123111,125.8708,143,A5,-0.287036,0.269045,0
20210212T153711,20210618T123111,125.8708,144,A5,0.077027,0.982951,1
20210212T153711,20210618T123111,125.8708,145,A5,-0.323759,0.777806,0
20210212T153711,20210618T123111,125.8708,146,A5,-0.143262,0.741687,1
20210212T153711,20210618T123111,125.8708,147,A5,0.247335,0.881419,1
20210212T153711,20210618T123111,125.8708,148,A5,-0.254607,2.000000,0
20210212T153711,20210618T123111,125.8708,149,A5,-0.187305,0.025876,1
20210212T153711,20210618T123111,125.8708,150,A5,0.044832,0.413663,1
20210212T153711,20210618T123111,125.8708,151,A5,0.109149,0.439440,1
20210212T153711,20210618T123111,125.8708,152,A5,0.167104,0.432294,1
20210212T153711,20210618T123111,125.8708,153,A5,0.054143,1.493179,0
20210212T153711,20210618T123111,125.8708,154,A5,-0.173554,1.308030,0
20210212T153711,20210618T123111,125.8708,155,A5,-0.157387,0.610876,0
20210212T153711,20210618T123111,125.8708,156,A5,0.035988,0.272950,1
20210212T153711,20210618T123111,125.8708,157,A5,-0.190619,1.098914,0
20210212T153711,20210618T123111,125.8708,158,A5,0.094364,0.912371,0
20210212T153711,20210618T123111,125.8708,159,A5,-0.213256,1.274811,0
20210212T153711,20210618T123111,125.8708,160,A5,0.132828,0.456518,1
20210212T153711,20210623T140144,130.9337,1,A1,-0.055529,0.196551,1
20210212T153711,20210623T140144,130.9337,2,A1,0.196919,0.376345,0
20210212T153711,20210623T140144,130.9337,3,A1,-0.308710,0.703485,1
20210212T153711,20210623T140144,130.9337,4,A1,-0.028249,1.149281,0
20210212T153711,20210623T140144,130.9337,5,A1,0.047065,0.074191,1
20210212T153711,20210623T140144,130.9337,6,A1,0.112384,0.339101,1
20210212T153711,20210623T140144,130.9337,7,A1,-0.038559,0.362749,0
20210212T153711,20210623T140144,130.9337,8,A1,-0.125970,1.248170,0
20210212T153711,20210623T140144,130.9337,9,A1,0.083043,0.105817,1
20210212T153711,20210623T140144,130.9337,10,A1,-0.111213,1.007031,0
20210212T153711,20210623T140144,130.9337,11,A1,0.007764,0.114500,1
20210212T153711,20210623T140144,130.9337,12,A1,-0.444558,0.365739,0
20210212T153711,20210623T140144,130.9337,13,A1,0.470026,0.022821,1
20210212T153711,20210623T140144,130.9337,14,A1,0.172092,0.193897,0
20210212T153711,20210623T140144,130.9337,15,A1,0.093498,0.174280,1
20210212T153711,20210623T140144,130.9337,16,A1,-0.030297,0.272538,0
20210212T153711,20210623T140144,130.9337,17,A1,-0.225870,1.124980,0
20210212T153711,20210623T140144,130.9337,18,A1,0.054271,0.364052,1
20210212T153711,20210623T140144,130.9337,19,A1,0.545237,0.950990,0
20210212T153711,20210623T140144,130.9337,20,A1,-0.154213,0.230395,1
20210212T153711,20210623T140144,130.9337,21,A1,-0.029196,0.666210,1
20210212T153711,20210623T140144,130.9337,22,A1,-0.050933,0.309859,0
20210212T153711,20210623T140144,130.9337,23,A1,0.045495,0.733998,0
20210212T153711,20210623T140144,130.9337,24,A1,-0.796628,1.769814,0
20210212T153711,20210623T140144,130.9337,25,A1,-0.120045,1.580737,0
20210212T153711,20210623T140144,130.9337,26,A1,0.014836,1.120846,0
20210212T153711,20210623T140144,130.9337,27,A1,0.201511,0.266586,0
20210212T153711,20210623T140144,130.9337,28,A1,0.582073,2.000000,0
20210212T153711,20210623T140144,130.9337,29,A1,0.127670,1.147771,0
20210212T153711,20210623T140144,130.9337,30,A1,-0.111173,0.041261,1
20210212T153711,20210623T140144,130.9337,31,A1,-0.179228,0.337536,1
20210212T153711,20210623T140144,130.9337,32,A1,0.045243,1.007456,0
20210212T153711,20210623T140144,130.9337,33,A2,-0.183196,0.346788,1
20210212T153711,20210623T140144,130.9337,34,A2,0.076238,0.671074,1
20210212T153711,20210623T140144,130.9337,35,A2,-0.022551,0.967605,1
20210212T153711,20210623T140144,130.9337,36,A2,-0.092644,0.622862,1
20210212T153711,20210623T140144,130.9337,37,A2,0.149156,0.734051,1
20210212T153711,20210623T140144,130.9337,38,A2,-0.002526,0.918561,0
20210212T153711,20210623T140144,130.9337,39,A2,0.373332,0.656902,1
20210212T153711,20210623T140144,130.9337,40,A2,0.099086,0.476329,1
20210212T153711,20210623T140144,130.9337,41,A2,0.202567,0.378975,1
20210212T153711,20210623T140144,130.9337,42,A2,0.210221,0.591992,1
20210212T153711,20210623T140144,130.9337,43,A2,0.011679,1.439262,0
20210212T153711,20210623T140144,130.9337,44,A2,0.259397,0.540750,1
20210212T153711,20210623T140144,130.9337,45,A2,0.204998,1.044963,0
20210212T153711,20210623T140144,130.9337,46,A2,0.166584,0.491747,0
20210212T153711,20210623T140144,130.9337,47,A2,-0.248366,0.660766,0
20210212T153711,20210623T140144,130.9337,48,A2,-0.163601,1.834839,0
20210212T153711,20210623T140144,130.9337,49,A2,0.008176,0.866689,1
20210212T153711,20210623T140144,130.9337,50,A2,-0.413547,0.576738,1
20210212T153711,20210623T140144,130.9337,51,A2,-0.033004,0.258548,0
20210212T153711,20210623T140144,130.9337,52,A2,0.091389,0.145759,0
20210212T153711,20210623T140144,130.9337,53,A2,-0.278883,0.162113,0
20210212T153711,20210623T140144,130.9337,54,A2,0.560848,0.107516,1
20210212T153711,20210623T140144,130.9337,55,A2,-0.034790,0.119314,1
20210212T153711,20210623T140144,130.9337,56,A2,-0.199099,0.936727,1
20210212T153711,20210623T140144,130.9337,57,A2,-0.298001,0.582631,0
20210212T153711,20210623T140144,130.9337,58,A2,-0.044658,1.676200,0
20210212T153711,20210623T140144,130.9337,59,A2,-0.220454,0.000000,1
20210212T153711,20210623T140144,130.9337,60,A2,0.063268,0.976758,1
20210212T153711,20210623T140144,130.9337,61,A2,0.024528,1.196442,0
20210212T153711,20210623T140144,130.9337,62,A2,-0.124843,0.971042,1
20210212T153711,20210623T140144,130.9337,63,A2,0.152201,0.808522,1
20210212T153711,20210623T140144,130.9337,64,A2,-0.115771,0.000000,1
20210212T153711,20210623T140144,130.9337,65,A3,-0.362533,1.133952,0
20210212T153711,20210623T140144,130.9337,66,A3,-0.003935,0.806095,1
20210212T153711,20210623T140144,130.9337,67,A3,0.032563,0.597761,0
20210212T153711,20210623T140144,130.9337,68,A3,0.332289,1.100597,0
20210212T153711,20210623T140144,130.9337,69,A3,-0.090165,0.961190,0
20210212T153711,20210623T140144,130.9337,70,A3,0.239192,0.995501,1
20210212T153711,20210623T140144,130.9337,71,A3,0.024554,1.693661,0
20210212T153711,20210623T140144,130.9337,72,A3,-0.177324,0.532343,0
20210212T153711,20210623T140144,130.9337,73,A3,-0.019641,1.254987,0
20210212T153711,20210623T140144,130.9337,74,A3,0.052609,0.544581,0
20210212T153711,20210623T140144,130.9337,75,A3,0.059276,1.690316,0
20210212T153711,20210623T140144,130.9337,76,A3,0.073294,1.186057,0
20210212T153711,20210623T140144,130.9337,77,A3,0.162165,1.262900,0
20210212T153711,20210623T140144,130.9337,78,A3,-0.201566,0.934446,1
20210212T153711,20210623T140144,130.9337,79,A3,0.293944,0.117607,1
20210212T153711,20210623T140144,130.9337,80,A3,-0.078936,0.067690,1
20210212T153711,20210623T140144,130.9337,81,A3,0.031839,1.010734,0
20210212T153711,20210623T140144,130.9337,82,A3,-0.204056,0.772155,1
20210212T153711,20210623T140144,130.9337,83,A3,0.128644,0.943309,1
20210212T153711,20210623T140144,130.9337,84,A3,-0.275883,0.855699,1
20210212T153711,20210623T140144,130.9337,85,A3,0.093906,0.528451,1
20210212T153711,20210623T140144,130.9337,86,A3,0.172494,0.998246,0
20210212T153711,20210623T140144,130.9337,87,A3,-0.043395,0.207281,1
20210212T153711,20210623T140144,130.9337,88,A3,-0.178595,1.131683,0
20210212T153711,20210623T140144,130.9337,89,A3,-0.164804,0.274164,1
20210212T153711,20210623T140144,130.9337,90,A3,0.201555,0.957416,0
20210212T153711,20210623T140144,130.9337,91,A3,0.003619,0.146343,0
20210212T153711,20210623T140144,130.9337,92,A3,-0.278693,0.875146,1
20210212T153711,20210623T140144,130.9337,93,A3,-0.082294,1.293248,0
20210212T153711,20210623T140144,130.9337,94,A3,0.109994,0.395003,0
20210212T153711,20210623T140144,130.9337,95,A3,0.097917,0.359684,0
20210212T153711,20210623T140144,130.9337,96,A3,-0.247027,0.297734,1
20210212T153711,20210623T140144,130.9337,97,A4,0.277285,0.108126,1
20210212T153711,20210623T140144,130.9337,98,A4,0.176426,0.009956,1
20210212T153711,20210623T140144,130.9337,99,A4,0.152340,0.255465,0
20210212T153711,20210623T140144,130.9337,100,A4,0.170677,0.346580,0
20210212T153711,20210623T140144,130.9337,101,A4,-0.087787,0.487634,0
20210212T153711,20210623T140144,130.9337,102,A4,-0.003199,0.020277,1
20210212T153711,20210623T140144,130.9337,103,A4,0.028676,0.433132,0
20210212T153711,20210623T140144,130.9337,104,A4,-0.109134,0.166404,1
20210212T153711,20210623T140144,130.9337,105,A4,0.012571,0.050808,1
20210212T153711,20210623T140144,130.9337,106,A4,0.201597,0.286542,0
20210212T153711,20210623T140144,130.9337,107,A4,0.026898,1.125806,0
20210212T153711,20210623T140144,130.9337,108,A4,0.148545,0.000000,1
20210212T153711,20210623T140144,130.9337,109,A4,-0.187204,0.109811,1
20210212T153711,20210623T140144,130.9337,110,A4,0.332180,0.256416,0
20210212T153711,20210623T140144,130.9337,111,A4,0.119056,1.139355,0
20210212T153711,20210623T140144,130.9337,112,A4,-0.001910,0.238025,0
20210212T153711,20210623T140144,130.9337,113,A4,0.053938,0.082731,1
20210212T153711,20210623T140144,130.9337,114,A4,-0.102520,1.204148,0
20210212T153711,20210623T140144,130.9337,115,A4,-0.311384,0.646095,0
20210212T153711,20210623T140144,130.9337,116,A4,0.173118,0.552953,1
20210212T153711,20210623T140144,130.9337,117,A4,0.604193,0.195767,1
20210212T153711,20210623T140144,130.9337,118,A4,0.068640,0.024518,1
20210212T153711,20210623T140144,130.9337,119,A4,0.305287,0.062933,1
20210212T153711,20210623T140144,130.9337,120,A4,0.148431,0.438886,1
20210212T153711,20210623T140144,130.9337,121,A4,-0.222371,0.660901,0
20210212T153711,20210623T140144,130.9337,122,A4,-0.093600,0.167677,1
20210212T153711,20210623T140144,130.9337,123,A4,0.380895,0.202024,0
20210212T153711,20210623T140144,130.9337,124,A4,0.242894,0.119145,0
20210212T153711,20210623T140144,130.9337,125,A4,-0.074191,0.525163,0
20210212T153711,20210623T140144,130.9337,126,A4,-0.088026,0.327598,0
20210212T153711,20210623T140144,130.9337,127,A4,-0.151860,0.216482,0
20210212T153711,20210623T140144,130.9337,128,A4,0.112810,0.855918,0
20210212T153711,20210623T140144,130.9337,129,A5,0.431333,1.525229,0
20210212T153711,20210623T140144,130.9337,130,A5,0.123979,0.600992,0
20210212T153711,20210623T140144,130.9337,131,A5,0.248993,0.852041,1
20210212T153711,20210623T140144,130.9337,132,A5,-0.041912,1.020472,0
20210212T153711,20210623T140144,130.9337,133,A5,-0.113743,0.367862,0
20210212T153711,20210623T140144,130.9337,134,A5,0.388537,1.309888,0
20210212T153711,20210623T140144,130.9337,135,A5,0.304767,0.450452,1
20210212T153711,20210623T140144,130.9337,136,A5,0.205903,0.048258,1
20210212T153711,20210623T140144,130.9337,137,A5,-0.052208,0.039717,0
20210212T153711,20210623T140144,130.9337,138,A5,0.030726,0.258987,1
20210212T153711,20210623T140144,130.9337,139,A5,0.043396,0.680129,1
20210212T153711,20210623T140144,130.9337,140,A5,0.039514,1.051168,0
20210212T153711,20210623T140144,130.9337,141,A5,0.432795,1.031136,0
20210212T153711,20210623T140144,130.9337,142,A5,-0.257680,0.060497,1
20210212T153711,20210623T140144,130.9337,143,A5,0.284167,0.774207,1
20210212T153711,20210623T140144,130.9337,144,A5,0.192745,0.954250,1
20210212T153711,20210623T140144,130.9337,145,A5,0.240572,0.679016,1
20210212T153711,20210623T140144,130.9337,146,A5,0.063050,1.078268,0
20210212T153711,20210623T140144,130.9337,147,A5,0.196113,1.028119,0
20210212T153711,20210623T140144,130.9337,148,A5,0.162378,1.056935,0
20210212T153711,20210623T140144,130.9337,149,A5,0.178506,0.332604,1
20210212T153711,20210623T140144,130.9337,150,A5,0.018028,0.795128,0
20210212T153711,20210623T140144,130.9337,151,A5,0.365623,0.104524,0
20210212T153711,20210623T140144,130.9337,152,A5,0.189396,0.595564,0
20210212T153711,20210623T140144,130.9337,153,A5,0.144449,0.989313,1
20210212T153711,20210623T140144,130.9337,154,A5,0.225586,0.895226,1
20210212T153711,20210623T140144,130.9337,155,A5,0.116312,0.162663,0
20210212T153711,20210623T140144,130.9337,156,A5,-0.082836,0.529172,0
20210212T153711,20210623T140144,130.9337,157,A5,0.136260,1.268314,0
20210212T153711,20210623T140144,130.9337,158,A5,0.119552,0.031579,1
20210212T153711,20210623T140144,130.9337,159,A5,-0.094765,1.058972,0
20210212T153711,20210623T140144,130.9337,160,A5,-0.049444,0.949384,0
20210212T153711,20210625T141512,132.9431,1,A1,0.126919,0.449113,0
20210212T153711,20210625T141512,132.9431,2,A1,0.209154,0.318191,0
20210212T153711,20210625T141512,132.9431,3,A1,-0.119956,0.916787,0
20210212T153711,20210625T141512,132.9431,4,A1,-0.066579,1.149281,0
20210212T153711,20210625T141512,132.9431,5,A1,-0.232530,0.420249,1
20210212T153711,20210625T141512,132.9431,6,A1,0.126663,0.481527,0
20210212T153711,20210625T141512,132.9431,7,A1,-0.140526,0.011372,1
20210212T153711,20210625T141512,132.9431,8,A1,-0.156017,1.350292,0
20210212T153711,20210625T141512,132.9431,9,A1,-0.141759,1.485082,0
20210212T153711,20210625T141512,132.9431,10,A1,-0.032791,1.860823,0
20210212T153711,20210625T141512,132.9431,11,A1,0.261856,0.303884,0
20210212T153711,20210625T141512,132.9431,12,A1,-0.154532,1.172076,0
20210212T153711,20210625T141512,132.9431,13,A1,0.463013,0.107518,1
20210212T153711,20210625T141512,132.9431,14,A1,0.188929,0.447312,0
20210212T153711,20210625T141512,132.9431,15,A1,0.026184,0.230910,1
20210212T153711,20210625T141512,132.9431,16,A1,0.253373,0.012313,1
20210212T153711,20210625T141512,132.9431,17,A1,-0.153627,1.124980,0
20210212T153711,20210625T141512,132.9431,18,A1,-0.044772,0.324810,1
20210212T153711,20210625T141512,132.9431,19,A1,0.127608,1.635414,0
20210212T153711,20210625T141512,132.9431,20,A1,-0.280064,0.234749,1
20210212T153711,20210625T141512,132.9431,21,A1,0.149469,0.026962,1
20210212T153711,20210625T141512,132.9431,22,A1,0.059940,1.278282,0
20210212T153711,20210625T141512,132.9431,23,A1,0.138616,0.083482,1
20210212T153711,20210625T141512,132.9431,24,A1,-0.582614,1.769814,0
20210212T153711,20210625T141512,132.9431,25,A1,-0.098377,0.709793,1
20210212T153711,20210625T141512,132.9431,26,A1,-0.104687,0.838006,1
20210212T153711,20210625T141512,132.9431,27,A1,0.262958,0.300127,0
20210212T153711,20210625T141512,132.9431,28,A1,0.471732,0.835001,1
20210212T153711,20210625T141512,132.9431,29,A1,0.002334,0.843683,1
20210212T153711,20210625T141512,132.9431,30,A1,0.141802,1.111724,0
20210212T153711,20210625T141512,132.9431,31,A1,-0.122963,0.637482,1
20210212T153711,20210625T141512,132.9431,32,A1,-0.334688,1.007456,0
20210212T153711,20210625T141512,132.9431,33,A2,-0.246206,0.292440,1
20210212T153711,20210625T141512,132.9431,34,A2,0.141494,0.924848,0
20210212T153711,20210625T141512,132.9431,35,A2,-0.066650,0.062199,0
20210212T153711,20210625T141512,132.9431,36,A2,-0.127153,0.605966,1
20210212T153711,20210625T141512,132.9431,37,A2,0.090193,0.406547,1
20210212T153711,20210625T141512,132.9431,38,A2,0.132903,0.161573,1
20210212T153711,20210625T141512,132.9431,39,A2,0.278207,0.411719,1
20210212T153711,20210625T141512,132.9431,40,A2,0.037218,1.523671,0
20210212T153711,20210625T141512,132.9431,41,A2,0.072840,0.713439,1
20210212T153711,20210625T141512,132.9431,42,A2,0.236315,0.927178,1
20210212T153711,20210625T141512,132.9431,43,A2,-0.060476,1.077746,0
20210212T153711,20210625T141512,132.9431,44,A2,0.407904,0.116598,1
20210212T153711,20210625T141512,132.9431,45,A2,-0.022178,2.000000,0
20210212T153711,20210625T141512,132.9431,46,A2,0.009970,1.257970,0
20210212T153711,20210625T141512,132.9431,47,A2,-0.207723,0.901223,0
20210212T153711,20210625T141512,132.9431,48,A2,0.109215,1.272644,0
20210212T153711,20210625T141512,132.9431,49,A2,0.358035,0.401515,1
20210212T153711,20210625T141512,132.9431,50,A2,-0.224246,0.803121,1
20210212T153711,20210625T141512,132.9431,51,A2,-0.159322,0.988291,1
20210212T153711,20210625T141512,132.9431,52,A2,-0.011690,0.837900,1
20210212T153711,20210625T141512,132.9431,53,A2,-0.086275,0.304939,1
20210212T153711,20210625T141512,132.9431,54,A2,0.562029,0.155408,1
20210212T153711,20210625T141512,132.9431,55,A2,0.059591,0.109678,1
20210212T153711,20210625T141512,132.9431,56,A2,0.153589,0.289833,0
20210212T153711,20210625T141512,132.9431,57,A2,-0.359530,0.647160,0
20210212T153711,20210625T141512,132.9431,58,A2,-0.021674,0.000000,1
20210212T153711,20210625T141512,132.9431,59,A2,-0.062471,1.462789,0
20210212T153711,20210625T141512,132.9431,60,A2,-0.060001,1.142392,0
20210212T153711,20210625T141512,132.9431,61,A2,-0.167264,0.574546,1
20210212T153711,20210625T141512,132.9431,62,A2,-0.059958,0.193832,1
20210212T153711,20210625T141512,132.9431,63,A2,-0.157857,0.155467,1
20210212T153711,20210625T141512,132.9431,64,A2,0.126487,1.301881,0
20210212T153711,20210625T141512,132.9431,65,A3,-0.174400,2.000000,0
20210212T153711,20210625T141512,132.9431,66,A3,-0.237702,2.000000,0
20210212T153711,20210625T141512,132.9431,67,A3,0.142237,0.673811,0
20210212T153711,20210625T141512,132.9431,68,A3,0.017111,1.100597,0
20210212T153711,20210625T141512,132.9431,69,A3,-0.032828,0.919034,1
20210212T153711,20210625T141512,132.9431,70,A3,-0.301085,0.715470,1
20210212T153711,20210625T141512,132.9431,71,A3,-0.305910,0.004872,1
20210212T153711,20210625T141512,132.9431,72,A3,0.027320,1.324595,0
20210212T153711,20210625T141512,132.9431,73,A3,-0.121408,0.815486,1
20210212T153711,20210625T141512,132.9431,74,A3,0.026930,0.667911,1
20210212T153711,20210625T141512,132.9431,75,A3,-0.026124,1.003796,0
20210212T153711,20210625T141512,132.9431,76,A3,0.035344,1.742999,0
20210212T153711,20210625T141512,132.9431,77,A3,0.100874,1.503380,0
20210212T153711,20210625T141512,132.9431,78,A3,-0.122306,1.060326,0
20210212T153711,20210625T141512,132.9431,79,A3,-0.093891,0.875081,0
20210212T153711,20210625T141512,132.9431,80,A3,-0.184405,0.886178,0
20210212T153711,20210625T141512,132.9431,81,A3,-0.085721,1.436453,0
20210212T153711,20210625T141512,132.9431,82,A3,-0.007131,0.500300,1
20210212T153711,20210625T141512,132.9431,83,A3,0.060395,0.145094,0
20210212T153711,20210625T141512,132.9431,84,A3,0.056398,0.466658,1
20210212T153711,20210625T141512,132.9431,85,A3,0.091960,0.107156,1
20210212T153711,20210625T141512,132.9431,86,A3,0.212018,1.275346,0
20210212T153711,20210625T141512,132.9431,87,A3,0.174137,0.095457,1
20210212T153711,20210625T141512,132.9431,88,A3,0.176024,2.000000,0
20210212T153711,20210625T141512,132.9431,89,A3,0.073715,0.650381,1
20210212T153711,20210625T141512,132.9431,90,A3,0.253891,0.645055,0
20210212T153711,20210625T141512,132.9431,91,A3,-0.155676,0.160671,1
20210212T153711,20210625T141512,132.9431,92,A3,0.222584,0.923431,1
20210212T153711,20210625T141512,132.9431,93,A3,0.048290,0.586238,1
20210212T153711,20210625T141512,132.9431,94,A3,0.158749,0.140302,1
20210212T153711,20210625T141512,132.9431,95,A3,-0.100588,1.111640,0
20210212T153711,20210625T141512,132.9431,96,A3,-0.032501,0.332006,0
20210212T153711,20210625T141512,132.9431,97,A4,0.023858,0.101847,0
20210212T153711,20210625T141512,132.9431,98,A4,-0.150068,0.285488,1
20210212T153711,20210625T141512,132.9431,99,A4,-0.099676,0.208985,1
20210212T153711,20210625T141512,132.9431,100,A4,0.272908,0.201321,1
20210212T153711,20210625T141512,132.9431,101,A4,-0.037072,0.079120,1
20210212T153711,20210625T141512,132.9431,102,A4,-0.023520,0.340397,1
20210212T153711,20210625T141512,132.9431,103,A4,-0.362365,0.548384,0
20210212T153711,20210625T141512,132.9431,104,A4,0.057419,0.626213,0
20210212T153711,20210625T141512,132.9431,105,A4,-0.030734,1.321542,0
20210212T153711,20210625T141512,132.9431,106,A4,-0.324440,0.176444,1
20210212T153711,20210625T141512,132.9431,107,A4,-0.186932,0.165197,1
20210212T153711,20210625T141512,132.9431,108,A4,0.220699,1.435545,0
20210212T153711,20210625T141512,132.9431,109,A4,0.031426,0.926070,0
20210212T153711,20210625T141512,132.9431,110,A4,-0.068995,0.357283,0
20210212T153711,20210625T141512,132.9431,111,A4,0.173503,0.338790,1
20210212T153711,20210625T141512,132.9431,112,A4,0.036411,0.883886,1
20210212T153711,20210625T141512,132.9431,113,A4,0.130368,0.019967,1
20210212T153711,20210625T141512,132.9431,114,A4,0.043070,0.157719,1
20210212T153711,20210625T141512,132.9431,115,A4,-0.317967,0.436607,0
20210212T153711,20210625T141512,132.9431,116,A4,0.216496,0.040588,1
20210212T153711,20210625T141512,132.9431,117,A4,0.301035,0.010612,1
20210212T153711,20210625T141512,132.9431,118,A4,0.344146,0.126452,1
20210212T153711,20210625T141512,132.9431,119,A4,0.477213,0.138278,0
20210212T153711,20210625T141512,132.9431,120,A4,0.275691,0.206773,1
20210212T153711,20210625T141512,132.9431,121,A4,-0.174093,0.324864,1
20210212T153711,20210625T141512,132.9431,122,A4,0.016434,0.277578,0
20210212T153711,20210625T141512,132.9431,123,A4,0.111001,0.051919,1
20210212T153711,20210625T141512,132.9431,124,A4,0.496103,0.931252,0
20210212T153711,20210625T141512,132.9431,125,A4,0.328281,0.275114,1
20210212T153711,20210625T141512,132.9431,126,A4,0.175175,0.284975,1
20210212T153711,20210625T141512,132.9431,127,A4,0.429437,0.752762,1
20210212T153711,20210625T141512,132.9431,128,A4,0.080357,0.484564,0
20210212T153711,20210625T141512,132.9431,129,A5,0.617830,2.000000,0
20210212T153711,20210625T141512,132.9431,130,A5,0.108967,0.558000,1
20210212T153711,20210625T141512,132.9431,131,A5,-0.267525,1.147959,0
20210212T153711,20210625T141512,132.9431,132,A5,-0.210443,1.047307,0
20210212T153711,20210625T141512,132.9431,133,A5,-0.066210,0.682565,0
20210212T153711,20210625T141512,132.9431,134,A5,0.189789,2.000000,0
20210212T153711,20210625T141512,132.9431,135,A5,0.152457,0.413492,1
20210212T153711,20210625T141512,132.9431,136,A5,0.373002,0.762276,1
20210212T153711,20210625T141512,132.9431,137,A5,-0.016988,0.718662,1
20210212T153711,20210625T141512,132.9431,138,A5,0.220224,1.333629,0
20210212T153711,20210625T141512,132.9431,139,A5,0.079041,0.832478,1
20210212T153711,20210625T141512,132.9431,140,A5,0.450719,1.211931,0
20210212T153711,20210625T141512,132.9431,141,A5,0.022195,1.144709,0
20210212T153711,20210625T141512,132.9431,142,A5,0.166860,0.277222,1
20210212T153711,20210625T141512,132.9431,143,A5,-0.213751,0.774207,1
20210212T153711,20210625T141512,132.9431,144,A5,-0.204223,1.565437,0
20210212T153711,20210625T141512,132.9431,145,A5,-0.207976,1.320984,0
20210212T153711,20210625T141512,132.9431,146,A5,0.048713,1.879575,0
20210212T153711,20210625T141512,132.9431,147,A5,-0.056055,0.000000,1
20210212T153711,20210625T141512,132.9431,148,A5,0.299627,2.000000,0
20210212T153711,20210625T141512,132.9431,149,A5,-0.187436,1.099665,0
20210212T153711,20210625T141512,132.9431,150,A5,-0.166556,0.781286,1
20210212T153711,20210625T141512,132.9431,151,A5,-0.041910,0.094089,1
20210212T153711,20210625T141512,132.9431,152,A5,0.286848,0.280713,1
20210212T153711,20210625T141512,132.9431,153,A5,0.138502,0.000000,1
20210212T153711,20210625T141512,132.9431,154,A5,0.064937,0.000000,1
20210212T153711,20210625T141512,132.9431,155,A5,-0.035305,0.352291,1
20210212T153711,20210625T141512,132.9431,156,A5,0.072727,1.290476,0
20210212T153711,20210625T141512,132.9431,157,A5,0.078586,0.000000,1
20210212T153711,20210625T141512,132.9431,158,A5,0.304296,0.094392,1
20210212T153711,20210625T141512,132.9431,159,A5,0.487966,0.629054,1
20210212T153711,20210625T141512,132.9431,160,A5,0.216742,0.434338,1
20210218T131636,20210219T145809,1.0705,1,A1,0.074666,0.088787,1
20210218T131636,20210219T145809,1.0705,2,A1,0.560215,0.467063,1
20210218T131636,20210219T145809,1.0705,3,A1,-0.086003,1.728216,0
20210218T131636,20210219T145809,1.0705,4,A1,0.268478,0.775511,1
20210218T131636,20210219T145809,1.0705,5,A1,0.065974,0.907834,1
20210218T131636,20210219T145809,1.0705,6,A1,0.390092,0.046946,1
20210218T131636,20210219T145809,1.0705,7,A1,0.082244,0.398197,1
20210218T131636,20210219T145809,1.0705,8,A1,-0.205092,0.312133,0
20210218T131636,20210219T145809,1.0705,9,A1,-0.208970,0.448703,1
20210218T131636,20210219T145809,1.0705,10,A1,0.073149,0.282811,1
20210218T131636,20210219T145809,1.0705,11,A1,0.356773,0.000000,1
20210218T131636,20210219T145809,1.0705,12,A1,0.384041,0.081436,1
20210218T131636,20210219T145809,1.0705,13,A1,0.201208,0.154503,0
20210218T131636,20210219T145809,1.0705,14,A1,0.337602,0.990563,0
20210218T131636,20210219T145809,1.0705,15,A1,-0.258967,0.391242,0
20210218T131636,20210219T145809,1.0705,16,A1,0.348499,0.622042,1
20210218T131636,20210219T145809,1.0705,17,A1,0.275964,0.367105,0
20210218T131636,20210219T145809,1.0705,18,A1,0.126097,0.275464,1
20210218T131636,20210219T145809,1.0705,19,A1,-0.008560,0.750007,0
20210218T131636,20210219T145809,1.0705,20,A1,0.713700,0.073549,1
20210218T131636,20210219T145809,1.0705,21,A1,-0.038799,0.006280,1
20210218T131636,20210219T145809,1.0705,22,A1,0.280402,0.114485,0
20210218T131636,20210219T145809,1.0705,23,A1,-0.115979,0.049905,1
20210218T131636,20210219T145809,1.0705,24,A1,0.708791,0.127371,1
20210218T131636,20210219T145809,1.0705,25,A1,-0.288496,1.320678,0
20210218T131636,20210219T145809,1.0705,26,A1,0.899502,0.000000,1
20210218T131636,20210219T145809,1.0705,27,A1,0.014296,0.755809,1
20210218T131636,20210219T145809,1.0705,28,A1,0.804514,0.000000,1
20210218T131636,20210219T145809,1.0705,29,A1,0.019548,0.380168,1
20210218T131636,20210219T145809,1.0705,30,A1,0.244360,0.987766,1
20210218T131636,20210219T145809,1.0705,31,A1,-0.025624,0.717518,0
20210218T131636,20210219T145809,1.0705,32,A1,0.409529,1.823530,0
20210218T131636,20210219T145809,1.0705,33,A2,0.201308,0.808909,1
20210218T131636,20210219T145809,1.0705,34,A2,-0.108365,0.223028,0
20210218T131636,20210219T145809,1.0705,35,A2,0.474915,0.118229,1
20210218T131636,20210219T145809,1.0705,36,A2,-0.042882,0.896003,1
20210218T131636,20210219T145809,1.0705,37,A2,-0.229111,0.262317,0
20210218T131636,20210219T145809,1.0705,38,A2,0.250757,0.133363,1
20210218T131636,20210219T145809,1.0705,39,A2,0.742774,0.433204,1
20210218T131636,20210219T145809,1.0705,40,A2,-0.376852,0.190119,0
20210218T131636,20210219T145809,1.0705,41,A2,0.234812,2.000000,0
20210218T131636,20210219T145809,1.0705,42,A2,-0.153120,0.466496,1
20210218T131636,20210219T145809,1.0705,43,A2,0.145320,0.633386,1
20210218T131636,20210219T145809,1.0705,44,A2,0.101828,0.441289,1
20210218T131636,20210219T145809,1.0705,45,A2,-0.015999,0.016444,1
20210218T131636,20210219T145809,1.0705,46,A2,-0.069783,0.192390,0
20210218T131636,20210219T145809,1.0705,47,A2,-0.216256,0.916121,1
20210218T131636,20210219T145809,1.0705,48,A2,0.151078,0.177982,0
20210218T131636,20210219T145809,1.0705,49,A2,0.611558,0.206939,1
20210218T131636,20210219T145809,1.0705,50,A2,0.092608,0.305731,0
20210218T131636,20210219T145809,1.0705,51,A2,0.169896,0.213462,0
20210218T131636,20210219T145809,1.0705,52,A2,0.602637,0.874910,1
20210218T131636,20210219T145809,1.0705,53,A2,0.166325,0.375024,1
20210218T131636,20210219T145809,1.0705,54,A2,0.827538,0.070841,1
20210218T131636,20210219T145809,1.0705,55,A2,0.844123,0.022250,1
20210218T131636,20210219T145809,1.0705,56,A2,0.144369,0.777506,0
20210218T131636,20210219T145809,1.0705,57,A2,0.231841,0.521554,0
20210218T131636,20210219T145809,1.0705,58,A2,0.077013,1.509913,0
20210218T131636,20210219T145809,1.0705,59,A2,0.452715,0.370071,1
20210218T131636,20210219T145809,1.0705,60,A2,-0.121435,0.214261,0
20210218T131636,20210219T145809,1.0705,61,A2,-0.038466,0.958130,1
20210218T131636,20210219T145809,1.0705,62,A2,-0.015885,0.008848,1
20210218T131636,20210219T145809,1.0705,63,A2,0.026200,0.000000,1
20210218T131636,20210219T145809,1.0705,64,A2,0.226629,0.136832,1
20210218T131636,20210219T145809,1.0705,65,A3,0.437279,0.672981,1
20210218T131636,20210219T145809,1.0705,66,A3,0.396101,0.100437,1
20210218T131636,20210219T145809,1.0705,67,A3,-0.464693,0.054439,0
20210218T131636,20210219T145809,1.0705,68,A3,0.058855,0.049975,0
20210218T131636,20210219T145809,1.0705,69,A3,0.524095,0.072343,0
20210218T131636,20210219T145809,1.0705,70,A3,0.103439,0.135716,0
20210218T131636,20210219T145809,1.0705,71,A3,-0.049581,0.003225,1
20210218T131636,20210219T145809,1.0705,72,A3,0.003810,0.032957,1
20210218T131636,20210219T145809,1.0705,73,A3,-0.179634,0.440800,1
20210218T131636,20210219T145809,1.0705,74,A3,-0.080199,0.010032,1
20210218T131636,20210219T145809,1.0705,75,A3,-0.058101,0.855023,1
20210218T131636,20210219T145809,1.0705,76,A3,0.083937,0.024896,0
20210218T131636,20210219T145809,1.0705,77,A3,0.460959,0.284066,1
20210218T131636,20210219T145809,1.0705,78,A3,0.212572,1.090837,0
20210218T131636,20210219T145809,1.0705,79,A3,0.275769,0.000000,1
20210218T131636,20210219T145809,1.0705,80,A3,-0.211181,0.127287,1
20210218T131636,20210219T145809,1.0705,81,A3,0.269214,0.184506,1
20210218T131636,20210219T145809,1.0705,82,A3,-0.117154,0.939239,1
20210218T131636,20210219T145809,1.0705,83,A3,0.065192,0.073826,0
20210218T131636,20210219T145809,1.0705,84,A3,0.227733,0.044413,1
20210218T131636,20210219T145809,1.0705,85,A3,0.198849,0.057946,1
20210218T131636,20210219T145809,1.0705,86,A3,0.004092,0.333832,1
20210218T131636,20210219T145809,1.0705,87,A3,0.116287,1.026237,0
20210218T131636,20210219T145809,1.0705,88,A3,0.017192,0.107037,0
20210218T131636,20210219T145809,1.0705,89,A3,-0.021915,0.050141,1
20210218T131636,20210219T145809,1.0705,90,A3,-0.200034,0.327974,0
20210218T131636,20210219T145809,1.0705,91,A3,0.367193,0.030766,1
20210218T131636,20210219T145809,1.0705,92,A3,-0.069400,0.446444,0
20210218T131636,20210219T145809,1.0705,93,A3,-0.090562,0.114846,0
20210218T131636,20210219T145809,1.0705,94,A3,0.193003,1.051195,0
20210218T131636,20210219T145809,1.0705,95,A3,-0.116704,0.113069,1
20210218T131636,20210219T145809,1.0705,96,A3,-0.005062,0.168140,0
20210218T131636,20210219T145809,1.0705,97,A4,0.614210,0.075846,1
20210218T131636,20210219T145809,1.0705,98,A4,0.511895,0.023924,1
20210218T131636,20210219T145809,1.0705,99,A4,0.302090,0.101034,1
20210218T131636,20210219T145809,1.0705,100,A4,0.695590,0.243049,1
20210218T131636,20210219T145809,1.0705,101,A4,0.707902,0.283821,1
20210218T131636,20210219T145809,1.0705,102,A4,0.550011,0.017525,1
20210218T131636,20210219T145809,1.0705,103,A4,0.553140,0.122160,1
20210218T131636,20210219T145809,1.0705,104,A4,0.650331,0.139657,0
20210218T131636,20210219T145809,1.0705,105,A4,0.171550,0.040995,1
20210218T131636,20210219T145809,1.0705,106,A4,0.110214,0.143481,1
20210218T131636,20210219T145809,1.0705,107,A4,0.191822,0.000481,1
20210218T131636,20210219T145809,1.0705,108,A4,0.333682,0.881332,0
20210218T131636,20210219T145809,1.0705,109,A4,-0.063222,0.549739,1
20210218T131636,20210219T145809,1.0705,110,A4,0.146944,0.635745,0
20210218T131636,20210219T145809,1.0705,111,A4,0.451279,0.015240,1
20210218T131636,20210219T145809,1.0705,112,A4,0.393898,0.026229,1
20210218T131636,20210219T145809,1.0705,113,A4,0.654602,0.085279,1
20210218T131636,20210219T145809,1.0705,114,A4,0.763074,0.006684,1
20210218T131636,20210219T145809,1.0705,115,A4,0.810386,0.087388,1
20210218T131636,20210219T145809,1.0705,116,A4,0.453588,0.040138,1
20210218T131636,20210219T145809,1.0705,117,A4,0.876216,0.122806,1
20210218T131636,20210219T145809,1.0705,118,A4,0.708679,0.063902,0
20210218T131636,20210219T145809,1.0705,119,A4,0.728278,0.108563,1
20210218T131636,20210219T145809,1.0705,120,A4,0.862573,0.261942,1
20210218T131636,20210219T145809,1.0705,121,A4,0.402306,0.203402,0
20210218T131636,20210219T145809,1.0705,122,A4,0.769564,0.142049,1
20210218T131636,20210219T145809,1.0705,123,A4,-0.078897,0.015845,1
20210218T131636,20210219T145809,1.0705,124,A4,0.672365,0.036392,0
20210218T131636,20210219T145809,1.0705,125,A4,0.304436,0.032438,1
20210218T131636,20210219T145809,1.0705,126,A4,0.745683,0.080848,0
20210218T131636,20210219T145809,1.0705,127,A4,0.447846,0.124240,1
20210218T131636,20210219T145809,1.0705,128,A4,0.447632,0.033588,1
20210218T131636,20210219T145809,1.0705,129,A5,0.475121,0.742709,1
20210218T131636,20210219T145809,1.0705,130,A5,0.315232,0.127907,0
20210218T131636,20210219T145809,1.0705,131,A5,0.560450,0.352242,1
20210218T131636,20210219T145809,1.0705,132,A5,0.319738,0.249824,1
20210218T131636,20210219T145809,1.0705,133,A5,0.425783,0.172135,1
20210218T131636,20210219T145809,1.0705,134,A5,0.017113,0.091990,1
20210218T131636,20210219T145809,1.0705,135,A5,0.394592,0.036652,1
20210218T131636,20210219T145809,1.0705,136,A5,0.791837,0.003927,1
20210218T131636,20210219T145809,1.0705,137,A5,0.047752,0.135601,1
20210218T131636,20210219T145809,1.0705,138,A5,-0.000770,0.426235,0
20210218T131636,20210219T145809,1.0705,139,A5,-0.087138,1.236096,0
20210218T131636,20210219T145809,1.0705,140,A5,0.189428,0.404345,1
20210218T131636,20210219T145809,1.0705,141,A5,0.434366,0.880342,1
20210218T131636,20210219T145809,1.0705,142,A5,-0.120393,0.771745,1
20210218T131636,20210219T145809,1.0705,143,A5,0.063917,0.979199,0
20210218T131636,20210219T145809,1.0705,144,A5,0.024152,1.146804,0
20210218T131636,20210219T145809,1.0705,145,A5,0.415993,0.001268,1
20210218T131636,20210219T145809,1.0705,146,A5,-0.049450,0.481593,0
20210218T131636,20210219T145809,1.0705,147,A5,-0.074786,0.255848,1
20210218T131636,20210219T145809,1.0705,148,A5,-0.039486,0.609471,0
20210218T131636,20210219T145809,1.0705,149,A5,0.376324,0.449801,1
20210218T131636,20210219T145809,1.0705,150,A5,0.551632,1.005689,0
20210218T131636,20210219T145809,1.0705,151,A5,-0.012513,0.126681,1
20210218T131636,20210219T145809,1.0705,152,A5,0.250572,0.094428,1
20210218T131636,20210219T145809,1.0705,153,A5,0.509643,0.173212,1
20210218T131636,20210219T145809,1.0705,154,A5,0.162233,0.061645,1
20210218T131636,20210219T145809,1.0705,155,A5,0.073593,0.882508,1
20210218T131636,20210219T145809,1.0705,156,A5,0.129230,1.106515,0
20210218T131636,20210219T145809,1.0705,157,A5,-0.069262,0.036619,1
20210218T131636,20210219T145809,1.0705,158,A5,0.097290,0.069612,1
20210218T131636,20210219T145809,1.0705,159,A5,0.144339,0.612766,0
20210218T131636,20210219T145809,1.0705,160,A5,0.089540,0.987767,0
20210218T131636,20210610T132106,112.0031,1,A1,0.437531,1.144358,0
20210218T131636,20210610T132106,112.0031,2,A1,0.183943,0.848676,0
20210218T131636,20210610T132106,112.0031,3,A1,0.231253,1.083326,0
20210218T131636,20210610T132106,112.0031,4,A1,0.161951,0.498693,1
20210218T131636,20210610T132106,112.0031,5,A1,-0.135529,1.481268,0
20210218T131636,20210610T132106,112.0031,6,A1,-0.059718,0.062894,1
20210218T131636,20210610T132106,112.0031,7,A1,-0.215702,0.493273,0
20210218T131636,20210610T132106,112.0031,8,A1,-0.151124,0.036615,1
20210218T131636,20210610T132106,112.0031,9,A1,0.087105,1.551297,0
20210218T131636,20210610T132106,112.0031,10,A1,-0.109738,0.679173,1
20210218T131636,20210610T132106,112.0031,11,A1,0.067352,0.967427,1
20210218T131636,20210610T132106,112.0031,12,A1,0.050647,0.415548,0
20210218T131636,20210610T132106,112.0031,13,A1,0.059480,0.004096,1
20210218T131636,20210610T132106,112.0031,14,A1,-0.113845,0.222817,0
20210218T131636,20210610T132106,112.0031,15,A1,0.434437,0.513216,0
20210218T131636,20210610T132106,112.0031,16,A1,-0.040430,0.005360,1
20210218T131636,20210610T132106,112.0031,17,A1,-0.133263,0.077814,1
20210218T131636,20210610T132106,112.0031,18,A1,0.270622,0.104083,1
20210218T131636,20210610T132106,112.0031,19,A1,0.347271,1.694121,0
20210218T131636,20210610T132106,112.0031,20,A1,0.504481,0.284648,1
20210218T131636,20210610T132106,112.0031,21,A1,0.121300,0.505253,1
20210218T131636,20210610T132106,112.0031,22,A1,0.107043,0.402329,0
20210218T131636,20210610T132106,112.0031,23,A1,0.068419,0.174332,0
20210218T131636,20210610T132106,112.0031,24,A1,-0.090955,1.872629,0
20210218T131636,20210610T132106,112.0031,25,A1,0.000890,0.491744,0
20210218T131636,20210610T132106,112.0031,26,A1,-0.102612,1.055147,0
20210218T131636,20210610T132106,112.0031,27,A1,0.216612,0.049777,1
20210218T131636,20210610T132106,112.0031,28,A1,0.026790,1.169828,0
20210218T131636,20210610T132106,112.0031,29,A1,-0.006653,1.127798,0
20210218T131636,20210610T132106,112.0031,30,A1,-0.288333,1.412183,0
20210218T131636,20210610T132106,112.0031,31,A1,-0.164115,0.858344,0
20210218T131636,20210610T132106,112.0031,32,A1,0.006127,0.000000,1
20210218T131636,20210610T132106,112.0031,33,A2,-0.363123,1.467478,0
20210218T131636,20210610T132106,112.0031,34,A2,0.000318,0.206772,0
20210218T131636,20210610T132106,112.0031,35,A2,-0.030961,0.270499,0
20210218T131636,20210610T132106,112.0031,36,A2,0.019008,1.011285,0
20210218T131636,20210610T132106,112.0031,37,A2,0.474763,1.210246,0
20210218T131636,20210610T132106,112.0031,38,A2,-0.037887,0.144809,1
20210218T131636,20210610T132106,112.0031,39,A2,-0.115811,0.984991,0
20210218T131636,20210610T132106,112.0031,40,A2,-0.011401,1.023861,0
20210218T131636,20210610T132106,112.0031,41,A2,0.114029,0.510778,1
20210218T131636,20210610T132106,112.0031,42,A2,0.000204,0.895820,1
20210218T131636,20210610T132106,112.0031,43,A2,0.209306,0.139028,1
20210218T131636,20210610T132106,112.0031,44,A2,-0.084735,0.718919,1
20210218T131636,20210610T132106,112.0031,45,A2,0.013745,0.082484,1
20210218T131636,20210610T132106,112.0031,46,A2,0.049769,0.857154,1
20210218T131636,20210610T132106,112.0031,47,A2,-0.000997,1.979831,0
20210218T131636,20210610T132106,112.0031,48,A2,-0.146307,1.052396,0
20210218T131636,20210610T132106,112.0031,49,A2,0.523364,0.135713,1
20210218T131636,20210610T132106,112.0031,50,A2,0.057640,0.313360,0
20210218T131636,20210610T132106,112.0031,51,A2,-0.119589,1.093611,0
20210218T131636,20210610T132106,112.0031,52,A2,-0.003454,1.073213,0
20210218T131636,20210610T132106,112.0031,53,A2,-0.012588,2.000000,0
20210218T131636,20210610T132106,112.0031,54,A2,0.577979,0.477054,0
20210218T131636,20210610T132106,112.0031,55,A2,0.049445,0.337070,1
20210218T131636,20210610T132106,112.0031,56,A2,-0.086104,0.194079,1
20210218T131636,20210610T132106,112.0031,57,A2,-0.057339,0.102355,1
20210218T131636,20210610T132106,112.0031,58,A2,-0.129557,0.450967,1
20210218T131636,20210610T132106,112.0031,59,A2,-0.107686,0.870331,1
20210218T131636,20210610T132106,112.0031,60,A2,-0.319174,0.011276,1
20210218T131636,20210610T132106,112.0031,61,A2,0.310061,0.000000,1
20210218T131636,20210610T132106,112.0031,62,A2,-0.052712,0.004720,1
20210218T131636,20210610T132106,112.0031,63,A2,-0.119897,0.713574,1
20210218T131636,20210610T132106,112.0031,64,A2,0.087510,0.379883,0
20210218T131636,20210610T132106,112.0031,65,A3,-0.115554,1.314095,0
20210218T131636,20210610T132106,112.0031,66,A3,0.082741,0.223390,1
20210218T131636,20210610T132106,112.0031,67,A3,-0.054155,0.002514,1
20210218T131636,20210610T132106,112.0031,68,A3,-0.045482,0.067759,1
20210218T131636,20210610T132106,112.0031,69,A3,-0.232328,0.943710,1
20210218T131636,20210610T132106,112.0031,70,A3,-0.091343,1.108107,0
20210218T131636,20210610T132106,112.0031,71,A3,0.009547,0.196891,0
20210218T131636,20210610T132106,112.0031,72,A3,-0.125338,0.193310,0
20210218T131636,20210610T132106,112.0031,73,A3,-0.060649,0.632770,1
20210218T131636,20210610T132106,112.0031,74,A3,0.073144,0.566983,0
20210218T131636,20210610T132106,112.0031,75,A3,0.112635,0.933856,1
20210218T131636,20210610T132106,112.0031,76,A3,0.242378,0.985530,1
20210218T131636,20210610T132106,112.0031,77,A3,-0.238618,0.423841,1
20210218T131636,20210610T132106,112.0031,78,A3,0.093546,0.045942,1
20210218T131636,20210610T132106,112.0031,79,A3,-0.016498,1.259355,0
20210218T131636,20210610T132106,112.0031,80,A3,-0.358834,0.534179,1
20210218T131636,20210610T132106,112.0031,81,A3,-0.309468,0.940472,0
20210218T131636,20210610T132106,112.0031,82,A3,0.178906,0.482898,1
20210218T131636,20210610T132106,112.0031,83,A3,0.325401,0.363382,1
20210218T131636,20210610T132106,112.0031,84,A3,-0.248627,0.159131,0
20210218T131636,20210610T132106,112.0031,85,A3,-0.006256,0.158930,0
20210218T131636,20210610T132106,112.0031,86,A3,-0.110850,0.016086,1
20210218T131636,20210610T132106,112.0031,87,A3,0.071643,0.461512,1
20210218T131636,20210610T132106,112.0031,88,A3,0.320188,0.366485,1
20210218T131636,20210610T132106,112.0031,89,A3,-0.071660,0.086141,0
20210218T131636,20210610T132106,112.0031,90,A3,-0.044666,0.164720,0
20210218T131636,20210610T132106,112.0031,91,A3,-0.087998,1.032037,0
20210218T131636,20210610T132106,112.0031,92,A3,-0.227920,1.186263,0
20210218T131636,20210610T132106,112.0031,93,A3,-0.132816,0.098295,1
20210218T131636,20210610T132106,112.0031,94,A3,0.220944,0.868736,1
20210218T131636,20210610T132106,112.0031,95,A3,0.152440,0.032229,1
20210218T131636,20210610T132106,112.0031,96,A3,-0.371273,0.524956,0
20210218T131636,20210610T132106,112.0031,97,A4,-0.358222,0.204042,1
20210218T131636,20210610T132106,112.0031,98,A4,0.532768,0.142003,1
20210218T131636,20210610T132106,112.0031,99,A4,-0.133719,0.405725,0
20210218T131636,20210610T132106,112.0031,100,A4,-0.288407,1.033747,0
20210218T131636,20210610T132106,112.0031,101,A4,-0.019370,0.678777,0
20210218T131636,20210610T132106,112.0031,102,A4,0.214812,0.485177,0
20210218T131636,20210610T132106,112.0031,103,A4,0.573640,0.017325,1
20210218T131636,20210610T132106,112.0031,104,A4,0.320827,0.301425,1
20210218T131636,20210610T132106,112.0031,105,A4,-0.070282,0.055821,1
20210218T131636,20210610T132106,112.0031,106,A4,0.474148,0.140016,1
20210218T131636,20210610T132106,112.0031,107,A4,0.350081,0.170704,1
20210218T131636,20210610T132106,112.0031,108,A4,-0.020701,0.766083,1
20210218T131636,20210610T132106,112.0031,109,A4,0.258409,0.026499,1
20210218T131636,20210610T132106,112.0031,110,A4,-0.278989,0.200223,1
20210218T131636,20210610T132106,112.0031,111,A4,0.259164,0.091412,1
20210218T131636,20210610T132106,112.0031,112,A4,0.183378,0.174622,0
20210218T131636,20210610T132106,112.0031,113,A4,-0.099068,0.223333,0
20210218T131636,20210610T132106,112.0031,114,A4,0.802562,0.001105,1
20210218T131636,20210610T132106,112.0031,115,A4,-0.288318,0.532999,0
20210218T131636,20210610T132106,112.0031,116,A4,-0.076840,0.383395,0
20210218T131636,20210610T132106,112.0031,117,A4,0.770776,0.145557,1
20210218T131636,20210610T132106,112.0031,118,A4,0.680070,0.243252,1
20210218T131636,20210610T132106,112.0031,119,A4,0.487474,0.821637,0
20210218T131636,20210610T132106,112.0031,120,A4,0.646937,0.690439,1
20210218T131636,20210610T132106,112.0031,121,A4,0.306491,0.031187,1
20210218T131636,20210610T132106,112.0031,122,A4,-0.270879,0.261010,0
20210218T131636,20210610T132106,112.0031,123,A4,-0.520646,0.276095,1
20210218T131636,20210610T132106,112.0031,124,A4,-0.045968,0.230118,1
20210218T131636,20210610T132106,112.0031,125,A4,0.100453,0.182682,1
20210218T131636,20210610T132106,112.0031,126,A4,0.573000,0.035786,1
20210218T131636,20210610T132106,112.0031,127,A4,0.165950,0.066622,1
20210218T131636,20210610T132106,112.0031,128,A4,0.486764,0.207999,0
20210218T131636,20210610T132106,112.0031,129,A5,0.175470,2.000000,0
20210218T131636,20210610T132106,112.0031,130,A5,0.447358,0.555754,1
20210218T131636,20210610T132106,112.0031,131,A5,-0.350427,0.237335,0
20210218T131636,20210610T132106,112.0031,132,A5,0.139546,2.000000,0
20210218T131636,20210610T132106,112.0031,133,A5,-0.291431,0.271720,1
20210218T131636,20210610T132106,112.0031,134,A5,0.445975,0.512769,1
20210218T131636,20210610T132106,112.0031,135,A5,0.222160,0.503690,0
20210218T131636,20210610T132106,112.0031,136,A5,0.510836,0.032871,1
20210218T131636,20210610T132106,112.0031,137,A5,0.361312,0.333823,1
20210218T131636,20210610T132106,112.0031,138,A5,0.209968,0.590901,1
20210218T131636,20210610T132106,112.0031,139,A5,0.144026,1.168568,0
20210218T131636,20210610T132106,112.0031,140,A5,-0.127875,2.000000,0
20210218T131636,20210610T132106,112.0031,141,A5,-0.020259,0.114845,0
20210218T131636,20210610T132106,112.0031,142,A5,0.014889,1.033428,0
20210218T131636,20210610T132106,112.0031,143,A5,0.169024,0.158464,1
20210218T131636,20210610T132106,112.0031,144,A5,0.066440,0.833431,1
20210218T131636,20210610T132106,112.0031,145,A5,0.165125,0.773934,0
20210218T131636,20210610T132106,112.0031,146,A5,0.086805,0.604269,1
20210218T131636,20210610T132106,112.0031,147,A5,-0.039100,0.516482,0
20210218T131636,20210610T132106,112.0031,148,A5,-0.122517,0.718063,1
20210218T131636,20210610T132106,112.0031,149,A5,-0.152310,1.006439,0
20210218T131636,20210610T132106,112.0031,150,A5,-0.046928,0.621665,0
20210218T131636,20210610T132106,112.0031,151,A5,0.156821,0.234923,1
20210218T131636,20210610T132106,112.0031,152,A5,-0.098583,0.024604,1
20210218T131636,20210610T132106,112.0031,153,A5,-0.356955,0.187511,1
20210218T131636,20210610T132106,112.0031,154,A5,0.099390,0.443060,1
20210218T131636,20210610T132106,112.0031,155,A5,0.141752,0.882508,1
20210218T131636,20210610T132106,112.0031,156,A5,0.258478,0.803701,1
20210218T131636,20210610T132106,112.0031,157,A5,-0.286251,0.879913,0
20210218T131636,20210610T132106,112.0031,158,A5,0.106095,1.103395,0
20210218T131636,20210610T132106,112.0031,159,A5,-0.058275,0.741892,0
20210218T131636,20210610T132106,112.0031,160,A5,0.208289,0.761678,0
20210218T131636,20210618T123111,119.9685,1,A1,0.066619,0.218209,1
20210218T131636,20210618T123111,119.9685,2,A1,0.161662,0.454080,1
20210218T131636,20210618T123111,119.9685,3,A1,0.101045,0.378574,1
20210218T131636,20210618T123111,119.9685,4,A1,0.045497,1.211891,0
20210218T131636,20210618T123111,119.9685,5,A1,0.145311,0.000000,1
20210218T131636,20210618T123111,119.9685,6,A1,-0.268598,1.069598,0
20210218T131636,20210618T123111,119.9685,7,A1,0.118816,1.109023,0
20210218T131636,20210618T123111,119.9685,8,A1,-0.132214,0.148916,1
20210218T131636,20210618T123111,119.9685,9,A1,0.014243,0.395958,1
20210218T131636,20210618T123111,119.9685,10,A1,0.094718,0.000000,1
20210218T131636,20210618T123111,119.9685,11,A1,-0.285541,2.000000,0
20210218T131636,20210618T123111,119.9685,12,A1,-0.082458,0.656147,0
20210218T131636,20210618T123111,119.9685,13,A1,0.187871,0.582734,0
20210218T131636,20210618T123111,119.9685,14,A1,0.183532,0.077916,0
20210218T131636,20210618T123111,119.9685,15,A1,-0.077102,1.340956,0
20210218T131636,20210618T123111,119.9685,16,A1,0.122117,0.736382,0
20210218T131636,20210618T123111,119.9685,17,A1,-0.099282,0.945126,1
20210218T131636,20210618T123111,119.9685,18,A1,-0.171861,0.543494,0
20210218T131636,20210618T123111,119.9685,19,A1,0.358678,0.583894,1
20210218T131636,20210618T123111,119.9685,20,A1,0.272788,0.181260,1
20210218T131636,20210618T123111,119.9685,21,A1,-0.270011,0.300210,1
20210218T131636,20210618T123111,119.9685,22,A1,0.029976,0.054345,1
20210218T131636,20210618T123111,119.9685,23,A1,-0.415271,0.335708,1
20210218T131636,20210618T123111,119.9685,24,A1,-0.346806,1.872629,0
20210218T131636,20210618T123111,119.9685,25,A1,0.120866,0.557398,0
20210218T131636,20210618T123111,119.9685,26,A1,-0.133956,1.857796,0
20210218T131636,20210618T123111,119.9685,27,A1,0.240722,1.261506,0
20210218T131636,20210618T123111,119.9685,28,A1,0.123955,0.000000,1
20210218T131636,20210618T123111,119.9685,29,A1,0.169278,0.856401,1
20210218T131636,20210618T123111,119.9685,30,A1,-0.240651,0.870875,1
20210218T131636,20210618T123111,119.9685,31,A1,0.226882,0.928780,0
20210218T131636,20210618T123111,119.9685,32,A1,0.281353,0.000000,1
20210218T131636,20210618T123111,119.9685,33,A2,0.058838,1.445405,0
20210218T131636,20210618T123111,119.9685,34,A2,-0.078313,0.222281,0
20210218T131636,20210618T123111,119.9685,35,A2,0.111376,0.343211,0
20210218T131636,20210618T123111,119.9685,36,A2,0.039154,1.092569,0
20210218T131636,20210618T123111,119.9685,37,A2,-0.028070,0.010014,1
20210218T131636,20210618T123111,119.9685,38,A2,0.038901,0.028775,1
20210218T131636,20210618T123111,119.9685,39,A2,0.162450,0.413445,1
20210218T131636,20210618T123111,119.9685,40,A2,0.283781,0.374621,0
20210218T131636,20210618T123111,119.9685,41,A2,0.155291,0.000000,1
20210218T131636,20210618T123111,119.9685,42,A2,0.172875,0.380811,0
20210218T131636,20210618T123111,119.9685,43,A2,-0.437868,0.290132,1
20210218T131636,20210618T123111,119.9685,44,A2,-0.216827,0.404544,1
20210218T131636,20210618T123111,119.9685,45,A2,-0.136152,0.374481,1
20210218T131636,20210618T123111,119.9685,46,A2,0.066556,0.274913,0
20210218T131636,20210618T123111,119.9685,47,A2,0.101808,1.321508,0
20210218T131636,20210618T123111,119.9685,48,A2,0.054977,0.230794,0
20210218T131636,20210618T123111,119.9685,49,A2,0.390415,0.105933,1
20210218T131636,20210618T123111,119.9685,50,A2,0.030810,0.019027,1
20210218T131636,20210618T123111,119.9685,51,A2,-0.170624,1.122699,0
20210218T131636,20210618T123111,119.9685,52,A2,-0.200626,1.487533,0
20210218T131636,20210618T123111,119.9685,53,A2,0.255479,1.658540,0
20210218T131636,20210618T123111,119.9685,54,A2,0.286824,0.413591,0
20210218T131636,20210618T123111,119.9685,55,A2,0.293577,0.489028,1
20210218T131636,20210618T123111,119.9685,56,A2,-0.069349,0.486358,1
20210218T131636,20210618T123111,119.9685,57,A2,-0.403097,1.415725,0
20210218T131636,20210618T123111,119.9685,58,A2,0.126338,0.523767,1
20210218T131636,20210618T123111,119.9685,59,A2,0.260491,1.030961,0
20210218T131636,20210618T123111,119.9685,60,A2,-0.442967,0.201990,1
20210218T131636,20210618T123111,119.9685,61,A2,0.014289,1.215281,0
20210218T131636,20210618T123111,119.9685,62,A2,-0.227998,0.075586,0
20210218T131636,20210618T123111,119.9685,63,A2,0.076543,0.079129,1
20210218T131636,20210618T123111,119.9685,64,A2,0.158404,0.334880,0
20210218T131636,20210618T123111,119.9685,65,A3,-0.254172,0.022243,1
20210218T131636,20210618T123111,119.9685,66,A3,0.183606,0.126326,1
20210218T131636,20210618T123111,119.9685,67,A3,-0.200570,0.786611,1
20210218T131636,20210618T123111,119.9685,68,A3,0.390605,0.386518,1
20210218T131636,20210618T123111,119.9685,69,A3,-0.196583,0.757789,0
20210218T131636,20210618T123111,119.9685,70,A3,0.079155,0.043594,1
20210218T131636,20210618T123111,119.9685,71,A3,0.051597,0.683417,0
20210218T131636,20210618T123111,119.9685,72,A3,0.126385,0.261323,0
20210218T131636,20210618T123111,119.9685,73,A3,0.032408,1.105668,0
20210218T131636,20210618T123111,119.9685,74,A3,0.147401,0.035959,1
20210218T131636,20210618T123111,119.9685,75,A3,0.006439,1.173676,0
20210218T131636,20210618T123111,119.9685,76,A3,0.026359,0.206166,1
20210218T131636,20210618T123111,119.9685,77,A3,0.053820,0.131000,1
20210218T131636,20210618T123111,119.9685,78,A3,0.019765,0.196185,0
20210218T131636,20210618T123111,119.9685,79,A3,-0.251612,0.834046,1
20210218T131636,20210618T123111,119.9685,80,A3,0.025654,1.640189,0
20210218T131636,20210618T123111,119.9685,81,A3,0.025016,0.236849,1
20210218T131636,20210618T123111,119.9685,82,A3,0.153446,0.129816,0
20210218T131636,20210618T123111,119.9685,83,A3,0.119149,0.405881,1
20210218T131636,20210618T123111,119.9685,84,A3,-0.101069,0.075229,1
20210218T131636,20210618T123111,119.9685,85,A3,0.290791,0.141292,1
20210218T131636,20210618T123111,119.9685,86,A3,0.241054,0.094636,1
20210218T131636,20210618T123111,119.9685,87,A3,0.164767,0.978055,1
20210218T131636,20210618T123111,119.9685,88,A3,-0.103532,0.243287,0
20210218T131636,20210618T123111,119.9685,89,A3,0.097226,0.989277,1
20210218T131636,20210618T123111,119.9685,90,A3,0.234726,0.104145,1
20210218T131636,20210618T123111,119.9685,91,A3,-0.077956,0.133594,0
20210218T131636,20210618T123111,119.9685,92,A3,0.155028,0.236213,0
20210218T131636,20210618T123111,119.9685,93,A3,-0.066152,0.256074,1
20210218T131636,20210618T123111,119.9685,94,A3,-0.340992,0.894601,0
20210218T131636,20210618T123111,119.9685,95,A3,0.106339,0.155087,0
20210218T131636,20210618T123111,119.9685,96,A3,0.088255,0.094815,1
20210218T131636,20210618T123111,119.9685,97,A4,-0.200493,0.308481,1
20210218T131636,20210618T123111,119.9685,98,A4,-0.207412,0.056776,0
20210218T131636,20210618T123111,119.9685,99,A4,0.265871,0.012883,1
20210218T131636,20210618T123111,119.9685,100,A4,-0.120920,0.826261,1
20210218T131636,20210618T123111,119.9685,101,A4,0.037002,0.471133,1
20210218T131636,20210618T123111,119.9685,102,A4,0.181932,0.201215,0
20210218T131636,20210618T123111,119.9685,103,A4,0.381660,0.159280,1
20210218T131636,20210618T123111,119.9685,104,A4,-0.048733,0.149129,0
20210218T131636,20210618T123111,119.9685,105,A4,0.058616,0.092010,1
20210218T131636,20210618T123111,119.9685,106,A4,0.016920,0.187974,0
20210218T131636,20210618T123111,119.9685,107,A4,0.445245,0.117903,0
20210218T131636,20210618T123111,119.9685,108,A4,-0.181766,0.812115,1
20210218T131636,20210618T123111,119.9685,109,A4,-0.116893,0.560856,0
20210218T131636,20210618T123111,119.9685,110,A4,0.347009,0.425832,0
20210218T131636,20210618T123111,119.9685,111,A4,-0.063206,0.114638,1
20210218T131636,20210618T123111,119.9685,112,A4,0.053569,0.029139,1
20210218T131636,20210618T123111,119.9685,113,A4,-0.061127,0.302874,0
20210218T131636,20210618T123111,119.9685,114,A4,0.143312,0.264132,1
20210218T131636,20210618T123111,119.9685,115,A4,-0.219598,0.419932,0
20210218T131636,20210618T123111,119.9685,116,A4,0.082755,0.076570,0
20210218T131636,20210618T123111,119.9685,117,A4,0.232774,0.399089,1
20210218T131636,20210618T123111,119.9685,118,A4,0.588541,0.383374,1
20210218T131636,20210618T123111,119.9685,119,A4,0.315074,0.628839,0
20210218T131636,20210618T123111,119.9685,120,A4,0.625457,0.626503,1
20210218T131636,20210618T123111,119.9685,121,A4,0.563405,0.300402,1
20210218T131636,20210618T123111,119.9685,122,A4,-0.321148,0.148058,1
20210218T131636,20210618T123111,119.9685,123,A4,0.000181,0.486735,0
20210218T131636,20210618T123111,119.9685,124,A4,-0.104153,0.202261,1
20210218T131636,20210618T123111,119.9685,125,A4,0.396672,0.146932,1
20210218T131636,20210618T123111,119.9685,126,A4,-0.072319,0.008457,1
20210218T131636,20210618T123111,119.9685,127,A4,0.140195,0.391620,0
20210218T131636,20210618T123111,119.9685,128,A4,-0.136751,0.350266,0
20210218T131636,20210618T123111,119.9685,129,A5,0.114800,1.177628,0
20210218T131636,20210618T123111,119.9685,130,A5,0.290999,0.280614,0
20210218T131636,20210618T123111,119.9685,131,A5,-0.294167,0.902679,1
20210218T131636,20210618T123111,119.9685,132,A5,-0.090554,0.799979,1
20210218T131636,20210618T123111,119.9685,133,A5,0.055726,0.099091,1
20210218T131636,20210618T123111,119.9685,134,A5,0.320518,0.132064,1
20210218T131636,20210618T123111,119.9685,135,A5,0.221382,0.081276,1
20210218T131636,20210618T123111,119.9685,136,A5,0.180151,0.263128,1
20210218T131636,20210618T123111,119.9685,137,A5,0.068315,0.864182,1
20210218T131636,20210618T123111,119.9685,138,A5,-0.111057,0.354530,1
20210218T131636,20210618T123111,119.9685,139,A5,-0.018891,1.008172,0
20210218T131636,20210618T123111,119.9685,140,A5,-0.163414,1.005937,0
20210218T131636,20210618T123111,119.9685,141,A5,-0.163327,1.106873,0
20210218T131636,20210618T123111,119.9685,142,A5,0.138706,0.697573,1
20210218T131636,20210618T123111,119.9685,143,A5,-0.050081,0.898536,0
20210218T131636,20210618T123111,119.9685,144,A5,0.133690,0.129755,1
20210218T131636,20210618T123111,119.9685,145,A5,0.005080,0.354041,1
20210218T131636,20210618T123111,119.9685,146,A5,0.097754,0.533619,0
20210218T131636,20210618T123111,119.9685,147,A5,0.437998,0.277925,1
20210218T131636,20210618T123111,119.9685,148,A5,0.129943,1.281937,0
20210218T131636,20210618T123111,119.9685,149,A5,-0.001028,0.647456,0
20210218T131636,20210618T123111,119.9685,150,A5,0.130811,0.504027,1
20210218T131636,20210618T123111,119.9685,151,A5,-0.285060,0.665846,0
20210218T131636,20210618T123111,119.9685,152,A5,0.380020,0.844641,1
20210218T131636,20210618T123111,119.9685,153,A5,-0.171901,0.837843,0
20210218T131636,20210618T123111,119.9685,154,A5,-0.130169,0.485075,0
20210218T131636,20210618T123111,119.9685,155,A5,0.171924,0.460683,1
20210218T131636,20210618T123111,119.9685,156,A5,0.285703,1.017526,0
20210218T131636,20210618T123111,119.9685,157,A5,-0.047692,0.069294,1
20210218T131636,20210618T123111,119.9685,158,A5,-0.054399,0.110158,0
20210218T131636,20210618T123111,119.9685,159,A5,0.068760,0.278919,0
20210218T131636,20210618T123111,119.9685,160,A5,-0.432192,0.793696,0
20210218T131636,20210623T140144,125.0313,1,A1,-0.066028,0.171499,0
20210218T131636,20210623T140144,125.0313,2,A1,0.112711,0.423100,1
20210218T131636,20210623T140144,125.0313,3,A1,0.098389,1.521478,0
20210218T131636,20210623T140144,125.0313,4,A1,-0.008070,1.211891,0
20210218T131636,20210623T140144,125.0313,5,A1,-0.288522,0.974143,1
20210218T131636,20210623T140144,125.0313,6,A1,0.321526,0.306241,0
20210218T131636,20210623T140144,125.0313,7,A1,-0.424477,0.727996,0
20210218T131636,20210623T140144,125.0313,8,A1,-0.245878,0.098769,1
20210218T131636,20210623T140144,125.0313,9,A1,0.071157,0.172032,1
20210218T131636,20210623T140144,125.0313,10,A1,0.291739,1.059345,0
20210218T131636,20210623T140144,125.0313,11,A1,-0.226014,1.095013,0
20210218T131636,20210623T140144,125.0313,12,A1,-0.091362,0.520947,0
20210218T131636,20210623T140144,125.0313,13,A1,0.093410,0.256667,0
20210218T131636,20210623T140144,125.0313,14,A1,-0.104757,0.122884,0
20210218T131636,20210623T140144,125.0313,15,A1,-0.056649,0.422395,0
20210218T131636,20210623T140144,125.0313,16,A1,-0.159269,0.208287,1
20210218T131636,20210623T140144,125.0313,17,A1,0.042758,0.945126,1
20210218T131636,20210623T140144,125.0313,18,A1,0.022613,0.194180,1
20210218T131636,20210623T140144,125.0313,19,A1,0.423475,1.000009,0
20210218T131636,20210623T140144,125.0313,20,A1,0.174956,0.197183,1
20210218T131636,20210623T140144,125.0313,21,A1,0.255955,0.850593,1
20210218T131636,20210623T140144,125.0313,22,A1,-0.032003,0.078559,0
20210218T131636,20210623T140144,125.0313,23,A1,-0.209505,0.340540,1
20210218T131636,20210623T140144,125.0313,24,A1,-0.651839,1.872629,0
20210218T131636,20210623T140144,125.0313,25,A1,0.108405,1.002310,0
20210218T131636,20210623T140144,125.0313,26,A1,0.116560,1.120846,0
20210218T131636,20210623T140144,125.0313,27,A1,0.196992,0.895495,1
20210218T131636,20210623T140144,125.0313,28,A1,0.219858,2.000000,0
20210218T131636,20210623T140144,125.0313,29,A1,-0.020132,1.147771,0
20210218T131636,20210623T140144,125.0313,30,A1,-0.108656,0.847015,1
20210218T131636,20210623T140144,125.0313,31,A1,0.213891,1.285563,0
20210218T131636,20210623T140144,125.0313,32,A1,0.261745,0.000000,1
20210218T131636,20210623T140144,125.0313,33,A2,-0.150735,1.653212,0
20210218T131636,20210623T140144,125.0313,34,A2,-0.179557,0.265983,0
20210218T131636,20210623T140144,125.0313,35,A2,0.134229,1.048747,0
20210218T131636,20210623T140144,125.0313,36,A2,0.135020,1.024146,0
20210218T131636,20210623T140144,125.0313,37,A2,-0.237853,0.055704,1
20210218T131636,20210623T140144,125.0313,38,A2,0.086649,0.084922,1
20210218T131636,20210623T140144,125.0313,39,A2,0.361929,0.302745,1
20210218T131636,20210623T140144,125.0313,40,A2,0.072927,0.976139,1
20210218T131636,20210623T140144,125.0313,41,A2,-0.011368,0.550683,1
20210218T131636,20210623T140144,125.0313,42,A2,-0.025703,0.766688,0
20210218T131636,20210623T140144,125.0313,43,A2,-0.021167,0.215378,1
20210218T131636,20210623T140144,125.0313,44,A2,0.217890,0.272848,1
20210218T131636,20210623T140144,125.0313,45,A2,0.181892,0.037855,1
20210218T131636,20210623T140144,125.0313,46,A2,0.037995,0.171179,1
20210218T131636,20210623T140144,125.0313,47,A2,0.066460,1.022142,0
20210218T131636,20210623T140144,125.0313,48,A2,0.174483,1.052396,0
20210218T131636,20210623T140144,125.0313,49,A2,0.027470,0.465089,1
20210218T131636,20210623T140144,125.0313,50,A2,-0.071183,0.157170,1
20210218T131636,20210623T140144,125.0313,51,A2,0.128042,0.134300,1
20210218T131636,20210623T140144,125.0313,52,A2,0.033943,0.882702,1
20210218T131636,20210623T140144,125.0313,53,A2,0.016336,0.852172,1
20210218T131636,20210623T140144,125.0313,54,A2,0.527878,0.304264,1
20210218T131636,20210623T140144,125.0313,55,A2,0.174333,0.065355,1
20210218T131636,20210623T140144,125.0313,56,A2,0.001676,1.723692,0
20210218T131636,20210623T140144,125.0313,57,A2,-0.316067,0.523628,0
20210218T131636,20210623T140144,125.0313,58,A2,0.187108,0.127167,1
20210218T131636,20210623T140144,125.0313,59,A2,-0.141946,0.000000,1
20210218T131636,20210623T140144,125.0313,60,A2,-0.228751,0.234308,0
20210218T131636,20210623T140144,125.0313,61,A2,0.041594,0.514012,1
20210218T131636,20210623T140144,125.0313,62,A2,-0.241661,0.008929,1
20210218T131636,20210623T140144,125.0313,63,A2,-0.187595,0.000000,1
20210218T131636,20210623T140144,125.0313,64,A2,-0.063344,0.790385,1
20210218T131636,20210623T140144,125.0313,65,A3,-0.219663,0.180143,1
20210218T131636,20210623T140144,125.0313,66,A3,-0.106997,0.160678,1
20210218T131636,20210623T140144,125.0313,67,A3,-0.291408,0.142398,1
20210218T131636,20210623T140144,125.0313,68,A3,0.012768,1.038445,0
20210218T131636,20210623T140144,125.0313,69,A3,0.204648,0.034085,1
20210218T131636,20210623T140144,125.0313,70,A3,0.098359,0.112606,0
20210218T131636,20210623T140144,125.0313,71,A3,0.151642,0.920772,1
20210218T131636,20210623T140144,125.0313,72,A3,-0.043947,0.110169,1
20210218T131636,20210623T140144,125.0313,73,A3,0.032043,1.254987,0
20210218T131636,20210623T140144,125.0313,74,A3,-0.223931,0.175903,1
20210218T131636,20210623T140144,125.0313,75,A3,-0.244234,1.941413,0
20210218T131636,20210623T140144,125.0313,76,A3,0.056652,0.200527,0
20210218T131636,20210623T140144,125.0313,77,A3,-0.295321,0.700997,0
20210218T131636,20210623T140144,125.0313,78,A3,0.286324,0.156391,0
20210218T131636,20210623T140144,125.0313,79,A3,-0.011659,1.293311,0
20210218T131636,20210623T140144,125.0313,80,A3,0.117182,0.925897,1
20210218T131636,20210623T140144,125.0313,81,A3,-0.277394,0.234825,1
20210218T131636,20210623T140144,125.0313,82,A3,0.004811,0.029671,1
20210218T131636,20210623T140144,125.0313,83,A3,0.259413,0.937484,1
20210218T131636,20210623T140144,125.0313,84,A3,-0.056818,0.105430,0
20210218T131636,20210623T140144,125.0313,85,A3,0.169306,0.778009,0
20210218T131636,20210623T140144,125.0313,86,A3,0.134288,0.507646,0
20210218T131636,20210623T140144,125.0313,87,A3,0.169957,1.064400,0
20210218T131636,20210623T140144,125.0313,88,A3,0.037056,0.099529,1
20210218T131636,20210623T140144,125.0313,89,A3,-0.033189,0.061898,1
20210218T131636,20210623T140144,125.0313,90,A3,0.168499,0.446805,1
20210218T131636,20210623T140144,125.0313,91,A3,-0.109906,0.027836,1
20210218T131636,20210623T140144,125.0313,92,A3,0.299003,0.061409,1
20210218T131636,20210623T140144,125.0313,93,A3,-0.083064,0.987171,1
20210218T131636,20210623T140144,125.0313,94,A3,-0.031508,0.767119,1
20210218T131636,20210623T140144,125.0313,95,A3,0.024621,0.136415,0
20210218T131636,20210623T140144,125.0313,96,A3,0.069772,0.119415,1
20210218T131636,20210623T140144,125.0313,97,A4,0.304853,0.067643,1
20210218T131636,20210623T140144,125.0313,98,A4,-0.233375,0.344575,1
20210218T131636,20210623T140144,125.0313,99,A4,0.534353,0.032976,1
20210218T131636,20210623T140144,125.0313,100,A4,-0.121709,0.868527,0
20210218T131636,20210623T140144,125.0313,101,A4,0.034008,0.900435,0
20210218T131636,20210623T140144,125.0313,102,A4,0.009934,0.193029,0
20210218T131636,20210623T140144,125.0313,103,A4,-0.213812,0.340303,0
20210218T131636,20210623T140144,125.0313,104,A4,-0.114656,0.045905,1
20210218T131636,20210623T140144,125.0313,105,A4,0.179876,0.252337,1
20210218T131636,20210623T140144,125.0313,106,A4,0.009166,0.268791,0
20210218T131636,20210623T140144,125.0313,107,A4,-0.182451,1.090347,0
20210218T131636,20210623T140144,125.0313,108,A4,0.065690,1.829501,0
20210218T131636,20210623T140144,125.0313,109,A4,0.198681,0.113059,1
20210218T131636,20210623T140144,125.0313,110,A4,0.426752,0.207983,1
20210218T131636,20210623T140144,125.0313,111,A4,-0.305761,0.975890,0
20210218T131636,20210623T140144,125.0313,112,A4,-0.115839,0.076044,1
20210218T131636,20210623T140144,125.0313,113,A4,-0.146565,0.066216,1
20210218T131636,20210623T140144,125.0313,114,A4,-0.214824,1.264755,0
20210218T131636,20210623T140144,125.0313,115,A4,-0.154278,0.768017,0
20210218T131636,20210623T140144,125.0313,116,A4,0.197262,0.751879,0
20210218T131636,20210623T140144,125.0313,117,A4,0.443869,0.153779,1
20210218T131636,20210623T140144,125.0313,118,A4,0.177664,0.281746,1
20210218T131636,20210623T140144,125.0313,119,A4,0.563200,0.446362,0
20210218T131636,20210623T140144,125.0313,120,A4,0.194479,0.350290,1
20210218T131636,20210623T140144,125.0313,121,A4,-0.024729,0.489586,0
20210218T131636,20210623T140144,125.0313,122,A4,0.189790,0.060515,1
20210218T131636,20210623T140144,125.0313,123,A4,0.325221,0.131091,0
20210218T131636,20210623T140144,125.0313,124,A4,0.157368,0.013189,0
20210218T131636,20210623T140144,125.0313,125,A4,-0.250452,0.378632,0
20210218T131636,20210623T140144,125.0313,126,A4,-0.010330,0.063403,0
20210218T131636,20210623T140144,125.0313,127,A4,-0.387984,0.090740,1
20210218T131636,20210623T140144,125.0313,128,A4,-0.121451,0.623845,1
20210218T131636,20210623T140144,125.0313,129,A5,0.205448,1.525229,0
20210218T131636,20210623T140144,125.0313,130,A5,-0.009093,0.263747,0
20210218T131636,20210623T140144,125.0313,131,A5,0.098819,0.902679,1
20210218T131636,20210623T140144,125.0313,132,A5,-0.093452,1.020472,0
20210218T131636,20210623T140144,125.0313,133,A5,-0.165584,0.433788,0
20210218T131636,20210623T140144,125.0313,134,A5,-0.128725,1.217898,0
20210218T131636,20210623T140144,125.0313,135,A5,0.240900,0.616293,1
20210218T131636,20210623T140144,125.0313,136,A5,0.140718,0.115685,1
20210218T131636,20210623T140144,125.0313,137,A5,0.123120,0.887624,0
20210218T131636,20210623T140144,125.0313,138,A5,-0.172431,0.334457,1
20210218T131636,20210623T140144,125.0313,139,A5,0.058666,0.806368,1
20210218T131636,20210623T140144,125.0313,140,A5,-0.115357,1.051168,0
20210218T131636,20210623T140144,125.0313,141,A5,0.317407,0.138008,0
20210218T131636,20210623T140144,125.0313,142,A5,0.027163,1.088661,0
20210218T131636,20210623T140144,125.0313,143,A5,-0.016488,0.144716,1
20210218T131636,20210623T140144,125.0313,144,A5,-0.084029,0.101054,1
20210218T131636,20210623T140144,125.0313,145,A5,0.067819,1.102781,0
20210218T131636,20210623T140144,125.0313,146,A5,0.134250,0.197038,1
20210218T131636,20210623T140144,125.0313,147,A5,-0.060072,0.424624,0
20210218T131636,20210623T140144,125.0313,148,A5,-0.055164,0.338872,0
20210218T131636,20210623T140144,125.0313,149,A5,0.042153,0.954184,0
20210218T131636,20210623T140144,125.0313,150,A5,-0.057905,0.704764,0
20210218T131636,20210623T140144,125.0313,151,A5,-0.104702,0.121883,1
20210218T131636,20210623T140144,125.0313,152,A5,0.077443,0.183218,0
20210218T131636,20210623T140144,125.0313,153,A5,0.395809,0.333977,1
20210218T131636,20210623T140144,125.0313,154,A5,0.227645,0.072272,1
20210218T131636,20210623T140144,125.0313,155,A5,-0.016122,0.012470,1
20210218T131636,20210623T140144,125.0313,156,A5,0.180512,0.761304,1
20210218T131636,20210623T140144,125.0313,157,A5,0.281207,0.238694,1
20210218T131636,20210623T140144,125.0313,158,A5,-0.116531,0.770633,1
20210218T131636,20210623T140144,125.0313,159,A5,-0.228546,0.063080,0
20210218T131636,20210623T140144,125.0313,160,A5,0.269910,0.300829,1
20210218T131636,20210625T141512,127.0407,1,A1,-0.019571,0.081063,1
20210218T131636,20210625T141512,127.0407,2,A1,-0.169612,0.481253,1
20210218T131636,20210625T141512,127.0407,3,A1,-0.060238,0.098794,1
20210218T131636,20210625T141512,127.0407,4,A1,-0.075494,1.211891,0
20210218T131636,20210625T141512,127.0407,5,A1,-0.076640,0.479703,1
20210218T131636,20210625T141512,127.0407,6,A1,-0.043367,0.163815,1
20210218T131636,20210625T141512,127.0407,7,A1,-0.264848,0.376618,1
20210218T131636,20210625T141512,127.0407,8,A1,-0.218874,0.200891,1
20210218T131636,20210625T141512,127.0407,9,A1,0.025741,1.551297,0
20210218T131636,20210625T141512,127.0407,10,A1,-0.238955,1.913136,0
20210218T131636,20210625T141512,127.0407,11,A1,0.146353,0.905629,1
20210218T131636,20210625T141512,127.0407,12,A1,0.002036,1.327284,0
20210218T131636,20210625T141512,127.0407,13,A1,0.439841,0.171970,0
20210218T131636,20210625T141512,127.0407,14,A1,0.195856,0.376300,0
20210218T131636,20210625T141512,127.0407,15,A1,0.017250,0.827586,0
20210218T131636,20210625T141512,127.0407,16,A1,0.004711,0.493139,0
20210218T131636,20210625T141512,127.0407,17,A1,-0.237775,0.945126,1
20210218T131636,20210625T141512,127.0407,18,A1,-0.258400,0.154938,1
20210218T131636,20210625T141512,127.0407,19,A1,0.161596,1.684432,0
20210218T131636,20210625T141512,127.0407,20,A1,0.152650,0.201538,1
20210218T131636,20210625T141512,127.0407,21,A1,-0.052740,0.157421,1
20210218T131636,20210625T141512,127.0407,22,A1,-0.269683,1.046982,0
20210218T131636,20210625T141512,127.0407,23,A1,0.033463,0.309976,0
20210218T131636,20210625T141512,127.0407,24,A1,-0.287645,1.872629,0
20210218T131636,20210625T141512,127.0407,25,A1,0.149468,0.131366,1
20210218T131636,20210625T141512,127.0407,26,A1,0.030658,0.838006,1
20210218T131636,20210625T141512,127.0407,27,A1,0.015883,0.861954,1
20210218T131636,20210625T141512,127.0407,28,A1,0.099383,0.835001,1
20210218T131636,20210625T141512,127.0407,29,A1,-0.107771,0.843683,1
20210218T131636,20210625T141512,127.0407,30,A1,0.049431,2.000000,0
20210218T131636,20210625T141512,127.0407,31,A1,0.220348,0.985617,0
20210218T131636,20210625T141512,127.0407,32,A1,0.077591,0.000000,1
20210218T131636,20210625T141512,127.0407,33,A2,-0.222401,1.707560,0
20210218T131636,20210625T141512,127.0407,34,A2,-0.110382,0.012209,1
20210218T131636,20210625T141512,127.0407,35,A2,0.258778,0.018943,1
20210218T131636,20210625T141512,127.0407,36,A2,0.106337,1.041042,0
20210218T131636,20210625T141512,127.0407,37,A2,0.025690,0.383208,1
20210218T131636,20210625T141512,127.0407,38,A2,-0.308782,1.165056,0
20210218T131636,20210625T141512,127.0407,39,A2,0.294670,0.057561,1
20210218T131636,20210625T141512,127.0407,40,A2,0.028534,1.023861,0
20210218T131636,20210625T141512,127.0407,41,A2,0.180885,0.216219,1
20210218T131636,20210625T141512,127.0407,42,A2,-0.015045,1.101874,0
20210218T131636,20210625T141512,127.0407,43,A2,-0.159155,0.576894,1
20210218T131636,20210625T141512,127.0407,44,A2,0.323192,0.151304,1
20210218T131636,20210625T141512,127.0407,45,A2,-0.002577,0.917182,1
20210218T131636,20210625T141512,127.0407,46,A2,0.207560,0.937402,1
20210218T131636,20210625T141512,127.0407,47,A2,0.004824,1.262600,0
20210218T131636,20210625T141512,127.0407,48,A2,-0.169333,0.490201,0
20210218T131636,20210625T141512,127.0407,49,A2,0.342240,0.000085,1
20210218T131636,20210625T141512,127.0407,50,A2,-0.017183,0.069212,1
20210218T131636,20210625T141512,127.0407,51,A2,0.181436,1.112538,0
20210218T131636,20210625T141512,127.0407,52,A2,0.007016,1.866360,0
20210218T131636,20210625T141512,127.0407,53,A2,0.230480,1.319223,0
20210218T131636,20210625T141512,127.0407,54,A2,0.584197,0.352156,1
20210218T131636,20210625T141512,127.0407,55,A2,0.114074,0.074991,1
20210218T131636,20210625T141512,127.0407,56,A2,0.108279,0.497132,1
20210218T131636,20210625T141512,127.0407,57,A2,-0.549777,0.588157,0
20210218T131636,20210625T141512,127.0407,58,A2,0.087730,1.549033,0
20210218T131636,20210625T141512,127.0407,59,A2,-0.311197,1.462789,0
20210218T131636,20210625T141512,127.0407,60,A2,-0.210326,0.068675,1
20210218T131636,20210625T141512,127.0407,61,A2,-0.089959,1.135908,0
20210218T131636,20210625T141512,127.0407,62,A2,0.160664,0.786139,1
20210218T131636,20210625T141512,127.0407,63,A2,0.140123,0.653055,1
20210218T131636,20210625T141512,127.0407,64,A2,0.258109,0.511496,0
20210218T131636,20210625T141512,127.0407,65,A3,0.068772,0.685905,1
20210218T131636,20210625T141512,127.0407,66,A3,-0.095578,1.354583,0
20210218T131636,20210625T141512,127.0407,67,A3,-0.093934,0.218448,1
20210218T131636,20210625T141512,127.0407,68,A3,-0.316088,1.038445,0
20210218T131636,20210625T141512,127.0407,69,A3,0.200851,0.076241,0
20210218T131636,20210625T141512,127.0407,70,A3,0.047829,0.392637,0
20210218T131636,20210625T141512,127.0407,71,A3,-0.233253,0.777761,0
20210218T131636,20210625T141512,127.0407,72,A3,-0.019196,0.682083,1
20210218T131636,20210625T141512,127.0407,73,A3,0.060204,0.815486,1
20210218T131636,20210625T141512,127.0407,74,A3,0.246991,1.036589,0
20210218T131636,20210625T141512,127.0407,75,A3,0.157720,1.254893,0
20210218T131636,20210625T141512,127.0407,76,A3,0.064541,0.757469,0
20210218T131636,20210625T141512,127.0407,77,A3,-0.261718,0.941476,0
20210218T131636,20210625T141512,127.0407,78,A3,-0.283881,0.030512,1
20210218T131636,20210625T141512,127.0407,79,A3,-0.117073,0.535837,1
20210218T131636,20210625T141512,127.0407,80,A3,-0.348653,1.744384,0
20210218T131636,20210625T141512,127.0407,81,A3,-0.129270,0.190893,1
20210218T131636,20210625T141512,127.0407,82,A3,-0.028192,0.301526,1
20210218T131636,20210625T141512,127.0407,83,A3,0.228815,0.150918,0
20210218T131636,20210625T141512,127.0407,84,A3,0.068785,0.494471,0
20210218T131636,20210625T141512,127.0407,85,A3,-0.060070,0.356714,0
20210218T131636,20210625T141512,127.0407,86,A3,0.221188,0.784746,0
20210218T131636,20210625T141512,127.0407,87,A3,-0.159005,1.367139,0
20210218T131636,20210625T141512,127.0407,88,A3,-0.088212,0.967846,1
20210218T131636,20210625T141512,127.0407,89,A3,0.217047,0.986443,1
20210218T131636,20210625T141512,127.0407,90,A3,0.015431,0.134445,1
20210218T131636,20210625T141512,127.0407,91,A3,0.040408,0.334850,0
20210218T131636,20210625T141512,127.0407,92,A3,0.040909,0.109694,1
20210218T131636,20210625T141512,127.0407,93,A3,0.177035,0.892315,0
20210218T131636,20210625T141512,127.0407,94,A3,-0.142274,1.021820,0
20210218T131636,20210625T141512,127.0407,95,A3,-0.082821,0.888371,0
20210218T131636,20210625T141512,127.0407,96,A3,0.097518,0.153687,0
20210218T131636,20210625T141512,127.0407,97,A4,-0.026951,0.277616,0
20210218T131636,20210625T141512,127.0407,98,A4,-0.214792,0.069043,1
20210218T131636,20210625T141512,127.0407,99,A4,0.126178,0.431474,0
20210218T131636,20210625T141512,127.0407,100,A4,0.275319,0.723268,1
20210218T131636,20210625T141512,127.0407,101,A4,0.156869,0.333681,1
20210218T131636,20210625T141512,127.0407,102,A4,0.007826,0.513149,0
20210218T131636,20210625T141512,127.0407,103,A4,-0.307062,0.455556,0
20210218T131636,20210625T141512,127.0407,104,A4,0.061731,0.413904,0
20210218T131636,20210625T141512,127.0407,105,A4,0.140180,1.018397,0
20210218T131636,20210625T141512,127.0407,106,A4,-0.432467,0.158693,1
20210218T131636,20210625T141512,127.0407,107,A4,-0.139897,0.200656,1
20210218T131636,20210625T141512,127.0407,108,A4,-0.110608,0.393955,1
20210218T131636,20210625T141512,127.0407,109,A4,-0.007534,0.922821,0
20210218T131636,20210625T141512,127.0407,110,A4,-0.181905,0.107115,1
20210218T131636,20210625T141512,127.0407,111,A4,-0.067198,0.502254,1
20210218T131636,20210625T141512,127.0407,112,A4,0.270626,1.045868,0
20210218T131636,20210625T141512,127.0407,113,A4,-0.155949,0.168914,1
20210218T131636,20210625T141512,127.0407,114,A4,0.194457,0.218326,1
20210218T131636,20210625T141512,127.0407,115,A4,-0.002820,0.558529,0
20210218T131636,20210625T141512,127.0407,116,A4,0.143282,0.158338,0
20210218T131636,20210625T141512,127.0407,117,A4,0.305651,0.031376,1
20210218T131636,20210625T141512,127.0407,118,A4,0.082753,0.130775,1
20210218T131636,20210625T141512,127.0407,119,A4,0.351564,0.371018,1
20210218T131636,20210625T141512,127.0407,120,A4,0.165405,0.295370,1
20210218T131636,20210625T141512,127.0407,121,A4,0.101304,0.153549,1
20210218T131636,20210625T141512,127.0407,122,A4,0.147789,0.384740,0
20210218T131636,20210625T141512,127.0407,123,A4,-0.038643,0.019014,1
20210218T131636,20210625T141512,127.0407,124,A4,0.270264,0.825296,0
20210218T131636,20210625T141512,127.0407,125,A4,0.143679,0.421645,1
20210218T131636,20210625T141512,127.0407,126,A4,0.186927,0.020779,1
20210218T131636,20210625T141512,127.0407,127,A4,0.100204,0.878504,0
20210218T131636,20210625T141512,127.0407,128,A4,-0.261254,0.252491,1
20210218T131636,20210625T141512,127.0407,129,A5,0.490385,2.000000,0
20210218T131636,20210625T141512,127.0407,130,A5,0.066837,0.895245,1
20210218T131636,20210625T141512,127.0407,131,A5,-0.231064,1.097321,0
20210218T131636,20210625T141512,127.0407,132,A5,0.032756,1.047307,0
20210218T131636,20210625T141512,127.0407,133,A5,0.168206,0.748490,0
20210218T131636,20210625T141512,127.0407,134,A5,0.200893,1.908010,0
20210218T131636,20210625T141512,127.0407,135,A5,0.355612,0.579334,1
20210218T131636,20210625T141512,127.0407,136,A5,0.382089,0.694849,1
20210218T131636,20210625T141512,127.0407,137,A5,-0.124444,0.129245,1
20210218T131636,20210625T141512,127.0407,138,A5,0.028403,1.409099,0
20210218T131636,20210625T141512,127.0407,139,A5,-0.138100,0.958717,1
20210218T131636,20210625T141512,127.0407,140,A5,0.120601,1.211931,0
20210218T131636,20210625T141512,127.0407,141,A5,-0.135373,0.251582,0
20210218T131636,20210625T141512,127.0407,142,A5,-0.074703,1.305386,0
20210218T131636,20210625T141512,127.0407,143,A5,0.242075,0.144716,1
20210218T131636,20210625T141512,127.0407,144,A5,0.241356,0.712241,0
20210218T131636,20210625T141512,127.0407,145,A5,0.076826,0.897219,1
20210218T131636,20210625T141512,127.0407,146,A5,0.216739,0.604269,1
20210218T131636,20210625T141512,127.0407,147,A5,-0.330696,0.603495,1
20210218T131636,20210625T141512,127.0407,148,A5,-0.241331,1.281937,0
20210218T131636,20210625T141512,127.0407,149,A5,-0.071802,0.478085,1
20210218T131636,20210625T141512,127.0407,150,A5,-0.109019,0.871650,1
20210218T131636,20210625T141512,127.0407,151,A5,-0.248983,0.320495,0
20210218T131636,20210625T141512,127.0407,152,A5,0.350140,0.693059,1
20210218T131636,20210625T141512,127.0407,153,A5,-0.248671,0.655336,1
20210218T131636,20210625T141512,127.0407,154,A5,0.256698,0.822955,1
20210218T131636,20210625T141512,127.0407,155,A5,0.029201,0.502485,0
20210218T131636,20210625T141512,127.0407,156,A5,0.043733,0.000000,1
20210218T131636,20210625T141512,127.0407,157,A5,0.075441,1.029620,0
20210218T131636,20210625T141512,127.0407,158,A5,0.010521,0.896605,1
20210218T131636,20210625T141512,127.0407,159,A5,0.134842,0.366838,1
20210218T131636,20210625T141512,127.0407,160,A5,0.113527,1.684551,0
20210219T145809,20210610T132106,110.9326,1,A1,-0.076521,1.055572,0
20210219T145809,20210610T132106,110.9326,2,A1,-0.054034,1.315739,0
20210219T145809,20210610T132106,110.9326,3,A1,0.033981,0.644890,1
20210219T145809,20210610T132106,110.9326,4,A1,0.192250,0.276818,1
20210219T145809,20210610T132106,110.9326,5,A1,-0.170191,0.573435,0
20210219T145809,20210610T132106,110.9326,6,A1,-0.216459,0.015948,1
20210219T145809,20210610T132106,110.9326,7,A1,0.133965,0.095076,0
20210219T145809,20210610T132106,110.9326,8,A1,0.223396,0.348748,0
20210219T145809,20210610T132106,110.9326,9,A1,0.034111,2.000000,0
20210219T145809,20210610T132106,110.9326,10,A1,-0.086888,0.396362,1
20210219T145809,20210610T132106,110.9326,11,A1,0.101846,0.967427,1
20210219T145809,20210610T132106,110.9326,12,A1,-0.218282,0.496983,0
20210219T145809,20210610T132106,110.9326,13,A1,-0.010064,0.150407,0
20210219T145809,20210610T132106,110.9326,14,A1,0.184191,0.767745,1
20210219T145809,20210610T132106,110.9326,15,A1,-0.065156,0.121974,1
20210219T145809,20210610T132106,110.9326,16,A1,-0.045997,0.627403,1
20210219T145809,20210610T132106,110.9326,17,A1,-0.054328,0.444919,0
20210219T145809,20210610T132106,110.9326,18,A1,-0.156875,0.171380,1
20210219T145809,20210610T132106,110.9326,19,A1,0.333012,0.944114,1
20210219T145809,20210610T132106,110.9326,20,A1,0.275231,0.358197,1
20210219T145809,20210610T132106,110.9326,21,A1,0.081037,0.511532,1
20210219T145809,20210610T132106,110.9326,22,A1,-0.063864,0.287844,1
20210219T145809,20210610T132106,110.9326,23,A1,-0.076635,0.224238,0
20210219T145809,20210610T132106,110.9326,24,A1,-0.377557,2.000000,0
20210219T145809,20210610T132106,110.9326,25,A1,0.224893,0.828934,1
20210219T145809,20210610T132106,110.9326,26,A1,-0.013267,1.055147,0
20210219T145809,20210610T132106,110.9326,27,A1,0.144447,0.706032,1
20210219T145809,20210610T132106,110.9326,28,A1,-0.039002,1.169828,0
20210219T145809,20210610T132106,110.9326,29,A1,0.014516,0.747631,0
20210219T145809,20210610T132106,110.9326,30,A1,-0.173651,0.424417,0
20210219T145809,20210610T132106,110.9326,31,A1,0.004873,0.140825,1
20210219T145809,20210610T132106,110.9326,32,A1,-0.226595,1.823530,0
20210219T145809,20210610T132106,110.9326,33,A2,-0.175930,0.658569,0
20210219T145809,20210610T132106,110.9326,34,A2,0.286225,0.016256,1
20210219T145809,20210610T132106,110.9326,35,A2,0.011721,0.388727,0
20210219T145809,20210610T132106,110.9326,36,A2,-0.028475,0.115282,0
20210219T145809,20210610T132106,110.9326,37,A2,-0.132014,0.947929,1
20210219T145809,20210610T132106,110.9326,38,A2,0.176974,0.278172,1
20210219T145809,20210610T132106,110.9326,39,A2,-0.027959,0.551787,0
20210219T145809,20210610T132106,110.9326,40,A2,0.021301,0.833741,1
20210219T145809,20210610T132106,110.9326,41,A2,0.195701,1.489222,0
20210219T145809,20210610T132106,110.9326,42,A2,0.090584,0.429325,1
20210219T145809,20210610T132106,110.9326,43,A2,-0.028872,0.772414,1
20210219T145809,20210610T132106,110.9326,44,A2,-0.210301,0.277631,1
20210219T145809,20210610T132106,110.9326,45,A2,0.133665,0.066040,1
20210219T145809,20210610T132106,110.9326,46,A2,-0.059497,1.049544,0
20210219T145809,20210610T132106,110.9326,47,A2,-0.072755,1.063709,0
20210219T145809,20210610T132106,110.9326,48,A2,-0.260555,0.874413,1
20210219T145809,20210610T132106,110.9326,49,A2,0.112136,0.342652,1
20210219T145809,20210610T132106,110.9326,50,A2,-0.210344,0.007629,1
20210219T145809,20210610T132106,110.9326,51,A2,0.218483,0.880149,1
20210219T145809,20210610T132106,110.9326,52,A2,0.019531,0.198303,0
20210219T145809,20210610T132106,110.9326,53,A2,-0.093168,1.624976,0
20210219T145809,20210610T132106,110.9326,54,A2,0.347379,0.547895,0
20210219T145809,20210610T132106,110.9326,55,A2,0.068301,0.314820,1
20210219T145809,20210610T132106,110.9326,56,A2,0.095501,0.583427,0
20210219T145809,20210610T132106,110.9326,57,A2,-0.191641,0.419199,0
20210219T145809,20210610T132106,110.9326,58,A2,0.422921,1.960880,0
20210219T145809,20210610T132106,110.9326,59,A2,0.028291,0.500260,1
20210219T145809,20210610T132106,110.9326,60,A2,-0.200250,0.225537,0
20210219T145809,20210610T132106,110.9326,61,A2,-0.069619,0.958130,1
20210219T145809,20210610T132106,110.9326,62,A2,-0.008586,0.013568,1
20210219T145809,20210610T132106,110.9326,63,A2,0.103863,0.713574,1
20210219T145809,20210610T132106,110.9326,64,A2,0.189054,0.243050,0
20210219T145809,20210610T132106,110.9326,65,A3,-0.240846,1.987077,0
20210219T145809,20210610T132106,110.9326,66,A3,-0.066467,0.122953,1
20210219T145809,20210610T132106,110.9326,67,A3,0.232890,0.056953,0
20210219T145809,20210610T132106,110.9326,68,A3,0.076890,0.117735,0
20210219T145809,20210610T132106,110.9326,69,A3,-0.409706,1.016053,0
20210219T145809,20210610T132106,110.9326,70,A3,0.023004,0.972391,1
20210219T145809,20210610T132106,110.9326,71,A3,-0.083907,0.193666,0
20210219T145809,20210610T132106,110.9326,72,A3,0.083823,0.160353,0
20210219T145809,20210610T132106,110.9326,73,A3,-0.088501,0.191969,1
20210219T145809,20210610T132106,110.9326,74,A3,0.075476,0.556951,0
20210219T145809,20210610T132106,110.9326,75,A3,-0.081986,0.078833,1
20210219T145809,20210610T132106,110.9326,76,A3,0.238523,1.010426,0
20210219T145809,20210610T132106,110.9326,77,A3,-0.122474,0.139775,1
20210219T145809,20210610T132106,110.9326,78,A3,-0.028857,1.044895,0
20210219T145809,20210610T132106,110.9326,79,A3,0.125467,1.259355,0
20210219T145809,20210610T132106,110.9326,80,A3,0.272654,0.406893,1
20210219T145809,20210610T132106,110.9326,81,A3,-0.108584,0.755965,0
20210219T145809,20210610T132106,110.9326,82,A3,0.029478,0.456340,1
20210219T145809,20210610T132106,110.9326,83,A3,0.113814,0.437209,0
20210219T145809,20210610T132106,110.9326,84,A3,-0.362893,0.203544,0
20210219T145809,20210610T132106,110.9326,85,A3,0.314613,0.100983,0
20210219T145809,20210610T132106,110.9326,86,A3,-0.190330,0.317747,1
20210219T145809,20210610T132106,110.9326,87,A3,0.276887,0.564724,0
20210219T145809,20210610T132106,110.9326,88,A3,-0.202201,0.473522,0
20210219T145809,20210610T132106,110.9326,89,A3,-0.043577,0.136282,0
20210219T145809,20210610T132106,110.9326,90,A3,0.363013,0.163254,1
20210219T145809,20210610T132106,110.9326,91,A3,0.102569,1.001271,0
20210219T145809,20210610T132106,110.9326,92,A3,0.200331,0.739819,1
20210219T145809,20210610T132106,110.9326,93,A3,0.099997,0.213141,0
20210219T145809,20210610T132106,110.9326,94,A3,0.144119,0.182458,0
20210219T145809,20210610T132106,110.9326,95,A3,-0.060570,0.145298,1
20210219T145809,20210610T132106,110.9326,96,A3,-0.141194,0.356816,1
20210219T145809,20210610T132106,110.9326,97,A4,-0.264081,0.279889,1
20210219T145809,20210610T132106,110.9326,98,A4,0.617551,0.165927,1
20210219T145809,20210610T132106,110.9326,99,A4,-0.209477,0.304692,0
20210219T145809,20210610T132106,110.9326,100,A4,-0.399040,0.790698,0
20210219T145809,20210610T132106,110.9326,101,A4,-0.356695,0.394956,0
20210219T145809,20210610T132106,110.9326,102,A4,0.053715,0.467652,0
20210219T145809,20210610T132106,110.9326,103,A4,0.323091,0.104835,1
20210219T145809,20210610T132106,110.9326,104,A4,0.228141,0.441081,0
20210219T145809,20210610T132106,110.9326,105,A4,0.063912,0.014826,1
20210219T145809,20210610T132106,110.9326,106,A4,0.075498,0.283497,1
20210219T145809,20210610T132106,110.9326,107,A4,0.503788,0.171185,1
20210219T145809,20210610T132106,110.9326,108,A4,0.020674,0.115249,0
20210219T145809,20210610T132106,110.9326,109,A4,0.155225,0.576238,1
20210219T145809,20210610T132106,110.9326,110,A4,-0.040912,0.435522,0
20210219T145809,20210610T132106,110.9326,111,A4,0.097021,0.106653,1
20210219T145809,20210610T132106,110.9326,112,A4,-0.059122,0.200851,0
20210219T145809,20210610T132106,110.9326,113,A4,-0.106777,0.308612,0
20210219T145809,20210610T132106,110.9326,114,A4,0.731610,0.005580,1
20210219T145809,20210610T132106,110.9326,115,A4,-0.455602,0.620386,0
20210219T145809,20210610T132106,110.9326,116,A4,0.212092,0.423532,0
20210219T145809,20210610T132106,110.9326,117,A4,0.874449,0.268364,1
20210219T145809,20210610T132106,110.9326,118,A4,0.705122,0.307155,0
20210219T145809,20210610T132106,110.9326,119,A4,0.618693,0.713073,0
20210219T145809,20210610T132106,110.9326,120,A4,0.454068,0.428498,1
20210219T145809,20210610T132106,110.9326,121,A4,0.199094,0.234589,0
20210219T145809,20210610T132106,110.9326,122,A4,-0.589232,0.403060,0
20210219T145809,20210610T132106,110.9326,123,A4,-0.199785,0.291939,1
20210219T145809,20210610T132106,110.9326,124,A4,0.047035,0.266511,0
20210219T145809,20210610T132106,110.9326,125,A4,0.159281,0.215120,1
20210219T145809,20210610T132106,110.9326,126,A4,0.488490,0.116634,0
20210219T145809,20210610T132106,110.9326,127,A4,-0.208238,0.190862,1
20210219T145809,20210610T132106,110.9326,128,A4,0.218249,0.241587,0
20210219T145809,20210610T132106,110.9326,129,A5,-0.013701,1.257291,0
20210219T145809,20210610T132106,110.9326,130,A5,0.339555,0.683661,0
20210219T145809,20210610T132106,110.9326,131,A5,-0.359928,0.589577,0
20210219T145809,20210610T132106,110.9326,132,A5,-0.270077,1.750176,0
20210219T145809,20210610T132106,110.9326,133,A5,-0.335331,0.443855,1
20210219T145809,20210610T132106,110.9326,134,A5,0.015051,0.604758,1
20210219T145809,20210610T132106,110.9326,135,A5,0.092629,0.467038,0
20210219T145809,20210610T132106,110.9326,136,A5,0.522371,0.036798,1
20210219T145809,20210610T132106,110.9326,137,A5,0.111518,0.469424,1
20210219T145809,20210610T132106,110.9326,138,A5,-0.365806,1.017136,0
20210219T145809,20210610T132106,110.9326,139,A5,0.007626,0.067528,1
20210219T145809,20210610T132106,110.9326,140,A5,-0.248690,1.595655,0
20210219T145809,20210610T132106,110.9326,141,A5,0.217956,0.995187,0
20210219T145809,20210610T132106,110.9326,142,A5,-0.201695,0.261684,0
20210219T145809,20210610T132106,110.9326,143,A5,-0.130458,0.820736,0
20210219T145809,20210610T132106,110.9326,144,A5,0.046286,1.980235,0
20210219T145809,20210610T132106,110.9326,145,A5,-0.100446,0.775202,0
20210219T145809,20210610T132106,110.9326,146,A5,0.009948,1.085862,0
20210219T145809,20210610T132106,110.9326,147,A5,-0.379171,0.260634,0
20210219T145809,20210610T132106,110.9326,148,A5,-0.077838,1.327535,0
20210219T145809,20210610T132106,110.9326,149,A5,0.018903,0.556639,0
20210219T145809,20210610T132106,110.9326,150,A5,0.145258,0.384024,1
20210219T145809,20210610T132106,110.9326,151,A5,-0.181018,0.361604,1
20210219T145809,20210610T132106,110.9326,152,A5,0.266082,0.119032,1
20210219T145809,20210610T132106,110.9326,153,A5,0.018356,0.014299,1
20210219T145809,20210610T132106,110.9326,154,A5,-0.053431,0.504705,1
20210219T145809,20210610T132106,110.9326,155,A5,0.144992,0.000000,1
20210219T145809,20210610T132106,110.9326,156,A5,0.216195,0.302814,0
20210219T145809,20210610T132106,110.9326,157,A5,-0.033049,0.916532,0
20210219T145809,20210610T132106,110.9326,158,A5,-0.023963,1.033783,0
20210219T145809,20210610T132106,110.9326,159,A5,-0.147123,0.129125,1
20210219T145809,20210610T132106,110.9326,160,A5,-0.211209,0.226089,1
20210219T145809,20210618T123111,118.8979,1,A1,0.165785,0.306995,1
20210219T145809,20210618T123111,118.8979,2,A1,0.253387,0.921143,1
20210219T145809,20210618T123111,118.8979,3,A1,0.100228,1.349641,0
20210219T145809,20210618T123111,118.8979,4,A1,0.304406,1.987401,0
20210219T145809,20210618T123111,118.8979,5,A1,-0.180276,0.907834,1
20210219T145809,20210618T123111,118.8979,6,A1,-0.326906,1.022652,0
20210219T145809,20210618T123111,118.8979,7,A1,-0.023293,0.710826,0
20210219T145809,20210618T123111,118.8979,8,A1,0.257385,0.461049,0
20210219T145809,20210618T123111,118.8979,9,A1,0.295287,0.844660,1
20210219T145809,20210618T123111,118.8979,10,A1,0.214609,0.282811,1
20210219T145809,20210618T123111,118.8979,11,A1,-0.126497,2.000000,0
20210219T145809,20210618T123111,118.8979,12,A1,0.025698,0.737583,0
20210219T145809,20210618T123111,118.8979,13,A1,0.173923,0.428231,1
20210219T145809,20210618T123111,118.8979,14,A1,-0.069292,0.912647,1
20210219T145809,20210618T123111,118.8979,15,A1,0.058614,0.949714,1
20210219T145809,20210618T123111,118.8979,16,A1,-0.150843,1.358424,0
20210219T145809,20210618T123111,118.8979,17,A1,-0.124254,1.312231,0
20210219T145809,20210618T123111,118.8979,18,A1,0.359626,0.268031,0
20210219T145809,20210618T123111,118.8979,19,A1,0.524675,0.166113,0
20210219T145809,20210618T123111,118.8979,20,A1,0.095900,0.254809,1
20210219T145809,20210618T123111,118.8979,21,A1,-0.180296,0.306490,1
20210219T145809,20210618T123111,118.8979,22,A1,-0.045441,0.168829,0
20210219T145809,20210618T123111,118.8979,23,A1,0.074104,0.285803,1
20210219T145809,20210618T123111,118.8979,24,A1,-0.456879,2.000000,0
20210219T145809,20210618T123111,118.8979,25,A1,-0.057044,0.763280,1
20210219T145809,20210618T123111,118.8979,26,A1,-0.012321,1.857796,0
20210219T145809,20210618T123111,118.8979,27,A1,-0.029298,0.505697,0
20210219T145809,20210618T123111,118.8979,28,A1,0.057757,0.000000,1
20210219T145809,20210618T123111,118.8979,29,A1,0.130746,0.476233,1
20210219T145809,20210618T123111,118.8979,30,A1,0.196120,0.116891,1
20210219T145809,20210618T123111,118.8979,31,A1,-0.124567,0.211261,1
20210219T145809,20210618T123111,118.8979,32,A1,0.130034,1.823530,0
20210219T145809,20210618T123111,118.8979,33,A2,-0.132859,0.636496,0
20210219T145809,20210618T123111,118.8979,34,A2,-0.029097,0.000747,1
20210219T145809,20210618T123111,118.8979,35,A2,0.033519,0.461440,0
20210219T145809,20210618T123111,118.8979,36,A2,0.089571,0.196566,0
20210219T145809,20210618T123111,118.8979,37,A2,0.070897,0.252303,0
20210219T145809,20210618T123111,118.8979,38,A2,-0.196585,0.162138,1
20210219T145809,20210618T123111,118.8979,39,A2,0.325086,0.019759,1
20210219T145809,20210618T123111,118.8979,40,A2,-0.201338,0.184501,1
20210219T145809,20210618T123111,118.8979,41,A2,0.351644,2.000000,0
20210219T145809,20210618T123111,118.8979,42,A2,0.030650,0.847307,0
20210219T145809,20210618T123111,118.8979,43,A2,-0.401673,0.343253,1
20210219T145809,20210618T123111,118.8979,44,A2,0.118976,0.036745,1
20210219T145809,20210618T123111,118.8979,45,A2,-0.267082,0.390925,1
20210219T145809,20210618T123111,118.8979,46,A2,-0.074773,0.082523,1
20210219T145809,20210618T123111,118.8979,47,A2,0.251774,0.405387,0
20210219T145809,20210618T123111,118.8979,48,A2,0.266248,0.052812,1
20210219T145809,20210618T123111,118.8979,49,A2,0.513077,0.312872,1
20210219T145809,20210618T123111,118.8979,50,A2,0.070551,0.286704,0
20210219T145809,20210618T123111,118.8979,51,A2,0.170484,0.909238,1
20210219T145809,20210618T123111,118.8979,52,A2,-0.342653,0.612623,0
20210219T145809,20210618T123111,118.8979,53,A2,0.134092,1.283516,0
20210219T145809,20210618T123111,118.8979,54,A2,0.340625,0.484432,0
20210219T145809,20210618T123111,118.8979,55,A2,0.314565,0.466778,1
20210219T145809,20210618T123111,118.8979,56,A2,-0.154045,0.291148,0
20210219T145809,20210618T123111,118.8979,57,A2,-0.008306,0.894171,1
20210219T145809,20210618T123111,118.8979,58,A2,0.190604,0.986146,0
20210219T145809,20210618T123111,118.8979,59,A2,0.188364,0.660889,0
20210219T145809,20210618T123111,118.8979,60,A2,0.141590,0.012271,0
20210219T145809,20210618T123111,118.8979,61,A2,0.072189,0.257151,0
20210219T145809,20210618T123111,118.8979,62,A2,0.013730,0.084434,0
20210219T145809,20210618T123111,118.8979,63,A2,-0.154936,0.079129,1
20210219T145809,20210618T123111,118.8979,64,A2,-0.101722,0.198048,0
20210219T145809,20210618T123111,118.8979,65,A3,-0.118772,0.650738,1
20210219T145809,20210618T123111,118.8979,66,A3,-0.109901,0.025889,1
20210219T145809,20210618T123111,118.8979,67,A3,0.166242,0.841049,0
20210219T145809,20210618T123111,118.8979,68,A3,0.064062,0.436493,0
20210219T145809,20210618T123111,118.8979,69,A3,-0.090427,0.685446,1
20210219T145809,20210618T123111,118.8979,70,A3,-0.218400,0.092122,0
20210219T145809,20210618T123111,118.8979,71,A3,0.073146,0.680192,0
20210219T145809,20210618T123111,118.8979,72,A3,0.080348,0.228366,0
20210219T145809,20210618T123111,118.8979,73,A3,0.275372,0.664868,0
20210219T145809,20210618T123111,118.8979,74,A3,-0.165440,0.025927,1
20210219T145809,20210618T123111,118.8979,75,A3,-0.033727,0.318653,0
20210219T145809,20210618T123111,118.8979,76,A3,-0.212237,0.231062,0
20210219T145809,20210618T123111,118.8979,77,A3,-0.065149,0.153066,1
20210219T145809,20210618T123111,118.8979,78,A3,0.044294,0.894652,1
20210219T145809,20210618T123111,118.8979,79,A3,-0.169158,0.834046,1
20210219T145809,20210618T123111,118.8979,80,A3,-0.215479,1.512903,0
20210219T145809,20210618T123111,118.8979,81,A3,-0.010986,0.052343,1
20210219T145809,20210618T123111,118.8979,82,A3,-0.026540,1.069054,0
20210219T145809,20210618T123111,118.8979,83,A3,0.219392,0.479707,0
20210219T145809,20210618T123111,118.8979,84,A3,0.095175,0.030816,1
20210219T145809,20210618T123111,118.8979,85,A3,0.304071,0.199239,1
20210219T145809,20210618T123111,118.8979,86,A3,-0.042427,0.428468,1
20210219T145809,20210618T123111,118.8979,87,A3,-0.199637,0.048182,0
20210219T145809,20210618T123111,118.8979,88,A3,-0.219524,0.136250,1
20210219T145809,20210618T123111,118.8979,89,A3,0.099768,0.939136,1
20210219T145809,20210618T123111,118.8979,90,A3,-0.019168,0.223829,0
20210219T145809,20210618T123111,118.8979,91,A3,-0.214508,0.102828,0
20210219T145809,20210618T123111,118.8979,92,A3,-0.074407,0.210232,1
20210219T145809,20210618T123111,118.8979,93,A3,-0.163197,0.370920,0
20210219T145809,20210618T123111,118.8979,94,A3,-0.188637,0.156593,1
20210219T145809,20210618T123111,118.8979,95,A3,-0.084976,0.042018,0
20210219T145809,20210618T123111,118.8979,96,A3,-0.088168,0.262955,0
20210219T145809,20210618T123111,118.8979,97,A4,0.154013,0.232635,1
20210219T145809,20210618T123111,118.8979,98,A4,-0.227519,0.032852,0
20210219T145809,20210618T123111,118.8979,99,A4,0.217625,0.113916,1
20210219T145809,20210618T123111,118.8979,100,A4,-0.064310,0.583212,1
20210219T145809,20210618T123111,118.8979,101,A4,0.138288,0.754954,1
20210219T145809,20210618T123111,118.8979,102,A4,0.148980,0.183690,0
20210219T145809,20210618T123111,118.8979,103,A4,0.328515,0.281441,1
20210219T145809,20210618T123111,118.8979,104,A4,-0.009564,0.009472,1
20210219T145809,20210618T123111,118.8979,105,A4,-0.103208,0.051016,1
20210219T145809,20210618T123111,118.8979,106,A4,0.253768,0.044493,0
20210219T145809,20210618T123111,118.8979,107,A4,0.089942,0.117422,0
20210219T145809,20210618T123111,118.8979,108,A4,-0.066576,0.069218,0
20210219T145809,20210618T123111,118.8979,109,A4,-0.064246,1.110595,0
20210219T145809,20210618T123111,118.8979,110,A4,0.158605,0.209913,1
20210219T145809,20210618T123111,118.8979,111,A4,0.321715,0.129878,1
20210219T145809,20210618T123111,118.8979,112,A4,0.058219,0.055368,1
20210219T145809,20210618T123111,118.8979,113,A4,-0.318258,0.388154,0
20210219T145809,20210618T123111,118.8979,114,A4,0.144930,0.257447,1
20210219T145809,20210618T123111,118.8979,115,A4,-0.280316,0.507320,0
20210219T145809,20210618T123111,118.8979,116,A4,0.373198,0.116708,0
20210219T145809,20210618T123111,118.8979,117,A4,0.062494,0.276283,1
20210219T145809,20210618T123111,118.8979,118,A4,0.414927,0.447276,0
20210219T145809,20210618T123111,118.8979,119,A4,0.088304,0.520275,0
20210219T145809,20210618T123111,118.8979,120,A4,0.632315,0.364561,1
20210219T145809,20210618T123111,118.8979,121,A4,0.523893,0.503804,0
20210219T145809,20210618T123111,118.8979,122,A4,-0.096815,0.006009,1
20210219T145809,20210618T123111,118.8979,123,A4,-0.209155,0.470890,0
20210219T145809,20210618T123111,118.8979,124,A4,0.062792,0.238654,0
20210219T145809,20210618T123111,118.8979,125,A4,0.351809,0.179370,1
20210219T145809,20210618T123111,118.8979,126,A4,-0.002579,0.089305,0
20210219T145809,20210618T123111,118.8979,127,A4,-0.486603,0.515860,0
20210219T145809,20210618T123111,118.8979,128,A4,-0.186380,0.383854,0
20210219T145809,20210618T123111,118.8979,129,A5,0.177218,0.434918,0
20210219T145809,20210618T123111,118.8979,130,A5,0.228694,0.152707,1
20210219T145809,20210618T123111,118.8979,131,A5,-0.272852,0.550437,1
20210219T145809,20210618T123111,118.8979,132,A5,0.097621,0.550156,1
20210219T145809,20210618T123111,118.8979,133,A5,-0.077124,0.271226,1
20210219T145809,20210618T123111,118.8979,134,A5,-0.075097,0.224053,1
20210219T145809,20210618T123111,118.8979,135,A5,-0.041242,0.044624,1
20210219T145809,20210618T123111,118.8979,136,A5,0.075712,0.267056,1
20210219T145809,20210618T123111,118.8979,137,A5,-0.286495,0.999783,1
20210219T145809,20210618T123111,118.8979,138,A5,-0.088646,0.071705,0
20210219T145809,20210618T123111,118.8979,139,A5,-0.065036,0.227923,1
20210219T145809,20210618T123111,118.8979,140,A5,-0.141243,0.601593,0
20210219T145809,20210618T123111,118.8979,141,A5,-0.191758,1.987215,0
20210219T145809,20210618T123111,118.8979,142,A5,0.036809,0.074172,1
20210219T145809,20210618T123111,118.8979,143,A5,-0.146158,0.080663,1
20210219T145809,20210618T123111,118.8979,144,A5,0.000185,1.017049,0
20210219T145809,20210618T123111,118.8979,145,A5,-0.166227,0.352773,1
20210219T145809,20210618T123111,118.8979,146,A5,0.088566,0.052026,1
20210219T145809,20210618T123111,118.8979,147,A5,0.243368,0.022077,1
20210219T145809,20210618T123111,118.8979,148,A5,0.270413,0.672465,1
20210219T145809,20210618T123111,118.8979,149,A5,-0.034852,0.197656,0
20210219T145809,20210618T123111,118.8979,150,A5,-0.230300,1.509716,0
20210219T145809,20210618T123111,118.8979,151,A5,-0.066718,0.539166,0
20210219T145809,20210618T123111,118.8979,152,A5,0.031458,0.939069,1
20210219T145809,20210618T123111,118.8979,153,A5,0.274587,0.664631,0
20210219T145809,20210618T123111,118.8979,154,A5,0.040793,0.423430,0
20210219T145809,20210618T123111,118.8979,155,A5,0.084303,0.421825,1
20210219T145809,20210618T123111,118.8979,156,A5,0.231413,0.088989,1
20210219T145809,20210618T123111,118.8979,157,A5,-0.118064,0.032675,1
20210219T145809,20210618T123111,118.8979,158,A5,-0.225395,0.040546,0
20210219T145809,20210618T123111,118.8979,159,A5,0.202241,0.333847,1
20210219T145809,20210618T123111,118.8979,160,A5,-0.088980,0.194071,1
20210219T145809,20210623T140144,123.9608,1,A1,-0.099379,0.082713,0
20210219T145809,20210623T140144,123.9608,2,A1,0.199474,0.890163,1
20210219T145809,20210623T140144,123.9608,3,A1,-0.100907,0.206737,1
20210219T145809,20210623T140144,123.9608,4,A1,0.204149,1.987401,0
20210219T145809,20210623T140144,123.9608,5,A1,-0.380597,0.066309,1
20210219T145809,20210623T140144,123.9608,6,A1,0.000144,0.259295,0
20210219T145809,20210623T140144,123.9608,7,A1,-0.054267,0.329799,0
20210219T145809,20210623T140144,123.9608,8,A1,0.202892,0.410902,0
20210219T145809,20210623T140144,123.9608,9,A1,-0.015784,0.620734,1
20210219T145809,20210623T140144,123.9608,10,A1,0.135809,0.776533,0
20210219T145809,20210623T140144,123.9608,11,A1,-0.250839,1.095013,0
20210219T145809,20210623T140144,123.9608,12,A1,-0.467218,0.602383,0
20210219T145809,20210623T140144,123.9608,13,A1,-0.111939,0.102164,1
20210219T145809,20210623T140144,123.9608,14,A1,0.096880,0.867678,1
20210219T145809,20210623T140144,123.9608,15,A1,-0.229825,0.031153,1
20210219T145809,20210623T140144,123.9608,16,A1,0.086677,0.830329,1
20210219T145809,20210623T140144,123.9608,17,A1,-0.135676,1.312231,0
20210219T145809,20210623T140144,123.9608,18,A1,-0.125376,0.081284,1
20210219T145809,20210623T140144,123.9608,19,A1,0.084531,0.250002,1
20210219T145809,20210623T140144,123.9608,20,A1,0.129731,0.270732,1
20210219T145809,20210623T140144,123.9608,21,A1,-0.073015,0.856873,1
20210219T145809,20210623T140144,123.9608,22,A1,0.034331,0.035926,1
20210219T145809,20210623T140144,123.9608,23,A1,0.104222,0.290634,1
20210219T145809,20210623T140144,123.9608,24,A1,-0.686019,2.000000,0
20210219T145809,20210623T140144,123.9608,25,A1,-0.104764,0.318368,1
20210219T145809,20210623T140144,123.9608,26,A1,0.030442,1.120846,0
20210219T145809,20210623T140144,123.9608,27,A1,-0.286983,0.139686,1
20210219T145809,20210623T140144,123.9608,28,A1,0.058745,2.000000,0
20210219T145809,20210623T140144,123.9608,29,A1,0.094330,0.767603,0
20210219T145809,20210623T140144,123.9608,30,A1,-0.086093,0.140751,1
20210219T145809,20210623T140144,123.9608,31,A1,-0.045651,0.568045,1
20210219T145809,20210623T140144,123.9608,32,A1,-0.229941,1.823530,0
20210219T145809,20210623T140144,123.9608,33,A2,-0.054186,0.844303,0
20210219T145809,20210623T140144,123.9608,34,A2,-0.229887,0.042955,1
20210219T145809,20210623T140144,123.9608,35,A2,0.071829,1.166975,0
20210219T145809,20210623T140144,123.9608,36,A2,0.011954,0.128143,0
20210219T145809,20210623T140144,123.9608,37,A2,0.066974,0.318020,0
20210219T145809,20210623T140144,123.9608,38,A2,-0.026331,0.048440,1
20210219T145809,20210623T140144,123.9608,39,A2,0.284706,0.130459,1
20210219T145809,20210623T140144,123.9608,40,A2,0.014217,1.166259,0
20210219T145809,20210623T140144,123.9608,41,A2,0.048760,1.449317,0
20210219T145809,20210623T140144,123.9608,42,A2,0.107376,1.233183,0
20210219T145809,20210623T140144,123.9608,43,A2,0.220720,0.418008,1
20210219T145809,20210623T140144,123.9608,44,A2,0.133068,0.168441,1
20210219T145809,20210623T140144,123.9608,45,A2,0.379290,0.021411,1
20210219T145809,20210623T140144,123.9608,46,A2,-0.343441,0.363569,0
20210219T145809,20210623T140144,123.9608,47,A2,0.307766,0.106021,0
20210219T145809,20210623T140144,123.9608,48,A2,0.176953,0.874413,1
20210219T145809,20210623T140144,123.9608,49,A2,-0.001256,0.672028,1
20210219T145809,20210623T140144,123.9608,50,A2,0.257641,0.462901,0
20210219T145809,20210623T140144,123.9608,51,A2,0.299222,0.347762,0
20210219T145809,20210623T140144,123.9608,52,A2,0.135463,0.007792,1
20210219T145809,20210623T140144,123.9608,53,A2,-0.087396,0.477148,1
20210219T145809,20210623T140144,123.9608,54,A2,0.528205,0.375105,1
20210219T145809,20210623T140144,123.9608,55,A2,0.100880,0.043104,1
20210219T145809,20210623T140144,123.9608,56,A2,0.075317,0.946186,1
20210219T145809,20210623T140144,123.9608,57,A2,-0.205332,0.002074,1
20210219T145809,20210623T140144,123.9608,58,A2,0.455912,1.637080,0
20210219T145809,20210623T140144,123.9608,59,A2,-0.134059,0.370071,1
20210219T145809,20210623T140144,123.9608,60,A2,-0.144596,0.020047,1
20210219T145809,20210623T140144,123.9608,61,A2,0.095402,0.444118,1
20210219T145809,20210623T140144,123.9608,62,A2,-0.101527,0.000081,1
20210219T145809,20210623T140144,123.9608,63,A2,0.267297,0.000000,1
20210219T145809,20210623T140144,123.9608,64,A2,0.213919,0.927217,1
20210219T145809,20210623T140144,123.9608,65,A3,-0.001222,0.853125,1
20210219T145809,20210623T140144,123.9608,66,A3,0.274823,0.060242,1
20210219T145809,20210623T140144,123.9608,67,A3,0.516906,0.196837,0
20210219T145809,20210623T140144,123.9608,68,A3,0.155588,0.988470,1
20210219T145809,20210623T140144,123.9608,69,A3,-0.100798,0.038258,0
20210219T145809,20210623T140144,123.9608,70,A3,0.266441,0.023110,1
20210219T145809,20210623T140144,123.9608,71,A3,0.038767,0.923997,1
20210219T145809,20210623T140144,123.9608,72,A3,-0.251582,0.077212,1
20210219T145809,20210623T140144,123.9608,73,A3,0.295624,0.814187,0
20210219T145809,20210623T140144,123.9608,74,A3,0.389217,0.185935,1
20210219T145809,20210623T140144,123.9608,75,A3,0.296860,1.086390,0
20210219T145809,20210623T140144,123.9608,76,A3,-0.207084,0.175631,1
20210219T145809,20210623T140144,123.9608,77,A3,-0.316257,0.416931,0
20210219T145809,20210623T140144,123.9608,78,A3,0.189460,0.934446,1
20210219T145809,20210623T140144,123.9608,79,A3,0.058156,1.293311,0
20210219T145809,20210623T140144,123.9608,80,A3,0.162785,0.798610,1
20210219T145809,20210623T140144,123.9608,81,A3,-0.113844,0.050319,1
20210219T145809,20210623T140144,123.9608,82,A3,-0.047563,0.909568,1
20210219T145809,20210623T140144,123.9608,83,A3,0.179324,1.011311,0
20210219T145809,20210623T140144,123.9608,84,A3,0.047386,0.149843,0
20210219T145809,20210623T140144,123.9608,85,A3,-0.296932,0.720063,0
20210219T145809,20210623T140144,123.9608,86,A3,0.024578,0.841478,0
20210219T145809,20210623T140144,123.9608,87,A3,0.094905,0.038163,1
20210219T145809,20210623T140144,123.9608,88,A3,-0.016398,0.206566,0
20210219T145809,20210623T140144,123.9608,89,A3,-0.017719,0.011757,1
20210219T145809,20210623T140144,123.9608,90,A3,-0.243031,0.774779,0
20210219T145809,20210623T140144,123.9608,91,A3,-0.194407,0.002930,1
20210219T145809,20210623T140144,123.9608,92,A3,0.000921,0.385035,0
20210219T145809,20210623T140144,123.9608,93,A3,-0.100462,1.102016,0
20210219T145809,20210623T140144,123.9608,94,A3,-0.182549,0.284076,0
20210219T145809,20210623T140144,123.9608,95,A3,0.009053,0.023346,0
20210219T145809,20210623T140144,123.9608,96,A3,-0.259418,0.048725,0
20210219T145809,20210623T140144,123.9608,97,A4,0.178551,0.143489,1
20210219T145809,20210623T140144,123.9608,98,A4,0.050943,0.368499,1
20210219T145809,20210623T140144,123.9608,99,A4,0.315602,0.134010,1
20210219T145809,20210623T140144,123.9608,100,A4,-0.061325,0.625479,0
20210219T145809,20210623T140144,123.9608,101,A4,-0.032267,0.616613,0
20210219T145809,20210623T140144,123.9608,102,A4,0.145305,0.175504,0
20210219T145809,20210623T140144,123.9608,103,A4,-0.255151,0.218143,0
20210219T145809,20210623T140144,123.9608,104,A4,-0.251178,0.185561,0
20210219T145809,20210623T140144,123.9608,105,A4,0.211344,0.211342,1
20210219T145809,20210623T140144,123.9608,106,A4,-0.060727,0.125309,0
20210219T145809,20210623T140144,123.9608,107,A4,0.223323,1.089866,0
20210219T145809,20210623T140144,123.9608,108,A4,0.195634,0.948168,1
20210219T145809,20210623T140144,123.9608,109,A4,-0.147542,0.436680,1
20210219T145809,20210623T140144,123.9608,110,A4,0.204098,0.427763,0
20210219T145809,20210623T140144,123.9608,111,A4,-0.431874,0.991130,0
20210219T145809,20210623T140144,123.9608,112,A4,-0.319245,0.049815,1
20210219T145809,20210623T140144,123.9608,113,A4,-0.092980,0.151495,1
20210219T145809,20210623T140144,123.9608,114,A4,-0.147077,1.258071,0
20210219T145809,20210623T140144,123.9608,115,A4,-0.242563,0.855405,0
20210219T145809,20210623T140144,123.9608,116,A4,0.198030,0.792017,0
20210219T145809,20210623T140144,123.9608,117,A4,0.210461,0.030972,1
20210219T145809,20210623T140144,123.9608,118,A4,0.077103,0.345648,0
20210219T145809,20210623T140144,123.9608,119,A4,0.298549,0.337799,0
20210219T145809,20210623T140144,123.9608,120,A4,0.186004,0.088348,1
20210219T145809,20210623T140144,123.9608,121,A4,0.272310,0.286184,1
20210219T145809,20210623T140144,123.9608,122,A4,0.175815,0.081535,1
20210219T145809,20210623T140144,123.9608,123,A4,-0.136963,0.115246,0
20210219T145809,20210623T140144,123.9608,124,A4,0.140870,0.023204,1
20210219T145809,20210623T140144,123.9608,125,A4,-0.062569,0.346194,0
20210219T145809,20210623T140144,123.9608,126,A4,-0.144334,0.017446,1
20210219T145809,20210623T140144,123.9608,127,A4,-0.040329,0.033500,1
20210219T145809,20210623T140144,123.9608,128,A4,-0.359684,0.590257,1
20210219T145809,20210623T140144,123.9608,129,A5,0.312745,0.782520,0
20210219T145809,20210623T140144,123.9608,130,A5,0.071882,0.135840,1
20210219T145809,20210623T140144,123.9608,131,A5,-0.111186,0.550437,1
20210219T145809,20210623T140144,123.9608,132,A5,0.083842,0.770649,0
20210219T145809,20210623T140144,123.9608,133,A5,-0.327699,0.605923,0
20210219T145809,20210623T140144,123.9608,134,A5,0.267366,1.309888,0
20210219T145809,20210623T140144,123.9608,135,A5,-0.100576,0.652945,1
20210219T145809,20210623T140144,123.9608,136,A5,0.261158,0.119612,1
20210219T145809,20210623T140144,123.9608,137,A5,0.159524,1.023225,0
20210219T145809,20210623T140144,123.9608,138,A5,-0.060534,0.091778,0
20210219T145809,20210623T140144,123.9608,139,A5,-0.111721,0.429727,0
20210219T145809,20210623T140144,123.9608,140,A5,-0.049613,0.646823,0
20210219T145809,20210623T140144,123.9608,141,A5,0.375987,1.018350,0
20210219T145809,20210623T140144,123.9608,142,A5,-0.078087,0.316916,0
20210219T145809,20210623T140144,123.9608,143,A5,0.048135,1.123915,0
20210219T145809,20210623T140144,123.9608,144,A5,0.028859,1.045750,0
20210219T145809,20210623T140144,123.9608,145,A5,-0.157344,1.104049,0
20210219T145809,20210623T140144,123.9608,146,A5,-0.007969,0.284555,0
20210219T145809,20210623T140144,123.9608,147,A5,-0.198045,0.168776,0
20210219T145809,20210623T140144,123.9608,148,A5,-0.087469,0.270599,1
20210219T145809,20210623T140144,123.9608,149,A5,-0.175895,0.504383,0
20210219T145809,20210623T140144,123.9608,150,A5,-0.004729,0.300925,1
20210219T145809,20210623T140144,123.9608,151,A5,-0.383851,0.004798,1
20210219T145809,20210623T140144,123.9608,152,A5,-0.177596,0.088790,0
20210219T145809,20210623T140144,123.9608,153,A5,0.234357,0.160765,1
20210219T145809,20210623T140144,123.9608,154,A5,0.046950,0.010627,1
20210219T145809,20210623T140144,123.9608,155,A5,0.065213,0.870038,1
20210219T145809,20210623T140144,123.9608,156,A5,-0.079323,0.345211,0
20210219T145809,20210623T140144,123.9608,157,A5,-0.217160,0.202076,1
20210219T145809,20210623T140144,123.9608,158,A5,-0.147011,0.840245,1
20210219T145809,20210623T140144,123.9608,159,A5,0.114955,0.549686,1
20210219T145809,20210623T140144,123.9608,160,A5,0.076076,0.686938,0
20210219T145809,20210625T141512,125.9702,1,A1,-0.290522,0.169849,1
20210219T145809,20210625T141512,125.9702,2,A1,0.182893,0.948317,1
20210219T145809,20210625T141512,125.9702,3,A1,-0.040116,1.827009,0
20210219T145809,20210625T141512,125.9702,4,A1,0.347920,1.987401,0
20210219T145809,20210625T141512,125.9702,5,A1,-0.108609,0.428130,1
20210219T145809,20210625T141512,125.9702,6,A1,-0.176775,0.116869,1
20210219T145809,20210625T141512,125.9702,7,A1,-0.205851,0.021579,1
20210219T145809,20210625T141512,125.9702,8,A1,0.393912,0.513024,0
20210219T145809,20210625T141512,125.9702,9,A1,-0.383347,2.000000,0
20210219T145809,20210625T141512,125.9702,10,A1,-0.297766,1.630325,0
20210219T145809,20210625T141512,125.9702,11,A1,0.168448,0.905629,1
20210219T145809,20210625T141512,125.9702,12,A1,0.016058,1.408720,0
20210219T145809,20210625T141512,125.9702,13,A1,-0.039897,0.017467,1
20210219T145809,20210625T141512,125.9702,14,A1,0.161309,0.614263,1
20210219T145809,20210625T141512,125.9702,15,A1,-0.071999,0.436344,1
20210219T145809,20210625T141512,125.9702,16,A1,-0.088063,1.115181,0
20210219T145809,20210625T141512,125.9702,17,A1,-0.058165,1.312231,0
20210219T145809,20210625T141512,125.9702,18,A1,-0.204604,0.120526,1
20210219T145809,20210625T141512,125.9702,19,A1,0.327340,0.934426,1
20210219T145809,20210625T141512,125.9702,20,A1,0.040130,0.275087,1
20210219T145809,20210625T141512,125.9702,21,A1,0.219047,0.163700,1
20210219T145809,20210625T141512,125.9702,22,A1,-0.129839,0.932497,1
20210219T145809,20210625T141512,125.9702,23,A1,-0.116426,0.359882,0
20210219T145809,20210625T141512,125.9702,24,A1,-0.505685,2.000000,0
20210219T145809,20210625T141512,125.9702,25,A1,-0.011984,1.189312,0
20210219T145809,20210625T141512,125.9702,26,A1,-0.051939,0.838006,1
20210219T145809,20210625T141512,125.9702,27,A1,0.403086,0.106145,1
20210219T145809,20210625T141512,125.9702,28,A1,0.216596,0.835001,1
20210219T145809,20210625T141512,125.9702,29,A1,0.013386,0.463515,1
20210219T145809,20210625T141512,125.9702,30,A1,0.174334,1.012234,0
20210219T145809,20210625T141512,125.9702,31,A1,-0.073889,0.268099,1
20210219T145809,20210625T141512,125.9702,32,A1,0.001713,1.823530,0
20210219T145809,20210625T141512,125.9702,33,A2,-0.089124,0.898651,0
20210219T145809,20210625T141512,125.9702,34,A2,-0.144036,0.210819,0
20210219T145809,20210625T141512,125.9702,35,A2,0.194744,0.137171,1
20210219T145809,20210625T141512,125.9702,36,A2,0.071660,0.145039,0
20210219T145809,20210625T141512,125.9702,37,A2,0.168837,0.645524,0
20210219T145809,20210625T141512,125.9702,38,A2,0.187414,1.031693,0
20210219T145809,20210625T141512,125.9702,39,A2,-0.062847,0.375643,1
20210219T145809,20210625T141512,125.9702,40,A2,-0.207055,0.833741,1
20210219T145809,20210625T141512,125.9702,41,A2,0.305492,1.783781,0
20210219T145809,20210625T141512,125.9702,42,A2,-0.141603,1.568370,0
20210219T145809,20210625T141512,125.9702,43,A2,-0.247575,0.056491,1
20210219T145809,20210625T141512,125.9702,44,A2,-0.064654,0.592592,1
20210219T145809,20210625T141512,125.9702,45,A2,0.127075,0.933626,1
20210219T145809,20210625T141512,125.9702,46,A2,-0.124208,1.129792,0
20210219T145809,20210625T141512,125.9702,47,A2,0.361997,0.346479,0
20210219T145809,20210625T141512,125.9702,48,A2,-0.055345,0.312218,1
20210219T145809,20210625T141512,125.9702,49,A2,0.309623,0.206854,1
20210219T145809,20210625T141512,125.9702,50,A2,-0.222358,0.236519,0
20210219T145809,20210625T141512,125.9702,51,A2,-0.370985,0.899076,1
20210219T145809,20210625T141512,125.9702,52,A2,0.026686,0.991450,0
20210219T145809,20210625T141512,125.9702,53,A2,-0.215083,0.944200,0
20210219T145809,20210625T141512,125.9702,54,A2,0.560380,0.422997,1
20210219T145809,20210625T141512,125.9702,55,A2,0.046178,0.052740,1
20210219T145809,20210625T141512,125.9702,56,A2,0.168349,0.280374,0
20210219T145809,20210625T141512,125.9702,57,A2,-0.252428,0.066603,1
20210219T145809,20210625T141512,125.9702,58,A2,0.156828,0.039120,1
20210219T145809,20210625T141512,125.9702,59,A2,-0.143587,1.092717,0
20210219T145809,20210625T141512,125.9702,60,A2,-0.082191,0.145586,0
20210219T145809,20210625T141512,125.9702,61,A2,0.196675,0.177778,0
20210219T145809,20210625T141512,125.9702,62,A2,-0.115941,0.777291,1
20210219T145809,20210625T141512,125.9702,63,A2,-0.079624,0.653055,1
20210219T145809,20210625T141512,125.9702,64,A2,0.174646,0.374664,0
20210219T145809,20210625T141512,125.9702,65,A3,0.198043,0.012923,1
20210219T145809,20210625T141512,125.9702,66,A3,-0.194424,1.254146,0
20210219T145809,20210625T141512,125.9702,67,A3,0.269706,0.272887,0
20210219T145809,20210625T141512,125.9702,68,A3,0.067655,0.988470,1
20210219T145809,20210625T141512,125.9702,69,A3,0.034364,0.003898,1
20210219T145809,20210625T141512,125.9702,70,A3,0.136853,0.256921,1
20210219T145809,20210625T141512,125.9702,71,A3,-0.120334,0.774536,0
20210219T145809,20210625T141512,125.9702,72,A3,-0.395884,0.715040,1
20210219T145809,20210625T141512,125.9702,73,A3,0.101848,0.374686,1
20210219T145809,20210625T141512,125.9702,74,A3,0.022685,1.026557,0
20210219T145809,20210625T141512,125.9702,75,A3,-0.208078,0.399869,0
20210219T145809,20210625T141512,125.9702,76,A3,0.044478,0.732573,1
20210219T145809,20210625T141512,125.9702,77,A3,0.042799,0.657410,0
20210219T145809,20210625T141512,125.9702,78,A3,-0.069777,1.060326,0
20210219T145809,20210625T141512,125.9702,79,A3,0.025259,0.535837,1
20210219T145809,20210625T141512,125.9702,80,A3,0.119973,1.617098,0
20210219T145809,20210625T141512,125.9702,81,A3,0.145611,0.375400,1
20210219T145809,20210625T141512,125.9702,82,A3,-0.196081,0.637713,1
20210219T145809,20210625T141512,125.9702,83,A3,-0.099367,0.077092,1
20210219T145809,20210625T141512,125.9702,84,A3,-0.330857,0.538884,0
20210219T145809,20210625T141512,125.9702,85,A3,-0.025357,0.298768,0
20210219T145809,20210625T141512,125.9702,86,A3,0.042471,1.118578,0
20210219T145809,20210625T141512,125.9702,87,A3,0.110001,0.340902,1
20210219T145809,20210625T141512,125.9702,88,A3,-0.026210,1.074882,0
20210219T145809,20210625T141512,125.9702,89,A3,-0.207348,0.936302,1
20210219T145809,20210625T141512,125.9702,90,A3,0.201490,0.462419,0
20210219T145809,20210625T141512,125.9702,91,A3,-0.144390,0.304084,0
20210219T145809,20210625T141512,125.9702,92,A3,0.014780,0.336750,0
20210219T145809,20210625T141512,125.9702,93,A3,-0.027302,0.777469,1
20210219T145809,20210625T141512,125.9702,94,A3,-0.240191,0.029375,1
20210219T145809,20210625T141512,125.9702,95,A3,-0.253698,0.775302,0
20210219T145809,20210625T141512,125.9702,96,A3,0.371557,0.014453,1
20210219T145809,20210625T141512,125.9702,97,A4,-0.156027,0.353462,0
20210219T145809,20210625T141512,125.9702,98,A4,-0.340216,0.092967,1
20210219T145809,20210625T141512,125.9702,99,A4,0.249807,0.330440,0
20210219T145809,20210625T141512,125.9702,100,A4,0.193221,0.480219,1
20210219T145809,20210625T141512,125.9702,101,A4,-0.127602,0.049860,1
20210219T145809,20210625T141512,125.9702,102,A4,-0.034866,0.495624,0
20210219T145809,20210625T141512,125.9702,103,A4,-0.309509,0.333395,0
20210219T145809,20210625T141512,125.9702,104,A4,-0.123424,0.274247,1
20210219T145809,20210625T141512,125.9702,105,A4,0.113819,1.059391,0
20210219T145809,20210625T141512,125.9702,106,A4,0.040895,0.015211,1
20210219T145809,20210625T141512,125.9702,107,A4,0.209707,0.201138,1
20210219T145809,20210625T141512,125.9702,108,A4,-0.147651,0.487377,0
20210219T145809,20210625T141512,125.9702,109,A4,0.153411,1.472561,0
20210219T145809,20210625T141512,125.9702,110,A4,-0.050670,0.528630,0
20210219T145809,20210625T141512,125.9702,111,A4,0.129055,0.487014,1
20210219T145809,20210625T141512,125.9702,112,A4,0.336800,1.072097,0
20210219T145809,20210625T141512,125.9702,113,A4,-0.208735,0.254193,1
20210219T145809,20210625T141512,125.9702,114,A4,0.263417,0.211642,1
20210219T145809,20210625T141512,125.9702,115,A4,-0.162060,0.645917,0
20210219T145809,20210625T141512,125.9702,116,A4,0.164143,0.198475,0
20210219T145809,20210625T141512,125.9702,117,A4,0.140275,0.154183,1
20210219T145809,20210625T141512,125.9702,118,A4,0.023135,0.194677,0
20210219T145809,20210625T141512,125.9702,119,A4,0.192102,0.262454,1
20210219T145809,20210625T141512,125.9702,120,A4,0.171328,0.557311,1
20210219T145809,20210625T141512,125.9702,121,A4,-0.049448,0.049853,0
20210219T145809,20210625T141512,125.9702,122,A4,0.370466,0.526790,0
20210219T145809,20210625T141512,125.9702,123,A4,0.253449,0.034859,1
20210219T145809,20210625T141512,125.9702,124,A4,0.258711,0.788903,1
20210219T145809,20210625T141512,125.9702,125,A4,-0.104273,0.454083,1
20210219T145809,20210625T141512,125.9702,126,A4,0.232316,0.060069,0
20210219T145809,20210625T141512,125.9702,127,A4,0.053691,1.002744,0
20210219T145809,20210625T141512,125.9702,128,A4,0.006135,0.218903,1
20210219T145809,20210625T141512,125.9702,129,A5,0.499146,1.257291,0
20210219T145809,20210625T141512,125.9702,130,A5,-0.040600,1.023152,0
20210219T145809,20210625T141512,125.9702,131,A5,-0.169177,1.449563,0
20210219T145809,20210625T141512,125.9702,132,A5,0.215587,0.797483,0
20210219T145809,20210625T141512,125.9702,133,A5,-0.075529,0.920625,0
20210219T145809,20210625T141512,125.9702,134,A5,0.137366,2.000000,0
20210219T145809,20210625T141512,125.9702,135,A5,0.015925,0.615985,1
20210219T145809,20210625T141512,125.9702,136,A5,0.415900,0.690922,1
20210219T145809,20210625T141512,125.9702,137,A5,0.068137,0.264846,1
20210219T145809,20210625T141512,125.9702,138,A5,-0.298801,0.982864,1
20210219T145809,20210625T141512,125.9702,139,A5,-0.236547,0.277379,0
20210219T145809,20210625T141512,125.9702,140,A5,0.346818,0.807586,0
20210219T145809,20210625T141512,125.9702,141,A5,0.112346,1.131924,0
20210219T145809,20210625T141512,125.9702,142,A5,0.081200,0.533641,0
20210219T145809,20210625T141512,125.9702,143,A5,-0.184540,1.123915,0
20210219T145809,20210625T141512,125.9702,144,A5,0.179965,0.434563,1
20210219T145809,20210625T141512,125.9702,145,A5,-0.056450,0.895951,1
20210219T145809,20210625T141512,125.9702,146,A5,0.133933,1.085862,0
20210219T145809,20210625T141512,125.9702,147,A5,0.283848,0.859343,1
20210219T145809,20210625T141512,125.9702,148,A5,0.117266,0.672465,1
20210219T145809,20210625T141512,125.9702,149,A5,0.137157,0.927885,1
20210219T145809,20210625T141512,125.9702,150,A5,-0.113753,1.877339,0
20210219T145809,20210625T141512,125.9702,151,A5,-0.195564,0.193815,0
20210219T145809,20210625T141512,125.9702,152,A5,0.090164,0.787487,1
20210219T145809,20210625T141512,125.9702,153,A5,0.021975,0.828548,1
20210219T145809,20210625T141512,125.9702,154,A5,0.288479,0.884599,1
20210219T145809,20210625T141512,125.9702,155,A5,0.237996,1.384992,0
20210219T145809,20210625T141512,125.9702,156,A5,-0.367866,1.106515,0
20210219T145809,20210625T141512,125.9702,157,A5,0.000626,1.066239,0
20210219T145809,20210625T141512,125.9702,158,A5,0.017220,0.966217,1
20210219T145809,20210625T141512,125.9702,159,A5,0.000761,0.979604,0
20210219T145809,20210625T141512,125.9702,160,A5,0.399031,0.696784,1
20210610T132106,20210618T123111,7.9653,1,A1,0.278113,1.362567,0
20210610T132106,20210618T123111,7.9653,2,A1,0.045428,0.394596,0
20210610T132106,20210618T123111,7.9653,3,A1,-0.108693,0.704751,0
20210610T132106,20210618T123111,7.9653,4,A1,-0.124101,1.710584,0
20210610T132106,20210618T123111,7.9653,5,A1,-0.095563,1.481268,0
20210610T132106,20210618T123111,7.9653,6,A1,0.166779,1.006703,0
20210610T132106,20210618T123111,7.9653,7,A1,0.105052,0.615749,1
20210610T132106,20210618T123111,7.9653,8,A1,0.468140,0.112301,1
20210610T132106,20210618T123111,7.9653,9,A1,-0.009723,1.155340,0
20210610T132106,20210618T123111,7.9653,10,A1,0.033124,0.679173,1
20210610T132106,20210618T123111,7.9653,11,A1,-0.305491,1.032573,0
20210610T132106,20210618T123111,7.9653,12,A1,0.295780,0.240599,1
20210610T132106,20210618T123111,7.9653,13,A1,-0.084231,0.578638,0
20210610T132106,20210618T123111,7.9653,14,A1,0.030802,0.144902,1
20210610T132106,20210618T123111,7.9653,15,A1,0.032387,0.827740,1
20210610T132106,20210618T123111,7.9653,16,A1,-0.369912,0.731021,0
20210610T132106,20210618T123111,7.9653,17,A1,-0.186484,0.867312,1
20210610T132106,20210618T123111,7.9653,18,A1,-0.300842,0.439411,0
20210610T132106,20210618T123111,7.9653,19,A1,0.434120,1.110228,0
20210610T132106,20210618T123111,7.9653,20,A1,0.761106,0.103388,1
20210610T132106,20210618T123111,7.9653,21,A1,-0.155108,0.205043,1
20210610T132106,20210618T123111,7.9653,22,A1,0.087196,0.456673,0
20210610T132106,20210618T123111,7.9653,23,A1,-0.240554,0.510041,0
20210610T132106,20210618T123111,7.9653,24,A1,0.355173,0.000000,1
20210610T132106,20210618T123111,7.9653,25,A1,0.252594,0.065654,1
20210610T132106,20210618T123111,7.9653,26,A1,-0.080478,0.802649,1
20210610T132106,20210618T123111,7.9653,27,A1,0.074543,1.211729,0
20210610T132106,20210618T123111,7.9653,28,A1,0.521004,1.169828,0
20210610T132106,20210618T123111,7.9653,29,A1,0.263532,0.271398,0
20210610T132106,20210618T123111,7.9653,30,A1,0.051620,0.541308,0
20210610T132106,20210618T123111,7.9653,31,A1,0.312660,0.070436,1
20210610T132106,20210618T123111,7.9653,32,A1,0.591789,0.000000,1
20210610T132106,20210618T123111,7.9653,33,A2,-0.173356,0.022072,1
20210610T132106,20210618T123111,7.9653,34,A2,-0.161599,0.015509,1
20210610T132106,20210618T123111,7.9653,35,A2,0.136859,0.072713,1
20210610T132106,20210618T123111,7.9653,36,A2,0.277123,0.081284,1
20210610T132106,20210618T123111,7.9653,37,A2,0.070590,1.200232,0
20210610T132106,20210618T123111,7.9653,38,A2,0.195814,0.116034,1
20210610T132106,20210618T123111,7.9653,39,A2,-0.116098,0.571546,0
20210610T132106,20210618T123111,7.9653,40,A2,-0.005416,0.649240,1
20210610T132106,20210618T123111,7.9653,41,A2,0.253146,0.510778,1
20210610T132106,20210618T123111,7.9653,42,A2,-0.124518,1.276632,0
20210610T132106,20210618T123111,7.9653,43,A2,-0.022951,0.429160,1
20210610T132106,20210618T123111,7.9653,44,A2,-0.223593,0.314375,1
20210610T132106,20210618T123111,7.9653,45,A2,0.155977,0.456965,1
20210610T132106,20210618T123111,7.9653,46,A2,-0.151536,1.132067,0
20210610T132106,20210618T123111,7.9653,47,A2,0.165531,0.658322,1
20210610T132106,20210618T123111,7.9653,48,A2,-0.312101,0.821601,1
20210610T132106,20210618T123111,7.9653,49,A2,0.245905,0.029780,1
20210610T132106,20210618T123111,7.9653,50,A2,0.234008,0.294333,0
20210610T132106,20210618T123111,7.9653,51,A2,-0.025554,0.029088,1
20210610T132106,20210618T123111,7.9653,52,A2,0.016253,0.414320,1
20210610T132106,20210618T123111,7.9653,53,A2,-0.037987,0.341460,1
20210610T132106,20210618T123111,7.9653,54,A2,0.305785,0.063464,1
20210610T132106,20210618T123111,7.9653,55,A2,0.348037,0.151958,1
20210610T132106,20210618T123111,7.9653,56,A2,0.252733,0.292279,1
20210610T132106,20210618T123111,7.9653,57,A2,-0.009482,1.313370,0
20210610T132106,20210618T123111,7.9653,58,A2,-0.076415,0.974734,1
20210610T132106,20210618T123111,7.9653,59,A2,0.117040,0.160629,0
20210610T132106,20210618T123111,7.9653,60,A2,0.006528,0.213266,1
20210610T132106,20210618T123111,7.9653,61,A2,0.244876,1.215281,0
20210610T132106,20210618T123111,7.9653,62,A2,0.352968,0.070866,0
20210610T132106,20210618T123111,7.9653,63,A2,-0.127891,0.634445,1
20210610T132106,20210618T123111,7.9653,64,A2,0.023146,0.045003,1
20210610T132106,20210618T123111,7.9653,65,A3,0.022876,1.336338,0
20210610T132106,20210618T123111,7.9653,66,A3,0.124584,0.097064,1
20210610T132106,20210618T123111,7.9653,67,A3,0.203978,0.784096,1
20210610T132106,20210618T123111,7.9653,68,A3,-0.084887,0.318758,1
20210610T132106,20210618T123111,7.9653,69,A3,0.229136,1.701499,0
20210610T132106,20210618T123111,7.9653,70,A3,0.015642,1.064513,0
20210610T132106,20210618T123111,7.9653,71,A3,0.209795,0.486526,1
20210610T132106,20210618T123111,7.9653,72,A3,-0.174244,0.068013,1
20210610T132106,20210618T123111,7.9653,73,A3,-0.143755,0.472899,0
20210610T132106,20210618T123111,7.9653,74,A3,0.270989,0.531025,0
20210610T132106,20210618T123111,7.9653,75,A3,0.157387,0.239820,0
20210610T132106,20210618T123111,7.9653,76,A3,-0.283442,0.779364,1
20210610T132106,20210618T123111,7.9653,77,A3,-0.081936,0.292841,1
20210610T132106,20210618T123111,7.9653,78,A3,-0.161033,0.150243,0
20210610T132106,20210618T123111,7.9653,79,A3,0.235039,0.425309,0
20210610T132106,20210618T123111,7.9653,80,A3,-0.135244,1.106010,0
20210610T132106,20210618T123111,7.9653,81,A3,-0.292459,0.703622,0
20210610T132106,20210618T123111,7.9653,82,A3,0.299298,0.612714,0
20210610T132106,20210618T123111,7.9653,83,A3,0.193902,0.042498,1
20210610T132106,20210618T123111,7.9653,84,A3,0.121318,0.234360,0
20210610T132106,20210618T123111,7.9653,85,A3,-0.038326,0.300222,0
20210610T132106,20210618T123111,7.9653,86,A3,0.060390,0.110722,1
20210610T132106,20210618T123111,7.9653,87,A3,0.091197,0.516543,1
20210610T132106,20210618T123111,7.9653,88,A3,-0.171332,0.609772,0
20210610T132106,20210618T123111,7.9653,89,A3,-0.171727,1.075418,0
20210610T132106,20210618T123111,7.9653,90,A3,-0.331829,0.060575,0
20210610T132106,20210618T123111,7.9653,91,A3,0.053997,0.898443,1
20210610T132106,20210618T123111,7.9653,92,A3,-0.094872,0.950050,1
20210610T132106,20210618T123111,7.9653,93,A3,0.190815,0.157779,1
20210610T132106,20210618T123111,7.9653,94,A3,-0.129642,0.025865,0
20210610T132106,20210618T123111,7.9653,95,A3,0.168412,0.187316,0
20210610T132106,20210618T123111,7.9653,96,A3,-0.002728,0.619771,0
20210610T132106,20210618T123111,7.9653,97,A4,0.390208,0.512523,1
20210610T132106,20210618T123111,7.9653,98,A4,-0.223656,0.198779,0
20210610T132106,20210618T123111,7.9653,99,A4,0.361208,0.418608,0
20210610T132106,20210618T123111,7.9653,100,A4,0.365310,0.207486,0
20210610T132106,20210618T123111,7.9653,101,A4,-0.047921,1.149910,0
20210610T132106,20210618T123111,7.9653,102,A4,0.338579,0.283962,1
20210610T132106,20210618T123111,7.9653,103,A4,0.635884,0.176606,1
20210610T132106,20210618T123111,7.9653,104,A4,-0.001788,0.450554,0
20210610T132106,20210618T123111,7.9653,105,A4,0.142738,0.036190,1
20210610T132106,20210618T123111,7.9653,106,A4,-0.058714,0.327990,0
20210610T132106,20210618T123111,7.9653,107,A4,0.181673,0.288607,0
20210610T132106,20210618T123111,7.9653,108,A4,0.207414,0.046031,1
20210610T132106,20210618T123111,7.9653,109,A4,-0.201324,0.534357,0
20210610T132106,20210618T123111,7.9653,110,A4,0.109205,0.225609,0
20210610T132106,20210618T123111,7.9653,111,A4,0.371592,0.023225,1
20210610T132106,20210618T123111,7.9653,112,A4,0.077895,0.145482,0
20210610T132106,20210618T123111,7.9653,113,A4,0.137024,0.079542,1
20210610T132106,20210618T123111,7.9653,114,A4,0.157344,0.263027,1
20210610T132106,20210618T123111,7.9653,115,A4,0.415889,0.113067,1
20210610T132106,20210618T123111,7.9653,116,A4,0.466036,0.306825,1
20210610T132106,20210618T123111,7.9653,117,A4,0.082037,0.544647,1
20210610T132106,20210618T123111,7.9653,118,A4,0.632447,0.140121,1
20210610T132106,20210618T123111,7.9653,119,A4,0.293834,0.192798,1
20210610T132106,20210618T123111,7.9653,120,A4,0.215140,0.063936,1
20210610T132106,20210618T123111,7.9653,121,A4,0.702439,0.269215,1
20210610T132106,20210618T123111,7.9653,122,A4,0.020837,0.409068,0
20210610T132106,20210618T123111,7.9653,123,A4,0.054489,0.762829,0
20210610T132106,20210618T123111,7.9653,124,A4,0.215777,0.027857,1
20210610T132106,20210618T123111,7.9653,125,A4,0.835943,0.035749,1
20210610T132106,20210618T123111,7.9653,126,A4,0.018049,0.027329,1
20210610T132106,20210618T123111,7.9653,127,A4,0.604140,0.324998,0
20210610T132106,20210618T123111,7.9653,128,A4,-0.152668,0.142267,1
20210610T132106,20210618T123111,7.9653,129,A5,0.208877,0.822372,1
20210610T132106,20210618T123111,7.9653,130,A5,0.312957,0.836368,0
20210610T132106,20210618T123111,7.9653,131,A5,0.234479,1.140014,0
20210610T132106,20210618T123111,7.9653,132,A5,-0.248388,1.200021,0
20210610T132106,20210618T123111,7.9653,133,A5,0.011728,0.172629,1
20210610T132106,20210618T123111,7.9653,134,A5,0.347013,0.380705,1
20210610T132106,20210618T123111,7.9653,135,A5,-0.266570,0.422415,0
20210610T132106,20210618T123111,7.9653,136,A5,0.329003,0.230258,1
20210610T132106,20210618T123111,7.9653,137,A5,-0.230370,0.530359,1
20210610T132106,20210618T123111,7.9653,138,A5,0.022400,0.945431,1
20210610T132106,20210618T123111,7.9653,139,A5,-0.284618,0.160396,1
20210610T132106,20210618T123111,7.9653,140,A5,0.033421,0.994063,1
20210610T132106,20210618T123111,7.9653,141,A5,-0.223310,0.992027,1
20210610T132106,20210618T123111,7.9653,142,A5,0.010291,0.335855,0
20210610T132106,20210618T123111,7.9653,143,A5,0.162174,0.740072,0
20210610T132106,20210618T123111,7.9653,144,A5,-0.205338,0.963186,1
20210610T132106,20210618T123111,7.9653,145,A5,0.687801,1.127975,0
20210610T132106,20210618T123111,7.9653,146,A5,0.079160,1.137888,0
20210610T132106,20210618T123111,7.9653,147,A5,-0.282044,0.238558,0
20210610T132106,20210618T123111,7.9653,148,A5,-0.169860,2.000000,0
20210610T132106,20210618T123111,7.9653,149,A5,0.095015,0.358983,1
20210610T132106,20210618T123111,7.9653,150,A5,0.192613,1.125692,0
20210610T132106,20210618T123111,7.9653,151,A5,0.361472,0.900769,0
20210610T132106,20210618T123111,7.9653,152,A5,-0.088443,0.820037,1
20210610T132106,20210618T123111,7.9653,153,A5,0.166014,0.650333,0
20210610T132106,20210618T123111,7.9653,154,A5,0.077289,0.928135,0
20210610T132106,20210618T123111,7.9653,155,A5,-0.036475,0.421825,1
20210610T132106,20210618T123111,7.9653,156,A5,0.123115,0.213825,0
20210610T132106,20210618T123111,7.9653,157,A5,0.376195,0.949207,0
20210610T132106,20210618T123111,7.9653,158,A5,-0.192689,0.993237,1
20210610T132106,20210618T123111,7.9653,159,A5,-0.034564,0.462972,1
20210610T132106,20210618T123111,7.9653,160,A5,-0.093680,0.032018,1
20210610T132106,20210623T140144,13.0282,1,A1,-0.054528,0.972859,1
20210610T132106,20210623T140144,13.0282,2,A1,0.155702,0.425576,0
20210610T132106,20210623T140144,13.0282,3,A1,0.406212,0.438153,1
20210610T132106,20210623T140144,13.0282,4,A1,0.174354,1.710584,0
20210610T132106,20210623T140144,13.0282,5,A1,0.052632,0.507125,0
20210610T132106,20210623T140144,13.0282,6,A1,-0.068124,0.243347,0
20210610T132106,20210623T140144,13.0282,7,A1,0.166749,0.234723,1
20210610T132106,20210623T140144,13.0282,8,A1,0.435883,0.062154,1
20210610T132106,20210623T140144,13.0282,9,A1,-0.235390,1.379266,0
20210610T132106,20210623T140144,13.0282,10,A1,-0.300104,0.380171,0
20210610T132106,20210623T140144,13.0282,11,A1,-0.341416,0.127585,0
20210610T132106,20210623T140144,13.0282,12,A1,0.300480,0.105400,1
20210610T132106,20210623T140144,13.0282,13,A1,-0.275946,0.252571,0
20210610T132106,20210623T140144,13.0282,14,A1,-0.147404,0.099933,1
20210610T132106,20210623T140144,13.0282,15,A1,-0.296997,0.090820,1
20210610T132106,20210623T140144,13.0282,16,A1,-0.040091,0.202927,1
20210610T132106,20210623T140144,13.0282,17,A1,0.002382,0.867312,1
20210610T132106,20210623T140144,13.0282,18,A1,0.105591,0.090096,1
20210610T132106,20210623T140144,13.0282,19,A1,0.230913,0.694112,1
20210610T132106,20210623T140144,13.0282,20,A1,0.730930,0.087465,1
20210610T132106,20210623T140144,13.0282,21,A1,-0.104349,0.345340,1
20210610T132106,20210623T140144,13.0282,22,A1,-0.031652,0.323770,1
20210610T132106,20210623T140144,13.0282,23,A1,0.095830,0.514872,0
20210610T132106,20210623T140144,13.0282,24,A1,0.507228,0.000000,1
20210610T132106,20210623T140144,13.0282,25,A1,-0.180623,0.510565,1
20210610T132106,20210623T140144,13.0282,26,A1,0.130085,0.065700,1
20210610T132106,20210623T140144,13.0282,27,A1,0.136049,0.845718,1
20210610T132106,20210623T140144,13.0282,28,A1,0.596951,0.830172,1
20210610T132106,20210623T140144,13.0282,29,A1,-0.072519,0.019973,1
20210610T132106,20210623T140144,13.0282,30,A1,0.035116,0.565167,0
20210610T132106,20210623T140144,13.0282,31,A1,0.341255,0.427219,1
20210610T132106,20210623T140144,13.0282,32,A1,0.559553,0.000000,1
20210610T132106,20210623T140144,13.0282,33,A2,0.172817,0.185735,1
20210610T132106,20210623T140144,13.0282,34,A2,0.382301,0.059211,1
20210610T132106,20210623T140144,13.0282,35,A2,-0.097191,0.778248,1
20210610T132106,20210623T140144,13.0282,36,A2,0.413056,0.012861,1
20210610T132106,20210623T140144,13.0282,37,A2,-0.095670,1.265949,0
20210610T132106,20210623T140144,13.0282,38,A2,0.258197,0.229732,1
20210610T132106,20210623T140144,13.0282,39,A2,-0.248814,0.682246,0
20210610T132106,20210623T140144,13.0282,40,A2,0.417114,2.000000,0
20210610T132106,20210623T140144,13.0282,41,A2,0.408622,0.039905,1
20210610T132106,20210623T140144,13.0282,42,A2,0.225712,1.662508,0
20210610T132106,20210623T140144,13.0282,43,A2,0.346371,0.354406,1
20210610T132106,20210623T140144,13.0282,44,A2,-0.374445,0.446071,1
20210610T132106,20210623T140144,13.0282,45,A2,-0.091585,0.044629,1
20210610T132106,20210623T140144,13.0282,46,A2,0.055126,0.685975,1
20210610T132106,20210623T140144,13.0282,47,A2,-0.073349,0.957688,1
20210610T132106,20210623T140144,13.0282,48,A2,-0.080381,0.000000,1
20210610T132106,20210623T140144,13.0282,49,A2,0.225615,0.329377,1
20210610T132106,20210623T140144,13.0282,50,A2,0.117438,0.470530,0
20210610T132106,20210623T140144,13.0282,51,A2,-0.063833,1.227911,0
20210610T132106,20210623T140144,13.0282,52,A2,0.031198,0.190511,0
20210610T132106,20210623T140144,13.0282,53,A2,-0.111613,1.147828,0
20210610T132106,20210623T140144,13.0282,54,A2,0.339242,0.172790,0
20210610T132106,20210623T140144,13.0282,55,A2,0.506999,0.271715,1
20210610T132106,20210623T140144,13.0282,56,A2,0.228670,1.529613,0
20210610T132106,20210623T140144,13.0282,57,A2,0.246315,0.421273,0
20210610T132106,20210623T140144,13.0282,58,A2,0.379542,0.323800,1
20210610T132106,20210623T140144,13.0282,59,A2,0.442219,0.870331,1
20210610T132106,20210623T140144,13.0282,60,A2,0.479496,0.245584,0
20210610T132106,20210623T140144,13.0282,61,A2,-0.160218,0.514012,1
20210610T132106,20210623T140144,13.0282,62,A2,-0.126021,0.013650,1
20210610T132106,20210623T140144,13.0282,63,A2,-0.227132,0.713574,1
20210610T132106,20210623T140144,13.0282,64,A2,0.205988,1.170268,0
20210610T132106,20210623T140144,13.0282,65,A3,-0.164062,1.133952,0
20210610T132106,20210623T140144,13.0282,66,A3,-0.192766,0.062712,1
20210610T132106,20210623T140144,13.0282,67,A3,0.096572,0.139884,1
20210610T132106,20210623T140144,13.0282,68,A3,-0.201023,1.106204,0
20210610T132106,20210623T140144,13.0282,69,A3,0.147970,0.977795,1
20210610T132106,20210623T140144,13.0282,70,A3,0.118139,0.995501,1
20210610T132106,20210623T140144,13.0282,71,A3,0.033727,1.117662,0
20210610T132106,20210623T140144,13.0282,72,A3,-0.145967,0.083141,0
20210610T132106,20210623T140144,13.0282,73,A3,-0.045986,0.622218,0
20210610T132106,20210623T140144,13.0282,74,A3,0.014250,0.742887,0
20210610T132106,20210623T140144,13.0282,75,A3,0.067342,1.007557,0
20210610T132106,20210623T140144,13.0282,76,A3,-0.024832,1.186057,0
20210610T132106,20210623T140144,13.0282,77,A3,0.065838,0.277156,0
20210610T132106,20210623T140144,13.0282,78,A3,0.170513,0.110449,0
20210610T132106,20210623T140144,13.0282,79,A3,0.043561,0.033956,1
20210610T132106,20210623T140144,13.0282,80,A3,0.189596,0.391717,1
20210610T132106,20210623T140144,13.0282,81,A3,0.347714,0.705646,0
20210610T132106,20210623T140144,13.0282,82,A3,-0.134298,0.453227,1
20210610T132106,20210623T140144,13.0282,83,A3,0.184988,0.574102,1
20210610T132106,20210623T140144,13.0282,84,A3,-0.195583,0.053701,1
20210610T132106,20210623T140144,13.0282,85,A3,0.025141,0.619080,1
20210610T132106,20210623T140144,13.0282,86,A3,-0.190007,0.523732,0
20210610T132106,20210623T140144,13.0282,87,A3,0.252712,0.602888,0
20210610T132106,20210623T140144,13.0282,88,A3,-0.305565,0.266957,1
20210610T132106,20210623T140144,13.0282,89,A3,-0.057714,0.148039,0
20210610T132106,20210623T140144,13.0282,90,A3,0.060051,0.611525,0
20210610T132106,20210623T140144,13.0282,91,A3,0.141171,1.004201,0
20210610T132106,20210623T140144,13.0282,92,A3,-0.281014,1.124854,0
20210610T132106,20210623T140144,13.0282,93,A3,-0.032106,0.888876,1
20210610T132106,20210623T140144,13.0282,94,A3,-0.089261,0.101618,1
20210610T132106,20210623T140144,13.0282,95,A3,0.145850,0.168644,0
20210610T132106,20210623T140144,13.0282,96,A3,0.104475,0.405541,0
20210610T132106,20210623T140144,13.0282,97,A4,-0.035777,0.136399,1
20210610T132106,20210623T140144,13.0282,98,A4,0.056707,0.202572,1
20210610T132106,20210623T140144,13.0282,99,A4,-0.358800,0.438701,0
20210610T132106,20210623T140144,13.0282,100,A4,0.386250,0.165220,1
20210610T132106,20210623T140144,13.0282,101,A4,-0.021965,0.221658,1
20210610T132106,20210623T140144,13.0282,102,A4,-0.051590,0.292148,1
20210610T132106,20210623T140144,13.0282,103,A4,0.080478,0.322978,0
20210610T132106,20210623T140144,13.0282,104,A4,-0.254395,0.255520,1
20210610T132106,20210623T140144,13.0282,105,A4,-0.085286,0.196516,1
20210610T132106,20210623T140144,13.0282,106,A4,0.100879,0.408806,0
20210610T132106,20210623T140144,13.0282,107,A4,0.243951,1.261051,0
20210610T132106,20210623T140144,13.0282,108,A4,0.191731,1.063417,0
20210610T132106,20210623T140144,13.0282,109,A4,-0.014413,0.139558,1
20210610T132106,20210623T140144,13.0282,110,A4,-0.184990,0.007759,1
20210610T132106,20210623T140144,13.0282,111,A4,-0.104901,0.884477,0
20210610T132106,20210623T140144,13.0282,112,A4,0.127712,0.250665,0
20210610T132106,20210623T140144,13.0282,113,A4,0.038797,0.157117,0
20210610T132106,20210623T140144,13.0282,114,A4,-0.105834,1.263650,0
20210610T132106,20210623T140144,13.0282,115,A4,0.263249,0.235018,1
20210610T132106,20210623T140144,13.0282,116,A4,-0.177816,0.368484,1
20210610T132106,20210623T140144,13.0282,117,A4,0.225138,0.299336,1
20210610T132106,20210623T140144,13.0282,118,A4,0.179934,0.038493,1
20210610T132106,20210623T140144,13.0282,119,A4,0.110106,0.375274,1
20210610T132106,20210623T140144,13.0282,120,A4,0.074644,0.340150,1
20210610T132106,20210623T140144,13.0282,121,A4,-0.399540,0.520773,0
20210610T132106,20210623T140144,13.0282,122,A4,0.043918,0.321525,0
20210610T132106,20210623T140144,13.0282,123,A4,-0.213415,0.407185,0
20210610T132106,20210623T140144,13.0282,124,A4,-0.160055,0.243307,0
20210610T132106,20210623T140144,13.0282,125,A4,-0.037661,0.561314,0
20210610T132106,20210623T140144,13.0282,126,A4,-0.122966,0.099188,0
20210610T132106,20210623T140144,13.0282,127,A4,-0.131359,0.157362,1
20210610T132106,20210623T140144,13.0282,128,A4,0.098809,0.831844,0
20210610T132106,20210623T140144,13.0282,129,A5,0.079639,0.474771,1
20210610T132106,20210623T140144,13.0282,130,A5,-0.020968,0.819501,0
20210610T132106,20210623T140144,13.0282,131,A5,-0.008304,1.140014,0
20210610T132106,20210623T140144,13.0282,132,A5,-0.076016,0.979528,1
20210610T132106,20210623T140144,13.0282,133,A5,0.350628,0.162067,0
20210610T132106,20210623T140144,13.0282,134,A5,0.268329,0.705129,0
20210610T132106,20210623T140144,13.0282,135,A5,-0.293213,1.119984,0
20210610T132106,20210623T140144,13.0282,136,A5,0.504352,0.082814,1
20210610T132106,20210623T140144,13.0282,137,A5,0.311650,0.553801,0
20210610T132106,20210623T140144,13.0282,138,A5,0.175560,0.925358,1
20210610T132106,20210623T140144,13.0282,139,A5,0.150984,0.362200,0
20210610T132106,20210623T140144,13.0282,140,A5,0.255213,0.948832,1
20210610T132106,20210623T140144,13.0282,141,A5,0.111029,0.023163,1
20210610T132106,20210623T140144,13.0282,142,A5,-0.001778,0.055232,1
20210610T132106,20210623T140144,13.0282,143,A5,-0.356113,0.303179,1
20210610T132106,20210623T140144,13.0282,144,A5,-0.246540,0.934485,1
20210610T132106,20210623T140144,13.0282,145,A5,0.176353,0.328847,1
20210610T132106,20210623T140144,13.0282,146,A5,-0.146321,0.801307,1
20210610T132106,20210623T140144,13.0282,147,A5,0.194181,0.091859,1
20210610T132106,20210623T140144,13.0282,148,A5,-0.259152,1.056935,0
20210610T132106,20210623T140144,13.0282,149,A5,-0.195777,0.052256,1
20210610T132106,20210623T140144,13.0282,150,A5,-0.018112,0.083099,1
20210610T132106,20210623T140144,13.0282,151,A5,0.023076,0.356806,1
20210610T132106,20210623T140144,13.0282,152,A5,-0.047620,0.207822,0
20210610T132106,20210623T140144,13.0282,153,A5,-0.170720,0.146466,1
20210610T132106,20210623T140144,13.0282,154,A5,-0.138159,0.515332,1
20210610T132106,20210623T140144,13.0282,155,A5,-0.169314,0.870038,1
20210610T132106,20210623T140144,13.0282,156,A5,0.122323,0.042397,1
20210610T132106,20210623T140144,13.0282,157,A5,0.071612,1.118608,0
20210610T132106,20210623T140144,13.0282,158,A5,-0.040824,1.874029,0
20210610T132106,20210623T140144,13.0282,159,A5,0.455555,0.678811,1
20210610T132106,20210623T140144,13.0282,160,A5,-0.213170,0.460849,0
20210610T132106,20210625T141512,15.0376,1,A1,-0.157022,1.225421,0
20210610T132106,20210625T141512,15.0376,2,A1,-0.164982,0.367423,0
20210610T132106,20210625T141512,15.0376,3,A1,0.004754,1.182119,0
20210610T132106,20210625T141512,15.0376,4,A1,0.439371,1.710584,0
20210610T132106,20210625T141512,15.0376,5,A1,-0.124363,1.001565,0
20210610T132106,20210625T141512,15.0376,6,A1,-0.173324,0.100921,1
20210610T132106,20210625T141512,15.0376,7,A1,-0.309825,0.116655,0
20210610T132106,20210625T141512,15.0376,8,A1,0.498456,0.164276,1
20210610T132106,20210625T141512,15.0376,9,A1,-0.149576,0.000000,1
20210610T132106,20210625T141512,15.0376,10,A1,0.118332,1.233963,0
20210610T132106,20210625T141512,15.0376,11,A1,-0.098777,0.061798,1
20210610T132106,20210625T141512,15.0376,12,A1,0.266330,0.911737,1
20210610T132106,20210625T141512,15.0376,13,A1,0.298669,0.167874,0
20210610T132106,20210625T141512,15.0376,14,A1,0.098148,0.153482,1
20210610T132106,20210625T141512,15.0376,15,A1,-0.207434,0.314370,1
20210610T132106,20210625T141512,15.0376,16,A1,-0.416022,0.487778,0
20210610T132106,20210625T141512,15.0376,17,A1,0.063572,0.867312,1
20210610T132106,20210625T141512,15.0376,18,A1,0.008230,0.050854,1
20210610T132106,20210625T141512,15.0376,19,A1,0.534839,0.009689,1
20210610T132106,20210625T141512,15.0376,20,A1,0.670813,0.083111,1
20210610T132106,20210625T141512,15.0376,21,A1,-0.036773,0.347832,1
20210610T132106,20210625T141512,15.0376,22,A1,0.239731,0.644654,1
20210610T132106,20210625T141512,15.0376,23,A1,-0.083960,0.135644,1
20210610T132106,20210625T141512,15.0376,24,A1,0.511731,0.000000,1
20210610T132106,20210625T141512,15.0376,25,A1,-0.114763,0.360378,0
20210610T132106,20210625T141512,15.0376,26,A1,-0.107986,0.217140,0
20210610T132106,20210625T141512,15.0376,27,A1,-0.039924,0.812177,1
20210610T132106,20210625T141512,15.0376,28,A1,0.312666,0.334827,0
20210610T132106,20210625T141512,15.0376,29,A1,0.007549,0.284116,0
20210610T132106,20210625T141512,15.0376,30,A1,-0.032043,0.587817,1
20210610T132106,20210625T141512,15.0376,31,A1,0.287698,0.127273,1
20210610T132106,20210625T141512,15.0376,32,A1,0.623293,0.000000,1
20210610T132106,20210625T141512,15.0376,33,A2,0.417499,0.240082,1
20210610T132106,20210625T141512,15.0376,34,A2,0.135127,0.194563,0
20210610T132106,20210625T141512,15.0376,35,A2,0.052029,0.251556,0
20210610T132106,20210625T141512,15.0376,36,A2,0.161204,0.029756,1
20210610T132106,20210625T141512,15.0376,37,A2,-0.117648,1.593453,0
20210610T132106,20210625T141512,15.0376,38,A2,-0.015190,1.309865,0
20210610T132106,20210625T141512,15.0376,39,A2,-0.264013,0.927430,0
20210610T132106,20210625T141512,15.0376,40,A2,0.063455,0.000000,1
20210610T132106,20210625T141512,15.0376,41,A2,0.583052,0.294559,1
20210610T132106,20210625T141512,15.0376,42,A2,0.128757,1.997694,0
20210610T132106,20210625T141512,15.0376,43,A2,0.386298,0.715922,1
20210610T132106,20210625T141512,15.0376,44,A2,-0.374790,0.870223,1
20210610T132106,20210625T141512,15.0376,45,A2,0.247135,0.999666,1
20210610T132106,20210625T141512,15.0376,46,A2,0.029534,0.080248,1
20210610T132106,20210625T141512,15.0376,47,A2,-0.030829,0.717231,1
20210610T132106,20210625T141512,15.0376,48,A2,0.005365,0.562195,1
20210610T132106,20210625T141512,15.0376,49,A2,0.408842,0.135798,1
20210610T132106,20210625T141512,15.0376,50,A2,0.150357,0.244148,0
20210610T132106,20210625T141512,15.0376,51,A2,-0.266660,0.018927,1
20210610T132106,20210625T141512,15.0376,52,A2,-0.052623,0.793147,1
20210610T132106,20210625T141512,15.0376,53,A2,0.069579,0.680777,1
20210610T132106,20210625T141512,15.0376,54,A2,0.599800,0.124898,0
20210610T132106,20210625T141512,15.0376,55,A2,0.426369,0.262079,1
20210610T132106,20210625T141512,15.0376,56,A2,0.339583,0.303053,1
20210610T132106,20210625T141512,15.0376,57,A2,0.157605,0.485802,0
20210610T132106,20210625T141512,15.0376,58,A2,0.113623,2.000000,0
20210610T132106,20210625T141512,15.0376,59,A2,0.343216,0.592457,0
20210610T132106,20210625T141512,15.0376,60,A2,0.125883,0.079951,1
20210610T132106,20210625T141512,15.0376,61,A2,-0.091618,1.135908,0
20210610T132106,20210625T141512,15.0376,62,A2,0.172753,0.790859,1
20210610T132106,20210625T141512,15.0376,63,A2,0.281344,0.060519,1
20210610T132106,20210625T141512,15.0376,64,A2,0.018937,0.131614,1
20210610T132106,20210625T141512,15.0376,65,A3,0.038075,2.000000,0
20210610T132106,20210625T141512,15.0376,66,A3,-0.150181,1.131193,0
20210610T132106,20210625T141512,15.0376,67,A3,0.107929,0.215934,1
20210610T132106,20210625T141512,15.0376,68,A3,-0.152599,1.106204,0
20210610T132106,20210625T141512,15.0376,69,A3,-0.120869,1.019951,0
20210610T132106,20210625T141512,15.0376,70,A3,0.049583,0.715470,1
20210610T132106,20210625T141512,15.0376,71,A3,-0.024106,0.580870,1
20210610T132106,20210625T141512,15.0376,72,A3,0.105087,0.875393,0
20210610T132106,20210625T141512,15.0376,73,A3,-0.101228,0.182717,1
20210610T132106,20210625T141512,15.0376,74,A3,-0.100785,0.469606,1
20210610T132106,20210625T141512,15.0376,75,A3,0.149145,0.321037,0
20210610T132106,20210625T141512,15.0376,76,A3,-0.432255,1.742999,0
20210610T132106,20210625T141512,15.0376,77,A3,-0.186769,0.517636,0
20210610T132106,20210625T141512,15.0376,78,A3,0.222687,0.015431,1
20210610T132106,20210625T141512,15.0376,79,A3,-0.007909,0.723519,0
20210610T132106,20210625T141512,15.0376,80,A3,0.367235,1.210205,0
20210610T132106,20210625T141512,15.0376,81,A3,0.153690,1.131365,0
20210610T132106,20210625T141512,15.0376,82,A3,-0.122090,0.181373,1
20210610T132106,20210625T141512,15.0376,83,A3,0.230460,0.514301,0
20210610T132106,20210625T141512,15.0376,84,A3,0.045581,0.335340,1
20210610T132106,20210625T141512,15.0376,85,A3,0.198379,0.197785,1
20210610T132106,20210625T141512,15.0376,86,A3,0.021039,0.800832,0
20210610T132106,20210625T141512,15.0376,87,A3,0.062757,0.905626,0
20210610T132106,20210625T141512,15.0376,88,A3,-0.076034,0.601360,1
20210610T132106,20210625T141512,15.0376,89,A3,-0.134761,1.072584,0
20210610T132106,20210625T141512,15.0376,90,A3,-0.054289,0.299165,0
20210610T132106,20210625T141512,15.0376,91,A3,0.090556,0.697186,1
20210610T132106,20210625T141512,15.0376,92,A3,0.095987,1.076569,0
20210610T132106,20210625T141512,15.0376,93,A3,0.071590,0.990610,0
20210610T132106,20210625T141512,15.0376,94,A3,-0.102370,0.153084,0
20210610T132106,20210625T141512,15.0376,95,A3,0.192693,0.920600,0
20210610T132106,20210625T141512,15.0376,96,A3,0.132319,0.371269,1
20210610T132106,20210625T141512,15.0376,97,A4,0.104052,0.073573,0
20210610T132106,20210625T141512,15.0376,98,A4,-0.343186,0.072960,1
20210610T132106,20210625T141512,15.0376,99,A4,0.093901,0.025748,1
20210610T132106,20210625T141512,15.0376,100,A4,-0.076187,0.310479,0
20210610T132106,20210625T141512,15.0376,101,A4,0.100291,0.345096,0
20210610T132106,20210625T141512,15.0376,102,A4,-0.251758,0.027972,1
20210610T132106,20210625T141512,15.0376,103,A4,0.048919,0.438231,0
20210610T132106,20210625T141512,15.0376,104,A4,0.025150,0.715329,0
20210610T132106,20210625T141512,15.0376,105,A4,-0.119268,1.074217,0
20210610T132106,20210625T141512,15.0376,106,A4,-0.461954,0.298708,1
20210610T132106,20210625T141512,15.0376,107,A4,0.119021,0.029952,1
20210610T132106,20210625T141512,15.0376,108,A4,0.111147,0.372128,1
20210610T132106,20210625T141512,15.0376,109,A4,0.121246,0.896323,0
20210610T132106,20210625T141512,15.0376,110,A4,0.078642,0.093108,1
20210610T132106,20210625T141512,15.0376,111,A4,-0.086422,0.593667,1
20210610T132106,20210625T141512,15.0376,112,A4,0.081868,0.871246,1
20210610T132106,20210625T141512,15.0376,113,A4,0.387611,0.054419,0
20210610T132106,20210625T141512,15.0376,114,A4,0.248837,0.217221,1
20210610T132106,20210625T141512,15.0376,115,A4,0.325264,0.025531,1
20210610T132106,20210625T141512,15.0376,116,A4,0.125456,0.225057,1
20210610T132106,20210625T141512,15.0376,117,A4,0.237184,0.114181,1
20210610T132106,20210625T141512,15.0376,118,A4,-0.083714,0.112478,1
20210610T132106,20210625T141512,15.0376,119,A4,0.143909,0.450619,0
20210610T132106,20210625T141512,15.0376,120,A4,0.186532,0.985809,1
20210610T132106,20210625T141512,15.0376,121,A4,0.049018,0.184736,1
20210610T132106,20210625T141512,15.0376,122,A4,-0.153847,0.123730,1
20210610T132106,20210625T141512,15.0376,123,A4,-0.120833,0.257080,1
20210610T132106,20210625T141512,15.0376,124,A4,-0.077246,1.055414,0
20210610T132106,20210625T141512,15.0376,125,A4,0.266016,0.238963,1
20210610T132106,20210625T141512,15.0376,126,A4,0.127119,0.056565,1
20210610T132106,20210625T141512,15.0376,127,A4,0.072635,0.811882,0
20210610T132106,20210625T141512,15.0376,128,A4,-0.127431,0.460490,0
20210610T132106,20210625T141512,15.0376,129,A5,0.159059,0.000000,1
20210610T132106,20210625T141512,15.0376,130,A5,0.148117,0.339491,1
20210610T132106,20210625T141512,15.0376,131,A5,0.397468,0.859986,1
20210610T132106,20210625T141512,15.0376,132,A5,-0.239697,0.952693,1
20210610T132106,20210625T141512,15.0376,133,A5,0.278331,0.476770,0
20210610T132106,20210625T141512,15.0376,134,A5,0.456828,1.395242,0
20210610T132106,20210625T141512,15.0376,135,A5,-0.240394,1.083024,0
20210610T132106,20210625T141512,15.0376,136,A5,0.406622,0.727720,1
20210610T132106,20210625T141512,15.0376,137,A5,-0.229820,0.204578,1
20210610T132106,20210625T141512,15.0376,138,A5,0.241797,2.000000,0
20210610T132106,20210625T141512,15.0376,139,A5,-0.019150,0.209851,0
20210610T132106,20210625T141512,15.0376,140,A5,-0.057268,0.788069,1
20210610T132106,20210625T141512,15.0376,141,A5,-0.043752,0.136736,1
20210610T132106,20210625T141512,15.0376,142,A5,-0.255758,0.271958,1
20210610T132106,20210625T141512,15.0376,143,A5,-0.029535,0.303179,1
20210610T132106,20210625T141512,15.0376,144,A5,0.025199,1.545672,0
20210610T132106,20210625T141512,15.0376,145,A5,0.444566,1.671153,0
20210610T132106,20210625T141512,15.0376,146,A5,-0.088961,0.000000,1
20210610T132106,20210625T141512,15.0376,147,A5,-0.185019,1.119977,0
20210610T132106,20210625T141512,15.0376,148,A5,0.101192,2.000000,0
20210610T132106,20210625T141512,15.0376,149,A5,0.132125,1.484524,0
20210610T132106,20210625T141512,15.0376,150,A5,-0.030263,1.493315,0
20210610T132106,20210625T141512,15.0376,151,A5,0.052217,0.555418,0
20210610T132106,20210625T141512,15.0376,152,A5,0.019259,0.668455,1
20210610T132106,20210625T141512,15.0376,153,A5,0.447863,0.842847,1
20210610T132106,20210625T141512,15.0376,154,A5,0.324361,0.379894,1
20210610T132106,20210625T141512,15.0376,155,A5,0.044366,1.384992,0
20210610T132106,20210625T141512,15.0376,156,A5,0.098859,0.803701,1
20210610T132106,20210625T141512,15.0376,157,A5,-0.039375,0.149707,1
20210610T132106,20210625T141512,15.0376,158,A5,-0.020838,2.000000,0
20210610T132106,20210625T141512,15.0376,159,A5,0.102936,1.108729,0
20210610T132106,20210625T141512,15.0376,160,A5,-0.158794,0.922873,1
20210618T123111,20210623T140144,5.0629,1,A1,0.142234,0.389708,0
20210618T123111,20210623T140144,5.0629,2,A1,0.071540,0.030980,1
20210618T123111,20210623T140144,5.0629,3,A1,-0.216397,1.142904,0
20210618T123111,20210623T140144,5.0629,4,A1,0.174111,0.000000,1
20210618T123111,20210623T140144,5.0629,5,A1,-0.205338,0.974143,1
20210618T123111,20210623T140144,5.0629,6,A1,-0.128468,0.763357,1
20210618T123111,20210623T140144,5.0629,7,A1,-0.036348,0.381026,1
20210618T123111,20210623T140144,5.0629,8,A1,0.482774,0.050147,1
20210618T123111,20210623T140144,5.0629,9,A1,0.601357,0.223926,1
20210618T123111,20210623T140144,5.0629,10,A1,0.133610,1.059345,0
20210618T123111,20210623T140144,5.0629,11,A1,0.075838,0.904987,1
20210618T123111,20210623T140144,5.0629,12,A1,0.384396,0.135200,1
20210618T123111,20210623T140144,5.0629,13,A1,-0.022001,0.326067,1
20210618T123111,20210623T140144,5.0629,14,A1,-0.016283,0.044969,1
20210618T123111,20210623T140144,5.0629,15,A1,0.076286,0.918560,1
20210618T123111,20210623T140144,5.0629,16,A1,-0.160557,0.528094,0
20210618T123111,20210623T140144,5.0629,17,A1,0.368513,0.000000,1
20210618T123111,20210623T140144,5.0629,18,A1,-0.024348,0.349315,0
20210618T123111,20210623T140144,5.0629,19,A1,0.315316,0.416115,0
20210618T123111,20210623T140144,5.0629,20,A1,0.717063,0.015923,1
20210618T123111,20210623T140144,5.0629,21,A1,0.368447,0.550383,1
20210618T123111,20210623T140144,5.0629,22,A1,-0.241587,0.132903,0
20210618T123111,20210623T140144,5.0629,23,A1,0.536127,0.004831,1
20210618T123111,20210623T140144,5.0629,24,A1,0.539052,0.000000,1
20210618T123111,20210623T140144,5.0629,25,A1,-0.002355,0.444911,1
20210618T123111,20210623T140144,5.0629,26,A1,-0.341749,0.736949,1
20210618T123111,20210623T140144,5.0629,27,A1,0.214136,0.366010,0
20210618T123111,20210623T140144,5.0629,28,A1,0.488490,2.000000,0
20210618T123111,20210623T140144,5.0629,29,A1,-0.251862,0.291370,0
20210618T123111,20210623T140144,5.0629,30,A1,0.042002,0.023859,1
20210618T123111,20210623T140144,5.0629,31,A1,0.813621,0.356783,1
20210618T123111,20210623T140144,5.0629,32,A1,0.644156,0.000000,1
20210618T123111,20210623T140144,5.0629,33,A2,0.109042,0.207807,1
20210618T123111,20210623T140144,5.0629,34,A2,-0.297922,0.043702,1
20210618T123111,20210623T140144,5.0629,35,A2,-0.042087,0.705535,1
20210618T123111,20210623T140144,5.0629,36,A2,0.086815,0.068423,1
20210618T123111,20210623T140144,5.0629,37,A2,-0.045792,0.065718,1
20210618T123111,20210623T140144,5.0629,38,A2,0.088712,0.113698,1
20210618T123111,20210623T140144,5.0629,39,A2,-0.177607,0.110700,1
20210618T123111,20210623T140144,5.0629,40,A2,-0.217076,1.350760,0
20210618T123111,20210623T140144,5.0629,41,A2,0.292648,0.550683,1
20210618T123111,20210623T140144,5.0629,42,A2,0.037321,0.385876,1
20210618T123111,20210623T140144,5.0629,43,A2,0.223970,0.074754,1
20210618T123111,20210623T140144,5.0629,44,A2,0.113104,0.131696,1
20210618T123111,20210623T140144,5.0629,45,A2,-0.375195,0.412336,1
20210618T123111,20210623T140144,5.0629,46,A2,0.238967,0.446092,0
20210618T123111,20210623T140144,5.0629,47,A2,0.439843,0.299366,1
20210618T123111,20210623T140144,5.0629,48,A2,0.299145,0.821601,1
20210618T123111,20210623T140144,5.0629,49,A2,0.282085,0.359156,1
20210618T123111,20210623T140144,5.0629,50,A2,0.301220,0.176197,1
20210618T123111,20210623T140144,5.0629,51,A2,0.212843,1.257000,0
20210618T123111,20210623T140144,5.0629,52,A2,-0.081957,0.604831,0
20210618T123111,20210623T140144,5.0629,53,A2,0.018274,0.806369,0
20210618T123111,20210623T140144,5.0629,54,A2,0.518902,0.109326,0
20210618T123111,20210623T140144,5.0629,55,A2,0.398923,0.423674,1
20210618T123111,20210623T140144,5.0629,56,A2,-0.111674,1.237334,0
20210618T123111,20210623T140144,5.0629,57,A2,0.244576,0.892097,1
20210618T123111,20210623T140144,5.0629,58,A2,0.062119,0.650935,1
20210618T123111,20210623T140144,5.0629,59,A2,0.076020,1.030961,0
20210618T123111,20210623T140144,5.0629,60,A2,0.090596,0.032318,0
20210618T123111,20210623T140144,5.0629,61,A2,-0.332778,0.701269,0
20210618T123111,20210623T140144,5.0629,62,A2,0.179050,0.084516,0
20210618T123111,20210623T140144,5.0629,63,A2,-0.155700,0.079129,1
20210618T123111,20210623T140144,5.0629,64,A2,0.032380,1.125265,0
20210618T123111,20210623T140144,5.0629,65,A3,0.199847,0.202387,1
20210618T123111,20210623T140144,5.0629,66,A3,-0.017735,0.034352,1
20210618T123111,20210623T140144,5.0629,67,A3,0.149852,0.644212,1
20210618T123111,20210623T140144,5.0629,68,A3,-0.117033,1.424963,0
20210618T123111,20210623T140144,5.0629,69,A3,0.225131,0.723703,0
20210618T123111,20210623T140144,5.0629,70,A3,-0.217374,0.069013,0
20210618T123111,20210623T140144,5.0629,71,A3,-0.107719,1.604189,0
20210618T123111,20210623T140144,5.0629,72,A3,0.025066,0.151154,0
20210618T123111,20210623T140144,5.0629,73,A3,0.201841,0.149319,1
20210618T123111,20210623T140144,5.0629,74,A3,0.056211,0.211862,1
20210618T123111,20210623T140144,5.0629,75,A3,-0.077919,0.767737,1
20210618T123111,20210623T140144,5.0629,76,A3,0.093441,0.406693,0
20210618T123111,20210623T140144,5.0629,77,A3,-0.001109,0.569997,0
20210618T123111,20210623T140144,5.0629,78,A3,-0.078793,0.039794,1
20210618T123111,20210623T140144,5.0629,79,A3,0.330756,0.459265,0
20210618T123111,20210623T140144,5.0629,80,A3,-0.007929,0.714293,0
20210618T123111,20210623T140144,5.0629,81,A3,-0.154107,0.002024,1
20210618T123111,20210623T140144,5.0629,82,A3,-0.001124,0.159487,0
20210618T123111,20210623T140144,5.0629,83,A3,-0.005461,0.531604,1
20210618T123111,20210623T140144,5.0629,84,A3,0.236341,0.180659,0
20210618T123111,20210623T140144,5.0629,85,A3,-0.100948,0.919301,0
20210618T123111,20210623T140144,5.0629,86,A3,-0.060205,0.413010,0
20210618T123111,20210623T140144,5.0629,87,A3,-0.213925,0.086345,0
20210618T123111,20210623T140144,5.0629,88,A3,0.351749,0.342816,0
20210618T123111,20210623T140144,5.0629,89,A3,0.005503,0.927379,1
20210618T123111,20210623T140144,5.0629,90,A3,0.067930,0.550950,1
20210618T123111,20210623T140144,5.0629,91,A3,0.283623,0.105758,0
20210618T123111,20210623T140144,5.0629,92,A3,-0.244013,0.174804,0
20210618T123111,20210623T140144,5.0629,93,A3,0.245493,0.731096,1
20210618T123111,20210623T140144,5.0629,94,A3,0.167700,0.127483,0
20210618T123111,20210623T140144,5.0629,95,A3,0.290696,0.018672,1
20210618T123111,20210623T140144,5.0629,96,A3,0.269396,0.214230,1
20210618T123111,20210623T140144,5.0629,97,A4,0.151539,0.376124,1
20210618T123111,20210623T140144,5.0629,98,A4,-0.011532,0.401351,0
20210618T123111,20210623T140144,5.0629,99,A4,0.081094,0.020094,1
20210618T123111,20210623T140144,5.0629,100,A4,0.143815,0.042267,0
20210618T123111,20210623T140144,5.0629,101,A4,0.121499,1.371568,0
20210618T123111,20210623T140144,5.0629,102,A4,-0.278831,0.008186,1
20210618T123111,20210623T140144,5.0629,103,A4,0.024550,0.499584,0
20210618T123111,20210623T140144,5.0629,104,A4,-0.197376,0.195034,0
20210618T123111,20210623T140144,5.0629,105,A4,0.042817,0.160326,1
20210618T123111,20210623T140144,5.0629,106,A4,-0.261144,0.080816,1
20210618T123111,20210623T140144,5.0629,107,A4,-0.066256,0.972444,1
20210618T123111,20210623T140144,5.0629,108,A4,-0.075775,1.017386,0
20210618T123111,20210623T140144,5.0629,109,A4,0.134401,0.673915,0
20210618T123111,20210623T140144,5.0629,110,A4,0.311360,0.217850,0
20210618T123111,20210623T140144,5.0629,111,A4,-0.218390,0.861252,0
20210618T123111,20210623T140144,5.0629,112,A4,-0.032618,0.105183,1
20210618T123111,20210623T140144,5.0629,113,A4,0.188955,0.236658,0
20210618T123111,20210623T140144,5.0629,114,A4,0.123817,1.000623,0
20210618T123111,20210623T140144,5.0629,115,A4,0.097630,0.348085,1
20210618T123111,20210623T140144,5.0629,116,A4,0.391043,0.675309,1
20210618T123111,20210623T140144,5.0629,117,A4,0.312960,0.245311,1
20210618T123111,20210623T140144,5.0629,118,A4,0.017881,0.101628,1
20210618T123111,20210623T140144,5.0629,119,A4,0.524729,0.182477,1
20210618T123111,20210623T140144,5.0629,120,A4,0.154679,0.276213,1
20210618T123111,20210623T140144,5.0629,121,A4,-0.237045,0.789988,0
20210618T123111,20210623T140144,5.0629,122,A4,-0.053218,0.087543,1
20210618T123111,20210623T140144,5.0629,123,A4,-0.271520,0.355644,1
20210618T123111,20210623T140144,5.0629,124,A4,-0.095799,0.215450,0
20210618T123111,20210623T140144,5.0629,125,A4,-0.121557,0.525565,0
20210618T123111,20210623T140144,5.0629,126,A4,-0.114268,0.071859,0
20210618T123111,20210623T140144,5.0629,127,A4,-0.299598,0.482361,0
20210618T123111,20210623T140144,5.0629,128,A4,0.204153,0.974111,0
20210618T123111,20210623T140144,5.0629,129,A5,0.105799,0.347602,1
20210618T123111,20210623T140144,5.0629,130,A5,-0.238860,0.016867,1
20210618T123111,20210623T140144,5.0629,131,A5,-0.171349,0.000000,1
20210618T123111,20210623T140144,5.0629,132,A5,0.110704,0.220493,0
20210618T123111,20210623T140144,5.0629,133,A5,0.384239,0.334697,0
20210618T123111,20210623T140144,5.0629,134,A5,0.114776,1.085834,0
20210618T123111,20210623T140144,5.0629,135,A5,0.399766,0.697569,1
20210618T123111,20210623T140144,5.0629,136,A5,0.390491,0.147444,1
20210618T123111,20210623T140144,5.0629,137,A5,-0.257503,0.023442,0
20210618T123111,20210623T140144,5.0629,138,A5,-0.011593,0.020073,1
20210618T123111,20210623T140144,5.0629,139,A5,-0.234730,0.201804,0
20210618T123111,20210623T140144,5.0629,140,A5,0.143457,0.045231,1
20210618T123111,20210623T140144,5.0629,141,A5,-0.099553,0.968864,1
20210618T123111,20210623T140144,5.0629,142,A5,0.326021,0.391088,0
20210618T123111,20210623T140144,5.0629,143,A5,0.043978,1.043252,0
20210618T123111,20210623T140144,5.0629,144,A5,-0.138373,0.028701,1
20210618T123111,20210623T140144,5.0629,145,A5,0.018741,1.456822,0
20210618T123111,20210623T140144,5.0629,146,A5,0.019721,0.336581,0
20210618T123111,20210623T140144,5.0629,147,A5,0.038003,0.146699,0
20210618T123111,20210623T140144,5.0629,148,A5,0.092720,0.943065,1
20210618T123111,20210623T140144,5.0629,149,A5,-0.175962,0.306728,1
20210618T123111,20210623T140144,5.0629,150,A5,-0.061394,1.208791,0
20210618T123111,20210623T140144,5.0629,151,A5,0.291452,0.543963,0
20210618T123111,20210623T140144,5.0629,152,A5,0.204648,1.027859,0
20210618T123111,20210623T140144,5.0629,153,A5,-0.145061,0.503866,0
20210618T123111,20210623T140144,5.0629,154,A5,-0.144981,0.412803,0
20210618T123111,20210623T140144,5.0629,155,A5,0.074711,0.448213,1
20210618T123111,20210623T140144,5.0629,156,A5,0.203263,0.256222,0
20210618T123111,20210623T140144,5.0629,157,A5,-0.163670,0.169401,1
20210618T123111,20210623T140144,5.0629,158,A5,-0.036739,0.880792,0
20210618T123111,20210623T140144,5.0629,159,A5,-0.037031,0.215839,1
20210618T123111,20210623T140144,5.0629,160,A5,-0.369023,0.492866,0
20210618T123111,20210625T141512,7.0722,1,A1,0.040419,0.137146,1
20210618T123111,20210625T141512,7.0722,2,A1,-0.114180,0.027174,1
20210618T123111,20210625T141512,7.0722,3,A1,0.015096,0.477368,1
20210618T123111,20210625T141512,7.0722,4,A1,-0.110567,0.000000,1
20210618T123111,20210625T141512,7.0722,5,A1,-0.280326,0.479703,1
20210618T123111,20210625T141512,7.0722,6,A1,0.196738,0.905783,0
20210618T123111,20210625T141512,7.0722,7,A1,-0.215174,0.732404,0
20210618T123111,20210625T141512,7.0722,8,A1,0.612770,0.051975,1
20210618T123111,20210625T141512,7.0722,9,A1,0.143607,1.155340,0
20210618T123111,20210625T141512,7.0722,10,A1,-0.008797,1.913136,0
20210618T123111,20210625T141512,7.0722,11,A1,-0.117256,1.094371,0
20210618T123111,20210625T141512,7.0722,12,A1,0.335225,0.671137,1
20210618T123111,20210625T141512,7.0722,13,A1,0.139135,0.410764,1
20210618T123111,20210625T141512,7.0722,14,A1,-0.151583,0.298384,1
20210618T123111,20210625T141512,7.0722,15,A1,0.294321,0.513370,1
20210618T123111,20210625T141512,7.0722,16,A1,0.148778,0.243243,1
20210618T123111,20210625T141512,7.0722,17,A1,0.261663,0.000000,1
20210618T123111,20210625T141512,7.0722,18,A1,-0.103852,0.388557,0
20210618T123111,20210625T141512,7.0722,19,A1,0.509036,1.100539,0
20210618T123111,20210625T141512,7.0722,20,A1,0.813594,0.020277,1
20210618T123111,20210625T141512,7.0722,21,A1,0.375466,0.142790,1
20210618T123111,20210625T141512,7.0722,22,A1,0.026052,1.101327,0
20210618T123111,20210625T141512,7.0722,23,A1,0.253996,0.645685,0
20210618T123111,20210625T141512,7.0722,24,A1,0.592817,0.000000,1
20210618T123111,20210625T141512,7.0722,25,A1,-0.031508,0.426032,0
20210618T123111,20210625T141512,7.0722,26,A1,0.064384,1.019789,0
20210618T123111,20210625T141512,7.0722,27,A1,0.303244,0.399552,0
20210618T123111,20210625T141512,7.0722,28,A1,0.602701,0.835001,1
20210618T123111,20210625T141512,7.0722,29,A1,0.062874,0.012718,1
20210618T123111,20210625T141512,7.0722,30,A1,-0.253568,1.129125,0
20210618T123111,20210625T141512,7.0722,31,A1,0.888279,0.056838,1
20210618T123111,20210625T141512,7.0722,32,A1,0.722777,0.000000,1
20210618T123111,20210625T141512,7.0722,33,A2,0.336744,0.262155,1
20210618T123111,20210625T141512,7.0722,34,A2,-0.066569,0.210072,0
20210618T123111,20210625T141512,7.0722,35,A2,0.293047,0.324269,0
20210618T123111,20210625T141512,7.0722,36,A2,0.192905,0.051528,1
20210618T123111,20210625T141512,7.0722,37,A2,-0.213022,0.393222,1
20210618T123111,20210625T141512,7.0722,38,A2,-0.028989,1.193832,0
20210618T123111,20210625T141512,7.0722,39,A2,0.019229,0.355884,1
20210618T123111,20210625T141512,7.0722,40,A2,-0.023263,0.649240,1
20210618T123111,20210625T141512,7.0722,41,A2,0.210295,0.216219,1
20210618T123111,20210625T141512,7.0722,42,A2,0.160822,0.721063,1
20210618T123111,20210625T141512,7.0722,43,A2,0.275254,0.286762,1
20210618T123111,20210625T141512,7.0722,44,A2,-0.182970,0.555848,1
20210618T123111,20210625T141512,7.0722,45,A2,0.064934,0.542701,1
20210618T123111,20210625T141512,7.0722,46,A2,0.003476,1.212315,0
20210618T123111,20210625T141512,7.0722,47,A2,0.300335,0.058908,1
20210618T123111,20210625T141512,7.0722,48,A2,-0.034761,0.259406,1
20210618T123111,20210625T141512,7.0722,49,A2,0.583626,0.106018,1
20210618T123111,20210625T141512,7.0722,50,A2,0.104609,0.050185,1
20210618T123111,20210625T141512,7.0722,51,A2,-0.087891,0.010161,1
20210618T123111,20210625T141512,7.0722,52,A2,-0.100582,0.378827,1
20210618T123111,20210625T141512,7.0722,53,A2,0.273488,0.339317,1
20210618T123111,20210625T141512,7.0722,54,A2,0.539462,0.061434,0
20210618T123111,20210625T141512,7.0722,55,A2,0.199569,0.414038,1
20210618T123111,20210625T141512,7.0722,56,A2,0.277817,0.010774,1
20210618T123111,20210625T141512,7.0722,57,A2,0.350710,0.827568,1
20210618T123111,20210625T141512,7.0722,58,A2,-0.044545,1.025266,0
20210618T123111,20210625T141512,7.0722,59,A2,0.238342,0.431828,1
20210618T123111,20210625T141512,7.0722,60,A2,-0.148328,0.133315,1
20210618T123111,20210625T141512,7.0722,61,A2,0.039459,0.079373,1
20210618T123111,20210625T141512,7.0722,62,A2,0.037187,0.861725,0
20210618T123111,20210625T141512,7.0722,63,A2,-0.182912,0.573926,1
20210618T123111,20210625T141512,7.0722,64,A2,-0.143457,0.176616,1
20210618T123111,20210625T141512,7.0722,65,A3,0.100766,0.663662,1
20210618T123111,20210625T141512,7.0722,66,A3,0.402985,1.228257,0
20210618T123111,20210625T141512,7.0722,67,A3,-0.060906,0.568162,1
20210618T123111,20210625T141512,7.0722,68,A3,-0.126278,1.424963,0
20210618T123111,20210625T141512,7.0722,69,A3,-0.172436,0.681548,1
20210618T123111,20210625T141512,7.0722,70,A3,-0.015376,0.349043,0
20210618T123111,20210625T141512,7.0722,71,A3,0.090215,0.094344,1
20210618T123111,20210625T141512,7.0722,72,A3,0.034674,0.943406,0
20210618T123111,20210625T141512,7.0722,73,A3,-0.016226,0.290182,0
20210618T123111,20210625T141512,7.0722,74,A3,-0.087403,1.000630,0
20210618T123111,20210625T141512,7.0722,75,A3,0.060926,0.081216,1
20210618T123111,20210625T141512,7.0722,76,A3,0.128696,0.963635,0
20210618T123111,20210625T141512,7.0722,77,A3,0.039649,0.810477,0
20210618T123111,20210625T141512,7.0722,78,A3,-0.118358,0.165673,0
20210618T123111,20210625T141512,7.0722,79,A3,-0.035786,0.298209,1
20210618T123111,20210625T141512,7.0722,80,A3,-0.022705,0.104195,1
20210618T123111,20210625T141512,7.0722,81,A3,0.165813,0.427743,1
20210618T123111,20210625T141512,7.0722,82,A3,-0.076175,0.431342,0
20210618T123111,20210625T141512,7.0722,83,A3,0.253682,0.556799,0
20210618T123111,20210625T141512,7.0722,84,A3,0.257806,0.569700,0
20210618T123111,20210625T141512,7.0722,85,A3,-0.012671,0.498006,0
20210618T123111,20210625T141512,7.0722,86,A3,-0.324662,0.690110,0
20210618T123111,20210625T141512,7.0722,87,A3,-0.088426,0.389084,0
20210618T123111,20210625T141512,7.0722,88,A3,0.132495,1.211132,0
20210618T123111,20210625T141512,7.0722,89,A3,0.115915,0.002834,1
20210618T123111,20210625T141512,7.0722,90,A3,0.000733,0.238590,1
20210618T123111,20210625T141512,7.0722,91,A3,-0.119064,0.201257,1
20210618T123111,20210625T141512,7.0722,92,A3,0.168672,0.126519,0
20210618T123111,20210625T141512,7.0722,93,A3,0.256248,1.148389,0
20210618T123111,20210625T141512,7.0722,94,A3,-0.039594,0.127219,1
20210618T123111,20210625T141512,7.0722,95,A3,-0.005279,0.733284,1
20210618T123111,20210625T141512,7.0722,96,A3,0.032093,0.248502,0
20210618T123111,20210625T141512,7.0722,97,A4,0.123344,0.586097,0
20210618T123111,20210625T141512,7.0722,98,A4,0.340100,0.125819,0
20210618T123111,20210625T141512,7.0722,99,A4,0.187020,0.444356,0
20210618T123111,20210625T141512,7.0722,100,A4,0.069095,0.102993,1
20210618T123111,20210625T141512,7.0722,101,A4,0.242460,0.804814,1
20210618T123111,20210625T141512,7.0722,102,A4,-0.173151,0.311934,1
20210618T123111,20210625T141512,7.0722,103,A4,0.057728,0.614836,0
20210618T123111,20210625T141512,7.0722,104,A4,0.226642,0.264775,1
20210618T123111,20210625T141512,7.0722,105,A4,0.037704,1.110407,0
20210618T123111,20210625T141512,7.0722,106,A4,0.174981,0.029282,0
20210618T123111,20210625T141512,7.0722,107,A4,-0.231038,0.318560,0
20210618T123111,20210625T141512,7.0722,108,A4,0.074581,0.418159,1
20210618T123111,20210625T141512,7.0722,109,A4,-0.238031,0.361965,1
20210618T123111,20210625T141512,7.0722,110,A4,0.044573,0.318717,0
20210618T123111,20210625T141512,7.0722,111,A4,0.027357,0.616892,1
20210618T123111,20210625T141512,7.0722,112,A4,-0.132795,1.016729,0
20210618T123111,20210625T141512,7.0722,113,A4,0.378412,0.133960,0
20210618T123111,20210625T141512,7.0722,114,A4,0.060561,0.045806,1
20210618T123111,20210625T141512,7.0722,115,A4,0.210522,0.138597,1
20210618T123111,20210625T141512,7.0722,116,A4,0.394779,0.081768,1
20210618T123111,20210625T141512,7.0722,117,A4,0.198645,0.430465,1
20210618T123111,20210625T141512,7.0722,118,A4,0.065470,0.252599,1
20210618T123111,20210625T141512,7.0722,119,A4,0.612784,0.257821,0
20210618T123111,20210625T141512,7.0722,120,A4,0.175970,0.921873,1
20210618T123111,20210625T141512,7.0722,121,A4,-0.022510,0.453951,1
20210618T123111,20210625T141512,7.0722,122,A4,-0.065656,0.532798,0
20210618T123111,20210625T141512,7.0722,123,A4,-0.040726,0.505749,0
20210618T123111,20210625T141512,7.0722,124,A4,0.065768,1.027557,0
20210618T123111,20210625T141512,7.0722,125,A4,0.237671,0.274713,1
20210618T123111,20210625T141512,7.0722,126,A4,0.424794,0.029236,1
20210618T123111,20210625T141512,7.0722,127,A4,0.214706,0.486884,1
20210618T123111,20210625T141512,7.0722,128,A4,0.302752,0.602757,0
20210618T123111,20210625T141512,7.0722,129,A5,0.157878,0.822372,1
20210618T123111,20210625T141512,7.0722,130,A5,0.105352,1.175859,0
20210618T123111,20210625T141512,7.0722,131,A5,0.425593,2.000000,0
20210618T123111,20210625T141512,7.0722,132,A5,0.212583,0.247328,0
20210618T123111,20210625T141512,7.0722,133,A5,-0.230265,0.649399,0
20210618T123111,20210625T141512,7.0722,134,A5,0.244265,1.775947,0
20210618T123111,20210625T141512,7.0722,135,A5,0.347306,0.660609,1
20210618T123111,20210625T141512,7.0722,136,A5,0.385097,0.957978,1
20210618T123111,20210625T141512,7.0722,137,A5,0.088667,0.734937,1
20210618T123111,20210625T141512,7.0722,138,A5,-0.306386,1.054569,0
20210618T123111,20210625T141512,7.0722,139,A5,0.155819,0.049456,0
20210618T123111,20210625T141512,7.0722,140,A5,-0.043754,0.205994,1
20210618T123111,20210625T141512,7.0722,141,A5,-0.232511,0.855291,1
20210618T123111,20210625T141512,7.0722,142,A5,-0.327974,0.607813,0
20210618T123111,20210625T141512,7.0722,143,A5,-0.293724,1.043252,0
20210618T123111,20210625T141512,7.0722,144,A5,0.241638,0.582486,0
20210618T123111,20210625T141512,7.0722,145,A5,0.402333,0.543178,1
20210618T123111,20210625T141512,7.0722,146,A5,0.305376,1.137888,0
20210618T123111,20210625T141512,7.0722,147,A5,-0.063072,0.881419,1
20210618T123111,20210625T141512,7.0722,148,A5,-0.231055,0.000000,1
20210618T123111,20210625T141512,7.0722,149,A5,-0.048812,1.125541,0
20210618T123111,20210625T141512,7.0722,150,A5,0.156870,0.367623,1
20210618T123111,20210625T141512,7.0722,151,A5,0.125293,0.345351,1
20210618T123111,20210625T141512,7.0722,152,A5,0.341739,0.151582,1
20210618T123111,20210625T141512,7.0722,153,A5,0.103017,1.493179,0
20210618T123111,20210625T141512,7.0722,154,A5,0.125636,1.308030,0
20210618T123111,20210625T141512,7.0722,155,A5,-0.058555,0.963167,0
20210618T123111,20210625T141512,7.0722,156,A5,-0.002154,1.017526,0
20210618T123111,20210625T141512,7.0722,157,A5,0.041794,1.098914,0
20210618T123111,20210625T141512,7.0722,158,A5,-0.041776,1.006763,0
20210618T123111,20210625T141512,7.0722,159,A5,0.060249,0.645757,0
20210618T123111,20210625T141512,7.0722,160,A5,-0.167634,0.890855,1
20210623T140144,20210625T141512,2.0094,1,A1,0.352878,0.252562,0
20210623T140144,20210625T141512,2.0094,2,A1,0.412028,0.058154,1
20210623T140144,20210625T141512,2.0094,3,A1,0.171056,1.620272,0
20210623T140144,20210625T141512,2.0094,4,A1,0.149852,0.000000,1
20210623T140144,20210625T141512,2.0094,5,A1,0.480146,0.494440,1
20210623T140144,20210625T141512,2.0094,6,A1,0.176157,0.142426,0
20210623T140144,20210625T141512,2.0094,7,A1,0.027092,0.351378,0
20210623T140144,20210625T141512,2.0094,8,A1,0.469505,0.102122,1
20210623T140144,20210625T141512,2.0094,9,A1,0.511855,1.379266,0
20210623T140144,20210625T141512,2.0094,10,A1,-0.222811,0.853791,1
20210623T140144,20210625T141512,2.0094,11,A1,0.078985,0.189383,0
20210623T140144,20210625T141512,2.0094,12,A1,0.179611,0.806337,1
20210623T140144,20210625T141512,2.0094,13,A1,0.243490,0.084697,1
20210623T140144,20210625T141512,2.0094,14,A1,-0.011640,0.253415,1
20210623T140144,20210625T141512,2.0094,15,A1,0.268148,0.405190,1
20210623T140144,20210625T141512,2.0094,16,A1,0.141113,0.284852,0
20210623T140144,20210625T141512,2.0094,17,A1,0.311986,0.000000,1
20210623T140144,20210625T141512,2.0094,18,A1,0.233617,0.039242,1
20210623T140144,20210625T141512,2.0094,19,A1,0.551186,0.684423,1
20210623T140144,20210625T141512,2.0094,20,A1,0.829697,0.004355,1
20210623T140144,20210625T141512,2.0094,21,A1,0.059673,0.693172,1
20210623T140144,20210625T141512,2.0094,22,A1,0.039263,0.968423,1
20210623T140144,20210625T141512,2.0094,23,A1,0.431879,0.650516,0
20210623T140144,20210625T141512,2.0094,24,A1,0.659216,0.000000,1
20210623T140144,20210625T141512,2.0094,25,A1,0.059917,0.870943,0
20210623T140144,20210625T141512,2.0094,26,A1,0.123166,0.282840,0
20210623T140144,20210625T141512,2.0094,27,A1,0.102139,0.033541,1
20210623T140144,20210625T141512,2.0094,28,A1,0.603989,1.164999,0
20210623T140144,20210625T141512,2.0094,29,A1,-0.059342,0.304088,0
20210623T140144,20210625T141512,2.0094,30,A1,-0.235177,1.152985,0
20210623T140144,20210625T141512,2.0094,31,A1,0.775549,0.299946,1
20210623T140144,20210625T141512,2.0094,32,A1,0.599828,0.000000,1
20210623T140144,20210625T141512,2.0094,33,A2,0.459052,0.054348,1
20210623T140144,20210625T141512,2.0094,34,A2,0.020954,0.253774,0
20210623T140144,20210625T141512,2.0094,35,A2,-0.106725,1.029804,0
20210623T140144,20210625T141512,2.0094,36,A2,0.343578,0.016895,1
20210623T140144,20210625T141512,2.0094,37,A2,0.090611,0.327504,1
20210623T140144,20210625T141512,2.0094,38,A2,-0.461984,1.080134,0
20210623T140144,20210625T141512,2.0094,39,A2,0.315554,0.245184,1
20210623T140144,20210625T141512,2.0094,40,A2,0.086162,2.000000,0
20210623T140144,20210625T141512,2.0094,41,A2,0.252477,0.334464,1
20210623T140144,20210625T141512,2.0094,42,A2,0.025240,0.335186,1
20210623T140144,20210625T141512,2.0094,43,A2,0.161581,0.361516,1
20210623T140144,20210625T141512,2.0094,44,A2,0.523468,0.424152,1
20210623T140144,20210625T141512,2.0094,45,A2,0.153500,0.955037,1
20210623T140144,20210625T141512,2.0094,46,A2,0.101113,0.766223,1
20210623T140144,20210625T141512,2.0094,47,A2,0.512170,0.240458,1
20210623T140144,20210625T141512,2.0094,48,A2,0.212115,0.562195,1
20210623T140144,20210625T141512,2.0094,49,A2,0.456629,0.465174,1
20210623T140144,20210625T141512,2.0094,50,A2,-0.214768,0.226382,1
20210623T140144,20210625T141512,2.0094,51,A2,-0.282587,1.246839,0
20210623T140144,20210625T141512,2.0094,52,A2,0.037527,0.983658,0
20210623T140144,20210625T141512,2.0094,53,A2,0.153104,0.467052,0
20210623T140144,20210625T141512,2.0094,54,A2,0.693881,0.047892,1
20210623T140144,20210625T141512,2.0094,55,A2,0.284061,0.009636,1
20210623T140144,20210625T141512,2.0094,56,A2,0.191452,1.226560,0
20210623T140144,20210625T141512,2.0094,57,A2,0.332268,0.064529,1
20210623T140144,20210625T141512,2.0094,58,A2,0.220125,1.676200,0
20210623T140144,20210625T141512,2.0094,59,A2,0.218483,1.462789,0
20210623T140144,20210625T141512,2.0094,60,A2,-0.002951,0.165633,0
20210623T140144,20210625T141512,2.0094,61,A2,0.098278,0.621896,0
20210623T140144,20210625T141512,2.0094,62,A2,-0.195970,0.777210,1
20210623T140144,20210625T141512,2.0094,63,A2,-0.078192,0.653055,1
20210623T140144,20210625T141512,2.0094,64,A2,0.016146,1.301881,0
20210623T140144,20210625T141512,2.0094,65,A3,0.123865,0.866048,1
20210623T140144,20210625T141512,2.0094,66,A3,-0.039881,1.193905,0
20210623T140144,20210625T141512,2.0094,67,A3,-0.014710,0.076050,1
20210623T140144,20210625T141512,2.0094,68,A3,0.043293,0.000000,1
20210623T140144,20210625T141512,2.0094,69,A3,0.058824,0.042156,0
20210623T140144,20210625T141512,2.0094,70,A3,-0.206731,0.280031,1
20210623T140144,20210625T141512,2.0094,71,A3,-0.000502,1.698533,0
20210623T140144,20210625T141512,2.0094,72,A3,0.216513,0.792252,1
20210623T140144,20210625T141512,2.0094,73,A3,0.063561,0.439501,0
20210623T140144,20210625T141512,2.0094,74,A3,0.117623,1.212492,0
20210623T140144,20210625T141512,2.0094,75,A3,0.105830,0.686520,1
20210623T140144,20210625T141512,2.0094,76,A3,-0.225960,0.556942,1
20210623T140144,20210625T141512,2.0094,77,A3,-0.286150,0.240479,1
20210623T140144,20210625T141512,2.0094,78,A3,-0.134492,0.125880,0
20210623T140144,20210625T141512,2.0094,79,A3,0.041445,0.757475,0
20210623T140144,20210625T141512,2.0094,80,A3,0.056050,0.818488,0
20210623T140144,20210625T141512,2.0094,81,A3,-0.267086,0.425719,1
20210623T140144,20210625T141512,2.0094,82,A3,0.010645,0.271855,1
20210623T140144,20210625T141512,2.0094,83,A3,0.030194,1.088403,0
20210623T140144,20210625T141512,2.0094,84,A3,-0.072395,0.389041,1
20210623T140144,20210625T141512,2.0094,85,A3,0.163508,0.421295,1
20210623T140144,20210625T141512,2.0094,86,A3,0.051323,0.277100,1
20210623T140144,20210625T141512,2.0094,87,A3,-0.018346,0.302738,1
20210623T140144,20210625T141512,2.0094,88,A3,-0.141030,0.868317,1
20210623T140144,20210625T141512,2.0094,89,A3,0.080379,0.924545,1
20210623T140144,20210625T141512,2.0094,90,A3,0.070256,0.312361,1
20210623T140144,20210625T141512,2.0094,91,A3,-0.020522,0.307014,0
20210623T140144,20210625T141512,2.0094,92,A3,-0.330500,0.048285,1
20210623T140144,20210625T141512,2.0094,93,A3,-0.070608,1.879486,0
20210623T140144,20210625T141512,2.0094,94,A3,0.257870,0.254701,0
20210623T140144,20210625T141512,2.0094,95,A3,-0.072293,0.751956,1
20210623T140144,20210625T141512,2.0094,96,A3,-0.311603,0.034272,0
20210623T140144,20210625T141512,2.0094,97,A4,-0.119604,0.209973,0
20210623T140144,20210625T141512,2.0094,98,A4,0.140190,0.275532,1
20210623T140144,20210625T141512,2.0094,99,A4,0.067706,0.464450,0
20210623T140144,20210625T141512,2.0094,100,A4,-0.281361,0.145260,0
20210623T140144,20210625T141512,2.0094,101,A4,0.160328,0.566754,0
20210623T140144,20210625T141512,2.0094,102,A4,0.187903,0.320121,1
20210623T140144,20210625T141512,2.0094,103,A4,0.467109,0.115253,1
20210623T140144,20210625T141512,2.0094,104,A4,0.029994,0.459809,0
20210623T140144,20210625T141512,2.0094,105,A4,0.118647,1.270733,0
20210623T140144,20210625T141512,2.0094,106,A4,-0.314004,0.110098,0
20210623T140144,20210625T141512,2.0094,107,A4,0.332232,1.291004,0
20210623T140144,20210625T141512,2.0094,108,A4,0.213506,1.435545,0
20210623T140144,20210625T141512,2.0094,109,A4,0.035880,1.035880,0
20210623T140144,20210625T141512,2.0094,110,A4,-0.068734,0.100867,1
20210623T140144,20210625T141512,2.0094,111,A4,-0.283529,1.478144,0
20210623T140144,20210625T141512,2.0094,112,A4,-0.281842,1.121912,0
20210623T140144,20210625T141512,2.0094,113,A4,0.619174,0.102698,1
20210623T140144,20210625T141512,2.0094,114,A4,0.049161,1.046429,0
20210623T140144,20210625T141512,2.0094,115,A4,0.551181,0.209488,1
20210623T140144,20210625T141512,2.0094,116,A4,0.401538,0.593541,1
20210623T140144,20210625T141512,2.0094,117,A4,0.414374,0.185155,1
20210623T140144,20210625T141512,2.0094,118,A4,-0.096482,0.150971,1
20210623T140144,20210625T141512,2.0094,119,A4,0.462640,0.075344,0
20210623T140144,20210625T141512,2.0094,120,A4,-0.068138,0.645660,1
20210623T140144,20210625T141512,2.0094,121,A4,0.115771,0.336037,0
20210623T140144,20210625T141512,2.0094,122,A4,0.049056,0.445255,0
20210623T140144,20210625T141512,2.0094,123,A4,-0.158510,0.150105,0
20210623T140144,20210625T141512,2.0094,124,A4,0.089571,0.812107,1
20210623T140144,20210625T141512,2.0094,125,A4,-0.121258,0.800277,0
20210623T140144,20210625T141512,2.0094,126,A4,0.008602,0.042624,0
20210623T140144,20210625T141512,2.0094,127,A4,-0.119308,0.969244,0
20210623T140144,20210625T141512,2.0094,128,A4,0.184617,0.371354,1
20210623T140144,20210625T141512,2.0094,129,A5,0.335337,0.474771,1
20210623T140144,20210625T141512,2.0094,130,A5,0.041085,1.158992,0
20210623T140144,20210625T141512,2.0094,131,A5,0.151936,2.000000,0
20210623T140144,20210625T141512,2.0094,132,A5,0.053547,0.026835,1
20210623T140144,20210625T141512,2.0094,133,A5,0.180848,0.314703,1
20210623T140144,20210625T141512,2.0094,134,A5,-0.033559,0.690112,1
20210623T140144,20210625T141512,2.0094,135,A5,0.518228,0.036960,1
20210623T140144,20210625T141512,2.0094,136,A5,0.363143,0.810534,1
20210623T140144,20210625T141512,2.0094,137,A5,-0.024489,0.758379,0
20210623T140144,20210625T141512,2.0094,138,A5,0.186436,1.074642,0
20210623T140144,20210625T141512,2.0094,139,A5,-0.158627,0.152348,1
20210623T140144,20210625T141512,2.0094,140,A5,-0.220069,0.160763,1
20210623T140144,20210625T141512,2.0094,141,A5,0.152109,0.113574,1
20210623T140144,20210625T141512,2.0094,142,A5,-0.298021,0.216725,1
20210623T140144,20210625T141512,2.0094,143,A5,-0.222387,0.000000,1
20210623T140144,20210625T141512,2.0094,144,A5,-0.088563,0.611187,0
20210623T140144,20210625T141512,2.0094,145,A5,-0.019411,2.000000,0
20210623T140144,20210625T141512,2.0094,146,A5,0.392931,0.801307,1
20210623T140144,20210625T141512,2.0094,147,A5,0.069042,1.028119,0
20210623T140144,20210625T141512,2.0094,148,A5,-0.079371,0.943065,1
20210623T140144,20210625T141512,2.0094,149,A5,-0.069405,1.432269,0
20210623T140144,20210625T141512,2.0094,150,A5,0.197822,1.576414,0
20210623T140144,20210625T141512,2.0094,151,A5,0.176372,0.198612,0
20210623T140144,20210625T141512,2.0094,152,A5,-0.081181,0.876277,0
20210623T140144,20210625T141512,2.0094,153,A5,-0.049548,0.989313,1
20210623T140144,20210625T141512,2.0094,154,A5,-0.153281,0.895226,1
20210623T140144,20210625T141512,2.0094,155,A5,0.049762,0.514954,0
20210623T140144,20210625T141512,2.0094,156,A5,-0.154230,0.761304,1
20210623T140144,20210625T141512,2.0094,157,A5,-0.048791,1.268314,0
20210623T140144,20210625T141512,2.0094,158,A5,-0.141828,0.125971,1
20210623T140144,20210625T141512,2.0094,159,A5,-0.175446,0.429918,0
20210623T140144,20210625T141512,2.0094,160,A5,0.531184,1.383722,0
