session_i,session_j,gap_days,channel,array_name,waveform_r,abs_delta_si,sign_match
20230330T133602,20230413T142422,14.0336,1,A1,-0.304697,0.013865,1
20230330T133602,20230413T142422,14.0336,3,A1,-0.063041,1.167135,0
20230330T133602,20230413T142422,14.0336,4,A1,-0.121107,0.004191,1
20230330T133602,20230413T142422,14.0336,6,A1,-0.232401,0.071349,1
20230330T133602,20230413T142422,14.0336,7,A1,0.351533,0.556773,1
20230330T133602,20230413T142422,14.0336,8,A1,0.184983,1.219749,0
20230330T133602,20230413T142422,14.0336,9,A1,-0.159233,0.181776,0
20230330T133602,20230413T142422,14.0336,10,A1,0.224970,0.886098,0
20230330T133602,20230413T142422,14.0336,11,A1,0.723905,0.029351,1
20230330T133602,20230413T142422,14.0336,12,A1,0.262752,0.371364,0
20230330T133602,20230413T142422,14.0336,13,A1,0.276814,0.127871,1
20230330T133602,20230413T142422,14.0336,14,A1,0.404444,0.336125,1
20230330T133602,20230413T142422,14.0336,15,A1,0.583735,0.000000,1
20230330T133602,20230413T142422,14.0336,16,A1,0.189822,0.708378,0
20230330T133602,20230413T142422,14.0336,17,A1,0.139748,0.600331,0
20230330T133602,20230413T142422,14.0336,18,A1,0.398685,0.083279,0
20230330T133602,20230413T142422,14.0336,19,A1,0.201901,1.144832,0
20230330T133602,20230413T142422,14.0336,20,A1,-0.270547,0.546182,1
20230330T133602,20230413T142422,14.0336,21,A1,-0.406796,0.000000,1
20230330T133602,20230413T142422,14.0336,22,A1,-0.434542,0.486774,0
20230330T133602,20230413T142422,14.0336,24,A1,-0.011831,0.546906,0
20230330T133602,20230413T142422,14.0336,25,A1,0.308948,1.064379,0
20230330T133602,20230413T142422,14.0336,26,A1,0.156823,1.491186,0
20230330T133602,20230413T142422,14.0336,27,A1,0.284706,0.694939,0
20230330T133602,20230413T142422,14.0336,28,A1,-0.104299,0.091413,0
20230330T133602,20230413T142422,14.0336,29,A1,0.051911,0.311835,0
20230330T133602,20230413T142422,14.0336,30,A1,0.456764,0.600299,1
20230330T133602,20230413T142422,14.0336,31,A1,0.595626,0.395433,1
20230330T133602,20230413T142422,14.0336,33,A2,-0.242658,2.000000,0
20230330T133602,20230413T142422,14.0336,35,A2,0.153985,0.000121,1
20230330T133602,20230413T142422,14.0336,36,A2,0.097956,0.645404,0
20230330T133602,20230413T142422,14.0336,37,A2,-0.017762,0.886151,1
20230330T133602,20230413T142422,14.0336,38,A2,0.561446,0.027200,1
20230330T133602,20230413T142422,14.0336,39,A2,0.105426,1.312268,0
20230330T133602,20230413T142422,14.0336,40,A2,-0.264627,1.443111,0
20230330T133602,20230413T142422,14.0336,41,A2,-0.043165,0.463436,1
20230330T133602,20230413T142422,14.0336,42,A2,0.324246,0.046929,1
20230330T133602,20230413T142422,14.0336,43,A2,0.162796,0.088671,1
20230330T133602,20230413T142422,14.0336,44,A2,-0.077998,0.833028,1
20230330T133602,20230413T142422,14.0336,46,A2,-0.006992,0.422102,1
20230330T133602,20230413T142422,14.0336,47,A2,0.083633,0.115228,1
20230330T133602,20230413T142422,14.0336,48,A2,-0.149000,1.118882,0
20230330T133602,20230413T142422,14.0336,49,A2,0.047971,0.090738,0
20230330T133602,20230413T142422,14.0336,50,A2,-0.220506,0.218463,1
20230330T133602,20230413T142422,14.0336,51,A2,-0.187653,0.071008,1
20230330T133602,20230413T142422,14.0336,52,A2,0.212278,0.763682,0
20230330T133602,20230413T142422,14.0336,53,A2,0.072928,0.672191,1
20230330T133602,20230413T142422,14.0336,54,A2,-0.284417,0.469550,1
20230330T133602,20230413T142422,14.0336,55,A2,-0.056025,0.411885,0
20230330T133602,20230413T142422,14.0336,56,A2,0.330658,0.885270,1
20230330T133602,20230413T142422,14.0336,57,A2,0.363258,1.006417,0
20230330T133602,20230413T142422,14.0336,58,A2,0.212985,0.083224,0
20230330T133602,20230413T142422,14.0336,59,A2,0.132467,0.022584,1
20230330T133602,20230413T142422,14.0336,60,A2,0.129298,0.270235,0
20230330T133602,20230413T142422,14.0336,62,A2,0.005675,0.079116,1
20230330T133602,20230413T142422,14.0336,63,A2,0.404491,0.951507,1
20230330T133602,20230413T142422,14.0336,64,A2,0.630805,0.097578,1
20230330T133602,20230413T142422,14.0336,65,A3,-0.411133,0.031067,1
20230330T133602,20230413T142422,14.0336,66,A3,0.754447,0.443690,1
20230330T133602,20230413T142422,14.0336,68,A3,0.605381,0.338812,0
20230330T133602,20230413T142422,14.0336,69,A3,0.625648,1.236429,0
20230330T133602,20230413T142422,14.0336,70,A3,0.234957,0.151767,0
20230330T133602,20230413T142422,14.0336,71,A3,0.550550,0.707944,0
20230330T133602,20230413T142422,14.0336,73,A3,0.176419,0.483055,0
20230330T133602,20230413T142422,14.0336,74,A3,0.150932,0.137526,0
20230330T133602,20230413T142422,14.0336,75,A3,0.430168,0.314310,0
20230330T133602,20230413T142422,14.0336,76,A3,0.855479,0.572851,1
20230330T133602,20230413T142422,14.0336,77,A3,0.513733,0.283159,0
20230330T133602,20230413T142422,14.0336,78,A3,0.361777,0.000000,1
20230330T133602,20230413T142422,14.0336,79,A3,0.740937,0.776059,1
20230330T133602,20230413T142422,14.0336,80,A3,0.395374,0.968129,0
20230330T133602,20230413T142422,14.0336,81,A3,0.073612,1.596624,0
20230330T133602,20230413T142422,14.0336,82,A3,0.178673,0.507740,0
20230330T133602,20230413T142422,14.0336,85,A3,0.572474,0.468729,0
20230330T133602,20230413T142422,14.0336,87,A3,-0.339270,0.836155,1
20230330T133602,20230413T142422,14.0336,88,A3,0.277041,0.434825,0
20230330T133602,20230413T142422,14.0336,89,A3,0.517754,0.850591,0
20230330T133602,20230413T142422,14.0336,90,A3,0.112572,0.059901,1
20230330T133602,20230413T142422,14.0336,91,A3,0.251563,2.000000,0
20230330T133602,20230413T142422,14.0336,92,A3,-0.131071,0.089895,0
20230330T133602,20230413T142422,14.0336,93,A3,0.321123,0.234287,0
20230330T133602,20230413T142422,14.0336,94,A3,0.341380,0.605079,1
20230330T133602,20230413T142422,14.0336,95,A3,0.180904,1.132511,0
20230330T133602,20230413T142422,14.0336,96,A3,-0.601289,0.813604,1
20230330T133602,20230413T142422,14.0336,130,A5,0.479849,0.817388,1
20230330T133602,20230413T142422,14.0336,132,A5,0.427369,0.049129,1
20230330T133602,20230413T142422,14.0336,133,A5,-0.295262,0.155943,1
20230330T133602,20230413T142422,14.0336,134,A5,-0.451165,0.725488,0
20230330T133602,20230413T142422,14.0336,135,A5,0.166995,0.546620,0
20230330T133602,20230413T142422,14.0336,136,A5,0.171628,0.524602,0
20230330T133602,20230413T142422,14.0336,137,A5,0.272591,0.355837,1
20230330T133602,20230413T142422,14.0336,138,A5,0.248651,0.216864,1
20230330T133602,20230413T142422,14.0336,139,A5,0.025411,0.193664,1
20230330T133602,20230413T142422,14.0336,140,A5,0.572060,1.083016,0
20230330T133602,20230413T142422,14.0336,143,A5,0.075352,0.527642,0
20230330T133602,20230413T142422,14.0336,144,A5,-0.008450,0.677490,1
20230330T133602,20230413T142422,14.0336,145,A5,0.139225,0.494793,1
20230330T133602,20230413T142422,14.0336,146,A5,0.488629,1.263771,0
20230330T133602,20230413T142422,14.0336,147,A5,0.152661,0.610482,1
20230330T133602,20230413T142422,14.0336,148,A5,0.046336,0.163864,1
20230330T133602,20230413T142422,14.0336,149,A5,0.149668,0.393936,0
20230330T133602,20230413T142422,14.0336,150,A5,-0.017850,0.017145,0
20230330T133602,20230413T142422,14.0336,151,A5,0.074751,0.146313,0
20230330T133602,20230413T142422,14.0336,152,A5,-0.041131,1.027777,0
20230330T133602,20230413T142422,14.0336,153,A5,-0.262380,0.768200,0
20230330T133602,20230413T142422,14.0336,154,A5,-0.017553,0.244363,1
20230330T133602,20230413T142422,14.0336,156,A5,0.024202,0.462557,0
20230330T133602,20230413T142422,14.0336,157,A5,-0.146943,0.593244,1
20230330T133602,20230413T142422,14.0336,158,A5,-0.089673,1.097627,0
20230330T133602,20230413T142422,14.0336,160,A5,0.005748,0.013341,1
20230330T133602,20230509T130346,39.9776,1,A1,0.371949,1.091262,0
20230330T133602,20230509T130346,39.9776,3,A1,0.243251,0.953671,1
20230330T133602,20230509T130346,39.9776,4,A1,-0.288014,0.122574,0
20230330T133602,20230509T130346,39.9776,5,A1,-0.060738,0.306260,1
20230330T133602,20230509T130346,39.9776,6,A1,0.050937,0.319022,0
20230330T133602,20230509T130346,39.9776,7,A1,0.592942,0.058697,1
20230330T133602,20230509T130346,39.9776,8,A1,0.105143,0.539014,1
20230330T133602,20230509T130346,39.9776,9,A1,0.379381,0.844138,1
20230330T133602,20230509T130346,39.9776,10,A1,0.179285,0.740558,1
20230330T133602,20230509T130346,39.9776,11,A1,0.408574,0.029351,1
20230330T133602,20230509T130346,39.9776,12,A1,-0.270695,0.539897,0
20230330T133602,20230509T130346,39.9776,13,A1,0.499960,0.077636,1
20230330T133602,20230509T130346,39.9776,14,A1,0.017564,0.055511,1
20230330T133602,20230509T130346,39.9776,15,A1,-0.316183,2.000000,0
20230330T133602,20230509T130346,39.9776,16,A1,0.443874,0.060545,1
20230330T133602,20230509T130346,39.9776,17,A1,0.562556,0.851858,1
20230330T133602,20230509T130346,39.9776,18,A1,0.437918,0.782303,0
20230330T133602,20230509T130346,39.9776,19,A1,0.222376,0.484403,1
20230330T133602,20230509T130346,39.9776,20,A1,0.168159,1.033807,0
20230330T133602,20230509T130346,39.9776,21,A1,0.469944,0.000000,1
20230330T133602,20230509T130346,39.9776,22,A1,-0.269965,0.333228,0
20230330T133602,20230509T130346,39.9776,24,A1,0.098185,0.740207,1
20230330T133602,20230509T130346,39.9776,25,A1,0.684826,0.000000,1
20230330T133602,20230509T130346,39.9776,26,A1,0.452789,0.601108,1
20230330T133602,20230509T130346,39.9776,27,A1,0.602641,1.382230,0
20230330T133602,20230509T130346,39.9776,28,A1,-0.104948,0.249500,1
20230330T133602,20230509T130346,39.9776,29,A1,-0.159191,0.694574,1
20230330T133602,20230509T130346,39.9776,30,A1,0.164620,0.000000,1
20230330T133602,20230509T130346,39.9776,31,A1,-0.212931,1.602301,0
20230330T133602,20230509T130346,39.9776,32,A1,-0.366409,0.755274,1
20230330T133602,20230509T130346,39.9776,33,A2,0.459659,0.213767,1
20230330T133602,20230509T130346,39.9776,35,A2,-0.200139,0.091522,1
20230330T133602,20230509T130346,39.9776,36,A2,0.142785,0.266878,1
20230330T133602,20230509T130346,39.9776,37,A2,0.035713,0.965015,1
20230330T133602,20230509T130346,39.9776,38,A2,0.901161,0.071727,1
20230330T133602,20230509T130346,39.9776,39,A2,0.443652,0.588492,1
20230330T133602,20230509T130346,39.9776,40,A2,0.311863,0.402250,1
20230330T133602,20230509T130346,39.9776,41,A2,0.567276,0.000000,1
20230330T133602,20230509T130346,39.9776,42,A2,-0.068978,0.142397,0
20230330T133602,20230509T130346,39.9776,43,A2,0.305749,0.451830,0
20230330T133602,20230509T130346,39.9776,44,A2,0.093279,0.940816,1
20230330T133602,20230509T130346,39.9776,46,A2,-0.149684,0.415651,1
20230330T133602,20230509T130346,39.9776,47,A2,0.347524,0.246284,1
20230330T133602,20230509T130346,39.9776,48,A2,-0.108740,1.034554,0
20230330T133602,20230509T130346,39.9776,49,A2,-0.104800,0.084294,0
20230330T133602,20230509T130346,39.9776,50,A2,0.190949,0.284998,0
20230330T133602,20230509T130346,39.9776,51,A2,-0.200265,0.024143,1
20230330T133602,20230509T130346,39.9776,52,A2,0.156816,0.340246,1
20230330T133602,20230509T130346,39.9776,53,A2,0.133003,0.795154,1
20230330T133602,20230509T130346,39.9776,54,A2,-0.341118,0.090060,1
20230330T133602,20230509T130346,39.9776,55,A2,0.144545,0.324058,1
20230330T133602,20230509T130346,39.9776,56,A2,0.505747,0.003876,1
20230330T133602,20230509T130346,39.9776,57,A2,0.409493,0.000000,1
20230330T133602,20230509T130346,39.9776,58,A2,0.306927,0.065338,1
20230330T133602,20230509T130346,39.9776,59,A2,0.224303,0.600657,0
20230330T133602,20230509T130346,39.9776,60,A2,0.043912,0.468679,1
20230330T133602,20230509T130346,39.9776,61,A2,0.655180,0.151954,1
20230330T133602,20230509T130346,39.9776,62,A2,0.523079,1.232733,0
20230330T133602,20230509T130346,39.9776,63,A2,0.345138,0.000000,1
20230330T133602,20230509T130346,39.9776,64,A2,0.085927,0.913444,0
20230330T133602,20230509T130346,39.9776,65,A3,-0.337550,0.043845,1
20230330T133602,20230509T130346,39.9776,66,A3,0.870884,1.764777,0
20230330T133602,20230509T130346,39.9776,68,A3,0.695868,0.075970,1
20230330T133602,20230509T130346,39.9776,69,A3,0.762059,2.000000,0
20230330T133602,20230509T130346,39.9776,70,A3,0.499682,0.910073,1
20230330T133602,20230509T130346,39.9776,71,A3,0.618528,1.167222,0
20230330T133602,20230509T130346,39.9776,73,A3,-0.092058,0.232875,1
20230330T133602,20230509T130346,39.9776,74,A3,-0.229602,0.113979,0
20230330T133602,20230509T130346,39.9776,75,A3,0.497256,0.759135,0
20230330T133602,20230509T130346,39.9776,76,A3,0.818158,0.138378,1
20230330T133602,20230509T130346,39.9776,77,A3,0.635014,0.251450,0
20230330T133602,20230509T130346,39.9776,78,A3,0.411446,1.120903,0
20230330T133602,20230509T130346,39.9776,79,A3,0.594123,1.235182,0
20230330T133602,20230509T130346,39.9776,80,A3,0.646296,0.342640,1
20230330T133602,20230509T130346,39.9776,81,A3,0.403947,0.884107,0
20230330T133602,20230509T130346,39.9776,82,A3,0.616497,0.277004,1
20230330T133602,20230509T130346,39.9776,85,A3,0.912675,1.447822,0
20230330T133602,20230509T130346,39.9776,87,A3,-0.497077,0.000000,1
20230330T133602,20230509T130346,39.9776,88,A3,0.678247,1.430244,0
20230330T133602,20230509T130346,39.9776,89,A3,0.244323,0.118378,1
20230330T133602,20230509T130346,39.9776,90,A3,0.307346,0.159521,0
20230330T133602,20230509T130346,39.9776,91,A3,0.195575,1.051038,0
20230330T133602,20230509T130346,39.9776,92,A3,0.116236,0.948975,1
20230330T133602,20230509T130346,39.9776,93,A3,0.285747,0.037437,1
20230330T133602,20230509T130346,39.9776,94,A3,0.441704,0.342316,1
20230330T133602,20230509T130346,39.9776,95,A3,0.273038,0.000000,1
20230330T133602,20230509T130346,39.9776,96,A3,0.044119,1.039108,0
20230330T133602,20230509T130346,39.9776,130,A5,0.430781,0.826944,1
20230330T133602,20230509T130346,39.9776,131,A5,0.194199,0.325807,1
20230330T133602,20230509T130346,39.9776,132,A5,-0.150183,1.070171,0
20230330T133602,20230509T130346,39.9776,133,A5,0.464262,1.178242,0
20230330T133602,20230509T130346,39.9776,134,A5,0.491706,0.511326,1
20230330T133602,20230509T130346,39.9776,135,A5,0.370759,0.003842,1
20230330T133602,20230509T130346,39.9776,136,A5,0.077481,0.216958,1
20230330T133602,20230509T130346,39.9776,137,A5,-0.113263,0.633647,1
20230330T133602,20230509T130346,39.9776,138,A5,0.366095,0.450353,1
20230330T133602,20230509T130346,39.9776,139,A5,-0.132082,0.669386,0
20230330T133602,20230509T130346,39.9776,140,A5,0.393799,0.853581,1
20230330T133602,20230509T130346,39.9776,141,A5,-0.179853,0.169653,1
20230330T133602,20230509T130346,39.9776,143,A5,0.166536,1.390362,0
20230330T133602,20230509T130346,39.9776,144,A5,0.076449,0.404759,1
20230330T133602,20230509T130346,39.9776,145,A5,0.016053,1.627693,0
20230330T133602,20230509T130346,39.9776,146,A5,0.805853,0.752731,1
20230330T133602,20230509T130346,39.9776,147,A5,-0.029223,0.268105,1
20230330T133602,20230509T130346,39.9776,148,A5,-0.198010,0.602201,0
20230330T133602,20230509T130346,39.9776,149,A5,0.210376,0.294162,1
20230330T133602,20230509T130346,39.9776,150,A5,0.414207,0.196749,1
20230330T133602,20230509T130346,39.9776,151,A5,0.055573,0.123803,0
20230330T133602,20230509T130346,39.9776,152,A5,-0.132776,1.820841,0
20230330T133602,20230509T130346,39.9776,153,A5,-0.096664,0.160095,1
20230330T133602,20230509T130346,39.9776,154,A5,0.049066,0.362008,1
20230330T133602,20230509T130346,39.9776,156,A5,0.044705,0.102442,1
20230330T133602,20230509T130346,39.9776,157,A5,0.118947,0.601635,0
20230330T133602,20230509T130346,39.9776,158,A5,0.105273,0.783456,1
20230330T133602,20230509T130346,39.9776,160,A5,0.136628,0.120881,1
20230330T133602,20230511T142916,42.0370,1,A1,-0.114400,0.032871,1
20230330T133602,20230511T142916,42.0370,3,A1,0.216700,0.867101,1
20230330T133602,20230511T142916,42.0370,4,A1,0.080218,0.249597,0
20230330T133602,20230511T142916,42.0370,6,A1,-0.195569,0.108894,0
20230330T133602,20230511T142916,42.0370,7,A1,-0.360446,1.661792,0
20230330T133602,20230511T142916,42.0370,8,A1,-0.128994,0.613156,1
20230330T133602,20230511T142916,42.0370,9,A1,0.173773,0.061308,1
20230330T133602,20230511T142916,42.0370,10,A1,0.490201,0.974337,0
20230330T133602,20230511T142916,42.0370,11,A1,0.313581,0.351209,1
20230330T133602,20230511T142916,42.0370,12,A1,0.178149,0.118440,1
20230330T133602,20230511T142916,42.0370,13,A1,-0.175866,0.319727,0
20230330T133602,20230511T142916,42.0370,14,A1,-0.024840,0.548623,0
20230330T133602,20230511T142916,42.0370,15,A1,0.325729,1.459674,0
20230330T133602,20230511T142916,42.0370,16,A1,0.143592,0.438884,0
20230330T133602,20230511T142916,42.0370,17,A1,0.072984,0.430621,0
20230330T133602,20230511T142916,42.0370,18,A1,0.221799,0.065285,1
20230330T133602,20230511T142916,42.0370,19,A1,0.217215,1.077474,0
20230330T133602,20230511T142916,42.0370,20,A1,-0.046283,0.966193,1
20230330T133602,20230511T142916,42.0370,21,A1,0.310609,1.192007,0
20230330T133602,20230511T142916,42.0370,22,A1,-0.339421,0.582822,0
20230330T133602,20230511T142916,42.0370,24,A1,0.107928,0.944174,0
20230330T133602,20230511T142916,42.0370,25,A1,0.480995,0.413791,1
20230330T133602,20230511T142916,42.0370,26,A1,0.247511,1.102119,0
20230330T133602,20230511T142916,42.0370,27,A1,0.434775,1.382230,0
20230330T133602,20230511T142916,42.0370,28,A1,0.063702,0.991834,1
20230330T133602,20230511T142916,42.0370,29,A1,-0.116895,0.424877,0
20230330T133602,20230511T142916,42.0370,30,A1,-0.037352,0.430648,1
20230330T133602,20230511T142916,42.0370,31,A1,0.165933,0.000000,1
20230330T133602,20230511T142916,42.0370,32,A1,-0.347846,0.755274,1
20230330T133602,20230511T142916,42.0370,33,A2,-0.227341,0.893655,1
20230330T133602,20230511T142916,42.0370,36,A2,-0.074629,1.390607,0
20230330T133602,20230511T142916,42.0370,37,A2,0.041735,0.974026,1
20230330T133602,20230511T142916,42.0370,38,A2,0.857442,0.826169,1
20230330T133602,20230511T142916,42.0370,39,A2,-0.077305,1.035575,0
20230330T133602,20230511T142916,42.0370,40,A2,-0.267066,0.882343,1
20230330T133602,20230511T142916,42.0370,41,A2,0.081758,1.684604,0
20230330T133602,20230511T142916,42.0370,42,A2,0.087211,0.116120,1
20230330T133602,20230511T142916,42.0370,43,A2,0.389945,0.094355,1
20230330T133602,20230511T142916,42.0370,44,A2,0.486821,0.145923,0
20230330T133602,20230511T142916,42.0370,46,A2,0.178271,1.365802,0
20230330T133602,20230511T142916,42.0370,47,A2,0.312137,0.068250,1
20230330T133602,20230511T142916,42.0370,48,A2,0.266612,0.000000,1
20230330T133602,20230511T142916,42.0370,49,A2,0.123643,0.957044,1
20230330T133602,20230511T142916,42.0370,50,A2,-0.122925,0.280969,0
20230330T133602,20230511T142916,42.0370,51,A2,-0.260112,0.922264,1
20230330T133602,20230511T142916,42.0370,52,A2,0.011809,0.828688,0
20230330T133602,20230511T142916,42.0370,53,A2,-0.025999,2.000000,0
20230330T133602,20230511T142916,42.0370,54,A2,0.296879,0.428405,0
20230330T133602,20230511T142916,42.0370,55,A2,0.377323,0.009770,1
20230330T133602,20230511T142916,42.0370,57,A2,0.058466,0.000000,1
20230330T133602,20230511T142916,42.0370,58,A2,0.061200,0.964034,1
20230330T133602,20230511T142916,42.0370,59,A2,0.158387,0.004457,1
20230330T133602,20230511T142916,42.0370,60,A2,-0.359453,0.383549,0
20230330T133602,20230511T142916,42.0370,61,A2,0.144228,0.803937,1
20230330T133602,20230511T142916,42.0370,62,A2,0.077082,0.019909,1
20230330T133602,20230511T142916,42.0370,63,A2,-0.011238,0.000000,1
20230330T133602,20230511T142916,42.0370,64,A2,0.444829,0.389712,1
20230330T133602,20230511T142916,42.0370,65,A3,0.016017,0.992848,1
20230330T133602,20230511T142916,42.0370,66,A3,0.777362,0.944086,0
20230330T133602,20230511T142916,42.0370,68,A3,0.670781,0.041763,1
20230330T133602,20230511T142916,42.0370,69,A3,0.726300,1.130318,0
20230330T133602,20230511T142916,42.0370,70,A3,0.559393,0.079446,1
20230330T133602,20230511T142916,42.0370,71,A3,0.550957,1.167222,0
20230330T133602,20230511T142916,42.0370,73,A3,0.046426,0.096559,1
20230330T133602,20230511T142916,42.0370,74,A3,0.551157,0.743098,1
20230330T133602,20230511T142916,42.0370,75,A3,0.262932,0.106965,0
20230330T133602,20230511T142916,42.0370,76,A3,0.731507,1.861622,0
20230330T133602,20230511T142916,42.0370,77,A3,0.304233,0.420798,0
20230330T133602,20230511T142916,42.0370,78,A3,0.207166,0.943235,1
20230330T133602,20230511T142916,42.0370,79,A3,0.640826,0.967458,1
20230330T133602,20230511T142916,42.0370,80,A3,0.285596,0.475951,1
20230330T133602,20230511T142916,42.0370,81,A3,0.384690,0.800230,0
20230330T133602,20230511T142916,42.0370,82,A3,0.652997,0.445561,0
20230330T133602,20230511T142916,42.0370,85,A3,0.869400,1.447822,0
20230330T133602,20230511T142916,42.0370,87,A3,-0.473085,0.180522,1
20230330T133602,20230511T142916,42.0370,88,A3,0.350070,0.655470,0
20230330T133602,20230511T142916,42.0370,89,A3,0.534361,0.262578,1
20230330T133602,20230511T142916,42.0370,90,A3,-0.047540,0.184576,0
20230330T133602,20230511T142916,42.0370,91,A3,0.223361,1.300838,0
20230330T133602,20230511T142916,42.0370,92,A3,-0.072189,0.358233,1
20230330T133602,20230511T142916,42.0370,93,A3,0.382350,0.661932,0
20230330T133602,20230511T142916,42.0370,94,A3,0.252449,0.002347,1
20230330T133602,20230511T142916,42.0370,95,A3,0.428054,0.000000,1
20230330T133602,20230511T142916,42.0370,96,A3,0.093872,2.000000,0
20230330T133602,20230511T142916,42.0370,130,A5,0.506335,0.073117,1
20230330T133602,20230511T142916,42.0370,132,A5,-0.041118,0.342655,0
20230330T133602,20230511T142916,42.0370,133,A5,0.301458,0.058293,1
20230330T133602,20230511T142916,42.0370,134,A5,0.341208,0.649653,1
20230330T133602,20230511T142916,42.0370,135,A5,0.081318,0.349092,0
20230330T133602,20230511T142916,42.0370,136,A5,0.415056,0.191653,1
20230330T133602,20230511T142916,42.0370,137,A5,0.212611,1.366353,0
20230330T133602,20230511T142916,42.0370,138,A5,0.393460,0.535767,0
20230330T133602,20230511T142916,42.0370,139,A5,0.346772,0.991127,0
20230330T133602,20230511T142916,42.0370,143,A5,0.292011,0.433874,1
20230330T133602,20230511T142916,42.0370,144,A5,0.195062,0.127610,0
20230330T133602,20230511T142916,42.0370,145,A5,0.229883,1.627693,0
20230330T133602,20230511T142916,42.0370,146,A5,0.716251,1.552592,0
20230330T133602,20230511T142916,42.0370,147,A5,0.095771,0.870931,0
20230330T133602,20230511T142916,42.0370,148,A5,-0.254762,0.770017,0
20230330T133602,20230511T142916,42.0370,149,A5,0.403735,0.344069,1
20230330T133602,20230511T142916,42.0370,150,A5,-0.151574,0.303967,0
20230330T133602,20230511T142916,42.0370,151,A5,-0.106883,0.696742,1
20230330T133602,20230511T142916,42.0370,152,A5,-0.061377,1.072632,0
20230330T133602,20230511T142916,42.0370,153,A5,0.000495,0.381208,1
20230330T133602,20230511T142916,42.0370,157,A5,0.257162,0.348997,1
20230330T133602,20230511T142916,42.0370,158,A5,-0.163666,0.887446,1
20230330T133602,20230518T135808,49.0153,1,A1,0.254880,0.188963,0
20230330T133602,20230518T135808,49.0153,3,A1,0.173572,0.735374,1
20230330T133602,20230518T135808,49.0153,4,A1,-0.287212,0.050134,1
20230330T133602,20230518T135808,49.0153,5,A1,0.079099,0.321644,1
20230330T133602,20230518T135808,49.0153,6,A1,-0.141822,0.104799,0
20230330T133602,20230518T135808,49.0153,7,A1,0.180172,1.132740,0
20230330T133602,20230518T135808,49.0153,8,A1,0.365467,0.360392,1
20230330T133602,20230518T135808,49.0153,9,A1,0.165409,0.240691,1
20230330T133602,20230518T135808,49.0153,10,A1,-0.097094,0.191762,1
20230330T133602,20230518T135808,49.0153,11,A1,-0.004920,0.193324,1
20230330T133602,20230518T135808,49.0153,12,A1,-0.040313,0.125560,0
20230330T133602,20230518T135808,49.0153,13,A1,0.232594,0.023589,1
20230330T133602,20230518T135808,49.0153,14,A1,0.202837,0.142000,1
20230330T133602,20230518T135808,49.0153,15,A1,0.702395,0.430551,1
20230330T133602,20230518T135808,49.0153,16,A1,0.229979,0.570919,1
20230330T133602,20230518T135808,49.0153,17,A1,0.290281,0.110199,1
20230330T133602,20230518T135808,49.0153,18,A1,0.248071,1.076448,0
20230330T133602,20230518T135808,49.0153,19,A1,0.399743,0.948008,1
20230330T133602,20230518T135808,49.0153,20,A1,0.260581,0.537292,1
20230330T133602,20230518T135808,49.0153,21,A1,0.554776,0.000000,1
20230330T133602,20230518T135808,49.0153,22,A1,-0.129353,1.119906,0
20230330T133602,20230518T135808,49.0153,24,A1,0.050570,0.430699,1
20230330T133602,20230518T135808,49.0153,25,A1,0.621452,0.000000,1
20230330T133602,20230518T135808,49.0153,26,A1,0.598273,0.775352,1
20230330T133602,20230518T135808,49.0153,27,A1,0.458820,1.382230,0
20230330T133602,20230518T135808,49.0153,28,A1,0.510557,0.397197,1
20230330T133602,20230518T135808,49.0153,29,A1,0.289558,0.430212,0
20230330T133602,20230518T135808,49.0153,30,A1,0.054642,0.000000,1
20230330T133602,20230518T135808,49.0153,31,A1,0.492383,0.536962,1
20230330T133602,20230518T135808,49.0153,32,A1,-0.419311,0.755274,1
20230330T133602,20230518T135808,49.0153,33,A2,-0.261959,0.994167,1
20230330T133602,20230518T135808,49.0153,36,A2,0.252217,0.793564,0
20230330T133602,20230518T135808,49.0153,37,A2,-0.112449,0.992627,1
20230330T133602,20230518T135808,49.0153,38,A2,0.788161,0.139718,1
20230330T133602,20230518T135808,49.0153,39,A2,-0.086431,0.366634,1
20230330T133602,20230518T135808,49.0153,40,A2,0.066798,1.116811,0
20230330T133602,20230518T135808,49.0153,41,A2,-0.278302,2.000000,0
20230330T133602,20230518T135808,49.0153,42,A2,0.064696,0.061400,0
20230330T133602,20230518T135808,49.0153,43,A2,0.156834,0.026475,1
20230330T133602,20230518T135808,49.0153,44,A2,-0.152758,0.144428,1
20230330T133602,20230518T135808,49.0153,46,A2,0.008475,0.422102,1
20230330T133602,20230518T135808,49.0153,47,A2,0.441766,0.890874,1
20230330T133602,20230518T135808,49.0153,48,A2,0.242835,0.697919,1
20230330T133602,20230518T135808,49.0153,49,A2,-0.010938,0.053917,0
20230330T133602,20230518T135808,49.0153,50,A2,0.079105,0.180629,1
20230330T133602,20230518T135808,49.0153,51,A2,-0.285540,0.368410,0
20230330T133602,20230518T135808,49.0153,52,A2,-0.253622,0.468701,1
20230330T133602,20230518T135808,49.0153,53,A2,0.066007,0.632298,1
20230330T133602,20230518T135808,49.0153,54,A2,0.325869,0.113837,0
20230330T133602,20230518T135808,49.0153,55,A2,0.170811,0.343349,0
20230330T133602,20230518T135808,49.0153,56,A2,0.357116,0.021539,1
20230330T133602,20230518T135808,49.0153,57,A2,-0.092110,0.075466,1
20230330T133602,20230518T135808,49.0153,58,A2,0.075802,0.049560,0
20230330T133602,20230518T135808,49.0153,59,A2,0.213070,0.099640,0
20230330T133602,20230518T135808,49.0153,60,A2,0.427289,0.091729,1
20230330T133602,20230518T135808,49.0153,61,A2,0.427699,1.264012,0
20230330T133602,20230518T135808,49.0153,62,A2,0.442421,0.013220,1
20230330T133602,20230518T135808,49.0153,63,A2,0.323793,0.660800,1
20230330T133602,20230518T135808,49.0153,64,A2,0.729034,0.097578,1
20230330T133602,20230518T135808,49.0153,65,A3,0.244917,0.199460,1
20230330T133602,20230518T135808,49.0153,69,A3,0.441039,0.000000,1
20230330T133602,20230518T135808,49.0153,70,A3,0.187603,0.523670,1
20230330T133602,20230518T135808,49.0153,71,A3,0.545155,0.832778,1
20230330T133602,20230518T135808,49.0153,74,A3,-0.204098,0.929713,1
20230330T133602,20230518T135808,49.0153,75,A3,0.592540,0.082296,0
20230330T133602,20230518T135808,49.0153,77,A3,0.285000,1.132184,0
20230330T133602,20230518T135808,49.0153,78,A3,0.338850,1.368797,0
20230330T133602,20230518T135808,49.0153,79,A3,-0.159159,2.000000,0
20230330T133602,20230518T135808,49.0153,80,A3,0.666115,1.535169,0
20230330T133602,20230518T135808,49.0153,81,A3,0.537703,0.612331,1
20230330T133602,20230518T135808,49.0153,82,A3,0.691629,0.313248,1
20230330T133602,20230518T135808,49.0153,85,A3,0.699059,1.447822,0
20230330T133602,20230518T135808,49.0153,87,A3,0.182161,1.885845,0
20230330T133602,20230518T135808,49.0153,88,A3,0.606901,0.312950,1
20230330T133602,20230518T135808,49.0153,89,A3,-0.230695,0.333025,0
20230330T133602,20230518T135808,49.0153,90,A3,0.291754,0.135367,1
20230330T133602,20230518T135808,49.0153,92,A3,-0.094658,0.111913,0
20230330T133602,20230518T135808,49.0153,93,A3,0.264369,0.189060,1
20230330T133602,20230518T135808,49.0153,94,A3,0.085750,0.435433,1
20230330T133602,20230518T135808,49.0153,95,A3,0.747491,0.585162,1
20230330T133602,20230518T135808,49.0153,96,A3,-0.209013,0.899387,1
20230330T133602,20230518T135808,49.0153,130,A5,0.469058,0.898919,1
20230330T133602,20230518T135808,49.0153,132,A5,0.031393,0.101446,1
20230330T133602,20230518T135808,49.0153,133,A5,-0.222803,0.734797,0
20230330T133602,20230518T135808,49.0153,134,A5,0.079722,0.341972,1
20230330T133602,20230518T135808,49.0153,135,A5,0.177952,0.651239,1
20230330T133602,20230518T135808,49.0153,137,A5,0.192077,0.170523,1
20230330T133602,20230518T135808,49.0153,138,A5,0.248101,0.060222,1
20230330T133602,20230518T135808,49.0153,143,A5,-0.105571,0.585716,0
20230330T133602,20230518T135808,49.0153,145,A5,-0.229901,0.911397,0
20230330T133602,20230518T135808,49.0153,146,A5,0.664482,0.000000,1
20230330T133602,20230518T135808,49.0153,147,A5,-0.164721,1.389518,0
20230330T133602,20230518T135808,49.0153,148,A5,-0.012334,1.165386,0
20230330T133602,20230518T135808,49.0153,149,A5,-0.242239,0.143392,1
20230330T133602,20230518T135808,49.0153,150,A5,-0.262019,0.065930,0
20230330T133602,20230518T135808,49.0153,151,A5,0.018866,0.189431,1
20230330T133602,20230518T135808,49.0153,152,A5,0.156142,0.745933,1
20230330T133602,20230518T135808,49.0153,153,A5,0.106499,0.840774,0
20230330T133602,20230518T135808,49.0153,157,A5,0.280007,0.160471,1
20230330T133602,20230518T135808,49.0153,158,A5,-0.052770,0.913563,1
20230330T133602,20230518T135808,49.0153,160,A5,0.129320,0.079159,0
20230330T133602,20230523T145755,54.0569,1,A1,-0.147986,0.556194,0
20230330T133602,20230523T145755,54.0569,3,A1,0.279558,0.000000,1
20230330T133602,20230523T145755,54.0569,4,A1,-0.088036,0.058827,1
20230330T133602,20230523T145755,54.0569,5,A1,0.399744,0.811525,1
20230330T133602,20230523T145755,54.0569,6,A1,0.118191,0.090048,1
20230330T133602,20230523T145755,54.0569,7,A1,0.099701,0.932662,1
20230330T133602,20230523T145755,54.0569,8,A1,-0.129684,0.217756,1
20230330T133602,20230523T145755,54.0569,9,A1,0.058805,0.621190,1
20230330T133602,20230523T145755,54.0569,10,A1,-0.081750,1.808238,0
20230330T133602,20230523T145755,54.0569,11,A1,-0.202194,0.638874,1
20230330T133602,20230523T145755,54.0569,12,A1,0.136813,0.786872,1
20230330T133602,20230523T145755,54.0569,13,A1,0.272747,0.101039,1
20230330T133602,20230523T145755,54.0569,14,A1,-0.143075,0.242954,1
20230330T133602,20230523T145755,54.0569,15,A1,0.839013,0.000000,1
20230330T133602,20230523T145755,54.0569,16,A1,0.119388,0.570919,1
20230330T133602,20230523T145755,54.0569,17,A1,-0.199718,0.554720,0
20230330T133602,20230523T145755,54.0569,18,A1,-0.359272,0.502755,1
20230330T133602,20230523T145755,54.0569,19,A1,-0.050632,0.986345,1
20230330T133602,20230523T145755,54.0569,20,A1,-0.048884,0.966193,1
20230330T133602,20230523T145755,54.0569,21,A1,0.467125,1.596937,0
20230330T133602,20230523T145755,54.0569,22,A1,-0.301730,0.424664,0
20230330T133602,20230523T145755,54.0569,24,A1,-0.235428,1.259793,0
20230330T133602,20230523T145755,54.0569,25,A1,0.520923,0.000000,1
20230330T133602,20230523T145755,54.0569,26,A1,0.055920,0.947790,1
20230330T133602,20230523T145755,54.0569,27,A1,0.019004,0.617770,1
20230330T133602,20230523T145755,54.0569,28,A1,-0.029170,0.093611,1
20230330T133602,20230523T145755,54.0569,29,A1,0.321186,0.244629,1
20230330T133602,20230523T145755,54.0569,30,A1,-0.157837,0.000000,1
20230330T133602,20230523T145755,54.0569,31,A1,0.568000,0.791161,1
20230330T133602,20230523T145755,54.0569,32,A1,-0.492705,0.755274,1
20230330T133602,20230523T145755,54.0569,33,A2,0.285448,0.873486,1
20230330T133602,20230523T145755,54.0569,37,A2,-0.033394,0.648144,1
20230330T133602,20230523T145755,54.0569,38,A2,0.732984,0.000000,1
20230330T133602,20230523T145755,54.0569,39,A2,0.084476,0.739436,0
20230330T133602,20230523T145755,54.0569,40,A2,0.272001,2.000000,0
20230330T133602,20230523T145755,54.0569,41,A2,0.168275,1.332963,0
20230330T133602,20230523T145755,54.0569,42,A2,-0.185521,0.051184,1
20230330T133602,20230523T145755,54.0569,43,A2,0.495873,0.289856,0
20230330T133602,20230523T145755,54.0569,44,A2,-0.121335,0.179405,0
20230330T133602,20230523T145755,54.0569,46,A2,-0.090871,0.019884,1
20230330T133602,20230523T145755,54.0569,47,A2,0.478338,0.890874,1
20230330T133602,20230523T145755,54.0569,48,A2,0.043293,0.868112,1
20230330T133602,20230523T145755,54.0569,49,A2,0.033727,0.032152,1
20230330T133602,20230523T145755,54.0569,50,A2,-0.150377,0.058311,1
20230330T133602,20230523T145755,54.0569,51,A2,-0.022470,0.087709,1
20230330T133602,20230523T145755,54.0569,52,A2,0.308254,0.413342,1
20230330T133602,20230523T145755,54.0569,53,A2,-0.338691,1.292197,0
20230330T133602,20230523T145755,54.0569,54,A2,0.274205,0.069460,1
20230330T133602,20230523T145755,54.0569,55,A2,-0.002052,1.330527,0
20230330T133602,20230523T145755,54.0569,56,A2,0.425418,0.012495,1
20230330T133602,20230523T145755,54.0569,57,A2,-0.143982,1.014311,0
20230330T133602,20230523T145755,54.0569,58,A2,-0.040661,0.180713,1
20230330T133602,20230523T145755,54.0569,59,A2,-0.009296,0.136245,0
20230330T133602,20230523T145755,54.0569,60,A2,-0.014826,0.171812,0
20230330T133602,20230523T145755,54.0569,61,A2,0.320111,1.331155,0
20230330T133602,20230523T145755,54.0569,62,A2,0.447875,0.157858,1
20230330T133602,20230523T145755,54.0569,63,A2,0.475438,0.067598,1
20230330T133602,20230523T145755,54.0569,64,A2,0.746394,0.097578,1
20230330T133602,20230523T145755,54.0569,65,A3,0.349124,0.062807,0
20230330T133602,20230523T145755,54.0569,66,A3,0.700972,0.750653,1
20230330T133602,20230523T145755,54.0569,68,A3,0.559207,0.733625,1
20230330T133602,20230523T145755,54.0569,69,A3,-0.168883,1.003637,0
20230330T133602,20230523T145755,54.0569,70,A3,0.105921,0.076004,1
20230330T133602,20230523T145755,54.0569,71,A3,0.672877,0.086984,1
20230330T133602,20230523T145755,54.0569,73,A3,0.060551,0.284367,0
20230330T133602,20230523T145755,54.0569,75,A3,-0.117950,0.069701,0
20230330T133602,20230523T145755,54.0569,76,A3,0.152615,0.786183,1
20230330T133602,20230523T145755,54.0569,77,A3,0.435579,0.239836,0
20230330T133602,20230523T145755,54.0569,78,A3,0.260112,1.480932,0
20230330T133602,20230523T145755,54.0569,79,A3,0.298513,1.007048,0
20230330T133602,20230523T145755,54.0569,80,A3,0.655944,0.357363,1
20230330T133602,20230523T145755,54.0569,81,A3,0.247837,0.394480,1
20230330T133602,20230523T145755,54.0569,82,A3,0.356814,0.026227,1
20230330T133602,20230523T145755,54.0569,85,A3,0.766861,1.401964,0
20230330T133602,20230523T145755,54.0569,87,A3,-0.218033,2.000000,0
20230330T133602,20230523T145755,54.0569,88,A3,0.109752,0.349337,1
20230330T133602,20230523T145755,54.0569,89,A3,0.194208,0.135189,1
20230330T133602,20230523T145755,54.0569,90,A3,-0.019021,0.152785,1
20230330T133602,20230523T145755,54.0569,91,A3,-0.296207,0.968599,1
20230330T133602,20230523T145755,54.0569,93,A3,0.211283,0.026230,1
20230330T133602,20230523T145755,54.0569,94,A3,0.175133,0.363667,1
20230330T133602,20230523T145755,54.0569,95,A3,0.230594,1.194040,0
20230330T133602,20230523T145755,54.0569,96,A3,-0.279969,2.000000,0
20230330T133602,20230523T145755,54.0569,130,A5,0.414227,0.559366,1
20230330T133602,20230523T145755,54.0569,131,A5,-0.014723,0.457821,1
20230330T133602,20230523T145755,54.0569,132,A5,-0.080224,0.022545,1
20230330T133602,20230523T145755,54.0569,133,A5,0.175222,0.113444,1
20230330T133602,20230523T145755,54.0569,134,A5,0.310905,0.134551,1
20230330T133602,20230523T145755,54.0569,135,A5,0.317998,0.373271,1
20230330T133602,20230523T145755,54.0569,136,A5,-0.193879,0.536247,0
20230330T133602,20230523T145755,54.0569,137,A5,0.013859,0.245240,1
20230330T133602,20230523T145755,54.0569,138,A5,0.379777,0.102349,1
20230330T133602,20230523T145755,54.0569,143,A5,0.029167,1.390362,0
20230330T133602,20230523T145755,54.0569,144,A5,0.198163,0.068746,1
20230330T133602,20230523T145755,54.0569,145,A5,0.349005,0.334127,1
20230330T133602,20230523T145755,54.0569,146,A5,0.777117,0.672363,1
20230330T133602,20230523T145755,54.0569,147,A5,0.049516,0.552704,0
20230330T133602,20230523T145755,54.0569,148,A5,-0.049194,0.824840,0
20230330T133602,20230523T145755,54.0569,149,A5,-0.102280,0.352578,0
20230330T133602,20230523T145755,54.0569,150,A5,0.346198,0.459035,1
20230330T133602,20230523T145755,54.0569,151,A5,0.239670,0.222092,0
20230330T133602,20230523T145755,54.0569,152,A5,0.434746,0.969738,1
20230330T133602,20230523T145755,54.0569,153,A5,-0.187570,0.520074,0
20230330T133602,20230523T145755,54.0569,157,A5,-0.237855,0.408826,1
20230330T133602,20230523T145755,54.0569,158,A5,0.038057,1.133496,0
20230330T133602,20230523T145755,54.0569,160,A5,-0.022693,0.108710,0
20230330T133602,20230525T103049,55.8714,1,A1,0.434415,0.095831,1
20230330T133602,20230525T103049,55.8714,3,A1,0.186659,1.004117,0
20230330T133602,20230525T103049,55.8714,4,A1,0.090673,0.027728,1
20230330T133602,20230525T103049,55.8714,5,A1,0.010217,1.228011,0
20230330T133602,20230525T103049,55.8714,6,A1,0.131594,0.100961,0
20230330T133602,20230525T103049,55.8714,7,A1,0.150424,0.000000,1
20230330T133602,20230525T103049,55.8714,8,A1,0.115014,0.142176,1
20230330T133602,20230525T103049,55.8714,9,A1,0.147885,0.502645,1
20230330T133602,20230525T103049,55.8714,10,A1,-0.089579,0.279324,1
20230330T133602,20230525T103049,55.8714,11,A1,0.686869,0.029351,1
20230330T133602,20230525T103049,55.8714,12,A1,-0.162920,1.047544,0
20230330T133602,20230525T103049,55.8714,13,A1,0.412342,0.555126,1
20230330T133602,20230525T103049,55.8714,14,A1,0.004423,0.355429,1
20230330T133602,20230525T103049,55.8714,15,A1,0.387309,2.000000,0
20230330T133602,20230525T103049,55.8714,16,A1,0.284896,0.570919,1
20230330T133602,20230525T103049,55.8714,17,A1,0.203052,0.851858,1
20230330T133602,20230525T103049,55.8714,18,A1,0.053339,1.076448,0
20230330T133602,20230525T103049,55.8714,19,A1,0.108059,0.962868,1
20230330T133602,20230525T103049,55.8714,20,A1,0.159070,0.493391,1
20230330T133602,20230525T103049,55.8714,21,A1,0.651144,0.947370,1
20230330T133602,20230525T103049,55.8714,22,A1,0.189265,0.106054,1
20230330T133602,20230525T103049,55.8714,24,A1,-0.089863,0.089228,1
20230330T133602,20230525T103049,55.8714,25,A1,0.614786,0.336521,1
20230330T133602,20230525T103049,55.8714,26,A1,0.333466,1.108819,0
20230330T133602,20230525T103049,55.8714,27,A1,0.553437,1.090360,0
20230330T133602,20230525T103049,55.8714,28,A1,0.080208,0.045666,1
20230330T133602,20230525T103049,55.8714,29,A1,0.181232,0.187908,1
20230330T133602,20230525T103049,55.8714,30,A1,0.013798,0.000000,1
20230330T133602,20230525T103049,55.8714,31,A1,0.327349,0.721467,1
20230330T133602,20230525T103049,55.8714,32,A1,-0.205996,0.135874,1
20230330T133602,20230525T103049,55.8714,33,A2,0.211524,0.534361,1
20230330T133602,20230525T103049,55.8714,35,A2,0.232107,0.432697,1
20230330T133602,20230525T103049,55.8714,36,A2,0.145385,0.185324,1
20230330T133602,20230525T103049,55.8714,37,A2,0.047601,1.009239,0
20230330T133602,20230525T103049,55.8714,38,A2,0.824311,0.000000,1
20230330T133602,20230525T103049,55.8714,39,A2,0.293510,0.374230,1
20230330T133602,20230525T103049,55.8714,40,A2,0.320740,0.543842,1
20230330T133602,20230525T103049,55.8714,41,A2,-0.000180,1.228366,0
20230330T133602,20230525T103049,55.8714,42,A2,0.057162,1.060047,0
20230330T133602,20230525T103049,55.8714,43,A2,0.419448,0.332893,0
20230330T133602,20230525T103049,55.8714,44,A2,-0.490217,0.940816,1
20230330T133602,20230525T103049,55.8714,46,A2,-0.159953,0.422102,1
20230330T133602,20230525T103049,55.8714,47,A2,0.290808,0.890874,1
20230330T133602,20230525T103049,55.8714,48,A2,-0.038342,2.000000,0
20230330T133602,20230525T103049,55.8714,49,A2,-0.178532,0.057733,0
20230330T133602,20230525T103049,55.8714,50,A2,-0.278095,0.385452,0
20230330T133602,20230525T103049,55.8714,51,A2,-0.000137,0.006398,1
20230330T133602,20230525T103049,55.8714,52,A2,-0.270787,0.565341,1
20230330T133602,20230525T103049,55.8714,53,A2,0.108549,0.563930,1
20230330T133602,20230525T103049,55.8714,54,A2,-0.403052,0.653281,0
20230330T133602,20230525T103049,55.8714,55,A2,0.034817,0.325419,1
20230330T133602,20230525T103049,55.8714,56,A2,0.291531,0.223445,1
20230330T133602,20230525T103049,55.8714,57,A2,-0.095090,1.435217,0
20230330T133602,20230525T103049,55.8714,58,A2,-0.097478,0.604574,0
20230330T133602,20230525T103049,55.8714,59,A2,0.018072,1.016531,0
20230330T133602,20230525T103049,55.8714,60,A2,0.185162,0.914517,1
20230330T133602,20230525T103049,55.8714,61,A2,0.263959,0.706170,1
20230330T133602,20230525T103049,55.8714,62,A2,0.447500,0.269204,1
20230330T133602,20230525T103049,55.8714,63,A2,0.521062,0.769637,1
20230330T133602,20230525T103049,55.8714,64,A2,0.681942,0.097578,1
20230330T133602,20230525T103049,55.8714,65,A3,0.443231,0.992848,1
20230330T133602,20230525T103049,55.8714,66,A3,0.192933,0.745403,1
20230330T133602,20230525T103049,55.8714,68,A3,0.661768,0.149896,1
20230330T133602,20230525T103049,55.8714,69,A3,0.579777,1.211999,0
20230330T133602,20230525T103049,55.8714,70,A3,0.182596,0.401848,1
20230330T133602,20230525T103049,55.8714,71,A3,0.761107,0.039749,1
20230330T133602,20230525T103049,55.8714,75,A3,-0.035883,0.226341,0
20230330T133602,20230525T103049,55.8714,76,A3,0.750350,0.887456,0
20230330T133602,20230525T103049,55.8714,77,A3,-0.062529,1.122981,0
20230330T133602,20230525T103049,55.8714,78,A3,0.180359,1.495316,0
20230330T133602,20230525T103049,55.8714,79,A3,0.477272,0.980140,1
20230330T133602,20230525T103049,55.8714,80,A3,0.461512,0.670193,0
20230330T133602,20230525T103049,55.8714,81,A3,-0.005288,0.847448,0
20230330T133602,20230525T103049,55.8714,82,A3,0.341173,0.645641,1
20230330T133602,20230525T103049,55.8714,85,A3,0.620539,1.447822,0
20230330T133602,20230525T103049,55.8714,87,A3,-0.102935,1.389749,0
20230330T133602,20230525T103049,55.8714,88,A3,0.027616,0.409321,1
20230330T133602,20230525T103049,55.8714,89,A3,-0.031735,0.764237,1
20230330T133602,20230525T103049,55.8714,90,A3,-0.174679,0.066873,1
20230330T133602,20230525T103049,55.8714,91,A3,0.412066,1.044274,0
20230330T133602,20230525T103049,55.8714,93,A3,0.148344,0.213331,1
20230330T133602,20230525T103049,55.8714,94,A3,0.568212,1.021062,0
20230330T133602,20230525T103049,55.8714,95,A3,-0.084451,1.622280,0
20230330T133602,20230525T103049,55.8714,96,A3,0.033624,0.698931,1
20230330T133602,20230525T103049,55.8714,130,A5,0.593884,0.865086,1
20230330T133602,20230525T103049,55.8714,132,A5,0.387795,0.929829,1
20230330T133602,20230525T103049,55.8714,133,A5,-0.230188,1.178242,0
20230330T133602,20230525T103049,55.8714,134,A5,0.189453,0.291572,1
20230330T133602,20230525T103049,55.8714,135,A5,0.250415,0.303373,1
20230330T133602,20230525T103049,55.8714,136,A5,0.212716,0.368676,1
20230330T133602,20230525T103049,55.8714,137,A5,-0.057129,0.633647,1
20230330T133602,20230525T103049,55.8714,138,A5,0.294317,0.074540,0
20230330T133602,20230525T103049,55.8714,140,A5,-0.066481,1.006240,0
20230330T133602,20230525T103049,55.8714,143,A5,0.033926,1.209569,0
20230330T133602,20230525T103049,55.8714,144,A5,-0.110398,0.234781,0
20230330T133602,20230525T103049,55.8714,145,A5,0.060897,0.848213,0
20230330T133602,20230525T103049,55.8714,146,A5,0.450829,1.160669,0
20230330T133602,20230525T103049,55.8714,147,A5,-0.050663,0.588422,0
20230330T133602,20230525T103049,55.8714,148,A5,-0.140788,1.025920,0
20230330T133602,20230525T103049,55.8714,149,A5,-0.005513,0.414510,0
20230330T133602,20230525T103049,55.8714,150,A5,-0.102463,0.015921,0
20230330T133602,20230525T103049,55.8714,151,A5,-0.039830,0.208428,0
20230330T133602,20230525T103049,55.8714,152,A5,-0.044888,0.784502,1
20230330T133602,20230525T103049,55.8714,153,A5,0.346847,0.219665,1
20230330T133602,20230525T103049,55.8714,156,A5,0.012115,0.242017,1
20230330T133602,20230525T103049,55.8714,157,A5,0.299160,0.580700,1
20230330T133602,20230525T103049,55.8714,158,A5,-0.276963,2.000000,0
20230330T133602,20230525T103049,55.8714,160,A5,0.148088,1.050116,0
20230330T133602,20230622T111856,83.9048,1,A1,0.261060,0.313502,0
20230330T133602,20230622T111856,83.9048,3,A1,0.187715,0.954995,1
20230330T133602,20230622T111856,83.9048,4,A1,0.476933,0.110815,0
20230330T133602,20230622T111856,83.9048,6,A1,-0.183589,0.101986,0
20230330T133602,20230622T111856,83.9048,8,A1,-0.085366,0.780251,1
20230330T133602,20230622T111856,83.9048,9,A1,0.296645,0.035818,1
20230330T133602,20230622T111856,83.9048,10,A1,-0.044345,0.584223,1
20230330T133602,20230622T111856,83.9048,11,A1,0.209875,0.377315,1
20230330T133602,20230622T111856,83.9048,12,A1,-0.011490,1.047544,0
20230330T133602,20230622T111856,83.9048,13,A1,0.400573,0.767394,1
20230330T133602,20230622T111856,83.9048,14,A1,0.036243,0.497187,0
20230330T133602,20230622T111856,83.9048,15,A1,0.580682,1.617393,0
20230330T133602,20230622T111856,83.9048,17,A1,0.418433,0.072659,1
20230330T133602,20230622T111856,83.9048,18,A1,0.069974,0.319583,0
20230330T133602,20230622T111856,83.9048,19,A1,-0.221965,0.845275,1
20230330T133602,20230622T111856,83.9048,20,A1,0.084435,0.043390,0
20230330T133602,20230622T111856,83.9048,21,A1,0.145588,0.824048,1
20230330T133602,20230622T111856,83.9048,22,A1,-0.393161,0.016762,1
20230330T133602,20230622T111856,83.9048,24,A1,0.075656,0.378755,0
20230330T133602,20230622T111856,83.9048,25,A1,0.459833,0.000000,1
20230330T133602,20230622T111856,83.9048,26,A1,0.247829,0.942989,1
20230330T133602,20230622T111856,83.9048,27,A1,0.538243,0.407642,0
20230330T133602,20230622T111856,83.9048,28,A1,0.220735,0.143227,1
20230330T133602,20230622T111856,83.9048,29,A1,0.374314,0.238027,1
20230330T133602,20230622T111856,83.9048,30,A1,-0.344303,0.000000,1
20230330T133602,20230622T111856,83.9048,31,A1,-0.109687,1.554610,0
20230330T133602,20230622T111856,83.9048,32,A1,-0.317231,0.755274,1
20230330T133602,20230622T111856,83.9048,33,A2,0.265920,1.091675,0
20230330T133602,20230622T111856,83.9048,35,A2,0.088334,0.625362,0
20230330T133602,20230622T111856,83.9048,36,A2,-0.242912,0.067189,1
20230330T133602,20230622T111856,83.9048,37,A2,0.001880,1.009578,0
20230330T133602,20230622T111856,83.9048,39,A2,-0.054570,0.588492,1
20230330T133602,20230622T111856,83.9048,40,A2,0.030500,0.947776,1
20230330T133602,20230622T111856,83.9048,41,A2,0.562471,0.551776,1
20230330T133602,20230622T111856,83.9048,42,A2,-0.027684,0.302747,0
20230330T133602,20230622T111856,83.9048,43,A2,0.720000,0.400357,0
20230330T133602,20230622T111856,83.9048,44,A2,-0.163706,0.940816,1
20230330T133602,20230622T111856,83.9048,46,A2,-0.086918,0.422102,1
20230330T133602,20230622T111856,83.9048,47,A2,0.421054,0.890874,1
20230330T133602,20230622T111856,83.9048,48,A2,0.122654,1.111102,0
20230330T133602,20230622T111856,83.9048,49,A2,0.131129,0.055657,1
20230330T133602,20230622T111856,83.9048,50,A2,-0.235902,0.387704,0
20230330T133602,20230622T111856,83.9048,51,A2,0.080445,0.191830,0
20230330T133602,20230622T111856,83.9048,52,A2,0.130401,0.763376,0
20230330T133602,20230622T111856,83.9048,53,A2,-0.134029,0.997342,1
20230330T133602,20230622T111856,83.9048,54,A2,-0.357750,0.320665,1
20230330T133602,20230622T111856,83.9048,55,A2,-0.018248,0.364195,1
20230330T133602,20230622T111856,83.9048,57,A2,-0.171727,0.991443,1
20230330T133602,20230622T111856,83.9048,58,A2,0.007734,0.137878,0
20230330T133602,20230622T111856,83.9048,59,A2,-0.106548,0.102620,0
20230330T133602,20230622T111856,83.9048,60,A2,0.317624,0.046177,1
20230330T133602,20230622T111856,83.9048,61,A2,0.338583,0.269602,1
20230330T133602,20230622T111856,83.9048,62,A2,0.548421,0.186082,1
20230330T133602,20230622T111856,83.9048,63,A2,0.501984,0.000000,1
20230330T133602,20230622T111856,83.9048,64,A2,0.705338,0.556196,1
20230330T133602,20230622T111856,83.9048,65,A3,-0.060186,1.007152,0
20230330T133602,20230622T111856,83.9048,66,A3,0.612316,0.859795,0
20230330T133602,20230622T111856,83.9048,68,A3,0.809209,0.188710,1
20230330T133602,20230622T111856,83.9048,69,A3,0.710617,1.026846,0
20230330T133602,20230622T111856,83.9048,70,A3,0.475599,0.910073,1
20230330T133602,20230622T111856,83.9048,71,A3,0.758665,0.297719,1
20230330T133602,20230622T111856,83.9048,73,A3,-0.044638,0.046630,1
20230330T133602,20230622T111856,83.9048,74,A3,0.055915,0.057313,1
20230330T133602,20230622T111856,83.9048,75,A3,0.535329,0.252775,1
20230330T133602,20230622T111856,83.9048,76,A3,0.564797,1.274367,0
20230330T133602,20230622T111856,83.9048,77,A3,0.504986,0.124359,1
20230330T133602,20230622T111856,83.9048,78,A3,0.088633,0.977889,1
20230330T133602,20230622T111856,83.9048,79,A3,0.436793,0.967608,1
20230330T133602,20230622T111856,83.9048,80,A3,0.308163,1.120299,0
20230330T133602,20230622T111856,83.9048,81,A3,0.176679,0.834690,0
20230330T133602,20230622T111856,83.9048,82,A3,0.565134,0.233845,1
20230330T133602,20230622T111856,83.9048,85,A3,0.687054,0.681385,0
20230330T133602,20230622T111856,83.9048,87,A3,-0.297883,1.227343,0
20230330T133602,20230622T111856,83.9048,88,A3,0.030880,0.206780,1
20230330T133602,20230622T111856,83.9048,89,A3,0.491303,0.376792,0
20230330T133602,20230622T111856,83.9048,90,A3,0.029635,0.142687,1
20230330T133602,20230622T111856,83.9048,91,A3,0.170716,0.847769,1
20230330T133602,20230622T111856,83.9048,93,A3,0.170044,0.055170,1
20230330T133602,20230622T111856,83.9048,94,A3,0.099689,1.615777,0
20230330T133602,20230622T111856,83.9048,95,A3,0.764678,0.743964,1
20230330T133602,20230622T111856,83.9048,96,A3,0.110413,1.110879,0
20230330T133602,20230622T111856,83.9048,130,A5,0.686246,0.925792,1
20230330T133602,20230622T111856,83.9048,131,A5,-0.292385,0.461947,1
20230330T133602,20230622T111856,83.9048,132,A5,0.293393,0.027933,1
20230330T133602,20230622T111856,83.9048,133,A5,-0.182171,0.349627,0
20230330T133602,20230622T111856,83.9048,134,A5,-0.004215,0.447612,0
20230330T133602,20230622T111856,83.9048,135,A5,-0.123215,1.348761,0
20230330T133602,20230622T111856,83.9048,136,A5,0.149812,0.267971,1
20230330T133602,20230622T111856,83.9048,137,A5,0.251348,0.374801,0
20230330T133602,20230622T111856,83.9048,138,A5,0.361345,0.051954,0
20230330T133602,20230622T111856,83.9048,139,A5,0.288267,0.516348,1
20230330T133602,20230622T111856,83.9048,140,A5,0.488971,0.000000,1
20230330T133602,20230622T111856,83.9048,141,A5,-0.099786,0.328887,1
20230330T133602,20230622T111856,83.9048,143,A5,-0.020181,0.624606,0
20230330T133602,20230622T111856,83.9048,144,A5,-0.081856,0.122871,0
20230330T133602,20230622T111856,83.9048,145,A5,0.114506,1.147416,0
20230330T133602,20230622T111856,83.9048,146,A5,0.277928,0.779194,1
20230330T133602,20230622T111856,83.9048,147,A5,-0.171457,0.544472,0
20230330T133602,20230622T111856,83.9048,148,A5,-0.067306,0.722591,0
20230330T133602,20230622T111856,83.9048,149,A5,-0.123625,0.944044,0
20230330T133602,20230622T111856,83.9048,150,A5,0.054019,0.036546,1
20230330T133602,20230622T111856,83.9048,151,A5,-0.120112,0.094348,1
20230330T133602,20230622T111856,83.9048,152,A5,-0.036328,1.994748,0
20230330T133602,20230622T111856,83.9048,153,A5,0.158900,0.179352,1
20230330T133602,20230622T111856,83.9048,154,A5,0.131976,0.326464,0
20230330T133602,20230622T111856,83.9048,156,A5,-0.225723,0.349366,0
20230330T133602,20230622T111856,83.9048,157,A5,0.010543,0.608800,0
20230330T133602,20230622T111856,83.9048,158,A5,0.011559,0.863354,1
20230330T133602,20230622T111856,83.9048,160,A5,0.430473,0.949884,1
20230330T133602,20230703T122644,94.9519,1,A1,-0.139650,0.353192,0
20230330T133602,20230703T122644,94.9519,3,A1,-0.171781,2.000000,0
20230330T133602,20230703T122644,94.9519,4,A1,0.192711,0.058208,1
20230330T133602,20230703T122644,94.9519,6,A1,-0.079299,0.136402,0
20230330T133602,20230703T122644,94.9519,9,A1,0.055792,0.173955,0
20230330T133602,20230703T122644,94.9519,10,A1,-0.043846,0.944096,0
20230330T133602,20230703T122644,94.9519,11,A1,-0.196770,0.832848,1
20230330T133602,20230703T122644,94.9519,12,A1,0.029458,0.497431,0
20230330T133602,20230703T122644,94.9519,13,A1,0.186260,0.207703,1
20230330T133602,20230703T122644,94.9519,14,A1,-0.367670,0.438768,0
20230330T133602,20230703T122644,94.9519,15,A1,0.769512,0.000000,1
20230330T133602,20230703T122644,94.9519,17,A1,0.495856,0.198540,0
20230330T133602,20230703T122644,94.9519,18,A1,0.321140,0.129105,0
20230330T133602,20230703T122644,94.9519,19,A1,0.334660,2.000000,0
20230330T133602,20230703T122644,94.9519,21,A1,0.372506,1.071936,0
20230330T133602,20230703T122644,94.9519,22,A1,-0.207889,0.880094,1
20230330T133602,20230703T122644,94.9519,24,A1,0.139283,0.288628,0
20230330T133602,20230703T122644,94.9519,26,A1,-0.356595,1.178987,0
20230330T133602,20230703T122644,94.9519,27,A1,-0.142383,1.382230,0
20230330T133602,20230703T122644,94.9519,28,A1,0.322021,0.050958,0
20230330T133602,20230703T122644,94.9519,29,A1,-0.033105,1.305426,0
20230330T133602,20230703T122644,94.9519,30,A1,-0.393158,0.112497,1
20230330T133602,20230703T122644,94.9519,31,A1,0.158953,0.981567,1
20230330T133602,20230703T122644,94.9519,32,A1,-0.194051,0.755274,1
20230330T133602,20230703T122644,94.9519,33,A2,-0.217697,0.959745,1
20230330T133602,20230703T122644,94.9519,35,A2,-0.149756,0.713795,0
20230330T133602,20230703T122644,94.9519,36,A2,-0.196066,0.474553,0
20230330T133602,20230703T122644,94.9519,37,A2,0.061978,2.000000,0
20230330T133602,20230703T122644,94.9519,39,A2,0.102988,0.898225,0
20230330T133602,20230703T122644,94.9519,40,A2,0.131025,0.913586,1
20230330T133602,20230703T122644,94.9519,41,A2,0.234795,0.960780,1
20230330T133602,20230703T122644,94.9519,42,A2,-0.074855,0.939953,1
20230330T133602,20230703T122644,94.9519,43,A2,0.577595,0.458312,0
20230330T133602,20230703T122644,94.9519,44,A2,-0.163449,0.090463,0
20230330T133602,20230703T122644,94.9519,46,A2,-0.257855,0.040559,1
20230330T133602,20230703T122644,94.9519,47,A2,0.215321,0.569729,1
20230330T133602,20230703T122644,94.9519,49,A2,-0.006708,0.381793,1
20230330T133602,20230703T122644,94.9519,50,A2,0.230778,0.308900,0
20230330T133602,20230703T122644,94.9519,51,A2,0.178094,0.583255,0
20230330T133602,20230703T122644,94.9519,52,A2,0.019777,0.565341,1
20230330T133602,20230703T122644,94.9519,53,A2,-0.151105,1.403786,0
20230330T133602,20230703T122644,94.9519,55,A2,-0.230532,0.669473,1
20230330T133602,20230703T122644,94.9519,57,A2,-0.005769,1.201433,0
20230330T133602,20230703T122644,94.9519,58,A2,-0.362375,0.595813,1
20230330T133602,20230703T122644,94.9519,59,A2,-0.276910,0.067747,0
20230330T133602,20230703T122644,94.9519,60,A2,0.005867,0.914517,1
20230330T133602,20230703T122644,94.9519,62,A2,0.399633,0.052363,1
20230330T133602,20230703T122644,94.9519,63,A2,0.211185,0.000000,1
20230330T133602,20230703T122644,94.9519,64,A2,0.496972,0.419142,1
20230330T133602,20230703T122644,94.9519,65,A3,-0.056089,0.158084,0
20230330T133602,20230703T122644,94.9519,66,A3,-0.153832,0.735104,1
20230330T133602,20230703T122644,94.9519,68,A3,0.617547,0.733625,1
20230330T133602,20230703T122644,94.9519,69,A3,0.613405,1.166707,0
20230330T133602,20230703T122644,94.9519,70,A3,0.354278,0.007389,1
20230330T133602,20230703T122644,94.9519,73,A3,0.114887,0.735150,1
20230330T133602,20230703T122644,94.9519,74,A3,-0.231316,0.082398,1
20230330T133602,20230703T122644,94.9519,75,A3,0.094195,0.406409,0
20230330T133602,20230703T122644,94.9519,76,A3,0.122233,0.756666,1
20230330T133602,20230703T122644,94.9519,77,A3,0.636259,0.141156,1
20230330T133602,20230703T122644,94.9519,78,A3,0.001285,1.113621,0
20230330T133602,20230703T122644,94.9519,79,A3,0.278427,1.601718,0
20230330T133602,20230703T122644,94.9519,80,A3,0.304870,0.790771,0
20230330T133602,20230703T122644,94.9519,81,A3,-0.074330,1.797305,0
20230330T133602,20230703T122644,94.9519,82,A3,0.492116,0.645641,1
20230330T133602,20230703T122644,94.9519,85,A3,0.155994,1.224276,0
20230330T133602,20230703T122644,94.9519,87,A3,0.030129,1.095380,0
20230330T133602,20230703T122644,94.9519,88,A3,0.240613,0.548668,0
20230330T133602,20230703T122644,94.9519,89,A3,0.405788,0.168922,1
20230330T133602,20230703T122644,94.9519,90,A3,0.134311,0.173958,0
20230330T133602,20230703T122644,94.9519,91,A3,-0.035832,0.897478,1
20230330T133602,20230703T122644,94.9519,93,A3,-0.105518,0.210513,0
20230330T133602,20230703T122644,94.9519,94,A3,-0.162474,0.753985,0
20230330T133602,20230703T122644,94.9519,95,A3,0.525767,0.861148,1
20230330T133602,20230703T122644,94.9519,130,A5,0.762037,0.729027,1
20230330T133602,20230703T122644,94.9519,132,A5,0.210827,0.592111,0
20230330T133602,20230703T122644,94.9519,133,A5,0.435180,0.821758,1
20230330T133602,20230703T122644,94.9519,134,A5,0.166099,0.649653,1
20230330T133602,20230703T122644,94.9519,135,A5,-0.068924,0.099680,1
20230330T133602,20230703T122644,94.9519,136,A5,0.044539,0.006100,1
20230330T133602,20230703T122644,94.9519,137,A5,0.381896,0.081140,1
20230330T133602,20230703T122644,94.9519,138,A5,0.276095,0.239703,1
20230330T133602,20230703T122644,94.9519,139,A5,0.279755,0.852964,1
20230330T133602,20230703T122644,94.9519,140,A5,0.111735,0.980059,1
20230330T133602,20230703T122644,94.9519,141,A5,-0.081861,0.123193,1
20230330T133602,20230703T122644,94.9519,143,A5,0.068676,0.609638,1
20230330T133602,20230703T122644,94.9519,144,A5,0.071550,0.222742,0
20230330T133602,20230703T122644,94.9519,145,A5,-0.361368,0.959316,0
20230330T133602,20230703T122644,94.9519,146,A5,0.396103,0.777295,1
20230330T133602,20230703T122644,94.9519,147,A5,0.004195,0.981829,0
20230330T133602,20230703T122644,94.9519,149,A5,-0.029350,0.153396,1
20230330T133602,20230703T122644,94.9519,150,A5,0.067523,0.113329,0
20230330T133602,20230703T122644,94.9519,151,A5,0.062017,0.132596,0
20230330T133602,20230703T122644,94.9519,152,A5,0.120283,0.586748,1
20230330T133602,20230703T122644,94.9519,153,A5,0.148529,0.179429,1
20230330T133602,20230703T122644,94.9519,154,A5,-0.090206,1.290192,0
20230330T133602,20230703T122644,94.9519,156,A5,0.008987,0.177975,1
20230330T133602,20230703T122644,94.9519,157,A5,-0.087618,0.230289,1
20230330T133602,20230703T122644,94.9519,158,A5,-0.012077,0.638788,1
20230330T133602,20230703T122644,94.9519,160,A5,0.088218,0.155122,0
20230413T142422,20230509T130346,25.9440,1,A1,-0.344027,1.105127,0
20230413T142422,20230509T130346,25.9440,3,A1,-0.056691,0.213464,0
20230413T142422,20230509T130346,25.9440,4,A1,0.001020,0.126766,0
20230413T142422,20230509T130346,25.9440,6,A1,-0.184079,0.247672,0
20230413T142422,20230509T130346,25.9440,7,A1,0.312010,0.498076,1
20230413T142422,20230509T130346,25.9440,8,A1,0.206484,1.758764,0
20230413T142422,20230509T130346,25.9440,9,A1,0.333838,1.025914,0
20230413T142422,20230509T130346,25.9440,10,A1,0.016946,0.145540,0
20230413T142422,20230509T130346,25.9440,11,A1,0.324719,0.000000,1
20230413T142422,20230509T130346,25.9440,12,A1,0.011354,0.168532,1
20230413T142422,20230509T130346,25.9440,13,A1,0.281419,0.205507,1
20230413T142422,20230509T130346,25.9440,14,A1,0.319057,0.391636,1
20230413T142422,20230509T130346,25.9440,15,A1,-0.276863,2.000000,0
20230413T142422,20230509T130346,25.9440,16,A1,-0.184144,0.768923,0
20230413T142422,20230509T130346,25.9440,17,A1,-0.214501,1.452190,0
20230413T142422,20230509T130346,25.9440,18,A1,0.595424,0.699024,1
20230413T142422,20230509T130346,25.9440,19,A1,0.339611,0.660429,0
20230413T142422,20230509T130346,25.9440,20,A1,-0.207961,1.579989,0
20230413T142422,20230509T130346,25.9440,21,A1,0.188713,0.000000,1
20230413T142422,20230509T130346,25.9440,22,A1,0.566446,0.153546,1
20230413T142422,20230509T130346,25.9440,23,A1,0.539814,0.906729,1
20230413T142422,20230509T130346,25.9440,24,A1,0.416214,1.287113,0
20230413T142422,20230509T130346,25.9440,25,A1,0.060360,1.064379,0
20230413T142422,20230509T130346,25.9440,26,A1,0.130871,0.890079,0
20230413T142422,20230509T130346,25.9440,27,A1,0.254965,0.687291,1
20230413T142422,20230509T130346,25.9440,28,A1,-0.038479,0.340913,0
20230413T142422,20230509T130346,25.9440,29,A1,0.438023,1.006409,0
20230413T142422,20230509T130346,25.9440,30,A1,-0.049004,0.600299,1
20230413T142422,20230509T130346,25.9440,31,A1,0.170783,1.206868,0
20230413T142422,20230509T130346,25.9440,33,A2,-0.119171,1.786233,0
20230413T142422,20230509T130346,25.9440,35,A2,0.169053,0.091643,1
20230413T142422,20230509T130346,25.9440,36,A2,-0.009616,0.912282,0
20230413T142422,20230509T130346,25.9440,37,A2,-0.356298,0.078864,1
20230413T142422,20230509T130346,25.9440,38,A2,0.631989,0.044527,1
20230413T142422,20230509T130346,25.9440,39,A2,-0.140235,1.900760,0
20230413T142422,20230509T130346,25.9440,40,A2,-0.117025,1.040861,0
20230413T142422,20230509T130346,25.9440,41,A2,0.266164,0.463436,1
20230413T142422,20230509T130346,25.9440,42,A2,-0.177521,0.095467,0
20230413T142422,20230509T130346,25.9440,43,A2,-0.081900,0.540501,0
20230413T142422,20230509T130346,25.9440,44,A2,-0.032305,0.107788,1
20230413T142422,20230509T130346,25.9440,45,A2,0.258193,0.316940,0
20230413T142422,20230509T130346,25.9440,46,A2,0.157281,0.837752,1
20230413T142422,20230509T130346,25.9440,47,A2,-0.053771,0.131056,1
20230413T142422,20230509T130346,25.9440,48,A2,-0.188100,0.084328,1
20230413T142422,20230509T130346,25.9440,49,A2,-0.192899,0.006443,1
20230413T142422,20230509T130346,25.9440,50,A2,0.006953,0.066535,0
20230413T142422,20230509T130346,25.9440,51,A2,-0.017291,0.046865,1
20230413T142422,20230509T130346,25.9440,52,A2,0.142795,0.423436,0
20230413T142422,20230509T130346,25.9440,53,A2,-0.284479,0.122962,1
20230413T142422,20230509T130346,25.9440,54,A2,0.067808,0.559610,1
20230413T142422,20230509T130346,25.9440,55,A2,0.014294,0.735942,0
20230413T142422,20230509T130346,25.9440,56,A2,0.417984,0.881394,1
20230413T142422,20230509T130346,25.9440,57,A2,0.206832,1.006417,0
20230413T142422,20230509T130346,25.9440,58,A2,0.118366,0.148562,0
20230413T142422,20230509T130346,25.9440,59,A2,0.091447,0.623241,0
20230413T142422,20230509T130346,25.9440,60,A2,0.072142,0.738914,0
20230413T142422,20230509T130346,25.9440,62,A2,0.105634,1.153617,0
20230413T142422,20230509T130346,25.9440,63,A2,0.226269,0.951507,1
20230413T142422,20230509T130346,25.9440,64,A2,0.223334,1.011022,0
20230413T142422,20230509T130346,25.9440,65,A3,0.310085,0.012778,1
20230413T142422,20230509T130346,25.9440,66,A3,0.872212,1.321087,0
20230413T142422,20230509T130346,25.9440,67,A3,0.464348,0.798303,1
20230413T142422,20230509T130346,25.9440,68,A3,0.836682,0.414782,0
20230413T142422,20230509T130346,25.9440,69,A3,0.449898,0.763571,1
20230413T142422,20230509T130346,25.9440,70,A3,0.012241,1.061840,0
20230413T142422,20230509T130346,25.9440,71,A3,0.683401,0.459278,1
20230413T142422,20230509T130346,25.9440,73,A3,0.299925,0.250181,0
20230413T142422,20230509T130346,25.9440,74,A3,0.104528,0.023547,1
20230413T142422,20230509T130346,25.9440,75,A3,0.725659,0.444824,1
20230413T142422,20230509T130346,25.9440,76,A3,0.756430,0.711229,1
20230413T142422,20230509T130346,25.9440,77,A3,0.592734,0.031710,1
20230413T142422,20230509T130346,25.9440,78,A3,0.532645,1.120903,0
20230413T142422,20230509T130346,25.9440,79,A3,0.616378,0.459124,0
20230413T142422,20230509T130346,25.9440,80,A3,0.316423,0.625488,0
20230413T142422,20230509T130346,25.9440,81,A3,0.356985,0.712517,1
20230413T142422,20230509T130346,25.9440,82,A3,-0.011096,0.230737,0
20230413T142422,20230509T130346,25.9440,83,A3,0.496980,1.090073,0
20230413T142422,20230509T130346,25.9440,84,A3,0.426063,1.082677,0
20230413T142422,20230509T130346,25.9440,85,A3,0.641267,0.979093,1
20230413T142422,20230509T130346,25.9440,86,A3,0.591464,1.037248,0
20230413T142422,20230509T130346,25.9440,87,A3,0.172854,0.836155,1
20230413T142422,20230509T130346,25.9440,88,A3,0.404849,0.995419,1
20230413T142422,20230509T130346,25.9440,89,A3,0.285524,0.732213,0
20230413T142422,20230509T130346,25.9440,90,A3,0.196542,0.099620,0
20230413T142422,20230509T130346,25.9440,91,A3,0.468352,0.948962,1
20230413T142422,20230509T130346,25.9440,92,A3,0.048790,1.038869,0
20230413T142422,20230509T130346,25.9440,93,A3,0.254499,0.271725,0
20230413T142422,20230509T130346,25.9440,94,A3,0.482928,0.947395,1
20230413T142422,20230509T130346,25.9440,95,A3,0.767773,1.132511,0
20230413T142422,20230509T130346,25.9440,96,A3,-0.043907,0.225504,0
20230413T142422,20230509T130346,25.9440,129,A5,-0.049637,1.080108,0
20230413T142422,20230509T130346,25.9440,130,A5,0.012959,0.009556,1
20230413T142422,20230509T130346,25.9440,132,A5,0.015982,1.119299,0
20230413T142422,20230509T130346,25.9440,133,A5,-0.193259,1.022299,0
20230413T142422,20230509T130346,25.9440,134,A5,-0.124010,1.236814,0
20230413T142422,20230509T130346,25.9440,135,A5,0.276842,0.550461,0
20230413T142422,20230509T130346,25.9440,136,A5,-0.121026,0.307644,0
20230413T142422,20230509T130346,25.9440,137,A5,0.054397,0.277810,1
20230413T142422,20230509T130346,25.9440,138,A5,0.400079,0.233489,1
20230413T142422,20230509T130346,25.9440,139,A5,0.044930,0.863050,0
20230413T142422,20230509T130346,25.9440,140,A5,0.119308,0.229436,0
20230413T142422,20230509T130346,25.9440,142,A5,0.106043,0.709934,1
20230413T142422,20230509T130346,25.9440,143,A5,-0.037316,0.862720,1
20230413T142422,20230509T130346,25.9440,144,A5,0.107502,0.272731,1
20230413T142422,20230509T130346,25.9440,145,A5,-0.135523,1.132900,0
20230413T142422,20230509T130346,25.9440,146,A5,0.380826,0.511039,0
20230413T142422,20230509T130346,25.9440,147,A5,0.346504,0.878587,1
20230413T142422,20230509T130346,25.9440,148,A5,-0.074431,0.766064,0
20230413T142422,20230509T130346,25.9440,149,A5,-0.312576,0.688098,0
20230413T142422,20230509T130346,25.9440,150,A5,-0.197301,0.213894,0
20230413T142422,20230509T130346,25.9440,151,A5,-0.153706,0.022510,1
20230413T142422,20230509T130346,25.9440,152,A5,-0.096859,0.793064,1
20230413T142422,20230509T130346,25.9440,153,A5,0.132563,0.608105,0
20230413T142422,20230509T130346,25.9440,154,A5,-0.187515,0.606371,1
20230413T142422,20230509T130346,25.9440,156,A5,-0.131080,0.360115,0
20230413T142422,20230509T130346,25.9440,157,A5,0.134390,0.008391,0
20230413T142422,20230509T130346,25.9440,158,A5,0.054792,0.314172,0
20230413T142422,20230509T130346,25.9440,160,A5,0.165780,0.134221,1
20230413T142422,20230511T142916,28.0034,1,A1,0.176484,0.019006,1
20230413T142422,20230511T142916,28.0034,3,A1,-0.141460,0.300034,0
20230413T142422,20230511T142916,28.0034,4,A1,-0.271567,0.253788,0
20230413T142422,20230511T142916,28.0034,6,A1,-0.252378,0.037545,0
20230413T142422,20230511T142916,28.0034,7,A1,-0.365398,1.105019,0
20230413T142422,20230511T142916,28.0034,8,A1,-0.277178,1.832905,0
20230413T142422,20230511T142916,28.0034,9,A1,0.397751,0.120468,0
20230413T142422,20230511T142916,28.0034,10,A1,0.206769,0.088240,1
20230413T142422,20230511T142916,28.0034,11,A1,0.311182,0.380561,1
20230413T142422,20230511T142916,28.0034,12,A1,-0.070544,0.489804,0
20230413T142422,20230511T142916,28.0034,13,A1,0.001072,0.191857,0
20230413T142422,20230511T142916,28.0034,14,A1,0.192134,0.212498,0
20230413T142422,20230511T142916,28.0034,15,A1,0.107629,1.459674,0
20230413T142422,20230511T142916,28.0034,16,A1,0.317789,0.269494,1
20230413T142422,20230511T142916,28.0034,17,A1,-0.006935,0.169710,1
20230413T142422,20230511T142916,28.0034,18,A1,0.298397,0.148564,0
20230413T142422,20230511T142916,28.0034,19,A1,0.547763,0.067358,1
20230413T142422,20230511T142916,28.0034,20,A1,-0.264472,0.420011,1
20230413T142422,20230511T142916,28.0034,21,A1,0.281769,1.192007,0
20230413T142422,20230511T142916,28.0034,22,A1,0.390904,0.096048,1
20230413T142422,20230511T142916,28.0034,23,A1,0.356702,0.074979,1
20230413T142422,20230511T142916,28.0034,24,A1,0.386282,0.397268,1
20230413T142422,20230511T142916,28.0034,25,A1,0.309782,0.650588,0
20230413T142422,20230511T142916,28.0034,26,A1,0.117447,0.389068,1
20230413T142422,20230511T142916,28.0034,27,A1,0.054110,0.687291,1
20230413T142422,20230511T142916,28.0034,28,A1,0.050169,1.083248,0
20230413T142422,20230511T142916,28.0034,29,A1,0.356648,0.113042,1
20230413T142422,20230511T142916,28.0034,30,A1,0.096770,0.169650,1
20230413T142422,20230511T142916,28.0034,31,A1,0.133969,0.395433,1
20230413T142422,20230511T142916,28.0034,33,A2,-0.215391,1.106345,0
20230413T142422,20230511T142916,28.0034,36,A2,-0.193926,0.745203,1
20230413T142422,20230511T142916,28.0034,37,A2,-0.091594,0.087875,1
20230413T142422,20230511T142916,28.0034,38,A2,0.614709,0.798969,1
20230413T142422,20230511T142916,28.0034,39,A2,0.246857,0.276693,1
20230413T142422,20230511T142916,28.0034,40,A2,0.066455,0.560768,0
20230413T142422,20230511T142916,28.0034,41,A2,-0.119372,1.221168,0
20230413T142422,20230511T142916,28.0034,42,A2,0.268163,0.163050,1
20230413T142422,20230511T142916,28.0034,43,A2,0.227667,0.005684,1
20230413T142422,20230511T142916,28.0034,44,A2,-0.241842,0.978952,0
20230413T142422,20230511T142916,28.0034,45,A2,-0.097013,0.182493,1
20230413T142422,20230511T142916,28.0034,46,A2,-0.113032,1.787903,0
20230413T142422,20230511T142916,28.0034,47,A2,-0.033279,0.183478,1
20230413T142422,20230511T142916,28.0034,48,A2,-0.090023,1.118882,0
20230413T142422,20230511T142916,28.0034,49,A2,0.029483,1.047781,0
20230413T142422,20230511T142916,28.0034,50,A2,-0.132868,0.062505,0
20230413T142422,20230511T142916,28.0034,51,A2,-0.054235,0.993272,1
20230413T142422,20230511T142916,28.0034,52,A2,-0.108388,0.065006,1
20230413T142422,20230511T142916,28.0034,53,A2,0.088282,1.327809,0
20230413T142422,20230511T142916,28.0034,54,A2,-0.314131,0.897955,0
20230413T142422,20230511T142916,28.0034,55,A2,0.000276,0.421655,0
20230413T142422,20230511T142916,28.0034,57,A2,0.191792,1.006417,0
20230413T142422,20230511T142916,28.0034,58,A2,-0.125078,1.047259,0
20230413T142422,20230511T142916,28.0034,59,A2,0.209098,0.018127,1
20230413T142422,20230511T142916,28.0034,60,A2,-0.212551,0.113314,1
20230413T142422,20230511T142916,28.0034,62,A2,0.136284,0.059207,1
20230413T142422,20230511T142916,28.0034,63,A2,0.117487,0.951507,1
20230413T142422,20230511T142916,28.0034,64,A2,0.612674,0.487290,1
20230413T142422,20230511T142916,28.0034,65,A3,0.297002,0.961781,1
20230413T142422,20230511T142916,28.0034,66,A3,0.838941,0.500396,0
20230413T142422,20230511T142916,28.0034,68,A3,0.759644,0.297049,0
20230413T142422,20230511T142916,28.0034,69,A3,0.576652,0.106111,1
20230413T142422,20230511T142916,28.0034,70,A3,-0.106038,0.231214,0
20230413T142422,20230511T142916,28.0034,71,A3,0.610065,0.459278,1
20230413T142422,20230511T142916,28.0034,73,A3,0.011814,0.386496,0
20230413T142422,20230511T142916,28.0034,74,A3,0.283698,0.880624,0
20230413T142422,20230511T142916,28.0034,75,A3,0.449713,0.207346,1
20230413T142422,20230511T142916,28.0034,76,A3,0.701155,1.288771,0
20230413T142422,20230511T142916,28.0034,77,A3,0.349695,0.137639,1
20230413T142422,20230511T142916,28.0034,78,A3,0.402959,0.943235,1
20230413T142422,20230511T142916,28.0034,79,A3,0.642498,0.191399,1
20230413T142422,20230511T142916,28.0034,80,A3,0.427761,0.492177,0
20230413T142422,20230511T142916,28.0034,81,A3,0.408151,0.796394,1
20230413T142422,20230511T142916,28.0034,82,A3,0.096407,0.062179,1
20230413T142422,20230511T142916,28.0034,83,A3,0.157564,0.211175,0
20230413T142422,20230511T142916,28.0034,84,A3,-0.008124,0.074170,1
20230413T142422,20230511T142916,28.0034,85,A3,0.739172,0.979093,1
20230413T142422,20230511T142916,28.0034,86,A3,0.143436,0.427616,1
20230413T142422,20230511T142916,28.0034,87,A3,0.263420,0.655633,1
20230413T142422,20230511T142916,28.0034,88,A3,0.366666,0.220645,1
20230413T142422,20230511T142916,28.0034,89,A3,0.403643,1.113168,0
20230413T142422,20230511T142916,28.0034,90,A3,0.240127,0.124676,0
20230413T142422,20230511T142916,28.0034,91,A3,-0.056406,0.699162,1
20230413T142422,20230511T142916,28.0034,92,A3,0.268726,0.448127,0
20230413T142422,20230511T142916,28.0034,93,A3,0.182756,0.427645,1
20230413T142422,20230511T142916,28.0034,94,A3,0.213892,0.607427,1
20230413T142422,20230511T142916,28.0034,95,A3,0.736368,1.132511,0
20230413T142422,20230511T142916,28.0034,96,A3,-0.058253,1.186396,0
20230413T142422,20230511T142916,28.0034,129,A5,-0.150511,0.806329,0
20230413T142422,20230511T142916,28.0034,130,A5,0.295310,0.744272,1
20230413T142422,20230511T142916,28.0034,132,A5,0.116209,0.391784,0
20230413T142422,20230511T142916,28.0034,133,A5,-0.154285,0.214236,1
20230413T142422,20230511T142916,28.0034,134,A5,-0.137868,1.375140,0
20230413T142422,20230511T142916,28.0034,135,A5,0.264424,0.197527,1
20230413T142422,20230511T142916,28.0034,136,A5,0.215821,0.716255,0
20230413T142422,20230511T142916,28.0034,137,A5,0.132047,1.722190,0
20230413T142422,20230511T142916,28.0034,138,A5,0.291037,0.752631,0
20230413T142422,20230511T142916,28.0034,139,A5,-0.048543,1.184791,0
20230413T142422,20230511T142916,28.0034,142,A5,-0.230982,0.174151,1
20230413T142422,20230511T142916,28.0034,143,A5,-0.022369,0.961516,0
20230413T142422,20230511T142916,28.0034,144,A5,-0.026947,0.805100,0
20230413T142422,20230511T142916,28.0034,145,A5,0.135611,1.132900,0
20230413T142422,20230511T142916,28.0034,146,A5,0.314125,0.288821,1
20230413T142422,20230511T142916,28.0034,147,A5,0.453860,1.481414,0
20230413T142422,20230511T142916,28.0034,148,A5,0.085243,0.933880,0
20230413T142422,20230511T142916,28.0034,149,A5,0.027401,0.738005,0
20230413T142422,20230511T142916,28.0034,150,A5,0.160834,0.286822,1
20230413T142422,20230511T142916,28.0034,151,A5,-0.174836,0.843055,0
20230413T142422,20230511T142916,28.0034,152,A5,0.193879,0.044855,1
20230413T142422,20230511T142916,28.0034,153,A5,0.104194,0.386992,0
20230413T142422,20230511T142916,28.0034,157,A5,-0.047049,0.942240,1
20230413T142422,20230511T142916,28.0034,158,A5,0.198049,0.210181,0
20230413T142422,20230518T135808,34.9818,1,A1,-0.412691,0.202828,0
20230413T142422,20230518T135808,34.9818,3,A1,-0.164208,0.431761,0
20230413T142422,20230518T135808,34.9818,4,A1,-0.025989,0.054325,1
20230413T142422,20230518T135808,34.9818,6,A1,0.165750,0.033450,0
20230413T142422,20230518T135808,34.9818,7,A1,0.455465,0.575967,0
20230413T142422,20230518T135808,34.9818,8,A1,0.069372,1.580142,0
20230413T142422,20230518T135808,34.9818,9,A1,0.473003,0.422467,0
20230413T142422,20230518T135808,34.9818,10,A1,-0.154136,1.077860,0
20230413T142422,20230518T135808,34.9818,11,A1,-0.017462,0.222675,1
20230413T142422,20230518T135808,34.9818,12,A1,0.001731,0.245805,1
20230413T142422,20230518T135808,34.9818,13,A1,0.170074,0.104282,1
20230413T142422,20230518T135808,34.9818,14,A1,0.295627,0.194126,1
20230413T142422,20230518T135808,34.9818,15,A1,0.404316,0.430551,1
20230413T142422,20230518T135808,34.9818,16,A1,0.152337,1.279297,0
20230413T142422,20230518T135808,34.9818,17,A1,0.016453,0.490133,0
20230413T142422,20230518T135808,34.9818,18,A1,-0.336101,0.993169,1
20230413T142422,20230518T135808,34.9818,19,A1,0.355636,0.196824,0
20230413T142422,20230518T135808,34.9818,20,A1,-0.231060,0.008889,1
20230413T142422,20230518T135808,34.9818,21,A1,0.019269,0.000000,1
20230413T142422,20230518T135808,34.9818,22,A1,-0.062232,0.633132,1
20230413T142422,20230518T135808,34.9818,23,A1,-0.096418,0.256377,1
20230413T142422,20230518T135808,34.9818,24,A1,0.055468,0.977604,0
20230413T142422,20230518T135808,34.9818,25,A1,0.240231,1.064379,0
20230413T142422,20230518T135808,34.9818,26,A1,0.150634,0.715834,0
20230413T142422,20230518T135808,34.9818,27,A1,0.103539,0.687291,1
20230413T142422,20230518T135808,34.9818,28,A1,-0.082620,0.488611,0
20230413T142422,20230518T135808,34.9818,29,A1,-0.263075,0.118377,1
20230413T142422,20230518T135808,34.9818,30,A1,-0.191022,0.600299,1
20230413T142422,20230518T135808,34.9818,31,A1,0.439612,0.141529,1
20230413T142422,20230518T135808,34.9818,33,A2,0.071614,1.005833,0
20230413T142422,20230518T135808,34.9818,36,A2,0.055122,0.148160,1
20230413T142422,20230518T135808,34.9818,37,A2,0.266642,0.106476,1
20230413T142422,20230518T135808,34.9818,38,A2,0.673344,0.112518,1
20230413T142422,20230518T135808,34.9818,39,A2,0.023677,0.945634,0
20230413T142422,20230518T135808,34.9818,40,A2,0.189127,0.326300,1
20230413T142422,20230518T135808,34.9818,41,A2,0.070619,1.536564,0
20230413T142422,20230518T135808,34.9818,42,A2,0.206390,0.014470,0
20230413T142422,20230518T135808,34.9818,43,A2,0.291670,0.115146,1
20230413T142422,20230518T135808,34.9818,44,A2,0.201849,0.688601,1
20230413T142422,20230518T135808,34.9818,45,A2,-0.029452,0.730280,0
20230413T142422,20230518T135808,34.9818,46,A2,0.283804,0.000000,1
20230413T142422,20230518T135808,34.9818,47,A2,0.047692,0.775645,1
20230413T142422,20230518T135808,34.9818,48,A2,-0.253228,0.420963,0
20230413T142422,20230518T135808,34.9818,49,A2,0.006716,0.036820,1
20230413T142422,20230518T135808,34.9818,50,A2,-0.212531,0.399093,1
20230413T142422,20230518T135808,34.9818,51,A2,0.008172,0.297402,0
20230413T142422,20230518T135808,34.9818,52,A2,-0.074763,1.232383,0
20230413T142422,20230518T135808,34.9818,53,A2,0.089038,0.039894,1
20230413T142422,20230518T135808,34.9818,54,A2,-0.275195,0.583387,0
20230413T142422,20230518T135808,34.9818,55,A2,-0.108745,0.068535,1
20230413T142422,20230518T135808,34.9818,56,A2,0.104777,0.863731,1
20230413T142422,20230518T135808,34.9818,57,A2,0.121403,0.930951,0
20230413T142422,20230518T135808,34.9818,58,A2,-0.314457,0.033664,1
20230413T142422,20230518T135808,34.9818,59,A2,-0.000794,0.122224,0
20230413T142422,20230518T135808,34.9818,60,A2,-0.024902,0.361964,0
20230413T142422,20230518T135808,34.9818,62,A2,0.177953,0.065896,1
20230413T142422,20230518T135808,34.9818,63,A2,0.376352,0.290707,1
20230413T142422,20230518T135808,34.9818,64,A2,0.512563,0.000000,1
20230413T142422,20230518T135808,34.9818,65,A3,-0.381531,0.168393,1
20230413T142422,20230518T135808,34.9818,67,A3,0.233573,2.000000,0
20230413T142422,20230518T135808,34.9818,69,A3,0.273210,1.236429,0
20230413T142422,20230518T135808,34.9818,70,A3,-0.239569,0.675437,0
20230413T142422,20230518T135808,34.9818,71,A3,0.691770,1.540722,0
20230413T142422,20230518T135808,34.9818,74,A3,-0.186405,1.067240,0
20230413T142422,20230518T135808,34.9818,75,A3,0.522177,0.232015,1
20230413T142422,20230518T135808,34.9818,77,A3,0.445556,0.849025,1
20230413T142422,20230518T135808,34.9818,78,A3,0.099387,1.368797,0
20230413T142422,20230518T135808,34.9818,79,A3,-0.168160,1.223941,0
20230413T142422,20230518T135808,34.9818,80,A3,0.638736,0.567040,1
20230413T142422,20230518T135808,34.9818,81,A3,0.201888,0.984293,0
20230413T142422,20230518T135808,34.9818,82,A3,0.333415,0.820988,0
20230413T142422,20230518T135808,34.9818,83,A3,-0.013289,0.909927,1
20230413T142422,20230518T135808,34.9818,84,A3,0.218867,0.080846,1
20230413T142422,20230518T135808,34.9818,85,A3,0.444319,0.979093,1
20230413T142422,20230518T135808,34.9818,86,A3,0.131374,0.155432,0
20230413T142422,20230518T135808,34.9818,87,A3,-0.089222,1.049690,0
20230413T142422,20230518T135808,34.9818,88,A3,0.199212,0.121875,0
20230413T142422,20230518T135808,34.9818,89,A3,-0.047973,0.517566,1
20230413T142422,20230518T135808,34.9818,90,A3,-0.129771,0.075466,1
20230413T142422,20230518T135808,34.9818,92,A3,0.004278,0.022018,1
20230413T142422,20230518T135808,34.9818,93,A3,0.154859,0.423348,0
20230413T142422,20230518T135808,34.9818,94,A3,-0.003565,0.169646,1
20230413T142422,20230518T135808,34.9818,95,A3,0.103739,0.547349,0
20230413T142422,20230518T135808,34.9818,96,A3,0.071931,0.085784,1
20230413T142422,20230518T135808,34.9818,129,A5,-0.353651,0.695735,1
20230413T142422,20230518T135808,34.9818,130,A5,0.324934,0.081531,1
20230413T142422,20230518T135808,34.9818,132,A5,0.267142,0.052318,1
20230413T142422,20230518T135808,34.9818,133,A5,-0.074490,0.578854,0
20230413T142422,20230518T135808,34.9818,134,A5,-0.006541,1.067460,0
20230413T142422,20230518T135808,34.9818,135,A5,0.283896,1.197859,0
20230413T142422,20230518T135808,34.9818,137,A5,0.410950,0.526360,1
20230413T142422,20230518T135808,34.9818,138,A5,0.423252,0.156642,1
20230413T142422,20230518T135808,34.9818,142,A5,-0.055785,1.312541,0
20230413T142422,20230518T135808,34.9818,143,A5,-0.381868,0.058074,1
20230413T142422,20230518T135808,34.9818,145,A5,0.250220,0.416604,0
20230413T142422,20230518T135808,34.9818,146,A5,0.233382,1.263771,0
20230413T142422,20230518T135808,34.9818,147,A5,0.228108,2.000000,0
20230413T142422,20230518T135808,34.9818,148,A5,0.360407,1.329249,0
20230413T142422,20230518T135808,34.9818,149,A5,-0.034802,0.250544,0
20230413T142422,20230518T135808,34.9818,150,A5,0.118424,0.048785,1
20230413T142422,20230518T135808,34.9818,151,A5,-0.227215,0.335744,0
20230413T142422,20230518T135808,34.9818,152,A5,-0.182346,0.281844,0
20230413T142422,20230518T135808,34.9818,153,A5,0.207991,0.072573,1
20230413T142422,20230518T135808,34.9818,157,A5,0.000819,0.432772,1
20230413T142422,20230518T135808,34.9818,158,A5,-0.211586,0.184065,0
20230413T142422,20230518T135808,34.9818,160,A5,0.221294,0.065818,0
20230413T142422,20230523T145755,40.0233,1,A1,0.171063,0.570059,0
20230413T142422,20230523T145755,40.0233,3,A1,-0.038338,1.167135,0
20230413T142422,20230523T145755,40.0233,4,A1,0.065258,0.063018,1
20230413T142422,20230523T145755,40.0233,6,A1,-0.183820,0.018699,1
20230413T142422,20230523T145755,40.0233,7,A1,-0.001328,0.375889,1
20230413T142422,20230523T145755,40.0233,8,A1,0.019182,1.001994,0
20230413T142422,20230523T145755,40.0233,9,A1,0.101826,0.802966,0
20230413T142422,20230523T145755,40.0233,10,A1,-0.196008,0.922140,1
20230413T142422,20230523T145755,40.0233,11,A1,-0.205393,0.668226,1
20230413T142422,20230523T145755,40.0233,12,A1,0.094617,1.158236,0
20230413T142422,20230523T145755,40.0233,13,A1,0.118873,0.026832,1
20230413T142422,20230523T145755,40.0233,14,A1,0.094555,0.093171,1
20230413T142422,20230523T145755,40.0233,15,A1,0.549526,0.000000,1
20230413T142422,20230523T145755,40.0233,16,A1,0.027487,1.279297,0
20230413T142422,20230523T145755,40.0233,17,A1,0.137343,0.045611,1
20230413T142422,20230523T145755,40.0233,18,A1,0.133800,0.586034,0
20230413T142422,20230523T145755,40.0233,19,A1,0.438812,0.158487,0
20230413T142422,20230523T145755,40.0233,20,A1,-0.218692,0.420011,1
20230413T142422,20230523T145755,40.0233,21,A1,-0.274946,1.596937,0
20230413T142422,20230523T145755,40.0233,22,A1,0.411169,0.062110,1
20230413T142422,20230523T145755,40.0233,23,A1,-0.244110,0.312572,0
20230413T142422,20230523T145755,40.0233,24,A1,0.146021,0.712887,1
20230413T142422,20230523T145755,40.0233,25,A1,0.343217,1.064379,0
20230413T142422,20230523T145755,40.0233,26,A1,0.320093,0.543396,0
20230413T142422,20230523T145755,40.0233,27,A1,0.216537,1.312709,0
20230413T142422,20230523T145755,40.0233,28,A1,-0.112700,0.185024,0
20230413T142422,20230523T145755,40.0233,29,A1,-0.121922,0.067207,0
20230413T142422,20230523T145755,40.0233,30,A1,-0.194372,0.600299,1
20230413T142422,20230523T145755,40.0233,31,A1,0.299625,0.395728,1
20230413T142422,20230523T145755,40.0233,33,A2,0.018127,1.126514,0
20230413T142422,20230523T145755,40.0233,37,A2,0.003429,0.238007,1
20230413T142422,20230523T145755,40.0233,38,A2,0.268296,0.027200,1
20230413T142422,20230523T145755,40.0233,39,A2,0.216080,0.572833,1
20230413T142422,20230523T145755,40.0233,40,A2,0.007367,0.556889,1
20230413T142422,20230523T145755,40.0233,41,A2,0.115562,0.869527,0
20230413T142422,20230523T145755,40.0233,42,A2,-0.018113,0.004254,1
20230413T142422,20230523T145755,40.0233,43,A2,0.362737,0.378526,0
20230413T142422,20230523T145755,40.0233,44,A2,-0.384200,1.012434,0
20230413T142422,20230523T145755,40.0233,45,A2,0.079161,0.401503,0
20230413T142422,20230523T145755,40.0233,46,A2,0.194958,0.402218,1
20230413T142422,20230523T145755,40.0233,47,A2,0.061158,0.775645,1
20230413T142422,20230523T145755,40.0233,48,A2,0.064118,0.250770,0
20230413T142422,20230523T145755,40.0233,49,A2,0.035651,0.122890,0
20230413T142422,20230523T145755,40.0233,50,A2,-0.107494,0.160152,1
20230413T142422,20230523T145755,40.0233,51,A2,-0.113818,0.158717,1
20230413T142422,20230523T145755,40.0233,52,A2,0.193845,1.177024,0
20230413T142422,20230523T145755,40.0233,53,A2,0.133894,0.620006,0
20230413T142422,20230523T145755,40.0233,54,A2,-0.021009,0.400090,1
20230413T142422,20230523T145755,40.0233,55,A2,0.223351,0.918642,1
20230413T142422,20230523T145755,40.0233,56,A2,0.290916,0.872775,1
20230413T142422,20230523T145755,40.0233,57,A2,-0.247707,0.007894,1
20230413T142422,20230523T145755,40.0233,58,A2,0.042076,0.263938,0
20230413T142422,20230523T145755,40.0233,59,A2,0.130667,0.158829,0
20230413T142422,20230523T145755,40.0233,60,A2,-0.091025,0.098423,1
20230413T142422,20230523T145755,40.0233,62,A2,0.031646,0.078742,1
20230413T142422,20230523T145755,40.0233,63,A2,0.181357,0.883909,1
20230413T142422,20230523T145755,40.0233,64,A2,0.623892,0.000000,1
20230413T142422,20230523T145755,40.0233,65,A3,-0.482244,0.093874,0
20230413T142422,20230523T145755,40.0233,66,A3,0.603099,0.306963,1
20230413T142422,20230523T145755,40.0233,67,A3,0.484026,2.000000,0
20230413T142422,20230523T145755,40.0233,68,A3,0.398269,1.072437,0
20230413T142422,20230523T145755,40.0233,69,A3,-0.010926,0.232791,1
20230413T142422,20230523T145755,40.0233,70,A3,-0.430219,0.227771,0
20230413T142422,20230523T145755,40.0233,71,A3,0.588250,0.794928,0
20230413T142422,20230523T145755,40.0233,73,A3,0.184114,0.198688,1
20230413T142422,20230523T145755,40.0233,75,A3,-0.231876,0.244609,1
20230413T142422,20230523T145755,40.0233,76,A3,0.311222,0.213331,1
20230413T142422,20230523T145755,40.0233,77,A3,0.450670,0.043323,1
20230413T142422,20230523T145755,40.0233,78,A3,0.364946,1.480932,0
20230413T142422,20230523T145755,40.0233,79,A3,0.334487,0.230989,0
20230413T142422,20230523T145755,40.0233,80,A3,0.409119,0.610766,0
20230413T142422,20230523T145755,40.0233,81,A3,0.231367,1.202143,0
20230413T142422,20230523T145755,40.0233,82,A3,0.233728,0.533968,0
20230413T142422,20230523T145755,40.0233,83,A3,-0.023859,0.165538,0
20230413T142422,20230523T145755,40.0233,84,A3,-0.095359,0.130985,0
20230413T142422,20230523T145755,40.0233,85,A3,0.601824,0.933235,1
20230413T142422,20230523T145755,40.0233,87,A3,0.048257,1.163845,0
20230413T142422,20230523T145755,40.0233,88,A3,-0.216976,0.085488,0
20230413T142422,20230523T145755,40.0233,89,A3,0.131445,0.715401,0
20230413T142422,20230523T145755,40.0233,90,A3,-0.156823,0.092885,1
20230413T142422,20230523T145755,40.0233,91,A3,-0.174442,1.031401,0
20230413T142422,20230523T145755,40.0233,93,A3,-0.078212,0.208058,0
20230413T142422,20230523T145755,40.0233,94,A3,0.331603,0.241412,1
20230413T142422,20230523T145755,40.0233,95,A3,-0.210780,0.061529,1
20230413T142422,20230523T145755,40.0233,96,A3,-0.056237,1.186396,0
20230413T142422,20230523T145755,40.0233,129,A5,0.502754,1.171544,0
20230413T142422,20230523T145755,40.0233,130,A5,0.372189,0.258023,1
20230413T142422,20230523T145755,40.0233,132,A5,0.137167,0.071674,1
20230413T142422,20230523T145755,40.0233,133,A5,-0.142898,0.042498,1
20230413T142422,20230523T145755,40.0233,134,A5,0.084189,0.860038,0
20230413T142422,20230523T145755,40.0233,135,A5,0.055418,0.919891,0
20230413T142422,20230523T145755,40.0233,136,A5,-0.508424,0.011645,1
20230413T142422,20230523T145755,40.0233,137,A5,-0.075784,0.601077,1
20230413T142422,20230523T145755,40.0233,138,A5,-0.099626,0.114515,1
20230413T142422,20230523T145755,40.0233,142,A5,-0.091610,1.125431,0
20230413T142422,20230523T145755,40.0233,143,A5,-0.096825,0.862720,1
20230413T142422,20230523T145755,40.0233,144,A5,0.071908,0.746236,1
20230413T142422,20230523T145755,40.0233,145,A5,-0.106496,0.828921,1
20230413T142422,20230523T145755,40.0233,146,A5,0.327496,0.591407,0
20230413T142422,20230523T145755,40.0233,147,A5,0.314459,1.163186,0
20230413T142422,20230523T145755,40.0233,148,A5,0.143927,0.988703,0
20230413T142422,20230523T145755,40.0233,149,A5,0.189883,0.041358,1
20230413T142422,20230523T145755,40.0233,150,A5,-0.136789,0.476180,0
20230413T142422,20230523T145755,40.0233,151,A5,0.305201,0.075779,1
20230413T142422,20230523T145755,40.0233,152,A5,0.185882,0.058039,0
20230413T142422,20230523T145755,40.0233,153,A5,-0.215922,0.248127,1
20230413T142422,20230523T145755,40.0233,157,A5,0.081336,0.184418,1
20230413T142422,20230523T145755,40.0233,158,A5,-0.044964,0.035868,1
20230413T142422,20230523T145755,40.0233,160,A5,-0.129202,0.095369,0
20230413T142422,20230525T103049,41.8378,1,A1,-0.223971,0.109695,1
20230413T142422,20230525T103049,41.8378,3,A1,-0.257558,0.163018,1
20230413T142422,20230525T103049,41.8378,4,A1,-0.011741,0.023536,1
20230413T142422,20230525T103049,41.8378,6,A1,-0.089378,0.029612,0
20230413T142422,20230525T103049,41.8378,7,A1,0.036633,0.556773,1
20230413T142422,20230525T103049,41.8378,8,A1,-0.128141,1.077573,0
20230413T142422,20230525T103049,41.8378,9,A1,0.182896,0.684420,0
20230413T142422,20230525T103049,41.8378,10,A1,0.232002,0.606773,0
20230413T142422,20230525T103049,41.8378,11,A1,0.529085,0.000000,1
20230413T142422,20230525T103049,41.8378,12,A1,0.063702,0.676180,1
20230413T142422,20230525T103049,41.8378,13,A1,0.270937,0.682997,1
20230413T142422,20230525T103049,41.8378,14,A1,0.379318,0.019304,1
20230413T142422,20230525T103049,41.8378,15,A1,0.205182,2.000000,0
20230413T142422,20230525T103049,41.8378,16,A1,0.183131,1.279297,0
20230413T142422,20230525T103049,41.8378,17,A1,-0.114573,1.452190,0
20230413T142422,20230525T103049,41.8378,18,A1,0.044968,0.993169,1
20230413T142422,20230525T103049,41.8378,19,A1,0.368373,0.181964,0
20230413T142422,20230525T103049,41.8378,20,A1,0.044631,0.052791,1
20230413T142422,20230525T103049,41.8378,21,A1,-0.116690,0.947370,1
20230413T142422,20230525T103049,41.8378,22,A1,0.019236,0.592828,0
20230413T142422,20230525T103049,41.8378,23,A1,-0.036880,0.003037,1
20230413T142422,20230525T103049,41.8378,24,A1,0.078061,0.457678,0
20230413T142422,20230525T103049,41.8378,25,A1,0.222186,0.727858,0
20230413T142422,20230525T103049,41.8378,26,A1,0.520362,0.382367,1
20230413T142422,20230525T103049,41.8378,27,A1,0.123592,0.395421,1
20230413T142422,20230525T103049,41.8378,28,A1,-0.146067,0.137079,0
20230413T142422,20230525T103049,41.8378,29,A1,-0.229144,0.123927,0
20230413T142422,20230525T103049,41.8378,30,A1,-0.280271,0.600299,1
20230413T142422,20230525T103049,41.8378,31,A1,0.106435,0.326034,1
20230413T142422,20230525T103049,41.8378,33,A2,0.056155,1.465639,0
20230413T142422,20230525T103049,41.8378,35,A2,-0.047160,0.432818,1
20230413T142422,20230525T103049,41.8378,36,A2,0.012875,0.830728,0
20230413T142422,20230525T103049,41.8378,37,A2,0.086950,0.123087,0
20230413T142422,20230525T103049,41.8378,38,A2,0.496378,0.027200,1
20230413T142422,20230525T103049,41.8378,39,A2,-0.081823,0.938038,0
20230413T142422,20230525T103049,41.8378,40,A2,-0.329696,0.899269,0
20230413T142422,20230525T103049,41.8378,41,A2,0.051460,0.764929,0
20230413T142422,20230525T103049,41.8378,42,A2,0.247840,1.013118,0
20230413T142422,20230525T103049,41.8378,43,A2,-0.113039,0.421564,0
20230413T142422,20230525T103049,41.8378,44,A2,0.349841,0.107788,1
20230413T142422,20230525T103049,41.8378,45,A2,0.089123,0.953518,1
20230413T142422,20230525T103049,41.8378,46,A2,0.226496,0.000000,1
20230413T142422,20230525T103049,41.8378,47,A2,-0.042794,0.775645,1
20230413T142422,20230525T103049,41.8378,48,A2,0.262354,0.881118,1
20230413T142422,20230525T103049,41.8378,49,A2,-0.119119,0.033004,1
20230413T142422,20230525T103049,41.8378,50,A2,0.086566,0.166989,0
20230413T142422,20230525T103049,41.8378,51,A2,-0.114947,0.064610,1
20230413T142422,20230525T103049,41.8378,52,A2,0.114873,1.329023,0
20230413T142422,20230525T103049,41.8378,53,A2,0.021251,0.108261,1
20230413T142422,20230525T103049,41.8378,54,A2,-0.144016,1.122831,0
20230413T142422,20230525T103049,41.8378,55,A2,0.042434,0.086466,0
20230413T142422,20230525T103049,41.8378,56,A2,0.193891,0.661825,1
20230413T142422,20230525T103049,41.8378,57,A2,-0.331044,0.428800,1
20230413T142422,20230525T103049,41.8378,58,A2,-0.386997,0.521349,1
20230413T142422,20230525T103049,41.8378,59,A2,-0.065663,1.039115,0
20230413T142422,20230525T103049,41.8378,60,A2,0.159921,1.184751,0
20230413T142422,20230525T103049,41.8378,62,A2,0.386497,0.348320,1
20230413T142422,20230525T103049,41.8378,63,A2,0.368031,0.181870,1
20230413T142422,20230525T103049,41.8378,64,A2,0.577608,0.000000,1
20230413T142422,20230525T103049,41.8378,65,A3,-0.241357,0.961781,1
20230413T142422,20230525T103049,41.8378,66,A3,0.205172,0.301713,1
20230413T142422,20230525T103049,41.8378,67,A3,0.346391,1.545829,0
20230413T142422,20230525T103049,41.8378,68,A3,0.477908,0.488708,0
20230413T142422,20230525T103049,41.8378,69,A3,0.431400,0.024430,1
20230413T142422,20230525T103049,41.8378,70,A3,-0.295875,0.553616,0
20230413T142422,20230525T103049,41.8378,71,A3,0.714689,0.747693,0
20230413T142422,20230525T103049,41.8378,75,A3,0.177760,0.087969,1
20230413T142422,20230525T103049,41.8378,76,A3,0.809456,0.314605,0
20230413T142422,20230525T103049,41.8378,77,A3,0.134344,0.839822,1
20230413T142422,20230525T103049,41.8378,78,A3,0.294262,1.495316,0
20230413T142422,20230525T103049,41.8378,79,A3,0.373311,0.204081,1
20230413T142422,20230525T103049,41.8378,80,A3,0.367432,0.297936,1
20230413T142422,20230525T103049,41.8378,81,A3,0.338662,0.749176,1
20230413T142422,20230525T103049,41.8378,82,A3,0.183949,1.153382,0
20230413T142422,20230525T103049,41.8378,83,A3,-0.209406,0.015905,1
20230413T142422,20230525T103049,41.8378,84,A3,-0.009689,0.122121,0
20230413T142422,20230525T103049,41.8378,85,A3,0.350871,0.979093,1
20230413T142422,20230525T103049,41.8378,87,A3,-0.049709,0.553595,0
20230413T142422,20230525T103049,41.8378,88,A3,0.021931,0.844146,0
20230413T142422,20230525T103049,41.8378,89,A3,0.155685,1.614828,0
20230413T142422,20230525T103049,41.8378,90,A3,0.111451,0.006973,1
20230413T142422,20230525T103049,41.8378,91,A3,-0.020677,0.955726,1
20230413T142422,20230525T103049,41.8378,93,A3,0.016085,0.447618,0
20230413T142422,20230525T103049,41.8378,94,A3,0.336329,0.415982,0
20230413T142422,20230525T103049,41.8378,95,A3,-0.396331,0.489768,1
20230413T142422,20230525T103049,41.8378,96,A3,-0.007749,0.114672,1
20230413T142422,20230525T103049,41.8378,129,A5,0.073242,1.502422,0
20230413T142422,20230525T103049,41.8378,130,A5,0.282918,0.047698,1
20230413T142422,20230525T103049,41.8378,132,A5,0.216487,0.880701,1
20230413T142422,20230525T103049,41.8378,133,A5,0.019758,1.022299,0
20230413T142422,20230525T103049,41.8378,134,A5,0.187795,0.433916,0
20230413T142422,20230525T103049,41.8378,135,A5,-0.084144,0.243246,0
20230413T142422,20230525T103049,41.8378,136,A5,-0.075560,0.155926,0
20230413T142422,20230525T103049,41.8378,137,A5,0.128779,0.277810,1
20230413T142422,20230525T103049,41.8378,138,A5,0.179886,0.291404,0
20230413T142422,20230525T103049,41.8378,140,A5,0.014737,0.076777,1
20230413T142422,20230525T103049,41.8378,142,A5,-0.064688,0.799095,1
20230413T142422,20230525T103049,41.8378,143,A5,0.060852,0.681926,1
20230413T142422,20230525T103049,41.8378,144,A5,-0.076505,0.912270,0
20230413T142422,20230525T103049,41.8378,145,A5,0.189730,0.353420,0
20230413T142422,20230525T103049,41.8378,146,A5,0.198007,0.103101,1
20230413T142422,20230525T103049,41.8378,147,A5,0.185645,1.198904,0
20230413T142422,20230525T103049,41.8378,148,A5,0.009974,1.189784,0
20230413T142422,20230525T103049,41.8378,149,A5,0.168238,0.020574,1
20230413T142422,20230525T103049,41.8378,150,A5,-0.106704,0.001223,1
20230413T142422,20230525T103049,41.8378,151,A5,0.013679,0.062115,1
20230413T142422,20230525T103049,41.8378,152,A5,-0.219962,0.243275,0
20230413T142422,20230525T103049,41.8378,153,A5,0.030543,0.548535,0
20230413T142422,20230525T103049,41.8378,156,A5,-0.348495,0.220540,0
20230413T142422,20230525T103049,41.8378,157,A5,-0.186096,0.012544,1
20230413T142422,20230525T103049,41.8378,158,A5,-0.109255,0.902373,1
20230413T142422,20230525T103049,41.8378,160,A5,-0.068331,1.036775,0
20230413T142422,20230622T111856,69.8712,1,A1,-0.304021,0.327367,0
20230413T142422,20230622T111856,69.8712,3,A1,0.434986,0.212140,0
20230413T142422,20230622T111856,69.8712,4,A1,-0.122158,0.115006,0
20230413T142422,20230622T111856,69.8712,6,A1,-0.041815,0.030637,0
20230413T142422,20230622T111856,69.8712,8,A1,-0.243648,2.000000,0
20230413T142422,20230622T111856,69.8712,9,A1,0.458497,0.145958,0
20230413T142422,20230622T111856,69.8712,10,A1,-0.079696,0.301875,0
20230413T142422,20230622T111856,69.8712,11,A1,0.143717,0.406666,1
20230413T142422,20230622T111856,69.8712,12,A1,-0.088963,0.676180,1
20230413T142422,20230622T111856,69.8712,13,A1,0.205112,0.895265,1
20230413T142422,20230622T111856,69.8712,14,A1,0.215447,0.161061,0
20230413T142422,20230622T111856,69.8712,15,A1,0.210435,1.617393,0
20230413T142422,20230622T111856,69.8712,17,A1,-0.055236,0.672991,0
20230413T142422,20230622T111856,69.8712,18,A1,0.615171,0.236304,1
20230413T142422,20230622T111856,69.8712,19,A1,0.278114,0.299557,0
20230413T142422,20230622T111856,69.8712,20,A1,-0.155099,0.589572,0
20230413T142422,20230622T111856,69.8712,21,A1,0.188962,0.824048,1
20230413T142422,20230622T111856,69.8712,22,A1,0.609543,0.470012,0
20230413T142422,20230622T111856,69.8712,23,A1,0.604122,0.777664,1
20230413T142422,20230622T111856,69.8712,24,A1,0.052963,0.168151,1
20230413T142422,20230622T111856,69.8712,25,A1,0.303182,1.064379,0
20230413T142422,20230622T111856,69.8712,26,A1,0.278481,0.548197,0
20230413T142422,20230622T111856,69.8712,27,A1,-0.072636,0.287297,1
20230413T142422,20230622T111856,69.8712,28,A1,-0.252416,0.234641,0
20230413T142422,20230622T111856,69.8712,29,A1,-0.182733,0.073808,0
20230413T142422,20230622T111856,69.8712,30,A1,-0.212579,0.600299,1
20230413T142422,20230622T111856,69.8712,31,A1,0.250457,1.159177,0
20230413T142422,20230622T111856,69.8712,33,A2,-0.197275,0.908325,1
20230413T142422,20230622T111856,69.8712,35,A2,0.070420,0.625483,0
20230413T142422,20230622T111856,69.8712,36,A2,0.130007,0.712593,0
20230413T142422,20230622T111856,69.8712,37,A2,-0.022272,0.123427,0
20230413T142422,20230622T111856,69.8712,39,A2,0.383522,1.900760,0
20230413T142422,20230622T111856,69.8712,40,A2,0.020869,0.495335,0
20230413T142422,20230622T111856,69.8712,41,A2,0.029630,0.088340,1
20230413T142422,20230622T111856,69.8712,42,A2,0.140778,0.255818,0
20230413T142422,20230622T111856,69.8712,43,A2,0.118608,0.489028,0
20230413T142422,20230622T111856,69.8712,44,A2,-0.079038,0.107788,1
20230413T142422,20230622T111856,69.8712,45,A2,-0.096904,0.953518,1
20230413T142422,20230622T111856,69.8712,46,A2,0.489337,0.000000,1
20230413T142422,20230622T111856,69.8712,47,A2,-0.002964,0.775645,1
20230413T142422,20230622T111856,69.8712,48,A2,0.019214,0.007780,1
20230413T142422,20230622T111856,69.8712,49,A2,0.099889,0.146395,0
20230413T142422,20230622T111856,69.8712,50,A2,-0.007632,0.169241,0
20230413T142422,20230622T111856,69.8712,51,A2,-0.064161,0.120822,0
20230413T142422,20230622T111856,69.8712,52,A2,0.088428,0.000306,1
20230413T142422,20230622T111856,69.8712,53,A2,-0.069968,0.325151,1
20230413T142422,20230622T111856,69.8712,54,A2,0.038849,0.148885,1
20230413T142422,20230622T111856,69.8712,55,A2,-0.016564,0.776080,0
20230413T142422,20230622T111856,69.8712,57,A2,0.007139,0.014974,0
20230413T142422,20230622T111856,69.8712,58,A2,0.087627,0.054654,1
20230413T142422,20230622T111856,69.8712,59,A2,-0.254761,0.125204,0
20230413T142422,20230622T111856,69.8712,60,A2,-0.047056,0.224058,0
20230413T142422,20230622T111856,69.8712,62,A2,0.191446,0.106967,1
20230413T142422,20230622T111856,69.8712,63,A2,0.191516,0.951507,1
20230413T142422,20230622T111856,69.8712,64,A2,0.666347,0.653774,1
20230413T142422,20230622T111856,69.8712,65,A3,-0.035465,1.038219,0
20230413T142422,20230622T111856,69.8712,66,A3,0.586039,0.416105,0
20230413T142422,20230622T111856,69.8712,67,A3,0.376899,1.083294,0
20230413T142422,20230622T111856,69.8712,68,A3,0.672720,0.527523,0
20230413T142422,20230622T111856,69.8712,69,A3,0.473930,0.209583,1
20230413T142422,20230622T111856,69.8712,70,A3,-0.167207,1.061840,0
20230413T142422,20230622T111856,69.8712,71,A3,0.684736,1.005662,0
20230413T142422,20230622T111856,69.8712,73,A3,-0.012119,0.436426,0
20230413T142422,20230622T111856,69.8712,74,A3,0.042953,0.080213,0
20230413T142422,20230622T111856,69.8712,75,A3,0.664360,0.567085,0
20230413T142422,20230622T111856,69.8712,76,A3,0.369563,0.701515,0
20230413T142422,20230622T111856,69.8712,77,A3,0.560233,0.158800,0
20230413T142422,20230622T111856,69.8712,78,A3,0.331113,0.977889,1
20230413T142422,20230622T111856,69.8712,79,A3,0.621788,0.191549,1
20230413T142422,20230622T111856,69.8712,80,A3,0.261149,0.152171,1
20230413T142422,20230622T111856,69.8712,81,A3,0.132539,0.761933,1
20230413T142422,20230622T111856,69.8712,82,A3,0.067075,0.741585,0
20230413T142422,20230622T111856,69.8712,83,A3,0.326313,0.045091,1
20230413T142422,20230622T111856,69.8712,84,A3,0.080687,0.035716,1
20230413T142422,20230622T111856,69.8712,85,A3,0.531167,0.212656,1
20230413T142422,20230622T111856,69.8712,86,A3,-0.342851,1.037248,0
20230413T142422,20230622T111856,69.8712,87,A3,0.345877,0.391189,0
20230413T142422,20230622T111856,69.8712,88,A3,0.101709,0.228046,0
20230413T142422,20230622T111856,69.8712,89,A3,0.299487,0.473799,1
20230413T142422,20230622T111856,69.8712,90,A3,-0.377138,0.082786,1
20230413T142422,20230622T111856,69.8712,91,A3,-0.033104,1.152231,0
20230413T142422,20230622T111856,69.8712,93,A3,-0.103578,0.179117,0
20230413T142422,20230622T111856,69.8712,94,A3,-0.187784,1.010697,0
20230413T142422,20230622T111856,69.8712,95,A3,0.010553,0.388547,0
20230413T142422,20230622T111856,69.8712,96,A3,-0.234855,0.297275,0
20230413T142422,20230622T111856,69.8712,130,A5,0.356177,0.108404,1
20230413T142422,20230622T111856,69.8712,132,A5,0.174353,0.077062,1
20230413T142422,20230622T111856,69.8712,133,A5,0.323078,0.193684,0
20230413T142422,20230622T111856,69.8712,134,A5,0.156614,0.277876,1
20230413T142422,20230622T111856,69.8712,135,A5,-0.115799,0.802141,1
20230413T142422,20230622T111856,69.8712,136,A5,0.112052,0.256631,0
20230413T142422,20230622T111856,69.8712,137,A5,0.057713,0.730638,0
20230413T142422,20230622T111856,69.8712,138,A5,0.385844,0.268818,0
20230413T142422,20230622T111856,69.8712,139,A5,0.395869,0.322684,1
20230413T142422,20230622T111856,69.8712,140,A5,0.131672,1.083016,0
20230413T142422,20230622T111856,69.8712,142,A5,-0.008381,1.100617,0
20230413T142422,20230622T111856,69.8712,143,A5,0.202340,0.096964,1
20230413T142422,20230622T111856,69.8712,144,A5,-0.201342,0.800361,0
20230413T142422,20230622T111856,69.8712,145,A5,0.288327,0.652623,0
20230413T142422,20230622T111856,69.8712,146,A5,0.207581,0.484577,0
20230413T142422,20230622T111856,69.8712,147,A5,0.195200,1.154955,0
20230413T142422,20230622T111856,69.8712,148,A5,-0.002066,0.886455,0
20230413T142422,20230622T111856,69.8712,149,A5,0.153639,0.550109,1
20230413T142422,20230622T111856,69.8712,150,A5,-0.093410,0.053691,0
20230413T142422,20230622T111856,69.8712,151,A5,-0.345249,0.240661,0
20230413T142422,20230622T111856,69.8712,152,A5,-0.240140,0.966971,1
20230413T142422,20230622T111856,69.8712,153,A5,-0.176675,0.947552,0
20230413T142422,20230622T111856,69.8712,154,A5,-0.147805,0.082102,0
20230413T142422,20230622T111856,69.8712,156,A5,-0.061435,0.113191,1
20230413T142422,20230622T111856,69.8712,157,A5,-0.248724,0.015556,0
20230413T142422,20230622T111856,69.8712,158,A5,-0.152124,0.234274,0
20230413T142422,20230622T111856,69.8712,160,A5,-0.097507,0.963225,1
20230413T142422,20230703T122644,80.9183,1,A1,-0.218089,0.367057,0
20230413T142422,20230703T122644,80.9183,3,A1,-0.155164,0.832865,1
20230413T142422,20230703T122644,80.9183,4,A1,-0.145223,0.062399,1
20230413T142422,20230703T122644,80.9183,6,A1,0.458257,0.065053,0
20230413T142422,20230703T122644,80.9183,9,A1,-0.046071,0.007820,1
20230413T142422,20230703T122644,80.9183,10,A1,0.112339,0.057998,1
20230413T142422,20230703T122644,80.9183,11,A1,-0.179656,0.862200,1
20230413T142422,20230703T122644,80.9183,12,A1,-0.177634,0.126067,1
20230413T142422,20230703T122644,80.9183,13,A1,0.172305,0.079832,1
20230413T142422,20230703T122644,80.9183,14,A1,0.054302,0.102643,0
20230413T142422,20230703T122644,80.9183,15,A1,0.387727,0.000000,1
20230413T142422,20230703T122644,80.9183,17,A1,-0.181725,0.401791,1
20230413T142422,20230703T122644,80.9183,18,A1,0.700929,0.045825,1
20230413T142422,20230703T122644,80.9183,19,A1,0.297798,0.855168,1
20230413T142422,20230703T122644,80.9183,21,A1,-0.008189,1.071936,0
20230413T142422,20230703T122644,80.9183,22,A1,0.408465,1.366868,0
20230413T142422,20230703T122644,80.9183,23,A1,0.060418,0.131818,0
20230413T142422,20230703T122644,80.9183,24,A1,-0.286018,0.258278,1
20230413T142422,20230703T122644,80.9183,26,A1,0.086234,0.312200,1
20230413T142422,20230703T122644,80.9183,27,A1,-0.199648,0.687291,1
20230413T142422,20230703T122644,80.9183,28,A1,0.006753,0.040456,1
20230413T142422,20230703T122644,80.9183,29,A1,-0.251797,0.993591,1
20230413T142422,20230703T122644,80.9183,30,A1,-0.220249,0.487802,1
20230413T142422,20230703T122644,80.9183,31,A1,0.337136,0.586134,1
20230413T142422,20230703T122644,80.9183,33,A2,0.085697,1.040255,0
20230413T142422,20230703T122644,80.9183,35,A2,0.004356,0.713916,0
20230413T142422,20230703T122644,80.9183,36,A2,-0.056951,0.170850,1
20230413T142422,20230703T122644,80.9183,37,A2,0.143532,1.113849,0
20230413T142422,20230703T122644,80.9183,39,A2,0.377327,0.414044,1
20230413T142422,20230703T122644,80.9183,40,A2,-0.074100,0.529525,0
20230413T142422,20230703T122644,80.9183,41,A2,0.093435,0.497344,1
20230413T142422,20230703T122644,80.9183,42,A2,0.046808,0.986882,1
20230413T142422,20230703T122644,80.9183,43,A2,0.201634,0.546983,0
20230413T142422,20230703T122644,80.9183,44,A2,0.033472,0.923491,0
20230413T142422,20230703T122644,80.9183,45,A2,0.202529,0.062032,0
20230413T142422,20230703T122644,80.9183,46,A2,0.439385,0.462661,1
20230413T142422,20230703T122644,80.9183,47,A2,-0.161436,0.454501,1
20230413T142422,20230703T122644,80.9183,49,A2,-0.143345,0.472531,0
20230413T142422,20230703T122644,80.9183,50,A2,-0.209105,0.090436,0
20230413T142422,20230703T122644,80.9183,51,A2,0.062308,0.512247,0
20230413T142422,20230703T122644,80.9183,52,A2,0.138606,1.329023,0
20230413T142422,20230703T122644,80.9183,53,A2,-0.093982,0.731594,0
20230413T142422,20230703T122644,80.9183,55,A2,0.211993,1.081358,0
20230413T142422,20230703T122644,80.9183,57,A2,0.155542,0.195016,1
20230413T142422,20230703T122644,80.9183,58,A2,-0.519985,0.679037,0
20230413T142422,20230703T122644,80.9183,59,A2,-0.397349,0.090331,0
20230413T142422,20230703T122644,80.9183,60,A2,-0.274190,1.184751,0
20230413T142422,20230703T122644,80.9183,62,A2,0.015302,0.131478,1
20230413T142422,20230703T122644,80.9183,63,A2,0.115132,0.951507,1
20230413T142422,20230703T122644,80.9183,64,A2,0.320630,0.516720,1
20230413T142422,20230703T122644,80.9183,65,A3,0.099666,0.189150,0
20230413T142422,20230703T122644,80.9183,66,A3,-0.200706,0.291414,1
20230413T142422,20230703T122644,80.9183,68,A3,0.539852,1.072437,0
20230413T142422,20230703T122644,80.9183,69,A3,0.539957,0.069722,1
20230413T142422,20230703T122644,80.9183,70,A3,-0.134683,0.159156,0
20230413T142422,20230703T122644,80.9183,73,A3,-0.182589,1.218205,0
20230413T142422,20230703T122644,80.9183,74,A3,0.092667,0.219924,0
20230413T142422,20230703T122644,80.9183,75,A3,0.110184,0.092099,1
20230413T142422,20230703T122644,80.9183,76,A3,0.261526,0.183815,1
20230413T142422,20230703T122644,80.9183,77,A3,0.476504,0.424315,0
20230413T142422,20230703T122644,80.9183,78,A3,-0.132469,1.113621,0
20230413T142422,20230703T122644,80.9183,79,A3,0.310885,0.825660,0
20230413T142422,20230703T122644,80.9183,80,A3,0.323357,0.177358,1
20230413T142422,20230703T122644,80.9183,81,A3,-0.307105,0.200681,1
20230413T142422,20230703T122644,80.9183,82,A3,0.106163,1.153382,0
20230413T142422,20230703T122644,80.9183,84,A3,-0.228925,0.217090,0
20230413T142422,20230703T122644,80.9183,85,A3,-0.002952,0.755547,1
20230413T142422,20230703T122644,80.9183,86,A3,-0.005569,0.184373,0
20230413T142422,20230703T122644,80.9183,87,A3,0.056031,0.259225,0
20230413T142422,20230703T122644,80.9183,88,A3,-0.017968,0.113842,1
20230413T142422,20230703T122644,80.9183,89,A3,0.520693,0.681669,0
20230413T142422,20230703T122644,80.9183,90,A3,-0.051320,0.114058,0
20230413T142422,20230703T122644,80.9183,91,A3,-0.027117,1.102522,0
20230413T142422,20230703T122644,80.9183,93,A3,-0.168713,0.023774,1
20230413T142422,20230703T122644,80.9183,94,A3,-0.021964,0.148906,0
20230413T142422,20230703T122644,80.9183,95,A3,-0.320533,0.271363,0
20230413T142422,20230703T122644,80.9183,130,A5,0.436071,0.088362,1
20230413T142422,20230703T122644,80.9183,132,A5,0.134266,0.641240,0
20230413T142422,20230703T122644,80.9183,133,A5,-0.337106,0.977701,1
20230413T142422,20230703T122644,80.9183,134,A5,-0.000295,1.375140,0
20230413T142422,20230703T122644,80.9183,135,A5,0.290566,0.646300,0
20230413T142422,20230703T122644,80.9183,136,A5,0.261439,0.518502,0
20230413T142422,20230703T122644,80.9183,137,A5,0.217017,0.436977,1
20230413T142422,20230703T122644,80.9183,138,A5,0.388947,0.022839,1
20230413T142422,20230703T122644,80.9183,139,A5,0.474965,0.659300,1
20230413T142422,20230703T122644,80.9183,140,A5,-0.001697,0.102958,0
20230413T142422,20230703T122644,80.9183,142,A5,0.528896,1.590629,0
20230413T142422,20230703T122644,80.9183,143,A5,-0.150484,1.137280,0
20230413T142422,20230703T122644,80.9183,144,A5,-0.059308,0.900232,0
20230413T142422,20230703T122644,80.9183,145,A5,-0.455761,0.464523,0
20230413T142422,20230703T122644,80.9183,146,A5,0.138799,0.486475,0
20230413T142422,20230703T122644,80.9183,147,A5,0.288468,1.592311,0
20230413T142422,20230703T122644,80.9183,149,A5,0.003210,0.240539,0
20230413T142422,20230703T122644,80.9183,150,A5,-0.214454,0.096184,1
20230413T142422,20230703T122644,80.9183,151,A5,-0.236420,0.013717,1
20230413T142422,20230703T122644,80.9183,152,A5,0.028733,0.441029,0
20230413T142422,20230703T122644,80.9183,153,A5,-0.062594,0.588771,0
20230413T142422,20230703T122644,80.9183,154,A5,0.064867,1.045829,0
20230413T142422,20230703T122644,80.9183,156,A5,0.245333,0.640531,0
20230413T142422,20230703T122644,80.9183,157,A5,0.047491,0.362955,1
20230413T142422,20230703T122644,80.9183,158,A5,0.023958,0.458839,0
20230413T142422,20230703T122644,80.9183,160,A5,-0.132837,0.141782,0
20230509T130346,20230511T142916,2.0594,1,A1,0.129357,1.124133,0
20230509T130346,20230511T142916,2.0594,3,A1,-0.132354,0.086570,1
20230509T130346,20230511T142916,2.0594,4,A1,0.154677,0.127022,1
20230509T130346,20230511T142916,2.0594,6,A1,0.251362,0.210128,1
20230509T130346,20230511T142916,2.0594,7,A1,-0.252672,1.603095,0
20230509T130346,20230511T142916,2.0594,8,A1,-0.163318,0.074141,1
20230509T130346,20230511T142916,2.0594,9,A1,0.385741,0.905446,1
20230509T130346,20230511T142916,2.0594,10,A1,0.162023,0.233779,0
20230509T130346,20230511T142916,2.0594,11,A1,0.584989,0.380561,1
20230509T130346,20230511T142916,2.0594,12,A1,0.382818,0.658337,0
20230509T130346,20230511T142916,2.0594,13,A1,-0.000061,0.397364,0
20230509T130346,20230511T142916,2.0594,14,A1,0.086128,0.604134,0
20230509T130346,20230511T142916,2.0594,15,A1,0.500185,0.540326,1
20230509T130346,20230511T142916,2.0594,16,A1,0.028103,0.499429,0
20230509T130346,20230511T142916,2.0594,17,A1,0.294866,1.282479,0
20230509T130346,20230511T142916,2.0594,18,A1,0.184894,0.847588,0
20230509T130346,20230511T142916,2.0594,19,A1,0.534265,0.593071,0
20230509T130346,20230511T142916,2.0594,20,A1,-0.015684,2.000000,0
20230509T130346,20230511T142916,2.0594,21,A1,0.757522,1.192007,0
20230509T130346,20230511T142916,2.0594,22,A1,0.459704,0.249594,1
20230509T130346,20230511T142916,2.0594,23,A1,0.255796,0.981708,1
20230509T130346,20230511T142916,2.0594,24,A1,0.280846,1.684381,0
20230509T130346,20230511T142916,2.0594,25,A1,0.616208,0.413791,1
20230509T130346,20230511T142916,2.0594,26,A1,0.350132,0.501011,0
20230509T130346,20230511T142916,2.0594,27,A1,0.538576,0.000000,1
20230509T130346,20230511T142916,2.0594,28,A1,0.224966,0.742335,1
20230509T130346,20230511T142916,2.0594,29,A1,0.572107,1.119451,0
20230509T130346,20230511T142916,2.0594,30,A1,0.210817,0.430648,1
20230509T130346,20230511T142916,2.0594,31,A1,-0.039835,1.602301,0
20230509T130346,20230511T142916,2.0594,32,A1,0.331321,0.000000,1
20230509T130346,20230511T142916,2.0594,33,A2,-0.081293,0.679888,1
20230509T130346,20230511T142916,2.0594,34,A2,-0.181701,0.043055,0
20230509T130346,20230511T142916,2.0594,36,A2,0.281114,1.657485,0
20230509T130346,20230511T142916,2.0594,37,A2,-0.166604,0.009011,1
20230509T130346,20230511T142916,2.0594,38,A2,0.880359,0.754443,1
20230509T130346,20230511T142916,2.0594,39,A2,0.018856,1.624067,0
20230509T130346,20230511T142916,2.0594,40,A2,0.108750,0.480093,1
20230509T130346,20230511T142916,2.0594,41,A2,0.274381,1.684604,0
20230509T130346,20230511T142916,2.0594,42,A2,-0.088364,0.258517,0
20230509T130346,20230511T142916,2.0594,43,A2,0.125947,0.546185,0
20230509T130346,20230511T142916,2.0594,44,A2,0.406687,1.086739,0
20230509T130346,20230511T142916,2.0594,45,A2,-0.163556,0.499433,0
20230509T130346,20230511T142916,2.0594,46,A2,0.043265,0.950151,0
20230509T130346,20230511T142916,2.0594,47,A2,0.517478,0.314534,1
20230509T130346,20230511T142916,2.0594,48,A2,-0.080841,1.034554,0
20230509T130346,20230511T142916,2.0594,49,A2,-0.169158,1.041338,0
20230509T130346,20230511T142916,2.0594,50,A2,-0.165774,0.004029,1
20230509T130346,20230511T142916,2.0594,51,A2,-0.127216,0.946406,1
20230509T130346,20230511T142916,2.0594,52,A2,0.016187,0.488442,0
20230509T130346,20230511T142916,2.0594,53,A2,0.472567,1.204846,0
20230509T130346,20230511T142916,2.0594,54,A2,-0.365148,0.338345,0
20230509T130346,20230511T142916,2.0594,55,A2,0.159189,0.314287,1
20230509T130346,20230511T142916,2.0594,57,A2,0.201798,0.000000,1
20230509T130346,20230511T142916,2.0594,58,A2,0.083805,0.898696,1
20230509T130346,20230511T142916,2.0594,59,A2,0.368744,0.605114,0
20230509T130346,20230511T142916,2.0594,60,A2,-0.060469,0.852228,0
20230509T130346,20230511T142916,2.0594,61,A2,0.520339,0.955891,1
20230509T130346,20230511T142916,2.0594,62,A2,0.229548,1.212824,0
20230509T130346,20230511T142916,2.0594,63,A2,0.617973,0.000000,1
20230509T130346,20230511T142916,2.0594,64,A2,0.176187,0.523732,0
20230509T130346,20230511T142916,2.0594,65,A3,0.182104,0.949003,1
20230509T130346,20230511T142916,2.0594,66,A3,0.897863,0.820691,1
20230509T130346,20230511T142916,2.0594,68,A3,0.781811,0.117734,1
20230509T130346,20230511T142916,2.0594,69,A3,0.708338,0.869682,1
20230509T130346,20230511T142916,2.0594,70,A3,0.796081,0.830626,1
20230509T130346,20230511T142916,2.0594,71,A3,0.830889,0.000000,1
20230509T130346,20230511T142916,2.0594,72,A3,0.080101,0.257262,0
20230509T130346,20230511T142916,2.0594,73,A3,0.089488,0.136315,1
20230509T130346,20230511T142916,2.0594,74,A3,0.116633,0.857077,0
20230509T130346,20230511T142916,2.0594,75,A3,0.453345,0.652170,1
20230509T130346,20230511T142916,2.0594,76,A3,0.617798,2.000000,0
20230509T130346,20230511T142916,2.0594,77,A3,0.528152,0.169348,1
20230509T130346,20230511T142916,2.0594,78,A3,0.756852,0.177667,0
20230509T130346,20230511T142916,2.0594,79,A3,0.659525,0.267724,0
20230509T130346,20230511T142916,2.0594,80,A3,0.308995,0.133311,1
20230509T130346,20230511T142916,2.0594,81,A3,0.863768,0.083877,1
20230509T130346,20230511T142916,2.0594,82,A3,0.699832,0.168558,0
20230509T130346,20230511T142916,2.0594,83,A3,0.400297,0.878898,1
20230509T130346,20230511T142916,2.0594,84,A3,0.208972,1.156847,0
20230509T130346,20230511T142916,2.0594,85,A3,0.902879,0.000000,1
20230509T130346,20230511T142916,2.0594,86,A3,0.254989,1.464864,0
20230509T130346,20230511T142916,2.0594,87,A3,0.482883,0.180522,1
20230509T130346,20230511T142916,2.0594,88,A3,0.468659,0.774774,1
20230509T130346,20230511T142916,2.0594,89,A3,0.411378,0.380956,1
20230509T130346,20230511T142916,2.0594,90,A3,-0.010249,0.025055,1
20230509T130346,20230511T142916,2.0594,91,A3,0.073779,0.249801,1
20230509T130346,20230511T142916,2.0594,92,A3,0.097713,0.590742,1
20230509T130346,20230511T142916,2.0594,93,A3,0.812261,0.699370,0
20230509T130346,20230511T142916,2.0594,94,A3,0.529603,0.339969,1
20230509T130346,20230511T142916,2.0594,95,A3,0.851138,0.000000,1
20230509T130346,20230511T142916,2.0594,96,A3,0.174459,0.960892,1
20230509T130346,20230511T142916,2.0594,97,A4,-0.122846,1.003232,0
20230509T130346,20230511T142916,2.0594,98,A4,-0.019939,0.093791,0
20230509T130346,20230511T142916,2.0594,99,A4,0.259735,0.131423,0
20230509T130346,20230511T142916,2.0594,100,A4,0.302853,0.142582,1
20230509T130346,20230511T142916,2.0594,101,A4,0.217134,0.615664,1
20230509T130346,20230511T142916,2.0594,103,A4,-0.100633,0.049948,0
20230509T130346,20230511T142916,2.0594,104,A4,0.107610,0.077496,1
20230509T130346,20230511T142916,2.0594,105,A4,0.424778,0.394369,0
20230509T130346,20230511T142916,2.0594,106,A4,0.031368,0.191569,1
20230509T130346,20230511T142916,2.0594,107,A4,-0.112185,0.113577,1
20230509T130346,20230511T142916,2.0594,108,A4,-0.199256,0.206654,0
20230509T130346,20230511T142916,2.0594,109,A4,-0.074052,0.053522,0
20230509T130346,20230511T142916,2.0594,110,A4,0.010681,0.545625,0
20230509T130346,20230511T142916,2.0594,111,A4,0.101006,0.396932,1
20230509T130346,20230511T142916,2.0594,112,A4,0.092380,0.058701,1
20230509T130346,20230511T142916,2.0594,114,A4,-0.021098,0.437738,0
20230509T130346,20230511T142916,2.0594,116,A4,0.093735,0.554184,0
20230509T130346,20230511T142916,2.0594,117,A4,-0.280335,1.968779,0
20230509T130346,20230511T142916,2.0594,119,A4,0.102447,0.071328,0
20230509T130346,20230511T142916,2.0594,121,A4,0.406078,0.524719,0
20230509T130346,20230511T142916,2.0594,122,A4,0.571322,0.621499,1
20230509T130346,20230511T142916,2.0594,124,A4,0.154459,0.068356,1
20230509T130346,20230511T142916,2.0594,125,A4,0.114060,0.405235,0
20230509T130346,20230511T142916,2.0594,126,A4,-0.062277,0.341651,0
20230509T130346,20230511T142916,2.0594,127,A4,-0.236694,0.890767,1
20230509T130346,20230511T142916,2.0594,129,A5,0.073973,0.273779,1
20230509T130346,20230511T142916,2.0594,130,A5,0.609760,0.753828,1
20230509T130346,20230511T142916,2.0594,132,A5,-0.066226,0.727516,1
20230509T130346,20230511T142916,2.0594,133,A5,0.190713,1.236535,0
20230509T130346,20230511T142916,2.0594,134,A5,0.626037,0.138327,1
20230509T130346,20230511T142916,2.0594,135,A5,0.457257,0.352934,0
20230509T130346,20230511T142916,2.0594,136,A5,0.151537,0.408611,1
20230509T130346,20230511T142916,2.0594,137,A5,-0.091320,2.000000,0
20230509T130346,20230511T142916,2.0594,138,A5,0.345171,0.986120,0
20230509T130346,20230511T142916,2.0594,139,A5,0.468796,0.321741,1
20230509T130346,20230511T142916,2.0594,142,A5,0.179451,0.535783,1
20230509T130346,20230511T142916,2.0594,143,A5,0.079596,1.824236,0
20230509T130346,20230511T142916,2.0594,144,A5,-0.218271,0.532368,0
20230509T130346,20230511T142916,2.0594,145,A5,-0.028924,0.000000,1
20230509T130346,20230511T142916,2.0594,146,A5,0.758910,0.799861,0
20230509T130346,20230511T142916,2.0594,147,A5,0.502056,0.602827,0
20230509T130346,20230511T142916,2.0594,148,A5,0.417853,0.167816,1
20230509T130346,20230511T142916,2.0594,149,A5,0.162422,0.049907,1
20230509T130346,20230511T142916,2.0594,150,A5,-0.076504,0.500716,0
20230509T130346,20230511T142916,2.0594,151,A5,0.211416,0.820545,0
20230509T130346,20230511T142916,2.0594,152,A5,0.044635,0.748208,1
20230509T130346,20230511T142916,2.0594,153,A5,0.140055,0.221113,1
20230509T130346,20230511T142916,2.0594,155,A5,0.095607,0.146998,1
20230509T130346,20230511T142916,2.0594,157,A5,-0.055185,0.950631,0
20230509T130346,20230511T142916,2.0594,158,A5,-0.222382,0.103990,1
20230509T130346,20230511T142916,2.0594,159,A5,0.080374,1.082084,0
20230509T130346,20230518T135808,9.0378,1,A1,0.697886,0.902299,1
20230509T130346,20230518T135808,9.0378,3,A1,0.166646,0.218297,1
20230509T130346,20230518T135808,9.0378,4,A1,0.102494,0.072441,0
20230509T130346,20230518T135808,9.0378,5,A1,-0.046839,0.015385,1
20230509T130346,20230518T135808,9.0378,6,A1,-0.186874,0.214223,1
20230509T130346,20230518T135808,9.0378,7,A1,0.235353,1.074043,0
20230509T130346,20230518T135808,9.0378,8,A1,0.153335,0.178622,1
20230509T130346,20230518T135808,9.0378,9,A1,0.633155,0.603447,1
20230509T130346,20230518T135808,9.0378,10,A1,0.095360,0.932320,1
20230509T130346,20230518T135808,9.0378,11,A1,0.687998,0.222675,1
20230509T130346,20230518T135808,9.0378,12,A1,0.618374,0.414337,1
20230509T130346,20230518T135808,9.0378,13,A1,0.197850,0.101225,1
20230509T130346,20230518T135808,9.0378,14,A1,0.275170,0.197511,1
20230509T130346,20230518T135808,9.0378,15,A1,0.071005,1.569449,0
20230509T130346,20230518T135808,9.0378,16,A1,0.209170,0.510374,1
20230509T130346,20230518T135808,9.0378,17,A1,0.198438,0.962057,1
20230509T130346,20230518T135808,9.0378,18,A1,-0.121266,0.294145,1
20230509T130346,20230518T135808,9.0378,19,A1,0.582164,0.463605,1
20230509T130346,20230518T135808,9.0378,20,A1,0.030537,1.571100,0
20230509T130346,20230518T135808,9.0378,21,A1,0.862554,0.000000,1
20230509T130346,20230518T135808,9.0378,22,A1,0.033857,0.786677,1
20230509T130346,20230518T135808,9.0378,23,A1,-0.014352,0.650351,1
20230509T130346,20230518T135808,9.0378,24,A1,0.200849,0.309509,1
20230509T130346,20230518T135808,9.0378,25,A1,0.748811,0.000000,1
20230509T130346,20230518T135808,9.0378,26,A1,0.294811,0.174245,1
20230509T130346,20230518T135808,9.0378,27,A1,0.678043,0.000000,1
20230509T130346,20230518T135808,9.0378,28,A1,-0.220455,0.147698,1
20230509T130346,20230518T135808,9.0378,29,A1,-0.330267,1.124786,0
20230509T130346,20230518T135808,9.0378,30,A1,0.817655,0.000000,1
20230509T130346,20230518T135808,9.0378,31,A1,0.267028,1.065339,0
20230509T130346,20230518T135808,9.0378,32,A1,0.857590,0.000000,1
20230509T130346,20230518T135808,9.0378,33,A2,-0.292807,0.780400,1
20230509T130346,20230518T135808,9.0378,36,A2,0.077479,1.060442,0
20230509T130346,20230518T135808,9.0378,37,A2,0.211702,0.027612,1
20230509T130346,20230518T135808,9.0378,38,A2,0.783303,0.067992,1
20230509T130346,20230518T135808,9.0378,39,A2,-0.153463,0.955126,1
20230509T130346,20230518T135808,9.0378,40,A2,0.115453,0.714561,0
20230509T130346,20230518T135808,9.0378,41,A2,-0.240864,2.000000,0
20230509T130346,20230518T135808,9.0378,42,A2,-0.099772,0.080997,1
20230509T130346,20230518T135808,9.0378,43,A2,0.138126,0.425355,0
20230509T130346,20230518T135808,9.0378,44,A2,0.281359,0.796388,1
20230509T130346,20230518T135808,9.0378,45,A2,-0.180887,0.413340,1
20230509T130346,20230518T135808,9.0378,46,A2,0.099867,0.837752,1
20230509T130346,20230518T135808,9.0378,47,A2,0.805157,0.644589,1
20230509T130346,20230518T135808,9.0378,48,A2,-0.276155,0.336635,0
20230509T130346,20230518T135808,9.0378,49,A2,-0.207466,0.030377,1
20230509T130346,20230518T135808,9.0378,50,A2,0.191530,0.465627,0
20230509T130346,20230518T135808,9.0378,51,A2,-0.247688,0.344267,0
20230509T130346,20230518T135808,9.0378,52,A2,0.177812,0.808947,1
20230509T130346,20230518T135808,9.0378,53,A2,0.098124,0.162856,1
20230509T130346,20230518T135808,9.0378,54,A2,-0.379088,0.023777,0
20230509T130346,20230518T135808,9.0378,55,A2,0.149209,0.667407,0
20230509T130346,20230518T135808,9.0378,56,A2,0.021689,0.017663,1
20230509T130346,20230518T135808,9.0378,57,A2,-0.110532,0.075466,1
20230509T130346,20230518T135808,9.0378,58,A2,0.005518,0.114898,0
20230509T130346,20230518T135808,9.0378,59,A2,0.501885,0.501017,1
20230509T130346,20230518T135808,9.0378,60,A2,0.005274,0.376951,1
20230509T130346,20230518T135808,9.0378,61,A2,0.348884,1.415965,0
20230509T130346,20230518T135808,9.0378,62,A2,0.340585,1.219513,0
20230509T130346,20230518T135808,9.0378,63,A2,0.718025,0.660800,1
20230509T130346,20230518T135808,9.0378,64,A2,0.113259,1.011022,0
20230509T130346,20230518T135808,9.0378,65,A3,-0.295708,0.155615,1
20230509T130346,20230518T135808,9.0378,67,A3,0.307745,1.201697,0
20230509T130346,20230518T135808,9.0378,69,A3,0.332355,2.000000,0
20230509T130346,20230518T135808,9.0378,70,A3,0.464413,0.386403,1
20230509T130346,20230518T135808,9.0378,71,A3,0.781293,2.000000,0
20230509T130346,20230518T135808,9.0378,72,A3,0.077181,0.033633,1
20230509T130346,20230518T135808,9.0378,74,A3,0.186721,1.043692,0
20230509T130346,20230518T135808,9.0378,75,A3,0.659414,0.676839,1
20230509T130346,20230518T135808,9.0378,77,A3,0.694806,0.880734,1
20230509T130346,20230518T135808,9.0378,78,A3,0.281329,0.247894,1
20230509T130346,20230518T135808,9.0378,79,A3,0.255616,0.764818,1
20230509T130346,20230518T135808,9.0378,80,A3,0.513795,1.192529,0
20230509T130346,20230518T135808,9.0378,81,A3,0.591262,0.271776,0
20230509T130346,20230518T135808,9.0378,82,A3,0.627468,0.590251,1
20230509T130346,20230518T135808,9.0378,83,A3,0.378194,2.000000,0
20230509T130346,20230518T135808,9.0378,84,A3,0.336051,1.001831,0
20230509T130346,20230518T135808,9.0378,85,A3,0.721915,0.000000,1
20230509T130346,20230518T135808,9.0378,86,A3,0.175191,0.881816,1
20230509T130346,20230518T135808,9.0378,87,A3,0.359296,1.885845,0
20230509T130346,20230518T135808,9.0378,88,A3,0.669671,1.117294,0
20230509T130346,20230518T135808,9.0378,89,A3,0.126770,0.214647,0
20230509T130346,20230518T135808,9.0378,90,A3,-0.054713,0.024154,0
20230509T130346,20230518T135808,9.0378,92,A3,0.096889,1.060887,0
20230509T130346,20230518T135808,9.0378,93,A3,0.439988,0.151623,1
20230509T130346,20230518T135808,9.0378,94,A3,0.122411,0.777749,1
20230509T130346,20230518T135808,9.0378,95,A3,0.400498,0.585162,1
20230509T130346,20230518T135808,9.0378,96,A3,-0.028731,0.139720,0
20230509T130346,20230518T135808,9.0378,97,A4,-0.112304,1.016659,0
20230509T130346,20230518T135808,9.0378,98,A4,0.223984,0.994687,1
20230509T130346,20230518T135808,9.0378,99,A4,0.011657,0.115980,0
20230509T130346,20230518T135808,9.0378,100,A4,-0.368384,0.043825,1
20230509T130346,20230518T135808,9.0378,101,A4,0.170038,0.614328,1
20230509T130346,20230518T135808,9.0378,102,A4,-0.503672,0.278992,1
20230509T130346,20230518T135808,9.0378,103,A4,0.140468,0.030502,1
20230509T130346,20230518T135808,9.0378,104,A4,-0.043249,0.124809,0
20230509T130346,20230518T135808,9.0378,105,A4,0.337046,0.363080,1
20230509T130346,20230518T135808,9.0378,106,A4,-0.109971,0.180130,1
20230509T130346,20230518T135808,9.0378,107,A4,0.128744,0.147308,0
20230509T130346,20230518T135808,9.0378,108,A4,0.095897,0.178258,0
20230509T130346,20230518T135808,9.0378,109,A4,0.063476,0.089828,0
20230509T130346,20230518T135808,9.0378,111,A4,0.031184,0.446243,1
20230509T130346,20230518T135808,9.0378,112,A4,0.041983,0.264379,0
20230509T130346,20230518T135808,9.0378,113,A4,0.193565,1.024898,0
20230509T130346,20230518T135808,9.0378,114,A4,-0.321893,1.335042,0
20230509T130346,20230518T135808,9.0378,115,A4,0.011653,0.122384,1
20230509T130346,20230518T135808,9.0378,116,A4,0.432033,0.162683,1
20230509T130346,20230518T135808,9.0378,117,A4,-0.171932,1.582980,0
20230509T130346,20230518T135808,9.0378,118,A4,-0.005273,0.079538,0
20230509T130346,20230518T135808,9.0378,119,A4,0.126315,0.199885,0
20230509T130346,20230518T135808,9.0378,120,A4,-0.034353,0.046407,1
20230509T130346,20230518T135808,9.0378,121,A4,0.245272,0.570806,0
20230509T130346,20230518T135808,9.0378,122,A4,0.469992,0.972260,0
20230509T130346,20230518T135808,9.0378,124,A4,-0.194651,0.215427,0
20230509T130346,20230518T135808,9.0378,125,A4,-0.123209,0.095584,1
20230509T130346,20230518T135808,9.0378,126,A4,-0.152520,0.133023,0
20230509T130346,20230518T135808,9.0378,128,A4,0.150803,0.426653,0
20230509T130346,20230518T135808,9.0378,129,A5,0.172743,0.384372,0
20230509T130346,20230518T135808,9.0378,130,A5,0.231444,0.071975,1
20230509T130346,20230518T135808,9.0378,132,A5,0.179136,1.171617,0
20230509T130346,20230518T135808,9.0378,133,A5,-0.172993,0.443445,1
20230509T130346,20230518T135808,9.0378,134,A5,0.410083,0.169354,1
20230509T130346,20230518T135808,9.0378,135,A5,0.220838,0.647397,1
20230509T130346,20230518T135808,9.0378,137,A5,-0.010681,0.804170,1
20230509T130346,20230518T135808,9.0378,138,A5,0.660346,0.390131,1
20230509T130346,20230518T135808,9.0378,142,A5,0.197285,0.602606,0
20230509T130346,20230518T135808,9.0378,143,A5,-0.135907,0.804646,1
20230509T130346,20230518T135808,9.0378,145,A5,-0.449614,0.716296,1
20230509T130346,20230518T135808,9.0378,146,A5,0.483424,0.752731,1
20230509T130346,20230518T135808,9.0378,147,A5,0.388734,1.121413,0
20230509T130346,20230518T135808,9.0378,148,A5,0.127025,0.563185,1
20230509T130346,20230518T135808,9.0378,149,A5,0.068191,0.437554,1
20230509T130346,20230518T135808,9.0378,150,A5,0.139006,0.262679,0
20230509T130346,20230518T135808,9.0378,151,A5,0.239581,0.313234,0
20230509T130346,20230518T135808,9.0378,152,A5,0.117303,1.074907,0
20230509T130346,20230518T135808,9.0378,153,A5,0.228218,0.680678,0
20230509T130346,20230518T135808,9.0378,155,A5,0.037393,0.222364,0
20230509T130346,20230518T135808,9.0378,157,A5,0.167028,0.441163,0
20230509T130346,20230518T135808,9.0378,158,A5,-0.159618,0.130107,1
20230509T130346,20230518T135808,9.0378,159,A5,0.345875,0.931836,1
20230509T130346,20230518T135808,9.0378,160,A5,0.217774,0.200040,0
20230509T130346,20230523T145755,14.0793,1,A1,-0.116958,0.535067,1
20230509T130346,20230523T145755,14.0793,3,A1,-0.037793,0.953671,1
20230509T130346,20230523T145755,14.0793,4,A1,0.224778,0.063748,0
20230509T130346,20230523T145755,14.0793,5,A1,-0.184101,0.505265,1
20230509T130346,20230523T145755,14.0793,6,A1,-0.304769,0.228973,0
20230509T130346,20230523T145755,14.0793,7,A1,-0.029406,0.873965,1
20230509T130346,20230523T145755,14.0793,8,A1,-0.022610,0.756770,1
20230509T130346,20230523T145755,14.0793,9,A1,0.289672,0.222948,1
20230509T130346,20230523T145755,14.0793,10,A1,0.107632,1.067680,0
20230509T130346,20230523T145755,14.0793,11,A1,0.502448,0.668226,1
20230509T130346,20230523T145755,14.0793,12,A1,0.459312,1.326769,0
20230509T130346,20230523T145755,14.0793,13,A1,0.206395,0.178675,1
20230509T130346,20230523T145755,14.0793,14,A1,0.133514,0.298465,1
20230509T130346,20230523T145755,14.0793,15,A1,-0.064943,2.000000,0
20230509T130346,20230523T145755,14.0793,16,A1,0.218718,0.510374,1
20230509T130346,20230523T145755,14.0793,17,A1,-0.254208,1.406578,0
20230509T130346,20230523T145755,14.0793,18,A1,0.085435,1.285058,0
20230509T130346,20230523T145755,14.0793,19,A1,0.299582,0.501942,1
20230509T130346,20230523T145755,14.0793,20,A1,-0.162222,2.000000,0
20230509T130346,20230523T145755,14.0793,21,A1,0.070464,1.596937,0
20230509T130346,20230523T145755,14.0793,22,A1,0.438646,0.091436,1
20230509T130346,20230523T145755,14.0793,23,A1,-0.174814,1.219301,0
20230509T130346,20230523T145755,14.0793,24,A1,-0.007000,2.000000,0
20230509T130346,20230523T145755,14.0793,25,A1,0.548340,0.000000,1
20230509T130346,20230523T145755,14.0793,26,A1,0.302271,0.346683,1
20230509T130346,20230523T145755,14.0793,27,A1,-0.065152,2.000000,0
20230509T130346,20230523T145755,14.0793,28,A1,0.161495,0.155888,1
20230509T130346,20230523T145755,14.0793,29,A1,-0.417267,0.939202,1
20230509T130346,20230523T145755,14.0793,30,A1,0.371067,0.000000,1
20230509T130346,20230523T145755,14.0793,31,A1,0.179872,0.811140,0
20230509T130346,20230523T145755,14.0793,32,A1,0.651849,0.000000,1
20230509T130346,20230523T145755,14.0793,33,A2,-0.192622,0.659719,1
20230509T130346,20230523T145755,14.0793,37,A2,0.205714,0.316871,1
20230509T130346,20230523T145755,14.0793,38,A2,0.687857,0.071727,1
20230509T130346,20230523T145755,14.0793,39,A2,-0.056306,1.327928,0
20230509T130346,20230523T145755,14.0793,40,A2,0.190235,1.597750,0
20230509T130346,20230523T145755,14.0793,41,A2,0.098954,1.332963,0
20230509T130346,20230523T145755,14.0793,42,A2,0.016845,0.091213,0
20230509T130346,20230523T145755,14.0793,43,A2,0.208660,0.161974,1
20230509T130346,20230523T145755,14.0793,44,A2,-0.060419,1.120221,0
20230509T130346,20230523T145755,14.0793,45,A2,0.344848,0.084564,1
20230509T130346,20230523T145755,14.0793,46,A2,0.136536,0.435535,1
20230509T130346,20230523T145755,14.0793,47,A2,0.592061,0.644589,1
20230509T130346,20230523T145755,14.0793,48,A2,0.025637,0.166442,0
20230509T130346,20230523T145755,14.0793,49,A2,-0.118331,0.116447,0
20230509T130346,20230523T145755,14.0793,50,A2,0.064933,0.226686,0
20230509T130346,20230523T145755,14.0793,51,A2,0.246386,0.111852,1
20230509T130346,20230523T145755,14.0793,52,A2,0.410293,0.753588,1
20230509T130346,20230523T145755,14.0793,53,A2,0.022981,0.497043,0
20230509T130346,20230523T145755,14.0793,54,A2,-0.301798,0.159521,1
20230509T130346,20230523T145755,14.0793,55,A2,0.039376,1.654585,0
20230509T130346,20230523T145755,14.0793,56,A2,0.083519,0.008619,1
20230509T130346,20230523T145755,14.0793,57,A2,-0.232592,1.014311,0
20230509T130346,20230523T145755,14.0793,58,A2,0.232256,0.115375,1
20230509T130346,20230523T145755,14.0793,59,A2,0.337420,0.464412,1
20230509T130346,20230523T145755,14.0793,60,A2,0.408446,0.640491,0
20230509T130346,20230523T145755,14.0793,61,A2,0.439042,1.483109,0
20230509T130346,20230523T145755,14.0793,62,A2,0.450032,1.074875,0
20230509T130346,20230523T145755,14.0793,63,A2,0.250414,0.067598,1
20230509T130346,20230523T145755,14.0793,64,A2,0.191339,1.011022,0
20230509T130346,20230523T145755,14.0793,65,A3,-0.285085,0.106652,0
20230509T130346,20230523T145755,14.0793,66,A3,0.670115,1.014123,0
20230509T130346,20230523T145755,14.0793,67,A3,0.501270,1.201697,0
20230509T130346,20230523T145755,14.0793,68,A3,0.406906,0.657655,1
20230509T130346,20230523T145755,14.0793,69,A3,-0.008443,0.996363,1
20230509T130346,20230523T145755,14.0793,70,A3,0.465193,0.834068,1
20230509T130346,20230523T145755,14.0793,71,A3,0.618609,1.254206,0
20230509T130346,20230523T145755,14.0793,72,A3,0.434116,0.131645,0
20230509T130346,20230523T145755,14.0793,73,A3,-0.143315,0.051493,0
20230509T130346,20230523T145755,14.0793,75,A3,0.013266,0.689434,1
20230509T130346,20230523T145755,14.0793,76,A3,0.444954,0.924560,1
20230509T130346,20230523T145755,14.0793,77,A3,0.737814,0.011613,1
20230509T130346,20230523T145755,14.0793,78,A3,0.448293,0.360030,1
20230509T130346,20230523T145755,14.0793,79,A3,0.243429,0.228135,1
20230509T130346,20230523T145755,14.0793,80,A3,0.483235,0.014723,1
20230509T130346,20230523T145755,14.0793,81,A3,0.813501,0.489626,0
20230509T130346,20230523T145755,14.0793,82,A3,-0.138705,0.303231,1
20230509T130346,20230523T145755,14.0793,83,A3,0.125617,0.924535,1
20230509T130346,20230523T145755,14.0793,84,A3,-0.079964,0.951692,1
20230509T130346,20230523T145755,14.0793,85,A3,0.777621,0.045858,1
20230509T130346,20230523T145755,14.0793,87,A3,0.563513,2.000000,0
20230509T130346,20230523T145755,14.0793,88,A3,-0.021758,1.080907,0
20230509T130346,20230523T145755,14.0793,89,A3,-0.162010,0.016811,1
20230509T130346,20230523T145755,14.0793,90,A3,0.188569,0.006735,0
20230509T130346,20230523T145755,14.0793,91,A3,0.067456,0.082439,0
20230509T130346,20230523T145755,14.0793,93,A3,0.423566,0.063667,1
20230509T130346,20230523T145755,14.0793,94,A3,0.270837,0.705983,1
20230509T130346,20230523T145755,14.0793,95,A3,-0.104783,1.194040,0
20230509T130346,20230523T145755,14.0793,96,A3,-0.088307,0.960892,1
20230509T130346,20230523T145755,14.0793,97,A4,0.034777,0.979480,1
20230509T130346,20230523T145755,14.0793,98,A4,0.335500,1.005313,0
20230509T130346,20230523T145755,14.0793,99,A4,0.321760,0.036219,1
20230509T130346,20230523T145755,14.0793,100,A4,0.038212,0.165808,0
20230509T130346,20230523T145755,14.0793,102,A4,0.260854,0.333101,1
20230509T130346,20230523T145755,14.0793,103,A4,-0.159440,0.988622,1
20230509T130346,20230523T145755,14.0793,104,A4,0.156902,0.091763,1
20230509T130346,20230523T145755,14.0793,105,A4,0.610152,0.321423,1
20230509T130346,20230523T145755,14.0793,106,A4,0.024676,0.034793,1
20230509T130346,20230523T145755,14.0793,107,A4,0.149765,0.485482,1
20230509T130346,20230523T145755,14.0793,108,A4,-0.068090,0.034228,1
20230509T130346,20230523T145755,14.0793,109,A4,-0.004635,0.113877,1
20230509T130346,20230523T145755,14.0793,111,A4,-0.109318,0.446770,1
20230509T130346,20230523T145755,14.0793,112,A4,-0.209612,0.159832,1
20230509T130346,20230523T145755,14.0793,113,A4,-0.249214,1.037695,0
20230509T130346,20230523T145755,14.0793,114,A4,-0.073806,0.939446,0
20230509T130346,20230523T145755,14.0793,115,A4,0.313812,0.116861,1
20230509T130346,20230523T145755,14.0793,116,A4,-0.160433,0.395950,0
20230509T130346,20230523T145755,14.0793,117,A4,0.159241,1.017548,0
20230509T130346,20230523T145755,14.0793,118,A4,-0.344535,0.019807,1
20230509T130346,20230523T145755,14.0793,119,A4,0.157129,0.060889,0
20230509T130346,20230523T145755,14.0793,121,A4,0.427505,1.025803,0
20230509T130346,20230523T145755,14.0793,122,A4,0.654894,0.222266,1
20230509T130346,20230523T145755,14.0793,124,A4,0.130493,0.701699,1
20230509T130346,20230523T145755,14.0793,125,A4,-0.068381,0.792970,0
20230509T130346,20230523T145755,14.0793,126,A4,0.154372,0.312650,0
20230509T130346,20230523T145755,14.0793,127,A4,-0.094019,0.142422,0
20230509T130346,20230523T145755,14.0793,128,A4,0.105345,0.208431,1
20230509T130346,20230523T145755,14.0793,129,A5,0.246740,0.091437,1
20230509T130346,20230523T145755,14.0793,130,A5,0.268112,0.267578,1
20230509T130346,20230523T145755,14.0793,131,A5,0.024313,0.132014,1
20230509T130346,20230523T145755,14.0793,132,A5,-0.014848,1.047625,0
20230509T130346,20230523T145755,14.0793,133,A5,0.151194,1.064798,0
20230509T130346,20230523T145755,14.0793,134,A5,0.244785,0.376775,1
20230509T130346,20230523T145755,14.0793,135,A5,0.136487,0.369429,1
20230509T130346,20230523T145755,14.0793,136,A5,0.064252,0.319289,0
20230509T130346,20230523T145755,14.0793,137,A5,-0.084841,0.878887,1
20230509T130346,20230523T145755,14.0793,138,A5,0.507025,0.348004,1
20230509T130346,20230523T145755,14.0793,142,A5,0.354459,0.415497,0
20230509T130346,20230523T145755,14.0793,143,A5,0.218758,0.000000,1
20230509T130346,20230523T145755,14.0793,144,A5,0.199051,0.473504,1
20230509T130346,20230523T145755,14.0793,145,A5,-0.018663,1.961820,0
20230509T130346,20230523T145755,14.0793,146,A5,0.702719,0.080368,1
20230509T130346,20230523T145755,14.0793,147,A5,0.406457,0.284599,0
20230509T130346,20230523T145755,14.0793,148,A5,0.339517,0.222639,1
20230509T130346,20230523T145755,14.0793,149,A5,-0.172385,0.646740,0
20230509T130346,20230523T145755,14.0793,150,A5,0.278473,0.262285,1
20230509T130346,20230523T145755,14.0793,151,A5,0.296142,0.098289,1
20230509T130346,20230523T145755,14.0793,152,A5,-0.059182,0.851102,0
20230509T130346,20230523T145755,14.0793,153,A5,0.064124,0.359979,0
20230509T130346,20230523T145755,14.0793,155,A5,0.167741,0.121560,1
20230509T130346,20230523T145755,14.0793,157,A5,-0.286287,0.192809,0
20230509T130346,20230523T145755,14.0793,158,A5,-0.246171,0.350040,0
20230509T130346,20230523T145755,14.0793,159,A5,0.090393,1.054208,0
20230509T130346,20230523T145755,14.0793,160,A5,-0.170167,0.229591,0
20230509T130346,20230525T103049,15.8938,1,A1,0.374467,0.995431,0
20230509T130346,20230525T103049,15.8938,3,A1,0.369002,0.050446,0
20230509T130346,20230525T103049,15.8938,4,A1,0.325296,0.150302,0
20230509T130346,20230525T103049,15.8938,5,A1,-0.192033,0.921752,0
20230509T130346,20230525T103049,15.8938,6,A1,0.141144,0.218060,1
20230509T130346,20230525T103049,15.8938,7,A1,0.158662,0.058697,1
20230509T130346,20230525T103049,15.8938,8,A1,0.251622,0.681190,1
20230509T130346,20230525T103049,15.8938,9,A1,0.741207,0.341494,1
20230509T130346,20230525T103049,15.8938,10,A1,0.148031,0.461233,1
20230509T130346,20230525T103049,15.8938,11,A1,0.724064,0.000000,1
20230509T130346,20230525T103049,15.8938,12,A1,0.381926,0.507647,1
20230509T130346,20230525T103049,15.8938,13,A1,0.561508,0.477490,1
20230509T130346,20230525T103049,15.8938,14,A1,0.318895,0.410940,1
20230509T130346,20230525T103049,15.8938,15,A1,0.331972,0.000000,1
20230509T130346,20230525T103049,15.8938,16,A1,0.272618,0.510374,1
20230509T130346,20230525T103049,15.8938,17,A1,0.270493,0.000000,1
20230509T130346,20230525T103049,15.8938,18,A1,0.158890,0.294145,1
20230509T130346,20230525T103049,15.8938,19,A1,0.172463,0.478465,1
20230509T130346,20230525T103049,15.8938,20,A1,-0.373356,1.527198,0
20230509T130346,20230525T103049,15.8938,21,A1,0.434326,0.947370,1
20230509T130346,20230525T103049,15.8938,22,A1,0.256126,0.439282,0
20230509T130346,20230525T103049,15.8938,23,A1,0.178366,0.909765,1
20230509T130346,20230525T103049,15.8938,24,A1,0.280461,0.829435,1
20230509T130346,20230525T103049,15.8938,25,A1,0.788801,0.336521,1
20230509T130346,20230525T103049,15.8938,26,A1,0.146443,0.507711,0
20230509T130346,20230525T103049,15.8938,27,A1,0.508431,0.291870,1
20230509T130346,20230525T103049,15.8938,28,A1,-0.125954,0.203834,1
20230509T130346,20230525T103049,15.8938,29,A1,-0.410192,0.882482,1
20230509T130346,20230525T103049,15.8938,30,A1,0.803390,0.000000,1
20230509T130346,20230525T103049,15.8938,31,A1,0.193510,0.880834,0
20230509T130346,20230525T103049,15.8938,32,A1,0.442922,0.891147,1
20230509T130346,20230525T103049,15.8938,33,A2,0.052183,0.320594,1
20230509T130346,20230525T103049,15.8938,35,A2,0.076981,0.341175,1
20230509T130346,20230525T103049,15.8938,36,A2,0.081018,0.081554,1
20230509T130346,20230525T103049,15.8938,37,A2,-0.036841,0.044223,0
20230509T130346,20230525T103049,15.8938,38,A2,0.803267,0.071727,1
20230509T130346,20230525T103049,15.8938,39,A2,0.320665,0.962722,1
20230509T130346,20230525T103049,15.8938,40,A2,-0.088698,0.141592,1
20230509T130346,20230525T103049,15.8938,41,A2,0.027138,1.228366,0
20230509T130346,20230525T103049,15.8938,42,A2,-0.186070,0.917650,1
20230509T130346,20230525T103049,15.8938,43,A2,0.549665,0.118937,1
20230509T130346,20230525T103049,15.8938,44,A2,-0.228860,0.000000,1
20230509T130346,20230525T103049,15.8938,45,A2,0.431622,1.270458,0
20230509T130346,20230525T103049,15.8938,46,A2,0.379375,0.837752,1
20230509T130346,20230525T103049,15.8938,47,A2,0.766220,0.644589,1
20230509T130346,20230525T103049,15.8938,48,A2,-0.085295,0.965446,1
20230509T130346,20230525T103049,15.8938,49,A2,-0.112203,0.026561,1
20230509T130346,20230525T103049,15.8938,50,A2,-0.173439,0.100454,1
20230509T130346,20230525T103049,15.8938,51,A2,-0.065320,0.017745,1
20230509T130346,20230525T103049,15.8938,52,A2,0.178576,0.905587,1
20230509T130346,20230525T103049,15.8938,53,A2,-0.063820,0.231224,1
20230509T130346,20230525T103049,15.8938,54,A2,0.051532,0.563221,0
20230509T130346,20230525T103049,15.8938,55,A2,-0.095481,0.649476,1
20230509T130346,20230525T103049,15.8938,56,A2,-0.048730,0.219569,1
20230509T130346,20230525T103049,15.8938,57,A2,0.149892,1.435217,0
20230509T130346,20230525T103049,15.8938,58,A2,-0.017392,0.669912,0
20230509T130346,20230525T103049,15.8938,59,A2,0.555217,0.415874,1
20230509T130346,20230525T103049,15.8938,60,A2,0.128216,0.445837,1
20230509T130346,20230525T103049,15.8938,61,A2,0.475154,0.858124,1
20230509T130346,20230525T103049,15.8938,62,A2,0.364212,1.501937,0
20230509T130346,20230525T103049,15.8938,63,A2,0.041783,0.769637,1
20230509T130346,20230525T103049,15.8938,64,A2,0.070548,1.011022,0
20230509T130346,20230525T103049,15.8938,65,A3,-0.116697,0.949003,1
20230509T130346,20230525T103049,15.8938,66,A3,0.105131,1.019373,0
20230509T130346,20230525T103049,15.8938,67,A3,0.309055,0.747526,0
20230509T130346,20230525T103049,15.8938,68,A3,0.517350,0.073925,1
20230509T130346,20230525T103049,15.8938,69,A3,0.150892,0.788001,1
20230509T130346,20230525T103049,15.8938,70,A3,0.561154,0.508224,1
20230509T130346,20230525T103049,15.8938,71,A3,0.739575,1.206971,0
20230509T130346,20230525T103049,15.8938,72,A3,0.279360,0.259947,0
20230509T130346,20230525T103049,15.8938,75,A3,0.164751,0.532793,1
20230509T130346,20230525T103049,15.8938,76,A3,0.736932,1.025834,0
20230509T130346,20230525T103049,15.8938,77,A3,0.380229,0.871532,1
20230509T130346,20230525T103049,15.8938,78,A3,0.619480,0.374413,1
20230509T130346,20230525T103049,15.8938,79,A3,0.081108,0.255043,0
20230509T130346,20230525T103049,15.8938,80,A3,0.264943,0.327552,0
20230509T130346,20230525T103049,15.8938,81,A3,0.245796,0.036659,1
20230509T130346,20230525T103049,15.8938,82,A3,0.059630,0.922645,1
20230509T130346,20230525T103049,15.8938,83,A3,-0.248648,1.074167,0
20230509T130346,20230525T103049,15.8938,84,A3,-0.150379,0.960556,1
20230509T130346,20230525T103049,15.8938,85,A3,0.613696,0.000000,1
20230509T130346,20230525T103049,15.8938,87,A3,0.532212,1.389749,0
20230509T130346,20230525T103049,15.8938,88,A3,-0.119928,1.839565,0
20230509T130346,20230525T103049,15.8938,89,A3,0.194230,0.882615,1
20230509T130346,20230525T103049,15.8938,90,A3,-0.093746,0.092647,0
20230509T130346,20230525T103049,15.8938,91,A3,0.109610,0.006763,1
20230509T130346,20230525T103049,15.8938,93,A3,0.523791,0.175893,1
20230509T130346,20230525T103049,15.8938,94,A3,0.575152,1.363378,0
20230509T130346,20230525T103049,15.8938,95,A3,-0.410294,1.622280,0
20230509T130346,20230525T103049,15.8938,96,A3,-0.092480,0.340177,0
20230509T130346,20230525T103049,15.8938,97,A4,-0.086497,0.905279,1
20230509T130346,20230525T103049,15.8938,98,A4,-0.008215,0.551126,0
20230509T130346,20230525T103049,15.8938,99,A4,0.152903,1.106578,0
20230509T130346,20230525T103049,15.8938,100,A4,-0.325298,0.249666,0
20230509T130346,20230525T103049,15.8938,102,A4,-0.165806,0.490113,1
20230509T130346,20230525T103049,15.8938,103,A4,-0.006184,0.128552,1
20230509T130346,20230525T103049,15.8938,104,A4,0.140803,0.121301,1
20230509T130346,20230525T103049,15.8938,106,A4,0.136412,0.111034,1
20230509T130346,20230525T103049,15.8938,107,A4,-0.133974,0.379619,0
20230509T130346,20230525T103049,15.8938,108,A4,0.019717,0.466871,0
20230509T130346,20230525T103049,15.8938,109,A4,0.078960,0.207219,0
20230509T130346,20230525T103049,15.8938,110,A4,0.098808,0.185898,1
20230509T130346,20230525T103049,15.8938,111,A4,0.184757,0.446770,1
20230509T130346,20230525T103049,15.8938,112,A4,-0.152068,0.321718,1
20230509T130346,20230525T103049,15.8938,114,A4,-0.009631,0.300074,1
20230509T130346,20230525T103049,15.8938,115,A4,-0.295485,0.194496,0
20230509T130346,20230525T103049,15.8938,116,A4,0.125427,0.209809,1
20230509T130346,20230525T103049,15.8938,117,A4,0.010947,1.649114,0
20230509T130346,20230525T103049,15.8938,118,A4,-0.106673,0.047699,0
20230509T130346,20230525T103049,15.8938,119,A4,0.002005,0.522348,0
20230509T130346,20230525T103049,15.8938,120,A4,0.152630,0.111806,0
20230509T130346,20230525T103049,15.8938,121,A4,-0.124452,0.192285,1
20230509T130346,20230525T103049,15.8938,122,A4,0.560134,1.422799,0
20230509T130346,20230525T103049,15.8938,125,A4,-0.123838,0.453191,0
20230509T130346,20230525T103049,15.8938,126,A4,-0.154576,0.191953,1
20230509T130346,20230525T103049,15.8938,127,A4,-0.126176,0.141364,0
20230509T130346,20230525T103049,15.8938,128,A4,0.076005,0.086600,0
20230509T130346,20230525T103049,15.8938,129,A5,-0.059458,0.422314,1
20230509T130346,20230525T103049,15.8938,130,A5,0.269366,0.038142,1
20230509T130346,20230525T103049,15.8938,132,A5,-0.199815,2.000000,0
20230509T130346,20230525T103049,15.8938,133,A5,-0.064377,0.000000,1
20230509T130346,20230525T103049,15.8938,134,A5,0.289020,0.802898,1
20230509T130346,20230525T103049,15.8938,135,A5,0.336390,0.307215,1
20230509T130346,20230525T103049,15.8938,136,A5,0.181904,0.151718,1
20230509T130346,20230525T103049,15.8938,137,A5,0.676240,0.000000,1
20230509T130346,20230525T103049,15.8938,138,A5,0.711578,0.524893,0
20230509T130346,20230525T103049,15.8938,140,A5,-0.007374,0.152659,0
20230509T130346,20230525T103049,15.8938,142,A5,0.201790,0.089161,1
20230509T130346,20230525T103049,15.8938,143,A5,0.209513,0.180793,1
20230509T130346,20230525T103049,15.8938,144,A5,-0.048914,0.639539,0
20230509T130346,20230525T103049,15.8938,145,A5,-0.042189,0.779480,1
20230509T130346,20230525T103049,15.8938,146,A5,0.611409,0.407938,0
20230509T130346,20230525T103049,15.8938,147,A5,0.338242,0.320317,0
20230509T130346,20230525T103049,15.8938,148,A5,0.502043,0.423719,1
20230509T130346,20230525T103049,15.8938,149,A5,-0.039481,0.708672,0
20230509T130346,20230525T103049,15.8938,150,A5,-0.068312,0.212671,0
20230509T130346,20230525T103049,15.8938,151,A5,0.153706,0.084626,1
20230509T130346,20230525T103049,15.8938,152,A5,0.238735,1.036339,0
20230509T130346,20230525T103049,15.8938,153,A5,0.163294,0.059570,1
20230509T130346,20230525T103049,15.8938,155,A5,0.119273,0.440086,0
20230509T130346,20230525T103049,15.8938,156,A5,0.082918,0.139576,1
20230509T130346,20230525T103049,15.8938,157,A5,-0.026234,0.020935,0
20230509T130346,20230525T103049,15.8938,158,A5,0.093437,1.216544,0
20230509T130346,20230525T103049,15.8938,159,A5,-0.131311,1.166863,0
20230509T130346,20230525T103049,15.8938,160,A5,0.363730,1.170996,0
20230509T130346,20230622T111856,43.9272,1,A1,0.554548,0.777760,1
20230509T130346,20230622T111856,43.9272,2,A1,0.186641,0.057977,1
20230509T130346,20230622T111856,43.9272,3,A1,-0.105865,0.001324,1
20230509T130346,20230622T111856,43.9272,4,A1,-0.147219,0.011760,1
20230509T130346,20230622T111856,43.9272,6,A1,0.224058,0.217036,1
20230509T130346,20230622T111856,43.9272,8,A1,-0.383107,0.241236,1
20230509T130346,20230622T111856,43.9272,9,A1,0.648393,0.879956,1
20230509T130346,20230622T111856,43.9272,10,A1,0.255629,0.156335,1
20230509T130346,20230622T111856,43.9272,11,A1,0.687578,0.406666,1
20230509T130346,20230622T111856,43.9272,12,A1,0.408611,0.507647,1
20230509T130346,20230622T111856,43.9272,13,A1,0.350393,0.689757,1
20230509T130346,20230622T111856,43.9272,14,A1,-0.187980,0.552698,0
20230509T130346,20230622T111856,43.9272,15,A1,0.235629,0.382607,1
20230509T130346,20230622T111856,43.9272,17,A1,0.566340,0.779199,1
20230509T130346,20230622T111856,43.9272,18,A1,0.666509,0.462720,1
20230509T130346,20230622T111856,43.9272,19,A1,0.370420,0.360872,1
20230509T130346,20230622T111856,43.9272,20,A1,-0.109498,0.990417,1
20230509T130346,20230622T111856,43.9272,21,A1,0.547090,0.824048,1
20230509T130346,20230622T111856,43.9272,22,A1,0.801548,0.316466,0
20230509T130346,20230622T111856,43.9272,23,A1,0.655406,0.129065,1
20230509T130346,20230622T111856,43.9272,24,A1,-0.152888,1.118962,0
20230509T130346,20230622T111856,43.9272,25,A1,0.304838,0.000000,1
20230509T130346,20230622T111856,43.9272,26,A1,0.291029,0.341882,1
20230509T130346,20230622T111856,43.9272,27,A1,0.611506,0.974588,1
20230509T130346,20230622T111856,43.9272,28,A1,0.372827,0.106272,1
20230509T130346,20230622T111856,43.9272,29,A1,-0.321708,0.932601,1
20230509T130346,20230622T111856,43.9272,30,A1,0.531407,0.000000,1
20230509T130346,20230622T111856,43.9272,31,A1,0.270314,0.047691,1
20230509T130346,20230622T111856,43.9272,32,A1,0.678835,0.000000,1
20230509T130346,20230622T111856,43.9272,33,A2,0.068520,0.877908,0
20230509T130346,20230622T111856,43.9272,34,A2,0.101177,0.047953,0
20230509T130346,20230622T111856,43.9272,35,A2,-0.008702,0.533840,0
20230509T130346,20230622T111856,43.9272,36,A2,-0.047343,0.199689,1
20230509T130346,20230622T111856,43.9272,37,A2,0.115457,0.044563,0
20230509T130346,20230622T111856,43.9272,39,A2,-0.021299,0.000000,1
20230509T130346,20230622T111856,43.9272,40,A2,-0.124019,0.545526,1
20230509T130346,20230622T111856,43.9272,41,A2,0.584824,0.551776,1
20230509T130346,20230622T111856,43.9272,42,A2,-0.015249,0.160351,1
20230509T130346,20230622T111856,43.9272,43,A2,0.390720,0.051473,1
20230509T130346,20230622T111856,43.9272,44,A2,0.256535,0.000000,1
20230509T130346,20230622T111856,43.9272,45,A2,-0.020640,1.270458,0
20230509T130346,20230622T111856,43.9272,46,A2,0.017183,0.837752,1
20230509T130346,20230622T111856,43.9272,47,A2,0.730399,0.644589,1
20230509T130346,20230622T111856,43.9272,48,A2,0.100497,0.076548,1
20230509T130346,20230622T111856,43.9272,49,A2,-0.266451,0.139952,0
20230509T130346,20230622T111856,43.9272,50,A2,-0.043427,0.102707,1
20230509T130346,20230622T111856,43.9272,51,A2,-0.086299,0.167687,0
20230509T130346,20230622T111856,43.9272,52,A2,-0.092154,0.423130,0
20230509T130346,20230622T111856,43.9272,53,A2,-0.139752,0.202188,1
20230509T130346,20230622T111856,43.9272,54,A2,0.043676,0.410726,1
20230509T130346,20230622T111856,43.9272,55,A2,-0.071780,0.040137,1
20230509T130346,20230622T111856,43.9272,57,A2,0.042412,0.991443,1
20230509T130346,20230622T111856,43.9272,58,A2,-0.090456,0.203216,0
20230509T130346,20230622T111856,43.9272,59,A2,-0.118285,0.498036,1
20230509T130346,20230622T111856,43.9272,60,A2,0.449793,0.514857,1
20230509T130346,20230622T111856,43.9272,61,A2,0.393115,0.421556,1
20230509T130346,20230622T111856,43.9272,62,A2,0.319015,1.046650,0
20230509T130346,20230622T111856,43.9272,63,A2,0.217679,0.000000,1
20230509T130346,20230622T111856,43.9272,64,A2,0.203159,0.357248,0
20230509T130346,20230622T111856,43.9272,65,A3,0.162445,1.050997,0
20230509T130346,20230622T111856,43.9272,66,A3,0.592294,0.904982,1
20230509T130346,20230622T111856,43.9272,67,A3,0.539180,0.284992,0
20230509T130346,20230622T111856,43.9272,68,A3,0.710186,0.112740,1
20230509T130346,20230622T111856,43.9272,69,A3,0.389594,0.973154,1
20230509T130346,20230622T111856,43.9272,70,A3,0.684657,0.000000,1
20230509T130346,20230622T111856,43.9272,71,A3,0.702435,1.464941,0
20230509T130346,20230622T111856,43.9272,72,A3,0.335241,0.195097,1
20230509T130346,20230622T111856,43.9272,73,A3,-0.188006,0.186245,1
20230509T130346,20230622T111856,43.9272,74,A3,0.063164,0.056666,0
20230509T130346,20230622T111856,43.9272,75,A3,0.529630,1.011909,0
20230509T130346,20230622T111856,43.9272,76,A3,0.562673,1.412744,0
20230509T130346,20230622T111856,43.9272,77,A3,0.820301,0.127091,0
20230509T130346,20230622T111856,43.9272,78,A3,0.554895,0.143014,0
20230509T130346,20230622T111856,43.9272,79,A3,0.263190,0.267575,0
20230509T130346,20230622T111856,43.9272,80,A3,0.286869,0.777659,0
20230509T130346,20230622T111856,43.9272,81,A3,0.419207,0.049416,1
20230509T130346,20230622T111856,43.9272,82,A3,0.330137,0.510849,1
20230509T130346,20230622T111856,43.9272,83,A3,0.510117,1.135163,0
20230509T130346,20230622T111856,43.9272,84,A3,-0.323327,1.118392,0
20230509T130346,20230622T111856,43.9272,85,A3,0.767112,0.766437,1
20230509T130346,20230622T111856,43.9272,86,A3,-0.241468,0.000000,1
20230509T130346,20230622T111856,43.9272,87,A3,0.384729,1.227343,0
20230509T130346,20230622T111856,43.9272,88,A3,0.069862,1.223465,0
20230509T130346,20230622T111856,43.9272,89,A3,0.355009,0.258414,0
20230509T130346,20230622T111856,43.9272,90,A3,-0.009142,0.016834,0
20230509T130346,20230622T111856,43.9272,91,A3,0.260703,0.203269,0
20230509T130346,20230622T111856,43.9272,93,A3,0.483339,0.092608,1
20230509T130346,20230622T111856,43.9272,94,A3,-0.051732,1.958093,0
20230509T130346,20230622T111856,43.9272,95,A3,0.102235,0.743964,1
20230509T130346,20230622T111856,43.9272,96,A3,-0.108420,0.071771,1
20230509T130346,20230622T111856,43.9272,97,A4,0.557344,0.888215,1
20230509T130346,20230622T111856,43.9272,98,A4,0.051977,0.005383,1
20230509T130346,20230622T111856,43.9272,99,A4,0.066875,0.114267,0
20230509T130346,20230622T111856,43.9272,100,A4,0.255463,0.236808,1
20230509T130346,20230622T111856,43.9272,101,A4,0.031378,0.849858,0
20230509T130346,20230622T111856,43.9272,102,A4,-0.146122,0.523399,0
20230509T130346,20230622T111856,43.9272,103,A4,0.211246,0.156845,0
20230509T130346,20230622T111856,43.9272,104,A4,0.020962,0.303751,0
20230509T130346,20230622T111856,43.9272,105,A4,0.483080,0.534534,0
20230509T130346,20230622T111856,43.9272,106,A4,-0.009499,0.131627,0
20230509T130346,20230622T111856,43.9272,107,A4,-0.031576,0.332371,0
20230509T130346,20230622T111856,43.9272,108,A4,-0.186534,0.230136,0
20230509T130346,20230622T111856,43.9272,109,A4,-0.182151,0.187987,0
20230509T130346,20230622T111856,43.9272,110,A4,0.184374,0.122281,1
20230509T130346,20230622T111856,43.9272,111,A4,0.150221,0.446770,1
20230509T130346,20230622T111856,43.9272,112,A4,0.152502,0.280954,0
20230509T130346,20230622T111856,43.9272,113,A4,0.062977,0.991722,1
20230509T130346,20230622T111856,43.9272,114,A4,-0.008548,0.310862,1
20230509T130346,20230622T111856,43.9272,115,A4,0.319297,0.089392,1
20230509T130346,20230622T111856,43.9272,116,A4,-0.108851,1.325269,0
20230509T130346,20230622T111856,43.9272,118,A4,-0.213279,0.178677,0
20230509T130346,20230622T111856,43.9272,119,A4,0.001663,0.239647,0
20230509T130346,20230622T111856,43.9272,120,A4,0.268447,0.652671,0
20230509T130346,20230622T111856,43.9272,121,A4,0.291807,0.460135,0
20230509T130346,20230622T111856,43.9272,122,A4,-0.076001,1.274631,0
20230509T130346,20230622T111856,43.9272,124,A4,0.015516,0.155085,0
20230509T130346,20230622T111856,43.9272,125,A4,-0.292366,0.375532,0
20230509T130346,20230622T111856,43.9272,126,A4,0.318773,0.138754,1
20230509T130346,20230622T111856,43.9272,127,A4,-0.122997,0.314594,0
20230509T130346,20230622T111856,43.9272,128,A4,-0.185206,0.000649,1
20230509T130346,20230622T111856,43.9272,130,A5,0.361855,0.098848,1
20230509T130346,20230622T111856,43.9272,131,A5,-0.275000,0.136140,1
20230509T130346,20230622T111856,43.9272,132,A5,-0.102812,1.042238,0
20230509T130346,20230622T111856,43.9272,133,A5,-0.023657,0.828615,1
20230509T130346,20230622T111856,43.9272,134,A5,0.576274,0.958938,0
20230509T130346,20230622T111856,43.9272,135,A5,-0.221075,1.352603,0
20230509T130346,20230622T111856,43.9272,136,A5,0.131972,0.051013,1
20230509T130346,20230622T111856,43.9272,137,A5,0.250028,1.008449,0
20230509T130346,20230622T111856,43.9272,138,A5,0.419869,0.502307,0
20230509T130346,20230622T111856,43.9272,139,A5,-0.074903,1.185734,0
20230509T130346,20230622T111856,43.9272,140,A5,0.385215,0.853581,1
20230509T130346,20230622T111856,43.9272,141,A5,0.126138,0.498540,1
20230509T130346,20230622T111856,43.9272,142,A5,0.594619,0.390683,0
20230509T130346,20230622T111856,43.9272,143,A5,0.126539,0.765756,1
20230509T130346,20230622T111856,43.9272,144,A5,0.135668,0.527629,0
20230509T130346,20230622T111856,43.9272,145,A5,-0.156494,0.480277,1
20230509T130346,20230622T111856,43.9272,146,A5,0.289726,0.026462,1
20230509T130346,20230622T111856,43.9272,147,A5,0.593606,0.276368,0
20230509T130346,20230622T111856,43.9272,148,A5,0.322148,0.120390,1
20230509T130346,20230622T111856,43.9272,149,A5,-0.066377,1.238206,0
20230509T130346,20230622T111856,43.9272,150,A5,0.072820,0.160203,1
20230509T130346,20230622T111856,43.9272,151,A5,-0.338197,0.218151,0
20230509T130346,20230622T111856,43.9272,152,A5,0.098366,0.173908,1
20230509T130346,20230622T111856,43.9272,153,A5,-0.017375,0.339447,1
20230509T130346,20230622T111856,43.9272,154,A5,0.021263,0.688472,0
20230509T130346,20230622T111856,43.9272,155,A5,0.041378,1.166814,0
20230509T130346,20230622T111856,43.9272,156,A5,0.284681,0.246924,0
20230509T130346,20230622T111856,43.9272,157,A5,0.024939,0.007166,1
20230509T130346,20230622T111856,43.9272,158,A5,-0.003834,0.079898,1
20230509T130346,20230622T111856,43.9272,159,A5,-0.048556,1.110093,0
20230509T130346,20230622T111856,43.9272,160,A5,0.137933,0.829004,1
20230509T130346,20230703T122644,54.9743,1,A1,0.304990,0.738069,1
20230509T130346,20230703T122644,54.9743,3,A1,-0.176157,1.046329,0
20230509T130346,20230703T122644,54.9743,4,A1,-0.096026,0.064367,0
20230509T130346,20230703T122644,54.9743,6,A1,-0.204563,0.182619,1
20230509T130346,20230703T122644,54.9743,9,A1,0.042689,1.018094,0
20230509T130346,20230703T122644,54.9743,10,A1,0.322817,0.203538,0
20230509T130346,20230703T122644,54.9743,11,A1,0.145990,0.862200,1
20230509T130346,20230703T122644,54.9743,12,A1,0.197354,0.042465,1
20230509T130346,20230703T122644,54.9743,13,A1,0.358016,0.285339,1
20230509T130346,20230703T122644,54.9743,14,A1,0.097474,0.494279,0
20230509T130346,20230703T122644,54.9743,15,A1,-0.035917,2.000000,0
20230509T130346,20230703T122644,54.9743,17,A1,0.527265,1.050399,0
20230509T130346,20230703T122644,54.9743,18,A1,0.734377,0.653198,1
20230509T130346,20230703T122644,54.9743,19,A1,0.666357,1.515597,0
20230509T130346,20230703T122644,54.9743,21,A1,0.260648,1.071936,0
20230509T130346,20230703T122644,54.9743,22,A1,0.429302,1.213323,0
20230509T130346,20230703T122644,54.9743,23,A1,0.216340,1.038547,0
20230509T130346,20230703T122644,54.9743,24,A1,-0.146219,1.028835,0
20230509T130346,20230703T122644,54.9743,26,A1,0.033894,0.577879,0
20230509T130346,20230703T122644,54.9743,27,A1,0.125596,0.000000,1
20230509T130346,20230703T122644,54.9743,28,A1,-0.165488,0.300457,0
20230509T130346,20230703T122644,54.9743,29,A1,-0.226009,2.000000,0
20230509T130346,20230703T122644,54.9743,30,A1,0.360966,0.112497,1
20230509T130346,20230703T122644,54.9743,31,A1,-0.072972,0.620734,0
20230509T130346,20230703T122644,54.9743,32,A1,0.719446,0.000000,1
20230509T130346,20230703T122644,54.9743,33,A2,-0.162129,0.745978,1
20230509T130346,20230703T122644,54.9743,34,A2,-0.087779,0.082204,0
20230509T130346,20230703T122644,54.9743,35,A2,-0.005089,0.622273,0
20230509T130346,20230703T122644,54.9743,36,A2,0.134555,0.741431,0
20230509T130346,20230703T122644,54.9743,37,A2,-0.107801,1.034985,0
20230509T130346,20230703T122644,54.9743,39,A2,-0.093964,1.486717,0
20230509T130346,20230703T122644,54.9743,40,A2,0.109147,0.511336,1
20230509T130346,20230703T122644,54.9743,41,A2,0.439437,0.960780,1
20230509T130346,20230703T122644,54.9743,42,A2,-0.205996,1.082350,0
20230509T130346,20230703T122644,54.9743,43,A2,0.138813,0.006482,1
20230509T130346,20230703T122644,54.9743,44,A2,-0.017080,1.031279,0
20230509T130346,20230703T122644,54.9743,45,A2,0.307738,0.254908,1
20230509T130346,20230703T122644,54.9743,46,A2,-0.020633,0.375091,1
20230509T130346,20230703T122644,54.9743,47,A2,0.548882,0.323445,1
20230509T130346,20230703T122644,54.9743,49,A2,0.008783,0.466088,0
20230509T130346,20230703T122644,54.9743,50,A2,0.104366,0.023902,1
20230509T130346,20230703T122644,54.9743,51,A2,0.166700,0.559112,0
20230509T130346,20230703T122644,54.9743,52,A2,-0.163258,0.905587,1
20230509T130346,20230703T122644,54.9743,53,A2,-0.340594,0.608632,0
20230509T130346,20230703T122644,54.9743,55,A2,0.091729,0.345415,1
20230509T130346,20230703T122644,54.9743,57,A2,-0.063657,1.201433,0
20230509T130346,20230703T122644,54.9743,58,A2,0.059796,0.530475,1
20230509T130346,20230703T122644,54.9743,59,A2,0.003678,0.532910,1
20230509T130346,20230703T122644,54.9743,60,A2,0.227670,0.445837,1
20230509T130346,20230703T122644,54.9743,62,A2,0.012938,1.285096,0
20230509T130346,20230703T122644,54.9743,63,A2,0.656297,0.000000,1
20230509T130346,20230703T122644,54.9743,64,A2,0.135117,0.494302,0
20230509T130346,20230703T122644,54.9743,65,A3,-0.111347,0.201928,0
20230509T130346,20230703T122644,54.9743,66,A3,-0.228493,1.029673,0
20230509T130346,20230703T122644,54.9743,68,A3,0.615657,0.657655,1
20230509T130346,20230703T122644,54.9743,69,A3,0.457360,0.833293,1
20230509T130346,20230703T122644,54.9743,70,A3,0.527517,0.902684,1
20230509T130346,20230703T122644,54.9743,72,A3,0.167482,0.136108,0
20230509T130346,20230703T122644,54.9743,73,A3,-0.046542,0.968024,1
20230509T130346,20230703T122644,54.9743,74,A3,0.222085,0.196377,0
20230509T130346,20230703T122644,54.9743,75,A3,0.077707,0.352726,1
20230509T130346,20230703T122644,54.9743,76,A3,0.318039,0.895044,1
20230509T130346,20230703T122644,54.9743,77,A3,0.873257,0.392606,0
20230509T130346,20230703T122644,54.9743,78,A3,-0.510691,0.007282,1
20230509T130346,20230703T122644,54.9743,79,A3,0.211914,0.366536,1
20230509T130346,20230703T122644,54.9743,80,A3,0.139857,0.448130,0
20230509T130346,20230703T122644,54.9743,81,A3,-0.122811,0.913199,1
20230509T130346,20230703T122644,54.9743,82,A3,0.327071,0.922645,1
20230509T130346,20230703T122644,54.9743,84,A3,0.160434,0.865586,1
20230509T130346,20230703T122644,54.9743,85,A3,0.242968,0.223546,1
20230509T130346,20230703T122644,54.9743,86,A3,0.201730,0.852875,1
20230509T130346,20230703T122644,54.9743,87,A3,0.053964,1.095380,0
20230509T130346,20230703T122644,54.9743,88,A3,0.510722,0.881577,1
20230509T130346,20230703T122644,54.9743,89,A3,0.224497,0.050544,1
20230509T130346,20230703T122644,54.9743,90,A3,0.249713,0.014437,1
20230509T130346,20230703T122644,54.9743,91,A3,0.219137,0.153560,0
20230509T130346,20230703T122644,54.9743,93,A3,0.100950,0.247950,0
20230509T130346,20230703T122644,54.9743,94,A3,-0.097446,1.096302,0
20230509T130346,20230703T122644,54.9743,95,A3,-0.312362,0.861148,1
20230509T130346,20230703T122644,54.9743,97,A4,0.079367,1.135294,0
20230509T130346,20230703T122644,54.9743,98,A4,-0.139734,0.054065,0
20230509T130346,20230703T122644,54.9743,99,A4,0.082781,0.062419,1
20230509T130346,20230703T122644,54.9743,100,A4,0.076697,0.058347,1
20230509T130346,20230703T122644,54.9743,101,A4,-0.179944,0.641325,0
20230509T130346,20230703T122644,54.9743,102,A4,-0.410490,1.094588,0
20230509T130346,20230703T122644,54.9743,103,A4,-0.052240,0.306032,0
20230509T130346,20230703T122644,54.9743,104,A4,0.034666,0.095165,1
20230509T130346,20230703T122644,54.9743,105,A4,0.124612,0.213182,1
20230509T130346,20230703T122644,54.9743,106,A4,0.001069,0.369686,0
20230509T130346,20230703T122644,54.9743,107,A4,-0.007827,0.058088,1
20230509T130346,20230703T122644,54.9743,108,A4,0.012419,0.207768,0
20230509T130346,20230703T122644,54.9743,109,A4,-0.264750,0.230246,1
20230509T130346,20230703T122644,54.9743,110,A4,-0.012086,1.071135,0
20230509T130346,20230703T122644,54.9743,111,A4,0.033824,1.250536,0
20230509T130346,20230703T122644,54.9743,112,A4,-0.119449,0.208062,1
20230509T130346,20230703T122644,54.9743,114,A4,0.267436,0.341732,0
20230509T130346,20230703T122644,54.9743,116,A4,-0.008310,0.420633,0
20230509T130346,20230703T122644,54.9743,117,A4,-0.037144,0.933077,1
20230509T130346,20230703T122644,54.9743,118,A4,0.344622,0.179970,1
20230509T130346,20230703T122644,54.9743,119,A4,0.063550,0.151047,0
20230509T130346,20230703T122644,54.9743,121,A4,0.023761,1.055348,0
20230509T130346,20230703T122644,54.9743,122,A4,0.278797,1.777734,0
20230509T130346,20230703T122644,54.9743,124,A4,0.037646,0.166436,0
20230509T130346,20230703T122644,54.9743,125,A4,0.051737,0.286782,1
20230509T130346,20230703T122644,54.9743,126,A4,0.086202,0.743584,0
20230509T130346,20230703T122644,54.9743,127,A4,-0.222279,0.116385,0
20230509T130346,20230703T122644,54.9743,128,A4,-0.229981,0.036475,1
20230509T130346,20230703T122644,54.9743,130,A5,0.095371,0.097918,1
20230509T130346,20230703T122644,54.9743,132,A5,0.451765,0.478059,1
20230509T130346,20230703T122644,54.9743,133,A5,0.210989,2.000000,0
20230509T130346,20230703T122644,54.9743,134,A5,0.365248,0.138327,1
20230509T130346,20230703T122644,54.9743,135,A5,-0.135775,0.095838,1
20230509T130346,20230703T122644,54.9743,136,A5,-0.054581,0.210858,1
20230509T130346,20230703T122644,54.9743,137,A5,0.342751,0.714787,1
20230509T130346,20230703T122644,54.9743,138,A5,0.485495,0.210650,1
20230509T130346,20230703T122644,54.9743,139,A5,-0.032144,1.522350,0
20230509T130346,20230703T122644,54.9743,140,A5,0.036342,0.126478,1
20230509T130346,20230703T122644,54.9743,141,A5,0.446867,0.046459,1
20230509T130346,20230703T122644,54.9743,142,A5,0.204407,0.880695,0
20230509T130346,20230703T122644,54.9743,143,A5,0.096714,2.000000,0
20230509T130346,20230703T122644,54.9743,144,A5,0.116689,0.627501,0
20230509T130346,20230703T122644,54.9743,145,A5,0.051894,0.668377,1
20230509T130346,20230703T122644,54.9743,146,A5,0.425118,0.024564,1
20230509T130346,20230703T122644,54.9743,147,A5,0.466612,0.713724,0
20230509T130346,20230703T122644,54.9743,149,A5,-0.053098,0.447559,1
20230509T130346,20230703T122644,54.9743,150,A5,0.157990,0.310079,0
20230509T130346,20230703T122644,54.9743,151,A5,0.095702,0.008793,1
20230509T130346,20230703T122644,54.9743,152,A5,0.156216,1.234093,0
20230509T130346,20230703T122644,54.9743,153,A5,0.234079,0.019334,1
20230509T130346,20230703T122644,54.9743,154,A5,0.045826,1.652200,0
20230509T130346,20230703T122644,54.9743,155,A5,-0.150667,0.105222,1
20230509T130346,20230703T122644,54.9743,156,A5,-0.040566,0.280416,1
20230509T130346,20230703T122644,54.9743,157,A5,0.161162,0.371345,0
20230509T130346,20230703T122644,54.9743,158,A5,-0.341930,0.144668,1
20230509T130346,20230703T122644,54.9743,159,A5,-0.230637,2.000000,0
20230509T130346,20230703T122644,54.9743,160,A5,0.058072,0.276003,0
20230511T142916,20230518T135808,6.9784,1,A1,0.287689,0.221834,0
20230511T142916,20230518T135808,6.9784,3,A1,0.131959,0.131727,1
20230511T142916,20230518T135808,6.9784,4,A1,0.071137,0.199463,0
20230511T142916,20230518T135808,6.9784,6,A1,0.013558,0.004095,1
20230511T142916,20230518T135808,6.9784,7,A1,-0.279032,0.529052,1
20230511T142916,20230518T135808,6.9784,8,A1,0.006155,0.252763,1
20230511T142916,20230518T135808,6.9784,9,A1,0.347288,0.301999,1
20230511T142916,20230518T135808,6.9784,10,A1,0.092241,1.166099,0
20230511T142916,20230518T135808,6.9784,11,A1,0.501812,0.157885,1
20230511T142916,20230518T135808,6.9784,12,A1,0.359359,0.244000,0
20230511T142916,20230518T135808,6.9784,13,A1,-0.012497,0.296139,0
20230511T142916,20230518T135808,6.9784,14,A1,0.021845,0.406623,0
20230511T142916,20230518T135808,6.9784,15,A1,0.574183,1.029123,0
20230511T142916,20230518T135808,6.9784,16,A1,0.708043,1.009803,0
20230511T142916,20230518T135808,6.9784,17,A1,-0.007534,0.320422,0
20230511T142916,20230518T135808,6.9784,18,A1,-0.338481,1.141733,0
20230511T142916,20230518T135808,6.9784,19,A1,0.547544,0.129467,0
20230511T142916,20230518T135808,6.9784,20,A1,0.220571,0.428900,1
20230511T142916,20230518T135808,6.9784,21,A1,0.798303,1.192007,0
20230511T142916,20230518T135808,6.9784,22,A1,0.340168,0.537083,1
20230511T142916,20230518T135808,6.9784,23,A1,-0.006717,0.331357,1
20230511T142916,20230518T135808,6.9784,24,A1,-0.171938,1.374873,0
20230511T142916,20230518T135808,6.9784,25,A1,0.401123,0.413791,1
20230511T142916,20230518T135808,6.9784,26,A1,0.213977,0.326766,0
20230511T142916,20230518T135808,6.9784,27,A1,0.326010,0.000000,1
20230511T142916,20230518T135808,6.9784,28,A1,-0.072749,0.594637,1
20230511T142916,20230518T135808,6.9784,29,A1,-0.394004,0.005335,1
20230511T142916,20230518T135808,6.9784,30,A1,0.094491,0.430648,1
20230511T142916,20230518T135808,6.9784,31,A1,0.181158,0.536962,1
20230511T142916,20230518T135808,6.9784,32,A1,0.386746,0.000000,1
20230511T142916,20230518T135808,6.9784,33,A2,0.164197,0.100512,1
20230511T142916,20230518T135808,6.9784,36,A2,-0.139923,0.597043,1
20230511T142916,20230518T135808,6.9784,37,A2,0.007753,0.018601,1
20230511T142916,20230518T135808,6.9784,38,A2,0.724406,0.686451,1
20230511T142916,20230518T135808,6.9784,39,A2,0.122671,0.668941,0
20230511T142916,20230518T135808,6.9784,40,A2,-0.323359,0.234468,0
20230511T142916,20230518T135808,6.9784,41,A2,-0.458123,0.315396,1
20230511T142916,20230518T135808,6.9784,42,A2,-0.006037,0.177520,0
20230511T142916,20230518T135808,6.9784,43,A2,0.010617,0.120830,1
20230511T142916,20230518T135808,6.9784,44,A2,0.088470,0.290351,0
20230511T142916,20230518T135808,6.9784,45,A2,-0.124131,0.912772,0
20230511T142916,20230518T135808,6.9784,46,A2,0.164802,1.787903,0
20230511T142916,20230518T135808,6.9784,47,A2,0.553191,0.959123,1
20230511T142916,20230518T135808,6.9784,48,A2,0.352318,0.697919,1
20230511T142916,20230518T135808,6.9784,49,A2,0.125735,1.010961,0
20230511T142916,20230518T135808,6.9784,50,A2,0.040075,0.461598,0
20230511T142916,20230518T135808,6.9784,51,A2,-0.069471,1.290674,0
20230511T142916,20230518T135808,6.9784,52,A2,0.126464,1.297389,0
20230511T142916,20230518T135808,6.9784,53,A2,0.242202,1.367702,0
20230511T142916,20230518T135808,6.9784,54,A2,0.146809,0.314568,1
20230511T142916,20230518T135808,6.9784,55,A2,-0.008266,0.353120,0
20230511T142916,20230518T135808,6.9784,57,A2,0.292791,0.075466,1
20230511T142916,20230518T135808,6.9784,58,A2,0.024799,1.013594,0
20230511T142916,20230518T135808,6.9784,59,A2,0.051924,0.104097,0
20230511T142916,20230518T135808,6.9784,60,A2,-0.164864,0.475278,0
20230511T142916,20230518T135808,6.9784,61,A2,0.062160,0.460074,0
20230511T142916,20230518T135808,6.9784,62,A2,0.319031,0.006689,1
20230511T142916,20230518T135808,6.9784,63,A2,0.658594,0.660800,1
20230511T142916,20230518T135808,6.9784,64,A2,0.593261,0.487290,1
20230511T142916,20230518T135808,6.9784,65,A3,-0.238129,0.793388,1
20230511T142916,20230518T135808,6.9784,69,A3,0.152516,1.130318,0
20230511T142916,20230518T135808,6.9784,70,A3,0.605444,0.444223,1
20230511T142916,20230518T135808,6.9784,71,A3,0.508829,2.000000,0
20230511T142916,20230518T135808,6.9784,72,A3,-0.039040,0.290896,0
20230511T142916,20230518T135808,6.9784,74,A3,0.099621,0.186615,1
20230511T142916,20230518T135808,6.9784,75,A3,0.487838,0.024669,1
20230511T142916,20230518T135808,6.9784,77,A3,0.585975,0.711386,1
20230511T142916,20230518T135808,6.9784,78,A3,0.156368,0.425562,0
20230511T142916,20230518T135808,6.9784,79,A3,-0.095595,1.032542,0
20230511T142916,20230518T135808,6.9784,80,A3,0.588271,1.059218,0
20230511T142916,20230518T135808,6.9784,81,A3,0.471606,0.187899,0
20230511T142916,20230518T135808,6.9784,82,A3,0.783390,0.758809,0
20230511T142916,20230518T135808,6.9784,83,A3,0.343576,1.121102,0
20230511T142916,20230518T135808,6.9784,84,A3,0.108972,0.155016,1
20230511T142916,20230518T135808,6.9784,85,A3,0.675548,0.000000,1
20230511T142916,20230518T135808,6.9784,86,A3,0.003204,0.583048,0
20230511T142916,20230518T135808,6.9784,87,A3,0.194739,1.705324,0
20230511T142916,20230518T135808,6.9784,88,A3,0.396364,0.342521,0
20230511T142916,20230518T135808,6.9784,89,A3,0.169282,0.595603,0
20230511T142916,20230518T135808,6.9784,90,A3,-0.026881,0.049209,0
20230511T142916,20230518T135808,6.9784,92,A3,0.102860,0.470145,0
20230511T142916,20230518T135808,6.9784,93,A3,0.452821,0.850993,0
20230511T142916,20230518T135808,6.9784,94,A3,0.011934,0.437780,1
20230511T142916,20230518T135808,6.9784,95,A3,0.478460,0.585162,1
20230511T142916,20230518T135808,6.9784,96,A3,0.031602,1.100613,0
20230511T142916,20230518T135808,6.9784,97,A4,-0.105092,0.013426,1
20230511T142916,20230518T135808,6.9784,98,A4,-0.168992,1.088478,0
20230511T142916,20230518T135808,6.9784,99,A4,-0.476315,0.015443,1
20230511T142916,20230518T135808,6.9784,100,A4,0.104037,0.186407,1
20230511T142916,20230518T135808,6.9784,101,A4,0.088458,0.001336,1
20230511T142916,20230518T135808,6.9784,103,A4,-0.126711,0.080449,0
20230511T142916,20230518T135808,6.9784,104,A4,0.170019,0.047313,0
20230511T142916,20230518T135808,6.9784,105,A4,0.048951,0.031289,0
20230511T142916,20230518T135808,6.9784,106,A4,-0.330731,0.011438,1
20230511T142916,20230518T135808,6.9784,107,A4,0.099681,0.260885,0
20230511T142916,20230518T135808,6.9784,108,A4,-0.102982,0.028396,1
20230511T142916,20230518T135808,6.9784,109,A4,0.246370,0.036305,1
20230511T142916,20230518T135808,6.9784,111,A4,0.037272,0.049311,1
20230511T142916,20230518T135808,6.9784,112,A4,-0.101151,0.205678,0
20230511T142916,20230518T135808,6.9784,114,A4,0.018795,0.897305,1
20230511T142916,20230518T135808,6.9784,116,A4,0.099455,0.716867,0
20230511T142916,20230518T135808,6.9784,117,A4,-0.036557,0.385799,1
20230511T142916,20230518T135808,6.9784,119,A4,-0.152859,0.128557,1
20230511T142916,20230518T135808,6.9784,121,A4,0.411053,0.046087,1
20230511T142916,20230518T135808,6.9784,122,A4,0.481682,0.350761,0
20230511T142916,20230518T135808,6.9784,123,A4,0.303928,0.593445,1
20230511T142916,20230518T135808,6.9784,124,A4,-0.078751,0.147070,0
20230511T142916,20230518T135808,6.9784,125,A4,0.111257,0.309651,0
20230511T142916,20230518T135808,6.9784,126,A4,0.032774,0.208628,1
20230511T142916,20230518T135808,6.9784,129,A5,0.174092,0.110593,0
20230511T142916,20230518T135808,6.9784,130,A5,0.261826,0.825803,1
20230511T142916,20230518T135808,6.9784,132,A5,0.190146,0.444101,0
20230511T142916,20230518T135808,6.9784,133,A5,-0.067409,0.793090,0
20230511T142916,20230518T135808,6.9784,134,A5,0.596469,0.307680,1
20230511T142916,20230518T135808,6.9784,135,A5,-0.030257,1.000332,0
20230511T142916,20230518T135808,6.9784,137,A5,0.256215,1.195830,0
20230511T142916,20230518T135808,6.9784,138,A5,0.526866,0.595988,0
20230511T142916,20230518T135808,6.9784,142,A5,0.439103,1.138390,0
20230511T142916,20230518T135808,6.9784,143,A5,0.149598,1.019590,0
20230511T142916,20230518T135808,6.9784,145,A5,-0.005885,0.716296,1
20230511T142916,20230518T135808,6.9784,146,A5,0.440521,1.552592,0
20230511T142916,20230518T135808,6.9784,147,A5,0.390136,0.518586,1
20230511T142916,20230518T135808,6.9784,148,A5,0.099162,0.395369,1
20230511T142916,20230518T135808,6.9784,149,A5,0.151266,0.487461,1
20230511T142916,20230518T135808,6.9784,150,A5,0.283513,0.238037,1
20230511T142916,20230518T135808,6.9784,151,A5,-0.064883,0.507311,1
20230511T142916,20230518T135808,6.9784,152,A5,0.147660,0.326699,0
20230511T142916,20230518T135808,6.9784,153,A5,0.031886,0.459566,0
20230511T142916,20230518T135808,6.9784,155,A5,-0.000820,0.075366,0
20230511T142916,20230518T135808,6.9784,157,A5,0.288843,0.509468,1
20230511T142916,20230518T135808,6.9784,158,A5,0.113235,0.026117,1
20230511T142916,20230518T135808,6.9784,159,A5,0.165842,0.150248,0
20230511T142916,20230523T145755,12.0199,1,A1,0.107431,0.589065,0
20230511T142916,20230523T145755,12.0199,3,A1,0.243741,0.867101,1
20230511T142916,20230523T145755,12.0199,4,A1,-0.106360,0.190770,0
20230511T142916,20230523T145755,12.0199,6,A1,-0.206087,0.018846,0
20230511T142916,20230523T145755,12.0199,7,A1,-0.187806,0.729130,0
20230511T142916,20230523T145755,12.0199,8,A1,-0.000009,0.830911,1
20230511T142916,20230523T145755,12.0199,9,A1,0.223264,0.682498,1
20230511T142916,20230523T145755,12.0199,10,A1,-0.204684,0.833901,1
20230511T142916,20230523T145755,12.0199,11,A1,0.435730,0.287665,1
20230511T142916,20230523T145755,12.0199,12,A1,0.455174,0.668432,1
20230511T142916,20230523T145755,12.0199,13,A1,0.124129,0.218688,0
20230511T142916,20230523T145755,12.0199,14,A1,0.270959,0.305669,0
20230511T142916,20230523T145755,12.0199,15,A1,0.414737,1.459674,0
20230511T142916,20230523T145755,12.0199,16,A1,0.470981,1.009803,0
20230511T142916,20230523T145755,12.0199,17,A1,0.077167,0.124099,1
20230511T142916,20230523T145755,12.0199,18,A1,-0.172209,0.437470,1
20230511T142916,20230523T145755,12.0199,19,A1,0.424042,0.091129,0
20230511T142916,20230523T145755,12.0199,20,A1,0.364077,0.000000,1
20230511T142916,20230523T145755,12.0199,21,A1,0.128471,0.404930,1
20230511T142916,20230523T145755,12.0199,22,A1,0.309911,0.158158,1
20230511T142916,20230523T145755,12.0199,23,A1,-0.078661,0.237593,0
20230511T142916,20230523T145755,12.0199,24,A1,0.198409,0.315619,1
20230511T142916,20230523T145755,12.0199,25,A1,0.497003,0.413791,1
20230511T142916,20230523T145755,12.0199,26,A1,0.395063,0.154328,0
20230511T142916,20230523T145755,12.0199,27,A1,0.109241,2.000000,0
20230511T142916,20230523T145755,12.0199,28,A1,0.234988,0.898223,1
20230511T142916,20230523T145755,12.0199,29,A1,-0.566837,0.180249,0
20230511T142916,20230523T145755,12.0199,30,A1,0.028384,0.430648,1
20230511T142916,20230523T145755,12.0199,31,A1,0.141891,0.791161,1
20230511T142916,20230523T145755,12.0199,32,A1,0.352067,0.000000,1
20230511T142916,20230523T145755,12.0199,33,A2,-0.257842,0.020169,1
20230511T142916,20230523T145755,12.0199,37,A2,0.009968,0.325882,1
20230511T142916,20230523T145755,12.0199,38,A2,0.783638,0.826169,1
20230511T142916,20230523T145755,12.0199,39,A2,0.108219,0.296139,1
20230511T142916,20230523T145755,12.0199,40,A2,-0.026493,1.117657,0
20230511T142916,20230523T145755,12.0199,41,A2,-0.035793,0.351641,1
20230511T142916,20230523T145755,12.0199,42,A2,-0.060726,0.167304,1
20230511T142916,20230523T145755,12.0199,43,A2,0.110404,0.384210,0
20230511T142916,20230523T145755,12.0199,44,A2,-0.028876,0.033482,1
20230511T142916,20230523T145755,12.0199,45,A2,0.248047,0.583996,0
20230511T142916,20230523T145755,12.0199,46,A2,0.124538,1.385686,0
20230511T142916,20230523T145755,12.0199,47,A2,0.463689,0.959123,1
20230511T142916,20230523T145755,12.0199,48,A2,0.016236,0.868112,1
20230511T142916,20230523T145755,12.0199,49,A2,-0.118972,0.924891,1
20230511T142916,20230523T145755,12.0199,50,A2,0.194187,0.222657,0
20230511T142916,20230523T145755,12.0199,51,A2,-0.011630,0.834555,1
20230511T142916,20230523T145755,12.0199,52,A2,0.351174,1.242030,0
20230511T142916,20230523T145755,12.0199,53,A2,0.200466,0.707803,1
20230511T142916,20230523T145755,12.0199,54,A2,0.168039,0.497866,0
20230511T142916,20230523T145755,12.0199,55,A2,0.345784,1.340297,0
20230511T142916,20230523T145755,12.0199,57,A2,-0.255730,1.014311,0
20230511T142916,20230523T145755,12.0199,58,A2,-0.250615,0.783321,1
20230511T142916,20230523T145755,12.0199,59,A2,0.492746,0.140702,0
20230511T142916,20230523T145755,12.0199,60,A2,0.124392,0.211737,1
20230511T142916,20230523T145755,12.0199,61,A2,0.220100,0.527218,0
20230511T142916,20230523T145755,12.0199,62,A2,0.187936,0.137949,1
20230511T142916,20230523T145755,12.0199,63,A2,0.376485,0.067598,1
20230511T142916,20230523T145755,12.0199,64,A2,0.691286,0.487290,1
20230511T142916,20230523T145755,12.0199,65,A3,-0.334630,1.055655,0
20230511T142916,20230523T145755,12.0199,66,A3,0.648763,0.193432,0
20230511T142916,20230523T145755,12.0199,68,A3,0.665894,0.775389,1
20230511T142916,20230523T145755,12.0199,69,A3,0.019689,0.126680,1
20230511T142916,20230523T145755,12.0199,70,A3,0.530718,0.003442,1
20230511T142916,20230523T145755,12.0199,71,A3,0.536842,1.254206,0
20230511T142916,20230523T145755,12.0199,72,A3,0.127593,0.125618,1
20230511T142916,20230523T145755,12.0199,73,A3,-0.012797,0.187808,0
20230511T142916,20230523T145755,12.0199,75,A3,-0.064673,0.037264,1
20230511T142916,20230523T145755,12.0199,76,A3,0.157019,1.075440,0
20230511T142916,20230523T145755,12.0199,77,A3,0.524124,0.180961,1
20230511T142916,20230523T145755,12.0199,78,A3,0.477022,0.537697,0
20230511T142916,20230523T145755,12.0199,79,A3,0.318865,0.039590,0
20230511T142916,20230523T145755,12.0199,80,A3,0.361384,0.118588,1
20230511T142916,20230523T145755,12.0199,81,A3,0.663261,0.405750,0
20230511T142916,20230523T145755,12.0199,82,A3,0.252966,0.471789,0
20230511T142916,20230523T145755,12.0199,83,A3,-0.036755,0.045637,1
20230511T142916,20230523T145755,12.0199,84,A3,0.094766,0.205155,0
20230511T142916,20230523T145755,12.0199,85,A3,0.856724,0.045858,1
20230511T142916,20230523T145755,12.0199,87,A3,0.392198,1.819478,0
20230511T142916,20230523T145755,12.0199,88,A3,-0.085206,0.306134,0
20230511T142916,20230523T145755,12.0199,89,A3,0.034428,0.397767,1
20230511T142916,20230523T145755,12.0199,90,A3,-0.250119,0.031791,0
20230511T142916,20230523T145755,12.0199,91,A3,-0.412823,0.332239,0
20230511T142916,20230523T145755,12.0199,93,A3,0.385851,0.635703,0
20230511T142916,20230523T145755,12.0199,94,A3,0.080162,0.366014,1
20230511T142916,20230523T145755,12.0199,95,A3,0.005483,1.194040,0
20230511T142916,20230523T145755,12.0199,96,A3,0.145092,0.000000,1
20230511T142916,20230523T145755,12.0199,97,A4,-0.121096,0.023752,0
20230511T142916,20230523T145755,12.0199,98,A4,0.239798,0.911522,1
20230511T142916,20230523T145755,12.0199,99,A4,-0.210027,0.095204,0
20230511T142916,20230523T145755,12.0199,100,A4,0.026526,0.308390,0
20230511T142916,20230523T145755,12.0199,103,A4,0.093553,1.038570,0
20230511T142916,20230523T145755,12.0199,104,A4,-0.172589,0.014267,1
20230511T142916,20230523T145755,12.0199,105,A4,0.271114,0.072946,0
20230511T142916,20230523T145755,12.0199,106,A4,0.029575,0.226362,1
20230511T142916,20230523T145755,12.0199,107,A4,0.236978,0.371905,1
20230511T142916,20230523T145755,12.0199,108,A4,-0.197770,0.240883,0
20230511T142916,20230523T145755,12.0199,109,A4,0.152088,0.167399,0
20230511T142916,20230523T145755,12.0199,111,A4,0.073738,0.843702,1
20230511T142916,20230523T145755,12.0199,112,A4,-0.202968,0.101130,1
20230511T142916,20230523T145755,12.0199,114,A4,-0.060604,0.501708,1
20230511T142916,20230523T145755,12.0199,116,A4,0.181790,0.158235,1
20230511T142916,20230523T145755,12.0199,117,A4,-0.120377,0.951231,1
20230511T142916,20230523T145755,12.0199,119,A4,-0.097608,0.010439,1
20230511T142916,20230523T145755,12.0199,121,A4,0.411881,0.501083,1
20230511T142916,20230523T145755,12.0199,122,A4,0.620843,0.843765,1
20230511T142916,20230523T145755,12.0199,123,A4,-0.381229,0.743636,0
20230511T142916,20230523T145755,12.0199,124,A4,0.098397,0.770055,1
20230511T142916,20230523T145755,12.0199,125,A4,-0.050952,0.387735,1
20230511T142916,20230523T145755,12.0199,126,A4,-0.115191,0.029001,1
20230511T142916,20230523T145755,12.0199,127,A4,0.407161,1.033188,0
20230511T142916,20230523T145755,12.0199,129,A5,0.114594,0.365216,1
20230511T142916,20230523T145755,12.0199,130,A5,0.460261,0.486249,1
20230511T142916,20230523T145755,12.0199,132,A5,-0.190230,0.320110,0
20230511T142916,20230523T145755,12.0199,133,A5,0.170010,0.171737,1
20230511T142916,20230523T145755,12.0199,134,A5,0.485455,0.515102,1
20230511T142916,20230523T145755,12.0199,135,A5,0.084614,0.722363,0
20230511T142916,20230523T145755,12.0199,136,A5,-0.300311,0.727900,0
20230511T142916,20230523T145755,12.0199,137,A5,0.007526,1.121113,0
20230511T142916,20230523T145755,12.0199,138,A5,0.413219,0.638115,0
20230511T142916,20230523T145755,12.0199,142,A5,0.185047,0.951280,0
20230511T142916,20230523T145755,12.0199,143,A5,-0.009490,1.824236,0
20230511T142916,20230523T145755,12.0199,144,A5,0.027884,0.058864,0
20230511T142916,20230523T145755,12.0199,145,A5,0.152584,1.961820,0
20230511T142916,20230523T145755,12.0199,146,A5,0.649716,0.880229,0
20230511T142916,20230523T145755,12.0199,147,A5,0.643765,0.318227,1
20230511T142916,20230523T145755,12.0199,148,A5,0.258471,0.054823,1
20230511T142916,20230523T145755,12.0199,149,A5,-0.231464,0.696647,0
20230511T142916,20230523T145755,12.0199,150,A5,-0.053760,0.763001,0
20230511T142916,20230523T145755,12.0199,151,A5,0.027071,0.918834,0
20230511T142916,20230523T145755,12.0199,152,A5,-0.001146,0.102894,0
20230511T142916,20230523T145755,12.0199,153,A5,0.025940,0.138866,0
20230511T142916,20230523T145755,12.0199,155,A5,-0.112009,0.025438,1
20230511T142916,20230523T145755,12.0199,157,A5,0.215054,0.757823,1
20230511T142916,20230523T145755,12.0199,158,A5,0.488582,0.246050,0
20230511T142916,20230523T145755,12.0199,159,A5,0.005429,0.027876,1
20230511T142916,20230525T103049,13.8344,1,A1,0.189162,0.128702,1
20230511T142916,20230525T103049,13.8344,3,A1,0.176877,0.137016,0
20230511T142916,20230525T103049,13.8344,4,A1,0.110713,0.277324,0
20230511T142916,20230525T103049,13.8344,6,A1,0.229953,0.007933,1
20230511T142916,20230525T103049,13.8344,7,A1,-0.097479,1.661792,0
20230511T142916,20230525T103049,13.8344,8,A1,0.193080,0.755332,1
20230511T142916,20230525T103049,13.8344,9,A1,0.243645,0.563953,1
20230511T142916,20230525T103049,13.8344,10,A1,-0.053092,0.695013,0
20230511T142916,20230525T103049,13.8344,11,A1,0.663723,0.380561,1
20230511T142916,20230525T103049,13.8344,12,A1,0.480573,1.165984,0
20230511T142916,20230525T103049,13.8344,13,A1,0.210693,0.874854,0
20230511T142916,20230525T103049,13.8344,14,A1,0.336938,0.193194,0
20230511T142916,20230525T103049,13.8344,15,A1,0.345298,0.540326,1
20230511T142916,20230525T103049,13.8344,16,A1,0.668835,1.009803,0
20230511T142916,20230525T103049,13.8344,17,A1,0.180748,1.282479,0
20230511T142916,20230525T103049,13.8344,18,A1,-0.010477,1.141733,0
20230511T142916,20230525T103049,13.8344,19,A1,-0.018339,0.114606,0
20230511T142916,20230525T103049,13.8344,20,A1,0.328176,0.472802,1
20230511T142916,20230525T103049,13.8344,21,A1,0.347408,0.244636,0
20230511T142916,20230525T103049,13.8344,22,A1,-0.032892,0.688876,0
20230511T142916,20230525T103049,13.8344,23,A1,0.059909,0.071943,1
20230511T142916,20230525T103049,13.8344,24,A1,-0.207602,0.854946,0
20230511T142916,20230525T103049,13.8344,25,A1,0.625070,0.077269,1
20230511T142916,20230525T103049,13.8344,26,A1,0.214974,0.006700,1
20230511T142916,20230525T103049,13.8344,27,A1,0.689535,0.291870,1
20230511T142916,20230525T103049,13.8344,28,A1,0.241247,0.946169,1
20230511T142916,20230525T103049,13.8344,29,A1,-0.433591,0.236969,0
20230511T142916,20230525T103049,13.8344,30,A1,0.064013,0.430648,1
20230511T142916,20230525T103049,13.8344,31,A1,-0.102611,0.721467,1
20230511T142916,20230525T103049,13.8344,32,A1,0.236220,0.891147,1
20230511T142916,20230525T103049,13.8344,33,A2,-0.223135,0.359294,1
20230511T142916,20230525T103049,13.8344,36,A2,0.116518,1.575931,0
20230511T142916,20230525T103049,13.8344,37,A2,0.211889,0.035212,0
20230511T142916,20230525T103049,13.8344,38,A2,0.753539,0.826169,1
20230511T142916,20230525T103049,13.8344,39,A2,0.210278,0.661345,0
20230511T142916,20230525T103049,13.8344,40,A2,-0.336571,0.338501,1
20230511T142916,20230525T103049,13.8344,41,A2,0.120641,0.456239,1
20230511T142916,20230525T103049,13.8344,42,A2,0.010348,1.176167,0
20230511T142916,20230525T103049,13.8344,43,A2,0.045648,0.427248,0
20230511T142916,20230525T103049,13.8344,44,A2,-0.420261,1.086739,0
20230511T142916,20230525T103049,13.8344,45,A2,0.324766,0.771025,1
20230511T142916,20230525T103049,13.8344,46,A2,0.069495,1.787903,0
20230511T142916,20230525T103049,13.8344,47,A2,0.610860,0.959123,1
20230511T142916,20230525T103049,13.8344,48,A2,0.151241,2.000000,0
20230511T142916,20230525T103049,13.8344,49,A2,-0.003441,1.014777,0
20230511T142916,20230525T103049,13.8344,50,A2,0.192460,0.104484,1
20230511T142916,20230525T103049,13.8344,51,A2,0.126461,0.928662,1
20230511T142916,20230525T103049,13.8344,52,A2,0.192998,1.394029,0
20230511T142916,20230525T103049,13.8344,53,A2,-0.146863,1.436070,0
20230511T142916,20230525T103049,13.8344,54,A2,-0.157787,0.224876,1
20230511T142916,20230525T103049,13.8344,55,A2,0.183639,0.335189,1
20230511T142916,20230525T103049,13.8344,57,A2,-0.370560,1.435217,0
20230511T142916,20230525T103049,13.8344,58,A2,-0.095889,1.568608,0
20230511T142916,20230525T103049,13.8344,59,A2,0.038418,1.020988,0
20230511T142916,20230525T103049,13.8344,60,A2,0.150697,1.298066,0
20230511T142916,20230525T103049,13.8344,61,A2,0.101422,0.097767,1
20230511T142916,20230525T103049,13.8344,62,A2,0.119153,0.289113,1
20230511T142916,20230525T103049,13.8344,63,A2,-0.087526,0.769637,1
20230511T142916,20230525T103049,13.8344,64,A2,0.635197,0.487290,1
20230511T142916,20230525T103049,13.8344,65,A3,-0.173142,0.000000,1
20230511T142916,20230525T103049,13.8344,66,A3,0.200995,0.198682,0
20230511T142916,20230525T103049,13.8344,68,A3,0.629744,0.191659,1
20230511T142916,20230525T103049,13.8344,69,A3,0.343482,0.081681,1
20230511T142916,20230525T103049,13.8344,70,A3,0.624189,0.322402,1
20230511T142916,20230525T103049,13.8344,71,A3,0.632195,1.206971,0
20230511T142916,20230525T103049,13.8344,72,A3,0.263455,0.002684,1
20230511T142916,20230525T103049,13.8344,75,A3,0.018525,0.119377,1
20230511T142916,20230525T103049,13.8344,76,A3,0.562110,0.974166,1
20230511T142916,20230525T103049,13.8344,77,A3,0.297351,0.702183,1
20230511T142916,20230525T103049,13.8344,78,A3,0.537910,0.552081,0
20230511T142916,20230525T103049,13.8344,79,A3,0.355971,0.012682,1
20230511T142916,20230525T103049,13.8344,80,A3,0.241449,0.194241,0
20230511T142916,20230525T103049,13.8344,81,A3,0.377454,0.047218,1
20230511T142916,20230525T103049,13.8344,82,A3,0.194149,1.091203,0
20230511T142916,20230525T103049,13.8344,83,A3,-0.079414,0.195270,0
20230511T142916,20230525T103049,13.8344,84,A3,-0.132054,0.196291,0
20230511T142916,20230525T103049,13.8344,85,A3,0.608342,0.000000,1
20230511T142916,20230525T103049,13.8344,87,A3,0.300744,1.209228,0
20230511T142916,20230525T103049,13.8344,88,A3,-0.047889,1.064792,0
20230511T142916,20230525T103049,13.8344,89,A3,-0.112726,0.501659,1
20230511T142916,20230525T103049,13.8344,90,A3,-0.029563,0.117703,0
20230511T142916,20230525T103049,13.8344,91,A3,0.044293,0.256564,1
20230511T142916,20230525T103049,13.8344,93,A3,0.533575,0.875263,0
20230511T142916,20230525T103049,13.8344,94,A3,0.242898,1.023409,0
20230511T142916,20230525T103049,13.8344,95,A3,-0.397658,1.622280,0
20230511T142916,20230525T103049,13.8344,96,A3,0.010434,1.301069,0
20230511T142916,20230525T103049,13.8344,97,A4,0.074306,0.097953,0
20230511T142916,20230525T103049,13.8344,98,A4,0.178084,0.457335,1
20230511T142916,20230525T103049,13.8344,99,A4,-0.299654,0.975155,1
20230511T142916,20230525T103049,13.8344,100,A4,-0.185295,0.392249,0
20230511T142916,20230525T103049,13.8344,103,A4,0.090942,0.178500,0
20230511T142916,20230525T103049,13.8344,104,A4,-0.104325,0.198797,1
20230511T142916,20230525T103049,13.8344,106,A4,0.301639,0.080535,1
20230511T142916,20230525T103049,13.8344,107,A4,0.232333,0.493196,0
20230511T142916,20230525T103049,13.8344,108,A4,0.071887,0.260217,1
20230511T142916,20230525T103049,13.8344,109,A4,0.156223,0.153697,1
20230511T142916,20230525T103049,13.8344,110,A4,0.157452,0.731523,0
20230511T142916,20230525T103049,13.8344,111,A4,-0.052198,0.843702,1
20230511T142916,20230525T103049,13.8344,112,A4,0.136710,0.380419,1
20230511T142916,20230525T103049,13.8344,114,A4,0.031866,0.137663,0
20230511T142916,20230525T103049,13.8344,116,A4,0.370995,0.763993,0
20230511T142916,20230525T103049,13.8344,117,A4,0.245218,0.319665,1
20230511T142916,20230525T103049,13.8344,119,A4,-0.198004,0.451020,1
20230511T142916,20230525T103049,13.8344,121,A4,0.036965,0.332435,0
20230511T142916,20230525T103049,13.8344,122,A4,0.410067,0.801299,0
20230511T142916,20230525T103049,13.8344,123,A4,0.191196,1.072600,0
20230511T142916,20230525T103049,13.8344,125,A4,-0.110184,0.047957,1
20230511T142916,20230525T103049,13.8344,126,A4,-0.101210,0.533604,0
20230511T142916,20230525T103049,13.8344,127,A4,0.113128,1.032131,0
20230511T142916,20230525T103049,13.8344,129,A5,0.092679,0.696093,1
20230511T142916,20230525T103049,13.8344,130,A5,0.158297,0.791970,1
20230511T142916,20230525T103049,13.8344,132,A5,-0.040001,1.272484,0
20230511T142916,20230525T103049,13.8344,133,A5,-0.058688,1.236535,0
20230511T142916,20230525T103049,13.8344,134,A5,0.407820,0.941224,1
20230511T142916,20230525T103049,13.8344,135,A5,0.270628,0.045719,0
20230511T142916,20230525T103049,13.8344,136,A5,0.035954,0.560329,1
20230511T142916,20230525T103049,13.8344,137,A5,0.042763,2.000000,0
20230511T142916,20230525T103049,13.8344,138,A5,0.261656,0.461227,1
20230511T142916,20230525T103049,13.8344,142,A5,0.412436,0.624944,1
20230511T142916,20230525T103049,13.8344,143,A5,0.037996,1.643443,0
20230511T142916,20230525T103049,13.8344,144,A5,-0.186576,0.107171,1
20230511T142916,20230525T103049,13.8344,145,A5,0.428064,0.779480,1
20230511T142916,20230525T103049,13.8344,146,A5,0.448582,0.391923,1
20230511T142916,20230525T103049,13.8344,147,A5,0.563708,0.282509,1
20230511T142916,20230525T103049,13.8344,148,A5,0.438227,0.255903,1
20230511T142916,20230525T103049,13.8344,149,A5,-0.370409,0.758579,0
20230511T142916,20230525T103049,13.8344,150,A5,0.134589,0.288045,1
20230511T142916,20230525T103049,13.8344,151,A5,-0.036015,0.905170,0
20230511T142916,20230525T103049,13.8344,152,A5,0.123096,0.288130,0
20230511T142916,20230525T103049,13.8344,153,A5,-0.120820,0.161543,1
20230511T142916,20230525T103049,13.8344,155,A5,-0.246003,0.293087,0
20230511T142916,20230525T103049,13.8344,157,A5,0.251453,0.929696,1
20230511T142916,20230525T103049,13.8344,158,A5,-0.071444,1.112554,0
20230511T142916,20230525T103049,13.8344,159,A5,0.037457,0.084779,1
20230511T142916,20230622T111856,41.8678,1,A1,0.224817,0.346373,0
20230511T142916,20230622T111856,41.8678,3,A1,-0.278580,0.087894,1
20230511T142916,20230622T111856,41.8678,4,A1,0.122096,0.138782,1
20230511T142916,20230622T111856,41.8678,6,A1,0.154453,0.006908,1
20230511T142916,20230622T111856,41.8678,8,A1,0.035567,0.167095,1
20230511T142916,20230622T111856,41.8678,9,A1,0.545288,0.025490,1
20230511T142916,20230622T111856,41.8678,10,A1,0.048178,0.390115,0
20230511T142916,20230622T111856,41.8678,11,A1,0.425279,0.026105,1
20230511T142916,20230622T111856,41.8678,12,A1,0.384649,1.165984,0
20230511T142916,20230622T111856,41.8678,13,A1,0.122352,1.087121,0
20230511T142916,20230622T111856,41.8678,14,A1,0.103024,0.051436,1
20230511T142916,20230622T111856,41.8678,15,A1,0.532503,0.157719,1
20230511T142916,20230622T111856,41.8678,17,A1,0.315289,0.503280,0
20230511T142916,20230622T111856,41.8678,18,A1,0.351454,0.384868,0
20230511T142916,20230622T111856,41.8678,19,A1,0.323595,0.232199,0
20230511T142916,20230622T111856,41.8678,20,A1,-0.080204,1.009583,0
20230511T142916,20230622T111856,41.8678,21,A1,0.587475,0.367958,0
20230511T142916,20230622T111856,41.8678,22,A1,0.591427,0.566060,0
20230511T142916,20230622T111856,41.8678,23,A1,0.391206,0.852643,1
20230511T142916,20230622T111856,41.8678,24,A1,0.025742,0.565419,1
20230511T142916,20230622T111856,41.8678,25,A1,0.237071,0.413791,1
20230511T142916,20230622T111856,41.8678,26,A1,0.321303,0.159129,0
20230511T142916,20230622T111856,41.8678,27,A1,0.461713,0.974588,1
20230511T142916,20230622T111856,41.8678,28,A1,0.047164,0.848607,1
20230511T142916,20230622T111856,41.8678,29,A1,-0.371172,0.186850,0
20230511T142916,20230622T111856,41.8678,30,A1,0.092383,0.430648,1
20230511T142916,20230622T111856,41.8678,31,A1,-0.067903,1.554610,0
20230511T142916,20230622T111856,41.8678,32,A1,0.173460,0.000000,1
20230511T142916,20230622T111856,41.8678,33,A2,-0.297093,0.198020,0
20230511T142916,20230622T111856,41.8678,34,A2,-0.002146,0.004898,1
20230511T142916,20230622T111856,41.8678,36,A2,0.066846,1.457796,0
20230511T142916,20230622T111856,41.8678,37,A2,-0.130460,0.035552,0
20230511T142916,20230622T111856,41.8678,39,A2,0.242870,1.624067,0
20230511T142916,20230622T111856,41.8678,40,A2,0.094503,0.065433,1
20230511T142916,20230622T111856,41.8678,41,A2,0.282293,1.132828,0
20230511T142916,20230622T111856,41.8678,42,A2,0.152279,0.418868,0
20230511T142916,20230622T111856,41.8678,43,A2,0.246558,0.494712,0
20230511T142916,20230622T111856,41.8678,44,A2,0.293750,1.086739,0
20230511T142916,20230622T111856,41.8678,45,A2,0.066306,0.771025,1
20230511T142916,20230622T111856,41.8678,46,A2,-0.200776,1.787903,0
20230511T142916,20230622T111856,41.8678,47,A2,0.322416,0.959123,1
20230511T142916,20230622T111856,41.8678,48,A2,-0.011963,1.111102,0
20230511T142916,20230622T111856,41.8678,49,A2,0.080461,0.901386,1
20230511T142916,20230622T111856,41.8678,50,A2,0.012986,0.106736,1
20230511T142916,20230622T111856,41.8678,51,A2,-0.025277,1.114093,0
20230511T142916,20230622T111856,41.8678,52,A2,0.087142,0.065312,1
20230511T142916,20230622T111856,41.8678,53,A2,-0.201272,1.002658,0
20230511T142916,20230622T111856,41.8678,54,A2,-0.081233,0.749071,0
20230511T142916,20230622T111856,41.8678,55,A2,-0.040894,0.354425,1
20230511T142916,20230622T111856,41.8678,57,A2,-0.184966,0.991443,1
20230511T142916,20230622T111856,41.8678,58,A2,0.018564,1.101912,0
20230511T142916,20230622T111856,41.8678,59,A2,-0.232554,0.107078,0
20230511T142916,20230622T111856,41.8678,60,A2,0.042143,0.337372,0
20230511T142916,20230622T111856,41.8678,61,A2,0.079910,0.534335,1
20230511T142916,20230622T111856,41.8678,62,A2,0.172080,0.166173,1
20230511T142916,20230622T111856,41.8678,63,A2,-0.020537,0.000000,1
20230511T142916,20230622T111856,41.8678,64,A2,0.747498,0.166484,1
20230511T142916,20230622T111856,41.8678,65,A3,-0.004885,2.000000,0
20230511T142916,20230622T111856,41.8678,66,A3,0.548529,0.084291,1
20230511T142916,20230622T111856,41.8678,68,A3,0.812637,0.230474,1
20230511T142916,20230622T111856,41.8678,69,A3,0.432734,0.103472,1
20230511T142916,20230622T111856,41.8678,70,A3,0.758708,0.830626,1
20230511T142916,20230622T111856,41.8678,71,A3,0.574107,1.464941,0
20230511T142916,20230622T111856,41.8678,72,A3,0.293067,0.452359,0
20230511T142916,20230622T111856,41.8678,73,A3,-0.009701,0.049929,1
20230511T142916,20230622T111856,41.8678,74,A3,0.170590,0.800411,1
20230511T142916,20230622T111856,41.8678,75,A3,0.252891,0.359739,0
20230511T142916,20230622T111856,41.8678,76,A3,0.347641,0.587256,1
20230511T142916,20230622T111856,41.8678,77,A3,0.556788,0.296439,0
20230511T142916,20230622T111856,41.8678,78,A3,0.339536,0.034653,1
20230511T142916,20230622T111856,41.8678,79,A3,0.475336,0.000150,1
20230511T142916,20230622T111856,41.8678,80,A3,0.087655,0.644348,0
20230511T142916,20230622T111856,41.8678,81,A3,0.357238,0.034460,1
20230511T142916,20230622T111856,41.8678,82,A3,0.390313,0.679406,0
20230511T142916,20230622T111856,41.8678,83,A3,0.265261,0.256266,0
20230511T142916,20230622T111856,41.8678,84,A3,0.075816,0.038455,1
20230511T142916,20230622T111856,41.8678,85,A3,0.708005,0.766437,1
20230511T142916,20230622T111856,41.8678,86,A3,0.030345,1.464864,0
20230511T142916,20230622T111856,41.8678,87,A3,0.180218,1.046822,0
20230511T142916,20230622T111856,41.8678,88,A3,-0.208900,0.448691,0
20230511T142916,20230622T111856,41.8678,89,A3,0.494578,0.639370,0
20230511T142916,20230622T111856,41.8678,90,A3,-0.114579,0.041889,0
20230511T142916,20230622T111856,41.8678,91,A3,0.014197,0.453070,0
20230511T142916,20230622T111856,41.8678,93,A3,0.460543,0.606762,0
20230511T142916,20230622T111856,41.8678,94,A3,-0.083187,1.618124,0
20230511T142916,20230622T111856,41.8678,95,A3,0.357170,0.743964,1
20230511T142916,20230622T111856,41.8678,96,A3,0.178500,0.889121,1
20230511T142916,20230622T111856,41.8678,97,A4,-0.232041,0.115018,0
20230511T142916,20230622T111856,41.8678,98,A4,0.031412,0.099174,0
20230511T142916,20230622T111856,41.8678,99,A4,-0.002948,0.017155,1
20230511T142916,20230622T111856,41.8678,100,A4,-0.104813,0.094226,1
20230511T142916,20230622T111856,41.8678,101,A4,0.095741,0.234194,0
20230511T142916,20230622T111856,41.8678,103,A4,-0.462726,0.106897,1
20230511T142916,20230622T111856,41.8678,104,A4,-0.181703,0.226256,0
20230511T142916,20230622T111856,41.8678,105,A4,0.116559,0.140165,1
20230511T142916,20230622T111856,41.8678,106,A4,-0.214326,0.323195,0
20230511T142916,20230622T111856,41.8678,107,A4,-0.051514,0.445948,0
20230511T142916,20230622T111856,41.8678,108,A4,0.260880,0.023482,1
20230511T142916,20230622T111856,41.8678,109,A4,-0.075270,0.134465,1
20230511T142916,20230622T111856,41.8678,110,A4,0.010071,0.667907,0
20230511T142916,20230622T111856,41.8678,111,A4,0.162006,0.843702,1
20230511T142916,20230622T111856,41.8678,112,A4,0.114949,0.222253,0
20230511T142916,20230622T111856,41.8678,114,A4,0.036315,0.126876,0
20230511T142916,20230622T111856,41.8678,116,A4,-0.189751,0.771084,1
20230511T142916,20230622T111856,41.8678,119,A4,-0.032064,0.168319,1
20230511T142916,20230622T111856,41.8678,121,A4,0.403748,0.064584,1
20230511T142916,20230622T111856,41.8678,122,A4,0.147697,0.653132,0
20230511T142916,20230622T111856,41.8678,123,A4,-0.118882,0.186236,1
20230511T142916,20230622T111856,41.8678,124,A4,-0.113696,0.086729,0
20230511T142916,20230622T111856,41.8678,125,A4,-0.112897,0.029703,1
20230511T142916,20230622T111856,41.8678,126,A4,-0.383983,0.480405,0
20230511T142916,20230622T111856,41.8678,127,A4,-0.243756,1.205360,0
20230511T142916,20230622T111856,41.8678,130,A5,0.393754,0.852675,1
20230511T142916,20230622T111856,41.8678,132,A5,0.230591,0.314722,0
20230511T142916,20230622T111856,41.8678,133,A5,-0.099383,0.407920,0
20230511T142916,20230622T111856,41.8678,134,A5,0.613206,1.097265,0
20230511T142916,20230622T111856,41.8678,135,A5,-0.195099,0.999668,1
20230511T142916,20230622T111856,41.8678,136,A5,0.082296,0.459624,1
20230511T142916,20230622T111856,41.8678,137,A5,0.034796,0.991551,1
20230511T142916,20230622T111856,41.8678,138,A5,0.374193,0.483812,1
20230511T142916,20230622T111856,41.8678,139,A5,-0.062841,1.507475,0
20230511T142916,20230622T111856,41.8678,142,A5,0.068119,0.926466,0
20230511T142916,20230622T111856,41.8678,143,A5,0.146618,1.058480,0
20230511T142916,20230622T111856,41.8678,144,A5,0.100929,0.004739,1
20230511T142916,20230622T111856,41.8678,145,A5,-0.099072,0.480277,1
20230511T142916,20230622T111856,41.8678,146,A5,0.249859,0.773398,0
20230511T142916,20230622T111856,41.8678,147,A5,0.686390,0.326459,1
20230511T142916,20230622T111856,41.8678,148,A5,0.388822,0.047426,1
20230511T142916,20230622T111856,41.8678,149,A5,-0.033277,1.288113,0
20230511T142916,20230622T111856,41.8678,150,A5,-0.042643,0.340513,0
20230511T142916,20230622T111856,41.8678,151,A5,-0.165083,0.602394,1
20230511T142916,20230622T111856,41.8678,152,A5,0.187816,0.922116,1
20230511T142916,20230622T111856,41.8678,153,A5,-0.001403,0.560559,1
20230511T142916,20230622T111856,41.8678,155,A5,-0.116819,1.019815,0
20230511T142916,20230622T111856,41.8678,157,A5,0.084989,0.957797,0
20230511T142916,20230622T111856,41.8678,158,A5,0.023381,0.024092,1
20230511T142916,20230622T111856,41.8678,159,A5,-0.052665,0.028009,1
20230511T142916,20230703T122644,52.9149,1,A1,-0.012093,0.386064,0
20230511T142916,20230703T122644,52.9149,3,A1,0.184495,1.132899,0
20230511T142916,20230703T122644,52.9149,4,A1,-0.092752,0.191389,0
20230511T142916,20230703T122644,52.9149,6,A1,-0.160141,0.027508,1
20230511T142916,20230703T122644,52.9149,9,A1,0.028036,0.112648,0
20230511T142916,20230703T122644,52.9149,10,A1,0.056817,0.030242,1
20230511T142916,20230703T122644,52.9149,11,A1,-0.011394,0.481639,1
20230511T142916,20230703T122644,52.9149,12,A1,0.597332,0.615871,0
20230511T142916,20230703T122644,52.9149,13,A1,0.035162,0.112025,0
20230511T142916,20230703T122644,52.9149,14,A1,0.111002,0.109855,1
20230511T142916,20230703T122644,52.9149,15,A1,0.375129,1.459674,0
20230511T142916,20230703T122644,52.9149,17,A1,0.167033,0.232081,1
20230511T142916,20230703T122644,52.9149,18,A1,0.243037,0.194390,0
20230511T142916,20230703T122644,52.9149,19,A1,0.667014,0.922526,1
20230511T142916,20230703T122644,52.9149,21,A1,0.159311,0.120070,1
20230511T142916,20230703T122644,52.9149,22,A1,0.306179,1.462917,0
20230511T142916,20230703T122644,52.9149,23,A1,-0.186540,0.056839,0
20230511T142916,20230703T122644,52.9149,24,A1,-0.328178,0.655546,1
20230511T142916,20230703T122644,52.9149,26,A1,-0.018811,0.076868,1
20230511T142916,20230703T122644,52.9149,27,A1,0.326044,0.000000,1
20230511T142916,20230703T122644,52.9149,28,A1,-0.068067,1.042792,0
20230511T142916,20230703T122644,52.9149,29,A1,-0.475914,0.880549,1
20230511T142916,20230703T122644,52.9149,30,A1,0.346373,0.318151,1
20230511T142916,20230703T122644,52.9149,31,A1,0.184815,0.981567,1
20230511T142916,20230703T122644,52.9149,32,A1,0.312926,0.000000,1
20230511T142916,20230703T122644,52.9149,33,A2,0.034015,0.066090,1
20230511T142916,20230703T122644,52.9149,34,A2,0.196698,0.039148,1
20230511T142916,20230703T122644,52.9149,36,A2,0.081249,0.916054,1
20230511T142916,20230703T122644,52.9149,37,A2,0.151747,1.025974,0
20230511T142916,20230703T122644,52.9149,39,A2,0.079941,0.137350,1
20230511T142916,20230703T122644,52.9149,40,A2,0.271258,0.031243,1
20230511T142916,20230703T122644,52.9149,41,A2,0.575276,0.723824,0
20230511T142916,20230703T122644,52.9149,42,A2,-0.018658,0.823833,1
20230511T142916,20230703T122644,52.9149,43,A2,0.352262,0.552666,0
20230511T142916,20230703T122644,52.9149,44,A2,-0.063279,0.055461,1
20230511T142916,20230703T122644,52.9149,45,A2,0.357358,0.244525,0
20230511T142916,20230703T122644,52.9149,46,A2,-0.107653,1.325242,0
20230511T142916,20230703T122644,52.9149,47,A2,0.212723,0.637979,1
20230511T142916,20230703T122644,52.9149,49,A2,0.091200,0.575250,1
20230511T142916,20230703T122644,52.9149,50,A2,-0.105069,0.027931,1
20230511T142916,20230703T122644,52.9149,51,A2,0.192003,1.505519,0
20230511T142916,20230703T122644,52.9149,52,A2,-0.096274,1.394029,0
20230511T142916,20230703T122644,52.9149,53,A2,-0.281231,0.596214,1
20230511T142916,20230703T122644,52.9149,55,A2,0.021685,0.659703,1
20230511T142916,20230703T122644,52.9149,57,A2,-0.414477,1.201433,0
20230511T142916,20230703T122644,52.9149,58,A2,-0.075264,0.368221,1
20230511T142916,20230703T122644,52.9149,59,A2,-0.487708,0.072204,0
20230511T142916,20230703T122644,52.9149,60,A2,0.189978,1.298066,0
20230511T142916,20230703T122644,52.9149,62,A2,-0.040935,0.072272,1
20230511T142916,20230703T122644,52.9149,63,A2,0.491059,0.000000,1
20230511T142916,20230703T122644,52.9149,64,A2,0.511339,0.029430,1
20230511T142916,20230703T122644,52.9149,65,A3,-0.044644,1.150931,0
20230511T142916,20230703T122644,52.9149,66,A3,-0.199694,0.208982,0
20230511T142916,20230703T122644,52.9149,68,A3,0.639140,0.775389,1
20230511T142916,20230703T122644,52.9149,69,A3,0.601506,0.036389,1
20230511T142916,20230703T122644,52.9149,70,A3,0.432416,0.072058,1
20230511T142916,20230703T122644,52.9149,72,A3,0.171395,0.121155,1
20230511T142916,20230703T122644,52.9149,73,A3,-0.090941,0.831709,1
20230511T142916,20230703T122644,52.9149,74,A3,-0.154715,0.660700,1
20230511T142916,20230703T122644,52.9149,75,A3,0.486045,0.299444,1
20230511T142916,20230703T122644,52.9149,76,A3,-0.027869,1.104956,0
20230511T142916,20230703T122644,52.9149,77,A3,0.432120,0.561954,0
20230511T142916,20230703T122644,52.9149,78,A3,-0.338215,0.170385,0
20230511T142916,20230703T122644,52.9149,79,A3,0.186475,0.634261,0
20230511T142916,20230703T122644,52.9149,80,A3,0.401769,0.314819,0
20230511T142916,20230703T122644,52.9149,81,A3,-0.166233,0.997075,1
20230511T142916,20230703T122644,52.9149,82,A3,0.323104,1.091203,0
20230511T142916,20230703T122644,52.9149,84,A3,0.006900,0.291261,0
20230511T142916,20230703T122644,52.9149,85,A3,0.087346,0.223546,1
20230511T142916,20230703T122644,52.9149,86,A3,0.295292,0.611989,0
20230511T142916,20230703T122644,52.9149,87,A3,-0.083379,0.914858,0
20230511T142916,20230703T122644,52.9149,88,A3,0.257521,0.106803,1
20230511T142916,20230703T122644,52.9149,89,A3,0.393169,0.431500,1
20230511T142916,20230703T122644,52.9149,90,A3,-0.032997,0.010618,1
20230511T142916,20230703T122644,52.9149,91,A3,-0.062508,0.403361,0
20230511T142916,20230703T122644,52.9149,93,A3,-0.060485,0.451419,1
20230511T142916,20230703T122644,52.9149,94,A3,-0.290380,0.756333,0
20230511T142916,20230703T122644,52.9149,95,A3,-0.039056,0.861148,1
20230511T142916,20230703T122644,52.9149,97,A4,0.006081,0.132061,1
20230511T142916,20230703T122644,52.9149,98,A4,-0.117292,0.039726,1
20230511T142916,20230703T122644,52.9149,99,A4,0.158784,0.069004,0
20230511T142916,20230703T122644,52.9149,100,A4,-0.085311,0.200929,1
20230511T142916,20230703T122644,52.9149,101,A4,0.141930,0.025661,0
20230511T142916,20230703T122644,52.9149,103,A4,0.138499,0.256084,1
20230511T142916,20230703T122644,52.9149,104,A4,0.108349,0.017669,1
20230511T142916,20230703T122644,52.9149,105,A4,0.030142,0.181186,0
20230511T142916,20230703T122644,52.9149,106,A4,-0.300624,0.561255,0
20230511T142916,20230703T122644,52.9149,107,A4,0.115298,0.171665,1
20230511T142916,20230703T122644,52.9149,108,A4,-0.110857,0.001114,1
20230511T142916,20230703T122644,52.9149,109,A4,0.136405,0.283768,0
20230511T142916,20230703T122644,52.9149,110,A4,-0.063278,0.525510,1
20230511T142916,20230703T122644,52.9149,111,A4,-0.017375,0.853604,0
20230511T142916,20230703T122644,52.9149,112,A4,-0.138732,0.149360,1
20230511T142916,20230703T122644,52.9149,114,A4,0.101103,0.096006,1
20230511T142916,20230703T122644,52.9149,116,A4,0.057231,0.133551,1
20230511T142916,20230703T122644,52.9149,117,A4,0.091406,1.035702,0
20230511T142916,20230703T122644,52.9149,119,A4,0.212960,0.079719,1
20230511T142916,20230703T122644,52.9149,121,A4,0.119252,0.530629,1
20230511T142916,20230703T122644,52.9149,122,A4,0.271865,1.156235,0
20230511T142916,20230703T122644,52.9149,123,A4,-0.124172,0.939787,0
20230511T142916,20230703T122644,52.9149,124,A4,0.040454,0.098080,0
20230511T142916,20230703T122644,52.9149,125,A4,-0.269150,0.118452,0
20230511T142916,20230703T122644,52.9149,126,A4,0.069234,0.401933,1
20230511T142916,20230703T122644,52.9149,127,A4,-0.105385,1.007152,0
20230511T142916,20230703T122644,52.9149,130,A5,0.177672,0.655910,1
20230511T142916,20230703T122644,52.9149,132,A5,-0.109505,0.249456,1
20230511T142916,20230703T122644,52.9149,133,A5,0.078964,0.763465,1
20230511T142916,20230703T122644,52.9149,134,A5,0.275010,0.000000,1
20230511T142916,20230703T122644,52.9149,135,A5,-0.234055,0.448773,0
20230511T142916,20230703T122644,52.9149,136,A5,0.051554,0.197753,1
20230511T142916,20230703T122644,52.9149,137,A5,0.207693,1.285213,0
20230511T142916,20230703T122644,52.9149,138,A5,0.489065,0.775470,0
20230511T142916,20230703T122644,52.9149,139,A5,-0.098531,1.844091,0
20230511T142916,20230703T122644,52.9149,142,A5,-0.280772,1.416478,0
20230511T142916,20230703T122644,52.9149,143,A5,0.065643,0.175764,1
20230511T142916,20230703T122644,52.9149,144,A5,-0.100830,0.095133,1
20230511T142916,20230703T122644,52.9149,145,A5,-0.241198,0.668377,1
20230511T142916,20230703T122644,52.9149,146,A5,0.361696,0.775297,0
20230511T142916,20230703T122644,52.9149,147,A5,0.420150,0.110898,1
20230511T142916,20230703T122644,52.9149,149,A5,0.330762,0.497465,1
20230511T142916,20230703T122644,52.9149,150,A5,-0.052811,0.190637,1
20230511T142916,20230703T122644,52.9149,151,A5,0.075745,0.829338,0
20230511T142916,20230703T122644,52.9149,152,A5,-0.000318,0.485884,0
20230511T142916,20230703T122644,52.9149,153,A5,0.058987,0.201779,1
20230511T142916,20230703T122644,52.9149,155,A5,-0.157294,0.252221,1
20230511T142916,20230703T122644,52.9149,157,A5,0.033759,0.579286,1
20230511T142916,20230703T122644,52.9149,158,A5,0.045114,0.248658,1
20230511T142916,20230703T122644,52.9149,159,A5,-0.011963,0.917916,1
20230518T135808,20230523T145755,5.0415,1,A1,-0.165946,0.367231,1
20230518T135808,20230523T145755,5.0415,3,A1,0.373530,0.735374,1
20230518T135808,20230523T145755,5.0415,4,A1,0.236383,0.008693,1
20230518T135808,20230523T145755,5.0415,5,A1,0.074220,0.489881,1
20230518T135808,20230523T145755,5.0415,6,A1,-0.081985,0.014750,0
20230518T135808,20230523T145755,5.0415,7,A1,0.083649,0.200078,0
20230518T135808,20230523T145755,5.0415,8,A1,-0.102046,0.578148,1
20230518T135808,20230523T145755,5.0415,9,A1,0.229336,0.380499,1
20230518T135808,20230523T145755,5.0415,10,A1,0.061086,2.000000,0
20230518T135808,20230523T145755,5.0415,11,A1,0.671123,0.445551,1
20230518T135808,20230523T145755,5.0415,12,A1,0.248765,0.912432,0
20230518T135808,20230523T145755,5.0415,13,A1,0.549540,0.077451,1
20230518T135808,20230523T145755,5.0415,14,A1,0.055684,0.100954,1
20230518T135808,20230523T145755,5.0415,15,A1,0.719983,0.430551,1
20230518T135808,20230523T145755,5.0415,16,A1,0.555675,0.000000,1
20230518T135808,20230523T145755,5.0415,17,A1,0.407633,0.444521,0
20230518T135808,20230523T145755,5.0415,18,A1,-0.339258,1.579203,0
20230518T135808,20230523T145755,5.0415,19,A1,0.404963,0.038337,1
20230518T135808,20230523T145755,5.0415,20,A1,0.461515,0.428900,1
20230518T135808,20230523T145755,5.0415,21,A1,0.285342,1.596937,0
20230518T135808,20230523T145755,5.0415,22,A1,-0.107081,0.695242,1
20230518T135808,20230523T145755,5.0415,23,A1,0.057709,0.568950,0
20230518T135808,20230523T145755,5.0415,24,A1,0.335227,1.690491,0
20230518T135808,20230523T145755,5.0415,25,A1,0.556098,0.000000,1
20230518T135808,20230523T145755,5.0415,26,A1,0.015303,0.172438,1
20230518T135808,20230523T145755,5.0415,27,A1,0.057236,2.000000,0
20230518T135808,20230523T145755,5.0415,28,A1,0.004816,0.303586,1
20230518T135808,20230523T145755,5.0415,29,A1,0.560248,0.185583,0
20230518T135808,20230523T145755,5.0415,30,A1,0.160037,0.000000,1
20230518T135808,20230523T145755,5.0415,31,A1,0.331626,0.254199,1
20230518T135808,20230523T145755,5.0415,32,A1,0.655826,0.000000,1
20230518T135808,20230523T145755,5.0415,33,A2,-0.088801,0.120681,1
20230518T135808,20230523T145755,5.0415,37,A2,0.280512,0.344483,1
20230518T135808,20230523T145755,5.0415,38,A2,0.527605,0.139718,1
20230518T135808,20230523T145755,5.0415,39,A2,0.126990,0.372802,0
20230518T135808,20230523T145755,5.0415,40,A2,0.069645,0.883189,1
20230518T135808,20230523T145755,5.0415,41,A2,0.080618,0.667037,1
20230518T135808,20230523T145755,5.0415,42,A2,0.286659,0.010216,0
20230518T135808,20230523T145755,5.0415,43,A2,0.409076,0.263380,0
20230518T135808,20230523T145755,5.0415,44,A2,-0.098161,0.323833,0
20230518T135808,20230523T145755,5.0415,45,A2,-0.096055,0.328776,1
20230518T135808,20230523T145755,5.0415,46,A2,0.338674,0.402218,1
20230518T135808,20230523T145755,5.0415,47,A2,0.662682,0.000000,1
20230518T135808,20230523T145755,5.0415,48,A2,-0.168993,0.170193,1
20230518T135808,20230523T145755,5.0415,49,A2,-0.007657,0.086070,0
20230518T135808,20230523T145755,5.0415,50,A2,0.072704,0.238941,1
20230518T135808,20230523T145755,5.0415,51,A2,-0.227227,0.456119,0
20230518T135808,20230523T145755,5.0415,52,A2,0.217153,0.055359,1
20230518T135808,20230523T145755,5.0415,53,A2,0.007021,0.659899,0
20230518T135808,20230523T145755,5.0415,54,A2,0.276422,0.183298,0
20230518T135808,20230523T145755,5.0415,55,A2,0.075360,0.987178,1
20230518T135808,20230523T145755,5.0415,56,A2,0.367278,0.009044,1
20230518T135808,20230523T145755,5.0415,57,A2,-0.019381,0.938845,0
20230518T135808,20230523T145755,5.0415,58,A2,0.203892,0.230274,0
20230518T135808,20230523T145755,5.0415,59,A2,0.300867,0.036605,1
20230518T135808,20230523T145755,5.0415,60,A2,0.061317,0.263541,0
20230518T135808,20230523T145755,5.0415,61,A2,0.384582,0.067143,1
20230518T135808,20230523T145755,5.0415,62,A2,0.315139,0.144638,1
20230518T135808,20230523T145755,5.0415,63,A2,0.404446,0.593201,1
20230518T135808,20230523T145755,5.0415,64,A2,0.746057,0.000000,1
20230518T135808,20230523T145755,5.0415,65,A3,0.261995,0.262267,0
20230518T135808,20230523T145755,5.0415,67,A3,0.359205,0.000000,1
20230518T135808,20230523T145755,5.0415,69,A3,-0.063162,1.003637,0
20230518T135808,20230523T145755,5.0415,70,A3,0.600472,0.447666,1
20230518T135808,20230523T145755,5.0415,71,A3,0.629915,0.745794,1
20230518T135808,20230523T145755,5.0415,72,A3,0.118221,0.165278,0
20230518T135808,20230523T145755,5.0415,75,A3,-0.076116,0.012595,1
20230518T135808,20230523T145755,5.0415,77,A3,0.820386,0.892347,1
20230518T135808,20230523T145755,5.0415,78,A3,0.204071,0.112135,1
20230518T135808,20230523T145755,5.0415,79,A3,-0.282671,0.992952,1
20230518T135808,20230523T145755,5.0415,80,A3,0.737607,1.177806,0
20230518T135808,20230523T145755,5.0415,81,A3,0.499445,0.217851,1
20230518T135808,20230523T145755,5.0415,82,A3,0.340979,0.287020,1
20230518T135808,20230523T145755,5.0415,83,A3,0.111967,1.075465,0
20230518T135808,20230523T145755,5.0415,84,A3,-0.099461,0.050139,0
20230518T135808,20230523T145755,5.0415,85,A3,0.829911,0.045858,1
20230518T135808,20230523T145755,5.0415,87,A3,0.422362,0.114155,1
20230518T135808,20230523T145755,5.0415,88,A3,0.116716,0.036387,1
20230518T135808,20230523T145755,5.0415,89,A3,0.035801,0.197836,0
20230518T135808,20230523T145755,5.0415,90,A3,-0.085466,0.017419,1
20230518T135808,20230523T145755,5.0415,93,A3,0.326054,0.215290,1
20230518T135808,20230523T145755,5.0415,94,A3,-0.205305,0.071766,1
20230518T135808,20230523T145755,5.0415,95,A3,0.320979,0.608878,0
20230518T135808,20230523T145755,5.0415,96,A3,0.121527,1.100613,0
20230518T135808,20230523T145755,5.0415,97,A4,0.262082,0.037178,0
20230518T135808,20230523T145755,5.0415,98,A4,-0.148221,2.000000,0
20230518T135808,20230523T145755,5.0415,99,A4,0.015322,0.079761,0
20230518T135808,20230523T145755,5.0415,100,A4,0.202644,0.121983,0
20230518T135808,20230523T145755,5.0415,102,A4,-0.188863,0.054109,1
20230518T135808,20230523T145755,5.0415,103,A4,0.109042,0.958121,1
20230518T135808,20230523T145755,5.0415,104,A4,-0.247441,0.033046,0
20230518T135808,20230523T145755,5.0415,105,A4,0.167146,0.041657,1
20230518T135808,20230523T145755,5.0415,106,A4,-0.009930,0.214924,1
20230518T135808,20230523T145755,5.0415,107,A4,0.222045,0.632790,0
20230518T135808,20230523T145755,5.0415,108,A4,-0.093890,0.212487,0
20230518T135808,20230523T145755,5.0415,109,A4,0.395360,0.203705,0
20230518T135808,20230523T145755,5.0415,111,A4,0.082016,0.893013,1
20230518T135808,20230523T145755,5.0415,112,A4,-0.058425,0.104548,0
20230518T135808,20230523T145755,5.0415,113,A4,-0.046661,0.012797,1
20230518T135808,20230523T145755,5.0415,114,A4,-0.060873,0.395596,1
20230518T135808,20230523T145755,5.0415,115,A4,-0.165073,0.005523,1
20230518T135808,20230523T145755,5.0415,116,A4,0.035123,0.558633,0
20230518T135808,20230523T145755,5.0415,117,A4,0.027159,0.565432,1
20230518T135808,20230523T145755,5.0415,118,A4,0.077271,0.099345,0
20230518T135808,20230523T145755,5.0415,119,A4,-0.021125,0.138996,1
20230518T135808,20230523T145755,5.0415,121,A4,-0.086417,0.454997,1
20230518T135808,20230523T145755,5.0415,122,A4,0.347617,1.194526,0
20230518T135808,20230523T145755,5.0415,123,A4,-0.098857,0.150191,0
20230518T135808,20230523T145755,5.0415,124,A4,-0.236400,0.917126,0
20230518T135808,20230523T145755,5.0415,125,A4,-0.171157,0.697386,0
20230518T135808,20230523T145755,5.0415,126,A4,-0.165739,0.179627,1
20230518T135808,20230523T145755,5.0415,128,A4,-0.300166,0.635084,0
20230518T135808,20230523T145755,5.0415,129,A5,-0.153983,0.475809,0
20230518T135808,20230523T145755,5.0415,130,A5,0.354643,0.339554,1
20230518T135808,20230523T145755,5.0415,132,A5,0.396595,0.123992,1
20230518T135808,20230523T145755,5.0415,133,A5,-0.219891,0.621353,0
20230518T135808,20230523T145755,5.0415,134,A5,0.566713,0.207421,1
20230518T135808,20230523T145755,5.0415,135,A5,0.064980,0.277968,1
20230518T135808,20230523T145755,5.0415,137,A5,-0.019553,0.074717,1
20230518T135808,20230523T145755,5.0415,138,A5,0.476533,0.042127,1
20230518T135808,20230523T145755,5.0415,142,A5,0.557903,0.187110,1
20230518T135808,20230523T145755,5.0415,143,A5,0.301870,0.804646,1
20230518T135808,20230523T145755,5.0415,145,A5,-0.114752,1.245524,0
20230518T135808,20230523T145755,5.0415,146,A5,0.655748,0.672363,1
20230518T135808,20230523T145755,5.0415,147,A5,0.391189,0.836814,1
20230518T135808,20230523T145755,5.0415,148,A5,0.603507,0.340546,1
20230518T135808,20230523T145755,5.0415,149,A5,0.196745,0.209186,0
20230518T135808,20230523T145755,5.0415,150,A5,0.002254,0.524965,0
20230518T135808,20230523T145755,5.0415,151,A5,0.025214,0.411523,0
20230518T135808,20230523T145755,5.0415,152,A5,0.019743,0.223805,1
20230518T135808,20230523T145755,5.0415,153,A5,0.152564,0.320700,1
20230518T135808,20230523T145755,5.0415,155,A5,-0.043280,0.100804,0
20230518T135808,20230523T145755,5.0415,157,A5,-0.039000,0.248354,1
20230518T135808,20230523T145755,5.0415,158,A5,0.067302,0.219933,0
20230518T135808,20230523T145755,5.0415,159,A5,0.021116,0.122372,0
20230518T135808,20230523T145755,5.0415,160,A5,-0.096635,0.029551,1
20230518T135808,20230525T103049,6.8560,1,A1,0.240639,0.093132,0
20230518T135808,20230525T103049,6.8560,3,A1,0.214978,0.268743,0
20230518T135808,20230525T103049,6.8560,4,A1,0.153261,0.077861,1
20230518T135808,20230525T103049,6.8560,5,A1,-0.109946,0.906367,0
20230518T135808,20230525T103049,6.8560,6,A1,0.298739,0.003838,1
20230518T135808,20230525T103049,6.8560,7,A1,0.065635,1.132740,0
20230518T135808,20230525T103049,6.8560,8,A1,0.238657,0.502568,1
20230518T135808,20230525T103049,6.8560,9,A1,0.513557,0.261954,1
20230518T135808,20230525T103049,6.8560,10,A1,0.049870,0.471086,1
20230518T135808,20230525T103049,6.8560,11,A1,0.412321,0.222675,1
20230518T135808,20230525T103049,6.8560,12,A1,0.476359,0.921984,1
20230518T135808,20230525T103049,6.8560,13,A1,0.406856,0.578715,1
20230518T135808,20230525T103049,6.8560,14,A1,0.277030,0.213429,1
20230518T135808,20230525T103049,6.8560,15,A1,0.622280,1.569449,0
20230518T135808,20230525T103049,6.8560,16,A1,0.800806,0.000000,1
20230518T135808,20230525T103049,6.8560,17,A1,0.090461,0.962057,1
20230518T135808,20230525T103049,6.8560,18,A1,-0.075784,0.000000,1
20230518T135808,20230525T103049,6.8560,19,A1,0.402700,0.014860,1
20230518T135808,20230525T103049,6.8560,20,A1,0.334145,0.043901,1
20230518T135808,20230525T103049,6.8560,21,A1,0.557981,0.947370,1
20230518T135808,20230525T103049,6.8560,22,A1,-0.193439,1.225960,0
20230518T135808,20230525T103049,6.8560,23,A1,0.086175,0.259414,1
20230518T135808,20230525T103049,6.8560,24,A1,0.023010,0.519927,1
20230518T135808,20230525T103049,6.8560,25,A1,0.576515,0.336521,1
20230518T135808,20230525T103049,6.8560,26,A1,0.429998,0.333466,0
20230518T135808,20230525T103049,6.8560,27,A1,0.361641,0.291870,1
20230518T135808,20230525T103049,6.8560,28,A1,0.113705,0.351531,1
20230518T135808,20230525T103049,6.8560,29,A1,0.522469,0.242304,0
20230518T135808,20230525T103049,6.8560,30,A1,0.742731,0.000000,1
20230518T135808,20230525T103049,6.8560,31,A1,0.347042,0.184505,1
20230518T135808,20230525T103049,6.8560,32,A1,0.346443,0.891147,1
20230518T135808,20230525T103049,6.8560,33,A2,-0.184896,0.459806,1
20230518T135808,20230525T103049,6.8560,36,A2,0.238741,0.978888,0
20230518T135808,20230525T103049,6.8560,37,A2,0.265525,0.016611,0
20230518T135808,20230525T103049,6.8560,38,A2,0.717107,0.139718,1
20230518T135808,20230525T103049,6.8560,39,A2,0.008954,0.007596,1
20230518T135808,20230525T103049,6.8560,40,A2,-0.016923,0.572969,0
20230518T135808,20230525T103049,6.8560,41,A2,0.025161,0.771634,1
20230518T135808,20230525T103049,6.8560,42,A2,-0.027263,0.998647,1
20230518T135808,20230525T103049,6.8560,43,A2,0.128355,0.306418,0
20230518T135808,20230525T103049,6.8560,44,A2,0.111389,0.796388,1
20230518T135808,20230525T103049,6.8560,45,A2,-0.463580,1.683798,0
20230518T135808,20230525T103049,6.8560,46,A2,0.371758,0.000000,1
20230518T135808,20230525T103049,6.8560,47,A2,0.826580,0.000000,1
20230518T135808,20230525T103049,6.8560,48,A2,-0.201308,1.302081,0
20230518T135808,20230525T103049,6.8560,49,A2,-0.147460,0.003816,1
20230518T135808,20230525T103049,6.8560,50,A2,-0.102918,0.566081,0
20230518T135808,20230525T103049,6.8560,51,A2,0.208245,0.362012,0
20230518T135808,20230525T103049,6.8560,52,A2,0.504958,0.096640,1
20230518T135808,20230525T103049,6.8560,53,A2,-0.043061,0.068368,1
20230518T135808,20230525T103049,6.8560,54,A2,-0.032568,0.539444,1
20230518T135808,20230525T103049,6.8560,55,A2,0.305138,0.017931,0
20230518T135808,20230525T103049,6.8560,56,A2,0.303715,0.201906,1
20230518T135808,20230525T103049,6.8560,57,A2,-0.077253,1.359751,0
20230518T135808,20230525T103049,6.8560,58,A2,0.163426,0.555014,1
20230518T135808,20230525T103049,6.8560,59,A2,0.627884,0.916891,1
20230518T135808,20230525T103049,6.8560,60,A2,-0.001986,0.822788,1
20230518T135808,20230525T103049,6.8560,61,A2,0.497113,0.557842,0
20230518T135808,20230525T103049,6.8560,62,A2,0.436797,0.282424,1
20230518T135808,20230525T103049,6.8560,63,A2,0.194406,0.108837,1
20230518T135808,20230525T103049,6.8560,64,A2,0.768742,0.000000,1
20230518T135808,20230525T103049,6.8560,65,A3,0.171217,0.793388,1
20230518T135808,20230525T103049,6.8560,67,A3,0.317560,0.454171,1
20230518T135808,20230525T103049,6.8560,69,A3,0.074797,1.211999,0
20230518T135808,20230525T103049,6.8560,70,A3,0.717417,0.121821,1
20230518T135808,20230525T103049,6.8560,71,A3,0.784645,0.793029,1
20230518T135808,20230525T103049,6.8560,72,A3,0.117187,0.293580,0
20230518T135808,20230525T103049,6.8560,75,A3,0.258718,0.144046,1
20230518T135808,20230525T103049,6.8560,77,A3,0.675406,0.009203,1
20230518T135808,20230525T103049,6.8560,78,A3,0.164328,0.126519,1
20230518T135808,20230525T103049,6.8560,79,A3,-0.354755,1.019860,0
20230518T135808,20230525T103049,6.8560,80,A3,0.674629,0.864976,1
20230518T135808,20230525T103049,6.8560,81,A3,0.049690,0.235117,0
20230518T135808,20230525T103049,6.8560,82,A3,0.255398,0.332394,1
20230518T135808,20230525T103049,6.8560,83,A3,0.157730,0.925833,1
20230518T135808,20230525T103049,6.8560,84,A3,0.297413,0.041275,0
20230518T135808,20230525T103049,6.8560,85,A3,0.876064,0.000000,1
20230518T135808,20230525T103049,6.8560,87,A3,0.437326,0.496096,1
20230518T135808,20230525T103049,6.8560,88,A3,0.034416,0.722271,1
20230518T135808,20230525T103049,6.8560,89,A3,-0.028596,1.097262,0
20230518T135808,20230525T103049,6.8560,90,A3,0.172353,0.068493,1
20230518T135808,20230525T103049,6.8560,93,A3,0.460140,0.024270,1
20230518T135808,20230525T103049,6.8560,94,A3,-0.002187,0.585629,0
20230518T135808,20230525T103049,6.8560,95,A3,0.149269,1.037118,0
20230518T135808,20230525T103049,6.8560,96,A3,0.240072,0.200456,1
20230518T135808,20230525T103049,6.8560,97,A4,0.067208,0.111379,0
20230518T135808,20230525T103049,6.8560,98,A4,0.018583,1.545813,0
20230518T135808,20230525T103049,6.8560,99,A4,0.333587,0.990598,1
20230518T135808,20230525T103049,6.8560,100,A4,0.207563,0.205842,0
20230518T135808,20230525T103049,6.8560,102,A4,0.099937,0.769105,1
20230518T135808,20230525T103049,6.8560,103,A4,-0.080444,0.098050,1
20230518T135808,20230525T103049,6.8560,104,A4,-0.159338,0.246110,0
20230518T135808,20230525T103049,6.8560,106,A4,-0.098543,0.069097,1
20230518T135808,20230525T103049,6.8560,107,A4,0.076519,0.232312,1
20230518T135808,20230525T103049,6.8560,108,A4,0.153714,0.288613,1
20230518T135808,20230525T103049,6.8560,109,A4,-0.216006,0.117391,1
20230518T135808,20230525T103049,6.8560,111,A4,0.160882,0.893013,1
20230518T135808,20230525T103049,6.8560,112,A4,0.066161,0.586097,0
20230518T135808,20230525T103049,6.8560,114,A4,-0.243753,1.034968,0
20230518T135808,20230525T103049,6.8560,115,A4,0.058401,0.072113,0
20230518T135808,20230525T103049,6.8560,116,A4,0.238214,0.047126,1
20230518T135808,20230525T103049,6.8560,117,A4,-0.038429,0.066134,1
20230518T135808,20230525T103049,6.8560,118,A4,0.212393,0.031839,1
20230518T135808,20230525T103049,6.8560,119,A4,0.026275,0.322463,1
20230518T135808,20230525T103049,6.8560,120,A4,-0.402014,0.065400,0
20230518T135808,20230525T103049,6.8560,121,A4,0.145695,0.378521,0
20230518T135808,20230525T103049,6.8560,122,A4,0.385780,0.450538,1
20230518T135808,20230525T103049,6.8560,123,A4,0.134837,0.479155,0
20230518T135808,20230525T103049,6.8560,125,A4,0.092004,0.357608,0
20230518T135808,20230525T103049,6.8560,126,A4,0.067936,0.324976,0
20230518T135808,20230525T103049,6.8560,128,A4,-0.237396,0.340052,1
20230518T135808,20230525T103049,6.8560,129,A5,-0.362687,0.806686,0
20230518T135808,20230525T103049,6.8560,130,A5,0.434405,0.033833,1
20230518T135808,20230525T103049,6.8560,132,A5,-0.030019,0.828383,1
20230518T135808,20230525T103049,6.8560,133,A5,0.044024,0.443445,1
20230518T135808,20230525T103049,6.8560,134,A5,0.221431,0.633544,1
20230518T135808,20230525T103049,6.8560,135,A5,-0.260369,0.954612,1
20230518T135808,20230525T103049,6.8560,137,A5,0.044682,0.804170,1
20230518T135808,20230525T103049,6.8560,138,A5,0.513397,0.134762,0
20230518T135808,20230525T103049,6.8560,142,A5,0.550716,0.513446,0
20230518T135808,20230525T103049,6.8560,143,A5,-0.014628,0.623853,1
20230518T135808,20230525T103049,6.8560,145,A5,0.086057,0.063184,1
20230518T135808,20230525T103049,6.8560,146,A5,0.300512,1.160669,0
20230518T135808,20230525T103049,6.8560,147,A5,0.318035,0.801096,1
20230518T135808,20230525T103049,6.8560,148,A5,0.520753,0.139466,1
20230518T135808,20230525T103049,6.8560,149,A5,-0.329712,0.271118,0
20230518T135808,20230525T103049,6.8560,150,A5,-0.159167,0.050008,1
20230518T135808,20230525T103049,6.8560,151,A5,-0.029436,0.397860,0
20230518T135808,20230525T103049,6.8560,152,A5,0.163291,0.038569,1
20230518T135808,20230525T103049,6.8560,153,A5,0.164166,0.621109,0
20230518T135808,20230525T103049,6.8560,155,A5,0.054138,0.217722,1
20230518T135808,20230525T103049,6.8560,157,A5,0.037778,0.420228,1
20230518T135808,20230525T103049,6.8560,158,A5,-0.034607,1.086437,0
20230518T135808,20230525T103049,6.8560,159,A5,-0.180687,0.235027,0
20230518T135808,20230525T103049,6.8560,160,A5,0.060542,0.970956,1
20230518T135808,20230622T111856,34.8894,1,A1,0.367635,0.124539,1
20230518T135808,20230622T111856,34.8894,3,A1,0.034298,0.219621,1
20230518T135808,20230622T111856,34.8894,4,A1,-0.127634,0.060681,0
20230518T135808,20230622T111856,34.8894,6,A1,0.193354,0.002813,1
20230518T135808,20230622T111856,34.8894,8,A1,-0.082921,0.419858,1
20230518T135808,20230622T111856,34.8894,9,A1,0.695349,0.276509,1
20230518T135808,20230622T111856,34.8894,10,A1,0.301374,0.775985,1
20230518T135808,20230622T111856,34.8894,11,A1,0.677295,0.183991,1
20230518T135808,20230622T111856,34.8894,12,A1,0.440554,0.921984,1
20230518T135808,20230622T111856,34.8894,13,A1,0.539301,0.790982,1
20230518T135808,20230622T111856,34.8894,14,A1,0.011957,0.355187,0
20230518T135808,20230622T111856,34.8894,15,A1,0.783233,1.186842,0
20230518T135808,20230622T111856,34.8894,17,A1,0.513056,0.182858,1
20230518T135808,20230622T111856,34.8894,18,A1,-0.434766,0.756865,1
20230518T135808,20230622T111856,34.8894,19,A1,0.208842,0.102733,1
20230518T135808,20230622T111856,34.8894,20,A1,-0.022098,0.580683,0
20230518T135808,20230622T111856,34.8894,21,A1,0.618505,0.824048,1
20230518T135808,20230622T111856,34.8894,22,A1,-0.078318,1.103144,0
20230518T135808,20230622T111856,34.8894,23,A1,0.114907,0.521287,1
20230518T135808,20230622T111856,34.8894,24,A1,0.093626,0.809454,0
20230518T135808,20230622T111856,34.8894,25,A1,0.427494,0.000000,1
20230518T135808,20230622T111856,34.8894,26,A1,0.301100,0.167637,1
20230518T135808,20230622T111856,34.8894,27,A1,0.507426,0.974588,1
20230518T135808,20230622T111856,34.8894,28,A1,0.290980,0.253970,1
20230518T135808,20230622T111856,34.8894,29,A1,0.714624,0.192185,0
20230518T135808,20230622T111856,34.8894,30,A1,0.688321,0.000000,1
20230518T135808,20230622T111856,34.8894,31,A1,0.052235,1.017648,0
20230518T135808,20230622T111856,34.8894,32,A1,0.616045,0.000000,1
20230518T135808,20230622T111856,34.8894,33,A2,0.061456,0.097509,0
20230518T135808,20230622T111856,34.8894,36,A2,-0.076652,0.860753,0
20230518T135808,20230622T111856,34.8894,37,A2,0.087269,0.016951,0
20230518T135808,20230622T111856,34.8894,39,A2,0.291650,0.955126,1
20230518T135808,20230622T111856,34.8894,40,A2,-0.027326,0.169035,0
20230518T135808,20230622T111856,34.8894,41,A2,-0.229897,1.448224,0
20230518T135808,20230622T111856,34.8894,42,A2,0.068608,0.241348,1
20230518T135808,20230622T111856,34.8894,43,A2,0.312867,0.373881,0
20230518T135808,20230622T111856,34.8894,44,A2,0.193590,0.796388,1
20230518T135808,20230622T111856,34.8894,45,A2,-0.142638,1.683798,0
20230518T135808,20230622T111856,34.8894,46,A2,0.093499,0.000000,1
20230518T135808,20230622T111856,34.8894,47,A2,0.733334,0.000000,1
20230518T135808,20230622T111856,34.8894,48,A2,-0.402171,0.413184,0
20230518T135808,20230622T111856,34.8894,49,A2,0.072883,0.109575,0
20230518T135808,20230622T111856,34.8894,50,A2,0.119284,0.568334,0
20230518T135808,20230622T111856,34.8894,51,A2,-0.053460,0.176580,1
20230518T135808,20230622T111856,34.8894,52,A2,-0.021698,1.232077,0
20230518T135808,20230622T111856,34.8894,53,A2,0.010627,0.365044,1
20230518T135808,20230622T111856,34.8894,54,A2,-0.041127,0.434503,0
20230518T135808,20230622T111856,34.8894,55,A2,0.143536,0.707545,0
20230518T135808,20230622T111856,34.8894,57,A2,-0.095529,0.915977,1
20230518T135808,20230622T111856,34.8894,58,A2,-0.104034,0.088318,1
20230518T135808,20230622T111856,34.8894,59,A2,0.271092,0.002980,1
20230518T135808,20230622T111856,34.8894,60,A2,0.068532,0.137906,1
20230518T135808,20230622T111856,34.8894,61,A2,0.174269,0.994409,0
20230518T135808,20230622T111856,34.8894,62,A2,0.435719,0.172863,1
20230518T135808,20230622T111856,34.8894,63,A2,0.306230,0.660800,1
20230518T135808,20230622T111856,34.8894,64,A2,0.800081,0.653774,1
20230518T135808,20230622T111856,34.8894,65,A3,0.118667,1.206612,0
20230518T135808,20230622T111856,34.8894,67,A3,0.458580,0.916706,1
20230518T135808,20230622T111856,34.8894,69,A3,0.409451,1.026846,0
20230518T135808,20230622T111856,34.8894,70,A3,0.611271,0.386403,1
20230518T135808,20230622T111856,34.8894,71,A3,0.749384,0.535059,1
20230518T135808,20230622T111856,34.8894,72,A3,-0.004838,0.161464,1
20230518T135808,20230622T111856,34.8894,74,A3,0.052784,0.987027,1
20230518T135808,20230622T111856,34.8894,75,A3,0.550371,0.335070,0
20230518T135808,20230622T111856,34.8894,77,A3,0.734438,1.007825,0
20230518T135808,20230622T111856,34.8894,78,A3,0.176116,0.390908,0
20230518T135808,20230622T111856,34.8894,79,A3,-0.300515,1.032392,0
20230518T135808,20230622T111856,34.8894,80,A3,0.225815,0.414870,1
20230518T135808,20230622T111856,34.8894,81,A3,0.196230,0.222359,0
20230518T135808,20230622T111856,34.8894,82,A3,0.488771,0.079403,1
20230518T135808,20230622T111856,34.8894,83,A3,0.521770,0.864837,1
20230518T135808,20230622T111856,34.8894,84,A3,0.159488,0.116561,1
20230518T135808,20230622T111856,34.8894,85,A3,0.812200,0.766437,1
20230518T135808,20230622T111856,34.8894,86,A3,0.000435,0.881816,1
20230518T135808,20230622T111856,34.8894,87,A3,0.347304,0.658502,1
20230518T135808,20230622T111856,34.8894,88,A3,-0.137075,0.106170,1
20230518T135808,20230622T111856,34.8894,89,A3,0.084190,0.043767,1
20230518T135808,20230622T111856,34.8894,90,A3,0.128034,0.007320,1
20230518T135808,20230622T111856,34.8894,93,A3,0.110180,0.244231,1
20230518T135808,20230622T111856,34.8894,94,A3,0.132689,1.180344,0
20230518T135808,20230622T111856,34.8894,95,A3,0.595576,0.158802,1
20230518T135808,20230622T111856,34.8894,96,A3,0.051182,0.211491,0
20230518T135808,20230622T111856,34.8894,97,A4,0.079914,0.128444,0
20230518T135808,20230622T111856,34.8894,98,A4,-0.113123,0.989304,1
20230518T135808,20230622T111856,34.8894,99,A4,0.246514,0.001712,1
20230518T135808,20230622T111856,34.8894,100,A4,-0.388312,0.280632,1
20230518T135808,20230622T111856,34.8894,101,A4,-0.164191,0.235530,0
20230518T135808,20230622T111856,34.8894,102,A4,0.135129,0.244407,0
20230518T135808,20230622T111856,34.8894,103,A4,0.035916,0.187347,0
20230518T135808,20230622T111856,34.8894,104,A4,0.168931,0.178943,1
20230518T135808,20230622T111856,34.8894,105,A4,0.190509,0.171454,0
20230518T135808,20230622T111856,34.8894,106,A4,0.096266,0.311757,0
20230518T135808,20230622T111856,34.8894,107,A4,-0.025761,0.185063,1
20230518T135808,20230622T111856,34.8894,108,A4,-0.157858,0.051878,1
20230518T135808,20230622T111856,34.8894,109,A4,-0.003181,0.098160,1
20230518T135808,20230622T111856,34.8894,111,A4,-0.046585,0.893013,1
20230518T135808,20230622T111856,34.8894,112,A4,-0.002430,0.016575,1
20230518T135808,20230622T111856,34.8894,113,A4,-0.023294,0.033176,0
20230518T135808,20230622T111856,34.8894,114,A4,0.061377,1.024180,0
20230518T135808,20230622T111856,34.8894,115,A4,0.073148,0.032992,1
20230518T135808,20230622T111856,34.8894,116,A4,-0.011121,1.487952,0
20230518T135808,20230622T111856,34.8894,118,A4,-0.017722,0.099139,1
20230518T135808,20230622T111856,34.8894,119,A4,-0.141602,0.039762,1
20230518T135808,20230622T111856,34.8894,120,A4,-0.077378,0.606264,0
20230518T135808,20230622T111856,34.8894,121,A4,0.067064,0.110671,1
20230518T135808,20230622T111856,34.8894,122,A4,0.162585,0.302371,1
20230518T135808,20230622T111856,34.8894,123,A4,0.146564,0.407209,1
20230518T135808,20230622T111856,34.8894,124,A4,-0.002193,0.060341,1
20230518T135808,20230622T111856,34.8894,125,A4,-0.166464,0.279948,0
20230518T135808,20230622T111856,34.8894,126,A4,0.071337,0.271777,0
20230518T135808,20230622T111856,34.8894,128,A4,0.139787,0.427301,0
20230518T135808,20230622T111856,34.8894,130,A5,0.553225,0.026872,1
20230518T135808,20230622T111856,34.8894,132,A5,-0.076616,0.129379,1
20230518T135808,20230622T111856,34.8894,133,A5,0.047563,0.385170,1
20230518T135808,20230622T111856,34.8894,134,A5,0.565416,0.789584,0
20230518T135808,20230622T111856,34.8894,135,A5,-0.291008,2.000000,0
20230518T135808,20230622T111856,34.8894,137,A5,0.066752,0.204278,0
20230518T135808,20230622T111856,34.8894,138,A5,0.477912,0.112176,0
20230518T135808,20230622T111856,34.8894,142,A5,0.239085,0.211923,1
20230518T135808,20230622T111856,34.8894,143,A5,-0.026237,0.038890,1
20230518T135808,20230622T111856,34.8894,145,A5,0.405931,0.236019,1
20230518T135808,20230622T111856,34.8894,146,A5,-0.035038,0.779194,1
20230518T135808,20230622T111856,34.8894,147,A5,0.247151,0.845045,1
20230518T135808,20230622T111856,34.8894,148,A5,0.461735,0.442795,1
20230518T135808,20230622T111856,34.8894,149,A5,0.031757,0.800652,0
20230518T135808,20230622T111856,34.8894,150,A5,0.163726,0.102476,0
20230518T135808,20230622T111856,34.8894,151,A5,0.079449,0.095083,1
20230518T135808,20230622T111856,34.8894,152,A5,0.559805,1.248815,0
20230518T135808,20230622T111856,34.8894,153,A5,0.214184,1.020125,0
20230518T135808,20230622T111856,34.8894,155,A5,-0.144067,0.944450,1
20230518T135808,20230622T111856,34.8894,157,A5,-0.119717,0.448329,0
20230518T135808,20230622T111856,34.8894,158,A5,0.392622,0.050209,1
20230518T135808,20230622T111856,34.8894,159,A5,-0.003774,0.178257,0
20230518T135808,20230622T111856,34.8894,160,A5,0.045857,1.029044,0
20230518T135808,20230703T122644,45.9365,1,A1,0.152381,0.164229,1
20230518T135808,20230703T122644,45.9365,3,A1,0.166426,1.264626,0
20230518T135808,20230703T122644,45.9365,4,A1,-0.229151,0.008074,1
20230518T135808,20230703T122644,45.9365,6,A1,0.002263,0.031603,1
20230518T135808,20230703T122644,45.9365,9,A1,0.083334,0.414647,0
20230518T135808,20230703T122644,45.9365,10,A1,0.059297,1.135858,0
20230518T135808,20230703T122644,45.9365,11,A1,0.406899,0.639524,1
20230518T135808,20230703T122644,45.9365,12,A1,0.311567,0.371872,1
20230518T135808,20230703T122644,45.9365,13,A1,0.614251,0.184114,1
20230518T135808,20230703T122644,45.9365,14,A1,-0.216084,0.296768,0
20230518T135808,20230703T122644,45.9365,15,A1,0.671315,0.430551,1
20230518T135808,20230703T122644,45.9365,17,A1,0.524154,0.088342,0
20230518T135808,20230703T122644,45.9365,18,A1,-0.269568,0.947343,1
20230518T135808,20230703T122644,45.9365,19,A1,0.610345,1.051992,0
20230518T135808,20230703T122644,45.9365,21,A1,0.291789,1.071936,0
20230518T135808,20230703T122644,45.9365,22,A1,-0.338289,2.000000,0
20230518T135808,20230703T122644,45.9365,23,A1,0.264365,0.388195,0
20230518T135808,20230703T122644,45.9365,24,A1,0.128094,0.719326,0
20230518T135808,20230703T122644,45.9365,26,A1,-0.098561,0.403634,0
20230518T135808,20230703T122644,45.9365,27,A1,0.150428,0.000000,1
20230518T135808,20230703T122644,45.9365,28,A1,0.469029,0.448155,0
20230518T135808,20230703T122644,45.9365,29,A1,0.486379,0.875214,1
20230518T135808,20230703T122644,45.9365,30,A1,0.461369,0.112497,1
20230518T135808,20230703T122644,45.9365,31,A1,0.380794,0.444605,1
20230518T135808,20230703T122644,45.9365,32,A1,0.697839,0.000000,1
20230518T135808,20230703T122644,45.9365,33,A2,0.195867,0.034422,1
20230518T135808,20230703T122644,45.9365,36,A2,-0.029526,0.319011,1
20230518T135808,20230703T122644,45.9365,37,A2,0.136873,1.007373,0
20230518T135808,20230703T122644,45.9365,39,A2,-0.070670,0.531591,0
20230518T135808,20230703T122644,45.9365,40,A2,-0.118297,0.203225,0
20230518T135808,20230703T122644,45.9365,41,A2,-0.380633,1.039220,0
20230518T135808,20230703T122644,45.9365,42,A2,0.085616,1.001353,0
20230518T135808,20230703T122644,45.9365,43,A2,0.221206,0.431836,0
20230518T135808,20230703T122644,45.9365,44,A2,-0.065209,0.234890,0
20230518T135808,20230703T122644,45.9365,45,A2,0.063921,0.668247,1
20230518T135808,20230703T122644,45.9365,46,A2,0.389705,0.462661,1
20230518T135808,20230703T122644,45.9365,47,A2,0.594651,0.321145,1
20230518T135808,20230703T122644,45.9365,49,A2,-0.130220,0.435711,0
20230518T135808,20230703T122644,45.9365,50,A2,-0.033510,0.489529,0
20230518T135808,20230703T122644,45.9365,51,A2,-0.302671,0.214845,1
20230518T135808,20230703T122644,45.9365,52,A2,-0.125266,0.096640,1
20230518T135808,20230703T122644,45.9365,53,A2,-0.055457,0.771488,0
20230518T135808,20230703T122644,45.9365,55,A2,-0.053126,1.012822,0
20230518T135808,20230703T122644,45.9365,57,A2,0.000938,1.125967,0
20230518T135808,20230703T122644,45.9365,58,A2,-0.029724,0.645373,0
20230518T135808,20230703T122644,45.9365,59,A2,0.197057,0.031893,1
20230518T135808,20230703T122644,45.9365,60,A2,0.048263,0.822788,1
20230518T135808,20230703T122644,45.9365,62,A2,0.375689,0.065582,1
20230518T135808,20230703T122644,45.9365,63,A2,0.609820,0.660800,1
20230518T135808,20230703T122644,45.9365,64,A2,0.620950,0.516720,1
20230518T135808,20230703T122644,45.9365,65,A3,-0.047059,0.357543,0
20230518T135808,20230703T122644,45.9365,69,A3,0.151572,1.166707,0
20230518T135808,20230703T122644,45.9365,70,A3,0.372115,0.516281,1
20230518T135808,20230703T122644,45.9365,72,A3,-0.017130,0.169741,0
20230518T135808,20230703T122644,45.9365,74,A3,0.057252,0.847316,1
20230518T135808,20230703T122644,45.9365,75,A3,0.241087,0.324113,1
20230518T135808,20230703T122644,45.9365,77,A3,0.657156,1.273340,0
20230518T135808,20230703T122644,45.9365,78,A3,0.122100,0.255176,1
20230518T135808,20230703T122644,45.9365,79,A3,0.110612,0.398282,1
20230518T135808,20230703T122644,45.9365,80,A3,0.427729,0.744399,1
20230518T135808,20230703T122644,45.9365,81,A3,-0.024868,1.184974,0
20230518T135808,20230703T122644,45.9365,82,A3,0.388323,0.332394,1
20230518T135808,20230703T122644,45.9365,84,A3,0.158829,0.136245,0
20230518T135808,20230703T122644,45.9365,85,A3,0.518032,0.223546,1
20230518T135808,20230703T122644,45.9365,86,A3,0.015033,0.028942,1
20230518T135808,20230703T122644,45.9365,87,A3,-0.081933,0.790465,1
20230518T135808,20230703T122644,45.9365,88,A3,0.286062,0.235718,0
20230518T135808,20230703T122644,45.9365,89,A3,0.070381,0.164103,0
20230518T135808,20230703T122644,45.9365,90,A3,0.141165,0.038591,0
20230518T135808,20230703T122644,45.9365,93,A3,-0.098056,0.399573,0
20230518T135808,20230703T122644,45.9365,94,A3,0.272472,0.318552,0
20230518T135808,20230703T122644,45.9365,95,A3,0.473551,0.275986,1
20230518T135808,20230703T122644,45.9365,97,A4,0.201816,0.118635,1
20230518T135808,20230703T122644,45.9365,98,A4,-0.069189,1.048752,0
20230518T135808,20230703T122644,45.9365,99,A4,-0.091900,0.053561,0
20230518T135808,20230703T122644,45.9365,100,A4,-0.294131,0.014522,1
20230518T135808,20230703T122644,45.9365,101,A4,-0.180433,0.026997,0
20230518T135808,20230703T122644,45.9365,102,A4,0.418581,0.815597,0
20230518T135808,20230703T122644,45.9365,103,A4,0.052122,0.336533,0
20230518T135808,20230703T122644,45.9365,104,A4,-0.075986,0.029644,0
20230518T135808,20230703T122644,45.9365,105,A4,0.124187,0.149898,1
20230518T135808,20230703T122644,45.9365,106,A4,0.124873,0.549816,0
20230518T135808,20230703T122644,45.9365,107,A4,0.226102,0.089219,0
20230518T135808,20230703T122644,45.9365,108,A4,0.321321,0.029510,1
20230518T135808,20230703T122644,45.9365,109,A4,0.015110,0.320074,0
20230518T135808,20230703T122644,45.9365,111,A4,0.050846,0.804293,0
20230518T135808,20230703T122644,45.9365,112,A4,0.084025,0.056318,0
20230518T135808,20230703T122644,45.9365,114,A4,-0.062436,0.993311,1
20230518T135808,20230703T122644,45.9365,116,A4,-0.136492,0.583316,0
20230518T135808,20230703T122644,45.9365,117,A4,-0.108342,0.649903,0
20230518T135808,20230703T122644,45.9365,118,A4,-0.093556,0.259508,0
20230518T135808,20230703T122644,45.9365,119,A4,0.246521,0.048838,1
20230518T135808,20230703T122644,45.9365,121,A4,0.384291,0.484543,1
20230518T135808,20230703T122644,45.9365,122,A4,0.277763,0.805474,1
20230518T135808,20230703T122644,45.9365,123,A4,-0.089142,0.346342,0
20230518T135808,20230703T122644,45.9365,124,A4,-0.247470,0.048990,1
20230518T135808,20230703T122644,45.9365,125,A4,-0.217554,0.191199,1
20230518T135808,20230703T122644,45.9365,126,A4,-0.005302,0.610561,1
20230518T135808,20230703T122644,45.9365,128,A4,0.049212,0.463128,0
20230518T135808,20230703T122644,45.9365,130,A5,0.555133,0.169893,1
20230518T135808,20230703T122644,45.9365,132,A5,0.169535,0.693558,0
20230518T135808,20230703T122644,45.9365,133,A5,0.140416,1.556555,0
20230518T135808,20230703T122644,45.9365,134,A5,0.241994,0.307680,1
20230518T135808,20230703T122644,45.9365,135,A5,-0.129068,0.551559,1
20230518T135808,20230703T122644,45.9365,137,A5,0.207568,0.089383,1
20230518T135808,20230703T122644,45.9365,138,A5,0.582909,0.179482,1
20230518T135808,20230703T122644,45.9365,142,A5,0.026819,0.278089,1
20230518T135808,20230703T122644,45.9365,143,A5,0.118934,1.195354,0
20230518T135808,20230703T122644,45.9365,145,A5,-0.179190,0.047919,1
20230518T135808,20230703T122644,45.9365,146,A5,0.015357,0.777295,1
20230518T135808,20230703T122644,45.9365,147,A5,0.351029,0.407689,1
20230518T135808,20230703T122644,45.9365,149,A5,0.417318,0.010004,1
20230518T135808,20230703T122644,45.9365,150,A5,0.003191,0.047400,1
20230518T135808,20230703T122644,45.9365,151,A5,0.323338,0.322027,0
20230518T135808,20230703T122644,45.9365,152,A5,0.153931,0.159185,1
20230518T135808,20230703T122644,45.9365,153,A5,0.462673,0.661344,0
20230518T135808,20230703T122644,45.9365,155,A5,0.191525,0.327586,0
20230518T135808,20230703T122644,45.9365,157,A5,-0.069366,0.069818,1
20230518T135808,20230703T122644,45.9365,158,A5,0.186573,0.274774,1
20230518T135808,20230703T122644,45.9365,159,A5,0.023412,1.068164,0
20230518T135808,20230703T122644,45.9365,160,A5,0.109631,0.075963,1
20230523T145755,20230525T103049,1.8145,1,A1,0.035800,0.460364,0
20230523T145755,20230525T103049,1.8145,3,A1,0.178457,1.004117,0
20230523T145755,20230525T103049,1.8145,4,A1,0.420173,0.086554,1
20230523T145755,20230525T103049,1.8145,5,A1,0.119489,0.416486,0
20230523T145755,20230525T103049,1.8145,6,A1,-0.048980,0.010913,0
20230523T145755,20230525T103049,1.8145,7,A1,-0.152185,0.932662,1
20230523T145755,20230525T103049,1.8145,8,A1,0.079343,0.075580,1
20230523T145755,20230525T103049,1.8145,9,A1,0.248095,0.118545,1
20230523T145755,20230525T103049,1.8145,10,A1,0.166661,1.528914,0
20230523T145755,20230525T103049,1.8145,11,A1,0.264586,0.668226,1
20230523T145755,20230525T103049,1.8145,12,A1,0.357315,1.834416,0
20230523T145755,20230525T103049,1.8145,13,A1,0.644653,0.656166,1
20230523T145755,20230525T103049,1.8145,14,A1,0.034858,0.112475,1
20230523T145755,20230525T103049,1.8145,15,A1,0.403039,2.000000,0
20230523T145755,20230525T103049,1.8145,16,A1,0.503342,0.000000,1
20230523T145755,20230525T103049,1.8145,17,A1,0.163003,1.406578,0
20230523T145755,20230525T103049,1.8145,18,A1,0.463743,1.579203,0
20230523T145755,20230525T103049,1.8145,19,A1,0.163659,0.023477,1
20230523T145755,20230525T103049,1.8145,20,A1,0.573875,0.472802,1
20230523T145755,20230525T103049,1.8145,21,A1,0.410536,0.649566,0
20230523T145755,20230525T103049,1.8145,22,A1,0.239716,0.530718,0
20230523T145755,20230525T103049,1.8145,23,A1,0.386749,0.309536,0
20230523T145755,20230525T103049,1.8145,24,A1,-0.077417,1.170565,0
20230523T145755,20230525T103049,1.8145,25,A1,0.663945,0.336521,1
20230523T145755,20230525T103049,1.8145,26,A1,0.473820,0.161028,0
20230523T145755,20230525T103049,1.8145,27,A1,0.166064,1.708130,0
20230523T145755,20230525T103049,1.8145,28,A1,0.300717,0.047945,1
20230523T145755,20230525T103049,1.8145,29,A1,0.554146,0.056721,1
20230523T145755,20230525T103049,1.8145,30,A1,0.546649,0.000000,1
20230523T145755,20230525T103049,1.8145,31,A1,0.619977,0.069694,1
20230523T145755,20230525T103049,1.8145,32,A1,0.298969,0.891147,1
20230523T145755,20230525T103049,1.8145,33,A2,0.143872,0.339125,1
20230523T145755,20230525T103049,1.8145,37,A2,-0.107873,0.361095,0
20230523T145755,20230525T103049,1.8145,38,A2,0.724933,0.000000,1
20230523T145755,20230525T103049,1.8145,39,A2,0.087834,0.365206,0
20230523T145755,20230525T103049,1.8145,40,A2,0.149155,1.456158,0
20230523T145755,20230525T103049,1.8145,41,A2,0.001177,0.104598,1
20230523T145755,20230525T103049,1.8145,42,A2,0.053544,1.008863,0
20230523T145755,20230525T103049,1.8145,43,A2,0.329554,0.043037,1
20230523T145755,20230525T103049,1.8145,44,A2,-0.206078,1.120221,0
20230523T145755,20230525T103049,1.8145,45,A2,0.304581,1.355021,0
20230523T145755,20230525T103049,1.8145,46,A2,0.234678,0.402218,1
20230523T145755,20230525T103049,1.8145,47,A2,0.752937,0.000000,1
20230523T145755,20230525T103049,1.8145,48,A2,0.118838,1.131888,0
20230523T145755,20230525T103049,1.8145,49,A2,-0.263358,0.089885,0
20230523T145755,20230525T103049,1.8145,50,A2,-0.421314,0.327141,0
20230523T145755,20230525T103049,1.8145,51,A2,-0.299152,0.094107,1
20230523T145755,20230525T103049,1.8145,52,A2,0.270659,0.151999,1
20230523T145755,20230525T103049,1.8145,53,A2,0.122410,0.728267,0
20230523T145755,20230525T103049,1.8145,54,A2,-0.031019,0.722741,0
20230523T145755,20230525T103049,1.8145,55,A2,0.244160,1.005108,0
20230523T145755,20230525T103049,1.8145,56,A2,0.341684,0.210950,1
20230523T145755,20230525T103049,1.8145,57,A2,0.175533,0.420906,1
20230523T145755,20230525T103049,1.8145,58,A2,0.165170,0.785287,0
20230523T145755,20230525T103049,1.8145,59,A2,0.213930,0.880286,1
20230523T145755,20230525T103049,1.8145,60,A2,0.241231,1.086328,0
20230523T145755,20230525T103049,1.8145,61,A2,0.603739,0.624985,0
20230523T145755,20230525T103049,1.8145,62,A2,0.372687,0.427062,1
20230523T145755,20230525T103049,1.8145,63,A2,0.138600,0.702039,1
20230523T145755,20230525T103049,1.8145,64,A2,0.824826,0.000000,1
20230523T145755,20230525T103049,1.8145,65,A3,0.229532,1.055655,0
20230523T145755,20230525T103049,1.8145,66,A3,0.093390,0.005250,1
20230523T145755,20230525T103049,1.8145,67,A3,0.594093,0.454171,1
20230523T145755,20230525T103049,1.8145,68,A3,0.772367,0.583730,1
20230523T145755,20230525T103049,1.8145,69,A3,-0.391199,0.208361,1
20230523T145755,20230525T103049,1.8145,70,A3,0.665888,0.325844,1
20230523T145755,20230525T103049,1.8145,71,A3,0.793917,0.047235,1
20230523T145755,20230525T103049,1.8145,72,A3,-0.016247,0.128302,1
20230523T145755,20230525T103049,1.8145,75,A3,-0.162046,0.156640,1
20230523T145755,20230525T103049,1.8145,76,A3,0.395771,0.101274,0
20230523T145755,20230525T103049,1.8145,77,A3,0.551053,0.883145,1
20230523T145755,20230525T103049,1.8145,78,A3,0.454758,0.014384,1
20230523T145755,20230525T103049,1.8145,79,A3,0.287427,0.026908,0
20230523T145755,20230525T103049,1.8145,80,A3,0.728741,0.312830,0
20230523T145755,20230525T103049,1.8145,81,A3,0.246614,0.452968,0
20230523T145755,20230525T103049,1.8145,82,A3,0.544312,0.619414,1
20230523T145755,20230525T103049,1.8145,83,A3,-0.076736,0.149633,0
20230523T145755,20230525T103049,1.8145,84,A3,0.081221,0.008864,1
20230523T145755,20230525T103049,1.8145,85,A3,0.789185,0.045858,1
20230523T145755,20230525T103049,1.8145,87,A3,0.798791,0.610251,1
20230523T145755,20230525T103049,1.8145,88,A3,0.280509,0.758658,1
20230523T145755,20230525T103049,1.8145,89,A3,-0.082445,0.899426,1
20230523T145755,20230525T103049,1.8145,90,A3,-0.037564,0.085912,1
20230523T145755,20230525T103049,1.8145,91,A3,-0.303434,0.075675,0
20230523T145755,20230525T103049,1.8145,93,A3,0.324423,0.239561,1
20230523T145755,20230525T103049,1.8145,94,A3,0.328169,0.657395,0
20230523T145755,20230525T103049,1.8145,95,A3,0.195225,0.428240,1
20230523T145755,20230525T103049,1.8145,96,A3,-0.000581,1.301069,0
20230523T145755,20230525T103049,1.8145,97,A4,0.128850,0.074201,1
20230523T145755,20230525T103049,1.8145,98,A4,0.170528,0.454187,1
20230523T145755,20230525T103049,1.8145,99,A4,-0.021457,1.070359,0
20230523T145755,20230525T103049,1.8145,100,A4,-0.279785,0.083859,1
20230523T145755,20230525T103049,1.8145,102,A4,-0.070543,0.823214,1
20230523T145755,20230525T103049,1.8145,103,A4,-0.252147,0.860071,1
20230523T145755,20230525T103049,1.8145,104,A4,0.090828,0.213064,1
20230523T145755,20230525T103049,1.8145,106,A4,-0.181661,0.145827,1
20230523T145755,20230525T103049,1.8145,107,A4,0.063295,0.865101,0
20230523T145755,20230525T103049,1.8145,108,A4,-0.058143,0.501100,0
20230523T145755,20230525T103049,1.8145,109,A4,-0.282489,0.321096,0
20230523T145755,20230525T103049,1.8145,111,A4,-0.053466,0.000000,1
20230523T145755,20230525T103049,1.8145,112,A4,0.068149,0.481550,1
20230523T145755,20230525T103049,1.8145,114,A4,0.199296,0.639372,0
20230523T145755,20230525T103049,1.8145,115,A4,-0.100773,0.077635,0
20230523T145755,20230525T103049,1.8145,116,A4,0.402219,0.605759,0
20230523T145755,20230525T103049,1.8145,117,A4,0.133135,0.631566,1
20230523T145755,20230525T103049,1.8145,118,A4,-0.080242,0.067506,0
20230523T145755,20230525T103049,1.8145,119,A4,0.244243,0.461459,1
20230523T145755,20230525T103049,1.8145,121,A4,0.271898,0.833518,0
20230523T145755,20230525T103049,1.8145,122,A4,0.363352,1.645064,0
20230523T145755,20230525T103049,1.8145,123,A4,-0.451749,0.328964,1
20230523T145755,20230525T103049,1.8145,125,A4,0.053308,0.339779,1
20230523T145755,20230525T103049,1.8145,126,A4,-0.058558,0.504604,0
20230523T145755,20230525T103049,1.8145,127,A4,0.016815,0.001058,1
20230523T145755,20230525T103049,1.8145,128,A4,0.295178,0.295032,0
20230523T145755,20230525T103049,1.8145,129,A5,0.105580,0.330877,1
20230523T145755,20230525T103049,1.8145,130,A5,0.290754,0.305721,1
20230523T145755,20230525T103049,1.8145,132,A5,-0.254524,0.952375,1
20230523T145755,20230525T103049,1.8145,133,A5,-0.057858,1.064798,0
20230523T145755,20230525T103049,1.8145,134,A5,0.444149,0.426122,1
20230523T145755,20230525T103049,1.8145,135,A5,0.061955,0.676644,1
20230523T145755,20230525T103049,1.8145,136,A5,0.048736,0.167572,0
20230523T145755,20230525T103049,1.8145,137,A5,-0.067139,0.878887,1
20230523T145755,20230525T103049,1.8145,138,A5,0.477482,0.176889,0
20230523T145755,20230525T103049,1.8145,142,A5,0.680133,0.326336,0
20230523T145755,20230525T103049,1.8145,143,A5,0.066094,0.180793,1
20230523T145755,20230525T103049,1.8145,144,A5,-0.229503,0.166035,0
20230523T145755,20230525T103049,1.8145,145,A5,0.102231,1.182340,0
20230523T145755,20230525T103049,1.8145,146,A5,0.530356,0.488306,0
20230523T145755,20230525T103049,1.8145,147,A5,0.567331,0.035718,1
20230523T145755,20230525T103049,1.8145,148,A5,0.751465,0.201080,1
20230523T145755,20230525T103049,1.8145,149,A5,0.036073,0.061932,1
20230523T145755,20230525T103049,1.8145,150,A5,0.191503,0.474956,0
20230523T145755,20230525T103049,1.8145,151,A5,-0.120885,0.013663,1
20230523T145755,20230525T103049,1.8145,152,A5,-0.025902,0.185236,1
20230523T145755,20230525T103049,1.8145,153,A5,-0.138872,0.300409,0
20230523T145755,20230525T103049,1.8145,155,A5,-0.057098,0.318525,0
20230523T145755,20230525T103049,1.8145,157,A5,0.008264,0.171874,1
20230523T145755,20230525T103049,1.8145,158,A5,0.023456,0.866504,1
20230523T145755,20230525T103049,1.8145,159,A5,-0.174216,0.112655,1
20230523T145755,20230525T103049,1.8145,160,A5,-0.284956,0.941406,1
20230523T145755,20230622T111856,29.8479,1,A1,0.065554,0.242692,1
20230523T145755,20230622T111856,29.8479,3,A1,0.115043,0.954995,1
20230523T145755,20230622T111856,29.8479,4,A1,0.038483,0.051988,0
20230523T145755,20230622T111856,29.8479,6,A1,-0.243653,0.011937,0
20230523T145755,20230622T111856,29.8479,8,A1,0.059832,0.998006,1
20230523T145755,20230622T111856,29.8479,9,A1,0.101133,0.657008,1
20230523T145755,20230622T111856,29.8479,10,A1,-0.193160,1.224015,0
20230523T145755,20230622T111856,29.8479,11,A1,0.622355,0.261560,1
20230523T145755,20230622T111856,29.8479,12,A1,0.512628,1.834416,0
20230523T145755,20230622T111856,29.8479,13,A1,0.708871,0.868433,1
20230523T145755,20230622T111856,29.8479,14,A1,0.375370,0.254233,0
20230523T145755,20230622T111856,29.8479,15,A1,0.562818,1.617393,0
20230523T145755,20230622T111856,29.8479,17,A1,-0.017318,0.627379,0
20230523T145755,20230622T111856,29.8479,18,A1,0.267241,0.822338,0
20230523T145755,20230622T111856,29.8479,19,A1,0.253197,0.141070,1
20230523T145755,20230622T111856,29.8479,20,A1,-0.054816,1.009583,0
20230523T145755,20230622T111856,29.8479,21,A1,0.116667,0.772889,0
20230523T145755,20230622T111856,29.8479,22,A1,0.610533,0.407902,0
20230523T145755,20230622T111856,29.8479,23,A1,-0.131112,1.090236,0
20230523T145755,20230622T111856,29.8479,24,A1,0.168176,0.881038,1
20230523T145755,20230622T111856,29.8479,25,A1,0.413826,0.000000,1
20230523T145755,20230622T111856,29.8479,26,A1,0.501383,0.004801,1
20230523T145755,20230622T111856,29.8479,27,A1,0.097356,1.025412,0
20230523T145755,20230622T111856,29.8479,28,A1,0.093668,0.049616,1
20230523T145755,20230622T111856,29.8479,29,A1,0.526692,0.006602,1
20230523T145755,20230622T111856,29.8479,30,A1,-0.051975,0.000000,1
20230523T145755,20230622T111856,29.8479,31,A1,0.082765,0.763449,0
20230523T145755,20230622T111856,29.8479,32,A1,0.536952,0.000000,1
20230523T145755,20230622T111856,29.8479,33,A2,0.217030,0.218189,0
20230523T145755,20230622T111856,29.8479,37,A2,0.444295,0.361434,0
20230523T145755,20230622T111856,29.8479,39,A2,0.154832,1.327928,0
20230523T145755,20230622T111856,29.8479,40,A2,0.127502,1.052224,0
20230523T145755,20230622T111856,29.8479,41,A2,-0.034861,0.781187,0
20230523T145755,20230622T111856,29.8479,42,A2,0.040710,0.251564,0
20230523T145755,20230622T111856,29.8479,43,A2,0.558181,0.110501,1
20230523T145755,20230622T111856,29.8479,44,A2,0.016949,1.120221,0
20230523T145755,20230622T111856,29.8479,45,A2,0.131595,1.355021,0
20230523T145755,20230622T111856,29.8479,46,A2,0.186049,0.402218,1
20230523T145755,20230622T111856,29.8479,47,A2,0.747121,0.000000,1
20230523T145755,20230622T111856,29.8479,48,A2,-0.080577,0.242990,0
20230523T145755,20230622T111856,29.8479,49,A2,0.154102,0.023505,1
20230523T145755,20230622T111856,29.8479,50,A2,0.089477,0.329393,0
20230523T145755,20230622T111856,29.8479,51,A2,-0.280777,0.279539,0
20230523T145755,20230622T111856,29.8479,52,A2,0.225070,1.176718,0
20230523T145755,20230622T111856,29.8479,53,A2,-0.170909,0.294855,0
20230523T145755,20230622T111856,29.8479,54,A2,0.042339,0.251205,1
20230523T145755,20230622T111856,29.8479,55,A2,-0.002024,1.694722,0
20230523T145755,20230622T111856,29.8479,57,A2,-0.177068,0.022869,0
20230523T145755,20230622T111856,29.8479,58,A2,0.134836,0.318591,0
20230523T145755,20230622T111856,29.8479,59,A2,0.029985,0.033624,1
20230523T145755,20230622T111856,29.8479,60,A2,0.211435,0.125635,0
20230523T145755,20230622T111856,29.8479,61,A2,0.087064,1.061553,0
20230523T145755,20230622T111856,29.8479,62,A2,0.501675,0.028224,1
20230523T145755,20230622T111856,29.8479,63,A2,0.326189,0.067598,1
20230523T145755,20230622T111856,29.8479,64,A2,0.876372,0.653774,1
20230523T145755,20230622T111856,29.8479,65,A3,0.146156,0.944345,1
20230523T145755,20230622T111856,29.8479,66,A3,0.564448,0.109141,0
20230523T145755,20230622T111856,29.8479,67,A3,0.463694,0.916706,1
20230523T145755,20230622T111856,29.8479,68,A3,0.750198,0.544915,1
20230523T145755,20230622T111856,29.8479,69,A3,-0.132513,0.023208,1
20230523T145755,20230622T111856,29.8479,70,A3,0.730947,0.834068,1
20230523T145755,20230622T111856,29.8479,71,A3,0.798504,0.210734,1
20230523T145755,20230622T111856,29.8479,72,A3,0.044626,0.326742,0
20230523T145755,20230622T111856,29.8479,73,A3,-0.028550,0.237738,0
20230523T145755,20230622T111856,29.8479,75,A3,-0.300474,0.322476,0
20230523T145755,20230622T111856,29.8479,76,A3,0.141881,0.488184,0
20230523T145755,20230622T111856,29.8479,77,A3,0.755182,0.115478,0
20230523T145755,20230622T111856,29.8479,78,A3,0.028033,0.503044,0
20230523T145755,20230622T111856,29.8479,79,A3,0.023511,0.039440,0
20230523T145755,20230622T111856,29.8479,80,A3,0.195848,0.762936,0
20230523T145755,20230622T111856,29.8479,81,A3,0.582993,0.440210,0
20230523T145755,20230622T111856,29.8479,82,A3,0.636442,0.207618,1
20230523T145755,20230622T111856,29.8479,83,A3,0.273958,0.210629,0
20230523T145755,20230622T111856,29.8479,84,A3,0.087276,0.166700,0
20230523T145755,20230622T111856,29.8479,85,A3,0.724312,0.720579,1
20230523T145755,20230622T111856,29.8479,87,A3,0.484358,0.772657,1
20230523T145755,20230622T111856,29.8479,88,A3,0.289792,0.142557,1
20230523T145755,20230622T111856,29.8479,89,A3,0.003893,0.241602,0
20230523T145755,20230622T111856,29.8479,90,A3,-0.102846,0.010099,1
20230523T145755,20230622T111856,29.8479,91,A3,0.200286,0.120830,1
20230523T145755,20230622T111856,29.8479,93,A3,0.365627,0.028941,1
20230523T145755,20230622T111856,29.8479,94,A3,-0.209939,1.252109,0
20230523T145755,20230622T111856,29.8479,95,A3,0.465461,0.450076,0
20230523T145755,20230622T111856,29.8479,96,A3,0.316040,0.889121,1
20230523T145755,20230622T111856,29.8479,97,A4,0.210993,0.091266,1
20230523T145755,20230622T111856,29.8479,98,A4,0.402302,1.010696,0
20230523T145755,20230622T111856,29.8479,99,A4,-0.073514,0.078049,0
20230523T145755,20230622T111856,29.8479,100,A4,0.036274,0.402615,0
20230523T145755,20230622T111856,29.8479,102,A4,0.093119,0.190298,0
20230523T145755,20230622T111856,29.8479,103,A4,-0.121243,1.145468,0
20230523T145755,20230622T111856,29.8479,104,A4,-0.147308,0.211988,0
20230523T145755,20230622T111856,29.8479,105,A4,0.341305,0.213111,0
20230523T145755,20230622T111856,29.8479,106,A4,0.255063,0.096833,0
20230523T145755,20230622T111856,29.8479,107,A4,-0.167722,0.817853,0
20230523T145755,20230622T111856,29.8479,108,A4,-0.175347,0.264365,0
20230523T145755,20230622T111856,29.8479,109,A4,0.022003,0.301864,0
20230523T145755,20230622T111856,29.8479,111,A4,-0.203199,0.000000,1
20230523T145755,20230622T111856,29.8479,112,A4,0.036833,0.121122,0
20230523T145755,20230622T111856,29.8479,113,A4,-0.240400,0.045973,0
20230523T145755,20230622T111856,29.8479,114,A4,0.038296,0.628584,0
20230523T145755,20230622T111856,29.8479,115,A4,-0.125935,0.027469,1
20230523T145755,20230622T111856,29.8479,116,A4,0.007483,0.929319,1
20230523T145755,20230622T111856,29.8479,118,A4,0.091493,0.198484,0
20230523T145755,20230622T111856,29.8479,119,A4,-0.231461,0.178758,1
20230523T145755,20230622T111856,29.8479,121,A4,0.416448,0.565668,1
20230523T145755,20230622T111856,29.8479,122,A4,0.455247,1.496897,0
20230523T145755,20230622T111856,29.8479,123,A4,0.151915,0.557400,0
20230523T145755,20230622T111856,29.8479,124,A4,-0.085514,0.856784,0
20230523T145755,20230622T111856,29.8479,125,A4,0.114740,0.417438,1
20230523T145755,20230622T111856,29.8479,126,A4,0.235346,0.451404,0
20230523T145755,20230622T111856,29.8479,127,A4,-0.129798,0.172172,1
20230523T145755,20230622T111856,29.8479,128,A4,0.086485,0.207783,1
20230523T145755,20230622T111856,29.8479,130,A5,0.305225,0.366426,1
20230523T145755,20230622T111856,29.8479,131,A5,0.227903,0.004126,1
20230523T145755,20230622T111856,29.8479,132,A5,-0.151722,0.005388,1
20230523T145755,20230622T111856,29.8479,133,A5,-0.200475,0.236183,0
20230523T145755,20230622T111856,29.8479,134,A5,0.434686,0.582163,0
20230523T145755,20230622T111856,29.8479,135,A5,-0.027839,1.722032,0
20230523T145755,20230622T111856,29.8479,136,A5,0.008120,0.268276,0
20230523T145755,20230622T111856,29.8479,137,A5,0.189871,0.129561,0
20230523T145755,20230622T111856,29.8479,138,A5,0.420927,0.154303,0
20230523T145755,20230622T111856,29.8479,142,A5,0.576137,0.024814,1
20230523T145755,20230622T111856,29.8479,143,A5,0.011028,0.765756,1
20230523T145755,20230622T111856,29.8479,144,A5,0.153739,0.054125,0
20230523T145755,20230622T111856,29.8479,145,A5,-0.198020,1.481543,0
20230523T145755,20230622T111856,29.8479,146,A5,0.218412,0.106830,1
20230523T145755,20230622T111856,29.8479,147,A5,0.538890,0.008231,1
20230523T145755,20230622T111856,29.8479,148,A5,0.510238,0.102248,1
20230523T145755,20230622T111856,29.8479,149,A5,0.065042,0.591467,1
20230523T145755,20230622T111856,29.8479,150,A5,0.170884,0.422488,1
20230523T145755,20230622T111856,29.8479,151,A5,-0.321349,0.316440,0
20230523T145755,20230622T111856,29.8479,152,A5,-0.088273,1.025010,0
20230523T145755,20230622T111856,29.8479,153,A5,0.244831,0.699425,0
20230523T145755,20230622T111856,29.8479,155,A5,0.484487,1.045254,0
20230523T145755,20230622T111856,29.8479,157,A5,0.145559,0.199974,0
20230523T145755,20230622T111856,29.8479,158,A5,0.044366,0.270142,0
20230523T145755,20230622T111856,29.8479,159,A5,-0.072630,0.055885,1
20230523T145755,20230622T111856,29.8479,160,A5,-0.344274,1.058594,0
20230523T145755,20230703T122644,40.8950,1,A1,0.084079,0.203002,1
20230523T145755,20230703T122644,40.8950,3,A1,0.105321,2.000000,0
20230523T145755,20230703T122644,40.8950,4,A1,-0.061693,0.000619,1
20230523T145755,20230703T122644,40.8950,6,A1,-0.294376,0.046354,0
20230523T145755,20230703T122644,40.8950,9,A1,-0.113345,0.795145,0
20230523T145755,20230703T122644,40.8950,10,A1,0.148122,0.864142,1
20230523T145755,20230703T122644,40.8950,11,A1,0.221105,0.193974,1
20230523T145755,20230703T122644,40.8950,12,A1,0.229617,1.284303,0
20230523T145755,20230703T122644,40.8950,13,A1,0.457054,0.106663,1
20230523T145755,20230703T122644,40.8950,14,A1,0.044101,0.195814,0
20230523T145755,20230703T122644,40.8950,15,A1,0.761885,0.000000,1
20230523T145755,20230703T122644,40.8950,17,A1,-0.032193,0.356180,1
20230523T145755,20230703T122644,40.8950,18,A1,0.208573,0.631859,0
20230523T145755,20230703T122644,40.8950,19,A1,0.214349,1.013655,0
20230523T145755,20230703T122644,40.8950,21,A1,-0.005567,0.525000,1
20230523T145755,20230703T122644,40.8950,22,A1,0.614897,1.304758,0
20230523T145755,20230703T122644,40.8950,23,A1,-0.103867,0.180754,1
20230523T145755,20230703T122644,40.8950,24,A1,-0.021164,0.971165,1
20230523T145755,20230703T122644,40.8950,26,A1,0.130454,0.231196,0
20230523T145755,20230703T122644,40.8950,27,A1,0.067525,2.000000,0
20230523T145755,20230703T122644,40.8950,28,A1,-0.067940,0.144569,0
20230523T145755,20230703T122644,40.8950,29,A1,0.427015,1.060798,0
20230523T145755,20230703T122644,40.8950,30,A1,0.129603,0.112497,1
20230523T145755,20230703T122644,40.8950,31,A1,0.146490,0.190405,1
20230523T145755,20230703T122644,40.8950,32,A1,0.657763,0.000000,1
20230523T145755,20230703T122644,40.8950,33,A2,-0.078913,0.086259,1
20230523T145755,20230703T122644,40.8950,37,A2,-0.147853,1.351856,0
20230523T145755,20230703T122644,40.8950,39,A2,0.101851,0.158789,1
20230523T145755,20230703T122644,40.8950,40,A2,-0.099983,1.086414,0
20230523T145755,20230703T122644,40.8950,41,A2,-0.093064,0.372183,0
20230523T145755,20230703T122644,40.8950,42,A2,0.188576,0.991137,1
20230523T145755,20230703T122644,40.8950,43,A2,0.407326,0.168456,1
20230523T145755,20230703T122644,40.8950,44,A2,-0.355037,0.088943,1
20230523T145755,20230703T122644,40.8950,45,A2,0.291274,0.339471,1
20230523T145755,20230703T122644,40.8950,46,A2,0.334139,0.060443,1
20230523T145755,20230703T122644,40.8950,47,A2,0.558339,0.321145,1
20230523T145755,20230703T122644,40.8950,49,A2,-0.058082,0.349641,1
20230523T145755,20230703T122644,40.8950,50,A2,0.035256,0.250588,0
20230523T145755,20230703T122644,40.8950,51,A2,-0.172866,0.670964,0
20230523T145755,20230703T122644,40.8950,52,A2,-0.168085,0.151999,1
20230523T145755,20230703T122644,40.8950,53,A2,-0.062107,0.111589,1
20230523T145755,20230703T122644,40.8950,55,A2,0.176228,2.000000,0
20230523T145755,20230703T122644,40.8950,57,A2,0.038490,0.187122,1
20230523T145755,20230703T122644,40.8950,58,A2,0.013308,0.415099,1
20230523T145755,20230703T122644,40.8950,59,A2,-0.070514,0.068498,1
20230523T145755,20230703T122644,40.8950,60,A2,0.541982,1.086328,0
20230523T145755,20230703T122644,40.8950,62,A2,0.549073,0.210221,1
20230523T145755,20230703T122644,40.8950,63,A2,0.282951,0.067598,1
20230523T145755,20230703T122644,40.8950,64,A2,0.637606,0.516720,1
20230523T145755,20230703T122644,40.8950,65,A3,0.086268,0.095276,1
20230523T145755,20230703T122644,40.8950,66,A3,-0.016550,0.015549,1
20230523T145755,20230703T122644,40.8950,68,A3,0.754162,0.000000,1
20230523T145755,20230703T122644,40.8950,69,A3,0.001593,0.163069,1
20230523T145755,20230703T122644,40.8950,70,A3,0.367317,0.068615,1
20230523T145755,20230703T122644,40.8950,72,A3,0.178744,0.004463,1
20230523T145755,20230703T122644,40.8950,73,A3,0.026636,1.019517,0
20230523T145755,20230703T122644,40.8950,75,A3,-0.068428,0.336708,1
20230523T145755,20230703T122644,40.8950,76,A3,0.514975,0.029516,1
20230523T145755,20230703T122644,40.8950,77,A3,0.672658,0.380992,0
20230523T145755,20230703T122644,40.8950,78,A3,-0.122889,0.367312,1
20230523T145755,20230703T122644,40.8950,79,A3,0.208719,0.594671,1
20230523T145755,20230703T122644,40.8950,80,A3,0.205552,0.433408,0
20230523T145755,20230703T122644,40.8950,81,A3,-0.115249,1.402825,0
20230523T145755,20230703T122644,40.8950,82,A3,0.423383,0.619414,1
20230523T145755,20230703T122644,40.8950,84,A3,0.176097,0.086106,1
20230523T145755,20230703T122644,40.8950,85,A3,0.246306,0.177688,1
20230523T145755,20230703T122644,40.8950,87,A3,0.002526,0.904620,1
20230523T145755,20230703T122644,40.8950,88,A3,-0.080981,0.199331,0
20230523T145755,20230703T122644,40.8950,89,A3,0.111912,0.033732,1
20230523T145755,20230703T122644,40.8950,90,A3,0.316623,0.021173,0
20230523T145755,20230703T122644,40.8950,91,A3,0.109020,0.071121,1
20230523T145755,20230703T122644,40.8950,93,A3,-0.062227,0.184283,0
20230523T145755,20230703T122644,40.8950,94,A3,-0.195883,0.390318,0
20230523T145755,20230703T122644,40.8950,95,A3,0.456177,0.332892,0
20230523T145755,20230703T122644,40.8950,97,A4,0.074177,0.155813,0
20230523T145755,20230703T122644,40.8950,98,A4,0.294007,0.951248,1
20230523T145755,20230703T122644,40.8950,99,A4,0.161160,0.026200,1
20230523T145755,20230703T122644,40.8950,100,A4,-0.052014,0.107461,0
20230523T145755,20230703T122644,40.8950,102,A4,0.024556,0.761487,0
20230523T145755,20230703T122644,40.8950,103,A4,-0.166793,1.294654,0
20230523T145755,20230703T122644,40.8950,104,A4,-0.139853,0.003402,1
20230523T145755,20230703T122644,40.8950,105,A4,0.080791,0.108240,1
20230523T145755,20230703T122644,40.8950,106,A4,-0.104680,0.334893,0
20230523T145755,20230703T122644,40.8950,107,A4,0.139978,0.543570,1
20230523T145755,20230703T122644,40.8950,108,A4,-0.017598,0.241997,0
20230523T145755,20230703T122644,40.8950,109,A4,0.257921,0.116369,1
20230523T145755,20230703T122644,40.8950,111,A4,0.024026,1.697306,0
20230523T145755,20230703T122644,40.8950,112,A4,0.057220,0.048230,1
20230523T145755,20230703T122644,40.8950,114,A4,-0.033809,0.597715,1
20230523T145755,20230703T122644,40.8950,116,A4,0.162853,0.024684,1
20230523T145755,20230703T122644,40.8950,117,A4,-0.032117,0.084471,0
20230523T145755,20230703T122644,40.8950,118,A4,0.088096,0.160163,1
20230523T145755,20230703T122644,40.8950,119,A4,-0.124839,0.090158,1
20230523T145755,20230703T122644,40.8950,121,A4,-0.213359,0.029546,1
20230523T145755,20230703T122644,40.8950,122,A4,0.276816,2.000000,0
20230523T145755,20230703T122644,40.8950,123,A4,-0.133975,0.196151,1
20230523T145755,20230703T122644,40.8950,124,A4,0.130806,0.868135,0
20230523T145755,20230703T122644,40.8950,125,A4,0.272957,0.506188,0
20230523T145755,20230703T122644,40.8950,126,A4,0.069355,0.430934,1
20230523T145755,20230703T122644,40.8950,127,A4,0.092218,0.026036,1
20230523T145755,20230703T122644,40.8950,128,A4,-0.227537,0.171956,1
20230523T145755,20230703T122644,40.8950,130,A5,0.288182,0.169661,1
20230523T145755,20230703T122644,40.8950,132,A5,-0.113042,0.569566,0
20230523T145755,20230703T122644,40.8950,133,A5,-0.064823,0.935202,1
20230523T145755,20230703T122644,40.8950,134,A5,0.227937,0.515102,1
20230523T145755,20230703T122644,40.8950,135,A5,0.114885,0.273591,1
20230523T145755,20230703T122644,40.8950,136,A5,-0.382308,0.530148,0
20230523T145755,20230703T122644,40.8950,137,A5,0.199379,0.164100,1
20230523T145755,20230703T122644,40.8950,138,A5,0.224480,0.137355,1
20230523T145755,20230703T122644,40.8950,142,A5,0.039671,0.465198,1
20230523T145755,20230703T122644,40.8950,143,A5,-0.042312,2.000000,0
20230523T145755,20230703T122644,40.8950,144,A5,0.211378,0.153997,0
20230523T145755,20230703T122644,40.8950,145,A5,0.167271,1.293443,0
20230523T145755,20230703T122644,40.8950,146,A5,0.420061,0.104932,1
20230523T145755,20230703T122644,40.8950,147,A5,0.375359,0.429125,1
20230523T145755,20230703T122644,40.8950,149,A5,-0.293116,0.199181,0
20230523T145755,20230703T122644,40.8950,150,A5,0.158899,0.572364,0
20230523T145755,20230703T122644,40.8950,151,A5,0.269516,0.089496,1
20230523T145755,20230703T122644,40.8950,152,A5,0.139754,0.382990,1
20230523T145755,20230703T122644,40.8950,153,A5,0.000892,0.340644,0
20230523T145755,20230703T122644,40.8950,155,A5,-0.055092,0.226783,1
20230523T145755,20230703T122644,40.8950,157,A5,0.006447,0.178537,1
20230523T145755,20230703T122644,40.8950,158,A5,0.080296,0.494707,0
20230523T145755,20230703T122644,40.8950,159,A5,-0.189435,0.945792,1
20230523T145755,20230703T122644,40.8950,160,A5,0.043772,0.046412,1
20230525T103049,20230622T111856,28.0334,1,A1,0.258183,0.217671,0
20230525T103049,20230622T111856,28.0334,3,A1,-0.201987,0.049122,0
20230525T103049,20230622T111856,28.0334,4,A1,0.081163,0.138542,0
20230525T103049,20230622T111856,28.0334,6,A1,0.337260,0.001024,1
20230525T103049,20230622T111856,28.0334,8,A1,0.133158,0.922427,1
20230525T103049,20230622T111856,28.0334,9,A1,0.586180,0.538462,1
20230525T103049,20230622T111856,28.0334,10,A1,0.289647,0.304898,1
20230525T103049,20230622T111856,28.0334,11,A1,0.556825,0.406666,1
20230525T103049,20230622T111856,28.0334,12,A1,0.536552,0.000000,1
20230525T103049,20230622T111856,28.0334,13,A1,0.752639,0.212267,1
20230525T103049,20230622T111856,28.0334,14,A1,-0.049937,0.141758,0
20230525T103049,20230622T111856,28.0334,15,A1,0.680982,0.382607,1
20230525T103049,20230622T111856,28.0334,17,A1,0.364212,0.779199,1
20230525T103049,20230622T111856,28.0334,18,A1,0.099308,0.756865,1
20230525T103049,20230622T111856,28.0334,19,A1,0.266215,0.117593,1
20230525T103049,20230622T111856,28.0334,20,A1,-0.196911,0.536781,0
20230525T103049,20230622T111856,28.0334,21,A1,0.197230,0.123322,1
20230525T103049,20230622T111856,28.0334,22,A1,0.184584,0.122816,1
20230525T103049,20230622T111856,28.0334,23,A1,0.126615,0.780701,1
20230525T103049,20230622T111856,28.0334,24,A1,-0.184729,0.289527,0
20230525T103049,20230622T111856,28.0334,25,A1,0.379660,0.336521,1
20230525T103049,20230622T111856,28.0334,26,A1,0.552103,0.165830,0
20230525T103049,20230622T111856,28.0334,27,A1,0.421679,0.682718,1
20230525T103049,20230622T111856,28.0334,28,A1,-0.076851,0.097561,1
20230525T103049,20230622T111856,28.0334,29,A1,0.570230,0.050119,1
20230525T103049,20230622T111856,28.0334,30,A1,0.429450,0.000000,1
20230525T103049,20230622T111856,28.0334,31,A1,0.104410,0.833143,0
20230525T103049,20230622T111856,28.0334,32,A1,0.354032,0.891147,1
20230525T103049,20230622T111856,28.0334,33,A2,-0.031854,0.557314,0
20230525T103049,20230622T111856,28.0334,35,A2,0.058564,0.192665,0
20230525T103049,20230622T111856,28.0334,36,A2,0.388017,0.118135,1
20230525T103049,20230622T111856,28.0334,37,A2,0.081263,0.000339,1
20230525T103049,20230622T111856,28.0334,39,A2,-0.097433,0.962722,1
20230525T103049,20230622T111856,28.0334,40,A2,0.180232,0.403934,1
20230525T103049,20230622T111856,28.0334,41,A2,0.032196,0.676589,0
20230525T103049,20230622T111856,28.0334,42,A2,-0.002217,0.757300,1
20230525T103049,20230622T111856,28.0334,43,A2,0.465487,0.067464,1
20230525T103049,20230622T111856,28.0334,44,A2,-0.068584,0.000000,1
20230525T103049,20230622T111856,28.0334,45,A2,0.018731,0.000000,1
20230525T103049,20230622T111856,28.0334,46,A2,0.209493,0.000000,1
20230525T103049,20230622T111856,28.0334,47,A2,0.676275,0.000000,1
20230525T103049,20230622T111856,28.0334,48,A2,0.245956,0.888898,1
20230525T103049,20230622T111856,28.0334,49,A2,-0.182979,0.113390,0
20230525T103049,20230622T111856,28.0334,50,A2,0.136292,0.002252,1
20230525T103049,20230622T111856,28.0334,51,A2,0.170676,0.185432,0
20230525T103049,20230622T111856,28.0334,52,A2,0.032368,1.328717,0
20230525T103049,20230622T111856,28.0334,53,A2,0.008148,0.433412,1
20230525T103049,20230622T111856,28.0334,54,A2,0.062073,0.973946,0
20230525T103049,20230622T111856,28.0334,55,A2,0.131316,0.689614,1
20230525T103049,20230622T111856,28.0334,57,A2,0.100420,0.443774,0
20230525T103049,20230622T111856,28.0334,58,A2,-0.095116,0.466696,1
20230525T103049,20230622T111856,28.0334,59,A2,0.167185,0.913911,1
20230525T103049,20230622T111856,28.0334,60,A2,0.260826,0.960694,1
20230525T103049,20230622T111856,28.0334,61,A2,-0.047575,0.436568,1
20230525T103049,20230622T111856,28.0334,62,A2,0.488266,0.455287,1
20230525T103049,20230622T111856,28.0334,63,A2,0.427986,0.769637,1
20230525T103049,20230622T111856,28.0334,64,A2,0.846557,0.653774,1
20230525T103049,20230622T111856,28.0334,65,A3,0.055055,2.000000,0
20230525T103049,20230622T111856,28.0334,66,A3,0.056316,0.114391,0
20230525T103049,20230622T111856,28.0334,67,A3,0.779402,0.462535,1
20230525T103049,20230622T111856,28.0334,68,A3,0.768913,0.038815,1
20230525T103049,20230622T111856,28.0334,69,A3,0.483913,0.185153,1
20230525T103049,20230622T111856,28.0334,70,A3,0.718374,0.508224,1
20230525T103049,20230622T111856,28.0334,71,A3,0.907642,0.257970,1
20230525T103049,20230622T111856,28.0334,72,A3,0.181116,0.455044,0
20230525T103049,20230622T111856,28.0334,75,A3,0.413051,0.479116,0
20230525T103049,20230622T111856,28.0334,76,A3,0.518951,0.386910,1
20230525T103049,20230622T111856,28.0334,77,A3,0.426969,0.998623,0
20230525T103049,20230622T111856,28.0334,78,A3,0.349258,0.517428,0
20230525T103049,20230622T111856,28.0334,79,A3,0.415510,0.012532,1
20230525T103049,20230622T111856,28.0334,80,A3,0.231232,0.450107,1
20230525T103049,20230622T111856,28.0334,81,A3,0.025123,0.012758,1
20230525T103049,20230622T111856,28.0334,82,A3,0.675577,0.411796,1
20230525T103049,20230622T111856,28.0334,83,A3,-0.045366,0.060996,1
20230525T103049,20230622T111856,28.0334,84,A3,0.402739,0.157836,0
20230525T103049,20230622T111856,28.0334,85,A3,0.718626,0.766437,1
20230525T103049,20230622T111856,28.0334,87,A3,0.553827,0.162406,1
20230525T103049,20230622T111856,28.0334,88,A3,-0.093634,0.616101,1
20230525T103049,20230622T111856,28.0334,89,A3,0.032947,1.141029,0
20230525T103049,20230622T111856,28.0334,90,A3,-0.051438,0.075814,1
20230525T103049,20230622T111856,28.0334,91,A3,-0.001088,0.196505,0
20230525T103049,20230622T111856,28.0334,93,A3,0.473929,0.268501,1
20230525T103049,20230622T111856,28.0334,94,A3,0.219832,0.594715,1
20230525T103049,20230622T111856,28.0334,95,A3,-0.020853,0.878315,0
20230525T103049,20230622T111856,28.0334,96,A3,-0.116570,0.411948,0
20230525T103049,20230622T111856,28.0334,97,A4,-0.113257,0.017065,1
20230525T103049,20230622T111856,28.0334,98,A4,0.217089,0.556509,0
20230525T103049,20230622T111856,28.0334,99,A4,-0.030807,0.992310,1
20230525T103049,20230622T111856,28.0334,100,A4,-0.378093,0.486474,0
20230525T103049,20230622T111856,28.0334,102,A4,0.182850,1.013512,0
20230525T103049,20230622T111856,28.0334,103,A4,-0.145577,0.285397,0
20230525T103049,20230622T111856,28.0334,104,A4,0.152916,0.425053,0
20230525T103049,20230622T111856,28.0334,106,A4,0.062511,0.242660,0
20230525T103049,20230622T111856,28.0334,107,A4,0.266697,0.047248,1
20230525T103049,20230622T111856,28.0334,108,A4,-0.212866,0.236735,1
20230525T103049,20230622T111856,28.0334,109,A4,0.077122,0.019232,1
20230525T103049,20230622T111856,28.0334,110,A4,-0.023816,0.063616,1
20230525T103049,20230622T111856,28.0334,111,A4,0.174830,0.000000,1
20230525T103049,20230622T111856,28.0334,112,A4,-0.044059,0.602672,0
20230525T103049,20230622T111856,28.0334,114,A4,0.174061,0.010788,1
20230525T103049,20230622T111856,28.0334,115,A4,-0.333034,0.105104,0
20230525T103049,20230622T111856,28.0334,116,A4,0.005418,1.535078,0
20230525T103049,20230622T111856,28.0334,118,A4,0.087939,0.130979,1
20230525T103049,20230622T111856,28.0334,119,A4,0.081732,0.282701,1
20230525T103049,20230622T111856,28.0334,120,A4,0.163858,0.540865,1
20230525T103049,20230622T111856,28.0334,121,A4,0.020205,0.267850,0
20230525T103049,20230622T111856,28.0334,122,A4,0.133104,0.148168,1
20230525T103049,20230622T111856,28.0334,123,A4,-0.042208,0.886364,0
20230525T103049,20230622T111856,28.0334,125,A4,0.142361,0.077659,1
20230525T103049,20230622T111856,28.0334,126,A4,0.030908,0.053199,1
20230525T103049,20230622T111856,28.0334,127,A4,0.240508,0.173230,1
20230525T103049,20230622T111856,28.0334,128,A4,-0.186584,0.087249,0
20230525T103049,20230622T111856,28.0334,130,A5,0.514365,0.060705,1
20230525T103049,20230622T111856,28.0334,132,A5,0.317044,0.957762,1
20230525T103049,20230622T111856,28.0334,133,A5,0.297117,0.828615,1
20230525T103049,20230622T111856,28.0334,134,A5,0.531375,0.156040,0
20230525T103049,20230622T111856,28.0334,135,A5,0.047548,1.045388,0
20230525T103049,20230622T111856,28.0334,136,A5,0.243838,0.100704,1
20230525T103049,20230622T111856,28.0334,137,A5,0.381010,1.008449,0
20230525T103049,20230622T111856,28.0334,138,A5,0.511586,0.022586,1
20230525T103049,20230622T111856,28.0334,140,A5,-0.193748,1.006240,0
20230525T103049,20230622T111856,28.0334,142,A5,0.095422,0.301522,0
20230525T103049,20230622T111856,28.0334,143,A5,0.110256,0.584963,1
20230525T103049,20230622T111856,28.0334,144,A5,0.098596,0.111910,1
20230525T103049,20230622T111856,28.0334,145,A5,-0.066158,0.299203,1
20230525T103049,20230622T111856,28.0334,146,A5,0.162458,0.381476,0
20230525T103049,20230622T111856,28.0334,147,A5,0.498871,0.043950,1
20230525T103049,20230622T111856,28.0334,148,A5,0.577872,0.303329,1
20230525T103049,20230622T111856,28.0334,149,A5,-0.224070,0.529534,1
20230525T103049,20230622T111856,28.0334,150,A5,-0.106797,0.052468,0
20230525T103049,20230622T111856,28.0334,151,A5,-0.076518,0.302776,0
20230525T103049,20230622T111856,28.0334,152,A5,0.115005,1.210246,0
20230525T103049,20230622T111856,28.0334,153,A5,0.337977,0.399016,1
20230525T103049,20230622T111856,28.0334,155,A5,-0.003910,0.726728,1
20230525T103049,20230622T111856,28.0334,156,A5,0.099022,0.107349,0
20230525T103049,20230622T111856,28.0334,157,A5,-0.114095,0.028101,0
20230525T103049,20230622T111856,28.0334,158,A5,0.166923,1.136646,0
20230525T103049,20230622T111856,28.0334,159,A5,-0.087157,0.056770,1
20230525T103049,20230622T111856,28.0334,160,A5,-0.069674,2.000000,0
20230525T103049,20230703T122644,39.0805,1,A1,0.040941,0.257362,0
20230525T103049,20230703T122644,39.0805,3,A1,0.013788,0.995883,1
20230525T103049,20230703T122644,39.0805,4,A1,-0.061366,0.085935,1
20230525T103049,20230703T122644,39.0805,6,A1,-0.181346,0.035441,1
20230525T103049,20230703T122644,39.0805,9,A1,0.006100,0.676600,0
20230525T103049,20230703T122644,39.0805,10,A1,0.128580,0.664771,0
20230525T103049,20230703T122644,39.0805,11,A1,0.057559,0.862200,1
20230525T103049,20230703T122644,39.0805,12,A1,0.402634,0.550112,1
20230525T103049,20230703T122644,39.0805,13,A1,0.573972,0.762829,1
20230525T103049,20230703T122644,39.0805,14,A1,0.017030,0.083339,0
20230525T103049,20230703T122644,39.0805,15,A1,0.491566,2.000000,0
20230525T103049,20230703T122644,39.0805,17,A1,0.129826,1.050399,0
20230525T103049,20230703T122644,39.0805,18,A1,-0.081732,0.947343,1
20230525T103049,20230703T122644,39.0805,19,A1,0.058547,1.037132,0
20230525T103049,20230703T122644,39.0805,21,A1,0.426408,0.124566,0
20230525T103049,20230703T122644,39.0805,22,A1,0.118658,0.774040,1
20230525T103049,20230703T122644,39.0805,23,A1,0.118426,0.128781,0
20230525T103049,20230703T122644,39.0805,24,A1,-0.022531,0.199399,0
20230525T103049,20230703T122644,39.0805,26,A1,0.206376,0.070168,1
20230525T103049,20230703T122644,39.0805,27,A1,0.206508,0.291870,1
20230525T103049,20230703T122644,39.0805,28,A1,-0.050779,0.096624,0
20230525T103049,20230703T122644,39.0805,29,A1,0.657479,1.117518,0
20230525T103049,20230703T122644,39.0805,30,A1,0.309327,0.112497,1
20230525T103049,20230703T122644,39.0805,31,A1,-0.015818,0.260100,1
20230525T103049,20230703T122644,39.0805,32,A1,0.298295,0.891147,1
20230525T103049,20230703T122644,39.0805,33,A2,-0.122887,0.425384,1
20230525T103049,20230703T122644,39.0805,35,A2,0.096807,0.281099,0
20230525T103049,20230703T122644,39.0805,36,A2,0.112975,0.659877,0
20230525T103049,20230703T122644,39.0805,37,A2,0.474208,0.990761,1
20230525T103049,20230703T122644,39.0805,39,A2,-0.048483,0.523994,0
20230525T103049,20230703T122644,39.0805,40,A2,-0.356682,0.369744,1
20230525T103049,20230703T122644,39.0805,41,A2,-0.128027,0.267585,0
20230525T103049,20230703T122644,39.0805,42,A2,0.248619,2.000000,0
20230525T103049,20230703T122644,39.0805,43,A2,0.073900,0.125419,1
20230525T103049,20230703T122644,39.0805,44,A2,0.161591,1.031279,0
20230525T103049,20230703T122644,39.0805,45,A2,0.118409,1.015550,0
20230525T103049,20230703T122644,39.0805,46,A2,0.203438,0.462661,1
20230525T103049,20230703T122644,39.0805,47,A2,0.616372,0.321145,1
20230525T103049,20230703T122644,39.0805,49,A2,0.085337,0.439526,0
20230525T103049,20230703T122644,39.0805,50,A2,-0.119439,0.076552,1
20230525T103049,20230703T122644,39.0805,51,A2,-0.139497,0.576857,0
20230525T103049,20230703T122644,39.0805,52,A2,-0.132757,0.000000,1
20230525T103049,20230703T122644,39.0805,53,A2,-0.004419,0.839856,0
20230525T103049,20230703T122644,39.0805,55,A2,0.051486,0.994892,1
20230525T103049,20230703T122644,39.0805,57,A2,0.196668,0.233783,1
20230525T103049,20230703T122644,39.0805,58,A2,0.107232,1.200386,0
20230525T103049,20230703T122644,39.0805,59,A2,0.354367,0.948784,1
20230525T103049,20230703T122644,39.0805,60,A2,0.286776,0.000000,1
20230525T103049,20230703T122644,39.0805,62,A2,0.372051,0.216842,1
20230525T103049,20230703T122644,39.0805,63,A2,0.224935,0.769637,1
20230525T103049,20230703T122644,39.0805,64,A2,0.574330,0.516720,1
20230525T103049,20230703T122644,39.0805,65,A3,0.098760,1.150931,0
20230525T103049,20230703T122644,39.0805,66,A3,-0.192850,0.010299,1
20230525T103049,20230703T122644,39.0805,68,A3,0.747484,0.583730,1
20230525T103049,20230703T122644,39.0805,69,A3,0.431853,0.045292,1
20230525T103049,20230703T122644,39.0805,70,A3,0.423927,0.394459,1
20230525T103049,20230703T122644,39.0805,72,A3,-0.112646,0.123839,1
20230525T103049,20230703T122644,39.0805,75,A3,0.118792,0.180067,1
20230525T103049,20230703T122644,39.0805,76,A3,0.463908,0.130790,0
20230525T103049,20230703T122644,39.0805,77,A3,0.287338,1.264137,0
20230525T103049,20230703T122644,39.0805,78,A3,-0.266229,0.381695,1
20230525T103049,20230703T122644,39.0805,79,A3,0.391861,0.621579,0
20230525T103049,20230703T122644,39.0805,80,A3,0.116838,0.120578,1
20230525T103049,20230703T122644,39.0805,81,A3,-0.265768,0.949857,1
20230525T103049,20230703T122644,39.0805,82,A3,0.664600,0.000000,1
20230525T103049,20230703T122644,39.0805,84,A3,0.109964,0.094970,1
20230525T103049,20230703T122644,39.0805,85,A3,0.446548,0.223546,1
20230525T103049,20230703T122644,39.0805,87,A3,0.144331,0.294369,1
20230525T103049,20230703T122644,39.0805,88,A3,-0.315457,0.957989,0
20230525T103049,20230703T122644,39.0805,89,A3,0.282400,0.933159,1
20230525T103049,20230703T122644,39.0805,90,A3,-0.198574,0.107085,0
20230525T103049,20230703T122644,39.0805,91,A3,0.120640,0.146797,0
20230525T103049,20230703T122644,39.0805,93,A3,-0.160705,0.423844,0
20230525T103049,20230703T122644,39.0805,94,A3,-0.004813,0.267076,1
20230525T103049,20230703T122644,39.0805,95,A3,0.298214,0.761132,0
20230525T103049,20230703T122644,39.0805,97,A4,-0.016275,0.230014,0
20230525T103049,20230703T122644,39.0805,98,A4,0.099536,0.497061,1
20230525T103049,20230703T122644,39.0805,99,A4,-0.118408,1.044159,0
20230525T103049,20230703T122644,39.0805,100,A4,-0.049991,0.191320,0
20230525T103049,20230703T122644,39.0805,102,A4,-0.070527,1.584701,0
20230525T103049,20230703T122644,39.0805,103,A4,-0.012364,0.434583,0
20230525T103049,20230703T122644,39.0805,104,A4,0.116769,0.216466,1
20230525T103049,20230703T122644,39.0805,106,A4,-0.070056,0.480720,0
20230525T103049,20230703T122644,39.0805,107,A4,0.250065,0.321531,0
20230525T103049,20230703T122644,39.0805,108,A4,-0.042124,0.259103,1
20230525T103049,20230703T122644,39.0805,109,A4,0.029396,0.437465,0
20230525T103049,20230703T122644,39.0805,110,A4,-0.007093,1.257033,0
20230525T103049,20230703T122644,39.0805,111,A4,0.084485,1.697306,0
20230525T103049,20230703T122644,39.0805,112,A4,-0.181531,0.529780,1
20230525T103049,20230703T122644,39.0805,114,A4,-0.026425,0.041657,0
20230525T103049,20230703T122644,39.0805,116,A4,-0.087079,0.630442,0
20230525T103049,20230703T122644,39.0805,117,A4,0.210636,0.716037,0
20230525T103049,20230703T122644,39.0805,118,A4,-0.089616,0.227669,0
20230525T103049,20230703T122644,39.0805,119,A4,-0.107635,0.371301,1
20230525T103049,20230703T122644,39.0805,121,A4,0.115984,0.863064,0
20230525T103049,20230703T122644,39.0805,122,A4,0.556747,0.354936,1
20230525T103049,20230703T122644,39.0805,123,A4,-0.032407,0.132813,1
20230525T103049,20230703T122644,39.0805,125,A4,-0.020696,0.166409,0
20230525T103049,20230703T122644,39.0805,126,A4,0.113292,0.935538,0
20230525T103049,20230703T122644,39.0805,127,A4,-0.132507,0.024979,1
20230525T103049,20230703T122644,39.0805,128,A4,0.124747,0.123076,0
20230525T103049,20230703T122644,39.0805,130,A5,0.489850,0.136060,1
20230525T103049,20230703T122644,39.0805,132,A5,0.064979,1.521941,0
20230525T103049,20230703T122644,39.0805,133,A5,-0.098824,2.000000,0
20230525T103049,20230703T122644,39.0805,134,A5,0.021552,0.941224,1
20230525T103049,20230703T122644,39.0805,135,A5,-0.004017,0.403053,1
20230525T103049,20230703T122644,39.0805,136,A5,-0.271362,0.362576,1
20230525T103049,20230703T122644,39.0805,137,A5,0.540709,0.714787,1
20230525T103049,20230703T122644,39.0805,138,A5,0.348534,0.314243,0
20230525T103049,20230703T122644,39.0805,140,A5,0.263284,0.026181,0
20230525T103049,20230703T122644,39.0805,142,A5,-0.085035,0.791534,0
20230525T103049,20230703T122644,39.0805,143,A5,0.105693,1.819207,0
20230525T103049,20230703T122644,39.0805,144,A5,0.100008,0.012038,1
20230525T103049,20230703T122644,39.0805,145,A5,-0.030520,0.111103,1
20230525T103049,20230703T122644,39.0805,146,A5,0.377522,0.383374,0
20230525T103049,20230703T122644,39.0805,147,A5,0.280752,0.393407,1
20230525T103049,20230703T122644,39.0805,149,A5,-0.213466,0.261114,0
20230525T103049,20230703T122644,39.0805,150,A5,0.136374,0.097408,1
20230525T103049,20230703T122644,39.0805,151,A5,-0.213321,0.075833,1
20230525T103049,20230703T122644,39.0805,152,A5,-0.092594,0.197754,1
20230525T103049,20230703T122644,39.0805,153,A5,0.249411,0.040235,1
20230525T103049,20230703T122644,39.0805,155,A5,-0.253649,0.545308,0
20230525T103049,20230703T122644,39.0805,156,A5,0.349450,0.419992,1
20230525T103049,20230703T122644,39.0805,157,A5,-0.013787,0.350410,1
20230525T103049,20230703T122644,39.0805,158,A5,0.142613,1.361212,0
20230525T103049,20230703T122644,39.0805,159,A5,-0.016590,0.833137,1
20230525T103049,20230703T122644,39.0805,160,A5,0.010230,0.894993,1
20230622T111856,20230703T122644,11.0471,1,A1,0.214115,0.039691,1
20230622T111856,20230703T122644,11.0471,3,A1,-0.141742,1.045005,0
20230622T111856,20230703T122644,11.0471,4,A1,0.216040,0.052607,0
20230622T111856,20230703T122644,11.0471,6,A1,0.035482,0.034416,1
20230622T111856,20230703T122644,11.0471,9,A1,0.258358,0.138138,0
20230622T111856,20230703T122644,11.0471,10,A1,0.115117,0.359873,0
20230622T111856,20230703T122644,11.0471,11,A1,0.247327,0.455534,1
20230622T111856,20230703T122644,11.0471,12,A1,0.538304,0.550112,1
20230622T111856,20230703T122644,11.0471,13,A1,0.490636,0.975096,1
20230622T111856,20230703T122644,11.0471,14,A1,0.113683,0.058419,1
20230622T111856,20230703T122644,11.0471,15,A1,0.650235,1.617393,0
20230622T111856,20230703T122644,11.0471,17,A1,0.622532,0.271200,0
20230622T111856,20230703T122644,11.0471,18,A1,0.661780,0.190478,1
20230622T111856,20230703T122644,11.0471,19,A1,0.207826,1.154725,0
20230622T111856,20230703T122644,11.0471,21,A1,0.007372,0.247888,0
20230622T111856,20230703T122644,11.0471,22,A1,0.528304,0.896856,1
20230622T111856,20230703T122644,11.0471,23,A1,0.096707,0.909482,0
20230622T111856,20230703T122644,11.0471,24,A1,0.095807,0.090128,1
20230622T111856,20230703T122644,11.0471,26,A1,0.274763,0.235997,0
20230622T111856,20230703T122644,11.0471,27,A1,0.329666,0.974588,1
20230622T111856,20230703T122644,11.0471,28,A1,0.159455,0.194185,0
20230622T111856,20230703T122644,11.0471,29,A1,0.586009,1.067399,0
20230622T111856,20230703T122644,11.0471,30,A1,0.622306,0.112497,1
20230622T111856,20230703T122644,11.0471,31,A1,0.346100,0.573043,0
20230622T111856,20230703T122644,11.0471,32,A1,0.533480,0.000000,1
20230622T111856,20230703T122644,11.0471,33,A2,-0.261232,0.131930,0
20230622T111856,20230703T122644,11.0471,34,A2,-0.107156,0.034250,1
20230622T111856,20230703T122644,11.0471,35,A2,0.450601,0.088433,1
20230622T111856,20230703T122644,11.0471,36,A2,0.361863,0.541742,0
20230622T111856,20230703T122644,11.0471,37,A2,0.132226,0.990422,1
20230622T111856,20230703T122644,11.0471,39,A2,-0.042951,1.486717,0
20230622T111856,20230703T122644,11.0471,40,A2,-0.144147,0.034190,1
20230622T111856,20230703T122644,11.0471,41,A2,0.493848,0.409004,1
20230622T111856,20230703T122644,11.0471,42,A2,0.047925,1.242700,0
20230622T111856,20230703T122644,11.0471,43,A2,0.484580,0.057955,1
20230622T111856,20230703T122644,11.0471,44,A2,0.258667,1.031279,0
20230622T111856,20230703T122644,11.0471,45,A2,0.003902,1.015550,0
20230622T111856,20230703T122644,11.0471,46,A2,0.430246,0.462661,1
20230622T111856,20230703T122644,11.0471,47,A2,0.745327,0.321145,1
20230622T111856,20230703T122644,11.0471,49,A2,-0.153001,0.326136,1
20230622T111856,20230703T122644,11.0471,50,A2,0.245555,0.078805,1
20230622T111856,20230703T122644,11.0471,51,A2,0.045313,0.391425,1
20230622T111856,20230703T122644,11.0471,52,A2,0.124137,1.328717,0
20230622T111856,20230703T122644,11.0471,53,A2,0.157329,0.406444,0
20230622T111856,20230703T122644,11.0471,55,A2,-0.061240,0.305278,1
20230622T111856,20230703T122644,11.0471,57,A2,0.227148,0.209991,0
20230622T111856,20230703T122644,11.0471,58,A2,0.030303,0.733691,0
20230622T111856,20230703T122644,11.0471,59,A2,0.231028,0.034873,1
20230622T111856,20230703T122644,11.0471,60,A2,0.183363,0.960694,1
20230622T111856,20230703T122644,11.0471,62,A2,0.637558,0.238445,1
20230622T111856,20230703T122644,11.0471,63,A2,0.606251,0.000000,1
20230622T111856,20230703T122644,11.0471,64,A2,0.641438,0.137054,1
20230622T111856,20230703T122644,11.0471,65,A3,0.008002,0.849069,1
20230622T111856,20230703T122644,11.0471,66,A3,0.047926,0.124691,0
20230622T111856,20230703T122644,11.0471,68,A3,0.755200,0.544915,1
20230622T111856,20230703T122644,11.0471,69,A3,0.705837,0.139861,1
20230622T111856,20230703T122644,11.0471,70,A3,0.525901,0.902684,1
20230622T111856,20230703T122644,11.0471,72,A3,-0.021567,0.331205,0
20230622T111856,20230703T122644,11.0471,73,A3,-0.047329,0.781780,1
20230622T111856,20230703T122644,11.0471,74,A3,0.216037,0.139711,1
20230622T111856,20230703T122644,11.0471,75,A3,0.074429,0.659183,0
20230622T111856,20230703T122644,11.0471,76,A3,0.346942,0.517700,0
20230622T111856,20230703T122644,11.0471,77,A3,0.806406,0.265515,1
20230622T111856,20230703T122644,11.0471,78,A3,-0.402647,0.135732,0
20230622T111856,20230703T122644,11.0471,79,A3,0.189694,0.634111,0
20230622T111856,20230703T122644,11.0471,80,A3,0.256493,0.329529,1
20230622T111856,20230703T122644,11.0471,81,A3,-0.062833,0.962615,1
20230622T111856,20230703T122644,11.0471,82,A3,0.582591,0.411796,1
20230622T111856,20230703T122644,11.0471,84,A3,0.027637,0.252806,0
20230622T111856,20230703T122644,11.0471,85,A3,0.450856,0.542891,1
20230622T111856,20230703T122644,11.0471,86,A3,0.061565,0.852875,1
20230622T111856,20230703T122644,11.0471,87,A3,0.061531,0.131963,1
20230622T111856,20230703T122644,11.0471,88,A3,0.034236,0.341888,0
20230622T111856,20230703T122644,11.0471,89,A3,0.513170,0.207870,0
20230622T111856,20230703T122644,11.0471,90,A3,0.043970,0.031271,0
20230622T111856,20230703T122644,11.0471,91,A3,0.228666,0.049709,1
20230622T111856,20230703T122644,11.0471,93,A3,0.094973,0.155343,0
20230622T111856,20230703T122644,11.0471,94,A3,0.271279,0.861791,1
20230622T111856,20230703T122644,11.0471,95,A3,0.756396,0.117184,1
20230622T111856,20230703T122644,11.0471,97,A4,0.119283,0.247079,0
20230622T111856,20230703T122644,11.0471,98,A4,0.463929,0.059448,0
20230622T111856,20230703T122644,11.0471,99,A4,-0.166521,0.051849,0
20230622T111856,20230703T122644,11.0471,100,A4,-0.002349,0.295155,1
20230622T111856,20230703T122644,11.0471,101,A4,0.027102,0.208533,1
20230622T111856,20230703T122644,11.0471,102,A4,-0.027855,0.571190,1
20230622T111856,20230703T122644,11.0471,103,A4,0.189529,0.149186,1
20230622T111856,20230703T122644,11.0471,104,A4,0.200617,0.208586,0
20230622T111856,20230703T122644,11.0471,105,A4,0.084703,0.321351,0
20230622T111856,20230703T122644,11.0471,106,A4,0.221852,0.238059,1
20230622T111856,20230703T122644,11.0471,107,A4,-0.002652,0.274283,0
20230622T111856,20230703T122644,11.0471,108,A4,-0.010961,0.022368,1
20230622T111856,20230703T122644,11.0471,109,A4,-0.196112,0.418233,0
20230622T111856,20230703T122644,11.0471,110,A4,0.409111,1.193417,0
20230622T111856,20230703T122644,11.0471,111,A4,-0.091404,1.697306,0
20230622T111856,20230703T122644,11.0471,112,A4,0.340374,0.072892,0
20230622T111856,20230703T122644,11.0471,114,A4,0.104707,0.030870,0
20230622T111856,20230703T122644,11.0471,116,A4,0.086867,0.904635,1
20230622T111856,20230703T122644,11.0471,118,A4,-0.113794,0.358648,0
20230622T111856,20230703T122644,11.0471,119,A4,-0.027476,0.088600,1
20230622T111856,20230703T122644,11.0471,121,A4,0.063836,0.595213,1
20230622T111856,20230703T122644,11.0471,122,A4,0.286668,0.503103,1
20230622T111856,20230703T122644,11.0471,123,A4,0.099808,0.753551,0
20230622T111856,20230703T122644,11.0471,124,A4,0.183490,0.011351,1
20230622T111856,20230703T122644,11.0471,125,A4,0.003723,0.088750,0
20230622T111856,20230703T122644,11.0471,126,A4,-0.149187,0.882338,0
20230622T111856,20230703T122644,11.0471,127,A4,0.090879,0.198208,1
20230622T111856,20230703T122644,11.0471,128,A4,-0.137500,0.035827,1
20230622T111856,20230703T122644,11.0471,130,A5,0.557531,0.196765,1
20230622T111856,20230703T122644,11.0471,132,A5,0.040757,0.564178,0
20230622T111856,20230703T122644,11.0471,133,A5,-0.170895,1.171385,0
20230622T111856,20230703T122644,11.0471,134,A5,0.300541,1.097265,0
20230622T111856,20230703T122644,11.0471,135,A5,0.340996,1.448441,0
20230622T111856,20230703T122644,11.0471,136,A5,0.075661,0.261872,1
20230622T111856,20230703T122644,11.0471,137,A5,0.644152,0.293661,0
20230622T111856,20230703T122644,11.0471,138,A5,0.208047,0.291658,0
20230622T111856,20230703T122644,11.0471,139,A5,0.876099,0.336616,1
20230622T111856,20230703T122644,11.0471,140,A5,0.398812,0.980059,1
20230622T111856,20230703T122644,11.0471,141,A5,0.311216,0.452081,1
20230622T111856,20230703T122644,11.0471,142,A5,0.139630,0.490012,1
20230622T111856,20230703T122644,11.0471,143,A5,-0.040952,1.234244,0
20230622T111856,20230703T122644,11.0471,144,A5,0.078213,0.099872,1
20230622T111856,20230703T122644,11.0471,145,A5,-0.133117,0.188100,1
20230622T111856,20230703T122644,11.0471,146,A5,0.633013,0.001898,1
20230622T111856,20230703T122644,11.0471,147,A5,0.548536,0.437357,1
20230622T111856,20230703T122644,11.0471,149,A5,0.091434,0.790648,0
20230622T111856,20230703T122644,11.0471,150,A5,0.142576,0.149876,0
20230622T111856,20230703T122644,11.0471,151,A5,0.069717,0.226944,0
20230622T111856,20230703T122644,11.0471,152,A5,0.075136,1.408000,0
20230622T111856,20230703T122644,11.0471,153,A5,0.554714,0.358781,1
20230622T111856,20230703T122644,11.0471,154,A5,0.050294,0.963727,1
20230622T111856,20230703T122644,11.0471,155,A5,0.068722,1.272036,0
20230622T111856,20230703T122644,11.0471,156,A5,0.213423,0.527340,0
20230622T111856,20230703T122644,11.0471,157,A5,0.131125,0.378511,0
20230622T111856,20230703T122644,11.0471,158,A5,0.205432,0.224565,1
20230622T111856,20230703T122644,11.0471,159,A5,0.293394,0.889907,1
20230622T111856,20230703T122644,11.0471,160,A5,0.055729,1.105007,0
